# Created by Open3D 
# object name: C116
# number of vertices: 4122
# number of triangles: 5222
v 0.029 -0.0502295 -0.00264479
vn 0.499887 -0.865929 -0.0167031
v 0.029 -0.0502295 -0.00848795
vn 0.482694 -0.862234 -0.153486
v 0.0296247 -0.0498636 -0.00848795
vn 0.506313 -0.814538 -0.283151
v 0.029 -0.0502295 0.00858036
vn 0.446943 -0.773426 0.449504
v 0.029 -0.0502295 0.00447418
vn 0.499072 -0.86656 -4.5798e-05
v 0.0296247 -0.0498636 0.00858036
vn 0.506004 -0.841519 0.189226
v 0.029 -0.0502295 0.00264479
vn 0.499722 -0.866186 -9.00747e-05
v 0.028928 -0.050271 0.00251942
vn 0.495652 -0.86852 0.00137378
v 0.0287187 -0.0503908 0.00212126
vn 0.494265 -0.869311 0.000176671
v 0.0284543 -0.0505406 0.000448889
vn 0.0442842 -0.986268 -0.159106
v 0.0284397 -0.0505488 0.00146242
vn 0.493 -0.870029 -0.00090048
v 0.0282613 -0.0506488 0.000849626
vn 0.0208912 -0.959434 -0.281157
v 0.0285263 -0.0505 5.44318e-10
vn 0.0986794 -0.995119 3.45068e-06
v 0.0284543 -0.0505406 -0.000448903
vn 0.0434247 -0.986267 0.159349
v 0.028928 -0.050271 -0.00251942
vn 0.49579 -0.868441 -0.00148973
v 0.0282613 -0.0506488 -0.000849626
vn 0.0106363 -0.962979 0.269365
v 0.0283224 -0.0506146 -0.00109375
vn 0.493116 -0.869963 0.00081261
v 0.028751 -0.0503724 -0.00218667
vn 0.493861 -0.869541 0.000177472
v 0.029 0.0502295 0.00385833
vn 0.287387 0.81351 -0.50558
v 0.029 0.0502295 0.00858036
vn 0.496452 0.8657 0.0640309
v 0.0300388 0.0496152 0.00333252
vn 0.517626 0.855606 0.00108405
v 0.0309747 0.0490364 0.00858036
vn 0.517126 0.855906 0.00218171
v 0.032186 0.04825 5.44318e-10
vn 0.597569 0.801818 -2.76712e-05
v 0.0377732 0.0440134 -0.00848795
vn 0.577143 0.767876 -0.27798
v 0.0321132 0.0482984 -0.000676689
vn 0.592572 0.805421 -0.0124537
v 0.0319075 0.0484346 -0.00131145
vn 0.580601 0.813748 -0.0267635
v 0.0321138 0.0482981 0.000673947
vn 0.592499 0.805476 0.0123898
v 0.0319091 0.0484336 0.00130776
vn 0.580448 0.813863 0.0266127
v 0.0377732 0.0440134 0.00858036
vn 0.571654 0.742973 0.348142
v 0.0312109 0.0488864 0.002375
vn 0.576823 0.81628 0.0310047
v 0.0377732 0.0440134 0.00858036
vn 0.594231 0.804288 0.00317759
v 0.0312109 0.0488864 0.002375
vn 0.594231 0.804288 0.00317759
v 0.0309747 0.0490364 0.00858036
vn 0.594231 0.804288 0.00317759
v 0.0309747 0.0490364 0.00858036
vn 0.467765 0.702145 0.536832
v 0.0312109 0.0488864 0.002375
vn 0.117318 0.891774 -0.437008
v 0.0309747 0.0490364 0.00261765
vn 0.321069 0.914519 -0.246109
v 0.029 0.0502295 -0.00433447
vn 0.506994 0.861949 -0.000253227
v 0.029 0.0502295 -0.00385833
vn 0.508098 0.861299 0
v 0.0300364 0.0496167 -0.003334
vn 0.519114 0.854704 -0.00107562
v 0.0309747 0.0490364 -0.00848795
vn 0.521996 0.832553 -0.185407
v 0.029 0.0502295 -0.00848795
vn 0.488641 0.856171 -0.167933
v 0.029 0.0502295 -0.00653663
vn 0.501019 0.865399 -0.00805332
v 0.0312109 0.0488864 -0.002375
vn 0.558927 0.82899 -0.0194145
v 0.0312109 0.0488864 -0.002375
vn 0.594231 0.804288 -0.00322563
v 0.0377732 0.0440134 -0.00848795
vn 0.594231 0.804288 -0.00322563
v 0.0309747 0.0490364 -0.00848795
vn 0.594231 0.804288 -0.00322563
v 0.0296247 -0.0498636 0.00858036
vn 0.572059 -0.820213 0
v 0.0296247 -0.0498636 -0.00848795
vn 0.572059 -0.820213 0
v 0.0365577 -0.0450281 -0.00848795
vn 0.572059 -0.820213 0
v 0.0365577 -0.0450281 0.00858036
vn 0.572059 -0.820213 0
v 0.0365577 -0.0450281 0.00858036
vn 0.685201 -0.728354 0
v 0.0365577 -0.0450281 -0.00848795
vn 0.685201 -0.728354 0
v 0.0427143 -0.0392363 -0.00848795
vn 0.685201 -0.728354 0
v 0.0427143 -0.0392363 0.00858036
vn 0.685201 -0.728354 0
v 0.0427143 -0.0392363 0.00858036
vn 0.783791 -0.621025 0
v 0.0427143 -0.0392363 -0.00848795
vn 0.783791 -0.621025 0
v 0.0479637 -0.0326111 -0.00848795
vn 0.783791 -0.621025 0
v 0.0479637 -0.0326111 0.00858036
vn 0.783791 -0.621025 0
v 0.0479637 -0.0326111 0.00858036
vn 0.865733 -0.500506 0
v 0.0479637 -0.0326111 -0.00848795
vn 0.865733 -0.500506 0
v 0.0521944 -0.0252932 -0.00848795
vn 0.865733 -0.500506 0
v 0.0521944 -0.0252932 0.00858036
vn 0.865733 -0.500506 0
v 0.0521944 -0.0252932 0.00858036
vn 0.929288 -0.369356 0
v 0.0521944 -0.0252932 -0.00848795
vn 0.929288 -0.369356 0
v 0.0553164 -0.0174382 -0.00848795
vn 0.929288 -0.369356 0
v 0.0553164 -0.0174382 0.00858036
vn 0.929288 -0.369356 0
v 0.0553164 -0.0174382 0.00858036
vn 0.973105 -0.230362 0
v 0.0553164 -0.0174382 -0.00848795
vn 0.973105 -0.230362 0
v 0.0572636 -0.00921278 -0.00848795
vn 0.973105 -0.230362 0
v 0.0572636 -0.00921278 0.00858036
vn 0.973105 -0.230362 0
v 0.0572636 -0.00921278 0.00858036
vn 0.996254 -0.0864752 0
v 0.0572636 -0.00921278 -0.00848795
vn 0.996254 -0.0864752 0
v 0.0579946 -0.000791678 -0.00848795
vn 0.996254 -0.0864752 0
v 0.0579946 -0.000791678 0.00858036
vn 0.996254 -0.0864752 0
v 0.0579946 -0.000791678 0.00858036
vn 0.998243 0.0592485 0
v 0.0579946 -0.000791678 -0.00848795
vn 0.998243 0.0592485 0
v 0.0574938 0.00764623 -0.00848795
vn 0.998243 0.0592485 0
v 0.0574938 0.00764623 0.00858036
vn 0.998243 0.0592485 0
v 0.0574938 0.00764623 0.00858036
vn 0.97903 0.203714 0
v 0.0574938 0.00764623 -0.00848795
vn 0.97903 0.203714 0
v 0.0557718 0.0159217 -0.00848795
vn 0.97903 0.203714 0
v 0.0557718 0.0159217 0.00858036
vn 0.97903 0.203714 0
v 0.0557718 0.0159217 0.00858036
vn 0.939024 0.343852 0
v 0.0557718 0.0159217 -0.00848795
vn 0.939024 0.343852 0
v 0.0528653 0.0238591 -0.00848795
vn 0.939024 0.343852 0
v 0.0528653 0.0238591 0.00858036
vn 0.939024 0.343852 0
v 0.0528653 0.0238591 0.00858036
vn 0.879073 0.476688 0
v 0.0528653 0.0238591 -0.00848795
vn 0.879073 0.476688 0
v 0.048836 0.0312897 -0.00848795
vn 0.879073 0.476688 0
v 0.048836 0.0312897 0.00858036
vn 0.879073 0.476688 0
v 0.048836 0.0312897 0.00858036
vn 0.800451 0.599398 0
v 0.048836 0.0312897 -0.00848795
vn 0.800451 0.599398 0
v 0.0437694 0.0380557 -0.00848795
vn 0.800451 0.599398 0
v 0.0437694 0.0380557 0.00858036
vn 0.800451 0.599398 0
v 0.0437694 0.0380557 0.00858036
vn 0.704828 0.709378 0
v 0.0437694 0.0380557 -0.00848795
vn 0.704828 0.709378 0
v 0.0377732 0.0440134 -0.00848795
vn 0.704828 0.709378 0
v 0.0377732 0.0440134 0.00858036
vn 0.704828 0.709378 0
v 0.0377732 0.0440134 0.00858036
vn 0.604201 0.796832 0
v 0.0377732 0.0440134 -0.00848795
vn 0.604201 0.796832 0
v 0.032186 0.04825 5.44318e-10
vn 0.604201 0.796832 0
v 0.018531 -0.0555953 -0.0043641
vn 0.366055 -0.929351 -0.0480628
v 0.0219392 -0.0540879 -0.00435353
vn 0.431223 -0.900968 -0.0480004
v 0.0216618 -0.0542491 -0.00214383
vn 0.385991 -0.922286 -0.0199828
v 0.0256988 -0.0520305 -0.00851243
vn 0.433357 -0.859099 -0.272306
v 0.0255935 -0.0521734 -0.00654528
vn 0.461572 -0.886215 -0.0396662
v 0.0222076 -0.0538538 -0.00655431
vn 0.420818 -0.906722 -0.0277174
v 0.0222205 -0.0538372 0.00669353
vn 0.417177 -0.906252 0.0683391
v 0.0219582 -0.0540749 0.00449347
vn 0.423516 -0.904988 0.0403865
v 0.0253642 -0.052319 0.00448362
vn 0.474643 -0.879999 0.0177777
v 0.00461707 -0.0579093 0.00877107
vn 0.0884943 -0.882405 0.462094
v 0.00108743 -0.0580851 0.00878743
vn 0.0414213 -0.834085 0.550078
v 0.00442198 -0.0586518 0.0067552
vn 0.0938936 -0.95175 0.292156
v 0.001 -0.0581254 0.0087
vn -0.79766 -0.559485 0.225203
v 0.0119502 -0.0568413 0.0087298
vn 0.208016 -0.892674 0.399829
v 0.00829724 -0.0574939 0.00875205
vn 0.147054 -0.888714 0.434239
v 0.0117123 -0.0574421 0.00672579
vn 0.215156 -0.948192 0.233751
v 0.00811077 -0.0581675 0.00673971
vn 0.148897 -0.949308 0.276848
v 0.00829376 -0.0586545 0.00454541
vn 0.176413 -0.964904 0.194519
v 0.0259012 -0.0519218 0.0086093
vn 0.43364 -0.870205 0.23388
v 0.0225433 -0.0534891 0.00864226
vn 0.37169 -0.857288 0.356235
v 0.0259012 -0.0519218 0.0086093
vn 0.489659 -0.871855 0.0101223
v 0.029 -0.0502295 0.00447418
vn 0.491617 -0.870784 0.00692095
v 0.029 -0.0502295 0.00858036
vn 0.479313 -0.877644 0
v 0.0209798 -0.0545801 0.00193735
vn 0.533829 -0.541954 -0.649086
v 0.021541 -0.0543084 0.00213029
vn 0.206425 0.0643684 -0.976343
v 0.0230194 -0.0535639 0.00243558
vn 0.456858 -0.88946 0.0119285
v 0.0240842 -0.0530023 0.0025
vn 0.143408 -0.20423 -0.968362
v 0.0245131 -0.0527703 0.00248943
vn 0.140965 -0.327427 -0.934302
v 0.0247331 -0.0526501 0.0024754
vn 0.485005 -0.874473 -0.00823168
v 0.0259835 -0.0519527 0.00227008
vn 0.495193 -0.868771 -0.00444252
v 0.0263349 -0.0517531 0.00216688
vn 0.14979 -0.672391 -0.724881
v 0.0266077 -0.0515974 0.00206949
vn 0.496953 -0.867777 -0.000728997
v 0.027924 -0.050842 0.00126211
vn 0.0664633 -0.887343 -0.456296
v 0.0281571 -0.0507084 0.000999222
vn 0.0226343 -0.912641 -0.408135
v 0.0274911 -0.0510906 0.00161374
vn 0.133342 -0.792075 -0.595682
v 0.0276109 -0.0510217 0.00152851
vn 0.197997 -0.898967 -0.390712
v 0.0199545 -0.0550618 0.00141392
vn 0.519945 -0.838755 -0.1617
v 0.0185478 -0.0555793 0.00450416
vn 0.372868 -0.92539 0.0679957
v 0.0197456 -0.0551577 0.00126268
vn 0.337839 0.624603 -0.704085
v 0.0193269 -0.0553478 0.000859036
vn 0.267508 0.813137 -0.51696
v 0.021189 -0.0544795 -0.00201522
vn 0.213735 0.299639 0.929803
v 0.0202286 -0.0549348 -0.00158323
vn 0.27651 0.387816 0.879284
v 0.0149442 -0.0570796 -0.00215737
vn 0.375866 -0.925429 -0.0480189
v 0.0197438 -0.0551585 -0.00126125
vn 0.751534 -0.170269 0.637342
v 0.0192514 -0.0553817 -0.000759856
vn 0.445664 0.60572 0.659156
v 0.0191709 -0.0554179 -0.000635597
vn 0.473105 0.786592 0.396793
v 0.0190238 -0.0554835 -0.000286657
vn 0.586293 -0.807863 0.0601463
v 0.014866 -0.0571516 7.0727e-05
vn 0.345327 -0.938477 -0.00308271
v 0.0189867 -0.0555 -1.08352e-06
vn 0.646674 -0.749766 -0.140229
v 0.0181713 -0.0558529 7.04793e-05
vn 0.374653 -0.927091 0.0116704
v 0.0189911 -0.055498 9.88381e-05
vn 0.0910519 0.987481 -0.128802
v 0.0190731 -0.0554616 0.000436692
vn 0.834867 0.359705 -0.416664
v 0.0216764 -0.0542382 -0.00214324
vn 0.013366 0.447375 0.894246
v 0.0279227 -0.0508427 -0.00126332
vn 0.0679265 -0.899439 0.431735
v 0.0282171 -0.050674 -0.000916466
vn 0.019912 -0.911475 0.410874
v 0.0276645 -0.0509909 -0.00148782
vn 0.496835 -0.867842 0.00232719
v 0.026799 -0.051488 -0.00199093
vn 0.21859 -0.780527 0.585658
v 0.022483 -0.0538388 -0.00235508
vn 0.41026 -0.351938 0.841324
v 0.0239271 -0.0530864 -0.00249851
vn 0.461851 -0.88681 -0.016189
v 0.0264286 -0.0516998 -0.00213528
vn 0.202389 -0.770669 0.604242
v 0.0251362 -0.0524278 -0.00243364
vn 0.398266 -0.770826 0.497203
v 0.0240854 -0.0530016 -0.0025
vn 0.445078 -0.805722 0.39079
v 0.022402 -0.0535633 -0.0085385
vn 0.377318 -0.891031 -0.252379
v 0.0187621 -0.0552975 -0.00656411
vn 0.364329 -0.925634 -0.102306
v 0.0189505 -0.0549058 -0.0085643
vn 0.315534 -0.902121 -0.294306
v 0.0152595 -0.0565049 -0.00657504
vn 0.299627 -0.941306 -0.155458
v 0.0154256 -0.0560196 -0.00858809
vn 0.252963 -0.907821 -0.334471
v 0.0117144 -0.0574737 -0.0065875
vn 0.227372 -0.949706 -0.215313
v 0.0118348 -0.0569035 -0.00860921
vn 0.190654 -0.908807 -0.371108
v 0.00812204 -0.0582039 -0.00660183
vn 0.1607 -0.952709 -0.257918
v 0.0081911 -0.0575542 -0.00862731
vn 0.128925 -0.906518 -0.401998
v 0.00443844 -0.0586933 -0.00661777
vn 0.0990881 -0.950973 -0.292971
v 0.00452009 -0.0579687 -0.00864268
vn 0.0703552 -0.912572 -0.402819
v 0.00511282 -0.0596762 7.16993e-05
vn 0.128905 -0.991644 -0.00501637
v 0.001 -0.0598721 -0.00219746
vn 0.0752936 -0.993311 -0.0875458
v 0.00500044 -0.059569 -0.00218538
vn 0.117456 -0.985742 -0.120488
v 0.001 -0.0594929 -0.00452093
vn 0.0731752 -0.979686 -0.186708
v 0.001 -0.0587223 0.00719675
vn 0.0605624 -0.946062 0.318275
v 0.001 -0.0594106 0.0048798
vn 0.0663097 -0.969131 0.237463
v 0.00471292 -0.0592098 0.00456287
vn 0.103023 -0.973509 0.204124
v 0.001 -0.0598353 0.0025188
vn 0.0728963 -0.988492 0.132553
v 0.00498668 -0.0595545 0.00232811
vn 0.116975 -0.987226 0.108169
v 0.001 -0.0599887 0.000131677
vn 0.0749489 -0.996908 0.0235898
v 0.0155498 -0.0559548 0.00870376
vn 0.270117 -0.892615 0.360937
v 0.0152652 -0.056478 0.00671368
vn 0.289256 -0.941573 0.172542
v 0.0117165 -0.0578642 0.00452973
vn 0.253901 -0.956331 0.144797
v 0.0084493 -0.0589511 0.00231706
vn 0.206195 -0.974019 0.0936543
v 0.00845685 -0.0589635 -0.00217492
vn 0.206913 -0.9747 -0.0845417
v 0.00851754 -0.0590545 7.13361e-05
vn 0.237907 -0.971211 -0.0122573
v 0.0116882 -0.0581215 0.00230713
vn 0.275872 -0.958695 0.0692713
v 0.0151253 -0.0568419 0.00451611
vn 0.313746 -0.943744 0.10445
v 0.001 -0.0581448 -0.00865556
vn -0.0119055 -0.931941 -0.362415
v 0.001 -0.0589919 -0.00639407
vn 0.0616916 -0.952131 -0.299402
v 0.00473217 -0.0592382 -0.00442213
vn 0.10853 -0.970393 -0.215773
v 0.00830508 -0.058679 -0.00440488
vn 0.186546 -0.966295 -0.177408
v 0.0117152 -0.0578854 -0.00438937
vn 0.265764 -0.958511 -0.103085
v 0.0149442 -0.0570796 -0.00215737
vn 0.326245 -0.943486 -0.0582886
v 0.0151141 -0.0568606 -0.00437591
vn 0.341763 -0.937685 -0.0628137
v 0.0187726 -0.0552755 0.00670305
vn 0.35309 -0.927696 0.121275
v 0.0190836 -0.054837 0.00867431
vn 0.332697 -0.887402 0.319108
v 0.0149535 -0.05707 0.00229851
vn 0.340492 -0.939439 0.0389881
v 0.0116686 -0.0582114 7.10102e-05
vn 0.285653 -0.958028 -0.0241764
v 0.0255935 -0.0521734 -0.00654528
vn 0.475679 -0.879323 0.0228051
v 0.029 -0.0502295 -0.00848795
vn 0.495633 -0.868532 0
v 0.029 -0.0502295 -0.00264479
vn 0.479078 -0.877762 0.00430047
v 0.0222076 -0.0538538 -0.00655431
vn 0.485525 -0.873572 -0.0337183
v 0.0219392 -0.0540879 -0.00435353
vn 0.485525 -0.873572 -0.0337183
v 0.0181713 -0.0558529 7.04793e-05
vn 0.369329 -0.928936 0.0259666
v 0.0185478 -0.0555793 0.00450416
vn 0.369329 -0.928936 0.0259666
v 0.00112009 -0.0509716 -0.000543747
vn -0.265141 -0.927106 0.264904
v 0.00107345 -0.0511813 -0.00105
vn -0.426758 -0.763967 0.483975
v 0.011 -0.0511813 -0.00105
vn 0.0323028 -0.892216 0.450452
v 0.00102346 -0.0515118 -0.00148163
vn -0.286743 -0.664013 0.690554
v 0.011 -0.05195 -0.00181865
vn -0.00296374 -0.523459 0.852045
v 0.00113875 -0.0509 5.44318e-10
vn -0.357647 -0.9239 0.136004
v 0.011 -0.0509 5.44318e-10
vn -0.00298004 -0.999624 -0.0272731
v 0.00112008 -0.0509717 0.000543897
vn -0.13248 -0.955322 -0.264215
v 0.011 -0.0511813 0.00105
vn -0.00492239 -0.865709 -0.500524
v 0.00107345 -0.0511813 0.00105
vn -0.426914 -0.763743 -0.484191
v 0.00102337 -0.0515126 0.00148247
vn -0.140489 -0.696752 -0.703419
v 0.011 -0.05195 0.00181865
vn -0.0021182 -0.450062 -0.892995
v 0.001 -0.0519444 0.0018154
vn -0.485699 -0.516247 -0.705398
v 0.001 -0.0519444 -0.0018154
vn -0.00707561 -0.60962 0.792662
v 0.011 -0.05195 -0.00181865
vn 0.99883 -0.0242415 0.0418464
v 0.001 -0.05195 -0.00181865
vn -0.99996 -0.00447591 0.00772646
v 0.001 -0.05195 -0.00181865
vn 0 -0.258819 0.965926
v 0.011 -0.053 -0.0021
vn 0 -0.0889623 0.996035
v 0.001 -0.053 -0.0021
vn 0 0.0889624 0.996035
v 0.011 -0.05405 -0.00181865
vn 0 0.420974 0.907073
v 0.001 -0.05405 -0.00181865
vn 0 0.575061 0.818111
v 0.011 -0.0548187 -0.00105
vn 0 0.81811 0.575061
v 0.001 -0.0548187 -0.00105
vn 0 0.907073 0.420973
v 0.011 -0.0551 5.44318e-10
vn 0 0.996035 0.0889617
v 0.001 -0.0551 5.44318e-10
vn 0 0.996035 -0.0889618
v 0.011 -0.0548187 0.00105
vn 0 0.907073 -0.420973
v 0.001 -0.0548187 0.00105
vn 0 0.818111 -0.575061
v 0.011 -0.05405 0.00181865
vn 0 0.575061 -0.81811
v 0.001 -0.05405 0.00181865
vn 0 0.420974 -0.907073
v 0.011 -0.053 0.0021
vn 0 0.0889623 -0.996035
v 0.001 -0.053 0.0021
vn 0 -0.0889622 -0.996035
v 0.001 -0.05195 0.00181865
vn 0 -0.258819 -0.965926
v 0.011 -0.05195 0.00181865
vn 0.99883 -0.0242555 -0.0418467
v 0.001 -0.05195 0.00181865
vn -0.99996 -0.00447848 -0.00772646
v 0.00873821 -0.0426133 0.008
vn -0.22697 0.903144 -0.36444
v 0.00873821 -0.0426133 0.0087
vn -0.280879 0.951269 0.127259
v 0.0123142 -0.0417206 0.008
vn -0.281341 0.953185 -0.110845
v 0.0158018 -0.0405284 0.0087
vn -0.348661 0.917319 0.192255
v 0.0158018 -0.0405284 0.008
vn -0.36326 0.931688 0
v 0.0191759 -0.0390453 0.008
vn -0.43811 0.892061 -0.110845
v 0.0224124 -0.0372818 0.0087
vn -0.498415 0.845352 0.192256
v 0.0224124 -0.0372818 0.008
vn -0.515228 0.857053 0
v 0.025488 -0.0352507 0.008
vn -0.582321 0.805367 -0.110845
v 0.0283806 -0.0329665 0.0087
vn -0.633881 0.749154 0.192256
v 0.0283806 -0.0329665 0.008
vn -0.652428 0.757851 0
v 0.0310695 -0.0304457 0.008
vn -0.709839 0.695588 -0.110845
v 0.0335353 -0.0277062 0.0087
vn -0.751178 0.631482 0.192256
v 0.0335353 -0.0277062 0.008
vn -0.770926 0.636925 0
v 0.0357603 -0.0247679 0.008
vn -0.817011 0.565869 -0.110845
v 0.0377286 -0.0216518 0.0087
vn -0.846942 0.495708 0.192257
v 0.0377286 -0.0216518 0.008
vn -0.867325 0.497742 0
v 0.0394261 -0.0183802 0.008
vn -0.900762 0.41993 -0.110845
v 0.0408405 -0.0149767 0.0087
vn -0.918429 0.345726 0.192257
v 0.0408405 -0.0149767 0.008
vn -0.938863 0.344291 0
v 0.0419618 -0.0114656 0.008
vn -0.958694 0.261953 -0.110844
v 0.0427817 -0.00787227 0.0087
vn -0.963589 0.185833 0.192256
v 0.0427817 -0.00787227 0.008
vn -0.983488 0.180972 0
v 0.0432946 -0.00422239 0.008
vn -0.989145 0.0964683 -0.110846
v 0.0434966 -0.000542201 0.0087
vn -0.981128 0.0206125 0.192256
v 0.0434966 -0.000542201 0.008
vn -0.999922 0.0124644 0
v 0.0433864 0.00314188 0.008
vn -0.991242 -0.071782 -0.110847
v 0.0429647 0.00680341 0.0087
vn -0.970544 -0.145198 0.192257
v 0.0429647 0.00680341 0.008
vn -0.987694 -0.1564 0
v 0.0422345 0.0104161 0.008
vn -0.964925 -0.237975 -0.110846
v 0.0412012 0.013954 0.0087
vn -0.932139 -0.306847 0.192256
v 0.0412012 0.013954 0.008
vn -0.947153 -0.320782 0
v 0.039872 0.0173917 0.008
vn -0.91095 -0.397346 -0.110844
v 0.0382566 0.0207046 0.0087
vn -0.867014 -0.4597 0.192257
v 0.0382566 0.0207046 0.008
vn -0.879463 -0.475968 0
v 0.0363666 0.0238688 0.008
vn -0.830862 -0.545328 -0.110845
v 0.0342155 0.0268617 0.0087
vn -0.777037 -0.599376 0.192256
v 0.0342155 0.0268617 0.008
vn -0.786562 -0.617511 0
v 0.0318187 0.0296617 0.008
vn -0.726957 -0.677677 -0.110846
v 0.0291935 0.0322488 0.0087
vn -0.664786 -0.721871 0.192257
v 0.0291935 0.0322488 0.008
vn -0.671116 -0.741353 0
v 0.0263588 0.0346044 0.008
vn -0.602215 -0.790601 -0.110846
v 0.0233348 0.0367116 0.0087
vn -0.533479 -0.823673 0.192258
v 0.0233348 0.0367116 0.008
vn -0.536431 -0.843944 0
v 0.0201433 0.0385551 0.008
vn -0.46021 -0.880863 -0.110844
v 0.0168071 0.0401219 0.0087
vn -0.38688 -0.901865 0.192258
v 0.0168071 0.0401219 0.008
vn -0.386371 -0.922344 0
v 0.0133503 0.0414007 0.008
vn -0.305013 -0.945876 -0.110842
v 0.00979771 0.0423822 0.0087
vn -0.315864 -0.905751 0.28257
v 0.00979771 0.0423822 0.008
vn -0.215579 -0.850162 -0.480364
v 0.001 -0.0519444 -0.0087
vn -1 0 0
v 0.001 -0.0580952 -0.0087
vn -1 0 0
v 0.001 -0.05405 -0.00181865
vn -1 0 0
v 0.001 -0.0519444 0.0087
vn -0.980779 0.0818594 0.177121
v 0.001 -0.053 0.0021
vn -1 0 0
v 0.001 -0.0519444 0.0087
vn -1 0 0
v 0.001 -0.053 0.0021
vn -1 0 0
v 0.001 -0.0581254 0.0087
vn -1 0 0
v 0.001 -0.05405 0.00181865
vn -1 0 0
v 0.001 -0.0581254 0.0087
vn -0.988438 0 0.151623
v 0.001 -0.0587223 0.00719675
vn -1 0 0
v 0.001 -0.0548187 0.00105
vn -1 0 0
v 0.001 -0.05405 -0.00181865
vn -1 0 0
v 0.001 -0.053 -0.0021
vn -1 0 0
v 0.001 -0.0519444 -0.0087
vn -0.99387 0.0673561 -0.0876635
v 0.001 -0.0551 5.44318e-10
vn -1 0 0
v 0.001 -0.0598353 0.0025188
vn -1 0 0
v 0.001 -0.0594106 0.0048798
vn -1 0 0
v 0.001 -0.0580952 -0.0087
vn -0.515774 -0.306876 -0.799878
v 0.001 -0.0581448 -0.00865556
vn -1 0 0
v 0.001 -0.0589919 -0.00639407
vn -1 0 0
v 0.001 -0.0548187 -0.00105
vn -1 0 0
v 0.001 -0.0594929 -0.00452093
vn -1 0 0
v 0.001 -0.0598721 -0.00219746
vn -1 0 0
v 0.001 -0.0599887 0.000131677
vn -1 0 0
v 0.00873821 -0.0426133 -0.0087
vn -0.274765 0.921768 -0.273583
v 0.00873821 -0.0426133 -0.008
vn -0.201598 0.882059 0.425829
v 0.0123142 -0.0417206 -0.008
vn -0.281341 0.953185 0.110845
v 0.0158018 -0.0405284 -0.0087
vn -0.364279 0.911229 -0.192255
v 0.0158018 -0.0405284 -0.008
vn -0.36326 0.931688 0
v 0.0191759 -0.0390453 -0.008
vn -0.43811 0.892061 0.110845
v 0.0224124 -0.0372818 -0.0087
vn -0.512782 0.836715 -0.192256
v 0.0310695 -0.0304457 -0.008
vn -0.709839 0.695588 0.110845
v 0.0335353 -0.0277062 -0.0087
vn -0.761855 0.618559 -0.192257
v 0.0283806 -0.0329665 -0.0087
vn -0.646585 0.738218 -0.192256
v 0.0224124 -0.0372818 -0.008
vn -0.515228 0.857053 0
v 0.025488 -0.0352507 -0.008
vn -0.582321 0.805367 0.110845
v 0.0283806 -0.0329665 -0.008
vn -0.652428 0.757851 0
v 0.0394261 -0.0183802 -0.008
vn -0.900762 0.41993 0.110845
v 0.0408405 -0.0149767 -0.0087
vn -0.9242 0.329987 -0.192256
v 0.0377286 -0.0216518 -0.0087
vn -0.855286 0.481169 -0.192257
v 0.0335353 -0.0277062 -0.008
vn -0.770926 0.636925 0
v 0.0357603 -0.0247679 -0.008
vn -0.817011 0.565869 0.110845
v 0.0377286 -0.0216518 -0.008
vn -0.867325 0.497742 0
v 0.0432946 -0.00422239 -0.008
vn -0.989145 0.0964683 0.110847
v 0.0434966 -0.000542201 -0.0087
vn -0.981337 0.00385033 -0.192257
v 0.0427817 -0.00787227 -0.0087
vn -0.966623 0.169346 -0.192257
v 0.0408405 -0.0149767 -0.008
vn -0.938863 0.344291 0
v 0.0419618 -0.0114656 -0.008
vn -0.958694 0.261953 0.110845
v 0.0427817 -0.00787227 -0.008
vn -0.983488 0.180972 0
v 0.0434966 -0.000542201 -0.008
vn -0.999922 0.0124644 0
v 0.0433864 0.00314188 -0.008
vn -0.991242 -0.071782 0.110847
v 0.0429647 0.00680341 -0.0087
vn -0.967922 -0.161756 -0.192256
v 0.0429647 0.00680341 -0.008
vn -0.987694 -0.1564 0
v 0.0422345 0.0104161 -0.008
vn -0.964925 -0.237975 0.110846
v 0.0412012 0.013954 -0.0087
vn -0.926761 -0.322725 -0.192256
v 0.0412012 0.013954 -0.008
vn -0.947153 -0.320782 0
v 0.039872 0.0173917 -0.008
vn -0.91095 -0.397346 0.110844
v 0.0382566 0.0207046 -0.0087
vn -0.859035 -0.474443 -0.192257
v 0.0382566 0.0207046 -0.008
vn -0.879463 -0.475968 0
v 0.0363666 0.0238688 -0.008
vn -0.830862 -0.545328 0.110845
v 0.0342155 0.0268617 -0.0087
vn -0.766685 -0.612562 -0.192256
v 0.0342155 0.0268617 -0.008
vn -0.786562 -0.617511 0
v 0.0318187 0.0296617 -0.008
vn -0.726957 -0.677677 0.110846
v 0.0291935 0.0322488 -0.0087
vn -0.652358 -0.733121 -0.192257
v 0.0291935 0.0322488 -0.008
vn -0.671116 -0.741353 0
v 0.0263588 0.0346044 -0.008
vn -0.602215 -0.790601 0.110846
v 0.0233348 0.0367116 -0.0087
vn -0.519331 -0.832666 -0.192257
v 0.0233348 0.0367116 -0.008
vn -0.536431 -0.843944 0
v 0.0201433 0.0385551 -0.008
vn -0.46021 -0.880863 0.110844
v 0.0168071 0.0401219 -0.0087
vn -0.371418 -0.908342 -0.192256
v 0.00979771 0.0423822 -0.008
vn -0.263325 -0.882998 0.388555
v 0.00979771 0.0423822 -0.0087
vn -0.320444 -0.937568 -0.135212
v 0.0133503 0.0414007 -0.008
vn -0.305013 -0.945876 0.110843
v 0.0168071 0.0401219 -0.008
vn -0.386371 -0.922344 0
v 0.001 0.0585705 -0.00760959
vn 0.0541715 0.942503 -0.329777
v 0.001 0.0581448 -0.00865556
vn 0.0396322 0.915966 -0.399294
v 0.001 0.0580952 -0.0087
vn -0.967696 0.170356 -0.18586
v 0.001 0.054375 0.00238157
vn -1 0 0
v 0.001 0.053 0.00275
vn -1 0 0
v 0.001 0.0512889 0.0087
vn -0.99396 -0.0758546 0.0793083
v 0.001 0.051625 0.00238157
vn -0.959044 0.159376 -0.234168
v 0.001 0.0512889 0.00215282
vn -0.950669 0.163144 -0.263844
v 0.001 0.05575 5.44318e-10
vn -1 0 0
v 0.001 0.0598179 -0.00265804
vn -1 0 0
v 0.001 0.0553816 -0.001375
vn -1 0 0
v 0.001 0.059386 -0.00498193
vn -1 0 0
v 0.001 0.054375 -0.00238157
vn -1 0 0
v 0.001 0.0593069 -0.00529684
vn -0.0350167 0.960857 -0.274824
v 0.001 0.0553816 0.001375
vn -1 0 0
v 0.001 0.0598889 0.00203344
vn -1 0 0
v 0.001 0.0599866 -0.000321537
vn -1 0 0
v 0.001 0.0512889 0.0087
vn -1 0 0
v 0.001 0.0581254 0.0087
vn -1 0 0
v 0.001 0.054375 0.00238157
vn -1 0 0
v 0.001 0.0581254 0.0087
vn -1 0 0
v 0.001 0.0589703 0.00646237
vn -1 0 0
v 0.001 0.0595658 0.00417688
vn -1 0 0
v 0.001 0.0593069 -0.00529684
vn -1 0 0
v 0.001 0.0585705 -0.00760959
vn -1 0 0
v 0.001 0.0580952 -0.0087
vn -0.98606 0 -0.166392
v 0.001 0.053 -0.00275
vn -1 0 0
v 0.001 0.053 -0.00275
vn -1 0 0
v 0.001 0.0580952 -0.0087
vn -1 0 0
v 0.001 0.0512889 -0.0087
vn -1 0 0
v 0.001 0.0512889 -0.0087
vn -0.983337 -0.0964912 -0.154069
v 0.001 0.051625 -0.00238157
vn -1 0 0
v 0.001 0.0512889 -0.00215281
vn -0.998423 -0.0561327 0
v 0.0344514 0.027047 -0.009
vn 0 0 -1
v 0.0293949 0.0324712 -0.009
vn 0 0 -1
v 0.0374999 0.043695 -0.009
vn 0 0 -1
v 0.0013 -0.0519444 -0.009
vn -0.662902 0.0210945 -0.748409
v 0.00152314 -0.0506789 -0.009
vn -0.513271 0.223607 -0.828585
v 0.00216564 -0.0495661 -0.009
vn -0.495013 0.393269 -0.774791
v 0.0374999 0.043695 -0.009
vn 0 0 -1
v 0.0293949 0.0324712 -0.009
vn 0 0 -1
v 0.0307506 0.0486816 -0.009
vn 0 0 -1
v 0.0307506 0.0486816 -0.009
vn 0 0 -1
v 0.0234957 0.0369647 -0.009
vn 0 0 -1
v 0.0307506 0.0486816 -0.009
vn 0 0 -1
v 0.0234957 0.0369647 -0.009
vn 0 0 -1
v 0.0287902 0.0498661 -0.009
vn 0 0 -1
v 0.0082558 0.0435005 -0.009
vn 0 0 -1
v 0.00255716 0.0485099 -0.009
vn 0 0 -1
v 0.00450905 0.0575782 -0.009
vn 0 0 -1
v 0.0287902 0.0498661 -0.009
vn 0 0 -1
v 0.0234957 0.0369647 -0.009
vn 0 0 -1
v 0.0257028 0.0515588 -0.009
vn 0 0 -1
v 0.0257028 0.0515588 -0.009
vn 0 0 -1
v 0.016923 0.0403986 -0.009
vn 0 0 -1
v 0.016923 0.0403986 -0.009
vn 0 0 -1
v 0.0223627 0.0531269 -0.009
vn 0 0 -1
v 0.00255716 0.0485099 -0.009
vn -0.186971 -0.212695 -0.959063
v 0.00162891 0.0497639 -0.009
vn 0 0 -1
v 0.00450905 0.0575782 -0.009
vn 0.00515955 0.05946 -0.998217
v 0.0013 0.0512889 -0.009
vn -0.248063 -0.0102128 -0.96869
v 0.0013 0.0512889 -0.009
vn 0 0 -1
v 0.0013 0.0577529 -0.009
vn 0 0 -1
v 0.0159108 -0.0408079 -0.009
vn 0 0 -1
v 0.018813 -0.0545167 -0.009
vn 0 0 -1
v 0.00879847 -0.0429072 -0.009
vn 0 0 -1
v 0.00879847 -0.0429072 -0.009
vn 0 0 -1
v 0.018813 -0.0545167 -0.009
vn 0 0 -1
v 0.0153149 -0.0556275 -0.009
vn 0 0 -1
v 0.0117508 -0.0565106 -0.009
vn 0 0 -1
v 0.022567 -0.0375389 -0.009
vn 0 0 -1
v 0.0287873 -0.0498678 -0.009
vn 0 0 -1
v 0.0222382 -0.0531803 -0.009
vn 0 0 -1
v 0.0159108 -0.0408079 -0.009
vn 0 0 -1
v 0.0222382 -0.0531803 -0.009
vn 0 0 -1
v 0.0379888 -0.0218011 -0.009
vn 0 0 -1
v 0.0476167 -0.0323751 -0.009
vn 0 0 -1
v 0.0337665 -0.0278973 -0.009
vn 0 0 -1
v 0.0337665 -0.0278973 -0.009
vn 0 0 -1
v 0.0476167 -0.0323751 -0.009
vn 0 0 -1
v 0.0424053 -0.0389524 -0.009
vn 0 0 -1
v 0.0424053 -0.0389524 -0.009
vn 0 0 -1
v 0.0285763 -0.0331939 -0.009
vn 0 0 -1
v 0.0285763 -0.0331939 -0.009
vn 0 0 -1
v 0.0362932 -0.0447023 -0.009
vn 0 0 -1
v 0.0362932 -0.0447023 -0.009
vn 0 0 -1
v 0.022567 -0.0375389 -0.009
vn 0 0 -1
v 0.0294103 -0.0495028 -0.009
vn 0 0 -1
v 0.022567 -0.0375389 -0.009
vn -0.182375 0.32369 -0.92842
v 0.0294103 -0.0495028 -0.009
vn 0.181959 -0.264409 -0.94709
v 0.0287873 -0.0498678 -0.009
vn 0.169404 -0.320038 -0.932136
v 0.0013 -0.0577529 -0.009
vn 0 0 -1
v 0.0013 -0.0519444 -0.009
vn 0 0 -1
v 0.00448815 -0.0575799 -0.009
vn 0 0 -1
v 0.00216564 -0.0495661 -0.009
vn 0 0 -1
v 0.00448815 -0.0575799 -0.009
vn 0 0 -1
v 0.00216564 -0.0495661 -0.009
vn 0 0 -1
v 0.00813348 -0.0571626 -0.009
vn 0 0 -1
v 0.00813348 -0.0571626 -0.009
vn 0 0 -1
v 0.00216564 -0.0495661 -0.009
vn 0 0 -1
v 0.00670736 -0.0441535 -0.009
vn 0 0 -1
v 0.00813348 -0.0571626 -0.009
vn 0 0 -1
v 0.00670736 -0.0441535 -0.009
vn 0 0 -1
v 0.0117508 -0.0565106 -0.009
vn 0 0 -1
v 0.00670736 -0.0441535 -0.009
vn 0 0 -1
v 0.00764749 -0.0433534 -0.009
vn 0 0 -1
v 0.00879847 -0.0429072 -0.009
vn 0 0 -1
v 0.0434528 0.0377804 -0.009
vn 0 0 -1
v 0.0344514 0.027047 -0.009
vn 0 0 -1
v 0.0484827 0.0310633 -0.009
vn 0 0 -1
v 0.0484827 0.0310633 -0.009
vn 0 0 -1
v 0.0385205 0.0208474 -0.009
vn 0 0 -1
v 0.0385205 0.0208474 -0.009
vn 0 0 -1
v 0.0524828 0.0236865 -0.009
vn 0 0 -1
v 0.0524828 0.0236865 -0.009
vn 0 0 -1
v 0.0414853 0.0140502 -0.009
vn 0 0 -1
v 0.0414853 0.0140502 -0.009
vn 0 0 -1
v 0.0553683 0.0158065 -0.009
vn 0 0 -1
v 0.0553683 0.0158065 -0.009
vn 0 0 -1
v 0.043261 0.00685033 -0.009
vn 0 0 -1
v 0.043261 0.00685033 -0.009
vn 0 0 -1
v 0.0570778 0.00759091 -0.009
vn 0 0 -1
v 0.0570778 0.00759091 -0.009
vn 0 0 -1
v 0.0437966 -0.00054594 -0.009
vn 0 0 -1
v 0.0437966 -0.00054594 -0.009
vn 0 0 -1
v 0.057575 -0.000785951 -0.009
vn 0 0 -1
v 0.057575 -0.000785951 -0.009
vn 0 0 -1
v 0.0430768 -0.00792656 -0.009
vn 0 0 -1
v 0.0430768 -0.00792656 -0.009
vn 0 0 -1
v 0.0568493 -0.00914612 -0.009
vn 0 0 -1
v 0.0568493 -0.00914612 -0.009
vn 0 0 -1
v 0.0411222 -0.01508 -0.009
vn 0 0 -1
v 0.0411222 -0.01508 -0.009
vn 0 0 -1
v 0.0549162 -0.017312 -0.009
vn 0 0 -1
v 0.0549162 -0.017312 -0.009
vn 0 0 -1
v 0.0379888 -0.0218011 -0.009
vn 0 0 -1
v 0.0518167 -0.0251102 -0.009
vn 0 0 -1
v 0.00450905 0.0575782 -0.009
vn 0 0 -1
v 0.00817714 0.0571561 -0.009
vn 0 0 -1
v 0.0082558 0.0435005 -0.009
vn 0 0 -1
v 0.0118174 0.0564963 -0.009
vn 0 0 -1
v 0.0082558 0.0435005 -0.009
vn 0 0 -1
v 0.0118174 0.0564963 -0.009
vn 0 0 -1
v 0.00986528 0.0426745 -0.009
vn 0 0 -1
v 0.00986528 0.0426745 -0.009
vn 0 0 -1
v 0.015401 0.055603 -0.009
vn 0 0 -1
v 0.00986528 0.0426745 -0.009
vn 0 0 -1
v 0.015401 0.055603 -0.009
vn 0 0 -1
v 0.0189206 0.0544786 -0.009
vn 0 0 -1
v 0.0013 0.0512889 0.009
vn -0.638469 -0.0267569 0.769182
v 0.00162891 0.0497639 0.009
vn -0.443545 -0.242521 0.862816
v 0.00255716 0.0485099 0.009
vn -0.405728 -0.429279 0.80691
v 0.016923 0.0403986 0.009
vn 0 0 1
v 0.0234957 0.0369647 0.009
vn 0 0 1
v 0.028741 0.0497878 0.009
vn 0 0 1
v 0.0013 0.0576117 0.009
vn 0 0 1
v 0.0013 0.0512889 0.009
vn 0 0 1
v 0.00455517 0.0574376 0.009
vn 0 0 1
v 0.00255716 0.0485099 0.009
vn 0 0 1
v 0.00455517 0.0574376 0.009
vn 0 0 1
v 0.00255716 0.0485099 0.009
vn 0 0 1
v 0.00818255 0.0570232 0.009
vn 0 0 1
v 0.00818255 0.0570232 0.009
vn 0 0 1
v 0.00255716 0.0485099 0.009
vn 0 0 1
v 0.0082558 0.0435005 0.009
vn 0 0 1
v 0.022567 -0.0375389 0.009
vn 0 0 1
v 0.0293631 -0.0494234 0.009
vn 0 0 1
v 0.0285763 -0.0331939 0.009
vn 0 0 1
v 0.0285763 -0.0331939 0.009
vn 0 0 1
v 0.0293631 -0.0494234 0.009
vn 0 0 1
v 0.036235 -0.0446306 0.009
vn 0 0 1
v 0.036235 -0.0446306 0.009
vn 0 0 1
v 0.0337665 -0.0278973 0.009
vn 0 0 1
v 0.0159108 -0.0408079 0.009
vn 0 0 1
v 0.0256698 -0.051466 0.009
vn 0 0 1
v 0.022567 -0.0375389 0.009
vn 0 0 1
v 0.0256698 -0.051466 0.009
vn 0 0 1
v 0.028744 -0.049786 0.009
vn 0 0 1
v 0.022567 -0.0375389 0.009
vn -0.20167 0.315009 0.927415
v 0.028744 -0.049786 0.009
vn 0.108287 -0.194711 0.974865
v 0.0293631 -0.0494234 0.009
vn 0.210636 -0.306061 0.928418
v 0.00216564 -0.0495661 0.009
vn -0.287223 0.22776 0.930392
v 0.00152314 -0.0506789 0.009
vn -0.0784197 0.023169 0.996651
v 0.00457802 -0.0574357 0.009
vn 0.009962 -0.128523 0.991657
v 0.0013 -0.0519444 0.009
vn -0.268769 0.00865049 0.963166
v 0.00457802 -0.0574357 0.009
vn 0 0 1
v 0.0013 -0.0519444 0.009
vn 0 0 1
v 0.0013 -0.0576117 0.009
vn 0 0 1
v 0.0385205 0.0208474 0.009
vn 0 0 1
v 0.0484049 0.0310134 0.009
vn 0 0 1
v 0.0344514 0.027047 0.009
vn 0 0 1
v 0.0344514 0.027047 0.009
vn 0 0 1
v 0.0484049 0.0310134 0.009
vn 0 0 1
v 0.043383 0.0377197 0.009
vn 0 0 1
v 0.043383 0.0377197 0.009
vn 0 0 1
v 0.0293949 0.0324712 0.009
vn 0 0 1
v 0.0293949 0.0324712 0.009
vn 0 0 1
v 0.0374398 0.0436249 0.009
vn 0 0 1
v 0.0374398 0.0436249 0.009
vn 0 0 1
v 0.0234957 0.0369647 0.009
vn 0 0 1
v 0.0307013 0.0486034 0.009
vn 0 0 1
v 0.0234957 0.0369647 0.009
vn 0 0 1
v 0.0307013 0.0486034 0.009
vn 0 0 1
v 0.028741 0.0497878 0.009
vn 0 0 1
v 0.0222211 0.053074 0.009
vn 0 0 1
v 0.016923 0.0403986 0.009
vn 0 0 1
v 0.0222211 0.053074 0.009
vn 0 0 1
v 0.0188118 0.0543992 0.009
vn 0 0 1
v 0.0188118 0.0543992 0.009
vn 0 0 1
v 0.00986528 0.0426745 0.009
vn 0 0 1
v 0.00986528 0.0426745 0.009
vn 0 0 1
v 0.0153292 0.0555007 0.009
vn 0 0 1
v 0.00986528 0.0426745 0.009
vn 0 0 1
v 0.0153292 0.0555007 0.009
vn 0 0 1
v 0.0082558 0.0435005 0.009
vn 0 0 1
v 0.0082558 0.0435005 0.009
vn 0 0 1
v 0.0117829 0.0563763 0.009
vn 0 0 1
v 0.00818255 0.0570232 0.009
vn 0 0 1
v 0.0423372 -0.0388899 0.009
vn 0 0 1
v 0.0337665 -0.0278973 0.009
vn 0 0 1
v 0.0475403 -0.0323232 0.009
vn 0 0 1
v 0.0475403 -0.0323232 0.009
vn 0 0 1
v 0.0379888 -0.0218011 0.009
vn 0 0 1
v 0.0379888 -0.0218011 0.009
vn 0 0 1
v 0.0517336 -0.0250699 0.009
vn 0 0 1
v 0.0517336 -0.0250699 0.009
vn 0 0 1
v 0.0411222 -0.01508 0.009
vn 0 0 1
v 0.0411222 -0.01508 0.009
vn 0 0 1
v 0.0548281 -0.0172842 0.009
vn 0 0 1
v 0.0548281 -0.0172842 0.009
vn 0 0 1
v 0.0430768 -0.00792656 0.009
vn 0 0 1
v 0.0430768 -0.00792656 0.009
vn 0 0 1
v 0.0567581 -0.00913144 0.009
vn 0 0 1
v 0.0567581 -0.00913144 0.009
vn 0 0 1
v 0.0437966 -0.00054594 0.009
vn 0 0 1
v 0.0437966 -0.00054594 0.009
vn 0 0 1
v 0.0574826 -0.00078469 0.009
vn 0 0 1
v 0.0574826 -0.00078469 0.009
vn 0 0 1
v 0.043261 0.00685033 0.009
vn 0 0 1
v 0.043261 0.00685033 0.009
vn 0 0 1
v 0.0569862 0.00757873 0.009
vn 0 0 1
v 0.0569862 0.00757873 0.009
vn 0 0 1
v 0.0414853 0.0140502 0.009
vn 0 0 1
v 0.0414853 0.0140502 0.009
vn 0 0 1
v 0.0552795 0.0157812 0.009
vn 0 0 1
v 0.0552795 0.0157812 0.009
vn 0 0 1
v 0.0385205 0.0208474 0.009
vn 0 0 1
v 0.0523986 0.0236485 0.009
vn 0 0 1
v 0.00216564 -0.0495661 0.009
vn 0 0 1
v 0.00457802 -0.0574357 0.009
vn 0 0 1
v 0.00670736 -0.0441535 0.009
vn 0 0 1
v 0.00822683 -0.0570167 0.009
vn 0 0 1
v 0.00670736 -0.0441535 0.009
vn 0 0 1
v 0.00822683 -0.0570167 0.009
vn 0 0 1
v 0.00764749 -0.0433534 0.009
vn 0 0 1
v 0.00764749 -0.0433534 0.009
vn 0 0 1
v 0.0118476 -0.0563624 0.009
vn 0 0 1
v 0.0118476 -0.0563624 0.009
vn 0 0 1
v 0.00879847 -0.0429072 0.009
vn 0 0 1
v 0.0154145 -0.0554766 0.009
vn 0 0 1
v 0.00879847 -0.0429072 0.009
vn 0 0 1
v 0.0189156 -0.0543625 0.009
vn 0 0 1
v 0.00879847 -0.0429072 0.009
vn 0 0 1
v 0.0189156 -0.0543625 0.009
vn 0 0 1
v 0.0159108 -0.0408079 0.009
vn 0 0 1
v 0.0223429 -0.053022 0.009
vn 0 0 1
v 0.0187711 0.0552761 0.00670306
vn 0.356684 0.927175 0.114557
v 0.0185463 0.0555799 0.00450416
vn 0.363463 0.927416 0.0882794
v 0.0151234 0.0568426 0.00451611
vn 0.306961 0.944257 0.11897
v 0.0190589 0.0548675 -0.00856353
vn 0.338664 0.901637 -0.268992
v 0.0187606 0.055298 -0.00656411
vn 0.34826 0.928848 -0.126322
v 0.0222066 0.0538542 -0.00655432
vn 0.406158 0.90983 -0.0851155
v 0.001 0.0595658 0.00417688
vn 0.0718804 0.979571 0.187815
v 0.00470911 0.0592103 0.00456289
vn 0.115404 0.970854 0.210059
v 0.00498288 0.059555 0.00232812
vn 0.122604 0.986431 0.109185
v 0.0148417 0.057105 0.00238988
vn 0.415759 0.902825 -0.109777
v 0.0141305 0.0573759 0.00184761
vn 0.249315 -0.708367 -0.660347
v 0.0116859 0.0581222 0.00230714
vn 0.262012 0.960658 0.0921198
v 0.0250186 0.0525074 -0.00472439
vn 0.112602 0.294204 0.949086
v 0.0255847 0.0521979 -0.00468179
vn 0.434231 0.817828 0.377626
v 0.025593 0.0521737 -0.00654528
vn 0.461825 0.88604 -0.0406219
v 0.0273772 0.0511805 -0.00438772
vn 0.500076 0.865962 -0.00582244
v 0.0283081 0.0506362 -0.00412009
vn 0.0429171 0.591428 0.805215
v 0.0164196 0.0564879 -0.00322444
vn 0.34553 0.934505 -0.0854928
v 0.0181801 0.0557672 -0.0038607
vn 0.269215 -0.00672275 0.963057
v 0.0185295 0.0555959 -0.0043641
vn 0.360558 0.928722 -0.0864524
v 0.0184436 0.0556559 -0.00393808
vn 0.0341962 -0.483375 0.874745
v 0.019108 0.0553711 -0.00411587
vn 0.0333438 -0.399845 0.915976
v 0.0206311 0.0546932 -0.00443798
vn 0.446377 0.827213 0.341272
v 0.0131442 0.057746 -0.000195793
vn 0.423428 0.904795 -0.0453203
v 0.0133053 0.057686 -0.000777367
vn 0.795843 0.356738 0.489257
v 0.0117128 0.0578861 -0.00438938
vn 0.281208 0.956949 -0.0719087
v 0.0137553 0.0575174 -0.00146815
vn 0.591845 -0.555582 0.583994
v 0.0139918 0.0574284 -0.00171816
vn 0.614549 -0.128498 0.778343
v 0.0148204 0.0571131 -0.00237581
vn 0.430056 0.8934 0.129951
v 0.0151122 0.0568612 -0.00437591
vn 0.30734 0.944344 -0.117288
v 0.0148351 0.0571075 -0.00238553
vn 0.185315 -0.628694 0.75525
v 0.0158507 0.0567132 -0.00296218
vn 0.179106 -0.598827 0.780594
v 0.0140133 0.0574202 0.00173898
vn 0.291433 -0.810306 -0.508401
v 0.0134437 0.0576343 0.00104217
vn 0.690048 0.598819 -0.406509
v 0.00844645 0.0589518 0.00231707
vn 0.216044 0.971939 0.0930584
v 0.0131815 0.0577321 0.000412223
vn 0.929968 0.27227 -0.247041
v 0.0159496 0.0566743 0.00301034
vn 0.339914 0.936893 0.0817937
v 0.0178471 0.0559065 0.00375697
vn 0.348483 0.933768 0.0814689
v 0.0191125 0.0553692 0.00411699
vn 0.0565297 -0.40596 -0.912141
v 0.0240797 0.0530067 0.00475
vn 0.468375 0.880424 0.0740133
v 0.0228636 0.0536274 0.00470839
vn 0.436862 0.89832 0.0466113
v 0.0222195 0.0538376 0.00669354
vn 0.413972 0.907115 0.0759513
v 0.0208196 0.0546066 0.00447003
vn 0.397751 0.914666 0.0719697
v 0.0248221 0.0526134 0.00473424
vn 0.205711 0.423597 -0.882184
v 0.0224204 0.0535415 0.00864345
vn 0.398007 0.85037 0.344182
v 0.0200068 0.0549755 0.00431973
vn 0.0587913 -0.308026 -0.94956
v 0.0224204 0.0535415 0.00864345
vn 0.399433 0.913271 0.0799272
v 0.0256988 0.0520239 0.00861129
vn 0.449623 0.89257 0.0340249
v 0.0248221 0.0526134 0.00473424
vn 0.458778 0.888082 0.0288591
v 0.0267156 0.0515619 0.00452708
vn 0.494276 0.869276 0.00718471
v 0.0283268 0.0506253 0.00411377
vn 0.162962 0.714866 -0.680007
v 0.0283064 0.0506372 0.00412067
vn 0.495949 0.867974 -0.025606
v 0.00810762 0.058168 0.00673972
vn 0.167961 0.953057 0.251935
v 0.011885 0.0568551 0.00873023
vn 0.185909 0.887774 0.421065
v 0.0117098 0.0574427 0.0067258
vn 0.236576 0.949734 0.205028
v 0.0154637 0.055979 0.00870443
vn 0.247334 0.889295 0.384681
v 0.0152631 0.0564787 0.00671369
vn 0.291006 0.941717 0.168774
v 0.0189789 0.0548738 0.00867523
vn 0.309421 0.886336 0.344483
v 0.00441817 0.0586522 0.00675522
vn 0.0892779 0.947197 0.307972
v 0.00459402 0.0579112 0.00877118
vn 0.0707101 0.856209 0.511767
v 0.00825257 0.0575004 0.0087523
vn 0.125489 0.883412 0.451482
v 0.00108743 0.0580851 0.00878743
vn 0.013376 0.510088 0.860018
v 0.001 0.0581254 0.0087
vn -0.171038 0.832363 0.527179
v 0.001 0.0589703 0.00646237
vn 0.0637628 0.956038 0.286226
v 0.001 0.0598889 0.00203344
vn 0.0740498 0.993974 0.0808237
v 0.00510903 0.0596767 7.16993e-05
vn 0.113689 0.993447 0.0117099
v 0.001 0.0599866 -0.000321537
vn 0.0738779 0.996918 -0.0264037
v 0.00443464 0.0586937 -0.00661778
vn 0.100208 0.954308 -0.281523
v 0.00454113 0.057967 -0.0086426
vn 0.0868264 0.900863 -0.425332
v 0.0081189 0.0582045 -0.00660184
vn 0.162426 0.952485 -0.257663
v 0.00823507 0.0575478 -0.00862711
vn 0.150853 0.910947 -0.383951
v 0.0117118 0.0574743 -0.00658751
vn 0.227762 0.949721 -0.214836
v 0.0119019 0.0568892 -0.00860884
vn 0.212935 0.912495 -0.349302
v 0.0152575 0.0565056 -0.00657505
vn 0.280312 0.942347 -0.182774
v 0.0155124 0.0559952 -0.00858754
vn 0.275777 0.9097 -0.310473
v 0.0225275 0.0535096 -0.00853752
vn 0.400702 0.887861 -0.226145
v 0.025893 0.0519321 -0.0085109
vn 0.459142 0.869174 -0.183647
v 0.00829076 0.0586551 0.00454543
vn 0.197823 0.965232 0.170859
v 0.011714 0.0578648 0.00452974
vn 0.251288 0.956207 0.150076
v 0.0151946 0.056969 0.00260948
vn 0.195961 -0.606237 -0.770763
v 0.0131333 0.05775 1.40498e-06
vn 0.285448 0.955398 0.0757224
v 0.0116663 0.058212 7.10102e-05
vn 0.295037 0.955469 -0.00562056
v 0.0116663 0.058212 7.10102e-05
vn 0.265389 0.96359 -0.0325894
v 0.0117128 0.0578861 -0.00438938
vn 0.24515 0.958711 -0.144132
v 0.00845401 0.0589641 -0.00217493
vn 0.216634 0.971511 -0.0961043
v 0.00830209 0.0586796 -0.00440489
vn 0.17556 0.964818 -0.195717
v 0.00472836 0.0592386 -0.00442215
vn 0.113961 0.974781 -0.191874
v 0.00851477 0.0590552 7.13361e-05
vn 0.202272 0.979324 0.00327373
v 0.00499664 0.0595695 -0.00218539
vn 0.121876 0.988408 -0.0905357
v 0.001 0.0598179 -0.00265804
vn 0.0721001 0.988169 -0.135367
v 0.001 0.059386 -0.00498193
vn 0.0672111 0.97954 -0.189694
v 0.0228514 0.0536335 -0.00470757
vn 0.439767 0.897091 -0.0428071
v 0.0240758 0.0530088 -0.00474999
vn 0.115439 0.207665 0.971365
v 0.00884614 0.0427343 0.00785972
vn -0.241215 -0.794184 -0.557752
v 0.0107687 0.0462031 0.00405858
vn -0.147784 -0.702871 -0.695796
v 0.00805774 0.0432752 0.00748102
vn -0.269365 -0.772508 -0.575043
v 0.0107687 0.0462031 0.00405858
vn -0.171581 -0.686757 -0.706346
v 0.00805774 0.0432752 0.00748102
vn -0.133967 -0.698112 -0.703344
v 0.007099 0.0469073 0.00405858
vn -0.133967 -0.698112 -0.703344
v 0.007099 0.0469073 0.00405858
vn -0.0928863 -0.708044 -0.700033
v 0.00628052 0.0448375 0.00622479
vn -0.178632 -0.746363 -0.641118
v 0.00346222 0.0473149 0.00405858
vn -0.0790958 -0.705651 -0.704131
v 0.0074939 -0.0430957 0.00775758
vn -0.191504 0.747363 -0.636219
v 0.0109972 -0.0461492 0.00405858
vn -0.134222 0.700294 -0.701122
v 0.00647755 -0.0439606 0.00706471
vn -0.311508 0.762636 -0.566876
v 0.00733102 -0.0468716 0.00405858
vn -0.109654 0.698317 -0.707339
v 0.00367652 -0.0472987 0.00405858
vn -0.0823099 0.70417 -0.705244
v 0.00808358 -0.042807 0.00793643
vn -0.17163 0.758565 -0.628588
v 0.0109972 -0.0461492 0.00405858
vn -0.189114 0.674581 -0.713566
v 0.00873821 -0.0426133 0.008
vn -0.181108 0.683337 -0.707284
v 0.0145952 -0.0451405 0.00405858
vn -0.201743 0.675505 -0.70922
v 0.0123142 -0.0417206 0.008
vn -0.215475 0.675183 -0.705477
v 0.0181026 -0.0438518 0.00405858
vn -0.255758 0.657494 -0.708724
v 0.0158018 -0.0405284 0.008
vn -0.270339 0.654572 -0.706012
v 0.0214977 -0.0422911 0.00405858
vn -0.308162 0.635127 -0.708272
v 0.0191759 -0.0390453 0.008
vn -0.323296 0.62956 -0.706494
v 0.0247595 -0.040468 0.00405858
vn -0.3586 0.608549 -0.707866
v 0.0224124 -0.0372818 0.008
vn -0.373997 0.600321 -0.706924
v 0.0278676 -0.0383938 0.00405858
vn -0.406731 0.577934 -0.707504
v 0.025488 -0.0352507 0.008
vn -0.422109 0.567052 -0.707302
v 0.0308029 -0.0360814 0.00405858
vn -0.452229 0.543483 -0.707188
v 0.0283806 -0.0329665 0.008
vn -0.467316 0.529979 -0.707629
v 0.0335471 -0.0335452 0.00405858
vn -0.494787 0.505424 -0.706917
v 0.0310695 -0.0304457 0.008
vn -0.509321 0.48935 -0.707904
v 0.0360831 -0.0308009 0.00405858
vn -0.534117 0.46401 -0.706692
v 0.0335353 -0.0277062 0.008
vn -0.547849 0.445438 -0.708128
v 0.0383953 -0.0278655 0.00405858
vn -0.569952 0.419517 -0.706513
v 0.0357603 -0.0247679 0.008
vn -0.582648 0.398536 -0.708302
v 0.0404693 -0.0247573 0.00405858
vn -0.60205 0.372242 -0.706379
v 0.0377286 -0.0216518 0.008
vn -0.613487 0.348955 -0.708424
v 0.0422923 -0.0214954 0.00405858
vn -0.630194 0.322502 -0.706292
v 0.0394261 -0.0183802 0.008
vn -0.640164 0.297026 -0.708495
v 0.0438528 -0.0181002 0.00405858
vn -0.654195 0.270629 -0.70625
v 0.0408405 -0.0149767 0.008
vn -0.66808 0.230283 -0.707558
v 0.0291935 0.0322488 0.008
vn -0.465198 -0.531918 -0.707569
v 0.0333807 0.0337108 0.00405858
vn -0.497738 -0.503456 -0.70625
v 0.0318187 0.0296617 0.008
vn -0.516094 -0.481303 -0.708515
v 0.0359303 0.0309791 0.00405858
vn -0.536726 -0.461659 -0.706255
v 0.0342155 0.0268617 0.008
vn -0.554133 -0.437019 -0.708485
v 0.038257 0.0280552 0.00405858
vn -0.572178 -0.416827 -0.706305
v 0.0363666 0.0238688 0.008
vn -0.588425 -0.38977 -0.708404
v 0.0403463 0.0249572 0.00405858
vn -0.603857 -0.369261 -0.706402
v 0.0382566 0.0207046 0.008
vn -0.618743 -0.339866 -0.708272
v 0.0421854 0.0217044 0.00405858
vn -0.63155 -0.31928 -0.706544
v 0.039872 0.0173917 0.008
vn -0.644883 -0.287638 -0.708089
v 0.0437627 0.018317 0.00405858
vn -0.655074 -0.267222 -0.706733
v 0.0412012 0.013954 0.008
vn -0.666672 -0.233431 -0.707854
v 0.0450686 0.0148159 0.00405858
vn -0.674272 -0.213436 -0.706967
v 0.0422345 0.0104161 0.008
vn -0.683962 -0.177603 -0.707569
v 0.0460948 0.0112229 0.00405858
vn -0.68902 -0.158285 -0.707246
v 0.0429647 0.00680341 0.008
vn -0.696632 -0.120523 -0.707232
v 0.0468351 0.0075603 0.00405858
vn -0.699221 -0.102139 -0.707572
v 0.0433864 0.00314188 0.008
vn -0.704597 -0.0625673 -0.706844
v 0.0472849 0.00385078 0.00405858
vn -0.704811 -0.0453766 -0.707942
v 0.0434966 -0.000542201 0.008
vn -0.707797 -0.00412013 -0.706404
v 0.0474413 0.000117374 0.00405858
vn -0.705758 0.0116206 -0.708358
v 0.0432946 -0.00422239 0.008
vn -0.706206 0.0544326 -0.705911
v 0.0473034 -0.00361676 0.00405858
vn -0.702061 0.0684712 -0.708818
v 0.0427817 -0.00787227 0.008
vn -0.699826 0.112702 -0.705366
v 0.046872 -0.00732846 0.00405858
vn -0.693749 0.124792 -0.709323
v 0.0419618 -0.0114656 0.008
vn -0.688694 0.170301 -0.704769
v 0.0461498 -0.0109947 0.00405858
vn -0.680887 0.180208 -0.709872
v 0.0451413 -0.0145927 0.00405858
vn -0.670033 0.2166 -0.710028
v 0.00979771 0.0423822 0.008
vn -0.188309 -0.681571 -0.707107
v 0.0133503 0.0414007 0.008
vn -0.207109 -0.67604 -0.70716
v 0.0143716 0.0452122 0.00405858
vn -0.224376 -0.67 -0.707641
v 0.0168071 0.0401219 0.008
vn -0.262424 -0.656979 -0.706762
v 0.0178854 0.0439409 0.00405858
vn -0.277544 -0.649367 -0.70802
v 0.0201433 0.0385551 0.008
vn -0.316027 -0.633444 -0.706311
v 0.0212882 0.0423969 0.00405858
vn -0.328825 -0.624485 -0.708444
v 0.0233348 0.0367116 0.008
vn -0.367561 -0.605585 -0.705809
v 0.0245589 0.04059 0.00405858
vn -0.377877 -0.595526 -0.708913
v 0.0263588 0.0346044 0.008
vn -0.416681 -0.573581 -0.705253
v 0.0276773 0.0385312 0.00405858
vn -0.424375 -0.56269 -0.709427
v 0.030624 0.0362334 0.00405858
vn -0.45499 -0.538332 -0.709354
v 0.00805774 0.0432752 -0.00748102
vn -0.106005 -0.696606 0.709579
v 0.007099 0.0469073 -0.00405858
vn -0.106005 -0.696606 0.709579
v 0.00346222 0.0473149 -0.00405858
vn -0.0778479 -0.694518 0.715251
v 0.0107687 0.0462031 -0.00405858
vn -0.162753 -0.689622 0.705644
v 0.00808749 -0.0428055 -0.00793721
vn -0.193921 0.791463 0.579638
v 0.0109972 -0.0461492 -0.00405858
vn -0.138965 0.711037 0.689285
v 0.0074939 -0.0430957 -0.00775758
vn -0.296068 0.791244 0.535047
v 0.0109972 -0.0461492 -0.00405858
vn -0.167084 0.687611 0.706593
v 0.0074939 -0.0430957 -0.00775758
vn -0.137174 0.696197 0.704622
v 0.00733102 -0.0468716 -0.00405858
vn -0.112817 0.700009 0.705166
v 0.00733102 -0.0468716 -0.00405858
vn -0.112936 0.714604 0.690353
v 0.00647755 -0.0439606 -0.00706471
vn -0.576884 0.765115 0.286013
v 0.00647755 -0.0439606 -0.00706471
vn -0.08231 0.704171 0.705244
v 0.00367652 -0.0472987 -0.00405858
vn -0.08231 0.704171 0.705244
v 0.00805774 0.0432752 -0.00748102
vn -0.523245 -0.810592 0.262974
v 0.0088458 0.0427345 -0.00785961
vn -0.212021 -0.76591 0.606983
v 0.0107687 0.0462031 -0.00405858
vn -0.14936 -0.702522 0.695812
v 0.00979771 0.0423822 -0.008
vn -0.187849 -0.681489 0.707309
v 0.0143716 0.0452122 -0.00405858
vn -0.205659 -0.676455 0.707187
v 0.0133503 0.0414007 -0.008
vn -0.224811 -0.669865 0.707631
v 0.0178854 0.0439409 -0.00405858
vn -0.259657 -0.657912 0.706916
v 0.0168071 0.0401219 -0.008
vn -0.279298 -0.648739 0.707905
v 0.0212882 0.0423969 -0.00405858
vn -0.311983 -0.635023 0.706691
v 0.0201433 0.0385551 -0.008
vn -0.331855 -0.623238 0.708129
v 0.0245589 0.04059 -0.00405858
vn -0.362285 -0.60794 0.706512
v 0.0233348 0.0367116 -0.008
vn -0.382137 -0.593531 0.708302
v 0.0276773 0.0385312 -0.00405858
vn -0.410224 -0.576841 0.706379
v 0.0263588 0.0346044 -0.008
vn -0.429811 -0.559819 0.708424
v 0.030624 0.0362334 -0.00405858
vn -0.455476 -0.541935 0.706291
v 0.0291935 0.0322488 -0.008
vn -0.474562 -0.522327 0.708495
v 0.0333807 0.0337108 -0.00405858
vn -0.497739 -0.503456 0.70625
v 0.0318187 0.0296617 -0.008
vn -0.526205 -0.471667 0.707558
v 0.0394261 -0.0183802 -0.008
vn -0.635262 0.309498 0.707569
v 0.0438528 -0.0181002 -0.00405858
vn -0.654195 0.270629 0.70625
v 0.0408405 -0.0149767 -0.008
vn -0.662504 0.243092 0.708515
v 0.0451413 -0.0145927 -0.00405858
vn -0.67389 0.216972 0.706254
v 0.0419618 -0.0114656 -0.008
vn -0.680359 0.187512 0.708485
v 0.0461498 -0.0109947 -0.00405858
vn -0.689148 0.161891 0.706305
v 0.0427817 -0.00787227 -0.008
vn -0.693609 0.130654 0.708404
v 0.046872 -0.00732846 -0.00405858
vn -0.699867 0.105756 0.706401
v 0.0432946 -0.00422239 -0.008
vn -0.702166 0.0728928 0.708272
v 0.0473034 -0.00361676 -0.00405858
vn -0.705975 0.0489431 0.706543
v 0.0434966 -0.000542201 -0.008
vn -0.705972 0.0146125 0.708089
v 0.0474413 0.000117374 -0.00405858
vn -0.707435 -0.008165 0.706732
v 0.0433864 0.00314188 -0.008
vn -0.704998 -0.0438016 0.707855
v 0.0472849 0.00385078 -0.00405858
vn -0.704238 -0.0651855 0.706965
v 0.0429647 0.00680341 -0.008
vn -0.699248 -0.101962 0.70757
v 0.0468351 0.0075603 -0.00405858
vn -0.696409 -0.121735 0.707245
v 0.0422345 0.0104161 -0.008
vn -0.688757 -0.159483 0.707234
v 0.0460948 0.0112229 -0.00405858
vn -0.684004 -0.177436 0.70757
v 0.0412012 0.013954 -0.008
vn -0.673588 -0.215982 0.706845
v 0.0450686 0.0148159 -0.00405858
vn -0.667111 -0.231913 0.70794
v 0.039872 0.0173917 -0.008
vn -0.653838 -0.271084 0.706406
v 0.0437627 0.018317 -0.00405858
vn -0.645847 -0.284805 0.708356
v 0.0382566 0.0207046 -0.008
vn -0.629632 -0.324422 0.705913
v 0.0421854 0.0217044 -0.00405858
vn -0.620361 -0.335756 0.708816
v 0.0363666 0.0238688 -0.008
vn -0.601124 -0.37564 0.705369
v 0.0403463 0.0249572 -0.00405858
vn -0.590829 -0.384429 0.70932
v 0.0342155 0.0268617 -0.008
vn -0.568496 -0.424394 0.704771
v 0.038257 0.0280552 -0.00405858
vn -0.557455 -0.4305 0.709869
v 0.0359303 0.0309791 -0.00405858
vn -0.533316 -0.459826 0.710024
v 0.00873821 -0.0426133 -0.008
vn -0.170473 0.682899 0.710344
v 0.0123142 -0.0417206 -0.008
vn -0.19669 0.67787 0.708382
v 0.0145952 -0.0451405 -0.00405858
vn -0.221455 0.672251 0.706425
v 0.0158018 -0.0405284 -0.008
vn -0.252094 0.659427 0.70824
v 0.0181026 -0.0438518 -0.00405858
vn -0.274904 0.652056 0.706577
v 0.0191759 -0.0390453 -0.008
vn -0.305818 0.63651 0.708047
v 0.0214977 -0.0422911 -0.00405858
vn -0.326519 0.62758 0.706774
v 0.0224124 -0.0372818 -0.008
vn -0.357504 0.609266 0.707803
v 0.0247595 -0.040468 -0.00405858
vn -0.375952 0.598989 0.707017
v 0.025488 -0.0352507 -0.008
vn -0.406807 0.577875 0.707508
v 0.0278676 -0.0383938 -0.00405858
vn -0.422874 0.566478 0.707305
v 0.0283806 -0.0329665 -0.008
vn -0.4534 0.542541 0.707162
v 0.0308029 -0.0360814 -0.00405858
vn -0.466972 0.530268 0.707639
v 0.0310695 -0.0304457 -0.008
vn -0.49697 0.503494 0.706764
v 0.0335471 -0.0335452 -0.00405858
vn -0.507954 0.490605 0.708018
v 0.0335353 -0.0277062 -0.008
vn -0.537225 0.460989 0.706313
v 0.0360831 -0.0308009 -0.00405858
vn -0.545546 0.44776 0.708442
v 0.0357603 -0.0247679 -0.008
vn -0.573894 0.415303 0.705811
v 0.0383953 -0.0278655 -0.00405858
vn -0.579501 0.402024 0.708911
v 0.0377286 -0.0216518 -0.008
vn -0.606729 0.366734 0.705256
v 0.0404693 -0.0247573 -0.00405858
vn -0.609597 0.353707 0.709425
v 0.0422923 -0.0214954 -0.00405858
vn -0.628353 0.319366 0.70935
v 0.00338942 0.0473789 0.00391716
vn -0.110581 -0.993867 0
v 0.00338942 0.0473789 -0.00391716
vn -0.110581 -0.993867 0
v 0.00710777 0.0469652 0.00391716
vn -0.136635 -0.990621 0
v 0.00710777 0.0469652 -0.00391716
vn -0.162613 -0.98669 0
v 0.010782 0.0462601 0.00391716
vn -0.214177 -0.976795 0
v 0.010782 0.0462601 -0.00391716
vn -0.239765 -0.970831 0
v 0.0143894 0.045268 0.00391716
vn -0.290389 -0.956909 0
v 0.0143894 0.045268 -0.00391716
vn -0.315427 -0.94895 0
v 0.0179075 0.0439951 0.00391716
vn -0.364799 -0.931086 0
v 0.0179075 0.0439951 -0.00391716
vn -0.389134 -0.921181 0
v 0.0213145 0.0424493 0.00391716
vn -0.436948 -0.899487 0
v 0.0213145 0.0424493 -0.00391716
vn -0.460427 -0.887697 0
v 0.0245893 0.0406401 0.00391716
vn -0.506385 -0.862308 0
v 0.0245893 0.0406401 -0.00391716
vn -0.528863 -0.848707 0
v 0.0277115 0.0385788 0.00391716
vn -0.57268 -0.819779 0
v 0.0277115 0.0385788 -0.00391716
vn -0.594018 -0.804451 0
v 0.0306618 0.0362782 0.00391716
vn -0.635423 -0.772164 0
v 0.0306618 0.0362782 -0.00391716
vn -0.655489 -0.755205 0
v 0.0334219 0.0337524 0.00391716
vn -0.694223 -0.71976 0
v 0.0334219 0.0337524 -0.00391716
vn -0.712892 -0.701274 0
v 0.0359746 0.0310173 0.00391716
vn -0.748717 -0.662889 0
v 0.0359746 0.0310173 -0.00391716
vn -0.765874 -0.642991 0
v 0.0383042 0.0280898 0.00391716
vn -0.798566 -0.601907 0
v 0.0383042 0.0280898 -0.00391716
vn -0.814103 -0.580721 0
v 0.0403961 0.024988 0.00391716
vn -0.843461 -0.537191 0
v 0.0403961 0.024988 -0.00391716
vn -0.857282 -0.514847 0
v 0.0422375 0.0217312 0.00391716
vn -0.883123 -0.469141 0
v 0.0422375 0.0217312 -0.00391716
vn -0.895143 -0.445779 0
v 0.0438168 0.0183396 0.00391716
vn -0.917307 -0.398181 0
v 0.0438168 0.0183396 -0.00391716
vn -0.927451 -0.373945 0
v 0.0451242 0.0148342 0.00391716
vn -0.945799 -0.324751 0
v 0.0451242 0.0148342 -0.00391716
vn -0.954004 -0.299793 0
v 0.0461518 0.0112368 0.00391716
vn -0.968424 -0.249307 0
v 0.0461518 0.0112368 -0.00391716
vn -0.97464 -0.22378 0
v 0.046893 0.00756964 0.00391716
vn -0.985042 -0.172315 0
v 0.046893 0.00756964 -0.00391716
vn -0.989229 -0.146378 0
v 0.0473433 0.00385554 0.00391716
vn -0.995548 -0.094255 0
v 0.0473433 0.00385554 -0.00391716
vn -0.997681 -0.068069 0
v 0.0474999 0.00011752 0.00391716
vn -0.999878 -0.0156104 0
v 0.0474999 0.00011752 -0.00391716
vn -0.999943 0.0106622 0
v 0.0473618 -0.00362123 0.00391716
vn -0.998005 0.0631315 0
v 0.0473618 -0.00362123 -0.00391716
vn -0.996002 0.0893281 0
v 0.0469299 -0.00733751 0.00391716
vn -0.989941 0.141482 0
v 0.0469299 -0.00733751 -0.00391716
vn -0.985882 0.16744 0
v 0.0462068 -0.0110083 0.00391716
vn -0.975735 0.218954 0
v 0.0462068 -0.0110083 -0.00391716
vn -0.969646 0.244511 0
v 0.0451971 -0.0146107 0.00391716
vn -0.955476 0.295068 0
v 0.0451971 -0.0146107 -0.00391716
vn -0.947395 0.320067 0
v 0.043907 -0.0181226 0.00391716
vn -0.92929 0.369352 0
v 0.043907 -0.0181226 -0.00391716
vn -0.919266 0.393637 0
v 0.0423445 -0.021522 0.00391716
vn -0.897338 0.441344 0
v 0.0423445 -0.021522 -0.00391716
vn -0.885434 0.464766 0
v 0.0405193 -0.0247878 0.00391716
vn -0.859819 0.510599 0
v 0.0405193 -0.0247878 -0.00391716
vn -0.846109 0.53301 0
v 0.0384427 -0.0278999 0.00391716
vn -0.816967 0.576685 0
v 0.0384427 -0.0278999 -0.00391716
vn -0.801535 0.597948 0
v 0.0361277 -0.030839 0.00391716
vn -0.769046 0.639194 0
v 0.0361277 -0.030839 -0.00391716
vn -0.751988 0.659177 0
v 0.0335885 -0.0335867 0.00391716
vn -0.716353 0.697738 0
v 0.0335885 -0.0335867 -0.00391716
vn -0.697776 0.716316 0
v 0.0308409 -0.036126 0.00391716
vn -0.659218 0.751952 0
v 0.0308409 -0.036126 -0.00391716
vn -0.639236 0.769011 0
v 0.027902 -0.0384412 0.00391716
vn -0.597992 0.801502 0
v 0.027902 -0.0384412 -0.00391716
vn -0.57673 0.816935 0
v 0.0247901 -0.0405179 0.00391716
vn -0.533056 0.84608 0
v 0.0247901 -0.0405179 -0.00391716
vn -0.510645 0.859792 0
v 0.0215243 -0.0423433 0.00391716
vn -0.464814 0.885408 0
v 0.0215243 -0.0423433 -0.00391716
vn -0.441393 0.897314 0
v 0.018125 -0.043906 0.00391716
vn -0.393688 0.919244 0
v 0.018125 -0.043906 -0.00391716
vn -0.369403 0.929269 0
v 0.0146132 -0.0451963 0.00391716
vn -0.320119 0.947377 0
v 0.0146132 -0.0451963 -0.00391716
vn -0.29512 0.95546 0
v 0.0110108 -0.0462062 0.00391716
vn -0.244565 0.969633 0
v 0.0110108 -0.0462062 -0.00391716
vn -0.219008 0.975723 0
v 0.00734007 -0.0469295 0.00391716
vn -0.167493 0.985873 0
v 0.00734007 -0.0469295 -0.00391716
vn -0.141536 0.989933 0
v 0.00362381 -0.0473616 0.00391716
vn -0.115499 0.993308 0
v 0.00362381 -0.0473616 -0.00391716
vn -0.115499 0.993308 0
v 0.00235909 0.0482846 0.0087
vn -0.646577 -0.5699 0.507102
v 0.00339665 0.0473726 0.00396508
vn -0.294168 -0.944083 -0.148906
v 0.0034156 0.0473559 0.00400654
vn -0.374289 -0.87562 -0.305281
v 0.00805774 0.0432752 -0.0087
vn -0.585796 -0.750673 -0.305505
v 0.00235909 0.0482846 -0.0087
vn -0.651144 -0.728279 -0.213593
v 0.00235909 0.0482846 -0.0087
vn -0.736997 -0.675896 3.28562e-07
v 0.00805774 0.0432752 -0.00748102
vn -0.660228 -0.751065 1.13369e-06
v 0.00346222 0.0473149 -0.00405858
vn -0.660228 -0.751065 1.13369e-06
v 0.00346222 0.0473149 -0.00405858
vn -0.350067 -0.862612 0.365176
v 0.00341845 0.0473534 -0.00401099
vn -0.456439 -0.863251 0.21555
v 0.00339751 0.0473718 -0.00396781
vn -0.300941 -0.941554 0.151364
v 0.00338942 0.0473789 -0.00391716
vn -0.338686 -0.937695 0.0775873
v 0.00338942 0.0473789 -0.00391716
vn -0.660227 -0.751066 0
v 0.00235909 0.0482846 0.0087
vn -0.74351 -0.668725 0
v 0.00235909 0.0482846 0.0087
vn -0.657951 -0.748476 0.0829713
v 0.00338942 0.0473789 -0.00391716
vn -0.660227 -0.751066 0
v 0.00338942 0.0473789 0.00391716
vn -0.660227 -0.751066 0
v 0.00338942 0.0473789 0.00391716
vn -0.335424 -0.939161 -0.0739446
v 0.00805774 0.0432752 0.0087
vn -0.561921 -0.753803 0.340625
v 0.00628052 0.0448375 0.00622479
vn -0.660228 -0.751065 -7.4497e-07
v 0.00805774 0.0432752 0.0087
vn -0.660228 -0.751065 -2.15193e-07
v 0.00346222 0.0473149 0.00405858
vn -0.660228 -0.751065 -1.228e-06
v 0.00346222 0.0473149 0.00405858
vn -0.478184 -0.845563 -0.237409
v 0.00647755 -0.0439606 -0.0087
vn -0.720306 0.667347 -0.189226
v 0.00367652 -0.0472987 -0.00405858
vn -0.756747 0.653532 0.0151614
v 0.00367652 -0.0472987 -0.00405858
vn -0.766044 0.642788 -6.98227e-07
v 0.00647755 -0.0439606 -0.0087
vn -0.766044 0.642788 -6.98227e-07
v 0.00193582 -0.0493732 -0.0087
vn -0.766044 0.642788 -6.98227e-07
v 0.00193582 -0.0493732 -0.0087
vn -0.58987 0.471248 -0.655727
v 0.00364731 -0.0473336 -0.00401599
vn -0.452924 0.83673 0.307803
v 0.00363016 -0.047354 -0.00396982
vn -0.397717 0.905708 0.146675
v 0.00647755 -0.0439606 0.0087
vn -0.748707 0.662901 0
v 0.00193582 -0.0493732 0.0087
vn -0.766044 0.642788 0
v 0.00193582 -0.0493732 0.0087
vn -0.832004 0.554769 2.99565e-07
v 0.00647755 -0.0439606 0.00706471
vn -0.766044 0.642788 8.07232e-07
v 0.00367652 -0.0472987 0.00405858
vn -0.766044 0.642788 8.07232e-07
v 0.00193582 -0.0493732 0.0087
vn -0.618349 0.496094 0.609537
v 0.00367652 -0.0472987 0.00405858
vn -0.416393 0.830984 -0.368893
v 0.00364487 -0.0473365 0.00401106
vn -0.549047 0.809711 -0.20716
v 0.00362837 -0.0473561 0.00396189
vn -0.390109 0.90949 -0.143674
v 0.00362381 -0.0473616 0.00391716
vn -0.455848 0.887939 -0.0613826
v 0.00193582 -0.0493732 0.0087
vn -0.766045 0.642787 0
v 0.00362381 -0.0473616 0.00391716
vn -0.766045 0.642787 0
v 0.00193582 -0.0493732 -0.0087
vn -0.766045 0.642787 0
v 0.00193582 -0.0493732 -0.0087
vn -0.823167 0.567799 0
v 0.00362381 -0.0473616 0.00391716
vn -0.766045 0.642787 0
v 0.00362381 -0.0473616 -0.00391716
vn -0.766045 0.642787 0
v 0.00362381 -0.0473616 -0.00391716
vn -0.462617 0.883695 0.0712001
v 0.00111322 0.0503439 0.000712576
vn -0.364401 0.893946 -0.260908
v 0.009 0.0506184 0.001375
vn 0.238527 0.856538 -0.457654
v 0.00113727 0.05025 5.44318e-10
vn -0.121654 0.983486 -0.133997
v 0.009 0.05025 5.44318e-10
vn -0.00489099 0.999612 0.0274259
v 0.0011132 0.050344 -0.000712841
vn -0.184631 0.946559 0.264458
v 0.009 0.0506184 -0.001375
vn -0.00679842 0.85419 0.519916
v 0.009 0.051625 -0.00238157
vn -0.00297299 0.434106 0.900857
v 0.001 0.0512889 -0.00215281
vn -0.00475616 0.706964 0.707234
v 0.00105659 0.0506184 -0.001375
vn -0.311882 0.786353 0.533271
v 0.00105659 0.0506184 0.001375
vn -0.553131 0.67594 -0.486982
v 0.001 0.0512889 0.00215282
vn -0.00740279 0.677056 -0.735894
v 0.009 0.051625 0.00238157
vn -0.00428022 0.508221 -0.861216
v 0.001 0.051625 0.00238157
vn 0 0.25882 -0.965926
v 0.009 0.053 0.00275
vn 0 0.0889625 -0.996035
v 0.001 0.053 0.00275
vn 0 -0.0889624 -0.996035
v 0.009 0.054375 0.00238157
vn 0 -0.420974 -0.907073
v 0.001 0.054375 0.00238157
vn 0 -0.575062 -0.81811
v 0.009 0.0553816 0.001375
vn 0 -0.818111 -0.57506
v 0.001 0.0553816 0.001375
vn 0 -0.907073 -0.420974
v 0.009 0.05575 5.44318e-10
vn 0 -0.996035 -0.0889625
v 0.001 0.05575 5.44318e-10
vn 0 -0.996035 0.0889625
v 0.009 0.0553816 -0.001375
vn 0 -0.907073 0.420973
v 0.001 0.0553816 -0.001375
vn 0 -0.818111 0.57506
v 0.009 0.054375 -0.00238157
vn 0 -0.575061 0.81811
v 0.001 0.054375 -0.00238157
vn 0 -0.420973 0.907073
v 0.009 0.053 -0.00275
vn 0 -0.0889619 0.996035
v 0.001 0.053 -0.00275
vn 0 0.0889621 0.996035
v 0.001 0.051625 -0.00238157
vn 0 0.329514 0.944151
v 0.0321138 0.0482981 0.000673947
vn 0.00198218 0.990347 -0.138599
v 0.032186 0.04825 5.44318e-10
vn 1.47919e-18 1 0.000292367
v 0.009 0.04825 5.44318e-10
vn 0.00200727 0.999998 0.000402726
v 0.0312109 0.0488864 -0.002375
vn 0 0.863367 0.504576
v 0.009 0.0488864 -0.002375
vn 0 0.863367 0.504576
v 0.0319075 0.0484346 -0.00131145
vn 0 0.920411 0.390952
v 0.0319075 0.0484346 -0.00131145
vn 0.00703199 0.965902 0.258814
v 0.009 0.0488864 -0.002375
vn 0.00703199 0.965902 0.258814
v 0.009 0.04825 5.44318e-10
vn 0.00703199 0.965902 0.258814
v 0.0319075 0.0484346 -0.00131145
vn 0.00405437 0.978012 0.208508
v 0.0321132 0.0482984 -0.000676689
vn 0.00199348 0.990291 0.138995
v 0.0300388 0.0496152 0.00333252
vn 0.00617464 0.725666 -0.688019
v 0.0309747 0.0490364 0.00261765
vn 0.00162326 0.778206 -0.628007
v 0.009 0.0488864 0.002375
vn 0.00617464 0.725666 -0.688019
v 0.009 0.0488864 0.002375
vn 0.598404 0.550649 -0.581978
v 0.009 0.0488864 0.002375
vn 0 0.965925 -0.258821
v 0.0312109 0.0488864 0.002375
vn 0 0.965925 -0.258821
v 0.009 0.04825 5.44318e-10
vn 0 0.965925 -0.258821
v 0.009 0.04825 5.44318e-10
vn 0.0144333 0.923834 -0.382522
v 0.0312109 0.0488864 0.002375
vn 0.0144333 0.923834 -0.382522
v 0.0319091 0.0484336 0.00130776
vn 0.0144333 0.923834 -0.382522
v 0.0319091 0.0484336 0.00130776
vn 0.00402654 0.978154 -0.207843
v 0.0267156 0.0515619 0.00452708
vn 0.00602349 0.306194 -0.95195
v 0.0283064 0.0506372 0.00412067
vn 7.88484e-05 0.402481 -0.915428
v 0.009 0.050625 0.00411362
vn 0.00602349 0.306194 -0.95195
v 0.009 0.050625 0.00411362
vn 0.84226 0.0570037 -0.53605
v 0.009 0.050625 0.00411362
vn -4.15707e-06 0.707108 -0.707106
v 0.0283268 0.0506253 0.00411377
vn -4.15707e-06 0.707108 -0.707106
v 0.009 0.0488864 0.002375
vn -4.15707e-06 0.707108 -0.707106
v 0.029 0.0502295 0.00385833
vn 0.0112385 0.661146 -0.750173
v 0.0208196 0.0546066 0.00447003
vn 0.0116397 -0.254152 -0.967094
v 0.0228636 0.0536274 0.00470839
vn 0.0044412 -0.163577 -0.986521
v 0.009 0.053 0.00475
vn 0.00780103 -0.243603 -0.969844
v 0.0240797 0.0530067 0.00475
vn 0.012483 0.00484088 -0.99991
v 0.009 0.053 0.00475
vn -0.000115832 0.258819 -0.965926
v 0.0240797 0.0530067 0.00475
vn -0.000115832 0.258819 -0.965926
v 0.009 0.050625 0.00411362
vn -0.000115832 0.258819 -0.965926
v 0.0248221 0.0526134 0.00473424
vn 0.011523 0.213233 -0.976933
v 0.0159496 0.0566743 0.00301034
vn 0.0207313 -0.709244 -0.704658
v 0.0178471 0.0559065 0.00375697
vn 0.00715343 -0.636572 -0.771184
v 0.009 0.055375 0.00411362
vn 0.0123369 -0.690849 -0.722894
v 0.009 0.055375 0.00411362
vn 0.000172348 -0.258819 -0.965926
v 0.0191125 0.0553692 0.00411699
vn 0.000172348 -0.258819 -0.965926
v 0.009 0.0571136 0.002375
vn 0.0139681 -0.891453 -0.452897
v 0.009 0.05775 5.44318e-10
vn 0.0151837 -0.999755 0.0160988
v 0.0131333 0.05775 1.40498e-06
vn 0.0172516 -0.976815 -0.213387
v 0.0148417 0.057105 0.00238988
vn 0.000757338 -0.707106 -0.707107
v 0.009 0.0571136 -0.002375
vn 0.534307 -0.80552 0.25623
v 0.0133053 0.057686 -0.000777367
vn 0.0271651 -0.972673 0.230583
v 0.009 0.055375 -0.00411362
vn 0.466554 -0.602238 0.647794
v 0.0181801 0.0557672 -0.0038607
vn 0.00697957 -0.652178 0.758034
v 0.0164196 0.0564879 -0.00322444
vn 0.0122248 -0.672636 0.739872
v 0.009 0.055375 -0.00411362
vn 0.000368871 -0.619163 0.785263
v 0.0148351 0.0571075 -0.00238553
vn 0.000537665 -0.707106 0.707107
v 0.009 0.0571136 -0.002375
vn 0.000537665 -0.707106 0.707107
v 0.0206311 0.0546932 -0.00443798
vn 0.0117642 -0.258801 0.965859
v 0.009 0.055375 -0.00411362
vn 0.0117642 -0.258801 0.965859
v 0.009 0.053 -0.00475
vn 0.0117642 -0.258801 0.965859
v 0.0206311 0.0546932 -0.00443798
vn 0.00760909 -0.231536 0.972797
v 0.009 0.053 -0.00475
vn 0.00377886 -0.122468 0.992465
v 0.0228514 0.0536335 -0.00470757
vn 0.00487148 -0.172493 0.984999
v 0.0300364 0.0496167 -0.003334
vn 0.00457589 0.744654 0.667435
v 0.009 0.0488864 -0.002375
vn 0.0112574 0.661003 0.750299
v 0.029 0.0502295 -0.00385833
vn 0.00744349 0.621891 0.783069
v 0.009 0.0488864 -0.002375
vn 0.0049577 0.707099 0.707097
v 0.029 0.0502295 -0.00385833
vn 0.0049577 0.707099 0.707097
v 0.009 0.050625 -0.00411362
vn 0.0049577 0.707099 0.707097
v 0.009 0.050625 -0.00411362
vn 0.00405734 0.418941 0.908004
v 0.0283081 0.0506362 -0.00412009
vn 4.36877e-05 0.441301 0.897359
v 0.0273772 0.0511805 -0.00438772
vn 0.00360521 0.344011 0.938959
v 0.0255847 0.0521979 -0.00468179
vn 0.00561822 0.286802 0.957973
v 0.009 0.050625 -0.00411362
vn 0.00561822 0.286802 0.957973
v 0.009 0.050625 -0.00411362
vn 0.0064143 0.258813 0.965906
v 0.0250186 0.0525074 -0.00472439
vn 0.0064143 0.258813 0.965906
v 0.009 0.053 -0.00475
vn 0.0064143 0.258813 0.965906
v 0.009 0.0506184 -0.001375
vn 1 0 0
v 0.009 0.0488864 -0.002375
vn 1 0 0
v 0.009 0.051625 -0.00238157
vn 1 0 0
v 0.009 0.050625 -0.00411362
vn 1 0 0
v 0.009 0.053 -0.00275
vn 1 0 0
v 0.009 0.053 -0.00475
vn 1 0 0
v 0.009 0.054375 -0.00238157
vn 1 0 0
v 0.009 0.0553816 -0.001375
vn 1 0 0
v 0.009 0.05575 5.44318e-10
vn 1 0 0
v 0.009 0.05775 5.44318e-10
vn 1 0 0
v 0.009 0.0553816 0.001375
vn 1 0 0
v 0.009 0.0571136 0.002375
vn 1 0 0
v 0.009 0.054375 0.00238157
vn 1 0 0
v 0.009 0.055375 0.00411362
vn 1 0 0
v 0.009 0.053 0.00275
vn 1 0 0
v 0.009 0.053 0.00475
vn 1 0 0
v 0.009 0.051625 0.00238157
vn 1 0 0
v 0.009 0.05025 5.44318e-10
vn 1 0 0
v 0.009 0.04825 5.44318e-10
vn 1 0 0
v 0.011 -0.05175 -0.00216506
vn 0.000509458 -0.518943 0.854809
v 0.0264286 -0.0516998 -0.00213528
vn 0.000381784 -0.594257 0.804275
v 0.011 -0.0508349 -0.00125
vn 0.000936735 -0.707107 0.707106
v 0.011 -0.0508349 -0.00125
vn 0.0728794 -0.715456 0.694846
v 0.026799 -0.051488 -0.00199093
vn 0.00330356 -0.714204 0.69993
v 0.0276645 -0.0509909 -0.00148782
vn 0.00241894 -0.750006 0.661426
v 0.011 -0.0508349 -0.00125
vn -0.000238168 -0.965926 0.258819
v 0.0279227 -0.0508427 -0.00126332
vn -0.000238168 -0.965926 0.258819
v 0.011 -0.0505 5.44318e-10
vn -0.000238168 -0.965926 0.258819
v 0.011 -0.0505 5.44318e-10
vn 0.0403611 -0.997461 0.0586792
v 0.011 -0.053 -0.0025
vn 0.0495548 0.26088 0.964098
v 0.0216764 -0.0542382 -0.00214324
vn -0.00226178 0.258819 0.965923
v 0.011 -0.05425 -0.00216506
vn -0.00226178 0.258819 0.965923
v 0.011 -0.05425 -0.00216506
vn 0.0620349 0.692508 0.718738
v 0.022483 -0.0538388 -0.00235508
vn 0.00112426 0.185174 0.982705
v 0.0239271 -0.0530864 -0.00249851
vn 0.00101365 0.16868 0.98567
v 0.011 -0.053 -0.0025
vn -3.18949e-05 -0.258819 0.965926
v 0.0240854 -0.0530016 -0.0025
vn 0.00420941 -0.217204 0.976117
v 0.011 -0.05175 -0.00216506
vn 0.0729585 -0.277235 0.958028
v 0.0251362 -0.0524278 -0.00243364
vn -0.000555341 -0.378364 0.925657
v 0.011 -0.0551651 -0.00125
vn 0.235484 0.897361 0.373217
v 0.011 -0.0551651 -0.00125
vn 0.00492789 0.897981 0.440006
v 0.0197438 -0.0551585 -0.00126125
vn 0.00617502 0.734493 0.678588
v 0.011 -0.0551651 0.00125
vn 0.0488498 0.893832 -0.445733
v 0.0189911 -0.055498 9.88381e-05
vn 0.00275793 0.970237 -0.242143
v 0.011 -0.0555 5.44318e-10
vn 0.00149373 0.999999 -0.000821618
v 0.0189867 -0.0555 -1.08352e-06
vn 0.00597178 0.974749 0.223222
v 0.0199545 -0.0550618 0.00141392
vn 0.00621166 0.715215 -0.698876
v 0.011 -0.05425 0.00216506
vn 0.00485525 0.506099 -0.862462
v 0.011 -0.053 0.0025
vn 0.0053901 -0.0156739 -0.999863
v 0.0230194 -0.0535639 0.00243558
vn 0.00319973 0.259318 -0.965787
v 0.0259835 -0.0519527 0.00227008
vn 0.0021713 -0.328714 -0.944427
v 0.0247331 -0.0526501 0.0024754
vn 0.0043215 -0.266373 -0.96386
v 0.011 -0.05175 0.00216506
vn 0.00327808 -0.302442 -0.953162
v 0.0245131 -0.0527703 0.00248943
vn 0.00364356 -0.258817 -0.965919
v 0.011 -0.053 0.0025
vn 0.13516 0.0670557 -0.988552
v 0.011 -0.0508349 0.00125
vn 0.0628994 -0.769829 -0.635144
v 0.0266077 -0.0515974 0.00206949
vn 0.00347007 -0.68296 -0.730448
v 0.011 -0.0508349 0.00125
vn 0.00258224 -0.707105 -0.707104
v 0.011 -0.05175 0.00216506
vn 0.00258224 -0.707105 -0.707104
v 0.011 -0.0505 5.44318e-10
vn 0.0033425 -0.96592 -0.258818
v 0.0281571 -0.0507084 0.000999222
vn 0.0033425 -0.96592 -0.258818
v 0.011 -0.0508349 0.00125
vn 0.0033425 -0.96592 -0.258818
v 0.011 -0.0509 5.44318e-10
vn 1 0 0
v 0.011 -0.0511813 0.00105
vn 1 0 0
v 0.011 -0.05175 0.00216506
vn 1 0 0
v 0.011 -0.053 0.0021
vn 1 0 0
v 0.011 -0.05405 0.00181865
vn 1 0 0
v 0.011 -0.05425 0.00216506
vn 1 0 0
v 0.011 -0.0548187 0.00105
vn 1 0 0
v 0.011 -0.0551 5.44318e-10
vn 1 0 0
v 0.011 -0.0555 5.44318e-10
vn 1 0 0
v 0.011 -0.0548187 -0.00105
vn 1 0 0
v 0.011 -0.05405 -0.00181865
vn 1 0 0
v 0.011 -0.053 -0.0021
vn 1 0 0
v 0.00710549 0.0469501 -0.00399369
vn -0.138203 -0.917205 0.373678
v 0.00734007 -0.0469295 -0.00391716
vn -0.155443 0.9708 0.182715
v 0.00710777 0.0469652 -0.00391716
vn -0.13814 -0.974472 0.176982
v 0.010782 0.0462601 -0.00391716
vn -0.210064 -0.958024 0.195096
v 0.0107786 0.0462453 -0.00399369
vn -0.210697 -0.899555 0.382633
v 0.0143894 0.045268 -0.00391716
vn -0.284814 -0.938528 0.195056
v 0.0143848 0.0452535 -0.00399369
vn -0.280842 -0.880184 0.382628
v 0.0179075 0.0439951 -0.00391716
vn -0.357793 -0.913195 0.195088
v 0.0179017 0.043981 -0.00399369
vn -0.349243 -0.855349 0.382633
v 0.0213145 0.0424493 -0.00391716
vn -0.428554 -0.882203 0.195085
v 0.0213077 0.0424357 -0.00399369
vn -0.415474 -0.825202 0.382652
v 0.0245893 0.0406401 -0.00391716
vn -0.49666 -0.845742 0.195061
v 0.0245814 0.0406271 -0.00399369
vn -0.479131 -0.789943 0.382653
v 0.0277115 0.0385788 -0.00391716
vn -0.561679 -0.804026 0.195087
v 0.0277026 0.0385664 -0.00399369
vn -0.539817 -0.749784 0.382651
v 0.0306618 0.0362782 -0.00391716
vn -0.623217 -0.757328 0.195079
v 0.030652 0.0362665 -0.00399369
vn -0.597153 -0.704975 0.382647
v 0.0334219 0.0337524 -0.00391716
vn -0.68089 -0.705931 0.195065
v 0.0334112 0.0337416 -0.00399369
vn -0.650783 -0.655788 0.382654
v 0.0359746 0.0310173 -0.00391716
vn -0.734335 -0.650152 0.195077
v 0.0359631 0.0310074 -0.00399369
vn -0.700381 -0.602539 0.38264
v 0.0383042 0.0280898 -0.00391716
vn -0.783229 -0.590344 0.195052
v 0.0382919 0.0280808 -0.00399369
vn -0.745632 -0.545549 0.382634
v 0.0403961 0.024988 -0.00391716
vn -0.827258 -0.526867 0.195078
v 0.0403832 0.02498 -0.00399369
vn -0.786248 -0.485169 0.382655
v 0.0422375 0.0217312 -0.00391716
vn -0.866156 -0.460124 0.19509
v 0.0422239 0.0217243 -0.00399369
vn -0.821995 -0.421785 0.382651
v 0.0438168 0.0183396 -0.00391716
vn -0.899685 -0.390529 0.195074
v 0.0438027 0.0183337 -0.00399369
vn -0.852645 -0.355784 0.38264
v 0.0451242 0.0148342 -0.00391716
vn -0.927632 -0.318511 0.195063
v 0.0451098 0.0148294 -0.00399369
vn -0.877999 -0.287574 0.382646
v 0.0461518 0.0112368 -0.00391716
vn -0.949819 -0.244514 0.195081
v 0.046137 0.0112332 -0.00399369
vn -0.897903 -0.21758 0.382661
v 0.046893 0.00756964 -0.00391716
vn -0.966114 -0.169001 0.195096
v 0.0468779 0.00756721 -0.00399369
vn -0.912245 -0.146238 0.382652
v 0.0473433 0.00385554 -0.00391716
vn -0.976422 -0.0924416 0.195078
v 0.0473281 0.0038543 -0.00399369
vn -0.920926 -0.0739876 0.382651
v 0.0474999 0.00011752 -0.00391716
vn -0.980667 -0.0153076 0.195083
v 0.0474846 0.000117482 -0.00399369
vn -0.923895 -0.00127877 0.382643
v 0.0473618 -0.00362123 -0.00391716
vn -0.978829 0.0619212 0.195087
v 0.0473466 -0.00362007 -0.00399369
vn -0.92113 0.0714388 0.382644
v 0.0469299 -0.00733751 -0.00391716
vn -0.970919 0.138766 0.195091
v 0.0469148 -0.00733516 -0.00399369
vn -0.91265 0.143713 0.382645
v 0.0462068 -0.0110083 -0.00391716
vn -0.95699 0.21475 0.195068
v 0.046192 -0.0110047 -0.00399369
vn -0.89851 0.215095 0.382641
v 0.0451971 -0.0146107 -0.00391716
vn -0.937118 0.289402 0.195082
v 0.0451826 -0.0146061 -0.00399369
vn -0.878787 0.285142 0.382659
v 0.043907 -0.0181226 -0.00391716
vn -0.911432 0.362257 0.195092
v 0.0438929 -0.0181168 -0.00399369
vn -0.853617 0.353419 0.382667
v 0.0423445 -0.021522 -0.00391716
vn -0.880091 0.432865 0.195109
v 0.0423309 -0.0215151 -0.00399369
vn -0.823159 0.419508 0.382651
v 0.0405193 -0.0247878 -0.00391716
vn -0.843298 0.50079 0.195085
v 0.0405063 -0.0247799 -0.00399369
vn -0.787595 0.482995 0.382634
v 0.0384427 -0.0278999 -0.00391716
vn -0.801268 0.565606 0.195089
v 0.0384304 -0.027891 -0.00399369
vn -0.747138 0.543482 0.382638
v 0.0361277 -0.030839 -0.00391716
vn -0.754268 0.626915 0.195082
v 0.0361161 -0.0308291 -0.00399369
vn -0.702047 0.600598 0.382639
v 0.0335885 -0.0335867 -0.00391716
vn -0.702594 0.684339 0.195044
v 0.0335777 -0.0335759 -0.00399369
vn -0.6526 0.653988 0.382639
v 0.0308409 -0.036126 -0.00391716
vn -0.646553 0.73751 0.195059
v 0.030831 -0.0361144 -0.00399369
vn -0.599104 0.703321 0.382641
v 0.027902 -0.0384412 -0.00391716
vn -0.586502 0.786107 0.195066
v 0.0278931 -0.0384289 -0.00399369
vn -0.541893 0.748292 0.382638
v 0.0247901 -0.0405179 -0.00391716
vn -0.522813 0.829827 0.195074
v 0.0247821 -0.040505 -0.00399369
vn -0.481318 0.788617 0.382643
v 0.0215243 -0.0423433 -0.00391716
vn -0.455882 0.8684 0.195072
v 0.0215174 -0.0423297 -0.00399369
vn -0.41776 0.824055 0.382635
v 0.018125 -0.043906 -0.00391716
vn -0.386124 0.901589 0.195055
v 0.0181192 -0.0438919 -0.00399369
vn -0.351606 0.854373 0.382649
v 0.0146132 -0.0451963 -0.00391716
vn -0.313966 0.929176 0.195084
v 0.0146085 -0.0451818 -0.00399369
vn -0.283274 0.879396 0.382647
v 0.0110108 -0.0462062 -0.00391716
vn -0.239864 0.951006 0.195071
v 0.0110073 -0.0461914 -0.00399369
vn -0.213185 0.898965 0.38264
v 0.00733772 -0.0469144 -0.00399369
vn -0.142806 0.899321 0.413314
v 0.007099 0.0469073 -0.00405858
vn -0.135738 -0.820356 0.555509
v 0.0143716 0.0452122 -0.00405858
vn -0.26229 -0.789066 0.555499
v 0.0178854 0.0439409 -0.00405858
vn -0.323571 -0.76596 0.555524
v 0.0212882 0.0423969 -0.00405858
vn -0.382839 -0.738095 0.555563
v 0.0245589 0.04059 -0.00405858
vn -0.439752 -0.705691 0.555534
v 0.0276773 0.0385312 -0.00405858
vn -0.493927 -0.668891 0.555536
v 0.030624 0.0362334 -0.00405858
vn -0.545033 -0.627936 0.55555
v 0.0333807 0.0337108 -0.00405858
vn -0.592767 -0.583097 0.55554
v 0.0359303 0.0309791 -0.00405858
vn -0.636828 -0.534643 0.555524
v 0.038257 0.0280552 -0.00405858
vn -0.676926 -0.48286 0.555534
v 0.0403463 0.0249572 -0.00405858
vn -0.712826 -0.428085 0.555537
v 0.0421854 0.0217044 -0.00405858
vn -0.744307 -0.370655 0.555538
v 0.0437627 0.018317 -0.00405858
vn -0.771172 -0.310927 0.555533
v 0.0450686 0.0148159 -0.00405858
vn -0.793244 -0.249267 0.555545
v 0.0460948 0.0112229 -0.00405858
vn -0.810404 -0.186064 0.555541
v 0.0468351 0.0075603 -0.00405858
vn -0.822537 -0.121706 0.555537
v 0.0472849 0.00385078 -0.00405858
vn -0.829565 -0.0565924 0.555535
v 0.0474413 0.000117374 -0.00405858
vn -0.83146 0.00887231 0.555514
v 0.0473034 -0.00361676 -0.00405858
vn -0.828172 0.0742828 0.55553
v 0.046872 -0.00732846 -0.00405858
vn -0.819757 0.139232 0.555529
v 0.0461498 -0.0109947 -0.00405858
vn -0.806251 0.203316 0.555537
v 0.0451413 -0.0145927 -0.00405858
vn -0.787742 0.266138 0.555548
v 0.0438528 -0.0181002 -0.00405858
vn -0.764359 0.327312 0.555537
v 0.0422923 -0.0214954 -0.00405858
vn -0.736243 0.386462 0.555512
v 0.0404693 -0.0247573 -0.00405858
vn -0.703543 0.443208 0.555512
v 0.0383953 -0.0278655 -0.00405858
vn -0.666474 0.4972 0.555522
v 0.0360831 -0.0308009 -0.00405858
vn -0.625262 0.5481 0.555548
v 0.0335471 -0.0335452 -0.00405858
vn -0.58019 0.595615 0.555538
v 0.0308029 -0.0360814 -0.00405858
vn -0.53152 0.639437 0.555525
v 0.0278676 -0.0383938 -0.00405858
vn -0.479543 0.679283 0.555529
v 0.0247595 -0.040468 -0.00405858
vn -0.424594 0.714917 0.555529
v 0.0214977 -0.0422911 -0.00405858
vn -0.367009 0.746113 0.555536
v 0.0181026 -0.0438518 -0.00405858
vn -0.307148 0.772679 0.555543
v 0.0145952 -0.0451405 -0.00405858
vn -0.245387 0.794468 0.555523
v 0.00710777 0.0469652 0.00391716
vn -0.151414 -0.971678 -0.181426
v 0.00733772 -0.0469144 0.00399369
vn -0.142221 0.91674 -0.373311
v 0.00710549 0.0469501 0.00399369
vn -0.139039 -0.901442 -0.409964
v 0.0107786 0.0462453 0.00399369
vn -0.208734 -0.900006 -0.382647
v 0.0143716 0.0452122 0.00405858
vn -0.241455 -0.79568 -0.555511
v 0.0143848 0.0452535 0.00399369
vn -0.278924 -0.880799 -0.382615
v 0.0178854 0.0439409 0.00405858
vn -0.303332 -0.774216 -0.555499
v 0.0179017 0.043981 0.00399369
vn -0.347375 -0.856103 -0.382645
v 0.0212882 0.0423969 0.00405858
vn -0.363308 -0.747911 -0.55555
v 0.0213077 0.0424357 0.00399369
vn -0.413671 -0.8261 -0.382668
v 0.0245589 0.04059 0.00405858
vn -0.421045 -0.716998 -0.555549
v 0.0245814 0.0406271 0.00399369
vn -0.477411 -0.79099 -0.382639
v 0.0276773 0.0385312 0.00405858
vn -0.476176 -0.681646 -0.555532
v 0.0277026 0.0385664 0.00399369
vn -0.53818 -0.750959 -0.382652
v 0.030624 0.0362334 0.00405858
vn -0.528341 -0.64205 -0.555543
v 0.030652 0.0362665 0.00399369
vn -0.595612 -0.706272 -0.382657
v 0.0333807 0.0337108 0.00405858
vn -0.57723 -0.598473 -0.55555
v 0.0334112 0.0337416 0.00399369
vn -0.649354 -0.657208 -0.382645
v 0.0359303 0.0309791 0.00405858
vn -0.622551 -0.551195 -0.555531
v 0.0359631 0.0310074 0.00399369
vn -0.699065 -0.604065 -0.38264
v 0.038257 0.0280552 0.00405858
vn -0.664002 -0.500489 -0.555529
v 0.0382919 0.0280808 0.00399369
vn -0.74444 -0.547173 -0.382635
v 0.0403463 0.0249572 0.00405858
vn -0.701329 -0.446676 -0.555535
v 0.0403832 0.02498 0.00399369
vn -0.785191 -0.486884 -0.382649
v 0.0421854 0.0217044 0.00405858
vn -0.734305 -0.390092 -0.55554
v 0.0422239 0.0217243 0.00399369
vn -0.821072 -0.423575 -0.382655
v 0.0437627 0.018317 0.00405858
vn -0.762733 -0.331092 -0.555533
v 0.0438027 0.0183337 0.00399369
vn -0.851866 -0.357642 -0.382645
v 0.0450686 0.0148159 0.00405858
vn -0.786421 -0.270034 -0.555538
v 0.0451098 0.0148294 0.00399369
vn -0.87737 -0.289488 -0.382647
v 0.0460948 0.0112229 0.00405858
vn -0.80523 -0.207302 -0.555546
v 0.046137 0.0112332 0.00399369
vn -0.89743 -0.219538 -0.382653
v 0.0468351 0.0075603 0.00405858
vn -0.819054 -0.143286 -0.555536
v 0.0468779 0.00756721 0.00399369
vn -0.911923 -0.148226 -0.382657
v 0.0472849 0.00385078 0.00405858
vn -0.827785 -0.0783789 -0.555543
v 0.0473281 0.0038543 0.00399369
vn -0.920764 -0.0759956 -0.382647
v 0.0474413 0.000117374 0.00405858
vn -0.831402 -0.0129866 -0.55552
v 0.0474846 0.000117482 0.00399369
vn -0.923893 -0.003293 -0.382636
v 0.0473034 -0.00361676 0.00405858
vn -0.829843 0.0524874 -0.555523
v 0.0473466 -0.00362007 0.00399369
vn -0.921281 0.06943 -0.382649
v 0.046872 -0.00732846 0.00405858
vn -0.823134 0.117635 -0.555529
v 0.0469148 -0.00733516 0.00399369
vn -0.912959 0.141722 -0.382649
v 0.0461498 -0.0109947 0.00405858
vn -0.811321 0.182053 -0.555531
v 0.046192 -0.0110047 0.00399369
vn -0.898975 0.213136 -0.382645
v 0.0451413 -0.0145927 0.00405858
vn -0.794469 0.24534 -0.555542
v 0.0451826 -0.0146061 0.00399369
vn -0.879407 0.283225 -0.382657
v 0.0438528 -0.0181002 0.00405858
vn -0.772692 0.307104 -0.555549
v 0.0438929 -0.0181168 0.00399369
vn -0.85439 0.351559 -0.382655
v 0.0422923 -0.0214954 0.00405858
vn -0.74614 0.366972 -0.555524
v 0.0423309 -0.0215151 0.00399369
vn -0.824074 0.417713 -0.382647
v 0.0404693 -0.0247573 0.00405858
vn -0.71495 0.424561 -0.555513
v 0.0405063 -0.0247799 0.00399369
vn -0.788646 0.481277 -0.382636
v 0.0383953 -0.0278655 0.00405858
vn -0.679319 0.479514 -0.55551
v 0.0384304 -0.027891 0.00399369
vn -0.748319 0.54185 -0.382644
v 0.0360831 -0.0308009 0.00405858
vn -0.639461 0.53148 -0.555535
v 0.0361161 -0.0308291 0.00399369
vn -0.703349 0.599061 -0.382657
v 0.0335471 -0.0335452 0.00405858
vn -0.595642 0.580153 -0.555547
v 0.0335777 -0.0335759 0.00399369
vn -0.654025 0.652566 -0.382634
v 0.0308029 -0.0360814 0.00405858
vn -0.548142 0.625241 -0.555531
v 0.030831 -0.0361144 0.00399369
vn -0.600638 0.702016 -0.382632
v 0.0278676 -0.0383938 0.00405858
vn -0.497235 0.666444 -0.555526
v 0.0278931 -0.0384289 0.00399369
vn -0.543523 0.747108 -0.382638
v 0.0247595 -0.040468 0.00405858
vn -0.44324 0.703509 -0.55553
v 0.0247821 -0.040505 0.00399369
vn -0.483037 0.787566 -0.382642
v 0.0214977 -0.0422911 0.00405858
vn -0.386498 0.736213 -0.555527
v 0.0215174 -0.0423297 0.00399369
vn -0.419554 0.823139 -0.382645
v 0.0181026 -0.0438518 0.00405858
vn -0.327352 0.764336 -0.555546
v 0.0181192 -0.0438919 0.00399369
vn -0.35347 0.853607 -0.382642
v 0.0145952 -0.0451405 0.00405858
vn -0.266184 0.787739 -0.555529
v 0.0146085 -0.0451818 0.00399369
vn -0.285192 0.878778 -0.382643
v 0.0110073 -0.0461914 0.00399369
vn -0.215144 0.898497 -0.382644
v 0.00733102 -0.0468716 0.00405858
vn -0.139661 0.819684 -0.555529
v 0.010782 0.0462601 0.00391716
vn -0.235156 -0.952182 -0.195065
v 0.0143894 0.045268 0.00391716
vn -0.309366 -0.930721 -0.195068
v 0.0179075 0.0439951 0.00391716
vn -0.381653 -0.903481 -0.195097
v 0.0213145 0.0424493 0.00391716
vn -0.45158 -0.870646 -0.195067
v 0.0245893 0.0406401 0.00391716
vn -0.518701 -0.832404 -0.195071
v 0.0277115 0.0385788 0.00391716
vn -0.582602 -0.788996 -0.195091
v 0.0306618 0.0362782 0.00391716
vn -0.642895 -0.740699 -0.195067
v 0.0334219 0.0337524 0.00391716
vn -0.699195 -0.687803 -0.195071
v 0.0359746 0.0310173 0.00391716
vn -0.751159 -0.630642 -0.195068
v 0.0383042 0.0280898 0.00391716
vn -0.798464 -0.569568 -0.195057
v 0.0403961 0.024988 0.00391716
vn -0.840808 -0.504956 -0.195094
v 0.0422375 0.0217312 0.00391716
vn -0.877944 -0.437217 -0.19508
v 0.0438168 0.0183396 0.00391716
vn -0.909634 -0.366765 -0.195066
v 0.0451242 0.0148342 0.00391716
vn -0.935676 -0.294036 -0.19507
v 0.0461518 0.0112368 0.00391716
vn -0.955911 -0.219482 -0.195094
v 0.046893 0.00756964 0.00391716
vn -0.970221 -0.143569 -0.195088
v 0.0473433 0.00385554 0.00391716
vn -0.978513 -0.0667639 -0.195075
v 0.0474999 0.00011752 0.00391716
vn -0.98073 0.0104546 -0.195089
v 0.0473618 -0.00362123 0.00391716
vn -0.976865 0.087609 -0.195088
v 0.0469299 -0.00733751 0.00391716
vn -0.966941 0.16422 -0.195081
v 0.0462068 -0.0110083 0.00391716
vn -0.95102 0.239812 -0.195069
v 0.0451971 -0.0146107 0.00391716
vn -0.929191 0.313914 -0.195094
v 0.043907 -0.0181226 0.00391716
vn -0.901602 0.386071 -0.1951
v 0.0423445 -0.021522 0.00391716
vn -0.86842 0.455832 -0.195102
v 0.0405193 -0.0247878 0.00391716
vn -0.829854 0.522768 -0.195079
v 0.0384427 -0.0278999 0.00391716
vn -0.786135 0.586456 -0.195091
v 0.0361277 -0.030839 0.00391716
vn -0.737546 0.646513 -0.195059
v 0.0335885 -0.0335867 0.00391716
vn -0.684377 0.702557 -0.195044
v 0.0308409 -0.036126 0.00391716
vn -0.626958 0.754236 -0.19507
v 0.027902 -0.0384412 0.00391716
vn -0.565652 0.80124 -0.195069
v 0.0247901 -0.0405179 0.00391716
vn -0.500837 0.843272 -0.195076
v 0.0215243 -0.0423433 0.00391716
vn -0.432917 0.880076 -0.195061
v 0.018125 -0.043906 0.00391716
vn -0.362309 0.911417 -0.195066
v 0.0146132 -0.0451963 0.00391716
vn -0.289453 0.937101 -0.195086
v 0.0110108 -0.0462062 0.00391716
vn -0.214803 0.956979 -0.195067
v 0.00734007 -0.0469295 0.00391716
vn -0.14387 0.973861 -0.175776
v 0.001 -0.0519444 -0.0018154
vn -0.989204 0.146439 -0.00556076
v 0.00124123 -0.0505763 -0.0087
vn -0.978395 0.200393 -0.0508436
v 0.00124123 -0.0505763 0.0087
vn -0.972694 0.22487 0.0574459
v 0.00102337 -0.0515126 0.00148247
vn -0.985272 0.170827 0.00757887
v 0.00124123 -0.0505763 -0.0087
vn -0.866025 0.500001 0
v 0.00124123 -0.0505763 0.0087
vn -0.866025 0.500001 0
v 0.0074939 -0.0430957 0.0087
vn -0.525265 0.831196 0.182239
v 0.0074939 -0.0430957 -0.0087
vn -0.499815 0.815247 -0.292502
v 0.00135558 0.0496402 0.0087
vn -0.970094 -0.242664 0.00556053
v 0.00105659 0.0506184 -0.001375
vn -0.976919 -0.213307 -0.0113886
v 0.00135558 0.0496402 -0.0087
vn -0.976919 -0.213307 -0.0113886
v 0.00135558 0.0496402 -0.0087
vn -0.933141 -0.344395 -0.103152
v 0.00113727 0.05025 5.44318e-10
vn -0.941486 -0.337053 0
v 0.00135558 0.0496402 0.0087
vn -0.803732 -0.594991 0
v 0.00135558 0.0496402 -0.0087
vn -0.803732 -0.594991 0
v 0.00986528 0.0426745 -0.009
vn -0.239837 -0.667795 -0.704648
v 0.0082558 0.0435005 -0.009
vn -0.441463 -0.552877 -0.706709
v 0.016923 0.0403986 -0.009
vn -0.291533 -0.644367 -0.706966
v 0.0234957 0.0369647 -0.009
vn -0.396058 -0.585949 -0.706967
v 0.0293949 0.0324712 -0.009
vn -0.489231 -0.510737 -0.706966
v 0.0344514 0.027047 -0.009
vn -0.568381 -0.420884 -0.706965
v 0.0385205 0.0208474 -0.009
vn -0.631237 -0.318967 -0.706965
v 0.0414853 0.0140502 -0.009
vn -0.676 -0.207906 -0.706965
v 0.043261 0.00685033 -0.009
vn -0.701383 -0.0908857 -0.706967
v 0.0437966 -0.00054594 -0.009
vn -0.706663 0.0287397 -0.706967
v 0.0430768 -0.00792656 -0.009
vn -0.691688 0.147541 -0.706965
v 0.0411222 -0.01508 -0.009
vn -0.656884 0.262114 -0.706965
v 0.0379888 -0.0218011 -0.009
vn -0.60325 0.369172 -0.706967
v 0.0337665 -0.0278973 -0.009
vn -0.532326 0.46565 -0.706964
v 0.0285763 -0.0331939 -0.009
vn -0.446142 0.548779 -0.706964
v 0.0159108 -0.0408079 -0.009
vn -0.238245 0.665914 -0.706963
v 0.00879847 -0.0429072 -0.009
vn -0.208656 0.677348 -0.705452
v 0.00255716 0.0485099 -0.009
vn -0.574747 -0.425478 -0.699024
v 0.00162891 0.0497639 -0.009
vn -0.665355 -0.242351 -0.706094
v 0.00670736 -0.0441535 -0.009
vn -0.5299 0.468374 -0.706988
v 0.00764749 -0.0433534 -0.009
vn -0.325664 0.628353 -0.706481
v 0.0013 0.0577529 -0.009
vn -0.494605 0.285253 -0.820973
v 0.0287902 0.0498661 -0.009
vn 0.382188 0.667711 -0.638823
v 0.0257028 0.0515588 -0.009
vn 0.335688 0.675199 -0.656826
v 0.0223627 0.0531269 -0.009
vn 0.28582 0.680038 -0.67517
v 0.0189206 0.0544786 -0.009
vn 0.235797 0.682028 -0.69227
v 0.015401 0.055603 -0.009
vn 0.186941 0.681653 -0.707391
v 0.0118174 0.0564963 -0.009
vn 0.139443 0.679517 -0.720286
v 0.00817714 0.0571561 -0.009
vn 0.0934598 0.675941 -0.731005
v 0.0362932 -0.0447023 -0.009
vn 0.472729 -0.612284 -0.633748
v 0.0365577 -0.0450281 -0.00848795
vn 0.501973 -0.588544 -0.63375
v 0.0424053 -0.0389524 -0.009
vn 0.556703 -0.53707 -0.633749
v 0.0427143 -0.0392363 -0.00848795
vn 0.582187 -0.509332 -0.633751
v 0.0476167 -0.0323751 -0.009
vn 0.628855 -0.45045 -0.633748
v 0.0479637 -0.0326111 -0.00848795
vn 0.650036 -0.419303 -0.63375
v 0.0518167 -0.0251102 -0.009
vn 0.687649 -0.354262 -0.633748
v 0.0521944 -0.0252932 -0.00848795
vn 0.704078 -0.320367 -0.633751
v 0.0549162 -0.017312 -0.009
vn 0.731839 -0.250551 -0.633748
v 0.0553164 -0.0174382 -0.00848795
vn 0.743167 -0.214628 -0.633749
v 0.0568493 -0.00914612 -0.009
vn 0.760485 -0.141517 -0.633747
v 0.0572636 -0.00921278 -0.00848795
vn 0.76647 -0.104329 -0.63375
v 0.057575 -0.000785951 -0.009
vn 0.772977 -0.0294782 -0.633748
v 0.0579946 -0.000791678 -0.00848795
vn 0.773494 0.00818516 -0.633751
v 0.0570778 0.00759091 -0.009
vn 0.769054 0.083187 -0.633748
v 0.0574938 0.00764623 -0.00848795
vn 0.76409 0.120526 -0.63375
v 0.0553683 0.0158065 -0.009
vn 0.748795 0.194085 -0.633748
v 0.0557718 0.0159217 -0.00848795
vn 0.738457 0.230306 -0.633751
v 0.0524828 0.0236865 -0.009
vn 0.712632 0.300861 -0.633749
v 0.0528653 0.0238591 -0.00848795
vn 0.69714 0.335195 -0.63375
v 0.0484827 0.0310633 -0.009
vn 0.661335 0.401248 -0.633747
v 0.048836 0.0312897 -0.00848795
vn 0.641017 0.432965 -0.633749
v 0.0434528 0.0377804 -0.009
vn 0.595991 0.493112 -0.633748
v 0.0437694 0.0380557 -0.00848795
vn 0.571277 0.521538 -0.633751
v 0.0374999 0.043695 -0.009
vn 0.517987 0.574501 -0.633749
v 0.0307506 0.0486816 -0.009
vn 0.453023 0.627623 -0.633134
v 0.0013 -0.0577529 -0.009
vn -0.498283 -0.28189 -0.81991
v 0.00448815 -0.0575799 -0.009
vn 0.0594056 -0.676059 -0.734449
v 0.00813348 -0.0571626 -0.009
vn 0.108826 -0.680913 -0.724234
v 0.0117508 -0.0565106 -0.009
vn 0.155386 -0.684546 -0.712216
v 0.0153149 -0.0556275 -0.009
vn 0.203421 -0.68662 -0.697978
v 0.018813 -0.0545167 -0.009
vn 0.252812 -0.686608 -0.681657
v 0.0222382 -0.0531803 -0.009
vn 0.299496 -0.63886 -0.708632
v 0.00879847 -0.0429072 0.009
vn -0.208961 0.67727 0.705437
v 0.00764749 -0.0433534 0.009
vn -0.397717 0.585409 0.706482
v 0.00647755 -0.0439606 0.0087
vn -0.529899 0.468373 0.706989
v 0.00670736 -0.0441535 0.009
vn -0.530294 0.467915 0.706997
v 0.0159108 -0.0408079 0.009
vn -0.275381 0.651434 0.706965
v 0.0285763 -0.0331939 0.009
vn -0.476348 0.522773 0.706965
v 0.0337665 -0.0278973 0.009
vn -0.557712 0.434921 0.706966
v 0.0379888 -0.0218011 0.009
vn -0.623088 0.334601 0.706967
v 0.0411222 -0.01508 0.009
vn -0.670607 0.224692 0.706965
v 0.0430768 -0.00792656 0.009
vn -0.698899 0.108341 0.706967
v 0.0437966 -0.00054594 0.009
vn -0.707158 -0.0111157 0.706968
v 0.043261 0.00685033 0.009
vn -0.695149 -0.130254 0.706967
v 0.0414853 0.0140502 0.009
vn -0.663213 -0.245658 0.706966
v 0.0385205 0.0208474 0.009
vn -0.612265 -0.35402 0.706967
v 0.0344514 0.027047 0.009
vn -0.543767 -0.452235 0.706966
v 0.0293949 0.0324712 0.009
vn -0.459681 -0.537485 0.706968
v 0.0234957 0.0369647 0.009
vn -0.36242 -0.60733 0.706967
v 0.016923 0.0403986 0.009
vn -0.25477 -0.659768 0.706964
v 0.00986528 0.0426745 0.009
vn -0.239074 -0.66802 0.704693
v 0.0082558 0.0435005 0.009
vn -0.440624 -0.553577 0.706684
v 0.0013 -0.0576117 0.009
vn -0.567617 -0.11142 0.815719
v 0.00135558 0.0496402 0.0087
vn -0.663358 -0.247222 0.706284
v 0.0256698 -0.051466 0.009
vn 0.266074 -0.534296 0.802329
v 0.0223429 -0.053022 0.009
vn 0.219423 -0.520826 0.824981
v 0.0189156 -0.0543625 0.009
vn 0.174774 -0.50375 0.845984
v 0.0154145 -0.0554766 0.009
vn 0.133575 -0.48462 0.864466
v 0.0118476 -0.0563624 0.009
vn 0.0961159 -0.464839 0.880163
v 0.00822683 -0.0570167 0.009
vn 0.0623452 -0.445295 0.893211
v 0.0013 0.0576117 0.009
vn -0.327954 0.265491 0.906621
v 0.028741 0.0497878 0.009
vn 0.279215 0.510644 0.813193
v 0.0307013 0.0486034 0.009
vn 0.366741 0.517646 0.77301
v 0.0374398 0.0436249 0.009
vn 0.400978 0.491061 0.773353
v 0.043383 0.0377197 0.009
vn 0.468095 0.427564 0.773353
v 0.0437694 0.0380557 0.00858036
vn 0.488353 0.404269 0.773355
v 0.0484049 0.0310134 0.009
vn 0.525272 0.354987 0.773352
v 0.048836 0.0312897 0.00858036
vn 0.541927 0.328994 0.773355
v 0.0523986 0.0236485 0.009
vn 0.57129 0.274869 0.773353
v 0.0528653 0.0238591 0.00858036
vn 0.583991 0.246731 0.773355
v 0.0552795 0.0157812 0.009
vn 0.605175 0.188912 0.773353
v 0.0557718 0.0159217 0.00858036
vn 0.613651 0.159228 0.773355
v 0.0569862 0.00757873 0.009
vn 0.626206 0.0989441 0.773353
v 0.0574938 0.00764623 0.00858036
vn 0.630278 0.0683427 0.773356
v 0.0574826 -0.00078469 0.009
vn 0.633937 0.00687443 0.773354
v 0.0579946 -0.000791678 0.00858036
vn 0.633518 -0.0239938 0.773356
v 0.0567581 -0.00913144 0.009
vn 0.628205 -0.0853414 0.773353
v 0.0572636 -0.00921278 0.00858036
vn 0.623305 -0.115821 0.773354
v 0.0548281 -0.0172842 0.009
vn 0.609131 -0.175745 0.773352
v 0.0553164 -0.0174382 0.00858036
vn 0.599851 -0.205188 0.773354
v 0.0517336 -0.0250699 0.009
vn 0.577117 -0.262415 0.773353
v 0.0521944 -0.0252932 0.00858036
vn 0.563655 -0.290197 0.773356
v 0.0475403 -0.0323232 0.009
vn 0.532845 -0.343512 0.773354
v 0.0479637 -0.0326111 0.00858036
vn 0.515489 -0.369042 0.773356
v 0.0423372 -0.0388899 0.009
vn 0.477257 -0.417312 0.773354
v 0.0427143 -0.0392363 0.00858036
vn 0.456374 -0.440049 0.773356
v 0.036235 -0.0446306 0.009
vn 0.411532 -0.48225 0.773354
v 0.0365577 -0.0450281 0.00858036
vn 0.387567 -0.50171 0.773355
v 0.00455517 0.0574376 0.009
vn 0.0435354 0.439868 0.897006
v 0.00818255 0.0570232 0.009
vn 0.0743223 0.459689 0.884964
v 0.0117829 0.0563763 0.009
vn 0.109783 0.480043 0.870349
v 0.0153292 0.0555007 0.009
vn 0.148969 0.50026 0.852965
v 0.0188118 0.0543992 0.009
vn 0.191775 0.519055 0.832949
v 0.0222211 0.053074 0.009
vn 0.233035 0.496434 0.836211
v 0.0256988 0.0520239 0.00861129
vn 0.25738 0.502261 0.825524
v -0.029 0.0502295 -0.00264479
vn -0.499887 0.865929 -0.0167025
v -0.029 0.0502295 -0.00848795
vn -0.482694 0.862234 -0.153488
v -0.0296247 0.0498636 -0.00848795
vn -0.506313 0.814539 -0.28315
v -0.029 0.0502295 0.00858036
vn -0.446943 0.773426 0.449504
v -0.029 0.0502295 0.00447418
vn -0.499072 0.866561 -4.55767e-05
v -0.0296247 0.0498636 0.00858036
vn -0.506004 0.841519 0.189225
v -0.029 0.0502295 0.00264479
vn -0.499722 0.866186 -9.01987e-05
v -0.028928 0.050271 0.00251942
vn -0.495649 0.868522 0.00137085
v -0.0287187 0.0503908 0.00212126
vn -0.494264 0.869312 0.000174673
v -0.0284543 0.0505406 0.000448889
vn -0.0442844 0.986267 -0.15911
v -0.0284397 0.0505488 0.00146242
vn -0.493003 0.870027 -0.000899279
v -0.0282613 0.0506488 0.000849626
vn -0.020891 0.959434 -0.281157
v -0.0285263 0.0505 5.44318e-10
vn -0.0986788 0.995119 6.90136e-06
v -0.0284542 0.0505406 -0.000448903
vn -0.0434251 0.986266 0.159353
v -0.028928 0.050271 -0.00251942
vn -0.495796 0.868438 -0.00149199
v -0.0282613 0.0506488 -0.000849626
vn -0.0106356 0.962981 0.269359
v -0.0283224 0.0506146 -0.00109375
vn -0.493116 0.869963 0.000814858
v -0.028751 0.0503724 -0.00218667
vn -0.493863 0.86954 0.000177971
v -0.029 -0.0502295 0.00385833
vn -0.287386 -0.81351 -0.50558
v -0.029 -0.0502295 0.00858036
vn -0.496452 -0.865699 0.0640311
v -0.0300388 -0.0496152 0.00333252
vn -0.517625 -0.855607 0.00108419
v -0.0309747 -0.0490364 0.00858036
vn -0.517125 -0.855907 0.002182
v -0.032186 -0.04825 5.44318e-10
vn -0.597564 -0.801821 -2.62306e-05
v -0.0377732 -0.0440134 -0.00848795
vn -0.577142 -0.767876 -0.27798
v -0.0321132 -0.0482984 -0.000676689
vn -0.592569 -0.805423 -0.0124568
v -0.0319075 -0.0484346 -0.00131145
vn -0.580601 -0.813748 -0.0267629
v -0.0321138 -0.0482981 0.000673947
vn -0.592497 -0.805477 0.0123915
v -0.0319091 -0.0484336 0.00130776
vn -0.580449 -0.813862 0.0266115
v -0.0377732 -0.0440134 0.00858036
vn -0.571653 -0.742973 0.348143
v -0.0312109 -0.0488864 0.002375
vn -0.576824 -0.81628 0.0310041
v -0.0377732 -0.0440134 0.00858036
vn -0.594232 -0.804288 0.00317748
v -0.0312109 -0.0488864 0.002375
vn -0.594232 -0.804288 0.00317748
v -0.0309747 -0.0490364 0.00858036
vn -0.594232 -0.804288 0.00317748
v -0.0309747 -0.0490364 0.00858036
vn -0.467766 -0.702145 0.536831
v -0.0312109 -0.0488864 0.002375
vn -0.11732 -0.89177 -0.437015
v -0.0309747 -0.0490364 0.00261765
vn -0.321069 -0.914518 -0.246114
v -0.029 -0.0502295 -0.00433447
vn -0.506996 -0.861948 -0.000253768
v -0.029 -0.0502295 -0.00385833
vn -0.5081 -0.861298 0
v -0.0300364 -0.0496167 -0.003334
vn -0.519113 -0.854705 -0.00107534
v -0.0309747 -0.0490364 -0.00848795
vn -0.521995 -0.832553 -0.185408
v -0.029 -0.0502295 -0.00848795
vn -0.488642 -0.856171 -0.167931
v -0.029 -0.0502295 -0.00653663
vn -0.50102 -0.865398 -0.00805361
v -0.0312109 -0.0488864 -0.002375
vn -0.558927 -0.82899 -0.0194132
v -0.0312109 -0.0488864 -0.002375
vn -0.594231 -0.804288 -0.00322551
v -0.0377732 -0.0440134 -0.00848795
vn -0.594231 -0.804288 -0.00322551
v -0.0309747 -0.0490364 -0.00848795
vn -0.594231 -0.804288 -0.00322551
v -0.0296247 0.0498636 0.00858036
vn -0.572059 0.820212 0
v -0.0296247 0.0498636 -0.00848795
vn -0.572059 0.820212 0
v -0.0365577 0.0450281 -0.00848795
vn -0.572059 0.820212 0
v -0.0365577 0.0450281 0.00858036
vn -0.572059 0.820212 0
v -0.0365577 0.0450281 0.00858036
vn -0.685201 0.728354 0
v -0.0365577 0.0450281 -0.00848795
vn -0.685201 0.728354 0
v -0.0427143 0.0392363 -0.00848795
vn -0.685201 0.728354 0
v -0.0427143 0.0392363 0.00858036
vn -0.685201 0.728354 0
v -0.0427143 0.0392363 0.00858036
vn -0.783791 0.621025 0
v -0.0427143 0.0392363 -0.00848795
vn -0.783791 0.621025 0
v -0.0479637 0.0326111 -0.00848795
vn -0.783791 0.621025 0
v -0.0479637 0.0326111 0.00858036
vn -0.783791 0.621025 0
v -0.0479637 0.0326111 0.00858036
vn -0.865733 0.500506 0
v -0.0479637 0.0326111 -0.00848795
vn -0.865733 0.500506 0
v -0.0521944 0.0252932 -0.00848795
vn -0.865733 0.500506 0
v -0.0521944 0.0252932 0.00858036
vn -0.865733 0.500506 0
v -0.0521944 0.0252932 0.00858036
vn -0.929288 0.369357 0
v -0.0521944 0.0252932 -0.00848795
vn -0.929288 0.369357 0
v -0.0553164 0.0174382 -0.00848795
vn -0.929288 0.369357 0
v -0.0553164 0.0174382 0.00858036
vn -0.929288 0.369357 0
v -0.0553164 0.0174382 0.00858036
vn -0.973105 0.230362 0
v -0.0553164 0.0174382 -0.00848795
vn -0.973105 0.230362 0
v -0.0572636 0.00921278 -0.00848795
vn -0.973105 0.230362 0
v -0.0572636 0.00921278 0.00858036
vn -0.973105 0.230362 0
v -0.0572636 0.00921278 0.00858036
vn -0.996254 0.0864752 0
v -0.0572636 0.00921278 -0.00848795
vn -0.996254 0.0864752 0
v -0.0579946 0.000791678 -0.00848795
vn -0.996254 0.0864752 0
v -0.0579946 0.000791678 0.00858036
vn -0.996254 0.0864752 0
v -0.0579946 0.000791678 0.00858036
vn -0.998243 -0.0592485 0
v -0.0579946 0.000791678 -0.00848795
vn -0.998243 -0.0592485 0
v -0.0574938 -0.00764623 -0.00848795
vn -0.998243 -0.0592485 0
v -0.0574938 -0.00764623 0.00858036
vn -0.998243 -0.0592485 0
v -0.0574938 -0.00764623 0.00858036
vn -0.979031 -0.203713 0
v -0.0574938 -0.00764623 -0.00848795
vn -0.979031 -0.203713 0
v -0.0557718 -0.0159217 -0.00848795
vn -0.979031 -0.203713 0
v -0.0557718 -0.0159217 0.00858036
vn -0.979031 -0.203713 0
v -0.0557718 -0.0159217 0.00858036
vn -0.939024 -0.343852 0
v -0.0557718 -0.0159217 -0.00848795
vn -0.939024 -0.343852 0
v -0.0528653 -0.0238591 -0.00848795
vn -0.939024 -0.343852 0
v -0.0528653 -0.0238591 0.00858036
vn -0.939024 -0.343852 0
v -0.0528653 -0.0238591 0.00858036
vn -0.879073 -0.476687 0
v -0.0528653 -0.0238591 -0.00848795
vn -0.879073 -0.476687 0
v -0.048836 -0.0312897 -0.00848795
vn -0.879073 -0.476687 0
v -0.048836 -0.0312897 0.00858036
vn -0.879073 -0.476687 0
v -0.048836 -0.0312897 0.00858036
vn -0.800451 -0.599399 0
v -0.048836 -0.0312897 -0.00848795
vn -0.800451 -0.599399 0
v -0.0437694 -0.0380557 -0.00848795
vn -0.800451 -0.599399 0
v -0.0437694 -0.0380557 0.00858036
vn -0.800451 -0.599399 0
v -0.0437694 -0.0380557 0.00858036
vn -0.704828 -0.709378 0
v -0.0437694 -0.0380557 -0.00848795
vn -0.704828 -0.709378 0
v -0.0377732 -0.0440134 -0.00848795
vn -0.704828 -0.709378 0
v -0.0377732 -0.0440134 0.00858036
vn -0.704828 -0.709378 0
v -0.0377732 -0.0440134 0.00858036
vn -0.604202 -0.796832 0
v -0.0377732 -0.0440134 -0.00848795
vn -0.604202 -0.796832 0
v -0.032186 -0.04825 5.44318e-10
vn -0.604202 -0.796832 0
v -0.018531 0.0555953 -0.0043641
vn -0.366055 0.929351 -0.0480623
v -0.0219392 0.0540879 -0.00435353
vn -0.431223 0.900968 -0.048
v -0.0216618 0.0542491 -0.00214383
vn -0.385991 0.922286 -0.0199833
v -0.0256988 0.0520305 -0.00851243
vn -0.433357 0.859099 -0.272307
v -0.0255935 0.0521734 -0.00654528
vn -0.461572 0.886215 -0.0396692
v -0.0222076 0.0538538 -0.00655431
vn -0.420818 0.906722 -0.0277188
v -0.0222205 0.0538372 0.00669353
vn -0.417177 0.906252 0.0683388
v -0.0219582 0.0540749 0.00449347
vn -0.423516 0.904988 0.040387
v -0.0253642 0.052319 0.00448362
vn -0.474643 0.879999 0.0177781
v -0.00461707 0.0579093 0.00877107
vn -0.0884945 0.882405 0.462093
v -0.00108742 0.0580851 0.00878743
vn -0.0414197 0.834086 0.550077
v -0.00442198 0.0586518 0.0067552
vn -0.0938935 0.951751 0.292156
v -0.001 0.0581254 0.0087
vn 0.79766 0.559483 0.225203
v -0.0119502 0.0568413 0.0087298
vn -0.208016 0.892673 0.39983
v -0.00829724 0.0574939 0.00875205
vn -0.147055 0.888714 0.434238
v -0.0117123 0.0574421 0.00672579
vn -0.215156 0.948192 0.233751
v -0.00811077 0.0581675 0.00673971
vn -0.148897 0.949308 0.276848
v -0.00829376 0.0586545 0.00454541
vn -0.176413 0.964905 0.194519
v -0.0259012 0.0519218 0.0086093
vn -0.43364 0.870205 0.233879
v -0.0225433 0.0534891 0.00864226
vn -0.371691 0.857289 0.356232
v -0.0259012 0.0519218 0.0086093
vn -0.489659 0.871855 0.0101222
v -0.029 0.0502295 0.00447418
vn -0.491616 0.870785 0.00692086
v -0.029 0.0502295 0.00858036
vn -0.479313 0.877644 0
v -0.0209798 0.0545801 0.00193735
vn -0.533829 0.541955 -0.649086
v -0.021541 0.0543084 0.00213029
vn -0.206425 -0.0643685 -0.976343
v -0.0230194 0.0535639 0.00243558
vn -0.456859 0.889459 0.0119286
v -0.0240842 0.0530023 0.0025
vn -0.143408 0.204228 -0.968362
v -0.0245131 0.0527703 0.00248943
vn -0.140964 0.327434 -0.9343
v -0.0247331 0.0526501 0.0024754
vn -0.485005 0.874472 -0.00822927
v -0.0259835 0.0519527 0.00227008
vn -0.495194 0.868771 -0.00444311
v -0.0263349 0.0517531 0.00216688
vn -0.14979 0.672392 -0.72488
v -0.0266077 0.0515974 0.00206949
vn -0.496952 0.867778 -0.000727502
v -0.027924 0.050842 0.00126211
vn -0.0664632 0.88734 -0.4563
v -0.0281571 0.0507084 0.000999222
vn -0.0226334 0.912644 -0.408128
v -0.0274911 0.0510906 0.00161374
vn -0.133342 0.792077 -0.595679
v -0.0276109 0.0510217 0.00152851
vn -0.197996 0.898967 -0.390712
v -0.0199545 0.0550618 0.00141392
vn -0.519948 0.838754 -0.161698
v -0.0185478 0.0555793 0.00450416
vn -0.372868 0.92539 0.0679953
v -0.0197456 0.0551577 0.00126268
vn -0.33784 -0.624597 -0.70409
v -0.0193269 0.0553478 0.000859036
vn -0.267508 -0.813138 -0.516959
v -0.021189 0.0544795 -0.00201522
vn -0.213735 -0.299638 0.929803
v -0.0202286 0.0549348 -0.00158323
vn -0.27651 -0.387817 0.879284
v -0.0149442 0.0570796 -0.00215737
vn -0.375866 0.925429 -0.04802
v -0.0197438 0.0551585 -0.00126125
vn -0.751534 0.170269 0.637342
v -0.0192514 0.0553817 -0.000759856
vn -0.445664 -0.605721 0.659155
v -0.0191709 0.0554179 -0.000635597
vn -0.473105 -0.786589 0.396799
v -0.0190238 0.0554835 -0.000286657
vn -0.586293 0.807863 0.060147
v -0.014866 0.0571516 7.0727e-05
vn -0.345327 0.938477 -0.00308336
v -0.0189867 0.0555 -1.08352e-06
vn -0.646669 0.74976 -0.140286
v -0.0181713 0.0558529 7.04793e-05
vn -0.374654 0.927091 0.0116707
v -0.0189911 0.055498 9.88381e-05
vn -0.0910545 -0.987483 -0.128789
v -0.0190731 0.0554616 0.000436692
vn -0.834875 -0.359708 -0.416646
v -0.0216764 0.0542382 -0.00214324
vn -0.013366 -0.447374 0.894247
v -0.0279227 0.0508427 -0.00126332
vn -0.0679261 0.89944 0.431734
v -0.0282171 0.050674 -0.000916466
vn -0.0199118 0.911475 0.410874
v -0.0276645 0.0509909 -0.00148782
vn -0.496833 0.867843 0.00232589
v -0.026799 0.051488 -0.00199093
vn -0.218589 0.780527 0.585659
v -0.022483 0.0538388 -0.00235508
vn -0.41026 0.351936 0.841325
v -0.0239271 0.0530864 -0.00249851
vn -0.46185 0.88681 -0.0161867
v -0.0264286 0.0516998 -0.00213528
vn -0.202388 0.770669 0.604243
v -0.0251362 0.0524278 -0.00243364
vn -0.398266 0.770826 0.497204
v -0.0240855 0.0530016 -0.0025
vn -0.445078 0.805723 0.39079
v -0.022402 0.0535633 -0.0085385
vn -0.377317 0.891031 -0.25238
v -0.0187621 0.0552974 -0.00656411
vn -0.364329 0.925634 -0.102307
v -0.0189505 0.0549058 -0.0085643
vn -0.315534 0.902121 -0.294306
v -0.0152595 0.0565049 -0.00657504
vn -0.299627 0.941306 -0.155459
v -0.0154256 0.0560196 -0.00858809
vn -0.252963 0.907821 -0.334471
v -0.0117144 0.0574737 -0.0065875
vn -0.227372 0.949706 -0.215314
v -0.0118348 0.0569035 -0.00860921
vn -0.190654 0.908807 -0.371109
v -0.00812204 0.0582039 -0.00660183
vn -0.1607 0.952709 -0.257918
v -0.0081911 0.0575542 -0.00862731
vn -0.128925 0.906519 -0.401997
v -0.00443844 0.0586933 -0.00661777
vn -0.0990886 0.950973 -0.292971
v -0.00452009 0.0579687 -0.00864268
vn -0.0703558 0.912571 -0.402819
v -0.00511282 0.0596762 7.16993e-05
vn -0.128905 0.991644 -0.00501612
v -0.001 0.0598721 -0.00219746
vn -0.0752936 0.993311 -0.0875453
v -0.00500044 0.059569 -0.00218538
vn -0.117456 0.985742 -0.120488
v -0.001 0.0594929 -0.00452093
vn -0.0731758 0.979687 -0.186707
v -0.001 0.0587223 0.00719675
vn -0.0605625 0.946062 0.318275
v -0.001 0.0594106 0.0048798
vn -0.0663096 0.969131 0.237462
v -0.00471292 0.0592098 0.00456287
vn -0.103023 0.973509 0.204123
v -0.001 0.0598353 0.0025188
vn -0.0728969 0.988492 0.132552
v -0.00498667 0.0595545 0.00232811
vn -0.116975 0.987226 0.10817
v -0.001 0.0599887 0.000131677
vn -0.0749492 0.996908 0.0235904
v -0.0155498 0.0559548 0.00870376
vn -0.270116 0.892615 0.360937
v -0.0152652 0.056478 0.00671368
vn -0.289256 0.941574 0.172541
v -0.0117165 0.0578642 0.00452973
vn -0.253902 0.95633 0.144796
v -0.0084493 0.0589511 0.00231706
vn -0.206194 0.974019 0.0936545
v -0.00845685 0.0589635 -0.00217492
vn -0.206912 0.9747 -0.0845423
v -0.00851754 0.0590545 7.13361e-05
vn -0.237907 0.971211 -0.0122576
v -0.0116882 0.0581215 0.00230713
vn -0.275872 0.958695 0.0692717
v -0.0151253 0.0568419 0.00451611
vn -0.313746 0.943744 0.104451
v -0.001 0.0581448 -0.00865556
vn 0.0119054 0.93194 -0.362417
v -0.001 0.0589919 -0.00639407
vn -0.0616923 0.95213 -0.299403
v -0.00473217 0.0592382 -0.00442213
vn -0.108531 0.970393 -0.215773
v -0.00830508 0.058679 -0.00440488
vn -0.186546 0.966296 -0.177408
v -0.0117152 0.0578854 -0.00438937
vn -0.265764 0.958511 -0.103085
v -0.0149442 0.0570796 -0.00215737
vn -0.326245 0.943486 -0.0582895
v -0.0151141 0.0568605 -0.00437591
vn -0.341762 0.937685 -0.0628132
v -0.0187726 0.0552755 0.00670305
vn -0.35309 0.927696 0.121274
v -0.0190836 0.054837 0.00867431
vn -0.332698 0.887402 0.319107
v -0.0149535 0.05707 0.00229851
vn -0.340492 0.939439 0.0389892
v -0.0116686 0.0582114 7.10102e-05
vn -0.285652 0.958028 -0.0241762
v -0.0255935 0.0521734 -0.00654528
vn -0.475679 0.879323 0.0228052
v -0.029 0.0502295 -0.00848795
vn -0.495633 0.868532 0
v -0.029 0.0502295 -0.00264479
vn -0.479078 0.877762 0.004301
v -0.0222076 0.0538538 -0.00655431
vn -0.485525 0.873572 -0.0337169
v -0.0219392 0.0540879 -0.00435353
vn -0.485525 0.873572 -0.0337169
v -0.0181713 0.0558529 7.04793e-05
vn -0.369329 0.928936 0.0259673
v -0.0185478 0.0555793 0.00450416
vn -0.369329 0.928936 0.0259673
v -0.00112009 0.0509716 -0.000543747
vn 0.265144 0.927104 0.264907
v -0.00107345 0.0511813 -0.00105
vn 0.42676 0.763965 0.483977
v -0.011 0.0511813 -0.00105
vn -0.0323033 0.892215 0.450454
v -0.00102346 0.0515118 -0.00148163
vn 0.286742 0.664014 0.690554
v -0.011 0.05195 -0.00181865
vn 0.0029638 0.523461 0.852044
v -0.00113875 0.0509 5.44318e-10
vn 0.357653 0.923898 0.136004
v -0.011 0.0509 5.44318e-10
vn 0.00297997 0.999624 -0.0272745
v -0.00112008 0.0509717 0.000543897
vn 0.132481 0.955321 -0.264218
v -0.011 0.0511813 0.00105
vn 0.00492232 0.865708 -0.500525
v -0.00107345 0.0511813 0.00105
vn 0.426914 0.763743 -0.484191
v -0.00102337 0.0515126 0.00148247
vn 0.140488 0.696753 -0.703419
v -0.011 0.05195 0.00181865
vn 0.00211824 0.450064 -0.892994
v -0.001 0.0519444 0.0018154
vn 0.485699 0.516247 -0.705398
v -0.001 0.0519444 -0.0018154
vn 0.00708047 0.60962 0.792662
v -0.011 0.05195 -0.00181865
vn -0.998829 0.0242415 0.0418742
v -0.001 0.05195 -0.00181865
vn 0.99996 0.00447593 0.00773162
v -0.001 0.05195 -0.00181865
vn 0 0.25882 0.965925
v -0.011 0.053 -0.0021
vn 0 0.0889626 0.996035
v -0.001 0.053 -0.0021
vn 0 -0.0889624 0.996035
v -0.011 0.05405 -0.00181865
vn 0 -0.420973 0.907073
v -0.001 0.05405 -0.00181865
vn 0 -0.57506 0.818111
v -0.011 0.0548187 -0.00105
vn 0 -0.81811 0.575062
v -0.001 0.0548187 -0.00105
vn 4.93843e-16 -0.907072 0.420975
v -0.011 0.0551 5.44318e-10
vn 0 -0.996035 0.0889629
v -0.001 0.0551 5.44318e-10
vn 0 -0.996035 -0.088963
v -0.011 0.0548187 0.00105
vn -4.93843e-16 -0.907072 -0.420975
v -0.001 0.0548187 0.00105
vn 0 -0.81811 -0.575062
v -0.011 0.05405 0.00181865
vn 0 -0.575061 -0.818111
v -0.001 0.05405 0.00181865
vn 0 -0.420973 -0.907073
v -0.011 0.053 0.0021
vn 0 -0.0889623 -0.996035
v -0.001 0.053 0.0021
vn 0 0.0889625 -0.996035
v -0.001 0.05195 0.00181865
vn 0 0.25882 -0.965925
v -0.011 0.05195 0.00181865
vn -0.998828 0.0242554 -0.0418742
v -0.001 0.05195 0.00181865
vn 0.99996 0.00447849 -0.00773162
v -0.00873821 0.0426133 0.008
vn 0.226968 -0.903145 -0.364439
v -0.00873821 0.0426133 0.0087
vn 0.280879 -0.951269 0.127257
v -0.0123142 0.0417206 0.008
vn 0.281341 -0.953185 -0.110844
v -0.0158018 0.0405284 0.0087
vn 0.348661 -0.917319 0.192254
v -0.0158018 0.0405284 0.008
vn 0.36326 -0.931688 0
v -0.0191759 0.0390453 0.008
vn 0.43811 -0.892061 -0.110844
v -0.0224124 0.0372818 0.0087
vn 0.498414 -0.845352 0.192258
v -0.0224124 0.0372818 0.008
vn 0.515228 -0.857053 0
v -0.025488 0.0352507 0.008
vn 0.58232 -0.805368 -0.110842
v -0.0283806 0.0329665 0.0087
vn 0.633881 -0.749154 0.192258
v -0.0283806 0.0329665 0.008
vn 0.652428 -0.757851 0
v -0.0310695 0.0304457 0.008
vn 0.70984 -0.695587 -0.110842
v -0.0335353 0.0277062 0.0087
vn 0.751177 -0.631482 0.19226
v -0.0335353 0.0277062 0.008
vn 0.770926 -0.636925 0
v -0.0357603 0.0247679 0.008
vn 0.81701 -0.565869 -0.110842
v -0.0377286 0.0216518 0.0087
vn 0.846941 -0.495708 0.192259
v -0.0377286 0.0216518 0.008
vn 0.867325 -0.497743 0
v -0.0394261 0.0183802 0.008
vn 0.900762 -0.41993 -0.110844
v -0.0408405 0.0149767 0.0087
vn 0.918429 -0.345725 0.192255
v -0.0408405 0.0149767 0.008
vn 0.938863 -0.344291 0
v -0.0419618 0.0114656 0.008
vn 0.958694 -0.261953 -0.110843
v -0.0427817 0.00787227 0.0087
vn 0.963589 -0.185833 0.192257
v -0.0427817 0.00787227 0.008
vn 0.983488 -0.180972 0
v -0.0432946 0.00422239 0.008
vn 0.989144 -0.0964688 -0.110848
v -0.0434966 0.000542201 0.0087
vn 0.981129 -0.0206127 0.192255
v -0.0434966 0.000542201 0.008
vn 0.999922 -0.0124644 0
v -0.0433864 -0.00314188 0.008
vn 0.991242 0.071782 -0.110847
v -0.0429647 -0.00680341 0.0087
vn 0.970544 0.145198 0.192257
v -0.0429647 -0.00680341 0.008
vn 0.987694 0.156401 0
v -0.0422345 -0.0104161 0.008
vn 0.964926 0.237975 -0.110844
v -0.0412012 -0.013954 0.0087
vn 0.932139 0.306847 0.192255
v -0.0412012 -0.013954 0.008
vn 0.947153 0.320781 0
v -0.039872 -0.0173917 0.008
vn 0.91095 0.397346 -0.110845
v -0.0382566 -0.0207046 0.0087
vn 0.867014 0.4597 0.192256
v -0.0382566 -0.0207046 0.008
vn 0.879463 0.475968 0
v -0.0363666 -0.0238688 0.008
vn 0.830862 0.545328 -0.110844
v -0.0342155 -0.0268617 0.0087
vn 0.777037 0.599376 0.192257
v -0.0342155 -0.0268617 0.008
vn 0.786562 0.617511 0
v -0.0318187 -0.0296617 0.008
vn 0.726958 0.677677 -0.110842
v -0.0291935 -0.0322488 0.0087
vn 0.664786 0.721871 0.192256
v -0.0291935 -0.0322488 0.008
vn 0.671116 0.741352 0
v -0.0263588 -0.0346044 0.008
vn 0.602215 0.790602 -0.110844
v -0.0233348 -0.0367116 0.0087
vn 0.533479 0.823673 0.192257
v -0.0233348 -0.0367116 0.008
vn 0.536432 0.843944 0
v -0.0201433 -0.0385551 0.008
vn 0.46021 0.880863 -0.110844
v -0.0168071 -0.0401219 0.0087
vn 0.38688 0.901866 0.192255
v -0.0168071 -0.0401219 0.008
vn 0.386371 0.922344 0
v -0.0133503 -0.0414007 0.008
vn 0.305013 0.945876 -0.110844
v -0.00979771 -0.0423822 0.0087
vn 0.315864 0.905751 0.28257
v -0.00979771 -0.0423822 0.008
vn 0.21558 0.850162 -0.480365
v -0.001 0.0519444 -0.0087
vn 1 0 0
v -0.001 0.0580952 -0.0087
vn 1 0 0
v -0.001 0.05405 -0.00181865
vn 1 0 0
v -0.001 0.05405 -0.00181865
vn 1 0 0
v -0.001 0.053 -0.0021
vn 1 0 0
v -0.001 0.0519444 -0.0087
vn 0.99387 -0.0673571 -0.0876645
v -0.001 0.0519444 0.0087
vn 0.980778 -0.0818605 0.177123
v -0.001 0.053 0.0021
vn 1 0 0
v -0.001 0.0519444 0.0087
vn 1 0 0
v -0.001 0.053 0.0021
vn 1 0 0
v -0.001 0.0581254 0.0087
vn 1 0 0
v -0.001 0.05405 0.00181865
vn 1 0 0
v -0.001 0.0581254 0.0087
vn 0.988438 0 0.151624
v -0.001 0.0587223 0.00719675
vn 1 0 0
v -0.001 0.0548187 0.00105
vn 1 0 0
v -0.001 0.0551 5.44318e-10
vn 1 0 0
v -0.001 0.0598353 0.0025188
vn 1 0 0
v -0.001 0.0594106 0.0048798
vn 1 0 0
v -0.001 0.0548187 -0.00105
vn 1 0 0
v -0.001 0.0598721 -0.00219746
vn 1 0 0
v -0.001 0.0599887 0.000131677
vn 1 0 0
v -0.001 0.0580952 -0.0087
vn 0.515771 0.306874 -0.799881
v -0.001 0.0581448 -0.00865556
vn 1 0 0
v -0.001 0.0589919 -0.00639407
vn 1 0 0
v -0.001 0.0594929 -0.00452093
vn 1 0 0
v -0.0158018 0.0405284 -0.0087
vn 0.364279 -0.911229 -0.192256
v -0.00873821 0.0426133 -0.0087
vn 0.274765 -0.921768 -0.273582
v -0.0123142 0.0417206 -0.008
vn 0.281341 -0.953185 0.110844
v -0.00873821 0.0426133 -0.008
vn 0.201599 -0.882059 0.425829
v -0.025488 0.0352507 -0.008
vn 0.58232 -0.805368 0.110842
v -0.0283806 0.0329665 -0.0087
vn 0.646585 -0.738217 -0.192259
v -0.0224124 0.0372818 -0.0087
vn 0.512781 -0.836715 -0.192258
v -0.0158018 0.0405284 -0.008
vn 0.36326 -0.931688 0
v -0.0191759 0.0390453 -0.008
vn 0.43811 -0.892061 0.110844
v -0.0224124 0.0372818 -0.008
vn 0.515228 -0.857053 0
v -0.0283806 0.0329665 -0.008
vn 0.652428 -0.757851 0
v -0.0310695 0.0304457 -0.008
vn 0.70984 -0.695587 0.110842
v -0.0335353 0.0277062 -0.0087
vn 0.761854 -0.618558 -0.19226
v -0.0335353 0.0277062 -0.008
vn 0.770926 -0.636925 0
v -0.0357603 0.0247679 -0.008
vn 0.81701 -0.565869 0.110843
v -0.0377286 0.0216518 -0.0087
vn 0.855286 -0.481169 -0.192256
v -0.0377286 0.0216518 -0.008
vn 0.867325 -0.497743 0
v -0.0394261 0.0183802 -0.008
vn 0.900762 -0.41993 0.110844
v -0.0408405 0.0149767 -0.0087
vn 0.9242 -0.329987 -0.192256
v -0.0408405 0.0149767 -0.008
vn 0.938863 -0.344291 0
v -0.0419618 0.0114656 -0.008
vn 0.958694 -0.261953 0.110843
v -0.0427817 0.00787227 -0.0087
vn 0.966622 -0.169346 -0.192258
v -0.0427817 0.00787227 -0.008
vn 0.983488 -0.180972 0
v -0.0432946 0.00422239 -0.008
vn 0.989144 -0.0964688 0.110848
v -0.0434966 0.000542201 -0.0087
vn 0.981338 -0.00385055 -0.192254
v -0.0434966 0.000542201 -0.008
vn 0.999922 -0.0124644 0
v -0.0433864 -0.00314188 -0.008
vn 0.991242 0.071782 0.110847
v -0.0429647 -0.00680341 -0.0087
vn 0.967922 0.161756 -0.192256
v -0.0429647 -0.00680341 -0.008
vn 0.987694 0.156401 0
v -0.0422345 -0.0104161 -0.008
vn 0.964926 0.237975 0.110844
v -0.0412012 -0.013954 -0.0087
vn 0.926761 0.322725 -0.192255
v -0.0412012 -0.013954 -0.008
vn 0.947153 0.320781 0
v -0.039872 -0.0173917 -0.008
vn 0.91095 0.397346 0.110845
v -0.0382566 -0.0207046 -0.0087
vn 0.859035 0.474443 -0.192257
v -0.0382566 -0.0207046 -0.008
vn 0.879463 0.475968 0
v -0.0363666 -0.0238688 -0.008
vn 0.830862 0.545328 0.110844
v -0.0342155 -0.0268617 -0.0087
vn 0.766685 0.612561 -0.192256
v -0.0342155 -0.0268617 -0.008
vn 0.786562 0.617511 0
v -0.0318187 -0.0296617 -0.008
vn 0.726958 0.677677 0.110842
v -0.0291935 -0.0322488 -0.0087
vn 0.652358 0.733121 -0.192257
v -0.0201433 -0.0385551 -0.008
vn 0.46021 0.880863 0.110844
v -0.0168071 -0.0401219 -0.0087
vn 0.371418 0.908343 -0.192255
v -0.0233348 -0.0367116 -0.0087
vn 0.519331 0.832666 -0.192257
v -0.0291935 -0.0322488 -0.008
vn 0.671116 0.741352 0
v -0.0263588 -0.0346044 -0.008
vn 0.602215 0.790602 0.110844
v -0.0233348 -0.0367116 -0.008
vn 0.536432 0.843944 0
v -0.00979771 -0.0423822 -0.008
vn 0.263327 0.882997 0.388555
v -0.00979771 -0.0423822 -0.0087
vn 0.320443 0.937568 -0.135214
v -0.0133503 -0.0414007 -0.008
vn 0.305013 0.945876 0.110844
v -0.0168071 -0.0401219 -0.008
vn 0.386371 0.922344 0
v -0.001 -0.0585705 -0.00760959
vn 0.289067 -0.903594 -0.316163
v -0.001 -0.0581448 -0.00865556
vn -0.0396331 -0.915965 -0.399296
v -0.001 -0.0580952 -0.0087
vn -0.0183733 -0.675582 -0.737056
v -0.001 -0.0512889 -0.00215281
vn 0.998423 0.0561329 0
v -0.001 -0.051625 -0.00238157
vn 1 0 0
v -0.001 -0.0512889 -0.0087
vn 0.971444 0.0275097 -0.235669
v -0.001 -0.053 -0.00275
vn 1 0 0
v -0.001 -0.0512889 -0.0087
vn 1 0 0
v -0.001 -0.053 -0.00275
vn 1 0 0
v -0.001 -0.0580952 -0.0087
vn 1 0 0
v -0.001 -0.0580952 -0.0087
vn 0.994369 0 -0.105969
v -0.001 -0.054375 -0.00238157
vn 1 0 0
v -0.001 -0.05575 5.44318e-10
vn 1 0 0
v -0.001 -0.0598179 -0.00265804
vn 1 0 0
v -0.001 -0.0553816 -0.001375
vn 1 0 0
v -0.001 -0.059386 -0.00498193
vn 1 0 0
v -0.001 -0.0593069 -0.00529684
vn 0.0350154 -0.960857 -0.274823
v -0.001 -0.0593069 -0.00529684
vn 1 0 0
v -0.001 -0.0585705 -0.00760959
vn 1 0 0
v -0.001 -0.054375 0.00238157
vn 1 0 0
v -0.001 -0.053 0.00275
vn 1 0 0
v -0.001 -0.0512889 0.0087
vn 0.99396 0.0758547 0.0793094
v -0.001 -0.051625 0.00238157
vn 0.959043 -0.159375 -0.234169
v -0.001 -0.0512889 0.00215282
vn 0.950669 -0.163144 -0.263842
v -0.001 -0.0553816 0.001375
vn 1 0 0
v -0.001 -0.0598889 0.00203344
vn 1 0 0
v -0.001 -0.0599866 -0.000321537
vn 1 0 0
v -0.001 -0.0512889 0.0087
vn 1 0 0
v -0.001 -0.0581254 0.0087
vn 1 0 0
v -0.001 -0.054375 0.00238157
vn 1 0 0
v -0.001 -0.0581254 0.0087
vn 1 0 0
v -0.001 -0.0589703 0.00646237
vn 1 0 0
v -0.001 -0.0595658 0.00417688
vn 1 0 0
v -0.0013 0.0519444 -0.009
vn 0.662898 -0.0210945 -0.748412
v -0.00152314 0.0506789 -0.009
vn 0.513272 -0.223606 -0.828585
v -0.00216564 0.0495661 -0.009
vn 0.495014 -0.393269 -0.77479
v -0.0287902 -0.0498661 -0.009
vn 0 0 -1
v -0.0307506 -0.0486816 -0.009
vn 0 0 -1
v -0.0234957 -0.0369647 -0.009
vn 0 0 -1
v -0.0159108 0.0408079 -0.009
vn 0 0 -1
v -0.018813 0.0545167 -0.009
vn 0 0 -1
v -0.00879847 0.0429072 -0.009
vn 0 0 -1
v -0.00879847 0.0429072 -0.009
vn 0 0 -1
v -0.018813 0.0545167 -0.009
vn 0 0 -1
v -0.0153149 0.0556275 -0.009
vn 0 0 -1
v -0.0117508 0.0565106 -0.009
vn 0 0 -1
v -0.0234957 -0.0369647 -0.009
vn 0 0 -1
v -0.0307506 -0.0486816 -0.009
vn 0 0 -1
v -0.0293949 -0.0324712 -0.009
vn 0 0 -1
v -0.0293949 -0.0324712 -0.009
vn 0 0 -1
v -0.0307506 -0.0486816 -0.009
vn 0 0 -1
v -0.0374999 -0.043695 -0.009
vn 0 0 -1
v -0.0374999 -0.043695 -0.009
vn 0 0 -1
v -0.0344514 -0.027047 -0.009
vn 0 0 -1
v -0.022567 0.0375389 -0.009
vn 0 0 -1
v -0.0287873 0.0498678 -0.009
vn 0 0 -1
v -0.0222382 0.0531803 -0.009
vn 0 0 -1
v -0.0159108 0.0408079 -0.009
vn 0 0 -1
v -0.0222382 0.0531803 -0.009
vn 0 0 -1
v -0.0434528 -0.0377804 -0.009
vn 0 0 -1
v -0.0344514 -0.027047 -0.009
vn 0 0 -1
v -0.0484827 -0.0310633 -0.009
vn 0 0 -1
v -0.0484827 -0.0310633 -0.009
vn 0 0 -1
v -0.0385205 -0.0208474 -0.009
vn 0 0 -1
v -0.0385205 -0.0208474 -0.009
vn 0 0 -1
v -0.0524828 -0.0236865 -0.009
vn 0 0 -1
v -0.0524828 -0.0236865 -0.009
vn 0 0 -1
v -0.0414853 -0.0140502 -0.009
vn 0 0 -1
v -0.0414853 -0.0140502 -0.009
vn 0 0 -1
v -0.0553683 -0.0158065 -0.009
vn 0 0 -1
v -0.0553683 -0.0158065 -0.009
vn 0 0 -1
v -0.043261 -0.00685033 -0.009
vn 0 0 -1
v -0.043261 -0.00685033 -0.009
vn 0 0 -1
v -0.0570778 -0.00759091 -0.009
vn 0 0 -1
v -0.0570778 -0.00759091 -0.009
vn 0 0 -1
v -0.0437966 0.000545939 -0.009
vn 0 0 -1
v -0.0437966 0.000545939 -0.009
vn 0 0 -1
v -0.057575 0.00078595 -0.009
vn 0 0 -1
v -0.057575 0.00078595 -0.009
vn 0 0 -1
v -0.0430768 0.00792656 -0.009
vn 0 0 -1
v -0.0430768 0.00792656 -0.009
vn 0 0 -1
v -0.0568493 0.00914612 -0.009
vn 0 0 -1
v -0.0568493 0.00914612 -0.009
vn 0 0 -1
v -0.0411222 0.01508 -0.009
vn 0 0 -1
v -0.0411222 0.01508 -0.009
vn 0 0 -1
v -0.0549162 0.017312 -0.009
vn 0 0 -1
v -0.0549162 0.017312 -0.009
vn 0 0 -1
v -0.0379888 0.0218011 -0.009
vn 0 0 -1
v -0.00825581 -0.0435005 -0.009
vn 0 0 -1
v -0.00255716 -0.04851 -0.009
vn 0 0 -1
v -0.00450904 -0.0575782 -0.009
vn 0 0 -1
v -0.0013 0.0577529 -0.009
vn 0 0 -1
v -0.0013 0.0519444 -0.009
vn 0 0 -1
v -0.00448815 0.0575799 -0.009
vn 0 0 -1
v -0.00216564 0.0495661 -0.009
vn 0 0 -1
v -0.00448815 0.0575799 -0.009
vn 0 0 -1
v -0.00216564 0.0495661 -0.009
vn 0 0 -1
v -0.00813349 0.0571626 -0.009
vn 0 0 -1
v -0.00813349 0.0571626 -0.009
vn 0 0 -1
v -0.00216564 0.0495661 -0.009
vn 0 0 -1
v -0.00670736 0.0441535 -0.009
vn 0 0 -1
v -0.00813349 0.0571626 -0.009
vn 0 0 -1
v -0.00670736 0.0441535 -0.009
vn 0 0 -1
v -0.0117508 0.0565106 -0.009
vn 0 0 -1
v -0.00670736 0.0441535 -0.009
vn 0 0 -1
v -0.00764749 0.0433534 -0.009
vn 0 0 -1
v -0.00879847 0.0429072 -0.009
vn 0 0 -1
v -0.0287902 -0.0498661 -0.009
vn 0 0 -1
v -0.0234957 -0.0369647 -0.009
vn 0 0 -1
v -0.0257028 -0.0515588 -0.009
vn 0 0 -1
v -0.0257028 -0.0515588 -0.009
vn 0 0 -1
v -0.016923 -0.0403986 -0.009
vn 0 0 -1
v -0.016923 -0.0403986 -0.009
vn 0 0 -1
v -0.0223627 -0.0531269 -0.009
vn 0 0 -1
v -0.00255716 -0.04851 -0.009
vn 0.186971 0.212695 -0.959063
v -0.00162891 -0.0497639 -0.009
vn 0 0 -1
v -0.00450904 -0.0575782 -0.009
vn -0.00515959 -0.0594601 -0.998217
v -0.0013 -0.0512889 -0.009
vn 0.248063 0.0102127 -0.96869
v -0.0013 -0.0512889 -0.009
vn 0 0 -1
v -0.0013 -0.0577529 -0.009
vn 0 0 -1
v -0.0518167 0.0251102 -0.009
vn 0 0 -1
v -0.0379888 0.0218011 -0.009
vn 0 0 -1
v -0.0476167 0.0323751 -0.009
vn 0 0 -1
v -0.0476167 0.0323751 -0.009
vn 0 0 -1
v -0.0337665 0.0278973 -0.009
vn 0 0 -1
v -0.0337665 0.0278973 -0.009
vn 0 0 -1
v -0.0424053 0.0389524 -0.009
vn 0 0 -1
v -0.0424053 0.0389524 -0.009
vn 0 0 -1
v -0.0285763 0.0331939 -0.009
vn 0 0 -1
v -0.0285763 0.0331939 -0.009
vn 0 0 -1
v -0.0362932 0.0447023 -0.009
vn 0 0 -1
v -0.0362932 0.0447023 -0.009
vn 0 0 -1
v -0.022567 0.0375389 -0.009
vn 0 0 -1
v -0.0294103 0.0495028 -0.009
vn 0 0 -1
v -0.022567 0.0375389 -0.009
vn 0.182375 -0.32369 -0.92842
v -0.0294103 0.0495028 -0.009
vn -0.181959 0.264408 -0.94709
v -0.0287873 0.0498678 -0.009
vn -0.169404 0.320039 -0.932136
v -0.00450904 -0.0575782 -0.009
vn 0 0 -1
v -0.00817715 -0.0571561 -0.009
vn 0 0 -1
v -0.00825581 -0.0435005 -0.009
vn 0 0 -1
v -0.0118174 -0.0564963 -0.009
vn 0 0 -1
v -0.00825581 -0.0435005 -0.009
vn 0 0 -1
v -0.0118174 -0.0564963 -0.009
vn 0 0 -1
v -0.00986528 -0.0426745 -0.009
vn 0 0 -1
v -0.00986528 -0.0426745 -0.009
vn 0 0 -1
v -0.015401 -0.0556031 -0.009
vn 0 0 -1
v -0.00986528 -0.0426745 -0.009
vn 0 0 -1
v -0.015401 -0.0556031 -0.009
vn 0 0 -1
v -0.0189206 -0.0544786 -0.009
vn 0 0 -1
v -0.0013 -0.0512889 0.009
vn 0.638466 0.0267566 0.769185
v -0.00162891 -0.0497639 0.009
vn 0.443546 0.242522 0.862815
v -0.00255716 -0.04851 0.009
vn 0.405732 0.429283 0.806906
v -0.00216564 0.0495661 0.009
vn 0.287224 -0.22776 0.930391
v -0.00152314 0.0506789 0.009
vn 0.0784199 -0.023169 0.996651
v -0.00457802 0.0574357 0.009
vn -0.00996192 0.128523 0.991656
v -0.0013 0.0519444 0.009
vn 0.268768 -0.00865047 0.963166
v -0.00457802 0.0574357 0.009
vn 0 0 1
v -0.0013 0.0519444 0.009
vn 0 0 1
v -0.0013 0.0576117 0.009
vn 0 0 1
v -0.016923 -0.0403986 0.009
vn 0 0 1
v -0.0234957 -0.0369647 0.009
vn 0 0 1
v -0.028741 -0.0497878 0.009
vn 0 0 1
v -0.0013 -0.0576117 0.009
vn 0 0 1
v -0.0013 -0.0512889 0.009
vn 0 0 1
v -0.00455517 -0.0574376 0.009
vn 0 0 1
v -0.00255716 -0.04851 0.009
vn 0 0 1
v -0.00455517 -0.0574376 0.009
vn 0 0 1
v -0.00255716 -0.04851 0.009
vn 0 0 1
v -0.00818255 -0.0570232 0.009
vn 0 0 1
v -0.00818255 -0.0570232 0.009
vn 0 0 1
v -0.00255716 -0.04851 0.009
vn 0 0 1
v -0.00825581 -0.0435005 0.009
vn 0 0 1
v -0.00216564 0.0495661 0.009
vn 0 0 1
v -0.00457802 0.0574357 0.009
vn 0 0 1
v -0.00670736 0.0441535 0.009
vn 0 0 1
v -0.00822683 0.0570167 0.009
vn 0 0 1
v -0.00670736 0.0441535 0.009
vn 0 0 1
v -0.00822683 0.0570167 0.009
vn 0 0 1
v -0.00764749 0.0433534 0.009
vn 0 0 1
v -0.00764749 0.0433534 0.009
vn 0 0 1
v -0.0118476 0.0563624 0.009
vn 0 0 1
v -0.0118476 0.0563624 0.009
vn 0 0 1
v -0.00879847 0.0429072 0.009
vn 0 0 1
v -0.0154145 0.0554766 0.009
vn 0 0 1
v -0.00879847 0.0429072 0.009
vn 0 0 1
v -0.0189156 0.0543625 0.009
vn 0 0 1
v -0.00879847 0.0429072 0.009
vn 0 0 1
v -0.0189156 0.0543625 0.009
vn 0 0 1
v -0.0159108 0.0408079 0.009
vn 0 0 1
v -0.0385205 -0.0208474 0.009
vn 0 0 1
v -0.0484049 -0.0310134 0.009
vn 0 0 1
v -0.0344514 -0.027047 0.009
vn 0 0 1
v -0.0344514 -0.027047 0.009
vn 0 0 1
v -0.0484049 -0.0310134 0.009
vn 0 0 1
v -0.043383 -0.0377197 0.009
vn 0 0 1
v -0.043383 -0.0377197 0.009
vn 0 0 1
v -0.0293949 -0.0324712 0.009
vn 0 0 1
v -0.0293949 -0.0324712 0.009
vn 0 0 1
v -0.0374398 -0.0436249 0.009
vn 0 0 1
v -0.0374398 -0.0436249 0.009
vn 0 0 1
v -0.0234957 -0.0369647 0.009
vn 0 0 1
v -0.0307013 -0.0486034 0.009
vn 0 0 1
v -0.0234957 -0.0369647 0.009
vn 0 0 1
v -0.0307013 -0.0486034 0.009
vn 0 0 1
v -0.028741 -0.0497878 0.009
vn 0 0 1
v -0.0337665 0.0278973 0.009
vn 0 0 1
v -0.0475403 0.0323232 0.009
vn 0 0 1
v -0.0379888 0.0218011 0.009
vn 0 0 1
v -0.0379888 0.0218011 0.009
vn 0 0 1
v -0.0475403 0.0323232 0.009
vn 0 0 1
v -0.0517336 0.0250699 0.009
vn 0 0 1
v -0.0517336 0.0250699 0.009
vn 0 0 1
v -0.0411222 0.01508 0.009
vn 0 0 1
v -0.0411222 0.01508 0.009
vn 0 0 1
v -0.0548281 0.0172842 0.009
vn 0 0 1
v -0.0548281 0.0172842 0.009
vn 0 0 1
v -0.0430768 0.00792656 0.009
vn 0 0 1
v -0.0430768 0.00792656 0.009
vn 0 0 1
v -0.0567581 0.00913144 0.009
vn 0 0 1
v -0.0567581 0.00913144 0.009
vn 0 0 1
v -0.0437966 0.000545939 0.009
vn 0 0 1
v -0.0437966 0.000545939 0.009
vn 0 0 1
v -0.0574826 0.000784689 0.009
vn 0 0 1
v -0.0574826 0.000784689 0.009
vn 0 0 1
v -0.043261 -0.00685033 0.009
vn 0 0 1
v -0.043261 -0.00685033 0.009
vn 0 0 1
v -0.0569862 -0.00757873 0.009
vn 0 0 1
v -0.0569862 -0.00757873 0.009
vn 0 0 1
v -0.0414853 -0.0140502 0.009
vn 0 0 1
v -0.0414853 -0.0140502 0.009
vn 0 0 1
v -0.0552795 -0.0157812 0.009
vn 0 0 1
v -0.0552795 -0.0157812 0.009
vn 0 0 1
v -0.0385205 -0.0208474 0.009
vn 0 0 1
v -0.0523986 -0.0236484 0.009
vn 0 0 1
v -0.022567 0.0375389 0.009
vn 0 0 1
v -0.0293631 0.0494234 0.009
vn 0 0 1
v -0.0285763 0.0331939 0.009
vn 0 0 1
v -0.0285763 0.0331939 0.009
vn 0 0 1
v -0.0293631 0.0494234 0.009
vn 0 0 1
v -0.036235 0.0446306 0.009
vn 0 0 1
v -0.036235 0.0446306 0.009
vn 0 0 1
v -0.0337665 0.0278973 0.009
vn 0 0 1
v -0.0423372 0.0388899 0.009
vn 0 0 1
v -0.0223429 0.053022 0.009
vn 0 0 1
v -0.0159108 0.0408079 0.009
vn 0 0 1
v -0.0256698 0.051466 0.009
vn 0 0 1
v -0.0256698 0.051466 0.009
vn 0 0 1
v -0.022567 0.0375389 0.009
vn 0 0 1
v -0.028744 0.049786 0.009
vn 0 0 1
v -0.022567 0.0375389 0.009
vn 0.20167 -0.31501 0.927415
v -0.028744 0.049786 0.009
vn -0.108288 0.194711 0.974865
v -0.0293631 0.0494234 0.009
vn -0.210636 0.306061 0.928417
v -0.0222211 -0.053074 0.009
vn 0 0 1
v -0.016923 -0.0403986 0.009
vn 0 0 1
v -0.0222211 -0.053074 0.009
vn 0 0 1
v -0.0188118 -0.0543992 0.009
vn 0 0 1
v -0.0188118 -0.0543992 0.009
vn 0 0 1
v -0.00986528 -0.0426745 0.009
vn 0 0 1
v -0.00986528 -0.0426745 0.009
vn 0 0 1
v -0.0153292 -0.0555007 0.009
vn 0 0 1
v -0.00986528 -0.0426745 0.009
vn 0 0 1
v -0.0153292 -0.0555007 0.009
vn 0 0 1
v -0.00825581 -0.0435005 0.009
vn 0 0 1
v -0.00825581 -0.0435005 0.009
vn 0 0 1
v -0.0117829 -0.0563763 0.009
vn 0 0 1
v -0.00818255 -0.0570232 0.009
vn 0 0 1
v -0.0187711 -0.0552761 0.00670306
vn -0.356684 -0.927175 0.114557
v -0.0185463 -0.0555799 0.00450416
vn -0.363463 -0.927416 0.0882793
v -0.0151234 -0.0568426 0.00451611
vn -0.30696 -0.944257 0.118969
v -0.0190589 -0.0548675 -0.00856353
vn -0.338664 -0.901637 -0.268993
v -0.0187606 -0.055298 -0.00656411
vn -0.34826 -0.928848 -0.126321
v -0.0222066 -0.0538542 -0.00655432
vn -0.406158 -0.90983 -0.0851155
v -0.001 -0.0595658 0.00417688
vn -0.0718794 -0.979571 0.187815
v -0.00470911 -0.0592103 0.00456289
vn -0.115404 -0.970854 0.21006
v -0.00498288 -0.059555 0.00232812
vn -0.122603 -0.986432 0.109184
v -0.0148417 -0.057105 0.00238988
vn -0.415758 -0.902826 -0.109776
v -0.0141305 -0.0573759 0.00184761
vn -0.249316 0.708369 -0.660345
v -0.0116859 -0.0581222 0.00230714
vn -0.262012 -0.960658 0.0921223
v -0.0250186 -0.0525074 -0.00472439
vn -0.112601 -0.294206 0.949086
v -0.0255847 -0.0521979 -0.00468179
vn -0.434232 -0.817831 0.377618
v -0.025593 -0.0521737 -0.00654528
vn -0.461825 -0.88604 -0.0406221
v -0.0273771 -0.0511805 -0.00438772
vn -0.500078 -0.865961 -0.00582393
v -0.0283081 -0.0506363 -0.00412009
vn -0.0429172 -0.591425 0.805217
v -0.0164196 -0.0564879 -0.00322444
vn -0.34553 -0.934505 -0.0854939
v -0.0181801 -0.0557672 -0.0038607
vn -0.269197 0.0067224 0.963062
v -0.0185295 -0.0555959 -0.0043641
vn -0.360558 -0.928722 -0.0864526
v -0.0184436 -0.0556559 -0.00393808
vn -0.034196 0.483375 0.874745
v -0.019108 -0.0553711 -0.00411587
vn -0.0333437 0.399845 0.915976
v -0.0206311 -0.0546932 -0.00443798
vn -0.446376 -0.827212 0.341276
v -0.0131442 -0.057746 -0.000195793
vn -0.423428 -0.904795 -0.045323
v -0.0133053 -0.057686 -0.000777367
vn -0.795838 -0.356734 0.489267
v -0.0117128 -0.0578861 -0.00438938
vn -0.281208 -0.956949 -0.0719088
v -0.0137553 -0.0575174 -0.00146815
vn -0.591845 0.55558 0.583995
v -0.0139918 -0.0574284 -0.00171816
vn -0.614549 0.128499 0.778343
v -0.0148204 -0.0571132 -0.00237581
vn -0.430055 -0.893401 0.129952
v -0.0151122 -0.0568612 -0.00437591
vn -0.30734 -0.944344 -0.117287
v -0.0148351 -0.0571075 -0.00238553
vn -0.185317 0.628696 0.755248
v -0.0158507 -0.0567132 -0.00296218
vn -0.179106 0.598827 0.780594
v -0.0140133 -0.0574202 0.00173898
vn -0.291433 0.810304 -0.508404
v -0.0134437 -0.0576343 0.00104217
vn -0.690049 -0.598819 -0.406509
v -0.00844645 -0.0589518 0.00231707
vn -0.216044 -0.971939 0.0930587
v -0.0131815 -0.0577321 0.000412223
vn -0.929967 -0.272269 -0.247044
v -0.0159496 -0.0566743 0.00301034
vn -0.339912 -0.936893 0.0817953
v -0.0178471 -0.0559065 0.00375697
vn -0.348482 -0.933768 0.0814743
v -0.0191125 -0.0553692 0.00411699
vn -0.0565296 0.40596 -0.912141
v -0.0240797 -0.0530067 0.00475
vn -0.468373 -0.880425 0.0740129
v -0.0228636 -0.0536274 0.00470839
vn -0.436863 -0.89832 0.0466133
v -0.0222195 -0.0538376 0.00669354
vn -0.413973 -0.907115 0.0759518
v -0.0208196 -0.0546066 0.00447003
vn -0.397751 -0.914666 0.0719697
v -0.0248221 -0.0526134 0.00473424
vn -0.205709 -0.423603 -0.882182
v -0.0224204 -0.0535415 0.00864345
vn -0.398007 -0.850371 0.34418
v -0.0200068 -0.0549755 0.00431973
vn -0.0587912 0.308026 -0.94956
v -0.0224204 -0.0535415 0.00864345
vn -0.399433 -0.913271 0.0799288
v -0.0256988 -0.0520239 0.00861129
vn -0.449623 -0.89257 0.0340264
v -0.0248221 -0.0526134 0.00473424
vn -0.458778 -0.888082 0.0288602
v -0.0267156 -0.0515619 0.00452708
vn -0.494277 -0.869275 0.00718489
v -0.0283268 -0.0506253 0.00411377
vn -0.162962 -0.714863 -0.68001
v -0.0283064 -0.0506372 0.00412067
vn -0.495951 -0.867973 -0.0256137
v -0.00810762 -0.058168 0.00673972
vn -0.16796 -0.953057 0.251935
v -0.011885 -0.0568551 0.00873023
vn -0.185908 -0.887773 0.421066
v -0.0117098 -0.0574427 0.0067258
vn -0.236576 -0.949735 0.205027
v -0.0154637 -0.055979 0.00870443
vn -0.247334 -0.889295 0.384683
v -0.0152631 -0.0564787 0.00671369
vn -0.291006 -0.941717 0.168774
v -0.0189789 -0.0548738 0.00867523
vn -0.30942 -0.886335 0.344483
v -0.00441817 -0.0586522 0.00675522
vn -0.0892781 -0.947197 0.307972
v -0.00459402 -0.0579112 0.00877118
vn -0.0707105 -0.85621 0.511766
v -0.00825257 -0.0575004 0.0087523
vn -0.125489 -0.883413 0.45148
v -0.00108742 -0.0580851 0.00878743
vn -0.0133763 -0.510086 0.860019
v -0.001 -0.0581254 0.0087
vn 0.171038 -0.832362 0.52718
v -0.001 -0.0589703 0.00646237
vn -0.0637624 -0.956038 0.286226
v -0.001 -0.0598889 0.00203344
vn -0.0740496 -0.993974 0.0808226
v -0.00510903 -0.0596767 7.16993e-05
vn -0.113689 -0.993447 0.0117093
v -0.001 -0.0599866 -0.000321537
vn -0.0738782 -0.996918 -0.0264037
v -0.00443464 -0.0586937 -0.00661778
vn -0.100208 -0.954308 -0.281523
v -0.00454113 -0.057967 -0.0086426
vn -0.0868265 -0.900863 -0.425331
v -0.0081189 -0.0582045 -0.00660184
vn -0.162426 -0.952485 -0.257663
v -0.00823507 -0.0575478 -0.00862711
vn -0.150853 -0.910947 -0.383951
v -0.0117118 -0.0574743 -0.00658751
vn -0.227762 -0.949721 -0.214836
v -0.0119019 -0.0568892 -0.00860884
vn -0.212935 -0.912495 -0.349302
v -0.0152575 -0.0565056 -0.00657505
vn -0.280312 -0.942348 -0.182774
v -0.0155124 -0.0559952 -0.00858754
vn -0.275777 -0.9097 -0.310473
v -0.0225275 -0.0535096 -0.00853752
vn -0.400702 -0.887861 -0.226145
v -0.025893 -0.0519322 -0.0085109
vn -0.459142 -0.869174 -0.183647
v -0.00829076 -0.0586551 0.00454543
vn -0.197824 -0.965232 0.170861
v -0.011714 -0.0578648 0.00452974
vn -0.251287 -0.956207 0.150075
v -0.0151946 -0.056969 0.00260948
vn -0.195961 0.606239 -0.770762
v -0.0131333 -0.05775 1.40498e-06
vn -0.285448 -0.955398 0.0757201
v -0.0116663 -0.058212 7.10102e-05
vn -0.295039 -0.955469 -0.00562041
v -0.0116663 -0.058212 7.10102e-05
vn -0.265389 -0.963591 -0.0325906
v -0.0117128 -0.0578861 -0.00438938
vn -0.24515 -0.958711 -0.144132
v -0.00845401 -0.0589641 -0.00217493
vn -0.216634 -0.971511 -0.0961045
v -0.00830209 -0.0586796 -0.00440489
vn -0.17556 -0.964818 -0.195717
v -0.00472836 -0.0592386 -0.00442215
vn -0.113961 -0.974781 -0.191874
v -0.00851477 -0.0590552 7.13361e-05
vn -0.202272 -0.979324 0.00327238
v -0.00499664 -0.0595695 -0.00218539
vn -0.121876 -0.988408 -0.0905357
v -0.001 -0.0598179 -0.00265804
vn -0.0720992 -0.988169 -0.135368
v -0.001 -0.059386 -0.00498193
vn -0.0672099 -0.97954 -0.189693
v -0.0228514 -0.0536335 -0.00470757
vn -0.439767 -0.897091 -0.0428079
v -0.0240758 -0.0530088 -0.00474999
vn -0.115439 -0.207664 0.971365
v -0.00884614 -0.0427343 0.00785972
vn 0.241216 0.794183 -0.557753
v -0.0107687 -0.0462031 0.00405858
vn 0.147785 0.702871 -0.695796
v -0.00805774 -0.0432752 0.00748102
vn 0.269365 0.772508 -0.575043
v -0.0107687 -0.0462031 0.00405858
vn 0.171581 0.686757 -0.706346
v -0.00805774 -0.0432752 0.00748102
vn 0.133966 0.698112 -0.703344
v -0.007099 -0.0469073 0.00405858
vn 0.133966 0.698112 -0.703344
v -0.007099 -0.0469073 0.00405858
vn 0.0928858 0.708044 -0.700033
v -0.00628052 -0.0448375 0.00622479
vn 0.178631 0.746363 -0.641118
v -0.00346222 -0.0473149 0.00405858
vn 0.0790951 0.705651 -0.704131
v -0.0074939 0.0430957 0.00775758
vn 0.191503 -0.747363 -0.63622
v -0.0109972 0.0461492 0.00405858
vn 0.134221 -0.700294 -0.701122
v -0.00647755 0.0439606 0.00706471
vn 0.311509 -0.762636 -0.566876
v -0.00733102 0.0468716 0.00405858
vn 0.109654 -0.698317 -0.707339
v -0.00367652 0.0472987 0.00405858
vn 0.08231 -0.70417 -0.705244
v -0.00808358 0.042807 0.00793643
vn 0.171626 -0.758566 -0.628587
v -0.0109972 0.0461492 0.00405858
vn 0.189113 -0.674582 -0.713566
v -0.00873821 0.0426133 0.008
vn 0.181107 -0.683337 -0.707284
v -0.0145952 0.0451405 0.00405858
vn 0.201743 -0.675505 -0.70922
v -0.0123142 0.0417206 0.008
vn 0.215475 -0.675183 -0.705477
v -0.0181026 0.0438518 0.00405858
vn 0.255758 -0.657494 -0.708724
v -0.0158018 0.0405284 0.008
vn 0.270339 -0.654572 -0.706012
v -0.0214977 0.0422911 0.00405858
vn 0.308162 -0.635127 -0.708273
v -0.0191759 0.0390453 0.008
vn 0.323296 -0.62956 -0.706494
v -0.0247595 0.040468 0.00405858
vn 0.3586 -0.608549 -0.707866
v -0.0224124 0.0372818 0.008
vn 0.373997 -0.60032 -0.706924
v -0.0278676 0.0383938 0.00405858
vn 0.406731 -0.577934 -0.707504
v -0.025488 0.0352507 0.008
vn 0.422108 -0.567052 -0.707302
v -0.0308029 0.0360814 0.00405858
vn 0.452229 -0.543483 -0.707188
v -0.0283806 0.0329665 0.008
vn 0.467316 -0.529979 -0.707629
v -0.0335471 0.0335452 0.00405858
vn 0.494788 -0.505424 -0.706917
v -0.0310695 0.0304457 0.008
vn 0.509321 -0.48935 -0.707904
v -0.0360831 0.0308009 0.00405858
vn 0.534117 -0.464011 -0.706692
v -0.0335353 0.0277062 0.008
vn 0.547849 -0.445438 -0.708128
v -0.0383953 0.0278655 0.00405858
vn 0.569952 -0.419517 -0.706513
v -0.0357603 0.0247679 0.008
vn 0.582647 -0.398536 -0.708302
v -0.0404693 0.0247573 0.00405858
vn 0.60205 -0.372243 -0.706379
v -0.0377286 0.0216518 0.008
vn 0.613487 -0.348955 -0.708424
v -0.0422923 0.0214954 0.00405858
vn 0.630194 -0.322502 -0.706292
v -0.0394261 0.0183802 0.008
vn 0.640164 -0.297026 -0.708495
v -0.0438528 0.0181002 0.00405858
vn 0.654195 -0.270629 -0.70625
v -0.0408405 0.0149767 0.008
vn 0.66808 -0.230282 -0.707558
v -0.0291935 -0.0322488 0.008
vn 0.465198 0.531918 -0.707569
v -0.0333807 -0.0337108 0.00405858
vn 0.497739 0.503455 -0.70625
v -0.0318187 -0.0296617 0.008
vn 0.516095 0.481302 -0.708516
v -0.0359303 -0.0309791 0.00405858
vn 0.536727 0.461659 -0.706255
v -0.0342155 -0.0268617 0.008
vn 0.554133 0.43702 -0.708485
v -0.038257 -0.0280552 0.00405858
vn 0.572178 0.416827 -0.706305
v -0.0363666 -0.0238688 0.008
vn 0.588425 0.38977 -0.708404
v -0.0403463 -0.0249572 0.00405858
vn 0.603857 0.369261 -0.706402
v -0.0382566 -0.0207046 0.008
vn 0.618743 0.339866 -0.708271
v -0.0421854 -0.0217044 0.00405858
vn 0.63155 0.319281 -0.706544
v -0.039872 -0.0173917 0.008
vn 0.644884 0.287639 -0.708088
v -0.0437627 -0.018317 0.00405858
vn 0.655074 0.267222 -0.706733
v -0.0412012 -0.013954 0.008
vn 0.666673 0.233431 -0.707854
v -0.0450686 -0.0148159 0.00405858
vn 0.674272 0.213436 -0.706967
v -0.0422345 -0.0104161 0.008
vn 0.683961 0.177604 -0.707569
v -0.0460948 -0.0112229 0.00405858
vn 0.68902 0.158285 -0.707247
v -0.0429647 -0.00680341 0.008
vn 0.696633 0.120523 -0.707232
v -0.0468351 -0.0075603 0.00405858
vn 0.699221 0.102139 -0.707571
v -0.0433864 -0.00314188 0.008
vn 0.704597 0.0625678 -0.706844
v -0.0472849 -0.00385078 0.00405858
vn 0.704811 0.0453768 -0.707942
v -0.0434966 0.000542201 0.008
vn 0.707797 0.00411989 -0.706404
v -0.0474413 -0.000117375 0.00405858
vn 0.705758 -0.0116211 -0.708358
v -0.0432946 0.00422239 0.008
vn 0.706206 -0.0544331 -0.705911
v -0.0473034 0.00361676 0.00405858
vn 0.702061 -0.0684717 -0.708817
v -0.0427817 0.00787227 0.008
vn 0.699826 -0.112702 -0.705366
v -0.046872 0.00732846 0.00405858
vn 0.693749 -0.124792 -0.709323
v -0.0419618 0.0114656 0.008
vn 0.688694 -0.1703 -0.704769
v -0.0461498 0.0109947 0.00405858
vn 0.680887 -0.180207 -0.709872
v -0.0451413 0.0145927 0.00405858
vn 0.670033 -0.216599 -0.710028
v -0.00979771 -0.0423822 0.008
vn 0.188308 0.681571 -0.707108
v -0.0133503 -0.0414007 0.008
vn 0.207109 0.67604 -0.70716
v -0.0143716 -0.0452122 0.00405858
vn 0.224376 0.67 -0.707641
v -0.0168071 -0.0401219 0.008
vn 0.262424 0.656979 -0.706762
v -0.0178854 -0.0439409 0.00405858
vn 0.277544 0.649367 -0.70802
v -0.0201433 -0.0385551 0.008
vn 0.316027 0.633444 -0.706311
v -0.0212882 -0.0423969 0.00405858
vn 0.328825 0.624485 -0.708444
v -0.0233348 -0.0367116 0.008
vn 0.367561 0.605585 -0.705809
v -0.0245589 -0.04059 0.00405858
vn 0.377877 0.595526 -0.708913
v -0.0263588 -0.0346044 0.008
vn 0.416681 0.573581 -0.705253
v -0.0276773 -0.0385312 0.00405858
vn 0.424375 0.56269 -0.709427
v -0.030624 -0.0362334 0.00405858
vn 0.45499 0.538332 -0.709354
v -0.00805774 -0.0432752 -0.00748102
vn 0.106005 0.696606 0.70958
v -0.007099 -0.0469073 -0.00405858
vn 0.106005 0.696606 0.70958
v -0.00346222 -0.0473149 -0.00405858
vn 0.0778472 0.694518 0.715251
v -0.0107687 -0.0462031 -0.00405858
vn 0.162754 0.689621 0.705644
v -0.00808749 0.0428055 -0.00793721
vn 0.193917 -0.791465 0.579637
v -0.0109972 0.0461492 -0.00405858
vn 0.138962 -0.711038 0.689286
v -0.0074939 0.0430957 -0.00775758
vn 0.296067 -0.791246 0.535046
v -0.0109972 0.0461492 -0.00405858
vn 0.167084 -0.687611 0.706593
v -0.0074939 0.0430957 -0.00775758
vn 0.137174 -0.696197 0.704623
v -0.00733102 0.0468716 -0.00405858
vn 0.112817 -0.700009 0.705167
v -0.00733102 0.0468716 -0.00405858
vn 0.112937 -0.714603 0.690353
v -0.00647755 0.0439606 -0.00706471
vn 0.576885 -0.765114 0.286013
v -0.00647755 0.0439606 -0.00706471
vn 0.08231 -0.70417 0.705244
v -0.00367652 0.0472987 -0.00405858
vn 0.08231 -0.70417 0.705244
v -0.00805774 -0.0432752 -0.00748102
vn 0.523245 0.810592 0.262975
v -0.0088458 -0.0427345 -0.00785961
vn 0.212022 0.76591 0.606984
v -0.0107687 -0.0462031 -0.00405858
vn 0.149361 0.702521 0.695813
v -0.00979771 -0.0423822 -0.008
vn 0.187849 0.681489 0.707309
v -0.0143716 -0.0452122 -0.00405858
vn 0.205659 0.676455 0.707187
v -0.0133503 -0.0414007 -0.008
vn 0.224811 0.669865 0.70763
v -0.0178854 -0.0439409 -0.00405858
vn 0.259657 0.657912 0.706916
v -0.0168071 -0.0401219 -0.008
vn 0.279297 0.64874 0.707905
v -0.0212882 -0.0423969 -0.00405858
vn 0.311983 0.635023 0.706691
v -0.0201433 -0.0385551 -0.008
vn 0.331856 0.623237 0.708129
v -0.0245589 -0.04059 -0.00405858
vn 0.362285 0.607939 0.706512
v -0.0233348 -0.0367116 -0.008
vn 0.382137 0.593531 0.708302
v -0.0276773 -0.0385312 -0.00405858
vn 0.410224 0.576841 0.706379
v -0.0263588 -0.0346044 -0.008
vn 0.429811 0.559819 0.708424
v -0.030624 -0.0362334 -0.00405858
vn 0.455476 0.541935 0.706291
v -0.0291935 -0.0322488 -0.008
vn 0.474562 0.522327 0.708495
v -0.0333807 -0.0337108 -0.00405858
vn 0.497739 0.503455 0.70625
v -0.0318187 -0.0296617 -0.008
vn 0.526206 0.471666 0.707558
v -0.0394261 0.0183802 -0.008
vn 0.635262 -0.309498 0.707569
v -0.0438528 0.0181002 -0.00405858
vn 0.654195 -0.270629 0.70625
v -0.0408405 0.0149767 -0.008
vn 0.662504 -0.243092 0.708515
v -0.0451413 0.0145927 -0.00405858
vn 0.67389 -0.216971 0.706254
v -0.0419618 0.0114656 -0.008
vn 0.680359 -0.187512 0.708485
v -0.0461498 0.0109947 -0.00405858
vn 0.689148 -0.161891 0.706305
v -0.0427817 0.00787227 -0.008
vn 0.693609 -0.130654 0.708404
v -0.046872 0.00732846 -0.00405858
vn 0.699867 -0.105756 0.706401
v -0.0432946 0.00422239 -0.008
vn 0.702166 -0.0728931 0.708272
v -0.0473034 0.00361676 -0.00405858
vn 0.705975 -0.0489433 0.706543
v -0.0434966 0.000542201 -0.008
vn 0.705972 -0.0146128 0.708089
v -0.0474413 -0.000117375 -0.00405858
vn 0.707434 0.00816453 0.706732
v -0.0433864 -0.00314188 -0.008
vn 0.704998 0.0438014 0.707855
v -0.0472849 -0.00385078 -0.00405858
vn 0.704238 0.0651858 0.706966
v -0.0429647 -0.00680341 -0.008
vn 0.699248 0.101962 0.70757
v -0.0468351 -0.0075603 -0.00405858
vn 0.696409 0.121735 0.707245
v -0.0422345 -0.0104161 -0.008
vn 0.688757 0.159482 0.707234
v -0.0460948 -0.0112229 -0.00405858
vn 0.684004 0.177435 0.70757
v -0.0412012 -0.013954 -0.008
vn 0.673588 0.215982 0.706846
v -0.0450686 -0.0148159 -0.00405858
vn 0.667111 0.231914 0.70794
v -0.039872 -0.0173917 -0.008
vn 0.653838 0.271084 0.706406
v -0.0437627 -0.018317 -0.00405858
vn 0.645847 0.284805 0.708356
v -0.0382566 -0.0207046 -0.008
vn 0.629632 0.324423 0.705913
v -0.0421854 -0.0217044 -0.00405858
vn 0.620361 0.335757 0.708815
v -0.0363666 -0.0238688 -0.008
vn 0.601124 0.37564 0.705369
v -0.0403463 -0.0249572 -0.00405858
vn 0.590829 0.384429 0.70932
v -0.0342155 -0.0268617 -0.008
vn 0.568496 0.424394 0.704771
v -0.038257 -0.0280552 -0.00405858
vn 0.557454 0.4305 0.709869
v -0.0359303 -0.0309791 -0.00405858
vn 0.533316 0.459825 0.710025
v -0.00873821 0.0426133 -0.008
vn 0.170474 -0.682899 0.710344
v -0.0123142 0.0417206 -0.008
vn 0.19669 -0.67787 0.708382
v -0.0145952 0.0451405 -0.00405858
vn 0.221455 -0.672251 0.706425
v -0.0158018 0.0405284 -0.008
vn 0.252095 -0.659427 0.70824
v -0.0181026 0.0438518 -0.00405858
vn 0.274904 -0.652056 0.706577
v -0.0191759 0.0390453 -0.008
vn 0.305818 -0.63651 0.708047
v -0.0214977 0.0422911 -0.00405858
vn 0.326518 -0.62758 0.706774
v -0.0224124 0.0372818 -0.008
vn 0.357504 -0.609266 0.707804
v -0.0247595 0.040468 -0.00405858
vn 0.375952 -0.598989 0.707017
v -0.025488 0.0352507 -0.008
vn 0.406807 -0.577875 0.707508
v -0.0278676 0.0383938 -0.00405858
vn 0.422874 -0.566478 0.707305
v -0.0283806 0.0329665 -0.008
vn 0.453399 -0.542541 0.707162
v -0.0308029 0.0360814 -0.00405858
vn 0.466973 -0.530267 0.707639
v -0.0310695 0.0304457 -0.008
vn 0.49697 -0.503494 0.706763
v -0.0335471 0.0335452 -0.00405858
vn 0.507954 -0.490605 0.708018
v -0.0335353 0.0277062 -0.008
vn 0.537225 -0.460989 0.706313
v -0.0360831 0.0308009 -0.00405858
vn 0.545546 -0.447761 0.708442
v -0.0357603 0.0247679 -0.008
vn 0.573894 -0.415303 0.705811
v -0.0383953 0.0278655 -0.00405858
vn 0.579501 -0.402024 0.708911
v -0.0377286 0.0216518 -0.008
vn 0.606729 -0.366735 0.705256
v -0.0404693 0.0247573 -0.00405858
vn 0.609597 -0.353707 0.709424
v -0.0422923 0.0214954 -0.00405858
vn 0.628353 -0.319366 0.709351
v -0.00338942 -0.0473789 0.00391716
vn 0.110583 0.993867 0
v -0.00338942 -0.0473789 -0.00391716
vn 0.110583 0.993867 0
v -0.00710777 -0.0469652 0.00391716
vn 0.136636 0.990621 0
v -0.00710777 -0.0469652 -0.00391716
vn 0.162613 0.98669 0
v -0.010782 -0.0462601 0.00391716
vn 0.214176 0.976795 0
v -0.010782 -0.0462601 -0.00391716
vn 0.239764 0.970831 0
v -0.0143894 -0.045268 0.00391716
vn 0.290389 0.956909 0
v -0.0143894 -0.045268 -0.00391716
vn 0.315428 0.94895 0
v -0.0179075 -0.0439951 0.00391716
vn 0.3648 0.931086 0
v -0.0179075 -0.0439951 -0.00391716
vn 0.389135 0.921181 0
v -0.0213145 -0.0424493 0.00391716
vn 0.436948 0.899487 0
v -0.0213145 -0.0424493 -0.00391716
vn 0.460427 0.887698 0
v -0.0245893 -0.0406401 0.00391716
vn 0.506384 0.862308 0
v -0.0245893 -0.0406401 -0.00391716
vn 0.528863 0.848707 0
v -0.0277115 -0.0385788 0.00391716
vn 0.57268 0.819779 0
v -0.0277115 -0.0385788 -0.00391716
vn 0.594019 0.804451 0
v -0.0306618 -0.0362782 0.00391716
vn 0.635423 0.772164 0
v -0.0306618 -0.0362782 -0.00391716
vn 0.655489 0.755205 0
v -0.0334219 -0.0337524 0.00391716
vn 0.694224 0.719759 0
v -0.0334219 -0.0337524 -0.00391716
vn 0.712892 0.701273 0
v -0.0359746 -0.0310173 0.00391716
vn 0.748717 0.662889 0
v -0.0359746 -0.0310173 -0.00391716
vn 0.765874 0.642991 0
v -0.0383042 -0.0280898 0.00391716
vn 0.798566 0.601907 0
v -0.0383042 -0.0280898 -0.00391716
vn 0.814103 0.580721 0
v -0.0403961 -0.024988 0.00391716
vn 0.843461 0.537191 0
v -0.0403961 -0.024988 -0.00391716
vn 0.857282 0.514847 0
v -0.0422375 -0.0217312 0.00391716
vn 0.883123 0.469141 0
v -0.0422375 -0.0217312 -0.00391716
vn 0.895143 0.445778 0
v -0.0438168 -0.0183396 0.00391716
vn 0.917307 0.398181 0
v -0.0438168 -0.0183396 -0.00391716
vn 0.927451 0.373945 0
v -0.0451242 -0.0148342 0.00391716
vn 0.945799 0.324752 0
v -0.0451242 -0.0148342 -0.00391716
vn 0.954004 0.299793 0
v -0.0461518 -0.0112368 0.00391716
vn 0.968424 0.249307 0
v -0.0461518 -0.0112368 -0.00391716
vn 0.97464 0.22378 0
v -0.046893 -0.00756964 0.00391716
vn 0.985042 0.172315 0
v -0.046893 -0.00756964 -0.00391716
vn 0.989229 0.146378 0
v -0.0473433 -0.00385554 0.00391716
vn 0.995548 0.0942556 0
v -0.0473433 -0.00385554 -0.00391716
vn 0.997681 0.0680694 0
v -0.0474999 -0.00011752 0.00391716
vn 0.999878 0.0156104 0
v -0.0474999 -0.00011752 -0.00391716
vn 0.999943 -0.0106622 0
v -0.0473618 0.00362123 0.00391716
vn 0.998005 -0.0631318 0
v -0.0473618 0.00362123 -0.00391716
vn 0.996002 -0.0893287 0
v -0.0469298 0.00733751 0.00391716
vn 0.989941 -0.141483 0
v -0.0469298 0.00733751 -0.00391716
vn 0.985882 -0.16744 0
v -0.0462068 0.0110083 0.00391716
vn 0.975735 -0.218954 0
v -0.0462068 0.0110083 -0.00391716
vn 0.969646 -0.244512 0
v -0.0451971 0.0146107 0.00391716
vn 0.955476 -0.295068 0
v -0.0451971 0.0146107 -0.00391716
vn 0.947395 -0.320067 0
v -0.043907 0.0181226 0.00391716
vn 0.92929 -0.369351 0
v -0.043907 0.0181226 -0.00391716
vn 0.919266 -0.393637 0
v -0.0423445 0.021522 0.00391716
vn 0.897338 -0.441344 0
v -0.0423445 0.021522 -0.00391716
vn 0.885434 -0.464765 0
v -0.0405193 0.0247878 0.00391716
vn 0.859819 -0.510599 0
v -0.0405193 0.0247878 -0.00391716
vn 0.846109 -0.53301 0
v -0.0384427 0.0278999 0.00391716
vn 0.816966 -0.576686 0
v -0.0384427 0.0278999 -0.00391716
vn 0.801534 -0.597949 0
v -0.0361277 0.030839 0.00391716
vn 0.769045 -0.639194 0
v -0.0361277 0.030839 -0.00391716
vn 0.751988 -0.659176 0
v -0.0335885 0.0335867 0.00391716
vn 0.716354 -0.697737 0
v -0.0335885 0.0335867 -0.00391716
vn 0.697777 -0.716315 0
v -0.0308409 0.036126 0.00391716
vn 0.659218 -0.751952 0
v -0.0308409 0.036126 -0.00391716
vn 0.639236 -0.769011 0
v -0.027902 0.0384412 0.00391716
vn 0.597992 -0.801502 0
v -0.027902 0.0384412 -0.00391716
vn 0.57673 -0.816935 0
v -0.0247901 0.0405179 0.00391716
vn 0.533056 -0.84608 0
v -0.0247901 0.0405179 -0.00391716
vn 0.510645 -0.859792 0
v -0.0215243 0.0423433 0.00391716
vn 0.464813 -0.885409 0
v -0.0215243 0.0423433 -0.00391716
vn 0.441393 -0.897314 0
v -0.018125 0.043906 0.00391716
vn 0.393688 -0.919244 0
v -0.018125 0.043906 -0.00391716
vn 0.369403 -0.929269 0
v -0.0146132 0.0451963 0.00391716
vn 0.320119 -0.947377 0
v -0.0146132 0.0451963 -0.00391716
vn 0.29512 -0.95546 0
v -0.0110108 0.0462062 0.00391716
vn 0.244564 -0.969633 0
v -0.0110108 0.0462062 -0.00391716
vn 0.219007 -0.975723 0
v -0.00734007 0.0469294 0.00391716
vn 0.167494 -0.985873 0
v -0.00734007 0.0469294 -0.00391716
vn 0.141537 -0.989933 0
v -0.00362381 0.0473616 0.00391716
vn 0.1155 -0.993308 0
v -0.00362381 0.0473616 -0.00391716
vn 0.1155 -0.993308 0
v -0.00235909 -0.0482846 0.0087
vn 0.64659 0.569895 0.507091
v -0.00339665 -0.0473726 0.00396508
vn 0.294187 0.944076 -0.148909
v -0.0034156 -0.0473559 0.00400654
vn 0.374301 0.875611 -0.305293
v -0.00805774 -0.0432752 -0.0087
vn 0.585796 0.750673 -0.305504
v -0.00235909 -0.0482846 -0.0087
vn 0.651146 0.728278 -0.213588
v -0.00235909 -0.0482846 -0.0087
vn 0.736996 0.675897 -1.42246e-07
v -0.00805774 -0.0432752 -0.00748102
vn 0.660228 0.751065 -4.90817e-07
v -0.00346222 -0.0473149 -0.00405858
vn 0.660228 0.751065 -4.90817e-07
v -0.00346222 -0.0473149 -0.00405858
vn 0.350073 0.862604 0.365188
v -0.00341845 -0.0473534 -0.00401099
vn 0.456454 0.863239 0.215567
v -0.00339751 -0.0473718 -0.00396781
vn 0.300971 0.941542 0.151377
v -0.00338942 -0.0473789 -0.00391716
vn 0.338739 0.937671 0.0776445
v -0.00338942 -0.0473789 -0.00391716
vn 0.660229 0.751065 0
v -0.00235909 -0.0482846 0.0087
vn 0.743509 0.668726 0
v -0.00235909 -0.0482846 0.0087
vn 0.657952 0.748475 0.0829719
v -0.00338942 -0.0473789 -0.00391716
vn 0.660229 0.751065 0
v -0.00338942 -0.0473789 0.00391716
vn 0.660229 0.751065 0
v -0.00338942 -0.0473789 0.00391716
vn 0.335481 0.939136 -0.0740058
v -0.00805774 -0.0432752 0.0087
vn 0.561921 0.753802 0.340627
v -0.00628052 -0.0448375 0.00622479
vn 0.660228 0.751065 5.24442e-07
v -0.00805774 -0.0432752 0.0087
vn 0.660228 0.751065 6.18173e-07
v -0.00346222 -0.0473149 0.00405858
vn 0.660228 0.751065 4.38982e-07
v -0.00346222 -0.0473149 0.00405858
vn 0.478205 0.845544 -0.237435
v -0.00647755 0.0439606 -0.0087
vn 0.720307 -0.667347 -0.189226
v -0.00367652 0.0472987 -0.00405858
vn 0.756746 -0.653533 0.0151601
v -0.00367652 0.0472987 -0.00405858
vn 0.766044 -0.642788 -1.07085e-07
v -0.00647755 0.0439606 -0.0087
vn 0.766044 -0.642788 -1.07085e-07
v -0.00193582 0.0493732 -0.0087
vn 0.766044 -0.642788 -1.07085e-07
v -0.00193582 0.0493732 -0.0087
vn 0.589871 -0.471249 -0.655726
v -0.00364731 0.0473336 -0.00401599
vn 0.45292 -0.836737 0.307791
v -0.00363016 0.047354 -0.00396982
vn 0.39773 -0.905699 0.146694
v -0.00647755 0.0439606 0.0087
vn 0.748707 -0.662901 0
v -0.00193582 0.0493732 0.0087
vn 0.766044 -0.642788 0
v -0.00193582 0.0493732 0.0087
vn 0.832005 -0.554769 4.59437e-08
v -0.00647755 0.0439606 0.00706471
vn 0.766044 -0.642788 1.23803e-07
v -0.00367652 0.0472987 0.00405858
vn 0.766044 -0.642788 1.23803e-07
v -0.00193582 0.0493732 0.0087
vn 0.61835 -0.496096 0.609534
v -0.00367652 0.0472987 0.00405858
vn 0.416402 -0.830979 -0.368895
v -0.00364487 0.0473365 0.00401106
vn 0.549058 -0.809699 -0.207178
v -0.00362837 0.0473561 0.00396189
vn 0.390109 -0.90949 -0.143676
v -0.00362381 0.0473616 0.00391716
vn 0.455824 -0.887953 -0.0613488
v -0.00193582 0.0493732 0.0087
vn 0.766044 -0.642788 0
v -0.00362381 0.0473616 0.00391716
vn 0.766044 -0.642788 0
v -0.00193582 0.0493732 -0.0087
vn 0.766044 -0.642788 0
v -0.00193582 0.0493732 -0.0087
vn 0.823167 -0.567799 0
v -0.00362381 0.0473616 0.00391716
vn 0.766044 -0.642788 0
v -0.00362381 0.0473616 -0.00391716
vn 0.766044 -0.642788 0
v -0.00362381 0.0473616 -0.00391716
vn 0.462654 -0.883671 0.0712547
v -0.00111322 -0.0503439 0.000712576
vn 0.364406 -0.893942 -0.260914
v -0.009 -0.0506184 0.001375
vn -0.238528 -0.856537 -0.457655
v -0.00113727 -0.05025 5.44318e-10
vn 0.121655 -0.983485 -0.134001
v -0.009 -0.05025 5.44318e-10
vn 0.00489119 -0.999612 0.0274259
v -0.00111321 -0.050344 -0.000712841
vn 0.184633 -0.946557 0.264463
v -0.009 -0.0506184 -0.001375
vn 0.00679869 -0.85419 0.519916
v -0.009 -0.051625 -0.00238157
vn 0.00297311 -0.434106 0.900857
v -0.001 -0.0512889 -0.00215281
vn 0.00475637 -0.706965 0.707232
v -0.00105659 -0.0506184 -0.001375
vn 0.311879 -0.786354 0.533272
v -0.00105659 -0.0506184 0.001375
vn 0.55313 -0.675941 -0.486981
v -0.001 -0.0512889 0.00215282
vn 0.00740311 -0.677056 -0.735894
v -0.009 -0.051625 0.00238157
vn 0.0042804 -0.50822 -0.861216
v -0.001 -0.051625 0.00238157
vn 0 -0.25882 -0.965926
v -0.009 -0.053 0.00275
vn 0 -0.0889625 -0.996035
v -0.001 -0.053 0.00275
vn 0 0.0889626 -0.996035
v -0.009 -0.054375 0.00238157
vn 0 0.420975 -0.907072
v -0.001 -0.054375 0.00238157
vn 0 0.575062 -0.81811
v -0.009 -0.0553816 0.001375
vn 0 0.81811 -0.575061
v -0.001 -0.0553816 0.001375
vn -6.17301e-16 0.907072 -0.420975
v -0.009 -0.05575 5.44318e-10
vn 0 0.996035 -0.0889625
v -0.001 -0.05575 5.44318e-10
vn 0 0.996035 0.0889625
v -0.009 -0.0553816 -0.001375
vn 6.17301e-16 0.907073 0.420974
v -0.001 -0.0553816 -0.001375
vn 0 0.81811 0.575061
v -0.009 -0.054375 -0.00238157
vn 0 0.575061 0.81811
v -0.001 -0.054375 -0.00238157
vn 0 0.420974 0.907073
v -0.009 -0.053 -0.00275
vn 0 0.0889622 0.996035
v -0.001 -0.053 -0.00275
vn 0 -0.0889621 0.996035
v -0.001 -0.051625 -0.00238157
vn 0 -0.329513 0.944151
v -0.0321138 -0.0482981 0.000673947
vn -0.00198226 -0.990347 -0.138596
v -0.032186 -0.04825 5.44318e-10
vn 8.45253e-19 -1 0.000292367
v -0.009 -0.04825 5.44318e-10
vn -0.00200735 -0.999998 0.00040274
v -0.0312109 -0.0488864 -0.002375
vn 0 -0.863367 0.504576
v -0.009 -0.0488864 -0.002375
vn 0 -0.863367 0.504576
v -0.0319075 -0.0484346 -0.00131145
vn 0 -0.920411 0.390952
v -0.0319075 -0.0484346 -0.00131145
vn -0.00703207 -0.965902 0.258813
v -0.009 -0.0488864 -0.002375
vn -0.00703207 -0.965902 0.258813
v -0.009 -0.04825 5.44318e-10
vn -0.00703207 -0.965902 0.258813
v -0.0319075 -0.0484346 -0.00131145
vn -0.00405453 -0.978012 0.208508
v -0.0321132 -0.0482984 -0.000676689
vn -0.00199355 -0.990291 0.138992
v -0.0300388 -0.0496152 0.00333252
vn -0.00617444 -0.725667 -0.688018
v -0.0309747 -0.0490364 0.00261765
vn -0.00162313 -0.778206 -0.628007
v -0.009 -0.0488864 0.002375
vn -0.00617444 -0.725667 -0.688018
v -0.009 -0.0488864 0.002375
vn -0.598403 -0.550647 -0.58198
v -0.009 -0.0488864 0.002375
vn 0 -0.965926 -0.258819
v -0.0312109 -0.0488864 0.002375
vn 0 -0.965926 -0.258819
v -0.009 -0.04825 5.44318e-10
vn 0 -0.965926 -0.258819
v -0.009 -0.04825 5.44318e-10
vn -0.0144335 -0.923834 -0.382522
v -0.0312109 -0.0488864 0.002375
vn -0.0144335 -0.923834 -0.382522
v -0.0319091 -0.0484336 0.00130776
vn -0.0144335 -0.923834 -0.382522
v -0.0319091 -0.0484336 0.00130776
vn -0.0040267 -0.978154 -0.207843
v -0.0267156 -0.0515619 0.00452708
vn -0.00602351 -0.306194 -0.95195
v -0.0283064 -0.0506372 0.00412067
vn -7.88484e-05 -0.402481 -0.915428
v -0.009 -0.050625 0.00411362
vn -0.00602351 -0.306194 -0.95195
v -0.009 -0.050625 0.00411362
vn -0.842261 -0.0570038 -0.536047
v -0.009 -0.050625 0.00411362
vn 4.02076e-06 -0.707107 -0.707106
v -0.0283268 -0.0506253 0.00411377
vn 4.02076e-06 -0.707107 -0.707106
v -0.009 -0.0488864 0.002375
vn 4.02076e-06 -0.707107 -0.707106
v -0.029 -0.0502295 0.00385833
vn -0.0112383 -0.661148 -0.750171
v -0.0208196 -0.0546066 0.00447003
vn -0.0116396 0.254151 -0.967094
v -0.0228636 -0.0536274 0.00470839
vn -0.00444115 0.163576 -0.986521
v -0.009 -0.053 0.00475
vn -0.00780097 0.243603 -0.969844
v -0.0240797 -0.0530067 0.00475
vn -0.0124828 -0.00484096 -0.99991
v -0.009 -0.053 0.00475
vn 0.000115704 -0.258819 -0.965926
v -0.0240797 -0.0530067 0.00475
vn 0.000115704 -0.258819 -0.965926
v -0.009 -0.050625 0.00411362
vn 0.000115704 -0.258819 -0.965926
v -0.0248221 -0.0526134 0.00473424
vn -0.011523 -0.213232 -0.976934
v -0.0159496 -0.0566743 0.00301034
vn -0.0207316 0.709245 -0.704657
v -0.0178471 -0.0559065 0.00375697
vn -0.00715334 0.636571 -0.771185
v -0.009 -0.055375 0.00411362
vn -0.012337 0.690849 -0.722894
v -0.009 -0.055375 0.00411362
vn -0.000172253 0.258819 -0.965926
v -0.0191125 -0.0553692 0.00411699
vn -0.000172253 0.258819 -0.965926
v -0.009 -0.0571136 0.002375
vn -0.0139683 0.891454 -0.452896
v -0.009 -0.05775 5.44318e-10
vn -0.015184 0.999755 0.0160981
v -0.0131333 -0.05775 1.40498e-06
vn -0.0172522 0.976816 -0.213385
v -0.0148417 -0.057105 0.00238988
vn -0.000757335 0.707107 -0.707106
v -0.009 -0.0571136 -0.002375
vn -0.534307 0.80552 0.25623
v -0.0133053 -0.057686 -0.000777367
vn -0.0271655 0.972674 0.230581
v -0.009 -0.055375 -0.00411362
vn -0.466555 0.602239 0.647792
v -0.0181801 -0.0557672 -0.0038607
vn -0.00697981 0.652181 0.758031
v -0.0164196 -0.0564879 -0.00322444
vn -0.0122243 0.672637 0.739872
v -0.009 -0.055375 -0.00411362
vn -0.00036857 0.619162 0.785263
v -0.0148351 -0.0571075 -0.00238553
vn -0.000537212 0.707107 0.707106
v -0.009 -0.0571136 -0.002375
vn -0.000537212 0.707107 0.707106
v -0.0206311 -0.0546932 -0.00443798
vn -0.011764 0.258801 0.965859
v -0.009 -0.055375 -0.00411362
vn -0.011764 0.258801 0.965859
v -0.009 -0.053 -0.00475
vn -0.011764 0.258801 0.965859
v -0.0206311 -0.0546932 -0.00443798
vn -0.00760916 0.231538 0.972796
v -0.009 -0.053 -0.00475
vn -0.00377886 0.122468 0.992465
v -0.0228514 -0.0536335 -0.00470757
vn -0.00487148 0.172493 0.984999
v -0.0300364 -0.0496167 -0.003334
vn -0.00457589 -0.744654 0.667435
v -0.009 -0.0488864 -0.002375
vn -0.0112574 -0.661003 0.750299
v -0.029 -0.0502295 -0.00385833
vn -0.00744348 -0.62189 0.78307
v -0.009 -0.0488864 -0.002375
vn -0.0049578 -0.707098 0.707098
v -0.029 -0.0502295 -0.00385833
vn -0.0049578 -0.707098 0.707098
v -0.009 -0.050625 -0.00411362
vn -0.0049578 -0.707098 0.707098
v -0.009 -0.050625 -0.00411362
vn -0.00405717 -0.418941 0.908005
v -0.0283081 -0.0506363 -0.00412009
vn -4.36895e-05 -0.441299 0.89736
v -0.0273771 -0.0511805 -0.00438772
vn -0.00360517 -0.34401 0.938959
v -0.0255847 -0.0521979 -0.00468179
vn -0.00561817 -0.286802 0.957973
v -0.009 -0.050625 -0.00411362
vn -0.00561817 -0.286802 0.957973
v -0.009 -0.050625 -0.00411362
vn -0.00641441 -0.258813 0.965906
v -0.0250186 -0.0525074 -0.00472439
vn -0.00641441 -0.258813 0.965906
v -0.009 -0.053 -0.00475
vn -0.00641441 -0.258813 0.965906
v -0.009 -0.0553816 0.001375
vn -1 0 0
v -0.009 -0.0571136 0.002375
vn -1 0 0
v -0.009 -0.054375 0.00238157
vn -1 0 0
v -0.009 -0.055375 0.00411362
vn -1 0 0
v -0.009 -0.053 0.00275
vn -1 0 0
v -0.009 -0.053 0.00475
vn -1 0 0
v -0.009 -0.051625 0.00238157
vn -1 0 0
v -0.009 -0.05025 5.44318e-10
vn -1 0 0
v -0.009 -0.04825 5.44318e-10
vn -1 0 0
v -0.009 -0.0506184 -0.001375
vn -1 0 0
v -0.009 -0.0488864 -0.002375
vn -1 0 0
v -0.009 -0.051625 -0.00238157
vn -1 0 0
v -0.009 -0.050625 -0.00411362
vn -1 0 0
v -0.009 -0.053 -0.00275
vn -1 0 0
v -0.009 -0.053 -0.00475
vn -1 0 0
v -0.009 -0.054375 -0.00238157
vn -1 0 0
v -0.009 -0.0553816 -0.001375
vn -1 0 0
v -0.009 -0.05575 5.44318e-10
vn -1 0 0
v -0.009 -0.05775 5.44318e-10
vn -1 0 0
v -0.011 0.05175 -0.00216506
vn -0.00050942 0.518943 0.854809
v -0.0264286 0.0516998 -0.00213528
vn -0.00038178 0.594256 0.804276
v -0.011 0.0508349 -0.00125
vn -0.000936728 0.707106 0.707107
v -0.011 0.0508349 -0.00125
vn -0.0728801 0.715458 0.694845
v -0.026799 0.051488 -0.00199093
vn -0.0033034 0.714204 0.69993
v -0.0276645 0.0509909 -0.00148782
vn -0.00241873 0.750008 0.661424
v -0.011 0.0508349 -0.00125
vn 0.000238595 0.965926 0.258817
v -0.0279227 0.0508427 -0.00126332
vn 0.000238595 0.965926 0.258817
v -0.011 0.0505 5.44318e-10
vn 0.000238595 0.965926 0.258817
v -0.011 0.0505 5.44318e-10
vn -0.0403613 0.997461 0.0586809
v -0.011 0.053 -0.0025
vn -0.0495547 -0.260879 0.964099
v -0.0216764 0.0542382 -0.00214324
vn 0.00226187 -0.258818 0.965924
v -0.011 0.05425 -0.00216506
vn 0.00226187 -0.258818 0.965924
v -0.011 0.05425 -0.00216506
vn -0.0620352 -0.692509 0.718737
v -0.022483 0.0538388 -0.00235508
vn -0.00112432 -0.185174 0.982705
v -0.0239271 0.0530864 -0.00249851
vn -0.0010137 -0.16868 0.98567
v -0.011 0.053 -0.0025
vn 3.19687e-05 0.25882 0.965926
v -0.0240855 0.0530016 -0.0025
vn -0.00420937 0.217204 0.976117
v -0.011 0.05175 -0.00216506
vn -0.0729591 0.277235 0.958028
v -0.0251362 0.0524278 -0.00243364
vn 0.000555341 0.378364 0.925657
v -0.011 0.0551651 -0.00125
vn -0.235485 -0.89736 0.373217
v -0.011 0.0551651 -0.00125
vn -0.00492784 -0.897981 0.440007
v -0.0197438 0.0551585 -0.00126125
vn -0.00617495 -0.734494 0.678587
v -0.011 0.0551651 0.00125
vn -0.0488497 -0.893832 -0.445732
v -0.0189911 0.055498 9.88381e-05
vn -0.00275712 -0.970235 -0.242151
v -0.011 0.0555 5.44318e-10
vn -0.0014933 -0.999999 -0.000824484
v -0.0189867 0.0555 -1.08352e-06
vn -0.00597186 -0.974749 0.223224
v -0.0199545 0.0550618 0.00141392
vn -0.00621138 -0.715215 -0.698876
v -0.011 0.05425 0.00216506
vn -0.00485515 -0.506099 -0.862462
v -0.011 0.053 0.0025
vn -0.00539012 0.0156738 -0.999863
v -0.0230194 0.0535639 0.00243558
vn -0.00319975 -0.259317 -0.965787
v -0.0259835 0.0519527 0.00227008
vn -0.00217134 0.328711 -0.944428
v -0.0247331 0.0526501 0.0024754
vn -0.00432143 0.266373 -0.96386
v -0.011 0.05175 0.00216506
vn -0.00327805 0.302442 -0.953162
v -0.0245131 0.0527703 0.00248943
vn -0.0036435 0.258818 -0.965919
v -0.011 0.053 0.0025
vn -0.13516 -0.0670554 -0.988552
v -0.011 0.0508349 0.00125
vn -0.0629 0.769829 -0.635144
v -0.0266077 0.0515974 0.00206949
vn -0.00347002 0.68296 -0.730448
v -0.011 0.0508349 0.00125
vn -0.00258222 0.707104 -0.707105
v -0.011 0.05175 0.00216506
vn -0.00258222 0.707104 -0.707105
v -0.011 0.0505 5.44318e-10
vn -0.00334233 0.965921 -0.258816
v -0.0281571 0.0507084 0.000999222
vn -0.00334233 0.965921 -0.258816
v -0.011 0.0508349 0.00125
vn -0.00334233 0.965921 -0.258816
v -0.011 0.0548187 -0.00105
vn -1 0 0
v -0.011 0.05405 -0.00181865
vn -1 0 0
v -0.011 0.053 -0.0021
vn -1 0 0
v -0.011 0.0509 5.44318e-10
vn -1 0 0
v -0.011 0.0511813 0.00105
vn -1 0 0
v -0.011 0.05175 0.00216506
vn -1 0 0
v -0.011 0.053 0.0021
vn -1 0 0
v -0.011 0.05405 0.00181865
vn -1 0 0
v -0.011 0.05425 0.00216506
vn -1 0 0
v -0.011 0.0548187 0.00105
vn -1 0 0
v -0.011 0.0551 5.44318e-10
vn -1 0 0
v -0.011 0.0555 5.44318e-10
vn -1 0 0
v -0.00710549 -0.0469501 -0.00399369
vn 0.138203 0.917208 0.373671
v -0.00734007 0.0469294 -0.00391716
vn 0.155443 -0.970799 0.182719
v -0.00710777 -0.0469652 -0.00391716
vn 0.13814 0.974475 0.176965
v -0.010782 -0.0462601 -0.00391716
vn 0.210064 0.958028 0.195077
v -0.0107786 -0.0462453 -0.00399369
vn 0.210696 0.899553 0.382639
v -0.0143894 -0.045268 -0.00391716
vn 0.284813 0.938523 0.195083
v -0.0143848 -0.0452535 -0.00399369
vn 0.280839 0.880176 0.382647
v -0.0179075 -0.0439951 -0.00391716
vn 0.357794 0.913196 0.19508
v -0.0179017 -0.043981 -0.00399369
vn 0.34924 0.855342 0.382651
v -0.0213145 -0.0424493 -0.00391716
vn 0.428556 0.882205 0.195074
v -0.0213077 -0.0424357 -0.00399369
vn 0.415476 0.825206 0.38264
v -0.0245893 -0.0406401 -0.00391716
vn 0.496659 0.845741 0.195069
v -0.0245814 -0.0406271 -0.00399369
vn 0.479133 0.789946 0.382644
v -0.0277115 -0.0385788 -0.00391716
vn 0.561681 0.804029 0.195066
v -0.0277026 -0.0385664 -0.00399369
vn 0.539818 0.749786 0.382646
v -0.0306618 -0.0362782 -0.00391716
vn 0.623219 0.757329 0.195067
v -0.030652 -0.0362665 -0.00399369
vn 0.597156 0.704977 0.382639
v -0.0334219 -0.0337524 -0.00391716
vn 0.680887 0.705928 0.195087
v -0.0334112 -0.0337416 -0.00399369
vn 0.650787 0.655792 0.382639
v -0.0359746 -0.0310173 -0.00391716
vn 0.734331 0.650148 0.195102
v -0.0359631 -0.0310074 -0.00399369
vn 0.700382 0.60254 0.382638
v -0.0383042 -0.0280898 -0.00391716
vn 0.783231 0.590345 0.195044
v -0.0382919 -0.0280808 -0.00399369
vn 0.745628 0.545547 0.382645
v -0.0403961 -0.024988 -0.00391716
vn 0.827259 0.526868 0.19507
v -0.0403832 -0.02498 -0.00399369
vn 0.786245 0.485167 0.382665
v -0.0422375 -0.0217312 -0.00391716
vn 0.866157 0.460125 0.195083
v -0.0422239 -0.0217243 -0.00399369
vn 0.821989 0.421781 0.382669
v -0.0438168 -0.0183396 -0.00391716
vn 0.899684 0.390528 0.195083
v -0.0438027 -0.0183337 -0.00399369
vn 0.852646 0.355785 0.382639
v -0.0451242 -0.0148342 -0.00391716
vn 0.927631 0.31851 0.195071
v -0.0451098 -0.0148294 -0.00399369
vn 0.878 0.287575 0.382643
v -0.0461518 -0.0112368 -0.00391716
vn 0.949813 0.244513 0.19511
v -0.046137 -0.0112332 -0.00399369
vn 0.897911 0.217582 0.38264
v -0.046893 -0.00756964 -0.00391716
vn 0.966117 0.169002 0.195081
v -0.0468779 -0.00756721 -0.00399369
vn 0.912248 0.146238 0.382645
v -0.0473433 -0.00385554 -0.00391716
vn 0.976419 0.0924414 0.195092
v -0.0473281 -0.0038543 -0.00399369
vn 0.920931 0.0739887 0.382637
v -0.0474999 -0.00011752 -0.00391716
vn 0.98067 0.0153083 0.195067
v -0.0474846 -0.000117481 -0.00399369
vn 0.923898 0.00127863 0.382636
v -0.0473618 0.00362123 -0.00391716
vn 0.978826 -0.061922 0.195102
v -0.0473466 0.00362007 -0.00399369
vn 0.921126 -0.0714389 0.382652
v -0.0469298 0.00733751 -0.00391716
vn 0.970928 -0.138767 0.195045
v -0.0469148 0.00733516 -0.00399369
vn 0.912653 -0.143713 0.382638
v -0.0462068 0.0110083 -0.00391716
vn 0.957002 -0.214753 0.195009
v -0.046192 0.0110047 -0.00399369
vn 0.898508 -0.215095 0.382646
v -0.0451971 0.0146107 -0.00391716
vn 0.937126 -0.289404 0.195038
v -0.0451826 0.0146061 -0.00399369
vn 0.878791 -0.285143 0.382648
v -0.043907 0.0181226 -0.00391716
vn 0.911435 -0.362258 0.195078
v -0.0438929 0.0181168 -0.00399369
vn 0.853628 -0.353424 0.382636
v -0.0423445 0.021522 -0.00391716
vn 0.880091 -0.432864 0.195109
v -0.0423309 0.0215151 -0.00399369
vn 0.823159 -0.419508 0.382651
v -0.0405193 0.0247878 -0.00391716
vn 0.843287 -0.500785 0.195145
v -0.0405063 0.0247799 -0.00399369
vn 0.787591 -0.482993 0.382647
v -0.0384427 0.0278999 -0.00391716
vn 0.801264 -0.565604 0.19511
v -0.0384304 0.027891 -0.00399369
vn 0.747141 -0.543484 0.38263
v -0.0361277 0.030839 -0.00391716
vn 0.75427 -0.626917 0.195068
v -0.0361161 0.0308291 -0.00399369
vn 0.702044 -0.600597 0.382646
v -0.0335885 0.0335867 -0.00391716
vn 0.702589 -0.684333 0.195082
v -0.0335777 0.0335759 -0.00399369
vn 0.652593 -0.653982 0.382661
v -0.0308409 0.036126 -0.00391716
vn 0.646549 -0.737505 0.195091
v -0.030831 0.0361144 -0.00399369
vn 0.5991 -0.703316 0.382658
v -0.027902 0.0384412 -0.00391716
vn 0.586495 -0.786098 0.195123
v -0.0278931 0.0384289 -0.00399369
vn 0.541887 -0.748284 0.382661
v -0.0247901 0.0405179 -0.00391716
vn 0.522808 -0.82982 0.195116
v -0.0247821 0.040505 -0.00399369
vn 0.481318 -0.788617 0.382644
v -0.0215243 0.0423433 -0.00391716
vn 0.455883 -0.868402 0.195059
v -0.0215174 0.0423297 -0.00399369
vn 0.417761 -0.824056 0.382632
v -0.018125 0.043906 -0.00391716
vn 0.386122 -0.901585 0.195073
v -0.0181192 0.0438919 -0.00399369
vn 0.351603 -0.854365 0.38267
v -0.0146132 0.0451963 -0.00391716
vn 0.313962 -0.929167 0.195132
v -0.0146085 0.0451818 -0.00399369
vn 0.283275 -0.879397 0.382643
v -0.0110108 0.0462062 -0.00391716
vn 0.239865 -0.951009 0.195058
v -0.0110073 0.0461914 -0.00399369
vn 0.213186 -0.898968 0.382635
v -0.00733772 0.0469144 -0.00399369
vn 0.142805 -0.899317 0.413324
v -0.007099 -0.0469073 -0.00405858
vn 0.135738 0.820356 0.555509
v -0.0143716 -0.0452122 -0.00405858
vn 0.262282 0.789042 0.555536
v -0.0178854 -0.0439409 -0.00405858
vn 0.323567 0.765949 0.555541
v -0.0212882 -0.0423969 -0.00405858
vn 0.38285 0.738116 0.555528
v -0.0245589 -0.04059 -0.00405858
vn 0.439749 0.705685 0.555544
v -0.0276773 -0.0385312 -0.00405858
vn 0.493929 0.668894 0.555531
v -0.030624 -0.0362334 -0.00405858
vn 0.54505 0.627956 0.555511
v -0.0333807 -0.0337108 -0.00405858
vn 0.592781 0.583109 0.555513
v -0.0359303 -0.0309791 -0.00405858
vn 0.636818 0.534634 0.555544
v -0.038257 -0.0280552 -0.00405858
vn 0.676911 0.482849 0.555561
v -0.0403463 -0.0249572 -0.00405858
vn 0.712815 0.428078 0.555557
v -0.0421854 -0.0217044 -0.00405858
vn 0.744299 0.370652 0.55555
v -0.0437627 -0.018317 -0.00405858
vn 0.771189 0.310934 0.555507
v -0.0450686 -0.0148159 -0.00405858
vn 0.793259 0.249272 0.555521
v -0.0460948 -0.0112229 -0.00405858
vn 0.810425 0.186069 0.555509
v -0.0468351 -0.0075603 -0.00405858
vn 0.822538 0.121706 0.555536
v -0.0472849 -0.00385078 -0.00405858
vn 0.829587 0.0565947 0.555502
v -0.0474413 -0.000117375 -0.00405858
vn 0.831445 -0.00887326 0.555536
v -0.0473034 0.00361676 -0.00405858
vn 0.828157 -0.0742812 0.555553
v -0.046872 0.00732846 -0.00405858
vn 0.819723 -0.139226 0.555582
v -0.0461498 0.0109947 -0.00405858
vn 0.80624 -0.203313 0.555555
v -0.0451413 0.0145927 -0.00405858
vn 0.787761 -0.266143 0.555519
v -0.0438528 0.0181002 -0.00405858
vn 0.764387 -0.327324 0.555492
v -0.0422923 0.0214954 -0.00405858
vn 0.736248 -0.386466 0.555502
v -0.0404693 0.0247573 -0.00405858
vn 0.703552 -0.443214 0.555496
v -0.0383953 0.0278655 -0.00405858
vn 0.66647 -0.497198 0.555528
v -0.0360831 0.0308009 -0.00405858
vn 0.625262 -0.5481 0.555548
v -0.0335471 0.0335452 -0.00405858
vn 0.58019 -0.595614 0.555538
v -0.0308029 0.0360814 -0.00405858
vn 0.531521 -0.639438 0.555522
v -0.0278676 0.0383938 -0.00405858
vn 0.479546 -0.679287 0.555522
v -0.0247595 0.040468 -0.00405858
vn 0.424594 -0.714917 0.555529
v -0.0214977 0.0422911 -0.00405858
vn 0.367009 -0.746113 0.555536
v -0.0181026 0.0438518 -0.00405858
vn 0.30715 -0.772685 0.555533
v -0.0145952 0.0451405 -0.00405858
vn 0.245389 -0.794474 0.555513
v -0.00710777 -0.0469652 0.00391716
vn 0.151414 0.971681 -0.181412
v -0.00733772 0.0469144 0.00399369
vn 0.142221 -0.916739 -0.373313
v -0.00710549 -0.0469501 0.00399369
vn 0.13904 0.901448 -0.40995
v -0.0107786 -0.0462453 0.00399369
vn 0.208734 0.900008 -0.382644
v -0.0143716 -0.0452122 0.00405858
vn 0.241452 0.795669 -0.555529
v -0.0143848 -0.0452535 0.00399369
vn 0.278919 0.880785 -0.38265
v -0.0178854 -0.0439409 0.00405858
vn 0.30332 0.774188 -0.555544
v -0.0179017 -0.043981 0.00399369
vn 0.347374 0.856101 -0.382652
v -0.0212882 -0.0423969 0.00405858
vn 0.363315 0.747924 -0.555529
v -0.0213077 -0.0424357 0.00399369
vn 0.413676 0.82611 -0.382641
v -0.0245589 -0.04059 0.00405858
vn 0.421049 0.717005 -0.555537
v -0.0245814 -0.0406271 0.00399369
vn 0.477408 0.790987 -0.382649
v -0.0276773 -0.0385312 0.00405858
vn 0.476172 0.681641 -0.555541
v -0.0277026 -0.0385664 0.00399369
vn 0.538183 0.750963 -0.382639
v -0.030624 -0.0362334 0.00405858
vn 0.52835 0.64206 -0.555522
v -0.030652 -0.0362665 0.00399369
vn 0.595621 0.706281 -0.382627
v -0.0333807 -0.0337108 0.00405858
vn 0.577251 0.598493 -0.555507
v -0.0334112 -0.0337416 0.00399369
vn 0.649356 0.65721 -0.382638
v -0.0359303 -0.0309791 0.00405858
vn 0.622556 0.551198 -0.555522
v -0.0359631 -0.0310074 0.00399369
vn 0.699058 0.604058 -0.382664
v -0.038257 -0.0280552 0.00405858
vn 0.663987 0.500478 -0.555557
v -0.0382919 -0.0280808 0.00399369
vn 0.744436 0.54717 -0.382649
v -0.0403463 -0.0249572 0.00405858
vn 0.701318 0.446669 -0.555554
v -0.0403832 -0.02498 0.00399369
vn 0.785188 0.486882 -0.382657
v -0.0421854 -0.0217044 0.00405858
vn 0.734288 0.390083 -0.555568
v -0.0422239 -0.0217243 0.00399369
vn 0.82107 0.423574 -0.382659
v -0.0437627 -0.018317 0.00405858
vn 0.762741 0.331095 -0.55552
v -0.0438027 -0.0183337 0.00399369
vn 0.851871 0.357643 -0.382632
v -0.0450686 -0.0148159 0.00405858
vn 0.786431 0.270038 -0.555523
v -0.0451098 -0.0148294 0.00399369
vn 0.877375 0.28949 -0.382635
v -0.0460948 -0.0112229 0.00405858
vn 0.805258 0.207309 -0.555502
v -0.046137 -0.0112332 0.00399369
vn 0.897433 0.219539 -0.382645
v -0.0468351 -0.0075603 0.00405858
vn 0.819054 0.143286 -0.555535
v -0.0468779 -0.00756721 0.00399369
vn 0.911926 0.148227 -0.382649
v -0.0472849 -0.00385078 0.00405858
vn 0.827808 0.078381 -0.55551
v -0.0473281 -0.0038543 0.00399369
vn 0.920769 0.0759964 -0.382633
v -0.0474413 -0.000117375 0.00405858
vn 0.831402 0.0129866 -0.55552
v -0.0474846 -0.000117481 0.00399369
vn 0.92389 0.00329284 -0.382643
v -0.0473034 0.00361676 0.00405858
vn 0.829835 -0.0524877 -0.555535
v -0.0473466 0.00362007 0.00399369
vn 0.921273 -0.0694293 -0.382669
v -0.046872 0.00732846 0.00405858
vn 0.823106 -0.117631 -0.555572
v -0.0469148 0.00733516 0.00399369
vn 0.912954 -0.141721 -0.382662
v -0.0461498 0.0109947 0.00405858
vn 0.811294 -0.182047 -0.555572
v -0.046192 0.0110047 0.00399369
vn 0.898982 -0.213137 -0.382628
v -0.0451413 0.0145927 0.00405858
vn 0.794467 -0.245339 -0.555545
v -0.0451826 0.0146061 0.00399369
vn 0.879422 -0.28323 -0.382619
v -0.0438528 0.0181002 0.00405858
vn 0.772722 -0.307116 -0.555501
v -0.0438929 0.0181168 0.00399369
vn 0.854403 -0.351564 -0.38262
v -0.0422923 0.0214954 0.00405858
vn 0.746153 -0.366979 -0.555502
v -0.0423309 0.0215151 0.00399369
vn 0.824076 -0.417714 -0.382641
v -0.0404693 0.0247573 0.00405858
vn 0.714961 -0.424568 -0.555494
v -0.0405063 0.0247799 0.00399369
vn 0.78864 -0.481273 -0.382653
v -0.0383953 0.0278655 0.00405858
vn 0.679321 -0.479515 -0.555507
v -0.0384304 0.027891 0.00399369
vn 0.748314 -0.541847 -0.382658
v -0.0360831 0.0308009 0.00405858
vn 0.639458 -0.531479 -0.555539
v -0.0361161 0.0308291 0.00399369
vn 0.70335 -0.599063 -0.382651
v -0.0335471 0.0335452 0.00405858
vn 0.595642 -0.580153 -0.555547
v -0.0335777 0.0335759 0.00399369
vn 0.654021 -0.65256 -0.382651
v -0.0308029 0.0360814 0.00405858
vn 0.548142 -0.625241 -0.555531
v -0.030831 0.0361144 0.00399369
vn 0.600635 -0.702012 -0.382645
v -0.0278676 0.0383938 0.00405858
vn 0.497237 -0.666448 -0.55552
v -0.0278931 0.0384289 0.00399369
vn 0.543518 -0.747101 -0.38266
v -0.0247595 0.040468 0.00405858
vn 0.443242 -0.703511 -0.555527
v -0.0247821 0.040505 0.00399369
vn 0.483033 -0.787559 -0.382661
v -0.0214977 0.0422911 0.00405858
vn 0.386498 -0.736213 -0.555527
v -0.0215174 0.0423297 0.00399369
vn 0.419555 -0.823141 -0.382639
v -0.0181026 0.0438518 0.00405858
vn 0.327352 -0.764336 -0.555546
v -0.0181192 0.0438919 0.00399369
vn 0.353469 -0.853606 -0.382643
v -0.0145952 0.0451405 0.00405858
vn 0.266189 -0.787753 -0.555508
v -0.0146085 0.0451818 0.00399369
vn 0.28519 -0.878772 -0.382658
v -0.0110073 0.0461914 0.00399369
vn 0.215143 -0.898494 -0.382652
v -0.00733102 0.0468716 0.00405858
vn 0.139659 -0.819677 -0.55554
v -0.010782 -0.0462601 0.00391716
vn 0.235155 0.95218 -0.195076
v -0.0143894 -0.045268 0.00391716
vn 0.309364 0.930718 -0.195085
v -0.0179075 -0.0439951 0.00391716
vn 0.381656 0.903485 -0.195074
v -0.0213145 -0.0424493 0.00391716
vn 0.451579 0.870646 -0.195071
v -0.0245893 -0.0406401 0.00391716
vn 0.518701 0.832405 -0.195067
v -0.0277115 -0.0385788 0.00391716
vn 0.582605 0.788999 -0.195066
v -0.0306618 -0.0362782 0.00391716
vn 0.642894 0.740697 -0.195077
v -0.0334219 -0.0337524 0.00391716
vn 0.699191 0.687799 -0.195098
v -0.0359746 -0.0310173 0.00391716
vn 0.751158 0.630641 -0.195074
v -0.0383042 -0.0280898 0.00391716
vn 0.798467 0.56957 -0.195042
v -0.0403961 -0.024988 0.00391716
vn 0.840808 0.504957 -0.195091
v -0.0422375 -0.0217312 0.00391716
vn 0.877944 0.437216 -0.195079
v -0.0438168 -0.0183396 0.00391716
vn 0.909631 0.366763 -0.195079
v -0.0451242 -0.0148342 0.00391716
vn 0.935673 0.294035 -0.195086
v -0.0461518 -0.0112368 0.00391716
vn 0.955908 0.219482 -0.195108
v -0.046893 -0.00756964 0.00391716
vn 0.970224 0.143569 -0.195073
v -0.0473433 -0.00385554 0.00391716
vn 0.97851 0.0667647 -0.195089
v -0.0474999 -0.00011752 0.00391716
vn 0.980733 -0.0104553 -0.195073
v -0.0473618 0.00362123 0.00391716
vn 0.976865 -0.0876087 -0.195088
v -0.0469298 0.00733751 0.00391716
vn 0.966956 -0.164223 -0.195005
v -0.0462068 0.0110083 0.00391716
vn 0.951028 -0.239814 -0.195024
v -0.0451971 0.0146107 0.00391716
vn 0.929197 -0.313916 -0.195064
v -0.043907 0.0181226 0.00391716
vn 0.901602 -0.38607 -0.1951
v -0.0423445 0.021522 0.00391716
vn 0.868414 -0.455829 -0.195132
v -0.0405193 0.0247878 0.00391716
vn 0.829845 -0.522761 -0.195135
v -0.0384427 0.0278999 0.00391716
vn 0.786137 -0.586459 -0.195077
v -0.0361277 0.030839 0.00391716
vn 0.737544 -0.646511 -0.195071
v -0.0335885 0.0335867 0.00391716
vn 0.684371 -0.702549 -0.195092
v -0.0308409 0.036126 0.00391716
vn 0.626953 -0.75423 -0.195106
v -0.027902 0.0384412 0.00391716
vn 0.565646 -0.80123 -0.195129
v -0.0247901 0.0405179 0.00391716
vn 0.500836 -0.843271 -0.195082
v -0.0215243 0.0423433 0.00391716
vn 0.432917 -0.880077 -0.195054
v -0.018125 0.043906 0.00391716
vn 0.362306 -0.911409 -0.195112
v -0.0146132 0.0451963 0.00391716
vn 0.289452 -0.937097 -0.195105
v -0.0110108 0.0462062 0.00391716
vn 0.214804 -0.956984 -0.19504
v -0.00734007 0.0469294 0.00391716
vn 0.14387 -0.97386 -0.17578
v -0.001 0.0519444 -0.0018154
vn 0.989204 -0.146441 -0.0055608
v -0.00124123 0.0505763 -0.0087
vn 0.978395 -0.200396 -0.0508438
v -0.00124123 0.0505763 0.0087
vn 0.972693 -0.224873 0.0574457
v -0.00102337 0.0515126 0.00148247
vn 0.985272 -0.170829 0.00757896
v -0.00124123 0.0505763 -0.0087
vn 0.866025 -0.5 0
v -0.00124123 0.0505763 0.0087
vn 0.866025 -0.5 0
v -0.0074939 0.0430957 0.0087
vn 0.525264 -0.831196 0.182241
v -0.0074939 0.0430957 -0.0087
vn 0.499813 -0.815247 -0.292505
v -0.00135558 -0.0496402 0.0087
vn 0.970095 0.242664 0.00556044
v -0.00105659 -0.0506184 -0.001375
vn 0.976919 0.213309 -0.0113883
v -0.001 -0.0512889 -0.0087
vn 0.977457 0.210809 -0.011744
v -0.00135558 -0.0496402 -0.0087
vn 0.976919 0.213309 -0.0113883
v -0.00135558 -0.0496402 -0.0087
vn 0.933142 0.344392 -0.103152
v -0.00113727 -0.05025 5.44318e-10
vn 0.941487 0.33705 0
v -0.00135558 -0.0496402 0.0087
vn 0.80373 0.594994 0
v -0.00135558 -0.0496402 -0.0087
vn 0.80373 0.594994 0
v -0.00986528 -0.0426745 -0.009
vn 0.239837 0.667794 -0.704648
v -0.00825581 -0.0435005 -0.009
vn 0.441461 0.552875 -0.706711
v -0.016923 -0.0403986 -0.009
vn 0.291534 0.644369 -0.706963
v -0.0234957 -0.0369647 -0.009
vn 0.396059 0.585951 -0.706964
v -0.0293949 -0.0324712 -0.009
vn 0.489234 0.510739 -0.706962
v -0.0344514 -0.027047 -0.009
vn 0.568381 0.420885 -0.706964
v -0.0385205 -0.0208474 -0.009
vn 0.631238 0.318967 -0.706964
v -0.0414853 -0.0140502 -0.009
vn 0.676002 0.207907 -0.706963
v -0.043261 -0.00685033 -0.009
vn 0.701384 0.0908858 -0.706965
v -0.0437966 0.000545939 -0.009
vn 0.706664 -0.0287398 -0.706965
v -0.0430768 0.00792656 -0.009
vn 0.691687 -0.147541 -0.706966
v -0.0411222 0.01508 -0.009
vn 0.656888 -0.262115 -0.706961
v -0.0379888 0.0218011 -0.009
vn 0.60325 -0.369172 -0.706966
v -0.0337665 0.0278973 -0.009
vn 0.532325 -0.465649 -0.706966
v -0.0285763 0.0331939 -0.009
vn 0.446143 -0.54878 -0.706964
v -0.0159108 0.0408079 -0.009
vn 0.238246 -0.665916 -0.706962
v -0.00879847 0.0429072 -0.009
vn 0.208657 -0.677352 -0.705448
v -0.00255716 -0.04851 -0.009
vn 0.574748 0.425479 -0.699022
v -0.00162891 -0.0497639 -0.009
vn 0.665353 0.24235 -0.706096
v -0.00670736 0.0441535 -0.009
vn 0.5299 -0.468374 -0.706988
v -0.00764749 0.0433534 -0.009
vn 0.325661 -0.628351 -0.706484
v -0.0013 -0.0577529 -0.009
vn 0.494604 -0.285252 -0.820974
v -0.0287902 -0.0498661 -0.009
vn -0.382188 -0.667711 -0.638823
v -0.0257028 -0.0515588 -0.009
vn -0.335686 -0.675196 -0.656829
v -0.0223627 -0.0531269 -0.009
vn -0.28582 -0.680036 -0.675173
v -0.0189206 -0.0544786 -0.009
vn -0.235796 -0.682024 -0.692274
v -0.015401 -0.0556031 -0.009
vn -0.186941 -0.681653 -0.707392
v -0.0118174 -0.0564963 -0.009
vn -0.139443 -0.679517 -0.720286
v -0.00817715 -0.0571561 -0.009
vn -0.09346 -0.675943 -0.731004
v -0.0362932 0.0447023 -0.009
vn -0.47273 0.612285 -0.633746
v -0.0365577 0.0450281 -0.00848795
vn -0.501975 0.588547 -0.633746
v -0.0424053 0.0389524 -0.009
vn -0.556706 0.537073 -0.633744
v -0.0427143 0.0392363 -0.00848795
vn -0.582188 0.509333 -0.633748
v -0.0476167 0.0323751 -0.009
vn -0.628855 0.45045 -0.633747
v -0.0479637 0.0326111 -0.00848795
vn -0.650035 0.419303 -0.63375
v -0.0518167 0.0251102 -0.009
vn -0.68765 0.354263 -0.633747
v -0.0521944 0.0252932 -0.00848795
vn -0.704079 0.320368 -0.633749
v -0.0549162 0.017312 -0.009
vn -0.73184 0.250551 -0.633747
v -0.0553164 0.0174382 -0.00848795
vn -0.743167 0.214627 -0.633749
v -0.0568493 0.00914612 -0.009
vn -0.760485 0.141517 -0.633747
v -0.0572636 0.00921278 -0.00848795
vn -0.76647 0.104329 -0.63375
v -0.057575 0.00078595 -0.009
vn -0.772977 0.0294784 -0.633748
v -0.0579946 0.000791678 -0.00848795
vn -0.773495 -0.00818505 -0.63375
v -0.0570778 -0.00759091 -0.009
vn -0.769055 -0.0831871 -0.633746
v -0.0574938 -0.00764623 -0.00848795
vn -0.764091 -0.120526 -0.633749
v -0.0553683 -0.0158065 -0.009
vn -0.748794 -0.194085 -0.63375
v -0.0557718 -0.0159217 -0.00848795
vn -0.738456 -0.230305 -0.633753
v -0.0524828 -0.0236865 -0.009
vn -0.712632 -0.300861 -0.63375
v -0.0528653 -0.0238591 -0.00848795
vn -0.69714 -0.335195 -0.633751
v -0.0484827 -0.0310633 -0.009
vn -0.661335 -0.401247 -0.633748
v -0.048836 -0.0312897 -0.00848795
vn -0.641016 -0.432965 -0.63375
v -0.0434528 -0.0377804 -0.009
vn -0.59599 -0.493111 -0.633748
v -0.0437694 -0.0380557 -0.00848795
vn -0.571278 -0.521538 -0.63375
v -0.0374999 -0.043695 -0.009
vn -0.517988 -0.574502 -0.633748
v -0.0307506 -0.0486816 -0.009
vn -0.453023 -0.627622 -0.633135
v -0.0013 0.0577529 -0.009
vn 0.498279 0.281887 -0.819913
v -0.00448815 0.0575799 -0.009
vn -0.0594055 0.67606 -0.734448
v -0.00813349 0.0571626 -0.009
vn -0.108827 0.680916 -0.724231
v -0.0117508 0.0565106 -0.009
vn -0.155386 0.684545 -0.712217
v -0.0153149 0.0556275 -0.009
vn -0.203421 0.686622 -0.697975
v -0.018813 0.0545167 -0.009
vn -0.252813 0.68661 -0.681654
v -0.0222382 0.0531803 -0.009
vn -0.299498 0.638864 -0.708628
v -0.00879847 0.0429072 0.009
vn 0.208962 -0.677271 0.705435
v -0.00764749 0.0433534 0.009
vn 0.397715 -0.585405 0.706487
v -0.00647755 0.0439606 0.0087
vn 0.529899 -0.468373 0.706989
v -0.00670736 0.0441535 0.009
vn 0.530293 -0.467915 0.706997
v -0.0159108 0.0408079 0.009
vn 0.275381 -0.651434 0.706964
v -0.0285763 0.0331939 0.009
vn 0.476348 -0.522773 0.706965
v -0.0337665 0.0278973 0.009
vn 0.557711 -0.43492 0.706968
v -0.0379888 0.0218011 0.009
vn 0.623091 -0.334603 0.706964
v -0.0411222 0.01508 0.009
vn 0.670608 -0.224692 0.706964
v -0.0430768 0.00792656 0.009
vn 0.698898 -0.108341 0.706968
v -0.0437966 0.000545939 0.009
vn 0.707161 0.0111158 0.706965
v -0.043261 -0.00685033 0.009
vn 0.69515 0.130254 0.706966
v -0.0414853 -0.0140502 0.009
vn 0.663215 0.245659 0.706964
v -0.0385205 -0.0208474 0.009
vn 0.612265 0.35402 0.706966
v -0.0344514 -0.027047 0.009
vn 0.543769 0.452236 0.706964
v -0.0293949 -0.0324712 0.009
vn 0.459683 0.537488 0.706964
v -0.0234957 -0.0369647 0.009
vn 0.36242 0.607331 0.706965
v -0.016923 -0.0403986 0.009
vn 0.25477 0.659769 0.706964
v -0.00986528 -0.0426745 0.009
vn 0.239073 0.668016 0.704697
v -0.00825581 -0.0435005 0.009
vn 0.440625 0.553578 0.706683
v -0.0013 0.0576117 0.009
vn 0.567614 0.111419 0.815721
v -0.00135558 -0.0496402 0.0087
vn 0.663355 0.247222 0.706287
v -0.0256698 0.051466 0.009
vn -0.266075 0.534297 0.802328
v -0.0223429 0.053022 0.009
vn -0.219424 0.520828 0.82498
v -0.0189156 0.0543625 0.009
vn -0.174774 0.503749 0.845985
v -0.0154145 0.0554766 0.009
vn -0.133575 0.484619 0.864467
v -0.0118476 0.0563624 0.009
vn -0.0961167 0.464841 0.880161
v -0.00822683 0.0570167 0.009
vn -0.0623458 0.445297 0.89321
v -0.0013 -0.0576117 0.009
vn 0.327953 -0.26549 0.906621
v -0.028741 -0.0497878 0.009
vn -0.279215 -0.510644 0.813192
v -0.0307013 -0.0486034 0.009
vn -0.366741 -0.517646 0.77301
v -0.0374398 -0.0436249 0.009
vn -0.400978 -0.491061 0.773353
v -0.043383 -0.0377197 0.009
vn -0.468095 -0.427564 0.773353
v -0.0437694 -0.0380557 0.00858036
vn -0.488352 -0.404268 0.773356
v -0.0484049 -0.0310134 0.009
vn -0.525269 -0.354985 0.773355
v -0.048836 -0.0312897 0.00858036
vn -0.541925 -0.328993 0.773357
v -0.0523986 -0.0236484 0.009
vn -0.571289 -0.274868 0.773354
v -0.0528653 -0.0238591 0.00858036
vn -0.583991 -0.246731 0.773355
v -0.0552795 -0.0157812 0.009
vn -0.605175 -0.188912 0.773353
v -0.0557718 -0.0159217 0.00858036
vn -0.613652 -0.159228 0.773355
v -0.0569862 -0.00757873 0.009
vn -0.626208 -0.0989444 0.773352
v -0.0574938 -0.00764623 0.00858036
vn -0.630281 -0.0683431 0.773353
v -0.0574826 0.000784689 0.009
vn -0.633942 -0.00687447 0.77335
v -0.0579946 0.000791678 0.00858036
vn -0.633523 0.023994 0.773352
v -0.0567581 0.00913144 0.009
vn -0.628209 0.085342 0.77335
v -0.0572636 0.00921278 0.00858036
vn -0.623306 0.115821 0.773353
v -0.0548281 0.0172842 0.009
vn -0.609132 0.175745 0.773351
v -0.0553164 0.0174382 0.00858036
vn -0.59985 0.205188 0.773355
v -0.0517336 0.0250699 0.009
vn -0.577116 0.262415 0.773353
v -0.0521944 0.0252932 0.00858036
vn -0.563655 0.290197 0.773356
v -0.0475403 0.0323232 0.009
vn -0.532845 0.343512 0.773354
v -0.0479637 0.0326111 0.00858036
vn -0.515489 0.369042 0.773356
v -0.0423372 0.0388899 0.009
vn -0.477257 0.417313 0.773353
v -0.0427143 0.0392363 0.00858036
vn -0.456376 0.440051 0.773354
v -0.036235 0.0446306 0.009
vn -0.411534 0.482253 0.773351
v -0.0365577 0.0450281 0.00858036
vn -0.387568 0.501712 0.773354
v -0.00455517 -0.0574376 0.009
vn -0.0435354 -0.439868 0.897006
v -0.00818255 -0.0570232 0.009
vn -0.074322 -0.459688 0.884965
v -0.0117829 -0.0563763 0.009
vn -0.109782 -0.480038 0.870351
v -0.0153292 -0.0555007 0.009
vn -0.148969 -0.500259 0.852965
v -0.0188118 -0.0543992 0.009
vn -0.191776 -0.519058 0.832947
v -0.0222211 -0.053074 0.009
vn -0.233036 -0.496435 0.836209
v -0.0256988 -0.0520239 0.00861129
vn -0.25738 -0.502262 0.825523
v -0.014 -0.0567498 3.62756e-05
vn -0.999442 -0.0333812 0.00125158
v -0.014 -0.0566954 0.000637319
vn -0.999432 -0.0330338 0.00664758
v -0.014 -0.0553012 0.000302034
vn -0.665473 0.740074 -0.0971341
v -0.014 -0.0516364 0.00349328
vn -0.999487 0.0124718 0.0295013
v -0.014 -0.0510937 0.00322931
vn -0.999442 0.0177745 0.0282832
v -0.014 -0.0515878 0.00184189
vn -0.694299 -0.437892 -0.571139
v -0.014 -0.0506003 0.00288169
vn -0.999432 0.0222738 0.0252843
v -0.014 -0.0501692 0.00245944
vn -0.999461 0.0253788 0.0208399
v -0.014 -0.0506565 -0.00292757
vn -0.999487 0.019313 -0.0255515
v -0.014 -0.0511565 -0.00326558
vn -0.999442 0.0156068 -0.0295349
v -0.014 -0.052111 -0.00214392
vn -0.717619 -0.266769 0.643318
v -0.014 -0.0493505 0.000862171
vn -0.999519 0.0303731 0.00628939
v -0.014 -0.0506988 -0.000302033
vn -0.667132 -0.738605 0.0969413
v -0.014 -0.049536 0.00143643
vn -0.99994 0.0102455 0.00391848
v -0.014 -0.0498113 0.00197349
vn -0.999519 0.0268183 0.0155839
v -0.014 -0.0544122 -0.00184189
vn -0.635179 0.469944 0.612944
v -0.014 -0.05516 -0.00306544
vn -0.999432 -0.0201671 -0.0269947
v -0.014 -0.0556238 -0.00267925
vn -0.999442 -0.0240266 -0.0232076
v -0.014 -0.0567071 -0.000565709
vn -0.999487 -0.0317847 -0.00394965
v -0.014 -0.0555714 0.00272951
vn -0.999519 -0.0206333 0.0231592
v -0.014 -0.0551003 0.00310665
vn -0.999461 -0.0176289 0.0277058
v -0.014 -0.053889 0.00214393
vn -0.692999 0.276155 -0.665951
v -0.014 -0.0545748 0.00340333
vn -0.999432 -0.0132945 0.0309625
v -0.014 -0.0540084 0.00361187
vn -0.999442 -0.00808511 0.0324116
v -0.014 -0.053416 0.00372686
vn -0.999487 -0.00266672 0.0319181
v -0.014 -0.0528128 0.00374532
vn -0.999939 0.000854723 0.0109706
v -0.014 -0.0522144 0.00366679
vn -0.999554 0.0070624 0.0290026
v -0.014 -0.0517042 -0.00351901
vn -0.999432 0.0107599 -0.0319318
v -0.014 -0.0522855 -0.0036813
vn -0.999461 0.00535853 -0.0323987
v -0.014 -0.0528853 -0.00374825
vn -0.999519 8.68803e-05 -0.0310173
v -0.014 -0.053488 -0.00371811
vn -0.999592 -0.00450478 -0.0282178
v -0.014 -0.0540781 -0.00359168
vn -0.999938 -0.00348823 -0.0105468
v -0.014 -0.0546403 -0.00337223
vn -0.999461 -0.0151795 -0.0291199
v -0.014 -0.0492594 0.000265578
vn -0.999461 0.0328083 0.00141421
v -0.014 -0.0492653 -0.000337893
vn -0.999432 0.0334615 -0.00396785
v -0.014 -0.0493678 -0.000932613
vn -0.999442 0.0321117 -0.00920388
v -0.014 -0.0565454 0.00122186
vn -0.999461 -0.0307373 0.0115587
v -0.014 -0.0563034 0.00177475
vn -0.999938 -0.00963591 0.00552734
v -0.014 -0.055976 0.00228168
vn -0.999592 -0.022185 0.0180102
v -0.014 -0.0495645 -0.00150318
vn -0.999487 0.0289752 -0.0136496
v -0.014 -0.0498501 -0.00203481
vn -0.999939 0.00907347 -0.0062255
v -0.014 -0.0502173 -0.00251375
vn -0.999554 0.0215858 -0.0206176
v -0.014 -0.0560196 -0.00222368
vn -0.999487 -0.0263085 -0.0182685
v -0.014 -0.0563372 -0.00171051
vn -0.999939 -0.00992817 -0.0047451
v -0.014 -0.0565683 -0.00115304
vn -0.999554 -0.0286482 -0.00838513
v 0.007 -0.0509882 -0.000418942
vn 0.968122 0.247726 -0.0370243
v 0.007 -0.0509541 0.000192673
vn 0.968122 0.247633 0.0376392
v 0.007 -0.053 5.44318e-10
vn 1 0 0
v 0.007 -0.0511017 0.000787166
vn 0.968122 0.225537 0.108958
v 0.007 -0.0514181 0.00131172
vn 0.968122 0.183401 0.170596
v 0.007 -0.0520732 -0.00183413
vn 0.968122 0.125508 -0.216764
v 0.007 -0.0515737 -0.00147946
vn 0.968122 0.183824 -0.17014
v 0.007 -0.051201 -0.000993331
vn 0.968123 0.225807 -0.108398
v 0.007 -0.0538561 -0.00186818
vn 0.968122 -0.0912202 -0.233276
v 0.007 -0.0532674 -0.00203752
vn 0.968122 -0.0184084 -0.2498
v 0.007 -0.052655 -0.00202583
vn 0.968122 0.0560396 -0.244128
v 0.007 -0.0549944 -0.000495452
vn 0.968122 -0.239258 -0.0741266
v 0.007 -0.0547597 -0.0010613
vn 0.968122 -0.206779 -0.141356
v 0.007 -0.0543687 -0.00153284
vn 0.968122 -0.155927 -0.196025
v 0.007 -0.0546308 0.00125036
vn 0.968122 -0.207129 0.140842
v 0.007 -0.0549269 0.000714113
vn 0.968122 -0.239441 0.0735325
v 0.007 -0.0550518 0.000114414
vn 0.968122 -0.250478 -0.000310796
v 0.007 -0.0530392 0.00205462
vn 0.968122 -0.0190279 0.249754
v 0.007 -0.0536431 0.00195178
vn 0.968122 -0.0917988 0.233049
v 0.007 -0.0541898 0.00167551
vn 0.968122 -0.156413 0.195637
v 0.007 -0.051875 0.00171972
vn 0.968122 0.124969 0.217075
v 0.007 -0.0524319 0.00197491
vn 0.968122 0.0554331 0.244267
v 0.006555 -0.0506907 0.000957622
vn 0.706765 0.664747 0.242064
v 0.006555 -0.050511 0.000234394
vn 0.639865 0.767242 0.0437315
v 0.006555 -0.0505525 -0.000509662
vn 0.175703 0.951677 -0.25187
v 0.006555 -0.0508115 -0.00120843
vn 0.529692 0.729823 -0.432187
v 0.006555 -0.0512649 -0.00179983
vn 0.164332 0.642608 -0.748365
v 0.006555 -0.0518725 -0.0022313
vn 0.446922 0.380973 -0.809395
v 0.006555 -0.0525803 -0.00246451
vn 0.154328 0.10539 -0.982383
v 0.006555 -0.0533253 -0.00247874
vn 0.38434 -0.145836 -0.9116
v 0.006555 -0.0540415 -0.00227272
vn 0.145464 -0.470705 -0.870217
v 0.006555 -0.0546651 -0.00186476
vn 0.706764 -0.49389 -0.506515
v 0.006555 -0.0551408 -0.00129111
vn 0.137556 -0.882106 -0.45052
v 0.006555 -0.0554263 -0.00060274
vn 0.106876 -0.989222 -0.100088
v 0.006555 -0.0554961 0.000139189
vn 0.706764 -0.703945 0.0703311
v 0.006555 -0.0553442 0.000868749
vn 0.107106 -0.869565 0.482063
v 0.006555 -0.054984 0.00152112
vn 0.38446 -0.727838 0.56784
v 0.006555 -0.0544475 0.00203833
vn 0.451914 -0.389612 0.802482
v 0.006555 -0.0537824 0.00237443
vn 0.706765 -0.191709 0.680977
v 0.006555 -0.0530477 0.00249954
vn 0.533967 0.0992613 0.839658
v 0.006555 -0.0523089 0.00240257
vn 0.706766 0.225209 0.670643
v 0.006555 -0.0516314 0.00209211
vn 0.642037 0.473135 0.603267
v 0.006555 -0.0510755 0.00159576
vn 0.706767 0.563864 0.427246
v 0.006555 -0.0506907 0.000957622
vn 0.00122642 0.923727 0.383048
v -0.0088 -0.0507994 0.00118634
vn 0.000814461 0.856321 0.516443
v 0.006555 -0.0510755 0.00159576
vn 0.000617504 0.785385 0.619008
v -0.0088 -0.0510755 0.00159576
vn 0.00145162 0.737307 0.675557
v 0.006555 -0.0516314 0.00209211
vn 0.00095722 0.578187 0.815904
v -0.0088 -0.0510833 0.00160503
vn 0.00401382 0.699527 0.714595
v -0.0088 -0.0514456 0.00195801
vn 0.00441373 0.664396 0.747368
v -0.0088 -0.0516314 0.00209211
vn 0.000902567 0.539341 0.842087
v -0.0088 -0.0518716 0.00223083
vn 0.00202099 0.416883 0.908958
v 0.006555 -0.0523089 0.00240257
vn 0.000651261 0.29823 0.954494
v -0.0088 -0.0523089 0.00240257
vn 0.00152334 0.224818 0.974399
v 0.006555 -0.0530477 0.00249954
vn 0.000913016 0.0141908 0.999899
v -0.0088 -0.0523437 0.00241232
vn 0.00394025 0.170681 0.985318
v -0.0088 -0.0528427 0.00249505
vn 0.00429571 0.123139 0.99238
v -0.0088 -0.0530477 0.00249954
vn 0.00092509 -0.0383876 0.999262
v -0.0088 -0.0533482 0.00247563
vn 0.00205544 -0.167611 0.985851
v 0.006555 -0.0537824 0.00237443
vn 0.00067998 -0.2932 0.956051
v -0.0088 -0.0537824 0.00237443
vn 0.00159213 -0.366795 0.9303
v 0.006555 -0.0544475 0.00203833
vn 0.000867269 -0.554799 0.831984
v -0.0088 -0.0538394 0.00235486
vn 0.00386638 -0.418413 0.908248
v -0.0088 -0.0542963 0.00213768
vn 0.00418053 -0.461584 0.887087
v -0.0088 -0.0544475 0.00203833
vn 0.000962649 -0.602354 0.798229
v -0.0088 -0.0547001 0.00183298
vn 0.00208735 -0.693852 0.720115
v 0.006555 -0.054984 0.00152112
vn 0.000989731 -0.782028 0.623243
v -0.0088 -0.0552851 0.00101401
vn 0.00406837 -0.883375 0.46865
v -0.0088 -0.0550342 0.00145324
vn 0.00168178 -0.868607 0.495499
v 0.006555 -0.0553442 0.000868749
vn 0.000955832 -0.941062 0.338232
v -0.0088 -0.054984 0.00152112
vn 0.00298756 -0.750704 0.660632
v -0.0088 -0.0553442 0.000868749
vn 0.00101541 -0.950393 0.311049
v -0.0088 -0.0554425 0.000533259
vn 0.00211696 -0.978947 0.204104
v 0.006555 -0.0554961 0.000139189
vn 0.00102158 -0.997515 0.0704403
v -0.0088 -0.0554548 -0.000473158
vn 0.00395978 -0.993332 -0.115219
v -0.0088 -0.0554998 3.06783e-05
vn 0.00168556 -0.99665 -0.0817732
v 0.006555 -0.0554263 -0.00060274
vn 0.00102432 -0.967455 -0.253043
v -0.0088 -0.0554961 0.000139189
vn 0.00289055 -0.993549 0.113369
v -0.0088 -0.0551408 -0.00129111
vn 0.00280821 -0.880233 -0.474533
v -0.0088 -0.0553093 -0.000957623
vn 0.00214401 -0.923811 -0.382843
v 0.006555 -0.0551408 -0.00129111
vn 0.00122633 -0.835757 -0.549099
v -0.0088 -0.0554263 -0.00060274
vn 0.00108322 -0.957741 -0.28763
v -0.0088 -0.0550693 -0.00140288
vn 0.00259753 -0.783463 -0.621433
v -0.0088 -0.0547445 -0.00179071
vn 0.00233122 -0.762059 -0.647504
v 0.006555 -0.0546651 -0.00186476
vn 0.00102158 -0.654944 -0.755677
v -0.0088 -0.0540415 -0.00227272
vn 0.00274081 -0.451375 -0.89233
v -0.0088 -0.0543483 -0.00210522
vn 0.0021687 -0.54761 -0.836731
v 0.006555 -0.0540415 -0.00227272
vn 0.00120837 -0.37891 -0.925433
v -0.0088 -0.0546651 -0.00186476
vn 0.00116616 -0.621763 -0.783205
v -0.0088 -0.053897 -0.00233355
vn 0.00275596 -0.292647 -0.956217
v -0.0088 -0.0534089 -0.00246634
vn 0.00233904 -0.263061 -0.964776
v 0.006555 -0.0533253 -0.00247874
vn 0.000989715 -0.111491 -0.993765
v -0.0088 -0.0525803 -0.00246451
vn 0.00268839 0.139284 -0.990249
v -0.0088 -0.052904 -0.00249816
vn 0.00219083 0.0189115 -0.999819
v 0.006555 -0.0525803 -0.00246451
vn 0.00118388 0.210732 -0.977543
v -0.0088 -0.0533253 -0.00247874
vn 0.001264 -0.0629005 -0.998019
v -0.0088 -0.0524031 -0.0024277
vn 0.00291436 0.301466 -0.953472
v -0.0088 -0.0519266 -0.00225785
vn 0.00234441 0.327819 -0.944738
v 0.006555 -0.0518725 -0.0022313
vn 0.000889201 0.469405 -0.882983
v -0.0088 -0.0512649 -0.00179983
vn 0.00265105 0.680018 -0.73319
v -0.0088 -0.0514941 -0.00199557
vn 0.00221049 0.578861 -0.815423
v 0.006555 -0.0512649 -0.00179983
vn 0.0011531 0.726568 -0.687093
v -0.0088 -0.0518725 -0.0022313
vn 0.00137684 0.518509 -0.855071
v -0.0088 -0.0511232 -0.00165159
vn 0.00307284 0.789165 -0.614174
v -0.0088 -0.0508292 -0.00123999
vn 0.00234719 0.804042 -0.594567
v 0.006555 -0.0508115 -0.00120843
vn 0.000779536 0.886177 -0.463347
v -0.0088 -0.0505525 -0.000509662
vn 0.00262847 0.976982 -0.213305
v -0.0088 -0.050624 -0.000777624
vn 0.00222767 0.93763 -0.347629
v 0.006555 -0.0505525 -0.000509662
vn 0.00111624 0.987788 -0.155803
v -0.0088 -0.0508115 -0.00120843
vn 0.00150458 0.914049 -0.405602
v -0.0088 -0.0505161 -0.000283423
vn 0.00323099 0.998307 -0.0580829
v -0.0088 -0.0505099 0.00022238
vn 0.0023473 0.999321 -0.0367614
v 0.006555 -0.050511 0.000234394
vn 0.000661228 0.992962 0.118431
v -0.0088 -0.050511 0.000234394
vn 0.00164774 0.981925 0.189261
v -0.0088 -0.0506056 0.000719078
vn 0.00224263 0.970527 0.240981
v -0.0088 -0.0506907 0.000957622
vn 0.000894992 0.923727 0.38305
v -0.009 -0.0570883 -0.00116119
vn 0.303588 -0.912629 -0.273758
v -0.009 -0.0556512 -0.000511011
vn 0.999918 -0.0124941 -0.00283923
v -0.009 -0.0572459 -0.000187063
vn 0.253203 -0.967179 -0.0212812
v -0.009 -0.0556998 3.31333e-05
vn 0.999918 -0.01282 -0.000266227
v -0.009 -0.0571746 0.000797147
vn 0.311611 -0.930336 0.193324
v -0.009 -0.0556379 0.000575921
vn 0.999918 -0.0126279 0.00232293
v -0.009 -0.0568782 0.00173838
vn 0.313253 -0.86749 0.386438
v -0.009 -0.0554679 0.00109513
vn 0.999917 -0.0119239 0.00482633
v -0.009 -0.0563728 0.0025859
vn 0.254312 -0.767503 0.588443
v -0.009 -0.055197 0.0015695
vn 0.999917 -0.0107339 0.00714482
v -0.009 -0.0556855 0.00329401
vn 0.315001 -0.598012 0.736991
v -0.009 -0.0548361 0.00197962
vn 0.999916 -0.00910252 0.00918609
v -0.009 -0.0548535 0.00382455
vn 0.370529 -0.418558 0.829167
v -0.009 -0.0544 0.00230869
vn 0.99972 -0.0129206 0.0198011
v -0.009 -0.0539066 0.00254325
vn 0.999918 -0.00469725 0.0119171
v -0.009 -0.0539215 0.00414889
vn 0.253064 -0.230521 0.939584
v -0.009 -0.0533761 0.00267368
vn 0.999918 -0.00220307 0.0126237
v -0.009 -0.0529399 0.00424958
vn 0.311828 0.00244543 0.950135
v -0.009 -0.0528302 0.00269465
vn 0.999918 0.000383513 0.0128207
v -0.009 -0.0519615 0.00412116
vn 0.253605 0.22257 0.941354
v -0.009 -0.0522912 0.00260531
vn 0.999917 0.00296077 0.0124993
v -0.009 -0.0510391 0.00377057
vn 0.254171 0.465038 0.84802
v -0.009 -0.0517813 0.0024093
vn 0.999917 0.00542702 0.0116706
v -0.009 -0.0502224 0.00321671
vn 0.3132 0.632242 0.708643
v -0.009 -0.0513212 0.00211465
vn 0.999917 0.00768455 0.0103653
v -0.009 -0.0495554 0.00248944
vn 0.315274 0.767869 0.557655
v -0.009 -0.0509299 0.00173343
vn 0.999916 0.00964317 0.00863255
v -0.009 -0.0490742 0.00162796
vn 0.303199 0.880246 0.365018
v -0.009 -0.0506234 0.00128125
vn 0.999719 0.0204679 0.0119232
v -0.009 -0.0504141 0.000776606
vn 0.999918 0.0121404 0.00408783
v -0.009 -0.0488045 0.000678715
vn 0.312156 0.938187 0.149548
v -0.009 -0.0503107 0.00024017
vn 0.999918 0.0127214 0.00156115
v -0.009 -0.0487611 -0.00030712
vn 0.311391 0.948786 -0.0533059
v -0.009 -0.0503174 -0.000306097
vn 0.999918 0.0127888 -0.0010327
v -0.009 -0.0489462 -0.0012764
vn 0.253756 0.92879 -0.270105
v -0.009 -0.0504339 -0.000839835
vn 0.999917 0.0123388 -0.00359165
v -0.009 -0.0493498 -0.00217686
vn 0.31309 0.82126 -0.476977
v -0.009 -0.0506555 -0.00133919
vn 0.999917 0.0113873 -0.00601465
v -0.009 -0.0499502 -0.00295997
vn 0.255031 0.703678 -0.663171
v -0.009 -0.0509731 -0.00178371
vn 0.999917 0.0099699 -0.00820553
v -0.009 -0.0507151 -0.00358351
vn 0.255962 0.501643 -0.82634
v -0.009 -0.0513736 -0.00215522
vn 0.999916 0.00813997 -0.0100766
v -0.009 -0.0516031 -0.00401386
vn 0.370599 0.291034 -0.882018
v -0.009 -0.0518408 -0.00243848
vn 0.999718 0.0108929 -0.0210876
v -0.009 -0.0523554 -0.00262192
vn 0.999918 0.00346796 -0.0123328
v -0.009 -0.0525664 -0.00422782
vn 0.312211 0.099116 -0.944828
v -0.009 -0.0528964 -0.00269801
vn 0.999918 0.00091501 -0.012787
v -0.009 -0.0535531 -0.00421386
vn 0.253069 -0.125897 -0.959222
v -0.009 -0.0534416 -0.00266365
vn 0.999918 -0.00167972 -0.0127246
v -0.009 -0.0545099 -0.00397273
vn 0.313088 -0.339473 -0.88698
v -0.009 -0.0539687 -0.00252023
vn 0.999917 -0.00421401 -0.0121469
v -0.009 -0.0553854 -0.00351743
vn 0.312762 -0.52031 -0.794643
v -0.009 -0.0544562 -0.00227364
vn 0.999917 -0.00658773 -0.0110748
v -0.009 -0.0561323 -0.0028725
vn 0.255274 -0.698024 -0.669027
v -0.009 -0.0548841 -0.00193397
vn 0.999917 -0.00870645 -0.00954863
v -0.009 -0.0567103 -0.00207271
vn 0.315328 -0.823061 -0.472375
v -0.009 -0.0552348 -0.00151511
vn 0.999916 -0.0104851 -0.00762588
v -0.009 -0.0554941 -0.00103423
vn 0.999717 -0.0216586 -0.00983186
v -0.0135 -0.0493861 0.00223663
vn -0.00147322 0.873013 0.487694
v -0.0135 -0.0495554 0.00248944
vn -0.0109873 0.80517 0.592942
v -0.0135 -0.0497917 0.00278737
vn -0.00496168 0.738021 0.674759
v -0.0135 -0.0508395 0.00365988
vn -0.00418648 0.553839 0.832613
v -0.0135 -0.0502804 0.00326592
vn -0.00366089 0.571203 0.820801
v -0.0135 -0.0502224 0.00321671
vn -0.0165885 0.699571 0.71437
v -0.0135 -0.0519615 0.00412116
vn -0.0174245 0.287452 0.957637
v -0.0135 -0.0514546 0.00395905
vn -0.00471615 0.356456 0.9343
v -0.0135 -0.0510391 0.00377057
vn -0.0106966 0.437386 0.89921
v -0.0135 -0.0521097 0.00415569
vn -0.0116613 0.147283 0.989026
v -0.0135 -0.0527878 0.0042447
vn -0.00080762 0.121808 0.992553
v -0.0135 -0.0539215 0.00414889
vn -0.0179816 -0.190508 0.981521
v -0.0135 -0.0534714 0.00422377
vn -0.00451552 -0.101025 0.994874
v -0.0135 -0.0529399 0.00424958
vn -0.0101169 -0.0305974 0.999481
v -0.0135 -0.0541429 0.00409345
vn -0.00990163 -0.320958 0.947042
v -0.0135 -0.0547847 0.00385711
vn -0.000507838 -0.339958 0.940441
v -0.0135 -0.0548535 0.00382455
vn -0.0165878 -0.491533 0.870701
v -0.0135 -0.0553803 0.00352087
vn -0.00117944 -0.537633 0.843178
v -0.0135 -0.0556855 0.00329401
vn -0.0182605 -0.624817 0.780558
v -0.0135 -0.0559143 0.00309345
vn -0.0042476 -0.717937 0.696096
v -0.0135 -0.0563728 0.0025859
vn -0.0118918 -0.79451 0.607134
v -0.0135 -0.0567439 0.00201138
vn -0.00147301 -0.858864 0.512202
v -0.0135 -0.0568782 0.00173838
vn -0.0109869 -0.916089 0.400824
v -0.0135 -0.0570181 0.00138477
vn -0.00496106 -0.953369 0.301767
v -0.0135 -0.0572498 4.1111e-05
vn -0.00418688 -0.997984 0.0633327
v -0.0135 -0.0571882 0.000722295
vn -0.00366086 -0.996436 0.0842768
v -0.0135 -0.0571746 0.000797147
vn -0.0165876 -0.968448 0.248663
v -0.0135 -0.0570883 -0.00116119
vn -0.0174251 -0.973064 -0.229877
v -0.0135 -0.0572014 -0.000641137
vn -0.00471654 -0.987356 -0.158451
v -0.0135 -0.0572459 -0.000187063
vn -0.0106971 -0.997432 -0.0708182
v -0.0135 -0.0570441 -0.00130678
vn -0.0116617 -0.930162 -0.366963
v -0.0135 -0.0567821 -0.00193858
vn -0.000807733 -0.92048 -0.390788
v -0.0135 -0.0561323 -0.0028725
vn -0.0179821 -0.754769 -0.655744
v -0.0135 -0.0564222 -0.00252017
vn -0.00451545 -0.811074 -0.584927
v -0.0135 -0.0567103 -0.00207271
vn -0.010117 -0.850276 -0.526239
v -0.0135 -0.0559736 -0.00303649
vn -0.00990239 -0.659684 -0.751478
v -0.0135 -0.055448 -0.00347416
vn -0.000507614 -0.644465 -0.764633
v -0.0135 -0.0553854 -0.00351743
vn -0.0165881 -0.508282 -0.861031
v -0.0135 -0.054859 -0.00382186
vn -0.00117964 -0.461398 -0.887192
v -0.0135 -0.0545099 -0.00397273
vn -0.0182609 -0.363573 -0.931387
v -0.0135 -0.0542219 -0.00407057
vn -0.00424773 -0.243867 -0.969799
v -0.0135 -0.0535531 -0.00421386
vn -0.0118919 -0.128538 -0.991633
v -0.0135 -0.05287 -0.00424801
vn -0.00147316 -0.0141474 -0.999899
v -0.0135 -0.0525664 -0.00422782
vn -0.0109872 0.110921 -0.993768
v -0.0135 -0.0521902 -0.00417214
vn -0.00496134 0.215346 -0.976525
v -0.0135 -0.0509107 -0.00370099
vn -0.00418696 0.444144 -0.895946
v -0.0135 -0.0515314 -0.00398821
vn -0.00366108 0.425233 -0.905076
v -0.0135 -0.0516031 -0.00401386
vn -0.0165882 0.268876 -0.963032
v -0.0135 -0.0499502 -0.00295997
vn -0.0174241 0.68561 -0.72776
v -0.0135 -0.0503441 -0.00331792
vn -0.004716 0.6309 -0.77585
v -0.0135 -0.0507151 -0.00358351
vn -0.0106972 0.560046 -0.828393
v -0.0135 -0.0498462 -0.00284891
vn -0.0116614 0.78288 -0.622063
v -0.0135 -0.0494301 -0.00230612
vn -0.000807508 0.798673 -0.601765
v -0.0135 -0.0489462 -0.0012764
vn -0.0179817 0.945277 -0.325774
v -0.0135 -0.0491064 -0.0017036
vn -0.00451551 0.912098 -0.409947
v -0.0135 -0.0493498 -0.00217686
vn -0.0101168 0.880874 -0.473243
v -0.0135 -0.0488835 -0.00105696
vn -0.00990152 0.980641 -0.195564
v -0.0135 -0.0487673 -0.000382944
vn -0.00050779 0.984424 -0.175809
v -0.0135 -0.0487611 -0.00030712
vn -0.0165878 0.999816 -0.00967182
v -0.0135 -0.0487607 0.000300989
vn -0.00117953 0.99903 0.0440145
v -0.0135 -0.0488045 0.000678715
vn -0.0182611 0.98839 0.150835
v -0.0135 -0.0488639 0.000977127
vn -0.00424773 0.961804 0.273706
v -0.0135 -0.0490742 0.00162796
vn -0.0118912 0.923049 0.384499
v -0.0089 -0.0555266 3.1008e-05
vn 0.48287 -0.875659 0.00761536
v -0.0089 -0.0554811 -0.000478228
vn 0.489111 -0.855687 -0.169027
v -0.0089 -0.0554686 0.000538976
vn 0.498758 -0.846257 0.18732
v -0.0089 -0.0553096 0.00102488
vn 0.487779 -0.799559 0.350395
v -0.0089 -0.055056 0.00146882
vn 0.486432 -0.712936 0.50508
v -0.0089 -0.0547183 0.00185263
vn 0.498857 -0.588524 0.636225
v -0.0089 -0.0543102 0.00216059
vn 0.48674 -0.456382 0.744849
v -0.0089 -0.0538484 0.0023801
vn 0.49033 -0.296116 0.81969
v -0.0089 -0.0533519 0.00250216
vn 0.499261 -0.120945 0.857969
v -0.0089 -0.0528411 0.00252179
vn 0.486003 0.0509511 0.872471
v -0.0089 -0.0523367 0.00243818
vn 0.494559 0.224426 0.839669
v -0.0089 -0.0518595 0.00225474
vn 0.499956 0.389382 0.77358
v -0.0089 -0.0514289 0.001979
vn 0.485557 0.540386 0.68718
v -0.0089 -0.0510627 0.00162223
vn 0.499122 0.661811 0.55936
v -0.0089 -0.0507758 0.00119905
vn 0.500934 0.760298 0.413537
v -0.0088 -0.0507994 0.00118634
vn 0.21075 0.866237 0.45301
v -0.0089 -0.05058 0.000726786
vn 0.485405 0.836174 0.255333
v -0.0089 -0.0504832 0.000224764
vn 0.500049 0.8622 0.0810076
v -0.0089 -0.0504895 -0.000286461
vn 0.469886 0.877095 -0.0995518
v -0.0089 -0.0505986 -0.000785957
vn 0.503 0.818756 -0.27682
v -0.0089 -0.0508059 -0.00125328
vn 0.497298 0.755319 -0.426835
v -0.0089 -0.0511031 -0.00166929
vn 0.471852 0.662658 -0.581584
v -0.0089 -0.051478 -0.00201696
vn 0.501487 0.515248 -0.695004
v -0.0089 -0.0519151 -0.00228205
vn 0.494826 0.376711 -0.783093
v -0.0089 -0.0523967 -0.00245372
vn 0.474122 0.211925 -0.854574
v -0.0089 -0.052903 -0.00252493
vn 0.500312 0.0270139 -0.865424
v -0.0089 -0.0534132 -0.00249277
vn 0.492637 -0.138364 -0.859165
v -0.0089 -0.0539066 -0.00235856
vn 0.476714 -0.31326 -0.821347
v -0.0089 -0.0543628 -0.00212779
vn 0.499463 -0.471486 -0.726799
v -0.0089 -0.0547632 -0.0018099
vn 0.490728 -0.605126 -0.626904
v -0.0089 -0.0550915 -0.00141792
vn 0.479635 -0.72475 -0.494659
v -0.0089 -0.0553341 -0.000967886
vn 0.498956 -0.801975 -0.328449
v -0.00897321 -0.0551521 -0.001459
vn 0.867479 -0.407608 -0.285195
v -0.00897321 -0.0548143 -0.00186234
vn 0.867477 -0.341856 -0.361411
v -0.00897321 -0.0544023 -0.00218943
vn 0.86748 -0.262105 -0.422823
v -0.00897321 -0.0539328 -0.00242689
vn 0.867481 -0.171626 -0.466927
v -0.00897321 -0.0534252 -0.00256499
vn 0.867479 -0.0741212 -0.491921
v -0.00897321 -0.0529002 -0.00259808
vn 0.867479 0.0264193 -0.496772
v -0.00897321 -0.0523792 -0.00252481
vn 0.86748 0.125877 -0.481283
v -0.00897321 -0.0518837 -0.00234817
vn 0.86748 0.220182 -0.446092
v -0.00897321 -0.0514339 -0.00207539
vn 0.86748 0.305472 -0.392639
v -0.00897321 -0.0510482 -0.00171765
vn 0.867478 0.37826 -0.323112
v -0.00897321 -0.0507424 -0.00128959
vn 0.86748 0.435555 -0.240353
v -0.00897321 -0.050529 -0.000808728
vn 0.86748 0.475022 -0.147756
v -0.00897321 -0.0504168 -0.000294761
vn 0.867481 0.49504 -0.04911
v -0.00897321 -0.0504103 0.000231276
vn 0.86748 0.494795 0.0515455
v -0.00897321 -0.0505099 0.000747843
vn 0.867479 0.474292 0.150093
v -0.00897321 -0.0507114 0.00123379
vn 0.867479 0.434369 0.242495
v -0.00897321 -0.0510066 0.00166923
vn 0.867478 0.376666 0.32497
v -0.00897321 -0.0513834 0.00203633
vn 0.867478 0.303539 0.39414
v -0.00897321 -0.0518264 0.00232006
vn 0.86748 0.217984 0.44717
v -0.00897321 -0.0523175 0.00250881
vn 0.86748 0.123507 0.481896
v -0.00897321 -0.0528365 0.00259485
vn 0.86748 0.0239737 0.496895
v -0.00897321 -0.0533621 0.00257465
vn 0.867479 -0.0765415 0.49155
v -0.00897321 -0.053873 0.00244905
vn 0.86748 -0.173922 0.466079
v -0.00897321 -0.0543481 0.00222319
vn 0.86748 -0.264182 0.421528
v -0.00897321 -0.0547681 0.0019063
vn 0.86748 -0.343628 0.35972
v -0.00897321 -0.0551156 0.00151137
vn 0.867479 -0.409006 0.283185
v -0.00897321 -0.0553765 0.00105457
vn 0.867479 -0.457638 0.195057
v -0.00897321 -0.0555402 0.00055459
vn 0.867478 -0.487538 0.0989416
v -0.00897321 -0.0555998 3.19058e-05
vn 0.867479 -0.497472 -0.00122424
v -0.00897321 -0.055553 -0.000492084
vn 0.86748 -0.48704 -0.101339
v -0.00897321 -0.0554017 -0.000995928
vn 0.86748 -0.456672 -0.197305
v -0.0136913 -0.0491413 -0.00168835
vn -0.401906 0.846001 -0.350362
v -0.0136913 -0.0503679 -0.00328821
vn -0.395916 0.589385 -0.704185
v -0.0136913 -0.0521975 -0.00413478
vn -0.389106 0.197336 -0.899808
v -0.0136913 -0.0548424 -0.00378763
vn -0.382062 -0.400409 -0.832887
v -0.0136913 -0.0571637 -0.000635394
vn -0.395916 -0.904534 -0.158331
v -0.0136913 -0.0569821 0.00137237
vn -0.389105 -0.877926 0.279005
v -0.0136913 -0.055359 0.00348934
vn -0.38206 -0.521098 0.763208
v -0.0136913 -0.0514684 0.0039236
vn -0.395918 0.315149 0.862514
v -0.0139619 -0.0491642 0.000906162
vn -0.922724 0.376339 0.0833631
v -0.0139619 -0.0493593 0.00150973
vn -0.922724 0.358093 0.142653
v -0.0139619 -0.0496486 0.00207419
vn -0.922724 0.330572 0.198247
v -0.0139619 -0.0500247 0.00258493
vn -0.922724 0.29449 0.248707
v -0.0139619 -0.0490686 0.000279129
vn -0.922724 0.384837 0.0219147
v -0.0138536 -0.0489068 0.000290618
vn -0.705552 0.707177 0.0458008
v -0.0139619 -0.0490747 -0.000355133
vn -0.922724 0.38337 -0.0401015
v -0.0138536 -0.0489131 -0.000369749
vn -0.705551 0.705367 -0.068232
v -0.0136913 -0.0488052 -0.000379515
vn -0.382235 0.9201 -0.0855093
v -0.0138536 -0.0490064 0.000943456
vn -0.705549 0.690674 0.158648
v -0.0138536 -0.0492094 0.00157186
vn -0.70555 0.656281 0.267384
v -0.0138536 -0.0495107 0.00215956
vn -0.705552 0.60489 0.369196
v -0.0138536 -0.0499023 0.00269132
vn -0.705551 0.537833 0.461447
v -0.0139619 -0.0509964 0.00339408
vn -0.922724 0.200578 0.329164
v -0.0139619 -0.0515668 0.00367153
vn -0.922724 0.145178 0.357076
v -0.0138536 -0.0509139 0.00353377
vn -0.705551 0.36403 0.608013
v -0.0138536 -0.0515078 0.00382263
vn -0.70555 0.261784 0.658535
v -0.0136913 -0.0508588 0.00362711
vn -0.363133 0.465447 0.807151
v -0.0139619 -0.0528032 0.00393643
vn -0.922724 0.0246321 0.384674
v -0.0139619 -0.0534372 0.00391702
vn -0.922724 -0.0373922 0.383643
v -0.0138536 -0.0527951 0.00409843
vn -0.70555 0.039774 0.707544
v -0.0138536 -0.0534552 0.00407823
vn -0.70555 -0.0742378 0.70476
v -0.0136913 -0.0527897 0.00420669
vn -0.361348 0.0370585 0.931694
v -0.0136913 -0.0534672 0.00418595
vn -0.401904 -0.119578 0.907841
v -0.0139619 -0.0540599 0.00379616
vn -0.922725 -0.0984483 0.372675
v -0.0138536 -0.0541035 0.0039524
vn -0.705549 -0.186329 0.683727
v -0.0136913 -0.0541326 0.00405679
vn -0.414598 -0.255086 0.873521
v -0.0139619 -0.0546551 0.00357699
vn -0.922724 -0.156956 0.352058
v -0.0138536 -0.0547232 0.0037242
vn -0.705549 -0.293594 0.644983
v -0.0136913 -0.0547687 0.00382257
vn -0.382233 -0.385997 0.839585
v -0.0139619 -0.056472 0.00186531
vn -0.922725 -0.336972 0.18716
v -0.0139619 -0.0567263 0.0012842
vn -0.922726 -0.362629 0.130682
v -0.0138536 -0.0566149 0.00194207
vn -0.705552 -0.622177 0.339252
v -0.0138536 -0.0568796 0.00133706
vn -0.705552 -0.66854 0.235054
v -0.0136913 -0.0567104 0.00199337
vn -0.36402 -0.824931 0.432409
v -0.0139619 -0.0569412 3.81252e-05
vn -0.922725 -0.385351 0.00912341
v -0.0139619 -0.0568962 -0.000594574
vn -0.922725 -0.381825 -0.0528094
v -0.0138536 -0.0571034 3.96954e-05
vn -0.705551 -0.70857 0.0112528
v -0.0138536 -0.0570566 -0.000619044
vn -0.705548 -0.701202 -0.102557
v -0.0136913 -0.0572117 4.0744e-05
vn -0.363132 -0.931737 -0.000487759
v -0.0139619 -0.0565074 -0.00179779
vn -0.922724 -0.345453 -0.171005
v -0.0139619 -0.0561736 -0.00233714
vn -0.922724 -0.313549 -0.224205
v -0.0138536 -0.0566518 -0.00187178
vn -0.705548 -0.632639 -0.319327
v -0.0138536 -0.0563042 -0.00243333
vn -0.705552 -0.573221 -0.416671
v -0.0136913 -0.0567482 -0.00192122
vn -0.36135 -0.8254 -0.433753
v -0.0136913 -0.0563915 -0.0024976
vn -0.401904 -0.726424 -0.557478
v -0.0139619 -0.0557576 -0.00281596
vn -0.922724 -0.273523 -0.271597
v -0.0138536 -0.0558711 -0.00293186
vn -0.705548 -0.49896 -0.50323
v -0.0136913 -0.055947 -0.00300929
vn -0.414601 -0.628947 -0.657671
v -0.0139619 -0.0552702 -0.00322185
vn -0.922724 -0.226413 -0.311956
v -0.0138536 -0.0553636 -0.00335445
vn -0.705548 -0.411775 -0.576752
v -0.0136913 -0.0554261 -0.00344305
vn -0.382238 -0.534102 -0.754075
v -0.0139619 -0.0528794 -0.0039395
vn -0.922724 0.00640135 -0.385409
v -0.0139619 -0.052249 -0.00386913
vn -0.922724 0.0681415 -0.37939
v -0.0138536 -0.0528744 -0.00410163
vn -0.705549 0.0172884 -0.70845
v -0.0138536 -0.0522181 -0.00402838
vn -0.705549 0.130708 -0.696503
v -0.0136913 -0.0528711 -0.00420997
vn -0.364021 0.0379891 -0.930616
v -0.0139619 -0.0510624 -0.0034322
vn -0.922723 0.184777 -0.338289
v -0.0139619 -0.050537 -0.00307695
vn -0.922724 0.236647 -0.304266
v -0.0138536 -0.0509827 -0.00357346
vn -0.705549 0.344541 -0.619267
v -0.0138536 -0.0504356 -0.00320359
vn -0.705551 0.439415 -0.555979
v -0.0136913 -0.0509294 -0.00366785
vn -0.363132 0.466289 -0.806665
v -0.0139619 -0.0496894 -0.00213864
vn -0.922724 0.320821 -0.213669
v -0.0139619 -0.0493892 -0.00157988
vn -0.922724 0.35094 -0.159439
v -0.0138536 -0.0495531 -0.00222666
vn -0.70555 0.592863 -0.388217
v -0.0138536 -0.0492406 -0.0016449
vn -0.70555 0.64746 -0.288088
v -0.0136913 -0.0494621 -0.00228547
vn -0.361349 0.788341 -0.497941
v -0.0136913 -0.0487986 0.000298294
vn -0.382063 0.921506 0.0696818
v -0.0136913 -0.0489009 0.000968377
vn -0.411309 0.884901 0.218576
v -0.0136913 -0.0491093 0.00161338
vn -0.381611 0.854767 0.351777
v -0.0136913 -0.0494185 0.0022166
vn -0.364021 0.786942 0.498207
v -0.0136913 -0.0498204 0.00276241
vn -0.389108 0.680587 0.620803
v -0.0136913 -0.0503047 0.00323667
vn -0.418176 0.571322 0.706201
v -0.0138536 -0.0503741 0.00315338
vn -0.70555 0.456848 0.541746
v -0.0139619 -0.0504779 0.00302873
vn -0.922724 0.250782 0.292727
v -0.0136913 -0.0521176 0.00411848
vn -0.416908 0.178673 0.891215
v -0.0138536 -0.0521403 0.0040125
vn -0.70555 0.152757 0.692001
v -0.0139619 -0.0521743 0.00385388
vn -0.922724 0.0860194 0.37574
v -0.0138536 -0.0552983 0.00339955
vn -0.70555 -0.393253 0.589535
v -0.0139619 -0.0552075 0.00326517
vn -0.922724 -0.211397 0.322322
v -0.0136913 -0.0558882 0.00306574
vn -0.411308 -0.631742 0.65706
v -0.0138536 -0.0558139 0.00298685
vn -0.70555 -0.48273 0.518818
v -0.0139619 -0.0557026 0.00286878
vn -0.922725 -0.260363 0.284237
v -0.0139619 -0.0561278 0.0023981
vn -0.922724 -0.302588 0.238791
v -0.0138536 -0.0562566 0.0024968
vn -0.70555 -0.559702 0.434664
v -0.0136913 -0.0563426 0.00256274
vn -0.381611 -0.732032 0.56436
v -0.0136913 -0.0571507 0.000715826
vn -0.418176 -0.897249 0.141679
v -0.0138536 -0.0570439 0.000697407
vn -0.705551 -0.697589 0.124768
v -0.0139619 -0.056884 0.000669838
vn -0.922725 -0.378897 0.0708195
v -0.0136913 -0.0570079 -0.00129508
vn -0.416911 -0.86115 -0.290871
v -0.0138536 -0.0569048 -0.00126175
vn -0.705546 -0.675672 -0.21371
v -0.0139619 -0.0567504 -0.00121188
vn -0.922724 -0.368411 -0.113376
v -0.0138536 -0.0547949 -0.00369017
vn -0.705549 -0.313926 -0.635336
v -0.0139619 -0.054724 -0.0035443
vn -0.922724 -0.17344 -0.344236
v -0.0136913 -0.0542109 -0.00403412
vn -0.411308 -0.253159 -0.875635
v -0.0138536 -0.0541798 -0.00393031
vn -0.705549 -0.207945 -0.677465
v -0.0139619 -0.0541331 -0.00377495
vn -0.922724 -0.115975 -0.3676
v -0.0139619 -0.0535129 -0.00390783
vn -0.922724 -0.0555056 -0.381443
v -0.0138536 -0.053534 -0.00406866
vn -0.705548 -0.0965784 -0.70205
v -0.0136913 -0.0535481 -0.00417612
vn -0.381611 -0.122734 -0.916138
v -0.0136913 -0.0515446 -0.0039525
vn -0.418174 0.325928 -0.847881
v -0.0138536 -0.051582 -0.00385079
vn -0.705548 0.240743 -0.666517
v -0.0139619 -0.0516381 -0.00369857
vn -0.922724 0.128118 -0.363546
v -0.0136913 -0.0498745 -0.0028234
vn -0.41691 0.682478 -0.600342
v -0.0138536 -0.0499549 -0.00275074
vn -0.70555 0.522912 -0.478291
v -0.0139619 -0.0500753 -0.00264201
vn -0.922724 0.282391 -0.262365
v -0.0136913 -0.0489204 -0.0010475
vn -0.414601 0.884033 -0.21585
v -0.0138536 -0.0490254 -0.00102054
vn -0.705549 0.685289 -0.180497
v -0.0139619 -0.0491825 -0.000980198
vn -0.922724 0.371973 -0.101079
v -0.0115 -0.0506988 -0.000302033
vn -0.100403 -0.986486 0.129476
v -0.0115 -0.0514049 -0.00122298
vn -0.113541 -0.784316 0.609883
v -0.0115 -0.052111 -0.00214392
vn -0.0985626 -0.381184 0.91923
v -0.0115 -0.0515878 0.00184189
vn -0.100403 -0.605373 -0.789584
v -0.0115 -0.0511433 0.000769929
vn -0.214159 -0.902296 -0.374162
v -0.0115 -0.053889 0.00214393
vn -0.0985633 0.381183 -0.91923
v -0.0115 -0.0527384 0.00199291
vn -0.113541 -0.122562 -0.985945
v -0.0115 -0.0553012 0.000302034
vn -0.09764 0.986759 -0.129511
v -0.0115 -0.0545951 0.00122298
vn -0.112331 0.790635 -0.601896
v -0.0115 -0.0544122 -0.00184189
vn -0.0976399 0.60554 0.789802
v -0.0115 -0.0548567 -0.000769929
vn -0.111926 0.917924 0.380642
v -0.0115 -0.0532616 -0.00199291
vn -0.112331 0.132678 0.984773
v -0.0115 -0.054824 0.000844555
vn -0.888746 0.42595 -0.1694
v -0.0115 -0.0549994 0.000206557
vn -0.894359 0.444981 -0.0459713
v -0.0115 -0.0549581 -0.000453825
vn -0.88736 0.456234 0.0666553
v -0.0115 -0.0532906 0.00198888
vn -0.889969 0.0783336 -0.449243
v -0.0115 -0.0539206 0.00178677
vn -0.893814 0.205394 -0.398635
v -0.0115 -0.0544509 0.00139103
vn -0.885804 0.297615 -0.356057
v -0.0115 -0.0514939 0.00133108
vn -0.891034 -0.340136 -0.30061
v -0.0115 -0.0520077 0.00174799
vn -0.892712 -0.222464 -0.391886
v -0.0115 -0.052629 0.00197547
vn -0.884069 -0.148526 -0.443128
v -0.0115 -0.0509939 0.000125344
vn -0.891034 -0.453053 -0.0283073
v -0.0115 -0.0513399 -0.00113325
vn -0.884069 -0.418527 0.207982
v -0.0115 -0.0510619 -0.000532822
vn -0.892712 -0.434505 0.119455
v -0.0115 -0.0530407 -0.00200959
vn -0.885804 -0.0416901 0.462184
v -0.0115 -0.052386 -0.00191393
vn -0.893814 -0.13698 0.427005
v -0.0115 -0.0517978 -0.00161087
vn -0.889969 -0.262567 0.372845
v -0.0115 -0.0547046 -0.00106503
vn -0.88736 0.36952 0.275766
v -0.0115 -0.0542665 -0.00156082
vn -0.894359 0.281867 0.347379
v -0.0115 -0.0536911 -0.00188747
vn -0.888746 0.181075 0.42112
v -0.0103395 -0.053 5.44318e-10
vn -1 8.472e-18 0
v 0.014 0.0515878 -0.00184189
vn 0.692998 0.438653 0.572133
v 0.014 0.049536 -0.00143643
vn 0.999592 -0.0260812 -0.0116753
v 0.014 0.0498113 -0.00197349
vn 0.999519 -0.0259108 -0.0170503
v 0.014 0.0522855 0.0036813
vn 0.999461 -0.0071508 0.0320508
v 0.014 0.0517042 0.00351901
vn 0.999432 -0.0125179 0.0312846
v 0.014 0.052111 0.00214393
vn 0.667131 0.285348 -0.688122
v 0.014 0.0511565 0.00326558
vn 0.999442 -0.017224 0.0286218
v 0.014 0.0501692 -0.00245944
vn 0.999461 -0.0241814 -0.0222182
v 0.014 0.0506003 -0.00288169
vn 0.999432 -0.0208343 -0.0264831
v 0.014 0.0510937 -0.00322931
vn 0.999442 -0.0161752 -0.0292273
v 0.014 0.0493505 -0.000862171
vn 0.999938 -0.0107359 -0.00285354
v 0.014 0.0506988 0.000302034
vn 0.665474 0.740074 -0.097135
v 0.014 0.0492594 -0.000265577
vn 0.999461 -0.0326791 -0.0032354
v 0.014 0.0565454 -0.00122186
vn 0.999461 0.0313321 -0.0098328
v 0.014 0.0566954 -0.00063732
vn 0.999432 0.0333521 -0.0048014
v 0.014 0.0553012 -0.000302033
vn 0.667132 -0.738605 0.0969423
v 0.014 0.0567498 -3.62745e-05
vn 0.999442 0.0333992 0.000605663
v 0.014 0.0560196 0.00222368
vn 0.999487 0.0252526 0.0197024
v 0.014 0.0556238 0.00267925
vn 0.999442 0.0226997 0.024507
v 0.014 0.0544122 0.00184189
vn 0.694298 -0.437892 -0.57114
v 0.014 0.05516 0.00306544
vn 0.999432 0.0186356 0.0280737
v 0.014 0.0546403 0.00337223
vn 0.999461 0.0135376 0.0299185
v 0.014 0.0506565 0.00292757
vn 0.999487 -0.0207032 0.0244386
v 0.014 0.0502173 0.00251375
vn 0.999939 -0.00836742 0.00714643
v 0.014 0.0498501 0.00203481
vn 0.999554 -0.0255141 0.0154938
v 0.014 0.0495645 0.00150318
vn 0.999487 -0.029689 0.0120182
v 0.014 0.0493678 0.000932612
vn 0.999442 -0.0325736 0.00740514
v 0.014 0.0492653 0.000337894
vn 0.999432 -0.0336304 0.00210193
v 0.014 0.0540781 0.00359168
vn 0.999519 0.00808811 0.0299443
v 0.014 0.053488 0.00371811
vn 0.99994 0.00112459 0.0109115
v 0.014 0.0528853 0.00374824
vn 0.999519 -0.00181058 0.0309645
v 0.014 0.0567071 0.000565708
vn 0.999487 0.0315163 0.00571005
v 0.014 0.0565683 0.00115304
vn 0.999939 0.0103727 0.0036732
v 0.014 0.0563372 0.00171051
vn 0.999554 0.0261751 0.014349
v 0.014 0.053416 -0.00372686
vn 0.999487 0.00443647 -0.0317205
v 0.014 0.0540084 -0.00361187
vn 0.999442 0.00987385 -0.031912
v 0.014 0.053889 -0.00214392
vn 0.694298 -0.275676 0.664795
v 0.014 0.0545748 -0.00340333
vn 0.999432 0.0149948 -0.0301758
v 0.014 0.0551003 -0.00310665
vn 0.999461 0.0191415 -0.0266831
v 0.014 0.0555714 -0.00272951
vn 0.999519 0.0218885 -0.0219768
v 0.014 0.055976 -0.00228168
vn 0.99994 0.00888734 -0.00642967
v 0.014 0.0563034 -0.00177475
vn 0.999519 0.0277213 -0.0139142
v 0.014 0.0516364 -0.00349328
vn 0.999487 -0.010813 -0.0301488
v 0.014 0.0522144 -0.00366679
vn 0.999939 -0.00200524 -0.0108196
v 0.014 0.0528128 -0.00374532
vn 0.999554 -0.000661045 -0.0298428
v -0.007 0.051875 -0.00171971
vn -0.968122 -0.148829 -0.201467
v -0.007 0.0514181 -0.00131172
vn -0.968122 -0.201601 -0.148648
v -0.007 0.053 5.44318e-10
vn -1 0 0
v -0.007 0.0511017 -0.000787166
vn -0.968122 -0.236459 -0.0826219
v -0.007 0.0509541 -0.000192671
vn -0.968122 -0.250307 -0.00925311
v -0.007 0.0536431 -0.00195178
vn -0.968122 0.0647195 -0.241972
v -0.007 0.0530392 -0.00205463
vn -0.968123 -0.00947803 -0.250298
v -0.007 0.0524319 -0.00197491
vn -0.968123 -0.0828341 -0.236384
v -0.007 0.0549269 -0.000714112
vn -0.968123 0.229532 -0.100268
v -0.007 0.0546308 -0.00125036
vn -0.968122 0.189781 -0.163469
v -0.007 0.0541898 -0.00167551
vn -0.968122 0.133167 -0.212145
v -0.007 0.0547597 0.00106129
vn -0.968122 0.221503 0.116941
v -0.007 0.0549944 0.000495453
vn -0.968123 0.246131 0.0464557
v -0.007 0.0550518 -0.000114412
vn -0.968122 0.24889 -0.0281561
v -0.007 0.0532674 0.00203753
vn -0.968122 0.0466773 0.24609
v -0.007 0.0538561 0.00186818
vn -0.968122 0.11714 0.221399
v -0.007 0.0543687 0.00153284
vn -0.968122 0.177194 0.177035
v -0.007 0.0515737 0.00147946
vn -0.968122 -0.163299 0.189928
v -0.007 0.0520732 0.00183413
vn -0.968122 -0.10006 0.229623
v -0.007 0.052655 0.00202583
vn -0.968123 -0.0279327 0.248915
v -0.007 0.0509882 0.000418941
vn -0.968122 -0.241914 0.0649372
v -0.007 0.051201 0.000993331
vn -0.968122 -0.212026 0.133357
v -0.006555 0.0506907 -0.000957623
vn -0.706764 -0.640975 -0.299392
v -0.006555 0.0510755 -0.00159576
vn -0.63989 -0.573035 -0.512027
v -0.006555 0.0516314 -0.00209211
vn -0.175703 -0.494169 -0.851425
v -0.006555 0.0523089 -0.00240257
vn -0.529698 -0.20981 -0.821827
v -0.006555 0.0530477 -0.00249954
vn -0.16433 0.0755605 -0.983507
v -0.006555 0.0537824 -0.00237443
vn -0.446908 0.303598 -0.841488
v -0.006555 0.0544475 -0.00203833
vn -0.154328 0.620735 -0.768682
v -0.006555 0.054984 -0.00152112
vn -0.384335 0.748142 -0.540897
v -0.006555 0.0553442 -0.00086875
vn -0.145465 0.948403 -0.28173
v -0.006555 0.0554961 -0.000139187
vn -0.706764 0.7074 -0.00836913
v -0.006555 0.0554263 0.000602739
vn -0.137557 0.942063 0.305934
v -0.006555 0.0551408 0.00129111
vn -0.706768 0.589192 0.391576
v -0.006555 0.0546651 0.00186477
vn -0.13046 0.603153 0.786884
v -0.006555 0.0540415 0.00227272
vn -0.706764 0.266232 0.655442
v -0.006555 0.0533253 0.00247874
vn -0.10585 0.065055 0.992252
v -0.006555 0.0525803 0.00246451
vn -0.451907 -0.292587 0.842718
v -0.006555 0.0518725 0.0022313
vn -0.706765 -0.346452 0.616809
v -0.006555 0.0512649 0.00179983
vn -0.533961 -0.664325 0.523027
v -0.006555 0.0508115 0.00120843
vn -0.706765 -0.633713 0.314468
v -0.006555 0.0505525 0.000509661
vn -0.642033 -0.761207 0.0914145
v -0.006555 0.050511 -0.000234395
vn -0.706766 -0.700744 -0.0971576
v -0.006555 0.0506907 -0.000957623
vn -0.00122644 -0.923727 -0.383049
v 0.0088 0.0506056 -0.000719079
vn -0.000814461 -0.9705 -0.2411
v -0.006555 0.050511 -0.000234395
vn -0.000617504 -0.992962 -0.118433
v 0.0088 0.050511 -0.000234395
vn -0.000840094 -0.999019 -0.0442723
v -0.006555 0.0505525 0.000509661
vn -0.000957352 -0.985904 0.167312
v 0.0088 0.0505099 -0.000222381
vn -0.00327419 -0.999946 0.00985551
v 0.0088 0.0505161 0.000283424
vn -0.00315766 -0.998316 0.057931
v 0.0088 0.0505525 0.000509661
vn -0.00113979 -0.976985 0.213307
v 0.0088 0.050624 0.000777623
vn -0.0013407 -0.93768 0.347498
v -0.006555 0.0508115 0.00120843
vn -0.000651311 -0.886177 0.463347
v 0.0088 0.0508115 0.00120843
vn -0.000912314 -0.848302 0.529512
v -0.006555 0.0512649 0.00179983
vn -0.000912995 -0.717623 0.696432
v 0.0088 0.0508292 0.00123999
vn -0.00319987 -0.817873 0.57539
v 0.0088 0.0511232 0.00165159
vn -0.00302245 -0.789257 0.614056
v 0.0088 0.0512649 0.00179983
vn -0.000180418 -0.680024 0.73319
v 0.0088 0.0514941 0.00199557
vn -0.00142665 -0.579174 0.815203
v -0.006555 0.0518725 0.0022313
vn -0.00067998 -0.469404 0.882983
v 0.0088 0.0518725 0.0022313
vn -0.00098134 -0.399026 0.916939
v -0.006555 0.0525803 0.00246451
vn -0.000867302 -0.196775 0.980448
v 0.0088 0.0519266 0.00225785
vn -0.00312548 -0.347105 0.937821
v 0.0088 0.0524031 0.0024277
vn -0.00288879 -0.301593 0.953433
v 0.0088 0.0533253 0.00247874
vn -0.00149988 0.0629045 0.998018
v 0.0088 0.052904 0.00249816
vn -0.00145851 -0.0193001 0.999813
v -0.006555 0.0533253 0.00247874
vn -0.0012946 0.164245 0.986419
v 0.0088 0.0525803 0.00246451
vn -0.000218251 -0.139289 0.990252
v 0.0088 0.0534089 0.00246634
vn -0.00153672 0.246181 0.969223
v 0.0088 0.053897 0.00233355
vn -0.00168638 0.284061 0.958805
v -0.006555 0.0540415 0.00227272
vn -0.00113533 0.425547 0.904936
v 0.0088 0.0546651 0.00186477
vn -0.00140224 0.621765 0.783203
v 0.0088 0.0543483 0.00210522
vn -0.0014879 0.547281 0.836948
v -0.006555 0.0546651 0.00186477
vn -0.00123729 0.692576 0.721344
v 0.0088 0.0540415 0.00227272
vn -0.000270997 0.451377 0.892333
v 0.0088 0.0547445 0.00179071
vn -0.00169521 0.752574 0.658506
v 0.0088 0.0550693 0.00140288
vn -0.00170105 0.776133 0.630567
v -0.006555 0.0551408 0.00129111
vn -0.00108395 0.862621 0.50585
v 0.0088 0.0554263 0.000602739
vn -0.00132003 0.957741 0.28763
v 0.0088 0.0553093 0.000957622
vn -0.00151496 0.923661 0.383208
v -0.006555 0.0554263 0.000602739
vn -0.00122605 0.979081 0.203467
v 0.0088 0.0551408 0.00129111
vn -0.000338917 0.880234 0.474539
v 0.0088 0.0554548 0.000473157
vn -0.00185378 0.993324 0.115344
v 0.0088 0.0554998 -3.06791e-05
vn -0.0017137 0.996648 0.0817939
v -0.006555 0.0554961 -0.000139187
vn -0.00102134 0.997515 -0.0704403
v 0.0088 0.0553442 -0.00086875
vn -0.00125228 0.950393 -0.311049
v 0.0088 0.0554425 -0.00053326
vn -0.00153961 0.979031 -0.203706
v -0.006555 0.0553442 -0.00086875
vn -0.00120818 0.922614 -0.385722
v 0.0088 0.0554961 -0.000139187
vn -0.000422163 0.993553 -0.11337
v 0.0088 0.0552851 -0.00101401
vn -0.00201199 0.88345 -0.46852
v 0.0088 0.0550342 -0.00145324
vn -0.00172374 0.86861 -0.495494
v -0.006555 0.054984 -0.00152112
vn -0.000989755 0.782025 -0.623246
v 0.0088 0.0544475 -0.00203833
vn -0.00120005 0.602356 -0.798227
v 0.0088 0.0547 -0.00183298
vn -0.00156167 0.694144 -0.719835
v -0.006555 0.0544475 -0.00203833
vn -0.00118391 0.542884 -0.839807
v 0.0088 0.054984 -0.00152112
vn -0.000519829 0.750703 -0.660639
v 0.0088 0.0542963 -0.00213768
vn -0.0021707 0.461748 -0.887009
v 0.0088 0.0538394 -0.00235486
vn -0.00173181 0.43696 -0.899479
v -0.006555 0.0537824 -0.00237443
vn -0.000889247 0.2932 -0.956051
v 0.0088 0.0530477 -0.00249954
vn -0.00116217 0.0383912 -0.999262
v 0.0088 0.0533482 -0.00247563
vn -0.00158124 0.168016 -0.985783
v -0.006555 0.0530477 -0.00249954
vn -0.00115309 -0.0271231 -0.999631
v 0.0088 0.0537824 -0.00237443
vn -0.000632925 0.238749 -0.971081
v 0.0088 0.0528427 -0.00249505
vn -0.00232894 -0.122954 -0.99241
v 0.0088 0.0523437 -0.00241232
vn -0.00173707 -0.147315 -0.989088
v -0.006555 0.0523089 -0.00240257
vn -0.000779555 -0.298231 -0.954493
v 0.0088 0.0516314 -0.00209211
vn -0.00113967 -0.539337 -0.842089
v 0.0088 0.0518716 -0.00223083
vn -0.00159834 -0.416507 -0.909131
v -0.006555 0.0516314 -0.00209211
vn -0.00111628 -0.587661 -0.809107
v 0.0088 0.0523089 -0.00240257
vn -0.000761019 -0.358788 -0.933419
v 0.0088 0.0514456 -0.00195801
vn -0.00248746 -0.664245 -0.747511
v 0.0088 0.0510833 -0.00160503
vn -0.00173991 -0.680028 -0.733184
v -0.006555 0.0510755 -0.00159576
vn -0.000661279 -0.785384 -0.619009
v 0.0088 0.0510755 -0.00159576
vn -0.000904239 -0.827714 -0.56115
v 0.0088 0.0507994 -0.00118634
vn -0.00161333 -0.856274 -0.51652
v 0.0088 0.0506907 -0.000957623
vn -0.00113242 -0.923729 -0.383045
v 0.009 0.0516031 0.00401386
vn -0.370529 -0.291044 0.882044
v 0.009 0.0518408 0.00243848
vn -0.999973 -0.0029461 0.00676864
v 0.009 0.0507151 0.00358351
vn -0.253064 -0.502038 0.826992
v 0.009 0.0513736 0.00215522
vn -0.999973 -0.00425001 0.00603944
v 0.009 0.0499502 0.00295997
vn -0.311828 -0.674106 0.669586
v 0.009 0.0509731 0.00178371
vn -0.999973 -0.00538378 0.00506503
v 0.009 0.0493498 0.00217686
vn -0.253605 -0.82342 0.507606
v 0.009 0.0506555 0.00133919
vn -0.999973 -0.00630244 0.00388333
v 0.009 0.0489462 0.00127639
vn -0.313253 -0.903826 0.291497
v 0.009 0.0504339 0.000839834
vn -0.999972 -0.00696914 0.00254028
v 0.009 0.0487611 0.000307119
vn -0.254711 -0.96395 0.0769606
v 0.009 0.0503174 0.000306098
vn -0.999972 -0.00735657 0.00108815
v 0.009 0.0488045 -0.000678714
vn -0.315274 -0.937169 -0.149384
v 0.009 0.0503107 -0.000240171
vn -0.999972 -0.007448 -0.000416287
v 0.009 0.0490742 -0.00162796
vn -0.303199 -0.880246 -0.365017
v 0.009 0.0504141 -0.000776605
vn -0.999905 -0.0133261 -0.00352383
v 0.009 0.0506234 -0.00128125
vn -0.999973 -0.00661103 -0.00328532
v 0.009 0.0495554 -0.00248944
vn -0.312156 -0.768701 -0.558262
v 0.009 0.0509299 -0.00173343
vn -0.999973 -0.00581748 -0.0045513
v 0.009 0.0502224 -0.00321671
vn -0.311392 -0.63264 -0.709086
v 0.009 0.0513212 -0.00211465
vn -0.999973 -0.00478738 -0.00563519
v 0.009 0.0510391 -0.00377057
vn -0.253756 -0.46509 -0.848115
v 0.009 0.0517813 -0.0024093
vn -0.999973 -0.00356073 -0.00649397
v 0.009 0.0519615 -0.00412116
vn -0.31309 -0.242716 -0.918185
v 0.009 0.0522912 -0.00260531
vn -0.999972 -0.00218529 -0.007093
v 0.009 0.0529399 -0.00424957
vn -0.255031 -0.0278785 -0.966531
v 0.009 0.0528302 -0.00269465
vn -0.999972 -0.000714671 -0.00740761
v 0.009 0.0539215 -0.00414889
vn -0.315383 0.199322 -0.927795
v 0.009 0.0533761 -0.00267368
vn -0.999972 0.000793644 -0.0074237
v 0.009 0.0548535 -0.00382454
vn -0.303432 0.409241 -0.860494
v 0.009 0.0539066 -0.00254325
vn -0.999905 0.00420287 -0.0131574
v 0.009 0.0544 -0.00230869
vn -0.999973 0.00361624 -0.0064367
v 0.009 0.0556855 -0.00329401
vn -0.312211 0.598592 -0.737707
v 0.009 0.0548361 -0.00197962
vn -0.999973 0.00484115 -0.00558071
v 0.009 0.0563728 -0.0025859
vn -0.253069 0.767762 -0.588641
v 0.009 0.055197 -0.0015695
vn -0.999973 0.00587252 -0.00449737
v 0.009 0.0568782 -0.00173838
vn -0.313088 0.86754 -0.386458
v 0.009 0.0554679 -0.00109513
vn -0.999973 0.00666923 -0.00322883
v 0.009 0.0571746 -0.000797146
vn -0.312762 0.929965 -0.193246
v 0.009 0.0556379 -0.00057592
vn -0.999972 0.00719907 -0.00182437
v 0.009 0.0572459 0.000187062
vn -0.255274 0.966635 0.0212671
v 0.009 0.0556998 -3.3134e-05
vn -0.999972 0.00743989 -0.000338839
v 0.009 0.0570883 0.00116119
vn -0.370981 0.896184 0.243368
v 0.009 0.0556512 0.00051101
vn -0.999906 0.0135649 0.00214976
v 0.009 0.0554941 0.00103423
vn -0.999973 0.00690903 0.00259949
v 0.009 0.0567103 0.00207271
vn -0.253005 0.851446 0.459378
v 0.009 0.0552348 0.00151511
vn -0.999973 0.00624601 0.00393808
v 0.009 0.0561323 0.0028725
vn -0.312101 0.704639 0.637241
v 0.009 0.0548841 0.00193396
vn -0.999973 0.00532972 0.00511888
v 0.009 0.0553854 0.00351743
vn -0.253376 0.548824 0.796613
v 0.009 0.0544562 0.00227364
vn -0.999973 0.00419579 0.00609512
v 0.009 0.0545099 0.00397273
vn -0.313253 0.339454 0.886929
v 0.009 0.0539687 0.00252023
vn -0.999973 0.0028884 0.00682775
v 0.009 0.0535531 0.00421386
vn -0.254312 0.125856 0.958898
v 0.009 0.0534416 0.00266365
vn -0.999972 0.00145837 0.00728701
v 0.009 0.0525664 0.00422782
vn -0.315002 -0.0990199 0.943911
v 0.009 0.0528963 0.00269801
vn -0.999972 -3.84707e-05 0.00745339
v 0.009 0.0523554 0.00262192
vn -0.999905 -0.00283904 0.013462
v 0.0135 0.0488639 -0.000977126
vn 0.00147286 -0.961952 -0.273216
v 0.0135 0.0487611 0.000307119
vn 0.0165894 -0.999816 0.00967182
v 0.0135 0.0487607 -0.000300988
vn 0.00496135 -0.998951 -0.0455276
v 0.0135 0.0488045 -0.000678714
vn 0.0109861 -0.988495 -0.150851
v 0.0135 0.0487673 0.000382945
vn 0.0135096 -0.986793 0.161424
v 0.0135 0.0488835 0.00105696
vn 0.0011305 -0.981419 0.191875
v 0.0135 0.0493498 0.00217686
vn 0.0174245 -0.880786 0.473194
v 0.0135 0.0491064 0.0017036
vn 0.0047163 -0.913025 0.407876
v 0.0135 0.0489462 0.00127639
vn 0.0106974 -0.945375 0.325808
v 0.0135 0.0494301 0.00230612
vn 0.0116617 -0.803962 0.594567
v 0.0135 0.0498462 0.00284891
vn 0.000807668 -0.788458 0.615088
v 0.0135 0.0507151 0.00358351
vn 0.0179813 -0.559987 0.828306
v 0.0135 0.0503441 0.00331792
vn 0.00451557 -0.632659 0.774417
v 0.0135 0.0499502 0.00295997
vn 0.0101173 -0.685678 0.727835
v 0.0135 0.0509107 0.00370099
vn 0.00990114 -0.443416 0.896261
v 0.0135 0.0515314 0.00398821
vn 0.000507647 -0.425321 0.905042
v 0.0135 0.0516031 0.00401386
vn 0.0165881 -0.26888 0.963031
v 0.0135 0.0521902 0.00417214
vn 0.00117944 -0.216826 0.97621
v 0.0135 0.0525664 0.00422782
vn 0.0182606 -0.11091 0.993663
v 0.0135 0.05287 0.00424801
vn 0.00424751 0.0146538 0.999884
v 0.0135 0.0535531 0.00421386
vn 0.0118915 0.13171 0.991217
v 0.0135 0.0542219 0.00407057
vn 0.00147315 0.244358 0.969684
v 0.0135 0.0553854 0.00351743
vn 0.0165881 0.508282 0.861031
v 0.0135 0.054859 0.00382186
vn 0.00496154 0.460051 0.887879
v 0.0135 0.0545099 0.00397273
vn 0.0109874 0.363612 0.931486
v 0.0135 0.055448 0.00347416
vn 0.0135095 0.633191 0.773878
v 0.0135 0.0559736 0.00303649
vn 0.00112991 0.65688 0.753994
v 0.0135 0.0567103 0.00207271
vn 0.0174235 0.850188 0.52619
v 0.0135 0.0564222 0.00252017
vn 0.00471562 0.809742 0.586767
v 0.0135 0.0561323 0.0028725
vn 0.0106961 0.754849 0.655811
v 0.0135 0.0567821 0.00193858
vn 0.0116608 0.916889 0.398972
v 0.0135 0.0570441 0.00130678
vn 0.000807145 0.92691 0.375283
v 0.0135 0.0572459 0.000187062
vn 0.0179819 0.997328 0.0708055
v 0.0135 0.0572014 0.000641136
vn 0.00451529 0.986994 0.160691
v 0.0135 0.0570883 0.00116119
vn 0.0101166 0.973162 0.2299
v 0.0135 0.0572498 -4.11118e-05
vn 0.00990156 0.997893 -0.0641232
v 0.0135 0.0571882 -0.000722296
vn 0.000507911 0.99645 -0.0841831
v 0.0135 0.0571746 -0.000797146
vn 0.016589 0.968449 -0.248658
v 0.0135 0.0570181 -0.00138477
vn 0.00117973 0.953835 -0.300329
v 0.0135 0.0568782 -0.00173838
vn 0.018261 0.915992 -0.400781
v 0.0135 0.0567439 -0.00201138
vn 0.00424765 0.8586 -0.512628
v 0.0135 0.0563728 -0.0025859
vn 0.0118919 0.792564 -0.609673
v 0.0135 0.0559143 -0.00309345
vn 0.00147328 0.71759 -0.696464
v 0.0135 0.0548535 -0.00382454
vn 0.0165884 0.491531 -0.870702
v 0.0135 0.0553803 -0.00352087
vn 0.00496175 0.538899 -0.842356
v 0.0135 0.0556855 -0.00329401
vn 0.0109871 0.624887 -0.780638
v 0.0135 0.0547847 -0.00385711
vn 0.0135091 0.353603 -0.935298
v 0.0135 0.0541429 -0.00409345
vn 0.00113026 0.324541 -0.945871
v 0.0135 0.0529399 -0.00424957
vn 0.017424 0.0305941 -0.99938
v 0.0135 0.0534714 -0.00422377
vn 0.00471612 0.10328 -0.994641
v 0.0135 0.0539215 -0.00414889
vn 0.0106972 0.190529 -0.981623
v 0.0135 0.0527878 -0.0042447
vn 0.0116609 -0.112928 -0.993535
v 0.0135 0.0521097 -0.00415569
vn 0.000807461 -0.13845 -0.990369
v 0.0135 0.0510391 -0.00377057
vn 0.0179819 -0.437341 -0.899116
v 0.0135 0.0514546 -0.00395906
vn 0.00451555 -0.354334 -0.935108
v 0.0135 0.0519615 -0.00412116
vn 0.010117 -0.287478 -0.957734
v 0.0135 0.0508395 -0.00365988
vn 0.00990207 -0.554476 -0.83214
v 0.0135 0.0502804 -0.00326592
vn 0.000507884 -0.571129 -0.82086
v 0.0135 0.0502224 -0.00321671
vn 0.0165883 -0.699574 -0.714368
v 0.0135 0.0497917 -0.00278737
vn 0.00117977 -0.73701 -0.675881
v 0.0135 0.0495554 -0.00248944
vn 0.0182613 -0.805082 -0.592882
v 0.0135 0.0493861 -0.00223663
vn 0.00424821 -0.87325 -0.487253
v 0.0135 0.0490742 -0.00162796
vn 0.0118918 -0.924274 -0.381544
v 0.00887654 0.0547551 0.00180161
vn -0.361267 0.65169 0.666923
v 0.00887654 0.0550819 0.00141143
vn -0.364803 0.771926 0.520623
v 0.00887654 0.0543566 0.00211804
vn -0.373327 0.496649 0.78356
v 0.00887654 0.0539024 0.00234776
vn -0.362799 0.336439 0.869014
v 0.00887654 0.0534114 0.00248136
vn -0.365321 0.153941 0.918064
v 0.00887654 0.0529034 0.00251337
vn -0.374845 -0.0385873 0.926284
v 0.00887654 0.0523995 0.00244248
vn -0.361251 -0.220447 0.906036
v 0.00887654 0.0519201 0.0022716
vn -0.369877 -0.397124 0.839931
v 0.00887654 0.0514849 0.00200772
vn -0.376794 -0.55921 0.738451
v 0.00887654 0.0511118 0.00166164
vn -0.360149 -0.698845 0.617988
v 0.00887654 0.050816 0.00124754
vn -0.374913 -0.803934 0.46166
v 0.00887654 0.0506095 0.00078236
vn -0.341138 -0.894869 0.287809
v 0.00887654 0.050501 0.000285149
vn -0.375486 -0.922175 0.092761
v 0.00887654 0.0504947 -0.000223735
vn -0.380439 -0.921334 -0.080064
v 0.00887654 0.0505911 -0.000723458
vn -0.344937 -0.89821 -0.272464
v 0.0088 0.0506056 -0.000719079
vn -0.194865 -0.951896 -0.236478
v 0.00887654 0.050786 -0.00119356
vn -0.373737 -0.810961 -0.45018
v 0.00887654 0.0510716 -0.0016148
vn -0.381192 -0.710235 -0.591826
v 0.00887654 0.0514361 -0.00196993
vn -0.347864 -0.58203 -0.735005
v 0.00887654 0.0518647 -0.00224442
vn -0.372452 -0.40958 -0.832781
v 0.00887654 0.0523397 -0.00242701
vn -0.37706 -0.245292 -0.893117
v 0.00887654 0.0528418 -0.00251024
vn -0.34962 -0.0584258 -0.935068
v 0.00887654 0.0533503 -0.00249071
vn -0.371676 0.138545 -0.917966
v 0.00887654 0.0538445 -0.0023692
vn -0.373352 0.309383 -0.87458
v 0.00887654 0.0543042 -0.0021507
vn -0.351837 0.485297 -0.800436
v 0.00887654 0.0547104 -0.00184414
vn -0.371409 0.637356 -0.675153
v 0.00887654 0.0550466 -0.00146209
vn -0.370082 0.754613 -0.541847
v 0.00887654 0.055299 -0.00102018
vn -0.354502 0.854447 -0.3798
v 0.00887654 0.0554573 -0.000536506
vn -0.371579 0.908497 -0.191211
v 0.00887654 0.055515 -3.08653e-05
vn -0.367226 0.930032 -0.0136567
v 0.00887654 0.0554698 0.000476039
vn -0.357637 0.917178 0.175727
v 0.00887654 0.0553234 0.000963454
vn -0.372228 0.855148 0.36079
v 0.00894142 0.0555123 0.000484244
vn -0.708084 0.694162 0.129443
v 0.00894142 0.0555584 -3.13981e-05
vn -0.70809 0.706004 -0.012938
v 0.00894142 0.0554997 -0.000545755
vn -0.70809 0.688947 -0.154792
v 0.00894142 0.0553387 -0.00103777
vn -0.708093 0.643682 -0.290308
v 0.00894142 0.0550819 -0.0014873
vn -0.708091 0.57207 -0.413937
v 0.00894142 0.0547399 -0.00187593
vn -0.708088 0.477037 -0.520622
v 0.00894142 0.0543266 -0.00218777
vn -0.70809 0.362469 -0.605991
v 0.00894142 0.0538591 -0.00241004
vn -0.708094 0.233064 -0.666546
v 0.00894142 0.0533564 -0.00253364
vn -0.708093 0.0941187 -0.699818
v 0.00894142 0.0528391 -0.00255351
vn -0.708091 -0.0486814 -0.704442
v 0.00894142 0.0523283 -0.00246884
vn -0.708093 -0.189487 -0.680219
v 0.00894142 0.0518451 -0.0022831
vn -0.708097 -0.322533 -0.628149
v 0.00894142 0.0514092 -0.00200389
vn -0.708091 -0.442381 -0.55037
v 0.00894142 0.0510383 -0.00164264
vn -0.708086 -0.544117 -0.450057
v 0.00894142 0.0507478 -0.00121414
vn -0.708076 -0.623585 -0.331315
v 0.00894142 0.0505495 -0.000735929
vn -0.708092 -0.677497 -0.199005
v 0.00894142 0.0504516 -0.00022759
vn -0.708091 -0.703689 -0.0585525
v 0.00894142 0.0504579 0.000290065
vn -0.70809 -0.701073 0.0842982
v 0.00894142 0.0505683 0.000795844
vn -0.708092 -0.669751 0.223696
v 0.00894142 0.0507783 0.00126904
vn -0.708092 -0.611011 0.353937
v 0.00894142 0.0510793 0.00169029
vn -0.708093 -0.527257 0.469685
v 0.00894142 0.0514588 0.00204233
vn -0.708078 -0.421923 0.566221
v 0.00894142 0.0519015 0.00231076
vn -0.708087 -0.299304 0.639554
v 0.00894142 0.0523891 0.00248458
vn -0.708093 -0.164435 0.686706
v 0.00894142 0.0529018 0.00255669
vn -0.708092 -0.0228363 0.70575
v 0.00894142 0.0534184 0.00252413
vn -0.708094 0.119699 0.695899
v 0.00894142 0.053918 0.00238823
vn -0.708105 0.257326 0.657549
v 0.00894142 0.0543799 0.00215455
vn -0.708103 0.384423 0.592291
v 0.00894142 0.0547854 0.00183267
vn -0.708092 0.49579 0.502789
v 0.00894142 0.0551178 0.00143575
vn -0.708082 0.58686 0.392701
v 0.00894142 0.0553634 0.000980061
vn -0.708077 0.653903 0.266531
v 0.00898478 0.055576 0.000496524
vn -0.924546 0.375254 0.0663326
v 0.00898478 0.0556233 -3.21934e-05
vn -0.924542 0.380933 -0.0105646
v 0.00898478 0.0555631 -0.000559594
vn -0.92454 0.371014 -0.0870305
v 0.00898478 0.055398 -0.00106409
vn -0.924542 0.345896 -0.159933
v 0.00898478 0.0551347 -0.00152501
vn -0.924543 0.30662 -0.226285
v 0.00898478 0.054784 -0.0019235
vn -0.924544 0.254792 -0.283373
v 0.00898478 0.0543603 -0.00224325
vn -0.924544 0.192533 -0.328861
v 0.00898478 0.0538809 -0.00247115
vn -0.924543 0.122393 -0.360889
v 0.00898478 0.0533654 -0.00259789
vn -0.924542 0.0472416 -0.378141
v 0.00898478 0.052835 -0.00261827
vn -0.924541 -0.0298452 -0.379912
v 0.00898478 0.0523113 -0.00253145
vn -0.924542 -0.105709 -0.366126
v 0.00898478 0.0518158 -0.002341
vn -0.924541 -0.177246 -0.337354
v 0.00898478 0.0513688 -0.00205471
vn -0.924538 -0.241532 -0.294773
v 0.00898478 0.0509886 -0.0016843
vn -0.924537 -0.295927 -0.240121
v 0.00898478 0.0506907 -0.00124493
vn -0.924543 -0.338193 -0.175631
v 0.00898478 0.0504874 -0.000754591
vn -0.924542 -0.366626 -0.103958
v 0.00898478 0.0503869 -0.000233363
vn -0.924542 -0.380048 -0.0280284
v 0.00898478 0.0503934 0.00029742
vn -0.924544 -0.377907 0.0490473
v 0.00898478 0.0505067 0.000816027
vn -0.924543 -0.360299 0.124117
v 0.00898478 0.050722 0.00130123
vn -0.924541 -0.327944 0.194106
v 0.00898478 0.0510305 0.00173315
vn -0.92454 -0.282159 0.25615
v 0.00898478 0.0514197 0.00209412
vn -0.924542 -0.224818 0.3077
v 0.00898478 0.0518736 0.00236936
vn -0.924542 -0.158276 0.346656
v 0.00898478 0.0523736 0.00254759
vn -0.924542 -0.0852556 0.371422
v 0.00898478 0.0528993 0.00262153
vn -0.924542 -0.00874346 0.380979
v 0.00898478 0.0534291 0.00258814
vn -0.924543 0.0681258 0.374938
v 0.00898478 0.0539413 0.00244879
vn -0.924541 0.142208 0.353555
v 0.00898478 0.0544149 0.00220919
vn -0.924539 0.210469 0.317695
v 0.00898478 0.0548307 0.00187914
vn -0.924539 0.270113 0.268823
v 0.00898478 0.0551715 0.00147216
vn -0.92454 0.318695 0.208947
v 0.00898478 0.0554234 0.00100491
vn -0.924542 0.354228 0.140516
v 0.0136913 0.0514684 -0.0039236
vn 0.401908 -0.349799 -0.846233
v 0.0136913 0.0534672 -0.00418595
vn 0.395921 0.0818996 -0.914625
v 0.0136913 0.055359 -0.00348934
vn 0.389107 0.497335 -0.775405
v 0.0136913 0.0569821 -0.00137237
vn 0.382062 0.872314 -0.305118
v 0.0136913 0.0563915 0.0024976
vn 0.395918 0.751139 0.528241
v 0.0136913 0.0548424 0.00378763
vn 0.389104 0.422854 0.818409
v 0.0136913 0.0521975 0.00413478
vn 0.382064 -0.171917 0.908004
v 0.0136913 0.0491413 0.00168834
vn 0.395928 -0.833036 0.386384
v 0.0139619 0.0496486 -0.00207419
vn 0.922722 -0.324899 -0.207425
v 0.0139619 0.0493593 -0.00150973
vn 0.922722 -0.353963 -0.152622
v 0.0139619 0.0491642 -0.000906163
vn 0.922723 -0.373862 -0.0938644
v 0.0139619 0.0490686 -0.00027913
vn 0.922723 -0.384076 -0.0326786
v 0.0139619 0.0500247 -0.00258493
vn 0.922722 -0.287417 -0.256855
v 0.0138536 0.0499023 -0.00269132
vn 0.705549 -0.532068 -0.468085
v 0.0139619 0.0504779 -0.00302873
vn 0.922723 -0.242491 -0.299633
v 0.0138536 0.0503741 -0.00315338
vn 0.70555 -0.450091 -0.547373
v 0.0136913 0.0503047 -0.00323667
vn 0.382239 -0.589582 -0.711538
v 0.0138536 0.0495107 -0.00215956
vn 0.705551 -0.600262 -0.376675
v 0.0138536 0.0492094 -0.00157186
vn 0.705552 -0.65291 -0.275509
v 0.0138536 0.0490064 -0.000943457
vn 0.705555 -0.688647 -0.167204
v 0.0138536 0.0489068 -0.000290617
vn 0.705551 -0.706555 -0.0545725
v 0.0139619 0.0491825 0.000980199
vn 0.922722 -0.37466 0.0906301
v 0.0139619 0.0493892 0.00157988
vn 0.922723 -0.355269 0.149554
v 0.0138536 0.0490254 0.00102054
vn 0.705549 -0.687476 0.171981
v 0.0138536 0.0492406 0.0016449
vn 0.705549 -0.650986 0.280031
v 0.0136913 0.0489204 0.0010475
vn 0.363136 -0.900053 0.240909
v 0.0139619 0.0500753 0.00264201
vn 0.922722 -0.289629 0.254362
v 0.0139619 0.050537 0.00307695
vn 0.922722 -0.245076 0.297527
v 0.0138536 0.0499549 0.00275074
vn 0.705548 -0.528808 0.471767
v 0.0138536 0.0504356 0.00320359
vn 0.705547 -0.446285 0.550484
v 0.0136913 0.0498745 0.0028234
vn 0.361351 -0.685511 0.632061
v 0.0136913 0.0503679 0.0032882
vn 0.401904 -0.557962 0.726052
v 0.0139619 0.0510624 0.00343221
vn 0.922722 -0.194174 0.332987
v 0.0138536 0.0509827 0.00357346
vn 0.70555 -0.3522 0.614943
v 0.0136913 0.0509294 0.00366785
vn 0.414597 -0.437932 0.7977
v 0.0139619 0.0516381 0.00369857
vn 0.922723 -0.138244 0.359821
v 0.0138536 0.051582 0.00385078
vn 0.70555 -0.248994 0.663477
v 0.0136913 0.0515446 0.0039525
vn 0.382232 -0.32142 0.866365
v 0.0139619 0.0541331 0.00377495
vn 0.922722 0.105642 0.370708
v 0.0139619 0.054724 0.0035443
vn 0.922723 0.163738 0.348959
v 0.0138536 0.0541798 0.00393031
vn 0.705552 0.19952 0.679992
v 0.0138536 0.0547949 0.00369017
vn 0.705551 0.306015 0.639181
v 0.0136913 0.0542109 0.00403412
vn 0.364024 0.276851 0.889292
v 0.0139619 0.0557576 0.00281596
vn 0.922721 0.265819 0.279151
v 0.0139619 0.0561736 0.00233714
vn 0.922722 0.307153 0.232897
v 0.0138536 0.0558711 0.00293186
vn 0.705552 0.492674 0.50938
v 0.0138536 0.0563042 0.00243333
vn 0.705553 0.568003 0.423754
v 0.0136913 0.055947 0.0030093
vn 0.363136 0.658659 0.659015
v 0.0139619 0.0567504 0.00121187
vn 0.922722 0.365099 0.123644
v 0.0139619 0.0568962 0.000594574
vn 0.922723 0.380201 0.0634781
v 0.0138536 0.0569048 0.00126175
vn 0.705554 0.67296 0.222075
v 0.0138536 0.0570566 0.000619045
vn 0.705553 0.699871 0.11125
v 0.0136913 0.0570079 0.00129508
vn 0.361353 0.890135 0.27764
v 0.0136913 0.0571637 0.000635395
vn 0.401911 0.907758 0.120179
v 0.0139619 0.0569412 -3.81259e-05
vn 0.922723 0.38546 0.00166743
v 0.0138536 0.0571034 -3.96943e-05
vn 0.705548 0.708658 -0.00245772
v 0.0136913 0.0572117 -4.0743e-05
vn 0.414601 0.909792 -0.0195911
v 0.0139619 0.056884 -0.000669838
vn 0.922722 0.380738 -0.060188
v 0.0138536 0.0570439 -0.000697407
vn 0.705547 0.699087 -0.116103
v 0.0136913 0.0571507 -0.000715827
vn 0.382226 0.911006 -0.154826
v 0.0139619 0.0557026 -0.00286878
vn 0.922724 0.268218 -0.276839
v 0.0139619 0.0552075 -0.00326517
vn 0.922723 0.220338 -0.31628
v 0.0138536 0.0558139 -0.00298685
vn 0.705554 0.489128 -0.512784
v 0.0138536 0.0552983 -0.00339955
vn 0.705548 0.40054 -0.584611
v 0.0136913 0.0558882 -0.00306574
vn 0.364022 0.631722 -0.684408
v 0.0139619 0.0540599 -0.00379616
vn 0.922722 0.108843 -0.369779
v 0.0139619 0.0534372 -0.00391702
vn 0.922722 0.0481169 -0.38245
v 0.0138536 0.0541035 -0.0039524
vn 0.705548 0.194799 -0.681363
v 0.0138536 0.0534552 -0.00407823
vn 0.70555 0.0829796 -0.703785
v 0.0136913 0.0541326 -0.00405679
vn 0.363135 0.241394 -0.899923
v 0.0139619 0.0521743 -0.00385388
vn 0.922722 -0.0754695 -0.378006
v 0.0139619 0.0515668 -0.00367153
vn 0.922722 -0.135128 -0.361004
v 0.0138536 0.0521403 -0.00401249
vn 0.705548 -0.144158 -0.693844
v 0.0138536 0.0515078 -0.00382263
vn 0.705549 -0.253591 -0.661734
v 0.0136913 0.0521176 -0.00411848
vn 0.361348 -0.204624 -0.909701
v 0.0136913 0.0498204 -0.0027624
vn 0.382068 -0.700396 -0.602884
v 0.0136913 0.0494185 -0.0022166
vn 0.411318 -0.779898 -0.47178
v 0.0136913 0.0491093 -0.00161338
vn 0.381621 -0.852869 -0.356343
v 0.0136913 0.0489009 -0.000968376
vn 0.364024 -0.908575 -0.204883
v 0.0136913 0.0487986 -0.000298293
vn 0.389115 -0.920185 -0.0430019
v 0.0136913 0.0488052 0.000379516
vn 0.418175 -0.903421 0.0946588
v 0.0138536 0.0489131 0.000369751
vn 0.705549 -0.706161 0.0594725
v 0.0139619 0.0490747 0.000355134
vn 0.922722 -0.384347 0.0293551
v 0.0136913 0.0494621 0.00228547
vn 0.416916 -0.75692 0.503243
v 0.0138536 0.0495531 0.00222666
vn 0.70555 -0.597635 0.380831
v 0.0139619 0.0496893 0.00213864
vn 0.922721 -0.326681 0.204609
v 0.0138536 0.0522181 0.00402837
vn 0.70555 -0.139341 0.694826
v 0.0139619 0.052249 0.00386914
vn 0.922722 -0.0787352 0.377338
v 0.0136913 0.0528711 0.00420997
vn 0.41131 -0.0186239 0.911305
v 0.0138536 0.0528744 0.00410163
vn 0.70555 -0.0260785 0.70818
v 0.0139619 0.0528794 0.0039395
vn 0.922722 -0.0171863 0.385082
v 0.0139619 0.0535129 0.00390783
vn 0.922722 0.0448084 0.382852
v 0.0138536 0.053534 0.00406866
vn 0.705549 0.0878601 0.703194
v 0.0136913 0.0535481 0.00417612
vn 0.381614 0.117836 0.91678
v 0.0136913 0.0554261 0.00344305
vn 0.418179 0.533686 0.735054
v 0.0138536 0.0553636 0.00335445
vn 0.705546 0.40459 0.581818
v 0.0139619 0.0552702 0.00322185
vn 0.922723 0.217595 0.318174
v 0.0136913 0.0567482 0.00192122
vn 0.416913 0.814281 0.403893
v 0.0138536 0.0566518 0.00187178
vn 0.705552 0.628624 0.327152
v 0.0139619 0.0565074 0.00179779
vn 0.922722 0.340535 0.180609
v 0.0138536 0.0568796 -0.00133705
vn 0.705546 0.671411 -0.226742
v 0.0139619 0.0567263 -0.0012842
vn 0.922724 0.366148 -0.120482
v 0.0136913 0.0567104 -0.00199337
vn 0.411311 0.798527 -0.439521
v 0.0138536 0.0566149 -0.00194208
vn 0.705548 0.626344 -0.331506
v 0.0139619 0.056472 -0.00186531
vn 0.922724 0.34208 -0.177655
v 0.0139619 0.0561278 -0.0023981
vn 0.922723 0.309154 -0.230231
v 0.0138536 0.0562566 -0.0024968
vn 0.705554 0.56505 -0.427682
v 0.0136913 0.0563426 -0.00256274
vn 0.381616 0.735037 -0.560438
v 0.0136913 0.0547687 -0.00382257
vn 0.418174 0.369734 -0.829715
v 0.0138536 0.0547232 -0.0037242
vn 0.705549 0.301575 -0.641291
v 0.0139619 0.0546551 -0.00357698
vn 0.922723 0.16675 -0.347531
v 0.0136913 0.0527897 -0.00420669
vn 0.41691 -0.0573603 -0.907136
v 0.0138536 0.0527951 -0.00409844
vn 0.70555 -0.0309908 -0.707982
v 0.0139619 0.0528032 -0.00393643
vn 0.922723 -0.0138556 -0.385216
v 0.0136913 0.0508588 -0.0036271
vn 0.414603 -0.471862 -0.778107
v 0.0138536 0.0509139 -0.00353377
vn 0.70555 -0.356457 -0.612485
v 0.0139619 0.0509964 -0.00339408
vn 0.922722 -0.191288 -0.334653
v 0.0115 0.0515878 -0.00184189
vn 0.100404 0.605373 0.789584
v 0.0115 0.0527384 -0.00199291
vn 0.113541 0.122561 0.985945
v 0.0115 0.053889 -0.00214392
vn 0.098562 -0.381185 0.91923
v 0.0115 0.0506988 0.000302034
vn 0.100404 0.986486 -0.129475
v 0.0115 0.0511433 -0.000769929
vn 0.21416 0.902297 0.37416
v 0.0115 0.052111 0.00214393
vn 0.0985624 0.381183 -0.919231
v 0.0115 0.0514049 0.00122298
vn 0.11354 0.784315 -0.609884
v 0.0115 0.0544122 0.00184189
vn 0.0976394 -0.60554 -0.789802
v 0.0115 0.0532616 0.00199291
vn 0.11233 -0.132679 -0.984773
v 0.0115 0.0553012 -0.000302033
vn 0.0976398 -0.986759 0.129515
v 0.0115 0.0548567 0.000769929
vn 0.111927 -0.917923 -0.380644
v 0.0115 0.0545951 -0.00122298
vn 0.112331 -0.790634 0.601897
v 0.0115 0.053691 0.00188747
vn 0.888746 -0.181074 -0.42112
v 0.0115 0.0542665 0.00156082
vn 0.894359 -0.281867 -0.347379
v 0.0115 0.0547046 0.00106503
vn 0.88736 -0.36952 -0.275766
v 0.0115 0.0517978 0.00161087
vn 0.889969 0.262567 -0.372846
v 0.0115 0.052386 0.00191393
vn 0.893814 0.13698 -0.427005
v 0.0115 0.0530407 0.00200959
vn 0.885804 0.0416898 -0.462184
v 0.0115 0.0509939 -0.000125344
vn 0.891034 0.453053 0.0283073
v 0.0115 0.0510619 0.000532823
vn 0.892712 0.434506 -0.119454
v 0.0115 0.0513399 0.00113325
vn 0.884069 0.418528 -0.207982
v 0.0115 0.0514939 -0.00133108
vn 0.891034 0.340135 0.30061
v 0.0115 0.052629 -0.00197547
vn 0.884069 0.148527 0.443127
v 0.0115 0.0520077 -0.00174799
vn 0.892713 0.222464 0.391885
v 0.0115 0.0544509 -0.00139103
vn 0.885804 -0.297616 0.356057
v 0.0115 0.0539206 -0.00178677
vn 0.893814 -0.205394 0.398635
v 0.0115 0.0532906 -0.00198889
vn 0.889969 -0.0783339 0.449243
v 0.0115 0.0549581 0.000453827
vn 0.887361 -0.456233 -0.0666553
v 0.0115 0.0549994 -0.000206556
vn 0.89436 -0.44498 0.0459724
v 0.0115 0.054824 -0.000844554
vn 0.888746 -0.425949 0.169403
v 0.0103395 0.053 5.44318e-10
vn 1 0 0
f 1//1 2//2 3//3
f 4//4 5//5 6//6
f 6//6 5//5 7//7
f 6//6 7//7 1//1
f 8//8 9//9 10//10
f 10//10 9//9 11//11
f 10//10 11//11 12//12
f 8//8 10//10 7//7
f 7//7 10//10 13//13
f 7//7 13//13 1//1
f 1//1 13//13 14//14
f 1//1 14//14 15//15
f 16//16 17//17 14//14
f 14//14 17//17 18//18
f 14//14 18//18 15//15
f 19//19 20//20 21//21
f 21//21 20//20 22//22
f 23//23 24//24 25//25
f 25//25 24//24 26//26
f 27//27 28//28 29//29
f 29//29 28//28 30//30
f 31//31 32//32 33//33
f 34//34 35//35 36//36
f 34//34 36//36 21//21
f 37//37 38//38 39//39
f 40//40 41//41 42//42
f 26//26 24//24 43//43
f 44//44 45//45 46//46
f 43//43 40//40 39//39
f 39//39 40//40 42//42
f 39//39 42//42 37//37
f 1//1 3//3 6//6
f 47//47 48//48 49//49
f 47//47 49//49 50//50
f 51//51 52//52 53//53
f 51//51 53//53 54//54
f 55//55 56//56 57//57
f 55//55 57//57 58//58
f 59//59 60//60 61//61
f 59//59 61//61 62//62
f 63//63 64//64 65//65
f 63//63 65//65 66//66
f 67//67 68//68 69//69
f 67//67 69//69 70//70
f 71//71 72//72 73//73
f 71//71 73//73 74//74
f 75//75 76//76 77//77
f 75//75 77//77 78//78
f 79//79 80//80 81//81
f 79//79 81//81 82//82
f 83//83 84//84 85//85
f 83//83 85//85 86//86
f 87//87 88//88 89//89
f 87//87 89//89 90//90
f 91//91 92//92 93//93
f 91//91 93//93 94//94
f 95//95 96//96 97//97
f 95//95 97//97 98//98
f 99//99 100//100 101//101
f 29//29 23//23 27//27
f 102//102 103//103 104//104
f 105//105 106//106 107//107
f 108//108 109//109 110//110
f 111//111 112//112 113//113
f 113//113 112//112 114//114
f 115//115 116//116 117//117
f 117//117 116//116 118//118
f 117//117 118//118 119//119
f 120//120 121//121 108//108
f 108//108 110//110 120//120
f 122//122 110//110 123//123
f 122//122 123//123 124//124
f 125//125 126//126 109//109
f 109//109 126//126 127//127
f 109//109 127//127 110//110
f 110//110 127//127 128//128
f 110//110 128//128 129//129
f 129//129 130//130 110//110
f 110//110 130//130 131//131
f 110//110 131//131 123//123
f 5//5 131//131 132//132
f 5//5 132//132 133//133
f 9//9 134//134 11//11
f 11//11 134//134 135//135
f 11//11 135//135 12//12
f 133//133 136//136 5//5
f 5//5 136//136 137//137
f 5//5 137//137 7//7
f 7//7 137//137 134//134
f 7//7 134//134 8//8
f 8//8 134//134 9//9
f 138//138 139//139 140//140
f 140//140 139//139 141//141
f 142//142 143//143 144//144
f 144//144 143//143 145//145
f 144//144 145//145 146//146
f 146//146 147//147 144//144
f 144//144 147//147 148//148
f 144//144 148//148 149//149
f 149//149 148//148 150//150
f 149//149 150//150 151//151
f 151//151 150//150 152//152
f 151//151 152//152 153//153
f 154//154 142//142 104//104
f 15//15 18//18 155//155
f 155//155 18//18 17//17
f 155//155 17//17 156//156
f 156//156 17//17 16//16
f 15//15 155//155 1//1
f 1//1 155//155 157//157
f 1//1 157//157 158//158
f 154//154 104//104 159//159
f 159//159 104//104 103//103
f 159//159 103//103 160//160
f 158//158 161//161 1//1
f 1//1 161//161 162//162
f 1//1 162//162 103//103
f 103//103 162//162 163//163
f 103//103 163//163 160//160
f 105//105 107//107 164//164
f 164//164 107//107 165//165
f 164//164 165//165 166//166
f 166//166 165//165 167//167
f 166//166 167//167 168//168
f 168//168 167//167 169//169
f 168//168 169//169 170//170
f 170//170 169//169 171//171
f 170//170 171//171 172//172
f 172//172 171//171 173//173
f 172//172 173//173 174//174
f 175//175 176//176 177//177
f 177//177 176//176 178//178
f 114//114 179//179 113//113
f 113//113 179//179 180//180
f 113//113 180//180 181//181
f 181//181 180//180 182//182
f 116//116 111//111 118//118
f 118//118 111//111 113//113
f 118//118 113//113 119//119
f 119//119 113//113 181//181
f 119//119 181//181 183//183
f 183//183 181//181 182//182
f 183//183 182//182 184//184
f 185//185 115//115 186//186
f 186//186 115//115 117//117
f 186//186 117//117 187//187
f 187//187 117//117 119//119
f 187//187 119//119 188//188
f 188//188 119//119 183//183
f 188//188 183//183 175//175
f 175//175 183//183 184//184
f 175//175 184//184 176//176
f 177//177 189//189 175//175
f 175//175 189//189 190//190
f 175//175 190//190 188//188
f 188//188 190//190 191//191
f 188//188 191//191 187//187
f 187//187 191//191 192//192
f 187//187 192//192 186//186
f 193//193 174//174 194//194
f 194//194 174//174 173//173
f 194//194 173//173 195//195
f 195//195 173//173 171//171
f 195//195 171//171 196//196
f 196//196 171//171 169//169
f 196//196 169//169 197//197
f 197//197 169//169 167//167
f 142//142 144//144 104//104
f 104//104 198//198 199//199
f 104//104 199//199 102//102
f 138//138 125//125 139//139
f 139//139 125//125 109//109
f 139//139 109//109 200//200
f 200//200 109//109 108//108
f 200//200 108//108 201//201
f 201//201 108//108 121//121
f 201//201 185//185 200//200
f 200//200 185//185 186//186
f 200//200 186//186 139//139
f 139//139 186//186 192//192
f 139//139 192//192 202//202
f 202//202 192//192 191//191
f 202//202 191//191 203//203
f 203//203 191//191 190//190
f 203//203 190//190 197//197
f 197//197 190//190 189//189
f 197//197 189//189 196//196
f 196//196 189//189 177//177
f 196//196 177//177 195//195
f 195//195 177//177 178//178
f 195//195 178//178 194//194
f 105//105 2//2 106//106
f 204//204 205//205 206//206
f 204//204 206//206 107//107
f 207//207 206//206 208//208
f 107//107 103//103 165//165
f 165//165 103//103 102//102
f 165//165 102//102 167//167
f 167//167 102//102 199//199
f 167//167 199//199 197//197
f 197//197 199//199 198//198
f 197//197 198//198 203//203
f 203//203 198//198 149//149
f 203//203 149//149 202//202
f 202//202 149//149 151//151
f 202//202 209//209 210//210
f 139//139 151//151 153//153
f 139//139 153//153 141//141
f 211//211 212//212 213//213
f 213//213 212//212 214//214
f 213//213 214//214 215//215
f 211//211 213//213 216//216
f 216//216 213//213 217//217
f 216//216 217//217 218//218
f 218//218 217//217 219//219
f 218//218 219//219 220//220
f 220//220 219//219 221//221
f 221//221 219//219 222//222
f 221//221 222//222 223//223
f 214//214 224//224 215//215
f 225//225 224//224 226//226
f 215//215 227//227 228//228
f 228//228 227//227 229//229
f 228//228 229//229 230//230
f 230//230 229//229 231//231
f 230//230 231//231 232//232
f 232//232 231//231 233//233
f 232//232 233//233 234//234
f 234//234 233//233 235//235
f 234//234 235//235 236//236
f 236//236 235//235 237//237
f 236//236 237//237 238//238
f 238//238 237//237 239//239
f 238//238 239//239 240//240
f 240//240 239//239 241//241
f 240//240 241//241 222//222
f 222//222 241//241 242//242
f 243//243 244//244 223//223
f 245//245 246//246 247//247
f 247//247 246//246 248//248
f 247//247 248//248 249//249
f 249//249 248//248 250//250
f 250//250 248//248 251//251
f 250//250 251//251 252//252
f 252//252 251//251 253//253
f 253//253 251//251 254//254
f 253//253 254//254 255//255
f 255//255 254//254 256//256
f 256//256 254//254 257//257
f 256//256 257//257 258//258
f 258//258 257//257 259//259
f 259//259 257//257 260//260
f 259//259 260//260 261//261
f 261//261 260//260 262//262
f 262//262 260//260 263//263
f 262//262 263//263 264//264
f 264//264 263//263 265//265
f 265//265 263//263 266//266
f 265//265 266//266 267//267
f 267//267 266//266 268//268
f 268//268 266//266 269//269
f 268//268 269//269 270//270
f 270//270 269//269 271//271
f 271//271 269//269 272//272
f 271//271 272//272 273//273
f 273//273 272//272 274//274
f 274//274 272//272 275//275
f 274//274 275//275 276//276
f 276//276 275//275 277//277
f 277//277 275//275 278//278
f 277//277 278//278 279//279
f 279//279 278//278 280//280
f 280//280 278//278 281//281
f 280//280 281//281 282//282
f 282//282 281//281 283//283
f 283//283 281//281 284//284
f 283//283 284//284 285//285
f 285//285 284//284 286//286
f 286//286 284//284 287//287
f 286//286 287//287 288//288
f 288//288 287//287 289//289
f 289//289 287//287 290//290
f 289//289 290//290 291//291
f 291//291 290//290 292//292
f 292//292 290//290 293//293
f 292//292 293//293 294//294
f 295//295 296//296 297//297
f 223//223 244//244 298//298
f 298//298 244//244 299//299
f 300//300 301//301 302//302
f 114//114 299//299 303//303
f 304//304 303//303 305//305
f 305//305 303//303 306//306
f 307//307 308//308 309//309
f 309//309 308//308 226//226
f 309//309 226//226 224//224
f 310//310 311//311 306//306
f 306//306 311//311 312//312
f 306//306 312//312 305//305
f 313//313 193//193 307//307
f 307//307 314//314 315//315
f 307//307 315//315 316//316
f 315//315 317//317 316//316
f 316//316 317//317 318//318
f 316//316 318//318 310//310
f 310//310 318//318 319//319
f 310//310 319//319 311//311
f 320//320 321//321 322//322
f 320//320 322//322 323//323
f 322//322 324//324 323//323
f 323//323 324//324 325//325
f 323//323 325//325 326//326
f 327//327 328//328 329//329
f 325//325 330//330 326//326
f 326//326 330//330 331//331
f 326//326 331//331 329//329
f 329//329 331//331 332//332
f 329//329 332//332 327//327
f 333//333 334//334 335//335
f 327//327 336//336 328//328
f 328//328 336//336 337//337
f 328//328 337//337 335//335
f 335//335 337//337 338//338
f 335//335 338//338 333//333
f 339//339 340//340 341//341
f 333//333 342//342 334//334
f 334//334 342//342 343//343
f 334//334 343//343 341//341
f 341//341 343//343 344//344
f 341//341 344//344 339//339
f 339//339 345//345 340//340
f 340//340 345//345 346//346
f 340//340 346//346 347//347
f 346//346 348//348 347//347
f 347//347 348//348 349//349
f 347//347 349//349 350//350
f 349//349 351//351 350//350
f 350//350 351//351 352//352
f 350//350 352//352 353//353
f 352//352 354//354 353//353
f 353//353 354//354 355//355
f 353//353 355//355 356//356
f 355//355 357//357 356//356
f 356//356 357//357 358//358
f 356//356 358//358 359//359
f 358//358 360//360 359//359
f 359//359 360//360 361//361
f 359//359 361//361 362//362
f 361//361 363//363 362//362
f 362//362 363//363 364//364
f 362//362 364//364 365//365
f 366//366 367//367 368//368
f 368//368 367//367 365//365
f 368//368 365//365 369//369
f 369//369 365//365 364//364
f 370//370 371//371 372//372
f 373//373 374//374 375//375
f 375//375 374//374 376//376
f 375//375 376//376 377//377
f 378//378 379//379 380//380
f 380//380 379//379 381//381
f 380//380 381//381 382//382
f 382//382 381//381 383//383
f 384//384 385//385 378//378
f 378//378 385//385 386//386
f 378//378 386//386 379//379
f 387//387 388//388 389//389
f 373//373 390//390 391//391
f 373//373 391//391 384//384
f 384//384 391//391 392//392
f 384//384 392//392 385//385
f 393//393 394//394 382//382
f 382//382 394//394 372//372
f 382//382 395//395 396//396
f 397//397 398//398 399//399
f 396//396 400//400 401//401
f 401//401 400//400 402//402
f 403//403 404//404 405//405
f 406//406 407//407 408//408
f 409//409 410//410 411//411
f 412//412 404//404 413//413
f 414//414 415//415 416//416
f 417//417 418//418 419//419
f 420//420 421//421 422//422
f 423//423 413//413 424//424
f 422//422 425//425 426//426
f 427//427 428//428 429//429
f 429//429 428//428 430//430
f 429//429 431//431 432//432
f 433//433 434//434 435//435
f 436//436 437//437 438//438
f 436//436 438//438 439//439
f 440//440 441//441 433//433
f 433//433 441//441 442//442
f 443//443 444//444 437//437
f 445//445 446//446 447//447
f 448//448 449//449 450//450
f 447//447 451//451 452//452
f 453//453 450//450 454//454
f 452//452 455//455 440//440
f 456//456 454//454 457//457
f 458//458 459//459 460//460
f 461//461 462//462 463//463
f 463//463 462//462 464//464
f 465//465 466//466 467//467
f 468//468 469//469 470//470
f 471//471 472//472 439//439
f 473//473 474//474 475//475
f 473//473 475//475 476//476
f 409//409 477//477 478//478
f 478//478 477//477 479//479
f 403//403 480//480 481//481
f 482//482 479//479 483//483
f 481//481 484//484 485//485
f 486//486 483//483 487//487
f 485//485 488//488 489//489
f 490//490 487//487 491//491
f 489//489 492//492 493//493
f 494//494 491//491 495//495
f 493//493 496//496 497//497
f 498//498 495//495 499//499
f 497//497 500//500 501//501
f 502//502 499//499 503//503
f 501//501 504//504 445//445
f 505//505 503//503 506//506
f 505//505 506//506 449//449
f 507//507 508//508 509//509
f 509//509 508//508 510//510
f 511//511 512//512 513//513
f 514//514 510//510 515//515
f 516//516 517//517 424//424
f 425//425 515//515 518//518
f 425//425 518//518 426//426
f 519//519 520//520 521//521
f 522//522 523//523 524//524
f 525//525 526//526 527//527
f 527//527 526//526 528//528
f 529//529 530//530 531//531
f 532//532 533//533 534//534
f 535//535 536//536 537//537
f 538//538 539//539 540//540
f 537//537 541//541 542//542
f 543//543 544//544 535//535
f 545//545 546//546 547//547
f 548//548 549//549 550//550
f 551//551 552//552 553//553
f 553//553 552//552 554//554
f 555//555 556//556 557//557
f 558//558 559//559 560//560
f 561//561 562//562 563//563
f 560//560 564//564 565//565
f 566//566 563//563 567//567
f 565//565 568//568 523//523
f 569//569 567//567 570//570
f 571//571 572//572 573//573
f 524//524 574//574 522//522
f 575//575 576//576 577//577
f 522//522 578//578 579//579
f 580//580 577//577 581//581
f 582//582 583//583 584//584
f 585//585 581//581 586//586
f 585//585 586//586 587//587
f 540//540 588//588 589//589
f 589//589 588//588 590//590
f 542//542 591//591 592//592
f 593//593 590//590 594//594
f 592//592 595//595 596//596
f 597//597 594//594 598//598
f 596//596 599//599 600//600
f 601//601 598//598 602//602
f 600//600 603//603 604//604
f 605//605 602//602 606//606
f 604//604 607//607 608//608
f 609//609 606//606 610//610
f 608//608 611//611 612//612
f 613//613 610//610 614//614
f 612//612 615//615 558//558
f 616//616 614//614 617//617
f 616//616 617//617 562//562
f 618//618 619//619 620//620
f 620//620 619//619 621//621
f 622//622 623//623 624//624
f 625//625 621//621 626//626
f 624//624 627//627 628//628
f 626//626 629//629 630//630
f 630//630 629//629 631//631
f 632//632 633//633 543//543
f 634//634 631//631 635//635
f 634//634 635//635 546//546
f 636//636 637//637 638//638
f 639//639 640//640 641//641
f 642//642 643//643 644//644
f 645//645 646//646 647//647
f 648//648 649//649 650//650
f 650//650 649//649 42//42
f 42//42 649//649 651//651
f 42//42 651//651 37//37
f 37//37 651//651 652//652
f 37//37 652//652 38//38
f 653//653 654//654 655//655
f 654//654 656//656 655//655
f 655//655 656//656 657//657
f 655//655 657//657 658//658
f 659//659 660//660 661//661
f 661//661 660//660 662//662
f 662//662 663//663 661//661
f 661//661 663//663 664//664
f 661//661 664//664 665//665
f 665//665 664//664 666//666
f 665//665 666//666 667//667
f 646//646 668//668 647//647
f 647//647 668//668 669//669
f 647//647 669//669 670//670
f 670//670 669//669 671//671
f 672//672 638//638 673//673
f 673//673 638//638 637//637
f 673//673 637//637 674//674
f 675//675 676//676 677//677
f 677//677 676//676 678//678
f 679//679 675//675 680//680
f 680//680 675//675 677//677
f 680//680 677//677 636//636
f 636//636 677//677 678//678
f 636//636 678//678 637//637
f 637//637 678//678 681//681
f 637//637 681//681 674//674
f 682//682 683//683 684//684
f 684//684 683//683 20//20
f 684//684 20//20 685//685
f 19//19 686//686 20//20
f 20//20 686//686 687//687
f 20//20 687//687 685//685
f 688//688 689//689 690//690
f 690//690 689//689 691//691
f 690//690 691//691 692//692
f 692//692 691//691 693//693
f 694//694 695//695 696//696
f 697//697 695//695 698//698
f 698//698 695//695 694//694
f 698//698 694//694 699//699
f 642//642 644//644 700//700
f 700//700 644//644 701//701
f 700//700 701//701 702//702
f 703//703 370//370 383//383
f 704//704 371//371 370//370
f 370//370 703//703 704//704
f 704//704 703//703 705//705
f 704//704 705//705 706//706
f 706//706 705//705 707//707
f 706//706 707//707 708//708
f 708//708 707//707 709//709
f 708//708 709//709 710//710
f 639//639 641//641 711//711
f 711//711 641//641 650//650
f 711//711 650//650 712//712
f 712//712 650//650 42//42
f 712//712 42//42 41//41
f 642//642 699//699 643//643
f 643//643 699//699 694//694
f 643//643 694//694 688//688
f 688//688 694//694 696//696
f 688//688 696//696 689//689
f 670//670 713//713 647//647
f 647//647 713//713 714//714
f 647//647 714//714 645//645
f 645//645 714//714 638//638
f 645//645 638//638 715//715
f 715//715 638//638 672//672
f 716//716 659//659 717//717
f 717//717 659//659 661//661
f 718//718 719//719 720//720
f 720//720 719//719 721//721
f 720//720 721//721 722//722
f 671//671 716//716 670//670
f 670//670 716//716 717//717
f 670//670 718//718 723//723
f 723//723 718//718 720//720
f 723//723 720//720 724//724
f 724//724 720//720 722//722
f 724//724 722//722 725//725
f 725//725 722//722 726//726
f 639//639 710//710 640//640
f 640//640 710//710 709//709
f 640//640 709//709 665//665
f 665//665 709//709 707//707
f 665//665 707//707 719//719
f 719//719 707//707 705//705
f 719//719 705//705 721//721
f 721//721 705//705 703//703
f 721//721 703//703 722//722
f 722//722 703//703 383//383
f 722//722 383//383 726//726
f 667//667 653//653 665//665
f 665//665 653//653 655//655
f 665//665 655//655 640//640
f 640//640 655//655 658//658
f 640//640 658//658 641//641
f 641//641 658//658 727//727
f 641//641 727//727 650//650
f 650//650 727//727 728//728
f 650//650 728//728 648//648
f 725//725 702//702 724//724
f 724//724 702//702 701//701
f 724//724 701//701 723//723
f 723//723 701//701 644//644
f 723//723 644//644 670//670
f 670//670 644//644 643//643
f 670//670 643//643 713//713
f 713//713 643//643 688//688
f 713//713 688//688 714//714
f 714//714 688//688 690//690
f 714//714 690//690 638//638
f 638//638 690//690 692//692
f 638//638 692//692 636//636
f 636//636 692//692 693//693
f 636//636 693//693 682//682
f 294//294 729//729 730//730
f 730//730 729//729 731//731
f 732//732 733//733 734//734
f 735//735 731//731 736//736
f 735//735 736//736 737//737
f 738//738 739//739 740//740
f 740//740 739//739 741//741
f 740//740 741//741 742//742
f 738//738 743//743 739//739
f 739//739 743//743 245//245
f 744//744 745//745 746//746
f 746//746 745//745 747//747
f 746//746 747//747 748//748
f 748//748 747//747 749//749
f 748//748 749//749 750//750
f 750//750 749//749 751//751
f 750//750 751//751 752//752
f 752//752 751//751 753//753
f 752//752 753//753 754//754
f 754//754 753//753 755//755
f 754//754 755//755 756//756
f 756//756 755//755 757//757
f 756//756 757//757 758//758
f 758//758 757//757 759//759
f 758//758 759//759 760//760
f 760//760 759//759 761//761
f 760//760 761//761 762//762
f 762//762 761//761 763//763
f 762//762 763//763 764//764
f 764//764 763//763 765//765
f 764//764 765//765 766//766
f 766//766 765//765 767//767
f 766//766 767//767 768//768
f 768//768 767//767 769//769
f 770//770 771//771 772//772
f 772//772 771//771 773//773
f 772//772 773//773 774//774
f 774//774 773//773 775//775
f 774//774 775//775 776//776
f 776//776 775//775 777//777
f 776//776 777//777 778//778
f 778//778 777//777 779//779
f 778//778 779//779 780//780
f 780//780 779//779 781//781
f 780//780 781//781 782//782
f 782//782 781//781 783//783
f 782//782 783//783 784//784
f 784//784 783//783 785//785
f 784//784 785//785 786//786
f 786//786 785//785 787//787
f 786//786 787//787 788//788
f 788//788 787//787 789//789
f 788//788 789//789 790//790
f 790//790 789//789 791//791
f 790//790 791//791 792//792
f 792//792 791//791 793//793
f 792//792 793//793 794//794
f 794//794 793//793 795//795
f 794//794 795//795 796//796
f 796//796 795//795 797//797
f 796//796 797//797 769//769
f 769//769 797//797 798//798
f 769//769 798//798 768//768
f 799//799 732//732 800//800
f 800//800 732//732 801//801
f 800//800 801//801 802//802
f 802//802 801//801 803//803
f 802//802 803//803 804//804
f 804//804 803//803 805//805
f 804//804 805//805 806//806
f 806//806 805//805 807//807
f 806//806 807//807 808//808
f 808//808 807//807 809//809
f 808//808 809//809 770//770
f 770//770 809//809 810//810
f 770//770 810//810 771//771
f 811//811 812//812 813//813
f 812//812 811//811 814//814
f 321//321 815//815 816//816
f 816//816 815//815 817//817
f 818//818 819//819 820//820
f 821//821 817//817 822//822
f 820//820 823//823 824//824
f 825//825 826//826 827//827
f 827//827 826//826 366//366
f 814//814 828//828 829//829
f 829//829 828//828 830//830
f 829//829 830//830 831//831
f 831//831 830//830 832//832
f 831//831 832//832 833//833
f 833//833 832//832 834//834
f 833//833 834//834 835//835
f 835//835 834//834 836//836
f 835//835 836//836 837//837
f 837//837 836//836 838//838
f 837//837 838//838 839//839
f 839//839 838//838 840//840
f 839//839 840//840 841//841
f 841//841 840//840 842//842
f 843//843 844//844 845//845
f 845//845 844//844 846//846
f 845//845 846//846 847//847
f 847//847 846//846 848//848
f 847//847 848//848 849//849
f 849//849 848//848 850//850
f 849//849 850//850 851//851
f 851//851 850//850 852//852
f 851//851 852//852 853//853
f 853//853 852//852 854//854
f 853//853 854//854 855//855
f 855//855 854//854 856//856
f 855//855 856//856 857//857
f 857//857 856//856 858//858
f 857//857 858//858 859//859
f 859//859 858//858 860//860
f 859//859 860//860 861//861
f 861//861 860//860 862//862
f 861//861 862//862 863//863
f 863//863 862//862 864//864
f 863//863 864//864 865//865
f 865//865 864//864 866//866
f 865//865 866//866 867//867
f 867//867 866//866 868//868
f 867//867 868//868 869//869
f 869//869 868//868 870//870
f 869//869 870//870 842//842
f 842//842 870//870 871//871
f 842//842 871//871 841//841
f 872//872 818//818 873//873
f 873//873 818//818 874//874
f 873//873 874//874 875//875
f 875//875 874//874 876//876
f 875//875 876//876 877//877
f 877//877 876//876 878//878
f 877//877 878//878 879//879
f 879//879 878//878 880//880
f 879//879 880//880 881//881
f 881//881 880//880 882//882
f 881//881 882//882 883//883
f 883//883 882//882 884//884
f 883//883 884//884 885//885
f 885//885 884//884 886//886
f 885//885 886//886 887//887
f 887//887 886//886 888//888
f 887//887 888//888 889//889
f 889//889 888//888 890//890
f 889//889 890//890 891//891
f 891//891 890//890 892//892
f 891//891 892//892 843//843
f 843//843 892//892 893//893
f 843//843 893//893 844//844
f 894//894 895//895 896//896
f 896//896 895//895 897//897
f 896//896 897//897 898//898
f 898//898 897//897 899//899
f 898//898 899//899 900//900
f 900//900 899//899 901//901
f 900//900 901//901 902//902
f 902//902 901//901 903//903
f 902//902 903//903 904//904
f 904//904 903//903 905//905
f 904//904 905//905 906//906
f 906//906 905//905 907//907
f 906//906 907//907 908//908
f 908//908 907//907 909//909
f 908//908 909//909 910//910
f 910//910 909//909 911//911
f 910//910 911//911 912//912
f 912//912 911//911 913//913
f 912//912 913//913 914//914
f 914//914 913//913 915//915
f 914//914 915//915 916//916
f 916//916 915//915 917//917
f 916//916 917//917 918//918
f 918//918 917//917 919//919
f 918//918 919//919 920//920
f 920//920 919//919 921//921
f 920//920 921//921 922//922
f 922//922 921//921 923//923
f 922//922 923//923 924//924
f 924//924 923//923 925//925
f 924//924 925//925 926//926
f 926//926 925//925 927//927
f 926//926 927//927 928//928
f 928//928 927//927 929//929
f 928//928 929//929 930//930
f 930//930 929//929 931//931
f 930//930 931//931 932//932
f 932//932 931//931 933//933
f 932//932 933//933 934//934
f 934//934 933//933 935//935
f 934//934 935//935 936//936
f 936//936 935//935 937//937
f 936//936 937//937 938//938
f 938//938 937//937 939//939
f 938//938 939//939 940//940
f 940//940 939//939 941//941
f 940//940 941//941 942//942
f 942//942 941//941 943//943
f 942//942 943//943 944//944
f 944//944 943//943 945//945
f 944//944 945//945 946//946
f 946//946 945//945 947//947
f 946//946 947//947 948//948
f 948//948 947//947 949//949
f 948//948 949//949 950//950
f 950//950 949//949 951//951
f 950//950 951//951 952//952
f 952//952 951//951 953//953
f 952//952 953//953 954//954
f 954//954 953//953 955//955
f 954//954 955//955 956//956
f 956//956 955//955 957//957
f 956//956 957//957 958//958
f 958//958 957//957 959//959
f 958//958 959//959 960//960
f 960//960 959//959 961//961
f 960//960 961//961 962//962
f 962//962 961//961 963//963
f 962//962 963//963 964//964
f 964//964 963//963 965//965
f 964//964 965//965 966//966
f 966//966 965//965 967//967
f 966//966 967//967 968//968
f 968//968 967//967 969//969
f 968//968 969//969 970//970
f 970//970 969//969 971//971
f 972//972 973//973 974//974
f 975//975 825//825 976//976
f 977//977 978//978 979//979
f 976//976 980//980 981//981
f 981//981 982//982 976//976
f 976//976 982//982 983//983
f 977//977 984//984 985//985
f 986//986 987//987 988//988
f 972//972 989//989 973//973
f 731//731 990//990 736//736
f 991//991 992//992 986//986
f 991//991 986//986 993//993
f 994//994 972//972 974//974
f 822//822 995//995 996//996
f 997//997 998//998 999//999
f 996//996 1000//1000 1001//1001
f 1001//1001 1000//1000 1002//1002
f 1003//1003 740//740 1004//1004
f 1005//1005 1006//1006 1007//1007
f 1008//1008 1009//1009 1010//1010
f 1010//1010 1011//1011 1008//1008
f 1008//1008 1011//1011 1012//1012
f 1013//1013 1014//1014 1015//1015
f 1016//1016 1017//1017 1018//1018
f 1000//1000 1019//1019 1002//1002
f 1020//1020 1021//1021 1022//1022
f 1022//1022 1021//1021 1023//1023
f 1022//1022 1023//1023 1024//1024
f 1024//1024 1023//1023 1025//1025
f 1026//1026 1027//1027 1025//1025
f 1025//1025 1027//1027 1028//1028
f 1025//1025 1028//1028 1024//1024
f 1020//1020 1029//1029 1021//1021
f 1021//1021 1029//1029 377//377
f 1021//1021 1030//1030 1031//1031
f 1031//1031 1030//1030 376//376
f 1031//1031 1032//1032 1033//1033
f 1033//1033 1032//1032 1034//1034
f 1033//1033 1034//1034 1035//1035
f 1035//1035 1034//1034 1036//1036
f 1035//1035 1036//1036 1037//1037
f 1037//1037 1036//1036 1038//1038
f 1037//1037 1038//1038 1039//1039
f 1039//1039 1038//1038 1040//1040
f 1039//1039 1040//1040 1041//1041
f 1041//1041 1040//1040 1042//1042
f 1041//1041 1042//1042 1043//1043
f 1043//1043 1042//1042 1044//1044
f 1043//1043 1044//1044 1045//1045
f 1045//1045 1044//1044 1046//1046
f 1045//1045 1046//1046 1026//1026
f 1026//1026 1046//1046 1047//1047
f 1026//1026 1047//1047 1027//1027
f 1048//1048 1049//1049 1050//1050
f 1051//1051 1052//1052 1053//1053
f 1054//1054 1055//1055 1056//1056
f 1057//1057 1050//1050 1058//1058
f 1058//1058 1050//1050 1049//1049
f 1059//1059 1060//1060 1061//1061
f 1062//1062 36//36 35//35
f 1063//1063 1064//1064 1065//1065
f 1066//1066 1067//1067 1068//1068
f 1050//1050 1069//1069 1048//1048
f 1070//1070 1071//1071 1072//1072
f 1073//1073 687//687 686//686
f 1074//1074 1075//1075 1076//1076
f 1062//1062 686//686 19//19
f 1061//1061 1077//1077 1059//1059
f 1078//1078 1079//1079 1080//1080
f 1080//1080 1079//1079 1081//1081
f 1082//1082 1083//1083 1084//1084
f 1073//1073 1081//1081 679//679
f 1072//1072 1085//1085 1070//1070
f 1086//1086 1087//1087 1088//1088
f 1088//1088 1087//1087 674//674
f 1089//1089 1090//1090 1080//1080
f 1080//1080 674//674 681//681
f 1080//1080 681//681 1078//1078
f 1091//1091 1092//1092 1093//1093
f 1093//1093 671//671 1091//1091
f 1091//1091 671//671 669//669
f 1091//1091 669//669 668//668
f 668//668 646//646 1091//1091
f 1091//1091 646//646 645//645
f 1091//1091 1094//1094 1088//1088
f 1088//1088 645//645 715//715
f 1088//1088 715//715 1086//1086
f 663//663 662//662 1095//1095
f 1095//1095 662//662 660//660
f 1095//1095 1096//1096 1092//1092
f 1092//1092 1096//1096 659//659
f 1092//1092 659//659 1093//1093
f 657//657 656//656 1097//1097
f 1097//1097 656//656 654//654
f 1097//1097 1098//1098 1099//1099
f 1099//1099 667//667 1097//1097
f 1097//1097 667//667 666//666
f 1100//1100 1101//1101 1102//1102
f 1095//1095 666//666 664//664
f 1095//1095 664//664 663//663
f 657//657 1100//1100 658//658
f 1103//1103 1104//1104 1105//1105
f 1106//1106 1107//1107 1108//1108
f 1051//1051 1109//1109 1052//1052
f 1110//1110 1109//1109 1111//1111
f 1112//1112 1113//1113 1114//1114
f 1115//1115 1111//1111 652//652
f 1115//1115 1116//1116 1117//1117
f 1117//1117 1118//1118 1119//1119
f 1115//1115 649//649 648//648
f 1120//1120 1121//1121 1122//1122
f 1107//1107 648//648 728//728
f 1107//1107 728//728 1108//1108
f 1123//1123 1124//1124 1125//1125
f 1125//1125 1124//1124 1126//1126
f 1125//1125 1126//1126 1127//1127
f 1127//1127 1126//1126 1128//1128
f 1127//1127 1128//1128 1129//1129
f 1129//1129 1128//1128 1097//1097
f 1129//1129 1097//1097 1130//1130
f 1130//1130 1097//1097 1095//1095
f 1130//1130 1095//1095 1131//1131
f 1131//1131 1095//1095 1132//1132
f 1131//1131 1132//1132 1133//1133
f 1133//1133 1132//1132 1134//1134
f 1133//1133 1134//1134 1135//1135
f 1135//1135 1134//1134 1136//1136
f 1135//1135 1136//1136 1137//1137
f 1137//1137 1136//1136 1138//1138
f 1137//1137 1138//1138 1139//1139
f 1139//1139 1138//1138 1073//1073
f 1139//1139 1073//1073 1021//1021
f 1021//1021 1073//1073 1062//1062
f 1021//1021 1062//1062 1140//1140
f 1140//1140 1062//1062 1141//1141
f 1140//1140 1141//1141 1123//1123
f 1123//1123 1141//1141 1124//1124
f 1142//1142 1143//1143 1144//1144
f 1145//1145 161//161 158//158
f 1146//1146 1147//1147 1145//1145
f 1145//1145 1147//1147 155//155
f 1148//1148 1149//1149 1150//1150
f 1151//1151 155//155 156//156
f 1151//1151 156//156 16//16
f 159//159 1152//1152 154//154
f 1153//1153 1152//1152 1154//1154
f 154//154 1155//1155 142//142
f 1156//1156 1157//1157 1152//1152
f 1152//1152 1157//1157 163//163
f 1158//1158 1159//1159 1142//1142
f 1160//1160 1159//1159 162//162
f 1160//1160 1161//1161 1143//1143
f 147//147 146//146 1162//1162
f 1162//1162 146//146 145//145
f 1163//1163 1164//1164 1155//1155
f 1155//1155 1164//1164 143//143
f 1155//1155 143//143 142//142
f 1165//1165 140//140 141//141
f 141//141 153//153 1165//1165
f 1165//1165 153//153 152//152
f 1165//1165 1166//1166 1167//1167
f 1167//1167 1166//1166 150//150
f 1167//1167 1168//1168 1163//1163
f 1163//1163 1168//1168 148//148
f 1163//1163 148//148 147//147
f 140//140 1165//1165 138//138
f 1169//1169 1165//1165 1170//1170
f 1169//1169 1170//1170 125//125
f 1171//1171 1172//1172 1170//1170
f 1170//1170 1172//1172 126//126
f 1170//1170 126//126 125//125
f 1173//1173 1174//1174 1175//1175
f 1175//1175 1174//1174 129//129
f 1175//1175 1176//1176 1171//1171
f 1177//1177 129//129 128//128
f 1177//1177 128//128 1172//1172
f 137//137 136//136 1178//1178
f 1178//1178 136//136 1179//1179
f 1180//1180 1179//1179 1181//1181
f 1175//1175 1179//1179 132//132
f 1175//1175 132//132 1173//1173
f 16//16 14//14 1151//1151
f 1151//1151 14//14 13//13
f 1151//1151 13//13 10//10
f 10//10 12//12 1151//1151
f 1151//1151 12//12 135//135
f 1182//1182 1183//1183 1184//1184
f 1178//1178 135//135 134//134
f 1178//1178 134//134 137//137
f 213//213 1145//1145 1185//1185
f 1185//1185 1145//1145 1151//1151
f 1185//1185 1151//1151 1186//1186
f 1186//1186 1151//1151 1178//1178
f 1186//1186 1178//1178 243//243
f 243//243 1178//1178 1187//1187
f 243//243 1187//1187 1188//1188
f 1188//1188 1187//1187 1177//1177
f 1188//1188 1177//1177 1189//1189
f 1189//1189 1177//1177 1190//1190
f 1189//1189 1190//1190 1191//1191
f 1191//1191 1190//1190 1165//1165
f 1191//1191 1165//1165 1192//1192
f 1192//1192 1165//1165 1193//1193
f 1192//1192 1193//1193 1194//1194
f 1194//1194 1193//1193 1162//1162
f 1194//1194 1162//1162 1195//1195
f 1195//1195 1162//1162 1155//1155
f 1195//1195 1155//1155 1196//1196
f 1196//1196 1155//1155 1152//1152
f 1196//1196 1152//1152 225//225
f 225//225 1152//1152 1160//1160
f 225//225 1160//1160 213//213
f 213//213 1160//1160 1145//1145
f 982//982 981//981 1197//1197
f 1002//1002 1019//1019 1198//1198
f 983//983 982//982 1199//1199
f 1199//1199 982//982 1197//1197
f 1199//1199 1197//1197 1200//1200
f 1200//1200 1197//1197 1201//1201
f 1200//1200 1201//1201 1202//1202
f 1202//1202 1201//1201 1203//1203
f 1202//1202 1203//1203 1204//1204
f 1204//1204 1203//1203 1205//1205
f 1204//1204 1205//1205 1206//1206
f 1206//1206 1205//1205 1207//1207
f 1206//1206 1207//1207 1208//1208
f 1208//1208 1207//1207 1209//1209
f 1208//1208 1209//1209 1210//1210
f 1210//1210 1209//1209 1211//1211
f 1210//1210 1211//1211 1212//1212
f 1212//1212 1211//1211 1213//1213
f 1212//1212 1213//1213 1214//1214
f 1214//1214 1213//1213 1215//1215
f 1214//1214 1215//1215 1216//1216
f 1216//1216 1215//1215 1217//1217
f 1216//1216 1217//1217 1218//1218
f 1218//1218 1217//1217 1219//1219
f 1218//1218 1219//1219 1220//1220
f 1220//1220 1219//1219 1221//1221
f 1220//1220 1221//1221 1222//1222
f 1222//1222 1221//1221 1223//1223
f 1222//1222 1223//1223 1224//1224
f 1224//1224 1223//1223 1225//1225
f 1224//1224 1225//1225 1226//1226
f 1226//1226 1225//1225 1227//1227
f 1226//1226 1227//1227 1228//1228
f 1228//1228 1227//1227 1229//1229
f 1228//1228 1229//1229 1230//1230
f 1230//1230 1229//1229 1231//1231
f 1230//1230 1231//1231 1232//1232
f 1232//1232 1231//1231 1233//1233
f 1232//1232 1233//1233 1234//1234
f 1234//1234 1233//1233 1235//1235
f 1234//1234 1235//1235 1236//1236
f 1236//1236 1235//1235 1237//1237
f 1236//1236 1237//1237 1238//1238
f 1238//1238 1237//1237 1239//1239
f 1238//1238 1239//1239 1240//1240
f 1240//1240 1239//1239 1241//1241
f 1240//1240 1241//1241 1242//1242
f 1242//1242 1241//1241 1243//1243
f 1242//1242 1243//1243 1244//1244
f 1244//1244 1243//1243 1245//1245
f 1244//1244 1245//1245 1246//1246
f 1246//1246 1245//1245 1247//1247
f 1246//1246 1247//1247 1248//1248
f 1248//1248 1247//1247 1249//1249
f 1248//1248 1249//1249 1250//1250
f 1250//1250 1249//1249 1251//1251
f 1250//1250 1251//1251 1252//1252
f 1252//1252 1251//1251 1253//1253
f 1252//1252 1253//1253 1254//1254
f 1254//1254 1253//1253 1255//1255
f 1254//1254 1255//1255 1256//1256
f 1256//1256 1255//1255 1257//1257
f 1256//1256 1257//1257 1258//1258
f 1258//1258 1257//1257 1259//1259
f 1258//1258 1259//1259 1260//1260
f 1260//1260 1259//1259 1261//1261
f 1260//1260 1261//1261 1262//1262
f 1262//1262 1261//1261 1263//1263
f 1262//1262 1263//1263 1264//1264
f 1264//1264 1263//1263 1265//1265
f 1264//1264 1265//1265 1266//1266
f 1266//1266 1265//1265 1267//1267
f 1266//1266 1267//1267 1268//1268
f 1268//1268 1267//1267 1269//1269
f 1268//1268 1269//1269 1198//1198
f 1198//1198 1269//1269 1270//1270
f 1198//1198 1270//1270 1002//1002
f 1002//1002 1270//1270 1001//1001
f 981//981 980//980 1197//1197
f 1197//1197 980//980 1271//1271
f 1197//1197 1271//1271 1201//1201
f 1201//1201 1271//1271 827//827
f 1201//1201 827//827 1203//1203
f 1203//1203 827//827 1272//1272
f 1203//1203 1272//1272 1205//1205
f 1205//1205 1272//1272 1273//1273
f 1205//1205 1273//1273 1207//1207
f 1207//1207 1273//1273 1274//1274
f 1207//1207 1274//1274 1209//1209
f 1209//1209 1274//1274 1275//1275
f 1209//1209 1275//1275 1211//1211
f 1211//1211 1275//1275 1276//1276
f 1211//1211 1276//1276 1213//1213
f 1213//1213 1276//1276 1277//1277
f 1213//1213 1277//1277 1215//1215
f 1215//1215 1277//1277 1278//1278
f 1215//1215 1278//1278 1217//1217
f 1217//1217 1278//1278 1279//1279
f 1217//1217 1279//1279 1219//1219
f 1219//1219 1279//1279 1280//1280
f 1219//1219 1280//1280 1221//1221
f 1221//1221 1280//1280 1281//1281
f 1221//1221 1281//1281 1223//1223
f 1223//1223 1281//1281 1282//1282
f 1223//1223 1282//1282 1225//1225
f 1225//1225 1282//1282 1283//1283
f 1225//1225 1283//1283 1227//1227
f 1227//1227 1283//1283 1284//1284
f 1227//1227 1284//1284 1229//1229
f 1229//1229 1284//1284 1285//1285
f 1229//1229 1285//1285 1231//1231
f 1231//1231 1285//1285 1286//1286
f 1231//1231 1286//1286 1233//1233
f 1233//1233 1286//1286 1287//1287
f 1233//1233 1287//1287 1235//1235
f 1235//1235 1287//1287 1288//1288
f 1235//1235 1288//1288 1237//1237
f 1237//1237 1288//1288 1289//1289
f 1237//1237 1289//1289 1239//1239
f 1239//1239 1289//1289 1290//1290
f 1239//1239 1290//1290 1241//1241
f 1241//1241 1290//1290 1291//1291
f 1241//1241 1291//1291 1243//1243
f 1243//1243 1291//1291 1292//1292
f 1243//1243 1292//1292 1245//1245
f 1245//1245 1292//1292 1293//1293
f 1245//1245 1293//1293 1247//1247
f 1247//1247 1293//1293 1294//1294
f 1247//1247 1294//1294 1249//1249
f 1249//1249 1294//1294 1295//1295
f 1249//1249 1295//1295 1251//1251
f 1251//1251 1295//1295 1296//1296
f 1251//1251 1296//1296 1253//1253
f 1253//1253 1296//1296 1297//1297
f 1253//1253 1297//1297 1255//1255
f 1255//1255 1297//1297 1298//1298
f 1255//1255 1298//1298 1257//1257
f 1257//1257 1298//1298 1299//1299
f 1257//1257 1299//1299 1259//1259
f 1259//1259 1299//1299 1300//1300
f 1259//1259 1300//1300 1261//1261
f 1261//1261 1300//1300 1301//1301
f 1261//1261 1301//1301 1263//1263
f 1263//1263 1301//1301 1302//1302
f 1263//1263 1302//1302 1265//1265
f 1265//1265 1302//1302 1303//1303
f 1265//1265 1303//1303 1267//1267
f 1267//1267 1303//1303 1304//1304
f 1267//1267 1304//1304 1269//1269
f 1269//1269 1304//1304 816//816
f 1269//1269 816//816 1270//1270
f 1270//1270 816//816 821//821
f 1270//1270 821//821 1001//1001
f 1001//1001 821//821 996//996
f 973//973 989//989 1305//1305
f 1011//1011 1010//1010 1306//1306
f 994//994 974//974 735//735
f 735//735 974//974 1307//1307
f 735//735 1307//1307 730//730
f 730//730 1307//1307 1308//1308
f 730//730 1308//1308 1309//1309
f 1309//1309 1308//1308 1310//1310
f 1309//1309 1310//1310 1311//1311
f 1311//1311 1310//1310 1312//1312
f 1311//1311 1312//1312 1313//1313
f 1313//1313 1312//1312 1314//1314
f 1313//1313 1314//1314 1315//1315
f 1315//1315 1314//1314 1316//1316
f 1315//1315 1316//1316 1317//1317
f 1317//1317 1316//1316 1318//1318
f 1317//1317 1318//1318 1319//1319
f 1319//1319 1318//1318 1320//1320
f 1319//1319 1320//1320 1321//1321
f 1321//1321 1320//1320 1322//1322
f 1321//1321 1322//1322 1323//1323
f 1323//1323 1322//1322 1324//1324
f 1323//1323 1324//1324 1325//1325
f 1325//1325 1324//1324 1326//1326
f 1325//1325 1326//1326 1327//1327
f 1327//1327 1326//1326 1328//1328
f 1327//1327 1328//1328 1329//1329
f 1329//1329 1328//1328 1330//1330
f 1329//1329 1330//1330 1331//1331
f 1331//1331 1330//1330 1332//1332
f 1331//1331 1332//1332 1333//1333
f 1333//1333 1332//1332 1334//1334
f 1333//1333 1334//1334 1335//1335
f 1335//1335 1334//1334 1336//1336
f 1335//1335 1336//1336 1337//1337
f 1337//1337 1336//1336 1338//1338
f 1337//1337 1338//1338 1339//1339
f 1339//1339 1338//1338 1340//1340
f 1339//1339 1340//1340 1341//1341
f 1341//1341 1340//1340 1342//1342
f 1341//1341 1342//1342 1343//1343
f 1343//1343 1342//1342 1344//1344
f 1343//1343 1344//1344 1345//1345
f 1345//1345 1344//1344 1346//1346
f 1345//1345 1346//1346 1347//1347
f 1347//1347 1346//1346 1348//1348
f 1347//1347 1348//1348 1349//1349
f 1349//1349 1348//1348 1350//1350
f 1349//1349 1350//1350 1351//1351
f 1351//1351 1350//1350 1352//1352
f 1351//1351 1352//1352 1353//1353
f 1353//1353 1352//1352 1354//1354
f 1353//1353 1354//1354 1355//1355
f 1355//1355 1354//1354 1356//1356
f 1355//1355 1356//1356 1357//1357
f 1357//1357 1356//1356 1358//1358
f 1357//1357 1358//1358 1359//1359
f 1359//1359 1358//1358 1360//1360
f 1359//1359 1360//1360 1361//1361
f 1361//1361 1360//1360 1362//1362
f 1361//1361 1362//1362 1363//1363
f 1363//1363 1362//1362 1364//1364
f 1363//1363 1364//1364 1365//1365
f 1365//1365 1364//1364 1366//1366
f 1365//1365 1366//1366 1367//1367
f 1367//1367 1366//1366 1368//1368
f 1367//1367 1368//1368 1369//1369
f 1369//1369 1368//1368 1370//1370
f 1369//1369 1370//1370 1371//1371
f 1371//1371 1370//1370 1372//1372
f 1371//1371 1372//1372 1373//1373
f 1373//1373 1372//1372 1374//1374
f 1373//1373 1374//1374 739//739
f 739//739 1374//1374 1375//1375
f 739//739 1375//1375 1376//1376
f 1376//1376 1375//1375 1306//1306
f 1376//1376 1306//1306 1009//1009
f 1009//1009 1306//1306 1010//1010
f 974//974 973//973 1307//1307
f 1307//1307 973//973 1305//1305
f 1307//1307 1305//1305 1308//1308
f 1308//1308 1305//1305 1377//1377
f 1308//1308 1377//1377 1310//1310
f 1310//1310 1377//1377 1378//1378
f 1310//1310 1378//1378 1312//1312
f 1312//1312 1378//1378 1379//1379
f 1312//1312 1379//1379 1314//1314
f 1314//1314 1379//1379 1380//1380
f 1314//1314 1380//1380 1316//1316
f 1316//1316 1380//1380 1381//1381
f 1316//1316 1381//1381 1318//1318
f 1318//1318 1381//1381 1382//1382
f 1318//1318 1382//1382 1320//1320
f 1320//1320 1382//1382 1383//1383
f 1320//1320 1383//1383 1322//1322
f 1322//1322 1383//1383 1384//1384
f 1322//1322 1384//1384 1324//1324
f 1324//1324 1384//1384 1385//1385
f 1324//1324 1385//1385 1326//1326
f 1326//1326 1385//1385 1386//1386
f 1326//1326 1386//1386 1328//1328
f 1328//1328 1386//1386 1387//1387
f 1328//1328 1387//1387 1330//1330
f 1330//1330 1387//1387 1388//1388
f 1330//1330 1388//1388 1332//1332
f 1332//1332 1388//1388 1389//1389
f 1332//1332 1389//1389 1334//1334
f 1334//1334 1389//1389 1390//1390
f 1334//1334 1390//1390 1336//1336
f 1336//1336 1390//1390 1391//1391
f 1336//1336 1391//1391 1338//1338
f 1338//1338 1391//1391 1392//1392
f 1338//1338 1392//1392 1340//1340
f 1340//1340 1392//1392 1393//1393
f 1340//1340 1393//1393 1342//1342
f 1342//1342 1393//1393 1394//1394
f 1342//1342 1394//1394 1344//1344
f 1344//1344 1394//1394 1395//1395
f 1344//1344 1395//1395 1346//1346
f 1346//1346 1395//1395 1396//1396
f 1346//1346 1396//1396 1348//1348
f 1348//1348 1396//1396 1397//1397
f 1348//1348 1397//1397 1350//1350
f 1350//1350 1397//1397 1398//1398
f 1350//1350 1398//1398 1352//1352
f 1352//1352 1398//1398 1399//1399
f 1352//1352 1399//1399 1354//1354
f 1354//1354 1399//1399 1400//1400
f 1354//1354 1400//1400 1356//1356
f 1356//1356 1400//1400 1401//1401
f 1356//1356 1401//1401 1358//1358
f 1358//1358 1401//1401 1402//1402
f 1358//1358 1402//1402 1360//1360
f 1360//1360 1402//1402 1403//1403
f 1360//1360 1403//1403 1362//1362
f 1362//1362 1403//1403 1404//1404
f 1362//1362 1404//1404 1364//1364
f 1364//1364 1404//1404 1405//1405
f 1364//1364 1405//1405 1366//1366
f 1366//1366 1405//1405 1406//1406
f 1366//1366 1406//1406 1368//1368
f 1368//1368 1406//1406 1407//1407
f 1368//1368 1407//1407 1370//1370
f 1370//1370 1407//1407 1408//1408
f 1370//1370 1408//1408 1372//1372
f 1372//1372 1408//1408 1409//1409
f 1372//1372 1409//1409 1374//1374
f 1374//1374 1409//1409 1410//1410
f 1374//1374 1410//1410 1375//1375
f 1375//1375 1410//1410 1411//1411
f 1375//1375 1411//1411 1306//1306
f 1306//1306 1411//1411 1412//1412
f 1306//1306 1412//1412 1011//1011
f 1011//1011 1412//1412 1012//1012
f 309//309 1413//1413 1414//1414
f 1414//1414 1413//1413 214//214
f 214//214 212//212 1414//1414
f 1414//1414 212//212 211//211
f 1414//1414 211//211 216//216
f 1415//1415 216//216 218//218
f 223//223 298//298 221//221
f 1416//1416 298//298 1415//1415
f 1416//1416 1415//1415 220//220
f 220//220 1415//1415 218//218
f 216//216 1415//1415 1414//1414
f 1417//1417 1418//1418 1005//1005
f 1417//1417 1005//1005 1016//1016
f 1003//1003 1419//1419 740//740
f 740//740 1419//1419 738//738
f 246//246 245//245 1419//1419
f 1419//1419 245//245 743//743
f 1419//1419 743//743 738//738
f 321//321 320//320 815//815
f 815//815 320//320 1420//1420
f 815//815 1420//1420 817//817
f 817//817 1420//1420 995//995
f 817//817 995//995 822//822
f 1421//1421 375//375 377//377
f 377//377 1029//1029 1421//1421
f 1421//1421 1029//1029 1020//1020
f 1421//1421 1020//1020 1022//1022
f 402//402 400//400 1028//1028
f 1422//1422 400//400 1423//1423
f 1422//1422 1423//1423 1024//1024
f 1024//1024 1424//1424 1022//1022
f 1425//1425 1424//1424 1421//1421
f 1426//1426 1427//1427 977//977
f 1426//1426 977//977 985//985
f 294//294 293//293 729//729
f 729//729 293//293 990//990
f 729//729 990//990 731//731
f 367//367 366//366 975//975
f 975//975 366//366 826//826
f 975//975 826//826 825//825
f 367//367 975//975 1428//1428
f 1428//1428 975//975 1429//1429
f 976//976 427//427 975//975
f 975//975 427//427 1429//1429
f 367//367 1428//1428 365//365
f 365//365 1428//1428 1430//1430
f 365//365 1430//1430 362//362
f 362//362 1430//1430 1431//1431
f 362//362 1431//1431 359//359
f 359//359 1431//1431 1432//1432
f 359//359 1432//1432 356//356
f 356//356 1432//1432 1433//1433
f 356//356 1433//1433 353//353
f 353//353 1433//1433 1434//1434
f 353//353 1434//1434 350//350
f 350//350 1434//1434 1435//1435
f 350//350 1435//1435 347//347
f 347//347 1435//1435 1436//1436
f 347//347 1436//1436 340//340
f 340//340 1436//1436 1437//1437
f 340//340 1437//1437 341//341
f 341//341 1437//1437 1438//1438
f 341//341 1438//1438 334//334
f 334//334 1438//1438 1439//1439
f 334//334 1439//1439 335//335
f 335//335 1439//1439 1440//1440
f 335//335 1440//1440 328//328
f 328//328 1440//1440 1441//1441
f 328//328 1441//1441 329//329
f 329//329 1441//1441 1442//1442
f 329//329 1442//1442 326//326
f 326//326 1442//1442 458//458
f 326//326 458//458 323//323
f 323//323 458//458 1443//1443
f 323//323 1443//1443 320//320
f 320//320 1443//1443 1444//1444
f 1445//1445 976//976 1424//1424
f 1445//1445 1424//1424 1446//1446
f 1446//1446 1424//1424 400//400
f 1446//1446 400//400 430//430
f 1447//1447 995//995 1420//1420
f 1447//1447 1420//1420 1448//1448
f 1448//1448 1420//1420 320//320
f 1448//1448 320//320 1444//1444
f 395//395 1449//1449 400//400
f 400//400 1449//1449 430//430
f 408//408 1000//1000 1447//1447
f 1447//1447 1000//1000 995//995
f 372//372 371//371 704//704
f 372//372 704//704 1449//1449
f 41//41 1450//1450 712//712
f 712//712 1450//1450 1451//1451
f 712//712 1451//1451 711//711
f 711//711 1451//1451 1452//1452
f 711//711 1452//1452 639//639
f 639//639 1452//1452 1453//1453
f 639//639 1453//1453 710//710
f 710//710 1453//1453 1454//1454
f 710//710 1454//1454 708//708
f 708//708 1454//1454 1455//1455
f 708//708 1455//1455 706//706
f 706//706 1455//1455 1456//1456
f 706//706 1456//1456 704//704
f 704//704 1456//1456 429//429
f 704//704 429//429 1449//1449
f 406//406 309//309 1414//1414
f 406//406 1414//1414 407//407
f 407//407 1414//1414 1000//1000
f 407//407 1000//1000 408//408
f 3//3 2//2 460//460
f 460//460 459//459 3//3
f 3//3 459//459 1457//1457
f 3//3 1457//1457 1458//1458
f 1458//1458 1457//1457 1459//1459
f 1458//1458 1459//1459 1460//1460
f 1460//1460 1459//1459 1461//1461
f 1460//1460 1461//1461 1462//1462
f 1462//1462 1461//1461 1463//1463
f 1462//1462 1463//1463 1464//1464
f 1464//1464 1463//1463 1465//1465
f 1464//1464 1465//1465 1466//1466
f 1466//1466 1465//1465 1467//1467
f 1466//1466 1467//1467 1468//1468
f 1468//1468 1467//1467 1469//1469
f 1468//1468 1469//1469 1470//1470
f 1470//1470 1469//1469 1471//1471
f 1470//1470 1471//1471 1472//1472
f 1472//1472 1471//1471 1473//1473
f 1472//1472 1473//1473 1474//1474
f 1474//1474 1473//1473 1475//1475
f 1474//1474 1475//1475 1476//1476
f 1476//1476 1475//1475 1477//1477
f 1476//1476 1477//1477 1478//1478
f 1478//1478 1477//1477 1479//1479
f 1478//1478 1479//1479 1480//1480
f 1480//1480 1479//1479 1481//1481
f 1480//1480 1481//1481 24//24
f 24//24 1481//1481 1482//1482
f 24//24 1482//1482 40//40
f 40//40 1482//1482 1450//1450
f 40//40 1450//1450 41//41
f 1483//1483 313//313 406//406
f 406//406 313//313 309//309
f 313//313 1483//1483 1484//1484
f 193//193 313//313 174//174
f 174//174 313//313 1484//1484
f 174//174 1484//1484 172//172
f 172//172 1484//1484 1485//1485
f 172//172 1485//1485 170//170
f 170//170 1485//1485 1486//1486
f 170//170 1486//1486 168//168
f 168//168 1486//1486 1487//1487
f 168//168 1487//1487 166//166
f 166//166 1487//1487 1488//1488
f 166//166 1488//1488 164//164
f 164//164 1488//1488 1489//1489
f 164//164 1489//1489 105//105
f 105//105 1489//1489 460//460
f 105//105 460//460 2//2
f 1490//1490 246//246 1419//1419
f 1490//1490 1419//1419 1491//1491
f 1491//1491 1419//1419 1492//1492
f 1491//1491 1492//1492 1493//1493
f 246//246 1490//1490 248//248
f 248//248 1490//1490 1494//1494
f 248//248 1494//1494 251//251
f 251//251 1494//1494 548//548
f 251//251 548//548 254//254
f 254//254 548//548 1495//1495
f 254//254 1495//1495 257//257
f 257//257 1495//1495 1496//1496
f 257//257 1496//1496 260//260
f 260//260 1496//1496 1497//1497
f 260//260 1497//1497 263//263
f 263//263 1497//1497 1498//1498
f 263//263 1498//1498 266//266
f 266//266 1498//1498 1499//1499
f 266//266 1499//1499 269//269
f 269//269 1499//1499 1500//1500
f 269//269 1500//1500 272//272
f 272//272 1500//1500 1501//1501
f 272//272 1501//1501 275//275
f 275//275 1501//1501 1502//1502
f 275//275 1502//1502 278//278
f 278//278 1502//1502 1503//1503
f 278//278 1503//1503 281//281
f 281//281 1503//1503 1504//1504
f 281//281 1504//1504 284//284
f 284//284 1504//1504 1505//1505
f 284//284 1505//1505 287//287
f 287//287 1505//1505 1506//1506
f 287//287 1506//1506 290//290
f 290//290 1506//1506 1507//1507
f 290//290 1507//1507 293//293
f 293//293 1507//1507 1508//1508
f 1008//1008 551//551 1492//1492
f 1492//1492 551//551 1493//1493
f 990//990 293//293 1509//1509
f 1509//1509 293//293 1508//1508
f 551//551 1008//1008 1415//1415
f 551//551 1415//1415 552//552
f 552//552 1415//1415 298//298
f 552//552 298//298 554//554
f 521//521 986//986 1509//1509
f 1509//1509 986//986 990//990
f 554//554 298//298 1510//1510
f 1510//1510 298//298 304//304
f 1510//1510 114//114 112//112
f 519//519 375//375 1511//1511
f 519//519 1511//1511 520//520
f 520//520 1511//1511 972//972
f 520//520 972//972 521//521
f 4//4 549//549 120//120
f 120//120 549//549 1512//1512
f 120//120 1512//1512 121//121
f 121//121 1512//1512 1513//1513
f 121//121 1513//1513 201//201
f 201//201 1513//1513 1514//1514
f 201//201 1514//1514 185//185
f 185//185 1514//1514 1515//1515
f 185//185 1515//1515 115//115
f 115//115 1515//1515 1516//1516
f 115//115 1516//1516 116//116
f 116//116 1516//1516 1517//1517
f 116//116 1517//1517 111//111
f 111//111 1517//1517 553//553
f 111//111 553//553 112//112
f 112//112 553//553 1510//1510
f 375//375 519//519 698//698
f 698//698 519//519 1518//1518
f 698//698 1518//1518 697//697
f 34//34 20//20 1519//1519
f 550//550 549//549 4//4
f 1519//1519 1520//1520 34//34
f 34//34 1520//1520 1521//1521
f 34//34 1521//1521 29//29
f 29//29 1521//1521 1522//1522
f 29//29 1522//1522 1523//1523
f 1523//1523 1522//1522 1524//1524
f 1523//1523 1524//1524 1525//1525
f 1525//1525 1524//1524 1526//1526
f 1525//1525 1526//1526 1527//1527
f 1527//1527 1526//1526 1528//1528
f 1527//1527 1528//1528 1529//1529
f 1529//1529 1528//1528 1530//1530
f 1529//1529 1530//1530 1531//1531
f 1531//1531 1530//1530 1532//1532
f 1531//1531 1532//1532 1533//1533
f 1533//1533 1532//1532 1534//1534
f 1533//1533 1534//1534 1535//1535
f 1535//1535 1534//1534 1536//1536
f 1535//1535 1536//1536 1537//1537
f 1537//1537 1536//1536 1538//1538
f 1537//1537 1538//1538 1539//1539
f 1539//1539 1538//1538 1540//1540
f 1539//1539 1540//1540 1541//1541
f 1541//1541 1540//1540 1542//1542
f 1541//1541 1542//1542 1543//1543
f 1543//1543 1542//1542 1544//1544
f 1543//1543 1544//1544 1545//1545
f 1545//1545 1544//1544 550//550
f 1545//1545 550//550 6//6
f 6//6 550//550 4//4
f 697//697 1518//1518 695//695
f 695//695 1518//1518 1546//1546
f 695//695 1546//1546 696//696
f 696//696 1546//1546 1547//1547
f 696//696 1547//1547 689//689
f 689//689 1547//1547 1548//1548
f 689//689 1548//1548 691//691
f 691//691 1548//1548 1549//1549
f 691//691 1549//1549 693//693
f 693//693 1549//1549 1550//1550
f 693//693 1550//1550 680//680
f 680//680 1550//1550 1551//1551
f 680//680 1551//1551 1552//1552
f 1552//1552 1551//1551 1519//1519
f 1552//1552 1519//1519 20//20
f 1553//1553 1554//1554 1555//1555
f 1556//1556 1557//1557 1558//1558
f 1558//1558 1557//1557 1559//1559
f 1558//1558 1559//1559 1553//1553
f 1560//1560 1561//1561 1562//1562
f 1562//1562 1561//1561 1563//1563
f 1562//1562 1563//1563 1564//1564
f 1560//1560 1562//1562 1559//1559
f 1559//1559 1562//1562 1565//1565
f 1559//1559 1565//1565 1553//1553
f 1553//1553 1565//1565 1566//1566
f 1553//1553 1566//1566 1567//1567
f 1568//1568 1569//1569 1566//1566
f 1566//1566 1569//1569 1570//1570
f 1566//1566 1570//1570 1567//1567
f 1571//1571 1572//1572 1573//1573
f 1573//1573 1572//1572 1574//1574
f 1575//1575 1576//1576 1577//1577
f 1577//1577 1576//1576 1578//1578
f 1579//1579 1580//1580 1581//1581
f 1581//1581 1580//1580 1582//1582
f 1583//1583 1584//1584 1585//1585
f 1586//1586 1587//1587 1588//1588
f 1586//1586 1588//1588 1573//1573
f 1589//1589 1590//1590 1591//1591
f 1592//1592 1593//1593 1594//1594
f 1578//1578 1576//1576 1595//1595
f 1596//1596 1597//1597 1598//1598
f 1595//1595 1592//1592 1591//1591
f 1591//1591 1592//1592 1594//1594
f 1591//1591 1594//1594 1589//1589
f 1553//1553 1555//1555 1558//1558
f 1599//1599 1600//1600 1601//1601
f 1599//1599 1601//1601 1602//1602
f 1603//1603 1604//1604 1605//1605
f 1603//1603 1605//1605 1606//1606
f 1607//1607 1608//1608 1609//1609
f 1607//1607 1609//1609 1610//1610
f 1611//1611 1612//1612 1613//1613
f 1611//1611 1613//1613 1614//1614
f 1615//1615 1616//1616 1617//1617
f 1615//1615 1617//1617 1618//1618
f 1619//1619 1620//1620 1621//1621
f 1619//1619 1621//1621 1622//1622
f 1623//1623 1624//1624 1625//1625
f 1623//1623 1625//1625 1626//1626
f 1627//1627 1628//1628 1629//1629
f 1627//1627 1629//1629 1630//1630
f 1631//1631 1632//1632 1633//1633
f 1631//1631 1633//1633 1634//1634
f 1635//1635 1636//1636 1637//1637
f 1635//1635 1637//1637 1638//1638
f 1639//1639 1640//1640 1641//1641
f 1639//1639 1641//1641 1642//1642
f 1643//1643 1644//1644 1645//1645
f 1643//1643 1645//1645 1646//1646
f 1647//1647 1648//1648 1649//1649
f 1647//1647 1649//1649 1650//1650
f 1651//1651 1652//1652 1653//1653
f 1581//1581 1575//1575 1579//1579
f 1654//1654 1655//1655 1656//1656
f 1657//1657 1658//1658 1659//1659
f 1660//1660 1661//1661 1662//1662
f 1663//1663 1664//1664 1665//1665
f 1665//1665 1664//1664 1666//1666
f 1667//1667 1668//1668 1669//1669
f 1669//1669 1668//1668 1670//1670
f 1669//1669 1670//1670 1671//1671
f 1672//1672 1673//1673 1660//1660
f 1660//1660 1662//1662 1672//1672
f 1674//1674 1662//1662 1675//1675
f 1674//1674 1675//1675 1676//1676
f 1677//1677 1678//1678 1661//1661
f 1661//1661 1678//1678 1679//1679
f 1661//1661 1679//1679 1662//1662
f 1662//1662 1679//1679 1680//1680
f 1662//1662 1680//1680 1681//1681
f 1681//1681 1682//1682 1662//1662
f 1662//1662 1682//1682 1683//1683
f 1662//1662 1683//1683 1675//1675
f 1557//1557 1683//1683 1684//1684
f 1557//1557 1684//1684 1685//1685
f 1561//1561 1686//1686 1563//1563
f 1563//1563 1686//1686 1687//1687
f 1563//1563 1687//1687 1564//1564
f 1685//1685 1688//1688 1557//1557
f 1557//1557 1688//1688 1689//1689
f 1557//1557 1689//1689 1559//1559
f 1559//1559 1689//1689 1686//1686
f 1559//1559 1686//1686 1560//1560
f 1560//1560 1686//1686 1561//1561
f 1690//1690 1691//1691 1692//1692
f 1692//1692 1691//1691 1693//1693
f 1694//1694 1695//1695 1696//1696
f 1696//1696 1695//1695 1697//1697
f 1696//1696 1697//1697 1698//1698
f 1698//1698 1699//1699 1696//1696
f 1696//1696 1699//1699 1700//1700
f 1696//1696 1700//1700 1701//1701
f 1701//1701 1700//1700 1702//1702
f 1701//1701 1702//1702 1703//1703
f 1703//1703 1702//1702 1704//1704
f 1703//1703 1704//1704 1705//1705
f 1706//1706 1694//1694 1656//1656
f 1567//1567 1570//1570 1707//1707
f 1707//1707 1570//1570 1569//1569
f 1707//1707 1569//1569 1708//1708
f 1708//1708 1569//1569 1568//1568
f 1567//1567 1707//1707 1553//1553
f 1553//1553 1707//1707 1709//1709
f 1553//1553 1709//1709 1710//1710
f 1706//1706 1656//1656 1711//1711
f 1711//1711 1656//1656 1655//1655
f 1711//1711 1655//1655 1712//1712
f 1710//1710 1713//1713 1553//1553
f 1553//1553 1713//1713 1714//1714
f 1553//1553 1714//1714 1655//1655
f 1655//1655 1714//1714 1715//1715
f 1655//1655 1715//1715 1712//1712
f 1657//1657 1659//1659 1716//1716
f 1716//1716 1659//1659 1717//1717
f 1716//1716 1717//1717 1718//1718
f 1718//1718 1717//1717 1719//1719
f 1718//1718 1719//1719 1720//1720
f 1720//1720 1719//1719 1721//1721
f 1720//1720 1721//1721 1722//1722
f 1722//1722 1721//1721 1723//1723
f 1722//1722 1723//1723 1724//1724
f 1724//1724 1723//1723 1725//1725
f 1724//1724 1725//1725 1726//1726
f 1727//1727 1728//1728 1729//1729
f 1729//1729 1728//1728 1730//1730
f 1666//1666 1731//1731 1665//1665
f 1665//1665 1731//1731 1732//1732
f 1665//1665 1732//1732 1733//1733
f 1733//1733 1732//1732 1734//1734
f 1668//1668 1663//1663 1670//1670
f 1670//1670 1663//1663 1665//1665
f 1670//1670 1665//1665 1671//1671
f 1671//1671 1665//1665 1733//1733
f 1671//1671 1733//1733 1735//1735
f 1735//1735 1733//1733 1734//1734
f 1735//1735 1734//1734 1736//1736
f 1737//1737 1667//1667 1738//1738
f 1738//1738 1667//1667 1669//1669
f 1738//1738 1669//1669 1739//1739
f 1739//1739 1669//1669 1671//1671
f 1739//1739 1671//1671 1740//1740
f 1740//1740 1671//1671 1735//1735
f 1740//1740 1735//1735 1727//1727
f 1727//1727 1735//1735 1736//1736
f 1727//1727 1736//1736 1728//1728
f 1729//1729 1741//1741 1727//1727
f 1727//1727 1741//1741 1742//1742
f 1727//1727 1742//1742 1740//1740
f 1740//1740 1742//1742 1743//1743
f 1740//1740 1743//1743 1739//1739
f 1739//1739 1743//1743 1744//1744
f 1739//1739 1744//1744 1738//1738
f 1745//1745 1726//1726 1746//1746
f 1746//1746 1726//1726 1725//1725
f 1746//1746 1725//1725 1747//1747
f 1747//1747 1725//1725 1723//1723
f 1747//1747 1723//1723 1748//1748
f 1748//1748 1723//1723 1721//1721
f 1748//1748 1721//1721 1749//1749
f 1749//1749 1721//1721 1719//1719
f 1694//1694 1696//1696 1656//1656
f 1656//1656 1750//1750 1751//1751
f 1656//1656 1751//1751 1654//1654
f 1690//1690 1677//1677 1691//1691
f 1691//1691 1677//1677 1661//1661
f 1691//1691 1661//1661 1752//1752
f 1752//1752 1661//1661 1660//1660
f 1752//1752 1660//1660 1753//1753
f 1753//1753 1660//1660 1673//1673
f 1753//1753 1737//1737 1752//1752
f 1752//1752 1737//1737 1738//1738
f 1752//1752 1738//1738 1691//1691
f 1691//1691 1738//1738 1744//1744
f 1691//1691 1744//1744 1754//1754
f 1754//1754 1744//1744 1743//1743
f 1754//1754 1743//1743 1755//1755
f 1755//1755 1743//1743 1742//1742
f 1755//1755 1742//1742 1749//1749
f 1749//1749 1742//1742 1741//1741
f 1749//1749 1741//1741 1748//1748
f 1748//1748 1741//1741 1729//1729
f 1748//1748 1729//1729 1747//1747
f 1747//1747 1729//1729 1730//1730
f 1747//1747 1730//1730 1746//1746
f 1657//1657 1554//1554 1658//1658
f 1756//1756 1757//1757 1758//1758
f 1756//1756 1758//1758 1659//1659
f 1759//1759 1758//1758 1760//1760
f 1659//1659 1655//1655 1717//1717
f 1717//1717 1655//1655 1654//1654
f 1717//1717 1654//1654 1719//1719
f 1719//1719 1654//1654 1751//1751
f 1719//1719 1751//1751 1749//1749
f 1749//1749 1751//1751 1750//1750
f 1749//1749 1750//1750 1755//1755
f 1755//1755 1750//1750 1701//1701
f 1755//1755 1701//1701 1754//1754
f 1754//1754 1701//1701 1703//1703
f 1754//1754 1761//1761 1762//1762
f 1691//1691 1703//1703 1705//1705
f 1691//1691 1705//1705 1693//1693
f 1763//1763 1764//1764 1765//1765
f 1765//1765 1764//1764 1766//1766
f 1765//1765 1766//1766 1767//1767
f 1763//1763 1765//1765 1768//1768
f 1768//1768 1765//1765 1769//1769
f 1768//1768 1769//1769 1770//1770
f 1770//1770 1769//1769 1771//1771
f 1770//1770 1771//1771 1772//1772
f 1772//1772 1771//1771 1773//1773
f 1773//1773 1771//1771 1774//1774
f 1773//1773 1774//1774 1775//1775
f 1766//1766 1776//1776 1767//1767
f 1777//1777 1776//1776 1778//1778
f 1767//1767 1779//1779 1780//1780
f 1780//1780 1779//1779 1781//1781
f 1780//1780 1781//1781 1782//1782
f 1782//1782 1781//1781 1783//1783
f 1782//1782 1783//1783 1784//1784
f 1784//1784 1783//1783 1785//1785
f 1784//1784 1785//1785 1786//1786
f 1786//1786 1785//1785 1787//1787
f 1786//1786 1787//1787 1788//1788
f 1788//1788 1787//1787 1789//1789
f 1788//1788 1789//1789 1790//1790
f 1790//1790 1789//1789 1791//1791
f 1790//1790 1791//1791 1792//1792
f 1792//1792 1791//1791 1793//1793
f 1792//1792 1793//1793 1774//1774
f 1774//1774 1793//1793 1794//1794
f 1795//1795 1796//1796 1775//1775
f 1797//1797 1798//1798 1799//1799
f 1799//1799 1798//1798 1800//1800
f 1799//1799 1800//1800 1801//1801
f 1801//1801 1800//1800 1802//1802
f 1802//1802 1800//1800 1803//1803
f 1802//1802 1803//1803 1804//1804
f 1804//1804 1803//1803 1805//1805
f 1805//1805 1803//1803 1806//1806
f 1805//1805 1806//1806 1807//1807
f 1807//1807 1806//1806 1808//1808
f 1808//1808 1806//1806 1809//1809
f 1808//1808 1809//1809 1810//1810
f 1810//1810 1809//1809 1811//1811
f 1811//1811 1809//1809 1812//1812
f 1811//1811 1812//1812 1813//1813
f 1813//1813 1812//1812 1814//1814
f 1814//1814 1812//1812 1815//1815
f 1814//1814 1815//1815 1816//1816
f 1816//1816 1815//1815 1817//1817
f 1817//1817 1815//1815 1818//1818
f 1817//1817 1818//1818 1819//1819
f 1819//1819 1818//1818 1820//1820
f 1820//1820 1818//1818 1821//1821
f 1820//1820 1821//1821 1822//1822
f 1822//1822 1821//1821 1823//1823
f 1823//1823 1821//1821 1824//1824
f 1823//1823 1824//1824 1825//1825
f 1825//1825 1824//1824 1826//1826
f 1826//1826 1824//1824 1827//1827
f 1826//1826 1827//1827 1828//1828
f 1828//1828 1827//1827 1829//1829
f 1829//1829 1827//1827 1830//1830
f 1829//1829 1830//1830 1831//1831
f 1831//1831 1830//1830 1832//1832
f 1832//1832 1830//1830 1833//1833
f 1832//1832 1833//1833 1834//1834
f 1834//1834 1833//1833 1835//1835
f 1835//1835 1833//1833 1836//1836
f 1835//1835 1836//1836 1837//1837
f 1837//1837 1836//1836 1838//1838
f 1838//1838 1836//1836 1839//1839
f 1838//1838 1839//1839 1840//1840
f 1840//1840 1839//1839 1841//1841
f 1841//1841 1839//1839 1842//1842
f 1841//1841 1842//1842 1843//1843
f 1843//1843 1842//1842 1844//1844
f 1844//1844 1842//1842 1845//1845
f 1844//1844 1845//1845 1846//1846
f 1847//1847 1848//1848 1849//1849
f 1850//1850 1851//1851 1852//1852
f 1852//1852 1851//1851 1778//1778
f 1852//1852 1778//1778 1776//1776
f 1775//1775 1796//1796 1853//1853
f 1853//1853 1796//1796 1854//1854
f 1855//1855 1856//1856 1857//1857
f 1666//1666 1854//1854 1858//1858
f 1859//1859 1858//1858 1860//1860
f 1860//1860 1858//1858 1861//1861
f 1862//1862 1863//1863 1861//1861
f 1861//1861 1863//1863 1864//1864
f 1861//1861 1864//1864 1860//1860
f 1865//1865 1866//1866 1862//1862
f 1862//1862 1866//1866 1867//1867
f 1862//1862 1867//1867 1863//1863
f 1868//1868 1745//1745 1850//1850
f 1850//1850 1869//1869 1870//1870
f 1850//1850 1870//1870 1865//1865
f 1865//1865 1870//1870 1871//1871
f 1865//1865 1871//1871 1866//1866
f 1872//1872 1873//1873 1874//1874
f 1874//1874 1873//1873 1875//1875
f 1876//1876 1877//1877 1878//1878
f 1874//1874 1879//1879 1872//1872
f 1872//1872 1879//1879 1880//1880
f 1872//1872 1880//1880 1878//1878
f 1878//1878 1880//1880 1881//1881
f 1878//1878 1881//1881 1876//1876
f 1876//1876 1882//1882 1877//1877
f 1877//1877 1882//1882 1883//1883
f 1877//1877 1883//1883 1884//1884
f 1883//1883 1885//1885 1884//1884
f 1884//1884 1885//1885 1886//1886
f 1884//1884 1886//1886 1887//1887
f 1886//1886 1888//1888 1887//1887
f 1887//1887 1888//1888 1889//1889
f 1887//1887 1889//1889 1890//1890
f 1889//1889 1891//1891 1890//1890
f 1890//1890 1891//1891 1892//1892
f 1890//1890 1892//1892 1893//1893
f 1892//1892 1894//1894 1893//1893
f 1893//1893 1894//1894 1895//1895
f 1893//1893 1895//1895 1896//1896
f 1895//1895 1897//1897 1896//1896
f 1896//1896 1897//1897 1898//1898
f 1896//1896 1898//1898 1899//1899
f 1898//1898 1900//1900 1899//1899
f 1899//1899 1900//1900 1901//1901
f 1899//1899 1901//1901 1902//1902
f 1901//1901 1903//1903 1902//1902
f 1902//1902 1903//1903 1904//1904
f 1902//1902 1904//1904 1905//1905
f 1904//1904 1906//1906 1905//1905
f 1905//1905 1906//1906 1907//1907
f 1905//1905 1907//1907 1908//1908
f 1907//1907 1909//1909 1908//1908
f 1908//1908 1909//1909 1910//1910
f 1908//1908 1910//1910 1911//1911
f 1912//1912 1913//1913 1914//1914
f 1910//1910 1915//1915 1911//1911
f 1911//1911 1915//1915 1916//1916
f 1911//1911 1916//1916 1914//1914
f 1914//1914 1916//1916 1917//1917
f 1914//1914 1917//1917 1912//1912
f 1918//1918 1919//1919 1920//1920
f 1920//1920 1919//1919 1913//1913
f 1920//1920 1913//1913 1921//1921
f 1921//1921 1913//1913 1912//1912
f 1922//1922 1923//1923 1924//1924
f 1925//1925 1926//1926 1927//1927
f 1927//1927 1926//1926 1928//1928
f 1929//1929 1930//1930 1931//1931
f 1932//1932 1928//1928 1933//1933
f 1932//1932 1933//1933 1922//1922
f 1934//1934 1935//1935 1936//1936
f 1936//1936 1935//1935 1937//1937
f 1936//1936 1937//1937 1933//1933
f 1933//1933 1937//1937 1938//1938
f 1933//1933 1939//1939 1940//1940
f 1941//1941 1942//1942 1943//1943
f 1943//1943 1942//1942 1944//1944
f 1943//1943 1944//1944 1945//1945
f 1946//1946 1947//1947 1934//1934
f 1934//1934 1947//1947 1948//1948
f 1934//1934 1948//1948 1935//1935
f 1949//1949 1950//1950 1951//1951
f 1941//1941 1952//1952 1953//1953
f 1941//1941 1953//1953 1946//1946
f 1946//1946 1953//1953 1954//1954
f 1946//1946 1954//1954 1947//1947
f 1955//1955 1956//1956 1957//1957
f 1958//1958 1959//1959 1960//1960
f 1961//1961 1962//1962 1963//1963
f 1964//1964 1965//1965 1966//1966
f 1964//1964 1966//1966 1967//1967
f 1968//1968 1969//1969 1970//1970
f 1971//1971 1972//1972 1973//1973
f 1970//1970 1974//1974 1975//1975
f 1976//1976 1977//1977 1961//1961
f 1961//1961 1977//1977 1978//1978
f 1979//1979 1980//1980 1965//1965
f 1973//1973 1981//1981 1982//1982
f 1982//1982 1981//1981 1983//1983
f 1975//1975 1984//1984 1985//1985
f 1986//1986 1983//1983 1987//1987
f 1985//1985 1988//1988 1989//1989
f 1990//1990 1987//1987 1991//1991
f 1989//1989 1992//1992 1993//1993
f 1994//1994 1991//1991 1995//1995
f 1993//1993 1996//1996 1997//1997
f 1998//1998 1995//1995 1999//1999
f 1997//1997 2000//2000 2001//2001
f 2002//2002 1999//1999 2003//2003
f 2001//2001 2004//2004 2005//2005
f 2006//2006 2003//2003 2007//2007
f 2005//2005 2008//2008 2009//2009
f 2010//2010 2011//2011 2012//2012
f 2013//2013 2014//2014 2015//2015
f 2015//2015 2014//2014 2016//2016
f 2017//2017 2018//2018 2019//2019
f 2020//2020 2021//2021 2022//2022
f 2023//2023 2024//2024 1967//1967
f 2025//2025 2026//2026 2027//2027
f 2025//2025 2027//2027 2028//2028
f 2029//2029 2030//2030 2031//2031
f 2032//2032 1968//1968 2033//2033
f 2031//2031 2034//2034 2035//2035
f 2036//2036 2037//2037 2038//2038
f 2038//2038 2037//2037 2039//2039
f 2038//2038 2040//2040 2041//2041
f 2007//2007 2042//2042 2043//2043
f 2043//2043 2042//2042 2044//2044
f 2009//2009 2045//2045 2046//2046
f 2047//2047 2044//2044 2048//2048
f 2046//2046 2049//2049 2050//2050
f 2051//2051 2048//2048 2052//2052
f 2050//2050 2053//2053 1976//1976
f 2054//2054 2052//2052 2055//2055
f 2056//2056 2057//2057 2058//2058
f 2059//2059 2060//2060 2061//2061
f 2061//2061 2060//2060 2062//2062
f 2063//2063 2064//2064 2065//2065
f 2066//2066 2062//2062 2067//2067
f 2068//2068 2069//2069 2033//2033
f 2034//2034 2067//2067 2070//2070
f 2034//2034 2070//2070 2035//2035
f 2071//2071 2072//2072 2073//2073
f 2074//2074 2075//2075 2076//2076
f 2076//2076 2075//2075 2077//2077
f 2078//2078 2079//2079 2080//2080
f 2081//2081 2082//2082 2083//2083
f 2084//2084 2085//2085 2086//2086
f 2086//2086 2085//2085 2087//2087
f 2088//2088 2089//2089 2090//2090
f 2091//2091 2092//2092 2093//2093
f 2094//2094 2095//2095 2096//2096
f 2096//2096 2095//2095 2097//2097
f 2098//2098 2099//2099 2100//2100
f 2101//2101 2097//2097 2102//2102
f 2100//2100 2103//2103 2104//2104
f 2102//2102 2105//2105 2106//2106
f 2106//2106 2105//2105 2107//2107
f 2108//2108 2109//2109 2110//2110
f 2111//2111 2112//2112 2113//2113
f 2114//2114 2115//2115 2116//2116
f 2113//2113 2117//2117 2118//2118
f 2119//2119 2116//2116 2120//2120
f 2118//2118 2121//2121 2082//2082
f 2122//2122 2120//2120 2123//2123
f 2124//2124 2125//2125 2126//2126
f 2127//2127 2128//2128 2129//2129
f 2130//2130 2131//2131 2132//2132
f 2129//2129 2133//2133 2134//2134
f 2135//2135 2132//2132 2136//2136
f 2134//2134 2137//2137 2138//2138
f 2139//2139 2136//2136 2140//2140
f 2138//2138 2141//2141 2142//2142
f 2143//2143 2140//2140 2144//2144
f 2142//2142 2145//2145 2146//2146
f 2147//2147 2144//2144 2148//2148
f 2146//2146 2149//2149 2150//2150
f 2151//2151 2148//2148 2152//2152
f 2150//2150 2153//2153 2111//2111
f 2154//2154 2152//2152 2155//2155
f 2154//2154 2155//2155 2115//2115
f 2156//2156 2157//2157 2158//2158
f 2159//2159 2160//2160 2161//2161
f 2158//2158 2162//2162 2127//2127
f 2163//2163 2161//2161 2164//2164
f 2163//2163 2164//2164 2131//2131
f 2107//2107 2165//2165 2166//2166
f 2166//2166 2165//2165 2167//2167
f 2110//2110 2168//2168 2156//2156
f 2169//2169 2167//2167 2170//2170
f 2171//2171 2172//2172 2173//2173
f 2083//2083 2174//2174 2081//2081
f 2175//2175 2176//2176 2177//2177
f 2081//2081 2178//2178 2179//2179
f 2180//2180 2177//2177 2181//2181
f 2182//2182 2183//2183 2184//2184
f 2185//2185 2181//2181 2186//2186
f 2185//2185 2186//2186 2187//2187
f 2188//2188 2189//2189 2190//2190
f 2191//2191 2192//2192 2193//2193
f 2194//2194 2195//2195 2196//2196
f 2197//2197 2198//2198 2199//2199
f 2200//2200 2201//2201 2202//2202
f 2202//2202 2201//2201 1594//1594
f 1594//1594 2201//2201 2203//2203
f 1594//1594 2203//2203 1589//1589
f 1589//1589 2203//2203 2204//2204
f 1589//1589 2204//2204 1590//1590
f 2205//2205 2206//2206 2207//2207
f 2206//2206 2208//2208 2207//2207
f 2207//2207 2208//2208 2209//2209
f 2207//2207 2209//2209 2210//2210
f 2211//2211 2212//2212 2213//2213
f 2213//2213 2212//2212 2214//2214
f 2214//2214 2215//2215 2213//2213
f 2213//2213 2215//2215 2216//2216
f 2213//2213 2216//2216 2217//2217
f 2217//2217 2216//2216 2218//2218
f 2217//2217 2218//2218 2219//2219
f 2198//2198 2220//2220 2199//2199
f 2199//2199 2220//2220 2221//2221
f 2199//2199 2221//2221 2222//2222
f 2222//2222 2221//2221 2223//2223
f 2224//2224 2190//2190 2225//2225
f 2225//2225 2190//2190 2189//2189
f 2225//2225 2189//2189 2226//2226
f 2227//2227 2228//2228 2229//2229
f 2229//2229 2228//2228 2230//2230
f 2231//2231 2227//2227 2232//2232
f 2232//2232 2227//2227 2229//2229
f 2232//2232 2229//2229 2188//2188
f 2188//2188 2229//2229 2230//2230
f 2188//2188 2230//2230 2189//2189
f 2189//2189 2230//2230 2233//2233
f 2189//2189 2233//2233 2226//2226
f 2234//2234 2235//2235 2236//2236
f 2236//2236 2235//2235 1572//1572
f 2236//2236 1572//1572 2237//2237
f 1571//1571 2238//2238 1572//1572
f 1572//1572 2238//2238 2239//2239
f 1572//1572 2239//2239 2237//2237
f 2240//2240 2241//2241 2242//2242
f 2242//2242 2241//2241 2243//2243
f 2242//2242 2243//2243 2244//2244
f 2244//2244 2243//2243 2245//2245
f 2246//2246 2247//2247 2248//2248
f 2249//2249 2247//2247 2250//2250
f 2250//2250 2247//2247 2246//2246
f 2250//2250 2246//2246 2251//2251
f 2194//2194 2196//2196 2252//2252
f 2252//2252 2196//2196 2253//2253
f 2252//2252 2253//2253 2254//2254
f 2255//2255 1922//1922 1938//1938
f 2256//2256 1923//1923 1922//1922
f 1922//1922 2255//2255 2256//2256
f 2256//2256 2255//2255 2257//2257
f 2256//2256 2257//2257 2258//2258
f 2258//2258 2257//2257 2259//2259
f 2258//2258 2259//2259 2260//2260
f 2260//2260 2259//2259 2261//2261
f 2260//2260 2261//2261 2262//2262
f 2191//2191 2193//2193 2263//2263
f 2263//2263 2193//2193 2202//2202
f 2263//2263 2202//2202 2264//2264
f 2264//2264 2202//2202 1594//1594
f 2264//2264 1594//1594 1593//1593
f 2194//2194 2251//2251 2195//2195
f 2195//2195 2251//2251 2246//2246
f 2195//2195 2246//2246 2240//2240
f 2240//2240 2246//2246 2248//2248
f 2240//2240 2248//2248 2241//2241
f 2222//2222 2265//2265 2199//2199
f 2199//2199 2265//2265 2266//2266
f 2199//2199 2266//2266 2197//2197
f 2197//2197 2266//2266 2190//2190
f 2197//2197 2190//2190 2267//2267
f 2267//2267 2190//2190 2224//2224
f 2268//2268 2211//2211 2269//2269
f 2269//2269 2211//2211 2213//2213
f 2270//2270 2271//2271 2272//2272
f 2272//2272 2271//2271 2273//2273
f 2272//2272 2273//2273 2274//2274
f 2223//2223 2268//2268 2222//2222
f 2222//2222 2268//2268 2269//2269
f 2222//2222 2270//2270 2275//2275
f 2275//2275 2270//2270 2272//2272
f 2275//2275 2272//2272 2276//2276
f 2276//2276 2272//2272 2274//2274
f 2276//2276 2274//2274 2277//2277
f 2277//2277 2274//2274 2278//2278
f 2191//2191 2262//2262 2192//2192
f 2192//2192 2262//2262 2261//2261
f 2192//2192 2261//2261 2217//2217
f 2217//2217 2261//2261 2259//2259
f 2217//2217 2259//2259 2271//2271
f 2271//2271 2259//2259 2257//2257
f 2271//2271 2257//2257 2273//2273
f 2273//2273 2257//2257 2255//2255
f 2273//2273 2255//2255 2274//2274
f 2274//2274 2255//2255 1938//1938
f 2274//2274 1938//1938 2278//2278
f 2219//2219 2205//2205 2217//2217
f 2217//2217 2205//2205 2207//2207
f 2217//2217 2207//2207 2192//2192
f 2192//2192 2207//2207 2210//2210
f 2192//2192 2210//2210 2193//2193
f 2193//2193 2210//2210 2279//2279
f 2193//2193 2279//2279 2202//2202
f 2202//2202 2279//2279 2280//2280
f 2202//2202 2280//2280 2200//2200
f 2277//2277 2254//2254 2276//2276
f 2276//2276 2254//2254 2253//2253
f 2276//2276 2253//2253 2275//2275
f 2275//2275 2253//2253 2196//2196
f 2275//2275 2196//2196 2222//2222
f 2222//2222 2196//2196 2195//2195
f 2222//2222 2195//2195 2265//2265
f 2265//2265 2195//2195 2240//2240
f 2265//2265 2240//2240 2266//2266
f 2266//2266 2240//2240 2242//2242
f 2266//2266 2242//2242 2190//2190
f 2190//2190 2242//2242 2244//2244
f 2190//2190 2244//2244 2188//2188
f 2188//2188 2244//2244 2245//2245
f 2188//2188 2245//2245 2234//2234
f 1846//1846 2281//2281 2282//2282
f 2282//2282 2281//2281 2283//2283
f 2284//2284 2285//2285 2286//2286
f 2287//2287 2283//2283 2288//2288
f 2287//2287 2288//2288 2289//2289
f 2290//2290 2291//2291 2292//2292
f 2292//2292 2291//2291 2293//2293
f 2292//2292 2293//2293 2294//2294
f 2290//2290 2295//2295 2291//2291
f 2291//2291 2295//2295 1797//1797
f 2296//2296 2297//2297 2298//2298
f 2298//2298 2297//2297 2299//2299
f 2298//2298 2299//2299 2300//2300
f 2300//2300 2299//2299 2301//2301
f 2300//2300 2301//2301 2302//2302
f 2302//2302 2301//2301 2303//2303
f 2302//2302 2303//2303 2304//2304
f 2304//2304 2303//2303 2305//2305
f 2304//2304 2305//2305 2306//2306
f 2306//2306 2305//2305 2307//2307
f 2306//2306 2307//2307 2308//2308
f 2308//2308 2307//2307 2309//2309
f 2308//2308 2309//2309 2310//2310
f 2310//2310 2309//2309 2311//2311
f 2310//2310 2311//2311 2312//2312
f 2312//2312 2311//2311 2313//2313
f 2312//2312 2313//2313 2314//2314
f 2314//2314 2313//2313 2315//2315
f 2314//2314 2315//2315 2316//2316
f 2316//2316 2315//2315 2317//2317
f 2316//2316 2317//2317 2318//2318
f 2318//2318 2317//2317 2319//2319
f 2318//2318 2319//2319 2320//2320
f 2320//2320 2319//2319 2321//2321
f 2322//2322 2323//2323 2324//2324
f 2324//2324 2323//2323 2325//2325
f 2324//2324 2325//2325 2326//2326
f 2326//2326 2325//2325 2327//2327
f 2326//2326 2327//2327 2328//2328
f 2328//2328 2327//2327 2329//2329
f 2328//2328 2329//2329 2330//2330
f 2330//2330 2329//2329 2331//2331
f 2330//2330 2331//2331 2332//2332
f 2332//2332 2331//2331 2333//2333
f 2332//2332 2333//2333 2334//2334
f 2334//2334 2333//2333 2335//2335
f 2334//2334 2335//2335 2336//2336
f 2336//2336 2335//2335 2337//2337
f 2336//2336 2337//2337 2338//2338
f 2338//2338 2337//2337 2339//2339
f 2338//2338 2339//2339 2340//2340
f 2340//2340 2339//2339 2341//2341
f 2340//2340 2341//2341 2342//2342
f 2342//2342 2341//2341 2343//2343
f 2342//2342 2343//2343 2344//2344
f 2344//2344 2343//2343 2345//2345
f 2344//2344 2345//2345 2346//2346
f 2346//2346 2345//2345 2347//2347
f 2346//2346 2347//2347 2348//2348
f 2348//2348 2347//2347 2349//2349
f 2348//2348 2349//2349 2321//2321
f 2321//2321 2349//2349 2350//2350
f 2321//2321 2350//2350 2320//2320
f 2351//2351 2284//2284 2352//2352
f 2352//2352 2284//2284 2353//2353
f 2352//2352 2353//2353 2354//2354
f 2354//2354 2353//2353 2355//2355
f 2354//2354 2355//2355 2356//2356
f 2356//2356 2355//2355 2357//2357
f 2356//2356 2357//2357 2358//2358
f 2358//2358 2357//2357 2359//2359
f 2358//2358 2359//2359 2360//2360
f 2360//2360 2359//2359 2361//2361
f 2360//2360 2361//2361 2322//2322
f 2322//2322 2361//2361 2362//2362
f 2322//2322 2362//2362 2323//2323
f 2363//2363 2364//2364 2365//2365
f 2364//2364 2363//2363 2366//2366
f 1875//1875 2367//2367 2368//2368
f 2368//2368 2367//2367 2369//2369
f 2370//2370 2371//2371 2372//2372
f 2373//2373 2369//2369 2374//2374
f 2372//2372 2375//2375 2376//2376
f 2377//2377 2378//2378 2379//2379
f 2379//2379 2378//2378 1918//1918
f 2366//2366 2380//2380 2381//2381
f 2381//2381 2380//2380 2382//2382
f 2381//2381 2382//2382 2383//2383
f 2383//2383 2382//2382 2384//2384
f 2383//2383 2384//2384 2385//2385
f 2385//2385 2384//2384 2386//2386
f 2385//2385 2386//2386 2387//2387
f 2387//2387 2386//2386 2388//2388
f 2387//2387 2388//2388 2389//2389
f 2389//2389 2388//2388 2390//2390
f 2389//2389 2390//2390 2391//2391
f 2391//2391 2390//2390 2392//2392
f 2391//2391 2392//2392 2393//2393
f 2393//2393 2392//2392 2394//2394
f 2395//2395 2396//2396 2397//2397
f 2397//2397 2396//2396 2398//2398
f 2397//2397 2398//2398 2399//2399
f 2399//2399 2398//2398 2400//2400
f 2399//2399 2400//2400 2401//2401
f 2401//2401 2400//2400 2402//2402
f 2401//2401 2402//2402 2403//2403
f 2403//2403 2402//2402 2404//2404
f 2403//2403 2404//2404 2405//2405
f 2405//2405 2404//2404 2406//2406
f 2405//2405 2406//2406 2407//2407
f 2407//2407 2406//2406 2408//2408
f 2407//2407 2408//2408 2409//2409
f 2409//2409 2408//2408 2410//2410
f 2409//2409 2410//2410 2411//2411
f 2411//2411 2410//2410 2412//2412
f 2411//2411 2412//2412 2413//2413
f 2413//2413 2412//2412 2414//2414
f 2413//2413 2414//2414 2415//2415
f 2415//2415 2414//2414 2416//2416
f 2415//2415 2416//2416 2417//2417
f 2417//2417 2416//2416 2418//2418
f 2417//2417 2418//2418 2419//2419
f 2419//2419 2418//2418 2420//2420
f 2419//2419 2420//2420 2421//2421
f 2421//2421 2420//2420 2422//2422
f 2421//2421 2422//2422 2394//2394
f 2394//2394 2422//2422 2423//2423
f 2394//2394 2423//2423 2393//2393
f 2424//2424 2370//2370 2425//2425
f 2425//2425 2370//2370 2426//2426
f 2425//2425 2426//2426 2427//2427
f 2427//2427 2426//2426 2428//2428
f 2427//2427 2428//2428 2429//2429
f 2429//2429 2428//2428 2430//2430
f 2429//2429 2430//2430 2431//2431
f 2431//2431 2430//2430 2432//2432
f 2431//2431 2432//2432 2433//2433
f 2433//2433 2432//2432 2434//2434
f 2433//2433 2434//2434 2435//2435
f 2435//2435 2434//2434 2436//2436
f 2435//2435 2436//2436 2437//2437
f 2437//2437 2436//2436 2438//2438
f 2437//2437 2438//2438 2439//2439
f 2439//2439 2438//2438 2440//2440
f 2439//2439 2440//2440 2441//2441
f 2441//2441 2440//2440 2442//2442
f 2441//2441 2442//2442 2443//2443
f 2443//2443 2442//2442 2444//2444
f 2443//2443 2444//2444 2395//2395
f 2395//2395 2444//2444 2445//2445
f 2395//2395 2445//2445 2396//2396
f 2446//2446 2447//2447 2448//2448
f 2448//2448 2447//2447 2449//2449
f 2448//2448 2449//2449 2450//2450
f 2450//2450 2449//2449 2451//2451
f 2450//2450 2451//2451 2452//2452
f 2452//2452 2451//2451 2453//2453
f 2452//2452 2453//2453 2454//2454
f 2454//2454 2453//2453 2455//2455
f 2454//2454 2455//2455 2456//2456
f 2456//2456 2455//2455 2457//2457
f 2456//2456 2457//2457 2458//2458
f 2458//2458 2457//2457 2459//2459
f 2458//2458 2459//2459 2460//2460
f 2460//2460 2459//2459 2461//2461
f 2460//2460 2461//2461 2462//2462
f 2462//2462 2461//2461 2463//2463
f 2462//2462 2463//2463 2464//2464
f 2464//2464 2463//2463 2465//2465
f 2464//2464 2465//2465 2466//2466
f 2466//2466 2465//2465 2467//2467
f 2466//2466 2467//2467 2468//2468
f 2468//2468 2467//2467 2469//2469
f 2468//2468 2469//2469 2470//2470
f 2470//2470 2469//2469 2471//2471
f 2470//2470 2471//2471 2472//2472
f 2472//2472 2471//2471 2473//2473
f 2472//2472 2473//2473 2474//2474
f 2474//2474 2473//2473 2475//2475
f 2474//2474 2475//2475 2476//2476
f 2476//2476 2475//2475 2477//2477
f 2476//2476 2477//2477 2478//2478
f 2478//2478 2477//2477 2479//2479
f 2478//2478 2479//2479 2480//2480
f 2480//2480 2479//2479 2481//2481
f 2480//2480 2481//2481 2482//2482
f 2482//2482 2481//2481 2483//2483
f 2482//2482 2483//2483 2484//2484
f 2484//2484 2483//2483 2485//2485
f 2484//2484 2485//2485 2486//2486
f 2486//2486 2485//2485 2487//2487
f 2486//2486 2487//2487 2488//2488
f 2488//2488 2487//2487 2489//2489
f 2488//2488 2489//2489 2490//2490
f 2490//2490 2489//2489 2491//2491
f 2490//2490 2491//2491 2492//2492
f 2492//2492 2491//2491 2493//2493
f 2492//2492 2493//2493 2494//2494
f 2494//2494 2493//2493 2495//2495
f 2494//2494 2495//2495 2496//2496
f 2496//2496 2495//2495 2497//2497
f 2496//2496 2497//2497 2498//2498
f 2498//2498 2497//2497 2499//2499
f 2498//2498 2499//2499 2500//2500
f 2500//2500 2499//2499 2501//2501
f 2500//2500 2501//2501 2502//2502
f 2502//2502 2501//2501 2503//2503
f 2502//2502 2503//2503 2504//2504
f 2504//2504 2503//2503 2505//2505
f 2504//2504 2505//2505 2506//2506
f 2506//2506 2505//2505 2507//2507
f 2506//2506 2507//2507 2508//2508
f 2508//2508 2507//2507 2509//2509
f 2508//2508 2509//2509 2510//2510
f 2510//2510 2509//2509 2511//2511
f 2510//2510 2511//2511 2512//2512
f 2512//2512 2511//2511 2513//2513
f 2512//2512 2513//2513 2514//2514
f 2514//2514 2513//2513 2515//2515
f 2514//2514 2515//2515 2516//2516
f 2516//2516 2515//2515 2517//2517
f 2516//2516 2517//2517 2518//2518
f 2518//2518 2517//2517 2519//2519
f 2518//2518 2519//2519 2520//2520
f 2520//2520 2519//2519 2521//2521
f 2520//2520 2521//2521 2522//2522
f 2522//2522 2521//2521 2523//2523
f 2524//2524 2525//2525 2526//2526
f 2527//2527 2377//2377 2528//2528
f 2529//2529 2530//2530 2531//2531
f 2528//2528 2532//2532 2533//2533
f 2533//2533 2534//2534 2528//2528
f 2528//2528 2534//2534 2535//2535
f 2529//2529 2536//2536 2537//2537
f 2538//2538 2539//2539 2540//2540
f 2524//2524 2541//2541 2525//2525
f 2283//2283 2542//2542 2288//2288
f 2543//2543 2544//2544 2538//2538
f 2543//2543 2538//2538 2545//2545
f 2546//2546 2524//2524 2526//2526
f 2374//2374 2547//2547 2548//2548
f 2549//2549 2550//2550 2551//2551
f 2548//2548 2552//2552 2553//2553
f 2553//2553 2552//2552 2554//2554
f 2555//2555 2292//2292 2556//2556
f 2557//2557 2558//2558 2559//2559
f 2560//2560 2561//2561 2562//2562
f 2562//2562 2563//2563 2560//2560
f 2560//2560 2563//2563 2564//2564
f 2565//2565 2566//2566 2567//2567
f 2568//2568 2569//2569 2570//2570
f 2552//2552 2571//2571 2554//2554
f 2572//2572 2573//2573 2574//2574
f 2574//2574 2573//2573 2575//2575
f 2574//2574 2575//2575 2576//2576
f 2576//2576 2575//2575 2577//2577
f 2578//2578 2579//2579 2577//2577
f 2577//2577 2579//2579 2580//2580
f 2577//2577 2580//2580 2576//2576
f 2572//2572 2581//2581 2573//2573
f 2573//2573 2581//2581 1945//1945
f 2573//2573 2582//2582 2583//2583
f 2583//2583 2582//2582 1944//1944
f 2583//2583 2584//2584 2585//2585
f 2585//2585 2584//2584 2586//2586
f 2585//2585 2586//2586 2587//2587
f 2587//2587 2586//2586 2588//2588
f 2587//2587 2588//2588 2589//2589
f 2589//2589 2588//2588 2590//2590
f 2589//2589 2590//2590 2591//2591
f 2591//2591 2590//2590 2592//2592
f 2591//2591 2592//2592 2593//2593
f 2593//2593 2592//2592 2594//2594
f 2593//2593 2594//2594 2595//2595
f 2595//2595 2594//2594 2596//2596
f 2595//2595 2596//2596 2597//2597
f 2597//2597 2596//2596 2598//2598
f 2597//2597 2598//2598 2578//2578
f 2578//2578 2598//2598 2599//2599
f 2578//2578 2599//2599 2579//2579
f 2600//2600 2601//2601 2602//2602
f 2603//2603 2604//2604 2605//2605
f 2606//2606 2607//2607 2608//2608
f 2609//2609 2602//2602 2610//2610
f 2610//2610 2602//2602 2601//2601
f 2611//2611 2612//2612 2613//2613
f 2614//2614 1588//1588 1587//1587
f 2615//2615 2616//2616 2617//2617
f 2618//2618 2619//2619 2620//2620
f 2602//2602 2621//2621 2600//2600
f 2622//2622 2623//2623 2624//2624
f 2625//2625 2239//2239 2238//2238
f 2626//2626 2627//2627 2628//2628
f 2614//2614 2238//2238 1571//1571
f 2613//2613 2629//2629 2611//2611
f 2630//2630 2631//2631 2632//2632
f 2632//2632 2631//2631 2633//2633
f 2634//2634 2635//2635 2636//2636
f 2625//2625 2633//2633 2231//2231
f 2624//2624 2637//2637 2622//2622
f 2638//2638 2639//2639 2640//2640
f 2640//2640 2639//2639 2226//2226
f 2641//2641 2642//2642 2632//2632
f 2632//2632 2226//2226 2233//2233
f 2632//2632 2233//2233 2630//2630
f 2643//2643 2644//2644 2645//2645
f 2645//2645 2223//2223 2643//2643
f 2643//2643 2223//2223 2221//2221
f 2643//2643 2221//2221 2220//2220
f 2220//2220 2198//2198 2643//2643
f 2643//2643 2198//2198 2197//2197
f 2643//2643 2646//2646 2640//2640
f 2640//2640 2197//2197 2267//2267
f 2640//2640 2267//2267 2638//2638
f 2215//2215 2214//2214 2647//2647
f 2647//2647 2214//2214 2212//2212
f 2647//2647 2648//2648 2644//2644
f 2644//2644 2648//2648 2211//2211
f 2644//2644 2211//2211 2645//2645
f 2209//2209 2208//2208 2649//2649
f 2649//2649 2208//2208 2206//2206
f 2649//2649 2650//2650 2651//2651
f 2651//2651 2219//2219 2649//2649
f 2649//2649 2219//2219 2218//2218
f 2652//2652 2653//2653 2654//2654
f 2647//2647 2218//2218 2216//2216
f 2647//2647 2216//2216 2215//2215
f 2209//2209 2652//2652 2210//2210
f 2655//2655 2656//2656 2657//2657
f 2658//2658 2659//2659 2660//2660
f 2603//2603 2661//2661 2604//2604
f 2662//2662 2661//2661 2663//2663
f 2664//2664 2665//2665 2666//2666
f 2667//2667 2663//2663 2204//2204
f 2667//2667 2668//2668 2669//2669
f 2669//2669 2670//2670 2671//2671
f 2667//2667 2201//2201 2200//2200
f 2672//2672 2673//2673 2674//2674
f 2659//2659 2200//2200 2280//2280
f 2659//2659 2280//2280 2660//2660
f 2675//2675 2676//2676 2677//2677
f 2677//2677 2676//2676 2678//2678
f 2677//2677 2678//2678 2679//2679
f 2679//2679 2678//2678 2680//2680
f 2679//2679 2680//2680 2681//2681
f 2681//2681 2680//2680 2625//2625
f 2681//2681 2625//2625 2573//2573
f 2573//2573 2625//2625 2614//2614
f 2573//2573 2614//2614 2682//2682
f 2682//2682 2614//2614 2683//2683
f 2682//2682 2683//2683 2684//2684
f 2684//2684 2683//2683 2685//2685
f 2684//2684 2685//2685 2686//2686
f 2686//2686 2685//2685 2687//2687
f 2686//2686 2687//2687 2688//2688
f 2688//2688 2687//2687 2689//2689
f 2688//2688 2689//2689 2690//2690
f 2690//2690 2689//2689 2649//2649
f 2690//2690 2649//2649 2691//2691
f 2691//2691 2649//2649 2647//2647
f 2691//2691 2647//2647 2692//2692
f 2692//2692 2647//2647 2693//2693
f 2692//2692 2693//2693 2675//2675
f 2675//2675 2693//2693 2676//2676
f 2694//2694 2695//2695 2696//2696
f 2697//2697 1713//1713 1710//1710
f 2698//2698 2699//2699 2697//2697
f 2697//2697 2699//2699 1707//1707
f 2700//2700 2701//2701 2702//2702
f 2703//2703 1707//1707 1708//1708
f 2703//2703 1708//1708 1568//1568
f 1711//1711 2704//2704 1706//1706
f 2705//2705 2704//2704 2706//2706
f 1706//1706 2707//2707 1694//1694
f 2708//2708 2709//2709 2704//2704
f 2704//2704 2709//2709 1715//1715
f 2710//2710 2711//2711 2694//2694
f 2712//2712 2711//2711 1714//1714
f 2712//2712 2713//2713 2695//2695
f 1699//1699 1698//1698 2714//2714
f 2714//2714 1698//1698 1697//1697
f 2715//2715 2716//2716 2707//2707
f 2707//2707 2716//2716 1695//1695
f 2707//2707 1695//1695 1694//1694
f 2717//2717 1692//1692 1693//1693
f 1693//1693 1705//1705 2717//2717
f 2717//2717 1705//1705 1704//1704
f 2717//2717 2718//2718 2719//2719
f 2719//2719 2718//2718 1702//1702
f 2719//2719 2720//2720 2715//2715
f 2715//2715 2720//2720 1700//1700
f 2715//2715 1700//1700 1699//1699
f 1692//1692 2717//2717 1690//1690
f 2721//2721 2717//2717 2722//2722
f 2721//2721 2722//2722 1677//1677
f 2723//2723 2724//2724 2722//2722
f 2722//2722 2724//2724 1678//1678
f 2722//2722 1678//1678 1677//1677
f 2725//2725 2726//2726 2727//2727
f 2727//2727 2726//2726 1681//1681
f 2727//2727 2728//2728 2723//2723
f 2729//2729 1681//1681 1680//1680
f 2729//2729 1680//1680 2724//2724
f 1689//1689 1688//1688 2730//2730
f 2730//2730 1688//1688 2731//2731
f 2732//2732 2731//2731 2733//2733
f 2727//2727 2731//2731 1684//1684
f 2727//2727 1684//1684 2725//2725
f 1568//1568 1566//1566 2703//2703
f 2703//2703 1566//1566 1565//1565
f 2703//2703 1565//1565 1562//1562
f 1562//1562 1564//1564 2703//2703
f 2703//2703 1564//1564 1687//1687
f 2734//2734 2735//2735 2736//2736
f 2730//2730 1687//1687 1686//1686
f 2730//2730 1686//1686 1689//1689
f 2737//2737 2714//2714 2738//2738
f 2738//2738 2714//2714 2707//2707
f 2738//2738 2707//2707 2739//2739
f 2739//2739 2707//2707 2704//2704
f 2739//2739 2704//2704 1777//1777
f 1777//1777 2704//2704 2712//2712
f 1777//1777 2712//2712 1765//1765
f 1765//1765 2712//2712 2697//2697
f 1765//1765 2697//2697 2740//2740
f 2740//2740 2697//2697 2703//2703
f 2740//2740 2703//2703 2741//2741
f 2741//2741 2703//2703 2730//2730
f 2741//2741 2730//2730 1795//1795
f 1795//1795 2730//2730 2742//2742
f 1795//1795 2742//2742 2743//2743
f 2743//2743 2742//2742 2729//2729
f 2743//2743 2729//2729 2744//2744
f 2744//2744 2729//2729 2745//2745
f 2744//2744 2745//2745 2746//2746
f 2746//2746 2745//2745 2717//2717
f 2746//2746 2717//2717 2747//2747
f 2747//2747 2717//2717 2748//2748
f 2747//2747 2748//2748 2737//2737
f 2737//2737 2748//2748 2714//2714
f 2534//2534 2533//2533 2749//2749
f 2554//2554 2571//2571 2750//2750
f 2535//2535 2534//2534 2751//2751
f 2751//2751 2534//2534 2749//2749
f 2751//2751 2749//2749 2752//2752
f 2752//2752 2749//2749 2753//2753
f 2752//2752 2753//2753 2754//2754
f 2754//2754 2753//2753 2755//2755
f 2754//2754 2755//2755 2756//2756
f 2756//2756 2755//2755 2757//2757
f 2756//2756 2757//2757 2758//2758
f 2758//2758 2757//2757 2759//2759
f 2758//2758 2759//2759 2760//2760
f 2760//2760 2759//2759 2761//2761
f 2760//2760 2761//2761 2762//2762
f 2762//2762 2761//2761 2763//2763
f 2762//2762 2763//2763 2764//2764
f 2764//2764 2763//2763 2765//2765
f 2764//2764 2765//2765 2766//2766
f 2766//2766 2765//2765 2767//2767
f 2766//2766 2767//2767 2768//2768
f 2768//2768 2767//2767 2769//2769
f 2768//2768 2769//2769 2770//2770
f 2770//2770 2769//2769 2771//2771
f 2770//2770 2771//2771 2772//2772
f 2772//2772 2771//2771 2773//2773
f 2772//2772 2773//2773 2774//2774
f 2774//2774 2773//2773 2775//2775
f 2774//2774 2775//2775 2776//2776
f 2776//2776 2775//2775 2777//2777
f 2776//2776 2777//2777 2778//2778
f 2778//2778 2777//2777 2779//2779
f 2778//2778 2779//2779 2780//2780
f 2780//2780 2779//2779 2781//2781
f 2780//2780 2781//2781 2782//2782
f 2782//2782 2781//2781 2783//2783
f 2782//2782 2783//2783 2784//2784
f 2784//2784 2783//2783 2785//2785
f 2784//2784 2785//2785 2786//2786
f 2786//2786 2785//2785 2787//2787
f 2786//2786 2787//2787 2788//2788
f 2788//2788 2787//2787 2789//2789
f 2788//2788 2789//2789 2790//2790
f 2790//2790 2789//2789 2791//2791
f 2790//2790 2791//2791 2792//2792
f 2792//2792 2791//2791 2793//2793
f 2792//2792 2793//2793 2794//2794
f 2794//2794 2793//2793 2795//2795
f 2794//2794 2795//2795 2796//2796
f 2796//2796 2795//2795 2797//2797
f 2796//2796 2797//2797 2798//2798
f 2798//2798 2797//2797 2799//2799
f 2798//2798 2799//2799 2800//2800
f 2800//2800 2799//2799 2801//2801
f 2800//2800 2801//2801 2802//2802
f 2802//2802 2801//2801 2803//2803
f 2802//2802 2803//2803 2804//2804
f 2804//2804 2803//2803 2805//2805
f 2804//2804 2805//2805 2806//2806
f 2806//2806 2805//2805 2807//2807
f 2806//2806 2807//2807 2808//2808
f 2808//2808 2807//2807 2809//2809
f 2808//2808 2809//2809 2810//2810
f 2810//2810 2809//2809 2811//2811
f 2810//2810 2811//2811 2812//2812
f 2812//2812 2811//2811 2813//2813
f 2812//2812 2813//2813 2814//2814
f 2814//2814 2813//2813 2815//2815
f 2814//2814 2815//2815 2816//2816
f 2816//2816 2815//2815 2817//2817
f 2816//2816 2817//2817 2818//2818
f 2818//2818 2817//2817 2819//2819
f 2818//2818 2819//2819 2820//2820
f 2820//2820 2819//2819 2821//2821
f 2820//2820 2821//2821 2750//2750
f 2750//2750 2821//2821 2822//2822
f 2750//2750 2822//2822 2554//2554
f 2554//2554 2822//2822 2553//2553
f 2533//2533 2532//2532 2749//2749
f 2749//2749 2532//2532 2823//2823
f 2749//2749 2823//2823 2753//2753
f 2753//2753 2823//2823 2379//2379
f 2753//2753 2379//2379 2755//2755
f 2755//2755 2379//2379 2824//2824
f 2755//2755 2824//2824 2757//2757
f 2757//2757 2824//2824 2825//2825
f 2757//2757 2825//2825 2759//2759
f 2759//2759 2825//2825 2826//2826
f 2759//2759 2826//2826 2761//2761
f 2761//2761 2826//2826 2827//2827
f 2761//2761 2827//2827 2763//2763
f 2763//2763 2827//2827 2828//2828
f 2763//2763 2828//2828 2765//2765
f 2765//2765 2828//2828 2829//2829
f 2765//2765 2829//2829 2767//2767
f 2767//2767 2829//2829 2830//2830
f 2767//2767 2830//2830 2769//2769
f 2769//2769 2830//2830 2831//2831
f 2769//2769 2831//2831 2771//2771
f 2771//2771 2831//2831 2832//2832
f 2771//2771 2832//2832 2773//2773
f 2773//2773 2832//2832 2833//2833
f 2773//2773 2833//2833 2775//2775
f 2775//2775 2833//2833 2834//2834
f 2775//2775 2834//2834 2777//2777
f 2777//2777 2834//2834 2835//2835
f 2777//2777 2835//2835 2779//2779
f 2779//2779 2835//2835 2836//2836
f 2779//2779 2836//2836 2781//2781
f 2781//2781 2836//2836 2837//2837
f 2781//2781 2837//2837 2783//2783
f 2783//2783 2837//2837 2838//2838
f 2783//2783 2838//2838 2785//2785
f 2785//2785 2838//2838 2839//2839
f 2785//2785 2839//2839 2787//2787
f 2787//2787 2839//2839 2840//2840
f 2787//2787 2840//2840 2789//2789
f 2789//2789 2840//2840 2841//2841
f 2789//2789 2841//2841 2791//2791
f 2791//2791 2841//2841 2842//2842
f 2791//2791 2842//2842 2793//2793
f 2793//2793 2842//2842 2843//2843
f 2793//2793 2843//2843 2795//2795
f 2795//2795 2843//2843 2844//2844
f 2795//2795 2844//2844 2797//2797
f 2797//2797 2844//2844 2845//2845
f 2797//2797 2845//2845 2799//2799
f 2799//2799 2845//2845 2846//2846
f 2799//2799 2846//2846 2801//2801
f 2801//2801 2846//2846 2847//2847
f 2801//2801 2847//2847 2803//2803
f 2803//2803 2847//2847 2848//2848
f 2803//2803 2848//2848 2805//2805
f 2805//2805 2848//2848 2849//2849
f 2805//2805 2849//2849 2807//2807
f 2807//2807 2849//2849 2850//2850
f 2807//2807 2850//2850 2809//2809
f 2809//2809 2850//2850 2851//2851
f 2809//2809 2851//2851 2811//2811
f 2811//2811 2851//2851 2852//2852
f 2811//2811 2852//2852 2813//2813
f 2813//2813 2852//2852 2853//2853
f 2813//2813 2853//2853 2815//2815
f 2815//2815 2853//2853 2854//2854
f 2815//2815 2854//2854 2817//2817
f 2817//2817 2854//2854 2855//2855
f 2817//2817 2855//2855 2819//2819
f 2819//2819 2855//2855 2856//2856
f 2819//2819 2856//2856 2821//2821
f 2821//2821 2856//2856 2368//2368
f 2821//2821 2368//2368 2822//2822
f 2822//2822 2368//2368 2373//2373
f 2822//2822 2373//2373 2553//2553
f 2553//2553 2373//2373 2548//2548
f 2525//2525 2541//2541 2857//2857
f 2563//2563 2562//2562 2858//2858
f 2546//2546 2526//2526 2287//2287
f 2287//2287 2526//2526 2859//2859
f 2287//2287 2859//2859 2282//2282
f 2282//2282 2859//2859 2860//2860
f 2282//2282 2860//2860 2861//2861
f 2861//2861 2860//2860 2862//2862
f 2861//2861 2862//2862 2863//2863
f 2863//2863 2862//2862 2864//2864
f 2863//2863 2864//2864 2865//2865
f 2865//2865 2864//2864 2866//2866
f 2865//2865 2866//2866 2867//2867
f 2867//2867 2866//2866 2868//2868
f 2867//2867 2868//2868 2869//2869
f 2869//2869 2868//2868 2870//2870
f 2869//2869 2870//2870 2871//2871
f 2871//2871 2870//2870 2872//2872
f 2871//2871 2872//2872 2873//2873
f 2873//2873 2872//2872 2874//2874
f 2873//2873 2874//2874 2875//2875
f 2875//2875 2874//2874 2876//2876
f 2875//2875 2876//2876 2877//2877
f 2877//2877 2876//2876 2878//2878
f 2877//2877 2878//2878 2879//2879
f 2879//2879 2878//2878 2880//2880
f 2879//2879 2880//2880 2881//2881
f 2881//2881 2880//2880 2882//2882
f 2881//2881 2882//2882 2883//2883
f 2883//2883 2882//2882 2884//2884
f 2883//2883 2884//2884 2885//2885
f 2885//2885 2884//2884 2886//2886
f 2885//2885 2886//2886 2887//2887
f 2887//2887 2886//2886 2888//2888
f 2887//2887 2888//2888 2889//2889
f 2889//2889 2888//2888 2890//2890
f 2889//2889 2890//2890 2891//2891
f 2891//2891 2890//2890 2892//2892
f 2891//2891 2892//2892 2893//2893
f 2893//2893 2892//2892 2894//2894
f 2893//2893 2894//2894 2895//2895
f 2895//2895 2894//2894 2896//2896
f 2895//2895 2896//2896 2897//2897
f 2897//2897 2896//2896 2898//2898
f 2897//2897 2898//2898 2899//2899
f 2899//2899 2898//2898 2900//2900
f 2899//2899 2900//2900 2901//2901
f 2901//2901 2900//2900 2902//2902
f 2901//2901 2902//2902 2903//2903
f 2903//2903 2902//2902 2904//2904
f 2903//2903 2904//2904 2905//2905
f 2905//2905 2904//2904 2906//2906
f 2905//2905 2906//2906 2907//2907
f 2907//2907 2906//2906 2908//2908
f 2907//2907 2908//2908 2909//2909
f 2909//2909 2908//2908 2910//2910
f 2909//2909 2910//2910 2911//2911
f 2911//2911 2910//2910 2912//2912
f 2911//2911 2912//2912 2913//2913
f 2913//2913 2912//2912 2914//2914
f 2913//2913 2914//2914 2915//2915
f 2915//2915 2914//2914 2916//2916
f 2915//2915 2916//2916 2917//2917
f 2917//2917 2916//2916 2918//2918
f 2917//2917 2918//2918 2919//2919
f 2919//2919 2918//2918 2920//2920
f 2919//2919 2920//2920 2921//2921
f 2921//2921 2920//2920 2922//2922
f 2921//2921 2922//2922 2923//2923
f 2923//2923 2922//2922 2924//2924
f 2923//2923 2924//2924 2925//2925
f 2925//2925 2924//2924 2926//2926
f 2925//2925 2926//2926 2291//2291
f 2291//2291 2926//2926 2927//2927
f 2291//2291 2927//2927 2928//2928
f 2928//2928 2927//2927 2858//2858
f 2928//2928 2858//2858 2561//2561
f 2561//2561 2858//2858 2562//2562
f 2526//2526 2525//2525 2859//2859
f 2859//2859 2525//2525 2857//2857
f 2859//2859 2857//2857 2860//2860
f 2860//2860 2857//2857 2929//2929
f 2860//2860 2929//2929 2862//2862
f 2862//2862 2929//2929 2930//2930
f 2862//2862 2930//2930 2864//2864
f 2864//2864 2930//2930 2931//2931
f 2864//2864 2931//2931 2866//2866
f 2866//2866 2931//2931 2932//2932
f 2866//2866 2932//2932 2868//2868
f 2868//2868 2932//2932 2933//2933
f 2868//2868 2933//2933 2870//2870
f 2870//2870 2933//2933 2934//2934
f 2870//2870 2934//2934 2872//2872
f 2872//2872 2934//2934 2935//2935
f 2872//2872 2935//2935 2874//2874
f 2874//2874 2935//2935 2936//2936
f 2874//2874 2936//2936 2876//2876
f 2876//2876 2936//2936 2937//2937
f 2876//2876 2937//2937 2878//2878
f 2878//2878 2937//2937 2938//2938
f 2878//2878 2938//2938 2880//2880
f 2880//2880 2938//2938 2939//2939
f 2880//2880 2939//2939 2882//2882
f 2882//2882 2939//2939 2940//2940
f 2882//2882 2940//2940 2884//2884
f 2884//2884 2940//2940 2941//2941
f 2884//2884 2941//2941 2886//2886
f 2886//2886 2941//2941 2942//2942
f 2886//2886 2942//2942 2888//2888
f 2888//2888 2942//2942 2943//2943
f 2888//2888 2943//2943 2890//2890
f 2890//2890 2943//2943 2944//2944
f 2890//2890 2944//2944 2892//2892
f 2892//2892 2944//2944 2945//2945
f 2892//2892 2945//2945 2894//2894
f 2894//2894 2945//2945 2946//2946
f 2894//2894 2946//2946 2896//2896
f 2896//2896 2946//2946 2947//2947
f 2896//2896 2947//2947 2898//2898
f 2898//2898 2947//2947 2948//2948
f 2898//2898 2948//2948 2900//2900
f 2900//2900 2948//2948 2949//2949
f 2900//2900 2949//2949 2902//2902
f 2902//2902 2949//2949 2950//2950
f 2902//2902 2950//2950 2904//2904
f 2904//2904 2950//2950 2951//2951
f 2904//2904 2951//2951 2906//2906
f 2906//2906 2951//2951 2952//2952
f 2906//2906 2952//2952 2908//2908
f 2908//2908 2952//2952 2953//2953
f 2908//2908 2953//2953 2910//2910
f 2910//2910 2953//2953 2954//2954
f 2910//2910 2954//2954 2912//2912
f 2912//2912 2954//2954 2955//2955
f 2912//2912 2955//2955 2914//2914
f 2914//2914 2955//2955 2956//2956
f 2914//2914 2956//2956 2916//2916
f 2916//2916 2956//2956 2957//2957
f 2916//2916 2957//2957 2918//2918
f 2918//2918 2957//2957 2958//2958
f 2918//2918 2958//2958 2920//2920
f 2920//2920 2958//2958 2959//2959
f 2920//2920 2959//2959 2922//2922
f 2922//2922 2959//2959 2960//2960
f 2922//2922 2960//2960 2924//2924
f 2924//2924 2960//2960 2961//2961
f 2924//2924 2961//2961 2926//2926
f 2926//2926 2961//2961 2962//2962
f 2926//2926 2962//2962 2927//2927
f 2927//2927 2962//2962 2963//2963
f 2927//2927 2963//2963 2858//2858
f 2858//2858 2963//2963 2964//2964
f 2858//2858 2964//2964 2563//2563
f 2563//2563 2964//2964 2564//2564
f 1852//1852 2965//2965 2966//2966
f 2966//2966 2965//2965 1766//1766
f 1766//1766 1764//1764 2966//2966
f 2966//2966 1764//1764 1763//1763
f 2966//2966 1763//1763 1768//1768
f 2967//2967 1768//1768 1770//1770
f 1775//1775 1853//1853 1773//1773
f 2968//2968 1853//1853 2967//2967
f 2968//2968 2967//2967 1772//1772
f 1772//1772 2967//2967 1770//1770
f 1768//1768 2967//2967 2966//2966
f 2969//2969 2970//2970 2557//2557
f 2969//2969 2557//2557 2568//2568
f 2555//2555 2971//2971 2292//2292
f 2292//2292 2971//2971 2290//2290
f 1798//1798 1797//1797 2971//2971
f 2971//2971 1797//1797 2295//2295
f 2971//2971 2295//2295 2290//2290
f 1875//1875 1873//1873 2367//2367
f 2367//2367 1873//1873 2972//2972
f 2367//2367 2972//2972 2369//2369
f 2369//2369 2972//2972 2547//2547
f 2369//2369 2547//2547 2374//2374
f 2973//2973 1943//1943 1945//1945
f 1945//1945 2581//2581 2973//2973
f 2973//2973 2581//2581 2572//2572
f 2973//2973 2572//2572 2574//2574
f 1925//1925 1927//1927 2580//2580
f 2974//2974 2975//2975 2976//2976
f 2974//2974 2976//2976 2576//2576
f 2576//2576 2977//2977 2574//2574
f 2978//2978 2977//2977 2973//2973
f 2979//2979 2980//2980 2529//2529
f 2979//2979 2529//2529 2537//2537
f 1846//1846 1845//1845 2281//2281
f 2281//2281 1845//1845 2542//2542
f 2281//2281 2542//2542 2283//2283
f 1919//1919 1918//1918 2527//2527
f 2527//2527 1918//1918 2378//2378
f 2527//2527 2378//2378 2377//2377
f 1919//1919 2527//2527 2981//2981
f 2981//2981 2527//2527 2982//2982
f 2528//2528 2036//2036 2527//2527
f 2527//2527 2036//2036 2982//2982
f 1919//1919 2981//2981 1913//1913
f 1913//1913 2981//2981 2983//2983
f 1913//1913 2983//2983 1914//1914
f 1914//1914 2983//2983 2984//2984
f 1914//1914 2984//2984 1911//1911
f 1911//1911 2984//2984 2985//2985
f 1911//1911 2985//2985 1908//1908
f 1908//1908 2985//2985 2986//2986
f 1908//1908 2986//2986 1905//1905
f 1905//1905 2986//2986 2987//2987
f 1905//1905 2987//2987 1902//1902
f 1902//1902 2987//2987 2988//2988
f 1902//1902 2988//2988 1899//1899
f 1899//1899 2988//2988 2989//2989
f 1899//1899 2989//2989 1896//1896
f 1896//1896 2989//2989 2990//2990
f 1896//1896 2990//2990 1893//1893
f 1893//1893 2990//2990 2991//2991
f 1893//1893 2991//2991 1890//1890
f 1890//1890 2991//2991 2992//2992
f 1890//1890 2992//2992 1887//1887
f 1887//1887 2992//2992 2993//2993
f 1887//1887 2993//2993 1884//1884
f 1884//1884 2993//2993 2994//2994
f 1884//1884 2994//2994 1877//1877
f 1877//1877 2994//2994 2995//2995
f 1877//1877 2995//2995 1878//1878
f 1878//1878 2995//2995 2056//2056
f 1878//1878 2056//2056 1872//1872
f 1872//1872 2056//2056 2996//2996
f 1872//1872 2996//2996 1873//1873
f 1873//1873 2996//2996 2997//2997
f 2998//2998 2528//2528 2977//2977
f 2998//2998 2977//2977 2999//2999
f 2999//2999 2977//2977 1927//1927
f 2999//2999 1927//1927 2039//2039
f 3000//3000 2547//2547 2972//2972
f 3000//3000 2972//2972 3001//3001
f 3001//3001 2972//2972 1873//1873
f 3001//3001 1873//1873 2997//2997
f 1932//1932 3002//3002 1927//1927
f 1927//1927 3002//3002 2039//2039
f 1957//1957 2552//2552 3000//3000
f 3000//3000 2552//2552 2547//2547
f 1924//1924 1923//1923 2256//2256
f 1924//1924 2256//2256 3002//3002
f 1593//1593 3003//3003 2264//2264
f 2264//2264 3003//3003 3004//3004
f 2264//2264 3004//3004 2263//2263
f 2263//2263 3004//3004 3005//3005
f 2263//2263 3005//3005 2191//2191
f 2191//2191 3005//3005 3006//3006
f 2191//2191 3006//3006 2262//2262
f 2262//2262 3006//3006 3007//3007
f 2262//2262 3007//3007 2260//2260
f 2260//2260 3007//3007 3008//3008
f 2260//2260 3008//3008 2258//2258
f 2258//2258 3008//3008 3009//3009
f 2258//2258 3009//3009 2256//2256
f 2256//2256 3009//3009 2038//2038
f 2256//2256 2038//2038 3002//3002
f 1955//1955 1852//1852 2966//2966
f 1955//1955 2966//2966 1956//1956
f 1956//1956 2966//2966 2552//2552
f 1956//1956 2552//2552 1957//1957
f 1555//1555 1554//1554 2058//2058
f 2058//2058 2057//2057 1555//1555
f 1555//1555 2057//2057 3010//3010
f 1555//1555 3010//3010 3011//3011
f 3011//3011 3010//3010 3012//3012
f 3011//3011 3012//3012 3013//3013
f 3013//3013 3012//3012 3014//3014
f 3013//3013 3014//3014 3015//3015
f 3015//3015 3014//3014 3016//3016
f 3015//3015 3016//3016 3017//3017
f 3017//3017 3016//3016 3018//3018
f 3017//3017 3018//3018 3019//3019
f 3019//3019 3018//3018 3020//3020
f 3019//3019 3020//3020 3021//3021
f 3021//3021 3020//3020 3022//3022
f 3021//3021 3022//3022 3023//3023
f 3023//3023 3022//3022 3024//3024
f 3023//3023 3024//3024 3025//3025
f 3025//3025 3024//3024 3026//3026
f 3025//3025 3026//3026 3027//3027
f 3027//3027 3026//3026 3028//3028
f 3027//3027 3028//3028 3029//3029
f 3029//3029 3028//3028 3030//3030
f 3029//3029 3030//3030 3031//3031
f 3031//3031 3030//3030 3032//3032
f 3031//3031 3032//3032 3033//3033
f 3033//3033 3032//3032 3034//3034
f 3033//3033 3034//3034 1576//1576
f 1576//1576 3034//3034 3035//3035
f 1576//1576 3035//3035 1592//1592
f 1592//1592 3035//3035 3003//3003
f 1592//1592 3003//3003 1593//1593
f 3036//3036 1868//1868 1955//1955
f 1955//1955 1868//1868 1852//1852
f 1868//1868 3036//3036 3037//3037
f 1745//1745 1868//1868 1726//1726
f 1726//1726 1868//1868 3037//3037
f 1726//1726 3037//3037 1724//1724
f 1724//1724 3037//3037 3038//3038
f 1724//1724 3038//3038 1722//1722
f 1722//1722 3038//3038 3039//3039
f 1722//1722 3039//3039 1720//1720
f 1720//1720 3039//3039 3040//3040
f 1720//1720 3040//3040 1718//1718
f 1718//1718 3040//3040 3041//3041
f 1718//1718 3041//3041 1716//1716
f 1716//1716 3041//3041 3042//3042
f 1716//1716 3042//3042 1657//1657
f 1657//1657 3042//3042 2058//2058
f 1657//1657 2058//2058 1554//1554
f 3043//3043 1798//1798 2971//2971
f 3043//3043 2971//2971 3044//3044
f 3044//3044 2971//2971 3045//3045
f 3044//3044 3045//3045 3046//3046
f 1798//1798 3043//3043 1800//1800
f 1800//1800 3043//3043 3047//3047
f 1800//1800 3047//3047 1803//1803
f 1803//1803 3047//3047 2171//2171
f 1803//1803 2171//2171 1806//1806
f 1806//1806 2171//2171 3048//3048
f 1806//1806 3048//3048 1809//1809
f 1809//1809 3048//3048 3049//3049
f 1809//1809 3049//3049 1812//1812
f 1812//1812 3049//3049 3050//3050
f 1812//1812 3050//3050 1815//1815
f 1815//1815 3050//3050 3051//3051
f 1815//1815 3051//3051 1818//1818
f 1818//1818 3051//3051 3052//3052
f 1818//1818 3052//3052 1821//1821
f 1821//1821 3052//3052 3053//3053
f 1821//1821 3053//3053 1824//1824
f 1824//1824 3053//3053 3054//3054
f 1824//1824 3054//3054 1827//1827
f 1827//1827 3054//3054 3055//3055
f 1827//1827 3055//3055 1830//1830
f 1830//1830 3055//3055 3056//3056
f 1830//1830 3056//3056 1833//1833
f 1833//1833 3056//3056 3057//3057
f 1833//1833 3057//3057 1836//1836
f 1836//1836 3057//3057 3058//3058
f 1836//1836 3058//3058 1839//1839
f 1839//1839 3058//3058 3059//3059
f 1839//1839 3059//3059 1842//1842
f 1842//1842 3059//3059 3060//3060
f 1842//1842 3060//3060 1845//1845
f 1845//1845 3060//3060 3061//3061
f 2560//2560 2074//2074 3045//3045
f 3045//3045 2074//2074 3046//3046
f 2542//2542 1845//1845 3062//3062
f 3062//3062 1845//1845 3061//3061
f 2074//2074 2560//2560 2967//2967
f 2074//2074 2967//2967 2075//2075
f 2075//2075 2967//2967 1853//1853
f 2075//2075 1853//1853 2077//2077
f 2073//2073 2538//2538 3062//3062
f 3062//3062 2538//2538 2542//2542
f 2077//2077 1853//1853 3063//3063
f 3063//3063 1853//1853 1859//1859
f 3063//3063 1666//1666 1664//1664
f 2071//2071 1943//1943 3064//3064
f 2071//2071 3064//3064 2072//2072
f 2072//2072 3064//3064 2524//2524
f 2072//2072 2524//2524 2073//2073
f 1556//1556 2172//2172 1672//1672
f 1672//1672 2172//2172 3065//3065
f 1672//1672 3065//3065 1673//1673
f 1673//1673 3065//3065 3066//3066
f 1673//1673 3066//3066 1753//1753
f 1753//1753 3066//3066 3067//3067
f 1753//1753 3067//3067 1737//1737
f 1737//1737 3067//3067 3068//3068
f 1737//1737 3068//3068 1667//1667
f 1667//1667 3068//3068 3069//3069
f 1667//1667 3069//3069 1668//1668
f 1668//1668 3069//3069 3070//3070
f 1668//1668 3070//3070 1663//1663
f 1663//1663 3070//3070 2076//2076
f 1663//1663 2076//2076 1664//1664
f 1664//1664 2076//2076 3063//3063
f 1943//1943 2071//2071 2250//2250
f 2250//2250 2071//2071 3071//3071
f 2250//2250 3071//3071 2249//2249
f 1586//1586 1572//1572 3072//3072
f 2173//2173 2172//2172 1556//1556
f 3072//3072 3073//3073 1586//1586
f 1586//1586 3073//3073 3074//3074
f 1586//1586 3074//3074 1581//1581
f 1581//1581 3074//3074 3075//3075
f 1581//1581 3075//3075 3076//3076
f 3076//3076 3075//3075 3077//3077
f 3076//3076 3077//3077 3078//3078
f 3078//3078 3077//3077 3079//3079
f 3078//3078 3079//3079 3080//3080
f 3080//3080 3079//3079 3081//3081
f 3080//3080 3081//3081 3082//3082
f 3082//3082 3081//3081 3083//3083
f 3082//3082 3083//3083 3084//3084
f 3084//3084 3083//3083 3085//3085
f 3084//3084 3085//3085 3086//3086
f 3086//3086 3085//3085 3087//3087
f 3086//3086 3087//3087 3088//3088
f 3088//3088 3087//3087 3089//3089
f 3088//3088 3089//3089 3090//3090
f 3090//3090 3089//3089 3091//3091
f 3090//3090 3091//3091 3092//3092
f 3092//3092 3091//3091 3093//3093
f 3092//3092 3093//3093 3094//3094
f 3094//3094 3093//3093 3095//3095
f 3094//3094 3095//3095 3096//3096
f 3096//3096 3095//3095 3097//3097
f 3096//3096 3097//3097 3098//3098
f 3098//3098 3097//3097 2173//2173
f 3098//3098 2173//2173 1558//1558
f 1558//1558 2173//2173 1556//1556
f 2249//2249 3071//3071 2247//2247
f 2247//2247 3071//3071 3099//3099
f 2247//2247 3099//3099 2248//2248
f 2248//2248 3099//3099 3100//3100
f 2248//2248 3100//3100 2241//2241
f 2241//2241 3100//3100 3101//3101
f 2241//2241 3101//3101 2243//2243
f 2243//2243 3101//3101 3102//3102
f 2243//2243 3102//3102 2245//2245
f 2245//2245 3102//3102 3103//3103
f 2245//2245 3103//3103 2232//2232
f 2232//2232 3103//3103 3104//3104
f 2232//2232 3104//3104 3105//3105
f 3105//3105 3104//3104 3072//3072
f 3105//3105 3072//3072 1572//1572
f 3106//3106 3107//3107 3108//3108
f 3109//3109 3110//3110 3111//3111
f 3111//3111 3110//3110 3112//3112
f 3111//3111 3112//3112 3113//3113
f 3114//3114 3115//3115 3116//3116
f 3117//3117 3118//3118 3119//3119
f 3119//3119 3118//3118 3111//3111
f 3119//3119 3111//3111 3120//3120
f 3120//3120 3111//3111 3113//3113
f 3121//3121 3122//3122 3123//3123
f 3106//3106 3108//3108 3124//3124
f 3125//3125 3126//3126 3127//3127
f 3127//3127 3126//3126 3128//3128
f 3127//3127 3128//3128 3129//3129
f 3129//3129 3130//3130 3127//3127
f 3127//3127 3130//3130 3131//3131
f 3127//3127 3131//3131 3111//3111
f 3111//3111 3131//3131 3132//3132
f 3111//3111 3132//3132 3109//3109
f 3115//3115 3133//3133 3116//3116
f 3116//3116 3133//3133 3134//3134
f 3116//3116 3134//3134 3135//3135
f 3135//3135 3136//3136 3116//3116
f 3116//3116 3136//3136 3137//3137
f 3116//3116 3137//3137 3121//3121
f 3121//3121 3137//3137 3138//3138
f 3121//3121 3138//3138 3122//3122
f 3117//3117 3139//3139 3118//3118
f 3118//3118 3139//3139 3140//3140
f 3118//3118 3140//3140 3141//3141
f 3107//3107 3142//3142 3108//3108
f 3108//3108 3142//3142 3143//3143
f 3108//3108 3143//3143 3127//3127
f 3127//3127 3143//3143 3144//3144
f 3127//3127 3144//3144 3125//3125
f 3141//3141 3145//3145 3118//3118
f 3118//3118 3145//3145 3146//3146
f 3118//3118 3146//3146 3116//3116
f 3116//3116 3146//3146 3147//3147
f 3116//3116 3147//3147 3114//3114
f 3123//3123 3148//3148 3121//3121
f 3121//3121 3148//3148 3149//3149
f 3121//3121 3149//3149 3108//3108
f 3108//3108 3149//3149 3150//3150
f 3108//3108 3150//3150 3124//3124
f 3151//3151 3152//3152 3153//3153
f 3153//3153 3152//3152 3154//3154
f 3153//3153 3154//3154 3155//3155
f 3156//3156 3157//3157 3153//3153
f 3153//3153 3157//3157 3158//3158
f 3153//3153 3158//3158 3151//3151
f 3159//3159 3160//3160 3153//3153
f 3153//3153 3160//3160 3161//3161
f 3153//3153 3161//3161 3156//3156
f 3162//3162 3163//3163 3153//3153
f 3153//3153 3163//3163 3164//3164
f 3153//3153 3164//3164 3159//3159
f 3165//3165 3166//3166 3153//3153
f 3153//3153 3166//3166 3167//3167
f 3153//3153 3167//3167 3162//3162
f 3168//3168 3169//3169 3153//3153
f 3153//3153 3169//3169 3170//3170
f 3153//3153 3170//3170 3165//3165
f 3155//3155 3171//3171 3153//3153
f 3153//3153 3171//3171 3172//3172
f 3153//3153 3172//3172 3168//3168
f 3173//3173 3152//3152 3174//3174
f 3174//3174 3152//3152 3151//3151
f 3174//3174 3151//3151 3175//3175
f 3175//3175 3151//3151 3158//3158
f 3175//3175 3158//3158 3176//3176
f 3176//3176 3158//3158 3157//3157
f 3176//3176 3157//3157 3177//3177
f 3177//3177 3157//3157 3156//3156
f 3177//3177 3156//3156 3178//3178
f 3178//3178 3156//3156 3161//3161
f 3178//3178 3161//3161 3179//3179
f 3179//3179 3161//3161 3160//3160
f 3179//3179 3160//3160 3180//3180
f 3180//3180 3160//3160 3159//3159
f 3180//3180 3159//3159 3181//3181
f 3181//3181 3159//3159 3164//3164
f 3181//3181 3164//3164 3182//3182
f 3182//3182 3164//3164 3163//3163
f 3182//3182 3163//3163 3183//3183
f 3183//3183 3163//3163 3162//3162
f 3183//3183 3162//3162 3184//3184
f 3184//3184 3162//3162 3167//3167
f 3184//3184 3167//3167 3185//3185
f 3185//3185 3167//3167 3166//3166
f 3185//3185 3166//3166 3186//3186
f 3186//3186 3166//3166 3165//3165
f 3186//3186 3165//3165 3187//3187
f 3187//3187 3165//3165 3170//3170
f 3187//3187 3170//3170 3188//3188
f 3188//3188 3170//3170 3169//3169
f 3188//3188 3169//3169 3189//3189
f 3189//3189 3169//3169 3168//3168
f 3189//3189 3168//3168 3190//3190
f 3190//3190 3168//3168 3172//3172
f 3190//3190 3172//3172 3191//3191
f 3191//3191 3172//3172 3171//3171
f 3191//3191 3171//3171 3192//3192
f 3192//3192 3171//3171 3155//3155
f 3192//3192 3155//3155 3193//3193
f 3193//3193 3155//3155 3154//3154
f 3193//3193 3154//3154 3173//3173
f 3173//3173 3154//3154 3152//3152
f 3194//3194 3195//3195 3196//3196
f 3196//3196 3195//3195 3197//3197
f 3196//3196 3197//3197 3198//3198
f 3192//3192 3197//3197 3199//3199
f 3198//3198 3199//3199 3200//3200
f 3200//3200 3201//3201 3198//3198
f 3198//3198 3201//3201 3202//3202
f 3198//3198 3202//3202 3203//3203
f 3203//3203 3202//3202 3204//3204
f 3203//3203 3204//3204 3205//3205
f 3190//3190 3204//3204 3206//3206
f 3205//3205 3206//3206 3207//3207
f 3207//3207 3208//3208 3205//3205
f 3205//3205 3208//3208 3209//3209
f 3205//3205 3209//3209 3210//3210
f 3210//3210 3209//3209 3211//3211
f 3210//3210 3211//3211 3212//3212
f 3188//3188 3211//3211 3213//3213
f 3212//3212 3213//3213 3214//3214
f 3214//3214 3215//3215 3212//3212
f 3212//3212 3215//3215 3216//3216
f 3212//3212 3216//3216 3217//3217
f 3218//3218 3186//3186 3219//3219
f 3219//3219 3220//3220 3217//3217
f 3219//3219 3187//3187 3221//3221
f 3221//3221 3217//3217 3216//3216
f 3218//3218 3222//3222 3220//3220
f 3220//3220 3222//3222 3223//3223
f 3220//3220 3223//3223 3224//3224
f 3225//3225 3184//3184 3226//3226
f 3226//3226 3227//3227 3224//3224
f 3226//3226 3224//3224 3228//3228
f 3228//3228 3224//3224 3223//3223
f 3229//3229 3183//3183 3230//3230
f 3230//3230 3231//3231 3227//3227
f 3230//3230 3227//3227 3232//3232
f 3232//3232 3227//3227 3225//3225
f 3229//3229 3233//3233 3231//3231
f 3231//3231 3233//3233 3234//3234
f 3231//3231 3234//3234 3235//3235
f 3236//3236 3181//3181 3237//3237
f 3237//3237 3238//3238 3235//3235
f 3237//3237 3235//3235 3239//3239
f 3239//3239 3235//3235 3234//3234
f 3236//3236 3240//3240 3238//3238
f 3238//3238 3240//3240 3241//3241
f 3238//3238 3241//3241 3242//3242
f 3243//3243 3179//3179 3244//3244
f 3244//3244 3245//3245 3242//3242
f 3244//3244 3242//3242 3246//3246
f 3246//3246 3180//3180 3241//3241
f 3243//3243 3247//3247 3245//3245
f 3245//3245 3247//3247 3248//3248
f 3245//3245 3248//3248 3249//3249
f 3250//3250 3177//3177 3251//3251
f 3251//3251 3252//3252 3249//3249
f 3251//3251 3249//3249 3253//3253
f 3253//3253 3178//3178 3248//3248
f 3250//3250 3254//3254 3252//3252
f 3252//3252 3254//3254 3255//3255
f 3252//3252 3255//3255 3256//3256
f 3257//3257 3175//3175 3258//3258
f 3258//3258 3259//3259 3256//3256
f 3258//3258 3256//3256 3260//3260
f 3260//3260 3176//3176 3255//3255
f 3257//3257 3261//3261 3259//3259
f 3259//3259 3261//3261 3262//3262
f 3259//3259 3262//3262 3263//3263
f 3262//3262 3264//3264 3174//3174
f 3263//3263 3264//3264 3265//3265
f 3263//3263 3265//3265 3194//3194
f 3194//3194 3265//3265 3266//3266
f 3194//3194 3266//3266 3195//3195
f 3267//3267 3268//3268 3269//3269
f 3269//3269 3268//3268 3270//3270
f 3269//3269 3270//3270 3271//3271
f 3271//3271 3270//3270 3272//3272
f 3271//3271 3272//3272 3273//3273
f 3273//3273 3272//3272 3274//3274
f 3273//3273 3274//3274 3275//3275
f 3275//3275 3274//3274 3276//3276
f 3275//3275 3276//3276 3277//3277
f 3277//3277 3276//3276 3278//3278
f 3277//3277 3278//3278 3279//3279
f 3278//3278 3280//3280 3279//3279
f 3279//3279 3280//3280 3281//3281
f 3279//3279 3281//3281 3282//3282
f 3282//3282 3281//3281 3283//3283
f 3282//3282 3283//3283 3284//3284
f 3284//3284 3283//3283 3285//3285
f 3284//3284 3285//3285 3286//3286
f 3286//3286 3285//3285 3287//3287
f 3286//3286 3287//3287 3288//3288
f 3288//3288 3287//3287 3289//3289
f 3288//3288 3289//3289 3290//3290
f 3290//3290 3289//3289 3291//3291
f 3290//3290 3291//3291 3292//3292
f 3292//3292 3291//3291 3293//3293
f 3292//3292 3293//3293 3294//3294
f 3293//3293 3295//3295 3294//3294
f 3294//3294 3295//3295 3296//3296
f 3294//3294 3296//3296 3297//3297
f 3297//3297 3296//3296 3298//3298
f 3297//3297 3298//3298 3299//3299
f 3299//3299 3298//3298 3300//3300
f 3299//3299 3300//3300 3301//3301
f 3301//3301 3300//3300 3302//3302
f 3301//3301 3302//3302 3303//3303
f 3303//3303 3302//3302 3304//3304
f 3303//3303 3304//3304 3305//3305
f 3305//3305 3304//3304 3306//3306
f 3305//3305 3306//3306 3307//3307
f 3307//3307 3306//3306 3308//3308
f 3307//3307 3308//3308 3309//3309
f 3308//3308 3310//3310 3309//3309
f 3309//3309 3310//3310 3311//3311
f 3309//3309 3311//3311 3312//3312
f 3312//3312 3311//3311 3313//3313
f 3312//3312 3313//3313 3314//3314
f 3314//3314 3313//3313 3315//3315
f 3314//3314 3315//3315 3316//3316
f 3316//3316 3315//3315 3317//3317
f 3316//3316 3317//3317 3318//3318
f 3318//3318 3317//3317 3319//3319
f 3318//3318 3319//3319 3320//3320
f 3320//3320 3319//3319 3321//3321
f 3320//3320 3321//3321 3322//3322
f 3322//3322 3321//3321 3323//3323
f 3322//3322 3323//3323 3267//3267
f 3267//3267 3323//3323 3324//3324
f 3267//3267 3324//3324 3268//3268
f 3325//3325 3292//3292 3294//3294
f 3325//3325 3326//3326 3292//3292
f 3292//3292 3326//3326 3327//3327
f 3292//3292 3327//3327 3290//3290
f 3328//3328 3288//3288 3329//3329
f 3329//3329 3288//3288 3290//3290
f 3329//3329 3290//3290 3330//3330
f 3330//3330 3290//3290 3327//3327
f 3331//3331 3286//3286 3332//3332
f 3332//3332 3286//3286 3288//3288
f 3332//3332 3288//3288 3333//3333
f 3333//3333 3288//3288 3328//3328
f 3331//3331 3334//3334 3286//3286
f 3286//3286 3334//3334 3335//3335
f 3286//3286 3335//3335 3284//3284
f 3336//3336 3282//3282 3337//3337
f 3337//3337 3282//3282 3284//3284
f 3337//3337 3284//3284 3338//3338
f 3338//3338 3284//3284 3335//3335
f 3336//3336 3339//3339 3282//3282
f 3282//3282 3339//3339 3340//3340
f 3282//3282 3340//3340 3279//3279
f 3340//3340 3341//3341 3279//3279
f 3279//3279 3341//3341 3342//3342
f 3279//3279 3342//3342 3277//3277
f 3342//3342 3343//3343 3277//3277
f 3277//3277 3343//3343 3344//3344
f 3277//3277 3344//3344 3275//3275
f 3344//3344 3345//3345 3275//3275
f 3275//3275 3345//3345 3346//3346
f 3275//3275 3346//3346 3273//3273
f 3346//3346 3347//3347 3273//3273
f 3273//3273 3347//3347 3348//3348
f 3273//3273 3348//3348 3271//3271
f 3349//3349 3269//3269 3350//3350
f 3350//3350 3269//3269 3271//3271
f 3350//3350 3271//3271 3351//3351
f 3351//3351 3271//3271 3348//3348
f 3352//3352 3267//3267 3353//3353
f 3353//3353 3267//3267 3269//3269
f 3353//3353 3269//3269 3354//3354
f 3354//3354 3269//3269 3349//3349
f 3352//3352 3355//3355 3267//3267
f 3267//3267 3355//3355 3356//3356
f 3267//3267 3356//3356 3322//3322
f 3357//3357 3320//3320 3358//3358
f 3358//3358 3320//3320 3322//3322
f 3358//3358 3322//3322 3359//3359
f 3359//3359 3322//3322 3356//3356
f 3357//3357 3360//3360 3320//3320
f 3320//3320 3360//3360 3361//3361
f 3320//3320 3361//3361 3318//3318
f 3361//3361 3362//3362 3318//3318
f 3318//3318 3362//3362 3363//3363
f 3318//3318 3363//3363 3316//3316
f 3363//3363 3364//3364 3316//3316
f 3316//3316 3364//3364 3365//3365
f 3316//3316 3365//3365 3314//3314
f 3365//3365 3366//3366 3314//3314
f 3314//3314 3366//3366 3367//3367
f 3314//3314 3367//3367 3312//3312
f 3367//3367 3368//3368 3312//3312
f 3312//3312 3368//3368 3369//3369
f 3312//3312 3369//3369 3309//3309
f 3370//3370 3307//3307 3371//3371
f 3371//3371 3307//3307 3309//3309
f 3371//3371 3309//3309 3372//3372
f 3372//3372 3309//3309 3369//3369
f 3373//3373 3305//3305 3374//3374
f 3374//3374 3305//3305 3307//3307
f 3374//3374 3307//3307 3375//3375
f 3375//3375 3307//3307 3370//3370
f 3373//3373 3376//3376 3305//3305
f 3305//3305 3376//3376 3377//3377
f 3305//3305 3377//3377 3303//3303
f 3378//3378 3301//3301 3379//3379
f 3379//3379 3301//3301 3303//3303
f 3379//3379 3303//3303 3380//3380
f 3380//3380 3303//3303 3377//3377
f 3378//3378 3381//3381 3301//3301
f 3301//3301 3381//3381 3382//3382
f 3301//3301 3382//3382 3299//3299
f 3382//3382 3383//3383 3299//3299
f 3299//3299 3383//3383 3384//3384
f 3299//3299 3384//3384 3297//3297
f 3384//3384 3385//3385 3297//3297
f 3297//3297 3385//3385 3386//3386
f 3297//3297 3386//3386 3294//3294
f 3294//3294 3386//3386 3387//3387
f 3294//3294 3387//3387 3325//3325
f 3388//3388 3389//3389 3225//3225
f 3225//3225 3226//3226 3388//3388
f 3388//3388 3226//3226 3228//3228
f 3388//3388 3228//3228 3390//3390
f 3390//3390 3228//3228 3223//3223
f 3390//3390 3223//3223 3391//3391
f 3223//3223 3222//3222 3391//3391
f 3391//3391 3222//3222 3218//3218
f 3391//3391 3218//3218 3392//3392
f 3218//3218 3219//3219 3392//3392
f 3392//3392 3219//3219 3221//3221
f 3392//3392 3221//3221 3393//3393
f 3393//3393 3221//3221 3216//3216
f 3393//3393 3216//3216 3394//3394
f 3216//3216 3215//3215 3394//3394
f 3394//3394 3215//3215 3214//3214
f 3394//3394 3214//3214 3395//3395
f 3214//3214 3213//3213 3395//3395
f 3395//3395 3213//3213 3211//3211
f 3395//3395 3211//3211 3396//3396
f 3396//3396 3211//3211 3209//3209
f 3396//3396 3209//3209 3397//3397
f 3209//3209 3208//3208 3397//3397
f 3397//3397 3208//3208 3207//3207
f 3397//3397 3207//3207 3398//3398
f 3207//3207 3206//3206 3398//3398
f 3398//3398 3206//3206 3204//3204
f 3398//3398 3204//3204 3399//3399
f 3399//3399 3204//3204 3202//3202
f 3399//3399 3202//3202 3400//3400
f 3202//3202 3201//3201 3400//3400
f 3400//3400 3201//3201 3200//3200
f 3400//3400 3200//3200 3401//3401
f 3200//3200 3199//3199 3401//3401
f 3401//3401 3199//3199 3197//3197
f 3401//3401 3197//3197 3402//3402
f 3402//3402 3197//3197 3403//3403
f 3402//3402 3403//3403 3404//3404
f 3403//3403 3266//3266 3404//3404
f 3404//3404 3266//3266 3265//3265
f 3404//3404 3265//3265 3405//3405
f 3265//3265 3264//3264 3405//3405
f 3405//3405 3264//3264 3262//3262
f 3405//3405 3262//3262 3406//3406
f 3262//3262 3261//3261 3406//3406
f 3406//3406 3261//3261 3257//3257
f 3406//3406 3257//3257 3407//3407
f 3407//3407 3257//3257 3258//3258
f 3407//3407 3258//3258 3408//3408
f 3258//3258 3260//3260 3408//3408
f 3408//3408 3260//3260 3255//3255
f 3408//3408 3255//3255 3409//3409
f 3255//3255 3254//3254 3409//3409
f 3409//3409 3254//3254 3250//3250
f 3409//3409 3250//3250 3410//3410
f 3410//3410 3250//3250 3251//3251
f 3410//3410 3251//3251 3411//3411
f 3251//3251 3253//3253 3411//3411
f 3411//3411 3253//3253 3248//3248
f 3411//3411 3248//3248 3412//3412
f 3248//3248 3247//3247 3412//3412
f 3412//3412 3247//3247 3243//3243
f 3412//3412 3243//3243 3413//3413
f 3413//3413 3243//3243 3244//3244
f 3413//3413 3244//3244 3414//3414
f 3244//3244 3246//3246 3414//3414
f 3414//3414 3246//3246 3241//3241
f 3414//3414 3241//3241 3415//3415
f 3241//3241 3240//3240 3415//3415
f 3415//3415 3240//3240 3236//3236
f 3415//3415 3236//3236 3416//3416
f 3416//3416 3236//3236 3237//3237
f 3416//3416 3237//3237 3417//3417
f 3237//3237 3239//3239 3417//3417
f 3417//3417 3239//3239 3234//3234
f 3417//3417 3234//3234 3418//3418
f 3234//3234 3233//3233 3418//3418
f 3418//3418 3233//3233 3229//3229
f 3418//3418 3229//3229 3419//3419
f 3419//3419 3229//3229 3230//3230
f 3419//3419 3230//3230 3389//3389
f 3389//3389 3230//3230 3232//3232
f 3389//3389 3232//3232 3225//3225
f 3418//3418 3420//3420 3417//3417
f 3417//3417 3420//3420 3421//3421
f 3417//3417 3421//3421 3416//3416
f 3416//3416 3421//3421 3422//3422
f 3416//3416 3422//3422 3415//3415
f 3415//3415 3422//3422 3423//3423
f 3415//3415 3423//3423 3414//3414
f 3414//3414 3423//3423 3424//3424
f 3414//3414 3424//3424 3413//3413
f 3413//3413 3424//3424 3425//3425
f 3413//3413 3425//3425 3412//3412
f 3412//3412 3425//3425 3426//3426
f 3412//3412 3426//3426 3411//3411
f 3411//3411 3426//3426 3427//3427
f 3411//3411 3427//3427 3410//3410
f 3410//3410 3427//3427 3428//3428
f 3410//3410 3428//3428 3409//3409
f 3409//3409 3428//3428 3429//3429
f 3409//3409 3429//3429 3408//3408
f 3408//3408 3429//3429 3430//3430
f 3408//3408 3430//3430 3407//3407
f 3407//3407 3430//3430 3431//3431
f 3407//3407 3431//3431 3406//3406
f 3406//3406 3431//3431 3432//3432
f 3406//3406 3432//3432 3405//3405
f 3405//3405 3432//3432 3433//3433
f 3405//3405 3433//3433 3404//3404
f 3404//3404 3433//3433 3434//3434
f 3404//3404 3434//3434 3402//3402
f 3402//3402 3434//3434 3435//3435
f 3402//3402 3435//3435 3401//3401
f 3401//3401 3435//3435 3436//3436
f 3401//3401 3436//3436 3400//3400
f 3400//3400 3436//3436 3437//3437
f 3400//3400 3437//3437 3399//3399
f 3399//3399 3437//3437 3438//3438
f 3399//3399 3438//3438 3398//3398
f 3398//3398 3438//3438 3439//3439
f 3398//3398 3439//3439 3397//3397
f 3397//3397 3439//3439 3440//3440
f 3397//3397 3440//3440 3396//3396
f 3396//3396 3440//3440 3441//3441
f 3396//3396 3441//3441 3395//3395
f 3395//3395 3441//3441 3442//3442
f 3395//3395 3442//3442 3394//3394
f 3394//3394 3442//3442 3443//3443
f 3394//3394 3443//3443 3393//3393
f 3393//3393 3443//3443 3444//3444
f 3393//3393 3444//3444 3392//3392
f 3392//3392 3444//3444 3445//3445
f 3392//3392 3445//3445 3391//3391
f 3391//3391 3445//3445 3446//3446
f 3391//3391 3446//3446 3390//3390
f 3390//3390 3446//3446 3447//3447
f 3390//3390 3447//3447 3388//3388
f 3388//3388 3447//3447 3448//3448
f 3388//3388 3448//3448 3389//3389
f 3389//3389 3448//3448 3449//3449
f 3389//3389 3449//3449 3419//3419
f 3419//3419 3449//3449 3450//3450
f 3419//3419 3450//3450 3418//3418
f 3418//3418 3450//3450 3420//3420
f 3420//3420 3323//3323 3421//3421
f 3421//3421 3323//3323 3321//3321
f 3421//3421 3321//3321 3422//3422
f 3422//3422 3321//3321 3319//3319
f 3422//3422 3319//3319 3423//3423
f 3423//3423 3319//3319 3317//3317
f 3423//3423 3317//3317 3424//3424
f 3424//3424 3317//3317 3315//3315
f 3424//3424 3315//3315 3425//3425
f 3425//3425 3315//3315 3313//3313
f 3425//3425 3313//3313 3426//3426
f 3426//3426 3313//3313 3311//3311
f 3426//3426 3311//3311 3427//3427
f 3427//3427 3311//3311 3310//3310
f 3427//3427 3310//3310 3428//3428
f 3428//3428 3310//3310 3308//3308
f 3428//3428 3308//3308 3429//3429
f 3429//3429 3308//3308 3306//3306
f 3429//3429 3306//3306 3430//3430
f 3430//3430 3306//3306 3304//3304
f 3430//3430 3304//3304 3431//3431
f 3431//3431 3304//3304 3302//3302
f 3431//3431 3302//3302 3432//3432
f 3432//3432 3302//3302 3300//3300
f 3432//3432 3300//3300 3433//3433
f 3433//3433 3300//3300 3298//3298
f 3433//3433 3298//3298 3434//3434
f 3434//3434 3298//3298 3296//3296
f 3434//3434 3296//3296 3435//3435
f 3435//3435 3296//3296 3295//3295
f 3435//3435 3295//3295 3436//3436
f 3436//3436 3295//3295 3293//3293
f 3436//3436 3293//3293 3437//3437
f 3437//3437 3293//3293 3291//3291
f 3437//3437 3291//3291 3438//3438
f 3438//3438 3291//3291 3289//3289
f 3438//3438 3289//3289 3439//3439
f 3439//3439 3289//3289 3287//3287
f 3439//3439 3287//3287 3440//3440
f 3440//3440 3287//3287 3285//3285
f 3440//3440 3285//3285 3441//3441
f 3441//3441 3285//3285 3283//3283
f 3441//3441 3283//3283 3442//3442
f 3442//3442 3283//3283 3281//3281
f 3442//3442 3281//3281 3443//3443
f 3443//3443 3281//3281 3280//3280
f 3443//3443 3280//3280 3444//3444
f 3444//3444 3280//3280 3278//3278
f 3444//3444 3278//3278 3445//3445
f 3445//3445 3278//3278 3276//3276
f 3445//3445 3276//3276 3446//3446
f 3446//3446 3276//3276 3274//3274
f 3446//3446 3274//3274 3447//3447
f 3447//3447 3274//3274 3272//3272
f 3447//3447 3272//3272 3448//3448
f 3448//3448 3272//3272 3270//3270
f 3448//3448 3270//3270 3449//3449
f 3449//3449 3270//3270 3268//3268
f 3449//3449 3268//3268 3450//3450
f 3450//3450 3268//3268 3324//3324
f 3450//3450 3324//3324 3420//3420
f 3420//3420 3324//3324 3323//3323
f 3378//3378 3379//3379 3451//3451
f 3373//3373 3374//3374 3452//3452
f 3372//3372 3369//3369 3453//3453
f 3364//3364 3363//3363 3454//3454
f 3352//3352 3353//3353 3455//3455
f 3351//3351 3348//3348 3456//3456
f 3343//3343 3342//3342 3457//3457
f 3331//3331 3332//3332 3458//3458
f 3459//3459 3117//3117 3119//3119
f 3460//3460 3119//3119 3120//3120
f 3460//3460 3120//3120 3461//3461
f 3461//3461 3120//3120 3113//3113
f 3461//3461 3113//3113 3462//3462
f 3139//3139 3117//3117 3463//3463
f 3463//3463 3117//3117 3459//3459
f 3463//3463 3459//3459 3464//3464
f 3140//3140 3139//3139 3465//3465
f 3465//3465 3139//3139 3463//3463
f 3465//3465 3463//3463 3466//3466
f 3466//3466 3463//3463 3464//3464
f 3466//3466 3464//3464 3467//3467
f 3468//3468 3460//3460 3469//3469
f 3469//3469 3460//3460 3461//3461
f 3469//3469 3461//3461 3470//3470
f 3470//3470 3461//3461 3462//3462
f 3470//3470 3462//3462 3471//3471
f 3110//3110 3109//3109 3472//3472
f 3472//3472 3109//3109 3473//3473
f 3472//3472 3473//3473 3474//3474
f 3474//3474 3473//3473 3475//3475
f 3474//3474 3475//3475 3476//3476
f 3476//3476 3475//3475 3458//3458
f 3131//3131 3130//3130 3477//3477
f 3477//3477 3130//3130 3478//3478
f 3477//3477 3478//3478 3479//3479
f 3479//3479 3478//3478 3480//3480
f 3479//3479 3480//3480 3481//3481
f 3481//3481 3480//3480 3482//3482
f 3130//3130 3129//3129 3478//3478
f 3478//3478 3129//3129 3483//3483
f 3478//3478 3483//3483 3480//3480
f 3480//3480 3483//3483 3484//3484
f 3480//3480 3484//3484 3482//3482
f 3482//3482 3484//3484 3485//3485
f 3129//3129 3128//3128 3483//3483
f 3483//3483 3128//3128 3486//3486
f 3483//3483 3486//3486 3484//3484
f 3484//3484 3486//3486 3487//3487
f 3484//3484 3487//3487 3485//3485
f 3485//3485 3487//3487 3488//3488
f 3143//3143 3142//3142 3489//3489
f 3489//3489 3142//3142 3490//3490
f 3489//3489 3490//3490 3491//3491
f 3491//3491 3490//3490 3492//3492
f 3491//3491 3492//3492 3493//3493
f 3493//3493 3492//3492 3456//3456
f 3106//3106 3124//3124 3494//3494
f 3494//3494 3124//3124 3495//3495
f 3494//3494 3495//3495 3496//3496
f 3496//3496 3495//3495 3497//3497
f 3496//3496 3497//3497 3498//3498
f 3498//3498 3497//3497 3455//3455
f 3149//3149 3148//3148 3499//3499
f 3499//3499 3148//3148 3500//3500
f 3499//3499 3500//3500 3501//3501
f 3501//3501 3500//3500 3502//3502
f 3501//3501 3502//3502 3503//3503
f 3503//3503 3502//3502 3504//3504
f 3148//3148 3123//3123 3500//3500
f 3500//3500 3123//3123 3505//3505
f 3500//3500 3505//3505 3502//3502
f 3502//3502 3505//3505 3506//3506
f 3502//3502 3506//3506 3504//3504
f 3504//3504 3506//3506 3507//3507
f 3123//3123 3122//3122 3505//3505
f 3505//3505 3122//3122 3508//3508
f 3505//3505 3508//3508 3506//3506
f 3506//3506 3508//3508 3509//3509
f 3506//3506 3509//3509 3507//3507
f 3507//3507 3509//3509 3510//3510
f 3135//3135 3134//3134 3511//3511
f 3511//3511 3134//3134 3512//3512
f 3511//3511 3512//3512 3513//3513
f 3513//3513 3512//3512 3514//3514
f 3513//3513 3514//3514 3515//3515
f 3515//3515 3514//3514 3453//3453
f 3115//3115 3114//3114 3516//3516
f 3516//3516 3114//3114 3517//3517
f 3516//3516 3517//3517 3518//3518
f 3518//3518 3517//3517 3519//3519
f 3518//3518 3519//3519 3520//3520
f 3520//3520 3519//3519 3452//3452
f 3146//3146 3145//3145 3521//3521
f 3521//3521 3145//3145 3522//3522
f 3521//3521 3522//3522 3523//3523
f 3523//3523 3522//3522 3524//3524
f 3523//3523 3524//3524 3525//3525
f 3525//3525 3524//3524 3451//3451
f 3526//3526 3468//3468 3527//3527
f 3527//3527 3468//3468 3469//3469
f 3527//3527 3469//3469 3528//3528
f 3528//3528 3469//3469 3470//3470
f 3528//3528 3470//3470 3529//3529
f 3529//3529 3470//3470 3471//3471
f 3529//3529 3471//3471 3530//3530
f 3326//3326 3529//3529 3327//3327
f 3327//3327 3529//3529 3530//3530
f 3327//3327 3530//3530 3330//3330
f 3329//3329 3330//3330 3531//3531
f 3531//3531 3330//3330 3530//3530
f 3531//3531 3530//3530 3532//3532
f 3532//3532 3530//3530 3471//3471
f 3532//3532 3471//3471 3533//3533
f 3533//3533 3471//3471 3462//3462
f 3533//3533 3462//3462 3112//3112
f 3112//3112 3462//3462 3113//3113
f 3112//3112 3110//3110 3533//3533
f 3533//3533 3110//3110 3472//3472
f 3533//3533 3472//3472 3532//3532
f 3532//3532 3472//3472 3474//3474
f 3532//3532 3474//3474 3531//3531
f 3531//3531 3474//3474 3476//3476
f 3531//3531 3476//3476 3329//3329
f 3329//3329 3476//3476 3328//3328
f 3458//3458 3332//3332 3476//3476
f 3476//3476 3332//3332 3333//3333
f 3476//3476 3333//3333 3328//3328
f 3334//3334 3331//3331 3534//3534
f 3534//3534 3331//3331 3458//3458
f 3534//3534 3458//3458 3535//3535
f 3535//3535 3458//3458 3475//3475
f 3535//3535 3475//3475 3536//3536
f 3536//3536 3475//3475 3473//3473
f 3536//3536 3473//3473 3132//3132
f 3132//3132 3473//3473 3109//3109
f 3132//3132 3131//3131 3536//3536
f 3536//3536 3131//3131 3477//3477
f 3536//3536 3477//3477 3535//3535
f 3535//3535 3477//3477 3479//3479
f 3535//3535 3479//3479 3534//3534
f 3534//3534 3479//3479 3481//3481
f 3534//3534 3481//3481 3334//3334
f 3334//3334 3481//3481 3335//3335
f 3341//3341 3340//3340 3488//3488
f 3488//3488 3340//3340 3339//3339
f 3488//3488 3339//3339 3485//3485
f 3485//3485 3339//3339 3336//3336
f 3485//3485 3336//3336 3482//3482
f 3482//3482 3336//3336 3337//3337
f 3482//3482 3337//3337 3481//3481
f 3481//3481 3337//3337 3338//3338
f 3481//3481 3338//3338 3335//3335
f 3342//3342 3341//3341 3457//3457
f 3457//3457 3341//3341 3488//3488
f 3457//3457 3488//3488 3537//3537
f 3537//3537 3488//3488 3487//3487
f 3537//3537 3487//3487 3538//3538
f 3538//3538 3487//3487 3486//3486
f 3538//3538 3486//3486 3126//3126
f 3126//3126 3486//3486 3128//3128
f 3344//3344 3343//3343 3539//3539
f 3539//3539 3343//3343 3457//3457
f 3539//3539 3457//3457 3540//3540
f 3540//3540 3457//3457 3537//3537
f 3540//3540 3537//3537 3541//3541
f 3541//3541 3537//3537 3538//3538
f 3541//3541 3538//3538 3125//3125
f 3125//3125 3538//3538 3126//3126
f 3125//3125 3144//3144 3541//3541
f 3541//3541 3144//3144 3542//3542
f 3541//3541 3542//3542 3540//3540
f 3540//3540 3542//3542 3543//3543
f 3540//3540 3543//3543 3539//3539
f 3539//3539 3543//3543 3544//3544
f 3539//3539 3544//3544 3344//3344
f 3344//3344 3544//3544 3345//3345
f 3144//3144 3143//3143 3542//3542
f 3542//3542 3143//3143 3489//3489
f 3542//3542 3489//3489 3543//3543
f 3543//3543 3489//3489 3491//3491
f 3543//3543 3491//3491 3544//3544
f 3544//3544 3491//3491 3493//3493
f 3544//3544 3493//3493 3345//3345
f 3345//3345 3493//3493 3346//3346
f 3456//3456 3348//3348 3493//3493
f 3493//3493 3348//3348 3347//3347
f 3493//3493 3347//3347 3346//3346
f 3350//3350 3351//3351 3545//3545
f 3545//3545 3351//3351 3456//3456
f 3545//3545 3456//3456 3546//3546
f 3546//3546 3456//3456 3492//3492
f 3546//3546 3492//3492 3547//3547
f 3547//3547 3492//3492 3490//3490
f 3547//3547 3490//3490 3107//3107
f 3107//3107 3490//3490 3142//3142
f 3107//3107 3106//3106 3547//3547
f 3547//3547 3106//3106 3494//3494
f 3547//3547 3494//3494 3546//3546
f 3546//3546 3494//3494 3496//3496
f 3546//3546 3496//3496 3545//3545
f 3545//3545 3496//3496 3498//3498
f 3545//3545 3498//3498 3350//3350
f 3350//3350 3498//3498 3349//3349
f 3455//3455 3353//3353 3498//3498
f 3498//3498 3353//3353 3354//3354
f 3498//3498 3354//3354 3349//3349
f 3355//3355 3352//3352 3548//3548
f 3548//3548 3352//3352 3455//3455
f 3548//3548 3455//3455 3549//3549
f 3549//3549 3455//3455 3497//3497
f 3549//3549 3497//3497 3550//3550
f 3550//3550 3497//3497 3495//3495
f 3550//3550 3495//3495 3150//3150
f 3150//3150 3495//3495 3124//3124
f 3150//3150 3149//3149 3550//3550
f 3550//3550 3149//3149 3499//3499
f 3550//3550 3499//3499 3549//3549
f 3549//3549 3499//3499 3501//3501
f 3549//3549 3501//3501 3548//3548
f 3548//3548 3501//3501 3503//3503
f 3548//3548 3503//3503 3355//3355
f 3355//3355 3503//3503 3356//3356
f 3362//3362 3361//3361 3510//3510
f 3510//3510 3361//3361 3360//3360
f 3510//3510 3360//3360 3507//3507
f 3507//3507 3360//3360 3357//3357
f 3507//3507 3357//3357 3504//3504
f 3504//3504 3357//3357 3358//3358
f 3504//3504 3358//3358 3503//3503
f 3503//3503 3358//3358 3359//3359
f 3503//3503 3359//3359 3356//3356
f 3363//3363 3362//3362 3454//3454
f 3454//3454 3362//3362 3510//3510
f 3454//3454 3510//3510 3551//3551
f 3551//3551 3510//3510 3509//3509
f 3551//3551 3509//3509 3552//3552
f 3552//3552 3509//3509 3508//3508
f 3552//3552 3508//3508 3138//3138
f 3138//3138 3508//3508 3122//3122
f 3365//3365 3364//3364 3553//3553
f 3553//3553 3364//3364 3454//3454
f 3553//3553 3454//3454 3554//3554
f 3554//3554 3454//3454 3551//3551
f 3554//3554 3551//3551 3555//3555
f 3555//3555 3551//3551 3552//3552
f 3555//3555 3552//3552 3137//3137
f 3137//3137 3552//3552 3138//3138
f 3137//3137 3136//3136 3555//3555
f 3555//3555 3136//3136 3556//3556
f 3555//3555 3556//3556 3554//3554
f 3554//3554 3556//3556 3557//3557
f 3554//3554 3557//3557 3553//3553
f 3553//3553 3557//3557 3558//3558
f 3553//3553 3558//3558 3365//3365
f 3365//3365 3558//3558 3366//3366
f 3136//3136 3135//3135 3556//3556
f 3556//3556 3135//3135 3511//3511
f 3556//3556 3511//3511 3557//3557
f 3557//3557 3511//3511 3513//3513
f 3557//3557 3513//3513 3558//3558
f 3558//3558 3513//3513 3515//3515
f 3558//3558 3515//3515 3366//3366
f 3366//3366 3515//3515 3367//3367
f 3453//3453 3369//3369 3515//3515
f 3515//3515 3369//3369 3368//3368
f 3515//3515 3368//3368 3367//3367
f 3371//3371 3372//3372 3559//3559
f 3559//3559 3372//3372 3453//3453
f 3559//3559 3453//3453 3560//3560
f 3560//3560 3453//3453 3514//3514
f 3560//3560 3514//3514 3561//3561
f 3561//3561 3514//3514 3512//3512
f 3561//3561 3512//3512 3133//3133
f 3133//3133 3512//3512 3134//3134
f 3133//3133 3115//3115 3561//3561
f 3561//3561 3115//3115 3516//3516
f 3561//3561 3516//3516 3560//3560
f 3560//3560 3516//3516 3518//3518
f 3560//3560 3518//3518 3559//3559
f 3559//3559 3518//3518 3520//3520
f 3559//3559 3520//3520 3371//3371
f 3371//3371 3520//3520 3370//3370
f 3452//3452 3374//3374 3520//3520
f 3520//3520 3374//3374 3375//3375
f 3520//3520 3375//3375 3370//3370
f 3376//3376 3373//3373 3562//3562
f 3562//3562 3373//3373 3452//3452
f 3562//3562 3452//3452 3563//3563
f 3563//3563 3452//3452 3519//3519
f 3563//3563 3519//3519 3564//3564
f 3564//3564 3519//3519 3517//3517
f 3564//3564 3517//3517 3147//3147
f 3147//3147 3517//3517 3114//3114
f 3147//3147 3146//3146 3564//3564
f 3564//3564 3146//3146 3521//3521
f 3564//3564 3521//3521 3563//3563
f 3563//3563 3521//3521 3523//3523
f 3563//3563 3523//3523 3562//3562
f 3562//3562 3523//3523 3525//3525
f 3562//3562 3525//3525 3376//3376
f 3376//3376 3525//3525 3377//3377
f 3451//3451 3379//3379 3525//3525
f 3525//3525 3379//3379 3380//3380
f 3525//3525 3380//3380 3377//3377
f 3381//3381 3378//3378 3565//3565
f 3565//3565 3378//3378 3451//3451
f 3565//3565 3451//3451 3566//3566
f 3566//3566 3451//3451 3524//3524
f 3566//3566 3524//3524 3567//3567
f 3567//3567 3524//3524 3522//3522
f 3567//3567 3522//3522 3141//3141
f 3141//3141 3522//3522 3145//3145
f 3141//3141 3140//3140 3567//3567
f 3567//3567 3140//3140 3465//3465
f 3567//3567 3465//3465 3566//3566
f 3566//3566 3465//3465 3466//3466
f 3566//3566 3466//3466 3565//3565
f 3565//3565 3466//3466 3467//3467
f 3565//3565 3467//3467 3381//3381
f 3381//3381 3467//3467 3382//3382
f 3119//3119 3460//3460 3459//3459
f 3459//3459 3460//3460 3468//3468
f 3459//3459 3468//3468 3464//3464
f 3464//3464 3468//3468 3526//3526
f 3464//3464 3526//3526 3467//3467
f 3467//3467 3526//3526 3383//3383
f 3467//3467 3383//3383 3382//3382
f 3326//3326 3325//3325 3529//3529
f 3529//3529 3325//3325 3387//3387
f 3529//3529 3387//3387 3528//3528
f 3528//3528 3387//3387 3386//3386
f 3528//3528 3386//3386 3527//3527
f 3527//3527 3386//3386 3385//3385
f 3527//3527 3385//3385 3526//3526
f 3526//3526 3385//3385 3384//3384
f 3526//3526 3384//3384 3383//3383
f 3568//3568 3118//3118 3569//3569
f 3569//3569 3118//3118 3116//3116
f 3569//3569 3116//3116 3570//3570
f 3571//3571 3111//3111 3572//3572
f 3572//3572 3111//3111 3118//3118
f 3572//3572 3118//3118 3568//3568
f 3573//3573 3127//3127 3574//3574
f 3574//3574 3127//3127 3111//3111
f 3574//3574 3111//3111 3571//3571
f 3575//3575 3108//3108 3576//3576
f 3576//3576 3108//3108 3127//3127
f 3576//3576 3127//3127 3573//3573
f 3577//3577 3121//3121 3578//3578
f 3578//3578 3121//3121 3108//3108
f 3578//3578 3108//3108 3575//3575
f 3570//3570 3116//3116 3579//3579
f 3579//3579 3116//3116 3121//3121
f 3579//3579 3121//3121 3577//3577
f 3575//3575 3576//3576 3580//3580
f 3580//3580 3581//3581 3575//3575
f 3575//3575 3581//3581 3582//3582
f 3575//3575 3582//3582 3578//3578
f 3573//3573 3574//3574 3583//3583
f 3583//3583 3584//3584 3573//3573
f 3573//3573 3584//3584 3585//3585
f 3573//3573 3585//3585 3576//3576
f 3571//3571 3572//3572 3586//3586
f 3586//3586 3587//3587 3571//3571
f 3571//3571 3587//3587 3588//3588
f 3571//3571 3588//3588 3574//3574
f 3589//3589 3572//3572 3568//3568
f 3569//3569 3590//3590 3568//3568
f 3568//3568 3590//3590 3591//3591
f 3568//3568 3591//3591 3589//3589
f 3570//3570 3579//3579 3592//3592
f 3592//3592 3593//3593 3570//3570
f 3570//3570 3593//3593 3594//3594
f 3570//3570 3594//3594 3569//3569
f 3577//3577 3578//3578 3595//3595
f 3595//3595 3596//3596 3577//3577
f 3577//3577 3596//3596 3597//3597
f 3577//3577 3597//3597 3579//3579
f 3598//3598 3591//3591 3590//3590
f 3589//3589 3591//3591 3598//3598
f 3572//3572 3589//3589 3598//3598
f 3598//3598 3593//3593 3592//3592
f 3594//3594 3593//3593 3598//3598
f 3569//3569 3594//3594 3598//3598
f 3598//3598 3596//3596 3595//3595
f 3597//3597 3596//3596 3598//3598
f 3579//3579 3597//3597 3598//3598
f 3598//3598 3581//3581 3580//3580
f 3582//3582 3581//3581 3598//3598
f 3578//3578 3582//3582 3598//3598
f 3598//3598 3584//3584 3583//3583
f 3585//3585 3584//3584 3598//3598
f 3576//3576 3585//3585 3598//3598
f 3598//3598 3587//3587 3586//3586
f 3588//3588 3587//3587 3598//3598
f 3574//3574 3588//3588 3598//3598
f 3586//3586 3572//3572 3598//3598
f 3583//3583 3574//3574 3598//3598
f 3580//3580 3576//3576 3598//3598
f 3595//3595 3578//3578 3598//3598
f 3592//3592 3579//3579 3598//3598
f 3590//3590 3569//3569 3598//3598
f 3599//3599 3600//3600 3601//3601
f 3602//3602 3603//3603 3604//3604
f 3604//3604 3603//3603 3605//3605
f 3601//3601 3606//3606 3599//3599
f 3599//3599 3606//3606 3607//3607
f 3599//3599 3607//3607 3608//3608
f 3600//3600 3599//3599 3609//3609
f 3609//3609 3599//3599 3610//3610
f 3609//3609 3610//3610 3611//3611
f 3612//3612 3613//3613 3614//3614
f 3614//3614 3613//3613 3615//3615
f 3616//3616 3617//3617 3618//3618
f 3618//3618 3617//3617 3619//3619
f 3618//3618 3619//3619 3620//3620
f 3605//3605 3621//3621 3604//3604
f 3604//3604 3621//3621 3622//3622
f 3604//3604 3622//3622 3610//3610
f 3610//3610 3622//3622 3623//3623
f 3610//3610 3623//3623 3624//3624
f 3624//3624 3625//3625 3610//3610
f 3610//3610 3625//3625 3626//3626
f 3610//3610 3626//3626 3611//3611
f 3620//3620 3627//3627 3618//3618
f 3618//3618 3627//3627 3628//3628
f 3618//3618 3628//3628 3604//3604
f 3604//3604 3628//3628 3629//3629
f 3604//3604 3629//3629 3602//3602
f 3615//3615 3630//3630 3614//3614
f 3614//3614 3630//3630 3631//3631
f 3614//3614 3631//3631 3618//3618
f 3618//3618 3631//3631 3632//3632
f 3618//3618 3632//3632 3616//3616
f 3633//3633 3634//3634 3635//3635
f 3635//3635 3634//3634 3636//3636
f 3635//3635 3636//3636 3637//3637
f 3637//3637 3638//3638 3635//3635
f 3635//3635 3638//3638 3639//3639
f 3635//3635 3639//3639 3614//3614
f 3614//3614 3639//3639 3640//3640
f 3614//3614 3640//3640 3612//3612
f 3608//3608 3641//3641 3599//3599
f 3599//3599 3641//3641 3642//3642
f 3599//3599 3642//3642 3635//3635
f 3635//3635 3642//3642 3643//3643
f 3635//3635 3643//3643 3633//3633
f 3644//3644 3645//3645 3646//3646
f 3646//3646 3645//3645 3647//3647
f 3646//3646 3647//3647 3648//3648
f 3649//3649 3650//3650 3646//3646
f 3646//3646 3650//3650 3651//3651
f 3646//3646 3651//3651 3644//3644
f 3652//3652 3653//3653 3646//3646
f 3646//3646 3653//3653 3654//3654
f 3646//3646 3654//3654 3649//3649
f 3655//3655 3656//3656 3646//3646
f 3646//3646 3656//3656 3657//3657
f 3646//3646 3657//3657 3652//3652
f 3658//3658 3659//3659 3646//3646
f 3646//3646 3659//3659 3660//3660
f 3646//3646 3660//3660 3655//3655
f 3661//3661 3662//3662 3646//3646
f 3646//3646 3662//3662 3663//3663
f 3646//3646 3663//3663 3658//3658
f 3648//3648 3664//3664 3646//3646
f 3646//3646 3664//3664 3665//3665
f 3646//3646 3665//3665 3661//3661
f 3666//3666 3645//3645 3667//3667
f 3667//3667 3645//3645 3644//3644
f 3667//3667 3644//3644 3668//3668
f 3668//3668 3644//3644 3651//3651
f 3668//3668 3651//3651 3669//3669
f 3669//3669 3651//3651 3650//3650
f 3669//3669 3650//3650 3670//3670
f 3670//3670 3650//3650 3649//3649
f 3670//3670 3649//3649 3671//3671
f 3671//3671 3649//3649 3654//3654
f 3671//3671 3654//3654 3672//3672
f 3672//3672 3654//3654 3653//3653
f 3672//3672 3653//3653 3673//3673
f 3673//3673 3653//3653 3652//3652
f 3673//3673 3652//3652 3674//3674
f 3674//3674 3652//3652 3657//3657
f 3674//3674 3657//3657 3675//3675
f 3675//3675 3657//3657 3656//3656
f 3675//3675 3656//3656 3676//3676
f 3676//3676 3656//3656 3655//3655
f 3676//3676 3655//3655 3677//3677
f 3677//3677 3655//3655 3660//3660
f 3677//3677 3660//3660 3678//3678
f 3678//3678 3660//3660 3659//3659
f 3678//3678 3659//3659 3679//3679
f 3679//3679 3659//3659 3658//3658
f 3679//3679 3658//3658 3680//3680
f 3680//3680 3658//3658 3663//3663
f 3680//3680 3663//3663 3681//3681
f 3681//3681 3663//3663 3662//3662
f 3681//3681 3662//3662 3682//3682
f 3682//3682 3662//3662 3661//3661
f 3682//3682 3661//3661 3683//3683
f 3683//3683 3661//3661 3665//3665
f 3683//3683 3665//3665 3684//3684
f 3684//3684 3665//3665 3664//3664
f 3684//3684 3664//3664 3685//3685
f 3685//3685 3664//3664 3648//3648
f 3685//3685 3648//3648 3686//3686
f 3686//3686 3648//3648 3647//3647
f 3686//3686 3647//3647 3666//3666
f 3666//3666 3647//3647 3645//3645
f 3687//3687 3688//3688 3689//3689
f 3689//3689 3688//3688 3690//3690
f 3689//3689 3690//3690 3691//3691
f 3685//3685 3690//3690 3692//3692
f 3691//3691 3692//3692 3693//3693
f 3693//3693 3694//3694 3691//3691
f 3691//3691 3694//3694 3695//3695
f 3691//3691 3695//3695 3696//3696
f 3696//3696 3695//3695 3697//3697
f 3696//3696 3697//3697 3698//3698
f 3683//3683 3697//3697 3699//3699
f 3698//3698 3699//3699 3700//3700
f 3700//3700 3701//3701 3698//3698
f 3698//3698 3701//3701 3702//3702
f 3698//3698 3702//3702 3703//3703
f 3703//3703 3702//3702 3704//3704
f 3703//3703 3704//3704 3705//3705
f 3681//3681 3704//3704 3706//3706
f 3705//3705 3706//3706 3707//3707
f 3708//3708 3680//3680 3709//3709
f 3709//3709 3710//3710 3705//3705
f 3709//3709 3705//3705 3711//3711
f 3711//3711 3705//3705 3707//3707
f 3708//3708 3712//3712 3680//3680
f 3710//3710 3712//3712 3713//3713
f 3710//3710 3713//3713 3714//3714
f 3715//3715 3678//3678 3716//3716
f 3716//3716 3717//3717 3714//3714
f 3716//3716 3714//3714 3718//3718
f 3718//3718 3714//3714 3713//3713
f 3715//3715 3719//3719 3717//3717
f 3717//3717 3719//3719 3720//3720
f 3717//3717 3720//3720 3721//3721
f 3722//3722 3676//3676 3723//3723
f 3723//3723 3724//3724 3721//3721
f 3723//3723 3721//3721 3725//3725
f 3725//3725 3721//3721 3720//3720
f 3722//3722 3726//3726 3724//3724
f 3724//3724 3726//3726 3727//3727
f 3724//3724 3727//3727 3728//3728
f 3729//3729 3674//3674 3730//3730
f 3730//3730 3731//3731 3728//3728
f 3730//3730 3728//3728 3732//3732
f 3732//3732 3728//3728 3727//3727
f 3729//3729 3733//3733 3731//3731
f 3731//3731 3733//3733 3734//3734
f 3731//3731 3734//3734 3735//3735
f 3736//3736 3672//3672 3737//3737
f 3737//3737 3738//3738 3735//3735
f 3737//3737 3735//3735 3739//3739
f 3739//3739 3673//3673 3734//3734
f 3736//3736 3740//3740 3738//3738
f 3738//3738 3740//3740 3741//3741
f 3738//3738 3741//3741 3742//3742
f 3743//3743 3670//3670 3744//3744
f 3744//3744 3745//3745 3742//3742
f 3744//3744 3742//3742 3746//3746
f 3746//3746 3671//3671 3741//3741
f 3743//3743 3747//3747 3745//3745
f 3745//3745 3747//3747 3748//3748
f 3745//3745 3748//3748 3749//3749
f 3750//3750 3668//3668 3751//3751
f 3751//3751 3752//3752 3749//3749
f 3751//3751 3749//3749 3753//3753
f 3753//3753 3669//3669 3748//3748
f 3750//3750 3754//3754 3752//3752
f 3752//3752 3754//3754 3755//3755
f 3752//3752 3755//3755 3756//3756
f 3755//3755 3757//3757 3667//3667
f 3756//3756 3757//3757 3758//3758
f 3756//3756 3758//3758 3687//3687
f 3687//3687 3758//3758 3759//3759
f 3687//3687 3759//3759 3688//3688
f 3760//3760 3761//3761 3762//3762
f 3762//3762 3761//3761 3763//3763
f 3762//3762 3763//3763 3764//3764
f 3764//3764 3763//3763 3765//3765
f 3764//3764 3765//3765 3766//3766
f 3766//3766 3765//3765 3767//3767
f 3766//3766 3767//3767 3768//3768
f 3768//3768 3767//3767 3769//3769
f 3768//3768 3769//3769 3770//3770
f 3770//3770 3769//3769 3771//3771
f 3770//3770 3771//3771 3772//3772
f 3772//3772 3771//3771 3773//3773
f 3772//3772 3773//3773 3774//3774
f 3773//3773 3775//3775 3774//3774
f 3774//3774 3775//3775 3776//3776
f 3774//3774 3776//3776 3777//3777
f 3777//3777 3776//3776 3778//3778
f 3777//3777 3778//3778 3779//3779
f 3779//3779 3778//3778 3780//3780
f 3779//3779 3780//3780 3781//3781
f 3781//3781 3780//3780 3782//3782
f 3781//3781 3782//3782 3783//3783
f 3783//3783 3782//3782 3784//3784
f 3783//3783 3784//3784 3785//3785
f 3785//3785 3784//3784 3786//3786
f 3785//3785 3786//3786 3787//3787
f 3787//3787 3786//3786 3788//3788
f 3787//3787 3788//3788 3789//3789
f 3788//3788 3790//3790 3789//3789
f 3789//3789 3790//3790 3791//3791
f 3789//3789 3791//3791 3792//3792
f 3792//3792 3791//3791 3793//3793
f 3792//3792 3793//3793 3794//3794
f 3794//3794 3793//3793 3795//3795
f 3794//3794 3795//3795 3796//3796
f 3796//3796 3795//3795 3797//3797
f 3796//3796 3797//3797 3798//3798
f 3798//3798 3797//3797 3799//3799
f 3798//3798 3799//3799 3800//3800
f 3800//3800 3799//3799 3801//3801
f 3800//3800 3801//3801 3802//3802
f 3801//3801 3803//3803 3802//3802
f 3802//3802 3803//3803 3804//3804
f 3802//3802 3804//3804 3805//3805
f 3805//3805 3804//3804 3806//3806
f 3805//3805 3806//3806 3807//3807
f 3807//3807 3806//3806 3808//3808
f 3807//3807 3808//3808 3809//3809
f 3809//3809 3808//3808 3810//3810
f 3809//3809 3810//3810 3811//3811
f 3811//3811 3810//3810 3812//3812
f 3811//3811 3812//3812 3813//3813
f 3813//3813 3812//3812 3814//3814
f 3813//3813 3814//3814 3815//3815
f 3815//3815 3814//3814 3816//3816
f 3815//3815 3816//3816 3760//3760
f 3760//3760 3816//3816 3817//3817
f 3760//3760 3817//3817 3761//3761
f 3818//3818 3772//3772 3774//3774
f 3819//3819 3770//3770 3820//3820
f 3820//3820 3770//3770 3772//3772
f 3820//3820 3772//3772 3821//3821
f 3821//3821 3772//3772 3818//3818
f 3819//3819 3822//3822 3770//3770
f 3770//3770 3822//3822 3823//3823
f 3770//3770 3823//3823 3768//3768
f 3824//3824 3766//3766 3825//3825
f 3825//3825 3766//3766 3768//3768
f 3825//3825 3768//3768 3826//3826
f 3826//3826 3768//3768 3823//3823
f 3824//3824 3827//3827 3766//3766
f 3766//3766 3827//3827 3828//3828
f 3766//3766 3828//3828 3764//3764
f 3829//3829 3762//3762 3830//3830
f 3830//3830 3762//3762 3764//3764
f 3830//3830 3764//3764 3831//3831
f 3831//3831 3764//3764 3828//3828
f 3829//3829 3832//3832 3762//3762
f 3762//3762 3832//3832 3833//3833
f 3762//3762 3833//3833 3760//3760
f 3833//3833 3834//3834 3760//3760
f 3760//3760 3834//3834 3835//3835
f 3760//3760 3835//3835 3815//3815
f 3835//3835 3836//3836 3815//3815
f 3815//3815 3836//3836 3837//3837
f 3815//3815 3837//3837 3813//3813
f 3837//3837 3838//3838 3813//3813
f 3813//3813 3838//3838 3839//3839
f 3813//3813 3839//3839 3811//3811
f 3840//3840 3809//3809 3841//3841
f 3841//3841 3809//3809 3811//3811
f 3841//3841 3811//3811 3842//3842
f 3842//3842 3811//3811 3839//3839
f 3840//3840 3843//3843 3809//3809
f 3809//3809 3843//3843 3844//3844
f 3809//3809 3844//3844 3807//3807
f 3845//3845 3805//3805 3846//3846
f 3846//3846 3805//3805 3807//3807
f 3846//3846 3807//3807 3847//3847
f 3847//3847 3807//3807 3844//3844
f 3845//3845 3848//3848 3805//3805
f 3805//3805 3848//3848 3849//3849
f 3805//3805 3849//3849 3802//3802
f 3850//3850 3800//3800 3851//3851
f 3851//3851 3800//3800 3802//3802
f 3851//3851 3802//3802 3852//3852
f 3852//3852 3802//3802 3849//3849
f 3850//3850 3853//3853 3800//3800
f 3800//3800 3853//3853 3854//3854
f 3800//3800 3854//3854 3798//3798
f 3854//3854 3855//3855 3798//3798
f 3798//3798 3855//3855 3856//3856
f 3798//3798 3856//3856 3796//3796
f 3856//3856 3857//3857 3796//3796
f 3796//3796 3857//3857 3858//3858
f 3796//3796 3858//3858 3794//3794
f 3858//3858 3859//3859 3794//3794
f 3794//3794 3859//3859 3860//3860
f 3794//3794 3860//3860 3792//3792
f 3861//3861 3789//3789 3862//3862
f 3862//3862 3789//3789 3792//3792
f 3862//3862 3792//3792 3863//3863
f 3863//3863 3792//3792 3860//3860
f 3861//3861 3864//3864 3789//3789
f 3789//3789 3864//3864 3865//3865
f 3789//3789 3865//3865 3787//3787
f 3866//3866 3785//3785 3867//3867
f 3867//3867 3785//3785 3787//3787
f 3867//3867 3787//3787 3868//3868
f 3868//3868 3787//3787 3865//3865
f 3866//3866 3869//3869 3785//3785
f 3785//3785 3869//3869 3870//3870
f 3785//3785 3870//3870 3783//3783
f 3871//3871 3781//3781 3872//3872
f 3872//3872 3781//3781 3783//3783
f 3872//3872 3783//3783 3873//3873
f 3873//3873 3783//3783 3870//3870
f 3871//3871 3874//3874 3781//3781
f 3781//3781 3874//3874 3875//3875
f 3781//3781 3875//3875 3779//3779
f 3875//3875 3876//3876 3779//3779
f 3779//3779 3876//3876 3877//3877
f 3779//3779 3877//3877 3777//3777
f 3877//3877 3878//3878 3777//3777
f 3777//3777 3878//3878 3879//3879
f 3777//3777 3879//3879 3774//3774
f 3774//3774 3879//3879 3880//3880
f 3774//3774 3880//3880 3818//3818
f 3881//3881 3882//3882 3720//3720
f 3720//3720 3719//3719 3881//3881
f 3881//3881 3719//3719 3715//3715
f 3881//3881 3715//3715 3883//3883
f 3883//3883 3715//3715 3716//3716
f 3883//3883 3716//3716 3884//3884
f 3716//3716 3718//3718 3884//3884
f 3884//3884 3718//3718 3713//3713
f 3884//3884 3713//3713 3885//3885
f 3713//3713 3712//3712 3885//3885
f 3885//3885 3712//3712 3708//3708
f 3885//3885 3708//3708 3886//3886
f 3886//3886 3708//3708 3709//3709
f 3886//3886 3709//3709 3887//3887
f 3709//3709 3711//3711 3887//3887
f 3887//3887 3711//3711 3707//3707
f 3887//3887 3707//3707 3888//3888
f 3707//3707 3706//3706 3888//3888
f 3888//3888 3706//3706 3704//3704
f 3888//3888 3704//3704 3889//3889
f 3889//3889 3704//3704 3702//3702
f 3889//3889 3702//3702 3890//3890
f 3702//3702 3701//3701 3890//3890
f 3890//3890 3701//3701 3700//3700
f 3890//3890 3700//3700 3891//3891
f 3700//3700 3699//3699 3891//3891
f 3891//3891 3699//3699 3697//3697
f 3891//3891 3697//3697 3892//3892
f 3697//3697 3695//3695 3892//3892
f 3892//3892 3695//3695 3694//3694
f 3892//3892 3694//3694 3893//3893
f 3893//3893 3694//3694 3693//3693
f 3893//3893 3693//3693 3894//3894
f 3693//3693 3692//3692 3894//3894
f 3894//3894 3692//3692 3690//3690
f 3894//3894 3690//3690 3895//3895
f 3690//3690 3896//3896 3895//3895
f 3895//3895 3896//3896 3759//3759
f 3895//3895 3759//3759 3897//3897
f 3897//3897 3759//3759 3758//3758
f 3897//3897 3758//3758 3898//3898
f 3758//3758 3757//3757 3898//3898
f 3898//3898 3757//3757 3755//3755
f 3898//3898 3755//3755 3899//3899
f 3755//3755 3754//3754 3899//3899
f 3899//3899 3754//3754 3750//3750
f 3899//3899 3750//3750 3900//3900
f 3900//3900 3750//3750 3751//3751
f 3900//3900 3751//3751 3901//3901
f 3751//3751 3753//3753 3901//3901
f 3901//3901 3753//3753 3748//3748
f 3901//3901 3748//3748 3902//3902
f 3748//3748 3747//3747 3902//3902
f 3902//3902 3747//3747 3743//3743
f 3902//3902 3743//3743 3903//3903
f 3903//3903 3743//3743 3744//3744
f 3903//3903 3744//3744 3904//3904
f 3744//3744 3746//3746 3904//3904
f 3904//3904 3746//3746 3741//3741
f 3904//3904 3741//3741 3905//3905
f 3741//3741 3740//3740 3905//3905
f 3905//3905 3740//3740 3736//3736
f 3905//3905 3736//3736 3906//3906
f 3906//3906 3736//3736 3737//3737
f 3906//3906 3737//3737 3907//3907
f 3737//3737 3739//3739 3907//3907
f 3907//3907 3739//3739 3734//3734
f 3907//3907 3734//3734 3908//3908
f 3734//3734 3733//3733 3908//3908
f 3908//3908 3733//3733 3729//3729
f 3908//3908 3729//3729 3909//3909
f 3909//3909 3729//3729 3730//3730
f 3909//3909 3730//3730 3910//3910
f 3730//3730 3732//3732 3910//3910
f 3910//3910 3732//3732 3727//3727
f 3910//3910 3727//3727 3911//3911
f 3727//3727 3726//3726 3911//3911
f 3911//3911 3726//3726 3722//3722
f 3911//3911 3722//3722 3912//3912
f 3912//3912 3722//3722 3723//3723
f 3912//3912 3723//3723 3882//3882
f 3882//3882 3723//3723 3725//3725
f 3882//3882 3725//3725 3720//3720
f 3911//3911 3913//3913 3910//3910
f 3910//3910 3913//3913 3914//3914
f 3910//3910 3914//3914 3909//3909
f 3909//3909 3914//3914 3915//3915
f 3909//3909 3915//3915 3908//3908
f 3908//3908 3915//3915 3916//3916
f 3908//3908 3916//3916 3907//3907
f 3907//3907 3916//3916 3917//3917
f 3907//3907 3917//3917 3906//3906
f 3906//3906 3917//3917 3918//3918
f 3906//3906 3918//3918 3905//3905
f 3905//3905 3918//3918 3919//3919
f 3905//3905 3919//3919 3904//3904
f 3904//3904 3919//3919 3920//3920
f 3904//3904 3920//3920 3903//3903
f 3903//3903 3920//3920 3921//3921
f 3903//3903 3921//3921 3902//3902
f 3902//3902 3921//3921 3922//3922
f 3902//3902 3922//3922 3901//3901
f 3901//3901 3922//3922 3923//3923
f 3901//3901 3923//3923 3900//3900
f 3900//3900 3923//3923 3924//3924
f 3900//3900 3924//3924 3899//3899
f 3899//3899 3924//3924 3925//3925
f 3899//3899 3925//3925 3898//3898
f 3898//3898 3925//3925 3926//3926
f 3898//3898 3926//3926 3897//3897
f 3897//3897 3926//3926 3927//3927
f 3897//3897 3927//3927 3895//3895
f 3895//3895 3927//3927 3928//3928
f 3895//3895 3928//3928 3894//3894
f 3894//3894 3928//3928 3929//3929
f 3894//3894 3929//3929 3893//3893
f 3893//3893 3929//3929 3930//3930
f 3893//3893 3930//3930 3892//3892
f 3892//3892 3930//3930 3931//3931
f 3892//3892 3931//3931 3891//3891
f 3891//3891 3931//3931 3932//3932
f 3891//3891 3932//3932 3890//3890
f 3890//3890 3932//3932 3933//3933
f 3890//3890 3933//3933 3889//3889
f 3889//3889 3933//3933 3934//3934
f 3889//3889 3934//3934 3888//3888
f 3888//3888 3934//3934 3935//3935
f 3888//3888 3935//3935 3887//3887
f 3887//3887 3935//3935 3936//3936
f 3887//3887 3936//3936 3886//3886
f 3886//3886 3936//3936 3937//3937
f 3886//3886 3937//3937 3885//3885
f 3885//3885 3937//3937 3938//3938
f 3885//3885 3938//3938 3884//3884
f 3884//3884 3938//3938 3939//3939
f 3884//3884 3939//3939 3883//3883
f 3883//3883 3939//3939 3940//3940
f 3883//3883 3940//3940 3881//3881
f 3881//3881 3940//3940 3941//3941
f 3881//3881 3941//3941 3882//3882
f 3882//3882 3941//3941 3942//3942
f 3882//3882 3942//3942 3912//3912
f 3912//3912 3942//3942 3943//3943
f 3912//3912 3943//3943 3911//3911
f 3911//3911 3943//3943 3913//3913
f 3913//3913 3944//3944 3914//3914
f 3914//3914 3944//3944 3945//3945
f 3914//3914 3945//3945 3915//3915
f 3915//3915 3945//3945 3946//3946
f 3915//3915 3946//3946 3916//3916
f 3916//3916 3946//3946 3947//3947
f 3916//3916 3947//3947 3917//3917
f 3917//3917 3947//3947 3948//3948
f 3917//3917 3948//3948 3918//3918
f 3918//3918 3948//3948 3949//3949
f 3918//3918 3949//3949 3919//3919
f 3919//3919 3949//3949 3950//3950
f 3919//3919 3950//3950 3920//3920
f 3920//3920 3950//3950 3951//3951
f 3920//3920 3951//3951 3921//3921
f 3921//3921 3951//3951 3952//3952
f 3921//3921 3952//3952 3922//3922
f 3922//3922 3952//3952 3953//3953
f 3922//3922 3953//3953 3923//3923
f 3923//3923 3953//3953 3954//3954
f 3923//3923 3954//3954 3924//3924
f 3924//3924 3954//3954 3955//3955
f 3924//3924 3955//3955 3925//3925
f 3925//3925 3955//3955 3956//3956
f 3925//3925 3956//3956 3926//3926
f 3926//3926 3956//3956 3957//3957
f 3926//3926 3957//3957 3927//3927
f 3927//3927 3957//3957 3958//3958
f 3927//3927 3958//3958 3928//3928
f 3928//3928 3958//3958 3959//3959
f 3928//3928 3959//3959 3929//3929
f 3929//3929 3959//3959 3960//3960
f 3929//3929 3960//3960 3930//3930
f 3930//3930 3960//3960 3961//3961
f 3930//3930 3961//3961 3931//3931
f 3931//3931 3961//3961 3962//3962
f 3931//3931 3962//3962 3932//3932
f 3932//3932 3962//3962 3963//3963
f 3932//3932 3963//3963 3933//3933
f 3933//3933 3963//3963 3964//3964
f 3933//3933 3964//3964 3934//3934
f 3934//3934 3964//3964 3965//3965
f 3934//3934 3965//3965 3935//3935
f 3935//3935 3965//3965 3966//3966
f 3935//3935 3966//3966 3936//3936
f 3936//3936 3966//3966 3967//3967
f 3936//3936 3967//3967 3937//3937
f 3937//3937 3967//3967 3968//3968
f 3937//3937 3968//3968 3938//3938
f 3938//3938 3968//3968 3969//3969
f 3938//3938 3969//3969 3939//3939
f 3939//3939 3969//3969 3970//3970
f 3939//3939 3970//3970 3940//3940
f 3940//3940 3970//3970 3971//3971
f 3940//3940 3971//3971 3941//3941
f 3941//3941 3971//3971 3972//3972
f 3941//3941 3972//3972 3942//3942
f 3942//3942 3972//3972 3973//3973
f 3942//3942 3973//3973 3943//3943
f 3943//3943 3973//3973 3974//3974
f 3943//3943 3974//3974 3913//3913
f 3913//3913 3974//3974 3944//3944
f 3944//3944 3803//3803 3945//3945
f 3945//3945 3803//3803 3801//3801
f 3945//3945 3801//3801 3946//3946
f 3946//3946 3801//3801 3799//3799
f 3946//3946 3799//3799 3947//3947
f 3947//3947 3799//3799 3797//3797
f 3947//3947 3797//3797 3948//3948
f 3948//3948 3797//3797 3795//3795
f 3948//3948 3795//3795 3949//3949
f 3949//3949 3795//3795 3793//3793
f 3949//3949 3793//3793 3950//3950
f 3950//3950 3793//3793 3791//3791
f 3950//3950 3791//3791 3951//3951
f 3951//3951 3791//3791 3790//3790
f 3951//3951 3790//3790 3952//3952
f 3952//3952 3790//3790 3788//3788
f 3952//3952 3788//3788 3953//3953
f 3953//3953 3788//3788 3786//3786
f 3953//3953 3786//3786 3954//3954
f 3954//3954 3786//3786 3784//3784
f 3954//3954 3784//3784 3955//3955
f 3955//3955 3784//3784 3782//3782
f 3955//3955 3782//3782 3956//3956
f 3956//3956 3782//3782 3780//3780
f 3956//3956 3780//3780 3957//3957
f 3957//3957 3780//3780 3778//3778
f 3957//3957 3778//3778 3958//3958
f 3958//3958 3778//3778 3776//3776
f 3958//3958 3776//3776 3959//3959
f 3959//3959 3776//3776 3775//3775
f 3959//3959 3775//3775 3960//3960
f 3960//3960 3775//3775 3773//3773
f 3960//3960 3773//3773 3961//3961
f 3961//3961 3773//3773 3771//3771
f 3961//3961 3771//3771 3962//3962
f 3962//3962 3771//3771 3769//3769
f 3962//3962 3769//3769 3963//3963
f 3963//3963 3769//3769 3767//3767
f 3963//3963 3767//3767 3964//3964
f 3964//3964 3767//3767 3765//3765
f 3964//3964 3765//3765 3965//3965
f 3965//3965 3765//3765 3763//3763
f 3965//3965 3763//3763 3966//3966
f 3966//3966 3763//3763 3761//3761
f 3966//3966 3761//3761 3967//3967
f 3967//3967 3761//3761 3817//3817
f 3967//3967 3817//3817 3968//3968
f 3968//3968 3817//3817 3816//3816
f 3968//3968 3816//3816 3969//3969
f 3969//3969 3816//3816 3814//3814
f 3969//3969 3814//3814 3970//3970
f 3970//3970 3814//3814 3812//3812
f 3970//3970 3812//3812 3971//3971
f 3971//3971 3812//3812 3810//3810
f 3971//3971 3810//3810 3972//3972
f 3972//3972 3810//3810 3808//3808
f 3972//3972 3808//3808 3973//3973
f 3973//3973 3808//3808 3806//3806
f 3973//3973 3806//3806 3974//3974
f 3974//3974 3806//3806 3804//3804
f 3974//3974 3804//3804 3944//3944
f 3944//3944 3804//3804 3803//3803
f 3871//3871 3872//3872 3975//3975
f 3866//3866 3867//3867 3976//3976
f 3861//3861 3862//3862 3977//3977
f 3857//3857 3856//3856 3978//3978
f 3845//3845 3846//3846 3979//3979
f 3840//3840 3841//3841 3980//3980
f 3836//3836 3835//3835 3981//3981
f 3824//3824 3825//3825 3982//3982
f 3983//3983 3601//3601 3600//3600
f 3984//3984 3600//3600 3609//3609
f 3984//3984 3609//3609 3985//3985
f 3985//3985 3609//3609 3611//3611
f 3985//3985 3611//3611 3986//3986
f 3606//3606 3601//3601 3987//3987
f 3987//3987 3601//3601 3983//3983
f 3987//3987 3983//3983 3988//3988
f 3607//3607 3606//3606 3989//3989
f 3989//3989 3606//3606 3987//3987
f 3989//3989 3987//3987 3990//3990
f 3990//3990 3987//3987 3988//3988
f 3990//3990 3988//3988 3991//3991
f 3992//3992 3984//3984 3993//3993
f 3993//3993 3984//3984 3985//3985
f 3993//3993 3985//3985 3994//3994
f 3994//3994 3985//3985 3986//3986
f 3994//3994 3986//3986 3995//3995
f 3625//3625 3624//3624 3996//3996
f 3996//3996 3624//3624 3997//3997
f 3996//3996 3997//3997 3998//3998
f 3998//3998 3997//3997 3999//3999
f 3998//3998 3999//3999 4000//4000
f 4000//4000 3999//3999 3982//3982
f 3622//3622 3621//3621 4001//4001
f 4001//4001 3621//3621 4002//4002
f 4001//4001 4002//4002 4003//4003
f 4003//4003 4002//4002 4004//4004
f 4003//4003 4004//4004 4005//4005
f 4005//4005 4004//4004 4006//4006
f 3621//3621 3605//3605 4002//4002
f 4002//4002 3605//3605 4007//4007
f 4002//4002 4007//4007 4004//4004
f 4004//4004 4007//4007 4008//4008
f 4004//4004 4008//4008 4006//4006
f 4006//4006 4008//4008 4009//4009
f 3605//3605 3603//3603 4007//4007
f 4007//4007 3603//3603 4010//4010
f 4007//4007 4010//4010 4008//4008
f 4008//4008 4010//4010 4011//4011
f 4008//4008 4011//4011 4009//4009
f 4009//4009 4011//4011 4012//4012
f 3627//3627 3620//3620 4013//4013
f 4013//4013 3620//3620 4014//4014
f 4013//4013 4014//4014 4015//4015
f 4015//4015 4014//4014 4016//4016
f 4015//4015 4016//4016 4017//4017
f 4017//4017 4016//4016 3980//3980
f 3617//3617 3616//3616 4018//4018
f 4018//4018 3616//3616 4019//4019
f 4018//4018 4019//4019 4020//4020
f 4020//4020 4019//4019 4021//4021
f 4020//4020 4021//4021 4022//4022
f 4022//4022 4021//4021 3979//3979
f 3631//3631 3630//3630 4023//4023
f 4023//4023 3630//3630 4024//4024
f 4023//4023 4024//4024 4025//4025
f 4025//4025 4024//4024 4026//4026
f 4025//4025 4026//4026 4027//4027
f 4027//4027 4026//4026 4028//4028
f 3630//3630 3615//3615 4024//4024
f 4024//4024 3615//3615 4029//4029
f 4024//4024 4029//4029 4026//4026
f 4026//4026 4029//4029 4030//4030
f 4026//4026 4030//4030 4028//4028
f 4028//4028 4030//4030 4031//4031
f 3615//3615 3613//3613 4029//4029
f 4029//4029 3613//3613 4032//4032
f 4029//4029 4032//4032 4030//4030
f 4030//4030 4032//4032 4033//4033
f 4030//4030 4033//4033 4031//4031
f 4031//4031 4033//4033 4034//4034
f 3638//3638 3637//3637 4035//4035
f 4035//4035 3637//3637 4036//4036
f 4035//4035 4036//4036 4037//4037
f 4037//4037 4036//4036 4038//4038
f 4037//4037 4038//4038 4039//4039
f 4039//4039 4038//4038 3977//3977
f 3634//3634 3633//3633 4040//4040
f 4040//4040 3633//3633 4041//4041
f 4040//4040 4041//4041 4042//4042
f 4042//4042 4041//4041 4043//4043
f 4042//4042 4043//4043 4044//4044
f 4044//4044 4043//4043 3976//3976
f 3642//3642 3641//3641 4045//4045
f 4045//4045 3641//3641 4046//4046
f 4045//4045 4046//4046 4047//4047
f 4047//4047 4046//4046 4048//4048
f 4047//4047 4048//4048 4049//4049
f 4049//4049 4048//4048 3975//3975
f 4050//4050 3992//3992 4051//4051
f 4051//4051 3992//3992 3993//3993
f 4051//4051 3993//3993 4052//4052
f 4052//4052 3993//3993 3994//3994
f 4052//4052 3994//3994 4053//4053
f 4053//4053 3994//3994 3995//3995
f 4053//4053 3995//3995 4054//4054
f 3821//3821 4053//4053 3820//3820
f 3820//3820 4053//4053 4054//4054
f 3820//3820 4054//4054 3819//3819
f 3822//3822 3819//3819 4055//4055
f 4055//4055 3819//3819 4054//4054
f 4055//4055 4054//4054 4056//4056
f 4056//4056 4054//4054 3995//3995
f 4056//4056 3995//3995 4057//4057
f 4057//4057 3995//3995 3986//3986
f 4057//4057 3986//3986 3626//3626
f 3626//3626 3986//3986 3611//3611
f 3626//3626 3625//3625 4057//4057
f 4057//4057 3625//3625 3996//3996
f 4057//4057 3996//3996 4056//4056
f 4056//4056 3996//3996 3998//3998
f 4056//4056 3998//3998 4055//4055
f 4055//4055 3998//3998 4000//4000
f 4055//4055 4000//4000 3822//3822
f 3822//3822 4000//4000 3823//3823
f 3982//3982 3825//3825 4000//4000
f 4000//4000 3825//3825 3826//3826
f 4000//4000 3826//3826 3823//3823
f 3827//3827 3824//3824 4058//4058
f 4058//4058 3824//3824 3982//3982
f 4058//4058 3982//3982 4059//4059
f 4059//4059 3982//3982 3999//3999
f 4059//4059 3999//3999 4060//4060
f 4060//4060 3999//3999 3997//3997
f 4060//4060 3997//3997 3623//3623
f 3623//3623 3997//3997 3624//3624
f 3623//3623 3622//3622 4060//4060
f 4060//4060 3622//3622 4001//4001
f 4060//4060 4001//4001 4059//4059
f 4059//4059 4001//4001 4003//4003
f 4059//4059 4003//4003 4058//4058
f 4058//4058 4003//4003 4005//4005
f 4058//4058 4005//4005 3827//3827
f 3827//3827 4005//4005 3828//3828
f 3834//3834 3833//3833 4012//4012
f 4012//4012 3833//3833 3832//3832
f 4012//4012 3832//3832 4009//4009
f 4009//4009 3832//3832 3829//3829
f 4009//4009 3829//3829 4006//4006
f 4006//4006 3829//3829 3830//3830
f 4006//4006 3830//3830 4005//4005
f 4005//4005 3830//3830 3831//3831
f 4005//4005 3831//3831 3828//3828
f 3835//3835 3834//3834 3981//3981
f 3981//3981 3834//3834 4012//4012
f 3981//3981 4012//4012 4061//4061
f 4061//4061 4012//4012 4011//4011
f 4061//4061 4011//4011 4062//4062
f 4062//4062 4011//4011 4010//4010
f 4062//4062 4010//4010 3602//3602
f 3602//3602 4010//4010 3603//3603
f 3837//3837 3836//3836 4063//4063
f 4063//4063 3836//3836 3981//3981
f 4063//4063 3981//3981 4064//4064
f 4064//4064 3981//3981 4061//4061
f 4064//4064 4061//4061 4065//4065
f 4065//4065 4061//4061 4062//4062
f 4065//4065 4062//4062 3629//3629
f 3629//3629 4062//4062 3602//3602
f 3629//3629 3628//3628 4065//4065
f 4065//4065 3628//3628 4066//4066
f 4065//4065 4066//4066 4064//4064
f 4064//4064 4066//4066 4067//4067
f 4064//4064 4067//4067 4063//4063
f 4063//4063 4067//4067 4068//4068
f 4063//4063 4068//4068 3837//3837
f 3837//3837 4068//4068 3838//3838
f 3628//3628 3627//3627 4066//4066
f 4066//4066 3627//3627 4013//4013
f 4066//4066 4013//4013 4067//4067
f 4067//4067 4013//4013 4015//4015
f 4067//4067 4015//4015 4068//4068
f 4068//4068 4015//4015 4017//4017
f 4068//4068 4017//4017 3838//3838
f 3838//3838 4017//4017 3839//3839
f 3980//3980 3841//3841 4017//4017
f 4017//4017 3841//3841 3842//3842
f 4017//4017 3842//3842 3839//3839
f 3843//3843 3840//3840 4069//4069
f 4069//4069 3840//3840 3980//3980
f 4069//4069 3980//3980 4070//4070
f 4070//4070 3980//3980 4016//4016
f 4070//4070 4016//4016 4071//4071
f 4071//4071 4016//4016 4014//4014
f 4071//4071 4014//4014 3619//3619
f 3619//3619 4014//4014 3620//3620
f 3619//3619 3617//3617 4071//4071
f 4071//4071 3617//3617 4018//4018
f 4071//4071 4018//4018 4070//4070
f 4070//4070 4018//4018 4020//4020
f 4070//4070 4020//4020 4069//4069
f 4069//4069 4020//4020 4022//4022
f 4069//4069 4022//4022 3843//3843
f 3843//3843 4022//4022 3844//3844
f 3979//3979 3846//3846 4022//4022
f 4022//4022 3846//3846 3847//3847
f 4022//4022 3847//3847 3844//3844
f 3848//3848 3845//3845 4072//4072
f 4072//4072 3845//3845 3979//3979
f 4072//4072 3979//3979 4073//4073
f 4073//4073 3979//3979 4021//4021
f 4073//4073 4021//4021 4074//4074
f 4074//4074 4021//4021 4019//4019
f 4074//4074 4019//4019 3632//3632
f 3632//3632 4019//4019 3616//3616
f 3632//3632 3631//3631 4074//4074
f 4074//4074 3631//3631 4023//4023
f 4074//4074 4023//4023 4073//4073
f 4073//4073 4023//4023 4025//4025
f 4073//4073 4025//4025 4072//4072
f 4072//4072 4025//4025 4027//4027
f 4072//4072 4027//4027 3848//3848
f 3848//3848 4027//4027 3849//3849
f 3855//3855 3854//3854 4034//4034
f 4034//4034 3854//3854 3853//3853
f 4034//4034 3853//3853 4031//4031
f 4031//4031 3853//3853 3850//3850
f 4031//4031 3850//3850 4028//4028
f 4028//4028 3850//3850 3851//3851
f 4028//4028 3851//3851 4027//4027
f 4027//4027 3851//3851 3852//3852
f 4027//4027 3852//3852 3849//3849
f 3856//3856 3855//3855 3978//3978
f 3978//3978 3855//3855 4034//4034
f 3978//3978 4034//4034 4075//4075
f 4075//4075 4034//4034 4033//4033
f 4075//4075 4033//4033 4076//4076
f 4076//4076 4033//4033 4032//4032
f 4076//4076 4032//4032 3612//3612
f 3612//3612 4032//4032 3613//3613
f 3858//3858 3857//3857 4077//4077
f 4077//4077 3857//3857 3978//3978
f 4077//4077 3978//3978 4078//4078
f 4078//4078 3978//3978 4075//4075
f 4078//4078 4075//4075 4079//4079
f 4079//4079 4075//4075 4076//4076
f 4079//4079 4076//4076 3640//3640
f 3640//3640 4076//4076 3612//3612
f 3640//3640 3639//3639 4079//4079
f 4079//4079 3639//3639 4080//4080
f 4079//4079 4080//4080 4078//4078
f 4078//4078 4080//4080 4081//4081
f 4078//4078 4081//4081 4077//4077
f 4077//4077 4081//4081 4082//4082
f 4077//4077 4082//4082 3858//3858
f 3858//3858 4082//4082 3859//3859
f 3639//3639 3638//3638 4080//4080
f 4080//4080 3638//3638 4035//4035
f 4080//4080 4035//4035 4081//4081
f 4081//4081 4035//4035 4037//4037
f 4081//4081 4037//4037 4082//4082
f 4082//4082 4037//4037 4039//4039
f 4082//4082 4039//4039 3859//3859
f 3859//3859 4039//4039 3860//3860
f 3977//3977 3862//3862 4039//4039
f 4039//4039 3862//3862 3863//3863
f 4039//4039 3863//3863 3860//3860
f 3864//3864 3861//3861 4083//4083
f 4083//4083 3861//3861 3977//3977
f 4083//4083 3977//3977 4084//4084
f 4084//4084 3977//3977 4038//4038
f 4084//4084 4038//4038 4085//4085
f 4085//4085 4038//4038 4036//4036
f 4085//4085 4036//4036 3636//3636
f 3636//3636 4036//4036 3637//3637
f 3636//3636 3634//3634 4085//4085
f 4085//4085 3634//3634 4040//4040
f 4085//4085 4040//4040 4084//4084
f 4084//4084 4040//4040 4042//4042
f 4084//4084 4042//4042 4083//4083
f 4083//4083 4042//4042 4044//4044
f 4083//4083 4044//4044 3864//3864
f 3864//3864 4044//4044 3865//3865
f 3976//3976 3867//3867 4044//4044
f 4044//4044 3867//3867 3868//3868
f 4044//4044 3868//3868 3865//3865
f 3869//3869 3866//3866 4086//4086
f 4086//4086 3866//3866 3976//3976
f 4086//4086 3976//3976 4087//4087
f 4087//4087 3976//3976 4043//4043
f 4087//4087 4043//4043 4088//4088
f 4088//4088 4043//4043 4041//4041
f 4088//4088 4041//4041 3643//3643
f 3643//3643 4041//4041 3633//3633
f 3643//3643 3642//3642 4088//4088
f 4088//4088 3642//3642 4045//4045
f 4088//4088 4045//4045 4087//4087
f 4087//4087 4045//4045 4047//4047
f 4087//4087 4047//4047 4086//4086
f 4086//4086 4047//4047 4049//4049
f 4086//4086 4049//4049 3869//3869
f 3869//3869 4049//4049 3870//3870
f 3975//3975 3872//3872 4049//4049
f 4049//4049 3872//3872 3873//3873
f 4049//4049 3873//3873 3870//3870
f 3874//3874 3871//3871 4089//4089
f 4089//4089 3871//3871 3975//3975
f 4089//4089 3975//3975 4090//4090
f 4090//4090 3975//3975 4048//4048
f 4090//4090 4048//4048 4091//4091
f 4091//4091 4048//4048 4046//4046
f 4091//4091 4046//4046 3608//3608
f 3608//3608 4046//4046 3641//3641
f 3608//3608 3607//3607 4091//4091
f 4091//4091 3607//3607 3989//3989
f 4091//4091 3989//3989 4090//4090
f 4090//4090 3989//3989 3990//3990
f 4090//4090 3990//3990 4089//4089
f 4089//4089 3990//3990 3991//3991
f 4089//4089 3991//3991 3874//3874
f 3874//3874 3991//3991 3875//3875
f 3600//3600 3984//3984 3983//3983
f 3983//3983 3984//3984 3992//3992
f 3983//3983 3992//3992 3988//3988
f 3988//3988 3992//3992 4050//4050
f 3988//3988 4050//4050 3991//3991
f 3991//3991 4050//4050 3876//3876
f 3991//3991 3876//3876 3875//3875
f 3821//3821 3818//3818 4053//4053
f 4053//4053 3818//3818 3880//3880
f 4053//4053 3880//3880 4052//4052
f 4052//4052 3880//3880 3879//3879
f 4052//4052 3879//3879 4051//4051
f 4051//4051 3879//3879 3878//3878
f 4051//4051 3878//3878 4050//4050
f 4050//4050 3878//3878 3877//3877
f 4050//4050 3877//3877 3876//3876
f 4092//4092 3599//3599 4093//4093
f 4093//4093 3599//3599 3635//3635
f 4093//4093 3635//3635 4094//4094
f 4095//4095 3610//3610 4096//4096
f 4096//4096 3610//3610 3599//3599
f 4096//4096 3599//3599 4092//4092
f 4097//4097 3604//3604 4098//4098
f 4098//4098 3604//3604 3610//3610
f 4098//4098 3610//3610 4095//4095
f 4099//4099 3618//3618 4100//4100
f 4100//4100 3618//3618 3604//3604
f 4100//4100 3604//3604 4097//4097
f 4101//4101 3614//3614 4102//4102
f 4102//4102 3614//3614 3618//3618
f 4102//4102 3618//3618 4099//4099
f 4094//4094 3635//3635 4103//4103
f 4103//4103 3635//3635 3614//3614
f 4103//4103 3614//3614 4101//4101
f 4099//4099 4100//4100 4104//4104
f 4104//4104 4105//4105 4099//4099
f 4099//4099 4105//4105 4106//4106
f 4099//4099 4106//4106 4102//4102
f 4097//4097 4098//4098 4107//4107
f 4107//4107 4108//4108 4097//4097
f 4097//4097 4108//4108 4109//4109
f 4097//4097 4109//4109 4100//4100
f 4095//4095 4096//4096 4110//4110
f 4110//4110 4111//4111 4095//4095
f 4095//4095 4111//4111 4112//4112
f 4095//4095 4112//4112 4098//4098
f 4113//4113 4096//4096 4092//4092
f 4093//4093 4114//4114 4092//4092
f 4092//4092 4114//4114 4115//4115
f 4092//4092 4115//4115 4113//4113
f 4094//4094 4103//4103 4116//4116
f 4116//4116 4117//4117 4094//4094
f 4094//4094 4117//4117 4118//4118
f 4094//4094 4118//4118 4093//4093
f 4101//4101 4102//4102 4119//4119
f 4119//4119 4120//4120 4101//4101
f 4101//4101 4120//4120 4121//4121
f 4101//4101 4121//4121 4103//4103
f 4122//4122 4115//4115 4114//4114
f 4113//4113 4115//4115 4122//4122
f 4096//4096 4113//4113 4122//4122
f 4122//4122 4117//4117 4116//4116
f 4118//4118 4117//4117 4122//4122
f 4093//4093 4118//4118 4122//4122
f 4122//4122 4120//4120 4119//4119
f 4121//4121 4120//4120 4122//4122
f 4103//4103 4121//4121 4122//4122
f 4122//4122 4105//4105 4104//4104
f 4106//4106 4105//4105 4122//4122
f 4102//4102 4106//4106 4122//4122
f 4122//4122 4108//4108 4107//4107
f 4109//4109 4108//4108 4122//4122
f 4100//4100 4109//4109 4122//4122
f 4122//4122 4111//4111 4110//4110
f 4112//4112 4111//4111 4122//4122
f 4098//4098 4112//4112 4122//4122
f 4110//4110 4096//4096 4122//4122
f 4107//4107 4098//4098 4122//4122
f 4104//4104 4100//4100 4122//4122
f 4119//4119 4102//4102 4122//4122
f 4116//4116 4103//4103 4122//4122
f 4114//4114 4093//4093 4122//4122
