# Created by Open3D 
# object name: C86
# number of vertices: 3649
# number of triangles: 5016
v 0.0215 -0.0372391 0.00844654
vn 0.468575 -0.824753 0.316575
v 0.0215 -0.0372391 0.00666693
vn 0.50422 -0.863497 0.0115965
v 0.0217571 -0.0370895 0.00844654
vn 0.485032 -0.79214 0.370483
v 0.0215 -0.0372391 0.00444462
vn 0.496536 -0.868014 -0.00175272
v 0.0215 -0.0372391 0.00243674
vn 0.498838 -0.866695 0.000205385
v 0.0207403 -0.0376675 0.00145665
vn 0.203111 -0.906193 -0.370891
v 0.0208213 -0.0376228 0.00138247
vn 0.0661353 -0.929281 -0.363405
v 0.0212948 -0.0373568 0.0022108
vn 0.48987 -0.871795 0.000661028
v 0.021443 -0.037272 0.00237586
vn 0.499383 -0.866379 -0.00212604
v 0.0212898 -0.0373597 0.000768878
vn 0.126549 -0.978295 -0.164087
v 0.0214307 -0.037279 0.00039834
vn 0.0293323 -0.990547 -0.133998
v 0.0214811 -0.03725 -3.75693e-12
vn 0.0213958 -0.999771 0.000148388
v 0.0215 -0.0372391 -0.00243673
vn 0.501211 -0.865325 -8.69243e-05
v 0.0214305 -0.0372791 -0.000399178
vn 0.0293462 -0.990538 0.134064
v 0.0212896 -0.0373598 -0.000769281
vn 0.0629734 -0.954058 0.292928
v 0.0208292 -0.0376184 -0.001375
vn 0.286034 -0.924804 0.250841
v 0.0207403 -0.0376675 -0.00145665
vn 0.0583602 -0.864928 0.498491
v 0.021311 -0.0373476 -0.0022293
vn 0.491632 -0.870803 -9.098e-06
v 0.021443 -0.037272 -0.00237586
vn 0.499556 -0.866279 0.0021212
v 0.0215 -0.0372391 -0.00444462
vn 0.496883 -0.867817 0.00135436
v 0.0217571 -0.0370895 -0.00844654
vn 0.446217 -0.703688 -0.552913
v 0.0215 -0.0372391 -0.00666693
vn 0.510219 -0.860044 0
v 0.0215 -0.0372391 -0.00844654
vn 0.4898 -0.847011 -0.206564
v 0.0229679 0.0363521 0.00164099
vn 0.128621 0.938319 -0.320959
v 0.0224727 0.0366603 0.00220145
vn 0.166848 0.898374 -0.406308
v 0.0229679 0.0363521 0.00844654
vn 0.510722 0.802983 0.307217
v 0.0218783 0.0370181 0.00266617
vn 0.18877 0.868443 -0.458446
v 0.0215 0.0372391 0.00289437
vn 0.510407 0.859931 0.00152164
v 0.0215 0.0372391 0.00444462
vn 0.508624 0.860873 0.0141455
v 0.0215 0.0372391 0.00666693
vn 0.513311 0.858203 0
v 0.0215 0.0372391 0.00844654
vn 0.458442 0.80494 0.3767
v 0.023337 0.0361162 0.000957263
vn 0.57283 0.819635 0.00803831
v 0.023337 0.0361162 0.000957263
vn 0.594472 0.804106 0.00397652
v 0.0229679 0.0363521 0.00844654
vn 0.594472 0.804106 0.00397652
v 0.0280205 0.0326168 0.00844654
vn 0.594472 0.804106 0.00397652
v 0.0280205 0.0326168 0.00844654
vn 0.534887 0.650583 0.539108
v 0.023516 0.036 7.38069e-07
vn 0.600551 0.799587 0
v 0.023337 0.0361162 -0.000957263
vn 0.590374 0.806751 -0.0247275
v 0.0280205 0.0326168 -0.00844654
vn 0.480077 0.626443 -0.614081
v 0.0229679 0.0363521 -0.00164099
vn 0.191975 0.940554 0.280185
v 0.0229679 0.0363521 -0.00164099
vn 0.594477 0.804113 0
v 0.0280205 0.0326168 -0.00844654
vn 0.594477 0.804113 0
v 0.0229679 0.0363521 -0.00844654
vn 0.594477 0.804113 0
v 0.0229679 0.0363521 -0.00844654
vn 0.515109 0.826006 -0.228861
v 0.0224732 0.03666 -0.00220095
vn 0.166388 0.899939 0.40302
v 0.0218988 0.037006 -0.00265249
vn 0.232144 0.881326 0.411551
v 0.0215 0.0372391 -0.00289437
vn 0.191151 0.844468 0.500334
v 0.0215 0.0372391 -0.00444462
vn 0.508301 0.861098 -0.0118367
v 0.0215 0.0372391 -0.00666693
vn 0.508191 0.861201 -0.00871063
v 0.0215 0.0372391 -0.00844654
vn 0.448505 0.772364 -0.449773
v 0.0217571 -0.0370895 0.00844654
vn 0.567647 -0.823272 0
v 0.0217571 -0.0370895 -0.00844654
vn 0.567647 -0.823272 0
v 0.0269301 -0.0335227 -0.00844654
vn 0.567647 -0.823272 0
v 0.0269301 -0.0335227 0.00844654
vn 0.567647 -0.823272 0
v 0.0269301 -0.0335227 0.00844654
vn 0.681566 -0.731756 0
v 0.0269301 -0.0335227 -0.00844654
vn 0.681566 -0.731756 0
v 0.031528 -0.0292401 -0.00844654
vn 0.681566 -0.731756 0
v 0.031528 -0.0292401 0.00844654
vn 0.681566 -0.731756 0
v 0.031528 -0.0292401 0.00844654
vn 0.780933 -0.624615 0
v 0.031528 -0.0292401 -0.00844654
vn 0.780933 -0.624615 0
v 0.0354527 -0.0243332 -0.00844654
vn 0.780933 -0.624615 0
v 0.0354527 -0.0243332 0.00844654
vn 0.780933 -0.624615 0
v 0.0354527 -0.0243332 0.00844654
vn 0.863624 -0.504137 0
v 0.0354527 -0.0243332 -0.00844654
vn 0.863624 -0.504137 0
v 0.0386204 -0.0189067 -0.00844654
vn 0.863624 -0.504137 0
v 0.0386204 -0.0189067 0.00844654
vn 0.863624 -0.504137 0
v 0.0386204 -0.0189067 0.00844654
vn 0.927874 -0.372894 0
v 0.0386204 -0.0189067 -0.00844654
vn 0.927874 -0.372894 0
v 0.0409635 -0.0130765 -0.00844654
vn 0.927874 -0.372894 0
v 0.0409635 -0.0130765 0.00844654
vn 0.927874 -0.372894 0
v 0.0409635 -0.0130765 0.00844654
vn 0.972311 -0.233689 0
v 0.0409635 -0.0130765 -0.00844654
vn 0.972311 -0.233689 0
v 0.0424318 -0.00696704 -0.00844654
vn 0.972311 -0.233689 0
v 0.0424318 -0.00696704 0.00844654
vn 0.972311 -0.233689 0
v 0.0424318 -0.00696704 0.00844654
vn 0.995987 -0.0894935 0
v 0.0424318 -0.00696704 -0.00844654
vn 0.995987 -0.0894935 0
v 0.0429942 -0.000708833 -0.00844654
vn 0.995987 -0.0894935 0
v 0.0429942 -0.000708833 0.00844654
vn 0.995987 -0.0894935 0
v 0.0429942 -0.000708833 0.00844654
vn 0.998396 0.0566126 0
v 0.0429942 -0.000708833 -0.00844654
vn 0.998396 0.0566126 0
v 0.0426384 0.00556451 -0.00844654
vn 0.998396 0.0566126 0
v 0.0426384 0.00556451 0.00844654
vn 0.998396 0.0566126 0
v 0.0426384 0.00556451 0.00844654
vn 0.979487 0.20151 0
v 0.0426384 0.00556451 -0.00844654
vn 0.979487 0.20151 0
v 0.0413723 0.011719 -0.00844654
vn 0.979487 0.20151 0
v 0.0413723 0.011719 0.00844654
vn 0.979487 0.20151 0
v 0.0413723 0.011719 0.00844654
vn 0.939662 0.342105 0
v 0.0413723 0.011719 -0.00844654
vn 0.939662 0.342105 0
v 0.0392227 0.0176233 -0.00844654
vn 0.939662 0.342105 0
v 0.0392227 0.0176233 0.00844654
vn 0.939662 0.342105 0
v 0.0392227 0.0176233 0.00844654
vn 0.879773 0.475394 0
v 0.0392227 0.0176233 -0.00844654
vn 0.879773 0.475394 0
v 0.0362356 0.0231513 -0.00844654
vn 0.879773 0.475394 0
v 0.0362356 0.0231513 0.00844654
vn 0.879773 0.475394 0
v 0.0362356 0.0231513 0.00844654
vn 0.801098 0.598533 0
v 0.0362356 0.0231513 -0.00844654
vn 0.801098 0.598533 0
v 0.0324747 0.0281849 -0.00844654
vn 0.801098 0.598533 0
v 0.0324747 0.0281849 0.00844654
vn 0.801098 0.598533 0
v 0.0324747 0.0281849 0.00844654
vn 0.705318 0.708891 0
v 0.0324747 0.0281849 -0.00844654
vn 0.705318 0.708891 0
v 0.0280205 0.0326168 -0.00844654
vn 0.705318 0.708891 0
v 0.0280205 0.0326168 0.00844654
vn 0.705318 0.708891 0
v 0.0280205 0.0326168 0.00844654
vn 0.598565 0.801074 0
v 0.0280205 0.0326168 -0.00844654
vn 0.598565 0.801074 0
v 0.023337 0.0361162 -0.000957263
vn 0.598565 0.801074 0
v 0.001 -0.0435123 0.00804385
vn -0.132842 -0.89539 0.425006
v 0.001 -0.0443053 0.00627577
vn 0.069271 -0.930151 0.360584
v 0.00346766 -0.0439206 0.00679414
vn 0.0928816 -0.923672 0.371757
v 0.0166226 -0.0400067 0.00274999
vn 0.221083 -0.463061 -0.85831
v 0.0177646 -0.0393708 0.00267705
vn 0.466252 -0.847475 -0.25376
v 0.0164193 -0.040148 0.00448332
vn 0.473332 -0.880839 0.00891774
v 0.0188325 -0.0387638 0.00245647
vn 0.209216 -0.654461 -0.726574
v 0.0190658 -0.0386299 0.0023844
vn 0.202697 -0.756677 -0.621573
v 0.0197153 -0.0382561 0.00212632
vn 0.245414 -0.86763 -0.432423
v 0.0204411 -0.0378386 0.00170026
vn 0.161603 -0.850632 -0.50031
v 0.0113982 -0.04272 0.00227114
vn 0.415262 -0.908492 0.0468885
v 0.0136739 -0.0415876 0.00224544
vn 0.475975 -0.870837 -0.122845
v 0.0114709 -0.04251 0.00452315
vn 0.386271 -0.916773 0.101595
v 0.0139527 -0.0413989 0.00450302
vn 0.429777 -0.901749 0.0462671
v 0.0140919 -0.0413684 0.00238539
vn 0.432498 -0.395464 -0.81028
v 0.0149035 -0.0409384 0.00258493
vn 0.314332 -0.344176 -0.884725
v 0.01623 -0.040222 0.00274102
vn 0.243697 -0.285441 -0.926895
v 0.0114863 -0.0427167 -0.000426968
vn 0.495683 0.810354 0.312449
v 0.011421 -0.04275 1.08033e-06
vn 0.0425025 0.984865 0.16803
v 0.0113573 -0.0427814 -3.7569e-12
vn 0.413484 -0.910512 2.63813e-06
v 0.0114871 -0.0427162 0.000429558
vn 0.174714 0.943128 -0.282817
v 0.011727 -0.0425936 0.000914215
vn 0.528365 0.604576 -0.596086
v 0.0121907 -0.0423557 0.00141879
vn 0.562409 0.382485 -0.733077
v 0.0123038 -0.0422976 0.00151115
vn 0.14447 0.600274 -0.786638
v 0.0131036 -0.0418845 0.00200276
vn 0.283931 0.367872 -0.885468
v 0.0134953 -0.0416808 -0.00217653
vn 0.497656 -0.848284 0.180978
v 0.0127127 -0.0420868 -0.00179098
vn 0.311455 0.394756 0.864386
v 0.0113982 -0.04272 -0.00227114
vn 0.414624 -0.908805 -0.0464761
v 0.0121184 -0.0423929 -0.00135525
vn 0.173988 0.621352 0.76397
v 0.0117465 -0.0425836 -0.000942059
vn 0.521126 0.630826 0.574879
v 0.0152026 -0.0407784 -0.00263753
vn 0.300017 -0.290801 0.908528
v 0.0139527 -0.0413989 -0.00450302
vn 0.424354 -0.903307 -0.062927
v 0.0164338 -0.0401104 -0.00274778
vn 0.406307 -0.699232 0.588208
v 0.0164193 -0.040148 -0.00448332
vn 0.475366 -0.87958 -0.0191536
v 0.0167051 -0.0399612 -0.00274973
vn 0.0899856 -0.350394 0.932269
v 0.0205319 -0.0377866 -0.00163197
vn 0.194543 -0.867071 0.45863
v 0.0197441 -0.0382395 -0.00211265
vn 0.175241 -0.812415 0.556123
v 0.0191607 -0.0385754 -0.00235223
vn 0.496454 -0.868054 0.00386105
v 0.0215 -0.0372391 -0.00444462
vn 0.493977 -0.86947 0.00288623
v 0.0191607 -0.0385754 -0.00235223
vn 0.496856 -0.867832 0.00124189
v 0.0179895 -0.0392439 -0.002644
vn 0.153999 -0.514781 0.843377
v 0.019046 -0.0386978 -0.00668416
vn 0.487821 -0.872942 -0.00128821
v 0.0191411 -0.0385513 -0.00849998
vn 0.43894 -0.833637 -0.335233
v 0.0165723 -0.0399954 -0.00670152
vn 0.456687 -0.88887 -0.0366963
v 0.0167001 -0.0397069 -0.00856027
vn 0.378764 -0.84258 -0.382878
v 0.0140609 -0.0411369 -0.00671912
vn 0.393407 -0.912397 -0.112969
v 0.0141855 -0.0406981 -0.00862127
vn 0.315496 -0.843259 -0.435174
v 0.0115005 -0.0421143 -0.00673708
vn 0.333912 -0.922593 -0.193198
v 0.0116156 -0.041518 -0.00867665
vn 0.251242 -0.837326 -0.485555
v 0.00110357 -0.043099 -0.00880357
vn 0.00926106 -0.362425 -0.931967
v 0.00366857 -0.0429591 -0.0087839
vn 0.072397 -0.774471 -0.628453
v 0.001 -0.0431604 -0.0087
vn -0.514184 -0.733027 -0.445294
v 0.00346766 -0.0439206 -0.00679414
vn 0.09634 -0.915875 -0.389732
v 0.001 -0.0440081 -0.00699743
vn -0.796423 -0.561168 -0.225391
v 0.00365437 -0.0446766 -0.00458726
vn 0.113499 -0.9526 -0.28226
v 0.001 -0.0446709 -0.00524007
vn -0.892193 -0.430466 -0.136717
v 0.001 -0.045151 -0.0033987
vn -0.532751 -0.826175 -0.183333
v 0.00381707 -0.0451554 -0.00231109
vn 0.134712 -0.979207 -0.151679
v 0.001 -0.0453346 -0.00232413
vn -0.74152 -0.663711 -0.0981676
v 0.001 -0.0454227 -0.00156218
vn -0.624834 -0.779007 -0.0522501
v 0.00388663 -0.0453221 -3.75687e-12
vn 0.1484 -0.988917 -0.00457339
v 0.001 -0.045493 0.000272284
vn -0.500638 -0.865023 0.033107
v 0.00381707 -0.0451554 0.00231109
vn 0.12933 -0.98152 0.141041
v 0.001 -0.0453635 0.00210509
vn -0.857544 -0.512515 0.0441097
v 0.001 -0.0452909 0.00262086
vn -0.480743 -0.858845 0.176835
v 0.00365437 -0.0446766 0.00458726
vn 0.117138 -0.956519 0.267115
v 0.001 -0.0448973 0.00447124
vn -0.759388 -0.623418 0.186224
v 0.00110357 -0.043099 0.00880357
vn -0.229138 -0.271716 0.934701
v 0.001 -0.0431604 0.0087
vn -0.733312 -0.550246 0.399352
v 0.0036853 -0.0429577 0.00878376
vn 0.0903732 -0.821957 0.562334
v 0.00621164 -0.0435211 0.00677457
vn 0.163014 -0.921531 0.352429
v 0.00637509 -0.0426434 0.00875745
vn 0.148275 -0.825557 0.544491
v 0.00888452 -0.0429145 0.00675553
vn 0.238708 -0.923132 0.301406
v 0.00904316 -0.0421581 0.00872193
vn 0.209527 -0.837178 0.505205
v 0.0115005 -0.0421143 0.00673708
vn 0.309687 -0.921805 0.233173
v 0.0116804 -0.0414996 0.00867537
vn 0.272467 -0.846541 0.457308
v 0.0140609 -0.0411369 0.00671912
vn 0.374197 -0.913813 0.157866
v 0.0142648 -0.0406698 0.00861943
vn 0.335742 -0.850176 0.405558
v 0.0165723 -0.0399954 0.00670152
vn 0.430463 -0.898373 0.0873367
v 0.016793 -0.0396665 0.00855796
vn 0.397358 -0.846009 0.355494
v 0.019046 -0.0386978 0.00668416
vn 0.484086 -0.874748 0.0218382
v 0.0192459 -0.0384972 0.00849746
vn 0.455624 -0.834551 0.309727
v 0.00895992 -0.0438715 -3.75689e-12
vn 0.382462 -0.923971 0
v 0.0089607 -0.0437689 0.00228403
vn 0.351715 -0.932569 0.0813079
v 0.00894462 -0.0434531 0.00454385
vn 0.305943 -0.934729 0.180778
v 0.0140343 -0.0413987 -0.00236773
vn 0.187792 0.0106835 0.982151
v 0.0114709 -0.04251 -0.00452315
vn 0.390851 -0.914573 -0.103886
v 0.0089607 -0.0437689 -0.00228403
vn 0.351715 -0.932569 -0.0813079
v 0.00651561 -0.0447456 -3.75688e-12
vn 0.289304 -0.957237 0
v 0.00647191 -0.0446036 0.00229736
vn 0.253533 -0.959989 0.118919
v 0.00636058 -0.044189 0.00456525
vn 0.21643 -0.9473 0.236181
v 0.00899374 -0.0421687 -0.00872269
vn 0.187998 -0.827537 -0.528998
v 0.00888452 -0.0429145 -0.00675553
vn 0.249333 -0.926188 -0.282858
v 0.00894462 -0.0434531 -0.00454385
vn 0.305943 -0.934729 -0.180778
v 0.00634189 -0.0426483 -0.00875783
vn 0.126939 -0.817703 -0.561469
v 0.00621164 -0.0435211 -0.00677457
vn 0.172951 -0.924753 -0.338998
v 0.00636058 -0.044189 -0.00456525
vn 0.21643 -0.9473 -0.236181
v 0.00647191 -0.0446036 -0.00229736
vn 0.253533 -0.959989 -0.118919
v 0.0164193 -0.040148 0.00448332
vn 0.496634 -0.867706 -0.0209918
v 0.0215 -0.0372391 0.00444462
vn 0.501374 -0.865115 -0.0141096
v 0.00133556 -0.037836 -0.0012519
vn -0.528571 -0.699149 0.48146
v 0.00124123 -0.0380717 -0.00159108
vn -0.219277 -0.659731 0.7188
v 0.01 -0.0378349 -0.00125
vn 0.0211795 -0.898239 0.438997
v 0.01 -0.03875 -0.00216506
vn -0.00556865 -0.508227 0.861205
v 0.01 -0.0378349 0.00125
vn -0.00668202 -0.871763 -0.489882
v 0.00145533 -0.0375863 0.000651167
vn -0.00496547 -0.965787 -0.259288
v 0.01 -0.0375 -3.75689e-12
vn -0.00411772 -0.999603 -0.0278808
v 0.0015018 -0.0375 -1.49128e-06
vn -0.117492 -0.983419 0.138143
v 0.00145532 -0.0375863 -0.000651241
vn -0.370713 -0.883392 0.286689
v 0.01 -0.03875 0.00216506
vn -0.00556864 -0.508227 -0.861205
v 0.00124123 -0.0380717 0.00159108
vn -0.00418954 -0.706467 -0.707733
v 0.00133604 -0.0378349 0.00125
vn -0.288803 -0.819161 -0.495548
v 0.01 -0.04 0.0025
vn -0.00278287 0.0628303 -0.99802
v 0.001 -0.0394397 0.00243641
vn -0.00465243 -0.258608 -0.965971
v 0.00105992 -0.03875 0.00216506
vn -0.29138 -0.484394 -0.8249
v 0.00105992 -0.03875 -0.00216506
vn -0.316165 -0.479595 0.818552
v 0.001 -0.0394397 -0.00243642
vn -0.153739 -0.255537 0.954497
v 0.01 -0.04 -0.0025
vn -0.00392648 -0.0207731 0.999777
v 0.001 -0.04 -0.0025
vn -0.349495 0.182084 0.919075
v 0.01 -0.04125 -0.00216506
vn 0 0.420974 0.907073
v 0.001 -0.04125 -0.00216506
vn 0 0.575061 0.818111
v 0.01 -0.0421651 -0.00125
vn 0 0.81811 0.575062
v 0.001 -0.0421651 -0.00125
vn 3.0865e-16 0.907072 0.420975
v 0.01 -0.0425 -3.75689e-12
vn 0 0.996035 0.0889624
v 0.001 -0.0425 -3.75686e-12
vn 0 0.996035 -0.0889624
v 0.01 -0.0421651 0.00125
vn -3.0865e-16 0.907072 -0.420975
v 0.001 -0.0421651 0.00125
vn 0 0.81811 -0.575062
v 0.01 -0.04125 0.00216506
vn 0 0.575061 -0.818111
v 0.001 -0.04125 0.00216506
vn 0 0.420974 -0.907073
v 0.001 -0.04 0.0025
vn 0 0.148241 -0.988951
v 0.001 -0.0421651 0.00125
vn -1 0 0
v 0.001 -0.0425 -3.75686e-12
vn -1 0 0
v 0.001 -0.0394397 0.0087
vn -0.986843 0.0934635 0.13193
v 0.001 -0.0394397 0.00243641
vn -0.998853 0.0478791 0
v 0.001 -0.04 0.0025
vn -1 0 0
v 0.001 -0.0394397 -0.0087
vn -0.990439 0.0752247 -0.115634
v 0.001 -0.04 -0.0025
vn -1 0 0
v 0.001 -0.0394397 -0.0087
vn -1 0 0
v 0.001 -0.0440081 -0.00699743
vn -1 0 0
v 0.001 -0.04125 -0.00216506
vn -1 0 0
v 0.001 -0.0421651 -0.00125
vn -1 0 0
v 0.001 -0.0435123 0.00804385
vn -1 0 0
v 0.001 -0.0394397 0.0087
vn -1 0 0
v 0.001 -0.04 0.0025
vn -1 0 0
v 0.001 -0.0435123 0.00804385
vn -1 0 0
v 0.001 -0.0443053 0.00627577
vn -1 0 0
v 0.001 -0.04125 0.00216506
vn -1 0 0
v 0.00879771 -0.0297254 0.008
vn -0.295599 0.872509 -0.389037
v 0.00879771 -0.0297254 0.0087
vn -0.358141 0.91977 0.160493
v 0.0112633 -0.0288814 0.008
vn -0.362225 0.928821 -0.0780049
v 0.0136493 -0.0278334 0.0087
vn -0.421899 0.879141 0.221614
v 0.0136493 -0.0278334 0.008
vn -0.440301 0.89785 0
v 0.0159389 -0.0265886 0.008
vn -0.51259 0.855083 -0.0780049
v 0.0181158 -0.0251559 0.0087
vn -0.563106 0.796115 0.221614
v 0.0181158 -0.0251559 0.008
vn -0.58438 0.81148 0
v 0.0201646 -0.0235454 0.008
vn -0.648491 0.757215 -0.0780053
v 0.022071 -0.0217686 0.0087
vn -0.688423 0.690624 0.221615
v 0.022071 -0.0217686 0.008
vn -0.711968 0.702211 0
v 0.0238214 -0.0198378 0.008
vn -0.766091 0.637981 -0.0780053
v 0.0254035 -0.0177669 0.0087
vn -0.794313 0.565644 0.221614
v 0.0254035 -0.0177669 0.008
vn -0.819467 0.573127 0
v 0.026806 -0.0155705 0.008
vn -0.862074 0.500743 -0.0780045
v 0.028019 -0.013264 0.0087
vn -0.877789 0.424703 0.221615
v 0.028019 -0.013264 0.008
vn -0.90384 0.42787 0
v 0.0290341 -0.0108637 0.008
vn -0.93373 0.349375 -0.0780046
v 0.029844 -0.00838671 0.0087
vn -0.936496 0.271777 0.221615
v 0.029844 -0.00838671 0.008
vn -0.962709 0.270539 0
v 0.0304429 -0.00585043 0.008
vn -0.979038 0.188148 -0.0780043
v 0.0308268 -0.00327279 0.0087
vn -0.968775 0.111183 0.221615
v 0.0308268 -0.00327279 0.008
vn -0.994411 0.105574 0
v 0.0309927 -0.000672031 0.008
vn -0.996719 0.0216125 -0.0780045
v 0.0309396 0.00193348 0.0087
vn -0.973718 -0.0525496 0.221614
v 0.0309396 0.00193348 0.008
vn -0.998053 -0.0623703 0
v 0.0306679 0.00452533 0.008
vn -0.986273 -0.145534 -0.0780047
v 0.0301795 0.0070852 0.0087
vn -0.951183 -0.214799 0.221614
v 0.0301795 0.0070852 0.008
vn -0.973531 -0.228555 0
v 0.0294777 0.00959499 0.008
vn -0.947997 -0.308573 -0.0780046
v 0.0285677 0.012037 0.0087
vn -0.901807 -0.370987 0.221614
v 0.0285677 0.012037 0.008
vn -0.921537 -0.38829 0
v 0.0274557 0.0143939 0.008
vn -0.882969 -0.462905 -0.0780051
v 0.0261497 0.0166491 0.0087
vn -0.826983 -0.516706 0.221615
v 0.0261497 0.0166491 0.008
vn -0.843539 -0.537068 0
v 0.0246589 0.0187866 0.008
vn -0.793026 -0.604173 -0.0780043
v 0.0229939 0.0207914 0.0087
vn -0.728824 -0.647845 0.221615
v 0.0229939 0.0207914 0.008
vn -0.741738 -0.67069 0
v 0.0211663 0.0226492 0.008
vn -0.680704 -0.728394 -0.0780043
v 0.0191892 0.024347 0.0087
vn -0.610097 -0.760702 0.221615
v 0.0191892 0.024347 0.008
vn -0.619005 -0.785387 0
v 0.0170764 0.0258727 0.008
vn -0.549173 -0.83206 -0.0780041
v 0.014843 0.0272155 0.0087
vn -0.474155 -0.852094 0.221615
v 0.014843 0.0272155 0.008
vn -0.478806 -0.877921 0
v 0.0125046 0.0283661 0.008
vn -0.402146 -0.912246 -0.0780049
v 0.0100779 0.0293161 0.0087
vn -0.398746 -0.86616 0.301278
v 0.0100779 0.0293161 0.008
vn -0.295624 -0.815624 -0.497357
v 0.0136493 -0.0278334 -0.0087
vn -0.436774 0.871846 -0.221613
v 0.00879771 -0.0297254 -0.0087
vn -0.348328 0.889412 -0.295996
v 0.0112633 -0.0288814 -0.008
vn -0.362225 0.928821 0.0780048
v 0.00879771 -0.0297254 -0.008
vn -0.269365 0.850696 0.451396
v 0.0201646 -0.0235454 -0.008
vn -0.648491 0.757215 0.0780052
v 0.022071 -0.0217686 -0.0087
vn -0.700057 0.678828 -0.221614
v 0.0181158 -0.0251559 -0.0087
vn -0.57655 0.786433 -0.221614
v 0.0136493 -0.0278334 -0.008
vn -0.440301 0.89785 0
v 0.0159389 -0.0265886 -0.008
vn -0.51259 0.855083 0.0780048
v 0.0181158 -0.0251559 -0.008
vn -0.58438 0.81148 0
v 0.022071 -0.0217686 -0.008
vn -0.711968 0.702211 0
v 0.0238214 -0.0198378 -0.008
vn -0.766091 0.637981 0.0780052
v 0.0254035 -0.0177669 -0.0087
vn -0.803809 0.552068 -0.221614
v 0.0290341 -0.0108637 -0.008
vn -0.93373 0.349375 0.0780045
v 0.029844 -0.00838671 -0.0087
vn -0.940978 0.255828 -0.221614
v 0.028019 -0.013264 -0.0087
vn -0.884878 0.409729 -0.221615
v 0.0254035 -0.0177669 -0.008
vn -0.819467 0.573127 0
v 0.026806 -0.0155705 -0.008
vn -0.862074 0.500743 0.0780044
v 0.028019 -0.013264 -0.008
vn -0.90384 0.42787 0
v 0.029844 -0.00838671 -0.008
vn -0.962709 0.270539 0
v 0.0304429 -0.00585043 -0.008
vn -0.979038 0.188148 0.0780042
v 0.0308268 -0.00327279 -0.0087
vn -0.970524 0.0947077 -0.221614
v 0.0308268 -0.00327279 -0.008
vn -0.994411 0.105574 0
v 0.0309927 -0.000672031 -0.008
vn -0.996719 0.0216125 0.0780044
v 0.0309396 0.00193348 -0.0087
vn -0.972684 -0.0690849 -0.221614
v 0.0309396 0.00193348 -0.008
vn -0.998053 -0.0623703 0
v 0.0306679 0.00452533 -0.008
vn -0.986273 -0.145534 0.0780046
v 0.0301795 0.0070852 -0.0087
vn -0.947396 -0.230928 -0.221614
v 0.0301795 0.0070852 -0.008
vn -0.973531 -0.228555 0
v 0.0294777 0.00959499 -0.008
vn -0.947997 -0.308573 0.0780045
v 0.0285677 0.012037 -0.0087
vn -0.895374 -0.386255 -0.221615
v 0.0285677 0.012037 -0.008
vn -0.921537 -0.38829 0
v 0.0274557 0.0143939 -0.008
vn -0.882969 -0.462905 0.0780049
v 0.0261497 0.0166491 -0.0087
vn -0.818085 -0.530682 -0.221615
v 0.0261497 0.0166491 -0.008
vn -0.843539 -0.537068 0
v 0.0246589 0.0187866 -0.008
vn -0.793026 -0.604173 0.0780042
v 0.0229939 0.0207914 -0.0087
vn -0.717712 -0.660133 -0.221614
v 0.0229939 0.0207914 -0.008
vn -0.741738 -0.67069 0
v 0.0211663 0.0226492 -0.008
vn -0.680704 -0.728394 0.0780042
v 0.0191892 0.024347 -0.0087
vn -0.597086 -0.770958 -0.221615
v 0.0191892 0.024347 -0.008
vn -0.619005 -0.785387 0
v 0.0170764 0.0258727 -0.008
vn -0.549173 -0.83206 0.078004
v 0.014843 0.0272155 -0.0087
vn -0.45961 -0.860026 -0.221615
v 0.0100779 0.0293161 -0.008
vn -0.338812 -0.84575 0.412205
v 0.0100779 0.0293161 -0.0087
vn -0.408856 -0.897292 -0.166444
v 0.0125046 0.0283661 -0.008
vn -0.402146 -0.912246 0.0780048
v 0.014843 0.0272155 -0.008
vn -0.478806 -0.877921 0
v 0.001 0.038875 0.00194856
vn -0.556789 0.221783 -0.800499
v 0.001 0.0388115 0.00191046
vn -0.138742 0.609189 -0.780794
v 0.001 0.0388115 0.0087
vn -0.994639 -0.00600629 0.103232
v 0.001 0.0437579 -0.00754612
vn -0.930959 0.332401 -0.15108
v 0.001 0.0431604 -0.0087
vn -0.802257 0.437999 -0.405637
v 0.001 0.0388115 -0.0087
vn -0.989728 -0.0907952 -0.110429
v 0.001 0.0453829 -0.00194434
vn -0.677217 0.727335 -0.111179
v 0.001 0.0419486 -0.001125
vn -0.820393 -0.467795 0.32882
v 0.001 0.04225 -3.75686e-12
vn -0.724138 -0.686921 0.0613533
v 0.001 0.0431604 0.0087
vn -0.803806 0.532272 0.265673
v 0.001 0.0440124 0.00698764
vn -0.918096 0.36337 0.158311
v 0.001 0.0388115 -0.00191046
vn -0.741399 0.390999 0.545387
v 0.001 0.038875 -0.00194856
vn -0.79304 0.167331 0.585737
v 0.001 0.04 -0.00225
vn -0.655497 0.0671843 0.752204
v 0.001 0.0388115 -0.0087
vn -1 0 0
v 0.001 0.04 -0.00225
vn -1 0 0
v 0.001 0.0437579 -0.00754612
vn -1 0 0
v 0.001 0.041125 -0.00194856
vn -0.789891 -0.258161 0.55626
v 0.001 0.0444945 -0.00576467
vn -1 0 0
v 0.001 0.0450698 -0.00377665
vn -0.936649 0.336467 -0.0973567
v 0.001 0.0419486 0.001125
vn -0.796461 -0.548498 -0.254559
v 0.001 0.045462 0.00105709
vn -0.652303 0.755601 0.0597216
v 0.001 0.045495 -8.60987e-05
vn -0.496708 0.866962 -0.0407131
v 0.001 0.04 0.00225
vn -0.64113 -0.0682726 -0.76439
v 0.001 0.04 0.00225
vn -1 0 0
v 0.001 0.0388115 0.0087
vn -1 0 0
v 0.001 0.0440124 0.00698764
vn -1 0 0
v 0.001 0.041125 0.00194856
vn -0.80174 -0.343698 -0.488962
v 0.001 0.0446793 0.00521374
vn -0.86181 0.477602 0.17082
v 0.001 0.0448378 0.00468614
vn -0.72198 0.67435 0.154911
v 0.001 0.0452482 0.00288091
vn -0.764854 0.63488 0.109202
v 0.0013 -0.0394397 -0.009
vn -0.0979355 0.00803823 -0.99516
v 0.00152314 -0.0381743 -0.009
vn -0.513268 0.223605 -0.828587
v 0.00216564 -0.0370614 -0.009
vn -0.181508 0.144741 -0.972679
v 0.0211285 -0.0366189 -0.00900001
vn 0.185746 -0.322893 -0.928029
v 0.0137814 -0.0281027 -0.009
vn -0.209109 0.458355 -0.86382
v 0.0213913 -0.0364659 -0.009
vn 0.232617 -0.342306 -0.910338
v 0.0213913 -0.0364659 -0.009
vn 0 0 -1
v 0.0137814 -0.0281027 -0.009
vn 0 0 -1
v 0.0182911 -0.0253993 -0.009
vn 0 0 -1
v 0.0264773 -0.0329591 -0.009
vn 0 0 -1
v 0.0013 -0.0424639 -0.009
vn -0.191229 -0.0423762 -0.98063
v 0.00361187 -0.0423222 -0.009
vn 0.00409039 -0.0462138 -0.998923
v 0.00216564 -0.0370614 -0.009
vn 0 0 -1
v 0.00624278 -0.0420034 -0.009
vn 0 0 -1
v 0.00624278 -0.0420034 -0.009
vn 0 0 -1
v 0.00216564 -0.0370614 -0.009
vn 0 0 -1
v 0.00709853 -0.0311826 -0.009
vn 0 0 -1
v 0.0182911 -0.0253993 -0.009
vn 0 0 -1
v 0.0309979 -0.0287485 -0.009
vn 0 0 -1
v 0.0309979 -0.0287485 -0.009
vn 0 0 -1
v 0.0222846 -0.0219792 -0.009
vn 0 0 -1
v 0.0222846 -0.0219792 -0.009
vn 0 0 -1
v 0.0348567 -0.0239241 -0.009
vn 0 0 -1
v 0.0348567 -0.0239241 -0.009
vn 0 0 -1
v 0.0256493 -0.0179389 -0.009
vn 0 0 -1
v 0.0256493 -0.0179389 -0.009
vn 0 0 -1
v 0.0379711 -0.0185888 -0.009
vn 0 0 -1
v 0.0379711 -0.0185888 -0.009
vn 0 0 -1
v 0.0282902 -0.0133923 -0.009
vn 0 0 -1
v 0.0402748 -0.0128566 -0.009
vn 0 0 -1
v 0.0301328 -0.00846788 -0.009
vn 0 0 -1
v 0.0417185 -0.00684991 -0.009
vn 0 0 -1
v 0.0311251 -0.00330447 -0.009
vn 0 0 -1
v 0.0422713 -0.000696916 -0.009
vn 0 0 -1
v 0.0312391 0.00195219 -0.009
vn 0 0 -1
v 0.0419216 0.00547096 -0.009
vn 0 0 -1
v 0.0211285 -0.0366189 -0.00900001
vn -1.87476e-06 -9.61242e-07 -1
v 0.0188103 -0.0379108 -0.009
vn -9.37167e-07 -4.80511e-07 -1
v 0.0137814 -0.0281027 -0.009
vn -9.37167e-07 -4.80511e-07 -1
v 0.0164139 -0.0390529 -0.009
vn 0 0 -1
v 0.0164139 -0.0390529 -0.009
vn 0 0 -1
v 0.00888284 -0.0300131 -0.009
vn 0 0 -1
v 0.00888284 -0.0300131 -0.009
vn 0 0 -1
v 0.0139466 -0.0400385 -0.009
vn 0 0 -1
v 0.00888284 -0.0300131 -0.009
vn 0 0 -1
v 0.0139466 -0.0400385 -0.009
vn 0 0 -1
v 0.00790456 -0.0304665 -0.009
vn 0 0 -1
v 0.00790456 -0.0304665 -0.009
vn 0 0 -1
v 0.0114247 -0.0408598 -0.009
vn 0 0 -1
v 0.0114247 -0.0408598 -0.009
vn 0.0416541 -0.14333 -0.988798
v 0.00709853 -0.0311826 -0.009
vn 0 0 -1
v 0.00709853 -0.0311826 -0.009
vn 0 0 -1
v 0.00884985 -0.0415163 -0.009
vn 0 0 -1
v 0.00624278 -0.0420034 -0.009
vn 0 0 -1
v 0.0312391 0.00195219 -0.009
vn 0 0 -1
v 0.0406767 0.011522 -0.009
vn 0 0 -1
v 0.0406767 0.011522 -0.009
vn 0 0 -1
v 0.0304715 0.00715376 -0.009
vn 0 0 -1
v 0.0304715 0.00715376 -0.009
vn 0 0 -1
v 0.0385633 0.017327 -0.009
vn 0 0 -1
v 0.0385633 0.017327 -0.009
vn 0 0 -1
v 0.0288441 0.0121535 -0.009
vn 0 0 -1
v 0.0288441 0.0121535 -0.009
vn 0 0 -1
v 0.0356264 0.0227621 -0.009
vn 0 0 -1
v 0.0356264 0.0227621 -0.009
vn 0 0 -1
v 0.0264028 0.0168102 -0.009
vn 0 0 -1
v 0.0264028 0.0168102 -0.009
vn 0 0 -1
v 0.0319288 0.0277111 -0.009
vn 0 0 -1
v 0.0232164 0.0209926 -0.009
vn 0 0 -1
v 0.0275494 0.0320684 -0.009
vn 0 0 -1
v 0.0193749 0.0245826 -0.009
vn 0 0 -1
v 0.0225818 0.0357409 -0.009
vn 0 0 -1
v 0.0149866 0.0274789 -0.009
vn 0 0 -1
v 0.0225818 0.0357409 -0.009
vn 7.46752e-06 -6.86478e-06 -1
v 0.0149866 0.0274789 -0.009
vn 7.46752e-06 -6.86478e-06 -1
v 0.0211385 0.036613 -0.00900002
vn -7.62585e-07 -1.3217e-06 -1
v 0.00253149 0.0360553 -0.009
vn -0.290344 -0.303386 -0.907556
v 0.00162187 0.0373021 -0.009
vn -0.0998683 -0.0359481 -0.994351
v 0.00362869 0.0423207 -0.009
vn 0.00562673 0.0633088 -0.997978
v 0.0013 0.0388115 -0.009
vn -0.104773 -0.00653323 -0.994475
v 0.0013 0.0424639 -0.009
vn -0.191725 0.0361506 -0.980783
v 0.00253149 0.0360553 -0.009
vn 0 0 -1
v 0.00362869 0.0423207 -0.009
vn 0 0 -1
v 0.0089098 0.0303427 -0.009
vn 0 0 -1
v 0.0089098 0.0303427 -0.009
vn 0 0 -1
v 0.00362869 0.0423207 -0.009
vn 0 0 -1
v 0.0062782 0.041998 -0.009
vn 0 0 -1
v 0.00890556 0.041504 -0.009
vn 0 0 -1
v 0.0114927 0.0408401 -0.009
vn 0 0 -1
v 0.0140295 0.0400084 -0.009
vn 0 0 -1
v 0.0089098 0.0303427 -0.009
vn 0 0 -1
v 0.0140295 0.0400084 -0.009
vn 0 0 -1
v 0.0101755 0.0295998 -0.009
vn 0 0 -1
v 0.0101755 0.0295998 -0.009
vn 0 0 -1
v 0.0165106 0.0390104 -0.009
vn 0 0 -1
v 0.0101755 0.0295998 -0.009
vn 0 0 -1
v 0.0165106 0.0390104 -0.009
vn 0 0 -1
v 0.0149866 0.0274789 -0.009
vn -3.02817e-06 1.1469e-06 -1
v 0.0189167 0.0378556 -0.009
vn -3.02817e-06 1.1469e-06 -1
v 0.0013 0.0388115 0.009
vn -0.612051 -0.036794 0.789962
v 0.00162187 0.0373021 0.009
vn -0.447808 -0.241673 0.86085
v 0.00253149 0.0360553 0.009
vn -0.416854 -0.436533 0.797291
v 0.0275494 0.0320684 0.009
vn 0 0 1
v 0.0225818 0.0357409 0.009
vn 0 0 1
v 0.0193749 0.0245826 0.009
vn 0 0 1
v 0.0149866 0.0274789 0.009
vn 0 0 1
v 0.0013 -0.0394397 0.009
vn -0.107357 0.0055845 0.994205
v 0.0013 -0.0424639 0.009
vn -0.161073 -0.0442804 0.985949
v 0.00362834 -0.0423207 0.009
vn 0.00687578 -0.077385 0.996978
v 0.0319288 0.0277111 0.009
vn 0 0 1
v 0.0319288 0.0277111 0.009
vn 0 0 1
v 0.0193749 0.0245826 0.009
vn 0 0 1
v 0.0232164 0.0209926 0.009
vn 0 0 1
v 0.0232164 0.0209926 0.009
vn 0 0 1
v 0.0356264 0.0227621 0.009
vn 0 0 1
v 0.0356264 0.0227621 0.009
vn 0 0 1
v 0.0264028 0.0168102 0.009
vn 0 0 1
v 0.0264028 0.0168102 0.009
vn 0 0 1
v 0.0385633 0.017327 0.009
vn 0 0 1
v 0.0288441 0.0121535 0.009
vn 0 0 1
v 0.0406767 0.011522 0.009
vn 0 0 1
v 0.0304715 0.00715376 0.009
vn 0 0 1
v 0.0419216 0.00547096 0.009
vn 0 0 1
v 0.0312391 0.00195219 0.009
vn 0 0 1
v 0.0422713 -0.000696916 0.009
vn 0 0 1
v 0.0311251 -0.00330447 0.009
vn 0 0 1
v 0.0417185 -0.00684991 0.009
vn 0 0 1
v 0.0013 0.0424639 0.009
vn 0 0 1
v 0.0013 0.0388115 0.009
vn 0 0 1
v 0.00528705 0.0421389 0.009
vn 0 0 1
v 0.00253149 0.0360553 0.009
vn 0 0 1
v 0.00528705 0.0421389 0.009
vn 0 0 1
v 0.00253149 0.0360553 0.009
vn 0 0 1
v 0.00953377 0.0413593 0.009
vn 0 0 1
v 0.00953377 0.0413593 0.009
vn 0 0 1
v 0.00253149 0.0360553 0.009
vn 0 0 1
v 0.0089098 0.0303427 0.009
vn 0 0 1
v 0.00953377 0.0413593 0.009
vn 0 0 1
v 0.0089098 0.0303427 0.009
vn 0 0 1
v 0.0136701 0.0401375 0.009
vn 0 0 1
v 0.0136701 0.0401375 0.009
vn 0 0 1
v 0.0089098 0.0303427 0.009
vn 0 0 1
v 0.0101755 0.0295998 0.009
vn 0 0 1
v 0.0101755 0.0295998 0.009
vn 0 0 1
v 0.0176587 0.0384832 0.009
vn 0 0 1
v 0.0176587 0.0384832 0.009
vn 0 0 1
v 0.0101755 0.0295998 0.009
vn 0 0 1
v 0.0149866 0.0274789 0.009
vn 0 0 1
v 0.0211285 0.0366189 0.009
vn 0 0 1
v 0.0211285 0.0366189 0.009
vn 0 0 1
v 0.0149866 0.0274789 0.009
vn 0 0 1
v 0.0225818 0.0357409 0.009
vn 0 0 1
v 0.0311251 -0.00330447 0.009
vn 0 0 1
v 0.0402748 -0.0128566 0.009
vn 0 0 1
v 0.0402748 -0.0128566 0.009
vn 0 0 1
v 0.0301328 -0.00846788 0.009
vn 0 0 1
v 0.0301328 -0.00846788 0.009
vn 0 0 1
v 0.0379711 -0.0185888 0.009
vn 0 0 1
v 0.0379711 -0.0185888 0.009
vn 0 0 1
v 0.0282902 -0.0133923 0.009
vn 0 0 1
v 0.0282902 -0.0133923 0.009
vn 0 0 1
v 0.0348567 -0.0239241 0.009
vn 0 0 1
v 0.0348567 -0.0239241 0.009
vn 0 0 1
v 0.0256493 -0.0179389 0.009
vn 0 0 1
v 0.0309979 -0.0287485 0.009
vn 0 0 1
v 0.0222846 -0.0219792 0.009
vn 0 0 1
v 0.0264773 -0.0329591 0.009
vn 0 0 1
v 0.0182911 -0.0253993 0.009
vn 0 0 1
v 0.0213913 -0.0364659 0.009
vn 0 0 1
v 0.0137814 -0.0281027 0.009
vn 0 0 1
v 0.0213913 -0.0364659 0.009
vn 0.27907 -0.407783 0.869386
v 0.0137814 -0.0281027 0.009
vn -0.235766 0.448647 0.86205
v 0.0211335 -0.0366159 0.009
vn 0.184843 -0.320409 0.92907
v 0.00888284 -0.0300131 0.009
vn 0 0 1
v 0.016505 -0.0390129 0.009
vn 0 0 1
v 0.0137814 -0.0281027 0.009
vn 0 0 1
v 0.016505 -0.0390129 0.009
vn 0 0 1
v 0.0189131 -0.0378574 0.009
vn 0 0 1
v 0.0211335 -0.0366159 0.009
vn 0 0 1
v 0.00709853 -0.0311826 0.009
vn 0 0 1
v 0.00216564 -0.0370614 0.009
vn 0 0 1
v 0.00362834 -0.0423207 0.009
vn 0 0 1
v 0.00216564 -0.0370614 0.009
vn -0.360304 0.286811 0.887649
v 0.00152314 -0.0381743 0.009
vn -0.114266 0.0337598 0.992876
v 0.00627544 -0.0419984 0.009
vn 0 0 1
v 0.0088984 -0.0415055 0.009
vn 0 0 1
v 0.00709853 -0.0311826 0.009
vn -0.158154 0.137625 0.977776
v 0.0088984 -0.0415055 0.009
vn 0.0306179 -0.13861 0.989874
v 0.00790456 -0.0304665 0.009
vn -0.0260426 0.0355804 0.999027
v 0.00790456 -0.0304665 0.009
vn 0 0 1
v 0.0114883 -0.0408413 0.009
vn 0 0 1
v 0.0114883 -0.0408413 0.009
vn 0.0330366 -0.107325 0.993675
v 0.00888284 -0.0300131 0.009
vn 0 0 1
v 0.00888284 -0.0300131 0.009
vn 0 0 1
v 0.0140244 -0.0400102 0.009
vn 0 0 1
v 0.00382987 0.0451538 0.00231103
vn 0.131038 0.981671 0.138384
v 0.00648213 0.0446008 0.00229731
vn 0.251574 0.958436 0.134574
v 0.00652569 0.0447426 -3.75688e-12
vn 0.24774 0.968826 0.00121326
v 0.0109632 0.0428923 0.00276308
vn 0.538241 0.262091 -0.801003
v 0.00995992 0.0433719 0.00215174
vn 0.118649 -0.706646 -0.697548
v 0.00896883 0.0437657 0.00228398
vn 0.321424 0.937364 0.134296
v 0.0104498 0.0431381 -0.00248039
vn 0.589813 0.62907 0.506352
v 0.0113984 0.0426831 -0.00296664
vn 0.217984 -0.386938 0.89597
v 0.0114776 0.0425073 -0.0045231
vn 0.359022 0.922805 -0.139761
v 0.020344 0.0379194 -0.00341631
vn 0.506588 0.862188 -0.000925473
v 0.00348057 0.0439192 0.00679404
vn 0.104406 0.921204 0.374809
v 0.00110357 0.043099 0.00880357
vn 0.0207126 0.403028 0.914953
v 0.00537047 0.042781 0.0087682
vn 0.101582 0.803309 0.586836
v 0.001 0.0444945 -0.00576467
vn 0.0823588 0.941232 -0.327565
v 0.00348057 0.0439192 -0.00679404
vn 0.100633 0.927128 -0.360979
v 0.001 0.0450698 -0.00377665
vn 0.06424 0.963988 -0.25807
v 0.00366726 0.044675 -0.00458716
vn 0.123161 0.962133 -0.243168
v 0.00382987 0.0451538 -0.00231103
vn 0.134767 0.983677 -0.119235
v 0.00389937 0.0453204 -3.75687e-12
vn 0.130537 0.991438 0.00322071
v 0.00368566 0.0429576 -0.00878376
vn 0.0905184 0.815052 -0.572273
v 0.00110357 0.043099 -0.00880357
vn 0.0403603 0.748717 -0.66166
v 0.00905044 0.0421565 -0.00872182
vn 0.209638 0.837229 -0.505074
v 0.0115074 0.0421119 -0.00673703
vn 0.302977 0.923976 -0.233396
v 0.0116848 0.0414984 -0.00867528
vn 0.272604 0.846533 -0.457241
v 0.0140659 0.0411348 -0.00671908
vn 0.374309 0.913792 -0.157724
v 0.01427 0.0406679 -0.00861931
vn 0.33584 0.850155 -0.405522
v 0.0165756 0.0399938 -0.0067015
vn 0.430535 0.898349 -0.0872315
v 0.0167987 0.0396641 -0.00855782
vn 0.397448 0.845992 -0.355432
v 0.0190476 0.0386969 -0.00668415
vn 0.484123 0.874728 -0.0217959
v 0.0192495 0.0384953 -0.00849737
vn 0.464645 0.852608 -0.239092
v 0.0192078 0.038585 -0.00374136
vn 0.0848804 0.540821 0.836844
v 0.0164226 0.0401462 -0.00448329
vn 0.467296 0.883553 -0.0311355
v 0.0171009 0.0397748 -0.00399366
vn 0.482249 0.876027 -0.00360988
v 0.0186836 0.0388874 -0.00384215
vn 0.39097 0.824585 0.408903
v 0.0190444 0.0386796 -0.0037758
vn 0.0784479 0.434972 0.89702
v 0.0122504 0.0422705 -0.00329317
vn 0.222161 -0.270018 0.936875
v 0.0123678 0.0422132 -0.00333192
vn 0.28814 0.0901557 0.953335
v 0.0139576 0.0413965 -0.00450298
vn 0.426312 0.902316 -0.0639068
v 0.0137914 0.0415088 -0.00370454
vn 0.0890566 -0.208185 0.974027
v 0.0154448 0.0406614 -0.00394494
vn 0.1429 0.021728 0.989499
v 0.0157829 0.0404837 -0.00397065
vn 0.0503301 0.0391702 0.997964
v 0.00879888 0.0439256 -0.000767718
vn 0.614617 0.777342 0.134111
v 0.00912179 0.0437716 -0.00133241
vn 0.127048 -0.902231 0.412114
v 0.00896883 0.0437657 -0.00228398
vn 0.317764 0.939175 -0.13029
v 0.00960996 0.0435388 -0.00186461
vn 0.137324 -0.847512 0.512704
v 0.00970465 0.0434937 -0.00194788
vn 0.049179 -0.744095 0.666261
v 0.00895308 0.0434503 -0.00454378
vn 0.297732 0.934144 -0.196801
v 0.00889329 0.0429122 -0.00675546
vn 0.253323 0.926254 -0.279073
v 0.00872214 0.0439623 -0.000548089
vn 0.158434 -0.953345 0.256966
v 0.00648213 0.0446008 -0.00229731
vn 0.254177 0.958317 -0.13047
v 0.00864358 0.0439998 4.18553e-05
vn 0.845867 -0.198858 -0.494939
v 0.00874687 0.0439505 0.000627566
vn 0.560391 0.827558 -0.0333115
v 0.00904146 0.0438099 0.00121854
vn 0.575868 0.810116 -0.109951
v 0.0091012 0.0437814 0.00130427
vn 0.134226 -0.866282 -0.481185
v 0.00966641 0.0435119 0.00191481
vn 0.163111 -0.753831 -0.636502
v 0.00960778 0.0435399 0.00186263
vn 0.0316658 -0.773788 -0.632653
v 0.00895308 0.0434503 0.00454378
vn 0.305 0.933391 0.189091
v 0.0114776 0.0425073 0.0045231
vn 0.359604 0.921498 0.146718
v 0.0120757 0.0423555 0.00323292
vn 0.494449 0.605248 -0.623855
v 0.0139576 0.0413965 0.00450298
vn 0.411866 0.906418 0.0936593
v 0.0164226 0.0401462 0.00448329
vn 0.449505 0.891855 0.0504057
v 0.015783 0.0404836 0.00397066
vn 0.125842 0.16884 -0.977577
v 0.0153142 0.0407297 0.00393288
vn 0.0792192 -0.113024 -0.990429
v 0.0136513 0.041579 0.00367515
vn 0.183748 -0.0280546 -0.982573
v 0.0122531 0.0422691 0.00329408
vn 0.482629 0.864201 -0.142218
v 0.0204707 0.0378447 0.00336967
vn 0.506968 0.861965 0.000180168
v 0.0195759 0.0383706 0.00365308
vn 0.0867461 0.56102 -0.823245
v 0.019204 0.0385872 0.00374219
vn 0.0816063 0.440546 -0.894013
v 0.0182492 0.0391349 0.00390534
vn 0.258716 0.666791 -0.698896
v 0.0168449 0.0399146 0.00399909
vn 0.106682 0.146869 -0.983386
v 0.0115074 0.0421119 0.00673703
vn 0.32312 0.924802 0.200837
v 0.0139037 0.0407972 0.00862777
vn 0.299989 0.823901 0.480827
v 0.0140659 0.0411348 0.00671908
vn 0.392386 0.912544 0.115309
v 0.0165973 0.0397513 0.00856283
vn 0.355558 0.824684 0.439857
v 0.0165756 0.0399938 0.0067015
vn 0.457201 0.888675 0.0349912
v 0.0179684 0.0391312 0.0085287
vn 0.445533 0.85182 0.275506
v 0.0190476 0.0386969 0.00668415
vn 0.48446 0.874707 0.0136726
v 0.001 0.0431604 0.0087
vn -0.162425 0.774371 0.611529
v 0.00622244 0.0435191 0.00677449
vn 0.186366 0.925697 0.329168
v 0.00877647 0.0422146 0.008726
vn 0.16091 0.801937 0.57533
v 0.00889329 0.0429122 0.00675546
vn 0.265605 0.928746 0.258621
v 0.00968988 0.0420135 0.00871157
vn 0.244622 0.877901 0.411644
v 0.0114359 0.0415685 0.00868016
vn 0.250053 0.832212 0.494871
v 0.00637111 0.0441865 0.00456516
vn 0.222548 0.944863 0.24022
v 0.00366726 0.044675 0.00458716
vn 0.136673 0.956791 0.256653
v 0.0063779 0.042643 -0.00875742
vn 0.148374 0.825537 -0.544494
v 0.00622244 0.0435191 -0.00677449
vn 0.17991 0.924213 -0.336842
v 0.00637111 0.0441865 -0.00456516
vn 0.222548 0.944863 -0.24022
v 0.0164226 0.0401462 -0.00448329
vn 0.496652 0.867697 0.0209733
v 0.0215 0.0372391 -0.00444462
vn 0.501391 0.865106 0.0140973
v 0.001 0.0446793 0.00521374
vn 0.0787668 0.941057 0.32895
v 0.0164226 0.0401462 0.00448329
vn 0.496867 0.867456 0.0253503
v 0.0215 0.0372391 0.00444462
vn 0.492605 0.870245 -0.00368641
v 0.00686872 -0.0309898 0.00725812
vn -0.137961 0.692347 -0.708253
v 0.00647965 -0.0343354 0.00405858
vn -0.131424 0.693105 -0.708755
v 0.00371951 -0.0347429 0.00405858
vn -0.102426 0.69372 -0.712925
v 0.00352447 0.0347632 0.00405858
vn -0.122922 -0.709264 -0.694143
v 0.00626772 0.0343747 0.00405858
vn -0.142808 -0.69357 -0.706093
v 0.00671044 0.0319098 0.00639229
vn -0.228066 -0.74186 -0.630579
v 0.00870965 0.0301192 0.00764677
vn -0.243323 -0.728446 -0.640437
v 0.00904904 0.0337493 0.00405858
vn -0.184037 -0.682484 -0.707352
v 0.00904904 0.0337493 0.00405858
vn -0.206243 -0.700581 -0.683117
v 0.00934052 0.0296568 0.00790701
vn -0.309847 -0.771155 -0.556161
v 0.00934052 0.0296568 0.00790701
vn -0.21163 -0.677492 -0.704427
v 0.0117701 0.0328993 0.00405858
vn -0.239081 -0.667244 -0.705426
v 0.0117701 0.0328993 0.00405858
vn -0.249729 -0.665737 -0.703157
v 0.0119728 -0.0328261 0.00405858
vn -0.23825 0.66582 -0.707051
v 0.00925706 -0.0336929 0.00405858
vn -0.186177 0.68347 -0.705838
v 0.00824109 -0.0299363 0.00795004
vn -0.2151 0.673966 -0.706755
v 0.0077401 -0.0302156 0.00780883
vn -0.246153 0.735368 -0.631382
v 0.00925706 -0.0336929 0.00405858
vn -0.19099 0.706035 -0.681937
v 0.00824109 -0.0299363 0.00795004
vn -0.23031 0.743019 -0.628395
v 0.0119728 -0.0328261 0.00405858
vn -0.214043 0.703434 -0.677766
v 0.00879771 -0.0297254 0.008
vn -0.228404 0.667266 -0.708934
v 0.0112633 -0.0288814 0.008
vn -0.26101 0.656419 -0.707805
v 0.0146089 -0.0317409 0.00405858
vn -0.292389 0.644553 -0.706442
v 0.0136493 -0.0278334 0.008
vn -0.314648 0.632416 -0.707846
v 0.0171478 -0.0304443 0.00405858
vn -0.344461 0.61834 -0.706401
v 0.0159389 -0.0265886 0.008
vn -0.366105 0.604045 -0.707882
v 0.0195725 -0.0289451 0.00405858
vn -0.394197 0.587923 -0.706367
v 0.0181158 -0.0251559 0.008
vn -0.415027 0.571501 -0.707912
v 0.0218669 -0.0272533 0.00405858
vn -0.441261 0.55351 -0.706339
v 0.0201646 -0.0235454 0.008
vn -0.461077 0.535009 -0.707935
v 0.0240158 -0.02538 0.00405858
vn -0.485331 0.515335 -0.706317
v 0.022071 -0.0217686 0.008
vn -0.503938 0.494822 -0.707953
v 0.0260048 -0.0233378 0.00405858
vn -0.526105 0.473657 -0.706301
v 0.0238214 -0.0198378 0.008
vn -0.543313 0.451217 -0.707965
v 0.0278207 -0.0211402 0.00405858
vn -0.563308 0.428761 -0.706292
v 0.0254035 -0.0177669 0.008
vn -0.578931 0.404493 -0.707971
v 0.0294515 -0.018802 0.00405858
vn -0.596685 0.38095 -0.706289
v 0.026806 -0.0155705 0.008
vn -0.618505 0.342328 -0.707293
v 0.0100779 0.0293161 0.008
vn -0.257385 -0.657434 -0.70819
v 0.0125046 0.0283661 0.008
vn -0.277996 -0.649722 -0.707516
v 0.0144129 0.0318304 0.00405858
vn -0.298267 -0.641454 -0.706805
v 0.014843 0.0272155 0.008
vn -0.331073 -0.624435 -0.70744
v 0.0169597 0.0305495 0.00405858
vn -0.350003 -0.61466 -0.706888
v 0.0170764 0.0258727 0.008
vn -0.381873 -0.594827 -0.707357
v 0.0193936 0.0290653 0.00405858
vn -0.399349 -0.583699 -0.706977
v 0.0191892 0.024347 0.008
vn -0.430046 -0.561098 -0.707269
v 0.0216984 0.0273876 0.00405858
vn -0.44597 -0.54878 -0.707072
v 0.0211663 0.0226492 0.008
vn -0.475258 -0.523482 -0.707175
v 0.0238588 0.0255277 0.00405858
vn -0.489549 -0.510145 -0.707173
v 0.0229939 0.0207914 0.008
vn -0.517197 -0.482237 -0.707074
v 0.0258604 0.0234978 0.00405858
vn -0.52979 -0.468056 -0.707281
v 0.0246589 0.0187866 0.008
vn -0.555574 -0.437646 -0.706968
v 0.0276898 0.0213114 0.00405858
vn -0.566421 -0.422801 -0.707394
v 0.0261497 0.0166491 0.008
vn -0.59012 -0.390016 -0.706856
v 0.0293349 0.0189833 0.00405858
vn -0.599192 -0.37469 -0.707514
v 0.0274557 0.0143939 0.008
vn -0.620599 -0.339674 -0.706738
v 0.0307848 0.0165288 0.00405858
vn -0.627883 -0.324051 -0.70764
v 0.0285677 0.012037 0.008
vn -0.646798 -0.286967 -0.706613
v 0.0320297 0.0139642 0.00405858
vn -0.652299 -0.27123 -0.707772
v 0.0294777 0.00959499 0.008
vn -0.668535 -0.232256 -0.706483
v 0.0330615 0.0113067 0.00405858
vn -0.672276 -0.216587 -0.707909
v 0.0301795 0.0070852 0.008
vn -0.685658 -0.17592 -0.706347
v 0.0338732 0.00857394 0.00405858
vn -0.687679 -0.160495 -0.708053
v 0.0306679 0.00452533 0.008
vn -0.698047 -0.118345 -0.706204
v 0.0344594 0.00578411 0.00405858
vn -0.698405 -0.103336 -0.708204
v 0.0309396 0.00193348 0.008
vn -0.705616 -0.0599278 -0.706056
v 0.0348162 0.00295578 0.00405858
vn -0.704384 -0.0455002 -0.70836
v 0.0309927 -0.000672031 0.008
vn -0.708309 -0.00107161 -0.705902
v 0.0349413 0.00010777 0.00405858
vn -0.705576 0.0126184 -0.708522
v 0.0308268 -0.00327279 0.008
vn -0.706107 0.0578181 -0.705741
v 0.0348337 -0.00274095 0.00405858
vn -0.701977 0.0706237 -0.70869
v 0.0304429 -0.00585043 0.008
vn -0.699021 0.116335 -0.705575
v 0.0344944 -0.00557144 0.00405858
vn -0.693611 0.128121 -0.708864
v 0.029844 -0.00838671 0.008
vn -0.6871 0.174076 -0.705402
v 0.0339254 -0.00836483 0.00405858
vn -0.68054 0.18472 -0.709044
v 0.0290341 -0.0108637 0.008
vn -0.670422 0.230641 -0.705223
v 0.0331306 -0.0111025 0.00405858
vn -0.662854 0.240034 -0.70923
v 0.028019 -0.013264 0.008
vn -0.6491 0.285641 -0.705038
v 0.0321153 -0.0137664 0.00405858
vn -0.640677 0.293689 -0.709422
v 0.0308862 -0.0163385 0.00405858
vn -0.623112 0.329621 -0.709283
v 0.0112633 -0.0288814 -0.008
vn -0.257193 0.659496 0.70634
v 0.00879771 -0.0297254 -0.008
vn -0.221737 0.67159 0.706965
v 0.0119728 -0.0328261 -0.00405858
vn -0.249234 0.661553 0.707269
v 0.00925706 -0.0336929 -0.00405858
vn -0.18847 0.683259 0.705434
v 0.00671044 0.0319098 -0.00639229
vn -0.142805 -0.69067 0.70893
v 0.00626772 0.0343747 -0.00405858
vn -0.128583 -0.698527 0.703936
v 0.00352447 0.0347632 -0.00405858
vn -0.120974 -0.710732 0.692983
v 0.00904904 0.0337493 -0.00405858
vn -0.183888 -0.686647 0.70335
v 0.00870965 0.0301192 -0.00764677
vn -0.326011 -0.745088 0.58186
v 0.0117701 0.0328993 -0.00405858
vn -0.233795 -0.667829 0.706643
v 0.00824492 -0.0299346 -0.00795074
vn -0.255089 0.775609 0.577374
v 0.00925706 -0.0336929 -0.00405858
vn -0.190433 0.694539 0.693795
v 0.0077401 -0.0302156 -0.00780883
vn -0.352902 0.777565 0.520435
v 0.0077401 -0.0302156 -0.00780883
vn -0.1598 0.690801 0.705165
v 0.00647965 -0.0343354 -0.00405858
vn -0.1598 0.690801 0.705165
v 0.00647965 -0.0343354 -0.00405858
vn -0.118925 0.698087 0.706067
v 0.00686872 -0.0309898 -0.00725812
vn -0.377039 0.766058 0.520573
v 0.00371951 -0.0347429 -0.00405858
vn -0.102426 0.69372 0.712925
v 0.00933603 0.0296595 -0.00790582
vn -0.271865 -0.735932 0.620075
v 0.0100779 0.0293161 -0.008
vn -0.261691 -0.65706 0.706958
v 0.0144129 0.0318304 -0.00405858
vn -0.280902 -0.64833 0.707645
v 0.0125046 0.0283661 -0.008
vn -0.296963 -0.642139 0.706732
v 0.0169597 0.0305495 -0.00405858
vn -0.333363 -0.623126 0.707519
v 0.014843 0.0272155 -0.008
vn -0.34925 -0.615131 0.706851
v 0.0193936 0.0290653 -0.00405858
vn -0.383577 -0.593679 0.707399
v 0.0170764 0.0258727 -0.008
vn -0.399106 -0.583881 0.706964
v 0.0216984 0.0273876 -0.00405858
vn -0.431202 -0.560189 0.707286
v 0.0191892 0.024347 -0.008
vn -0.446188 -0.548605 0.70707
v 0.0238588 0.0255277 -0.00405858
vn -0.475913 -0.522883 0.707178
v 0.0211663 0.0226492 -0.008
vn -0.490173 -0.509549 0.707171
v 0.0258604 0.0234978 -0.00405858
vn -0.517404 -0.482013 0.707076
v 0.0229939 0.0207914 -0.008
vn -0.530759 -0.466981 0.707265
v 0.0276898 0.0213114 -0.00405858
vn -0.555391 -0.437857 0.706981
v 0.0246589 0.0187866 -0.008
vn -0.567665 -0.421197 0.707354
v 0.0293349 0.0189833 -0.00405858
vn -0.589615 -0.390716 0.706892
v 0.0261497 0.0166491 -0.008
vn -0.600639 -0.372514 0.707437
v 0.0307848 0.0165288 -0.00405858
vn -0.619841 -0.340908 0.706809
v 0.0274557 0.0143939 -0.008
vn -0.629454 -0.321266 0.707513
v 0.0320297 0.0139642 -0.00405858
vn -0.645864 -0.288773 0.706731
v 0.0285677 0.012037 -0.008
vn -0.653914 -0.267809 0.707584
v 0.0330615 0.0113067 -0.00405858
vn -0.667505 -0.234666 0.706661
v 0.0294777 0.00959499 -0.008
vn -0.673849 -0.212512 0.707649
v 0.0338732 0.00857394 -0.00405858
vn -0.684615 -0.178954 0.706596
v 0.0301795 0.0070852 -0.008
vn -0.689123 -0.155755 0.707708
v 0.0344594 0.00578411 -0.00405858
vn -0.697077 -0.122017 0.706537
v 0.0306679 0.00452533 -0.008
vn -0.699631 -0.0979311 0.707761
v 0.0348162 0.00295578 -0.00405858
vn -0.704806 -0.0642416 0.706485
v 0.0309396 0.00193348 -0.008
vn -0.705303 -0.0394382 0.707808
v 0.0349413 0.00010777 -0.00405858
vn -0.707748 -0.00602166 0.706439
v 0.0309927 -0.000672031 -0.008
vn -0.7061 0.0193202 0.707849
v 0.0348337 -0.00274095 -0.00405858
vn -0.705883 0.0522456 0.706399
v 0.0308268 -0.00327279 -0.008
vn -0.702015 0.0779379 0.707884
v 0.0344944 -0.00557144 -0.00405858
vn -0.699223 0.110164 0.706365
v 0.0304429 -0.00585043 -0.008
vn -0.693079 0.136012 0.707914
v 0.0339254 -0.00836483 -0.00405858
vn -0.687812 0.16734 0.706337
v 0.029844 -0.00838671 -0.008
vn -0.679354 0.193142 0.707937
v 0.0331306 -0.0111025 -0.00405858
vn -0.671728 0.223382 0.706316
v 0.0290341 -0.0108637 -0.008
vn -0.660933 0.248933 0.707955
v 0.0321153 -0.0137664 -0.00405858
vn -0.65108 0.277911 0.706301
v 0.028019 -0.013264 -0.008
vn -0.637945 0.303002 0.707966
v 0.0308862 -0.0163385 -0.00405858
vn -0.626009 0.330553 0.706292
v 0.026806 -0.0155705 -0.008
vn -0.610548 0.354974 0.707972
v 0.0294515 -0.018802 -0.00405858
vn -0.596685 0.38095 0.706289
v 0.0254035 -0.0177669 -0.008
vn -0.57082 0.417015 0.707293
v 0.0136493 -0.0278334 -0.008
vn -0.297073 0.642988 0.705913
v 0.0146089 -0.0317409 -0.00405858
vn -0.308391 0.634751 0.70851
v 0.0159389 -0.0265886 -0.008
vn -0.349568 0.61621 0.705753
v 0.0171478 -0.0304443 -0.00405858
vn -0.359496 0.607074 0.708677
v 0.0181158 -0.0251559 -0.008
vn -0.399669 0.585159 0.705587
v 0.0195725 -0.0289451 -0.00405858
vn -0.408134 0.575288 0.708851
v 0.0201646 -0.0235454 -0.008
vn -0.447031 0.550048 0.705415
v 0.0218669 -0.0272533 -0.00405858
vn -0.453976 0.539611 0.709031
v 0.022071 -0.0217686 -0.008
vn -0.491326 0.511117 0.705236
v 0.0240158 -0.02538 -0.00405858
vn -0.496712 0.500289 0.709217
v 0.0238214 -0.0198378 -0.008
vn -0.532246 0.468631 0.705052
v 0.0260048 -0.0233378 -0.00405858
vn -0.536052 0.45759 0.709408
v 0.0278207 -0.0211402 -0.00405858
vn -0.561284 0.426505 0.709263
v 0.00366524 -0.0348076 -0.00391716
vn -0.145203 0.989402 0
v 0.00366524 -0.0348076 0.00391716
vn -0.145203 0.989402 0
v 0.00649051 -0.0343929 -0.00391716
vn -0.172054 0.985088 0
v 0.00649051 -0.0343929 0.00391716
vn -0.198797 0.980041 0
v 0.00927258 -0.0337494 -0.00391716
vn -0.251784 0.967783 0
v 0.00927258 -0.0337494 0.00391716
vn -0.278028 0.960573 0
v 0.0119929 -0.0328811 -0.00391716
vn -0.329839 0.944037 0
v 0.0119929 -0.0328811 0.00391716
vn -0.355408 0.934711 0
v 0.0146334 -0.0317941 -0.00391716
vn -0.405698 0.914007 0
v 0.0146334 -0.0317941 0.00391716
vn -0.430421 0.902628 0
v 0.0171765 -0.0304953 -0.00391716
vn -0.478856 0.877893 0
v 0.0171765 -0.0304953 0.00391716
vn -0.502569 0.864537 0
v 0.0196053 -0.0289936 -0.00391716
vn -0.548828 0.835936 0
v 0.0196053 -0.0289936 0.00391716
vn -0.571373 0.820691 0
v 0.0219036 -0.0272989 -0.00391716
vn -0.615145 0.788414 0
v 0.0219036 -0.0272989 0.00391716
vn -0.636373 0.771382 0
v 0.0240561 -0.0254225 -0.00391716
vn -0.677368 0.735644 0
v 0.0240561 -0.0254225 0.00391716
vn -0.697137 0.716938 0
v 0.0260484 -0.0233769 -0.00391716
vn -0.735083 0.677978 0
v 0.0260484 -0.0233769 0.00391716
vn -0.753261 0.657722 0
v 0.0278674 -0.0211757 -0.00391716
vn -0.787904 0.615798 0
v 0.0278674 -0.0211757 0.00391716
vn -0.80437 0.594129 0
v 0.0295008 -0.0188335 -0.00391716
vn -0.835481 0.549519 0
v 0.0295008 -0.0188335 0.00391716
vn -0.850126 0.52658 0
v 0.0309379 -0.0163659 -0.00391716
vn -0.877496 0.479583 0
v 0.0309379 -0.0163659 0.00391716
vn -0.890222 0.455526 0
v 0.0321691 -0.0137894 -0.00391716
vn -0.913671 0.406455 0
v 0.0321691 -0.0137894 0.00391716
vn -0.924394 0.38144 0
v 0.0331861 -0.0111212 -0.00391716
vn -0.943764 0.33062 0
v 0.0331861 -0.0111212 0.00391716
vn -0.952411 0.304816 0
v 0.0339823 -0.00837885 -0.00391716
vn -0.967574 0.252586 0
v 0.0339823 -0.00837885 0.00391716
vn -0.97409 0.226161 0
v 0.0345522 -0.00558078 -0.00391716
vn -0.984945 0.17287 0
v 0.0345522 -0.00558078 0.00391716
vn -0.989284 0.146003 0
v 0.0348921 -0.00274555 -0.00391716
vn -0.995759 0.0920032 0
v 0.0348921 -0.00274555 0.00391716
vn -0.997894 0.0648708 0
v 0.0349998 0.000107951 -0.00391716
vn -0.999945 0.0105232 0
v 0.0349998 0.000107951 0.00391716
vn -0.999861 -0.0166919 0
v 0.0348745 0.00296073 -0.00391716
vn -0.997475 -0.0710251 0
v 0.0348745 0.00296073 0.00391716
vn -0.995172 -0.0981432 0
v 0.0345171 0.00579381 -0.00391716
vn -0.988365 -0.152102 0
v 0.0345171 0.00579381 0.00391716
vn -0.98386 -0.178942 0
v 0.0339299 0.00858832 -0.00391716
vn -0.972676 -0.232166 0
v 0.0339299 0.00858832 0.00391716
vn -0.965998 -0.258549 0
v 0.0331169 0.0113257 -0.00391716
vn -0.950513 -0.310685 0
v 0.0331169 0.0113257 0.00391716
vn -0.941706 -0.336436 0
v 0.0320834 0.0139876 -0.00391716
vn -0.922023 -0.387135 0
v 0.0320834 0.0139876 0.00391716
vn -0.911146 -0.412083 0
v 0.0308364 0.0165565 -0.00391716
vn -0.887396 -0.461009 0
v 0.0308364 0.0165565 0.00391716
vn -0.874521 -0.484987 0
v 0.0293841 0.0190151 -0.00391716
vn -0.846861 -0.531814 0
v 0.0293841 0.0190151 0.00391716
vn -0.832075 -0.554663 0
v 0.0277362 0.0213472 -0.00391716
vn -0.80069 -0.599079 0
v 0.0277362 0.0213472 0.00391716
vn -0.78409 -0.620647 0
v 0.0259037 0.0235371 -0.00391716
vn -0.749189 -0.662356 0
v 0.0259037 0.0235371 0.00391716
vn -0.730887 -0.682499 0
v 0.0238988 0.0255704 -0.00391716
vn -0.692701 -0.721225 0
v 0.0238988 0.0255704 0.00391716
vn -0.672818 -0.739808 0
v 0.0217348 0.0274335 -0.00391716
vn -0.631602 -0.775293 0
v 0.0217348 0.0274335 0.00391716
vn -0.61027 -0.792193 0
v 0.0194261 0.029114 -0.00391716
vn -0.566299 -0.8242 0
v 0.0194261 0.029114 0.00391716
vn -0.543661 -0.839305 0
v 0.0169881 0.0306007 -0.00391716
vn -0.497227 -0.867621 0
v 0.0169881 0.0306007 0.00391716
vn -0.473432 -0.880831 0
v 0.014437 0.0318837 -0.00391716
vn -0.424844 -0.905266 0
v 0.014437 0.0318837 0.00391716
vn -0.400052 -0.916492 0
v 0.0117899 0.0329545 -0.00391716
vn -0.349635 -0.936886 0
v 0.0117899 0.0329545 0.00391716
vn -0.324009 -0.946054 0
v 0.00906421 0.0338059 -0.00391716
vn -0.272097 -0.96227 0
v 0.00906421 0.0338059 0.00391716
vn -0.24581 -0.969318 0
v 0.00627823 0.0344323 -0.00391716
vn -0.192748 -0.981248 0
v 0.00627823 0.0344323 0.00391716
vn -0.165975 -0.98613 0
v 0.00345046 0.0348295 -0.00391716
vn -0.139098 -0.990279 0
v 0.00345046 0.0348295 0.00391716
vn -0.139098 -0.990279 0
v 0.00347981 0.0348032 -0.00401075
vn -0.511555 -0.841046 0.175936
v 0.00345891 0.0348219 -0.0039685
vn -0.36474 -0.921354 0.134431
v 0.00233134 0.0358318 -0.0087
vn -0.654695 -0.719062 -0.233076
v 0.00870965 0.0301192 -0.0087
vn -0.602457 -0.727025 -0.329364
v 0.00233134 0.0358318 -0.0087
vn -0.667164 -0.744911 5.5352e-08
v 0.00870965 0.0301192 -0.00764677
vn -0.667164 -0.744911 1.03367e-07
v 0.00671044 0.0319098 -0.00639229
vn -0.667164 -0.744911 1.03367e-07
v 0.00233134 0.0358318 -0.0087
vn -0.747038 -0.664781 -7.20401e-08
v 0.00671044 0.0319098 -0.00639229
vn -0.667164 -0.744911 -3.27389e-07
v 0.00352447 0.0347632 -0.00405858
vn -0.667164 -0.744911 -3.27389e-07
v 0.00345046 0.0348295 -0.00391716
vn -0.405325 -0.911661 0.0677201
v 0.00345046 0.0348295 -0.00391716
vn -0.667164 -0.744911 0
v 0.00345046 0.0348295 0.00391716
vn -0.667164 -0.744911 0
v 0.00345046 0.0348295 0.00391716
vn -0.667164 -0.744911 0
v 0.00233134 0.0358318 0.0087
vn -0.711881 -0.7023 6.44472e-08
v 0.00233134 0.0358318 0.0087
vn -0.512482 -0.539088 0.668391
v 0.00345046 0.0348295 0.00391716
vn -0.400754 -0.913999 -0.0632637
v 0.00345762 0.0348231 0.00396447
vn -0.356144 -0.925 -0.132428
v 0.0034763 0.0348064 0.0040053
vn -0.438305 -0.860236 -0.260544
v 0.00870965 0.0301192 0.0087
vn -0.581755 -0.724101 0.370457
v 0.00671044 0.0319098 0.00639229
vn -0.667164 -0.744911 1.45801e-07
v 0.00870965 0.0301192 0.0087
vn -0.667164 -0.744911 -7.0978e-08
v 0.00352447 0.0347632 0.00405858
vn -0.667164 -0.744911 3.27389e-07
v 0.00686872 -0.0309898 -0.0087
vn -0.726041 0.655223 -0.208679
v 0.00371951 -0.0347429 -0.00405858
vn -0.758903 0.651094 0.0119032
v 0.00371951 -0.0347429 -0.00405858
vn -0.766044 0.642788 5.58856e-07
v 0.00686872 -0.0309898 -0.0087
vn -0.766044 0.642788 5.58856e-07
v 0.00193582 -0.0368686 -0.0087
vn -0.766044 0.642788 5.58856e-07
v 0.00193582 -0.0368686 -0.0087
vn -0.828661 0.506359 -0.238584
v 0.0036885 -0.0347798 -0.00401421
vn -0.519162 0.813599 0.261778
v 0.00367155 -0.0348 -0.00396891
vn -0.461924 0.877674 0.127732
v 0.00686872 -0.0309898 0.0087
vn -0.753537 0.657405 0
v 0.00686872 -0.0309898 0.00725812
vn -0.753537 0.657405 0
v 0.00193582 -0.0368686 0.0087
vn -0.798671 0.601768 0
v 0.00193582 -0.0368686 0.0087
vn -0.766044 0.642788 -6.29576e-07
v 0.00686872 -0.0309898 0.00725812
vn -0.766044 0.642788 -6.29576e-07
v 0.00371951 -0.0347429 0.00405858
vn -0.766044 0.642788 -6.29576e-07
v 0.00193582 -0.0368686 0.0087
vn -0.843894 0.513654 0.154928
v 0.00371951 -0.0347429 0.00405858
vn -0.485101 0.813322 -0.321223
v 0.00368702 -0.0347816 0.00401127
vn -0.602055 0.780286 -0.169362
v 0.0036702 -0.0348016 0.00396315
vn -0.457465 0.880188 -0.126472
v 0.00366524 -0.0348076 0.00391716
vn -0.519701 0.852668 -0.053556
v 0.00193582 -0.0368686 0.0087
vn -0.766044 0.642788 0
v 0.00366524 -0.0348076 0.00391716
vn -0.766044 0.642788 0
v 0.00193582 -0.0368686 -0.0087
vn -0.766044 0.642788 0
v 0.00193582 -0.0368686 -0.0087
vn -0.789393 0.613888 0
v 0.00366524 -0.0348076 0.00391716
vn -0.766044 0.642788 0
v 0.00366524 -0.0348076 -0.00391716
vn -0.766044 0.642788 0
v 0.00366524 -0.0348076 -0.00391716
vn -0.524202 0.849515 0.0594746
v 0.00112311 0.0378267 0.000582513
vn -0.552693 0.795675 -0.247856
v 0.00107287 0.0380514 0.001125
vn -0.736617 0.553462 -0.388683
v 0.006 0.0380514 0.001125
vn 0.328534 0.843666 -0.424609
v 0.00102297 0.0383834 0.00156491
vn -0.52173 0.582842 -0.622972
v 0.006 0.038875 0.00194856
vn 0.433344 0.473591 -0.766762
v 0.00114341 0.03775 -3.75686e-12
vn -0.192346 0.971941 -0.135402
v 0.006 0.03775 -3.75688e-12
vn 0.603138 0.797336 0.0219101
v 0.00112311 0.0378267 -0.000582489
vn -0.294907 0.918183 0.264518
v 0.006 0.0380514 -0.001125
vn 0.396921 0.795311 0.458186
v 0.00107287 0.0380514 -0.001125
vn -0.736566 0.55356 0.388641
v 0.00102302 0.038383 -0.00156454
vn -0.260944 0.680978 0.684234
v 0.006 0.038875 -0.00194856
vn 0.34208 0.425085 0.838024
v 0.006 0.04 0.00225
vn 0.384444 0.0821255 -0.919488
v 0.006 0.041125 0.00194856
vn 0.387582 -0.388068 -0.836172
v 0.006 0.0419486 0.001125
vn 0.390351 -0.753207 -0.529439
v 0.006 0.04225 -3.75688e-12
vn 0.392751 -0.915998 -0.0818137
v 0.006 0.0419486 -0.001125
vn 0.394783 -0.833395 0.38678
v 0.006 0.041125 -0.00194856
vn 0.396445 -0.52794 0.751073
v 0.006 0.04 -0.00225
vn 0.397738 -0.0816229 0.913861
v 0.006 0.0404821 0.00397084
vn 0.432367 -0.29882 -0.850744
v 0.006 0.0385816 0.00374007
vn 0.511704 0.121796 -0.850485
v 0.006 0.037006 -0.00265249
vn 0.289634 0.665936 0.687489
v 0.0224732 0.03666 -0.00220095
vn 0.00585894 0.885441 0.464714
v 0.006 0.037006 -0.00265249
vn 0.00585894 0.885441 0.464714
v 0.006 0.0361162 -0.000957263
vn 0.00585894 0.885441 0.464714
v 0.006 0.0361162 -0.000957263
vn 0.00196163 0.958139 0.286296
v 0.023337 0.0361162 0.000957263
vn 0 0.977727 -0.209882
v 0.006 0.0361162 0.000957263
vn 0.0054275 0.935235 -0.353987
v 0.023516 0.036 7.38069e-07
vn 0 1 0
v 0.006 0.0361162 0.000957263
vn 0.00663568 0.999978 0
v 0.023516 0.036 7.38069e-07
vn 0.00663568 0.999978 0
v 0.006 0.0361162 -0.000957263
vn 0.00663568 0.999978 0
v 0.023337 0.0361162 -0.000957263
vn 0 0.977765 0.209702
v 0.0204707 0.0378447 0.00336967
vn 0.00802407 0.566283 -0.824172
v 0.0215 0.0372391 0.00289437
vn 0.00207689 0.650189 -0.75977
v 0.006 0.037006 0.00265249
vn 0.00886462 0.575757 -0.817573
v 0.006 0.037006 0.00265249
vn -0.000278634 0.885456 -0.464722
v 0.0218783 0.0370181 0.00266617
vn -0.000278634 0.885456 -0.464722
v 0.006 0.0361162 0.000957263
vn -0.000278634 0.885456 -0.464722
v 0.006 0.0385816 0.00374007
vn -0.000109398 0.568065 -0.822984
v 0.019204 0.0385872 0.00374219
vn -0.000109398 0.568065 -0.822984
v 0.006 0.037006 0.00265249
vn -0.000109398 0.568065 -0.822984
v 0.006 0.0404821 0.00397084
vn 3.51726e-05 -0.0665789 -0.997781
v 0.015783 0.0404836 0.00397066
vn -3.61818e-05 0.120536 -0.992709
v 0.006 0.0385816 0.00374007
vn 0.00261766 0.124812 -0.992177
v 0.0168449 0.0399146 0.00399909
vn 0.00738791 0.13249 -0.991157
v 0.0182492 0.0391349 0.00390534
vn 0.00738791 0.13249 -0.991157
v 0.006 0.0422723 0.00329194
vn 0.286633 -0.575561 -0.765879
v 0.0122531 0.0422691 0.00329408
vn 0.0110378 -0.38769 -0.921724
v 0.006 0.0435418 0.00185889
vn 0.445535 -0.812676 -0.375575
v 0.006 0.0435418 -0.00185889
vn 0.459071 -0.793989 0.398541
v 0.006 0.044 -3.75688e-12
vn 0.602846 -0.797803 0.0093449
v 0.006 0.0422723 -0.00329194
vn 0.280134 -0.570605 0.771968
v 0.006 0.0404821 -0.00397084
vn 0.229231 -0.274801 0.933776
v 0.0123678 0.0422132 -0.00333192
vn 0.00258303 -0.354604 0.935013
v 0.0215 0.0372391 -0.00289437
vn 0.00313529 0.612038 0.790822
v 0.020344 0.0379194 -0.00341631
vn 0.00182596 0.542522 0.840039
v 0.006 0.037006 -0.00265249
vn 0.00764797 0.568048 0.82296
v 0.020344 0.0379194 -0.00341631
vn 0.00764797 0.568048 0.82296
v 0.006 0.0385816 -0.00374007
vn 0.00764797 0.568048 0.82296
v 0.006 0.0385816 -0.00374007
vn 0.00174732 0.299888 0.953973
v 0.0186836 0.0388874 -0.00384215
vn 0.0037121 0.174718 0.984612
v 0.0171009 0.0397748 -0.00399366
vn 0.00626596 0.110435 0.993864
v 0.006 0.0385816 -0.00374007
vn 0.00972061 0.120531 0.992662
v 0.006 0.0404821 -0.00397084
vn 0.00972061 0.120531 0.992662
v 0.006 0.037006 0.00265249
vn 1 0 0
v 0.006 0.0361162 0.000957263
vn 1 0 0
v 0.006 0.0361162 -0.000957263
vn 1 0 0
v 0.006 0.0385816 -0.00374007
vn 1 0 0
v 0.01 -0.03725 -3.75689e-12
vn 0.0467652 -0.991882 0.118251
v 0.01 -0.038625 -0.00238157
vn 0.00438141 -0.447103 0.894472
v 0.0191607 -0.0385754 -0.00235223
vn 0.00477531 -0.611523 0.791212
v 0.01 -0.0376184 -0.001375
vn 0.00399143 -0.828202 0.560415
v 0.01 -0.04 -0.00275
vn 0.0473376 0.0523294 0.997507
v 0.01 -0.041375 -0.00238157
vn 0.082162 0.53334 0.841901
v 0.01 -0.0423816 -0.001375
vn 0.151515 0.879797 0.450555
v 0.01 -0.04275 -3.75689e-12
vn 0.234483 0.972 -0.0152637
v 0.01 -0.0423816 0.001375
vn 0.157158 0.857722 -0.489505
v 0.01 -0.041375 0.00238157
vn 0.0757404 0.492866 -0.866802
v 0.01 -0.04 0.00275
vn 0.0458793 -0.0177115 -0.99879
v 0.0177646 -0.0393708 0.00267705
vn 0.00865615 -0.289136 -0.957249
v 0.01 -0.038625 0.00238157
vn 0.00738049 -0.500258 -0.865845
v 0.01 -0.0376184 0.001375
vn 0.097709 -0.760778 -0.641615
v 0.01 -0.0376184 0.001375
vn 0.00682197 -0.885195 -0.46517
v 0.0197153 -0.0382561 0.00212632
vn 0.00638027 -0.677132 -0.735834
v 0.01 -0.03725 -3.75689e-12
vn 0.00435564 -0.999975 -0.00557991
v 0.0212898 -0.0373597 0.000768878
vn 0.00566835 -0.953463 -0.301456
v 0.01 -0.0376184 -0.001375
vn 0.288175 -0.801432 0.524082
v 0.0208292 -0.0376184 -0.001375
vn 0.00572099 -0.95373 0.300609
v 0.01 -0.04 0.0025
vn 1 0 0
v 0.01 -0.04125 0.00216506
vn 1 0 0
v 0.01 -0.0421651 0.00125
vn 1 0 0
v 0.01 -0.0425 -3.75689e-12
vn 1 0 0
v 0.01 -0.0421651 -0.00125
vn 1 0 0
v 0.01 -0.04125 -0.00216506
vn 1 0 0
v 0.01 -0.04 -0.0025
vn 1 0 0
v 0.01 -0.03875 -0.00216506
vn 1 0 0
v 0.01 -0.038625 -0.00238157
vn 1 0 0
v 0.01 -0.0375 -3.75689e-12
vn 1 0 0
v 0.01 -0.0378349 0.00125
vn 1 0 0
v 0.01 -0.03875 0.00216506
vn 1 0 0
v 0.01 -0.038625 0.00238157
vn 1 0 0
v 0.0062755 0.0344173 -0.00399369
vn -0.166038 -0.912749 0.373256
v 0.00649051 -0.0343929 -0.00391716
vn -0.18618 0.965437 0.182397
v 0.00627823 0.0344323 -0.00391716
vn -0.16714 -0.96991 0.177026
v 0.00906421 0.0338059 -0.00391716
vn -0.241092 -0.950698 0.19506
v 0.00906027 0.0337912 -0.00399369
vn -0.24028 -0.892109 0.382631
v 0.0117899 0.0329545 -0.00391716
vn -0.317789 -0.927878 0.195073
v 0.0117847 0.0329402 -0.00399369
vn -0.312203 -0.86955 0.382638
v 0.014437 0.0318837 -0.00391716
vn -0.39237 -0.898882 0.19508
v 0.0144308 0.0318699 -0.00399369
vn -0.38205 -0.84121 0.382627
v 0.0169881 0.0306007 -0.00391716
vn -0.46434 -0.863907 0.195075
v 0.0169807 0.0305874 -0.00399369
vn -0.449352 -0.807264 0.382633
v 0.0194261 0.029114 -0.00391716
vn -0.53322 -0.823179 0.19507
v 0.0194176 0.0291014 -0.00399369
vn -0.513664 -0.767948 0.38263
v 0.0217348 0.0274335 -0.00391716
vn -0.598551 -0.776974 0.195061
v 0.0217253 0.0274216 -0.00399369
vn -0.574558 -0.72352 0.382625
v 0.0238988 0.0255704 -0.00391716
vn -0.659896 -0.725594 0.195064
v 0.0238884 0.0255593 -0.00399369
vn -0.631626 -0.674274 0.382628
v 0.0259037 0.0235371 -0.00391716
vn -0.716849 -0.669386 0.195065
v 0.0258925 0.0235269 -0.00399369
vn -0.68449 -0.620541 0.382626
v 0.0277362 0.0213472 -0.00391716
vn -0.76903 -0.608721 0.195068
v 0.0277242 0.0213379 -0.00399369
vn -0.732796 -0.562676 0.382631
v 0.0293841 0.0190151 -0.00391716
vn -0.816093 -0.544004 0.195069
v 0.0293713 0.0190068 -0.00399369
vn -0.776224 -0.501066 0.382634
v 0.0308364 0.0165565 -0.00391716
vn -0.857722 -0.475666 0.195076
v 0.030823 0.0165493 -0.00399369
vn -0.814488 -0.436122 0.382633
v 0.0320834 0.0139876 -0.00391716
vn -0.893644 -0.404163 0.195071
v 0.0320695 0.0139815 -0.00399369
vn -0.84733 -0.368275 0.38263
v 0.0331169 0.0113257 -0.00391716
vn -0.923615 -0.329969 0.195078
v 0.0331025 0.0113207 -0.00399369
vn -0.874528 -0.297974 0.382639
v 0.0339299 0.00858832 -0.00391716
vn -0.947439 -0.253578 0.195084
v 0.0339152 0.00858458 -0.00399369
vn -0.895907 -0.225692 0.382641
v 0.0345171 0.00579381 -0.00391716
vn -0.964954 -0.1755 0.195098
v 0.0345021 0.00579129 -0.00399369
vn -0.911325 -0.151908 0.382636
v 0.0348745 0.00296073 -0.00391716
vn -0.976052 -0.096254 0.195083
v 0.0348594 0.00295945 -0.00399369
vn -0.920681 -0.0771132 0.382622
v 0.0349998 0.000107951 -0.00391716
vn -0.980656 -0.0163677 0.195052
v 0.0349846 0.000107904 -0.00399369
vn -0.9239 -0.00180345 0.38263
v 0.0348921 -0.00274555 -0.00391716
vn -0.978719 0.0636288 0.195091
v 0.034877 -0.00274436 -0.00399369
vn -0.920967 0.0735176 0.382642
v 0.0345522 -0.00558078 -0.00391716
vn -0.970278 0.143201 0.195074
v 0.0345372 -0.00557835 -0.00399369
vn -0.911915 0.148349 0.382627
v 0.0339823 -0.00837885 -0.00391716
vn -0.955376 0.221821 0.195071
v 0.0339675 -0.00837521 -0.00399369
vn -0.89678 0.222193 0.382642
v 0.0331861 -0.0111212 -0.00391716
vn -0.934112 0.298963 0.19508
v 0.0331717 -0.0111163 -0.00399369
vn -0.875689 0.294559 0.382626
v 0.0321691 -0.0137894 -0.00391716
vn -0.906634 0.374116 0.195071
v 0.0321551 -0.0137834 -0.00399369
vn -0.848763 0.364964 0.382625
v 0.0309379 -0.0163659 -0.00391716
vn -0.873122 0.44678 0.195054
v 0.0309245 -0.0163588 -0.00399369
vn -0.816184 0.432939 0.382633
v 0.0295008 -0.0188335 -0.00391716
vn -0.833791 0.516467 0.195075
v 0.029488 -0.0188253 -0.00399369
vn -0.778174 0.498031 0.382635
v 0.0278674 -0.0211757 -0.00391716
vn -0.788914 0.582717 0.195078
v 0.0278553 -0.0211665 -0.00399369
vn -0.734986 0.55981 0.382634
v 0.0260484 -0.0233769 -0.00391716
vn -0.738785 0.645088 0.195083
v 0.0260371 -0.0233667 -0.00399369
vn -0.686904 0.617861 0.382636
v 0.0240561 -0.0254225 -0.00391716
vn -0.683741 0.703168 0.195073
v 0.0240456 -0.0254115 -0.00399369
vn -0.634253 0.671803 0.382628
v 0.0219036 -0.0272989 -0.00391716
vn -0.624145 0.756565 0.19507
v 0.0218941 -0.0272871 -0.00399369
vn -0.577378 0.721272 0.382624
v 0.0196053 -0.0289936 -0.00391716
vn -0.560394 0.804928 0.195061
v 0.0195968 -0.028981 -0.00399369
vn -0.516658 0.765937 0.382629
v 0.0171765 -0.0304953 -0.00391716
vn -0.492911 0.84793 0.195074
v 0.0171691 -0.0304821 -0.00399369
vn -0.4525 0.805503 0.382634
v 0.0146334 -0.0317941 -0.00391716
vn -0.422149 0.885291 0.195065
v 0.0146271 -0.0317802 -0.00399369
vn -0.385331 0.83971 0.382632
v 0.0119929 -0.0328811 -0.00391716
vn -0.348575 0.916753 0.195087
v 0.0119877 -0.0328668 -0.00399369
vn -0.315595 0.868324 0.382639
v 0.00927258 -0.0337494 -0.00391716
vn -0.272682 0.942116 0.195094
v 0.00926854 -0.0337347 -0.00399369
vn -0.24376 0.891163 0.382635
v 0.00648769 -0.034378 -0.00399369
vn -0.171297 0.894698 0.412521
v 0.0117701 0.0328993 -0.00405858
vn -0.290728 -0.779013 0.555532
v 0.0144129 0.0318304 -0.00405858
vn -0.353266 -0.752725 0.555525
v 0.0169597 0.0305495 -0.00405858
vn -0.413446 -0.721411 0.555543
v 0.0193936 0.0290653 -0.00405858
vn -0.470883 -0.685314 0.555531
v 0.0216984 0.0273876 -0.00405858
vn -0.525181 -0.644645 0.555533
v 0.0238588 0.0255277 -0.00405858
vn -0.575985 -0.599689 0.555532
v 0.0258604 0.0234978 -0.00405858
vn -0.622953 -0.550739 0.555533
v 0.0276898 0.0213114 -0.00405858
vn -0.665772 -0.498122 0.555538
v 0.0293349 0.0189833 -0.00405858
vn -0.704164 -0.442192 0.555535
v 0.0307848 0.0165288 -0.00405858
vn -0.73787 -0.383319 0.555531
v 0.0320297 0.0139642 -0.00405858
vn -0.76666 -0.321892 0.555534
v 0.0330615 0.0113067 -0.00405858
vn -0.790346 -0.258322 0.555539
v 0.0338732 0.00857394 -0.00405858
vn -0.80878 -0.193036 0.555529
v 0.0344594 0.00578411 -0.00405858
vn -0.821827 -0.126464 0.555525
v 0.0348162 0.00295578 -0.00405858
vn -0.829396 -0.0590483 0.555532
v 0.0349413 0.00010777 -0.00405858
vn -0.831446 0.00876027 0.555537
v 0.0348337 -0.00274095 -0.00405858
vn -0.827967 0.076509 0.555533
v 0.0344944 -0.00557144 -0.00405858
vn -0.81897 0.143749 0.55554
v 0.0339254 -0.00836483 -0.00405858
vn -0.804528 0.210032 0.555537
v 0.0331306 -0.0111025 -0.00405858
vn -0.784739 0.27492 0.55552
v 0.0321153 -0.0137664 -0.00405858
vn -0.759702 0.33797 0.555544
v 0.0308862 -0.0163385 -0.00405858
vn -0.729626 0.398777 0.555538
v 0.0294515 -0.018802 -0.00405858
vn -0.694694 0.456931 0.555531
v 0.0278207 -0.0211402 -0.00405858
vn -0.65513 0.512038 0.555537
v 0.0260048 -0.0233378 -0.00405858
vn -0.611211 0.563741 0.555533
v 0.0240158 -0.02538 -0.00405858
vn -0.563224 0.611693 0.555528
v 0.0218669 -0.0272533 -0.00405858
vn -0.511484 0.655569 0.55553
v 0.0195725 -0.0289451 -0.00405858
vn -0.456337 0.695078 0.555539
v 0.0171478 -0.0304443 -0.00405858
vn -0.398158 0.729967 0.555535
v 0.0146089 -0.0317409 -0.00405858
vn -0.337327 0.759996 0.555532
v 0.0119728 -0.0328261 -0.00405858
vn -0.274252 0.784969 0.555526
v 0.00627823 0.0344323 0.00391716
vn -0.180985 -0.966648 -0.181208
v 0.00648769 -0.034378 0.00399369
vn -0.171135 0.91185 -0.373152
v 0.0062755 0.0344173 0.00399369
vn -0.166463 -0.896994 -0.409502
v 0.00906027 0.0337912 0.00399369
vn -0.238259 -0.892652 -0.382629
v 0.0117847 0.0329402 0.00399369
vn -0.310234 -0.870258 -0.382631
v 0.0144129 0.0318304 0.00405858
vn -0.332636 -0.762068 -0.555523
v 0.0144308 0.0318699 0.00399369
vn -0.380144 -0.842072 -0.38263
v 0.0169597 0.0305495 0.00405858
vn -0.393646 -0.732407 -0.555538
v 0.0169807 0.0305874 0.00399369
vn -0.447521 -0.808278 -0.382638
v 0.0193936 0.0290653 0.00405858
vn -0.452042 -0.697881 -0.555536
v 0.0194176 0.0291014 0.00399369
vn -0.511924 -0.769109 -0.382629
v 0.0216984 0.0273876 0.00405858
vn -0.507429 -0.658711 -0.555532
v 0.0217253 0.0274216 0.00399369
vn -0.572918 -0.724819 -0.382626
v 0.0238588 0.0255277 0.00405858
vn -0.559438 -0.615153 -0.555533
v 0.0238884 0.0255593 0.00399369
vn -0.630097 -0.675703 -0.382626
v 0.0258604 0.0234978 0.00405858
vn -0.607723 -0.567502 -0.555531
v 0.0258925 0.0235269 0.00399369
vn -0.683082 -0.622089 -0.382627
v 0.0276898 0.0213114 0.00405858
vn -0.65196 -0.516071 -0.555535
v 0.0277242 0.0213379 0.00399369
vn -0.731519 -0.564334 -0.382632
v 0.0293349 0.0189833 0.00405858
vn -0.691858 -0.461205 -0.555537
v 0.0293713 0.0190068 0.00399369
vn -0.775089 -0.502823 -0.382631
v 0.0307848 0.0165288 0.00405858
vn -0.727155 -0.403272 -0.555534
v 0.030823 0.0165493 0.00399369
vn -0.813498 -0.437965 -0.382631
v 0.0320297 0.0139642 0.00405858
vn -0.757611 -0.342654 -0.555531
v 0.0320695 0.0139815 0.00399369
vn -0.846493 -0.370192 -0.382631
v 0.0330615 0.0113067 0.00405858
vn -0.783017 -0.279752 -0.555539
v 0.0331025 0.0113207 0.00399369
vn -0.873851 -0.299954 -0.382637
v 0.0338732 0.00857394 0.00405858
vn -0.803218 -0.214991 -0.555535
v 0.0339152 0.00858458 0.00399369
vn -0.895397 -0.227721 -0.382633
v 0.0344594 0.00578411 0.00405858
vn -0.818077 -0.148799 -0.555526
v 0.0345021 0.00579129 0.00399369
vn -0.910978 -0.153971 -0.382637
v 0.0348162 0.00295578 0.00405858
vn -0.827484 -0.0816159 -0.555526
v 0.0348594 0.00295945 0.00399369
vn -0.920499 -0.0791975 -0.382635
v 0.0349413 0.00010777 0.00405858
vn -0.831377 -0.0138884 -0.555535
v 0.0349846 0.000107904 0.00399369
vn -0.923896 -0.00389543 -0.382624
v 0.0348337 -0.00274095 0.00405858
vn -0.829742 0.0539309 -0.555535
v 0.034877 -0.00274436 0.00399369
vn -0.921132 0.0714313 -0.382639
v 0.0344944 -0.00557144 0.00405858
vn -0.822585 0.12139 -0.555534
v 0.0345372 -0.00557835 0.00399369
vn -0.912245 0.146284 -0.382636
v 0.0339254 -0.00836483 0.00405858
vn -0.809944 0.188041 -0.555546
v 0.0339675 -0.00837521 0.00399369
vn -0.897285 0.220162 -0.382633
v 0.0331306 -0.0111025 0.00405858
vn -0.791934 0.253446 -0.555523
v 0.0331717 -0.0111163 0.00399369
vn -0.876354 0.292576 -0.382627
v 0.0321153 -0.0137664 0.00405858
vn -0.768632 0.317157 -0.555532
v 0.0321551 -0.0137834 0.00399369
vn -0.849583 0.363039 -0.382637
v 0.0308862 -0.0163385 0.00405858
vn -0.740213 0.378756 -0.555544
v 0.0309245 -0.0163588 0.00399369
vn -0.817165 0.431091 -0.382626
v 0.0294515 -0.018802 0.00405858
vn -0.70688 0.437841 -0.555532
v 0.029488 -0.0188253 0.00399369
vn -0.779302 0.496269 -0.38263
v 0.0278207 -0.0211402 0.00405858
vn -0.668834 0.494006 -0.555534
v 0.0278553 -0.0211665 0.00399369
vn -0.736251 0.558143 -0.382636
v 0.0260048 -0.0233378 0.00405858
vn -0.626337 0.546884 -0.555536
v 0.0260371 -0.0233667 0.00399369
vn -0.688302 0.616304 -0.382636
v 0.0240158 -0.02538 0.00405858
vn -0.579673 0.596124 -0.555531
v 0.0240456 -0.0254115 0.00399369
vn -0.635773 0.670365 -0.382628
v 0.0218669 -0.0272533 0.00405858
vn -0.52915 0.641397 -0.555526
v 0.0218941 -0.0272871 0.00399369
vn -0.579009 0.719961 -0.382628
v 0.0195725 -0.0289451 0.00405858
vn -0.4751 0.682393 -0.555536
v 0.0195968 -0.028981 0.00399369
vn -0.518392 0.764764 -0.38263
v 0.0171478 -0.0304443 0.00405858
vn -0.41789 0.718851 -0.555537
v 0.0171691 -0.0304821 0.00399369
vn -0.454323 0.804477 -0.382633
v 0.0146089 -0.0317409 0.00405858
vn -0.3579 0.750525 -0.555536
v 0.0146271 -0.0317802 0.00399369
vn -0.387232 0.838837 -0.382627
v 0.0119877 -0.0328668 0.00399369
vn -0.317562 0.86761 -0.382633
v 0.00926854 -0.0337347 0.00399369
vn -0.245777 0.890606 -0.382641
v 0.00647965 -0.0343354 0.00405858
vn -0.165858 0.814787 -0.555529
v 0.00906421 0.0338059 0.00391716
vn -0.266866 -0.943785 -0.195068
v 0.0117899 0.0329545 0.00391716
vn -0.342914 -0.918887 -0.195079
v 0.014437 0.0318837 0.00391716
vn -0.416679 -0.887876 -0.195078
v 0.0169881 0.0306007 0.00391716
vn -0.487671 -0.850955 -0.195071
v 0.0194261 0.029114 0.00391716
vn -0.555418 -0.808369 -0.195066
v 0.0217348 0.0274335 0.00391716
vn -0.619467 -0.760402 -0.195061
v 0.0238988 0.0255704 0.00391716
vn -0.679392 -0.707373 -0.195066
v 0.0259037 0.0235371 0.00391716
vn -0.734795 -0.649636 -0.195065
v 0.0277362 0.0213472 0.00391716
vn -0.785306 -0.587574 -0.195069
v 0.0293841 0.0190151 0.00391716
vn -0.83059 -0.521601 -0.195072
v 0.0308364 0.0165565 0.00391716
vn -0.870345 -0.452156 -0.195075
v 0.0320834 0.0139876 0.00391716
vn -0.904308 -0.379701 -0.195073
v 0.0331169 0.0113257 0.00391716
vn -0.932249 -0.304719 -0.195083
v 0.0339299 0.00858832 0.00391716
vn -0.953985 -0.227709 -0.195091
v 0.0345171 0.00579381 0.00391716
vn -0.969372 -0.149183 -0.195094
v 0.0348745 0.00296073 0.00391716
vn -0.978314 -0.0696649 -0.195062
v 0.0349998 0.000107951 0.00391716
vn -0.980736 0.0103178 -0.195067
v 0.0348921 -0.00274555 0.00391716
vn -0.976625 0.0902309 -0.195095
v 0.0345522 -0.00558078 0.00391716
vn -0.966025 0.169545 -0.195062
v 0.0339823 -0.00837885 0.00391716
vn -0.948986 0.24773 -0.195079
v 0.0331861 -0.0111212 0.00391716
vn -0.925634 0.324265 -0.195076
v 0.0321691 -0.0137894 0.00391716
vn -0.896122 0.398644 -0.19506
v 0.0309379 -0.0163659 0.00391716
vn -0.860642 0.470368 -0.195062
v 0.0295008 -0.0188335 0.00391716
vn -0.819431 0.538958 -0.195083
v 0.0278674 -0.0211757 0.00391716
vn -0.772769 0.603964 -0.195078
v 0.0260484 -0.0233769 0.00391716
vn -0.720962 0.664949 -0.195081
v 0.0240561 -0.0254225 0.00391716
vn -0.664359 0.72151 -0.195068
v 0.0219036 -0.0272989 0.00391716
vn -0.603331 0.773266 -0.195067
v 0.0196053 -0.0289936 0.00391716
vn -0.538288 0.819876 -0.195064
v 0.0171765 -0.0304953 0.00391716
vn -0.46966 0.861026 -0.195074
v 0.0146334 -0.0317941 0.00391716
vn -0.397908 0.896447 -0.195071
v 0.0119929 -0.0328811 0.00391716
vn -0.323505 0.925895 -0.195098
v 0.00927258 -0.0337494 0.00391716
vn -0.24695 0.949187 -0.195086
v 0.00649051 -0.0343929 0.00391716
vn -0.173967 0.968907 -0.175939
v 0.00105992 -0.03875 0.00216506
vn -0.978989 0.203825 0.00600478
v 0.00124123 -0.0380717 0.0087
vn -0.939717 0.338398 0.049181
v 0.0015018 -0.0375 -1.49128e-06
vn -0.824085 0.566466 0
v 0.00145533 -0.0375863 0.000651167
vn -0.880398 0.474124 0.0102809
v 0.00133604 -0.0378349 0.00125
vn -0.876433 0.481506 0.00414641
v 0.00124123 -0.0380717 0.00159108
vn -0.957363 0.288888 0
v 0.00124123 -0.0380717 -0.0087
vn -0.955073 0.293061 -0.0441648
v 0.001 -0.0394397 -0.00243642
vn -0.989322 0.14561 -0.00629786
v 0.00105992 -0.03875 -0.00216506
vn -0.966085 0.258224 0
v 0.00124123 -0.0380717 -0.00159108
vn -0.876405 0.481558 -0.00413496
v 0.0077401 -0.0302156 0.0087
vn -0.552349 0.811661 0.190043
v 0.00686872 -0.0309898 0.00725812
vn -0.66421 0.747546 0
v 0.0077401 -0.0302156 -0.0087
vn -0.531448 0.793436 -0.296686
v 0.00134797 0.0371797 0.0087
vn -0.917148 -0.268059 0.294931
v 0.001 0.0388115 0.0087
vn -0.97801 -0.208557 0
v 0.001 0.0388115 0.00191046
vn -0.98392 -0.17845 0.00753885
v 0.00134797 0.0371797 0.0087
vn -0.97133 -0.237668 0.00565304
v 0.00134797 0.0371797 -0.0087
vn -0.794718 -0.339279 -0.503302
v 0.00102302 0.038383 -0.00156454
vn -0.979556 -0.200888 -0.0107328
v 0.00134797 0.0371797 -0.0087
vn -0.966507 -0.256558 -0.0064338
v 0.00114341 0.03775 -3.75686e-12
vn -0.941282 -0.337623 0
v 0.00134797 0.0371797 0.0087
vn -0.80785 -0.589388 0
v 0.00134797 0.0371797 -0.0087
vn -0.80785 -0.589388 0
v 0.00870965 0.0301192 -0.00764677
vn -0.591665 -0.806184 0
v 0.00709853 -0.0311826 -0.009
vn -0.533169 0.464559 -0.707048
v 0.00790456 -0.0304665 -0.009
vn -0.356835 0.61101 -0.706637
v 0.00888284 -0.0300131 -0.009
vn -0.264455 0.657498 -0.705521
v 0.0101755 0.0295998 -0.009
vn -0.302921 -0.64131 -0.704954
v 0.0149866 0.0274789 -0.009
vn -0.355827 -0.611213 -0.706969
v 0.0193749 0.0245826 -0.009
vn -0.453118 -0.543027 -0.706969
v 0.0232164 0.0209926 -0.009
vn -0.537622 -0.459518 -0.70697
v 0.0264028 0.0168102 -0.009
vn -0.606955 -0.363041 -0.70697
v 0.0288441 0.0121535 -0.009
vn -0.659162 -0.256321 -0.706969
v 0.0304715 0.00715376 -0.009
vn -0.692767 -0.142367 -0.706969
v 0.0312391 0.00195219 -0.009
vn -0.706824 -0.0243962 -0.706969
v 0.0311251 -0.00330447 -0.009
vn -0.700934 0.0942632 -0.706969
v 0.0301328 -0.00846788 -0.009
vn -0.675265 0.210263 -0.70697
v 0.0282902 -0.0133923 -0.009
vn -0.630542 0.320329 -0.70697
v 0.0256493 -0.0179389 -0.009
vn -0.568026 0.421356 -0.706969
v 0.0222846 -0.0219792 -0.009
vn -0.48948 0.510493 -0.70697
v 0.0182911 -0.0253993 -0.009
vn -0.397123 0.585225 -0.706969
v 0.0089098 0.0303427 -0.009
vn -0.456331 -0.540346 -0.706958
v 0.0188103 -0.0379108 -0.009
vn 0.255083 -0.493431 -0.83154
v 0.0164139 -0.0390529 -0.009
vn 0.204606 -0.465842 -0.860888
v 0.0139466 -0.0400385 -0.009
vn 0.15718 -0.432029 -0.888057
v 0.00884985 -0.0415163 -0.009
vn 0.0798045 -0.363323 -0.928239
v 0.00624278 -0.0420034 -0.009
vn 0.0506782 -0.335163 -0.940796
v 0.0225818 0.0357409 -0.009
vn 0.351864 0.496358 -0.793612
v 0.0211385 0.036613 -0.00900002
vn 0.303783 0.526512 -0.794041
v 0.0275494 0.0320684 -0.009
vn 0.407463 0.451264 -0.793936
v 0.0324747 0.0281849 -0.00844654
vn 0.449422 0.409487 -0.79394
v 0.0319288 0.0277111 -0.009
vn 0.468878 0.387064 -0.793936
v 0.0362356 0.0231513 -0.00844654
vn 0.5043 0.339618 -0.79394
v 0.0356264 0.0227621 -0.009
vn 0.520281 0.3146 -0.793936
v 0.0392227 0.0176233 -0.00844654
vn 0.548411 0.262498 -0.79394
v 0.0385633 0.017327 -0.009
vn 0.560575 0.235418 -0.793936
v 0.0413723 0.011719 -0.00844654
vn 0.580811 0.179772 -0.79394
v 0.0406767 0.011522 -0.009
vn 0.588898 0.151209 -0.793936
v 0.0426384 0.00556451 -0.00844654
vn 0.600809 0.0932081 -0.79394
v 0.0419216 0.00547096 -0.009
vn 0.604648 0.0637711 -0.793936
v 0.0429942 -0.000708833 -0.00844654
vn 0.607979 0.00465384 -0.793939
v 0.0422713 -0.000696916 -0.009
vn 0.607487 -0.0250283 -0.793935
v 0.0424318 -0.00696704 -0.00844654
vn 0.602167 -0.084 -0.793939
v 0.0417185 -0.00684991 -0.009
vn 0.597353 -0.113294 -0.793935
v 0.0409635 -0.0130765 -0.00844654
vn 0.583495 -0.17086 -0.79394
v 0.0402748 -0.0128566 -0.009
vn 0.574464 -0.199139 -0.793936
v 0.0386204 -0.0189067 -0.00844654
vn 0.552364 -0.254072 -0.79394
v 0.0379711 -0.0185888 -0.009
vn 0.539309 -0.280733 -0.793936
v 0.0354527 -0.0243332 -0.00844654
vn 0.509441 -0.331858 -0.79394
v 0.0348567 -0.0239241 -0.009
vn 0.492639 -0.356333 -0.793936
v 0.031528 -0.0292401 -0.00844654
vn 0.455638 -0.402559 -0.79394
v 0.0309979 -0.0287485 -0.009
vn 0.435449 -0.424323 -0.793936
v 0.0269301 -0.0335227 -0.00844654
vn 0.392106 -0.464663 -0.79394
v 0.0264773 -0.0329591 -0.009
vn 0.36896 -0.483252 -0.793937
v 0.0189167 0.0378556 -0.009
vn 0.270395 0.501973 -0.821528
v 0.0062782 0.041998 -0.009
vn 0.0510093 0.335459 -0.940673
v 0.00890556 0.041504 -0.009
vn 0.0804257 0.363915 -0.927954
v 0.0114927 0.0408401 -0.009
vn 0.116231 0.397347 -0.910278
v 0.0140295 0.0400084 -0.009
vn 0.158619 0.433129 -0.887265
v 0.0165106 0.0390104 -0.009
vn 0.206493 0.467007 -0.859805
v 0.00888284 -0.0300131 0.009
vn -0.264721 0.657407 0.705506
v 0.0182911 -0.0253993 0.009
vn -0.429153 0.562158 0.70697
v 0.0222846 -0.0219792 0.009
vn -0.517198 0.48239 0.70697
v 0.0256493 -0.0179389 0.009
vn -0.590649 0.38901 0.706969
v 0.0282902 -0.0133923 0.009
vn -0.64743 0.284652 0.70697
v 0.0301328 -0.00846788 0.009
vn -0.685945 0.172263 0.706969
v 0.0311251 -0.00330447 0.009
vn -0.705102 0.0550118 0.706969
v 0.0312391 0.00195219 0.009
vn -0.704362 -0.0637916 0.706969
v 0.0304715 0.00715376 0.009
vn -0.683745 -0.180795 0.706969
v 0.0288441 0.0121535 0.009
vn -0.643834 -0.292696 0.70697
v 0.0264028 0.0168102 0.009
vn -0.585756 -0.396337 0.70697
v 0.0232164 0.0209926 0.009
vn -0.511149 -0.488796 0.706969
v 0.0193749 0.0245826 0.009
vn -0.422117 -0.567461 0.706969
v 0.0149866 0.0274789 0.009
vn -0.321174 -0.630112 0.70697
v 0.0101755 0.0295998 0.009
vn -0.302336 -0.641547 0.704989
v 0.00686872 -0.0309898 0.0087
vn -0.533169 0.464559 0.707048
v 0.0089098 0.0303427 0.009
vn -0.455795 -0.540811 0.706947
v 0.0013 0.0424639 0.009
vn -0.147688 0.264166 0.953103
v 0.0189131 -0.0378574 0.009
vn 0.256624 -0.494426 0.830474
v 0.016505 -0.0390129 0.009
vn 0.206394 -0.466939 0.859866
v 0.0140244 -0.0400102 0.009
vn 0.158531 -0.43306 0.887314
v 0.0114883 -0.0408413 0.009
vn 0.095462 -0.372228 0.923219
v 0.00627544 -0.0419984 0.009
vn 0.0509789 -0.335437 0.940682
v 0.00953377 0.0413593 0.009
vn 0.105991 0.385299 0.916684
v 0.0136701 0.0401375 0.009
vn 0.169398 0.449316 0.877166
v 0.0176587 0.0384832 0.009
vn 0.249131 0.490818 0.834884
v 0.00528705 0.0421389 0.009
vn 0.0533579 0.342792 0.937895
v 0.0269301 -0.0335227 0.00844654
vn 0.369224 -0.483045 0.793941
v 0.0264773 -0.0329591 0.009
vn 0.392365 -0.464451 0.793936
v 0.031528 -0.0292401 0.00844654
vn 0.435679 -0.424079 0.79394
v 0.0309979 -0.0287485 0.009
vn 0.455864 -0.402311 0.793936
v 0.0354527 -0.0243332 0.00844654
vn 0.492832 -0.356058 0.793939
v 0.0348567 -0.0239241 0.009
vn 0.509628 -0.33158 0.793936
v 0.0386204 -0.0189067 0.00844654
vn 0.539459 -0.280433 0.79394
v 0.0379711 -0.0185888 0.009
vn 0.552509 -0.253769 0.793936
v 0.0409635 -0.0130765 0.00844654
vn 0.574569 -0.198821 0.79394
v 0.0402748 -0.0128566 0.009
vn 0.583594 -0.17054 0.793936
v 0.0424318 -0.00696704 0.00844654
vn 0.597411 -0.112963 0.793939
v 0.0417185 -0.00684991 0.009
vn 0.602218 -0.0836685 0.793935
v 0.0429942 -0.000708833 0.00844654
vn 0.607496 -0.024693 0.793939
v 0.0422713 -0.000696916 0.009
vn 0.607982 0.00498934 0.793935
v 0.0426384 0.00556451 0.00844654
vn 0.604608 0.0641041 0.79394
v 0.0419216 0.00547096 0.009
vn 0.600763 0.0935404 0.793936
v 0.0413723 0.011719 0.00844654
vn 0.58881 0.151532 0.79394
v 0.0406767 0.011522 0.009
vn 0.580717 0.180094 0.793936
v 0.0392227 0.0176233 0.00844654
vn 0.56044 0.235725 0.79394
v 0.0385633 0.017327 0.009
vn 0.548271 0.262803 0.793936
v 0.0362356 0.0231513 0.00844654
vn 0.520103 0.314885 0.79394
v 0.0356264 0.0227621 0.009
vn 0.504117 0.339899 0.793936
v 0.0324747 0.0281849 0.00844654
vn 0.46866 0.38732 0.79394
v 0.0319288 0.0277111 0.009
vn 0.4492 0.409738 0.793936
v 0.0275494 0.0320684 0.009
vn 0.38469 0.470828 0.793936
v 0.0225818 0.0357409 0.009
vn 0.345152 0.50075 0.793801
v 0.0211285 0.0366189 0.009
vn 0.295903 0.531222 0.79388
v -0.0215 0.0372391 0.00844654
vn -0.468575 0.824753 0.316576
v -0.0215 0.0372391 0.00666693
vn -0.504219 0.863498 0.0115965
v -0.0217571 0.0370895 0.00844654
vn -0.485037 0.792139 0.37048
v -0.0215 0.0372391 0.00444462
vn -0.496536 0.868014 -0.00175327
v -0.0215 0.0372391 0.00243674
vn -0.498837 0.866696 0.00020502
v -0.0207403 0.0376675 0.00145665
vn -0.203111 0.906193 -0.370892
v -0.0208213 0.0376228 0.00138247
vn -0.066135 0.929281 -0.363405
v -0.0212948 0.0373568 0.0022108
vn -0.48987 0.871795 0.000659747
v -0.021443 0.037272 0.00237586
vn -0.499369 0.866387 -0.00212325
v -0.0212898 0.0373597 0.000768878
vn -0.126549 0.978295 -0.164087
v -0.0214307 0.037279 0.00039834
vn -0.0293314 0.990548 -0.133993
v -0.0214811 0.03725 -3.75678e-12
vn -0.0213939 0.999771 0.000148388
v -0.0215 0.0372391 -0.00243673
vn -0.501216 0.865322 -8.69473e-05
v -0.0214305 0.0372791 -0.000399178
vn -0.0293463 0.990538 0.134064
v -0.0212896 0.0373598 -0.000769281
vn -0.062974 0.954058 0.292931
v -0.0208292 0.0376184 -0.001375
vn -0.286034 0.924809 0.250823
v -0.0207403 0.0376675 -0.00145665
vn -0.0583602 0.864928 0.498492
v -0.021311 0.0373476 -0.0022293
vn -0.491633 0.870802 -8.21483e-06
v -0.021443 0.037272 -0.00237586
vn -0.499561 0.866276 0.00212301
v -0.0215 0.0372391 -0.00444462
vn -0.496884 0.867816 0.00135389
v -0.0217571 0.0370895 -0.00844654
vn -0.446221 0.703689 -0.55291
v -0.0215 0.0372391 -0.00666693
vn -0.510219 0.860044 0
v -0.0215 0.0372391 -0.00844654
vn -0.4898 0.847011 -0.206564
v -0.0229679 -0.0363521 0.00164099
vn -0.128621 -0.938319 -0.320959
v -0.0224727 -0.0366603 0.00220145
vn -0.166847 -0.898375 -0.406306
v -0.0229679 -0.0363521 0.00844654
vn -0.510721 -0.802983 0.307216
v -0.0218783 -0.0370181 0.00266617
vn -0.18877 -0.868443 -0.458447
v -0.0215 -0.0372391 0.00289437
vn -0.510407 -0.859932 0.00152162
v -0.0215 -0.0372391 0.00444462
vn -0.508623 -0.860873 0.0141459
v -0.0215 -0.0372391 0.00666693
vn -0.513311 -0.858203 0
v -0.0215 -0.0372391 0.00844654
vn -0.458442 -0.804939 0.3767
v -0.023337 -0.0361162 0.000957263
vn -0.572832 -0.819633 0.00803829
v -0.023337 -0.0361162 0.000957263
vn -0.594473 -0.804106 0.003976
v -0.0229679 -0.0363521 0.00844654
vn -0.594473 -0.804106 0.003976
v -0.0280205 -0.0326168 0.00844654
vn -0.594473 -0.804106 0.003976
v -0.0280205 -0.0326168 0.00844654
vn -0.534887 -0.650584 0.539107
v -0.023516 -0.036 7.38069e-07
vn -0.600551 -0.799587 0
v -0.023337 -0.0361162 -0.000957263
vn -0.590377 -0.806749 -0.0247252
v -0.0280205 -0.0326168 -0.00844654
vn -0.480079 -0.626443 -0.61408
v -0.0229679 -0.0363521 -0.00164099
vn -0.191976 -0.940553 0.280187
v -0.0229679 -0.0363521 -0.00164099
vn -0.594477 -0.804112 0
v -0.0280205 -0.0326168 -0.00844654
vn -0.594477 -0.804112 0
v -0.0229679 -0.0363521 -0.00844654
vn -0.594477 -0.804112 0
v -0.0229679 -0.0363521 -0.00844654
vn -0.515107 -0.826007 -0.228861
v -0.0224732 -0.03666 -0.00220095
vn -0.166388 -0.899939 0.40302
v -0.0218988 -0.037006 -0.00265249
vn -0.232143 -0.881327 0.411548
v -0.0215 -0.0372391 -0.00289437
vn -0.191152 -0.844472 0.500328
v -0.0215 -0.0372391 -0.00444462
vn -0.5083 -0.861099 -0.0118372
v -0.0215 -0.0372391 -0.00666693
vn -0.508191 -0.8612 -0.0087107
v -0.0215 -0.0372391 -0.00844654
vn -0.448505 -0.772365 -0.449773
v -0.0217571 0.0370895 0.00844654
vn -0.567647 0.823272 0
v -0.0217571 0.0370895 -0.00844654
vn -0.567647 0.823272 0
v -0.0269301 0.0335227 -0.00844654
vn -0.567647 0.823272 0
v -0.0269301 0.0335227 0.00844654
vn -0.567647 0.823272 0
v -0.0269301 0.0335227 0.00844654
vn -0.681566 0.731757 0
v -0.0269301 0.0335227 -0.00844654
vn -0.681566 0.731757 0
v -0.031528 0.0292401 -0.00844654
vn -0.681566 0.731757 0
v -0.031528 0.0292401 0.00844654
vn -0.681566 0.731757 0
v -0.031528 0.0292401 0.00844654
vn -0.780933 0.624615 0
v -0.031528 0.0292401 -0.00844654
vn -0.780933 0.624615 0
v -0.0354527 0.0243332 -0.00844654
vn -0.780933 0.624615 0
v -0.0354527 0.0243332 0.00844654
vn -0.780933 0.624615 0
v -0.0354527 0.0243332 0.00844654
vn -0.863624 0.504137 0
v -0.0354527 0.0243332 -0.00844654
vn -0.863624 0.504137 0
v -0.0386204 0.0189067 -0.00844654
vn -0.863624 0.504137 0
v -0.0386204 0.0189067 0.00844654
vn -0.863624 0.504137 0
v -0.0386204 0.0189067 0.00844654
vn -0.927874 0.372894 0
v -0.0386204 0.0189067 -0.00844654
vn -0.927874 0.372894 0
v -0.0409635 0.0130765 -0.00844654
vn -0.927874 0.372894 0
v -0.0409635 0.0130765 0.00844654
vn -0.927874 0.372894 0
v -0.0409635 0.0130765 0.00844654
vn -0.972311 0.233689 0
v -0.0409635 0.0130765 -0.00844654
vn -0.972311 0.233689 0
v -0.0424318 0.00696704 -0.00844654
vn -0.972311 0.233689 0
v -0.0424318 0.00696704 0.00844654
vn -0.972311 0.233689 0
v -0.0424318 0.00696704 0.00844654
vn -0.995987 0.0894935 0
v -0.0424318 0.00696704 -0.00844654
vn -0.995987 0.0894935 0
v -0.0429942 0.000708833 -0.00844654
vn -0.995987 0.0894935 0
v -0.0429942 0.000708833 0.00844654
vn -0.995987 0.0894935 0
v -0.0429942 0.000708833 0.00844654
vn -0.998396 -0.0566126 0
v -0.0429942 0.000708833 -0.00844654
vn -0.998396 -0.0566126 0
v -0.0426384 -0.00556451 -0.00844654
vn -0.998396 -0.0566126 0
v -0.0426384 -0.00556451 0.00844654
vn -0.998396 -0.0566126 0
v -0.0426384 -0.00556451 0.00844654
vn -0.979486 -0.20151 0
v -0.0426384 -0.00556451 -0.00844654
vn -0.979486 -0.20151 0
v -0.0413723 -0.011719 -0.00844654
vn -0.979486 -0.20151 0
v -0.0413723 -0.011719 0.00844654
vn -0.979486 -0.20151 0
v -0.0413723 -0.011719 0.00844654
vn -0.939662 -0.342104 0
v -0.0413723 -0.011719 -0.00844654
vn -0.939662 -0.342104 0
v -0.0392227 -0.0176233 -0.00844654
vn -0.939662 -0.342104 0
v -0.0392227 -0.0176233 0.00844654
vn -0.939662 -0.342104 0
v -0.0392227 -0.0176233 0.00844654
vn -0.879773 -0.475394 0
v -0.0392227 -0.0176233 -0.00844654
vn -0.879773 -0.475394 0
v -0.0362356 -0.0231513 -0.00844654
vn -0.879773 -0.475394 0
v -0.0362356 -0.0231513 0.00844654
vn -0.879773 -0.475394 0
v -0.0362356 -0.0231513 0.00844654
vn -0.801098 -0.598533 0
v -0.0362356 -0.0231513 -0.00844654
vn -0.801098 -0.598533 0
v -0.0324747 -0.0281849 -0.00844654
vn -0.801098 -0.598533 0
v -0.0324747 -0.0281849 0.00844654
vn -0.801098 -0.598533 0
v -0.0324747 -0.0281849 0.00844654
vn -0.705318 -0.708891 0
v -0.0324747 -0.0281849 -0.00844654
vn -0.705318 -0.708891 0
v -0.0280205 -0.0326168 -0.00844654
vn -0.705318 -0.708891 0
v -0.0280205 -0.0326168 0.00844654
vn -0.705318 -0.708891 0
v -0.0280205 -0.0326168 0.00844654
vn -0.598565 -0.801074 0
v -0.0280205 -0.0326168 -0.00844654
vn -0.598565 -0.801074 0
v -0.023337 -0.0361162 -0.000957263
vn -0.598565 -0.801074 0
v -0.001 0.0435123 0.00804385
vn 0.132843 0.89539 0.425006
v -0.001 0.0443053 0.00627577
vn -0.0692694 0.930151 0.360584
v -0.00346766 0.0439206 0.00679414
vn -0.0928809 0.923672 0.371757
v -0.0166226 0.0400067 0.00274999
vn -0.221083 0.463061 -0.85831
v -0.0177646 0.0393708 0.00267705
vn -0.466252 0.847476 -0.25376
v -0.0164193 0.040148 0.00448332
vn -0.473333 0.880839 0.00891742
v -0.0188325 0.0387638 0.00245647
vn -0.209216 0.654462 -0.726573
v -0.0190658 0.0386299 0.0023844
vn -0.202697 0.756677 -0.621573
v -0.0197153 0.0382561 0.00212632
vn -0.245414 0.867629 -0.432426
v -0.0204411 0.0378386 0.00170026
vn -0.161604 0.85063 -0.500312
v -0.0113982 0.04272 0.00227114
vn -0.415263 0.908492 0.0468886
v -0.0136739 0.0415876 0.00224544
vn -0.475974 0.870837 -0.122846
v -0.0114709 0.04251 0.00452315
vn -0.386271 0.916773 0.101596
v -0.0139527 0.0413989 0.00450302
vn -0.429777 0.901749 0.0462677
v -0.0140919 0.0413684 0.00238539
vn -0.432498 0.395462 -0.810281
v -0.0149035 0.0409384 0.00258493
vn -0.314332 0.344176 -0.884725
v -0.01623 0.040222 0.00274102
vn -0.243697 0.28544 -0.926896
v -0.0114863 0.0427167 -0.000426968
vn -0.495678 -0.810355 0.312454
v -0.011421 0.04275 1.08033e-06
vn -0.0425004 -0.984865 0.168033
v -0.0113573 0.0427814 -3.75682e-12
vn -0.413484 0.910511 2.63391e-06
v -0.0114871 0.0427162 0.000429558
vn -0.174712 -0.943127 -0.28282
v -0.011727 0.0425936 0.000914215
vn -0.528365 -0.604573 -0.596088
v -0.0121907 0.0423557 0.00141879
vn -0.562408 -0.382489 -0.733075
v -0.0123038 0.0422976 0.00151115
vn -0.14447 -0.600274 -0.786638
v -0.0131036 0.0418845 0.00200276
vn -0.28393 -0.367872 -0.885468
v -0.0134953 0.0416808 -0.00217653
vn -0.497655 0.848284 0.180978
v -0.0127127 0.0420868 -0.00179098
vn -0.311456 -0.394756 0.864386
v -0.0113982 0.04272 -0.00227114
vn -0.414625 0.908805 -0.0464761
v -0.0121184 0.0423929 -0.00135525
vn -0.173988 -0.621353 0.763969
v -0.0117465 0.0425836 -0.000942059
vn -0.521126 -0.630826 0.574879
v -0.0152026 0.0407784 -0.00263753
vn -0.300017 0.290801 0.908529
v -0.0139527 0.0413989 -0.00450302
vn -0.424355 0.903307 -0.0629276
v -0.0164338 0.0401104 -0.00274778
vn -0.406308 0.699232 0.588208
v -0.0164193 0.040148 -0.00448332
vn -0.475366 0.87958 -0.0191541
v -0.0167051 0.0399612 -0.00274973
vn -0.0899857 0.350395 0.932269
v -0.0205319 0.0377866 -0.00163197
vn -0.194543 0.867069 0.458632
v -0.0197441 0.0382395 -0.00211265
vn -0.175241 0.812415 0.556123
v -0.0191607 0.0385754 -0.00235223
vn -0.496452 0.868055 0.0038622
v -0.0215 0.0372391 -0.00444462
vn -0.493976 0.869471 0.00288568
v -0.0191607 0.0385754 -0.00235223
vn -0.496856 0.867832 0.00124139
v -0.0179895 0.0392439 -0.002644
vn -0.153999 0.514781 0.843377
v -0.019046 0.0386978 -0.00668416
vn -0.487821 0.872943 -0.00128875
v -0.0191411 0.0385513 -0.00849998
vn -0.43894 0.833637 -0.335232
v -0.0165723 0.0399954 -0.00670152
vn -0.456687 0.88887 -0.0366962
v -0.0167001 0.0397069 -0.00856027
vn -0.378765 0.842581 -0.382877
v -0.0140609 0.0411369 -0.00671912
vn -0.393407 0.912397 -0.112969
v -0.0141855 0.0406981 -0.00862127
vn -0.315496 0.843259 -0.435173
v -0.0115005 0.0421143 -0.00673708
vn -0.333911 0.922593 -0.193199
v -0.0116156 0.041518 -0.00867665
vn -0.251242 0.837326 -0.485554
v -0.00110357 0.043099 -0.00880357
vn -0.00926106 0.362425 -0.931967
v -0.00366857 0.0429591 -0.0087839
vn -0.072397 0.774471 -0.628453
v -0.001 0.0431604 -0.0087
vn 0.514184 0.733027 -0.445294
v -0.00346766 0.0439206 -0.00679414
vn -0.0963395 0.915875 -0.389732
v -0.001 0.0440081 -0.00699743
vn 0.796423 0.561167 -0.225391
v -0.00365437 0.0446766 -0.00458726
vn -0.113499 0.9526 -0.28226
v -0.001 0.0446709 -0.00524007
vn 0.892192 0.430466 -0.136717
v -0.001 0.045151 -0.0033987
vn 0.532751 0.826175 -0.183333
v -0.00381707 0.0451554 -0.00231109
vn -0.134713 0.979207 -0.15168
v -0.001 0.0453346 -0.00232413
vn 0.74152 0.66371 -0.0981689
v -0.001 0.0454227 -0.00156218
vn 0.624834 0.779007 -0.0522501
v -0.00388663 0.0453221 -3.75684e-12
vn -0.1484 0.988917 -0.00457339
v -0.001 0.045493 0.000272284
vn 0.500638 0.865024 0.0331071
v -0.00381707 0.0451554 0.00231109
vn -0.12933 0.98152 0.141041
v -0.001 0.0453635 0.00210509
vn 0.857545 0.512515 0.0441105
v -0.001 0.0452909 0.00262086
vn 0.480744 0.858845 0.176834
v -0.00365437 0.0446766 0.00458726
vn -0.117138 0.956519 0.267114
v -0.001 0.0448973 0.00447124
vn 0.759388 0.623418 0.186224
v -0.00110357 0.043099 0.00880357
vn 0.229138 0.271716 0.934701
v -0.001 0.0431604 0.0087
vn 0.733313 0.550247 0.399351
v -0.0036853 0.0429577 0.00878376
vn -0.0903729 0.821957 0.562334
v -0.00621165 0.0435212 0.00677457
vn -0.163014 0.921531 0.352429
v -0.00637509 0.0426434 0.00875745
vn -0.148276 0.825556 0.544491
v -0.00888452 0.0429145 0.00675553
vn -0.238709 0.923132 0.301405
v -0.00904316 0.0421581 0.00872193
vn -0.209527 0.837178 0.505205
v -0.0115005 0.0421143 0.00673708
vn -0.309687 0.921805 0.233173
v -0.0116804 0.0414996 0.00867537
vn -0.272467 0.846541 0.457307
v -0.0140609 0.0411369 0.00671912
vn -0.374197 0.913814 0.157866
v -0.0142647 0.0406698 0.00861943
vn -0.335742 0.850176 0.405558
v -0.0165723 0.0399954 0.00670152
vn -0.430464 0.898373 0.0873363
v -0.016793 0.0396665 0.00855796
vn -0.397358 0.846009 0.355494
v -0.019046 0.0386978 0.00668416
vn -0.484086 0.874748 0.0218383
v -0.0192459 0.0384972 0.00849746
vn -0.455624 0.834551 0.309727
v -0.00895992 0.0438715 -3.75682e-12
vn -0.382463 0.923971 0
v -0.0089607 0.0437689 0.00228403
vn -0.351715 0.932569 0.0813082
v -0.00894462 0.0434531 0.00454385
vn -0.305943 0.934729 0.180779
v -0.0140343 0.0413987 -0.00236773
vn -0.187792 -0.0106831 0.982151
v -0.0114709 0.04251 -0.00452315
vn -0.39085 0.914573 -0.103887
v -0.0089607 0.0437689 -0.00228403
vn -0.351715 0.932569 -0.0813082
v -0.00651561 0.0447456 -3.75683e-12
vn -0.289303 0.957238 0
v -0.00647191 0.0446036 0.00229736
vn -0.253533 0.959989 0.118919
v -0.00636058 0.044189 0.00456525
vn -0.21643 0.9473 0.236181
v -0.00899374 0.0421687 -0.00872269
vn -0.187998 0.827538 -0.528997
v -0.00888452 0.0429145 -0.00675553
vn -0.249333 0.926188 -0.282857
v -0.00894462 0.0434531 -0.00454385
vn -0.305943 0.934729 -0.180779
v -0.00634189 0.0426483 -0.00875783
vn -0.126939 0.817703 -0.56147
v -0.00621165 0.0435212 -0.00677457
vn -0.172951 0.924753 -0.338998
v -0.00636058 0.044189 -0.00456525
vn -0.21643 0.9473 -0.236181
v -0.00647191 0.0446036 -0.00229736
vn -0.253533 0.959989 -0.118919
v -0.0164193 0.040148 0.00448332
vn -0.496634 0.867706 -0.0209909
v -0.0215 0.0372391 0.00444462
vn -0.501374 0.865116 -0.014109
v -0.00133556 0.037836 -0.0012519
vn 0.528573 0.699146 0.481462
v -0.00124123 0.0380717 -0.00159108
vn 0.219276 0.659732 0.718798
v -0.01 0.0378349 -0.00125
vn -0.0211793 0.898239 0.438997
v -0.01 0.03875 -0.00216506
vn 0.00556858 0.508227 0.861205
v -0.01 0.0378349 0.00125
vn 0.00668198 0.871763 -0.489882
v -0.00145533 0.0375863 0.000651167
vn 0.00496547 0.965787 -0.259288
v -0.01 0.0375 -3.75682e-12
vn 0.00411772 0.999603 -0.0278808
v -0.0015018 0.0375 -1.49128e-06
vn 0.117491 0.983419 0.138142
v -0.00145532 0.0375863 -0.000651241
vn 0.370713 0.883392 0.28669
v -0.01 0.03875 0.00216506
vn 0.00556858 0.508227 -0.861205
v -0.00124123 0.0380717 0.00159108
vn 0.0041895 0.706469 -0.707732
v -0.00133604 0.0378349 0.00125
vn 0.288803 0.819162 -0.495547
v -0.01 0.04 0.0025
vn 0.00278284 -0.0628302 -0.99802
v -0.001 0.0394397 0.00243641
vn 0.00465237 0.258608 -0.965971
v -0.00105992 0.03875 0.00216506
vn 0.291382 0.484393 -0.8249
v -0.00105992 0.03875 -0.00216506
vn 0.316166 0.479595 0.818552
v -0.001 0.0394397 -0.00243642
vn 0.153738 0.255537 0.954498
v -0.01 0.04 -0.0025
vn 0.00392643 0.0207731 0.999777
v -0.001 0.04 -0.0025
vn 0.349494 -0.182084 0.919075
v -0.01 0.04125 -0.00216506
vn 0 -0.420974 0.907073
v -0.001 0.04125 -0.00216506
vn 0 -0.575061 0.81811
v -0.01 0.0421651 -0.00125
vn 0 -0.818111 0.575061
v -0.001 0.0421651 -0.00125
vn 3.12937e-16 -0.907073 0.420974
v -0.01 0.0425 -3.75682e-12
vn 0 -0.996035 0.0889624
v -0.001 0.0425 -3.75685e-12
vn 0 -0.996035 -0.0889624
v -0.01 0.0421651 0.00125
vn -3.12937e-16 -0.907073 -0.420974
v -0.001 0.0421651 0.00125
vn 0 -0.818111 -0.575061
v -0.01 0.04125 0.00216506
vn 0 -0.575061 -0.81811
v -0.001 0.04125 0.00216506
vn 0 -0.420974 -0.907073
v -0.001 0.04 0.0025
vn 0 -0.148241 -0.988951
v -0.001 0.0421651 0.00125
vn 1 0 0
v -0.001 0.0425 -3.75685e-12
vn 1 0 0
v -0.001 0.0394397 0.0087
vn 0.986843 -0.0934635 0.13193
v -0.001 0.0394397 0.00243641
vn 0.998853 -0.0478791 0
v -0.001 0.04 0.0025
vn 1 0 0
v -0.001 0.0394397 -0.0087
vn 0.990439 -0.0752248 -0.115634
v -0.001 0.04 -0.0025
vn 1 0 0
v -0.001 0.0394397 -0.0087
vn 1 0 0
v -0.001 0.0440081 -0.00699743
vn 1 0 0
v -0.001 0.04125 -0.00216506
vn 1 0 0
v -0.001 0.0421651 -0.00125
vn 1 0 0
v -0.001 0.0435123 0.00804385
vn 1 0 0
v -0.001 0.0394397 0.0087
vn 1 0 0
v -0.001 0.04 0.0025
vn 1 0 0
v -0.001 0.0435123 0.00804385
vn 1 0 0
v -0.001 0.0443053 0.00627577
vn 1 0 0
v -0.001 0.04125 0.00216506
vn 1 0 0
v -0.00879771 0.0297254 0.008
vn 0.295598 -0.87251 -0.389036
v -0.00879771 0.0297254 0.0087
vn 0.358141 -0.91977 0.160492
v -0.0112633 0.0288814 0.008
vn 0.362226 -0.928821 -0.078004
v -0.0136493 0.0278334 0.0087
vn 0.421899 -0.87914 0.221615
v -0.0136493 0.0278334 0.008
vn 0.4403 -0.897851 0
v -0.0159389 0.0265886 0.008
vn 0.51259 -0.855083 -0.0780056
v -0.0181158 0.0251559 0.0087
vn 0.563106 -0.796115 0.221615
v -0.0181158 0.0251559 0.008
vn 0.58438 -0.81148 0
v -0.0201647 0.0235454 0.008
vn 0.64849 -0.757215 -0.0780062
v -0.022071 0.0217686 0.0087
vn 0.688423 -0.690623 0.221615
v -0.022071 0.0217686 0.008
vn 0.711969 -0.702211 0
v -0.0238214 0.0198378 0.008
vn 0.766091 -0.637981 -0.0780052
v -0.0254035 0.0177669 0.0087
vn 0.794313 -0.565644 0.221615
v -0.0254035 0.0177669 0.008
vn 0.819467 -0.573127 0
v -0.026806 0.0155705 0.008
vn 0.862074 -0.500743 -0.078004
v -0.028019 0.013264 0.0087
vn 0.877789 -0.424703 0.221615
v -0.028019 0.013264 0.008
vn 0.90384 -0.42787 0
v -0.0290341 0.0108637 0.008
vn 0.93373 -0.349375 -0.0780052
v -0.029844 0.00838671 0.0087
vn 0.936495 -0.271778 0.221615
v -0.029844 0.00838671 0.008
vn 0.962709 -0.270539 0
v -0.0304429 0.00585043 0.008
vn 0.979038 -0.188149 -0.0780057
v -0.0308268 0.00327279 0.0087
vn 0.968775 -0.111182 0.221614
v -0.0308268 0.00327279 0.008
vn 0.994411 -0.105574 0
v -0.0309927 0.00067203 0.008
vn 0.996719 -0.0216118 -0.0780045
v -0.0309396 -0.00193348 0.0087
vn 0.973717 0.0525496 0.221615
v -0.0309396 -0.00193348 0.008
vn 0.998053 0.0623703 0
v -0.0306679 -0.00452533 0.008
vn 0.986274 0.145533 -0.0780046
v -0.0301795 -0.0070852 0.0087
vn 0.951183 0.214799 0.221614
v -0.0301795 -0.0070852 0.008
vn 0.973531 0.228554 0
v -0.0294777 -0.00959499 0.008
vn 0.947997 0.308573 -0.0780058
v -0.0285677 -0.012037 0.0087
vn 0.901807 0.370987 0.221613
v -0.0285677 -0.012037 0.008
vn 0.921537 0.38829 0
v -0.0274557 -0.0143939 0.008
vn 0.882969 0.462904 -0.0780068
v -0.0261497 -0.0166491 0.0087
vn 0.826983 0.516706 0.221615
v -0.0261497 -0.0166491 0.008
vn 0.843539 0.537068 0
v -0.0246589 -0.0187866 0.008
vn 0.793026 0.604173 -0.0780041
v -0.0229939 -0.0207914 0.0087
vn 0.728824 0.647845 0.221614
v -0.0229939 -0.0207914 0.008
vn 0.741738 0.67069 0
v -0.0211663 -0.0226492 0.008
vn 0.680703 0.728394 -0.0780043
v -0.0191892 -0.024347 0.0087
vn 0.610098 0.760702 0.221614
v -0.0191892 -0.024347 0.008
vn 0.619005 0.785387 0
v -0.0170764 -0.0258727 0.008
vn 0.549173 0.83206 -0.0780052
v -0.014843 -0.0272155 0.0087
vn 0.474155 0.852094 0.221614
v -0.014843 -0.0272155 0.008
vn 0.478806 0.877921 0
v -0.0125046 -0.0283661 0.008
vn 0.402146 0.912246 -0.0780055
v -0.0100779 -0.0293161 0.0087
vn 0.398746 0.86616 0.301278
v -0.0100779 -0.0293161 0.008
vn 0.295625 0.815623 -0.497358
v -0.00879771 0.0297254 -0.0087
vn 0.348328 -0.889412 -0.295996
v -0.00879771 0.0297254 -0.008
vn 0.269364 -0.850697 0.451396
v -0.0112633 0.0288814 -0.008
vn 0.362226 -0.928821 0.0780039
v -0.0136493 0.0278334 -0.0087
vn 0.436774 -0.871846 -0.221615
v -0.0136493 0.0278334 -0.008
vn 0.4403 -0.897851 0
v -0.0159389 0.0265886 -0.008
vn 0.51259 -0.855083 0.0780055
v -0.0181158 0.0251559 -0.0087
vn 0.57655 -0.786433 -0.221615
v -0.0238214 0.0198378 -0.008
vn 0.766091 -0.637981 0.0780051
v -0.0254035 0.0177669 -0.0087
vn 0.803809 -0.552067 -0.221615
v -0.022071 0.0217686 -0.0087
vn 0.700057 -0.678828 -0.221615
v -0.0181158 0.0251559 -0.008
vn 0.58438 -0.81148 0
v -0.0201647 0.0235454 -0.008
vn 0.648491 -0.757215 0.0780061
v -0.022071 0.0217686 -0.008
vn 0.711969 -0.702211 0
v -0.0254035 0.0177669 -0.008
vn 0.819467 -0.573127 0
v -0.026806 0.0155705 -0.008
vn 0.862074 -0.500743 0.0780039
v -0.028019 0.013264 -0.0087
vn 0.884878 -0.409728 -0.221616
v -0.0304429 0.00585043 -0.008
vn 0.979038 -0.188149 0.0780056
v -0.0308268 0.00327279 -0.0087
vn 0.970525 -0.0947076 -0.221613
v -0.029844 0.00838671 -0.0087
vn 0.940978 -0.255828 -0.221614
v -0.028019 0.013264 -0.008
vn 0.90384 -0.42787 0
v -0.0290341 0.0108637 -0.008
vn 0.93373 -0.349375 0.0780051
v -0.029844 0.00838671 -0.008
vn 0.962709 -0.270539 0
v -0.0306679 -0.00452533 -0.008
vn 0.986274 0.145533 0.0780045
v -0.0301795 -0.0070852 -0.0087
vn 0.947396 0.230928 -0.221614
v -0.0309396 -0.00193348 -0.0087
vn 0.972684 0.0690848 -0.221615
v -0.0308268 0.00327279 -0.008
vn 0.994411 -0.105574 0
v -0.0309927 0.00067203 -0.008
vn 0.996719 -0.0216118 0.0780044
v -0.0309396 -0.00193348 -0.008
vn 0.998053 0.0623703 0
v -0.0274557 -0.0143939 -0.008
vn 0.882969 0.462904 0.0780067
v -0.0261497 -0.0166491 -0.0087
vn 0.818086 0.530682 -0.221614
v -0.0285677 -0.012037 -0.0087
vn 0.895374 0.386255 -0.221613
v -0.0301795 -0.0070852 -0.008
vn 0.973531 0.228554 0
v -0.0294777 -0.00959499 -0.008
vn 0.947997 0.308573 0.0780057
v -0.0285677 -0.012037 -0.008
vn 0.921537 0.38829 0
v -0.0261497 -0.0166491 -0.008
vn 0.843539 0.537068 0
v -0.0246589 -0.0187866 -0.008
vn 0.793026 0.604173 0.078004
v -0.0229939 -0.0207914 -0.0087
vn 0.717712 0.660134 -0.221614
v -0.0229939 -0.0207914 -0.008
vn 0.741738 0.67069 0
v -0.0211663 -0.0226492 -0.008
vn 0.680704 0.728394 0.0780042
v -0.0191892 -0.024347 -0.0087
vn 0.597086 0.770958 -0.221615
v -0.0191892 -0.024347 -0.008
vn 0.619005 0.785387 0
v -0.0170764 -0.0258727 -0.008
vn 0.549173 0.83206 0.0780051
v -0.014843 -0.0272155 -0.0087
vn 0.45961 0.860026 -0.221615
v -0.0100779 -0.0293161 -0.008
vn 0.338813 0.845749 0.412206
v -0.0100779 -0.0293161 -0.0087
vn 0.408856 0.897292 -0.166445
v -0.0125046 -0.0283661 -0.008
vn 0.402146 0.912246 0.0780054
v -0.014843 -0.0272155 -0.008
vn 0.478806 0.877921 0
v -0.001 -0.038875 0.00194856
vn 0.556789 -0.221783 -0.800499
v -0.001 -0.0388115 0.00191046
vn 0.138742 -0.609189 -0.780794
v -0.001 -0.0388115 0.0087
vn 0.994639 0.00600631 0.103232
v -0.001 -0.0437579 -0.00754612
vn 0.930959 -0.332401 -0.15108
v -0.001 -0.0431604 -0.0087
vn 0.802256 -0.437999 -0.405638
v -0.001 -0.0388115 -0.0087
vn 0.989728 0.0907956 -0.110429
v -0.001 -0.0388115 -0.00191046
vn 0.741398 -0.391001 0.545387
v -0.001 -0.038875 -0.00194856
vn 0.79304 -0.167331 0.585737
v -0.001 -0.04 -0.00225
vn 0.655496 -0.0671842 0.752204
v -0.001 -0.0388115 -0.0087
vn 1 0 0
v -0.001 -0.04 -0.00225
vn 1 0 0
v -0.001 -0.0437579 -0.00754612
vn 1 0 0
v -0.001 -0.041125 -0.00194856
vn 0.789891 0.258161 0.55626
v -0.001 -0.0444945 -0.00576467
vn 1 0 0
v -0.001 -0.0419486 -0.001125
vn 0.820393 0.467795 0.32882
v -0.001 -0.0431604 0.0087
vn 0.803806 -0.532272 0.265673
v -0.001 -0.0440124 0.00698764
vn 0.918096 -0.36337 0.15831
v -0.001 -0.04225 -3.75685e-12
vn 0.724138 0.686921 0.0613534
v -0.001 -0.0453828 -0.00194434
vn 0.677216 -0.727335 -0.11118
v -0.001 -0.0450698 -0.00377665
vn 0.6202 -0.756473 -0.207606
v -0.001 -0.04 0.00225
vn 0.64113 0.0682725 -0.76439
v -0.001 -0.04 0.00225
vn 1 0 0
v -0.001 -0.0388115 0.0087
vn 1 0 0
v -0.001 -0.0440124 0.00698764
vn 1 0 0
v -0.001 -0.041125 0.00194856
vn 0.80174 0.343698 -0.488963
v -0.001 -0.0419486 0.001125
vn 0.79646 0.548499 -0.254559
v -0.001 -0.045462 0.00105709
vn 0.652303 -0.755601 0.0597222
v -0.001 -0.045495 -8.60987e-05
vn 0.496708 -0.866962 -0.0407131
v -0.001 -0.0446793 0.00521374
vn 0.86181 -0.477602 0.170821
v -0.001 -0.0448378 0.00468614
vn 0.721979 -0.67435 0.154912
v -0.001 -0.0452482 0.00288091
vn 0.764854 -0.63488 0.109202
v -0.0013 0.0394397 -0.009
vn 0.0979355 -0.00803823 -0.99516
v -0.00152314 0.0381743 -0.009
vn 0.51327 -0.223606 -0.828586
v -0.00216564 0.0370614 -0.009
vn 0.181508 -0.144741 -0.972679
v -0.0013 0.0424639 -0.009
vn 0.191229 0.0423762 -0.98063
v -0.00361187 0.0423222 -0.009
vn -0.00409042 0.0462138 -0.998923
v -0.00216564 0.0370614 -0.009
vn 0 0 -1
v -0.00624278 0.0420034 -0.009
vn 0 0 -1
v -0.00624278 0.0420034 -0.009
vn 0 0 -1
v -0.00216564 0.0370614 -0.009
vn 0 0 -1
v -0.00709853 0.0311826 -0.009
vn 0 0 -1
v -0.0149866 -0.0274789 -0.009
vn -7.46753e-06 6.86478e-06 -1
v -0.0211385 -0.036613 -0.00900002
vn 7.62586e-07 1.3217e-06 -1
v -0.0225818 -0.0357409 -0.009
vn -7.46753e-06 6.86478e-06 -1
v -0.00253149 -0.0360553 -0.009
vn 0.290343 0.303385 -0.907556
v -0.00162187 -0.0373021 -0.009
vn 0.0998682 0.0359482 -0.994351
v -0.00362869 -0.0423207 -0.009
vn -0.00562672 -0.0633087 -0.997978
v -0.0013 -0.0388115 -0.009
vn 0.104773 0.00653325 -0.994475
v -0.0013 -0.0424639 -0.009
vn 0.191725 -0.0361506 -0.980783
v -0.0211285 0.0366189 -0.00900001
vn -0.185747 0.322894 -0.928029
v -0.0137814 0.0281027 -0.009
vn 0.209109 -0.458355 -0.863819
v -0.0213913 0.0364659 -0.009
vn -0.232618 0.342307 -0.910338
v -0.0213913 0.0364659 -0.009
vn 0 0 -1
v -0.0137814 0.0281027 -0.009
vn 0 0 -1
v -0.0182911 0.0253993 -0.009
vn 0 0 -1
v -0.0211285 0.0366189 -0.00900001
vn 1.87476e-06 9.61243e-07 -1
v -0.0188103 0.0379108 -0.009
vn 9.37166e-07 4.80511e-07 -1
v -0.0137814 0.0281027 -0.009
vn 9.37166e-07 4.80511e-07 -1
v -0.0164139 0.0390529 -0.009
vn 0 0 -1
v -0.0164139 0.0390529 -0.009
vn 0 0 -1
v -0.00888284 0.0300131 -0.009
vn 0 0 -1
v -0.00888284 0.0300131 -0.009
vn 0 0 -1
v -0.0139466 0.0400385 -0.009
vn 0 0 -1
v -0.00888284 0.0300131 -0.009
vn 0 0 -1
v -0.0139466 0.0400385 -0.009
vn 0 0 -1
v -0.00790456 0.0304665 -0.009
vn 0 0 -1
v -0.00790456 0.0304665 -0.009
vn 0 0 -1
v -0.0114247 0.0408598 -0.009
vn 0 0 -1
v -0.0114247 0.0408598 -0.009
vn -0.0416542 0.143331 -0.988798
v -0.00709853 0.0311826 -0.009
vn 0 0 -1
v -0.00709853 0.0311826 -0.009
vn 0 0 -1
v -0.00884985 0.0415163 -0.009
vn 0 0 -1
v -0.00624278 0.0420034 -0.009
vn 0 0 -1
v -0.00253149 -0.0360553 -0.009
vn 0 0 -1
v -0.00362869 -0.0423207 -0.009
vn 0 0 -1
v -0.0089098 -0.0303427 -0.009
vn 0 0 -1
v -0.0089098 -0.0303427 -0.009
vn 0 0 -1
v -0.00362869 -0.0423207 -0.009
vn 0 0 -1
v -0.0062782 -0.041998 -0.009
vn 0 0 -1
v -0.00890556 -0.041504 -0.009
vn 0 0 -1
v -0.0149866 -0.0274789 -0.009
vn 0 0 -1
v -0.0225818 -0.0357409 -0.009
vn 0 0 -1
v -0.0193749 -0.0245826 -0.009
vn 0 0 -1
v -0.0275494 -0.0320684 -0.009
vn 0 0 -1
v -0.0232164 -0.0209926 -0.009
vn 0 0 -1
v -0.0319288 -0.0277111 -0.009
vn 0 0 -1
v -0.0264028 -0.0168102 -0.009
vn 0 0 -1
v -0.0356264 -0.0227621 -0.009
vn 0 0 -1
v -0.0356264 -0.0227621 -0.009
vn 0 0 -1
v -0.0288441 -0.0121535 -0.009
vn 0 0 -1
v -0.0288441 -0.0121535 -0.009
vn 0 0 -1
v -0.0385632 -0.017327 -0.009
vn 0 0 -1
v -0.0385632 -0.017327 -0.009
vn 0 0 -1
v -0.0304715 -0.00715376 -0.009
vn 0 0 -1
v -0.0304715 -0.00715376 -0.009
vn 0 0 -1
v -0.0406767 -0.011522 -0.009
vn 0 0 -1
v -0.0406767 -0.011522 -0.009
vn 0 0 -1
v -0.0312391 -0.00195219 -0.009
vn 0 0 -1
v -0.0419216 -0.00547096 -0.009
vn 0 0 -1
v -0.0312391 -0.00195219 -0.009
vn 0 0 -1
v -0.0422713 0.000696916 -0.009
vn 0 0 -1
v -0.0311251 0.00330447 -0.009
vn 0 0 -1
v -0.0417185 0.00684991 -0.009
vn 0 0 -1
v -0.0301328 0.00846788 -0.009
vn 0 0 -1
v -0.0402748 0.0128566 -0.009
vn 0 0 -1
v -0.0282902 0.0133923 -0.009
vn 0 0 -1
v -0.0379711 0.0185888 -0.009
vn 0 0 -1
v -0.0256493 0.0179389 -0.009
vn 0 0 -1
v -0.0256493 0.0179389 -0.009
vn 0 0 -1
v -0.0348567 0.0239241 -0.009
vn 0 0 -1
v -0.0348567 0.0239241 -0.009
vn 0 0 -1
v -0.0222846 0.0219792 -0.009
vn 0 0 -1
v -0.0222846 0.0219792 -0.009
vn 0 0 -1
v -0.0309979 0.0287485 -0.009
vn 0 0 -1
v -0.0309979 0.0287485 -0.009
vn 0 0 -1
v -0.0182911 0.0253993 -0.009
vn 0 0 -1
v -0.0264773 0.0329591 -0.009
vn 0 0 -1
v -0.0114927 -0.0408401 -0.009
vn 0 0 -1
v -0.0140295 -0.0400084 -0.009
vn 0 0 -1
v -0.0089098 -0.0303427 -0.009
vn 0 0 -1
v -0.0140295 -0.0400084 -0.009
vn 0 0 -1
v -0.0101755 -0.0295998 -0.009
vn 0 0 -1
v -0.0101755 -0.0295998 -0.009
vn 0 0 -1
v -0.0165106 -0.0390104 -0.009
vn 0 0 -1
v -0.0101755 -0.0295998 -0.009
vn 0 0 -1
v -0.0165106 -0.0390104 -0.009
vn 0 0 -1
v -0.0149866 -0.0274789 -0.009
vn 3.02817e-06 -1.1469e-06 -1
v -0.0189167 -0.0378556 -0.009
vn 3.02817e-06 -1.1469e-06 -1
v -0.0013 -0.0388115 0.009
vn 0.612052 0.0367942 0.789961
v -0.00162187 -0.0373021 0.009
vn 0.447808 0.241673 0.86085
v -0.00253149 -0.0360553 0.009
vn 0.416852 0.436531 0.797292
v -0.0013 0.0394397 0.009
vn 0.107357 -0.0055845 0.994205
v -0.0013 0.0424639 0.009
vn 0.161073 0.0442805 0.985949
v -0.00362834 0.0423207 0.009
vn -0.00687575 0.0773849 0.996978
v -0.0225818 -0.0357409 0.009
vn 0 0 1
v -0.0149866 -0.0274789 0.009
vn 0 0 1
v -0.0193749 -0.0245826 0.009
vn 0 0 1
v -0.0189131 0.0378574 0.009
vn 0 0 1
v -0.0137814 0.0281027 0.009
vn 0 0 1
v -0.016505 0.0390129 0.009
vn 0 0 1
v -0.016505 0.0390129 0.009
vn 0 0 1
v -0.0137814 0.0281027 0.009
vn 0 0 1
v -0.00888284 0.0300131 0.009
vn 0 0 1
v -0.00709853 0.0311826 0.009
vn 0 0 1
v -0.00216564 0.0370614 0.009
vn 0 0 1
v -0.00362834 0.0423207 0.009
vn 0 0 1
v -0.00216564 0.0370614 0.009
vn 0.360304 -0.286812 0.887648
v -0.00152314 0.0381743 0.009
vn 0.114266 -0.0337598 0.992876
v -0.0013 -0.0424639 0.009
vn 0 0 1
v -0.0013 -0.0388115 0.009
vn 0 0 1
v -0.00528705 -0.0421389 0.009
vn 0 0 1
v -0.00253149 -0.0360553 0.009
vn 0 0 1
v -0.00528705 -0.0421389 0.009
vn 0 0 1
v -0.00253149 -0.0360553 0.009
vn 0 0 1
v -0.00953376 -0.0413593 0.009
vn 0 0 1
v -0.00953376 -0.0413593 0.009
vn 0 0 1
v -0.00253149 -0.0360553 0.009
vn 0 0 1
v -0.0089098 -0.0303427 0.009
vn 0 0 1
v -0.00953376 -0.0413593 0.009
vn 0 0 1
v -0.0089098 -0.0303427 0.009
vn 0 0 1
v -0.0136701 -0.0401375 0.009
vn 0 0 1
v -0.0136701 -0.0401375 0.009
vn 0 0 1
v -0.0089098 -0.0303427 0.009
vn 0 0 1
v -0.0101755 -0.0295998 0.009
vn 0 0 1
v -0.0101755 -0.0295998 0.009
vn 0 0 1
v -0.0176587 -0.0384832 0.009
vn 0 0 1
v -0.0176587 -0.0384832 0.009
vn 0 0 1
v -0.0101755 -0.0295998 0.009
vn 0 0 1
v -0.0149866 -0.0274789 0.009
vn 0 0 1
v -0.0211285 -0.0366189 0.009
vn 0 0 1
v -0.0211285 -0.0366189 0.009
vn 0 0 1
v -0.0149866 -0.0274789 0.009
vn 0 0 1
v -0.0225818 -0.0357409 0.009
vn 0 0 1
v -0.0311251 0.00330447 0.009
vn 0 0 1
v -0.0422713 0.000696916 0.009
vn 0 0 1
v -0.0312391 -0.00195219 0.009
vn 0 0 1
v -0.0419216 -0.00547096 0.009
vn 0 0 1
v -0.0304715 -0.00715376 0.009
vn 0 0 1
v -0.0406767 -0.011522 0.009
vn 0 0 1
v -0.0288441 -0.0121535 0.009
vn 0 0 1
v -0.0385632 -0.017327 0.009
vn 0 0 1
v -0.0264028 -0.0168102 0.009
vn 0 0 1
v -0.0356264 -0.0227621 0.009
vn 0 0 1
v -0.0356264 -0.0227621 0.009
vn 0 0 1
v -0.0232164 -0.0209926 0.009
vn 0 0 1
v -0.0232164 -0.0209926 0.009
vn 0 0 1
v -0.0319288 -0.0277111 0.009
vn 0 0 1
v -0.0319288 -0.0277111 0.009
vn 0 0 1
v -0.0193749 -0.0245826 0.009
vn 0 0 1
v -0.0275494 -0.0320684 0.009
vn 0 0 1
v -0.00627544 0.0419984 0.009
vn 0 0 1
v -0.00889841 0.0415055 0.009
vn 0 0 1
v -0.00709853 0.0311826 0.009
vn 0.158153 -0.137625 0.977777
v -0.00889841 0.0415055 0.009
vn -0.0306179 0.138609 0.989874
v -0.00790456 0.0304665 0.009
vn 0.0260426 -0.0355804 0.999027
v -0.00790456 0.0304665 0.009
vn 0 0 1
v -0.0114883 0.0408413 0.009
vn 0 0 1
v -0.0114883 0.0408413 0.009
vn -0.0330367 0.107325 0.993675
v -0.00888284 0.0300131 0.009
vn 0 0 1
v -0.00888284 0.0300131 0.009
vn 0 0 1
v -0.0140244 0.0400102 0.009
vn 0 0 1
v -0.0211335 0.0366159 0.009
vn 0 0 1
v -0.0137814 0.0281027 0.009
vn 0.235766 -0.448647 0.86205
v -0.0211335 0.0366159 0.009
vn -0.184843 0.32041 0.92907
v -0.0213913 0.0364659 0.009
vn -0.279071 0.407785 0.869385
v -0.0213913 0.0364659 0.009
vn 0 0 1
v -0.0182911 0.0253993 0.009
vn 0 0 1
v -0.0264773 0.0329591 0.009
vn 0 0 1
v -0.0222846 0.0219792 0.009
vn 0 0 1
v -0.0309979 0.0287485 0.009
vn 0 0 1
v -0.0256493 0.0179389 0.009
vn 0 0 1
v -0.0348567 0.0239241 0.009
vn 0 0 1
v -0.0282902 0.0133923 0.009
vn 0 0 1
v -0.0282902 0.0133923 0.009
vn 0 0 1
v -0.0379711 0.0185888 0.009
vn 0 0 1
v -0.0379711 0.0185888 0.009
vn 0 0 1
v -0.0301328 0.00846788 0.009
vn 0 0 1
v -0.0301328 0.00846788 0.009
vn 0 0 1
v -0.0402748 0.0128566 0.009
vn 0 0 1
v -0.0402748 0.0128566 0.009
vn 0 0 1
v -0.0311251 0.00330447 0.009
vn 0 0 1
v -0.0417185 0.00684991 0.009
vn 0 0 1
v -0.00382987 -0.0451538 0.00231103
vn -0.131038 -0.981671 0.138384
v -0.00648213 -0.0446008 0.00229731
vn -0.251575 -0.958436 0.134575
v -0.00652569 -0.0447426 -3.75683e-12
vn -0.24774 -0.968826 0.00121323
v -0.0109632 -0.0428923 0.00276308
vn -0.538241 -0.262091 -0.801003
v -0.00995992 -0.0433719 0.00215174
vn -0.118648 0.706647 -0.697548
v -0.00896883 -0.0437657 0.00228398
vn -0.321424 -0.937364 0.134296
v -0.0104498 -0.0431381 -0.00248039
vn -0.589812 -0.629071 0.506351
v -0.0113984 -0.0426831 -0.00296664
vn -0.217984 0.386938 0.89597
v -0.0114776 -0.0425073 -0.0045231
vn -0.359023 -0.922805 -0.139761
v -0.020344 -0.0379194 -0.00341631
vn -0.506588 -0.862188 -0.000927679
v -0.00348057 -0.0439192 0.00679404
vn -0.104406 -0.921205 0.374809
v -0.00110357 -0.043099 0.00880357
vn -0.0207126 -0.403028 0.914953
v -0.00537047 -0.042781 0.0087682
vn -0.101583 -0.803308 0.586836
v -0.001 -0.0444945 -0.00576467
vn -0.0823588 -0.941232 -0.327565
v -0.00348057 -0.0439192 -0.00679404
vn -0.100634 -0.927129 -0.360979
v -0.00366726 -0.044675 -0.00458716
vn -0.123161 -0.962133 -0.243168
v -0.00382987 -0.0451538 -0.00231103
vn -0.134767 -0.983677 -0.119236
v -0.00389937 -0.0453204 -3.75684e-12
vn -0.130536 -0.991438 0.00322107
v -0.00368566 -0.0429576 -0.00878376
vn -0.0905184 -0.815052 -0.572273
v -0.00110357 -0.043099 -0.00880357
vn -0.0403603 -0.748717 -0.66166
v -0.00905045 -0.0421565 -0.00872182
vn -0.209637 -0.837228 -0.505075
v -0.0115074 -0.0421119 -0.00673703
vn -0.302977 -0.923976 -0.233395
v -0.0116848 -0.0414984 -0.00867528
vn -0.272604 -0.846533 -0.457241
v -0.0140659 -0.0411348 -0.00671908
vn -0.374309 -0.913792 -0.157723
v -0.01427 -0.0406679 -0.00861931
vn -0.33584 -0.850154 -0.405523
v -0.0165756 -0.0399938 -0.0067015
vn -0.430535 -0.898349 -0.0872308
v -0.0167987 -0.0396641 -0.00855782
vn -0.397448 -0.845992 -0.355433
v -0.0190476 -0.0386969 -0.00668415
vn -0.484124 -0.874728 -0.0217953
v -0.0192495 -0.0384953 -0.00849737
vn -0.464646 -0.852607 -0.239092
v -0.0192078 -0.038585 -0.00374136
vn -0.0848806 -0.540823 0.836843
v -0.0164226 -0.0401462 -0.00448329
vn -0.467296 -0.883553 -0.0311354
v -0.0171009 -0.0397748 -0.00399366
vn -0.482249 -0.876027 -0.00361502
v -0.0186836 -0.0388874 -0.00384215
vn -0.390971 -0.824585 0.408902
v -0.0190444 -0.0386796 -0.0037758
vn -0.078448 -0.434972 0.89702
v -0.0122504 -0.0422705 -0.00329317
vn -0.222161 0.270017 0.936875
v -0.0123678 -0.0422132 -0.00333192
vn -0.28814 -0.0901559 0.953335
v -0.0139576 -0.0413965 -0.00450298
vn -0.426312 -0.902316 -0.063907
v -0.0137914 -0.0415088 -0.00370454
vn -0.0890566 0.208185 0.974027
v -0.0154449 -0.0406614 -0.00394494
vn -0.1429 -0.0217281 0.989499
v -0.0157829 -0.0404837 -0.00397065
vn -0.0503301 -0.0391701 0.997964
v -0.00879888 -0.0439256 -0.000767718
vn -0.614619 -0.777341 0.134107
v -0.00912179 -0.0437716 -0.00133241
vn -0.127048 0.902231 0.412114
v -0.00896883 -0.0437657 -0.00228398
vn -0.317764 -0.939175 -0.130291
v -0.00960996 -0.0435388 -0.00186461
vn -0.137324 0.847512 0.512704
v -0.00970465 -0.0434937 -0.00194788
vn -0.0491793 0.744096 0.66626
v -0.00895308 -0.0434503 -0.00454378
vn -0.297732 -0.934144 -0.196801
v -0.00889329 -0.0429122 -0.00675546
vn -0.253322 -0.926254 -0.279072
v -0.00872214 -0.0439623 -0.000548089
vn -0.158433 0.953345 0.256968
v -0.00648213 -0.0446008 -0.00229731
vn -0.254178 -0.958317 -0.130471
v -0.00864358 -0.0439998 4.18553e-05
vn -0.845866 0.198856 -0.494941
v -0.00874688 -0.0439505 0.000627566
vn -0.560392 -0.827557 -0.0333119
v -0.00904146 -0.0438099 0.00121854
vn -0.575869 -0.810115 -0.109947
v -0.0091012 -0.0437814 0.00130427
vn -0.134226 0.866282 -0.481185
v -0.00966641 -0.0435119 0.00191481
vn -0.16311 0.753831 -0.636501
v -0.00960778 -0.0435399 0.00186263
vn -0.0316664 0.773789 -0.632652
v -0.00895308 -0.0434503 0.00454378
vn -0.305 -0.933392 0.189091
v -0.0114776 -0.0425073 0.0045231
vn -0.359604 -0.921498 0.146717
v -0.0120757 -0.0423555 0.00323292
vn -0.49445 -0.605249 -0.623853
v -0.0139576 -0.0413965 0.00450298
vn -0.411866 -0.906418 0.0936587
v -0.0164226 -0.0401462 0.00448329
vn -0.449505 -0.891855 0.0504042
v -0.015783 -0.0404836 0.00397066
vn -0.125842 -0.16884 -0.977577
v -0.0153142 -0.0407297 0.00393288
vn -0.0792192 0.113024 -0.990429
v -0.0136513 -0.041579 0.00367515
vn -0.183748 0.0280545 -0.982573
v -0.0122531 -0.0422691 0.00329408
vn -0.482628 -0.864203 -0.142206
v -0.0204707 -0.0378447 0.00336967
vn -0.506969 -0.861964 0.000182632
v -0.0195759 -0.0383706 0.00365308
vn -0.0867461 -0.561022 -0.823243
v -0.019204 -0.0385872 0.00374219
vn -0.0816064 -0.440546 -0.894013
v -0.0182492 -0.0391349 0.00390534
vn -0.258716 -0.666791 -0.698896
v -0.0168449 -0.0399146 0.00399909
vn -0.106682 -0.14687 -0.983386
v -0.0115074 -0.0421119 0.00673703
vn -0.32312 -0.924802 0.200836
v -0.0139037 -0.0407972 0.00862777
vn -0.299989 -0.8239 0.480828
v -0.0140659 -0.0411348 0.00671908
vn -0.392386 -0.912544 0.115308
v -0.0165973 -0.0397513 0.00856283
vn -0.355558 -0.824684 0.439858
v -0.0165756 -0.0399938 0.0067015
vn -0.457201 -0.888675 0.0349903
v -0.0179684 -0.0391312 0.0085287
vn -0.445533 -0.85182 0.275506
v -0.0190476 -0.0386969 0.00668415
vn -0.48446 -0.874707 0.0136724
v -0.001 -0.0431604 0.0087
vn 0.162425 -0.774371 0.611529
v -0.00622244 -0.0435191 0.00677449
vn -0.186367 -0.925698 0.329168
v -0.00877647 -0.0422146 0.008726
vn -0.16091 -0.801937 0.57533
v -0.00889329 -0.0429122 0.00675546
vn -0.265604 -0.928746 0.25862
v -0.00968988 -0.0420135 0.00871157
vn -0.244621 -0.8779 0.411645
v -0.0114359 -0.0415685 0.00868016
vn -0.250052 -0.832212 0.494871
v -0.0063711 -0.0441865 0.00456516
vn -0.222548 -0.944863 0.24022
v -0.00366726 -0.044675 0.00458716
vn -0.136673 -0.956791 0.256654
v -0.0063779 -0.042643 -0.00875742
vn -0.148374 -0.825536 -0.544495
v -0.00622244 -0.0435191 -0.00677449
vn -0.17991 -0.924213 -0.336841
v -0.0063711 -0.0441865 -0.00456516
vn -0.222548 -0.944863 -0.24022
v -0.0164226 -0.0401462 -0.00448329
vn -0.496652 -0.867696 0.020975
v -0.0215 -0.0372391 -0.00444462
vn -0.501391 -0.865106 0.0140984
v -0.001 -0.0446793 0.00521374
vn -0.0787664 -0.941057 0.328948
v -0.0164226 -0.0401462 0.00448329
vn -0.496867 -0.867456 0.0253492
v -0.0215 -0.0372391 0.00444462
vn -0.492606 -0.870245 -0.00368751
v -0.00686872 0.0309898 0.00725812
vn 0.137961 -0.692347 -0.708253
v -0.00647965 0.0343354 0.00405858
vn 0.131424 -0.693104 -0.708755
v -0.0037195 0.0347429 0.00405858
vn 0.102425 -0.69372 -0.712925
v -0.00352447 -0.0347632 0.00405858
vn 0.122922 0.709264 -0.694143
v -0.00626772 -0.0343747 0.00405858
vn 0.142808 0.693569 -0.706093
v -0.00671044 -0.0319098 0.00639229
vn 0.228065 0.74186 -0.630579
v -0.00870966 -0.0301192 0.00764677
vn 0.243323 0.728446 -0.640437
v -0.00904904 -0.0337493 0.00405858
vn 0.184037 0.682484 -0.707351
v -0.00904904 -0.0337493 0.00405858
vn 0.206246 0.700581 -0.683117
v -0.00934052 -0.0296568 0.00790701
vn 0.309849 0.771154 -0.556161
v -0.00934052 -0.0296568 0.00790701
vn 0.211629 0.677492 -0.704427
v -0.0117701 -0.0328993 0.00405858
vn 0.239081 0.667244 -0.705426
v -0.0117701 -0.0328993 0.00405858
vn 0.249729 0.665737 -0.703157
v -0.0119728 0.0328261 0.00405858
vn 0.23825 -0.66582 -0.70705
v -0.00925706 0.0336929 0.00405858
vn 0.186177 -0.68347 -0.705838
v -0.00824109 0.0299363 0.00795004
vn 0.2151 -0.673966 -0.706755
v -0.0077401 0.0302156 0.00780883
vn 0.246153 -0.735368 -0.631382
v -0.00925706 0.0336929 0.00405858
vn 0.19099 -0.706034 -0.681938
v -0.00824109 0.0299363 0.00795004
vn 0.230309 -0.74302 -0.628394
v -0.0119728 0.0328261 0.00405858
vn 0.214041 -0.703433 -0.677768
v -0.00879771 0.0297254 0.008
vn 0.228404 -0.667266 -0.708934
v -0.0112633 0.0288814 0.008
vn 0.26101 -0.65642 -0.707804
v -0.0146089 0.0317409 0.00405858
vn 0.292389 -0.644553 -0.706442
v -0.0136493 0.0278334 0.008
vn 0.314648 -0.632417 -0.707846
v -0.0171478 0.0304443 0.00405858
vn 0.344461 -0.61834 -0.706401
v -0.0159389 0.0265886 0.008
vn 0.366106 -0.604045 -0.707882
v -0.0195725 0.0289451 0.00405858
vn 0.394198 -0.587923 -0.706367
v -0.0181158 0.0251559 0.008
vn 0.415027 -0.571501 -0.707911
v -0.0218669 0.0272533 0.00405858
vn 0.441261 -0.55351 -0.706339
v -0.0201647 0.0235454 0.008
vn 0.461077 -0.53501 -0.707935
v -0.0240158 0.02538 0.00405858
vn 0.485331 -0.515335 -0.706317
v -0.022071 0.0217686 0.008
vn 0.503938 -0.494822 -0.707953
v -0.0260048 0.0233378 0.00405858
vn 0.526105 -0.473657 -0.706301
v -0.0238214 0.0198378 0.008
vn 0.543313 -0.451217 -0.707965
v -0.0278207 0.0211402 0.00405858
vn 0.563308 -0.428761 -0.706292
v -0.0254035 0.0177669 0.008
vn 0.578932 -0.404493 -0.707971
v -0.0294515 0.018802 0.00405858
vn 0.596685 -0.38095 -0.706289
v -0.026806 0.0155705 0.008
vn 0.618505 -0.342328 -0.707293
v -0.0100779 -0.0293161 0.008
vn 0.257385 0.657434 -0.70819
v -0.0125046 -0.0283661 0.008
vn 0.277996 0.649722 -0.707516
v -0.0144129 -0.0318304 0.00405858
vn 0.298268 0.641454 -0.706805
v -0.014843 -0.0272155 0.008
vn 0.331073 0.624436 -0.70744
v -0.0169597 -0.0305495 0.00405858
vn 0.350003 0.614661 -0.706888
v -0.0170764 -0.0258727 0.008
vn 0.381873 0.594827 -0.707357
v -0.0193936 -0.0290653 0.00405858
vn 0.399349 0.583699 -0.706977
v -0.0191892 -0.024347 0.008
vn 0.430046 0.561098 -0.707269
v -0.0216984 -0.0273876 0.00405858
vn 0.44597 0.54878 -0.707072
v -0.0211663 -0.0226492 0.008
vn 0.475258 0.523483 -0.707175
v -0.0238588 -0.0255277 0.00405858
vn 0.489549 0.510145 -0.707173
v -0.0229939 -0.0207914 0.008
vn 0.517197 0.482237 -0.707074
v -0.0258604 -0.0234978 0.00405858
vn 0.52979 0.468056 -0.707281
v -0.0246589 -0.0187866 0.008
vn 0.555574 0.437646 -0.706968
v -0.0276898 -0.0213114 0.00405858
vn 0.566421 0.422801 -0.707394
v -0.0261497 -0.0166491 0.008
vn 0.59012 0.390016 -0.706856
v -0.0293349 -0.0189833 0.00405858
vn 0.599192 0.374691 -0.707514
v -0.0274557 -0.0143939 0.008
vn 0.620599 0.339674 -0.706737
v -0.0307848 -0.0165287 0.00405858
vn 0.627883 0.324051 -0.70764
v -0.0285677 -0.012037 0.008
vn 0.646798 0.286966 -0.706613
v -0.0320297 -0.0139642 0.00405858
vn 0.652299 0.27123 -0.707771
v -0.0294777 -0.00959499 0.008
vn 0.668535 0.232257 -0.706483
v -0.0330615 -0.0113067 0.00405858
vn 0.672276 0.216587 -0.707909
v -0.0301795 -0.0070852 0.008
vn 0.685658 0.17592 -0.706346
v -0.0338732 -0.00857394 0.00405858
vn 0.687679 0.160494 -0.708053
v -0.0306679 -0.00452533 0.008
vn 0.698047 0.118344 -0.706204
v -0.0344594 -0.00578411 0.00405858
vn 0.698405 0.103335 -0.708203
v -0.0309396 -0.00193348 0.008
vn 0.705616 0.0599275 -0.706056
v -0.0348162 -0.00295578 0.00405858
vn 0.704384 0.0455 -0.708359
v -0.0309927 0.00067203 0.008
vn 0.708309 0.00107194 -0.705901
v -0.0349413 -0.00010777 0.00405858
vn 0.705576 -0.012618 -0.708522
v -0.0308268 0.00327279 0.008
vn 0.706107 -0.0578177 -0.705741
v -0.0348337 0.00274095 0.00405858
vn 0.701977 -0.0706237 -0.70869
v -0.0304429 0.00585043 0.008
vn 0.699022 -0.116335 -0.705574
v -0.0344944 0.00557144 0.00405858
vn 0.693612 -0.128121 -0.708864
v -0.029844 0.00838671 0.008
vn 0.6871 -0.174075 -0.705402
v -0.0339254 0.00836483 0.00405858
vn 0.68054 -0.184719 -0.709044
v -0.0290341 0.0108637 0.008
vn 0.670422 -0.230641 -0.705223
v -0.0331306 0.0111025 0.00405858
vn 0.662855 -0.240034 -0.70923
v -0.028019 0.013264 0.008
vn 0.6491 -0.285641 -0.705038
v -0.0321153 0.0137664 0.00405858
vn 0.640677 -0.293688 -0.709422
v -0.0308862 0.0163385 0.00405858
vn 0.623111 -0.329621 -0.709283
v -0.0112633 0.0288814 -0.008
vn 0.257193 -0.659496 0.70634
v -0.00879771 0.0297254 -0.008
vn 0.221738 -0.67159 0.706965
v -0.0119728 0.0328261 -0.00405858
vn 0.249234 -0.661553 0.707269
v -0.00925706 0.0336929 -0.00405858
vn 0.18847 -0.683259 0.705433
v -0.00671044 -0.0319098 -0.00639229
vn 0.142805 0.69067 0.70893
v -0.00626772 -0.0343747 -0.00405858
vn 0.128583 0.698527 0.703937
v -0.00352447 -0.0347632 -0.00405858
vn 0.120973 0.710733 0.692982
v -0.00904904 -0.0337493 -0.00405858
vn 0.183887 0.686647 0.70335
v -0.00870966 -0.0301192 -0.00764677
vn 0.32601 0.745088 0.58186
v -0.0117701 -0.0328993 -0.00405858
vn 0.233795 0.667829 0.706643
v -0.00824492 0.0299346 -0.00795074
vn 0.255087 -0.77561 0.577373
v -0.00925706 0.0336929 -0.00405858
vn 0.190432 -0.694539 0.693795
v -0.0077401 0.0302156 -0.00780883
vn 0.3529 -0.777565 0.520436
v -0.0077401 0.0302156 -0.00780883
vn 0.159801 -0.690801 0.705165
v -0.00647965 0.0343354 -0.00405858
vn 0.159801 -0.690801 0.705165
v -0.00647965 0.0343354 -0.00405858
vn 0.118924 -0.698087 0.706068
v -0.00686872 0.0309898 -0.00725812
vn 0.377038 -0.766058 0.520574
v -0.0037195 0.0347429 -0.00405858
vn 0.102425 -0.69372 0.712925
v -0.00933603 -0.0296595 -0.00790582
vn 0.271867 0.735931 0.620075
v -0.0100779 -0.0293161 -0.008
vn 0.261691 0.65706 0.706958
v -0.0144129 -0.0318304 -0.00405858
vn 0.280902 0.64833 0.707645
v -0.0125046 -0.0283661 -0.008
vn 0.296963 0.642139 0.706732
v -0.0169597 -0.0305495 -0.00405858
vn 0.333363 0.623126 0.707519
v -0.014843 -0.0272155 -0.008
vn 0.34925 0.615131 0.706851
v -0.0193936 -0.0290653 -0.00405858
vn 0.383577 0.593679 0.707399
v -0.0170764 -0.0258727 -0.008
vn 0.399106 0.583881 0.706964
v -0.0216984 -0.0273876 -0.00405858
vn 0.431203 0.560189 0.707286
v -0.0191892 -0.024347 -0.008
vn 0.446188 0.548605 0.70707
v -0.0238588 -0.0255277 -0.00405858
vn 0.475913 0.522883 0.707178
v -0.0211663 -0.0226492 -0.008
vn 0.490173 0.509549 0.707171
v -0.0258604 -0.0234978 -0.00405858
vn 0.517404 0.482013 0.707076
v -0.0229939 -0.0207914 -0.008
vn 0.530759 0.466981 0.707265
v -0.0276898 -0.0213114 -0.00405858
vn 0.555391 0.437857 0.706981
v -0.0246589 -0.0187866 -0.008
vn 0.567665 0.421197 0.707354
v -0.0293349 -0.0189833 -0.00405858
vn 0.589615 0.390716 0.706892
v -0.0261497 -0.0166491 -0.008
vn 0.600639 0.372514 0.707437
v -0.0307848 -0.0165287 -0.00405858
vn 0.619842 0.340908 0.706808
v -0.0274557 -0.0143939 -0.008
vn 0.629455 0.321266 0.707513
v -0.0320297 -0.0139642 -0.00405858
vn 0.645865 0.288773 0.706731
v -0.0285677 -0.012037 -0.008
vn 0.653914 0.26781 0.707584
v -0.0330615 -0.0113067 -0.00405858
vn 0.667505 0.234666 0.70666
v -0.0294777 -0.00959499 -0.008
vn 0.673849 0.212512 0.707649
v -0.0338732 -0.00857394 -0.00405858
vn 0.684615 0.178954 0.706596
v -0.0301795 -0.0070852 -0.008
vn 0.689123 0.155755 0.707708
v -0.0344594 -0.00578411 -0.00405858
vn 0.697078 0.122016 0.706537
v -0.0306679 -0.00452533 -0.008
vn 0.699632 0.0979305 0.707761
v -0.0348162 -0.00295578 -0.00405858
vn 0.704807 0.0642412 0.706485
v -0.0309396 -0.00193348 -0.008
vn 0.705303 0.0394382 0.707808
v -0.0349413 -0.00010777 -0.00405858
vn 0.707749 0.00602214 0.706439
v -0.0309927 0.00067203 -0.008
vn 0.7061 -0.0193195 0.707849
v -0.0348337 0.00274095 -0.00405858
vn 0.705883 -0.0522455 0.706399
v -0.0308268 0.00327279 -0.008
vn 0.702016 -0.077938 0.707884
v -0.0344944 0.00557144 -0.00405858
vn 0.699223 -0.110164 0.706365
v -0.0304429 0.00585043 -0.008
vn 0.69308 -0.136012 0.707913
v -0.0339254 0.00836483 -0.00405858
vn 0.687812 -0.16734 0.706337
v -0.029844 0.00838671 -0.008
vn 0.679354 -0.193142 0.707937
v -0.0331306 0.0111025 -0.00405858
vn 0.671728 -0.223382 0.706316
v -0.0290341 0.0108637 -0.008
vn 0.660933 -0.248933 0.707954
v -0.0321153 0.0137664 -0.00405858
vn 0.65108 -0.27791 0.706301
v -0.028019 0.013264 -0.008
vn 0.637945 -0.303002 0.707966
v -0.0308862 0.0163385 -0.00405858
vn 0.626009 -0.330553 0.706292
v -0.026806 0.0155705 -0.008
vn 0.610548 -0.354974 0.707972
v -0.0294515 0.018802 -0.00405858
vn 0.596685 -0.38095 0.706289
v -0.0254035 0.0177669 -0.008
vn 0.57082 -0.417015 0.707293
v -0.0136493 0.0278334 -0.008
vn 0.297073 -0.642989 0.705913
v -0.0146089 0.0317409 -0.00405858
vn 0.308391 -0.634751 0.70851
v -0.0159389 0.0265886 -0.008
vn 0.349568 -0.61621 0.705753
v -0.0171478 0.0304443 -0.00405858
vn 0.359496 -0.607074 0.708677
v -0.0181158 0.0251559 -0.008
vn 0.399669 -0.585159 0.705587
v -0.0195725 0.0289451 -0.00405858
vn 0.408134 -0.575288 0.708851
v -0.0201647 0.0235454 -0.008
vn 0.447031 -0.550048 0.705415
v -0.0218669 0.0272533 -0.00405858
vn 0.453977 -0.539611 0.709031
v -0.022071 0.0217686 -0.008
vn 0.491326 -0.511117 0.705236
v -0.0240158 0.02538 -0.00405858
vn 0.496712 -0.500289 0.709217
v -0.0238214 0.0198378 -0.008
vn 0.532246 -0.468632 0.705052
v -0.0260048 0.0233378 -0.00405858
vn 0.536052 -0.45759 0.709408
v -0.0278207 0.0211402 -0.00405858
vn 0.561284 -0.426505 0.709263
v -0.00366524 0.0348076 -0.00391716
vn 0.145203 -0.989402 0
v -0.00366524 0.0348076 0.00391716
vn 0.145203 -0.989402 0
v -0.00649051 0.0343929 -0.00391716
vn 0.172054 -0.985088 0
v -0.00649051 0.0343929 0.00391716
vn 0.198797 -0.980041 0
v -0.00927258 0.0337494 -0.00391716
vn 0.251784 -0.967783 0
v -0.00927258 0.0337494 0.00391716
vn 0.278028 -0.960573 0
v -0.0119929 0.0328811 -0.00391716
vn 0.329839 -0.944037 0
v -0.0119929 0.0328811 0.00391716
vn 0.355408 -0.934711 0
v -0.0146334 0.0317941 -0.00391716
vn 0.405698 -0.914007 0
v -0.0146334 0.0317941 0.00391716
vn 0.43042 -0.902629 0
v -0.0171765 0.0304954 -0.00391716
vn 0.478856 -0.877893 0
v -0.0171765 0.0304954 0.00391716
vn 0.502569 -0.864537 0
v -0.0196053 0.0289936 -0.00391716
vn 0.548828 -0.835936 0
v -0.0196053 0.0289936 0.00391716
vn 0.571373 -0.820691 0
v -0.0219036 0.0272989 -0.00391716
vn 0.615145 -0.788414 0
v -0.0219036 0.0272989 0.00391716
vn 0.636373 -0.771382 0
v -0.0240561 0.0254225 -0.00391716
vn 0.677369 -0.735644 0
v -0.0240561 0.0254225 0.00391716
vn 0.697137 -0.716938 0
v -0.0260484 0.0233769 -0.00391716
vn 0.735083 -0.677977 0
v -0.0260484 0.0233769 0.00391716
vn 0.75326 -0.657722 0
v -0.0278674 0.0211757 -0.00391716
vn 0.787904 -0.615798 0
v -0.0278674 0.0211757 0.00391716
vn 0.80437 -0.594128 0
v -0.0295008 0.0188335 -0.00391716
vn 0.835481 -0.549519 0
v -0.0295008 0.0188335 0.00391716
vn 0.850126 -0.52658 0
v -0.0309379 0.0163659 -0.00391716
vn 0.877497 -0.479583 0
v -0.0309379 0.0163659 0.00391716
vn 0.890223 -0.455525 0
v -0.0321691 0.0137894 -0.00391716
vn 0.913671 -0.406454 0
v -0.0321691 0.0137894 0.00391716
vn 0.924394 -0.38144 0
v -0.0331861 0.0111212 -0.00391716
vn 0.943764 -0.330621 0
v -0.0331861 0.0111212 0.00391716
vn 0.952411 -0.304815 0
v -0.0339823 0.00837885 -0.00391716
vn 0.967575 -0.252586 0
v -0.0339823 0.00837885 0.00391716
vn 0.97409 -0.226162 0
v -0.0345522 0.00558078 -0.00391716
vn 0.984945 -0.17287 0
v -0.0345522 0.00558078 0.00391716
vn 0.989284 -0.146002 0
v -0.0348921 0.00274555 -0.00391716
vn 0.995759 -0.0920027 0
v -0.0348921 0.00274555 0.00391716
vn 0.997894 -0.0648712 0
v -0.0349998 -0.000107951 -0.00391716
vn 0.999945 -0.0105241 0
v -0.0349998 -0.000107951 0.00391716
vn 0.999861 0.0166915 0
v -0.0348745 -0.00296073 -0.00391716
vn 0.997474 0.0710256 0
v -0.0348745 -0.00296073 0.00391716
vn 0.995172 0.0981441 0
v -0.0345171 -0.00579381 -0.00391716
vn 0.988365 0.152103 0
v -0.0345171 -0.00579381 0.00391716
vn 0.98386 0.178943 0
v -0.0339299 -0.00858832 -0.00391716
vn 0.972676 0.232166 0
v -0.0339299 -0.00858832 0.00391716
vn 0.965998 0.25855 0
v -0.0331169 -0.0113257 -0.00391716
vn 0.950513 0.310684 0
v -0.0331169 -0.0113257 0.00391716
vn 0.941707 0.336435 0
v -0.0320834 -0.0139876 -0.00391716
vn 0.922023 0.387135 0
v -0.0320834 -0.0139876 0.00391716
vn 0.911146 0.412083 0
v -0.0308364 -0.0165565 -0.00391716
vn 0.887395 0.461009 0
v -0.0308364 -0.0165565 0.00391716
vn 0.874521 0.484987 0
v -0.0293841 -0.0190151 -0.00391716
vn 0.846861 0.531814 0
v -0.0293841 -0.0190151 0.00391716
vn 0.832075 0.554663 0
v -0.0277362 -0.0213472 -0.00391716
vn 0.80069 0.599079 0
v -0.0277362 -0.0213472 0.00391716
vn 0.784091 0.620646 0
v -0.0259037 -0.0235371 -0.00391716
vn 0.749189 0.662356 0
v -0.0259037 -0.0235371 0.00391716
vn 0.730887 0.682499 0
v -0.0238988 -0.0255704 -0.00391716
vn 0.692701 0.721225 0
v -0.0238988 -0.0255704 0.00391716
vn 0.672818 0.739808 0
v -0.0217348 -0.0274335 -0.00391716
vn 0.631602 0.775293 0
v -0.0217348 -0.0274335 0.00391716
vn 0.61027 0.792193 0
v -0.0194261 -0.029114 -0.00391716
vn 0.566299 0.8242 0
v -0.0194261 -0.029114 0.00391716
vn 0.543661 0.839305 0
v -0.0169881 -0.0306007 -0.00391716
vn 0.497227 0.86762 0
v -0.0169881 -0.0306007 0.00391716
vn 0.473432 0.88083 0
v -0.014437 -0.0318837 -0.00391716
vn 0.424845 0.905266 0
v -0.014437 -0.0318837 0.00391716
vn 0.400052 0.916493 0
v -0.0117899 -0.0329545 -0.00391716
vn 0.349634 0.936886 0
v -0.0117899 -0.0329545 0.00391716
vn 0.32401 0.946054 0
v -0.00906421 -0.0338059 -0.00391716
vn 0.272098 0.96227 0
v -0.00906421 -0.0338059 0.00391716
vn 0.24581 0.969318 0
v -0.00627823 -0.0344323 -0.00391716
vn 0.192748 0.981248 0
v -0.00627823 -0.0344323 0.00391716
vn 0.165975 0.98613 0
v -0.00345046 -0.0348295 -0.00391716
vn 0.139098 0.990279 0
v -0.00345046 -0.0348295 0.00391716
vn 0.139098 0.990279 0
v -0.00347981 -0.0348032 -0.00401075
vn 0.511536 0.841062 0.175915
v -0.00345891 -0.0348219 -0.0039685
vn 0.364758 0.921344 0.134449
v -0.00233134 -0.0358318 -0.0087
vn 0.654694 0.719062 -0.233078
v -0.00870966 -0.0301192 -0.0087
vn 0.602457 0.727025 -0.329364
v -0.00233134 -0.0358318 -0.0087
vn 0.667164 0.744911 -9.42609e-07
v -0.00870966 -0.0301192 -0.00764677
vn 0.667164 0.744911 -1.76028e-06
v -0.00671044 -0.0319098 -0.00639229
vn 0.667164 0.744911 -1.76028e-06
v -0.00233134 -0.0358318 -0.0087
vn 0.747038 0.664781 8.94181e-08
v -0.00671044 -0.0319098 -0.00639229
vn 0.667164 0.74491 4.06363e-07
v -0.00352447 -0.0347632 -0.00405858
vn 0.667164 0.74491 4.06363e-07
v -0.00345046 -0.0348295 -0.00391716
vn 0.405379 0.911633 0.0677733
v -0.00345046 -0.0348295 -0.00391716
vn 0.667163 0.744912 0
v -0.00345046 -0.0348295 0.00391716
vn 0.667163 0.744912 0
v -0.00345046 -0.0348295 0.00391716
vn 0.667163 0.744912 0
v -0.00233134 -0.0358318 0.0087
vn 0.711881 0.7023 1.45795e-07
v -0.00233134 -0.0358318 0.0087
vn 0.51248 0.539088 0.668392
v -0.00345046 -0.0348295 0.00391716
vn 0.400753 0.913999 -0.0632638
v -0.00345762 -0.0348231 0.00396447
vn 0.356144 0.925 -0.132428
v -0.0034763 -0.0348064 0.0040053
vn 0.438302 0.860239 -0.260539
v -0.00870966 -0.0301192 0.0087
vn 0.581756 0.724101 0.370456
v -0.00671044 -0.0319098 0.00639229
vn 0.667164 0.744911 3.29836e-07
v -0.00870966 -0.0301192 0.0087
vn 0.667164 0.744911 1.20871e-06
v -0.00352447 -0.0347632 0.00405858
vn 0.667164 0.74491 -4.06363e-07
v -0.00686872 0.0309898 -0.0087
vn 0.726041 -0.655223 -0.20868
v -0.0037195 0.0347429 -0.00405858
vn 0.758904 -0.651093 0.0119054
v -0.0037195 0.0347429 -0.00405858
vn 0.766045 -0.642788 -4.68822e-08
v -0.00686872 0.0309898 -0.0087
vn 0.766045 -0.642788 -4.68822e-08
v -0.00193582 0.0368686 -0.0087
vn 0.766045 -0.642788 -4.68822e-08
v -0.00193582 0.0368686 -0.0087
vn 0.82866 -0.50636 -0.238583
v -0.0036885 0.0347798 -0.00401421
vn 0.519162 -0.813599 0.261777
v -0.00367155 0.0348 -0.00396891
vn 0.46191 -0.877685 0.127703
v -0.00686872 0.0309898 0.0087
vn 0.753537 -0.657405 0
v -0.00686872 0.0309898 0.00725812
vn 0.753537 -0.657405 0
v -0.00193582 0.0368686 0.0087
vn 0.798671 -0.601768 0
v -0.00193582 0.0368686 0.0087
vn 0.766045 -0.642788 5.28148e-08
v -0.00686872 0.0309898 0.00725812
vn 0.766045 -0.642788 5.28148e-08
v -0.0037195 0.0347429 0.00405858
vn 0.766045 -0.642788 5.28148e-08
v -0.00193582 0.0368686 0.0087
vn 0.843894 -0.513655 0.154926
v -0.0037195 0.0347429 0.00405858
vn 0.485117 -0.813306 -0.321241
v -0.00368702 0.0347816 0.00401127
vn 0.60206 -0.780281 -0.169369
v -0.0036702 0.0348016 0.00396315
vn 0.457451 -0.8802 -0.126441
v -0.00366524 0.0348076 0.00391716
vn 0.519688 -0.852677 -0.0535376
v -0.00193582 0.0368686 0.0087
vn 0.766045 -0.642787 0
v -0.00366524 0.0348076 0.00391716
vn 0.766045 -0.642787 0
v -0.00193582 0.0368686 -0.0087
vn 0.766045 -0.642787 0
v -0.00193582 0.0368686 -0.0087
vn 0.789394 -0.613887 0
v -0.00366524 0.0348076 0.00391716
vn 0.766045 -0.642787 0
v -0.00366524 0.0348076 -0.00391716
vn 0.766045 -0.642787 0
v -0.00366524 0.0348076 -0.00391716
vn 0.524203 -0.849514 0.0594745
v -0.00112311 -0.0378267 0.000582513
vn 0.552693 -0.795675 -0.247856
v -0.00107287 -0.0380514 0.001125
vn 0.736615 -0.553466 -0.388682
v -0.006 -0.0380514 0.001125
vn -0.328534 -0.843666 -0.424609
v -0.00102298 -0.0383834 0.00156491
vn 0.52173 -0.582842 -0.622972
v -0.006 -0.038875 0.00194856
vn -0.433343 -0.473591 -0.766763
v -0.00114341 -0.03775 -3.75685e-12
vn 0.192352 -0.97194 -0.135402
v -0.006 -0.03775 -3.75684e-12
vn -0.603138 -0.797336 0.0219111
v -0.00112311 -0.0378267 -0.000582489
vn 0.294907 -0.918183 0.264518
v -0.006 -0.0380514 -0.001125
vn -0.396921 -0.795311 0.458186
v -0.00107287 -0.0380514 -0.001125
vn 0.736566 -0.55356 0.388641
v -0.00102301 -0.038383 -0.00156454
vn 0.260942 -0.680979 0.684235
v -0.006 -0.038875 -0.00194856
vn -0.34208 -0.425085 0.838024
v -0.006 -0.04 0.00225
vn -0.384444 -0.0821253 -0.919488
v -0.006 -0.041125 0.00194856
vn -0.387581 0.388069 -0.836172
v -0.006 -0.0419486 0.001125
vn -0.39035 0.753207 -0.529439
v -0.006 -0.04225 -3.75684e-12
vn -0.392751 0.915998 -0.0818137
v -0.006 -0.0419486 -0.001125
vn -0.394782 0.833395 0.38678
v -0.006 -0.041125 -0.00194856
vn -0.396445 0.52794 0.751073
v -0.006 -0.04 -0.00225
vn -0.397738 0.0816228 0.913861
v -0.006 -0.0404821 0.00397084
vn -0.432367 0.298819 -0.850744
v -0.006 -0.0385816 0.00374007
vn -0.511704 -0.121796 -0.850485
v -0.006 -0.037006 -0.00265249
vn -0.289634 -0.665936 0.687489
v -0.0224732 -0.03666 -0.00220095
vn -0.00585889 -0.88544 0.464716
v -0.006 -0.037006 -0.00265249
vn -0.00585889 -0.88544 0.464716
v -0.006 -0.0361162 -0.000957263
vn -0.00585889 -0.88544 0.464716
v -0.006 -0.0361162 -0.000957263
vn -0.00196158 -0.958139 0.286298
v -0.023337 -0.0361162 0.000957263
vn 0 -0.977726 -0.209885
v -0.006 -0.0361162 0.000957263
vn -0.00542741 -0.935235 -0.353987
v -0.023516 -0.036 7.38069e-07
vn 0 -1 0
v -0.006 -0.0361162 0.000957263
vn -0.00663568 -0.999978 0
v -0.023516 -0.036 7.38069e-07
vn -0.00663568 -0.999978 0
v -0.006 -0.0361162 -0.000957263
vn -0.00663568 -0.999978 0
v -0.023337 -0.0361162 -0.000957263
vn 0 -0.977765 0.209704
v -0.0204707 -0.0378447 0.00336967
vn -0.00802407 -0.566283 -0.824172
v -0.0215 -0.0372391 0.00289437
vn -0.00207708 -0.650187 -0.759771
v -0.006 -0.037006 0.00265249
vn -0.00886466 -0.575757 -0.817573
v -0.006 -0.037006 0.00265249
vn 0.000278424 -0.885456 -0.464724
v -0.0218783 -0.0370181 0.00266617
vn 0.000278424 -0.885456 -0.464724
v -0.006 -0.0361162 0.000957263
vn 0.000278424 -0.885456 -0.464724
v -0.006 -0.0385816 0.00374007
vn 0.000109238 -0.568065 -0.822984
v -0.019204 -0.0385872 0.00374219
vn 0.000109238 -0.568065 -0.822984
v -0.006 -0.037006 0.00265249
vn 0.000109238 -0.568065 -0.822984
v -0.006 -0.0404821 0.00397084
vn -3.51729e-05 0.0665789 -0.997781
v -0.015783 -0.0404836 0.00397066
vn 3.61819e-05 -0.120537 -0.992709
v -0.006 -0.0385816 0.00374007
vn -0.00261767 -0.124812 -0.992177
v -0.0168449 -0.0399146 0.00399909
vn -0.00738795 -0.13249 -0.991157
v -0.0182492 -0.0391349 0.00390534
vn -0.00738795 -0.13249 -0.991157
v -0.006 -0.0422723 0.00329194
vn -0.286633 0.575561 -0.765879
v -0.0122531 -0.0422691 0.00329408
vn -0.0110378 0.387689 -0.921724
v -0.006 -0.0435418 0.00185889
vn -0.445534 0.812677 -0.375575
v -0.006 -0.0435418 -0.00185889
vn -0.459071 0.793989 0.398541
v -0.006 -0.044 -3.75684e-12
vn -0.602845 0.797804 0.00934491
v -0.006 -0.0422723 -0.00329194
vn -0.280134 0.570605 0.771968
v -0.006 -0.0404821 -0.00397084
vn -0.229231 0.274801 0.933776
v -0.0123678 -0.0422132 -0.00333192
vn -0.00258303 0.354604 0.935013
v -0.0215 -0.0372391 -0.00289437
vn -0.00313549 -0.612036 0.790824
v -0.020344 -0.0379194 -0.00341631
vn -0.00182614 -0.542522 0.840039
v -0.006 -0.037006 -0.00265249
vn -0.00764797 -0.568048 0.82296
v -0.020344 -0.0379194 -0.00341631
vn -0.00764797 -0.568048 0.82296
v -0.006 -0.0385816 -0.00374007
vn -0.00764797 -0.568048 0.82296
v -0.006 -0.0385816 -0.00374007
vn -0.00174742 -0.299888 0.953973
v -0.0186836 -0.0388874 -0.00384215
vn -0.00371217 -0.174717 0.984612
v -0.0171009 -0.0397748 -0.00399366
vn -0.00626597 -0.110435 0.993864
v -0.006 -0.0385816 -0.00374007
vn -0.00972058 -0.120531 0.992662
v -0.006 -0.0404821 -0.00397084
vn -0.00972058 -0.120531 0.992662
v -0.006 -0.037006 0.00265249
vn -1 0 0
v -0.006 -0.0361162 0.000957263
vn -1 0 0
v -0.006 -0.0361162 -0.000957263
vn -1 0 0
v -0.006 -0.0385816 -0.00374007
vn -1 0 0
v -0.01 0.03725 -3.75682e-12
vn -0.0467654 0.991882 0.118253
v -0.01 0.038625 -0.00238157
vn -0.00438142 0.447104 0.894471
v -0.0191607 0.0385754 -0.00235223
vn -0.00477532 0.611523 0.791212
v -0.01 0.0376184 -0.001375
vn -0.00399143 0.828202 0.560415
v -0.01 0.04 -0.00275
vn -0.0473376 -0.0523295 0.997507
v -0.01 0.041375 -0.00238157
vn -0.0821623 -0.53334 0.841901
v -0.01 0.0423816 -0.001375
vn -0.151514 -0.879797 0.450556
v -0.01 0.04275 -3.75682e-12
vn -0.234485 -0.972 -0.0152637
v -0.01 0.0423816 0.001375
vn -0.157159 -0.857722 -0.489505
v -0.01 0.041375 0.00238157
vn -0.0757405 -0.492866 -0.866802
v -0.01 0.04 0.00275
vn -0.0458793 0.0177115 -0.99879
v -0.0177646 0.0393708 0.00267705
vn -0.00865619 0.289137 -0.957248
v -0.01 0.038625 0.00238157
vn -0.00738054 0.500259 -0.865844
v -0.01 0.0376184 0.001375
vn -0.0977088 0.760776 -0.641617
v -0.01 0.0376184 0.001375
vn -0.00682217 0.885195 -0.46517
v -0.0197153 0.0382561 0.00212632
vn -0.00638033 0.677133 -0.735833
v -0.01 0.03725 -3.75682e-12
vn -0.00435581 0.999975 -0.00557994
v -0.0212898 0.0373597 0.000768878
vn -0.00566867 0.953463 -0.301455
v -0.01 0.0376184 -0.001375
vn -0.288176 0.801432 0.524081
v -0.0208292 0.0376184 -0.001375
vn -0.00572099 0.95373 0.300609
v -0.01 0.04125 0.00216506
vn -1 0 0
v -0.01 0.0421651 0.00125
vn -1 0 0
v -0.01 0.0425 -3.75682e-12
vn -1 0 0
v -0.01 0.0421651 -0.00125
vn -1 0 0
v -0.01 0.04125 -0.00216506
vn -1 0 0
v -0.01 0.04 -0.0025
vn -1 0 0
v -0.01 0.03875 -0.00216506
vn -1 0 0
v -0.01 0.038625 -0.00238157
vn -1 0 0
v -0.01 0.0375 -3.75682e-12
vn -1 0 0
v -0.01 0.0378349 0.00125
vn -1 0 0
v -0.01 0.03875 0.00216506
vn -1 0 0
v -0.01 0.038625 0.00238157
vn -1 0 0
v -0.01 0.04 0.0025
vn -1 0 0
v -0.0062755 -0.0344173 -0.00399369
vn 0.166037 0.91275 0.373254
v -0.00649051 0.0343929 -0.00391716
vn 0.18618 -0.965441 0.182374
v -0.00627823 -0.0344323 -0.00391716
vn 0.167139 0.969907 0.177043
v -0.00906421 -0.0338059 -0.00391716
vn 0.241091 0.950693 0.195086
v -0.00906027 -0.0337912 -0.00399369
vn 0.24028 0.892108 0.382635
v -0.0117899 -0.0329545 -0.00391716
vn 0.31779 0.927882 0.195052
v -0.0117847 -0.0329402 -0.00399369
vn 0.312204 0.869554 0.382628
v -0.014437 -0.0318837 -0.00391716
vn 0.392371 0.898885 0.195066
v -0.0144308 -0.0318699 -0.00399369
vn 0.382047 0.841202 0.382647
v -0.0169881 -0.0306007 -0.00391716
vn 0.464339 0.863905 0.195084
v -0.0169807 -0.0305874 -0.00399369
vn 0.449351 0.807263 0.382635
v -0.0194261 -0.029114 -0.00391716
vn 0.53322 0.823181 0.195062
v -0.0194176 -0.0291014 -0.00399369
vn 0.513665 0.767949 0.382625
v -0.0217348 -0.0274335 -0.00391716
vn 0.59855 0.776973 0.195065
v -0.0217253 -0.0274216 -0.00399369
vn 0.574557 0.723519 0.382628
v -0.0238988 -0.0255704 -0.00391716
vn 0.659897 0.725595 0.195059
v -0.0238884 -0.0255593 -0.00399369
vn 0.631625 0.674273 0.38263
v -0.0259037 -0.0235371 -0.00391716
vn 0.716848 0.669385 0.19507
v -0.0258925 -0.0235269 -0.00399369
vn 0.684488 0.62054 0.382631
v -0.0277362 -0.0213472 -0.00391716
vn 0.769031 0.608721 0.195061
v -0.0277242 -0.0213379 -0.00399369
vn 0.732795 0.562675 0.382633
v -0.0293841 -0.0190151 -0.00391716
vn 0.816093 0.544004 0.195071
v -0.0293713 -0.0190068 -0.00399369
vn 0.776225 0.501066 0.382634
v -0.0308364 -0.0165565 -0.00391716
vn 0.857719 0.475665 0.195093
v -0.030823 -0.0165493 -0.00399369
vn 0.814487 0.436121 0.382633
v -0.0320834 -0.0139876 -0.00391716
vn 0.893638 0.40416 0.195103
v -0.0320695 -0.0139815 -0.00399369
vn 0.847327 0.368273 0.382637
v -0.0331169 -0.0113257 -0.00391716
vn 0.923614 0.329968 0.195088
v -0.0331025 -0.0113207 -0.00399369
vn 0.874536 0.297977 0.382619
v -0.0339299 -0.00858832 -0.00391716
vn 0.947445 0.25358 0.195053
v -0.0339152 -0.00858458 -0.00399369
vn 0.895918 0.225695 0.382614
v -0.0345171 -0.00579381 -0.00391716
vn 0.964963 0.175502 0.195053
v -0.0345021 -0.00579129 -0.00399369
vn 0.911331 0.151909 0.382622
v -0.0348745 -0.00296073 -0.00391716
vn 0.976055 0.0962547 0.195067
v -0.0348594 -0.00295945 -0.00399369
vn 0.920673 0.0771119 0.382643
v -0.0349998 -0.000107951 -0.00391716
vn 0.98065 0.0163668 0.195083
v -0.0349846 -0.000107904 -0.00399369
vn 0.923894 0.00180322 0.382644
v -0.0348921 0.00274555 -0.00391716
vn 0.978722 -0.0636286 0.195076
v -0.034877 0.00274436 -0.00399369
vn 0.92097 -0.0735174 0.382635
v -0.0345522 0.00558078 -0.00391716
vn 0.970275 -0.143201 0.19509
v -0.0345372 0.00557835 -0.00399369
vn 0.911909 -0.148349 0.382641
v -0.0339823 0.00837885 -0.00391716
vn 0.955373 -0.22182 0.195086
v -0.0339675 0.00837521 -0.00399369
vn 0.896786 -0.222194 0.382628
v -0.0331861 0.0111212 -0.00391716
vn 0.934112 -0.298963 0.195078
v -0.0331717 0.0111163 -0.00399369
vn 0.875687 -0.294559 0.382633
v -0.0321691 0.0137894 -0.00391716
vn 0.906633 -0.374116 0.195072
v -0.0321551 0.0137834 -0.00399369
vn 0.848762 -0.364964 0.382628
v -0.0309379 0.0163659 -0.00391716
vn 0.873116 -0.446776 0.19509
v -0.0309245 0.0163588 -0.00399369
vn 0.816183 -0.432938 0.382635
v -0.0295008 0.0188335 -0.00391716
vn 0.833787 -0.516464 0.1951
v -0.029488 0.0188253 -0.00399369
vn 0.778175 -0.498032 0.382633
v -0.0278674 0.0211757 -0.00391716
vn 0.788912 -0.582715 0.195095
v -0.0278553 0.0211665 -0.00399369
vn 0.734985 -0.55981 0.382635
v -0.0260484 0.0233769 -0.00391716
vn 0.738783 -0.645086 0.195101
v -0.0260371 0.0233667 -0.00399369
vn 0.686905 -0.617862 0.382634
v -0.0240561 0.0254225 -0.00391716
vn 0.683741 -0.703167 0.195078
v -0.0240456 0.0254115 -0.00399369
vn 0.634252 -0.671801 0.382632
v -0.0219036 0.0272989 -0.00391716
vn 0.624143 -0.756564 0.19508
v -0.0218941 0.0272871 -0.00399369
vn 0.577377 -0.72127 0.382631
v -0.0196053 0.0289936 -0.00391716
vn 0.560394 -0.804928 0.195066
v -0.0195968 0.028981 -0.00399369
vn 0.516658 -0.765936 0.382631
v -0.0171765 0.0304954 -0.00391716
vn 0.49291 -0.847929 0.195081
v -0.0171691 0.0304821 -0.00399369
vn 0.4525 -0.805504 0.382633
v -0.0146334 0.0317941 -0.00391716
vn 0.422149 -0.885291 0.195062
v -0.0146271 0.0317802 -0.00399369
vn 0.385332 -0.839714 0.382622
v -0.0119929 0.0328811 -0.00391716
vn 0.348577 -0.91676 0.195053
v -0.0119877 0.0328668 -0.00399369
vn 0.315595 -0.868324 0.38264
v -0.00927258 0.0337494 -0.00391716
vn 0.272682 -0.942119 0.19508
v -0.00926854 0.0337347 -0.00399369
vn 0.24376 -0.891163 0.382636
v -0.00648769 0.034378 -0.00399369
vn 0.1713 -0.894707 0.412499
v -0.0117701 -0.0328993 -0.00405858
vn 0.290724 0.779002 0.55555
v -0.0144129 -0.0318304 -0.00405858
vn 0.353261 0.752713 0.555545
v -0.0169597 -0.0305495 -0.00405858
vn 0.413448 0.721416 0.555535
v -0.0193936 -0.0290653 -0.00405858
vn 0.470882 0.685312 0.555534
v -0.0216984 -0.0273876 -0.00405858
vn 0.52518 0.644644 0.555537
v -0.0238588 -0.0255277 -0.00405858
vn 0.575981 0.599685 0.555539
v -0.0258604 -0.0234978 -0.00405858
vn 0.622951 0.550737 0.555537
v -0.0276898 -0.0213114 -0.00405858
vn 0.665772 0.498121 0.555539
v -0.0293349 -0.0189833 -0.00405858
vn 0.704175 0.442199 0.555515
v -0.0307848 -0.0165287 -0.00405858
vn 0.737876 0.383321 0.555522
v -0.0320297 -0.0139642 -0.00405858
vn 0.766666 0.321894 0.555524
v -0.0330615 -0.0113067 -0.00405858
vn 0.790359 0.258327 0.555518
v -0.0338732 -0.00857394 -0.00405858
vn 0.80878 0.193036 0.555529
v -0.0344594 -0.00578411 -0.00405858
vn 0.82182 0.126462 0.555536
v -0.0348162 -0.00295578 -0.00405858
vn 0.829381 0.0590465 0.555554
v -0.0349413 -0.00010777 -0.00405858
vn 0.831446 -0.00875954 0.555537
v -0.0348337 0.00274095 -0.00405858
vn 0.827967 -0.0765094 0.555533
v -0.0344944 0.00557144 -0.00405858
vn 0.818977 -0.14375 0.555529
v -0.0339254 0.00836483 -0.00405858
vn 0.804534 -0.210034 0.555527
v -0.0331306 0.0111025 -0.00405858
vn 0.784731 -0.274918 0.555533
v -0.0321153 0.0137664 -0.00405858
vn 0.759719 -0.337977 0.555517
v -0.0308862 0.0163385 -0.00405858
vn 0.729636 -0.398783 0.555521
v -0.0294515 0.018802 -0.00405858
vn 0.6947 -0.456935 0.55552
v -0.0278207 0.0211402 -0.00405858
vn 0.655137 -0.512044 0.555524
v -0.0260048 0.0233378 -0.00405858
vn 0.611213 -0.563743 0.555528
v -0.0240158 0.02538 -0.00405858
vn 0.56322 -0.611689 0.555536
v -0.0218669 0.0272533 -0.00405858
vn 0.511484 -0.655569 0.55553
v -0.0195725 0.0289451 -0.00405858
vn 0.456338 -0.695079 0.555536
v -0.0171478 0.0304443 -0.00405858
vn 0.398159 -0.729969 0.555531
v -0.0146089 0.0317409 -0.00405858
vn 0.337324 -0.759988 0.555546
v -0.0119728 0.0328261 -0.00405858
vn 0.274247 -0.784956 0.555548
v -0.00627823 -0.0344323 0.00391716
vn 0.180985 0.966646 -0.181219
v -0.00648769 0.034378 0.00399369
vn 0.171136 -0.911855 -0.37314
v -0.0062755 -0.0344173 0.00399369
vn 0.166463 0.896994 -0.409501
v -0.00906027 -0.0337912 0.00399369
vn 0.238257 0.892646 -0.382643
v -0.0117847 -0.0329402 0.00399369
vn 0.310234 0.870257 -0.382632
v -0.0144129 -0.0318304 0.00405858
vn 0.332628 0.762051 -0.55555
v -0.0144308 -0.0318699 0.00399369
vn 0.380143 0.84207 -0.382636
v -0.0169597 -0.0305495 0.00405858
vn 0.393645 0.732406 -0.555541
v -0.0169807 -0.0305874 0.00399369
vn 0.447522 0.808278 -0.382637
v -0.0193936 -0.0290653 0.00405858
vn 0.452042 0.697882 -0.555534
v -0.0194176 -0.0291014 0.00399369
vn 0.511925 0.76911 -0.382626
v -0.0216984 -0.0273876 0.00405858
vn 0.507429 0.65871 -0.555533
v -0.0217253 -0.0274216 0.00399369
vn 0.572917 0.724818 -0.38263
v -0.0238588 -0.0255277 0.00405858
vn 0.559434 0.615149 -0.55554
v -0.0238884 -0.0255593 0.00399369
vn 0.630097 0.675702 -0.382629
v -0.0258604 -0.0234978 0.00405858
vn 0.607721 0.5675 -0.555535
v -0.0258925 -0.0235269 0.00399369
vn 0.683081 0.622088 -0.382632
v -0.0276898 -0.0213114 0.00405858
vn 0.651955 0.516067 -0.555544
v -0.0277242 -0.0213379 0.00399369
vn 0.73152 0.564334 -0.38263
v -0.0293349 -0.0189833 0.00405858
vn 0.691865 0.461209 -0.555526
v -0.0293713 -0.0190068 0.00399369
vn 0.775093 0.502825 -0.382619
v -0.0307848 -0.0165287 0.00405858
vn 0.727165 0.403277 -0.555516
v -0.030823 -0.0165493 0.00399369
vn 0.813498 0.437965 -0.382633
v -0.0320297 -0.0139642 0.00405858
vn 0.757614 0.342655 -0.555526
v -0.0320695 -0.0139815 0.00399369
vn 0.84649 0.370191 -0.382639
v -0.0330615 -0.0113067 0.00405858
vn 0.78303 0.279757 -0.555518
v -0.0331025 -0.0113207 0.00399369
vn 0.873855 0.299956 -0.382629
v -0.0338732 -0.00857394 0.00405858
vn 0.803225 0.214993 -0.555525
v -0.0339152 -0.00858458 0.00399369
vn 0.895402 0.227723 -0.382619
v -0.0344594 -0.00578411 0.00405858
vn 0.818077 0.148799 -0.555526
v -0.0345021 -0.00579129 0.00399369
vn 0.910984 0.153972 -0.382624
v -0.0348162 -0.00295578 0.00405858
vn 0.827469 0.0816141 -0.555548
v -0.0348594 -0.00295945 0.00399369
vn 0.920496 0.079197 -0.382642
v -0.0349413 -0.00010777 0.00405858
vn 0.83137 0.0138883 -0.555546
v -0.0349846 -0.000107904 0.00399369
vn 0.92389 0.00389559 -0.382638
v -0.0348337 0.00274095 0.00405858
vn 0.829742 -0.0539305 -0.555535
v -0.034877 0.00274436 0.00399369
vn 0.921135 -0.0714319 -0.382632
v -0.0344944 0.00557144 0.00405858
vn 0.822586 -0.121391 -0.555533
v -0.0345372 0.00557835 0.00399369
vn 0.912245 -0.146284 -0.382636
v -0.0339254 0.00836483 0.00405858
vn 0.809958 -0.188044 -0.555524
v -0.0339675 0.00837521 0.00399369
vn 0.897285 -0.220162 -0.382633
v -0.0331306 0.0111025 0.00405858
vn 0.791927 -0.253443 -0.555535
v -0.0331717 0.0111163 0.00399369
vn 0.876351 -0.292575 -0.382633
v -0.0321153 0.0137664 0.00405858
vn 0.768638 -0.317159 -0.555523
v -0.0321551 0.0137834 0.00399369
vn 0.849589 -0.363042 -0.382621
v -0.0308862 0.0163385 0.00405858
vn 0.740227 -0.378763 -0.555519
v -0.0309245 0.0163588 0.00399369
vn 0.817163 -0.431089 -0.382631
v -0.0294515 0.018802 0.00405858
vn 0.706888 -0.437845 -0.555519
v -0.029488 0.0188253 0.00399369
vn 0.7793 -0.496268 -0.382635
v -0.0278207 0.0211402 0.00405858
vn 0.668841 -0.494011 -0.555523
v -0.0278553 0.0211665 0.00399369
vn 0.736251 -0.558144 -0.382635
v -0.0260048 0.0233378 0.00405858
vn 0.626343 -0.54689 -0.555523
v -0.0260371 0.0233667 0.00399369
vn 0.6883 -0.616303 -0.382641
v -0.0240158 0.02538 0.00405858
vn 0.579672 -0.596122 -0.555535
v -0.0240456 0.0254115 0.00399369
vn 0.635771 -0.670362 -0.382635
v -0.0218669 0.0272533 0.00405858
vn 0.529149 -0.641395 -0.55553
v -0.0218941 0.0272871 0.00399369
vn 0.579008 -0.71996 -0.382632
v -0.0195725 0.0289451 0.00405858
vn 0.4751 -0.682393 -0.555536
v -0.0195968 0.028981 0.00399369
vn 0.518391 -0.764764 -0.38263
v -0.0171478 0.0304443 0.00405858
vn 0.417892 -0.718854 -0.555531
v -0.0171691 0.0304821 0.00399369
vn 0.454323 -0.804476 -0.382634
v -0.0146089 0.0317409 0.00405858
vn 0.3579 -0.750525 -0.555536
v -0.0146271 0.0317802 0.00399369
vn 0.387231 -0.838834 -0.382634
v -0.0119877 0.0328668 0.00399369
vn 0.317562 -0.86761 -0.382631
v -0.00926854 0.0337347 0.00399369
vn 0.245778 -0.890609 -0.382633
v -0.00647965 0.0343354 0.00405858
vn 0.165859 -0.814788 -0.555528
v -0.00906421 -0.0338059 0.00391716
vn 0.266866 0.943784 -0.195077
v -0.0117899 -0.0329545 0.00391716
vn 0.342916 0.918894 -0.195047
v -0.014437 -0.0318837 0.00391716
vn 0.416678 0.887875 -0.195085
v -0.0169881 -0.0306007 0.00391716
vn 0.487671 0.850955 -0.195072
v -0.0194261 -0.029114 0.00391716
vn 0.555419 0.80837 -0.195058
v -0.0217348 -0.0274335 0.00391716
vn 0.619466 0.760402 -0.195065
v -0.0238988 -0.0255704 0.00391716
vn 0.679392 0.707374 -0.195061
v -0.0259037 -0.0235371 0.00391716
vn 0.734794 0.649635 -0.195071
v -0.0277362 -0.0213472 0.00391716
vn 0.785307 0.587574 -0.195062
v -0.0293841 -0.0190151 0.00391716
vn 0.830587 0.521599 -0.195087
v -0.0308364 -0.0165565 0.00391716
vn 0.870341 0.452153 -0.195101
v -0.0320834 -0.0139876 0.00391716
vn 0.904304 0.379699 -0.195096
v -0.0331169 -0.0113257 0.00391716
vn 0.932253 0.30472 -0.195066
v -0.0339299 -0.00858832 0.00391716
vn 0.953994 0.227711 -0.195046
v -0.0345171 -0.00579381 0.00391716
vn 0.969378 0.149184 -0.195063
v -0.0348745 -0.00296073 0.00391716
vn 0.978311 0.0696647 -0.195077
v -0.0349998 -0.000107951 0.00391716
vn 0.980733 -0.0103178 -0.195082
v -0.0348921 0.00274555 0.00391716
vn 0.976628 -0.0902316 -0.19508
v -0.0345522 0.00558078 0.00391716
vn 0.966019 -0.169544 -0.195093
v -0.0339823 0.00837885 0.00391716
vn 0.948986 -0.247729 -0.195078
v -0.0331861 0.0111212 0.00391716
vn 0.925634 -0.324265 -0.195075
v -0.0321691 0.0137894 0.00391716
vn 0.896119 -0.398642 -0.19508
v -0.0309379 0.0163659 0.00391716
vn 0.860636 -0.470363 -0.1951
v -0.0295008 0.0188335 0.00391716
vn 0.819429 -0.538956 -0.195097
v -0.0278674 0.0211757 0.00391716
vn 0.772766 -0.603962 -0.195096
v -0.0260484 0.0233769 0.00391716
vn 0.720961 -0.664947 -0.195092
v -0.0240561 0.0254225 0.00391716
vn 0.664358 -0.721509 -0.195073
v -0.0219036 0.0272989 0.00391716
vn 0.60333 -0.773264 -0.195077
v -0.0196053 0.0289936 0.00391716
vn 0.538287 -0.819875 -0.195068
v -0.0171765 0.0304954 0.00391716
vn 0.46966 -0.861025 -0.195078
v -0.0146334 0.0317941 0.00391716
vn 0.397909 -0.896451 -0.195049
v -0.0119929 0.0328811 0.00391716
vn 0.323506 -0.925901 -0.195068
v -0.00927258 0.0337494 0.00391716
vn 0.246951 -0.94919 -0.195074
v -0.00649051 0.0343929 0.00391716
vn 0.173968 -0.968913 -0.175904
v -0.00105992 0.03875 0.00216506
vn 0.978989 -0.203825 0.00600486
v -0.00124123 0.0380717 0.0087
vn 0.939717 -0.338399 0.0491808
v -0.0015018 0.0375 -1.49128e-06
vn 0.824085 -0.566466 0
v -0.00145533 0.0375863 0.000651167
vn 0.880398 -0.474124 0.010281
v -0.00133604 0.0378349 0.00125
vn 0.876432 -0.481508 0.00414626
v -0.00124123 0.0380717 0.00159108
vn 0.957362 -0.28889 0
v -0.00124123 0.0380717 -0.0087
vn 0.955073 -0.293061 -0.0441648
v -0.001 0.0394397 -0.00243642
vn 0.989322 -0.14561 -0.00629792
v -0.00105992 0.03875 -0.00216506
vn 0.966085 -0.258226 0
v -0.00124123 0.0380717 -0.00159108
vn 0.876404 -0.481559 -0.00413499
v -0.0077401 0.0302156 0.0087
vn 0.552348 -0.811662 0.190043
v -0.00686872 0.0309898 0.00725812
vn 0.66421 -0.747546 0
v -0.0077401 0.0302156 -0.0087
vn 0.531447 -0.793436 -0.296686
v -0.00134797 -0.0371797 0.0087
vn 0.917148 0.268059 0.294931
v -0.001 -0.0388115 0.0087
vn 0.97801 0.208558 0
v -0.001 -0.0388115 0.00191046
vn 0.98392 0.178451 0.0075387
v -0.00134797 -0.0371797 0.0087
vn 0.97133 0.237669 0.00565303
v -0.00134797 -0.0371797 -0.0087
vn 0.794721 0.339276 -0.503299
v -0.00102301 -0.038383 -0.00156454
vn 0.979555 0.200888 -0.0107328
v -0.00134797 -0.0371797 -0.0087
vn 0.966507 0.256559 -0.00643382
v -0.00114341 -0.03775 -3.75685e-12
vn 0.941281 0.337625 0
v -0.00134797 -0.0371797 0.0087
vn 0.80785 0.589388 0
v -0.00134797 -0.0371797 -0.0087
vn 0.80785 0.589388 0
v -0.00870966 -0.0301192 -0.00764677
vn 0.591667 0.806182 0
v -0.00709853 0.0311826 -0.009
vn 0.53317 -0.464559 -0.707046
v -0.00790456 0.0304665 -0.009
vn 0.356835 -0.611011 -0.706636
v -0.00888284 0.0300131 -0.009
vn 0.264455 -0.657501 -0.705518
v -0.0101755 -0.0295998 -0.009
vn 0.30292 0.641309 -0.704956
v -0.0149866 -0.0274789 -0.009
vn 0.355827 0.611212 -0.70697
v -0.0193749 -0.0245826 -0.009
vn 0.453118 0.543028 -0.706969
v -0.0232164 -0.0209926 -0.009
vn 0.537623 0.459518 -0.706969
v -0.0264028 -0.0168102 -0.009
vn 0.606955 0.363041 -0.70697
v -0.0288441 -0.0121535 -0.009
vn 0.659161 0.256321 -0.706969
v -0.0304715 -0.00715376 -0.009
vn 0.692766 0.142367 -0.70697
v -0.0312391 -0.00195219 -0.009
vn 0.706823 0.0243963 -0.706969
v -0.0311251 0.00330447 -0.009
vn 0.700935 -0.0942635 -0.706969
v -0.0301328 0.00846788 -0.009
vn 0.675264 -0.210262 -0.706971
v -0.0282902 0.0133923 -0.009
vn 0.630542 -0.320329 -0.70697
v -0.0256493 0.0179389 -0.009
vn 0.568025 -0.421355 -0.70697
v -0.0222846 0.0219792 -0.009
vn 0.489479 -0.510491 -0.706972
v -0.0182911 0.0253993 -0.009
vn 0.397122 -0.585223 -0.706971
v -0.0089098 -0.0303427 -0.009
vn 0.456331 0.540346 -0.706957
v -0.0188103 0.0379108 -0.009
vn -0.255083 0.493431 -0.83154
v -0.0164139 0.0390529 -0.009
vn -0.204606 0.465841 -0.860888
v -0.0139466 0.0400385 -0.009
vn -0.15718 0.432029 -0.888057
v -0.00884985 0.0415163 -0.009
vn -0.0798045 0.363324 -0.928239
v -0.00624278 0.0420034 -0.009
vn -0.050678 0.335163 -0.940796
v -0.0225818 -0.0357409 -0.009
vn -0.351864 -0.496359 -0.793612
v -0.0211385 -0.036613 -0.00900002
vn -0.303783 -0.526512 -0.794041
v -0.0275494 -0.0320684 -0.009
vn -0.407463 -0.451265 -0.793935
v -0.0324747 -0.0281849 -0.00844654
vn -0.449423 -0.409487 -0.793939
v -0.0319288 -0.0277111 -0.009
vn -0.468878 -0.387065 -0.793936
v -0.0362356 -0.0231513 -0.00844654
vn -0.5043 -0.339618 -0.79394
v -0.0356264 -0.0227621 -0.009
vn -0.52028 -0.3146 -0.793937
v -0.0392227 -0.0176233 -0.00844654
vn -0.54841 -0.262497 -0.793941
v -0.0385632 -0.017327 -0.009
vn -0.560575 -0.235418 -0.793936
v -0.0413723 -0.011719 -0.00844654
vn -0.580812 -0.179773 -0.793939
v -0.0406767 -0.011522 -0.009
vn -0.588899 -0.151209 -0.793936
v -0.0426384 -0.00556451 -0.00844654
vn -0.600808 -0.093208 -0.79394
v -0.0419216 -0.00547096 -0.009
vn -0.604647 -0.063771 -0.793937
v -0.0429942 0.000708833 -0.00844654
vn -0.607978 -0.00465396 -0.79394
v -0.0422713 0.000696916 -0.009
vn -0.607487 0.0250282 -0.793935
v -0.0424318 0.00696704 -0.00844654
vn -0.602167 0.0840001 -0.793939
v -0.0417185 0.00684991 -0.009
vn -0.597354 0.113294 -0.793935
v -0.0409635 0.0130765 -0.00844654
vn -0.583496 0.170861 -0.793939
v -0.0402748 0.0128566 -0.009
vn -0.574466 0.19914 -0.793935
v -0.0386204 0.0189067 -0.00844654
vn -0.552366 0.254072 -0.793939
v -0.0379711 0.0185888 -0.009
vn -0.53931 0.280733 -0.793936
v -0.0354527 0.0243332 -0.00844654
vn -0.50944 0.331858 -0.79394
v -0.0348567 0.0239241 -0.009
vn -0.492638 0.356332 -0.793937
v -0.031528 0.0292401 -0.00844654
vn -0.455637 0.402558 -0.79394
v -0.0309979 0.0287485 -0.009
vn -0.435449 0.424323 -0.793936
v -0.0269301 0.0335227 -0.00844654
vn -0.392107 0.464664 -0.793939
v -0.0264773 0.0329591 -0.009
vn -0.368961 0.483254 -0.793935
v -0.0189167 -0.0378556 -0.009
vn -0.270395 -0.501973 -0.821529
v -0.0062782 -0.041998 -0.009
vn -0.0510093 -0.335458 -0.940673
v -0.00890556 -0.041504 -0.009
vn -0.0804252 -0.363913 -0.927954
v -0.0114927 -0.0408401 -0.009
vn -0.11623 -0.397347 -0.910278
v -0.0140295 -0.0400084 -0.009
vn -0.158619 -0.433128 -0.887266
v -0.0165106 -0.0390104 -0.009
vn -0.206492 -0.467005 -0.859807
v -0.00888284 0.0300131 0.009
vn 0.264721 -0.657407 0.705506
v -0.0182911 0.0253993 0.009
vn 0.429153 -0.562156 0.706971
v -0.0222846 0.0219792 0.009
vn 0.517197 -0.482389 0.706971
v -0.0256493 0.0179389 0.009
vn 0.590648 -0.38901 0.70697
v -0.0282902 0.0133923 0.009
vn 0.64743 -0.284652 0.706971
v -0.0301328 0.00846788 0.009
vn 0.685944 -0.172263 0.70697
v -0.0311251 0.00330447 0.009
vn 0.705103 -0.0550116 0.706968
v -0.0312391 -0.00195219 0.009
vn 0.704361 0.0637913 0.70697
v -0.0304715 -0.00715376 0.009
vn 0.683745 0.180795 0.706969
v -0.0288441 -0.0121535 0.009
vn 0.643834 0.292696 0.70697
v -0.0264028 -0.0168102 0.009
vn 0.585756 0.396338 0.70697
v -0.0232164 -0.0209926 0.009
vn 0.511149 0.488797 0.706968
v -0.0193749 -0.0245826 0.009
vn 0.422117 0.56746 0.70697
v -0.0149866 -0.0274789 0.009
vn 0.321173 0.630111 0.706971
v -0.0101755 -0.0295998 0.009
vn 0.302335 0.641546 0.704991
v -0.00686872 0.0309898 0.0087
vn 0.53317 -0.464559 0.707046
v -0.0089098 -0.0303427 0.009
vn 0.455795 0.54081 0.706948
v -0.0013 -0.0424639 0.009
vn 0.147688 -0.264166 0.953103
v -0.0189131 0.0378574 0.009
vn -0.256624 0.494426 0.830474
v -0.016505 0.0390129 0.009
vn -0.206394 0.466938 0.859867
v -0.0140244 0.0400102 0.009
vn -0.15853 0.433059 0.887315
v -0.0114883 0.0408413 0.009
vn -0.0954615 0.372226 0.92322
v -0.00627544 0.0419984 0.009
vn -0.050979 0.335437 0.940682
v -0.00953376 -0.0413593 0.009
vn -0.105991 -0.385299 0.916685
v -0.0136701 -0.0401375 0.009
vn -0.169397 -0.449314 0.877167
v -0.0176587 -0.0384832 0.009
vn -0.249131 -0.490817 0.834884
v -0.00528705 -0.0421389 0.009
vn -0.0533579 -0.342791 0.937895
v -0.0269301 0.0335227 0.00844654
vn -0.369225 0.483046 0.793939
v -0.0264773 0.0329591 0.009
vn -0.392366 0.464452 0.793935
v -0.031528 0.0292401 0.00844654
vn -0.435679 0.424079 0.79394
v -0.0309979 0.0287485 0.009
vn -0.455863 0.40231 0.793936
v -0.0354527 0.0243332 0.00844654
vn -0.492831 0.356057 0.793941
v -0.0348567 0.0239241 0.009
vn -0.509628 0.33158 0.793936
v -0.0386204 0.0189067 0.00844654
vn -0.53946 0.280433 0.79394
v -0.0379711 0.0185888 0.009
vn -0.552511 0.25377 0.793935
v -0.0409635 0.0130765 0.00844654
vn -0.574571 0.198821 0.793939
v -0.0402748 0.0128566 0.009
vn -0.583595 0.17054 0.793935
v -0.0424318 0.00696704 0.00844654
vn -0.597411 0.112963 0.793939
v -0.0417185 0.00684991 0.009
vn -0.602218 0.0836686 0.793935
v -0.0429942 0.000708833 0.00844654
vn -0.607496 0.024693 0.793939
v -0.0422713 0.000696916 0.009
vn -0.607981 -0.00498946 0.793936
v -0.0426384 -0.00556451 0.00844654
vn -0.604606 -0.0641042 0.793941
v -0.0419216 -0.00547096 0.009
vn -0.600762 -0.0935404 0.793936
v -0.0413723 -0.011719 0.00844654
vn -0.58881 -0.151532 0.79394
v -0.0406767 -0.011522 0.009
vn -0.580717 -0.180094 0.793935
v -0.0392227 -0.0176233 0.00844654
vn -0.56044 -0.235725 0.79394
v -0.0385632 -0.017327 0.009
vn -0.54827 -0.262802 0.793937
v -0.0362356 -0.0231513 0.00844654
vn -0.520102 -0.314884 0.793941
v -0.0356264 -0.0227621 0.009
vn -0.504117 -0.339899 0.793936
v -0.0324747 -0.0281849 0.00844654
vn -0.468661 -0.38732 0.79394
v -0.0319288 -0.0277111 0.009
vn -0.449201 -0.409739 0.793935
v -0.0275494 -0.0320684 0.009
vn -0.384691 -0.470828 0.793936
v -0.0225818 -0.0357409 0.009
vn -0.345152 -0.50075 0.793801
v -0.0211285 -0.0366189 0.009
vn -0.295903 -0.531222 0.79388
v -0.01 -0.038518 0.00272282
vn -0.999585 0.0145119 0.0248978
v -0.01 -0.0380792 0.0024332
vn -0.999574 0.018754 0.0223773
v -0.01 -0.0389391 0.00138371
vn -0.710346 -0.428257 -0.558574
v -0.01 -0.0430985 9.74627e-05
vn -0.999578 -0.0289904 0.00176269
v -0.01 -0.0430374 0.000619704
vn -0.999576 -0.0283498 0.00665414
v -0.01 -0.0417288 0.000226901
vn -0.710928 0.697285 -0.0915183
v -0.01 -0.036977 0.000686428
vn -0.999626 0.0268313 0.00527159
v -0.01 -0.0369044 0.000165657
vn -0.999589 0.0286615 0.000693173
v -0.01 -0.0382712 -0.000226901
vn -0.766404 -0.636896 0.0835923
v -0.01 -0.036921 -0.00035988
vn -0.999574 0.0288877 -0.00423705
v -0.01 -0.0370261 -0.000875064
vn -0.999585 0.0273962 -0.00894061
v -0.01 -0.0382359 -0.00254911
vn -0.999594 0.0155247 -0.0238995
v -0.01 -0.0386921 -0.00281058
vn -0.999574 0.011528 -0.0267968
v -0.01 -0.0393321 -0.00161061
vn -0.741447 -0.25703 0.619832
v -0.01 -0.0391859 -0.00299119
vn -0.999581 0.00678006 -0.0281378
v -0.01 -0.0372167 -0.00136507
vn -0.999619 0.0244237 -0.0128791
v -0.01 -0.0374875 -0.00181581
vn -0.999944 0.0083818 -0.00643936
v -0.01 -0.0378305 -0.00221431
vn -0.999634 0.0183649 -0.0198761
v -0.01 -0.0376956 0.00207359
vn -0.999589 0.0218642 0.0185451
v -0.01 -0.0373783 0.00165431
vn -0.999943 0.00920492 0.00543826
v -0.01 -0.0371364 0.00118745
vn -0.999676 0.0237953 0.00906033
v -0.01 -0.0405575 0.00304946
vn -0.999594 -0.00430235 0.0281725
v -0.01 -0.0400341 0.00309981
vn -0.999634 0.000494446 0.027057
v -0.01 -0.0406679 0.00161061
vn -0.766957 0.245802 -0.592755
v -0.01 -0.0395098 0.00306099
vn -0.999944 0.00197634 0.0103833
v -0.01 -0.0389995 0.00293411
vn -0.999619 0.0096726 0.0258618
v -0.01 -0.0419739 0.00239032
vn -0.999612 -0.0171043 0.0219936
v -0.01 -0.0415416 0.00268954
vn -0.999581 -0.0136514 0.0255215
v -0.01 -0.0410648 0.00291137
vn -0.999574 -0.00921393 0.0276779
v -0.01 -0.0412457 -0.00283869
vn -0.999599 -0.0121289 -0.0255766
v -0.01 -0.0417075 -0.00258733
vn -0.999576 -0.0167447 -0.0238244
v -0.01 -0.0410609 -0.00138371
vn -0.767068 0.390359 0.509143
v -0.01 -0.0421202 -0.00226154
vn -0.999578 -0.0204765 -0.0205978
v -0.01 -0.0424719 -0.00187069
vn -0.999605 -0.0228889 -0.0162901
v -0.01 -0.0427525 -0.00142602
vn -0.99965 -0.0238359 -0.0114765
v -0.01 -0.0429539 -0.000940328
vn -0.999944 -0.0101878 -0.00291748
v -0.01 -0.0430704 -0.000427583
vn -0.999605 -0.0279269 -0.00305874
v -0.01 -0.0397031 -0.00308575
vn -0.999612 0.00185523 -0.0277999
v -0.01 -0.0402289 -0.00309154
vn -0.999944 -0.00108972 -0.0105238
v -0.01 -0.0407481 -0.00300839
vn -0.999642 -0.00721624 -0.0257735
v -0.01 -0.042889 0.00112412
vn -0.999599 -0.0260683 0.0110325
v -0.01 -0.0426575 0.00159619
vn -0.999944 -0.00894135 0.00573331
v -0.01 -0.0423495 0.00202235
vn -0.999658 -0.019299 0.0176214
v -0.0096 -0.03704 0.00186777
vn -0.00123646 0.87082 0.491601
v -0.006 -0.0371817 0.00207543
vn 0.329639 0.758292 0.562433
v -0.006 -0.036767 0.00134067
vn 0.316705 0.876178 0.363331
v -0.0096 -0.0377603 0.00268958
vn -0.0171499 0.683851 0.72942
v -0.006 -0.0377603 0.00268958
vn 0.26636 0.608747 0.747315
v -0.0096 -0.0373983 0.00234115
vn -0.00476982 0.728918 0.684585
v -0.0096 -0.0371817 0.00207543
vn -0.0113632 0.797348 0.603413
v -0.0096 -0.0378313 0.00274717
vn -0.0125338 0.561265 0.827541
v -0.0096 -0.0383268 0.00307416
vn -0.000744709 0.537317 0.84338
v -0.006 -0.0384691 0.00314741
vn 0.327512 0.404554 0.853857
v -0.0096 -0.0392668 0.00342233
vn -0.0182195 0.241268 0.970288
v -0.006 -0.0392668 0.00342233
vn 0.265221 0.181558 0.94694
v -0.0096 -0.0388704 0.00331271
vn -0.00442745 0.326929 0.945039
v -0.0096 -0.0384691 0.00314741
vn -0.0107267 0.401822 0.915655
v -0.0096 -0.0394465 0.00345596
vn -0.00979645 0.0990725 0.995032
v -0.0096 -0.0400385 0.00349979
vn -0.000300384 0.0783926 0.996923
v -0.006 -0.0401071 0.00349836
vn 0.325524 -0.0450738 0.944459
v -0.0096 -0.0401071 0.00349836
vn -0.016787 -0.0957565 0.995263
v -0.0096 -0.0406294 0.00344293
vn -0.000874154 -0.150856 0.988555
v -0.006 -0.0409412 0.00337108
vn 0.326275 -0.252641 0.910888
v -0.0096 -0.0417206 0.00304788
vn -0.0159463 -0.421854 0.906524
v -0.006 -0.0417206 0.00304788
vn 0.26383 -0.476451 0.838683
v -0.0096 -0.0412022 0.00328703
vn -0.00109539 -0.383049 0.923727
v -0.0096 -0.0409412 0.00337108
vn -0.018678 -0.262571 0.964732
v -0.0096 -0.0417405 0.00303657
vn -0.0147115 -0.566413 0.82399
v -0.0096 -0.0422286 0.00269875
vn -0.00110933 -0.594304 0.80424
v -0.006 -0.0424 0.00254754
vn 0.325739 -0.651835 0.684839
v -0.0096 -0.0429399 0.00189916
vn -0.0174743 -0.810369 0.58566
v -0.006 -0.0429399 0.00189916
vn 0.317021 -0.803535 0.503814
v -0.0096 -0.0426526 0.0022833
vn -0.00467541 -0.767515 0.641014
v -0.0096 -0.0424 0.00254754
vn -0.0112634 -0.699801 0.714249
v -0.0096 -0.0430004 0.00180215
vn -0.0118333 -0.8907 0.454438
v -0.0096 -0.0432618 0.00126917
vn -0.000628513 -0.902622 0.430433
v -0.006 -0.043309 0.0011404
vn 0.328782 -0.896485 0.297012
v -0.0096 -0.0434858 0.000315367
vn -0.0183912 -0.99307 0.116073
v -0.006 -0.0434858 0.000315367
vn 0.266241 -0.961814 0.0634745
v -0.0096 -0.0434294 0.000699666
vn -0.00435619 -0.977575 0.210541
v -0.0096 -0.043309 0.0011404
vn -0.0104678 -0.95928 0.282261
v -0.0096 -0.0434983 0.000110038
vn -0.00913555 -0.999648 -0.0249247
v -0.0096 -0.0434665 -0.000482755
vn -0.000197364 -0.999051 -0.0435586
v -0.006 -0.0434599 -0.000527995
vn 0.326267 -0.931615 -0.160133
v -0.0096 -0.0434599 -0.000527995
vn -0.0163865 -0.975046 -0.221395
v -0.0096 -0.0433351 -0.00106166
vn -0.000974971 -0.963164 -0.268912
v -0.006 -0.043233 -0.00134067
vn 0.327058 -0.872927 -0.361984
v -0.0096 -0.0428183 -0.00207543
vn -0.0163854 -0.845591 -0.533581
v -0.006 -0.0428183 -0.00207543
vn 0.264376 -0.773463 -0.576073
v -0.0096 -0.0431077 -0.00161002
vn -0.000974662 -0.87082 -0.491601
v -0.0096 -0.043233 -0.00134067
vn -0.0186976 -0.923566 -0.382984
v -0.0096 -0.0427909 -0.00211207
vn -0.0139709 -0.747476 -0.664142
v -0.0096 -0.0423938 -0.00255335
vn -0.00098527 -0.725643 -0.688071
v -0.006 -0.0422397 -0.00268958
vn 0.325987 -0.599974 -0.730591
v -0.0096 -0.0415309 -0.00314741
vn -0.0177613 -0.477981 -0.878191
v -0.006 -0.0415309 -0.00314741
vn 0.264071 -0.407763 -0.874069
v -0.0096 -0.0419279 -0.00292118
vn -0.00458727 -0.543747 -0.839237
v -0.0096 -0.0422397 -0.00268958
vn -0.0111246 -0.619578 -0.784856
v -0.0096 -0.0414065 -0.00320498
vn -0.0111447 -0.340615 -0.940137
v -0.0096 -0.0408446 -0.00339657
vn -0.000516125 -0.317175 -0.948367
v -0.006 -0.0407332 -0.00342233
vn 0.387384 -0.180797 -0.904017
v -0.0096 -0.0398929 -0.00349836
vn -0.0185254 0.0110074 -0.999768
v -0.006 -0.0398929 -0.00349836
vn 0.267553 0.0555027 -0.961943
v -0.0096 -0.0402584 -0.00349045
vn -0.00429163 -0.0910808 -0.995834
v -0.0096 -0.0407332 -0.00342233
vn -0.0101701 -0.158131 -0.987366
v -0.0096 -0.0396648 -0.00348391
vn -0.0084829 0.148538 -0.98887
v -0.0096 -0.0390808 -0.00337715
vn -9.89117e-05 0.164798 -0.986327
v -0.006 -0.0390588 -0.00337108
vn 0.327349 0.272699 -0.904697
v -0.0096 -0.0390588 -0.00337108
vn -0.0159469 0.343457 -0.939033
v -0.0096 -0.0385233 -0.00317324
vn -0.00109551 0.383049 -0.923727
v -0.006 -0.0382794 -0.00304788
vn 0.32818 0.465777 -0.821796
v -0.0096 -0.0376 -0.00254754
vn -0.0167869 0.636657 -0.770964
v -0.006 -0.0376 -0.00254754
vn 0.265221 0.666828 -0.696418
v -0.0096 -0.0380083 -0.00287803
vn -0.00487035 0.591658 -0.806174
v -0.0096 -0.0382794 -0.00304788
vn -0.0114227 0.497245 -0.867535
v -0.0096 -0.0375505 -0.00250003
vn -0.013245 0.751633 -0.659449
v -0.0096 -0.0371633 -0.00205011
vn -0.000863373 0.771509 -0.636218
v -0.006 -0.0370601 -0.00189916
vn 0.326579 0.798277 -0.506063
v -0.0096 -0.036691 -0.0011404
vn -0.018009 0.931786 -0.36256
v -0.006 -0.036691 -0.0011404
vn 0.264497 0.917541 -0.296917
v -0.0096 -0.0368576 -0.00154121
vn -0.00450415 0.898701 -0.438539
v -0.0096 -0.0370601 -0.00189916
vn -0.0109452 0.857198 -0.514871
v -0.0096 -0.0366423 -0.000987975
vn -0.0104656 0.975093 -0.221551
v -0.0096 -0.0365237 -0.000406316
vn -0.00040603 0.979951 -0.199238
v -0.006 -0.0365142 -0.000315367
vn 0.325124 0.943024 -0.0707176
v -0.0096 -0.0365142 -0.000315367
vn -0.0171493 0.999359 -0.0314346
v -0.0096 -0.036505 0.000187032
vn -0.00079357 0.999531 0.0305968
v -0.006 -0.0365401 0.000527995
vn 0.325836 0.935089 0.139427
v -0.0096 -0.0365401 0.000527995
vn -0.0186214 0.99027 0.137908
v -0.0096 -0.0365869 0.000774999
vn -0.00405542 0.963018 0.269405
v -0.0096 -0.036767 0.00134067
vn -0.0118931 0.923016 0.384578
v -0.006 -0.0416964 0.00140074
vn 0.999884 -0.0120563 0.0092625
v -0.006 -0.0413557 0.00173268
vn 0.999884 -0.00978574 0.0116406
v -0.006 -0.0409515 0.0019836
vn 0.999884 -0.00705896 0.0134805
v -0.006 -0.0405028 0.00214177
vn 0.999884 -0.00400001 0.0146974
v -0.006 -0.0400307 0.00219979
vn 0.999884 -0.000748 0.0152346
v -0.006 -0.0395571 0.00215495
vn 0.999883 0.00254892 0.0150655
v -0.006 -0.0391042 0.00200935
vn 0.999883 0.00574013 0.0141954
v -0.006 -0.0386932 0.00176979
vn 0.999882 0.00867922 0.0126612
v -0.006 -0.0383433 0.00144748
vn 0.999881 0.0112304 0.0105297
v -0.006 -0.0380708 0.00105749
vn 0.999615 0.0238439 0.0141811
v -0.006 -0.0378886 0.000618048
vn 0.999884 0.0144329 0.00478113
v -0.006 -0.0378051 0.00014971
vn 0.999884 0.015129 0.00156724
v -0.006 -0.0378242 -0.000325629
vn 0.999884 0.0151235 -0.00172297
v -0.006 -0.0379451 -0.000785742
vn 0.999884 0.0144157 -0.00493926
v -0.006 -0.0381621 -0.00120911
vn 0.999884 0.0130363 -0.00793465
v -0.006 -0.0384649 -0.00157595
vn 0.999883 0.0110465 -0.0105713
v -0.006 -0.0388396 -0.0018691
vn 0.999883 0.00853488 -0.0127274
v -0.006 -0.0392685 -0.00207484
vn 0.999882 0.00561403 -0.0143022
v -0.006 -0.0397317 -0.00218358
vn 0.999881 0.0024155 -0.0152202
v -0.006 -0.0402074 -0.00219021
vn 0.999613 -0.00164714 -0.0277573
v -0.006 -0.0406733 -0.00209442
vn 0.999884 -0.00414265 -0.0146303
v -0.006 -0.0411078 -0.00190071
vn 0.999884 -0.00719445 -0.0134044
v -0.006 -0.0414905 -0.00161812
vn 0.999884 -0.00991646 -0.0115545
v -0.006 -0.0418035 -0.00125987
vn 0.999884 -0.0121837 -0.00916397
v -0.006 -0.0420322 -0.000842708
vn 0.999883 -0.0138913 -0.0063409
v -0.006 -0.0421658 -0.000386142
vn 0.999883 -0.0149595 -0.00321281
v -0.006 -0.0421982 8.84784e-05
vn 0.999882 -0.0153368 7.82953e-05
v -0.006 -0.0421278 0.000558962
vn 0.999882 -0.0150026 0.0033827
v -0.006 -0.0419579 0.00100331
vn 0.999617 -0.0250652 0.0117522
v 0.00961 -0.0384797 0.0012995
vn 0.0212975 0.757749 0.652198
v 0.00961 -0.0381525 0.000766098
vn 0.0266666 0.923845 0.381837
v -0.0058 -0.0382462 0.000961352
vn 0.00186619 0.851169 0.524888
v -0.0058 -0.0384939 0.00131589
vn 0.00260202 0.753296 0.657677
v -0.0058 -0.038812 0.0016089
vn 0.00216184 0.647183 0.762332
v 0.00961 -0.0389557 0.00170569
vn 0.0266458 0.518299 0.854784
v -0.0058 -0.0389557 0.00170569
vn 0.000991868 0.503564 0.863957
v -0.0058 -0.0391856 0.00182668
vn 0.00198296 0.382598 0.923913
v 0.00961 -0.0395339 0.00194492
vn 0.0272246 0.254063 0.966804
v -0.0058 -0.0395339 0.00194492
vn 0.00161601 0.173096 0.984904
v 0.00961 -0.0401577 0.00199377
vn 0.0207793 -0.0439631 0.998817
v -0.0058 -0.0395973 0.00195904
vn 0.00348426 0.110417 0.993879
v -0.0058 -0.0400279 0.00199981
vn 0.0039494 0.0620168 0.998067
v -0.0058 -0.0407661 0.00184746
vn 0.00287236 -0.332475 0.943108
v 0.00961 -0.0407661 0.00184746
vn 0.0213871 -0.402116 0.915339
v -0.0058 -0.0404571 0.00194706
vn 0.00203774 -0.23358 0.972336
v -0.0058 -0.0401577 0.00199377
vn 0.00108259 -0.121963 0.992534
v -0.0058 -0.040865 0.00180327
vn 0.00247697 -0.504246 0.863557
v -0.0058 -0.0412324 0.00157516
vn 0.00220912 -0.53328 0.845936
v 0.00961 -0.0412995 0.0015203
vn 0.0264778 -0.66103 0.749892
v -0.0058 -0.0417057 0.00104432
vn 0.00275203 -0.835426 0.549596
v 0.00961 -0.0417057 0.00104432
vn 0.021386 -0.867697 0.496633
v -0.0058 -0.0415422 0.0012734
vn 0.0020831 -0.760525 0.649306
v -0.0058 -0.0412995 0.0015203
vn 0.00123399 -0.697747 0.716343
v -0.0058 -0.0417799 0.000912099
vn 0.00278031 -0.919833 0.3923
v -0.0058 -0.0419344 0.000508147
vn 0.0022195 -0.930196 0.367057
v 0.00961 -0.0419449 0.000466121
vn 0.0263308 -0.976742 0.212797
v -0.0058 -0.0419449 0.000466121
vn 0.00144543 -0.988983 0.14802
v -0.0058 -0.0419984 8.04349e-05
vn 0.00211881 -0.996934 0.0782198
v 0.00961 -0.0419938 -0.000157707
vn 0.0266614 -0.996832 -0.074938
v -0.0058 -0.0419938 -0.000157707
vn 0.00269193 -0.997678 -0.0680493
v -0.0058 -0.041969 -0.000351039
vn 0.00154668 -0.972277 -0.233827
v 0.00961 -0.0418475 -0.000766098
vn 0.0212986 -0.923875 -0.382101
v -0.0058 -0.0418475 -0.000766098
vn 0.00259444 -0.92386 -0.382723
v -0.0058 -0.0416396 -0.00114534
vn 0.00214519 -0.852489 -0.522741
v 0.00961 -0.0415203 -0.0012995
vn 0.0266615 -0.758857 -0.650712
v -0.0058 -0.0415203 -0.0012995
vn 0.000969174 -0.753066 -0.657944
v -0.0058 -0.041355 -0.00147102
vn 0.00195193 -0.649396 -0.760448
v 0.00961 -0.0410443 -0.00170569
vn 0.026859 -0.542215 -0.83981
v -0.0058 -0.0410443 -0.00170569
vn 0.00155576 -0.4729 -0.881115
v 0.00961 -0.0404661 -0.00194492
vn 0.0209752 -0.268564 -0.963033
v -0.0058 -0.0410071 -0.00172792
vn 0.00355086 -0.417069 -0.908868
v -0.0058 -0.0406121 -0.00190402
vn 0.00405195 -0.372451 -0.928043
v -0.0058 -0.0398423 -0.00199377
vn 0.00295499 0.0139371 -0.999899
v 0.00961 -0.0398423 -0.00199377
vn 0.0213798 0.0952494 -0.995224
v -0.0058 -0.0401885 -0.0019911
vn 0.00201152 -0.0783446 -0.996924
v -0.0058 -0.0404661 -0.00194492
vn 0.00102966 -0.201338 -0.979521
v -0.0058 -0.0397561 -0.00198507
vn 0.00232519 0.207414 -0.97825
v -0.0058 -0.039335 -0.00188622
vn 0.00220037 0.243573 -0.96988
v 0.00961 -0.0392339 -0.00184746
vn 0.0265357 0.394438 -0.918539
v -0.0058 -0.0387005 -0.0015203
vn 0.00280485 0.616207 -0.787579
v 0.00961 -0.0387005 -0.0015203
vn 0.0213891 0.668532 -0.743376
v -0.0058 -0.0389451 -0.00169918
vn 0.00206161 0.522638 -0.852552
v -0.0058 -0.0392339 -0.00184746
vn 0.00115064 0.432498 -0.901634
v -0.0058 -0.0386045 -0.00143268
vn 0.00262874 0.750011 -0.661421
v -0.0058 -0.0383291 -0.00109919
vn 0.00221553 0.769955 -0.638094
v 0.00961 -0.0382943 -0.00104432
vn 0.0264097 0.861795 -0.506568
v -0.0058 -0.0382943 -0.00104432
vn 0.0013321 0.889952 -0.456052
v -0.0058 -0.0381319 -0.000714311
vn 0.00210214 0.923959 -0.382486
v 0.00961 -0.0380551 -0.000466121
vn 0.0266455 0.97055 -0.239421
v -0.0058 -0.0380551 -0.000466121
vn 0.0027145 0.967183 -0.254065
v -0.0058 -0.038022 -0.000296026
vn 0.00155282 0.996735 -0.0807222
v 0.00961 -0.0380062 0.000157707
vn 0.0212973 0.997063 0.0735664
v -0.0058 -0.0380046 0.0001361
vn 0.00260202 0.997703 0.0676944
v -0.0058 -0.0380805 0.000561862
vn 0.00212675 0.972947 0.231017
v -0.0058 -0.0381525 0.000766098
vn 0.000961464 0.923727 0.38305
v 0.01 -0.038395 0.000126954
vn 0.96234 0.269205 0.0378116
v 0.01 -0.0384343 -0.000375228
vn 0.962341 0.267713 -0.0472271
v 0.01 -0.0386269 -0.000840679
vn 0.962341 0.240016 -0.127644
v 0.01 -0.0389539 -0.00122384
vn 0.96234 0.188825 -0.195566
v 0.01 -0.0393833 -0.0014872
vn 0.962341 0.11915 -0.244344
v 0.01 -0.039873 -0.00160499
vn 0.96234 0.0378118 -0.269205
v 0.01 -0.0403752 -0.00156566
vn 0.962341 -0.0472276 -0.267713
v 0.01 -0.0408407 -0.00137308
vn 0.96234 -0.127644 -0.240016
v 0.01 -0.0412238 -0.0010461
vn 0.962341 -0.195565 -0.188825
v 0.01 -0.0414872 -0.000616709
vn 0.962341 -0.244344 -0.11915
v 0.01 -0.041605 -0.000126954
vn 0.96234 -0.269205 -0.0378116
v 0.01 -0.0415657 0.000375228
vn 0.962341 -0.267713 0.0472271
v 0.01 -0.0413731 0.000840679
vn 0.962341 -0.240016 0.127644
v 0.01 -0.0410461 0.00122384
vn 0.96234 -0.188825 0.195566
v 0.01 -0.0406167 0.0014872
vn 0.962341 -0.11915 0.244344
v 0.01 -0.040127 0.00160499
vn 0.96234 -0.0378118 0.269205
v 0.01 -0.0396248 0.00156566
vn 0.962341 0.0472276 0.267713
v 0.01 -0.0391593 0.00137308
vn 0.96234 0.127644 0.240016
v 0.01 -0.0387762 0.0010461
vn 0.96234 0.195565 0.188825
v 0.01 -0.0385128 0.000616709
vn 0.962341 0.244344 0.11915
v 0.01 -0.04 -3.75689e-12
vn 1 0 0
v -0.0059 -0.0419953 -0.000355742
vn 0.471701 -0.867988 -0.155229
v -0.0059 -0.0420252 8.15126e-05
vn 0.504716 -0.862176 0.0437503
v -0.0059 -0.0419603 0.000514955
vn 0.496661 -0.840504 0.216518
v -0.0059 -0.0418038 0.000924319
vn 0.476114 -0.78345 0.399402
v -0.0059 -0.0415629 0.00129046
vn 0.501839 -0.66277 0.555782
v -0.0059 -0.0412489 0.00159627
vn 0.492564 -0.539534 0.68285
v -0.0059 -0.0408766 0.00182743
vn 0.481823 -0.381601 0.788814
v -0.0059 -0.0404632 0.00197315
vn 0.500308 -0.194158 0.843798
v -0.0059 -0.0400282 0.0020266
vn 0.489606 -0.0163076 0.871791
v -0.0059 -0.0395919 0.00198529
vn 0.488843 0.172068 0.855234
v -0.0059 -0.0391747 0.00185115
vn 0.500046 0.353394 0.790612
v -0.0059 -0.038796 0.00163045
vn 0.487826 0.515192 0.7047
v -0.0059 -0.0384737 0.00133352
vn 0.501897 0.648628 0.572173
v -0.0059 -0.0382227 0.000974232
vn 0.501898 0.756463 0.41936
v -0.0059 -0.0380548 0.00056939
vn 0.487234 0.836924 0.249321
v -0.0059 -0.0379779 0.000137923
vn 0.501899 0.862631 0.0629697
v -0.0059 -0.0379955 -0.000299993
vn 0.473752 0.871135 -0.129165
v -0.0059 -0.0381069 -0.000723881
vn 0.503109 0.804386 -0.31598
v -0.0059 -0.0383068 -0.00111392
vn 0.494469 0.72842 -0.474241
v -0.0059 -0.0385858 -0.00145188
vn 0.478806 0.614296 -0.627204
v -0.0059 -0.038931 -0.00172194
vn 0.500914 0.452037 -0.73807
v -0.0059 -0.0393261 -0.00191149
vn 0.490937 0.293566 -0.820244
v -0.0059 -0.0397528 -0.00201166
vn 0.485164 0.10994 -0.867484
v -0.0059 -0.040191 -0.00201777
vn 0.500022 -0.0839814 -0.861931
v -0.0059 -0.0406203 -0.00192953
vn 0.488565 -0.263086 -0.83192
v -0.0059 -0.0410206 -0.00175107
vn 0.492856 -0.434787 -0.753693
v -0.0059 -0.0413732 -0.00149073
vn 0.500374 -0.586037 -0.637328
v -0.0059 -0.0416615 -0.00116068
vn 0.487376 -0.71344 -0.503456
v -0.0059 -0.0418722 -0.000776362
vn 0.501892 -0.797372 -0.335115
v -0.0059732 -0.0417216 -0.0012026
vn 0.867831 -0.40286 -0.290816
v -0.0059732 -0.0414228 -0.00154457
vn 0.867832 -0.330924 -0.370617
v -0.0059732 -0.0410575 -0.00181431
vn 0.867832 -0.243515 -0.433092
v -0.0059732 -0.0406427 -0.00199922
vn 0.867832 -0.14472 -0.475314
v -0.0059732 -0.0401979 -0.00209065
vn 0.867832 -0.0391578 -0.495313
v -0.0059732 -0.0397439 -0.00208432
vn 0.867831 0.0682354 -0.492151
v -0.0059732 -0.0393018 -0.00198053
vn 0.867831 0.172438 -0.465976
v -0.0059732 -0.0388924 -0.00178414
vn 0.867831 0.268578 -0.418014
v -0.0059732 -0.0385347 -0.00150432
vn 0.86783 0.35216 -0.350505
v -0.0059732 -0.0382456 -0.00115415
vn 0.867833 0.419271 -0.266605
v -0.0059732 -0.0380385 -0.000750026
vn 0.867832 0.466783 -0.17024
v -0.0059732 -0.0379231 -0.000310828
vn 0.867832 0.492466 -0.0659154
v -0.0059732 -0.0379049 0.000142905
vn 0.867834 0.495119 0.0414887
v -0.0059732 -0.0379846 0.000589955
vn 0.867832 0.474628 0.146958
v -0.0059732 -0.0381585 0.00100942
vn 0.867831 0.431941 0.245553
v -0.0059732 -0.0384186 0.00138169
vn 0.867831 0.369056 0.332667
v -0.0059732 -0.0387526 0.00168934
vn 0.867832 0.288913 0.404224
v -0.0059732 -0.0391449 0.00191801
vn 0.867832 0.195262 0.456882
v -0.0059732 -0.0395772 0.002057
vn 0.867832 0.0924811 0.488175
v -0.0059732 -0.0400293 0.0020998
vn 0.867832 -0.0146243 0.496643
v -0.0059732 -0.04048 0.00204441
vn 0.867832 -0.121046 0.481888
v -0.0059732 -0.0409082 0.00189343
vn 0.86783 -0.221809 0.444602
v -0.0059732 -0.041294 0.00165392
vn 0.867831 -0.312199 0.386525
v -0.0059732 -0.0416193 0.00133707
vn 0.86783 -0.387992 0.310375
v -0.0059732 -0.0418689 0.000957704
vn 0.867832 -0.44564 0.219711
v -0.0059732 -0.0420311 0.000533555
vn 0.867834 -0.48245 0.118773
v -0.0059732 -0.0420983 8.44566e-05
vn 0.867832 -0.496706 0.0122851
v -0.0059732 -0.0420674 -0.00036859
vn 0.86783 -0.487737 -0.0947796
v -0.0059732 -0.0419398 -0.000804403
vn 0.867831 -0.455958 -0.197412
v -0.00975307 -0.0368849 -0.0015278
vn -0.399769 0.83168 -0.385349
v -0.00975307 -0.0380256 -0.00285299
vn -0.39001 0.543058 -0.743626
v -0.00975307 -0.0419111 -0.00289577
vn -0.3975 -0.48779 -0.777209
v -0.00975307 -0.0430807 -0.00159602
vn -0.383466 -0.81117 -0.441539
v -0.00975307 -0.0433061 -0.00105242
vn -0.383537 -0.879132 -0.282889
v -0.00975307 -0.0426296 0.00226343
vn -0.395119 -0.710222 0.582638
v -0.00975307 -0.0411918 0.00325844
vn -0.381915 -0.33652 0.860753
v -0.00975307 -0.040624 0.00341298
vn -0.384816 -0.170265 0.907153
v -0.00996955 -0.0368277 0.000720323
vn -0.922756 0.377033 0.0797935
v -0.00996955 -0.036995 0.00124609
vn -0.922757 0.358124 0.142363
v -0.00996955 -0.0372489 0.001736
vn -0.922757 0.328913 0.200838
v -0.00996955 -0.0375818 0.00217598
vn -0.922757 0.290239 0.253536
v -0.00996955 -0.0367516 0.000173837
vn -0.922756 0.385095 0.0149267
v -0.00988284 -0.036622 0.000180771
vn -0.705591 0.707839 0.0332576
v -0.00996955 -0.0367689 -0.00037765
vn -0.922758 0.382075 -0.0503697
v -0.00988284 -0.03664 -0.000392715
vn -0.705591 0.703278 -0.0868472
v -0.00975307 -0.0365539 -0.000402781
vn -0.382989 0.917251 -0.109411
v -0.00988284 -0.0367011 0.000749058
vn -0.705593 0.692035 0.152403
v -0.00988284 -0.0368752 0.00129579
vn -0.705594 0.656324 0.267163
v -0.00988284 -0.0371391 0.00180525
vn -0.705592 0.601734 0.374242
v -0.00988284 -0.0374853 0.00226278
vn -0.705592 0.529831 0.470552
v -0.00996955 -0.0384449 0.00285727
vn -0.922757 0.189198 0.335744
v -0.00996955 -0.0389501 0.00307899
vn -0.922757 0.129735 0.362888
v -0.00988284 -0.0383828 0.00297125
vn -0.705591 0.342807 0.620181
v -0.00988284 -0.0389082 0.00320182
vn -0.705592 0.233064 0.669194
v -0.00975307 -0.0383414 0.00304741
vn -0.363269 0.436568 0.82307
v -0.00975307 -0.0388802 0.00328389
vn -0.40192 0.276948 0.872789
v -0.00996955 -0.0394856 0.00321214
vn -0.922757 0.0665402 0.379594
v -0.00988284 -0.039465 0.00334028
vn -0.705591 0.116617 0.698957
v -0.00975307 -0.0394513 0.00342589
vn -0.41662 0.132199 0.899417
v -0.00996955 -0.0400358 0.00325288
vn -0.922757 0.00143138 0.385379
v -0.00988284 -0.0400372 0.00338264
vn -0.705591 -0.00318464 0.708612
v -0.00975307 -0.0400382 0.00346934
vn -0.382862 -0.00782138 0.923772
v -0.00996955 -0.0420714 0.00250836
vn -0.922757 -0.24099 0.300739
v -0.00996955 -0.0424655 0.00212221
vn -0.922757 -0.288348 0.255686
v -0.00988284 -0.042154 0.00260842
vn -0.705592 -0.447641 0.549324
v -0.00988284 -0.0425639 0.00220687
vn -0.705592 -0.534039 0.465772
v -0.00975307 -0.0422092 0.00267528
vn -0.364912 -0.600527 0.711482
v -0.00996955 -0.0430317 0.00117963
vn -0.922757 -0.357057 0.145019
v -0.00996955 -0.0431874 0.000650304
vn -0.922758 -0.376426 0.0825914
v -0.00988284 -0.0431526 0.00122668
vn -0.705594 -0.658698 0.261255
v -0.00988284 -0.0433146 0.000676246
vn -0.705593 -0.693377 0.146177
v -0.00975307 -0.0432334 0.00125812
vn -0.362474 -0.872145 0.328596
v -0.00975307 -0.0433995 0.000693579
vn -0.403947 -0.899905 0.164311
v -0.00996955 -0.0432515 0.000102275
vn -0.922757 -0.384971 0.0177861
v -0.00988284 -0.0433812 0.000106355
vn -0.705589 -0.708111 0.0268924
v -0.00975307 -0.0434678 0.000109081
vn -0.415744 -0.909316 0.0173923
v -0.00996955 -0.043222 -0.000448696
vn -0.922758 -0.382438 -0.0475297
v -0.00988284 -0.0433505 -0.000466595
vn -0.705589 -0.70247 -0.093165
v -0.00975307 -0.0434364 -0.000478555
vn -0.382598 -0.915421 -0.124989
v -0.00996955 -0.0422249 -0.00237321
vn -0.922757 -0.267692 -0.277237
v -0.00996955 -0.0417919 -0.00271509
vn -0.922757 -0.216988 -0.318489
v -0.00988284 -0.0423137 -0.00246788
vn -0.70559 -0.488018 -0.513791
v -0.00988284 -0.0418633 -0.0028234
vn -0.705589 -0.394167 -0.588877
v -0.00975307 -0.042373 -0.00253114
vn -0.364483 -0.629555 -0.686158
v -0.00996955 -0.040785 -0.00315694
vn -0.922757 -0.0984924 -0.372583
v -0.00996955 -0.0402402 -0.00324419
vn -0.922757 -0.0341086 -0.38387
v -0.00988284 -0.0408163 -0.00328287
vn -0.70559 -0.175473 -0.686551
v -0.00988284 -0.0402498 -0.00337361
vn -0.705591 -0.0569214 -0.70633
v -0.00975307 -0.0408372 -0.00336702
vn -0.361556 -0.215238 -0.907166
v -0.00975307 -0.0402562 -0.00346008
vn -0.405863 -0.0492348 -0.912607
v -0.00996955 -0.0396885 -0.00323812
vn -0.922757 0.0312564 -0.384112
v -0.00988284 -0.039676 -0.00336729
vn -0.705592 0.0632677 -0.705789
v -0.00975307 -0.0396677 -0.0034536
vn -0.414732 0.0977653 -0.904676
v -0.00996955 -0.0391457 -0.00313889
vn -0.922757 0.0957217 -0.373305
v -0.00988284 -0.0391116 -0.00326411
vn -0.705592 0.181636 -0.684944
v -0.00975307 -0.0390888 -0.00334777
vn -0.382194 0.240217 -0.892314
v -0.00996955 -0.0386275 -0.00294936
vn -0.922757 0.157434 -0.351758
v -0.00996955 -0.0381488 -0.00267498
vn -0.922757 0.214617 -0.320092
v -0.00988284 -0.0385728 -0.00306702
vn -0.70559 0.29478 -0.644396
v -0.00988284 -0.038075 -0.00278169
vn -0.70559 0.399444 -0.58531
v -0.00975307 -0.0385362 -0.00314563
vn -0.367832 0.402262 -0.838382
v -0.00996955 -0.0373634 -0.00190547
vn -0.922757 0.308992 -0.23031
v -0.00996955 -0.0370793 -0.00143248
vn -0.922757 0.343472 -0.174777
v -0.00988284 -0.0372582 -0.00198149
vn -0.705589 0.571618 -0.418805
v -0.00988284 -0.0369628 -0.00148962
vn -0.705591 0.634172 -0.316177
v -0.00975307 -0.0371879 -0.00203228
vn -0.363937 0.760739 -0.537426
v -0.00975307 -0.0365354 0.000185405
vn -0.385839 0.92092 0.0550897
v -0.00975307 -0.0366166 0.000768257
vn -0.413591 0.88557 0.211444
v -0.00975307 -0.0367951 0.00132901
vn -0.381649 0.854798 0.351659
v -0.00975307 -0.0370658 0.00185153
vn -0.365216 0.781897 0.505227
v -0.00975307 -0.0374209 0.00232078
vn -0.392621 0.668374 0.631763
v -0.00975307 -0.0378502 0.00272327
vn -0.418703 0.55222 0.720931
v -0.00988284 -0.0379039 0.00265521
vn -0.705591 0.442686 0.553327
v -0.00996955 -0.0379843 0.00255335
vn -0.922757 0.243217 0.29894
v -0.00988284 -0.0406084 0.00332769
vn -0.70559 -0.122895 0.697882
v -0.00996955 -0.040585 0.00320003
vn -0.922757 -0.0637186 0.380078
v -0.00988284 -0.041162 0.00317701
vn -0.705591 -0.239069 0.667074
v -0.00996955 -0.0411174 0.00305513
vn -0.922757 -0.127036 0.363843
v -0.00975307 -0.0417253 0.00301016
vn -0.418672 -0.463672 0.780847
v -0.00988284 -0.0416822 0.00293493
vn -0.705592 -0.348366 0.617074
v -0.00996955 -0.0416177 0.00282234
vn -0.922756 -0.186699 0.337141
v -0.00975307 -0.0429743 0.00178648
vn -0.418402 -0.785187 0.456532
v -0.00988284 -0.0428999 0.00174183
vn -0.705591 -0.605073 0.368818
v -0.00996955 -0.0427887 0.00167501
vn -0.922757 -0.327411 0.203276
v -0.00988284 -0.0432235 -0.00102612
vn -0.70559 -0.67662 -0.210544
v -0.00996955 -0.0430998 -0.00098676
vn -0.922757 -0.368906 -0.11148
v -0.00988284 -0.0430037 -0.00155613
vn -0.705593 -0.631303 -0.321861
v -0.00996955 -0.0428885 -0.00149644
vn -0.922757 -0.34476 -0.172221
v -0.00975307 -0.0427666 -0.0020937
vn -0.418835 -0.715688 -0.558899
v -0.00988284 -0.0426975 -0.00204137
vn -0.70559 -0.567829 -0.423926
v -0.00996955 -0.042594 -0.00196306
vn -0.922758 -0.310694 -0.228007
v -0.00975307 -0.0413942 -0.0031771
vn -0.417951 -0.353526 -0.836861
v -0.00988284 -0.0413594 -0.0030977
vn -0.70559 -0.288977 -0.64702
v -0.00996955 -0.0413072 -0.00297886
vn -0.922757 -0.160042 -0.350579
v -0.00975307 -0.0375719 -0.00247828
vn -0.418845 0.645104 -0.63907
v -0.00988284 -0.0376325 -0.00241635
vn -0.705589 0.492617 -0.509385
v -0.00996955 -0.0377234 -0.00232365
vn -0.922758 0.265625 -0.279217
v -0.00975307 -0.0366715 -0.00097938
vn -0.417357 0.875138 -0.24484
v -0.00988284 -0.0367547 -0.000954904
vn -0.705591 0.678484 -0.204453
v -0.00996955 -0.0368792 -0.000918273
vn -0.922758 0.368066 -0.114216
v -0.008 -0.0382712 -0.000226901
vn -0.0969831 -0.986823 0.12952
v -0.008 -0.0388017 -0.000918756
vn -0.119337 -0.792716 0.597796
v -0.008 -0.0393321 -0.00161061
vn -0.095256 -0.381307 0.919528
v -0.008 -0.0389391 0.00138371
vn -0.0969846 -0.605579 -0.789854
v -0.008 -0.0386052 0.000578404
vn -0.224412 -0.900168 -0.373278
v -0.008 -0.0406679 0.00161061
vn -0.095256 0.381307 -0.919528
v -0.008 -0.0398035 0.00149716
vn -0.119337 -0.13705 -0.983349
v -0.008 -0.0417288 0.000226901
vn -0.0943886 0.98707 -0.129553
v -0.008 -0.0411983 0.000918756
vn -0.117991 0.785632 -0.607339
v -0.008 -0.0410609 -0.00138371
vn -0.0943889 0.60573 0.790051
v -0.008 -0.0413948 -0.000578404
vn -0.117541 0.917325 0.380393
v -0.008 -0.0401965 -0.00149716
vn -0.117991 0.125292 0.985079
v -0.008 -0.0389083 0.00104322
vn -0.89228 -0.326411 -0.311917
v -0.008 -0.0393589 0.00136714
vn -0.891318 -0.205047 -0.404361
v -0.008 -0.039896 0.00150642
vn -0.885511 0.0394893 -0.462938
v -0.008 -0.0404472 0.00144225
vn -0.89366 0.132911 -0.428609
v -0.008 -0.040938 0.00118329
vn -0.890168 0.260529 -0.373799
v -0.008 -0.0413021 0.000764532
vn -0.887273 0.423438 -0.182884
v -0.008 -0.0414904 0.000242514
vn -0.894342 0.441576 -0.0718519
v -0.008 -0.0414774 -0.000312256
vn -0.888822 0.455178 0.0529903
v -0.008 -0.0412648 -0.000824855
vn -0.888823 0.359104 0.284673
v -0.008 -0.0408814 -0.00122605
vn -0.894342 0.261146 0.363255
v -0.008 -0.040379 -0.00146166
vn -0.887273 0.169757 0.428869
v -0.008 -0.0398254 -0.00149987
vn -0.890168 -0.0804488 0.448474
v -0.008 -0.0392954 -0.00133551
vn -0.89366 -0.209405 0.396889
v -0.008 -0.0388605 -0.000990783
vn -0.885511 -0.299703 0.355033
v -0.008 -0.0385795 -0.000512245
vn -0.891318 -0.431028 0.140595
v -0.008 -0.0384904 3.54752e-05
vn -0.89228 -0.451359 -0.0106068
v -0.0071282 -0.04 -3.75683e-12
vn -1 0 0
v 0.01 0.0370261 0.000875064
vn 0.999585 -0.0278743 0.00732232
v 0.01 0.036921 0.00035988
vn 0.999574 -0.0290881 0.00253915
v 0.01 0.0382712 0.000226901
vn 0.710346 0.697867 -0.0915948
v 0.01 0.0421202 0.00226154
vn 0.999578 0.0192369 0.0217623
v 0.01 0.0417075 0.00258733
vn 0.999576 0.0153224 0.0247651
v 0.01 0.0410609 0.00138371
vn 0.710928 -0.4279 -0.558107
v 0.01 0.0412457 0.00283869
vn 0.999599 0.0106118 0.0262443
v 0.01 0.0407481 0.00300839
vn 0.999944 0.00226035 0.010379
v 0.01 0.0393321 0.00161061
vn 0.766957 0.245802 -0.592754
v 0.01 0.0402289 0.00309154
vn 0.999658 0.00116569 0.0261092
v 0.01 0.0397031 0.00308575
vn 0.999612 -0.00347936 0.0276454
v 0.01 0.0391859 0.00299119
vn 0.999581 -0.00841586 0.0276945
v 0.01 0.0386921 0.00281058
vn 0.999574 -0.0130774 0.0260777
v 0.01 0.0382359 0.00254911
vn 0.999594 -0.016898 0.0229512
v 0.01 0.0378305 0.00221431
vn 0.999634 -0.0194979 0.0187684
v 0.01 0.0374875 0.00181581
vn 0.999944 -0.00874486 0.0059381
v 0.01 0.0372167 0.00136507
vn 0.999619 -0.0251372 0.0114283
v 0.01 0.0405575 -0.00304946
vn 0.999594 0.00594425 -0.0278741
v 0.01 0.0410649 -0.00291137
vn 0.999574 0.0108188 -0.0270928
v 0.01 0.0406679 -0.00161061
vn 0.741447 -0.25703 0.619832
v 0.01 0.0415416 -0.00268954
vn 0.999581 0.0151227 -0.0246803
v 0.01 0.042889 -0.00112412
vn 0.999599 0.026671 -0.00948842
v 0.01 0.0430374 -0.000619704
vn 0.999576 0.0286924 -0.00498371
v 0.01 0.0417288 -0.000226901
vn 0.767068 -0.63611 0.0834892
v 0.01 0.0430985 -9.74627e-05
vn 0.999578 0.0290458 -6.28267e-05
v 0.01 0.0430704 0.000427583
vn 0.999605 0.0277018 0.00468824
v 0.01 0.0429539 0.000940328
vn 0.99965 0.0249642 0.00875974
v 0.01 0.0427525 0.00142602
vn 0.999944 0.00926337 0.00514856
v 0.01 0.0424719 0.00187069
vn 0.999605 0.0218976 0.0176029
v 0.01 0.0369044 -0.000165657
vn 0.999589 -0.0285736 -0.00236969
v 0.01 0.036977 -0.000686428
vn 0.999943 -0.0103528 -0.00267175
v 0.01 0.0389391 -0.00138371
vn 0.766405 0.390841 0.509771
v 0.01 0.0371364 -0.00118745
vn 0.999676 -0.0232255 -0.0104382
v 0.01 0.0373783 -0.00165432
vn 0.999626 -0.0226894 -0.015264
v 0.01 0.0376956 -0.00207359
vn 0.999589 -0.0207425 -0.0197942
v 0.01 0.0380792 -0.0024332
vn 0.999574 -0.0174132 -0.023438
v 0.01 0.038518 -0.00272282
vn 0.999585 -0.0130305 -0.0257059
v 0.01 0.0419739 -0.00239032
vn 0.999612 0.0183634 -0.0209561
v 0.01 0.0423495 -0.00202235
vn 0.999944 0.0082178 -0.00666483
v 0.01 0.0426575 -0.00159619
vn 0.999642 0.0233391 -0.0131043
v 0.01 0.0389995 -0.00293411
vn 0.999619 -0.00814287 -0.0263852
v 0.01 0.0395098 -0.00306099
vn 0.999944 -0.00136531 -0.0104819
v 0.01 0.0400341 -0.00309981
vn 0.999634 0.00109009 -0.0270413
v 0.0096 0.0365869 -0.000774999
vn 0.00123649 -0.963163 -0.268916
v 0.006 0.0365401 -0.000527995
vn -0.329639 -0.933784 -0.139234
v 0.006 0.036767 -0.00134067
vn -0.316704 -0.876179 -0.363331
v 0.0096 0.0365142 0.000315367
vn 0.0171493 -0.999359 0.0314349
v 0.006 0.0365142 0.000315367
vn -0.266359 -0.958958 0.097225
v 0.0096 0.036505 -0.000187032
vn 0.00477004 -0.999472 -0.0321352
v 0.0096 0.0365401 -0.000527995
vn 0.0113633 -0.990378 -0.137923
v 0.0096 0.0365237 0.000406316
vn 0.0125324 -0.982182 0.187512
v 0.0096 0.0366423 0.000987975
vn 0.000744669 -0.976472 0.215644
v 0.006 0.036691 0.0011404
vn -0.327512 -0.890083 0.317
v 0.0096 0.0370601 0.00189916
vn 0.01822 -0.857107 0.514817
v 0.006 0.0370601 0.00189916
vn -0.265221 -0.798396 0.540575
v 0.0096 0.0368576 0.00154121
vn 0.00442761 -0.899761 0.43636
v 0.0096 0.036691 0.0011404
vn 0.0107262 -0.931886 0.362593
v 0.0096 0.0371633 0.00205011
vn 0.00979653 -0.774152 0.632924
v 0.0096 0.0375505 0.00250003
vn 0.000300123 -0.760877 0.648896
v 0.006 0.0376 0.00254754
vn -0.325524 -0.636515 0.699202
v 0.0096 0.0376 0.00254754
vn 0.0167868 -0.636657 0.770964
v 0.0096 0.0380083 0.00287803
vn 0.000874118 -0.59298 0.805216
v 0.006 0.0382794 0.00304788
vn -0.326275 -0.466102 0.822371
v 0.0096 0.0390588 0.00337108
vn 0.0159466 -0.343456 0.939033
v 0.006 0.0390588 0.00337108
vn -0.26383 -0.256873 0.929737
v 0.0096 0.0385233 0.00317324
vn 0.00109551 -0.383049 0.923727
v 0.0096 0.0382794 0.00304788
vn 0.0186779 -0.497189 0.867441
v 0.0096 0.0390808 0.00337715
vn 0.0147121 -0.182913 0.983019
v 0.0096 0.0396648 0.00348391
vn 0.00110945 -0.14923 0.988802
v 0.006 0.0398929 0.00349836
vn -0.32574 -0.0240846 0.945153
v 0.0096 0.0407332 0.00342233
vn 0.0174745 0.158116 0.987266
v 0.006 0.0407332 0.00342233
vn -0.317021 0.211204 0.924603
v 0.0096 0.0402584 0.00349045
vn 0.00467552 0.088663 0.996051
v 0.0096 0.0398929 0.00349836
vn 0.0112635 -0.0110082 0.999876
v 0.0096 0.0408446 0.00339657
vn 0.0118329 0.30773 0.9514
v 0.0096 0.0414065 0.00320498
vn 0.000628646 0.333141 0.942877
v 0.006 0.0415309 0.00314741
vn -0.328782 0.423222 0.844266
v 0.0096 0.0422397 0.00268958
vn 0.0183912 0.619512 0.784772
v 0.006 0.0422397 0.00268958
vn -0.266241 0.634648 0.725491
v 0.0096 0.0419279 0.00292118
vn 0.00435633 0.541708 0.840555
v 0.0096 0.0415309 0.00314741
vn 0.0104678 0.478028 0.878282
v 0.0096 0.0423938 0.00255335
vn 0.00913525 0.723937 0.689806
v 0.0096 0.0427909 0.00211207
vn 0.000197597 0.736701 0.676219
v 0.006 0.0428183 0.00207543
vn -0.326266 0.771553 0.546129
v 0.0096 0.0428183 0.00207543
vn 0.0163855 0.845593 0.533576
v 0.0096 0.0431077 0.00161002
vn 0.000974822 0.870822 0.491598
v 0.006 0.043233 0.00134067
vn -0.327057 0.872927 0.361983
v 0.0096 0.0434599 0.000527995
vn 0.0163856 0.975045 0.221401
v 0.006 0.0434599 0.000527995
vn -0.264377 0.954155 0.140332
v 0.0096 0.0433351 0.00106166
vn 0.00497623 0.962687 0.27057
v 0.0096 0.043233 0.00134067
vn 0.0114422 0.923667 0.383026
v 0.0096 0.0434665 0.000482755
vn 0.0139708 0.998117 0.0597188
v 0.0096 0.0434983 -0.000110039
vn 0.000984652 0.999625 0.0273573
v 0.006 0.0434858 -0.000315367
vn -0.325988 0.940924 -0.0916144
v 0.0096 0.043309 -0.0011404
vn 0.0177619 0.95918 -0.282238
v 0.006 0.043309 -0.0011404
vn -0.264071 0.906652 -0.329012
v 0.0096 0.0434294 -0.000699666
vn 0.00458723 0.978082 -0.208168
v 0.0096 0.0434858 -0.000315367
vn 0.0111241 0.993178 -0.11608
v 0.0096 0.0432618 -0.00126917
vn 0.0111443 0.905962 -0.423211
v 0.0096 0.0430004 -0.00180215
vn 0.000515943 0.895225 -0.445613
v 0.006 0.0429399 -0.00189916
vn -0.387385 0.767483 -0.510786
v 0.0096 0.0424 -0.00254754
vn 0.0185253 0.699725 -0.714172
v 0.006 0.0424 -0.00254754
vn -0.267553 0.64152 -0.718935
v 0.0096 0.0426527 -0.0022833
vn 0.00429153 0.769072 -0.639147
v 0.0096 0.0429399 -0.00189916
vn 0.0101693 0.810453 -0.585715
v 0.0096 0.0422286 -0.00269875
vn 0.00848308 0.594841 -0.803799
v 0.0096 0.0417405 -0.00303657
vn 9.90832e-05 0.581554 -0.813508
v 0.006 0.0417206 -0.00304788
vn -0.327349 0.447549 -0.832191
v 0.0096 0.0417206 -0.00304788
vn 0.0159472 0.421854 -0.906524
v 0.0096 0.0412023 -0.00328703
vn 0.00109561 0.383049 -0.923727
v 0.006 0.0409412 -0.00337108
vn -0.32818 0.252464 -0.910252
v 0.0096 0.0401071 -0.00349836
vn 0.016787 0.0957565 -0.995263
v 0.006 0.0401071 -0.00349836
vn -0.265221 0.0216861 -0.963944
v 0.0096 0.0406294 -0.00344293
vn 0.00487035 0.152468 -0.988296
v 0.0096 0.0409412 -0.00337108
vn 0.0114227 0.2626 -0.964837
v 0.0096 0.0400385 -0.00349979
vn 0.0132454 -0.064394 -0.997837
v 0.0096 0.0394465 -0.00345596
vn 0.000863414 -0.0948787 -0.995488
v 0.006 0.0392668 -0.00342233
vn -0.326579 -0.205896 -0.922471
v 0.0096 0.0384691 -0.00314741
vn 0.0180095 -0.40178 -0.915559
v 0.006 0.0384691 -0.00314741
vn -0.264497 -0.438168 -0.859098
v 0.0096 0.0388704 -0.00331271
vn 0.00450426 -0.324632 -0.94583
v 0.0096 0.0392668 -0.00342233
vn 0.0109453 -0.241295 -0.97039
v 0.0096 0.0383268 -0.00307416
vn 0.0104656 -0.532169 -0.846574
v 0.0096 0.0378313 -0.00274717
vn 0.000406536 -0.551388 -0.834249
v 0.006 0.0377603 -0.00268958
vn -0.325123 -0.616246 -0.717311
v 0.0096 0.0377603 -0.00268958
vn 0.0171496 -0.683848 -0.729423
v 0.0096 0.0373983 -0.00234115
vn 0.00079373 -0.727869 -0.685716
v 0.006 0.0371817 -0.00207543
vn -0.325836 -0.759353 -0.563218
v 0.0096 0.0371817 -0.00207543
vn 0.0186209 -0.797264 -0.603343
v 0.0096 0.03704 -0.00186777
vn 0.0040551 -0.871068 -0.491146
v 0.0096 0.036767 -0.00134067
vn 0.0118925 -0.924308 -0.381463
v 0.006 0.0380708 -0.00105749
vn -0.999884 -0.01358 -0.00683517
v 0.006 0.0383433 -0.00144748
vn -0.999884 -0.0117976 -0.00959824
v 0.006 0.0386932 -0.00176979
vn -0.999884 -0.00946552 -0.0119189
v 0.006 0.0391042 -0.00200935
vn -0.999884 -0.00668948 -0.0136904
v 0.006 0.0395571 -0.00215495
vn -0.999884 -0.00359545 -0.0148305
v 0.006 0.0400307 -0.00219979
vn -0.999883 -0.000323871 -0.0152853
v 0.006 0.0405028 -0.00214177
vn -0.999883 0.00297627 -0.0150313
v 0.006 0.0409515 -0.0019836
vn -0.999882 0.00615412 -0.014077
v 0.006 0.0413557 -0.00173268
vn -0.999881 0.00906358 -0.0124623
v 0.006 0.0416964 -0.00140074
vn -0.999613 0.0208053 -0.018445
v 0.006 0.0419579 -0.00100331
vn -0.999884 0.0132794 -0.00740484
v 0.006 0.0421278 -0.000558962
vn -0.999884 0.014568 -0.00437925
v 0.006 0.0421982 -8.84784e-05
vn -0.999884 0.0151821 -0.00114616
v 0.006 0.0421658 0.000386143
vn -0.999884 0.0150923 0.00214705
v 0.006 0.0420322 0.000842708
vn -0.999883 0.0143011 0.00534992
v 0.006 0.0418035 0.00125987
vn -0.999883 0.0128423 0.00831569
v 0.006 0.0414905 0.00161812
vn -0.999882 0.01078 0.0109079
v 0.006 0.0411078 0.00190071
vn -0.999882 0.00820566 0.013006
v 0.006 0.0406733 0.00209442
vn -0.999617 0.00939254 0.0260395
v 0.006 0.0402074 0.00219021
vn -0.999884 0.00196347 0.0150752
v 0.006 0.0397317 0.00218358
vn -0.999884 -0.00132348 0.0151486
v 0.006 0.0392685 0.00207484
vn -0.999884 -0.00455188 0.014519
v 0.006 0.0388396 0.0018691
vn -0.999884 -0.00757416 0.0132142
v 0.006 0.0384649 0.00157595
vn -0.999884 -0.0102518 0.0112925
v 0.006 0.0381621 0.00120911
vn -0.999883 -0.0124614 0.00884003
v 0.006 0.0379451 0.000785742
vn -0.999883 -0.0141003 0.00596725
v 0.006 0.0378242 0.000325629
vn -0.999882 -0.0150911 0.0028036
v 0.006 0.0378051 -0.00014971
vn -0.999882 -0.0153852 -0.000507598
v 0.006 0.0378886 -0.000618048
vn -0.999615 -0.0268805 -0.00685346
v -0.00961 0.0380062 -0.000157707
vn -0.0212976 -0.996924 -0.0754247
v -0.00961 0.0381525 -0.000766098
vn -0.0266668 -0.922952 -0.383989
v 0.0058 0.0380805 -0.000561862
vn -0.00186639 -0.972836 -0.231489
v 0.0058 0.0380046 -0.0001361
vn -0.00260196 -0.997655 -0.068401
v 0.0058 0.038022 0.000296026
vn -0.00216175 -0.996741 0.0806351
v -0.00961 0.0380551 0.000466121
vn -0.0266458 -0.971104 0.237164
v 0.0058 0.0380551 0.000466121
vn -0.000991747 -0.967184 0.254074
v 0.0058 0.0381319 0.000714311
vn -0.00198287 -0.924146 0.382035
v -0.00961 0.0382943 0.00104432
vn -0.0272246 -0.863683 0.5033
v 0.0058 0.0382943 0.00104432
vn -0.00161591 -0.819284 0.573386
v -0.00961 0.0387005 0.0015203
vn -0.0207793 -0.675767 0.736822
v 0.0058 0.0383291 0.00109919
vn -0.00348429 -0.781352 0.624081
v 0.0058 0.0386045 0.00143268
vn -0.00394935 -0.750118 0.661292
v 0.0058 0.0392339 0.00184746
vn -0.00287228 -0.432494 0.901632
v -0.00961 0.0392339 0.00184746
vn -0.0213871 -0.36364 0.931294
v 0.0058 0.0389451 0.00169918
vn -0.0020377 -0.523052 0.852298
v 0.0058 0.0387005 0.0015203
vn -0.00108253 -0.616209 0.787582
v 0.0058 0.039335 0.00188622
vn -0.00247695 -0.254839 0.96698
v 0.0058 0.0397561 0.00198507
vn -0.00220906 -0.221855 0.975077
v -0.00961 0.0398423 0.00199377
vn -0.0264779 -0.063624 0.997623
v 0.0058 0.0404661 0.00194492
vn -0.00275209 0.201337 0.979518
v -0.00961 0.0404661 0.00194492
vn -0.0213859 0.261618 0.964935
v 0.0058 0.0401885 0.0019911
vn -0.00208308 0.0778569 0.996962
v 0.0058 0.0398423 0.00199377
vn -0.00123385 -0.0139368 0.999902
v 0.0058 0.0406121 0.00190402
vn -0.00278024 0.372285 0.928114
v 0.0058 0.0410071 0.00172792
vn -0.00221949 0.397473 0.917611
v -0.00961 0.0410443 0.00170569
vn -0.0263308 0.539525 0.841557
v 0.0058 0.0410443 0.00170569
vn -0.00144541 0.59402 0.804449
v 0.0058 0.041355 0.00147102
vn -0.00211891 0.649027 0.760763
v -0.00961 0.0415203 0.0012995
vn -0.0266613 0.757339 0.652477
v 0.0058 0.0415203 0.0012995
vn -0.00269211 0.753059 0.657947
v 0.0058 0.0416396 0.00114534
vn -0.00154665 0.852432 0.522836
v -0.00961 0.0418475 0.000766098
vn -0.0212986 0.923161 0.383823
v 0.0058 0.0418475 0.000766098
vn -0.0025944 0.92359 0.383373
v 0.0058 0.041969 0.000351039
vn -0.00214514 0.972249 0.233939
v -0.00961 0.0419938 0.000157707
vn -0.0266615 0.996654 0.0772596
v 0.0058 0.0419938 0.000157707
vn -0.000969034 0.997681 0.0680495
v 0.0058 0.0419984 -8.04348e-05
vn -0.00195191 0.996972 -0.0777389
v -0.00961 0.0419449 -0.000466121
vn -0.026859 0.977406 -0.209658
v 0.0058 0.0419449 -0.000466121
vn -0.00155585 0.957661 -0.287893
v -0.00961 0.0417057 -0.00104432
vn -0.0209751 0.87126 -0.490374
v 0.0058 0.0419344 -0.000508148
vn -0.0035509 0.937854 -0.347013
v 0.0058 0.0417799 -0.0009121
vn -0.00405196 0.919899 -0.392135
v 0.0058 0.0412995 -0.0015203
vn -0.00295505 0.697749 -0.716336
v -0.00961 0.0412995 -0.0015203
vn -0.0213798 0.636988 -0.770577
v 0.0058 0.0415422 -0.0012734
vn -0.00201156 0.760845 -0.648931
v 0.0058 0.0417057 -0.00104432
vn -0.00102962 0.835428 -0.549598
v 0.0058 0.0412324 -0.00157516
vn -0.00232516 0.545724 -0.837962
v 0.0058 0.040865 -0.00180327
vn -0.00220036 0.514254 -0.857635
v -0.00961 0.0407661 -0.00184746
vn -0.0265356 0.371331 -0.928121
v 0.0058 0.0401577 -0.00199377
vn -0.00280473 0.121963 -0.992531
v -0.00961 0.0401577 -0.00199377
vn -0.0213891 0.0537123 -0.998327
v 0.0058 0.0404571 -0.00194706
vn -0.00206161 0.234056 -0.972221
v 0.0058 0.0407661 -0.00184746
vn -0.0011507 0.332479 -0.94311
v 0.0058 0.0400279 -0.00199981
vn -0.00262867 -0.0618547 -0.998082
v 0.0058 0.0395973 -0.00195904
vn -0.00221552 -0.0924546 -0.995714
v -0.00961 0.0395339 -0.00194492
vn -0.0264096 -0.250419 -0.967777
v 0.0058 0.0395339 -0.00194492
vn -0.00133215 -0.306063 -0.95201
v 0.0058 0.0391856 -0.00182668
vn -0.00210216 -0.382147 -0.924099
v -0.00961 0.0389557 -0.00170569
vn -0.0266454 -0.516307 -0.855989
v 0.0058 0.0389557 -0.00170569
vn -0.00271456 -0.503559 -0.863957
v 0.0058 0.038812 -0.0016089
vn -0.00155293 -0.647114 -0.762392
v -0.00961 0.0384797 -0.0012995
vn -0.0212974 -0.756533 -0.653609
v 0.0058 0.0384939 -0.00131589
vn -0.00260208 -0.75283 -0.65821
v 0.0058 0.0382462 -0.000961352
vn -0.00212683 -0.850918 -0.525294
v 0.0058 0.0381525 -0.000766098
vn -0.000961635 -0.923727 -0.38305
v -0.01 0.0387762 -0.0010461
vn -0.96234 -0.216965 -0.163791
v -0.01 0.0391593 -0.00137308
vn -0.96234 -0.155731 -0.22282
v -0.01 0.0396248 -0.00156566
vn -0.96234 -0.0792534 -0.260038
v -0.01 0.040127 -0.00160499
vn -0.96234 0.00498166 -0.271802
v -0.01 0.0406167 -0.0014872
vn -0.96234 0.0887293 -0.256959
v -0.01 0.0410461 -0.00122384
vn -0.96234 0.163791 -0.216964
v -0.01 0.0413731 -0.000840679
vn -0.96234 0.222821 -0.15573
v -0.01 0.0415657 -0.000375228
vn -0.96234 0.260038 -0.0792535
v -0.01 0.041605 0.000126954
vn -0.96234 0.271802 0.00498134
v -0.01 0.0414872 0.000616709
vn -0.96234 0.256959 0.0887298
v -0.01 0.0412238 0.0010461
vn -0.96234 0.216964 0.163791
v -0.01 0.0408407 0.00137308
vn -0.96234 0.155731 0.22282
v -0.01 0.0403752 0.00156566
vn -0.96234 0.0792534 0.260038
v -0.01 0.039873 0.00160499
vn -0.96234 -0.00498166 0.271802
v -0.01 0.0393833 0.0014872
vn -0.96234 -0.0887294 0.256959
v -0.01 0.0389539 0.00122384
vn -0.96234 -0.163791 0.216965
v -0.01 0.0386269 0.000840679
vn -0.96234 -0.222821 0.155731
v -0.01 0.0384343 0.000375228
vn -0.96234 -0.260039 0.0792536
v -0.01 0.038395 -0.000126954
vn -0.96234 -0.271802 -0.00498135
v -0.01 0.0385128 -0.000616709
vn -0.96234 -0.25696 -0.08873
v -0.01 0.04 -3.75682e-12
vn -1 0 0
v 0.0059 0.0416615 0.00116068
vn -0.471707 0.723122 0.504565
v 0.0059 0.0413732 0.00149073
vn -0.504723 0.578204 0.641042
v 0.0059 0.0410206 0.00175107
vn -0.496671 0.440629 0.747773
v 0.0059 0.0406203 0.00192953
vn -0.476119 0.270899 0.836615
v 0.0059 0.040191 0.00201777
vn -0.501842 0.0749686 0.861704
v 0.0059 0.0397528 0.00201166
vn -0.492562 -0.102025 0.864276
v 0.0059 0.0393261 0.00191149
vn -0.481821 -0.288599 0.827381
v 0.0059 0.038931 0.00172194
vn -0.500306 -0.459945 0.733583
v 0.0059 0.0385858 0.00145188
vn -0.489604 -0.605417 0.627502
v 0.0059 0.0383068 0.00111392
vn -0.488842 -0.726795 0.482495
v 0.0059 0.0381069 0.000723881
vn -0.500049 -0.809177 0.308518
v 0.0059 0.0379955 0.000299993
vn -0.487824 -0.862701 0.133321
v 0.0059 0.0379779 -0.000137923
vn -0.501887 -0.863199 -0.0547429
v 0.0059 0.0380548 -0.000569389
vn -0.501891 -0.831247 -0.239026
v 0.0059 0.0382227 -0.000974232
vn -0.487234 -0.767762 -0.416108
v 0.0059 0.0384737 -0.00133352
vn -0.501894 -0.654054 -0.565965
v 0.0059 0.038796 -0.00163045
vn -0.473753 -0.524088 -0.707735
v 0.0059 0.0391747 -0.00185115
vn -0.503109 -0.344727 -0.792493
v 0.0059 0.0395919 -0.00198529
vn -0.494472 -0.179058 -0.85055
v 0.0059 0.0400282 -0.0020266
vn -0.478805 0.00982307 -0.877866
v 0.0059 0.0404632 -0.00197314
vn -0.50091 0.202923 -0.841375
v 0.0059 0.0408766 -0.00182743
vn -0.490939 0.373041 -0.787286
v 0.0059 0.0412489 -0.00159627
vn -0.485165 0.53621 -0.69072
v 0.0059 0.0415629 -0.00129046
vn -0.500029 0.669294 -0.549561
v 0.0059 0.0418038 -0.000924319
vn -0.488574 0.7746 -0.40161
v 0.0059 0.0419603 -0.000514955
vn -0.492861 0.840558 -0.224834
v 0.0059 0.0420252 -8.15126e-05
vn -0.50038 0.865075 -0.0355813
v 0.0059 0.0419953 0.000355742
vn -0.487379 0.860356 0.149165
v 0.0059 0.0418722 0.000776362
vn -0.501895 0.800529 0.327498
v 0.00597321 0.0420674 0.000368591
vn -0.867833 0.490436 0.0796158
v 0.00597321 0.0420983 -8.44568e-05
vn -0.867833 0.496085 -0.027675
v 0.00597321 0.0420311 -0.000533555
vn -0.867831 0.47854 -0.133673
v 0.00597321 0.0418689 -0.000957705
vn -0.867831 0.438616 -0.233419
v 0.00597321 0.0416193 -0.00133707
vn -0.86783 0.378184 -0.322254
v 0.00597321 0.041294 -0.00165392
vn -0.867831 0.300066 -0.396017
v 0.00597321 0.0409082 -0.00189343
vn -0.867832 0.207919 -0.451262
v 0.00597321 0.04048 -0.00204441
vn -0.867832 0.10605 -0.485407
v 0.00597321 0.0400293 -0.0020998
vn -0.867832 -0.000777717 -0.496857
v 0.00597321 0.0395772 -0.002057
vn -0.867832 -0.107569 -0.485073
v 0.00597321 0.0391449 -0.00191801
vn -0.867833 -0.20933 -0.450608
v 0.00597321 0.0387526 -0.00168934
vn -0.867832 -0.301305 -0.395074
v 0.00597321 0.0384186 -0.00138169
vn -0.867831 -0.379191 -0.321067
v 0.00597321 0.0381585 -0.00100942
vn -0.867831 -0.439346 -0.232046
v 0.00597321 0.0379846 -0.000589955
vn -0.867832 -0.478956 -0.132173
v 0.00597321 0.0379049 -0.000142905
vn -0.867835 -0.496166 -0.0261222
v 0.00597321 0.0379231 0.000310828
vn -0.867836 -0.49018 0.0811488
v 0.00597321 0.0380385 0.000750026
vn -0.867833 -0.461279 0.184628
v 0.00597321 0.0382456 0.00115415
vn -0.867833 -0.410806 0.279472
v 0.00597321 0.0385347 0.00150432
vn -0.867833 -0.341122 0.361249
v 0.00597321 0.0388924 0.00178414
vn -0.867833 -0.255489 0.426135
v 0.00597321 0.0393018 0.00198053
vn -0.867833 -0.15791 0.471095
v 0.00597321 0.0397439 0.00208432
vn -0.867832 -0.0529466 0.494028
v 0.00597321 0.0401979 0.00209065
vn -0.867832 0.0544928 0.49386
v 0.00597321 0.0406427 0.00199922
vn -0.867833 0.159384 0.470598
v 0.00597321 0.0410575 0.00181431
vn -0.867832 0.256823 0.425335
v 0.00597321 0.0414228 0.00154457
vn -0.867831 0.342254 0.360182
v 0.00597321 0.0417216 0.0012026
vn -0.867833 0.411678 0.278185
v 0.00597321 0.0419398 0.000804403
vn -0.867832 0.461857 0.183183
v 0.00975307 0.0388802 -0.00328389
vn 0.399772 -0.314921 -0.860818
v 0.00975307 0.040624 -0.00341298
vn 0.390015 0.142542 -0.909709
v 0.00975307 0.0433995 -0.000693579
vn 0.397507 0.894649 -0.203942
v 0.00975307 0.0433061 0.00105242
vn 0.387287 0.885575 0.256448
v 0.00975307 0.0402562 0.00346008
vn 0.39512 0.0894927 0.91426
v 0.00975307 0.0385362 0.00314563
vn 0.381913 -0.371359 0.846307
v 0.00975307 0.0380256 0.00285299
vn 0.384816 -0.521661 0.761437
v 0.00996955 0.0372489 -0.001736
vn 0.922756 -0.32286 -0.210437
v 0.00996955 0.036995 -0.00124609
vn 0.922755 -0.35378 -0.152847
v 0.00996955 0.0368277 -0.000720323
vn 0.922756 -0.374521 -0.0908583
v 0.00996955 0.0367516 -0.000173837
vn 0.922756 -0.384488 -0.026257
v 0.00996955 0.0375818 -0.00217598
vn 0.922756 -0.28265 -0.261972
v 0.00988284 0.0374854 -0.00226278
vn 0.705591 -0.523656 -0.477416
v 0.00996955 0.0379843 -0.00255335
vn 0.922757 -0.23431 -0.305971
v 0.00988284 0.0379039 -0.00265521
vn 0.705593 -0.435438 -0.559045
v 0.00975307 0.0378502 -0.00272327
vn 0.382983 -0.570656 -0.726413
v 0.00988284 0.0371391 -0.00180525
vn 0.705593 -0.596805 -0.38205
v 0.00988284 0.0368752 -0.00129579
vn 0.705594 -0.652786 -0.275694
v 0.00988284 0.0367011 -0.000749057
vn 0.705593 -0.68999 -0.161407
v 0.00988284 0.036622 -0.000180771
vn 0.705598 -0.707338 -0.0424765
v 0.00996955 0.0368792 0.000918273
vn 0.922756 -0.371273 0.103331
v 0.00996955 0.0370793 0.00143248
vn 0.922756 -0.34847 0.16459
v 0.00988284 0.0367547 0.000954904
vn 0.705597 -0.681085 0.195593
v 0.00988284 0.0369628 0.00148962
vn 0.705594 -0.638234 0.307886
v 0.00975307 0.0366715 0.00097938
vn 0.363267 -0.890915 0.272594
v 0.00975307 0.0368849 0.0015278
vn 0.40192 -0.813318 0.420683
v 0.00996955 0.0373634 0.00190547
vn 0.922756 -0.315642 0.221116
v 0.00988284 0.0372582 0.00198149
vn 0.705592 -0.577023 0.41132
v 0.00975307 0.0371879 0.00203228
vn 0.416625 -0.729892 0.541924
v 0.00996955 0.0377234 0.00232365
vn 0.922756 -0.273733 0.271277
v 0.00988284 0.0376325 0.00241635
vn 0.705596 -0.499208 0.502917
v 0.00975307 0.0375719 0.00247828
vn 0.382868 -0.648195 0.658221
v 0.00996955 0.0396885 0.00323812
vn 0.922756 -0.0425519 0.383028
v 0.00996955 0.0402402 0.00324419
vn 0.922756 0.0227922 0.38471
v 0.00988284 0.039676 0.00336729
vn 0.705594 -0.0724583 0.704902
v 0.00988284 0.0402498 0.00337361
vn 0.705594 0.0477131 0.707008
v 0.00975307 0.0396677 0.0034536
vn 0.364913 -0.0791915 0.927668
v 0.00996955 0.0413072 0.00297886
vn 0.922756 0.149653 0.355141
v 0.00996955 0.0417919 0.00271509
vn 0.922756 0.207519 0.324742
v 0.00988284 0.0413594 0.0030977
vn 0.705596 0.280519 0.650725
v 0.00988284 0.0418633 0.0028234
vn 0.705596 0.386457 0.593957
v 0.00975307 0.0413942 0.0031771
vn 0.362473 0.383676 0.849357
v 0.00975307 0.0419111 0.00289577
vn 0.403953 0.519545 0.752925
v 0.00996955 0.0422249 0.00237321
vn 0.922755 0.259417 0.285001
v 0.00988284 0.0423137 0.00246788
vn 0.705595 0.481278 0.520102
v 0.00975307 0.042373 0.00253114
vn 0.415749 0.630165 0.655779
v 0.00996955 0.042594 0.00196306
vn 0.922755 0.303851 0.23706
v 0.00988284 0.0426975 0.00204137
vn 0.705597 0.562252 0.431284
v 0.00975307 0.0427666 0.0020937
vn 0.382602 0.735237 0.559502
v 0.00996955 0.0428885 0.00149644
vn 0.922756 0.339542 0.182298
v 0.00996955 0.0430998 0.00098676
vn 0.922756 0.365467 0.122293
v 0.00988284 0.0430037 0.00155613
vn 0.705596 0.627052 0.33006
v 0.00988284 0.0432235 0.00102612
vn 0.705596 0.673813 0.21934
v 0.00975307 0.0430807 0.00159602
vn 0.370224 0.830244 0.416689
v 0.00996955 0.0432515 -0.000102275
vn 0.922757 0.385329 -0.00644322
v 0.00996955 0.0431874 -0.000650304
vn 0.922756 0.378699 -0.0714731
v 0.00988284 0.0433812 -0.000106355
vn 0.705593 0.708397 -0.0176634
v 0.00988284 0.0433146 -0.000676246
vn 0.705592 0.695223 -0.13713
v 0.00975307 0.0434678 -0.000109081
vn 0.364487 0.930379 -0.0392877
v 0.00996955 0.0427887 -0.00167501
vn 0.922755 0.333257 -0.193551
v 0.00996955 0.0424655 -0.00212221
vn 0.922756 0.295752 -0.247085
v 0.00988284 0.0428999 -0.00174183
vn 0.705597 0.609823 -0.3609
v 0.00988284 0.0425639 -0.00220687
vn 0.705596 0.54006 -0.45877
v 0.00975307 0.0429743 -0.00178648
vn 0.361555 0.794047 -0.488638
v 0.00975307 0.0426296 -0.00226343
vn 0.405861 0.680608 -0.609958
v 0.00996955 0.0420714 -0.00250836
vn 0.922756 0.24974 -0.293514
v 0.00988284 0.042154 -0.00260842
vn 0.705595 0.45476 -0.543443
v 0.00975307 0.0422092 -0.00267528
vn 0.414731 0.571133 -0.708382
v 0.00996955 0.0416177 -0.00282234
vn 0.922756 0.196544 -0.331499
v 0.00988284 0.0416822 -0.00293493
vn 0.705594 0.356375 -0.612481
v 0.00975307 0.0417253 -0.00301016
vn 0.382194 0.461736 -0.800455
v 0.00996955 0.0411174 -0.00305513
vn 0.922756 0.137693 -0.359947
v 0.00996955 0.040585 -0.00320003
vn 0.922756 0.0748817 -0.378039
v 0.00988284 0.041162 -0.00317701
vn 0.705594 0.24774 -0.663899
v 0.00988284 0.0406084 -0.00332769
vn 0.705595 0.131977 -0.696217
v 0.00975307 0.0411918 -0.00325844
vn 0.367834 0.309078 -0.877023
v 0.00996955 0.0394856 -0.00321214
vn 0.922756 -0.0553358 -0.381391
v 0.00996955 0.0389501 -0.00307899
vn 0.922756 -0.118995 -0.366554
v 0.00988284 0.039465 -0.00334028
vn 0.705594 -0.1075 -0.700415
v 0.00988284 0.0389082 -0.00320182
vn 0.705594 -0.224324 -0.672173
v 0.00975307 0.0394513 -0.00342589
vn 0.363938 -0.15718 -0.918065
v 0.00975307 0.0374209 -0.00232078
vn 0.385837 -0.689658 -0.612782
v 0.00975307 0.0370658 -0.00185153
vn 0.413587 -0.77533 -0.477293
v 0.00975307 0.0367951 -0.00132901
vn 0.381641 -0.852816 -0.356448
v 0.00975307 0.0366166 -0.000768257
vn 0.365216 -0.909979 -0.196357
v 0.00975307 0.0365354 -0.000185405
vn 0.392621 -0.919315 -0.0266157
v 0.00975307 0.0365539 0.000402781
vn 0.4187 -0.900349 0.118585
v 0.00988284 0.03664 0.000392715
vn 0.705597 -0.704343 0.0776768
v 0.00996955 0.0367689 0.00037765
vn 0.922756 -0.383395 0.0390991
v 0.00988284 0.038075 0.00278169
vn 0.705596 -0.407034 0.58005
v 0.00996955 0.0381488 0.00267498
vn 0.922756 -0.223949 0.313636
v 0.00988284 0.0385728 0.00306702
vn 0.705594 -0.30315 0.640497
v 0.00996955 0.0386275 0.00294936
vn 0.922756 -0.167723 0.346972
v 0.00975307 0.0390888 0.00334777
vn 0.418672 -0.224974 0.87983
v 0.00988284 0.0391116 0.00326411
vn 0.705594 -0.190545 0.682517
v 0.00996955 0.0391457 0.00313889
vn 0.922756 -0.106672 0.370328
v 0.00975307 0.0408372 0.00336702
vn 0.418401 0.231699 0.878212
v 0.00988284 0.0408163 0.00328287
vn 0.705594 0.166512 0.688775
v 0.00996955 0.040785 0.00315694
vn 0.922756 0.087481 0.375325
v 0.00975307 0.0434364 0.000478555
vn 0.418839 0.901179 0.111582
v 0.00988284 0.0433505 0.000466595
vn 0.705595 0.701191 0.102309
v 0.00996955 0.043222 0.000448696
vn 0.922756 0.380877 0.0587694
v 0.00975307 0.0432334 -0.00125812
vn 0.417952 0.842 -0.341103
v 0.00988284 0.0431526 -0.00122668
vn 0.705593 0.662047 -0.25265
v 0.00996955 0.0430317 -0.00117963
vn 0.922756 0.361173 -0.134445
v 0.00975307 0.0400382 -0.00346934
vn 0.418849 -0.00354858 -0.908049
v 0.00988284 0.0400372 -0.00338264
vn 0.705595 0.0124174 -0.708507
v 0.00996955 0.0400358 -0.00325288
vn 0.922756 0.00991557 -0.385257
v 0.00975307 0.0383414 -0.00304741
vn 0.417357 -0.445061 -0.792296
v 0.00988284 0.0383828 -0.00297125
vn 0.705595 -0.334694 -0.624593
v 0.00996955 0.0384449 -0.00285727
vn 0.922757 -0.179231 -0.341169
v 0.008 0.0389391 -0.00138371
vn 0.0969842 0.60558 0.789853
v 0.008 0.0398035 -0.00149716
vn 0.119337 0.137051 0.983349
v 0.008 0.0406679 -0.00161061
vn 0.0952554 -0.381307 0.919528
v 0.008 0.0382712 0.000226901
vn 0.0969849 0.986822 -0.12952
v 0.008 0.0386052 -0.000578404
vn 0.224412 0.900167 0.37328
v 0.008 0.0393321 0.00161061
vn 0.0952554 0.381307 -0.919528
v 0.008 0.0388017 0.000918756
vn 0.119337 0.792715 -0.597797
v 0.008 0.0410609 0.00138371
vn 0.0943892 -0.605732 -0.790051
v 0.008 0.0401965 0.00149716
vn 0.11799 -0.125292 -0.985079
v 0.008 0.0417288 -0.000226901
vn 0.0943894 -0.98707 0.129553
v 0.008 0.0413948 0.000578404
vn 0.117541 -0.917324 -0.380395
v 0.008 0.0411983 -0.000918756
vn 0.117991 -0.785631 0.60734
v 0.008 0.0384904 -3.54752e-05
vn 0.89228 0.451359 0.0106068
v 0.008 0.0385795 0.000512245
vn 0.891318 0.431028 -0.140595
v 0.008 0.0388605 0.000990783
vn 0.88551 0.299705 -0.355033
v 0.008 0.0392954 0.00133551
vn 0.89366 0.209405 -0.396889
v 0.008 0.0398254 0.00149987
vn 0.890168 0.0804484 -0.448474
v 0.008 0.040379 0.00146166
vn 0.887273 -0.169758 -0.428869
v 0.008 0.0408814 0.00122605
vn 0.894342 -0.261146 -0.363255
v 0.008 0.0412648 0.000824855
vn 0.888823 -0.359104 -0.284673
v 0.008 0.0414774 0.000312256
vn 0.888823 -0.455177 -0.0529902
v 0.008 0.0414904 -0.000242514
vn 0.894343 -0.441575 0.0718532
v 0.008 0.0413021 -0.000764532
vn 0.887274 -0.423437 0.182884
v 0.008 0.040938 -0.00118329
vn 0.890168 -0.260529 0.373799
v 0.008 0.0404472 -0.00144225
vn 0.89366 -0.132911 0.428609
v 0.008 0.039896 -0.00150642
vn 0.885511 -0.0394894 0.462938
v 0.008 0.0393589 -0.00136714
vn 0.891318 0.205048 0.404361
v 0.008 0.0389083 -0.00104322
vn 0.89228 0.326413 0.311917
v 0.0071282 0.04 -3.75688e-12
vn 1 0 0
f 1//1 2//2 3//3
f 3//3 2//2 4//4
f 3//3 4//4 5//5
f 6//6 7//7 8//8
f 8//8 7//7 9//9
f 9//9 7//7 5//5
f 5//5 7//7 10//10
f 5//5 10//10 11//11
f 11//11 12//12 5//5
f 5//5 12//12 13//13
f 5//5 13//13 3//3
f 12//12 14//14 13//13
f 13//13 14//14 15//15
f 13//13 15//15 16//16
f 17//17 18//18 16//16
f 16//16 18//18 19//19
f 16//16 19//19 13//13
f 13//13 20//20 21//21
f 21//21 20//20 22//22
f 21//21 22//22 23//23
f 24//24 25//25 26//26
f 26//26 25//25 27//27
f 26//26 27//27 28//28
f 28//28 29//29 26//26
f 26//26 29//29 30//30
f 26//26 30//30 31//31
f 24//24 26//26 32//32
f 33//33 34//34 35//35
f 32//32 36//36 37//37
f 38//38 39//39 40//40
f 41//41 42//42 43//43
f 40//40 44//44 45//45
f 45//45 44//44 46//46
f 47//47 46//46 48//48
f 48//48 46//46 44//44
f 48//48 44//44 49//49
f 49//49 44//44 50//50
f 13//13 21//21 3//3
f 51//51 52//52 53//53
f 51//51 53//53 54//54
f 55//55 56//56 57//57
f 55//55 57//57 58//58
f 59//59 60//60 61//61
f 59//59 61//61 62//62
f 63//63 64//64 65//65
f 63//63 65//65 66//66
f 67//67 68//68 69//69
f 67//67 69//69 70//70
f 71//71 72//72 73//73
f 71//71 73//73 74//74
f 75//75 76//76 77//77
f 75//75 77//77 78//78
f 79//79 80//80 81//81
f 79//79 81//81 82//82
f 83//83 84//84 85//85
f 83//83 85//85 86//86
f 87//87 88//88 89//89
f 87//87 89//89 90//90
f 91//91 92//92 93//93
f 91//91 93//93 94//94
f 95//95 96//96 97//97
f 95//95 97//97 98//98
f 99//99 100//100 101//101
f 99//99 101//101 102//102
f 103//103 104//104 105//105
f 36//36 38//38 37//37
f 106//106 107//107 108//108
f 109//109 110//110 111//111
f 111//111 110//110 4//4
f 4//4 110//110 112//112
f 4//4 112//112 113//113
f 113//113 114//114 4//4
f 4//4 114//114 115//115
f 4//4 115//115 6//6
f 6//6 8//8 4//4
f 4//4 8//8 9//9
f 4//4 9//9 5//5
f 116//116 117//117 118//118
f 118//118 117//117 119//119
f 117//117 120//120 119//119
f 119//119 120//120 121//121
f 119//119 121//121 111//111
f 111//111 121//121 122//122
f 111//111 122//122 109//109
f 123//123 124//124 125//125
f 125//125 124//124 126//126
f 125//125 126//126 116//116
f 116//116 126//126 127//127
f 116//116 127//127 128//128
f 128//128 129//129 116//116
f 116//116 129//129 130//130
f 116//116 130//130 117//117
f 131//131 132//132 133//133
f 133//133 132//132 134//134
f 133//133 134//134 135//135
f 136//136 137//137 138//138
f 138//138 137//137 139//139
f 138//138 139//139 140//140
f 17//17 141//141 18//18
f 18//18 141//141 20//20
f 18//18 20//20 19//19
f 19//19 20//20 13//13
f 141//141 142//142 20//20
f 20//20 142//142 143//143
f 144//144 145//145 139//139
f 139//139 143//143 146//146
f 139//139 146//146 140//140
f 23//23 147//147 148//148
f 148//148 147//147 149//149
f 148//148 149//149 150//150
f 150//150 149//149 151//151
f 150//150 151//151 152//152
f 152//152 151//151 153//153
f 152//152 153//153 154//154
f 155//155 156//156 157//157
f 157//157 156//156 158//158
f 157//157 158//158 159//159
f 159//159 158//158 160//160
f 159//159 160//160 161//161
f 161//161 160//160 162//162
f 162//162 160//160 163//163
f 162//162 163//163 164//164
f 164//164 163//163 165//165
f 165//165 163//163 166//166
f 165//165 166//166 167//167
f 167//167 166//166 168//168
f 167//167 168//168 169//169
f 169//169 168//168 170//170
f 170//170 168//168 171//171
f 170//170 171//171 172//172
f 173//173 174//174 175//175
f 175//175 174//174 106//106
f 106//106 108//108 175//175
f 175//175 108//108 176//176
f 175//175 176//176 177//177
f 177//177 176//176 178//178
f 177//177 178//178 179//179
f 179//179 178//178 180//180
f 179//179 180//180 181//181
f 181//181 180//180 182//182
f 181//181 182//182 183//183
f 183//183 182//182 184//184
f 183//183 184//184 185//185
f 185//185 184//184 186//186
f 185//185 186//186 187//187
f 187//187 186//186 2//2
f 187//187 2//2 1//1
f 135//135 123//123 133//133
f 133//133 123//123 125//125
f 133//133 125//125 188//188
f 188//188 125//125 116//116
f 188//188 116//116 189//189
f 189//189 116//116 118//118
f 189//189 118//118 190//190
f 136//136 191//191 137//137
f 137//137 191//191 131//131
f 137//137 131//131 192//192
f 192//192 131//131 133//133
f 192//192 133//133 193//193
f 193//193 133//133 188//188
f 193//193 188//188 194//194
f 194//194 188//188 189//189
f 194//194 189//189 195//195
f 195//195 189//189 190//190
f 195//195 190//190 196//196
f 197//197 154//154 198//198
f 198//198 154//154 153//153
f 198//198 153//153 199//199
f 200//200 197//197 201//201
f 201//201 197//197 198//198
f 201//201 198//198 202//202
f 202//202 198//198 199//199
f 202//202 199//199 203//203
f 156//156 200//200 158//158
f 158//158 200//200 201//201
f 158//158 201//201 160//160
f 160//160 201//201 202//202
f 160//160 202//202 163//163
f 163//163 202//202 203//203
f 163//163 203//203 166//166
f 23//23 22//22 147//147
f 147//147 22//22 144//144
f 147//147 144//144 149//149
f 149//149 144//144 139//139
f 149//149 139//139 151//151
f 151//151 139//139 137//137
f 151//151 137//137 153//153
f 153//153 137//137 192//192
f 153//153 192//192 199//199
f 199//199 192//192 193//193
f 199//199 193//193 203//203
f 203//203 193//193 194//194
f 203//203 194//194 166//166
f 166//166 194//194 195//195
f 166//166 195//195 168//168
f 168//168 195//195 196//196
f 168//168 196//196 171//171
f 107//107 172//172 108//108
f 108//108 172//172 171//171
f 108//108 171//171 176//176
f 176//176 171//171 196//196
f 176//176 196//196 178//178
f 178//178 196//196 190//190
f 178//178 190//190 180//180
f 180//180 190//190 118//118
f 180//180 118//118 182//182
f 182//182 118//118 119//119
f 182//182 119//119 184//184
f 184//184 119//119 111//111
f 184//184 111//111 186//186
f 186//186 204//204 205//205
f 186//186 205//205 2//2
f 206//206 207//207 208//208
f 208//208 207//207 209//209
f 210//210 211//211 212//212
f 212//212 211//211 213//213
f 212//212 213//213 208//208
f 208//208 213//213 214//214
f 208//208 214//214 206//206
f 215//215 216//216 210//210
f 210//210 216//216 217//217
f 210//210 217//217 211//211
f 218//218 219//219 215//215
f 215//215 219//219 220//220
f 215//215 220//220 216//216
f 207//207 221//221 209//209
f 209//209 221//221 222//222
f 209//209 222//222 223//223
f 223//223 222//222 224//224
f 223//223 224//224 225//225
f 225//225 224//224 226//226
f 225//225 226//226 227//227
f 227//227 226//226 228//228
f 227//227 228//228 229//229
f 229//229 228//228 230//230
f 229//229 230//230 231//231
f 231//231 230//230 232//232
f 231//231 232//232 233//233
f 233//233 232//232 234//234
f 233//233 234//234 218//218
f 218//218 234//234 235//235
f 218//218 235//235 219//219
f 169//169 236//236 237//237
f 238//238 239//239 240//240
f 241//241 157//157 159//159
f 222//222 241//241 224//224
f 242//242 243//243 244//244
f 224//224 159//159 245//245
f 245//245 159//159 161//161
f 245//245 161//161 246//246
f 246//246 161//161 162//162
f 174//174 238//238 106//106
f 247//247 248//248 249//249
f 250//250 240//240 251//251
f 251//251 240//240 252//252
f 251//251 252//252 172//172
f 172//172 252//252 236//236
f 172//172 236//236 170//170
f 170//170 236//236 169//169
f 162//162 164//164 246//246
f 246//246 164//164 165//165
f 246//246 165//165 237//237
f 237//237 165//165 167//167
f 237//237 167//167 169//169
f 253//253 254//254 255//255
f 255//255 254//254 256//256
f 255//255 256//256 257//257
f 257//257 256//256 258//258
f 258//258 256//256 259//259
f 258//258 259//259 260//260
f 260//260 259//259 261//261
f 261//261 259//259 262//262
f 261//261 262//262 263//263
f 263//263 262//262 264//264
f 264//264 262//262 265//265
f 264//264 265//265 266//266
f 266//266 265//265 267//267
f 267//267 265//265 268//268
f 267//267 268//268 269//269
f 269//269 268//268 270//270
f 270//270 268//268 271//271
f 270//270 271//271 272//272
f 272//272 271//271 273//273
f 273//273 271//271 274//274
f 273//273 274//274 275//275
f 275//275 274//274 276//276
f 276//276 274//274 277//277
f 276//276 277//277 278//278
f 278//278 277//277 279//279
f 279//279 277//277 280//280
f 279//279 280//280 281//281
f 281//281 280//280 282//282
f 282//282 280//280 283//283
f 282//282 283//283 284//284
f 284//284 283//283 285//285
f 285//285 283//283 286//286
f 285//285 286//286 287//287
f 287//287 286//286 288//288
f 288//288 286//286 289//289
f 288//288 289//289 290//290
f 290//290 289//289 291//291
f 291//291 289//289 292//292
f 291//291 292//292 293//293
f 293//293 292//292 294//294
f 294//294 292//292 295//295
f 294//294 295//295 296//296
f 296//296 295//295 297//297
f 297//297 295//295 298//298
f 297//297 298//298 299//299
f 300//300 301//301 302//302
f 302//302 301//301 303//303
f 304//304 305//305 306//306
f 302//302 307//307 300//300
f 300//300 307//307 308//308
f 300//300 308//308 306//306
f 306//306 308//308 309//309
f 306//306 309//309 304//304
f 304//304 310//310 305//305
f 305//305 310//310 311//311
f 305//305 311//311 312//312
f 313//313 314//314 315//315
f 311//311 316//316 312//312
f 312//312 316//316 317//317
f 312//312 317//317 315//315
f 315//315 317//317 318//318
f 315//315 318//318 313//313
f 313//313 319//319 314//314
f 314//314 319//319 320//320
f 314//314 320//320 321//321
f 320//320 322//322 321//321
f 321//321 322//322 323//323
f 321//321 323//323 324//324
f 323//323 325//325 324//324
f 324//324 325//325 326//326
f 324//324 326//326 327//327
f 326//326 328//328 327//327
f 327//327 328//328 329//329
f 327//327 329//329 330//330
f 329//329 331//331 330//330
f 330//330 331//331 332//332
f 330//330 332//332 333//333
f 332//332 334//334 333//333
f 333//333 334//334 335//335
f 333//333 335//335 336//336
f 335//335 337//337 336//336
f 336//336 337//337 338//338
f 336//336 338//338 339//339
f 338//338 340//340 339//339
f 339//339 340//340 341//341
f 339//339 341//341 342//342
f 343//343 344//344 345//345
f 345//345 344//344 342//342
f 345//345 342//342 346//346
f 346//346 342//342 341//341
f 347//347 348//348 349//349
f 350//350 351//351 352//352
f 353//353 354//354 355//355
f 349//349 356//356 357//357
f 358//358 359//359 352//352
f 352//352 359//359 360//360
f 361//361 362//362 363//363
f 350//350 360//360 364//364
f 350//350 364//364 365//365
f 365//365 364//364 354//354
f 365//365 354//354 366//366
f 366//366 354//354 353//353
f 367//367 368//368 355//355
f 355//355 368//368 369//369
f 355//355 369//369 353//353
f 347//347 349//349 370//370
f 371//371 372//372 373//373
f 370//370 357//357 374//374
f 357//357 375//375 374//374
f 374//374 375//375 376//376
f 374//374 376//376 367//367
f 367//367 376//376 377//377
f 367//367 377//377 368//368
f 378//378 379//379 380//380
f 381//381 382//382 383//383
f 384//384 385//385 386//386
f 384//384 386//386 387//387
f 388//388 378//378 389//389
f 389//389 378//378 380//380
f 389//389 390//390 391//391
f 392//392 393//393 394//394
f 387//387 395//395 396//396
f 397//397 386//386 398//398
f 396//396 399//399 400//400
f 401//401 398//398 402//402
f 400//400 403//403 404//404
f 405//405 402//402 406//406
f 405//405 406//406 407//407
f 407//407 406//406 408//408
f 407//407 408//408 409//409
f 409//409 408//408 410//410
f 409//409 410//410 411//411
f 411//411 410//410 412//412
f 411//411 412//412 413//413
f 414//414 415//415 416//416
f 416//416 415//415 417//417
f 385//385 418//418 419//419
f 420//420 417//417 421//421
f 422//422 423//423 424//424
f 425//425 421//421 426//426
f 424//424 427//427 428//428
f 429//429 426//426 430//430
f 429//429 430//430 431//431
f 413//413 432//432 433//433
f 434//434 412//412 435//435
f 433//433 436//436 437//437
f 438//438 435//435 439//439
f 437//437 440//440 441//441
f 442//442 439//439 443//443
f 441//441 444//444 445//445
f 445//445 444//444 446//446
f 445//445 446//446 447//447
f 447//447 446//446 448//448
f 447//447 448//448 449//449
f 449//449 448//448 450//450
f 451//451 452//452 453//453
f 454//454 455//455 456//456
f 456//456 455//455 457//457
f 456//456 457//457 458//458
f 459//459 460//460 461//461
f 462//462 463//463 464//464
f 462//462 464//464 465//465
f 465//465 466//466 462//462
f 462//462 466//466 467//467
f 468//468 469//469 470//470
f 471//471 467//467 472//472
f 473//473 474//474 450//450
f 475//475 472//472 476//476
f 475//475 476//476 453//453
f 477//477 478//478 479//479
f 480//480 481//481 482//482
f 482//482 481//481 483//483
f 484//484 485//485 486//486
f 480//480 482//482 487//487
f 488//488 489//489 490//490
f 487//487 491//491 492//492
f 493//493 490//490 494//494
f 492//492 495//495 496//496
f 496//496 495//495 497//497
f 496//496 497//497 498//498
f 498//498 497//497 499//499
f 498//498 499//499 500//500
f 500//500 499//499 501//501
f 500//500 501//501 502//502
f 502//502 501//501 503//503
f 502//502 503//503 504//504
f 505//505 506//506 507//507
f 507//507 506//506 508//508
f 509//509 510//510 511//511
f 512//512 513//513 514//514
f 515//515 516//516 517//517
f 518//518 519//519 520//520
f 517//517 521//521 522//522
f 523//523 524//524 483//483
f 522//522 525//525 526//526
f 527//527 528//528 529//529
f 504//504 530//530 531//531
f 532//532 503//503 533//533
f 531//531 534//534 535//535
f 536//536 533//533 537//537
f 535//535 538//538 539//539
f 540//540 537//537 541//541
f 540//540 541//541 542//542
f 542//542 541//541 543//543
f 542//542 543//543 544//544
f 544//544 543//543 545//545
f 544//544 545//545 546//546
f 546//546 545//545 547//547
f 548//548 549//549 550//550
f 551//551 552//552 547//547
f 553//553 554//554 555//555
f 553//553 555//555 556//556
f 557//557 558//558 559//559
f 486//486 560//560 561//561
f 486//486 561//561 484//484
f 559//559 562//562 557//557
f 557//557 562//562 563//563
f 564//564 565//565 566//566
f 567//567 563//563 568//568
f 566//566 569//569 570//570
f 571//571 568//568 572//572
f 571//571 572//572 554//554
f 573//573 574//574 575//575
f 576//576 577//577 578//578
f 579//579 580//580 581//581
f 582//582 47//47 48//48
f 375//375 357//357 583//583
f 356//356 584//584 585//585
f 350//350 586//586 587//587
f 587//587 586//586 366//366
f 587//587 588//588 589//589
f 589//589 588//588 353//353
f 589//589 353//353 590//590
f 590//590 353//353 369//369
f 590//590 369//369 591//591
f 591//591 369//369 368//368
f 592//592 593//593 587//587
f 587//587 593//593 351//351
f 587//587 351//351 350//350
f 594//594 595//595 596//596
f 596//596 595//595 597//597
f 596//596 597//597 598//598
f 598//598 597//597 599//599
f 598//598 599//599 600//600
f 600//600 599//599 601//601
f 600//600 601//601 602//602
f 602//602 601//601 49//49
f 602//602 49//49 50//50
f 582//582 48//48 603//603
f 604//604 605//605 606//606
f 604//604 606//606 48//48
f 48//48 606//606 607//607
f 48//48 607//607 603//603
f 580//580 608//608 581//581
f 581//581 608//608 609//609
f 581//581 609//609 610//610
f 609//609 611//611 610//610
f 610//610 611//611 612//612
f 610//610 612//612 604//604
f 604//604 612//612 613//613
f 604//604 613//613 605//605
f 614//614 615//615 616//616
f 616//616 615//615 617//617
f 617//617 618//618 616//616
f 616//616 618//618 579//579
f 616//616 579//579 619//619
f 619//619 579//579 581//581
f 619//619 581//581 620//620
f 621//621 622//622 623//623
f 623//623 622//622 575//575
f 623//623 575//575 624//624
f 624//624 575//575 574//574
f 624//624 574//574 625//625
f 625//625 574//574 578//578
f 625//625 578//578 626//626
f 577//577 627//627 578//578
f 578//578 627//627 628//628
f 578//578 628//628 626//626
f 629//629 630//630 631//631
f 632//632 633//633 634//634
f 634//634 635//635 632//632
f 632//632 635//635 636//636
f 632//632 636//636 630//630
f 630//630 636//636 637//637
f 630//630 637//637 631//631
f 28//28 638//638 29//29
f 29//29 638//638 639//639
f 639//639 640//640 29//29
f 29//29 640//640 641//641
f 29//29 641//641 633//633
f 633//633 641//641 642//642
f 633//633 642//642 634//634
f 643//643 644//644 645//645
f 645//645 644//644 646//646
f 645//645 646//646 647//647
f 647//647 646//646 648//648
f 647//647 648//648 649//649
f 649//649 648//648 31//31
f 357//357 356//356 583//583
f 583//583 650//650 585//585
f 583//583 585//585 651//651
f 651//651 585//585 652//652
f 651//651 652//652 653//653
f 653//653 652//652 654//654
f 653//653 654//654 643//643
f 643//643 654//654 655//655
f 643//643 655//655 644//644
f 631//631 576//576 629//629
f 629//629 576//576 578//578
f 629//629 578//578 656//656
f 656//656 578//578 574//574
f 656//656 574//574 657//657
f 657//657 574//574 573//573
f 657//657 573//573 376//376
f 376//376 573//573 377//377
f 594//594 658//658 620//620
f 620//620 658//658 659//659
f 620//620 659//659 619//619
f 619//619 659//659 660//660
f 619//619 660//660 616//616
f 616//616 660//660 622//622
f 616//616 622//622 614//614
f 614//614 622//622 621//621
f 658//658 592//592 659//659
f 659//659 592//592 587//587
f 659//659 587//587 660//660
f 660//660 587//587 589//589
f 660//660 589//589 622//622
f 622//622 589//589 590//590
f 622//622 590//590 575//575
f 575//575 590//590 591//591
f 575//575 591//591 573//573
f 573//573 591//591 368//368
f 573//573 368//368 377//377
f 594//594 620//620 595//595
f 595//595 620//620 581//581
f 595//595 581//581 597//597
f 597//597 581//581 610//610
f 597//597 610//610 599//599
f 599//599 610//610 604//604
f 599//599 604//604 601//601
f 601//601 661//661 662//662
f 601//601 662//662 49//49
f 376//376 375//375 657//657
f 657//657 663//663 583//583
f 657//657 583//583 656//656
f 656//656 583//583 651//651
f 656//656 651//651 629//629
f 629//629 651//651 653//653
f 629//629 653//653 630//630
f 630//630 653//653 643//643
f 630//630 643//643 632//632
f 632//632 643//643 645//645
f 632//632 645//645 633//633
f 633//633 645//645 647//647
f 664//664 647//647 665//665
f 665//665 647//647 649//649
f 665//665 649//649 30//30
f 30//30 649//649 31//31
f 666//666 667//667 668//668
f 669//669 670//670 671//671
f 671//671 670//670 672//672
f 672//672 670//670 673//673
f 672//672 674//674 675//675
f 676//676 673//673 677//677
f 675//675 678//678 299//299
f 679//679 680//680 681//681
f 667//667 666//666 680//680
f 680//680 666//666 682//682
f 683//683 682//682 684//684
f 684//684 253//253 685//685
f 679//679 686//686 687//687
f 679//679 687//687 688//688
f 688//688 687//687 689//689
f 688//688 689//689 690//690
f 690//690 689//689 691//691
f 690//690 691//691 692//692
f 692//692 691//691 693//693
f 692//692 693//693 694//694
f 694//694 693//693 695//695
f 694//694 695//695 696//696
f 696//696 695//695 697//697
f 696//696 697//697 698//698
f 698//698 697//697 699//699
f 698//698 699//699 700//700
f 700//700 699//699 701//701
f 700//700 701//701 702//702
f 702//702 701//701 703//703
f 704//704 678//678 705//705
f 705//705 677//677 706//706
f 705//705 706//706 707//707
f 707//707 706//706 708//708
f 707//707 708//708 709//709
f 709//709 708//708 710//710
f 709//709 710//710 711//711
f 711//711 710//710 712//712
f 711//711 712//712 713//713
f 713//713 712//712 714//714
f 713//713 714//714 715//715
f 715//715 714//714 716//716
f 715//715 716//716 717//717
f 717//717 716//716 718//718
f 717//717 718//718 719//719
f 719//719 718//718 720//720
f 719//719 720//720 721//721
f 721//721 720//720 722//722
f 721//721 722//722 723//723
f 723//723 722//722 724//724
f 723//723 724//724 725//725
f 725//725 724//724 726//726
f 725//725 726//726 727//727
f 727//727 726//726 728//728
f 727//727 728//728 729//729
f 729//729 728//728 730//730
f 729//729 730//730 731//731
f 731//731 730//730 732//732
f 731//731 732//732 733//733
f 733//733 732//732 734//734
f 733//733 734//734 735//735
f 735//735 734//734 736//736
f 735//735 736//736 737//737
f 737//737 736//736 738//738
f 737//737 738//738 739//739
f 739//739 738//738 740//740
f 739//739 740//740 741//741
f 741//741 740//740 742//742
f 741//741 742//742 743//743
f 743//743 742//742 744//744
f 743//743 744//744 703//703
f 703//703 744//744 745//745
f 703//703 745//745 702//702
f 746//746 747//747 748//748
f 748//748 747//747 749//749
f 750//750 751//751 752//752
f 751//751 750//750 753//753
f 753//753 750//750 754//754
f 753//753 754//754 755//755
f 303//303 756//756 757//757
f 757//757 756//756 758//758
f 749//749 759//759 760//760
f 761//761 758//758 762//762
f 761//761 762//762 763//763
f 754//754 764//764 755//755
f 755//755 764//764 343//343
f 755//755 765//765 766//766
f 766//766 765//765 767//767
f 766//766 767//767 768//768
f 768//768 767//767 769//769
f 768//768 769//769 770//770
f 770//770 769//769 771//771
f 770//770 771//771 772//772
f 772//772 771//771 773//773
f 772//772 773//773 774//774
f 774//774 773//773 775//775
f 774//774 775//775 776//776
f 776//776 775//775 777//777
f 776//776 777//777 778//778
f 778//778 777//777 779//779
f 778//778 779//779 780//780
f 780//780 779//779 781//781
f 780//780 781//781 782//782
f 782//782 781//781 783//783
f 782//782 783//783 784//784
f 784//784 783//783 785//785
f 784//784 785//785 786//786
f 786//786 785//785 787//787
f 786//786 787//787 788//788
f 788//788 787//787 789//789
f 788//788 789//789 790//790
f 790//790 789//789 791//791
f 790//790 791//791 792//792
f 792//792 791//791 793//793
f 792//792 793//793 794//794
f 794//794 793//793 795//795
f 794//794 795//795 796//796
f 796//796 795//795 797//797
f 796//796 797//797 798//798
f 798//798 797//797 799//799
f 798//798 799//799 800//800
f 800//800 799//799 801//801
f 800//800 801//801 802//802
f 802//802 801//801 803//803
f 802//802 803//803 804//804
f 804//804 803//803 805//805
f 804//804 805//805 806//806
f 806//806 805//805 807//807
f 806//806 807//807 808//808
f 808//808 807//807 809//809
f 746//746 748//748 810//810
f 810//810 748//748 811//811
f 810//810 811//811 812//812
f 812//812 811//811 813//813
f 812//812 813//813 814//814
f 814//814 813//813 815//815
f 814//814 815//815 816//816
f 816//816 815//815 817//817
f 816//816 817//817 818//818
f 818//818 817//817 819//819
f 818//818 819//819 820//820
f 820//820 819//819 821//821
f 820//820 821//821 809//809
f 809//809 821//821 822//822
f 809//809 822//822 808//808
f 823//823 824//824 825//825
f 825//825 824//824 826//826
f 825//825 826//826 827//827
f 827//827 826//826 828//828
f 827//827 828//828 829//829
f 829//829 828//828 830//830
f 829//829 830//830 831//831
f 831//831 830//830 832//832
f 831//831 832//832 833//833
f 833//833 832//832 834//834
f 833//833 834//834 835//835
f 835//835 834//834 836//836
f 835//835 836//836 837//837
f 837//837 836//836 838//838
f 837//837 838//838 839//839
f 839//839 838//838 840//840
f 839//839 840//840 841//841
f 841//841 840//840 842//842
f 841//841 842//842 843//843
f 843//843 842//842 844//844
f 843//843 844//844 845//845
f 845//845 844//844 846//846
f 845//845 846//846 847//847
f 847//847 846//846 848//848
f 847//847 848//848 849//849
f 849//849 848//848 850//850
f 849//849 850//850 851//851
f 851//851 850//850 852//852
f 851//851 852//852 853//853
f 853//853 852//852 854//854
f 853//853 854//854 855//855
f 855//855 854//854 856//856
f 855//855 856//856 857//857
f 857//857 856//856 858//858
f 857//857 858//858 859//859
f 859//859 858//858 860//860
f 859//859 860//860 861//861
f 861//861 860//860 862//862
f 861//861 862//862 863//863
f 863//863 862//862 864//864
f 863//863 864//864 865//865
f 865//865 864//864 866//866
f 865//865 866//866 867//867
f 867//867 866//866 868//868
f 867//867 868//868 869//869
f 869//869 868//868 870//870
f 869//869 870//870 871//871
f 871//871 870//870 872//872
f 871//871 872//872 873//873
f 873//873 872//872 874//874
f 873//873 874//874 875//875
f 875//875 874//874 876//876
f 875//875 876//876 877//877
f 877//877 876//876 878//878
f 877//877 878//878 879//879
f 879//879 878//878 880//880
f 879//879 880//880 881//881
f 881//881 880//880 882//882
f 881//881 882//882 883//883
f 883//883 882//882 884//884
f 883//883 884//884 885//885
f 885//885 884//884 886//886
f 885//885 886//886 887//887
f 887//887 886//886 888//888
f 887//887 888//888 889//889
f 889//889 888//888 890//890
f 889//889 890//890 891//891
f 891//891 890//890 892//892
f 891//891 892//892 893//893
f 893//893 892//892 894//894
f 893//893 894//894 895//895
f 895//895 894//894 896//896
f 897//897 898//898 899//899
f 897//897 899//899 752//752
f 900//900 754//754 899//899
f 901//901 902//902 903//903
f 904//904 905//905 906//906
f 898//898 907//907 899//899
f 901//901 908//908 909//909
f 904//904 910//910 911//911
f 912//912 913//913 914//914
f 912//912 914//914 915//915
f 672//672 916//916 671//671
f 917//917 918//918 911//911
f 917//917 911//911 919//919
f 669//669 912//912 915//915
f 762//762 920//920 921//921
f 922//922 923//923 924//924
f 921//921 925//925 926//926
f 926//926 925//925 927//927
f 928//928 929//929 930//930
f 931//931 932//932 933//933
f 934//934 935//935 936//936
f 936//936 937//937 934//934
f 934//934 937//937 938//938
f 939//939 940//940 941//941
f 942//942 943//943 944//944
f 925//925 945//945 927//927
f 946//946 947//947 948//948
f 948//948 947//947 949//949
f 948//948 949//949 950//950
f 946//946 948//948 951//951
f 951//951 948//948 952//952
f 951//951 952//952 953//953
f 953//953 952//952 954//954
f 953//953 954//954 955//955
f 955//955 954//954 956//956
f 956//956 954//954 957//957
f 956//956 957//957 358//358
f 949//949 348//348 950//950
f 950//950 348//348 347//347
f 950//950 347//347 958//958
f 958//958 347//347 370//370
f 958//958 370//370 959//959
f 959//959 370//370 374//374
f 959//959 374//374 960//960
f 960//960 374//374 367//367
f 960//960 367//367 961//961
f 961//961 367//367 355//355
f 961//961 355//355 962//962
f 962//962 355//355 354//354
f 962//962 354//354 963//963
f 963//963 354//354 364//364
f 963//963 364//364 964//964
f 964//964 364//364 360//360
f 964//964 360//360 957//957
f 957//957 360//360 359//359
f 957//957 359//359 358//358
f 635//635 634//634 965//965
f 641//641 640//640 966//966
f 46//46 967//967 45//45
f 968//968 969//969 970//970
f 45//45 971//971 40//40
f 24//24 972//972 973//973
f 973//973 972//972 974//974
f 975//975 976//976 977//977
f 971//971 974//974 978//978
f 971//971 978//978 40//40
f 979//979 980//980 981//981
f 981//981 980//980 27//27
f 982//982 983//983 984//984
f 973//973 27//27 25//25
f 973//973 25//25 24//24
f 985//985 986//986 987//987
f 981//981 640//640 639//639
f 981//981 639//639 979//979
f 988//988 989//989 990//990
f 966//966 634//634 642//642
f 990//990 991//991 992//992
f 577//577 576//576 993//993
f 576//576 631//631 993//993
f 993//993 631//631 637//637
f 993//993 994//994 988//988
f 965//965 994//994 636//636
f 965//965 636//636 635//635
f 625//625 626//626 995//995
f 995//995 626//626 628//628
f 995//995 628//628 993//993
f 993//993 628//628 627//627
f 993//993 627//627 577//577
f 615//615 614//614 996//996
f 996//996 614//614 621//621
f 996//996 621//621 997//997
f 997//997 621//621 623//623
f 997//997 623//623 995//995
f 995//995 623//623 624//624
f 995//995 624//624 625//625
f 580//580 579//579 998//998
f 998//998 579//579 618//618
f 998//998 618//618 996//996
f 996//996 618//618 617//617
f 996//996 617//617 615//615
f 612//612 611//611 999//999
f 999//999 611//611 609//609
f 999//999 1000//1000 998//998
f 998//998 609//609 608//608
f 998//998 608//608 580//580
f 46//46 47//47 967//967
f 967//967 1001//1001 1002//1002
f 1003//1003 1004//1004 1005//1005
f 1006//1006 1002//1002 603//603
f 1006//1006 603//603 607//607
f 607//607 606//606 1006//1006
f 1006//1006 1007//1007 1008//1008
f 1009//1009 1008//1008 1010//1010
f 999//999 1008//1008 613//613
f 999//999 613//613 612//612
f 1011//1011 1012//1012 952//952
f 952//952 1012//1012 1013//1013
f 952//952 1013//1013 954//954
f 954//954 1013//1013 967//967
f 954//954 967//967 957//957
f 957//957 967//967 1014//1014
f 957//957 1014//1014 964//964
f 964//964 1014//1014 999//999
f 964//964 999//999 963//963
f 963//963 999//999 998//998
f 963//963 998//998 962//962
f 962//962 998//998 996//996
f 962//962 996//996 961//961
f 961//961 996//996 997//997
f 961//961 997//997 960//960
f 960//960 997//997 995//995
f 960//960 995//995 959//959
f 959//959 995//995 993//993
f 959//959 993//993 958//958
f 958//958 993//993 965//965
f 958//958 965//965 950//950
f 950//950 965//965 966//966
f 950//950 966//966 948//948
f 948//948 966//966 1011//1011
f 948//948 1011//1011 952//952
f 14//14 12//12 1015//1015
f 1016//1016 1017//1017 1018//1018
f 1018//1018 1017//1017 142//142
f 1018//1018 142//142 141//141
f 136//136 1019//1019 191//191
f 191//191 1019//1019 1020//1020
f 191//191 1020//1020 131//131
f 136//136 138//138 1019//1019
f 1019//1019 138//138 140//140
f 1019//1019 140//140 1016//1016
f 1016//1016 140//140 146//146
f 1016//1016 146//146 1017//1017
f 123//123 135//135 1021//1021
f 1021//1021 135//135 134//134
f 1021//1021 134//134 1020//1020
f 1020//1020 134//134 132//132
f 1020//1020 132//132 131//131
f 123//123 1021//1021 124//124
f 124//124 1021//1021 1022//1022
f 124//124 1022//1022 126//126
f 126//126 1022//1022 1023//1023
f 126//126 1023//1023 127//127
f 117//117 130//130 1024//1024
f 1024//1024 130//130 129//129
f 1024//1024 129//129 1023//1023
f 1023//1023 129//129 128//128
f 1023//1023 128//128 127//127
f 109//109 122//122 1025//1025
f 1025//1025 122//122 121//121
f 1025//1025 121//121 1024//1024
f 1024//1024 121//121 120//120
f 1024//1024 120//120 117//117
f 109//109 1025//1025 110//110
f 1026//1026 1025//1025 1027//1027
f 1026//1026 1027//1027 112//112
f 6//6 115//115 1028//1028
f 1028//1028 115//115 114//114
f 1029//1029 1030//1030 1027//1027
f 1027//1027 1030//1030 113//113
f 1027//1027 113//113 112//112
f 12//12 11//11 1015//1015
f 1015//1015 11//11 10//10
f 1031//1031 1032//1032 1029//1029
f 1029//1029 1032//1032 7//7
f 1028//1028 7//7 6//6
f 141//141 17//17 1033//1033
f 1033//1033 17//17 16//16
f 1018//1018 1034//1034 1031//1031
f 1015//1015 1034//1034 15//15
f 1015//1015 15//15 14//14
f 1035//1035 1025//1025 1036//1036
f 1036//1036 1025//1025 1024//1024
f 1036//1036 1024//1024 1037//1037
f 1037//1037 1024//1024 1023//1023
f 1037//1037 1023//1023 1038//1038
f 1038//1038 1023//1023 1022//1022
f 1038//1038 1022//1022 1039//1039
f 1039//1039 1022//1022 1021//1021
f 1039//1039 1021//1021 1040//1040
f 1040//1040 1021//1021 1020//1020
f 1040//1040 1020//1020 1041//1041
f 1041//1041 1020//1020 1019//1019
f 1041//1041 1019//1019 1042//1042
f 1042//1042 1019//1019 1043//1043
f 1042//1042 1043//1043 208//208
f 208//208 1043//1043 1033//1033
f 208//208 1033//1033 1044//1044
f 1044//1044 1033//1033 1015//1015
f 1044//1044 1015//1015 1045//1045
f 1045//1045 1015//1015 1028//1028
f 1045//1045 1028//1028 1046//1046
f 1046//1046 1028//1028 1047//1047
f 1046//1046 1047//1047 1035//1035
f 1035//1035 1047//1047 1025//1025
f 898//898 897//897 1048//1048
f 927//927 945//945 1049//1049
f 907//907 898//898 1050//1050
f 1050//1050 898//898 1048//1048
f 1050//1050 1048//1048 1051//1051
f 1051//1051 1048//1048 1052//1052
f 1051//1051 1052//1052 1053//1053
f 1053//1053 1052//1052 1054//1054
f 1053//1053 1054//1054 1055//1055
f 1055//1055 1054//1054 1056//1056
f 1055//1055 1056//1056 1057//1057
f 1057//1057 1056//1056 1058//1058
f 1057//1057 1058//1058 1059//1059
f 1059//1059 1058//1058 1060//1060
f 1059//1059 1060//1060 1061//1061
f 1061//1061 1060//1060 1062//1062
f 1061//1061 1062//1062 1063//1063
f 1063//1063 1062//1062 1064//1064
f 1063//1063 1064//1064 1065//1065
f 1065//1065 1064//1064 1066//1066
f 1065//1065 1066//1066 1067//1067
f 1067//1067 1066//1066 1068//1068
f 1067//1067 1068//1068 1069//1069
f 1069//1069 1068//1068 1070//1070
f 1069//1069 1070//1070 1071//1071
f 1071//1071 1070//1070 1072//1072
f 1071//1071 1072//1072 1073//1073
f 1073//1073 1072//1072 1074//1074
f 1073//1073 1074//1074 1075//1075
f 1075//1075 1074//1074 1076//1076
f 1075//1075 1076//1076 1077//1077
f 1077//1077 1076//1076 1078//1078
f 1077//1077 1078//1078 1079//1079
f 1079//1079 1078//1078 1080//1080
f 1079//1079 1080//1080 1081//1081
f 1081//1081 1080//1080 1082//1082
f 1081//1081 1082//1082 1083//1083
f 1083//1083 1082//1082 1084//1084
f 1083//1083 1084//1084 1085//1085
f 1085//1085 1084//1084 1086//1086
f 1085//1085 1086//1086 1087//1087
f 1087//1087 1086//1086 1088//1088
f 1087//1087 1088//1088 1089//1089
f 1089//1089 1088//1088 1090//1090
f 1089//1089 1090//1090 1091//1091
f 1091//1091 1090//1090 1092//1092
f 1091//1091 1092//1092 1093//1093
f 1093//1093 1092//1092 1094//1094
f 1093//1093 1094//1094 1095//1095
f 1095//1095 1094//1094 1096//1096
f 1095//1095 1096//1096 1097//1097
f 1097//1097 1096//1096 1098//1098
f 1097//1097 1098//1098 1099//1099
f 1099//1099 1098//1098 1100//1100
f 1099//1099 1100//1100 1101//1101
f 1101//1101 1100//1100 1102//1102
f 1101//1101 1102//1102 1103//1103
f 1103//1103 1102//1102 1104//1104
f 1103//1103 1104//1104 1105//1105
f 1105//1105 1104//1104 1106//1106
f 1105//1105 1106//1106 1107//1107
f 1107//1107 1106//1106 1108//1108
f 1107//1107 1108//1108 1109//1109
f 1109//1109 1108//1108 1110//1110
f 1109//1109 1110//1110 1111//1111
f 1111//1111 1110//1110 1112//1112
f 1111//1111 1112//1112 1113//1113
f 1113//1113 1112//1112 1114//1114
f 1113//1113 1114//1114 1115//1115
f 1115//1115 1114//1114 1116//1116
f 1115//1115 1116//1116 1049//1049
f 1049//1049 1116//1116 1117//1117
f 1049//1049 1117//1117 927//927
f 927//927 1117//1117 926//926
f 897//897 752//752 1048//1048
f 1048//1048 752//752 751//751
f 1048//1048 751//751 1052//1052
f 1052//1052 751//751 753//753
f 1052//1052 753//753 1054//1054
f 1054//1054 753//753 1118//1118
f 1054//1054 1118//1118 1056//1056
f 1056//1056 1118//1118 1119//1119
f 1056//1056 1119//1119 1058//1058
f 1058//1058 1119//1119 1120//1120
f 1058//1058 1120//1120 1060//1060
f 1060//1060 1120//1120 1121//1121
f 1060//1060 1121//1121 1062//1062
f 1062//1062 1121//1121 1122//1122
f 1062//1062 1122//1122 1064//1064
f 1064//1064 1122//1122 1123//1123
f 1064//1064 1123//1123 1066//1066
f 1066//1066 1123//1123 1124//1124
f 1066//1066 1124//1124 1068//1068
f 1068//1068 1124//1124 1125//1125
f 1068//1068 1125//1125 1070//1070
f 1070//1070 1125//1125 1126//1126
f 1070//1070 1126//1126 1072//1072
f 1072//1072 1126//1126 1127//1127
f 1072//1072 1127//1127 1074//1074
f 1074//1074 1127//1127 1128//1128
f 1074//1074 1128//1128 1076//1076
f 1076//1076 1128//1128 1129//1129
f 1076//1076 1129//1129 1078//1078
f 1078//1078 1129//1129 1130//1130
f 1078//1078 1130//1130 1080//1080
f 1080//1080 1130//1130 1131//1131
f 1080//1080 1131//1131 1082//1082
f 1082//1082 1131//1131 1132//1132
f 1082//1082 1132//1132 1084//1084
f 1084//1084 1132//1132 1133//1133
f 1084//1084 1133//1133 1086//1086
f 1086//1086 1133//1133 1134//1134
f 1086//1086 1134//1134 1088//1088
f 1088//1088 1134//1134 1135//1135
f 1088//1088 1135//1135 1090//1090
f 1090//1090 1135//1135 1136//1136
f 1090//1090 1136//1136 1092//1092
f 1092//1092 1136//1136 1137//1137
f 1092//1092 1137//1137 1094//1094
f 1094//1094 1137//1137 1138//1138
f 1094//1094 1138//1138 1096//1096
f 1096//1096 1138//1138 1139//1139
f 1096//1096 1139//1139 1098//1098
f 1098//1098 1139//1139 1140//1140
f 1098//1098 1140//1140 1100//1100
f 1100//1100 1140//1140 1141//1141
f 1100//1100 1141//1141 1102//1102
f 1102//1102 1141//1141 1142//1142
f 1102//1102 1142//1142 1104//1104
f 1104//1104 1142//1142 1143//1143
f 1104//1104 1143//1143 1106//1106
f 1106//1106 1143//1143 1144//1144
f 1106//1106 1144//1144 1108//1108
f 1108//1108 1144//1144 1145//1145
f 1108//1108 1145//1145 1110//1110
f 1110//1110 1145//1145 1146//1146
f 1110//1110 1146//1146 1112//1112
f 1112//1112 1146//1146 1147//1147
f 1112//1112 1147//1147 1114//1114
f 1114//1114 1147//1147 1148//1148
f 1114//1114 1148//1148 1116//1116
f 1116//1116 1148//1148 757//757
f 1116//1116 757//757 1117//1117
f 1117//1117 757//757 761//761
f 1117//1117 761//761 926//926
f 926//926 761//761 921//921
f 914//914 913//913 1149//1149
f 937//937 936//936 1150//1150
f 669//669 915//915 670//670
f 670//670 915//915 1151//1151
f 670//670 1151//1151 674//674
f 674//674 1151//1151 1152//1152
f 674//674 1152//1152 678//678
f 678//678 1152//1152 1153//1153
f 678//678 1153//1153 1154//1154
f 1154//1154 1153//1153 1155//1155
f 1154//1154 1155//1155 1156//1156
f 1156//1156 1155//1155 1157//1157
f 1156//1156 1157//1157 1158//1158
f 1158//1158 1157//1157 1159//1159
f 1158//1158 1159//1159 1160//1160
f 1160//1160 1159//1159 1161//1161
f 1160//1160 1161//1161 1162//1162
f 1162//1162 1161//1161 1163//1163
f 1162//1162 1163//1163 1164//1164
f 1164//1164 1163//1163 1165//1165
f 1164//1164 1165//1165 1166//1166
f 1166//1166 1165//1165 1167//1167
f 1166//1166 1167//1167 1168//1168
f 1168//1168 1167//1167 1169//1169
f 1168//1168 1169//1169 1170//1170
f 1170//1170 1169//1169 1171//1171
f 1170//1170 1171//1171 1172//1172
f 1172//1172 1171//1171 1173//1173
f 1172//1172 1173//1173 1174//1174
f 1174//1174 1173//1173 1175//1175
f 1174//1174 1175//1175 1176//1176
f 1176//1176 1175//1175 1177//1177
f 1176//1176 1177//1177 1178//1178
f 1178//1178 1177//1177 1179//1179
f 1178//1178 1179//1179 1180//1180
f 1180//1180 1179//1179 1181//1181
f 1180//1180 1181//1181 1182//1182
f 1182//1182 1181//1181 1183//1183
f 1182//1182 1183//1183 1184//1184
f 1184//1184 1183//1183 1185//1185
f 1184//1184 1185//1185 1186//1186
f 1186//1186 1185//1185 1187//1187
f 1186//1186 1187//1187 1188//1188
f 1188//1188 1187//1187 1189//1189
f 1188//1188 1189//1189 1190//1190
f 1190//1190 1189//1189 1191//1191
f 1190//1190 1191//1191 1192//1192
f 1192//1192 1191//1191 1193//1193
f 1192//1192 1193//1193 1194//1194
f 1194//1194 1193//1193 1195//1195
f 1194//1194 1195//1195 1196//1196
f 1196//1196 1195//1195 1197//1197
f 1196//1196 1197//1197 1198//1198
f 1198//1198 1197//1197 1199//1199
f 1198//1198 1199//1199 1200//1200
f 1200//1200 1199//1199 1201//1201
f 1200//1200 1201//1201 1202//1202
f 1202//1202 1201//1201 1203//1203
f 1202//1202 1203//1203 1204//1204
f 1204//1204 1203//1203 1205//1205
f 1204//1204 1205//1205 1206//1206
f 1206//1206 1205//1205 1207//1207
f 1206//1206 1207//1207 1208//1208
f 1208//1208 1207//1207 1209//1209
f 1208//1208 1209//1209 1210//1210
f 1210//1210 1209//1209 1211//1211
f 1210//1210 1211//1211 685//685
f 685//685 1211//1211 1212//1212
f 685//685 1212//1212 683//683
f 683//683 1212//1212 1213//1213
f 683//683 1213//1213 1214//1214
f 1214//1214 1213//1213 1150//1150
f 1214//1214 1150//1150 935//935
f 935//935 1150//1150 936//936
f 915//915 914//914 1151//1151
f 1151//1151 914//914 1149//1149
f 1151//1151 1149//1149 1152//1152
f 1152//1152 1149//1149 1215//1215
f 1152//1152 1215//1215 1153//1153
f 1153//1153 1215//1215 1216//1216
f 1153//1153 1216//1216 1155//1155
f 1155//1155 1216//1216 1217//1217
f 1155//1155 1217//1217 1157//1157
f 1157//1157 1217//1217 1218//1218
f 1157//1157 1218//1218 1159//1159
f 1159//1159 1218//1218 1219//1219
f 1159//1159 1219//1219 1161//1161
f 1161//1161 1219//1219 1220//1220
f 1161//1161 1220//1220 1163//1163
f 1163//1163 1220//1220 1221//1221
f 1163//1163 1221//1221 1165//1165
f 1165//1165 1221//1221 1222//1222
f 1165//1165 1222//1222 1167//1167
f 1167//1167 1222//1222 1223//1223
f 1167//1167 1223//1223 1169//1169
f 1169//1169 1223//1223 1224//1224
f 1169//1169 1224//1224 1171//1171
f 1171//1171 1224//1224 1225//1225
f 1171//1171 1225//1225 1173//1173
f 1173//1173 1225//1225 1226//1226
f 1173//1173 1226//1226 1175//1175
f 1175//1175 1226//1226 1227//1227
f 1175//1175 1227//1227 1177//1177
f 1177//1177 1227//1227 1228//1228
f 1177//1177 1228//1228 1179//1179
f 1179//1179 1228//1228 1229//1229
f 1179//1179 1229//1229 1181//1181
f 1181//1181 1229//1229 1230//1230
f 1181//1181 1230//1230 1183//1183
f 1183//1183 1230//1230 1231//1231
f 1183//1183 1231//1231 1185//1185
f 1185//1185 1231//1231 1232//1232
f 1185//1185 1232//1232 1187//1187
f 1187//1187 1232//1232 1233//1233
f 1187//1187 1233//1233 1189//1189
f 1189//1189 1233//1233 1234//1234
f 1189//1189 1234//1234 1191//1191
f 1191//1191 1234//1234 1235//1235
f 1191//1191 1235//1235 1193//1193
f 1193//1193 1235//1235 1236//1236
f 1193//1193 1236//1236 1195//1195
f 1195//1195 1236//1236 1237//1237
f 1195//1195 1237//1237 1197//1197
f 1197//1197 1237//1237 1238//1238
f 1197//1197 1238//1238 1199//1199
f 1199//1199 1238//1238 1239//1239
f 1199//1199 1239//1239 1201//1201
f 1201//1201 1239//1239 1240//1240
f 1201//1201 1240//1240 1203//1203
f 1203//1203 1240//1240 1241//1241
f 1203//1203 1241//1241 1205//1205
f 1205//1205 1241//1241 1242//1242
f 1205//1205 1242//1242 1207//1207
f 1207//1207 1242//1242 1243//1243
f 1207//1207 1243//1243 1209//1209
f 1209//1209 1243//1243 1244//1244
f 1209//1209 1244//1244 1211//1211
f 1211//1211 1244//1244 1245//1245
f 1211//1211 1245//1245 1212//1212
f 1212//1212 1245//1245 1246//1246
f 1212//1212 1246//1246 1213//1213
f 1213//1213 1246//1246 1247//1247
f 1213//1213 1247//1247 1150//1150
f 1150//1150 1247//1247 1248//1248
f 1150//1150 1248//1248 937//937
f 937//937 1248//1248 938//938
f 239//239 238//238 220//220
f 1249//1249 238//238 1250//1250
f 214//214 213//213 925//925
f 942//942 1251//1251 930//930
f 213//213 1252//1252 934//934
f 934//934 1252//1252 217//217
f 934//934 1253//1253 1250//1250
f 1250//1250 1253//1253 1254//1254
f 1250//1250 1254//1254 1249//1249
f 1255//1255 241//241 1256//1256
f 1256//1256 221//221 1255//1255
f 1255//1255 1257//1257 207//207
f 1255//1255 1258//1258 925//925
f 925//925 1258//1258 206//206
f 925//925 206//206 214//214
f 928//928 1259//1259 929//929
f 1260//1260 1259//1259 682//682
f 254//254 253//253 1259//1259
f 1259//1259 253//253 684//684
f 1259//1259 684//684 682//682
f 303//303 301//301 756//756
f 756//756 301//301 1261//1261
f 756//756 1261//1261 758//758
f 758//758 1261//1261 920//920
f 758//758 920//920 762//762
f 946//946 951//951 1262//1262
f 946//946 1262//1262 947//947
f 1263//1263 1264//1264 1265//1265
f 1265//1265 1264//1264 949//949
f 1265//1265 949//949 947//947
f 951//951 953//953 1266//1266
f 358//358 352//352 956//956
f 1267//1267 352//352 1268//1268
f 1267//1267 1268//1268 955//955
f 955//955 1268//1268 953//953
f 1269//1269 1268//1268 1265//1265
f 1270//1270 1271//1271 904//904
f 1270//1270 904//904 911//911
f 299//299 298//298 675//675
f 675//675 298//298 916//916
f 675//675 916//916 672//672
f 344//344 343//343 900//900
f 900//900 343//343 764//764
f 900//900 764//764 1272//1272
f 1273//1273 920//920 1261//1261
f 1273//1273 1261//1261 1274//1274
f 1274//1274 1261//1261 301//301
f 1274//1274 301//301 1275//1275
f 344//344 1276//1276 342//342
f 342//342 1276//1276 1277//1277
f 342//342 1277//1277 339//339
f 339//339 1277//1277 1278//1278
f 339//339 1278//1278 336//336
f 336//336 1278//1278 1279//1279
f 336//336 1279//1279 333//333
f 333//333 1279//1279 1280//1280
f 333//333 1280//1280 330//330
f 330//330 1280//1280 1281//1281
f 330//330 1281//1281 327//327
f 327//327 1281//1281 1282//1282
f 327//327 1282//1282 324//324
f 324//324 1282//1282 1283//1283
f 324//324 1283//1283 321//321
f 321//321 1283//1283 1284//1284
f 321//321 1284//1284 314//314
f 314//314 1284//1284 1285//1285
f 314//314 1285//1285 315//315
f 315//315 1285//1285 1286//1286
f 315//315 1286//1286 312//312
f 312//312 1286//1286 1287//1287
f 312//312 1287//1287 305//305
f 305//305 1287//1287 1288//1288
f 305//305 1288//1288 306//306
f 306//306 1288//1288 1289//1289
f 306//306 1289//1289 300//300
f 300//300 1289//1289 382//382
f 300//300 382//382 301//301
f 301//301 382//382 1275//1275
f 380//380 925//925 1273//1273
f 1273//1273 925//925 920//920
f 344//344 900//900 1276//1276
f 1276//1276 900//900 1290//1290
f 378//378 241//241 1255//1255
f 378//378 1255//1255 379//379
f 379//379 1255//1255 925//925
f 379//379 925//925 380//380
f 899//899 454//454 900//900
f 900//900 454//454 1290//1290
f 155//155 157//157 388//388
f 388//388 157//157 241//241
f 388//388 241//241 378//378
f 454//454 899//899 1266//1266
f 454//454 1266//1266 455//455
f 455//455 1266//1266 352//352
f 455//455 352//352 457//457
f 381//381 23//23 148//148
f 381//381 148//148 1291//1291
f 1291//1291 148//148 150//150
f 1291//1291 150//150 1292//1292
f 1292//1292 150//150 152//152
f 1292//1292 152//152 1293//1293
f 1293//1293 152//152 154//154
f 1293//1293 154//154 427//427
f 427//427 154//154 197//197
f 427//427 197//197 1294//1294
f 1294//1294 197//197 200//200
f 1294//1294 200//200 1295//1295
f 1295//1295 200//200 156//156
f 1295//1295 156//156 389//389
f 389//389 156//156 155//155
f 389//389 155//155 388//388
f 457//457 352//352 458//458
f 458//458 352//352 351//351
f 458//458 351//351 593//593
f 1296//1296 1297//1297 50//50
f 50//50 44//44 1296//1296
f 1296//1296 44//44 39//39
f 1296//1296 39//39 1298//1298
f 1298//1298 39//39 1299//1299
f 1298//1298 1299//1299 1300//1300
f 1300//1300 1299//1299 1301//1301
f 1300//1300 1301//1301 1302//1302
f 1302//1302 1301//1301 1303//1303
f 1302//1302 1303//1303 1304//1304
f 1304//1304 1303//1303 1305//1305
f 1304//1304 1305//1305 1306//1306
f 1306//1306 1305//1305 1307//1307
f 1306//1306 1307//1307 1308//1308
f 1308//1308 1307//1307 1309//1309
f 1308//1308 1309//1309 1310//1310
f 1310//1310 1309//1309 1311//1311
f 1310//1310 1311//1311 1312//1312
f 1312//1312 1311//1311 1313//1313
f 1312//1312 1313//1313 1314//1314
f 1314//1314 1313//1313 1315//1315
f 1314//1314 1315//1315 1316//1316
f 1316//1316 1315//1315 1317//1317
f 1316//1316 1317//1317 1318//1318
f 1318//1318 1317//1317 1319//1319
f 1318//1318 1319//1319 1320//1320
f 1320//1320 1319//1319 1321//1321
f 1320//1320 1321//1321 1322//1322
f 1322//1322 1321//1321 21//21
f 1322//1322 21//21 383//383
f 383//383 21//21 23//23
f 383//383 23//23 381//381
f 50//50 1297//1297 1323//1323
f 458//458 593//593 456//456
f 456//456 593//593 592//592
f 456//456 592//592 1324//1324
f 1324//1324 592//592 658//658
f 1324//1324 658//658 1325//1325
f 1325//1325 658//658 594//594
f 1325//1325 594//594 1326//1326
f 1326//1326 594//594 596//596
f 1326//1326 596//596 1327//1327
f 1327//1327 596//596 598//598
f 1327//1327 598//598 1328//1328
f 1328//1328 598//598 600//600
f 1328//1328 600//600 1323//1323
f 1323//1323 600//600 602//602
f 1323//1323 602//602 50//50
f 254//254 1329//1329 256//256
f 256//256 1329//1329 549//549
f 256//256 549//549 259//259
f 259//259 549//549 1330//1330
f 259//259 1330//1330 262//262
f 262//262 1330//1330 1331//1331
f 262//262 1331//1331 265//265
f 265//265 1331//1331 1332//1332
f 265//265 1332//1332 268//268
f 268//268 1332//1332 1333//1333
f 268//268 1333//1333 271//271
f 271//271 1333//1333 1334//1334
f 271//271 1334//1334 274//274
f 274//274 1334//1334 1335//1335
f 274//274 1335//1335 277//277
f 277//277 1335//1335 1336//1336
f 277//277 1336//1336 280//280
f 280//280 1336//1336 1337//1337
f 280//280 1337//1337 283//283
f 283//283 1337//1337 1338//1338
f 283//283 1338//1338 286//286
f 286//286 1338//1338 1339//1339
f 286//286 1339//1339 289//289
f 289//289 1339//1339 1340//1340
f 289//289 1340//1340 292//292
f 292//292 1340//1340 1341//1341
f 292//292 1341//1341 295//295
f 295//295 1341//1341 1342//1342
f 295//295 1342//1342 298//298
f 298//298 1342//1342 1343//1343
f 1329//1329 254//254 1259//1259
f 1329//1329 1259//1259 566//566
f 566//566 1259//1259 1344//1344
f 566//566 1344//1344 564//564
f 916//916 298//298 1345//1345
f 1345//1345 298//298 1343//1343
f 934//934 560//560 1344//1344
f 1344//1344 560//560 564//564
f 479//479 912//912 1345//1345
f 1345//1345 912//912 916//916
f 560//560 934//934 1250//1250
f 560//560 1250//1250 561//561
f 561//561 1250//1250 238//238
f 561//561 238//238 484//484
f 477//477 349//349 1262//1262
f 477//477 1262//1262 478//478
f 478//478 1262//1262 912//912
f 478//478 912//912 479//479
f 174//174 173//173 238//238
f 238//238 173//173 485//485
f 238//238 485//485 484//484
f 349//349 477//477 650//650
f 650//650 477//477 1346//1346
f 650//650 1346//1346 584//584
f 1//1 550//550 187//187
f 187//187 550//550 1347//1347
f 187//187 1347//1347 185//185
f 185//185 1347//1347 1348//1348
f 185//185 1348//1348 183//183
f 183//183 1348//1348 1349//1349
f 183//183 1349//1349 181//181
f 181//181 1349//1349 569//569
f 181//181 569//569 179//179
f 179//179 1350//1350 565//565
f 179//179 565//565 177//177
f 177//177 565//565 1351//1351
f 177//177 1351//1351 175//175
f 175//175 1351//1351 486//486
f 175//175 486//486 173//173
f 173//173 486//486 485//485
f 655//655 1352//1352 644//644
f 644//644 1352//1352 1353//1353
f 644//644 1353//1353 646//646
f 646//646 1353//1353 1354//1354
f 646//646 1354//1354 648//648
f 584//584 1346//1346 585//585
f 585//585 1346//1346 1355//1355
f 585//585 1355//1355 652//652
f 652//652 1355//1355 1352//1352
f 652//652 1352//1352 654//654
f 654//654 1352//1352 655//655
f 548//548 550//550 1//1
f 1//1 3//3 548//548
f 548//548 3//3 1356//1356
f 548//548 1356//1356 1357//1357
f 1357//1357 1356//1356 1358//1358
f 1357//1357 1358//1358 1359//1359
f 1359//1359 1358//1358 1360//1360
f 1359//1359 1360//1360 1361//1361
f 1361//1361 1360//1360 1362//1362
f 1361//1361 1362//1362 1363//1363
f 1363//1363 1362//1362 1364//1364
f 1363//1363 1364//1364 1365//1365
f 1365//1365 1364//1364 1366//1366
f 1365//1365 1366//1366 1367//1367
f 1367//1367 1366//1366 1368//1368
f 1367//1367 1368//1368 1369//1369
f 1369//1369 1368//1368 1370//1370
f 1369//1369 1370//1370 1371//1371
f 1371//1371 1370//1370 1372//1372
f 1371//1371 1372//1372 1373//1373
f 1373//1373 1372//1372 1374//1374
f 1373//1373 1374//1374 1375//1375
f 1375//1375 1374//1374 1376//1376
f 1375//1375 1376//1376 1377//1377
f 1377//1377 1376//1376 1378//1378
f 1377//1377 1378//1378 1379//1379
f 1379//1379 1378//1378 36//36
f 1379//1379 36//36 1380//1380
f 1380//1380 36//36 26//26
f 1380//1380 26//26 1381//1381
f 1381//1381 26//26 31//31
f 1381//1381 31//31 1382//1382
f 648//648 1354//1354 31//31
f 31//31 1354//1354 1382//1382
f 1383//1383 1384//1384 1385//1385
f 1385//1385 1384//1384 1386//1386
f 1385//1385 1386//1386 1387//1387
f 1388//1388 1389//1389 1390//1390
f 1390//1390 1389//1389 1391//1391
f 1391//1391 1389//1389 1387//1387
f 1387//1387 1389//1389 1392//1392
f 1387//1387 1392//1392 1393//1393
f 1393//1393 1394//1394 1387//1387
f 1387//1387 1394//1394 1395//1395
f 1387//1387 1395//1395 1385//1385
f 1394//1394 1396//1396 1395//1395
f 1395//1395 1396//1396 1397//1397
f 1395//1395 1397//1397 1398//1398
f 1399//1399 1400//1400 1398//1398
f 1398//1398 1400//1400 1401//1401
f 1398//1398 1401//1401 1395//1395
f 1395//1395 1402//1402 1403//1403
f 1403//1403 1402//1402 1404//1404
f 1403//1403 1404//1404 1405//1405
f 1406//1406 1407//1407 1408//1408
f 1408//1408 1407//1407 1409//1409
f 1408//1408 1409//1409 1410//1410
f 1410//1410 1411//1411 1408//1408
f 1408//1408 1411//1411 1412//1412
f 1408//1408 1412//1412 1413//1413
f 1406//1406 1408//1408 1414//1414
f 1415//1415 1416//1416 1417//1417
f 1414//1414 1418//1418 1419//1419
f 1420//1420 1421//1421 1422//1422
f 1423//1423 1424//1424 1425//1425
f 1422//1422 1426//1426 1427//1427
f 1427//1427 1426//1426 1428//1428
f 1429//1429 1428//1428 1430//1430
f 1430//1430 1428//1428 1426//1426
f 1430//1430 1426//1426 1431//1431
f 1431//1431 1426//1426 1432//1432
f 1395//1395 1403//1403 1385//1385
f 1433//1433 1434//1434 1435//1435
f 1433//1433 1435//1435 1436//1436
f 1437//1437 1438//1438 1439//1439
f 1437//1437 1439//1439 1440//1440
f 1441//1441 1442//1442 1443//1443
f 1441//1441 1443//1443 1444//1444
f 1445//1445 1446//1446 1447//1447
f 1445//1445 1447//1447 1448//1448
f 1449//1449 1450//1450 1451//1451
f 1449//1449 1451//1451 1452//1452
f 1453//1453 1454//1454 1455//1455
f 1453//1453 1455//1455 1456//1456
f 1457//1457 1458//1458 1459//1459
f 1457//1457 1459//1459 1460//1460
f 1461//1461 1462//1462 1463//1463
f 1461//1461 1463//1463 1464//1464
f 1465//1465 1466//1466 1467//1467
f 1465//1465 1467//1467 1468//1468
f 1469//1469 1470//1470 1471//1471
f 1469//1469 1471//1471 1472//1472
f 1473//1473 1474//1474 1475//1475
f 1473//1473 1475//1475 1476//1476
f 1477//1477 1478//1478 1479//1479
f 1477//1477 1479//1479 1480//1480
f 1481//1481 1482//1482 1483//1483
f 1481//1481 1483//1483 1484//1484
f 1485//1485 1486//1486 1487//1487
f 1418//1418 1420//1420 1419//1419
f 1488//1488 1489//1489 1490//1490
f 1491//1491 1492//1492 1493//1493
f 1493//1493 1492//1492 1386//1386
f 1386//1386 1492//1492 1494//1494
f 1386//1386 1494//1494 1495//1495
f 1495//1495 1496//1496 1386//1386
f 1386//1386 1496//1496 1497//1497
f 1386//1386 1497//1497 1388//1388
f 1388//1388 1390//1390 1386//1386
f 1386//1386 1390//1390 1391//1391
f 1386//1386 1391//1391 1387//1387
f 1498//1498 1499//1499 1500//1500
f 1500//1500 1499//1499 1501//1501
f 1499//1499 1502//1502 1501//1501
f 1501//1501 1502//1502 1503//1503
f 1501//1501 1503//1503 1493//1493
f 1493//1493 1503//1503 1504//1504
f 1493//1493 1504//1504 1491//1491
f 1505//1505 1506//1506 1507//1507
f 1507//1507 1506//1506 1508//1508
f 1507//1507 1508//1508 1498//1498
f 1498//1498 1508//1508 1509//1509
f 1498//1498 1509//1509 1510//1510
f 1510//1510 1511//1511 1498//1498
f 1498//1498 1511//1511 1512//1512
f 1498//1498 1512//1512 1499//1499
f 1513//1513 1514//1514 1515//1515
f 1515//1515 1514//1514 1516//1516
f 1515//1515 1516//1516 1517//1517
f 1518//1518 1519//1519 1520//1520
f 1520//1520 1519//1519 1521//1521
f 1520//1520 1521//1521 1522//1522
f 1399//1399 1523//1523 1400//1400
f 1400//1400 1523//1523 1402//1402
f 1400//1400 1402//1402 1401//1401
f 1401//1401 1402//1402 1395//1395
f 1523//1523 1524//1524 1402//1402
f 1402//1402 1524//1524 1525//1525
f 1526//1526 1527//1527 1521//1521
f 1521//1521 1525//1525 1528//1528
f 1521//1521 1528//1528 1522//1522
f 1405//1405 1529//1529 1530//1530
f 1530//1530 1529//1529 1531//1531
f 1530//1530 1531//1531 1532//1532
f 1532//1532 1531//1531 1533//1533
f 1532//1532 1533//1533 1534//1534
f 1534//1534 1533//1533 1535//1535
f 1534//1534 1535//1535 1536//1536
f 1537//1537 1538//1538 1539//1539
f 1539//1539 1538//1538 1540//1540
f 1539//1539 1540//1540 1541//1541
f 1541//1541 1540//1540 1542//1542
f 1541//1541 1542//1542 1543//1543
f 1543//1543 1542//1542 1544//1544
f 1544//1544 1542//1542 1545//1545
f 1544//1544 1545//1545 1546//1546
f 1546//1546 1545//1545 1547//1547
f 1547//1547 1545//1545 1548//1548
f 1547//1547 1548//1548 1549//1549
f 1549//1549 1548//1548 1550//1550
f 1549//1549 1550//1550 1551//1551
f 1551//1551 1550//1550 1552//1552
f 1552//1552 1550//1550 1553//1553
f 1552//1552 1553//1553 1554//1554
f 1555//1555 1556//1556 1557//1557
f 1557//1557 1556//1556 1488//1488
f 1488//1488 1490//1490 1557//1557
f 1557//1557 1490//1490 1558//1558
f 1557//1557 1558//1558 1559//1559
f 1559//1559 1558//1558 1560//1560
f 1559//1559 1560//1560 1561//1561
f 1561//1561 1560//1560 1562//1562
f 1561//1561 1562//1562 1563//1563
f 1563//1563 1562//1562 1564//1564
f 1563//1563 1564//1564 1565//1565
f 1565//1565 1564//1564 1566//1566
f 1565//1565 1566//1566 1567//1567
f 1567//1567 1566//1566 1568//1568
f 1567//1567 1568//1568 1569//1569
f 1569//1569 1568//1568 1384//1384
f 1569//1569 1384//1384 1383//1383
f 1517//1517 1505//1505 1515//1515
f 1515//1515 1505//1505 1507//1507
f 1515//1515 1507//1507 1570//1570
f 1570//1570 1507//1507 1498//1498
f 1570//1570 1498//1498 1571//1571
f 1571//1571 1498//1498 1500//1500
f 1571//1571 1500//1500 1572//1572
f 1518//1518 1573//1573 1519//1519
f 1519//1519 1573//1573 1513//1513
f 1519//1519 1513//1513 1574//1574
f 1574//1574 1513//1513 1515//1515
f 1574//1574 1515//1515 1575//1575
f 1575//1575 1515//1515 1570//1570
f 1575//1575 1570//1570 1576//1576
f 1576//1576 1570//1570 1571//1571
f 1576//1576 1571//1571 1577//1577
f 1577//1577 1571//1571 1572//1572
f 1577//1577 1572//1572 1578//1578
f 1579//1579 1536//1536 1580//1580
f 1580//1580 1536//1536 1535//1535
f 1580//1580 1535//1535 1581//1581
f 1582//1582 1579//1579 1583//1583
f 1583//1583 1579//1579 1580//1580
f 1583//1583 1580//1580 1584//1584
f 1584//1584 1580//1580 1581//1581
f 1584//1584 1581//1581 1585//1585
f 1538//1538 1582//1582 1540//1540
f 1540//1540 1582//1582 1583//1583
f 1540//1540 1583//1583 1542//1542
f 1542//1542 1583//1583 1584//1584
f 1542//1542 1584//1584 1545//1545
f 1545//1545 1584//1584 1585//1585
f 1545//1545 1585//1585 1548//1548
f 1405//1405 1404//1404 1529//1529
f 1529//1529 1404//1404 1526//1526
f 1529//1529 1526//1526 1531//1531
f 1531//1531 1526//1526 1521//1521
f 1531//1531 1521//1521 1533//1533
f 1533//1533 1521//1521 1519//1519
f 1533//1533 1519//1519 1535//1535
f 1535//1535 1519//1519 1574//1574
f 1535//1535 1574//1574 1581//1581
f 1581//1581 1574//1574 1575//1575
f 1581//1581 1575//1575 1585//1585
f 1585//1585 1575//1575 1576//1576
f 1585//1585 1576//1576 1548//1548
f 1548//1548 1576//1576 1577//1577
f 1548//1548 1577//1577 1550//1550
f 1550//1550 1577//1577 1578//1578
f 1550//1550 1578//1578 1553//1553
f 1489//1489 1554//1554 1490//1490
f 1490//1490 1554//1554 1553//1553
f 1490//1490 1553//1553 1558//1558
f 1558//1558 1553//1553 1578//1578
f 1558//1558 1578//1578 1560//1560
f 1560//1560 1578//1578 1572//1572
f 1560//1560 1572//1572 1562//1562
f 1562//1562 1572//1572 1500//1500
f 1562//1562 1500//1500 1564//1564
f 1564//1564 1500//1500 1501//1501
f 1564//1564 1501//1501 1566//1566
f 1566//1566 1501//1501 1493//1493
f 1566//1566 1493//1493 1568//1568
f 1568//1568 1586//1586 1587//1587
f 1568//1568 1587//1587 1384//1384
f 1588//1588 1589//1589 1590//1590
f 1590//1590 1589//1589 1591//1591
f 1592//1592 1593//1593 1594//1594
f 1594//1594 1593//1593 1595//1595
f 1594//1594 1595//1595 1590//1590
f 1590//1590 1595//1595 1596//1596
f 1590//1590 1596//1596 1588//1588
f 1597//1597 1598//1598 1592//1592
f 1592//1592 1598//1598 1599//1599
f 1592//1592 1599//1599 1593//1593
f 1600//1600 1601//1601 1597//1597
f 1597//1597 1601//1601 1602//1602
f 1597//1597 1602//1602 1598//1598
f 1589//1589 1603//1603 1591//1591
f 1591//1591 1603//1603 1604//1604
f 1591//1591 1604//1604 1605//1605
f 1605//1605 1604//1604 1606//1606
f 1605//1605 1606//1606 1607//1607
f 1607//1607 1606//1606 1608//1608
f 1607//1607 1608//1608 1609//1609
f 1609//1609 1608//1608 1610//1610
f 1609//1609 1610//1610 1611//1611
f 1611//1611 1610//1610 1612//1612
f 1611//1611 1612//1612 1613//1613
f 1613//1613 1612//1612 1614//1614
f 1613//1613 1614//1614 1615//1615
f 1615//1615 1614//1614 1616//1616
f 1615//1615 1616//1616 1600//1600
f 1600//1600 1616//1616 1617//1617
f 1600//1600 1617//1617 1601//1601
f 1551//1551 1618//1618 1619//1619
f 1620//1620 1621//1621 1622//1622
f 1623//1623 1539//1539 1541//1541
f 1604//1604 1623//1623 1606//1606
f 1624//1624 1625//1625 1626//1626
f 1606//1606 1541//1541 1627//1627
f 1627//1627 1541//1541 1543//1543
f 1627//1627 1543//1543 1628//1628
f 1628//1628 1543//1543 1544//1544
f 1556//1556 1620//1620 1488//1488
f 1629//1629 1630//1630 1631//1631
f 1632//1632 1622//1622 1633//1633
f 1633//1633 1622//1622 1634//1634
f 1633//1633 1634//1634 1554//1554
f 1554//1554 1634//1634 1618//1618
f 1554//1554 1618//1618 1552//1552
f 1552//1552 1618//1618 1551//1551
f 1544//1544 1546//1546 1628//1628
f 1628//1628 1546//1546 1547//1547
f 1628//1628 1547//1547 1619//1619
f 1619//1619 1547//1547 1549//1549
f 1619//1619 1549//1549 1551//1551
f 1635//1635 1636//1636 1637//1637
f 1637//1637 1636//1636 1638//1638
f 1637//1637 1638//1638 1639//1639
f 1639//1639 1638//1638 1640//1640
f 1640//1640 1638//1638 1641//1641
f 1640//1640 1641//1641 1642//1642
f 1642//1642 1641//1641 1643//1643
f 1643//1643 1641//1641 1644//1644
f 1643//1643 1644//1644 1645//1645
f 1645//1645 1644//1644 1646//1646
f 1646//1646 1644//1644 1647//1647
f 1646//1646 1647//1647 1648//1648
f 1648//1648 1647//1647 1649//1649
f 1649//1649 1647//1647 1650//1650
f 1649//1649 1650//1650 1651//1651
f 1651//1651 1650//1650 1652//1652
f 1652//1652 1650//1650 1653//1653
f 1652//1652 1653//1653 1654//1654
f 1654//1654 1653//1653 1655//1655
f 1655//1655 1653//1653 1656//1656
f 1655//1655 1656//1656 1657//1657
f 1657//1657 1656//1656 1658//1658
f 1658//1658 1656//1656 1659//1659
f 1658//1658 1659//1659 1660//1660
f 1660//1660 1659//1659 1661//1661
f 1661//1661 1659//1659 1662//1662
f 1661//1661 1662//1662 1663//1663
f 1663//1663 1662//1662 1664//1664
f 1664//1664 1662//1662 1665//1665
f 1664//1664 1665//1665 1666//1666
f 1666//1666 1665//1665 1667//1667
f 1667//1667 1665//1665 1668//1668
f 1667//1667 1668//1668 1669//1669
f 1669//1669 1668//1668 1670//1670
f 1670//1670 1668//1668 1671//1671
f 1670//1670 1671//1671 1672//1672
f 1672//1672 1671//1671 1673//1673
f 1673//1673 1671//1671 1674//1674
f 1673//1673 1674//1674 1675//1675
f 1675//1675 1674//1674 1676//1676
f 1676//1676 1674//1674 1677//1677
f 1676//1676 1677//1677 1678//1678
f 1678//1678 1677//1677 1679//1679
f 1679//1679 1677//1677 1680//1680
f 1679//1679 1680//1680 1681//1681
f 1682//1682 1683//1683 1684//1684
f 1682//1682 1684//1684 1685//1685
f 1684//1684 1686//1686 1685//1685
f 1685//1685 1686//1686 1687//1687
f 1685//1685 1687//1687 1688//1688
f 1689//1689 1690//1690 1691//1691
f 1687//1687 1692//1692 1688//1688
f 1688//1688 1692//1692 1693//1693
f 1688//1688 1693//1693 1691//1691
f 1691//1691 1693//1693 1694//1694
f 1691//1691 1694//1694 1689//1689
f 1689//1689 1695//1695 1690//1690
f 1690//1690 1695//1695 1696//1696
f 1690//1690 1696//1696 1697//1697
f 1698//1698 1699//1699 1700//1700
f 1696//1696 1701//1701 1697//1697
f 1697//1697 1701//1701 1702//1702
f 1697//1697 1702//1702 1700//1700
f 1700//1700 1702//1702 1703//1703
f 1700//1700 1703//1703 1698//1698
f 1704//1704 1705//1705 1706//1706
f 1698//1698 1707//1707 1699//1699
f 1699//1699 1707//1707 1708//1708
f 1699//1699 1708//1708 1706//1706
f 1706//1706 1708//1708 1709//1709
f 1706//1706 1709//1709 1704//1704
f 1710//1710 1711//1711 1712//1712
f 1704//1704 1713//1713 1705//1705
f 1705//1705 1713//1713 1714//1714
f 1705//1705 1714//1714 1712//1712
f 1712//1712 1714//1714 1715//1715
f 1712//1712 1715//1715 1710//1710
f 1710//1710 1716//1716 1711//1711
f 1711//1711 1716//1716 1717//1717
f 1711//1711 1717//1717 1718//1718
f 1717//1717 1719//1719 1718//1718
f 1718//1718 1719//1719 1720//1720
f 1718//1718 1720//1720 1721//1721
f 1720//1720 1722//1722 1721//1721
f 1721//1721 1722//1722 1723//1723
f 1721//1721 1723//1723 1724//1724
f 1725//1725 1726//1726 1727//1727
f 1727//1727 1726//1726 1724//1724
f 1727//1727 1724//1724 1728//1728
f 1728//1728 1724//1724 1723//1723
f 1729//1729 1730//1730 1731//1731
f 1732//1732 1733//1733 1734//1734
f 1735//1735 1736//1736 1734//1734
f 1734//1734 1736//1736 1737//1737
f 1738//1738 1739//1739 1740//1740
f 1732//1732 1737//1737 1741//1741
f 1732//1732 1741//1741 1742//1742
f 1742//1742 1741//1741 1743//1743
f 1731//1731 1744//1744 1745//1745
f 1746//1746 1747//1747 1743//1743
f 1743//1743 1747//1747 1748//1748
f 1743//1743 1748//1748 1742//1742
f 1729//1729 1731//1731 1749//1749
f 1750//1750 1751//1751 1752//1752
f 1749//1749 1745//1745 1753//1753
f 1754//1754 1755//1755 1746//1746
f 1746//1746 1755//1755 1756//1756
f 1746//1746 1756//1756 1747//1747
f 1745//1745 1757//1757 1753//1753
f 1753//1753 1757//1757 1758//1758
f 1753//1753 1758//1758 1754//1754
f 1754//1754 1758//1758 1759//1759
f 1754//1754 1759//1759 1755//1755
f 1760//1760 1761//1761 1762//1762
f 1763//1763 1760//1760 1764//1764
f 1764//1764 1760//1760 1762//1762
f 1764//1764 1765//1765 1766//1766
f 1767//1767 1768//1768 1769//1769
f 1770//1770 1771//1771 1772//1772
f 1773//1773 1774//1774 1775//1775
f 1775//1775 1774//1774 1776//1776
f 1775//1775 1776//1776 1777//1777
f 1778//1778 1779//1779 1780//1780
f 1781//1781 1782//1782 1783//1783
f 1784//1784 1785//1785 1786//1786
f 1786//1786 1785//1785 1787//1787
f 1782//1782 1788//1788 1789//1789
f 1790//1790 1787//1787 1791//1791
f 1792//1792 1793//1793 1794//1794
f 1795//1795 1791//1791 1796//1796
f 1794//1794 1797//1797 1798//1798
f 1799//1799 1796//1796 1800//1800
f 1799//1799 1800//1800 1801//1801
f 1802//1802 1803//1803 1804//1804
f 1805//1805 1806//1806 1807//1807
f 1805//1805 1807//1807 1808//1808
f 1809//1809 1810//1810 1811//1811
f 1811//1811 1810//1810 1812//1812
f 1811//1811 1812//1812 1813//1813
f 1813//1813 1812//1812 1814//1814
f 1813//1813 1814//1814 1815//1815
f 1815//1815 1814//1814 1816//1816
f 1815//1815 1817//1817 1818//1818
f 1819//1819 1816//1816 1820//1820
f 1818//1818 1821//1821 1822//1822
f 1823//1823 1820//1820 1824//1824
f 1822//1822 1825//1825 1826//1826
f 1824//1824 1827//1827 1828//1828
f 1828//1828 1827//1827 1829//1829
f 1826//1826 1829//1829 1830//1830
f 1830//1830 1829//1829 1831//1831
f 1830//1830 1831//1831 1832//1832
f 1832//1832 1831//1831 1833//1833
f 1832//1832 1833//1833 1834//1834
f 1834//1834 1833//1833 1835//1835
f 1834//1834 1835//1835 1836//1836
f 1837//1837 1835//1835 1838//1838
f 1836//1836 1839//1839 1840//1840
f 1841//1841 1838//1838 1842//1842
f 1840//1840 1843//1843 1783//1783
f 1844//1844 1842//1842 1845//1845
f 1844//1844 1845//1845 1781//1781
f 1808//1808 1846//1846 1805//1805
f 1805//1805 1846//1846 1847//1847
f 1848//1848 1849//1849 1850//1850
f 1851//1851 1847//1847 1852//1852
f 1853//1853 1854//1854 1809//1809
f 1855//1855 1852//1852 1856//1856
f 1855//1855 1856//1856 1771//1771
f 1857//1857 1858//1858 1859//1859
f 1860//1860 1861//1861 1862//1862
f 1863//1863 1864//1864 1865//1865
f 1866//1866 1867//1867 1868//1868
f 1869//1869 1870//1870 1871//1871
f 1872//1872 1873//1873 1874//1874
f 1862//1862 1875//1875 1876//1876
f 1862//1862 1876//1876 1860//1860
f 1877//1877 1878//1878 1879//1879
f 1879//1879 1878//1878 1880//1880
f 1881//1881 1882//1882 1883//1883
f 1884//1884 1885//1885 1886//1886
f 1887//1887 1888//1888 1889//1889
f 1890//1890 1891//1891 1892//1892
f 1889//1889 1893//1893 1894//1894
f 1895//1895 1896//1896 1864//1864
f 1894//1894 1897//1897 1898//1898
f 1899//1899 1900//1900 1901//1901
f 1902//1902 1903//1903 1904//1904
f 1904//1904 1903//1903 1905//1905
f 1904//1904 1905//1905 1906//1906
f 1906//1906 1905//1905 1907//1907
f 1906//1906 1907//1907 1908//1908
f 1908//1908 1907//1907 1909//1909
f 1908//1908 1909//1909 1910//1910
f 1910//1910 1909//1909 1911//1911
f 1910//1910 1912//1912 1913//1913
f 1914//1914 1911//1911 1915//1915
f 1913//1913 1916//1916 1865//1865
f 1917//1917 1915//1915 1918//1918
f 1917//1917 1918//1918 1863//1863
f 1874//1874 1919//1919 1872//1872
f 1872//1872 1919//1919 1920//1920
f 1921//1921 1922//1922 1923//1923
f 1924//1924 1920//1920 1925//1925
f 1923//1923 1926//1926 1927//1927
f 1928//1928 1925//1925 1929//1929
f 1928//1928 1929//1929 1868//1868
f 1866//1866 1930//1930 1867//1867
f 1931//1931 1932//1932 1933//1933
f 1870//1870 1934//1934 1935//1935
f 1935//1935 1934//1934 1936//1936
f 1935//1935 1936//1936 1937//1937
f 1937//1937 1936//1936 1938//1938
f 1937//1937 1938//1938 1939//1939
f 1939//1939 1938//1938 1940//1940
f 1939//1939 1940//1940 1941//1941
f 1942//1942 1940//1940 1943//1943
f 1941//1941 1944//1944 1945//1945
f 1946//1946 1943//1943 1947//1947
f 1945//1945 1948//1948 1902//1902
f 1949//1949 1947//1947 1950//1950
f 1949//1949 1950//1950 1903//1903
f 1951//1951 1952//1952 1953//1953
f 1954//1954 1955//1955 1956//1956
f 1957//1957 1958//1958 1959//1959
f 1960//1960 1429//1429 1430//1430
f 1757//1757 1745//1745 1961//1961
f 1744//1744 1962//1962 1963//1963
f 1732//1732 1964//1964 1965//1965
f 1965//1965 1964//1964 1748//1748
f 1965//1965 1748//1748 1966//1966
f 1966//1966 1748//1748 1747//1747
f 1966//1966 1747//1747 1967//1967
f 1967//1967 1747//1747 1756//1756
f 1967//1967 1756//1756 1968//1968
f 1968//1968 1756//1756 1755//1755
f 1969//1969 1970//1970 1965//1965
f 1965//1965 1970//1970 1733//1733
f 1965//1965 1733//1733 1732//1732
f 1971//1971 1972//1972 1973//1973
f 1973//1973 1972//1972 1974//1974
f 1973//1973 1974//1974 1975//1975
f 1975//1975 1974//1974 1976//1976
f 1975//1975 1976//1976 1977//1977
f 1977//1977 1976//1976 1978//1978
f 1977//1977 1978//1978 1979//1979
f 1979//1979 1978//1978 1431//1431
f 1979//1979 1431//1431 1432//1432
f 1960//1960 1430//1430 1980//1980
f 1981//1981 1982//1982 1983//1983
f 1981//1981 1983//1983 1430//1430
f 1430//1430 1983//1983 1984//1984
f 1430//1430 1984//1984 1980//1980
f 1958//1958 1985//1985 1959//1959
f 1959//1959 1985//1985 1986//1986
f 1959//1959 1986//1986 1987//1987
f 1986//1986 1988//1988 1987//1987
f 1987//1987 1988//1988 1989//1989
f 1987//1987 1989//1989 1981//1981
f 1981//1981 1989//1989 1990//1990
f 1981//1981 1990//1990 1982//1982
f 1991//1991 1992//1992 1993//1993
f 1993//1993 1992//1992 1994//1994
f 1994//1994 1995//1995 1993//1993
f 1993//1993 1995//1995 1957//1957
f 1993//1993 1957//1957 1996//1996
f 1996//1996 1957//1957 1959//1959
f 1996//1996 1959//1959 1997//1997
f 1998//1998 1999//1999 2000//2000
f 2000//2000 1999//1999 1953//1953
f 2000//2000 1953//1953 2001//2001
f 2001//2001 1953//1953 1952//1952
f 2001//2001 1952//1952 2002//2002
f 2002//2002 1952//1952 1956//1956
f 2002//2002 1956//1956 2003//2003
f 1955//1955 2004//2004 1956//1956
f 1956//1956 2004//2004 2005//2005
f 1956//1956 2005//2005 2003//2003
f 2006//2006 2007//2007 2008//2008
f 2009//2009 2010//2010 2011//2011
f 2011//2011 2012//2012 2009//2009
f 2009//2009 2012//2012 2013//2013
f 2009//2009 2013//2013 2007//2007
f 2007//2007 2013//2013 2014//2014
f 2007//2007 2014//2014 2008//2008
f 1410//1410 2015//2015 1411//1411
f 1411//1411 2015//2015 2016//2016
f 2016//2016 2017//2017 1411//1411
f 1411//1411 2017//2017 2018//2018
f 1411//1411 2018//2018 2010//2010
f 2010//2010 2018//2018 2019//2019
f 2010//2010 2019//2019 2011//2011
f 2020//2020 2021//2021 2022//2022
f 2022//2022 2021//2021 2023//2023
f 2022//2022 2023//2023 2024//2024
f 2024//2024 2023//2023 2025//2025
f 2024//2024 2025//2025 2026//2026
f 2026//2026 2025//2025 1413//1413
f 1745//1745 1744//1744 1961//1961
f 1961//1961 2027//2027 1963//1963
f 1961//1961 1963//1963 2028//2028
f 2028//2028 1963//1963 2029//2029
f 2028//2028 2029//2029 2030//2030
f 2030//2030 2029//2029 2031//2031
f 2030//2030 2031//2031 2020//2020
f 2020//2020 2031//2031 2032//2032
f 2020//2020 2032//2032 2021//2021
f 2008//2008 1954//1954 2006//2006
f 2006//2006 1954//1954 1956//1956
f 2006//2006 1956//1956 2033//2033
f 2033//2033 1956//1956 1952//1952
f 2033//2033 1952//1952 2034//2034
f 2034//2034 1952//1952 1951//1951
f 2034//2034 1951//1951 1758//1758
f 1758//1758 1951//1951 1759//1759
f 1971//1971 2035//2035 1997//1997
f 1997//1997 2035//2035 2036//2036
f 1997//1997 2036//2036 1996//1996
f 1996//1996 2036//2036 2037//2037
f 1996//1996 2037//2037 1993//1993
f 1993//1993 2037//2037 1999//1999
f 1993//1993 1999//1999 1991//1991
f 1991//1991 1999//1999 1998//1998
f 2035//2035 1969//1969 2036//2036
f 2036//2036 1969//1969 1965//1965
f 2036//2036 1965//1965 2037//2037
f 2037//2037 1965//1965 1966//1966
f 2037//2037 1966//1966 1999//1999
f 1999//1999 1966//1966 1967//1967
f 1999//1999 1967//1967 1953//1953
f 1953//1953 1967//1967 1968//1968
f 1953//1953 1968//1968 1951//1951
f 1951//1951 1968//1968 1755//1755
f 1951//1951 1755//1755 1759//1759
f 1971//1971 1997//1997 1972//1972
f 1972//1972 1997//1997 1959//1959
f 1972//1972 1959//1959 1974//1974
f 1974//1974 1959//1959 1987//1987
f 1974//1974 1987//1987 1976//1976
f 1976//1976 1987//1987 1981//1981
f 1976//1976 1981//1981 1978//1978
f 1978//1978 2038//2038 2039//2039
f 1978//1978 2039//2039 1431//1431
f 1758//1758 1757//1757 2034//2034
f 2034//2034 2040//2040 1961//1961
f 2034//2034 1961//1961 2033//2033
f 2033//2033 1961//1961 2028//2028
f 2033//2033 2028//2028 2006//2006
f 2006//2006 2028//2028 2030//2030
f 2006//2006 2030//2030 2007//2007
f 2007//2007 2030//2030 2020//2020
f 2007//2007 2020//2020 2009//2009
f 2009//2009 2020//2020 2022//2022
f 2009//2009 2022//2022 2010//2010
f 2010//2010 2022//2022 2024//2024
f 2041//2041 2024//2024 2042//2042
f 2042//2042 2024//2024 2026//2026
f 2042//2042 2026//2026 1412//1412
f 1412//1412 2026//2026 1413//1413
f 2043//2043 2044//2044 2045//2045
f 2046//2046 2047//2047 2048//2048
f 2048//2048 2047//2047 2049//2049
f 2049//2049 2047//2047 2050//2050
f 2049//2049 2051//2051 2052//2052
f 2053//2053 2050//2050 2054//2054
f 2052//2052 2055//2055 1681//1681
f 2056//2056 2057//2057 2058//2058
f 2044//2044 2043//2043 2057//2057
f 2057//2057 2043//2043 2059//2059
f 2060//2060 2059//2059 2061//2061
f 2061//2061 1635//1635 2062//2062
f 2056//2056 2063//2063 2064//2064
f 2056//2056 2064//2064 2065//2065
f 2065//2065 2064//2064 2066//2066
f 2065//2065 2066//2066 2067//2067
f 2067//2067 2066//2066 2068//2068
f 2067//2067 2068//2068 2069//2069
f 2069//2069 2068//2068 2070//2070
f 2069//2069 2070//2070 2071//2071
f 2071//2071 2070//2070 2072//2072
f 2071//2071 2072//2072 2073//2073
f 2073//2073 2072//2072 2074//2074
f 2073//2073 2074//2074 2075//2075
f 2075//2075 2074//2074 2076//2076
f 2075//2075 2076//2076 2077//2077
f 2077//2077 2076//2076 2078//2078
f 2077//2077 2078//2078 2079//2079
f 2079//2079 2078//2078 2080//2080
f 2081//2081 2055//2055 2082//2082
f 2082//2082 2054//2054 2083//2083
f 2082//2082 2083//2083 2084//2084
f 2084//2084 2083//2083 2085//2085
f 2084//2084 2085//2085 2086//2086
f 2086//2086 2085//2085 2087//2087
f 2086//2086 2087//2087 2088//2088
f 2088//2088 2087//2087 2089//2089
f 2088//2088 2089//2089 2090//2090
f 2090//2090 2089//2089 2091//2091
f 2090//2090 2091//2091 2092//2092
f 2092//2092 2091//2091 2093//2093
f 2092//2092 2093//2093 2094//2094
f 2094//2094 2093//2093 2095//2095
f 2094//2094 2095//2095 2096//2096
f 2096//2096 2095//2095 2097//2097
f 2096//2096 2097//2097 2098//2098
f 2098//2098 2097//2097 2099//2099
f 2098//2098 2099//2099 2100//2100
f 2100//2100 2099//2099 2101//2101
f 2100//2100 2101//2101 2102//2102
f 2102//2102 2101//2101 2103//2103
f 2102//2102 2103//2103 2104//2104
f 2104//2104 2103//2103 2105//2105
f 2104//2104 2105//2105 2106//2106
f 2106//2106 2105//2105 2107//2107
f 2106//2106 2107//2107 2108//2108
f 2108//2108 2107//2107 2109//2109
f 2108//2108 2109//2109 2110//2110
f 2110//2110 2109//2109 2111//2111
f 2110//2110 2111//2111 2112//2112
f 2112//2112 2111//2111 2113//2113
f 2112//2112 2113//2113 2114//2114
f 2114//2114 2113//2113 2115//2115
f 2114//2114 2115//2115 2116//2116
f 2116//2116 2115//2115 2117//2117
f 2116//2116 2117//2117 2118//2118
f 2118//2118 2117//2117 2119//2119
f 2118//2118 2119//2119 2120//2120
f 2120//2120 2119//2119 2121//2121
f 2120//2120 2121//2121 2080//2080
f 2080//2080 2121//2121 2122//2122
f 2080//2080 2122//2122 2079//2079
f 2123//2123 2124//2124 2125//2125
f 2125//2125 2124//2124 2126//2126
f 2127//2127 2128//2128 2129//2129
f 2128//2128 2127//2127 2130//2130
f 2130//2130 2127//2127 2131//2131
f 2130//2130 2131//2131 2132//2132
f 1683//1683 2133//2133 2134//2134
f 2134//2134 2133//2133 2135//2135
f 2126//2126 2136//2136 2137//2137
f 2138//2138 2135//2135 2139//2139
f 2138//2138 2139//2139 2140//2140
f 2131//2131 2141//2141 2132//2132
f 2132//2132 2141//2141 1725//1725
f 2132//2132 2142//2142 2143//2143
f 2143//2143 2142//2142 2144//2144
f 2143//2143 2144//2144 2145//2145
f 2145//2145 2144//2144 2146//2146
f 2145//2145 2146//2146 2147//2147
f 2147//2147 2146//2146 2148//2148
f 2147//2147 2148//2148 2149//2149
f 2149//2149 2148//2148 2150//2150
f 2149//2149 2150//2150 2151//2151
f 2151//2151 2150//2150 2152//2152
f 2151//2151 2152//2152 2153//2153
f 2153//2153 2152//2152 2154//2154
f 2153//2153 2154//2154 2155//2155
f 2155//2155 2154//2154 2156//2156
f 2155//2155 2156//2156 2157//2157
f 2157//2157 2156//2156 2158//2158
f 2157//2157 2158//2158 2159//2159
f 2159//2159 2158//2158 2160//2160
f 2159//2159 2160//2160 2161//2161
f 2161//2161 2160//2160 2162//2162
f 2161//2161 2162//2162 2163//2163
f 2163//2163 2162//2162 2164//2164
f 2163//2163 2164//2164 2165//2165
f 2165//2165 2164//2164 2166//2166
f 2165//2165 2166//2166 2167//2167
f 2167//2167 2166//2166 2168//2168
f 2167//2167 2168//2168 2169//2169
f 2169//2169 2168//2168 2170//2170
f 2169//2169 2170//2170 2171//2171
f 2171//2171 2170//2170 2172//2172
f 2171//2171 2172//2172 2173//2173
f 2173//2173 2172//2172 2174//2174
f 2173//2173 2174//2174 2175//2175
f 2175//2175 2174//2174 2176//2176
f 2175//2175 2176//2176 2177//2177
f 2177//2177 2176//2176 2178//2178
f 2177//2177 2178//2178 2179//2179
f 2179//2179 2178//2178 2180//2180
f 2179//2179 2180//2180 2181//2181
f 2181//2181 2180//2180 2182//2182
f 2181//2181 2182//2182 2183//2183
f 2183//2183 2182//2182 2184//2184
f 2183//2183 2184//2184 2185//2185
f 2185//2185 2184//2184 2186//2186
f 2123//2123 2125//2125 2187//2187
f 2187//2187 2125//2125 2188//2188
f 2187//2187 2188//2188 2189//2189
f 2189//2189 2188//2188 2190//2190
f 2189//2189 2190//2190 2191//2191
f 2191//2191 2190//2190 2192//2192
f 2191//2191 2192//2192 2193//2193
f 2193//2193 2192//2192 2194//2194
f 2193//2193 2194//2194 2195//2195
f 2195//2195 2194//2194 2196//2196
f 2195//2195 2196//2196 2197//2197
f 2197//2197 2196//2196 2198//2198
f 2197//2197 2198//2198 2186//2186
f 2186//2186 2198//2198 2199//2199
f 2186//2186 2199//2199 2185//2185
f 2200//2200 2201//2201 2202//2202
f 2202//2202 2201//2201 2203//2203
f 2202//2202 2203//2203 2204//2204
f 2204//2204 2203//2203 2205//2205
f 2204//2204 2205//2205 2206//2206
f 2206//2206 2205//2205 2207//2207
f 2206//2206 2207//2207 2208//2208
f 2208//2208 2207//2207 2209//2209
f 2208//2208 2209//2209 2210//2210
f 2210//2210 2209//2209 2211//2211
f 2210//2210 2211//2211 2212//2212
f 2212//2212 2211//2211 2213//2213
f 2212//2212 2213//2213 2214//2214
f 2214//2214 2213//2213 2215//2215
f 2214//2214 2215//2215 2216//2216
f 2216//2216 2215//2215 2217//2217
f 2216//2216 2217//2217 2218//2218
f 2218//2218 2217//2217 2219//2219
f 2218//2218 2219//2219 2220//2220
f 2220//2220 2219//2219 2221//2221
f 2220//2220 2221//2221 2222//2222
f 2222//2222 2221//2221 2223//2223
f 2222//2222 2223//2223 2224//2224
f 2224//2224 2223//2223 2225//2225
f 2224//2224 2225//2225 2226//2226
f 2226//2226 2225//2225 2227//2227
f 2226//2226 2227//2227 2228//2228
f 2228//2228 2227//2227 2229//2229
f 2228//2228 2229//2229 2230//2230
f 2230//2230 2229//2229 2231//2231
f 2230//2230 2231//2231 2232//2232
f 2232//2232 2231//2231 2233//2233
f 2232//2232 2233//2233 2234//2234
f 2234//2234 2233//2233 2235//2235
f 2234//2234 2235//2235 2236//2236
f 2236//2236 2235//2235 2237//2237
f 2236//2236 2237//2237 2238//2238
f 2238//2238 2237//2237 2239//2239
f 2238//2238 2239//2239 2240//2240
f 2240//2240 2239//2239 2241//2241
f 2240//2240 2241//2241 2242//2242
f 2242//2242 2241//2241 2243//2243
f 2242//2242 2243//2243 2244//2244
f 2244//2244 2243//2243 2245//2245
f 2244//2244 2245//2245 2246//2246
f 2246//2246 2245//2245 2247//2247
f 2246//2246 2247//2247 2248//2248
f 2248//2248 2247//2247 2249//2249
f 2248//2248 2249//2249 2250//2250
f 2250//2250 2249//2249 2251//2251
f 2250//2250 2251//2251 2252//2252
f 2252//2252 2251//2251 2253//2253
f 2252//2252 2253//2253 2254//2254
f 2254//2254 2253//2253 2255//2255
f 2254//2254 2255//2255 2256//2256
f 2256//2256 2255//2255 2257//2257
f 2256//2256 2257//2257 2258//2258
f 2258//2258 2257//2257 2259//2259
f 2258//2258 2259//2259 2260//2260
f 2260//2260 2259//2259 2261//2261
f 2260//2260 2261//2261 2262//2262
f 2262//2262 2261//2261 2263//2263
f 2262//2262 2263//2263 2264//2264
f 2264//2264 2263//2263 2265//2265
f 2264//2264 2265//2265 2266//2266
f 2266//2266 2265//2265 2267//2267
f 2266//2266 2267//2267 2268//2268
f 2268//2268 2267//2267 2269//2269
f 2268//2268 2269//2269 2270//2270
f 2270//2270 2269//2269 2271//2271
f 2270//2270 2271//2271 2272//2272
f 2272//2272 2271//2271 2273//2273
f 2274//2274 2275//2275 2276//2276
f 2274//2274 2276//2276 2129//2129
f 2277//2277 2131//2131 2276//2276
f 2278//2278 2279//2279 2280//2280
f 2281//2281 2282//2282 2283//2283
f 2275//2275 2284//2284 2276//2276
f 2278//2278 2285//2285 2286//2286
f 2281//2281 2287//2287 2288//2288
f 2289//2289 2290//2290 2291//2291
f 2289//2289 2291//2291 2292//2292
f 2049//2049 2293//2293 2048//2048
f 2294//2294 2295//2295 2288//2288
f 2294//2294 2288//2288 2296//2296
f 2046//2046 2289//2289 2292//2292
f 2139//2139 2297//2297 2298//2298
f 2299//2299 2300//2300 2301//2301
f 2298//2298 2302//2302 2303//2303
f 2303//2303 2302//2302 2304//2304
f 2305//2305 2306//2306 2307//2307
f 2308//2308 2309//2309 2310//2310
f 2311//2311 2312//2312 2313//2313
f 2313//2313 2314//2314 2311//2311
f 2311//2311 2314//2314 2315//2315
f 2316//2316 2317//2317 2318//2318
f 2319//2319 2320//2320 2321//2321
f 2302//2302 2322//2322 2304//2304
f 2323//2323 2324//2324 2325//2325
f 2325//2325 2324//2324 2326//2326
f 2325//2325 2326//2326 2327//2327
f 2323//2323 2325//2325 2328//2328
f 2328//2328 2325//2325 2329//2329
f 2328//2328 2329//2329 2330//2330
f 2330//2330 2329//2329 2331//2331
f 2330//2330 2331//2331 2332//2332
f 2332//2332 2331//2331 2333//2333
f 2333//2333 2331//2331 2334//2334
f 2333//2333 2334//2334 1735//1735
f 2326//2326 1730//1730 2327//2327
f 2327//2327 1730//1730 1729//1729
f 2327//2327 1729//1729 2335//2335
f 2335//2335 1729//1729 1749//1749
f 2335//2335 1749//1749 2336//2336
f 2336//2336 1749//1749 1753//1753
f 2336//2336 1753//1753 2337//2337
f 2337//2337 1753//1753 1754//1754
f 2337//2337 1754//1754 2338//2338
f 2338//2338 1754//1754 1746//1746
f 2338//2338 1746//1746 2339//2339
f 2339//2339 1746//1746 1743//1743
f 2339//2339 1743//1743 2340//2340
f 2340//2340 1743//1743 1741//1741
f 2340//2340 1741//1741 2341//2341
f 2341//2341 1741//1741 1737//1737
f 2341//2341 1737//1737 2334//2334
f 2334//2334 1737//1737 1736//1736
f 2334//2334 1736//1736 1735//1735
f 2012//2012 2011//2011 2342//2342
f 2018//2018 2017//2017 2343//2343
f 1428//1428 2344//2344 1427//1427
f 2345//2345 2346//2346 2347//2347
f 1427//1427 2348//2348 1422//1422
f 1406//1406 2349//2349 2350//2350
f 2350//2350 2349//2349 2351//2351
f 2352//2352 2353//2353 2354//2354
f 2348//2348 2351//2351 2355//2355
f 2348//2348 2355//2355 1422//1422
f 2356//2356 2357//2357 2358//2358
f 2358//2358 2357//2357 1409//1409
f 2359//2359 2360//2360 2361//2361
f 2350//2350 1409//1409 1407//1407
f 2350//2350 1407//1407 1406//1406
f 2362//2362 2363//2363 2364//2364
f 2358//2358 2017//2017 2016//2016
f 2358//2358 2016//2016 2356//2356
f 2365//2365 2366//2366 2367//2367
f 2343//2343 2011//2011 2019//2019
f 2367//2367 2368//2368 2369//2369
f 1955//1955 1954//1954 2370//2370
f 1954//1954 2008//2008 2370//2370
f 2370//2370 2008//2008 2014//2014
f 2370//2370 2371//2371 2365//2365
f 2342//2342 2371//2371 2013//2013
f 2342//2342 2013//2013 2012//2012
f 2002//2002 2003//2003 2372//2372
f 2372//2372 2003//2003 2005//2005
f 2372//2372 2005//2005 2370//2370
f 2370//2370 2005//2005 2004//2004
f 2370//2370 2004//2004 1955//1955
f 1992//1992 1991//1991 2373//2373
f 2373//2373 1991//1991 1998//1998
f 2373//2373 1998//1998 2374//2374
f 2374//2374 1998//1998 2000//2000
f 2374//2374 2000//2000 2372//2372
f 2372//2372 2000//2000 2001//2001
f 2372//2372 2001//2001 2002//2002
f 1958//1958 1957//1957 2375//2375
f 2375//2375 1957//1957 1995//1995
f 2375//2375 1995//1995 2373//2373
f 2373//2373 1995//1995 1994//1994
f 2373//2373 1994//1994 1992//1992
f 1989//1989 1988//1988 2376//2376
f 2376//2376 1988//1988 1986//1986
f 2376//2376 2377//2377 2375//2375
f 2375//2375 1986//1986 1985//1985
f 2375//2375 1985//1985 1958//1958
f 1428//1428 1429//1429 2344//2344
f 2344//2344 2378//2378 2379//2379
f 2380//2380 2381//2381 2382//2382
f 2383//2383 2379//2379 1980//1980
f 2383//2383 1980//1980 1984//1984
f 1984//1984 1983//1983 2383//2383
f 2383//2383 2384//2384 2385//2385
f 2386//2386 2385//2385 2387//2387
f 2376//2376 2385//2385 1990//1990
f 2376//2376 1990//1990 1989//1989
f 2388//2388 2389//2389 2329//2329
f 2329//2329 2389//2389 2390//2390
f 2329//2329 2390//2390 2331//2331
f 2331//2331 2390//2390 2344//2344
f 2331//2331 2344//2344 2334//2334
f 2334//2334 2344//2344 2391//2391
f 2334//2334 2391//2391 2341//2341
f 2341//2341 2391//2391 2376//2376
f 2341//2341 2376//2376 2340//2340
f 2340//2340 2376//2376 2375//2375
f 2340//2340 2375//2375 2339//2339
f 2339//2339 2375//2375 2373//2373
f 2339//2339 2373//2373 2338//2338
f 2338//2338 2373//2373 2374//2374
f 2338//2338 2374//2374 2337//2337
f 2337//2337 2374//2374 2372//2372
f 2337//2337 2372//2372 2336//2336
f 2336//2336 2372//2372 2370//2370
f 2336//2336 2370//2370 2335//2335
f 2335//2335 2370//2370 2342//2342
f 2335//2335 2342//2342 2327//2327
f 2327//2327 2342//2342 2343//2343
f 2327//2327 2343//2343 2325//2325
f 2325//2325 2343//2343 2388//2388
f 2325//2325 2388//2388 2329//2329
f 1396//1396 1394//1394 2392//2392
f 2393//2393 2394//2394 2395//2395
f 2395//2395 2394//2394 1524//1524
f 2395//2395 1524//1524 1523//1523
f 1518//1518 2396//2396 1573//1573
f 1573//1573 2396//2396 2397//2397
f 1573//1573 2397//2397 1513//1513
f 1518//1518 1520//1520 2396//2396
f 2396//2396 1520//1520 1522//1522
f 2396//2396 1522//1522 2393//2393
f 2393//2393 1522//1522 1528//1528
f 2393//2393 1528//1528 2394//2394
f 1505//1505 1517//1517 2398//2398
f 2398//2398 1517//1517 1516//1516
f 2398//2398 1516//1516 2397//2397
f 2397//2397 1516//1516 1514//1514
f 2397//2397 1514//1514 1513//1513
f 1505//1505 2398//2398 1506//1506
f 1506//1506 2398//2398 2399//2399
f 1506//1506 2399//2399 1508//1508
f 1508//1508 2399//2399 2400//2400
f 1508//1508 2400//2400 1509//1509
f 1499//1499 1512//1512 2401//2401
f 2401//2401 1512//1512 1511//1511
f 2401//2401 1511//1511 2400//2400
f 2400//2400 1511//1511 1510//1510
f 2400//2400 1510//1510 1509//1509
f 1491//1491 1504//1504 2402//2402
f 2402//2402 1504//1504 1503//1503
f 2402//2402 1503//1503 2401//2401
f 2401//2401 1503//1503 1502//1502
f 2401//2401 1502//1502 1499//1499
f 1491//1491 2402//2402 1492//1492
f 2403//2403 2402//2402 2404//2404
f 2403//2403 2404//2404 1494//1494
f 1388//1388 1497//1497 2405//2405
f 2405//2405 1497//1497 1496//1496
f 2406//2406 2407//2407 2404//2404
f 2404//2404 2407//2407 1495//1495
f 2404//2404 1495//1495 1494//1494
f 1394//1394 1393//1393 2392//2392
f 2392//2392 1393//1393 1392//1392
f 2408//2408 2409//2409 2406//2406
f 2406//2406 2409//2409 1389//1389
f 2405//2405 1389//1389 1388//1388
f 1523//1523 1399//1399 2410//2410
f 2410//2410 1399//1399 1398//1398
f 2395//2395 2411//2411 2408//2408
f 2392//2392 2411//2411 1397//1397
f 2392//2392 1397//1397 1396//1396
f 2412//2412 2401//2401 2413//2413
f 2413//2413 2401//2401 2400//2400
f 2413//2413 2400//2400 2414//2414
f 2414//2414 2400//2400 2399//2399
f 2414//2414 2399//2399 2415//2415
f 2415//2415 2399//2399 2398//2398
f 2415//2415 2398//2398 2416//2416
f 2416//2416 2398//2398 2397//2397
f 2416//2416 2397//2397 2417//2417
f 2417//2417 2397//2397 2396//2396
f 2417//2417 2396//2396 2418//2418
f 2418//2418 2396//2396 2419//2419
f 2418//2418 2419//2419 1590//1590
f 1590//1590 2419//2419 2410//2410
f 1590//1590 2410//2410 2420//2420
f 2420//2420 2410//2410 2392//2392
f 2420//2420 2392//2392 2421//2421
f 2421//2421 2392//2392 2405//2405
f 2421//2421 2405//2405 2422//2422
f 2422//2422 2405//2405 2423//2423
f 2422//2422 2423//2423 2424//2424
f 2424//2424 2423//2423 2402//2402
f 2424//2424 2402//2402 2412//2412
f 2412//2412 2402//2402 2401//2401
f 2275//2275 2274//2274 2425//2425
f 2304//2304 2322//2322 2426//2426
f 2284//2284 2275//2275 2427//2427
f 2427//2427 2275//2275 2425//2425
f 2427//2427 2425//2425 2428//2428
f 2428//2428 2425//2425 2429//2429
f 2428//2428 2429//2429 2430//2430
f 2430//2430 2429//2429 2431//2431
f 2430//2430 2431//2431 2432//2432
f 2432//2432 2431//2431 2433//2433
f 2432//2432 2433//2433 2434//2434
f 2434//2434 2433//2433 2435//2435
f 2434//2434 2435//2435 2436//2436
f 2436//2436 2435//2435 2437//2437
f 2436//2436 2437//2437 2438//2438
f 2438//2438 2437//2437 2439//2439
f 2438//2438 2439//2439 2440//2440
f 2440//2440 2439//2439 2441//2441
f 2440//2440 2441//2441 2442//2442
f 2442//2442 2441//2441 2443//2443
f 2442//2442 2443//2443 2444//2444
f 2444//2444 2443//2443 2445//2445
f 2444//2444 2445//2445 2446//2446
f 2446//2446 2445//2445 2447//2447
f 2446//2446 2447//2447 2448//2448
f 2448//2448 2447//2447 2449//2449
f 2448//2448 2449//2449 2450//2450
f 2450//2450 2449//2449 2451//2451
f 2450//2450 2451//2451 2452//2452
f 2452//2452 2451//2451 2453//2453
f 2452//2452 2453//2453 2454//2454
f 2454//2454 2453//2453 2455//2455
f 2454//2454 2455//2455 2456//2456
f 2456//2456 2455//2455 2457//2457
f 2456//2456 2457//2457 2458//2458
f 2458//2458 2457//2457 2459//2459
f 2458//2458 2459//2459 2460//2460
f 2460//2460 2459//2459 2461//2461
f 2460//2460 2461//2461 2462//2462
f 2462//2462 2461//2461 2463//2463
f 2462//2462 2463//2463 2464//2464
f 2464//2464 2463//2463 2465//2465
f 2464//2464 2465//2465 2466//2466
f 2466//2466 2465//2465 2467//2467
f 2466//2466 2467//2467 2468//2468
f 2468//2468 2467//2467 2469//2469
f 2468//2468 2469//2469 2470//2470
f 2470//2470 2469//2469 2471//2471
f 2470//2470 2471//2471 2472//2472
f 2472//2472 2471//2471 2473//2473
f 2472//2472 2473//2473 2474//2474
f 2474//2474 2473//2473 2475//2475
f 2474//2474 2475//2475 2476//2476
f 2476//2476 2475//2475 2477//2477
f 2476//2476 2477//2477 2478//2478
f 2478//2478 2477//2477 2479//2479
f 2478//2478 2479//2479 2480//2480
f 2480//2480 2479//2479 2481//2481
f 2480//2480 2481//2481 2482//2482
f 2482//2482 2481//2481 2483//2483
f 2482//2482 2483//2483 2484//2484
f 2484//2484 2483//2483 2485//2485
f 2484//2484 2485//2485 2486//2486
f 2486//2486 2485//2485 2487//2487
f 2486//2486 2487//2487 2488//2488
f 2488//2488 2487//2487 2489//2489
f 2488//2488 2489//2489 2490//2490
f 2490//2490 2489//2489 2491//2491
f 2490//2490 2491//2491 2492//2492
f 2492//2492 2491//2491 2493//2493
f 2492//2492 2493//2493 2426//2426
f 2426//2426 2493//2493 2494//2494
f 2426//2426 2494//2494 2304//2304
f 2304//2304 2494//2494 2303//2303
f 2274//2274 2129//2129 2425//2425
f 2425//2425 2129//2129 2128//2128
f 2425//2425 2128//2128 2429//2429
f 2429//2429 2128//2128 2130//2130
f 2429//2429 2130//2130 2431//2431
f 2431//2431 2130//2130 2495//2495
f 2431//2431 2495//2495 2433//2433
f 2433//2433 2495//2495 2496//2496
f 2433//2433 2496//2496 2435//2435
f 2435//2435 2496//2496 2497//2497
f 2435//2435 2497//2497 2437//2437
f 2437//2437 2497//2497 2498//2498
f 2437//2437 2498//2498 2439//2439
f 2439//2439 2498//2498 2499//2499
f 2439//2439 2499//2499 2441//2441
f 2441//2441 2499//2499 2500//2500
f 2441//2441 2500//2500 2443//2443
f 2443//2443 2500//2500 2501//2501
f 2443//2443 2501//2501 2445//2445
f 2445//2445 2501//2501 2502//2502
f 2445//2445 2502//2502 2447//2447
f 2447//2447 2502//2502 2503//2503
f 2447//2447 2503//2503 2449//2449
f 2449//2449 2503//2503 2504//2504
f 2449//2449 2504//2504 2451//2451
f 2451//2451 2504//2504 2505//2505
f 2451//2451 2505//2505 2453//2453
f 2453//2453 2505//2505 2506//2506
f 2453//2453 2506//2506 2455//2455
f 2455//2455 2506//2506 2507//2507
f 2455//2455 2507//2507 2457//2457
f 2457//2457 2507//2507 2508//2508
f 2457//2457 2508//2508 2459//2459
f 2459//2459 2508//2508 2509//2509
f 2459//2459 2509//2509 2461//2461
f 2461//2461 2509//2509 2510//2510
f 2461//2461 2510//2510 2463//2463
f 2463//2463 2510//2510 2511//2511
f 2463//2463 2511//2511 2465//2465
f 2465//2465 2511//2511 2512//2512
f 2465//2465 2512//2512 2467//2467
f 2467//2467 2512//2512 2513//2513
f 2467//2467 2513//2513 2469//2469
f 2469//2469 2513//2513 2514//2514
f 2469//2469 2514//2514 2471//2471
f 2471//2471 2514//2514 2515//2515
f 2471//2471 2515//2515 2473//2473
f 2473//2473 2515//2515 2516//2516
f 2473//2473 2516//2516 2475//2475
f 2475//2475 2516//2516 2517//2517
f 2475//2475 2517//2517 2477//2477
f 2477//2477 2517//2517 2518//2518
f 2477//2477 2518//2518 2479//2479
f 2479//2479 2518//2518 2519//2519
f 2479//2479 2519//2519 2481//2481
f 2481//2481 2519//2519 2520//2520
f 2481//2481 2520//2520 2483//2483
f 2483//2483 2520//2520 2521//2521
f 2483//2483 2521//2521 2485//2485
f 2485//2485 2521//2521 2522//2522
f 2485//2485 2522//2522 2487//2487
f 2487//2487 2522//2522 2523//2523
f 2487//2487 2523//2523 2489//2489
f 2489//2489 2523//2523 2524//2524
f 2489//2489 2524//2524 2491//2491
f 2491//2491 2524//2524 2525//2525
f 2491//2491 2525//2525 2493//2493
f 2493//2493 2525//2525 2134//2134
f 2493//2493 2134//2134 2494//2494
f 2494//2494 2134//2134 2138//2138
f 2494//2494 2138//2138 2303//2303
f 2303//2303 2138//2138 2298//2298
f 2291//2291 2290//2290 2526//2526
f 2314//2314 2313//2313 2527//2527
f 2046//2046 2292//2292 2047//2047
f 2047//2047 2292//2292 2528//2528
f 2047//2047 2528//2528 2051//2051
f 2051//2051 2528//2528 2529//2529
f 2051//2051 2529//2529 2055//2055
f 2055//2055 2529//2529 2530//2530
f 2055//2055 2530//2530 2531//2531
f 2531//2531 2530//2530 2532//2532
f 2531//2531 2532//2532 2533//2533
f 2533//2533 2532//2532 2534//2534
f 2533//2533 2534//2534 2535//2535
f 2535//2535 2534//2534 2536//2536
f 2535//2535 2536//2536 2537//2537
f 2537//2537 2536//2536 2538//2538
f 2537//2537 2538//2538 2539//2539
f 2539//2539 2538//2538 2540//2540
f 2539//2539 2540//2540 2541//2541
f 2541//2541 2540//2540 2542//2542
f 2541//2541 2542//2542 2543//2543
f 2543//2543 2542//2542 2544//2544
f 2543//2543 2544//2544 2545//2545
f 2545//2545 2544//2544 2546//2546
f 2545//2545 2546//2546 2547//2547
f 2547//2547 2546//2546 2548//2548
f 2547//2547 2548//2548 2549//2549
f 2549//2549 2548//2548 2550//2550
f 2549//2549 2550//2550 2551//2551
f 2551//2551 2550//2550 2552//2552
f 2551//2551 2552//2552 2553//2553
f 2553//2553 2552//2552 2554//2554
f 2553//2553 2554//2554 2555//2555
f 2555//2555 2554//2554 2556//2556
f 2555//2555 2556//2556 2557//2557
f 2557//2557 2556//2556 2558//2558
f 2557//2557 2558//2558 2559//2559
f 2559//2559 2558//2558 2560//2560
f 2559//2559 2560//2560 2561//2561
f 2561//2561 2560//2560 2562//2562
f 2561//2561 2562//2562 2563//2563
f 2563//2563 2562//2562 2564//2564
f 2563//2563 2564//2564 2565//2565
f 2565//2565 2564//2564 2566//2566
f 2565//2565 2566//2566 2567//2567
f 2567//2567 2566//2566 2568//2568
f 2567//2567 2568//2568 2569//2569
f 2569//2569 2568//2568 2570//2570
f 2569//2569 2570//2570 2571//2571
f 2571//2571 2570//2570 2572//2572
f 2571//2571 2572//2572 2573//2573
f 2573//2573 2572//2572 2574//2574
f 2573//2573 2574//2574 2575//2575
f 2575//2575 2574//2574 2576//2576
f 2575//2575 2576//2576 2577//2577
f 2577//2577 2576//2576 2578//2578
f 2577//2577 2578//2578 2579//2579
f 2579//2579 2578//2578 2580//2580
f 2579//2579 2580//2580 2581//2581
f 2581//2581 2580//2580 2582//2582
f 2581//2581 2582//2582 2583//2583
f 2583//2583 2582//2582 2584//2584
f 2583//2583 2584//2584 2585//2585
f 2585//2585 2584//2584 2586//2586
f 2585//2585 2586//2586 2587//2587
f 2587//2587 2586//2586 2588//2588
f 2587//2587 2588//2588 2062//2062
f 2062//2062 2588//2588 2589//2589
f 2062//2062 2589//2589 2060//2060
f 2060//2060 2589//2589 2590//2590
f 2060//2060 2590//2590 2591//2591
f 2591//2591 2590//2590 2527//2527
f 2591//2591 2527//2527 2312//2312
f 2312//2312 2527//2527 2313//2313
f 2292//2292 2291//2291 2528//2528
f 2528//2528 2291//2291 2526//2526
f 2528//2528 2526//2526 2529//2529
f 2529//2529 2526//2526 2592//2592
f 2529//2529 2592//2592 2530//2530
f 2530//2530 2592//2592 2593//2593
f 2530//2530 2593//2593 2532//2532
f 2532//2532 2593//2593 2594//2594
f 2532//2532 2594//2594 2534//2534
f 2534//2534 2594//2594 2595//2595
f 2534//2534 2595//2595 2536//2536
f 2536//2536 2595//2595 2596//2596
f 2536//2536 2596//2596 2538//2538
f 2538//2538 2596//2596 2597//2597
f 2538//2538 2597//2597 2540//2540
f 2540//2540 2597//2597 2598//2598
f 2540//2540 2598//2598 2542//2542
f 2542//2542 2598//2598 2599//2599
f 2542//2542 2599//2599 2544//2544
f 2544//2544 2599//2599 2600//2600
f 2544//2544 2600//2600 2546//2546
f 2546//2546 2600//2600 2601//2601
f 2546//2546 2601//2601 2548//2548
f 2548//2548 2601//2601 2602//2602
f 2548//2548 2602//2602 2550//2550
f 2550//2550 2602//2602 2603//2603
f 2550//2550 2603//2603 2552//2552
f 2552//2552 2603//2603 2604//2604
f 2552//2552 2604//2604 2554//2554
f 2554//2554 2604//2604 2605//2605
f 2554//2554 2605//2605 2556//2556
f 2556//2556 2605//2605 2606//2606
f 2556//2556 2606//2606 2558//2558
f 2558//2558 2606//2606 2607//2607
f 2558//2558 2607//2607 2560//2560
f 2560//2560 2607//2607 2608//2608
f 2560//2560 2608//2608 2562//2562
f 2562//2562 2608//2608 2609//2609
f 2562//2562 2609//2609 2564//2564
f 2564//2564 2609//2609 2610//2610
f 2564//2564 2610//2610 2566//2566
f 2566//2566 2610//2610 2611//2611
f 2566//2566 2611//2611 2568//2568
f 2568//2568 2611//2611 2612//2612
f 2568//2568 2612//2612 2570//2570
f 2570//2570 2612//2612 2613//2613
f 2570//2570 2613//2613 2572//2572
f 2572//2572 2613//2613 2614//2614
f 2572//2572 2614//2614 2574//2574
f 2574//2574 2614//2614 2615//2615
f 2574//2574 2615//2615 2576//2576
f 2576//2576 2615//2615 2616//2616
f 2576//2576 2616//2616 2578//2578
f 2578//2578 2616//2616 2617//2617
f 2578//2578 2617//2617 2580//2580
f 2580//2580 2617//2617 2618//2618
f 2580//2580 2618//2618 2582//2582
f 2582//2582 2618//2618 2619//2619
f 2582//2582 2619//2619 2584//2584
f 2584//2584 2619//2619 2620//2620
f 2584//2584 2620//2620 2586//2586
f 2586//2586 2620//2620 2621//2621
f 2586//2586 2621//2621 2588//2588
f 2588//2588 2621//2621 2622//2622
f 2588//2588 2622//2622 2589//2589
f 2589//2589 2622//2622 2623//2623
f 2589//2589 2623//2623 2590//2590
f 2590//2590 2623//2623 2624//2624
f 2590//2590 2624//2624 2527//2527
f 2527//2527 2624//2624 2625//2625
f 2527//2527 2625//2625 2314//2314
f 2314//2314 2625//2625 2315//2315
f 1621//1621 1620//1620 1602//1602
f 2626//2626 1620//1620 2627//2627
f 1596//1596 1595//1595 2302//2302
f 2319//2319 2628//2628 2307//2307
f 1595//1595 2629//2629 2311//2311
f 2311//2311 2629//2629 1599//1599
f 2311//2311 2630//2630 2627//2627
f 2627//2627 2630//2630 2631//2631
f 2627//2627 2631//2631 2626//2626
f 2632//2632 1623//1623 2633//2633
f 2633//2633 1603//1603 2632//2632
f 2632//2632 2634//2634 1589//1589
f 2632//2632 2635//2635 2302//2302
f 2302//2302 2635//2635 1588//1588
f 2302//2302 1588//1588 1596//1596
f 2305//2305 2636//2636 2306//2306
f 2637//2637 2636//2636 2059//2059
f 1636//1636 1635//1635 2636//2636
f 2636//2636 1635//1635 2061//2061
f 2636//2636 2061//2061 2059//2059
f 1683//1683 1682//1682 2133//2133
f 2133//2133 1682//1682 2638//2638
f 2133//2133 2638//2638 2135//2135
f 2135//2135 2638//2638 2297//2297
f 2135//2135 2297//2297 2139//2139
f 2323//2323 2328//2328 2639//2639
f 2323//2323 2639//2639 2324//2324
f 2640//2640 2641//2641 2642//2642
f 2642//2642 2641//2641 2326//2326
f 2642//2642 2326//2326 2324//2324
f 2328//2328 2330//2330 2643//2643
f 1735//1735 1734//1734 2333//2333
f 2644//2644 1734//1734 2645//2645
f 2644//2644 2645//2645 2332//2332
f 2332//2332 2645//2645 2330//2330
f 2646//2646 2645//2645 2642//2642
f 2647//2647 2648//2648 2281//2281
f 2647//2647 2281//2281 2288//2288
f 1681//1681 1680//1680 2052//2052
f 2052//2052 1680//1680 2293//2293
f 2052//2052 2293//2293 2049//2049
f 1726//1726 1725//1725 2277//2277
f 2277//2277 1725//1725 2141//2141
f 2277//2277 2141//2141 2649//2649
f 2650//2650 2297//2297 2638//2638
f 2650//2650 2638//2638 2651//2651
f 2651//2651 2638//2638 1682//1682
f 2651//2651 1682//1682 2652//2652
f 1726//1726 2653//2653 1724//1724
f 1724//1724 2653//2653 2654//2654
f 1724//1724 2654//2654 1721//1721
f 1721//1721 2654//2654 2655//2655
f 1721//1721 2655//2655 1718//1718
f 1718//1718 2655//2655 2656//2656
f 1718//1718 2656//2656 1711//1711
f 1711//1711 2656//2656 2657//2657
f 1711//1711 2657//2657 1712//1712
f 1712//1712 2657//2657 2658//2658
f 1712//1712 2658//2658 1705//1705
f 1705//1705 2658//2658 2659//2659
f 1705//1705 2659//2659 1706//1706
f 1706//1706 2659//2659 2660//2660
f 1706//1706 2660//2660 1699//1699
f 1699//1699 2660//2660 2661//2661
f 1699//1699 2661//2661 1700//1700
f 1700//1700 2661//2661 2662//2662
f 1700//1700 2662//2662 1697//1697
f 1697//1697 2662//2662 2663//2663
f 1697//1697 2663//2663 1690//1690
f 1690//1690 2663//2663 2664//2664
f 1690//1690 2664//2664 1691//1691
f 1691//1691 2664//2664 2665//2665
f 1691//1691 2665//2665 1688//1688
f 1688//1688 2665//2665 2666//2666
f 1688//1688 2666//2666 1685//1685
f 1685//1685 2666//2666 1779//1779
f 1685//1685 1779//1779 1682//1682
f 1682//1682 1779//1779 2652//2652
f 1762//1762 2302//2302 2650//2650
f 2650//2650 2302//2302 2297//2297
f 1726//1726 2277//2277 2653//2653
f 2653//2653 2277//2277 2667//2667
f 1760//1760 1623//1623 2632//2632
f 1760//1760 2632//2632 1761//1761
f 1761//1761 2632//2632 2302//2302
f 1761//1761 2302//2302 1762//1762
f 2276//2276 1773//1773 2277//2277
f 2277//2277 1773//1773 2667//2667
f 1537//1537 1539//1539 1763//1763
f 1763//1763 1539//1539 1623//1623
f 1763//1763 1623//1623 1760//1760
f 1773//1773 2276//2276 2643//2643
f 1773//1773 2643//2643 1774//1774
f 1774//1774 2643//2643 1734//1734
f 1774//1774 1734//1734 1776//1776
f 1778//1778 1405//1405 1530//1530
f 1778//1778 1530//1530 2668//2668
f 2668//2668 1530//1530 1532//1532
f 2668//2668 1532//1532 2669//2669
f 2669//2669 1532//1532 1534//1534
f 2669//2669 1534//1534 2670//2670
f 2670//2670 1534//1534 1536//1536
f 2670//2670 1536//1536 1797//1797
f 1797//1797 1536//1536 1579//1579
f 1797//1797 1579//1579 2671//2671
f 2671//2671 1579//1579 1582//1582
f 2671//2671 1582//1582 2672//2672
f 2672//2672 1582//1582 1538//1538
f 2672//2672 1538//1538 1764//1764
f 1764//1764 1538//1538 1537//1537
f 1764//1764 1537//1537 1763//1763
f 1776//1776 1734//1734 1777//1777
f 1777//1777 1734//1734 1733//1733
f 1777//1777 1733//1733 1970//1970
f 2673//2673 2674//2674 1432//1432
f 1432//1432 1426//1426 2673//2673
f 2673//2673 1426//1426 1421//1421
f 2673//2673 1421//1421 2675//2675
f 2675//2675 1421//1421 2676//2676
f 2675//2675 2676//2676 2677//2677
f 2677//2677 2676//2676 2678//2678
f 2677//2677 2678//2678 2679//2679
f 2679//2679 2678//2678 2680//2680
f 2679//2679 2680//2680 2681//2681
f 2681//2681 2680//2680 2682//2682
f 2681//2681 2682//2682 2683//2683
f 2683//2683 2682//2682 2684//2684
f 2683//2683 2684//2684 2685//2685
f 2685//2685 2684//2684 2686//2686
f 2685//2685 2686//2686 2687//2687
f 2687//2687 2686//2686 2688//2688
f 2687//2687 2688//2688 2689//2689
f 2689//2689 2688//2688 2690//2690
f 2689//2689 2690//2690 2691//2691
f 2691//2691 2690//2690 2692//2692
f 2691//2691 2692//2692 2693//2693
f 2693//2693 2692//2692 2694//2694
f 2693//2693 2694//2694 2695//2695
f 2695//2695 2694//2694 2696//2696
f 2695//2695 2696//2696 2697//2697
f 2697//2697 2696//2696 2698//2698
f 2697//2697 2698//2698 2699//2699
f 2699//2699 2698//2698 1403//1403
f 2699//2699 1403//1403 1780//1780
f 1780//1780 1403//1403 1405//1405
f 1780//1780 1405//1405 1778//1778
f 1432//1432 2674//2674 2700//2700
f 1777//1777 1970//1970 1775//1775
f 1775//1775 1970//1970 1969//1969
f 1775//1775 1969//1969 2701//2701
f 2701//2701 1969//1969 2035//2035
f 2701//2701 2035//2035 2702//2702
f 2702//2702 2035//2035 1971//1971
f 2702//2702 1971//1971 2703//2703
f 2703//2703 1971//1971 1973//1973
f 2703//2703 1973//1973 2704//2704
f 2704//2704 1973//1973 1975//1975
f 2704//2704 1975//1975 2705//2705
f 2705//2705 1975//1975 1977//1977
f 2705//2705 1977//1977 2700//2700
f 2700//2700 1977//1977 1979//1979
f 2700//2700 1979//1979 1432//1432
f 1636//1636 2706//2706 1638//1638
f 1638//1638 2706//2706 1931//1931
f 1638//1638 1931//1931 1641//1641
f 1641//1641 1931//1931 2707//2707
f 1641//1641 2707//2707 1644//1644
f 1644//1644 2707//2707 2708//2708
f 1644//1644 2708//2708 1647//1647
f 1647//1647 2708//2708 2709//2709
f 1647//1647 2709//2709 1650//1650
f 1650//1650 2709//2709 2710//2710
f 1650//1650 2710//2710 1653//1653
f 1653//1653 2710//2710 2711//2711
f 1653//1653 2711//2711 1656//1656
f 1656//1656 2711//2711 2712//2712
f 1656//1656 2712//2712 1659//1659
f 1659//1659 2712//2712 2713//2713
f 1659//1659 2713//2713 1662//1662
f 1662//1662 2713//2713 2714//2714
f 1662//1662 2714//2714 1665//1665
f 1665//1665 2714//2714 2715//2715
f 1665//1665 2715//2715 1668//1668
f 1668//1668 2715//2715 2716//2716
f 1668//1668 2716//2716 1671//1671
f 1671//1671 2716//2716 2717//2717
f 1671//1671 2717//2717 1674//1674
f 1674//1674 2717//2717 2718//2718
f 1674//1674 2718//2718 1677//1677
f 1677//1677 2718//2718 2719//2719
f 1677//1677 2719//2719 1680//1680
f 1680//1680 2719//2719 2720//2720
f 2706//2706 1636//1636 2636//2636
f 2706//2706 2636//2636 1923//1923
f 1923//1923 2636//2636 2721//2721
f 1923//1923 2721//2721 1921//1921
f 2293//2293 1680//1680 2722//2722
f 2722//2722 1680//1680 2720//2720
f 2311//2311 1875//1875 2721//2721
f 2721//2721 1875//1875 1921//1921
f 1859//1859 2289//2289 2722//2722
f 2722//2722 2289//2289 2293//2293
f 1875//1875 2311//2311 2627//2627
f 1875//1875 2627//2627 1876//1876
f 1876//1876 2627//2627 1620//1620
f 1876//1876 1620//1620 1860//1860
f 1857//1857 1731//1731 2639//2639
f 1857//1857 2639//2639 1858//1858
f 1858//1858 2639//2639 2289//2289
f 1858//1858 2289//2289 1859//1859
f 1556//1556 1555//1555 1620//1620
f 1620//1620 1555//1555 1861//1861
f 1620//1620 1861//1861 1860//1860
f 1731//1731 1857//1857 2027//2027
f 2027//2027 1857//1857 2723//2723
f 2027//2027 2723//2723 1962//1962
f 1383//1383 1932//1932 1569//1569
f 1569//1569 1932//1932 2724//2724
f 1569//1569 2724//2724 1567//1567
f 1567//1567 2724//2724 2725//2725
f 1567//1567 2725//2725 1565//1565
f 1565//1565 2725//2725 2726//2726
f 1565//1565 2726//2726 1563//1563
f 1563//1563 2726//2726 1926//1926
f 1563//1563 1926//1926 1561//1561
f 1561//1561 2727//2727 1922//1922
f 1561//1561 1922//1922 1559//1559
f 1559//1559 1922//1922 2728//2728
f 1559//1559 2728//2728 1557//1557
f 1557//1557 2728//2728 1862//1862
f 1557//1557 1862//1862 1555//1555
f 1555//1555 1862//1862 1861//1861
f 2032//2032 2729//2729 2021//2021
f 2021//2021 2729//2729 2730//2730
f 2021//2021 2730//2730 2023//2023
f 2023//2023 2730//2730 2731//2731
f 2023//2023 2731//2731 2025//2025
f 1962//1962 2723//2723 1963//1963
f 1963//1963 2723//2723 2732//2732
f 1963//1963 2732//2732 2029//2029
f 2029//2029 2732//2732 2729//2729
f 2029//2029 2729//2729 2031//2031
f 2031//2031 2729//2729 2032//2032
f 1933//1933 1932//1932 1383//1383
f 1383//1383 1385//1385 1933//1933
f 1933//1933 1385//1385 2733//2733
f 1933//1933 2733//2733 2734//2734
f 2734//2734 2733//2733 2735//2735
f 2734//2734 2735//2735 2736//2736
f 2736//2736 2735//2735 2737//2737
f 2736//2736 2737//2737 2738//2738
f 2738//2738 2737//2737 2739//2739
f 2738//2738 2739//2739 2740//2740
f 2740//2740 2739//2739 2741//2741
f 2740//2740 2741//2741 2742//2742
f 2742//2742 2741//2741 2743//2743
f 2742//2742 2743//2743 2744//2744
f 2744//2744 2743//2743 2745//2745
f 2744//2744 2745//2745 2746//2746
f 2746//2746 2745//2745 2747//2747
f 2746//2746 2747//2747 2748//2748
f 2748//2748 2747//2747 2749//2749
f 2748//2748 2749//2749 2750//2750
f 2750//2750 2749//2749 2751//2751
f 2750//2750 2751//2751 2752//2752
f 2752//2752 2751//2751 2753//2753
f 2752//2752 2753//2753 2754//2754
f 2754//2754 2753//2753 2755//2755
f 2754//2754 2755//2755 2756//2756
f 2756//2756 2755//2755 1418//1418
f 2756//2756 1418//1418 2757//2757
f 2757//2757 1418//1418 1408//1408
f 2757//2757 1408//1408 2758//2758
f 2758//2758 1408//1408 1413//1413
f 2758//2758 1413//1413 2759//2759
f 2025//2025 2731//2731 1413//1413
f 1413//1413 2731//2731 2759//2759
f 2760//2760 2761//2761 2762//2762
f 2763//2763 2764//2764 2765//2765
f 2766//2766 2767//2767 2768//2768
f 2768//2768 2767//2767 2769//2769
f 2768//2768 2769//2769 2770//2770
f 2771//2771 2772//2772 2773//2773
f 2773//2773 2772//2772 2774//2774
f 2770//2770 2775//2775 2768//2768
f 2768//2768 2775//2775 2776//2776
f 2768//2768 2776//2776 2773//2773
f 2773//2773 2776//2776 2777//2777
f 2773//2773 2777//2777 2771//2771
f 2761//2761 2778//2778 2762//2762
f 2762//2762 2778//2778 2779//2779
f 2762//2762 2779//2779 2768//2768
f 2768//2768 2779//2779 2780//2780
f 2768//2768 2780//2780 2766//2766
f 2781//2781 2782//2782 2783//2783
f 2783//2783 2782//2782 2784//2784
f 2783//2783 2784//2784 2762//2762
f 2762//2762 2784//2784 2785//2785
f 2762//2762 2785//2785 2760//2760
f 2786//2786 2787//2787 2783//2783
f 2783//2783 2787//2787 2788//2788
f 2783//2783 2788//2788 2781//2781
f 2789//2789 2790//2790 2791//2791
f 2791//2791 2790//2790 2792//2792
f 2791//2791 2792//2792 2793//2793
f 2793//2793 2794//2794 2791//2791
f 2791//2791 2794//2794 2795//2795
f 2791//2791 2795//2795 2765//2765
f 2765//2765 2795//2795 2796//2796
f 2765//2765 2796//2796 2763//2763
f 2774//2774 2797//2797 2773//2773
f 2773//2773 2797//2797 2798//2798
f 2773//2773 2798//2798 2791//2791
f 2791//2791 2798//2798 2799//2799
f 2791//2791 2799//2799 2789//2789
f 2764//2764 2800//2800 2765//2765
f 2765//2765 2800//2800 2801//2801
f 2765//2765 2801//2801 2783//2783
f 2783//2783 2801//2801 2802//2802
f 2783//2783 2802//2802 2786//2786
f 2803//2803 2804//2804 2805//2805
f 2806//2806 2807//2807 2808//2808
f 2808//2808 2807//2807 2804//2804
f 2808//2808 2804//2804 2809//2809
f 2809//2809 2804//2804 2803//2803
f 2806//2806 2810//2810 2807//2807
f 2807//2807 2810//2810 2811//2811
f 2807//2807 2811//2811 2812//2812
f 2813//2813 2814//2814 2815//2815
f 2815//2815 2814//2814 2812//2812
f 2815//2815 2812//2812 2816//2816
f 2816//2816 2812//2812 2811//2811
f 2813//2813 2817//2817 2814//2814
f 2814//2814 2817//2817 2818//2818
f 2814//2814 2818//2818 2819//2819
f 2818//2818 2820//2820 2819//2819
f 2819//2819 2820//2820 2821//2821
f 2819//2819 2821//2821 2822//2822
f 2823//2823 2824//2824 2825//2825
f 2825//2825 2824//2824 2822//2822
f 2825//2825 2822//2822 2826//2826
f 2826//2826 2822//2822 2821//2821
f 2823//2823 2827//2827 2824//2824
f 2824//2824 2827//2827 2828//2828
f 2824//2824 2828//2828 2829//2829
f 2830//2830 2831//2831 2832//2832
f 2832//2832 2831//2831 2829//2829
f 2832//2832 2829//2829 2833//2833
f 2833//2833 2829//2829 2828//2828
f 2830//2830 2834//2834 2831//2831
f 2831//2831 2834//2834 2835//2835
f 2831//2831 2835//2835 2836//2836
f 2837//2837 2838//2838 2839//2839
f 2839//2839 2838//2838 2836//2836
f 2839//2839 2836//2836 2840//2840
f 2840//2840 2836//2836 2835//2835
f 2837//2837 2841//2841 2838//2838
f 2838//2838 2841//2841 2842//2842
f 2838//2838 2842//2842 2843//2843
f 2842//2842 2844//2844 2843//2843
f 2843//2843 2844//2844 2845//2845
f 2843//2843 2845//2845 2846//2846
f 2847//2847 2848//2848 2849//2849
f 2849//2849 2848//2848 2846//2846
f 2849//2849 2846//2846 2850//2850
f 2850//2850 2846//2846 2845//2845
f 2847//2847 2851//2851 2848//2848
f 2848//2848 2851//2851 2852//2852
f 2848//2848 2852//2852 2853//2853
f 2854//2854 2855//2855 2856//2856
f 2856//2856 2855//2855 2853//2853
f 2856//2856 2853//2853 2857//2857
f 2857//2857 2853//2853 2852//2852
f 2854//2854 2858//2858 2855//2855
f 2855//2855 2858//2858 2859//2859
f 2855//2855 2859//2859 2860//2860
f 2861//2861 2862//2862 2863//2863
f 2863//2863 2862//2862 2860//2860
f 2863//2863 2860//2860 2864//2864
f 2864//2864 2860//2860 2859//2859
f 2861//2861 2865//2865 2862//2862
f 2862//2862 2865//2865 2866//2866
f 2862//2862 2866//2866 2867//2867
f 2866//2866 2868//2868 2867//2867
f 2867//2867 2868//2868 2869//2869
f 2867//2867 2869//2869 2870//2870
f 2871//2871 2872//2872 2873//2873
f 2873//2873 2872//2872 2870//2870
f 2873//2873 2870//2870 2874//2874
f 2874//2874 2870//2870 2869//2869
f 2871//2871 2875//2875 2872//2872
f 2872//2872 2875//2875 2876//2876
f 2872//2872 2876//2876 2877//2877
f 2878//2878 2879//2879 2880//2880
f 2880//2880 2879//2879 2877//2877
f 2880//2880 2877//2877 2881//2881
f 2881//2881 2877//2877 2876//2876
f 2878//2878 2882//2882 2879//2879
f 2879//2879 2882//2882 2883//2883
f 2879//2879 2883//2883 2884//2884
f 2883//2883 2885//2885 2884//2884
f 2884//2884 2885//2885 2886//2886
f 2884//2884 2886//2886 2887//2887
f 2886//2886 2888//2888 2887//2887
f 2887//2887 2888//2888 2889//2889
f 2887//2887 2889//2889 2805//2805
f 2805//2805 2889//2889 2890//2890
f 2805//2805 2890//2890 2803//2803
f 2831//2831 2891//2891 2829//2829
f 2829//2829 2891//2891 2892//2892
f 2829//2829 2892//2892 2824//2824
f 2824//2824 2892//2892 2893//2893
f 2824//2824 2893//2893 2822//2822
f 2822//2822 2893//2893 2894//2894
f 2822//2822 2894//2894 2819//2819
f 2819//2819 2894//2894 2895//2895
f 2819//2819 2895//2895 2814//2814
f 2814//2814 2895//2895 2896//2896
f 2814//2814 2896//2896 2812//2812
f 2812//2812 2896//2896 2897//2897
f 2812//2812 2897//2897 2807//2807
f 2807//2807 2897//2897 2898//2898
f 2807//2807 2898//2898 2804//2804
f 2804//2804 2898//2898 2899//2899
f 2804//2804 2899//2899 2805//2805
f 2899//2899 2900//2900 2805//2805
f 2805//2805 2900//2900 2901//2901
f 2805//2805 2901//2901 2887//2887
f 2887//2887 2901//2901 2902//2902
f 2887//2887 2902//2902 2884//2884
f 2884//2884 2902//2902 2903//2903
f 2884//2884 2903//2903 2879//2879
f 2879//2879 2903//2903 2904//2904
f 2879//2879 2904//2904 2877//2877
f 2877//2877 2904//2904 2905//2905
f 2877//2877 2905//2905 2872//2872
f 2872//2872 2905//2905 2906//2906
f 2872//2872 2906//2906 2870//2870
f 2870//2870 2906//2906 2907//2907
f 2870//2870 2907//2907 2867//2867
f 2867//2867 2907//2907 2908//2908
f 2867//2867 2908//2908 2862//2862
f 2862//2862 2908//2908 2909//2909
f 2862//2862 2909//2909 2860//2860
f 2909//2909 2910//2910 2860//2860
f 2860//2860 2910//2910 2911//2911
f 2860//2860 2911//2911 2855//2855
f 2855//2855 2911//2911 2912//2912
f 2855//2855 2912//2912 2853//2853
f 2853//2853 2912//2912 2913//2913
f 2853//2853 2913//2913 2848//2848
f 2848//2848 2913//2913 2914//2914
f 2848//2848 2914//2914 2846//2846
f 2846//2846 2914//2914 2915//2915
f 2846//2846 2915//2915 2843//2843
f 2843//2843 2915//2915 2916//2916
f 2843//2843 2916//2916 2838//2838
f 2838//2838 2916//2916 2917//2917
f 2838//2838 2917//2917 2836//2836
f 2836//2836 2917//2917 2918//2918
f 2836//2836 2918//2918 2831//2831
f 2831//2831 2918//2918 2919//2919
f 2831//2831 2919//2919 2891//2891
f 2920//2920 2921//2921 2922//2922
f 2922//2922 2923//2923 2920//2920
f 2920//2920 2923//2923 2924//2924
f 2920//2920 2924//2924 2925//2925
f 2924//2924 2926//2926 2925//2925
f 2925//2925 2926//2926 2927//2927
f 2925//2925 2927//2927 2928//2928
f 2928//2928 2927//2927 2929//2929
f 2928//2928 2929//2929 2930//2930
f 2930//2930 2929//2929 2931//2931
f 2930//2930 2931//2931 2932//2932
f 2933//2933 2934//2934 2935//2935
f 2935//2935 2934//2934 2930//2930
f 2935//2935 2930//2930 2936//2936
f 2936//2936 2930//2930 2932//2932
f 2933//2933 2937//2937 2934//2934
f 2934//2934 2937//2937 2938//2938
f 2934//2934 2938//2938 2939//2939
f 2940//2940 2941//2941 2942//2942
f 2942//2942 2941//2941 2939//2939
f 2942//2942 2939//2939 2943//2943
f 2943//2943 2939//2939 2938//2938
f 2940//2940 2944//2944 2941//2941
f 2941//2941 2944//2944 2945//2945
f 2941//2941 2945//2945 2946//2946
f 2945//2945 2947//2947 2946//2946
f 2946//2946 2947//2947 2948//2948
f 2946//2946 2948//2948 2949//2949
f 2948//2948 2950//2950 2949//2949
f 2949//2949 2950//2950 2951//2951
f 2949//2949 2951//2951 2952//2952
f 2951//2951 2953//2953 2952//2952
f 2952//2952 2953//2953 2954//2954
f 2952//2952 2954//2954 2955//2955
f 2954//2954 2956//2956 2955//2955
f 2955//2955 2956//2956 2957//2957
f 2955//2955 2957//2957 2958//2958
f 2958//2958 2957//2957 2959//2959
f 2958//2958 2959//2959 2960//2960
f 2960//2960 2959//2959 2961//2961
f 2960//2960 2961//2961 2962//2962
f 2963//2963 2964//2964 2965//2965
f 2965//2965 2964//2964 2960//2960
f 2965//2965 2960//2960 2966//2966
f 2966//2966 2960//2960 2962//2962
f 2963//2963 2967//2967 2964//2964
f 2964//2964 2967//2967 2968//2968
f 2964//2964 2968//2968 2969//2969
f 2970//2970 2971//2971 2972//2972
f 2972//2972 2971//2971 2969//2969
f 2972//2972 2969//2969 2973//2973
f 2973//2973 2969//2969 2968//2968
f 2970//2970 2974//2974 2971//2971
f 2971//2971 2974//2974 2975//2975
f 2971//2971 2975//2975 2976//2976
f 2975//2975 2977//2977 2976//2976
f 2976//2976 2977//2977 2978//2978
f 2976//2976 2978//2978 2979//2979
f 2978//2978 2980//2980 2979//2979
f 2979//2979 2980//2980 2981//2981
f 2979//2979 2981//2981 2982//2982
f 2981//2981 2983//2983 2982//2982
f 2982//2982 2983//2983 2984//2984
f 2982//2982 2984//2984 2921//2921
f 2921//2921 2984//2984 2985//2985
f 2921//2921 2985//2985 2922//2922
f 2921//2921 2986//2986 2982//2982
f 2982//2982 2986//2986 2987//2987
f 2982//2982 2987//2987 2979//2979
f 2979//2979 2987//2987 2988//2988
f 2979//2979 2988//2988 2976//2976
f 2976//2976 2988//2988 2989//2989
f 2976//2976 2989//2989 2971//2971
f 2971//2971 2989//2989 2990//2990
f 2971//2971 2990//2990 2969//2969
f 2969//2969 2990//2990 2991//2991
f 2969//2969 2991//2991 2964//2964
f 2964//2964 2991//2991 2992//2992
f 2964//2964 2992//2992 2960//2960
f 2960//2960 2992//2992 2993//2993
f 2960//2960 2993//2993 2958//2958
f 2958//2958 2993//2993 2994//2994
f 2958//2958 2994//2994 2955//2955
f 2955//2955 2994//2994 2995//2995
f 2955//2955 2995//2995 2952//2952
f 2952//2952 2995//2995 2996//2996
f 2952//2952 2996//2996 2949//2949
f 2949//2949 2996//2996 2997//2997
f 2949//2949 2997//2997 2946//2946
f 2946//2946 2997//2997 2998//2998
f 2946//2946 2998//2998 2941//2941
f 2941//2941 2998//2998 2999//2999
f 2941//2941 2999//2999 2939//2939
f 2939//2939 2999//2999 3000//3000
f 2939//2939 3000//3000 2934//2934
f 2934//2934 3000//3000 3001//3001
f 2934//2934 3001//3001 2930//2930
f 2930//2930 3001//3001 3002//3002
f 2930//2930 3002//3002 2928//2928
f 2928//2928 3002//3002 3003//3003
f 2928//2928 3003//3003 2925//2925
f 2925//2925 3003//3003 3004//3004
f 2925//2925 3004//3004 2920//2920
f 2920//2920 3004//3004 3005//3005
f 2920//2920 3005//3005 2921//2921
f 2921//2921 3005//3005 2986//2986
f 3005//3005 3004//3004 3006//3006
f 3005//3005 3006//3006 2986//2986
f 2989//2989 2988//2988 3006//3006
f 3006//3006 2988//2988 2987//2987
f 3006//3006 2987//2987 2986//2986
f 2992//2992 2991//2991 3006//3006
f 3006//3006 2991//2991 2990//2990
f 3006//3006 2990//2990 2989//2989
f 2995//2995 2994//2994 3006//3006
f 3006//3006 2994//2994 2993//2993
f 3006//3006 2993//2993 2992//2992
f 2998//2998 2997//2997 3006//3006
f 3006//3006 2997//2997 2996//2996
f 3006//3006 2996//2996 2995//2995
f 3001//3001 3000//3000 3006//3006
f 3006//3006 3000//3000 2999//2999
f 3006//3006 2999//2999 2998//2998
f 3004//3004 3003//3003 3006//3006
f 3006//3006 3003//3003 3002//3002
f 3006//3006 3002//3002 3001//3001
f 3007//3007 2950//2950 3008//3008
f 3008//3008 2950//2950 2948//2948
f 3008//3008 2948//2948 3009//3009
f 2948//2948 2947//2947 3009//3009
f 3009//3009 2947//2947 2945//2945
f 3009//3009 2945//2945 3010//3010
f 2945//2945 2944//2944 3010//3010
f 3010//3010 2944//2944 2940//2940
f 3010//3010 2940//2940 3011//3011
f 3011//3011 2940//2940 2942//2942
f 3011//3011 2942//2942 3012//3012
f 2942//2942 2943//2943 3012//3012
f 3012//3012 2943//2943 2938//2938
f 3012//3012 2938//2938 3013//3013
f 2938//2938 2937//2937 3013//3013
f 3013//3013 2937//2937 2933//2933
f 3013//3013 2933//2933 3014//3014
f 3014//3014 2933//2933 2935//2935
f 3014//3014 2935//2935 3015//3015
f 2935//2935 2936//2936 3015//3015
f 3015//3015 2936//2936 2932//2932
f 3015//3015 2932//2932 3016//3016
f 2932//2932 2931//2931 3016//3016
f 3016//3016 2931//2931 2929//2929
f 3016//3016 2929//2929 3017//3017
f 3017//3017 2929//2929 2927//2927
f 3017//3017 2927//2927 3018//3018
f 2927//2927 2926//2926 3018//3018
f 3018//3018 2926//2926 2924//2924
f 3018//3018 2924//2924 3019//3019
f 3019//3019 2924//2924 2923//2923
f 3019//3019 2923//2923 3020//3020
f 3020//3020 2923//2923 2922//2922
f 3020//3020 2922//2922 3021//3021
f 2922//2922 2985//2985 3021//3021
f 3021//3021 2985//2985 2984//2984
f 3021//3021 2984//2984 3022//3022
f 3022//3022 2984//2984 2983//2983
f 3022//3022 2983//2983 3023//3023
f 2983//2983 2981//2981 3023//3023
f 3023//3023 2981//2981 2980//2980
f 3023//3023 2980//2980 3024//3024
f 3024//3024 2980//2980 2978//2978
f 3024//3024 2978//2978 3025//3025
f 2978//2978 2977//2977 3025//3025
f 3025//3025 2977//2977 2975//2975
f 3025//3025 2975//2975 3026//3026
f 2975//2975 2974//2974 3026//3026
f 3026//3026 2974//2974 2970//2970
f 3026//3026 2970//2970 3027//3027
f 3027//3027 2970//2970 2972//2972
f 3027//3027 2972//2972 3028//3028
f 2972//2972 2973//2973 3028//3028
f 3028//3028 2973//2973 2968//2968
f 3028//3028 2968//2968 3029//3029
f 2968//2968 2967//2967 3029//3029
f 3029//3029 2967//2967 2963//2963
f 3029//3029 2963//2963 3030//3030
f 3030//3030 2963//2963 2965//2965
f 3030//3030 2965//2965 3031//3031
f 2965//2965 2966//2966 3031//3031
f 3031//3031 2966//2966 2962//2962
f 3031//3031 2962//2962 3032//3032
f 2962//2962 2961//2961 3032//3032
f 3032//3032 2961//2961 2959//2959
f 3032//3032 2959//2959 3033//3033
f 3033//3033 2959//2959 2957//2957
f 3033//3033 2957//2957 3034//3034
f 2957//2957 2956//2956 3034//3034
f 3034//3034 2956//2956 2954//2954
f 3034//3034 2954//2954 3035//3035
f 3035//3035 2954//2954 2953//2953
f 3035//3035 2953//2953 3007//3007
f 3007//3007 2953//2953 2951//2951
f 3007//3007 2951//2951 2950//2950
f 3034//3034 3036//3036 3033//3033
f 3033//3033 3036//3036 3037//3037
f 3033//3033 3037//3037 3032//3032
f 3032//3032 3037//3037 3038//3038
f 3032//3032 3038//3038 3031//3031
f 3031//3031 3038//3038 3039//3039
f 3031//3031 3039//3039 3030//3030
f 3030//3030 3039//3039 3040//3040
f 3030//3030 3040//3040 3029//3029
f 3029//3029 3040//3040 3041//3041
f 3029//3029 3041//3041 3028//3028
f 3028//3028 3041//3041 3042//3042
f 3028//3028 3042//3042 3027//3027
f 3027//3027 3042//3042 3043//3043
f 3027//3027 3043//3043 3026//3026
f 3026//3026 3043//3043 3044//3044
f 3026//3026 3044//3044 3025//3025
f 3025//3025 3044//3044 3045//3045
f 3025//3025 3045//3045 3024//3024
f 3024//3024 3045//3045 3046//3046
f 3024//3024 3046//3046 3023//3023
f 3023//3023 3046//3046 3047//3047
f 3023//3023 3047//3047 3022//3022
f 3022//3022 3047//3047 3048//3048
f 3022//3022 3048//3048 3021//3021
f 3021//3021 3048//3048 3049//3049
f 3021//3021 3049//3049 3020//3020
f 3020//3020 3049//3049 3050//3050
f 3020//3020 3050//3050 3019//3019
f 3019//3019 3050//3050 3051//3051
f 3019//3019 3051//3051 3018//3018
f 3018//3018 3051//3051 3052//3052
f 3018//3018 3052//3052 3017//3017
f 3017//3017 3052//3052 3053//3053
f 3017//3017 3053//3053 3016//3016
f 3016//3016 3053//3053 3054//3054
f 3016//3016 3054//3054 3015//3015
f 3015//3015 3054//3054 3055//3055
f 3015//3015 3055//3055 3014//3014
f 3014//3014 3055//3055 3056//3056
f 3014//3014 3056//3056 3013//3013
f 3013//3013 3056//3056 3057//3057
f 3013//3013 3057//3057 3012//3012
f 3012//3012 3057//3057 3058//3058
f 3012//3012 3058//3058 3011//3011
f 3011//3011 3058//3058 3059//3059
f 3011//3011 3059//3059 3010//3010
f 3010//3010 3059//3059 3060//3060
f 3010//3010 3060//3060 3009//3009
f 3009//3009 3060//3060 3061//3061
f 3009//3009 3061//3061 3008//3008
f 3008//3008 3061//3061 3062//3062
f 3008//3008 3062//3062 3007//3007
f 3007//3007 3062//3062 3063//3063
f 3007//3007 3063//3063 3035//3035
f 3035//3035 3063//3063 3064//3064
f 3035//3035 3064//3064 3034//3034
f 3034//3034 3064//3064 3036//3036
f 3036//3036 2914//2914 3037//3037
f 3037//3037 2914//2914 2913//2913
f 3037//3037 2913//2913 3038//3038
f 3038//3038 2913//2913 2912//2912
f 3038//3038 2912//2912 3039//3039
f 3039//3039 2912//2912 2911//2911
f 3039//3039 2911//2911 3040//3040
f 3040//3040 2911//2911 2910//2910
f 3040//3040 2910//2910 3041//3041
f 3041//3041 2910//2910 2909//2909
f 3041//3041 2909//2909 3042//3042
f 3042//3042 2909//2909 2908//2908
f 3042//3042 2908//2908 3043//3043
f 3043//3043 2908//2908 2907//2907
f 3043//3043 2907//2907 3044//3044
f 3044//3044 2907//2907 2906//2906
f 3044//3044 2906//2906 3045//3045
f 3045//3045 2906//2906 2905//2905
f 3045//3045 2905//2905 3046//3046
f 3046//3046 2905//2905 2904//2904
f 3046//3046 2904//2904 3047//3047
f 3047//3047 2904//2904 2903//2903
f 3047//3047 2903//2903 3048//3048
f 3048//3048 2903//2903 2902//2902
f 3048//3048 2902//2902 3049//3049
f 3049//3049 2902//2902 2901//2901
f 3049//3049 2901//2901 3050//3050
f 3050//3050 2901//2901 2900//2900
f 3050//3050 2900//2900 3051//3051
f 3051//3051 2900//2900 2899//2899
f 3051//3051 2899//2899 3052//3052
f 3052//3052 2899//2899 2898//2898
f 3052//3052 2898//2898 3053//3053
f 3053//3053 2898//2898 2897//2897
f 3053//3053 2897//2897 3054//3054
f 3054//3054 2897//2897 2896//2896
f 3054//3054 2896//2896 3055//3055
f 3055//3055 2896//2896 2895//2895
f 3055//3055 2895//2895 3056//3056
f 3056//3056 2895//2895 2894//2894
f 3056//3056 2894//2894 3057//3057
f 3057//3057 2894//2894 2893//2893
f 3057//3057 2893//2893 3058//3058
f 3058//3058 2893//2893 2892//2892
f 3058//3058 2892//2892 3059//3059
f 3059//3059 2892//2892 2891//2891
f 3059//3059 2891//2891 3060//3060
f 3060//3060 2891//2891 2919//2919
f 3060//3060 2919//2919 3061//3061
f 3061//3061 2919//2919 2918//2918
f 3061//3061 2918//2918 3062//3062
f 3062//3062 2918//2918 2917//2917
f 3062//3062 2917//2917 3063//3063
f 3063//3063 2917//2917 2916//2916
f 3063//3063 2916//2916 3064//3064
f 3064//3064 2916//2916 2915//2915
f 3064//3064 2915//2915 3036//3036
f 3036//3036 2915//2915 2914//2914
f 2878//2878 2880//2880 3065//3065
f 2871//2871 2873//2873 3066//3066
f 2854//2854 2856//2856 3067//3067
f 2847//2847 2849//2849 3068//3068
f 2850//2850 2845//2845 3069//3069
f 2830//2830 2832//2832 3070//3070
f 2823//2823 2825//2825 3071//3071
f 2826//2826 2821//2821 3072//3072
f 3073//3073 2766//2766 2780//2780
f 3074//3074 2780//2780 2779//2779
f 3074//3074 2779//2779 3075//3075
f 3075//3075 2779//2779 2778//2778
f 3075//3075 2778//2778 3076//3076
f 2767//2767 2766//2766 3077//3077
f 3077//3077 2766//2766 3073//3073
f 3077//3077 3073//3073 3078//3078
f 2769//2769 2767//2767 3079//3079
f 3079//3079 2767//2767 3077//3077
f 3079//3079 3077//3077 3080//3080
f 3080//3080 3077//3077 3078//3078
f 3080//3080 3078//3078 3081//3081
f 3082//3082 3074//3074 3083//3083
f 3083//3083 3074//3074 3075//3075
f 3083//3083 3075//3075 3084//3084
f 3084//3084 3075//3075 3076//3076
f 3084//3084 3076//3076 3085//3085
f 2760//2760 2785//2785 3086//3086
f 3086//3086 2785//2785 3087//3087
f 3086//3086 3087//3087 3088//3088
f 3088//3088 3087//3087 3089//3089
f 3088//3088 3089//3089 3090//3090
f 3090//3090 3089//3089 3091//3091
f 2785//2785 2784//2784 3087//3087
f 3087//3087 2784//2784 3092//3092
f 3087//3087 3092//3092 3089//3089
f 3089//3089 3092//3092 3093//3093
f 3089//3089 3093//3093 3091//3091
f 3091//3091 3093//3093 3094//3094
f 2784//2784 2782//2782 3092//3092
f 3092//3092 2782//2782 3095//3095
f 3092//3092 3095//3095 3093//3093
f 3093//3093 3095//3095 3096//3096
f 3093//3093 3096//3096 3094//3094
f 3094//3094 3096//3096 3097//3097
f 2786//2786 2802//2802 3098//3098
f 3098//3098 2802//2802 3099//3099
f 3098//3098 3099//3099 3100//3100
f 3100//3100 3099//3099 3101//3101
f 3100//3100 3101//3101 3102//3102
f 3102//3102 3101//3101 3070//3070
f 2800//2800 2764//2764 3103//3103
f 3103//3103 2764//2764 3104//3104
f 3103//3103 3104//3104 3105//3105
f 3105//3105 3104//3104 3106//3106
f 3105//3105 3106//3106 3107//3107
f 3107//3107 3106//3106 3108//3108
f 2764//2764 2763//2763 3104//3104
f 3104//3104 2763//2763 3109//3109
f 3104//3104 3109//3109 3106//3106
f 3106//3106 3109//3109 3110//3110
f 3106//3106 3110//3110 3108//3108
f 3108//3108 3110//3110 3111//3111
f 2763//2763 2796//2796 3109//3109
f 3109//3109 2796//2796 3112//3112
f 3109//3109 3112//3112 3110//3110
f 3110//3110 3112//3112 3113//3113
f 3110//3110 3113//3113 3111//3111
f 3111//3111 3113//3113 3114//3114
f 2792//2792 2790//2790 3115//3115
f 3115//3115 2790//2790 3116//3116
f 3115//3115 3116//3116 3117//3117
f 3117//3117 3116//3116 3118//3118
f 3117//3117 3118//3118 3119//3119
f 3119//3119 3118//3118 3067//3067
f 2799//2799 2798//2798 3120//3120
f 3120//3120 2798//2798 3121//3121
f 3120//3120 3121//3121 3122//3122
f 3122//3122 3121//3121 3123//3123
f 3122//3122 3123//3123 3124//3124
f 3124//3124 3123//3123 3125//3125
f 2798//2798 2797//2797 3121//3121
f 3121//3121 2797//2797 3126//3126
f 3121//3121 3126//3126 3123//3123
f 3123//3123 3126//3126 3127//3127
f 3123//3123 3127//3127 3125//3125
f 3125//3125 3127//3127 3128//3128
f 2797//2797 2774//2774 3126//3126
f 3126//3126 2774//2774 3129//3129
f 3126//3126 3129//3129 3127//3127
f 3127//3127 3129//3129 3130//3130
f 3127//3127 3130//3130 3128//3128
f 3128//3128 3130//3130 3131//3131
f 2772//2772 2771//2771 3132//3132
f 3132//3132 2771//2771 3133//3133
f 3132//3132 3133//3133 3134//3134
f 3134//3134 3133//3133 3135//3135
f 3134//3134 3135//3135 3136//3136
f 3136//3136 3135//3135 3066//3066
f 2776//2776 2775//2775 3137//3137
f 3137//3137 2775//2775 3138//3138
f 3137//3137 3138//3138 3139//3139
f 3139//3139 3138//3138 3140//3140
f 3139//3139 3140//3140 3141//3141
f 3141//3141 3140//3140 3065//3065
f 3142//3142 3082//3082 3143//3143
f 3143//3143 3082//3082 3083//3083
f 3143//3143 3083//3083 3144//3144
f 3144//3144 3083//3083 3084//3084
f 3144//3144 3084//3084 3145//3145
f 3145//3145 3084//3084 3085//3085
f 3145//3145 3085//3085 3146//3146
f 2809//2809 3145//3145 2808//2808
f 2808//2808 3145//3145 3146//3146
f 2808//2808 3146//3146 2806//2806
f 2810//2810 2806//2806 3147//3147
f 3147//3147 2806//2806 3146//3146
f 3147//3147 3146//3146 3148//3148
f 3148//3148 3146//3146 3085//3085
f 3148//3148 3085//3085 3149//3149
f 3149//3149 3085//3085 3076//3076
f 3149//3149 3076//3076 2761//2761
f 2761//2761 3076//3076 2778//2778
f 2761//2761 2760//2760 3149//3149
f 3149//3149 2760//2760 3086//3086
f 3149//3149 3086//3086 3148//3148
f 3148//3148 3086//3086 3088//3088
f 3148//3148 3088//3088 3147//3147
f 3147//3147 3088//3088 3090//3090
f 3147//3147 3090//3090 2810//2810
f 2810//2810 3090//3090 2811//2811
f 2820//2820 2818//2818 3097//3097
f 3097//3097 2818//2818 2817//2817
f 3097//3097 2817//2817 3094//3094
f 3094//3094 2817//2817 2813//2813
f 3094//3094 2813//2813 3091//3091
f 3091//3091 2813//2813 2815//2815
f 3091//3091 2815//2815 3090//3090
f 3090//3090 2815//2815 2816//2816
f 3090//3090 2816//2816 2811//2811
f 2821//2821 2820//2820 3072//3072
f 3072//3072 2820//2820 3097//3097
f 3072//3072 3097//3097 3150//3150
f 3150//3150 3097//3097 3096//3096
f 3150//3150 3096//3096 3151//3151
f 3151//3151 3096//3096 3095//3095
f 3151//3151 3095//3095 2781//2781
f 2781//2781 3095//3095 2782//2782
f 2825//2825 2826//2826 3071//3071
f 3071//3071 2826//2826 3072//3072
f 3071//3071 3072//3072 3152//3152
f 3152//3152 3072//3072 3150//3150
f 3152//3152 3150//3150 3153//3153
f 3153//3153 3150//3150 3151//3151
f 3153//3153 3151//3151 2788//2788
f 2788//2788 3151//3151 2781//2781
f 2827//2827 2823//2823 3154//3154
f 3154//3154 2823//2823 3071//3071
f 3154//3154 3071//3071 3155//3155
f 3155//3155 3071//3071 3152//3152
f 3155//3155 3152//3152 3156//3156
f 3156//3156 3152//3152 3153//3153
f 3156//3156 3153//3153 2787//2787
f 2787//2787 3153//3153 2788//2788
f 2787//2787 2786//2786 3156//3156
f 3156//3156 2786//2786 3098//3098
f 3156//3156 3098//3098 3155//3155
f 3155//3155 3098//3098 3100//3100
f 3155//3155 3100//3100 3154//3154
f 3154//3154 3100//3100 3102//3102
f 3154//3154 3102//3102 2827//2827
f 2827//2827 3102//3102 2828//2828
f 3070//3070 2832//2832 3102//3102
f 3102//3102 2832//2832 2833//2833
f 3102//3102 2833//2833 2828//2828
f 2834//2834 2830//2830 3157//3157
f 3157//3157 2830//2830 3070//3070
f 3157//3157 3070//3070 3158//3158
f 3158//3158 3070//3070 3101//3101
f 3158//3158 3101//3101 3159//3159
f 3159//3159 3101//3101 3099//3099
f 3159//3159 3099//3099 2801//2801
f 2801//2801 3099//3099 2802//2802
f 2801//2801 2800//2800 3159//3159
f 3159//3159 2800//2800 3103//3103
f 3159//3159 3103//3103 3158//3158
f 3158//3158 3103//3103 3105//3105
f 3158//3158 3105//3105 3157//3157
f 3157//3157 3105//3105 3107//3107
f 3157//3157 3107//3107 2834//2834
f 2834//2834 3107//3107 2835//2835
f 2844//2844 2842//2842 3114//3114
f 3114//3114 2842//2842 2841//2841
f 3114//3114 2841//2841 3111//3111
f 3111//3111 2841//2841 2837//2837
f 3111//3111 2837//2837 3108//3108
f 3108//3108 2837//2837 2839//2839
f 3108//3108 2839//2839 3107//3107
f 3107//3107 2839//2839 2840//2840
f 3107//3107 2840//2840 2835//2835
f 2845//2845 2844//2844 3069//3069
f 3069//3069 2844//2844 3114//3114
f 3069//3069 3114//3114 3160//3160
f 3160//3160 3114//3114 3113//3113
f 3160//3160 3113//3113 3161//3161
f 3161//3161 3113//3113 3112//3112
f 3161//3161 3112//3112 2795//2795
f 2795//2795 3112//3112 2796//2796
f 2849//2849 2850//2850 3068//3068
f 3068//3068 2850//2850 3069//3069
f 3068//3068 3069//3069 3162//3162
f 3162//3162 3069//3069 3160//3160
f 3162//3162 3160//3160 3163//3163
f 3163//3163 3160//3160 3161//3161
f 3163//3163 3161//3161 2794//2794
f 2794//2794 3161//3161 2795//2795
f 2851//2851 2847//2847 3164//3164
f 3164//3164 2847//2847 3068//3068
f 3164//3164 3068//3068 3165//3165
f 3165//3165 3068//3068 3162//3162
f 3165//3165 3162//3162 3166//3166
f 3166//3166 3162//3162 3163//3163
f 3166//3166 3163//3163 2793//2793
f 2793//2793 3163//3163 2794//2794
f 2793//2793 2792//2792 3166//3166
f 3166//3166 2792//2792 3115//3115
f 3166//3166 3115//3115 3165//3165
f 3165//3165 3115//3115 3117//3117
f 3165//3165 3117//3117 3164//3164
f 3164//3164 3117//3117 3119//3119
f 3164//3164 3119//3119 2851//2851
f 2851//2851 3119//3119 2852//2852
f 3067//3067 2856//2856 3119//3119
f 3119//3119 2856//2856 2857//2857
f 3119//3119 2857//2857 2852//2852
f 2858//2858 2854//2854 3167//3167
f 3167//3167 2854//2854 3067//3067
f 3167//3167 3067//3067 3168//3168
f 3168//3168 3067//3067 3118//3118
f 3168//3168 3118//3118 3169//3169
f 3169//3169 3118//3118 3116//3116
f 3169//3169 3116//3116 2789//2789
f 2789//2789 3116//3116 2790//2790
f 2789//2789 2799//2799 3169//3169
f 3169//3169 2799//2799 3120//3120
f 3169//3169 3120//3120 3168//3168
f 3168//3168 3120//3120 3122//3122
f 3168//3168 3122//3122 3167//3167
f 3167//3167 3122//3122 3124//3124
f 3167//3167 3124//3124 2858//2858
f 2858//2858 3124//3124 2859//2859
f 2868//2868 2866//2866 3131//3131
f 3131//3131 2866//2866 2865//2865
f 3131//3131 2865//2865 3128//3128
f 3128//3128 2865//2865 2861//2861
f 3128//3128 2861//2861 3125//3125
f 3125//3125 2861//2861 2863//2863
f 3125//3125 2863//2863 3124//3124
f 3124//3124 2863//2863 2864//2864
f 3124//3124 2864//2864 2859//2859
f 2869//2869 2868//2868 3136//3136
f 3136//3136 2868//2868 3131//3131
f 3136//3136 3131//3131 3134//3134
f 3134//3134 3131//3131 3130//3130
f 3134//3134 3130//3130 3132//3132
f 3132//3132 3130//3130 3129//3129
f 3132//3132 3129//3129 2772//2772
f 2772//2772 3129//3129 2774//2774
f 3066//3066 2873//2873 3136//3136
f 3136//3136 2873//2873 2874//2874
f 3136//3136 2874//2874 2869//2869
f 2875//2875 2871//2871 3170//3170
f 3170//3170 2871//2871 3066//3066
f 3170//3170 3066//3066 3171//3171
f 3171//3171 3066//3066 3135//3135
f 3171//3171 3135//3135 3172//3172
f 3172//3172 3135//3135 3133//3133
f 3172//3172 3133//3133 2777//2777
f 2777//2777 3133//3133 2771//2771
f 2777//2777 2776//2776 3172//3172
f 3172//3172 2776//2776 3137//3137
f 3172//3172 3137//3137 3171//3171
f 3171//3171 3137//3137 3139//3139
f 3171//3171 3139//3139 3170//3170
f 3170//3170 3139//3139 3141//3141
f 3170//3170 3141//3141 2875//2875
f 2875//2875 3141//3141 2876//2876
f 3065//3065 2880//2880 3141//3141
f 3141//3141 2880//2880 2881//2881
f 3141//3141 2881//2881 2876//2876
f 2882//2882 2878//2878 3173//3173
f 3173//3173 2878//2878 3065//3065
f 3173//3173 3065//3065 3174//3174
f 3174//3174 3065//3065 3140//3140
f 3174//3174 3140//3140 3175//3175
f 3175//3175 3140//3140 3138//3138
f 3175//3175 3138//3138 2770//2770
f 2770//2770 3138//3138 2775//2775
f 2770//2770 2769//2769 3175//3175
f 3175//3175 2769//2769 3079//3079
f 3175//3175 3079//3079 3174//3174
f 3174//3174 3079//3079 3080//3080
f 3174//3174 3080//3080 3173//3173
f 3173//3173 3080//3080 3081//3081
f 3173//3173 3081//3081 2882//2882
f 2882//2882 3081//3081 2883//2883
f 2780//2780 3074//3074 3073//3073
f 3073//3073 3074//3074 3082//3082
f 3073//3073 3082//3082 3078//3078
f 3078//3078 3082//3082 3142//3142
f 3078//3078 3142//3142 3081//3081
f 3081//3081 3142//3142 2885//2885
f 3081//3081 2885//2885 2883//2883
f 2809//2809 2803//2803 3145//3145
f 3145//3145 2803//2803 2890//2890
f 3145//3145 2890//2890 3144//3144
f 3144//3144 2890//2890 2889//2889
f 3144//3144 2889//2889 3143//3143
f 3143//3143 2889//2889 2888//2888
f 3143//3143 2888//2888 3142//3142
f 3142//3142 2888//2888 2886//2886
f 3142//3142 2886//2886 2885//2885
f 3176//3176 2768//2768 3177//3177
f 3177//3177 2768//2768 2773//2773
f 3177//3177 2773//2773 3178//3178
f 3179//3179 2762//2762 3180//3180
f 3180//3180 2762//2762 2768//2768
f 3180//3180 2768//2768 3176//3176
f 3181//3181 2783//2783 3182//3182
f 3182//3182 2783//2783 2762//2762
f 3182//3182 2762//2762 3179//3179
f 3183//3183 2765//2765 3184//3184
f 3184//3184 2765//2765 2783//2783
f 3184//3184 2783//2783 3181//3181
f 3185//3185 2791//2791 3186//3186
f 3186//3186 2791//2791 2765//2765
f 3186//3186 2765//2765 3183//3183
f 3178//3178 2773//2773 3187//3187
f 3187//3187 2773//2773 2791//2791
f 3187//3187 2791//2791 3185//3185
f 3180//3180 3188//3188 3179//3179
f 3179//3179 3188//3188 3189//3189
f 3179//3179 3189//3189 3182//3182
f 3181//3181 3182//3182 3190//3190
f 3190//3190 3191//3191 3181//3181
f 3181//3181 3191//3191 3192//3192
f 3181//3181 3192//3192 3184//3184
f 3183//3183 3184//3184 3193//3193
f 3193//3193 3194//3194 3183//3183
f 3183//3183 3194//3194 3195//3195
f 3183//3183 3195//3195 3186//3186
f 3185//3185 3186//3186 3196//3196
f 3196//3196 3197//3197 3185//3185
f 3185//3185 3197//3197 3198//3198
f 3185//3185 3198//3198 3187//3187
f 3178//3178 3187//3187 3199//3199
f 3199//3199 3200//3200 3178//3178
f 3178//3178 3200//3200 3201//3201
f 3178//3178 3201//3201 3177//3177
f 3177//3177 3202//3202 3176//3176
f 3176//3176 3202//3202 3203//3203
f 3176//3176 3203//3203 3180//3180
f 3204//3204 3203//3203 3202//3202
f 3180//3180 3203//3203 3204//3204
f 3204//3204 3200//3200 3199//3199
f 3201//3201 3200//3200 3204//3204
f 3177//3177 3201//3201 3204//3204
f 3204//3204 3197//3197 3196//3196
f 3198//3198 3197//3197 3204//3204
f 3187//3187 3198//3198 3204//3204
f 3204//3204 3194//3194 3193//3193
f 3195//3195 3194//3194 3204//3204
f 3186//3186 3195//3195 3204//3204
f 3204//3204 3191//3191 3190//3190
f 3192//3192 3191//3191 3204//3204
f 3184//3184 3192//3192 3204//3204
f 3204//3204 3189//3189 3188//3188
f 3182//3182 3189//3189 3204//3204
f 3188//3188 3180//3180 3204//3204
f 3190//3190 3182//3182 3204//3204
f 3193//3193 3184//3184 3204//3204
f 3196//3196 3186//3186 3204//3204
f 3199//3199 3187//3187 3204//3204
f 3202//3202 3177//3177 3204//3204
f 3205//3205 3206//3206 3207//3207
f 3208//3208 3209//3209 3210//3210
f 3209//3209 3211//3211 3210//3210
f 3210//3210 3211//3211 3212//3212
f 3210//3210 3212//3212 3213//3213
f 3213//3213 3212//3212 3214//3214
f 3213//3213 3214//3214 3215//3215
f 3215//3215 3216//3216 3213//3213
f 3213//3213 3216//3216 3217//3217
f 3213//3213 3217//3217 3218//3218
f 3218//3218 3219//3219 3213//3213
f 3213//3213 3219//3219 3220//3220
f 3213//3213 3220//3220 3207//3207
f 3207//3207 3220//3220 3221//3221
f 3207//3207 3221//3221 3205//3205
f 3222//3222 3223//3223 3224//3224
f 3224//3224 3223//3223 3225//3225
f 3226//3226 3227//3227 3228//3228
f 3228//3228 3227//3227 3229//3229
f 3228//3228 3229//3229 3230//3230
f 3230//3230 3231//3231 3228//3228
f 3228//3228 3231//3231 3232//3232
f 3228//3228 3232//3232 3210//3210
f 3210//3210 3232//3232 3233//3233
f 3210//3210 3233//3233 3208//3208
f 3206//3206 3234//3234 3207//3207
f 3207//3207 3234//3234 3235//3235
f 3207//3207 3235//3235 3236//3236
f 3236//3236 3235//3235 3237//3237
f 3236//3236 3237//3237 3238//3238
f 3238//3238 3239//3239 3236//3236
f 3236//3236 3239//3239 3240//3240
f 3236//3236 3240//3240 3241//3241
f 3225//3225 3242//3242 3224//3224
f 3224//3224 3242//3242 3243//3243
f 3224//3224 3243//3243 3228//3228
f 3228//3228 3243//3243 3244//3244
f 3228//3228 3244//3244 3226//3226
f 3241//3241 3245//3245 3236//3236
f 3236//3236 3245//3245 3246//3246
f 3236//3236 3246//3246 3224//3224
f 3224//3224 3246//3246 3247//3247
f 3224//3224 3247//3247 3222//3222
f 3248//3248 3249//3249 3250//3250
f 3251//3251 3252//3252 3253//3253
f 3253//3253 3252//3252 3249//3249
f 3253//3253 3249//3249 3254//3254
f 3254//3254 3249//3249 3248//3248
f 3251//3251 3255//3255 3252//3252
f 3252//3252 3255//3255 3256//3256
f 3252//3252 3256//3256 3257//3257
f 3258//3258 3259//3259 3260//3260
f 3260//3260 3259//3259 3257//3257
f 3260//3260 3257//3257 3261//3261
f 3261//3261 3257//3257 3256//3256
f 3258//3258 3262//3262 3259//3259
f 3259//3259 3262//3262 3263//3263
f 3259//3259 3263//3263 3264//3264
f 3263//3263 3265//3265 3264//3264
f 3264//3264 3265//3265 3266//3266
f 3264//3264 3266//3266 3267//3267
f 3268//3268 3269//3269 3270//3270
f 3270//3270 3269//3269 3267//3267
f 3270//3270 3267//3267 3271//3271
f 3271//3271 3267//3267 3266//3266
f 3268//3268 3272//3272 3269//3269
f 3269//3269 3272//3272 3273//3273
f 3269//3269 3273//3273 3274//3274
f 3275//3275 3276//3276 3277//3277
f 3277//3277 3276//3276 3274//3274
f 3277//3277 3274//3274 3278//3278
f 3278//3278 3274//3274 3273//3273
f 3275//3275 3279//3279 3276//3276
f 3276//3276 3279//3279 3280//3280
f 3276//3276 3280//3280 3281//3281
f 3282//3282 3283//3283 3284//3284
f 3284//3284 3283//3283 3281//3281
f 3284//3284 3281//3281 3285//3285
f 3285//3285 3281//3281 3280//3280
f 3282//3282 3286//3286 3283//3283
f 3283//3283 3286//3286 3287//3287
f 3283//3283 3287//3287 3288//3288
f 3287//3287 3289//3289 3288//3288
f 3288//3288 3289//3289 3290//3290
f 3288//3288 3290//3290 3291//3291
f 3292//3292 3293//3293 3294//3294
f 3294//3294 3293//3293 3291//3291
f 3294//3294 3291//3291 3295//3295
f 3295//3295 3291//3291 3290//3290
f 3292//3292 3296//3296 3293//3293
f 3293//3293 3296//3296 3297//3297
f 3293//3293 3297//3297 3298//3298
f 3299//3299 3300//3300 3301//3301
f 3301//3301 3300//3300 3298//3298
f 3301//3301 3298//3298 3302//3302
f 3302//3302 3298//3298 3297//3297
f 3299//3299 3303//3303 3300//3300
f 3300//3300 3303//3303 3304//3304
f 3300//3300 3304//3304 3305//3305
f 3306//3306 3307//3307 3308//3308
f 3308//3308 3307//3307 3305//3305
f 3308//3308 3305//3305 3309//3309
f 3309//3309 3305//3305 3304//3304
f 3306//3306 3310//3310 3307//3307
f 3307//3307 3310//3310 3311//3311
f 3307//3307 3311//3311 3312//3312
f 3311//3311 3313//3313 3312//3312
f 3312//3312 3313//3313 3314//3314
f 3312//3312 3314//3314 3315//3315
f 3316//3316 3317//3317 3318//3318
f 3318//3318 3317//3317 3315//3315
f 3318//3318 3315//3315 3319//3319
f 3319//3319 3315//3315 3314//3314
f 3316//3316 3320//3320 3317//3317
f 3317//3317 3320//3320 3321//3321
f 3317//3317 3321//3321 3322//3322
f 3323//3323 3324//3324 3325//3325
f 3325//3325 3324//3324 3322//3322
f 3325//3325 3322//3322 3326//3326
f 3326//3326 3322//3322 3321//3321
f 3323//3323 3327//3327 3324//3324
f 3324//3324 3327//3327 3328//3328
f 3324//3324 3328//3328 3329//3329
f 3328//3328 3330//3330 3329//3329
f 3329//3329 3330//3330 3331//3331
f 3329//3329 3331//3331 3332//3332
f 3331//3331 3333//3333 3332//3332
f 3332//3332 3333//3333 3334//3334
f 3332//3332 3334//3334 3250//3250
f 3250//3250 3334//3334 3335//3335
f 3250//3250 3335//3335 3248//3248
f 3250//3250 3336//3336 3332//3332
f 3332//3332 3336//3336 3337//3337
f 3332//3332 3337//3337 3329//3329
f 3329//3329 3337//3337 3338//3338
f 3329//3329 3338//3338 3324//3324
f 3324//3324 3338//3338 3339//3339
f 3324//3324 3339//3339 3322//3322
f 3322//3322 3339//3339 3340//3340
f 3322//3322 3340//3340 3317//3317
f 3317//3317 3340//3340 3341//3341
f 3317//3317 3341//3341 3315//3315
f 3315//3315 3341//3341 3342//3342
f 3315//3315 3342//3342 3312//3312
f 3312//3312 3342//3342 3343//3343
f 3312//3312 3343//3343 3307//3307
f 3307//3307 3343//3343 3344//3344
f 3307//3307 3344//3344 3305//3305
f 3344//3344 3345//3345 3305//3305
f 3305//3305 3345//3345 3346//3346
f 3305//3305 3346//3346 3300//3300
f 3300//3300 3346//3346 3347//3347
f 3300//3300 3347//3347 3298//3298
f 3298//3298 3347//3347 3348//3348
f 3298//3298 3348//3348 3293//3293
f 3293//3293 3348//3348 3349//3349
f 3293//3293 3349//3349 3291//3291
f 3291//3291 3349//3349 3350//3350
f 3291//3291 3350//3350 3288//3288
f 3288//3288 3350//3350 3351//3351
f 3288//3288 3351//3351 3283//3283
f 3283//3283 3351//3351 3352//3352
f 3283//3283 3352//3352 3281//3281
f 3281//3281 3352//3352 3353//3353
f 3281//3281 3353//3353 3276//3276
f 3353//3353 3354//3354 3276//3276
f 3276//3276 3354//3354 3355//3355
f 3276//3276 3355//3355 3274//3274
f 3274//3274 3355//3355 3356//3356
f 3274//3274 3356//3356 3269//3269
f 3269//3269 3356//3356 3357//3357
f 3269//3269 3357//3357 3267//3267
f 3267//3267 3357//3357 3358//3358
f 3267//3267 3358//3358 3264//3264
f 3264//3264 3358//3358 3359//3359
f 3264//3264 3359//3359 3259//3259
f 3259//3259 3359//3359 3360//3360
f 3259//3259 3360//3360 3257//3257
f 3257//3257 3360//3360 3361//3361
f 3257//3257 3361//3361 3252//3252
f 3252//3252 3361//3361 3362//3362
f 3252//3252 3362//3362 3249//3249
f 3249//3249 3362//3362 3363//3363
f 3249//3249 3363//3363 3250//3250
f 3250//3250 3363//3363 3364//3364
f 3250//3250 3364//3364 3336//3336
f 3365//3365 3366//3366 3367//3367
f 3367//3367 3368//3368 3365//3365
f 3365//3365 3368//3368 3369//3369
f 3365//3365 3369//3369 3370//3370
f 3369//3369 3371//3371 3370//3370
f 3370//3370 3371//3371 3372//3372
f 3370//3370 3372//3372 3373//3373
f 3373//3373 3372//3372 3374//3374
f 3373//3373 3374//3374 3375//3375
f 3375//3375 3374//3374 3376//3376
f 3375//3375 3376//3376 3377//3377
f 3378//3378 3379//3379 3380//3380
f 3380//3380 3379//3379 3375//3375
f 3380//3380 3375//3375 3381//3381
f 3381//3381 3375//3375 3377//3377
f 3378//3378 3382//3382 3379//3379
f 3379//3379 3382//3382 3383//3383
f 3379//3379 3383//3383 3384//3384
f 3385//3385 3386//3386 3387//3387
f 3387//3387 3386//3386 3384//3384
f 3387//3387 3384//3384 3388//3388
f 3388//3388 3384//3384 3383//3383
f 3385//3385 3389//3389 3386//3386
f 3386//3386 3389//3389 3390//3390
f 3386//3386 3390//3390 3391//3391
f 3390//3390 3392//3392 3391//3391
f 3391//3391 3392//3392 3393//3393
f 3391//3391 3393//3393 3394//3394
f 3393//3393 3395//3395 3394//3394
f 3394//3394 3395//3395 3396//3396
f 3394//3394 3396//3396 3397//3397
f 3396//3396 3398//3398 3397//3397
f 3397//3397 3398//3398 3399//3399
f 3397//3397 3399//3399 3400//3400
f 3399//3399 3401//3401 3400//3400
f 3400//3400 3401//3401 3402//3402
f 3400//3400 3402//3402 3403//3403
f 3403//3403 3402//3402 3404//3404
f 3403//3403 3404//3404 3405//3405
f 3405//3405 3404//3404 3406//3406
f 3405//3405 3406//3406 3407//3407
f 3408//3408 3409//3409 3410//3410
f 3410//3410 3409//3409 3405//3405
f 3410//3410 3405//3405 3411//3411
f 3411//3411 3405//3405 3407//3407
f 3408//3408 3412//3412 3409//3409
f 3409//3409 3412//3412 3413//3413
f 3409//3409 3413//3413 3414//3414
f 3415//3415 3416//3416 3417//3417
f 3417//3417 3416//3416 3414//3414
f 3417//3417 3414//3414 3418//3418
f 3418//3418 3414//3414 3413//3413
f 3415//3415 3419//3419 3416//3416
f 3416//3416 3419//3419 3420//3420
f 3416//3416 3420//3420 3421//3421
f 3420//3420 3422//3422 3421//3421
f 3421//3421 3422//3422 3423//3423
f 3421//3421 3423//3423 3424//3424
f 3423//3423 3425//3425 3424//3424
f 3424//3424 3425//3425 3426//3426
f 3424//3424 3426//3426 3427//3427
f 3426//3426 3428//3428 3427//3427
f 3427//3427 3428//3428 3429//3429
f 3427//3427 3429//3429 3366//3366
f 3366//3366 3429//3429 3430//3430
f 3366//3366 3430//3430 3367//3367
f 3366//3366 3431//3431 3427//3427
f 3427//3427 3431//3431 3432//3432
f 3427//3427 3432//3432 3424//3424
f 3424//3424 3432//3432 3433//3433
f 3424//3424 3433//3433 3421//3421
f 3421//3421 3433//3433 3434//3434
f 3421//3421 3434//3434 3416//3416
f 3416//3416 3434//3434 3435//3435
f 3416//3416 3435//3435 3414//3414
f 3414//3414 3435//3435 3436//3436
f 3414//3414 3436//3436 3409//3409
f 3409//3409 3436//3436 3437//3437
f 3409//3409 3437//3437 3405//3405
f 3405//3405 3437//3437 3438//3438
f 3405//3405 3438//3438 3403//3403
f 3403//3403 3438//3438 3439//3439
f 3403//3403 3439//3439 3400//3400
f 3400//3400 3439//3439 3440//3440
f 3400//3400 3440//3440 3397//3397
f 3397//3397 3440//3440 3441//3441
f 3397//3397 3441//3441 3394//3394
f 3394//3394 3441//3441 3442//3442
f 3394//3394 3442//3442 3391//3391
f 3391//3391 3442//3442 3443//3443
f 3391//3391 3443//3443 3386//3386
f 3386//3386 3443//3443 3444//3444
f 3386//3386 3444//3444 3384//3384
f 3384//3384 3444//3444 3445//3445
f 3384//3384 3445//3445 3379//3379
f 3379//3379 3445//3445 3446//3446
f 3379//3379 3446//3446 3375//3375
f 3375//3375 3446//3446 3447//3447
f 3375//3375 3447//3447 3373//3373
f 3373//3373 3447//3447 3448//3448
f 3373//3373 3448//3448 3370//3370
f 3370//3370 3448//3448 3449//3449
f 3370//3370 3449//3449 3365//3365
f 3365//3365 3449//3449 3450//3450
f 3365//3365 3450//3450 3366//3366
f 3366//3366 3450//3450 3431//3431
f 3450//3450 3449//3449 3451//3451
f 3450//3450 3451//3451 3431//3431
f 3434//3434 3433//3433 3451//3451
f 3451//3451 3433//3433 3432//3432
f 3451//3451 3432//3432 3431//3431
f 3437//3437 3436//3436 3451//3451
f 3451//3451 3436//3436 3435//3435
f 3451//3451 3435//3435 3434//3434
f 3440//3440 3439//3439 3451//3451
f 3451//3451 3439//3439 3438//3438
f 3451//3451 3438//3438 3437//3437
f 3443//3443 3442//3442 3451//3451
f 3451//3451 3442//3442 3441//3441
f 3451//3451 3441//3441 3440//3440
f 3446//3446 3445//3445 3451//3451
f 3451//3451 3445//3445 3444//3444
f 3451//3451 3444//3444 3443//3443
f 3449//3449 3448//3448 3451//3451
f 3451//3451 3448//3448 3447//3447
f 3451//3451 3447//3447 3446//3446
f 3452//3452 3395//3395 3453//3453
f 3453//3453 3395//3395 3393//3393
f 3453//3453 3393//3393 3454//3454
f 3393//3393 3392//3392 3454//3454
f 3454//3454 3392//3392 3390//3390
f 3454//3454 3390//3390 3455//3455
f 3390//3390 3389//3389 3455//3455
f 3455//3455 3389//3389 3385//3385
f 3455//3455 3385//3385 3456//3456
f 3456//3456 3385//3385 3387//3387
f 3456//3456 3387//3387 3457//3457
f 3387//3387 3388//3388 3457//3457
f 3457//3457 3388//3388 3383//3383
f 3457//3457 3383//3383 3458//3458
f 3383//3383 3382//3382 3458//3458
f 3458//3458 3382//3382 3378//3378
f 3458//3458 3378//3378 3459//3459
f 3459//3459 3378//3378 3380//3380
f 3459//3459 3380//3380 3460//3460
f 3380//3380 3381//3381 3460//3460
f 3460//3460 3381//3381 3377//3377
f 3460//3460 3377//3377 3461//3461
f 3377//3377 3376//3376 3461//3461
f 3461//3461 3376//3376 3374//3374
f 3461//3461 3374//3374 3462//3462
f 3462//3462 3374//3374 3372//3372
f 3462//3462 3372//3372 3463//3463
f 3372//3372 3371//3371 3463//3463
f 3463//3463 3371//3371 3369//3369
f 3463//3463 3369//3369 3464//3464
f 3464//3464 3369//3369 3368//3368
f 3464//3464 3368//3368 3465//3465
f 3465//3465 3368//3368 3367//3367
f 3465//3465 3367//3367 3466//3466
f 3367//3367 3430//3430 3466//3466
f 3466//3466 3430//3430 3429//3429
f 3466//3466 3429//3429 3467//3467
f 3467//3467 3429//3429 3428//3428
f 3467//3467 3428//3428 3468//3468
f 3428//3428 3426//3426 3468//3468
f 3468//3468 3426//3426 3425//3425
f 3468//3468 3425//3425 3469//3469
f 3469//3469 3425//3425 3423//3423
f 3469//3469 3423//3423 3470//3470
f 3423//3423 3422//3422 3470//3470
f 3470//3470 3422//3422 3420//3420
f 3470//3470 3420//3420 3471//3471
f 3420//3420 3419//3419 3471//3471
f 3471//3471 3419//3419 3415//3415
f 3471//3471 3415//3415 3472//3472
f 3472//3472 3415//3415 3417//3417
f 3472//3472 3417//3417 3473//3473
f 3417//3417 3418//3418 3473//3473
f 3473//3473 3418//3418 3413//3413
f 3473//3473 3413//3413 3474//3474
f 3413//3413 3412//3412 3474//3474
f 3474//3474 3412//3412 3408//3408
f 3474//3474 3408//3408 3475//3475
f 3475//3475 3408//3408 3410//3410
f 3475//3475 3410//3410 3476//3476
f 3410//3410 3411//3411 3476//3476
f 3476//3476 3411//3411 3407//3407
f 3476//3476 3407//3407 3477//3477
f 3407//3407 3406//3406 3477//3477
f 3477//3477 3406//3406 3404//3404
f 3477//3477 3404//3404 3478//3478
f 3478//3478 3404//3404 3402//3402
f 3478//3478 3402//3402 3479//3479
f 3402//3402 3401//3401 3479//3479
f 3479//3479 3401//3401 3399//3399
f 3479//3479 3399//3399 3480//3480
f 3480//3480 3399//3399 3398//3398
f 3480//3480 3398//3398 3452//3452
f 3452//3452 3398//3398 3396//3396
f 3452//3452 3396//3396 3395//3395
f 3479//3479 3481//3481 3478//3478
f 3478//3478 3481//3481 3482//3482
f 3478//3478 3482//3482 3477//3477
f 3477//3477 3482//3482 3483//3483
f 3477//3477 3483//3483 3476//3476
f 3476//3476 3483//3483 3484//3484
f 3476//3476 3484//3484 3475//3475
f 3475//3475 3484//3484 3485//3485
f 3475//3475 3485//3485 3474//3474
f 3474//3474 3485//3485 3486//3486
f 3474//3474 3486//3486 3473//3473
f 3473//3473 3486//3486 3487//3487
f 3473//3473 3487//3487 3472//3472
f 3472//3472 3487//3487 3488//3488
f 3472//3472 3488//3488 3471//3471
f 3471//3471 3488//3488 3489//3489
f 3471//3471 3489//3489 3470//3470
f 3470//3470 3489//3489 3490//3490
f 3470//3470 3490//3490 3469//3469
f 3469//3469 3490//3490 3491//3491
f 3469//3469 3491//3491 3468//3468
f 3468//3468 3491//3491 3492//3492
f 3468//3468 3492//3492 3467//3467
f 3467//3467 3492//3492 3493//3493
f 3467//3467 3493//3493 3466//3466
f 3466//3466 3493//3493 3494//3494
f 3466//3466 3494//3494 3465//3465
f 3465//3465 3494//3494 3495//3495
f 3465//3465 3495//3495 3464//3464
f 3464//3464 3495//3495 3496//3496
f 3464//3464 3496//3496 3463//3463
f 3463//3463 3496//3496 3497//3497
f 3463//3463 3497//3497 3462//3462
f 3462//3462 3497//3497 3498//3498
f 3462//3462 3498//3498 3461//3461
f 3461//3461 3498//3498 3499//3499
f 3461//3461 3499//3499 3460//3460
f 3460//3460 3499//3499 3500//3500
f 3460//3460 3500//3500 3459//3459
f 3459//3459 3500//3500 3501//3501
f 3459//3459 3501//3501 3458//3458
f 3458//3458 3501//3501 3502//3502
f 3458//3458 3502//3502 3457//3457
f 3457//3457 3502//3502 3503//3503
f 3457//3457 3503//3503 3456//3456
f 3456//3456 3503//3503 3504//3504
f 3456//3456 3504//3504 3455//3455
f 3455//3455 3504//3504 3505//3505
f 3455//3455 3505//3505 3454//3454
f 3454//3454 3505//3505 3506//3506
f 3454//3454 3506//3506 3453//3453
f 3453//3453 3506//3506 3507//3507
f 3453//3453 3507//3507 3452//3452
f 3452//3452 3507//3507 3508//3508
f 3452//3452 3508//3508 3480//3480
f 3480//3480 3508//3508 3509//3509
f 3480//3480 3509//3509 3479//3479
f 3479//3479 3509//3509 3481//3481
f 3481//3481 3349//3349 3482//3482
f 3482//3482 3349//3349 3348//3348
f 3482//3482 3348//3348 3483//3483
f 3483//3483 3348//3348 3347//3347
f 3483//3483 3347//3347 3484//3484
f 3484//3484 3347//3347 3346//3346
f 3484//3484 3346//3346 3485//3485
f 3485//3485 3346//3346 3345//3345
f 3485//3485 3345//3345 3486//3486
f 3486//3486 3345//3345 3344//3344
f 3486//3486 3344//3344 3487//3487
f 3487//3487 3344//3344 3343//3343
f 3487//3487 3343//3343 3488//3488
f 3488//3488 3343//3343 3342//3342
f 3488//3488 3342//3342 3489//3489
f 3489//3489 3342//3342 3341//3341
f 3489//3489 3341//3341 3490//3490
f 3490//3490 3341//3341 3340//3340
f 3490//3490 3340//3340 3491//3491
f 3491//3491 3340//3340 3339//3339
f 3491//3491 3339//3339 3492//3492
f 3492//3492 3339//3339 3338//3338
f 3492//3492 3338//3338 3493//3493
f 3493//3493 3338//3338 3337//3337
f 3493//3493 3337//3337 3494//3494
f 3494//3494 3337//3337 3336//3336
f 3494//3494 3336//3336 3495//3495
f 3495//3495 3336//3336 3364//3364
f 3495//3495 3364//3364 3496//3496
f 3496//3496 3364//3364 3363//3363
f 3496//3496 3363//3363 3497//3497
f 3497//3497 3363//3363 3362//3362
f 3497//3497 3362//3362 3498//3498
f 3498//3498 3362//3362 3361//3361
f 3498//3498 3361//3361 3499//3499
f 3499//3499 3361//3361 3360//3360
f 3499//3499 3360//3360 3500//3500
f 3500//3500 3360//3360 3359//3359
f 3500//3500 3359//3359 3501//3501
f 3501//3501 3359//3359 3358//3358
f 3501//3501 3358//3358 3502//3502
f 3502//3502 3358//3358 3357//3357
f 3502//3502 3357//3357 3503//3503
f 3503//3503 3357//3357 3356//3356
f 3503//3503 3356//3356 3504//3504
f 3504//3504 3356//3356 3355//3355
f 3504//3504 3355//3355 3505//3505
f 3505//3505 3355//3355 3354//3354
f 3505//3505 3354//3354 3506//3506
f 3506//3506 3354//3354 3353//3353
f 3506//3506 3353//3353 3507//3507
f 3507//3507 3353//3353 3352//3352
f 3507//3507 3352//3352 3508//3508
f 3508//3508 3352//3352 3351//3351
f 3508//3508 3351//3351 3509//3509
f 3509//3509 3351//3351 3350//3350
f 3509//3509 3350//3350 3481//3481
f 3481//3481 3350//3350 3349//3349
f 3323//3323 3325//3325 3510//3510
f 3316//3316 3318//3318 3511//3511
f 3299//3299 3301//3301 3512//3512
f 3292//3292 3294//3294 3513//3513
f 3275//3275 3277//3277 3514//3514
f 3268//3268 3270//3270 3515//3515
f 3271//3271 3266//3266 3516//3516
f 3517//3517 3238//3238 3237//3237
f 3518//3518 3237//3237 3235//3235
f 3518//3518 3235//3235 3519//3519
f 3519//3519 3235//3235 3234//3234
f 3519//3519 3234//3234 3520//3520
f 3239//3239 3238//3238 3521//3521
f 3521//3521 3238//3238 3517//3517
f 3521//3521 3517//3517 3522//3522
f 3240//3240 3239//3239 3523//3523
f 3523//3523 3239//3239 3521//3521
f 3523//3523 3521//3521 3524//3524
f 3524//3524 3521//3521 3522//3522
f 3524//3524 3522//3522 3525//3525
f 3526//3526 3518//3518 3527//3527
f 3527//3527 3518//3518 3519//3519
f 3527//3527 3519//3519 3528//3528
f 3528//3528 3519//3519 3520//3520
f 3528//3528 3520//3520 3529//3529
f 3205//3205 3221//3221 3530//3530
f 3530//3530 3221//3221 3531//3531
f 3530//3530 3531//3531 3532//3532
f 3532//3532 3531//3531 3533//3533
f 3532//3532 3533//3533 3534//3534
f 3534//3534 3533//3533 3535//3535
f 3221//3221 3220//3220 3531//3531
f 3531//3531 3220//3220 3536//3536
f 3531//3531 3536//3536 3533//3533
f 3533//3533 3536//3536 3537//3537
f 3533//3533 3537//3537 3535//3535
f 3535//3535 3537//3537 3538//3538
f 3220//3220 3219//3219 3536//3536
f 3536//3536 3219//3219 3539//3539
f 3536//3536 3539//3539 3537//3537
f 3537//3537 3539//3539 3540//3540
f 3537//3537 3540//3540 3538//3538
f 3538//3538 3540//3540 3541//3541
f 3215//3215 3214//3214 3542//3542
f 3542//3542 3214//3214 3543//3543
f 3542//3542 3543//3543 3544//3544
f 3544//3544 3543//3543 3545//3545
f 3544//3544 3545//3545 3546//3546
f 3546//3546 3545//3545 3514//3514
f 3211//3211 3209//3209 3547//3547
f 3547//3547 3209//3209 3548//3548
f 3547//3547 3548//3548 3549//3549
f 3549//3549 3548//3548 3550//3550
f 3549//3549 3550//3550 3551//3551
f 3551//3551 3550//3550 3552//3552
f 3209//3209 3208//3208 3548//3548
f 3548//3548 3208//3208 3553//3553
f 3548//3548 3553//3553 3550//3550
f 3550//3550 3553//3553 3554//3554
f 3550//3550 3554//3554 3552//3552
f 3552//3552 3554//3554 3555//3555
f 3208//3208 3233//3233 3553//3553
f 3553//3553 3233//3233 3556//3556
f 3553//3553 3556//3556 3554//3554
f 3554//3554 3556//3556 3557//3557
f 3554//3554 3557//3557 3555//3555
f 3555//3555 3557//3557 3558//3558
f 3232//3232 3231//3231 3559//3559
f 3559//3559 3231//3231 3560//3560
f 3559//3559 3560//3560 3561//3561
f 3561//3561 3560//3560 3562//3562
f 3561//3561 3562//3562 3563//3563
f 3563//3563 3562//3562 3513//3513
f 3229//3229 3227//3227 3564//3564
f 3564//3564 3227//3227 3565//3565
f 3564//3564 3565//3565 3566//3566
f 3566//3566 3565//3565 3567//3567
f 3566//3566 3567//3567 3568//3568
f 3568//3568 3567//3567 3512//3512
f 3244//3244 3243//3243 3569//3569
f 3569//3569 3243//3243 3570//3570
f 3569//3569 3570//3570 3571//3571
f 3571//3571 3570//3570 3572//3572
f 3571//3571 3572//3572 3573//3573
f 3573//3573 3572//3572 3574//3574
f 3243//3243 3242//3242 3570//3570
f 3570//3570 3242//3242 3575//3575
f 3570//3570 3575//3575 3572//3572
f 3572//3572 3575//3575 3576//3576
f 3572//3572 3576//3576 3574//3574
f 3574//3574 3576//3576 3577//3577
f 3242//3242 3225//3225 3575//3575
f 3575//3575 3225//3225 3578//3578
f 3575//3575 3578//3578 3576//3576
f 3576//3576 3578//3578 3579//3579
f 3576//3576 3579//3579 3577//3577
f 3577//3577 3579//3579 3580//3580
f 3223//3223 3222//3222 3581//3581
f 3581//3581 3222//3222 3582//3582
f 3581//3581 3582//3582 3583//3583
f 3583//3583 3582//3582 3584//3584
f 3583//3583 3584//3584 3585//3585
f 3585//3585 3584//3584 3511//3511
f 3246//3246 3245//3245 3586//3586
f 3586//3586 3245//3245 3587//3587
f 3586//3586 3587//3587 3588//3588
f 3588//3588 3587//3587 3589//3589
f 3588//3588 3589//3589 3590//3590
f 3590//3590 3589//3589 3510//3510
f 3591//3591 3526//3526 3592//3592
f 3592//3592 3526//3526 3527//3527
f 3592//3592 3527//3527 3593//3593
f 3593//3593 3527//3527 3528//3528
f 3593//3593 3528//3528 3594//3594
f 3594//3594 3528//3528 3529//3529
f 3594//3594 3529//3529 3595//3595
f 3254//3254 3594//3594 3253//3253
f 3253//3253 3594//3594 3595//3595
f 3253//3253 3595//3595 3251//3251
f 3255//3255 3251//3251 3596//3596
f 3596//3596 3251//3251 3595//3595
f 3596//3596 3595//3595 3597//3597
f 3597//3597 3595//3595 3529//3529
f 3597//3597 3529//3529 3598//3598
f 3598//3598 3529//3529 3520//3520
f 3598//3598 3520//3520 3206//3206
f 3206//3206 3520//3520 3234//3234
f 3206//3206 3205//3205 3598//3598
f 3598//3598 3205//3205 3530//3530
f 3598//3598 3530//3530 3597//3597
f 3597//3597 3530//3530 3532//3532
f 3597//3597 3532//3532 3596//3596
f 3596//3596 3532//3532 3534//3534
f 3596//3596 3534//3534 3255//3255
f 3255//3255 3534//3534 3256//3256
f 3265//3265 3263//3263 3541//3541
f 3541//3541 3263//3263 3262//3262
f 3541//3541 3262//3262 3538//3538
f 3538//3538 3262//3262 3258//3258
f 3538//3538 3258//3258 3535//3535
f 3535//3535 3258//3258 3260//3260
f 3535//3535 3260//3260 3534//3534
f 3534//3534 3260//3260 3261//3261
f 3534//3534 3261//3261 3256//3256
f 3266//3266 3265//3265 3516//3516
f 3516//3516 3265//3265 3541//3541
f 3516//3516 3541//3541 3599//3599
f 3599//3599 3541//3541 3540//3540
f 3599//3599 3540//3540 3600//3600
f 3600//3600 3540//3540 3539//3539
f 3600//3600 3539//3539 3218//3218
f 3218//3218 3539//3539 3219//3219
f 3270//3270 3271//3271 3515//3515
f 3515//3515 3271//3271 3516//3516
f 3515//3515 3516//3516 3601//3601
f 3601//3601 3516//3516 3599//3599
f 3601//3601 3599//3599 3602//3602
f 3602//3602 3599//3599 3600//3600
f 3602//3602 3600//3600 3217//3217
f 3217//3217 3600//3600 3218//3218
f 3272//3272 3268//3268 3603//3603
f 3603//3603 3268//3268 3515//3515
f 3603//3603 3515//3515 3604//3604
f 3604//3604 3515//3515 3601//3601
f 3604//3604 3601//3601 3605//3605
f 3605//3605 3601//3601 3602//3602
f 3605//3605 3602//3602 3216//3216
f 3216//3216 3602//3602 3217//3217
f 3216//3216 3215//3215 3605//3605
f 3605//3605 3215//3215 3542//3542
f 3605//3605 3542//3542 3604//3604
f 3604//3604 3542//3542 3544//3544
f 3604//3604 3544//3544 3603//3603
f 3603//3603 3544//3544 3546//3546
f 3603//3603 3546//3546 3272//3272
f 3272//3272 3546//3546 3273//3273
f 3514//3514 3277//3277 3546//3546
f 3546//3546 3277//3277 3278//3278
f 3546//3546 3278//3278 3273//3273
f 3279//3279 3275//3275 3606//3606
f 3606//3606 3275//3275 3514//3514
f 3606//3606 3514//3514 3607//3607
f 3607//3607 3514//3514 3545//3545
f 3607//3607 3545//3545 3608//3608
f 3608//3608 3545//3545 3543//3543
f 3608//3608 3543//3543 3212//3212
f 3212//3212 3543//3543 3214//3214
f 3212//3212 3211//3211 3608//3608
f 3608//3608 3211//3211 3547//3547
f 3608//3608 3547//3547 3607//3607
f 3607//3607 3547//3547 3549//3549
f 3607//3607 3549//3549 3606//3606
f 3606//3606 3549//3549 3551//3551
f 3606//3606 3551//3551 3279//3279
f 3279//3279 3551//3551 3280//3280
f 3289//3289 3287//3287 3558//3558
f 3558//3558 3287//3287 3286//3286
f 3558//3558 3286//3286 3555//3555
f 3555//3555 3286//3286 3282//3282
f 3555//3555 3282//3282 3552//3552
f 3552//3552 3282//3282 3284//3284
f 3552//3552 3284//3284 3551//3551
f 3551//3551 3284//3284 3285//3285
f 3551//3551 3285//3285 3280//3280
f 3290//3290 3289//3289 3563//3563
f 3563//3563 3289//3289 3558//3558
f 3563//3563 3558//3558 3561//3561
f 3561//3561 3558//3558 3557//3557
f 3561//3561 3557//3557 3559//3559
f 3559//3559 3557//3557 3556//3556
f 3559//3559 3556//3556 3232//3232
f 3232//3232 3556//3556 3233//3233
f 3513//3513 3294//3294 3563//3563
f 3563//3563 3294//3294 3295//3295
f 3563//3563 3295//3295 3290//3290
f 3296//3296 3292//3292 3609//3609
f 3609//3609 3292//3292 3513//3513
f 3609//3609 3513//3513 3610//3610
f 3610//3610 3513//3513 3562//3562
f 3610//3610 3562//3562 3611//3611
f 3611//3611 3562//3562 3560//3560
f 3611//3611 3560//3560 3230//3230
f 3230//3230 3560//3560 3231//3231
f 3230//3230 3229//3229 3611//3611
f 3611//3611 3229//3229 3564//3564
f 3611//3611 3564//3564 3610//3610
f 3610//3610 3564//3564 3566//3566
f 3610//3610 3566//3566 3609//3609
f 3609//3609 3566//3566 3568//3568
f 3609//3609 3568//3568 3296//3296
f 3296//3296 3568//3568 3297//3297
f 3512//3512 3301//3301 3568//3568
f 3568//3568 3301//3301 3302//3302
f 3568//3568 3302//3302 3297//3297
f 3303//3303 3299//3299 3612//3612
f 3612//3612 3299//3299 3512//3512
f 3612//3612 3512//3512 3613//3613
f 3613//3613 3512//3512 3567//3567
f 3613//3613 3567//3567 3614//3614
f 3614//3614 3567//3567 3565//3565
f 3614//3614 3565//3565 3226//3226
f 3226//3226 3565//3565 3227//3227
f 3226//3226 3244//3244 3614//3614
f 3614//3614 3244//3244 3569//3569
f 3614//3614 3569//3569 3613//3613
f 3613//3613 3569//3569 3571//3571
f 3613//3613 3571//3571 3612//3612
f 3612//3612 3571//3571 3573//3573
f 3612//3612 3573//3573 3303//3303
f 3303//3303 3573//3573 3304//3304
f 3313//3313 3311//3311 3580//3580
f 3580//3580 3311//3311 3310//3310
f 3580//3580 3310//3310 3577//3577
f 3577//3577 3310//3310 3306//3306
f 3577//3577 3306//3306 3574//3574
f 3574//3574 3306//3306 3308//3308
f 3574//3574 3308//3308 3573//3573
f 3573//3573 3308//3308 3309//3309
f 3573//3573 3309//3309 3304//3304
f 3314//3314 3313//3313 3585//3585
f 3585//3585 3313//3313 3580//3580
f 3585//3585 3580//3580 3583//3583
f 3583//3583 3580//3580 3579//3579
f 3583//3583 3579//3579 3581//3581
f 3581//3581 3579//3579 3578//3578
f 3581//3581 3578//3578 3223//3223
f 3223//3223 3578//3578 3225//3225
f 3511//3511 3318//3318 3585//3585
f 3585//3585 3318//3318 3319//3319
f 3585//3585 3319//3319 3314//3314
f 3320//3320 3316//3316 3615//3615
f 3615//3615 3316//3316 3511//3511
f 3615//3615 3511//3511 3616//3616
f 3616//3616 3511//3511 3584//3584
f 3616//3616 3584//3584 3617//3617
f 3617//3617 3584//3584 3582//3582
f 3617//3617 3582//3582 3247//3247
f 3247//3247 3582//3582 3222//3222
f 3247//3247 3246//3246 3617//3617
f 3617//3617 3246//3246 3586//3586
f 3617//3617 3586//3586 3616//3616
f 3616//3616 3586//3586 3588//3588
f 3616//3616 3588//3588 3615//3615
f 3615//3615 3588//3588 3590//3590
f 3615//3615 3590//3590 3320//3320
f 3320//3320 3590//3590 3321//3321
f 3510//3510 3325//3325 3590//3590
f 3590//3590 3325//3325 3326//3326
f 3590//3590 3326//3326 3321//3321
f 3327//3327 3323//3323 3618//3618
f 3618//3618 3323//3323 3510//3510
f 3618//3618 3510//3510 3619//3619
f 3619//3619 3510//3510 3589//3589
f 3619//3619 3589//3589 3620//3620
f 3620//3620 3589//3589 3587//3587
f 3620//3620 3587//3587 3241//3241
f 3241//3241 3587//3587 3245//3245
f 3241//3241 3240//3240 3620//3620
f 3620//3620 3240//3240 3523//3523
f 3620//3620 3523//3523 3619//3619
f 3619//3619 3523//3523 3524//3524
f 3619//3619 3524//3524 3618//3618
f 3618//3618 3524//3524 3525//3525
f 3618//3618 3525//3525 3327//3327
f 3327//3327 3525//3525 3328//3328
f 3237//3237 3518//3518 3517//3517
f 3517//3517 3518//3518 3526//3526
f 3517//3517 3526//3526 3522//3522
f 3522//3522 3526//3526 3591//3591
f 3522//3522 3591//3591 3525//3525
f 3525//3525 3591//3591 3330//3330
f 3525//3525 3330//3330 3328//3328
f 3254//3254 3248//3248 3594//3594
f 3594//3594 3248//3248 3335//3335
f 3594//3594 3335//3335 3593//3593
f 3593//3593 3335//3335 3334//3334
f 3593//3593 3334//3334 3592//3592
f 3592//3592 3334//3334 3333//3333
f 3592//3592 3333//3333 3591//3591
f 3591//3591 3333//3333 3331//3331
f 3591//3591 3331//3331 3330//3330
f 3621//3621 3236//3236 3622//3622
f 3622//3622 3236//3236 3224//3224
f 3622//3622 3224//3224 3623//3623
f 3624//3624 3207//3207 3625//3625
f 3625//3625 3207//3207 3236//3236
f 3625//3625 3236//3236 3621//3621
f 3626//3626 3213//3213 3627//3627
f 3627//3627 3213//3213 3207//3207
f 3627//3627 3207//3207 3624//3624
f 3628//3628 3210//3210 3629//3629
f 3629//3629 3210//3210 3213//3213
f 3629//3629 3213//3213 3626//3626
f 3630//3630 3228//3228 3631//3631
f 3631//3631 3228//3228 3210//3210
f 3631//3631 3210//3210 3628//3628
f 3623//3623 3224//3224 3632//3632
f 3632//3632 3224//3224 3228//3228
f 3632//3632 3228//3228 3630//3630
f 3625//3625 3633//3633 3624//3624
f 3624//3624 3633//3633 3634//3634
f 3624//3624 3634//3634 3627//3627
f 3626//3626 3627//3627 3635//3635
f 3635//3635 3636//3636 3626//3626
f 3626//3626 3636//3636 3637//3637
f 3626//3626 3637//3637 3629//3629
f 3628//3628 3629//3629 3638//3638
f 3638//3638 3639//3639 3628//3628
f 3628//3628 3639//3639 3640//3640
f 3628//3628 3640//3640 3631//3631
f 3630//3630 3631//3631 3641//3641
f 3641//3641 3642//3642 3630//3630
f 3630//3630 3642//3642 3643//3643
f 3630//3630 3643//3643 3632//3632
f 3623//3623 3632//3632 3644//3644
f 3644//3644 3645//3645 3623//3623
f 3623//3623 3645//3645 3646//3646
f 3623//3623 3646//3646 3622//3622
f 3622//3622 3647//3647 3621//3621
f 3621//3621 3647//3647 3648//3648
f 3621//3621 3648//3648 3625//3625
f 3649//3649 3648//3648 3647//3647
f 3625//3625 3648//3648 3649//3649
f 3649//3649 3645//3645 3644//3644
f 3646//3646 3645//3645 3649//3649
f 3622//3622 3646//3646 3649//3649
f 3649//3649 3642//3642 3641//3641
f 3643//3643 3642//3642 3649//3649
f 3632//3632 3643//3643 3649//3649
f 3649//3649 3639//3639 3638//3638
f 3640//3640 3639//3639 3649//3649
f 3631//3631 3640//3640 3649//3649
f 3649//3649 3636//3636 3635//3635
f 3637//3637 3636//3636 3649//3649
f 3629//3629 3637//3637 3649//3649
f 3649//3649 3634//3634 3633//3633
f 3627//3627 3634//3634 3649//3649
f 3633//3633 3625//3625 3649//3649
f 3635//3635 3627//3627 3649//3649
f 3638//3638 3629//3629 3649//3649
f 3641//3641 3631//3631 3649//3649
f 3644//3644 3632//3632 3649//3649
f 3647//3647 3622//3622 3649//3649
