# File generated by ImageToStl.com - Free Image and 3D model conversion tools

mtllib BD116-distal.mtl

o obj1
v 0.01151532 -0.05684538 -0.0159922
v 0.01910301 -0.05476381 -0.0159922
v 0.01910301 -0.05476381 -0.010302
v 0.01151532 -0.05684538 -0.010302
v 0.05798203 0.00115706 -0.01599221
v 0.05725309 0.00927807 -0.01599221
v 0.05725309 0.00927807 -0.010302
v 0.05798203 0.00115706 -0.010302
v 0.05566284 -0.01629869 -0.0159922
v 0.0573566 -0.00861512 -0.0159922
v 0.0573566 -0.00861512 -0.010302
v 0.05566284 -0.01629869 -0.010302
v -0.04948203 -0.03025771 -0.0159922
v -0.04493155 -0.03667635 -0.0159922
v -0.04493155 -0.03667635 -0.01030199
v -0.04948203 -0.03025771 -0.010302
v -0.02732192 0.05116163 -0.010302
v -0.03399491 0.04699304 -0.010302
v -0.03372956 0.0468146 -0.010002
v -0.02706924 0.05095632 -0.01000201
v -0.04004231 0.04195966 -0.01599221
v -0.04535284 0.03615411 -0.0159922
v -0.04535284 0.03615411 -0.010302
v -0.04004231 0.04195966 -0.010302
v -0.0195156 -0.05461814 -0.01030199
v -0.01194383 -0.05675689 -0.01030199
v -0.01172766 -0.05649559 -0.010002
v -0.01928093 -0.05438323 -0.010002
v 0.0575354 0.00035662 -0.010002
v 0.05755797 0.00040179 -0.01599221
v 0.05775109 0.00088673 -0.01599221
v 0.05769001 0.00078693 -0.010002
v -0.04982875 0.02968325 -0.010302
v -0.0495387 0.0295839 -0.010002
v -0.04506905 0.03602874 -0.010002
v 0.04915519 -0.03021682 -0.010002
v 0.05279891 -0.02327153 -0.010002
v 0.03824683 -0.01920988 -0.010002
v 0.03477086 -0.0249565 -0.010002
v -0.02672824 -0.05147428 -0.010302
v -0.02647794 -0.05126605 -0.010002
v -0.03824684 0.01920988 -0.010002
v -0.03477087 0.0249565 -0.010002
v -0.00415226 -0.05785117 -0.010302
v -0.00395772 -0.0575641 -0.010002
v -0.00645076 -0.04231108 -0.010002
v -0.01299025 -0.04078104 -0.010002
v 0.00371572 -0.05788085 -0.010302
v 0.00388536 -0.05756903 -0.010002
v 0.04231108 -0.00645076 -0.010002
v 0.04078104 -0.01299025 -0.010002
v 0.0554671 -0.01589625 -0.010002
v 0.05711043 -0.00822728 -0.010002
v 0.04889472 0.03119786 -0.01599221
v 0.0442224 0.03752837 -0.01599221
v 0.0442224 0.03752837 -0.010302
v 0.04889472 0.03119786 -0.010302
v 0.05266725 0.02429322 -0.01599221
v 0.05266725 0.02429322 -0.010302
v 0.05547057 0.01694153 -0.01599221
v 0.05547057 0.01694153 -0.010302
v -0.03955423 -0.04242007 -0.01030199
v -0.033449 -0.04738316 -0.01030199
v -0.03318573 -0.04720167 -0.010002
v -0.03928037 -0.04226514 -0.010002
v -0.04982875 0.02968325 -0.01599221
v -0.03976668 0.0418079 -0.010002
v -0.03043872 0.0300886 -0.010002
v -0.05596418 0.01523191 -0.010302
v -0.05751077 0.00751738 -0.010302
v -0.05721126 0.00749413 -0.010002
v -0.05566642 0.01518356 -0.010002
v -0.03399491 0.04699304 -0.01599221
v 0.0257396 0.05197569 -0.010302
v 0.01846819 0.05498113 -0.010302
v 0.01858184 0.05462604 -0.01000201
v 0.02581825 0.05160142 -0.01000201
v -0.01920988 -0.03824683 -0.010002
v -0.0249565 -0.03477086 -0.010002
v 0.01165664 -0.05651028 -0.010002
v 0.01100212 0.05664135 -0.01000201
v 0.00645076 0.04231108 -0.01000201
v 0.01299025 0.04078104 -0.01000201
v 0.01920988 0.03824683 -0.01000201
v 0.0249565 0.03477086 -0.010002
v 0.03257763 0.0476234 -0.01000201
v -0.03008861 -0.03043872 -0.010002
v 0.03802205 0.01965105 -0.010002
v 0.04062803 0.01346116 -0.010002
v 0.05527949 0.01653686 -0.010002
v 0.05252618 0.02388077 -0.010002
v 0.03873507 0.04276546 -0.01000201
v 0.0300886 0.03043872 -0.010002
v 0.03447983 0.02535708 -0.010002
v 0.04417683 0.03711735 -0.010002
v -0.04279929 -0.00024757 -0.010002
v -0.04231108 0.00645076 -0.010002
v -0.05769904 -0.00033376 -0.010002
v -0.05741996 -0.00818219 -0.0159922
v -0.05578423 -0.01587831 -0.0159922
v -0.05578423 -0.01587831 -0.010302
v -0.05741996 -0.00818219 -0.010302
v -0.05799903 -0.00033549 -0.0159922
v -0.05799903 -0.00033549 -0.010302
v -0.0533877 0.02266613 -0.0159922
v -0.05338769 0.02266614 -0.010302
v 0.04465359 -0.03701428 -0.010302
v 0.04925236 -0.03063013 -0.010302
v 0.04460326 -0.0366038 -0.010002
v 0.01085693 0.05697479 -0.010302
v 0.05294476 -0.02368231 -0.010302
v 0.03309059 -0.04763414 -0.010302
v 0.03923308 -0.04271726 -0.010302
v 0.0392272 -0.04231448 -0.010002
v 0.03312637 -0.04724334 -0.010002
v 0.02535707 -0.03447983 -0.010002
v 0.03043872 -0.0300886 -0.010002
v 0.00321911 0.05761013 -0.01000201
v -0.00024757 0.04279928 -0.01000201
v 0.01846819 0.05498113 -0.01599221
v 0.01085693 0.05697479 -0.01599221
v 0.04880235 0.03078345 -0.010002
v 0.03873629 0.04316827 -0.010302
v 0.03253733 0.04801377 -0.010302
v 0.00304587 0.05791996 -0.010302
v -0.00482123 0.05779927 -0.010302
v -0.00462338 0.05751447 -0.01000201
v -0.01259962 0.05661492 -0.010302
v -0.01238045 0.05635614 -0.01000201
v -0.02014615 0.05438872 -0.010302
v -0.01990877 0.05415654 -0.01000201
v -0.00693981 0.04223362 -0.01000201
v -0.05548704 -0.01582652 -0.010002
v -0.05282813 -0.02320514 -0.010002
v -0.03802205 -0.01965105 -0.010002
v -0.04062804 -0.01346116 -0.010002
v -0.05309305 0.02259244 -0.010002
v 0.05756402 -0.00030919 -0.01599221
v 0.05754068 -0.0002642 -0.010002
v 0.05769856 -0.0006931 -0.010002
v 0.05776079 -0.0007922 -0.01599221
v -0.05712074 -0.00815548 -0.010002
v -0.05312192 -0.02328223 -0.010302
v -0.04919315 -0.030155 -0.010002
v -0.04464924 -0.03654772 -0.010002
v 0.01921255 -0.05440743 -0.010002
v 0.02633915 -0.05167445 -0.010302
v 0.02641347 -0.05129929 -0.010002
v 0.04223362 0.0069398 -0.010002
v 0.05701144 0.0088874 -0.010002
v 0.01346115 -0.04062803 -0.010002
v 0.01965105 -0.03802205 -0.010002
v 0.04279928 0.00024757 -0.010002
v 0.00024756 -0.04279928 -0.010002
v -0.01346116 0.04062803 -0.010002
v -0.01965106 0.03802205 -0.010002
v -0.02535708 0.03447983 -0.010002
v -0.04078104 0.01299025 -0.010002
v 0.0069398 -0.04223362 -0.010002
v -0.04223363 -0.00693981 -0.010002
v -0.03447983 -0.02535708 -0.010002
v 0.0257396 0.05197569 -0.01599221
v -0.0195156 -0.05461814 -0.0159922
v -0.01194383 -0.05675689 -0.0159922
v 0.03873629 0.04316827 -0.01599221
v 0.02633915 -0.05167445 -0.0159922
v 0.03309059 -0.04763414 -0.0159922
v 0.03923308 -0.04271726 -0.0159922
v 0.04465359 -0.03701428 -0.0159922
v 0.04925236 -0.03063013 -0.0159922
v 0.05294476 -0.02368232 -0.0159922
v 0.00371572 -0.05788085 -0.0159922
v -0.00415226 -0.05785117 -0.0159922
v -0.02672824 -0.05147428 -0.0159922
v -0.033449 -0.04738316 -0.0159922
v -0.03955423 -0.04242007 -0.0159922
v -0.05596417 0.01523191 -0.0159922
v 0.03253733 0.04801377 -0.01599221
v -0.05312192 -0.02328224 -0.0159922
v -0.00482123 0.05779927 -0.01599221
v -0.01259962 0.05661492 -0.01599221
v 0.05799484 -0.00105984 -0.01599221
v 0.05799484 -0.00105984 -0.010302
v -0.05751078 0.00751738 -0.0159922
v -0.02014615 0.05438872 -0.01599221
v -0.02732192 0.05116163 -0.01599221
v 0.00304587 0.05791996 -0.01599221
v 0.02201702 -0.00665212 0.003598
v 0.02276255 -0.00329636 0.003598
v 0.02236669 -0.00323903 0.003998
v 0.02163412 -0.00653644 0.003998
v -0.02299962 -0.00013304 0.000708
v -0.0227229 -0.00355947 0.000708
v -0.02262411 -0.00354399 0.000808
v -0.02289962 -0.00013246 0.000808
v -0.01444404 0.01789887 0.003598
v -0.0169504 0.01554618 0.003598
v -0.01665561 0.01527582 0.003998
v -0.01419284 0.01758759 0.003998
v -0.01892823 -0.01306607 0.003598
v -0.01676942 -0.01574123 0.003598
v -0.01647779 -0.01546748 0.003998
v -0.01859905 -0.01283883 0.003998
v 0.02299961 0.00013304 0.003598
v 0.02259962 0.00013073 0.003998
v -0.01444404 0.01789887 0.00309799
v -0.01161502 0.01985173 0.00309799
v -0.01156452 0.01976542 0.002998
v -0.01438124 0.01782105 0.002998
v -0.0111866 -0.01963721 0.003998
v -0.01398843 -0.0177506 0.003998
v -0.01423602 -0.01806477 0.003598
v -0.0113846 -0.01998477 0.003598
v -0.01676942 -0.01574123 0.000708
v -0.01423602 -0.01806477 0.000708
v -0.01417412 -0.01798623 0.000808
v -0.01669651 -0.0156728 0.000808
v 0.02193859 0.00690638 0.003598
v 0.02066422 0.01009902 0.003598
v 0.02030484 0.00992339 0.003998
v 0.02155705 0.00678627 0.003998
v 0.00852654 -0.02136113 0.003598
v 0.01161502 -0.01985173 0.003598
v 0.01141302 -0.01950648 0.003998
v 0.00837825 -0.02098963 0.003998
v -0.01423602 -0.01806477 0.003098
v -0.01676942 -0.01574123 0.003098
v -0.01669651 -0.0156728 0.002998
v -0.01417412 -0.01798623 0.002998
v -0.02201702 0.00665213 0.000708
v -0.02276256 0.00329636 0.000708
v -0.02266359 0.00328203 0.000808
v -0.0219213 0.0066232 0.000808
v -0.00827886 -0.02145834 0.003598
v -0.00498819 -0.02245257 0.003598
v -0.00490144 -0.02206209 0.003998
v -0.00813488 -0.02108515 0.003998
v 0.00827886 0.02145834 0.00309799
v 0.01138459 0.01998477 0.00309799
v 0.01133509 0.01989788 0.002998
v 0.00824286 0.02136504 0.002998
v 0.00524759 -0.02239336 0.003598
v 0.00515633 -0.02200391 0.003998
v 0.01892823 0.01306607 0.003598
v 0.01859904 0.01283883 0.00399799
v 0.0227229 0.00355947 0.000708
v 0.02193859 0.00690638 0.000708
v 0.0218432 0.00687636 0.000808
v 0.02262411 0.00354399 0.000808
v -0.02201702 0.00665213 0.003598
v -0.02276256 0.00329636 0.003598
v -0.02236669 0.00323903 0.003998
v -0.02163412 0.00653644 0.003998
v -0.0227229 -0.00355947 0.003598
v -0.0219386 -0.00690638 0.003598
v -0.02155706 -0.00678627 0.003998
v -0.02232772 -0.00349756 0.003998
v 0.02066422 0.01009902 0.000708
v 0.01892823 0.01306607 0.000708
v 0.01884593 0.01300926 0.000808
v 0.02057437 0.01005511 0.000808
v -0.0113846 -0.01998477 0.003098
v -0.0113351 -0.01989788 0.002998
v 0.01444404 -0.01789887 0.003598
v 0.01419284 -0.01758759 0.003998
v 0.01907811 -0.01284622 0.003098
v 0.0169504 -0.01554618 0.003098
v 0.0168767 -0.01547859 0.002998
v 0.01899517 -0.01279037 0.002998
v 0.02077965 -0.00985929 0.003598
v 0.02041827 -0.00968783 0.003998
v -0.00498819 -0.02245257 0.003098
v -0.00827886 -0.02145834 0.003098
v -0.00824287 -0.02136504 0.002998
v -0.0049665 -0.02235495 0.002998
v -0.0219386 -0.00690638 0.003098
v -0.0227229 -0.00355947 0.003098
v -0.02262411 -0.00354399 0.002998
v -0.02184321 -0.00687636 0.002998
v 0.00852654 -0.02136113 0.000708
v 0.01161502 -0.01985173 0.000708
v 0.01156452 -0.01976542 0.000808
v 0.00848947 -0.02126826 0.000808
v 0.00524759 -0.02239336 0.000708
v 0.00522478 -0.022296 0.000808
v 0.00185143 -0.02292536 0.000708
v 0.00184338 -0.02282568 0.000808
v -0.00185143 0.02292536 0.00309799
v 0.00158609 0.02294524 0.00309799
v 0.0015792 0.02284548 0.002998
v -0.00184339 0.02282568 0.002998
v -0.0169504 0.01554618 0.00309799
v -0.0168767 0.01547859 0.002998
v 0.01907811 -0.01284622 0.003598
v 0.01874632 -0.01262281 0.003998
v -0.0015861 -0.02294524 0.003098
v -0.0015792 -0.02284548 0.002998
v 0.01676942 0.01574123 0.00309799
v 0.01892823 0.01306607 0.00309799
v 0.01884593 0.01300926 0.002998
v 0.01669651 0.0156728 0.002998
v 0.0111866 0.01963721 0.00399799
v 0.01398843 0.0177506 0.003998
v 0.01423601 0.01806477 0.00359799
v 0.01138459 0.01998477 0.00359799
v -0.0052476 0.02239336 0.00309799
v -0.00522479 0.022296 0.002998
v -0.0219386 -0.00690638 0.000708
v -0.02066422 -0.01009902 0.000708
v -0.02057437 -0.01005511 0.000808
v -0.02184321 -0.00687636 0.000808
v 0.02193859 0.00690638 0.003098
v 0.0227229 0.00355947 0.003098
v 0.02262411 0.00354399 0.002998
v 0.0218432 0.00687636 0.002998
v 0.00824286 0.02136504 0.000808
v 0.01133509 0.01989788 0.000808
v 0.01138459 0.01998477 0.000708
v 0.00827886 0.02145834 0.000708
v 0.0169504 -0.01554618 0.000708
v 0.01907811 -0.01284622 0.000708
v 0.01899517 -0.01279037 0.000808
v 0.0168767 -0.01547859 0.000808
v -0.01161502 0.01985173 0.003598
v -0.01141302 0.01950648 0.00399799
v 0.00852654 -0.02136113 0.003098
v 0.00524759 -0.02239336 0.003098
v 0.00522478 -0.022296 0.002998
v 0.00848947 -0.02126826 0.002998
v -0.01892823 -0.01306607 0.000708
v -0.01884594 -0.01300926 0.000808
v 0.01156452 -0.01976542 0.002998
v 0.01438124 -0.01782105 0.002998
v 0.01444404 -0.01789887 0.003098
v 0.01161502 -0.01985173 0.003098
v 0.01444404 -0.01789887 0.000708
v 0.01438124 -0.01782105 0.000808
v 0.02299961 0.00013304 0.003098
v 0.02289961 0.00013246 0.002998
v 0.00498819 0.02245257 0.003598
v 0.00158609 0.02294524 0.003598
v 0.00155851 0.0225462 0.00399799
v 0.00490144 0.02206209 0.00399799
v -0.01493489 0.0147631 0.003998
v -0.01244156 0.01691767 0.003998
v 0.00498819 0.02245257 0.00309799
v 0.0049665 0.02235495 0.002998
v 0.00498819 0.02245257 0.000708
v 0.0049665 0.02235495 0.000808
v 0.02299961 0.00013304 0.000708
v 0.02289961 0.00013246 0.000808
v -0.00498819 -0.02245257 0.000708
v -0.0015861 -0.02294524 0.000708
v -0.0015792 -0.02284548 0.000808
v -0.0049665 -0.02235495 0.000808
v 0.02066422 0.01009902 0.003098
v 0.02057437 0.01005511 0.002998
v -0.01382362 -0.04025096 -0.00894342
v -0.01824338 -0.03845012 -0.00894342
v -0.01821826 -0.03839719 -0.01070199
v -0.01380459 -0.04019556 -0.01070199
v 0.04019556 -0.01380458 -0.010702
v 0.04025096 -0.01382361 -0.00894342
v 0.03845012 -0.01824337 -0.00894342
v 0.03839719 -0.01821826 -0.010702
v 0.00024584 -0.04249929 -0.010702
v 0.0050027 -0.04220453 -0.010702
v 0.00500959 -0.04226271 -0.00894342
v 0.00024617 -0.04255786 -0.00894342
v 0.01546223 -0.04385395 -0.005002
v 0.01989488 -0.04202908 -0.005002
v 0.01989488 -0.04202908 -1.99E-06
v 0.01546223 -0.04385395 -1.99E-06
v -0.0052476 0.02239336 0.003598
v -0.00185143 0.02292536 0.003598
v 0.00660477 -0.01993432 0.003998
v 0.00660478 -0.01993432 0.00259802
v 0.00340505 -0.0207221 0.00259802
v 0.00340504 -0.0207221 0.003998
v -0.02281914 0.03585438 -0.010702
v -0.0228506 0.03590379 -0.00894343
v -0.01868696 0.0382365 -0.00894343
v -0.01866124 0.03818387 -0.010702
v -0.02991889 -0.03026702 -0.00894342
v -0.0331196 -0.02672686 -0.00894342
v -0.033074 -0.02669008 -0.01070199
v -0.02987771 -0.03022537 -0.010702
v 0.04220454 0.0050027 -0.010702
v 0.04137904 0.00969665 -0.010702
v 0.04143607 0.00971001 -0.00894342
v 0.04226271 0.00500959 -0.00894342
v 0.02669007 -0.03307401 -0.010702
v 0.03022536 -0.02987771 -0.010702
v 0.03026702 -0.02991889 -0.00894342
v 0.02672686 -0.03311959 -0.00894342
v -0.03131394 0.03437567 -2E-06
v -0.02754916 0.03746055 -2E-06
v -0.02754916 0.03746055 -0.005002
v -0.03131394 0.03437567 -0.005002
v 0.04542717 0.00993082 -0.005002
v 0.04414026 0.01462486 -0.005002
v 0.04414026 0.01462486 -2E-06
v 0.04542717 0.00993082 -2E-06
v 0.00827886 0.02145834 0.00359799
v 0.01380458 0.04019556 -0.010702
v 0.01382361 0.04025096 -0.00894343
v 0.01824337 0.03845012 -0.00894343
v 0.01821826 0.03839719 -0.010702
v -0.02243371 -0.03616575 -0.00894342
v -0.02634193 -0.03342656 -0.00894342
v -0.02630567 -0.03338055 -0.010702
v -0.02240283 -0.03611597 -0.010702
v -0.01476309 -0.01493489 0.00259802
v -0.0147631 -0.01493489 0.003998
v -0.01224501 -0.01706047 0.003998
v -0.012245 -0.01706047 0.00259802
v -0.04255787 -0.00024617 -0.00894342
v -0.04231784 0.00452034 -0.00894342
v -0.04225959 0.00451412 -0.010702
v -0.04249929 -0.00024584 -0.010702
v -0.00852655 0.02136113 0.00309799
v -0.00852655 0.02136113 0.003598
v -0.03338056 0.02630567 -0.010702
v -0.03611598 0.02240283 -0.010702
v -0.03616576 0.02243371 -0.00894342
v -0.03342657 0.02634193 -0.00894342
v -0.0276504 -0.0373859 -0.00500199
v -0.03135239 -0.03434061 -0.00500199
v 0.01493489 -0.0147631 0.00259802
v 0.01493488 -0.0147631 0.003998
v 0.01706047 -0.01224501 0.003998
v 0.01706047 -0.01224501 0.00259802
v -0.00452035 -0.04231783 -0.00894342
v -0.00923001 -0.04154563 -0.00894342
v -0.00921731 -0.04148844 -0.010702
v -0.00451412 -0.04225958 -0.010702
v -0.00942541 -0.01876597 0.00259802
v -0.00942541 -0.01876597 0.003998
v -0.00637372 -0.02000939 0.003998
v -0.00637372 -0.02000939 0.00259802
v -0.01865567 -0.00964187 0.00259802
v -0.01865568 -0.00964187 0.003998
v -0.01691768 -0.01244156 0.003998
v -0.01691767 -0.01244156 0.00259802
v -0.04258855 0.01866722 -0.005002
v -0.04430651 0.01411324 -0.005002
v -0.04430651 0.01411324 -1.99E-06
v -0.04258855 0.01866722 -2E-06
v -0.03777676 0.02711395 -0.005002
v -0.040404 0.02301667 -0.005002
v -0.040404 0.02301667 -2E-06
v -0.03777676 0.02711395 -2E-06
v -0.01462486 0.04414027 -2E-06
v -0.00993083 0.04542718 -2E-06
v -0.00993083 0.04542718 -0.005002
v -0.01462486 0.04414027 -0.005002
v 0.00459299 0.04627261 -0.005002
v -0.00026898 0.04649922 -0.005002
v -0.00026898 0.04649922 -2E-06
v 0.00459299 0.04627261 -2E-06
v -0.02365456 -0.04003389 -0.005002
v -0.01940734 -0.04225642 -0.00500199
v -0.01940734 -0.04225642 -1.99E-06
v -0.02365456 -0.04003389 -1.99E-06
v -0.03772102 -0.02719144 -0.005002
v -0.0347212 -0.03093038 -0.00500199
v -0.0347212 -0.03093038 -1.99E-06
v -0.03772102 -0.02719144 -1.99E-06
v 0.02808104 -0.03706352 -0.005002
v 0.03174756 -0.0339756 -0.005002
v 0.03174756 -0.0339756 -1.99E-06
v 0.02808104 -0.03706352 -2E-06
v -0.04420936 -0.01441467 -0.005002
v -0.04249045 -0.01888948 -0.005002
v -0.04249045 -0.01888948 -2E-06
v -0.04420936 -0.01441467 -1.99E-06
v 0.00452034 0.04231783 -0.00894343
v -0.00024618 0.04255786 -0.00894343
v -0.00971002 0.04143607 -0.00894343
v -0.01428833 0.04008835 -0.00894343
v -0.02348255 0.04013502 -0.005002
v -0.01915866 0.04236975 -0.005002
v -0.02672686 0.03311959 -0.00894343
v 0.02711395 0.03777675 -0.005002
v 0.03091416 0.03473563 -0.005002
v 0.02991889 0.03026702 -0.00894343
v 0.02634193 0.03342656 -0.00894343
v 0.03437568 0.03131394 -0.005002
v -0.03845013 0.01824337 -0.00894342
v -0.04025097 0.01382361 -0.00894342
v 0.04621638 0.00512799 -0.005002
v -0.04649922 -0.00026897 -0.005002
v -0.04627261 0.00459299 -0.005002
v 0.04649922 0.00026897 -0.005002
v 0.04255787 0.00024617 -0.00894342
v 0.00940463 0.04553902 -0.005002
v 0.00923001 0.04154563 -0.00894343
v -0.04553903 0.00940464 -0.005002
v -0.04154563 0.00923001 -0.00894342
v 0.04236975 0.01915865 -0.005002
v 0.04008836 0.01428833 -0.00894342
v 0.0382365 0.01868696 -0.00894343
v 0.02301667 0.040404 -0.005002
v 0.02243371 0.03616575 -0.00894343
v -0.03473563 0.03091417 -0.005002
v -0.03026703 0.02991889 -0.00894343
v 0.03746057 0.02754916 -0.005002
v 0.0331196 0.02672686 -0.00894343
v 0.04013502 0.02348255 -0.005002
v 0.0359038 0.02285059 -0.00894343
v 0.01866722 0.04258855 -0.005002
v 0.01411324 0.0443065 -0.005002
v -0.00512799 0.04621638 -0.005002
v -0.0050096 0.04226271 -0.00894343
v 0.00451412 0.04225958 -0.010702
v 0.00921731 0.04148844 -0.010702
v 0.02076011 -0.00316509 0.003998
v 0.02076012 -0.00316509 0.00259802
v 0.02000939 -0.00637372 0.00259802
v 0.02000938 -0.00637372 0.003998
v -0.01993431 -0.00660477 0.00259802
v -0.01993432 -0.00660477 0.003998
v 0.01423601 0.01806477 0.00309799
v 0.04437315 -0.01390227 -0.005002
v 0.04270612 -0.01839666 -0.005002
v -0.04031998 -0.02316354 -0.005002
v -0.0359038 -0.02285059 -0.00894342
v -0.01706047 0.01224501 0.003998
v -0.01874632 0.01262281 0.003998
v 0.01691768 0.01244156 0.00399799
v 0.01865567 0.00964187 0.00399799
v 0.00012147 -0.02099965 0.003998
v 0.00012148 -0.02099965 0.00259802
v -0.00316509 -0.02076011 0.00259802
v -0.00316509 -0.02076011 0.003998
v -0.04019557 0.01380458 -0.010702
v -0.04148845 0.00921731 -0.010702
v 0.01866123 -0.03818387 -0.010702
v 0.02281914 -0.03585438 -0.010702
v 0.02285059 -0.03590379 -0.00894342
v 0.01868696 -0.0382365 -0.00894342
v 0.01426866 -0.04003317 -0.010702
v 0.01428833 -0.04008835 -0.00894342
v 0.00971002 -0.04143607 -0.00894342
v 0.00969665 -0.04137904 -0.010702
v 0.03091416 0.03473563 -2E-06
v 0.03437568 0.03131394 -2E-06
v 0.04627983 -0.0045196 -0.005002
v 0.04231783 -0.00452034 -0.00894342
v 0.04556863 -0.00926014 -0.005002
v 0.04154563 -0.00923001 -0.00894342
v 0.04058523 -0.02269555 -0.005002
v 0.03803305 -0.02675325 -0.005002
v 0.03342656 -0.02634193 -0.00894342
v 0.03616574 -0.02243371 -0.00894342
v 0.03507669 -0.03052663 -0.005002
v 0.0241161 -0.03975756 -0.005002
v 0.00615282 -0.04609113 -0.005002
v 0.001375 -0.04647966 -0.005002
v 0.00069809 -0.04602148 -0.00530308
v -0.00026262 -0.04606136 -0.00526774
v 0.00021774 -0.04593259 -0.00537147
v -0.00083721 -0.04649246 -1.99E-06
v -0.00083721 -0.04649246 -0.005002
v -0.00020673 -0.04601102 -1.99E-06
v -0.00561921 -0.04615923 -0.00500199
v -0.01034149 -0.04533545 -0.00500199
v 0.001375 -0.04647966 -1.99E-06
v 0.00172797 -0.04235781 -1.99E-06
v 0.00073997 -0.04600554 -1.99E-06
v -0.01495388 -0.04402989 -0.005002
v -0.03823651 -0.01868696 -0.00894342
v -0.04008836 -0.01428833 -0.00894342
v -0.04545845 -0.00978668 -0.00500199
v -0.04622446 -0.00505469 -0.005002
v -0.04226271 -0.0050096 -0.00894342
v -0.04143608 -0.00971002 -0.00894342
v 0.04058523 -0.02269555 -1.99E-06
v 0.03803305 -0.02675325 -1.99E-06
v 0.0169504 -0.01554618 0.003598
v -0.02066422 -0.01009902 0.003098
v -0.01892823 -0.01306607 0.003098
v -0.02066422 -0.01009902 0.003598
v 0.01224501 0.01706047 0.003998
v 0.0147631 0.01493489 0.003998
v 0.01647778 0.01546748 0.00399799
v 0.00942541 0.01876597 0.00399799
v 0.00964187 -0.01865568 0.003998
v -0.02030484 -0.00992339 0.003998
v 0.00181923 -0.02252666 0.003998
v -0.02259962 -0.00013073 0.003998
v -0.02072211 -0.00340504 0.003998
v -0.02099965 -0.00012147 0.003998
v -0.00155851 -0.0225462 0.003998
v 0.01876597 -0.00942541 0.003998
v -0.00964187 0.01865568 0.00399799
v 0.01665561 -0.01527582 0.003998
v -0.01876597 0.00942541 0.003998
v -0.02041828 0.00968783 0.003998
v 0.00813488 0.02108515 0.00399799
v 0.00637372 0.02000939 0.00399799
v -0.02000939 0.00637372 0.003998
v 0.00316509 0.02076011 0.00399799
v 0.01993431 0.00660477 0.003998
v 0.02072211 0.00340505 0.003998
v 0.02232771 0.00349757 0.003998
v -0.00012148 0.02099965 0.00399799
v -0.02076011 0.00316509 0.003998
v -0.00181923 0.02252666 0.00399799
v -0.00340504 0.0207221 0.00399799
v 0.02099965 0.00012147 0.003998
v -0.00515634 0.02200391 0.00399799
v -0.00660478 0.01993432 0.00399799
v -0.00837826 0.02098963 0.00399799
v 0.01244156 -0.01691767 0.003998
v -0.02276256 0.00329636 0.003098
v -0.02299962 -0.00013304 0.003098
v -0.02299962 -0.00013304 0.003598
v -0.02201702 0.00665213 0.003098
v -0.02077966 0.00985929 0.003098
v -0.02077966 0.00985929 0.003598
v -0.01907812 0.01284622 0.00309799
v -0.01907812 0.01284622 0.003598
v 0.04627983 -0.0045196 -2E-06
v 0.04556863 -0.00926014 -2E-06
v -0.00512799 0.04621638 -2E-06
v 0.00940463 0.04553902 -2E-06
v 0.01411324 0.0443065 -2E-06
v 0.01866722 0.04258855 -2E-06
v -0.04553903 0.00940464 -1.99E-06
v -0.03473563 0.03091417 -2E-06
v -0.02348255 0.04013502 -2E-06
v -0.01915866 0.04236975 -2E-06
v 0.04621638 0.00512799 -2E-06
v -0.00024584 0.04249929 -0.010702
v -0.02669008 0.03307401 -0.010702
v -0.03818388 -0.01866124 -0.010702
v -0.04003318 -0.01426867 -0.010702
v 0.00185143 -0.02292536 0.003098
v 0.00185143 -0.02292536 0.003598
v 0.02987771 0.03022536 -0.010702
v 0.03307401 0.02669007 -0.010702
v 0.03611597 -0.02240283 -0.010702
v -0.04031998 -0.02316354 -1.99E-06
v 0.04249929 0.00024583 -0.010702
v 0.02630567 0.03338055 -0.010702
v 0.02201702 -0.00665212 0.003098
v 0.02276255 -0.00329636 0.003098
v 0.02077965 -0.00985929 0.003098
v 0.01676942 0.01574123 0.00359799
v 0.0227229 0.00355947 0.003598
v -0.02099964 -0.00012147 0.00259802
v -0.0207221 -0.00340504 0.00259802
v 0.02240283 0.03611597 -0.010702
v 0.03585438 0.02281914 -0.010702
v 0.03818388 0.01866123 -0.010702
v 0.04225958 -0.00451412 -0.010702
v -0.04137904 -0.00969665 -0.010702
v -0.04220454 -0.0050027 -0.010702
v 0.01596741 0.01498839 0.000808
v 0.01802296 0.01244117 0.000808
v 0.01669651 0.0156728 0.000808
v 0.01613972 -0.01480267 0.002998
v 0.01816569 -0.01223184 0.002998
v 0.01105952 -0.0189023 0.002998
v 0.01375324 -0.01704284 0.002998
v 0.02068931 -0.00981643 0.002998
v 0.01978585 -0.00938776 0.002998
v 0.00811875 -0.02033951 0.002998
v 0.01084011 0.01902898 0.002998
v 0.00788291 0.02043207 0.002998
v 0.00499663 -0.02132238 0.002998
v 0.00176288 -0.02182893 0.002998
v 0.00184338 -0.02282568 0.002998
v -0.00151024 -0.02184786 0.002998
v -0.02167391 0.00313871 0.000808
v -0.02096403 0.00633398 0.000808
v -0.02057437 -0.01005511 0.002998
v -0.02088936 -0.00657608 0.002998
v -0.01967593 -0.00961603 0.002998
v -0.02163615 -0.00338923 0.002998
v -0.00474963 -0.02137875 0.002998
v 0.02163615 0.00338923 0.002998
v 0.02088936 0.00657608 0.002998
v -0.00788291 -0.02043207 0.002998
v 0.01967593 0.00961603 0.002998
v -0.01084012 -0.01902898 0.002998
v 0.01802296 0.01244117 0.002998
v 0.01417411 0.01798623 0.002998
v 0.01355515 0.0172008 0.002998
v 0.01596741 0.01498839 0.002998
v 0.02266359 -0.00328203 0.002998
v 0.02192129 -0.0066232 0.002998
v 0.02096403 -0.00633398 0.002998
v 0.02167391 -0.00313871 0.002998
v -0.01967593 -0.00961603 0.000808
v -0.02088936 -0.00657608 0.000808
v -0.01802297 -0.01244117 0.002998
v -0.01596741 -0.01498839 0.002998
v -0.01884594 -0.01300926 0.002998
v 0.00499663 -0.02132238 0.000808
v 0.00811875 -0.02033951 0.000808
v -0.0168767 0.01547859 0.000808
v -0.01899517 0.01279037 0.000808
v -0.01816569 0.01223184 0.000808
v -0.01613973 0.01480267 0.000808
v 0.02088936 0.00657608 0.000808
v 0.02163615 0.00338923 0.000808
v 0.00474962 0.02137875 0.002998
v -0.02163615 -0.00338923 0.000808
v -0.02189964 -0.00012668 0.000808
v 0.01978585 -0.00938776 0.000808
v 0.01816569 -0.01223184 0.000808
v 0.02068931 -0.00981643 0.000808
v -0.02289962 -0.00013246 0.002998
v -0.02189964 -0.00012668 0.002998
v -0.00474963 -0.02137875 0.000808
v -0.00788291 -0.02043207 0.000808
v -0.00824287 -0.02136504 0.000808
v -0.02167391 0.00313871 0.002998
v -0.02266359 0.00328203 0.002998
v 0.00176288 -0.02182893 0.000808
v -0.02096403 0.00633398 0.002998
v -0.0219213 0.0066232 0.002998
v -0.01978585 0.00938776 0.002998
v -0.02068932 0.00981643 0.002998
v -0.00811876 0.02033951 0.002998
v -0.00848948 0.02126826 0.002998
v -0.00499663 0.02132238 0.002998
v 0.01967593 0.00961603 0.000808
v -0.01613973 0.01480267 0.002998
v -0.01816569 0.01223184 0.002998
v -0.01899517 0.01279037 0.002998
v -0.01084012 -0.01902898 0.000808
v -0.0113351 -0.01989788 0.000808
v 0.01105952 -0.0189023 0.000808
v -0.04649922 -0.00026897 -1.99E-06
v -0.04627261 0.00459299 -1.99E-06
v -0.01355516 -0.0172008 0.000808
v -0.01596741 -0.01498839 0.000808
v 0.02192129 -0.0066232 0.000808
v 0.02266359 -0.00328203 0.000808
v 0.02167391 -0.00313871 0.000808
v 0.02096403 -0.00633398 0.000808
v -0.00176288 0.02182893 0.002998
v 0.00151024 0.02184786 0.002998
v -0.01355516 -0.0172008 0.002998
v 0.01375324 -0.01704284 0.000808
v 0.02189963 0.00012668 0.002998
v -0.00151024 -0.02184786 0.000808
v 0.01613972 -0.01480267 0.000808
v -0.01156452 0.01976542 0.000808
v -0.01105952 0.0189023 0.000808
v -0.00811876 0.02033951 0.000808
v -0.00848948 0.02126826 0.000808
v -0.01375324 0.01704284 0.002998
v 0.02189963 0.00012668 0.000808
v -0.00184339 0.02282568 0.000808
v -0.00176288 0.02182893 0.000808
v 0.00151024 0.02184786 0.000808
v 0.0015792 0.02284548 0.000808
v -0.01978585 0.00938776 0.000808
v -0.02068932 0.00981643 0.000808
v 0.00788291 0.02043207 0.000808
v 0.00474962 0.02137875 0.000808
v -0.01375324 0.01704284 0.000808
v -0.01438124 0.01782105 0.000808
v -0.01802297 -0.01244117 0.000808
v -0.00522479 0.022296 0.000808
v -0.00499663 0.02132238 0.000808
v -0.01105952 0.0189023 0.002998
v 0.01084011 0.01902898 0.000808
v 0.01355515 0.0172008 0.000808
v 0.01417411 0.01798623 0.000808
v 0.03507669 -0.03052663 -1.99E-06
v 0.02276255 -0.00329636 0.000708
v 0.00158609 0.02294524 0.000708
v -0.00185143 0.02292536 0.000708
v 0.01676942 0.01574123 0.000708
v -0.0113846 -0.01998477 0.000708
v -0.00827886 -0.02145834 0.000708
v -0.02077966 0.00985929 0.000708
v -0.01444404 0.01789887 0.000708
v -0.0169504 0.01554618 0.000708
v -0.0052476 0.02239336 0.000708
v -0.01161502 0.01985173 0.000708
v 0.01423601 0.01806477 0.000708
v -0.0015861 -0.02294524 0.003598
v -0.00852655 0.02136113 0.000708
v 0.02077965 -0.00985929 0.000708
v -0.01907812 0.01284622 0.000708
v 0.02201702 -0.00665213 0.000708
v 0.04003318 0.01426866 -0.010702
v 0.04148845 -0.00921731 -0.010702
v -0.01426867 0.04003317 -0.010702
v -0.00969666 0.04137904 -0.010702
v -0.0050027 0.04220453 -0.010702
v 0.03338055 -0.02630567 -0.010702
v -0.03585438 -0.02281914 -0.010702
v -0.0383972 0.01821826 -0.010702
v -0.03022537 0.0298777 -0.010702
v 0.00026662 -0.04589946 -1.99E-06
v 0.03746057 0.02754916 -2E-06
v 0.00615282 -0.04609113 -1.99E-06
v 0.01244156 -0.01691767 0.00259802
v 0.00964188 -0.01865568 0.00259802
v 0.04270612 -0.01839666 -2E-06
v 0.04013502 0.02348255 -2E-06
v 0.04236975 0.01915865 -2E-06
v 0.0241161 -0.03975756 -2E-06
v -0.00561921 -0.04615923 -1.99E-06
v -0.01034149 -0.04533545 -1.99E-06
v 0.02301667 0.040404 -2E-06
v 0.02711395 0.03777675 -2E-06
v -0.00123785 -0.04237497 -1.99E-06
v 0.01876598 -0.00942541 0.00259802
v -0.01495388 -0.04402989 -1.99E-06
v -0.0276504 -0.0373859 -1.99E-06
v -0.04622446 -0.00505469 -1.99E-06
v 0.04649922 0.00026897 -2E-06
v 0.02099966 0.00012147 0.00259802
v 0.04437315 -0.01390227 -2E-06
v 0.01086526 -0.04521278 -0.005002
v 0.01086526 -0.04521278 -1.99E-06
v -0.04545845 -0.00978668 -1.99E-06
v -0.03135239 -0.03434061 -1.99E-06
v -0.0207601 0.00316509 0.00259802
v 0.02072211 0.00340505 0.00259802
v -0.01876596 0.00942541 0.00259802
v -0.01706047 0.01224501 0.00259802
v 0.01993432 0.00660477 0.00259802
v 0.01865568 0.00964187 0.00259802
v -0.01493488 0.0147631 0.00259802
v -0.01244156 0.01691767 0.00259802
v -0.00964187 0.01865568 0.00259802
v -0.00660477 0.01993432 0.00259802
v 0.00942541 0.01876597 0.00259802
v 0.00637372 0.02000939 0.00259802
v 0.01691768 0.01244156 0.00259802
v 0.01476311 0.01493489 0.00259802
v -0.00340504 0.0207221 0.00259802
v -0.02000938 0.00637372 0.00259802
v 0.01224502 0.01706047 0.00259802
v -0.00012147 0.02099965 0.00259802
v 0.0031651 0.02076011 0.00259802
v -0.00982533 -0.02671894 -0.005002
v -0.01025095 -0.02694547 -0.005002
v -0.01060999 -0.02726728 -0.005002
v -0.01088158 -0.02766565 -0.005002
v -0.01104994 -0.02811745 -0.005002
v -0.01110529 -0.02859641 -0.005002
v -0.0110444 -0.02907469 -0.005002
v -0.01087083 -0.02952452 -0.005002
v -0.01059464 -0.02991972 -0.005002
v -0.01023191 -0.03023735 -0.005002
v -0.0098037 -0.03045894 -0.005002
v -0.0093349 -0.03057162 -0.005002
v -0.00885277 -0.03056883 -0.005002
v -0.0083853 -0.03045074 -0.005002
v -0.00795969 -0.03022421 -0.005002
v -0.00760065 -0.0299024 -0.005002
v -0.00732906 -0.02950403 -0.005002
v -0.0071607 -0.02905223 -0.005002
v -0.00710536 -0.02857327 -0.005002
v -0.00716623 -0.02809498 -0.005002
v -0.00733981 -0.02764517 -0.005002
v -0.007616 -0.02724996 -0.005002
v -0.00797873 -0.02693233 -0.005002
v -0.00840694 -0.02671074 -0.005002
v -0.00887573 -0.02659806 -0.005002
v -0.00935788 -0.02660085 -0.005002
v 0.01539798 -0.03150998 -0.00440199
v 0.0144337 -0.03151556 -0.00440199
v 0.01349878 -0.03175174 -0.00440199
v 0.01264755 -0.0322048 -0.00440199
v 0.01192947 -0.03284841 -0.00440199
v 0.01138629 -0.03364517 -0.00440199
v 0.01104957 -0.03454876 -0.00440199
v 0.01093888 -0.03550668 -0.00440199
v 0.01106064 -0.03646325 -0.00440199
v 0.0114078 -0.03736289 -0.00440199
v 0.01196016 -0.03815331 -0.00440199
v 0.01268563 -0.03878856 -0.00440199
v 0.01354204 -0.03923175 -0.00440199
v 0.01447964 -0.0394571 -0.00440199
v 0.01544392 -0.03945152 -0.00440199
v 0.01637884 -0.03921534 -0.00440199
v 0.01723007 -0.03876228 -0.00440199
v 0.01794815 -0.03811867 -0.00440199
v 0.01849132 -0.03732192 -0.00440199
v 0.01882805 -0.03641832 -0.00440199
v 0.01893875 -0.03546041 -0.00440199
v 0.01881697 -0.03450383 -0.00440199
v 0.01846982 -0.03360419 -0.00440199
v 0.01791746 -0.03281378 -0.00440199
v 0.01719199 -0.03217852 -0.00440199
v 0.01633557 -0.03173533 -0.00440199
v 0.02512744 -0.03037071 -0.00440199
v 0.02598386 -0.03081389 -0.00440199
v 0.02692145 -0.03103924 -0.00440199
v 0.02788573 -0.03103366 -0.00440199
v 0.02882065 -0.03079748 -0.00440199
v 0.02967189 -0.03034442 -0.00440199
v 0.03038996 -0.02970081 -0.00440199
v 0.03093314 -0.02890406 -0.00440199
v 0.03126986 -0.02800047 -0.00440199
v 0.03138056 -0.02704255 -0.00440199
v 0.03125878 -0.02608597 -0.00440199
v 0.03091163 -0.02518634 -0.00440199
v 0.03035928 -0.02439592 -0.00440199
v 0.02963381 -0.02376066 -0.00440199
v 0.02877738 -0.02331748 -0.00440199
v 0.02783979 -0.02309212 -0.00440199
v 0.02687552 -0.02309771 -0.00440199
v 0.02594059 -0.02333388 -0.00440199
v 0.02508936 -0.02378695 -0.00440199
v 0.02437129 -0.02443056 -0.00440199
v 0.0238281 -0.02522731 -0.00440199
v 0.02349138 -0.0261309 -0.00440199
v 0.02338069 -0.02708882 -0.00440199
v 0.02350245 -0.0280454 -0.00440199
v 0.02384961 -0.02894503 -0.00440199
v 0.02440197 -0.02973545 -0.00440199
v 0.03611316 -0.01055376 -0.004402
v 0.03514888 -0.01055934 -0.004402
v 0.03421396 -0.01079552 -0.004402
v 0.03336272 -0.01124858 -0.004402
v 0.03264465 -0.01189219 -0.004402
v 0.03210147 -0.01268894 -0.004402
v 0.03176475 -0.01359254 -0.004402
v 0.03165405 -0.01455046 -0.004402
v 0.03177582 -0.01550703 -0.004402
v 0.03212298 -0.01640667 -0.004402
v 0.03267533 -0.01719708 -0.004402
v 0.0334008 -0.01783234 -0.004402
v 0.03425723 -0.01827553 -0.004402
v 0.03519481 -0.01850088 -0.004402
v 0.03615909 -0.0184953 -0.004402
v 0.03709401 -0.01825912 -0.004402
v 0.03794525 -0.01780606 -0.004402
v 0.03866332 -0.01716245 -0.004402
v 0.0392065 -0.01636569 -0.004402
v 0.03954323 -0.0154621 -0.004402
v 0.03965392 -0.01450418 -0.004402
v 0.03953215 -0.01354761 -0.004402
v 0.03918499 -0.01264797 -0.004402
v 0.03863264 -0.01185755 -0.004402
v 0.03790717 -0.01122229 -0.004402
v 0.03705075 -0.01077911 -0.004402
v -0.00203048 -0.04180438 -0.00440199
v -0.00117407 -0.04224756 -0.00440199
v -0.00023648 -0.04247291 -0.00440199
v 0.00072781 -0.04246733 -0.00440199
v 0.00166273 -0.04223115 -0.00440199
v 0.00251396 -0.04177809 -0.00440199
v 0.00323203 -0.04113448 -0.00440199
v 0.00377521 -0.04033773 -0.00440199
v 0.00411193 -0.03943413 -0.00440199
v 0.00422263 -0.03847621 -0.00440199
v 0.00410086 -0.03751964 -0.00440199
v 0.00375371 -0.03662 -0.00440199
v 0.00320135 -0.03582959 -0.00440199
v 0.00247588 -0.03519433 -0.00440199
v 0.00161945 -0.03475115 -0.00440199
v 0.00068187 -0.03452579 -0.00440199
v -0.00028241 -0.03453137 -0.00440199
v -0.00121733 -0.03476755 -0.00440199
v -0.00206857 -0.03522062 -0.00440199
v -0.00278664 -0.03586422 -0.00440199
v -0.00332983 -0.03666098 -0.00440199
v -0.00366655 -0.03756457 -0.00440199
v -0.00377724 -0.03852249 -0.00440199
v -0.00365547 -0.03947906 -0.00440199
v -0.00330831 -0.0403787 -0.00440199
v -0.00275595 -0.04116912 -0.00440199
v 0.03594271 0.01891237 -0.004402
v 0.03497843 0.01890679 -0.004402
v 0.03404351 0.01867061 -0.004402
v 0.03319228 0.01821755 -0.004402
v 0.0324742 0.01757394 -0.004402
v 0.03193103 0.01677718 -0.004402
v 0.03159431 0.01587359 -0.004402
v 0.03148361 0.01491567 -0.004402
v 0.03160538 0.0139591 -0.004402
v 0.03195253 0.01305946 -0.004402
v 0.03250489 0.01226905 -0.004402
v 0.03323036 0.01163379 -0.004402
v 0.03408678 0.0111906 -0.004402
v 0.03502437 0.01096525 -0.004402
v 0.03598865 0.01097083 -0.004402
v 0.03692357 0.01120701 -0.004402
v 0.03777481 0.01166007 -0.004402
v 0.03849288 0.01230368 -0.004402
v 0.03903606 0.01310044 -0.004402
v 0.03937278 0.01400403 -0.004402
v 0.03948348 0.01496195 -0.004402
v 0.03936171 0.01591852 -0.004402
v 0.03901456 0.01681816 -0.004402
v 0.03846219 0.01760858 -0.004402
v 0.03773672 0.01824383 -0.004402
v 0.03688031 0.01868702 -0.004402
v -0.04150869 0.00241243 -0.00440199
v -0.04205187 0.00161568 -0.004402
v -0.0423886 0.00071208 -0.00440199
v -0.04249929 -0.00024584 -0.00440199
v -0.04237752 -0.00120241 -0.004402
v -0.04203037 -0.00210205 -0.004402
v -0.04147801 -0.00289246 -0.004402
v -0.04075254 -0.00352772 -0.004402
v -0.03989612 -0.0039709 -0.00440199
v -0.03895853 -0.00419626 -0.004402
v -0.03799425 -0.00419068 -0.004402
v -0.03705933 -0.0039545 -0.004402
v -0.0362081 -0.00350143 -0.004402
v -0.03549002 -0.00285783 -0.00440199
v -0.03494684 -0.00206107 -0.00440199
v -0.03461012 -0.00115748 -0.00440199
v -0.03449943 -0.00019956 -0.00440199
v -0.03462119 0.00075701 -0.00440199
v -0.03496835 0.00165665 -0.00440199
v -0.03552071 0.00244707 -0.00440199
v -0.03624618 0.00308233 -0.004402
v -0.03710259 0.00352551 -0.004402
v -0.03804019 0.00375086 -0.00440199
v -0.03900446 0.00374528 -0.00440199
v -0.03993939 0.0035091 -0.004402
v -0.04079062 0.00305604 -0.00440199
v -0.00247588 0.03519433 -0.004402
v -0.00161946 0.03475115 -0.004402
v -0.00068187 0.03452579 -0.004402
v 0.00028241 0.03453137 -0.004402
v 0.00121733 0.03476755 -0.004402
v 0.00206856 0.03522062 -0.004402
v 0.00278663 0.03586422 -0.004402
v 0.00332982 0.03666098 -0.004402
v 0.00366654 0.03756457 -0.004402
v 0.00377723 0.03852249 -0.004402
v 0.00365547 0.03947906 -0.004402
v 0.00330832 0.0403787 -0.004402
v 0.00275595 0.04116912 -0.004402
v 0.00203048 0.04180438 -0.004402
v 0.00117406 0.04224756 -0.004402
v 0.00023647 0.04247291 -0.004402
v -0.00072781 0.04246733 -0.004402
v -0.00166273 0.04223115 -0.004402
v -0.00251396 0.04177809 -0.004402
v -0.00323204 0.04113448 -0.004402
v -0.00377522 0.04033773 -0.004402
v -0.00411194 0.03943413 -0.004402
v -0.00422264 0.03847621 -0.004402
v -0.00410086 0.03751964 -0.004402
v -0.00375371 0.03662 -0.004402
v -0.00320135 0.03582959 -0.004402
v 0.01498649 0.03962754 -0.004402
v 0.01402221 0.03962196 -0.004402
v 0.01308729 0.03938578 -0.004402
v 0.01223605 0.03893272 -0.004402
v 0.01151798 0.03828911 -0.004402
v 0.0109748 0.03749236 -0.004402
v 0.01063808 0.03658877 -0.004402
v 0.01052738 0.03563085 -0.004402
v 0.01064915 0.03467427 -0.004402
v 0.01099631 0.03377464 -0.004402
v 0.01154866 0.03298422 -0.004402
v 0.01227413 0.03234896 -0.004402
v 0.01313056 0.03190578 -0.004402
v 0.01406815 0.03168043 -0.004402
v 0.01503242 0.031686 -0.004402
v 0.01596735 0.03192219 -0.004402
v 0.01681858 0.03237525 -0.004402
v 0.01753665 0.03301886 -0.004402
v 0.01807984 0.03381561 -0.004402
v 0.01841656 0.0347192 -0.004402
v 0.01852725 0.03567712 -0.004402
v 0.01840549 0.0366337 -0.004402
v 0.01805833 0.03753333 -0.004402
v 0.01750597 0.03832375 -0.004402
v 0.0167805 0.03895901 -0.004402
v 0.01592408 0.03940219 -0.004402
v 0.03624617 -0.00308233 -0.004402
v 0.03710259 -0.00352551 -0.004402
v 0.03804018 -0.00375086 -0.004402
v 0.03900446 -0.00374528 -0.004402
v 0.03993938 -0.0035091 -0.004402
v 0.04079062 -0.00305604 -0.004402
v 0.04150869 -0.00241243 -0.004402
v 0.04205187 -0.00161568 -0.004402
v 0.0423886 -0.00071208 -0.004402
v 0.04249929 0.00024583 -0.004402
v 0.04237752 0.00120241 -0.004402
v 0.04203036 0.00210205 -0.004402
v 0.041478 0.00289246 -0.004402
v 0.04075253 0.00352772 -0.004402
v 0.03989612 0.0039709 -0.004402
v 0.03895853 0.00419625 -0.004402
v 0.03799424 0.00419068 -0.004402
v 0.03705932 0.00395449 -0.004402
v 0.03620809 0.00350143 -0.004402
v 0.03549002 0.00285782 -0.004402
v 0.03494684 0.00206107 -0.004402
v 0.03461011 0.00115748 -0.004402
v 0.03449942 0.00019956 -0.004402
v 0.03462119 -0.00075701 -0.004402
v 0.03496834 -0.00165665 -0.004402
v 0.0355207 -0.00244707 -0.004402
v -0.03773673 -0.01824383 -0.004402
v -0.03688031 -0.01868702 -0.00440199
v -0.03594272 -0.01891237 -0.00440199
v -0.03497844 -0.01890679 -0.00440199
v -0.03404352 -0.01867061 -0.00440199
v -0.03319228 -0.01821755 -0.00440199
v -0.03247421 -0.01757394 -0.00440199
v -0.03193103 -0.01677718 -0.00440199
v -0.03159431 -0.01587359 -0.00440199
v -0.03148361 -0.01491567 -0.00440199
v -0.03160538 -0.0139591 -0.00440199
v -0.03195253 -0.01305946 -0.00440199
v -0.0325049 -0.01226905 -0.00440199
v -0.03323037 -0.01163379 -0.00440199
v -0.03408679 -0.0111906 -0.00440199
v -0.03502438 -0.01096525 -0.00440199
v -0.03598865 -0.01097083 -0.004402
v -0.03692358 -0.01120701 -0.004402
v -0.03777481 -0.01166007 -0.004402
v -0.03849288 -0.01230368 -0.00440199
v -0.03903607 -0.01310044 -0.004402
v -0.03937279 -0.01400403 -0.004402
v -0.03948348 -0.01496195 -0.004402
v -0.03936171 -0.01591852 -0.00440199
v -0.03901456 -0.01681816 -0.00440199
v -0.0384622 -0.01760858 -0.004402
v -0.01406815 -0.03168043 -0.00440199
v -0.01503243 -0.031686 -0.00440199
v -0.01596735 -0.03192219 -0.00440199
v -0.01681859 -0.03237525 -0.00440199
v -0.01753666 -0.03301886 -0.00440199
v -0.01807984 -0.03381561 -0.00440199
v -0.01841656 -0.0347192 -0.00440199
v -0.01852726 -0.03567712 -0.00440199
v -0.01840549 -0.0366337 -0.00440199
v -0.01805833 -0.03753333 -0.00440199
v -0.01750597 -0.03832375 -0.00440199
v -0.0167805 -0.03895901 -0.00440199
v -0.01592408 -0.03940219 -0.00440199
v -0.01498649 -0.03962754 -0.00440199
v -0.01402221 -0.03962196 -0.00440199
v -0.01308729 -0.03938578 -0.00440199
v -0.01223606 -0.03893272 -0.00440199
v -0.01151798 -0.03828911 -0.00440199
v -0.01097481 -0.03749236 -0.00440199
v -0.01063808 -0.03658877 -0.00440199
v -0.01052739 -0.03563085 -0.00440199
v -0.01064916 -0.03467427 -0.00440199
v -0.01099631 -0.03377464 -0.00440199
v -0.01154867 -0.03298422 -0.00440199
v -0.01227414 -0.03234896 -0.00440199
v -0.01313056 -0.03190578 -0.00440199
v -0.02353468 -0.02550127 -0.00440199
v -0.02408704 -0.02471086 -0.00440199
v -0.02481251 -0.0240756 -0.00440199
v -0.02566893 -0.02363241 -0.00440199
v -0.02660652 -0.02340706 -0.00440199
v -0.0275708 -0.02341264 -0.00440199
v -0.02850572 -0.02364882 -0.00440199
v -0.02935695 -0.02410189 -0.00440199
v -0.03007502 -0.02474549 -0.00440199
v -0.03061821 -0.02554225 -0.00440199
v -0.03095493 -0.02644584 -0.00440199
v -0.03106562 -0.02740376 -0.00440199
v -0.03094386 -0.02836033 -0.00440199
v -0.0305967 -0.02925997 -0.00440199
v -0.03004434 -0.03005039 -0.00440199
v -0.02931887 -0.03068565 -0.00440199
v -0.02846245 -0.03112883 -0.00440199
v -0.02752486 -0.03135419 -0.00440199
v -0.02656058 -0.0313486 -0.00440199
v -0.02562566 -0.03111242 -0.00440199
v -0.02477443 -0.03065936 -0.00440199
v -0.02405635 -0.03001575 -0.00440199
v -0.02351317 -0.029219 -0.00440199
v -0.02317645 -0.02831541 -0.00440199
v -0.02306576 -0.02735749 -0.00440199
v -0.02318753 -0.02640091 -0.00440199
v -0.02384961 0.02894503 -0.004402
v -0.02440198 0.02973545 -0.004402
v -0.02512745 0.03037071 -0.004402
v -0.02598386 0.03081389 -0.004402
v -0.02692145 0.03103924 -0.004402
v -0.02788574 0.03103366 -0.004402
v -0.02882066 0.03079748 -0.004402
v -0.02967189 0.03034442 -0.004402
v -0.03038996 0.02970081 -0.004402
v -0.03093315 0.02890406 -0.004402
v -0.03126987 0.02800047 -0.004402
v -0.03138057 0.02704255 -0.004402
v -0.03125879 0.02608597 -0.004402
v -0.03091164 0.02518634 -0.004402
v -0.03035928 0.02439592 -0.004402
v -0.02963381 0.02376066 -0.004402
v -0.02877739 0.02331748 -0.004402
v -0.0278398 0.02309212 -0.004402
v -0.02687552 0.02309771 -0.004402
v -0.0259406 0.02333388 -0.004402
v -0.02508936 0.02378695 -0.004402
v -0.02437129 0.02443056 -0.004402
v -0.02382811 0.02522731 -0.004402
v -0.02349139 0.0261309 -0.004402
v -0.02338069 0.02708882 -0.004402
v -0.02350246 0.0280454 -0.004402
v -0.03519482 0.01850088 -0.004402
v -0.0361591 0.0184953 -0.004402
v -0.03709402 0.01825912 -0.004402
v -0.03794525 0.01780606 -0.00440199
v -0.03866333 0.01716245 -0.004402
v -0.03920651 0.01636569 -0.00440199
v -0.03954323 0.0154621 -0.00440199
v -0.03965392 0.01450418 -0.00440199
v -0.03953215 0.01354761 -0.004402
v -0.039185 0.01264797 -0.004402
v -0.03863264 0.01185755 -0.00440199
v -0.03790717 0.01122229 -0.004402
v -0.03705075 0.01077911 -0.004402
v -0.03611316 0.01055376 -0.004402
v -0.03514889 0.01055934 -0.004402
v -0.03421396 0.01079552 -0.004402
v -0.03336273 0.01124858 -0.004402
v -0.03264466 0.01189219 -0.004402
v -0.03210147 0.01268894 -0.004402
v -0.03176475 0.01359254 -0.004402
v -0.03165406 0.01455046 -0.004402
v -0.03177582 0.01550703 -0.004402
v -0.03212298 0.01640667 -0.004402
v -0.03267534 0.01719708 -0.004402
v -0.03340081 0.01783234 -0.004402
v -0.03425723 0.01827553 -0.004402
v 0.0248125 0.0240756 -0.004402
v 0.02566892 0.02363241 -0.004402
v 0.02660652 0.02340706 -0.004402
v 0.02757079 0.02341264 -0.004402
v 0.02850571 0.02364882 -0.004402
v 0.02935695 0.02410189 -0.004402
v 0.03007502 0.02474549 -0.004402
v 0.03061821 0.02554225 -0.004402
v 0.03095493 0.02644584 -0.004402
v 0.03106562 0.02740376 -0.004402
v 0.03094385 0.02836033 -0.004402
v 0.0305967 0.02925997 -0.004402
v 0.03004433 0.03005039 -0.004402
v 0.02931886 0.03068565 -0.004402
v 0.02846245 0.03112883 -0.004402
v 0.02752486 0.03135419 -0.004402
v 0.02656057 0.0313486 -0.004402
v 0.02562565 0.03111242 -0.004402
v 0.02477442 0.03065936 -0.004402
v 0.02405635 0.03001575 -0.004402
v 0.02351317 0.029219 -0.004402
v 0.02317645 0.02831541 -0.004402
v 0.02306575 0.02735749 -0.004402
v 0.02318752 0.02640091 -0.004402
v 0.02353467 0.02550127 -0.004402
v 0.02408703 0.02471086 -0.004402
v -0.01719199 0.03217852 -0.004402
v -0.01633557 0.03173533 -0.004402
v -0.01539798 0.03150998 -0.004402
v -0.01443371 0.03151556 -0.004402
v -0.01349879 0.03175174 -0.004402
v -0.01264755 0.0322048 -0.004402
v -0.01192948 0.03284841 -0.004402
v -0.01138629 0.03364517 -0.004402
v -0.01104957 0.03454876 -0.004402
v -0.01093888 0.03550668 -0.004402
v -0.01106065 0.03646325 -0.004402
v -0.0114078 0.03736289 -0.004402
v -0.01196017 0.03815331 -0.004402
v -0.01268564 0.03878856 -0.004402
v -0.01354205 0.03923175 -0.004402
v -0.01447964 0.0394571 -0.004402
v -0.01544392 0.03945152 -0.004402
v -0.01637885 0.03921534 -0.004402
v -0.01723007 0.03876228 -0.004402
v -0.01794815 0.03811867 -0.004402
v -0.01849133 0.03732192 -0.004402
v -0.01882805 0.03641832 -0.004402
v -0.01893875 0.03546041 -0.004402
v -0.01881698 0.03450383 -0.004402
v -0.01846983 0.03360419 -0.004402
v -0.01791747 0.03281378 -0.004402
v -0.00832667 -0.03058158 -1.99E-06
v -0.01051104 -0.03463989 -1.99E-06
v -0.00345696 -0.03659065 -1.99E-06
v -0.00732906 -0.02950403 -0.00014321
v -0.0071607 -0.02905223 -0.00014321
v -0.01104994 -0.02811745 -0.00014321
v -0.01110529 -0.02859641 -0.00014321
v -0.00982533 -0.02671894 -0.00014321
v -0.00935788 -0.02660085 -0.00014321
v -0.00733981 -0.02764517 -0.00014321
v -0.007616 -0.02724996 -0.00014321
v 0.01907811 -0.01284622 0.00033922
v 0.02077965 -0.00985929 0.00033922
v 0.00852654 -0.02136113 0.00033922
v 0.01161502 -0.01985173 0.00033922
v 0.0169504 -0.01554618 0.00033922
v -0.01023191 -0.03023735 -0.00014321
v -0.0098037 -0.03045894 -0.00014321
v 0.00028241 0.03453137 -0.00014322
v 0.00121733 0.03476755 -0.00014322
v 0.00498819 0.02245257 0.00033922
v 0.00158609 0.02294524 0.00033922
v 0.01138459 0.01998477 0.00033921
v 0.00827886 0.02145834 0.00033922
v -0.02931887 -0.03068565 -0.00014321
v -0.03004434 -0.03005039 -0.00014321
v 0.03038996 -0.02970081 -0.00014321
v 0.03093314 -0.02890406 -0.00014321
v 0.02967189 -0.03034442 -0.00014321
v 0.02882065 -0.03079748 -0.00014321
v 0.03126986 -0.02800047 -0.00014321
v 0.03125878 -0.02608597 -0.00014321
v 0.03138056 -0.02704255 -0.00014321
v 0.02788573 -0.03103366 -0.00014321
v 0.03152659 -0.0270265 -1.99E-06
v 0.02692145 -0.03103924 -0.00014321
v 0.02598386 -0.03081389 -0.00014321
v 0.03091163 -0.02518634 -0.00014321
v 0.01723007 -0.03876228 -0.00014321
v 0.01794815 -0.03811867 -0.00014321
v -0.01849133 0.03732192 -0.00014322
v -0.01882805 0.03641832 -0.00014322
v 0.0392065 -0.01636569 -0.00014321
v 0.03954323 -0.0154621 -0.00014321
v 0.03794525 -0.01780606 -0.00014321
v 0.03866332 -0.01716245 -0.00014321
v 0.01882805 -0.03641832 -0.00014321
v 0.01849132 -0.03732192 -0.00014321
v 0.01544392 -0.03945152 -0.00014321
v 0.01637884 -0.03921534 -0.00014321
v 0.03615909 -0.0184953 -0.00014321
v 0.03709401 -0.01825912 -0.00014321
v 0.01881697 -0.03450383 -0.00014321
v 0.01893875 -0.03546041 -0.00014321
v 0.025593 0.03124607 -2E-06
v 0.02657305 0.0314935 -2E-06
v 0.03969227 -0.01355934 -2E-06
v 0.03981093 -0.01448416 -2E-06
v 0.01447964 -0.0394571 -0.00014321
v -0.03594138 -0.01904153 -2E-06
v 0.03953215 -0.01354761 -0.00014321
v 0.03965392 -0.01450418 -0.00014321
v 0.01348358 -0.03936644 -1.99E-06
v 0.0145148 -0.03961444 -1.99E-06
v 0.01544457 -0.03960996 -1.99E-06
v 0.01841656 0.0347192 -0.00014322
v 0.01807984 0.03381561 -0.00014322
v 0.03863264 -0.01185755 -0.00014321
v 0.03790717 -0.01122229 -0.00014321
v 0.03918499 -0.01264797 -0.00014321
v 0.01354204 -0.03923175 -0.00014321
v -0.03953215 0.01354761 -0.00014322
v -0.03965392 0.01450418 -0.00014322
v 0.03931042 -0.01257022 -2E-06
v 0.01196016 -0.03815331 -0.00014321
v 0.01268563 -0.03878856 -0.00014321
v 0.03210147 -0.01268894 -0.00014321
v 0.03176475 -0.01359254 -0.00014321
v 0.02350245 -0.0280454 -0.00014321
v 0.02338069 -0.02708882 -0.00014321
v 0.0238281 -0.02522731 -0.00014321
v 0.02349138 -0.0261309 -0.00014321
v 0.00251396 -0.04177809 -0.00014321
v 0.00323203 -0.04113448 -0.00014321
v 0.04216805 -0.00169547 -2E-06
v 0.04164045 -0.00247062 -2E-06
v 0.04079062 -0.00305604 -0.00014321
v 0.04150869 -0.00241243 -0.00014321
v 0.00377521 -0.04033773 -0.00014321
v 0.00411193 -0.03943413 -0.00014321
v -0.01064916 -0.03467427 -0.00014321
v -0.01052739 -0.03563085 -0.00014321
v 0.04205187 -0.00161568 -0.00014321
v 0.00166273 -0.04223115 -0.00014321
v 0.03898311 -0.00389074 -2E-06
v 0.03796211 -0.01109164 -2E-06
v 0.04004886 -0.00362095 -2E-06
v -0.00365547 -0.03947906 -0.00014321
v -0.00330831 -0.0403787 -0.00014321
v 0.03514888 -0.01055934 -0.00014321
v 0.03611316 -0.01055376 -0.00014321
v 0.04249929 0.00024583 -0.00014322
v 0.0423886 -0.00071208 -0.00014322
v 0.00072781 -0.04246733 -0.00014321
v 0.0114078 -0.03736289 -0.00014321
v 0.04265358 0.00024673 -2E-06
v 0.04254768 -0.00067412 -2E-06
v -0.0423886 0.00071208 -0.00014322
v -0.04249929 -0.00024583 -0.00014321
v -0.00117407 -0.04224756 -0.00014321
v -0.00023648 -0.04247291 -0.00014321
v 0.01753665 0.03301886 -0.00014322
v -0.01125687 0.03738628 -2E-06
v -0.01090952 0.03648619 -2E-06
v -0.00425193 0.03749671 -2E-06
v -0.0043733 0.03845287 -2E-06
v -0.0384622 -0.01760858 -0.00014321
v -0.03773673 -0.01824383 -0.00014321
v -0.00247588 0.03519433 -0.00014322
v -0.00161946 0.03475115 -0.00014322
v 0.041478 0.00289246 -0.00014322
v 0.04203036 0.00210205 -0.00014322
v -0.00203048 -0.04180438 -0.00014321
v 0.02234229 -0.00675874 -2E-06
v 0.03251236 -0.0118265 -2E-06
v 0.03323928 -0.01117476 -2E-06
v 0.00161945 -0.03475115 -0.00014321
v 0.00068187 -0.03452579 -0.00014321
v 0.04077404 0.00368479 -2E-06
v -0.0034158 -0.04046053 -1.99E-06
v 0.03264465 -0.01189219 -0.00014321
v 0.03336272 -0.01124858 -0.00014321
v 0.03799424 0.00419068 -0.00014322
v 0.03895853 0.00419626 -0.00014322
v 0.03989612 0.0039709 -0.00014322
v -0.01142444 -0.03838724 -1.99E-06
v -0.00380264 -0.03945679 -1.99E-06
v -0.02498524 0.02368133 -2E-06
v -0.01720216 0.01577708 -2E-06
v -0.02427655 0.02431659 -2E-06
v 0.01935644 -0.01304341 -2E-06
v 0.02586303 -0.02321371 -2E-06
v 0.02682395 -0.02297073 -2E-06
v 0.0248125 0.0240756 -0.00014322
v 0.02408703 0.02471086 -0.00014322
v 0.01543055 -0.03137257 -1.99E-06
v 0.01634346 -0.03159199 -1.99E-06
v 0.0233815 -0.02603423 -2E-06
v -0.02276256 0.00329636 0.00033922
v -0.02299962 -0.00013304 0.00033922
v 0.03165405 -0.01455046 -0.00014321
v 0.03212298 -0.01640667 -0.00014321
v 0.03267533 -0.01719708 -0.00014321
v 0.03182808 0.01298227 -2E-06
v 0.03146932 0.0139114 -2E-06
v 0.02097846 0.01023401 -2E-06
v 0.02226262 0.00701675 -2E-06
v -0.03151387 0.01453247 -2E-06
v -0.03162814 0.01354642 -2E-06
v -0.02109545 0.00999064 -2E-06
v -0.01935645 0.01304341 -2E-06
v 0.03421396 -0.01079552 -0.00014321
v 0.00533325 -0.02272281 -2E-06
v 0.00248325 -0.03504081 -1.99E-06
v 0.01191067 -0.03267173 -1.99E-06
v 0.01720216 -0.01577708 -2E-06
v 0.02498523 -0.02368133 -2E-06
v 0.00166054 -0.03461513 -1.99E-06
v -0.01223606 -0.03893272 -0.00014321
v -0.01151798 -0.03828911 -0.00014321
v 0.03777481 0.01166007 -0.00014322
v 0.03849288 0.01230368 -0.00014322
v -0.03796078 0.01109095 -2E-06
v -0.0389831 0.00389087 -2E-06
v -0.03801963 0.00389689 -2E-06
v -0.03707163 0.01063083 -2E-06
v -0.03237337 -0.01220183 -2E-06
v -0.03182809 -0.01298227 -2E-06
v -0.02226263 -0.00701673 -1.99E-06
v 0.03496834 -0.00165665 -0.00014321
v 0.0355207 -0.00244707 -0.00014321
v 0.03193103 0.01677718 -0.00014322
v 0.03159431 0.01587359 -0.00014322
v 0.03782994 0.01152936 -2E-06
v 0.03863801 0.01225402 -2E-06
v 0.03953092 0.01402462 -2E-06
v 0.03915251 0.01300915 -2E-06
v -0.01308729 -0.03938578 -0.00014321
v -0.01219358 -0.0390763 -1.99E-06
v 0.03705075 -0.01077911 -0.00014321
v 0.03937278 0.01400403 -0.00014322
v 0.03903606 0.01310044 -0.00014322
v -0.01402221 -0.03962196 -0.00014321
v -0.00068187 0.03452579 -0.00014322
v 0.03323036 0.01163379 -0.00014322
v 0.03408678 0.0111906 -0.00014322
v -0.01498649 -0.03962754 -0.00014321
v -0.03936171 -0.01591852 -0.00014321
v -0.03948348 -0.01496195 -0.00014321
v 0.03936171 0.01591852 -0.00014322
v 0.03948348 0.01496195 -0.00014322
v -0.03462119 0.00075701 -0.00014322
v -0.03449943 -0.00019956 -0.00014322
v -0.03094386 -0.02836033 -0.00014321
v -0.03106562 -0.02740376 -0.00014321
v 0.03462119 -0.00075701 -0.00014321
v -0.01592408 -0.03940219 -0.00014321
v 0.01634539 -0.03938462 -1.99E-06
v 0.03494684 0.00206107 -0.00014322
v 0.03461011 0.00115748 -0.00014322
v 0.03310777 0.01155854 -2E-06
v 0.03534703 0.00289878 -2E-06
v 0.03411222 0.01103957 -2E-06
v -0.00716623 -0.02809498 -0.00014321
v -0.00710536 -0.02857327 -0.00014321
v 0.02317645 0.02831541 -0.00014322
v 0.02306575 0.02735749 -0.00014322
v -0.00877673 -0.03069528 -1.99E-06
v -0.01086553 -0.03372126 -1.99E-06
v -0.0083853 -0.03045074 -0.00014321
v -0.00885277 -0.03056883 -0.00014321
v 0.03846219 0.01760858 -0.00014322
v 0.03901456 0.01681816 -0.00014322
v -0.00719605 -0.02760323 -1.99E-06
v -0.0070469 -0.02798886 -1.99E-06
v -0.00159725 -0.02328784 -1.99E-06
v -0.01750597 -0.03832375 -0.00014321
v -0.0167805 -0.03895901 -0.00014321
v 0.01185295 -0.03823954 -1.99E-06
v 0.01264481 -0.03893263 -1.99E-06
v 0.03160538 0.0139591 -0.00014322
v 0.03148361 0.01491567 -0.00014322
v -0.03323928 0.01117475 -2E-06
v -0.0353782 0.00248967 -2E-06
v -0.03484398 0.00172522 -2E-06
v -0.01405182 -0.03153911 -1.99E-06
v -0.01308629 -0.03177118 -1.99E-06
v -0.01097874 -0.02963824 -1.99E-06
v -0.01115911 -0.02917355 -1.99E-06
v -0.00506227 -0.02278606 -1.99E-06
v -0.00830478 -0.02658776 -1.99E-06
v -0.00789046 -0.026804 -1.99E-06
v -0.00753888 -0.02711262 -1.99E-06
v -0.00840182 -0.02177706 -1.99E-06
v -0.00932752 -0.02645146 -1.99E-06
v -0.00886022 -0.02645166 -1.99E-06
v -0.00697554 -0.02854664 -1.99E-06
v -0.00023471 -0.03438899 -1.99E-06
v -0.0110444 -0.02907469 -0.00014321
v 0.03594271 0.01891237 -0.00014322
v 0.03688031 0.01868702 -0.00014322
v 0.03596328 0.01904166 -2E-06
v 0.00422263 -0.03847621 -0.00014321
v -0.01088158 -0.02766565 -0.00014321
v -0.01505039 -0.03154489 -1.99E-06
v -0.01123082 -0.02827952 -1.99E-06
v -0.01099743 -0.0276501 -1.99E-06
v -0.01840549 -0.0366337 -0.00014321
v -0.01852726 -0.03567712 -0.00014321
v -0.01805833 -0.03753333 -0.00014321
v 0.03250489 0.01226905 -0.00014322
v 0.03237337 0.01220183 -2E-06
v -0.0115537 -0.0202816 -1.99E-06
v -0.00985983 -0.02658247 -1.99E-06
v 0.02405635 0.03001575 -0.00014322
v 0.02351317 0.029219 -0.00014322
v -0.01062903 -0.02711233 -1.99E-06
v -0.0102772 -0.02680093 -1.99E-06
v -0.01025095 -0.02694547 -0.00014321
v -0.01060999 -0.02726728 -0.00014321
v 0.00185263 -0.02326797 -1.99E-06
v 0.00069665 -0.03438356 -1.99E-06
v 0.0159769 0.03177894 -2E-06
v 0.02307877 0.02630296 -2E-06
v 0.02293465 0.0274418 -2E-06
v 0.03705932 0.0039545 -0.00014322
v 0.03620809 0.00350143 -0.00014322
v -0.02877739 0.02331748 -0.00014322
v -0.02963381 0.02376066 -0.00014322
v -0.01633557 0.03173533 -0.00014322
v -0.01539798 0.03150998 -0.00014322
v 0.02591034 -0.03092596 -2E-06
v 0.02694751 -0.03117462 -2E-06
v 0.03106562 0.02740376 -0.00014322
v 0.03095493 0.02644584 -0.00014322
v -0.02656058 -0.0313486 -0.00014321
v -0.02562566 -0.03111242 -0.00014321
v 0.0334008 -0.01783234 -0.00014321
v 0.03106778 0.028467 -2E-06
v 0.03120428 0.02740691 -2E-06
v -0.02658507 -0.03148428 -1.99E-06
v -0.02555084 -0.03122363 -1.99E-06
v -0.03177582 0.01550703 -0.00014322
v -0.03165406 0.01455046 -0.00014322
v -0.02408704 -0.02471086 -0.00014321
v -0.02353468 -0.02550127 -0.00014321
v -0.02318753 -0.02640091 -0.00014321
v -0.02306576 -0.02735749 -0.00014321
v 0.02892008 -0.03090544 -2E-06
v 0.02974125 -0.03046577 -2E-06
v 0.02660652 0.02340706 -0.00014322
v 0.02566892 0.02363241 -0.00014322
v 0.0305967 0.02925997 -0.00014322
v 0.03094385 0.02836033 -0.00014322
v 0.02427655 -0.02431659 -2E-06
v -0.02752486 -0.03135419 -0.00014321
v -0.02846245 -0.03112883 -0.00014321
v 0.03004433 0.03005039 -0.00014322
v 0.02750739 0.03149876 -2E-06
v 0.02854436 0.03124933 -2E-06
v 0.02752486 0.03135419 -0.00014322
v 0.02846245 0.03112883 -0.00014322
v 0.02353467 0.02550127 -0.00014322
v -0.01444747 -0.01833308 -1.99E-06
v -0.02307877 -0.02630297 -1.99E-06
v -0.03121183 -0.0273894 -1.99E-06
v -0.0305967 -0.02925997 -0.00014321
v 0.01465856 -0.01816473 -2E-06
v 0.02371503 -0.02513971 -2E-06
v 0.02656057 0.0313486 -0.00014322
v 0.02562565 0.03111242 -0.00014322
v -0.03110493 -0.02646237 -1.99E-06
v -0.01099631 -0.03377464 -0.00014321
v -0.03095493 -0.02644584 -0.00014321
v -0.03497844 -0.01890679 -0.00014321
v -0.03404352 -0.01867061 -0.00014321
v -0.02317645 -0.02831541 -0.00014321
v -0.02293465 -0.0274418 -1.99E-06
v -0.01597691 -0.03177894 -1.99E-06
v 0.02655642 0.02327951 -2E-06
v 0.01920427 0.01326646 -2E-06
v 0.03145433 0.01585549 -2E-06
v 0.02318752 0.02640091 -0.00014322
v -0.0278398 0.02309212 -0.00014322
v -0.03514889 0.01055934 -0.00014322
v -0.03421396 0.01079552 -0.00014322
v 0.01444746 0.01833308 -2E-06
v 0.02342262 0.02541237 -2E-06
v -0.03159431 -0.01587359 -0.00014321
v -0.03148361 -0.01491567 -0.00014321
v -0.03176475 0.01359254 -0.00014322
v -0.03549002 -0.00285783 -0.00014321
v -0.03494684 -0.00206107 -0.00014321
v 0.02066422 0.01009902 0.00033922
v 0.02193859 0.00690638 0.00033922
v 0.01503242 0.031686 -0.00014322
v 0.01596735 0.03192219 -0.00014322
v -0.03319228 -0.01821755 -0.00014321
v -0.03247421 -0.01757394 -0.00014321
v 0.01840549 0.0366337 -0.00014322
v 0.01852725 0.03567712 -0.00014322
v -0.03594272 -0.01891237 -0.00014321
v 0.03195253 0.01305946 -0.00014322
v 0.01805833 0.03753333 -0.00014322
v -0.03688031 -0.01868702 -0.00014321
v 0.01255967 -0.03208989 -1.99E-06
v -0.03310778 -0.01155853 -2E-06
v 0.01154866 0.03298422 -0.00014322
v 0.01227413 0.03234896 -0.00014322
v 0.0230604 0.00361231 -2E-06
v 0.03447077 0.00118648 -2E-06
v 0.0348217 0.00212821 -2E-06
v 0.01592408 0.03940219 -0.00014322
v 0.0167805 0.03895901 -0.00014322
v 0.01498649 0.03962754 -0.00014322
v -0.03901456 -0.01681816 -0.00014321
v 0.04000179 0.00408478 -2E-06
v 0.01402221 0.03962196 -0.00014322
v 0.01308729 0.03938578 -0.00014322
v 0.01312152 0.03954994 -2E-06
v 0.01218445 0.03905313 -2E-06
v -0.03916238 -0.01302415 -2E-06
v -0.03952526 -0.01586779 -2E-06
v -0.03964071 -0.01494374 -2E-06
v -0.03411222 -0.01103957 -2E-06
v -0.03534686 -0.00289854 -2E-06
v -0.03618474 -0.0036487 -2E-06
v -0.03504805 -0.01081597 -2E-06
v -0.03336273 0.01124858 -0.00014322
v 0.0020772 0.03506673 -2E-06
v 0.00506609 0.02278418 -2E-06
v 0.0115319 0.03280735 -2E-06
v 0.01218759 0.03223304 -2E-06
v 0.01343684 -0.03162269 -1.99E-06
v 0.00866211 -0.02167484 -1.99E-06
v 0.00206856 0.03522062 -0.00014322
v 0.00278663 0.03586422 -0.00014322
v -0.03461012 -0.00115748 -0.00014321
v -0.03611316 0.01055376 -0.00014322
v 0.03449942 0.00019956 -0.00014322
v 0.00390576 -0.03659644 -1.99E-06
v 0.00425193 -0.03749671 -1.99E-06
v 0.01090952 -0.03648619 -1.99E-06
v 0.01078702 -0.03553021 -1.99E-06
v -0.01447964 0.0394571 -0.00014322
v -0.01354205 0.03923175 -0.00014322
v 0.01151798 0.03828911 -0.00014322
v 0.0109748 0.03749236 -0.00014322
v -0.00390039 0.04038372 -2E-06
v -0.03849288 -0.01230368 -0.00014321
v -0.03903607 -0.01310044 -0.00014321
v -0.03937279 -0.01400403 -0.00014321
v 0.03900446 -0.00374528 -0.00014321
v 0.03993938 -0.0035091 -0.00014321
v -0.04077014 -0.00368731 -2E-06
v 0.00275595 0.04116912 -0.00014322
v 0.00203048 0.04180438 -0.00014322
v 0.00280939 0.04131759 -2E-06
v 0.00343293 0.04042615 -2E-06
v 0.00023647 0.04247291 -0.00014322
v 0.00117406 0.04224756 -0.00014322
v 0.04075253 0.00352772 -0.00014322
v -0.04203037 -0.00210205 -0.00014321
v -0.04147801 -0.00289246 -0.00014321
v -0.04075254 -0.00352772 -0.00014321
v -0.03989612 -0.0039709 -0.00014321
v -0.03799425 -0.00419068 -0.00014321
v -0.03705933 -0.0039545 -0.00014321
v -0.00248274 0.03504036 -2E-06
v -0.00532935 0.02272405 -2E-06
v -0.0016606 0.03461497 -2E-06
v -0.02338069 0.02708882 -0.00014322
v -0.02349139 0.0261309 -0.00014322
v -0.02310065 0.00334532 -2E-06
v -0.02234231 0.00675872 -2E-06
v -0.03264466 0.01189219 -0.00014322
v -0.03210147 0.01268894 -0.00014322
v 0.01307011 0.03177601 -2E-06
v 0.00841078 0.0217736 -2E-06
v 0.01154986 0.02028418 -2E-06
v 0.01403736 0.03154318 -2E-06
v -0.02682395 0.02297073 -2E-06
v -0.03163566 0.01549057 -2E-06
v -0.01191069 0.03267173 -2E-06
v 0.03549002 0.00285783 -0.00014322
v 0.00426309 -0.03940947 -1.99E-06
v 0.00389213 -0.04040585 -1.99E-06
v 0.01313056 0.03190578 -0.00014322
v 0.01406815 0.03168043 -0.00014322
v 0.03163565 -0.01549056 -2E-06
v 0.03151386 -0.01453247 -2E-06
v -0.04253703 -0.00116628 -2E-06
v -0.04265358 -0.00024673 -1.99E-06
v -0.00072781 0.04246733 -0.00014322
v -0.00323204 0.04113448 -0.00014322
v -0.00377522 0.04033773 -0.00014322
v -0.04237752 -0.00120241 -0.00014321
v -0.03160538 -0.0139591 -0.00014321
v 0.03598865 0.01097083 -0.00014322
v 0.03692357 0.01120701 -0.00014322
v -0.00866211 0.02167484 -2E-06
v -0.01343684 0.03162269 -2E-06
v -0.01440134 0.03137868 -2E-06
v -0.01178376 0.0201492 -2E-06
v -0.00375371 0.03662 -0.00014322
v -0.00320135 0.03582959 -0.00014322
v -0.02405635 -0.03001575 -0.00014321
v -0.02351317 -0.029219 -0.00014321
v -0.03038996 0.02970081 -0.00014322
v -0.03093315 0.02890406 -0.00014322
v -0.0170185 -0.01597504 -2E-06
v -0.02470961 -0.02396879 -1.99E-06
v -0.02399362 -0.02459581 -1.99E-06
v 0.01506658 0.03154898 -2E-06
v -0.01543056 0.03137257 -2E-06
v -0.02338151 0.02603422 -2E-06
v -0.01465856 0.01816473 -2E-06
v -0.02371504 0.02513971 -2E-06
v -0.02586304 0.02321371 -2E-06
v -0.01634346 0.03159199 -2E-06
v 0.02384961 -0.02894503 -0.00014321
v -0.0093349 -0.03057162 -0.00014321
v -0.04081395 0.00321284 -2E-06
v -0.04205187 0.00161568 -0.00014322
v -0.00251396 0.04177809 -0.00014322
v -0.00258968 0.04190665 -2E-06
v -0.00176304 0.04234652 -2E-06
v -0.00411194 0.03943413 -0.00014322
v 0.02440197 -0.02973545 -0.00014321
v 0.02512744 -0.03037071 -0.00014321
v -0.03145434 -0.01585551 -2E-06
v -0.03184646 -0.01690588 -2E-06
v -0.02765374 -0.02328641 -1.99E-06
v -0.02655642 -0.02327951 -1.99E-06
v -0.01268564 0.03878856 -0.00014322
v -0.0114078 0.03736289 -0.00014322
v -0.01106065 0.03646325 -0.00014322
v -0.04150869 0.00241243 -0.00014322
v -0.04079062 0.00305604 -0.00014322
v -0.0393004 0.01255537 -2E-06
v -0.03790717 0.01122229 -0.00014322
v -0.03705075 0.01077911 -0.00014322
v -0.01059464 -0.02991972 -0.00014321
v -0.01544392 0.03945152 -0.00014322
v -0.01637885 0.03921534 -0.00014322
v -0.03969052 0.01356637 -2E-06
v -0.03980877 0.01449117 -2E-06
v -0.03091164 0.02518634 -0.00014322
v -0.03125879 0.02608597 -0.00014322
v -0.039185 0.01264797 -0.00014322
v 0.03773672 0.01824383 -0.00014322
v -0.03920651 0.01636569 -0.00014322
v -0.03954323 0.0154621 -0.00014322
v -0.01794815 0.03811867 -0.00014322
v -0.01723007 0.03876228 -0.00014322
v -0.03618116 0.01862434 -2E-06
v -0.03866333 0.01716245 -0.00014322
v -0.03794525 0.01780606 -0.00014322
v 0.01750597 0.03832375 -0.00014322
v -0.02350246 0.0280454 -0.00014322
v -0.01893875 0.03546041 -0.00014322
v 0.02477442 0.03065936 -0.00014322
v -0.02692145 0.03103924 -0.00014322
v -0.02788574 0.03103366 -0.00014322
v -0.02882066 0.03079748 -0.00014322
v -0.03709402 0.01825912 -0.00014322
v 0.03497843 0.01890679 -0.00014322
v 0.03404351 0.01867061 -0.00014322
v -0.03100464 0.02507851 -2E-06
v -0.0314014 0.02610847 -2E-06
v -0.03035928 0.02439592 -0.00014322
v -0.03126987 0.02800047 -0.00014322
v -0.03138057 0.02704255 -0.00014322
v -0.02786994 0.03117844 -2E-06
v -0.02967189 0.03034442 -0.00014322
v 0.02931886 0.03068565 -0.00014322
v 0.01223605 0.03893272 -0.00014322
v -0.00498819 -0.02245257 0.00033922
v -0.0015861 -0.02294524 0.00033922
v -0.0113846 -0.01998477 0.00033922
v -0.00827886 -0.02145834 0.00033922
v -0.0227229 -0.00355947 0.00033922
v -0.0219386 -0.00690638 0.00033922
v -0.01255967 0.03208989 -2E-06
v -0.0344822 0.00078762 -2E-06
v 0.01892823 0.01306607 0.00033922
v 0.01676942 0.01574123 0.00033922
v 0.02559275 0.02351135 -2E-06
v -0.01881698 0.03450383 -0.00014322
v -0.02342263 -0.02541237 -1.99E-06
v 0.0227229 0.00355947 0.00033922
v -0.01063808 -0.03658877 -0.00014321
v 0.03319228 0.01821755 -0.00014322
v -0.02687552 0.02309771 -0.00014322
v -0.0259406 0.02333388 -0.00014322
v -0.01423602 -0.01806477 0.00033922
v 0.02299961 0.00013304 0.00033922
v 0.02201702 -0.00665213 0.00033922
v 0.02276255 -0.00329636 0.00033922
v 0.03484397 -0.00172524 -2E-06
v 0.03537801 -0.00248942 -2E-06
v -0.00166273 0.04223115 -0.00014322
v -0.00217648 -0.03511687 -1.99E-06
v -0.0013338 -0.03466725 -1.99E-06
v -0.00721659 -0.02960088 -1.99E-06
v -0.00749349 -0.03000542 -1.99E-06
v -0.00797873 -0.02693233 -0.00014321
v -0.00840694 -0.02671074 -0.00014321
v -0.0362081 -0.00350143 -0.00014321
v -0.02477443 -0.03065936 -0.00014321
v -0.03511207 0.01863004 -2E-06
v -0.03417531 0.01840415 -2E-06
v -0.03043947 0.02427 -2E-06
v 0.00210471 0.04193381 -2E-06
v -0.03895853 -0.00419626 -0.00014321
v -0.02437129 0.02443056 -0.00014322
v -0.02382811 0.02522731 -0.00014322
v -0.01443371 0.03151556 -0.00014322
v -0.01349879 0.03175174 -0.00014322
v -0.04000429 -0.00408401 -2E-06
v -0.03783125 -0.01153006 -2E-06
v -0.0389355 -0.00434145 -2E-06
v 0.00247588 -0.03519433 -0.00014321
v -0.01920427 -0.01326646 -2E-06
v -0.02559276 -0.02351135 -1.99E-06
v -0.01719199 0.03217852 -0.00014322
v 0.01906893 -0.03541706 -1.99E-06
v 0.00381786 0.03754339 -2E-06
v 0.00348213 0.03663918 -2E-06
v 0.01037526 0.03565262 -2E-06
v 0.0104867 0.03660996 -2E-06
v -0.01264755 0.0322048 -0.00014322
v -0.03193103 -0.01677718 -0.00014321
v 0.00330831 0.0403787 -0.00014322
v 0.00365547 0.03947906 -0.00014322
v 0.01104957 -0.03454876 -0.00014321
v 0.01093888 -0.03550668 -0.00014321
v -0.01071544 -0.03001433 -1.99E-06
v -0.00185143 0.02292536 0.00033922
v -0.02066422 -0.01009902 0.00033922
v -0.00940062 -0.03069831 -1.99E-06
v -0.01087083 -0.02952452 -0.00014321
v -0.0070452 -0.02914423 -1.99E-06
v -0.01756993 -0.03845605 -1.99E-06
v -0.01686726 -0.03906792 -1.99E-06
v -0.00422264 0.03847621 -0.00014322
v 0.0416082 0.00295389 -2E-06
v 0.04214486 0.00218481 -2E-06
v 0.00185143 -0.02292536 0.00033922
v 0.01444404 -0.01789887 0.00033922
v -0.01125072 -0.02845846 -1.99E-06
v -0.01097481 -0.03749236 -0.00014321
v 0.03952236 0.01587503 -2E-06
v 0.03963847 0.01495073 -2E-06
v 0.03615925 -0.01862447 -2E-06
v -0.00785976 -0.03033316 -1.99E-06
v -0.00288716 -0.03575462 -1.99E-06
v 0.03519481 -0.01850088 -0.00014321
v 0.01099631 0.03377464 -0.00014322
v 0.03071244 0.0254355 -2E-06
v 0.03489419 0.01903499 -2E-06
v -0.01906719 0.03540337 -2E-06
v -0.01893887 0.03650681 -2E-06
v -0.00760065 -0.0299024 -0.00014321
v -0.01846983 0.03360419 -0.00014322
v -0.01791747 0.03281378 -0.00014322
v -0.01892823 -0.01306607 0.00033922
v -0.00887573 -0.02659806 -0.00014321
v 0.02109545 -0.00999064 -2E-06
v 0.03162814 -0.01354642 -2E-06
v 0.03197613 -0.0126132 -2E-06
v 0.03425723 -0.01827553 -0.00014321
v -0.01907812 0.01284622 0.00033922
v -0.02077966 0.00985929 0.00033922
v -0.0114652 -0.03286341 -1.99E-06
v -0.00988742 -0.0305801 -1.99E-06
v -0.01033716 -0.03034618 -1.99E-06
v -0.01217266 -0.03224403 -1.99E-06
v 0.01063808 0.03658877 -0.00014322
v 0.01052738 0.03563085 -0.00014322
v -0.00795969 -0.03022421 -0.00014321
v 0.0038069 0.03945614 -2E-06
v 0.00392816 0.03850089 -2E-06
v 0.0108236 0.037514 -2E-06
v 0.01138451 0.03833701 -2E-06
v -0.0169504 0.01554618 0.00033922
v -0.01676942 -0.01574123 0.00033922
v -0.0348942 -0.01903499 -2E-06
v -0.0307347 -0.02546814 -1.99E-06
v -0.03015667 -0.02462051 -1.99E-06
v -0.03396012 -0.01879827 -2E-06
v -0.02885791 0.02319104 -2E-06
v -0.03259318 0.0173261 -2E-06
v -0.0320399 0.01653633 -2E-06
v -0.02792128 0.02296494 -2E-06
v 0.02943849 0.02397679 -2E-06
v 0.03310911 0.01834516 -2E-06
v 0.03396012 0.01879827 -2E-06
v 0.03015667 0.02462051 -2E-06
v 0.03134364 0.01489606 -2E-06
v -0.00121733 -0.03476755 -0.00014321
v -0.00206857 -0.03522062 -0.00014321
v 0.01817486 0.0376008 -2E-06
v 0.01851527 0.03672346 -2E-06
v 0.01685293 0.03909835 -2E-06
v 0.01755107 0.03848939 -2E-06
v -0.0108959 0.03457384 -2E-06
v -0.01122976 0.03367238 -2E-06
v -0.00335428 0.03580463 -2E-06
v 0.04237752 0.00120241 -0.00014322
v -0.01799516 0.03828378 -2E-06
v -0.01730411 0.03890077 -2E-06
v -0.00275595 -0.04116912 -0.00014321
v 0.03859797 0.01766244 -2E-06
v 0.03912967 0.01689846 -2E-06
v 0.03184646 0.01690588 -2E-06
v 0.02765374 0.02328641 -2E-06
v -0.03970338 0.01541675 -2E-06
v 0.0305578 -0.02973039 -2E-06
v 0.03140385 -0.02808937 -1.99E-06
v -0.02890396 0.03091703 -2E-06
v -0.0305458 0.02974432 -2E-06
v -0.02972667 0.0304789 -2E-06
v -0.03106956 0.02897617 -2E-06
v -0.03139503 0.02810569 -2E-06
v -0.03151924 0.02704409 -2E-06
v 0.0173181 -0.03887018 -1.99E-06
v -0.00283006 -0.04129827 -1.99E-06
v -0.00212319 -0.04191688 -1.99E-06
v 0.00330763 -0.04126277 -1.99E-06
v 0.03331911 -0.01796091 -2E-06
v 0.02971389 -0.02363463 -2E-06
v 0.03043947 -0.02427 -2E-06
v 0.03417531 -0.01840415 -2E-06
v -0.01302728 -0.03951979 -1.99E-06
v -0.01049268 -0.03660912 -1.99E-06
v -0.01082901 -0.03751323 -1.99E-06
v -0.00392346 -0.03850156 -1.99E-06
v -0.00381239 -0.03754416 -1.99E-06
v -0.03197614 0.0126132 -2E-06
v -0.03251236 0.0118265 -2E-06
v -0.01865793 -0.03563526 -1.99E-06
v -0.01854251 -0.03463878 -1.99E-06
v -0.02464574 -0.03074154 -1.99E-06
v -0.0230467 -0.02839826 -1.99E-06
v -0.02338428 -0.02930095 -1.99E-06
v -0.01766262 -0.03293877 -1.99E-06
v -0.01694487 -0.0322946 -1.99E-06
v -0.02440198 0.02973545 -0.00014322
v -0.02512745 0.03037071 -0.00014322
v -0.03435666 -0.00019873 -2E-06
v -0.03447078 -0.00118648 -2E-06
v -0.0230604 -0.00361233 -1.99E-06
v -0.02334123 -0.00013502 -1.99E-06
v -0.03195253 -0.01305946 -0.00014321
v -0.0325049 -0.01226905 -0.00014321
v -0.03323037 -0.01163379 -0.00014321
v -0.03423765 0.0106442 -2E-06
v -0.0181797 -0.03758756 -1.99E-06
v -0.03717341 0.01837323 -2E-06
v -0.02508936 0.02378695 -0.00014322
v -0.02752765 -0.03148836 -1.99E-06
v -0.01192948 0.03284841 -0.00014322
v -0.03863264 0.01185755 -0.00014322
v 0.04081006 -0.00321542 -2E-06
v 0.02310064 -0.00334532 -2E-06
v 0.0344822 -0.00078762 -2E-06
v -0.03993939 0.0035091 -0.00014322
v 0.00126004 0.03463186 -2E-06
v 0.00366654 0.03756457 -0.00014322
v 0.00377723 0.03852249 -0.00014322
v 0.01894199 -0.03442195 -1.99E-06
v 0.02499971 -0.03045437 -2E-06
v -0.01406815 -0.03168043 -0.00014321
v -0.01503243 -0.031686 -0.00014321
v -0.04160909 -0.00295217 -2E-06
v -0.01681859 -0.03237525 -0.00014321
v -0.01596735 -0.03192219 -0.00014321
v 0.02935695 0.02410189 -0.00014322
v 0.03007502 0.02474549 -0.00014322
v 0.03109727 0.02646998 -2E-06
v 0.00335428 -0.03580463 -1.99E-06
v 0.0108959 -0.03457384 -1.99E-06
v 0.01122976 -0.03367238 -1.99E-06
v -0.00028241 -0.03453137 -0.00014321
v 0.03893548 0.00434159 -2E-06
v 0.03694616 0.01105898 -2E-06
v 0.037972 0.00433646 -2E-06
v 0.03877535 -0.01180411 -2E-06
v 0.03624617 -0.00308233 -0.00014321
v 0.03710259 -0.00352551 -0.00014321
v -0.03779848 -0.01836143 -2E-06
v -0.03696345 -0.01879522 -2E-06
v 0.01106064 -0.03646325 -0.00014321
v -0.01078702 0.03553021 -2E-06
v -0.00390576 0.03659644 -2E-06
v 0.02334122 0.00013502 -2E-06
v 0.03435666 0.00019873 -2E-06
v 0.01264755 -0.0322048 -0.00014321
v 0.01349878 -0.03175174 -0.00014321
v 0.01633557 -0.03173533 -0.00014321
v 0.01719199 -0.03217852 -0.00014321
v 0.02877738 -0.02331748 -0.00014321
v 0.02963381 -0.02376066 -0.00014321
v -0.01588868 -0.03957107 -1.99E-06
v -0.03953275 -0.01401761 -2E-06
v -0.03074257 -0.02931905 -1.99E-06
v -0.0310768 -0.02845079 -1.99E-06
v 0.03695837 0.01880204 -2E-06
v 0.03801964 -0.00389678 -2E-06
v 0.03707162 -0.01063083 -2E-06
v 0.02858769 0.02352333 -2E-06
v 0.03239055 0.01770199 -2E-06
v 0.02789007 -0.03116781 -2E-06
v -0.01182725 0.03820275 -2E-06
v -0.0042631 0.03940947 -2E-06
v 0.03804018 -0.00375086 -0.00014321
v 0.03703695 0.00410112 -2E-06
v 0.03601129 0.01082248 -2E-06
v 0.03504805 0.01081597 -2E-06
v 0.03618472 0.00364879 -2E-06
v -0.01448444 0.03961178 -2E-06
v -0.01357817 0.0393955 -2E-06
v -0.03804019 0.00375086 -0.00014322
v -0.03900446 0.00374528 -0.00014322
v 0.03779385 0.01836863 -2E-06
v -0.01852066 -0.0367083 -1.99E-06
v 0.0324742 0.01757394 -0.00014322
v -0.04216732 0.00169711 -2E-06
v -0.04163959 0.00247234 -2E-06
v 0.02937208 0.03082075 -2E-06
v 0.02464573 0.03074154 -2E-06
v 0.01865635 0.03562161 -2E-06
v 0.01854251 0.03463878 -2E-06
v 0.03259317 -0.0173261 -2E-06
v 0.02885791 -0.02319104 -2E-06
v 0.03102726 -0.02511088 -2E-06
v 0.03511206 -0.01863004 -2E-06
v -0.03331912 0.01796091 -2E-06
v -0.02971389 0.02363463 -2E-06
v 0.04253697 0.0011663 -2E-06
v 0.01602895 0.03952401 -2E-06
v 0.03970617 -0.01540948 -2E-06
v 0.03932691 -0.01643557 -2E-06
v -0.00410086 0.03751964 -0.00014322
v -0.03134364 -0.01489606 -2E-06
v 0.00127303 0.04236408 -2E-06
v -0.02595275 0.0309479 -2E-06
v -0.01263543 0.03890956 -2E-06
v -0.01648512 0.03933594 -2E-06
v 0.01731734 -0.03209642 -1.99E-06
v 0.01804249 -0.03273224 -1.99E-06
v 0.02372167 -0.02902847 -2E-06
v 0.02337367 -0.02812975 -2E-06
v -0.03061821 -0.02554225 -0.00014321
v -0.02598386 0.03081389 -0.00014322
v 0.02508936 -0.02378695 -0.00014321
v 0.02594059 -0.02333388 -0.00014321
v 0.03019965 0.0300957 -2E-06
v -0.03519482 0.01850088 -0.00014322
v -0.03425723 0.01827553 -0.00014322
v -0.03800382 0.01793018 -2E-06
v -0.03710259 0.00352551 -0.00014322
v -0.04004638 0.00362174 -2E-06
v -0.04214562 -0.00218318 -2E-06
v -0.03502438 -0.01096525 -0.00014321
v -0.03408679 -0.0111906 -0.00014321
v -0.03777481 -0.01166007 -0.00014321
v 0.03035928 -0.02439592 -0.00014321
v -0.02660652 -0.02340706 -0.00014321
v -0.02566893 -0.02363241 -0.00014321
v -0.01313056 -0.03190578 -0.00014321
v -0.01753666 -0.03301886 -0.00014321
v 0.02792127 -0.02296494 -2E-06
v 0.0320399 -0.01653633 -2E-06
v -0.00332983 -0.03666098 -0.00014321
v -0.00278664 -0.03586422 -0.00014321
v 0.01539798 -0.03150998 -0.00014321
v 0.01192947 -0.03284841 -0.00014321
v -0.01038225 -0.03565162 -1.99E-06
v -0.02481251 -0.0240756 -0.00014321
v 0.02687552 -0.02309771 -0.00014321
v 0.02437129 -0.02443056 -0.00014321
v 0.03073227 0.02933365 -2E-06
v -0.00377724 -0.03852249 -0.00014321
v 0.03622452 -0.00322985 -2E-06
v 0.03517083 -0.01040979 -2E-06
v 0.03613408 -0.01040516 -2E-06
v 0.03708193 -0.00367228 -2E-06
v 0.03423765 -0.0106442 -2E-06
v 0.01681858 0.03237525 -0.00014322
v 0.03140897 -0.02610076 -1.99E-06
v 0.01859469 -0.03352276 -1.99E-06
v 0.0242743 -0.0298187 -2E-06
v 0.00260796 -0.04188951 -1.99E-06
v -0.03913414 -0.01688942 -2E-06
v -0.03552071 0.00244707 -0.00014322
v -0.03496835 0.00165665 -0.00014322
v -0.02499972 0.03045437 -2E-06
v -0.01894199 0.03442195 -2E-06
v -0.02938683 -0.03080779 -1.99E-06
v -0.03021183 -0.0300819 -1.99E-06
v -0.01820563 -0.03373563 -1.99E-06
v -0.02392773 -0.03009753 -1.99E-06
v -0.00328719 0.04128232 -2E-06
v -0.03877719 0.01180622 -2E-06
v -0.01807984 -0.03381561 -0.00014321
v -0.01841656 -0.0347192 -0.00014321
v 0.00375371 -0.03662 -0.00014321
v 0.00410086 -0.03751964 -0.00014321
v 0.00158325 0.02328849 -2E-06
v 0.00029887 0.03438912 -2E-06
v -0.00069668 0.03438336 -2E-06
v -0.00185257 0.02326862 -2E-06
v -0.0269356 0.03118398 -2E-06
v 0.00332982 0.03666098 -0.00014322
v 0.01801364 -0.03825022 -1.99E-06
v 0.03177582 -0.01550703 -0.00014321
v 0.0104952 0.03469757 -2E-06
v 0.00293984 0.03584104 -2E-06
v 0.02338428 0.02930095 -2E-06
v 0.02392773 0.03009753 -2E-06
v 0.01820563 0.03373563 -2E-06
v 0.01766261 0.03293877 -2E-06
v 0.01064915 0.03467427 -0.00014322
v 0.01402522 0.03977669 -2E-06
v 0.01495776 0.03978148 -2E-06
v 0.02325056 -0.02717464 -2E-06
v -0.01196017 0.03815331 -0.00014322
v 0.01894407 -0.03649159 -1.99E-06
v 0.01861332 -0.03737474 -1.99E-06
v -0.03239056 -0.01770199 -2E-06
v -0.0285877 -0.02352333 -1.99E-06
v -0.0386034 -0.01765347 -2E-06
v -0.03613408 0.01040516 -2E-06
v -0.03708192 0.00367238 -2E-06
v -0.03622451 0.00322994 -2E-06
v -0.03517083 0.01040979 -2E-06
v -0.01498531 -0.03978598 -1.99E-06
v -0.01405555 -0.0397797 -1.99E-06
v 0.03107969 -0.02896144 -2E-06
v -0.01860864 0.03738803 -2E-06
v -0.04254762 0.00067413 -2E-06
v 0.01083947 0.03380004 -2E-06
v 0.03502437 0.01096525 -0.00014322
v -0.01104957 0.03454876 -0.00014322
v -0.01093888 0.03550668 -0.00014322
v -0.02856062 -0.03123793 -1.99E-06
v -0.03703697 -0.00410102 -2E-06
v -0.03601129 -0.01082248 -2E-06
v -0.03797202 -0.00433635 -2E-06
v -0.03694617 -0.01105898 -2E-06
v -0.03482169 -0.0021282 -2E-06
v -0.02372168 0.02902847 -2E-06
v -0.02337368 0.02812975 -2E-06
v -0.01731734 0.03209642 -2E-06
v -0.01804249 0.03273224 -2E-06
v -0.02427432 0.0298187 -2E-06
v -0.01859469 0.03352276 -2E-06
v 0.01791746 -0.03281378 -0.00014321
v 0.01846982 -0.03360419 -0.00014321
v -0.03879972 0.01721473 -2E-06
v 0.00320135 -0.03582959 -0.00014321
v 0.01138629 -0.03364517 -0.00014321
v 0.0144337 -0.03151556 -0.00014321
v 0.02304669 0.02839826 -2E-06
v 0.01694487 0.0322946 -2E-06
v -0.00071132 0.04261225 -2E-06
v -0.03007502 -0.02474549 -0.00014321
v -0.02943849 -0.02397679 -1.99E-06
v -0.03310911 -0.01834516 -2E-06
v 0.00021831 0.04261762 -2E-06
v -0.03624618 0.00308233 -0.00014322
v -0.02325057 0.02717464 -2E-06
v 0.0371784 -0.01836635 -2E-06
v -0.01138629 0.03364517 -0.00014322
v -0.0275708 -0.02341264 -0.00014321
v -0.02850572 -0.02364882 -0.00014321
v -0.02935695 -0.02410189 -0.00014321
v 0.00437329 -0.03845287 -1.99E-06
v 0.01125686 -0.03738628 -1.99E-06
v -0.02384961 0.02894503 -0.00014322
v -0.01154867 -0.03298422 -0.00014321
v -0.00366655 -0.03756457 -0.00014321
v 0.03061821 0.02554225 -0.00014322
v -0.03267534 0.01719708 -0.00014322
v -0.03340081 0.01783234 -0.00014322
v 0.02783979 -0.02309212 -0.00014321
v -0.03932255 0.01644466 -2E-06
v 0.03800835 -0.01792293 -2E-06
v -0.01541698 0.03960579 -2E-06
v 0.01178376 -0.0201492 -2E-06
v -0.03598865 -0.01097083 -0.00014321
v -0.03692358 -0.01120701 -0.00014321
v -0.0386362 -0.0122519 -2E-06
v -0.01227414 -0.03234896 -0.00014321
v -0.03212298 0.01640667 -0.00014322
v -0.0361591 0.0184953 -0.00014322
v 0.0170185 0.01597504 -2E-06
v 0.02399361 0.02459581 -2E-06
v 0.0247096 0.02396879 -2E-06
v 0.02757079 0.02341264 -0.00014322
v 0.02850571 0.02364882 -0.00014322
v 0.03880503 -0.01720571 -2E-06
v 0.01440133 -0.03137868 -1.99E-06
v 0.00524759 -0.02239336 0.00033922
v -0.03146932 -0.0139114 -2E-06
v -0.02097847 -0.01023401 -2E-06
v -0.02201702 0.00665213 0.00033922
v -0.01444404 0.01789887 0.00033922
v -0.01161502 0.01985173 0.00033922
v -0.00852655 0.02136113 0.00033922
v -0.0052476 0.02239336 0.00033922
v 0.01423601 0.01806477 0.00033921
v -0.00022307 -0.04261877 -1.99E-06
v 0.00071608 -0.04261334 -1.99E-06
v -0.01225646 0.05564065 -0.01599221
v -0.00461203 0.0568046 -0.01599221
v -0.01161196 -0.05577871 -0.0159922
v -0.01905333 -0.05367679 -0.0159922
v 0.0189002 -0.05381995 -0.0159922
v 0.01144318 -0.05586568 -0.0159922
v 0.05669884 -0.00030808 -0.01599221
v 0.05689222 -0.00078276 -0.01599221
v 0.04358699 0.0368828 -0.01599221
v 0.04817884 0.03066131 -0.01599221
v -0.03328329 0.04618447 -0.01599221
v -0.02672522 0.05028127 -0.01599221
v 0.05688269 0.00086725 -0.01599221
v 0.0566929 0.00039066 -0.01599221
v 0.02542249 0.05108131 -0.01599221
v 0.03210315 0.04718762 -0.01599221
v -0.0523421 0.02227651 -0.0159922
v -0.04884445 0.02917278 -0.01599221
v 0.03868359 -0.04198087 -0.0159922
v 0.03264689 -0.04681307 -0.0159922
v -0.04403158 -0.036044 -0.0159922
v -0.0485037 -0.02973589 -0.0159922
v -0.02614176 -0.05058708 -0.0159922
v 0.00311959 0.05692321 -0.01599221
v 0.05712225 -0.00104579 -0.01599221
v 0.05483041 -0.01601727 -0.0159922
v 0.05215914 -0.02327374 -0.0159922
v 0.05639327 0.00911902 -0.01599221
v 0.05710965 0.00113293 -0.01599221
v 0.05188639 0.02387558 -0.01599221
v -0.01967302 0.05345279 -0.01599221
v 0.0037779 -0.05688332 -0.0159922
v -0.05630492 -0.00804055 -0.0159922
v -0.05687402 -0.00032899 -0.0159922
v -0.04444562 0.03553221 -0.01599221
v 0.03819536 0.04242557 -0.01599221
v -0.0520809 -0.02288055 -0.0159922
v 0.02601172 -0.0507838 -0.0159922
v 0.01079612 0.05599432 -0.01599221
v -0.03274678 -0.04656641 -0.0159922
v 0.04853033 -0.0301019 -0.0159922
v -0.05639417 0.00738865 -0.0159922
v 0.05464144 0.0166505 -0.01599221
v -0.00395458 -0.05685415 -0.0159922
v -0.03922654 0.04123778 -0.01599221
v -0.0548742 0.01497032 -0.0159922
v -0.05469736 -0.01560413 -0.0159922
v -0.03874687 -0.0416888 -0.0159922
v 0.04401076 -0.0363761 -0.0159922
v 0.05649499 -0.00846603 -0.01599221
v 0.01827631 0.054035 -0.01599221
vn 0.19854 -0.98009 0
vn 0.32936 -0.9442 0
vn 0.19854 -0.98009 0
vn 0.996 0.0894 0
vn 0.98738 0.15836 0
vn 0.98738 0.15836 0
vn 0.9597 -0.28101 0
vn 0.98868 -0.15005 0
vn 0.98868 -0.15005 0
vn 0.9597 -0.28101 0
vn -0.85314 -0.52169 0
vn -0.77468 -0.63235 0
vn -0.77468 -0.63235 0
vn -0.85314 -0.52169 0
vn -0.34015 0.61923 0.70771
vn -0.42002 0.56808 0.70772
vn -0.40736 0.57722 0.70772
vn -0.3245 0.62757 0.70771
vn -0.69038 0.72344 0
vn -0.78195 0.62335 0
vn -0.69038 0.72344 0
vn -0.24647 -0.66212 0.70771
vn -0.15551 -0.68918 0.7077
vn -0.13414 -0.69366 0.7077
vn -0.22781 -0.66876 0.70772
vn 0.98449 -0.17543 0.00309
vn 0.98415 -0.1773 0.00308
vn 0.86475 -0.50221 0.00042
vn 0.88421 -0.46708 0.00087
vn -0.55572 0.43622 0.70773
vn -0.60912 0.35789 0.70774
vn -0.60448 0.36566 0.70774
vn -0.54869 0.44503 0.70773
vn -0 0 1
vn 0 0 1
vn 0 0 1
vn 0 0 1
vn -0.33296 -0.62312 0.70772
vn -0.31721 -0.63128 0.70772
vn -0 0 1
vn -0 0 1
vn -0 0 1
vn -0 0 1
vn -0.06172 -0.70382 0.70769
vn -0.03797 -0.7055 0.7077
vn 0 0 1
vn 0 0 1
vn 0 0 1
vn 0 0 1
vn 0.03321 -0.70575 0.70768
vn 0.05889 -0.70406 0.70769
vn 0 0 1
vn 0 0 1
vn 0 0 1
vn 0 0 1
vn 0.84301 0.53789 0
vn 0.76246 0.64704 0
vn 0.90806 0.41885 -0
vn 0.90806 0.41885 -0
vn 0.95639 0.2921 -0
vn -0.48642 -0.51237 0.70772
vn -0.41343 -0.5729 0.70772
vn -0.40066 -0.5819 0.70772
vn -0.47657 -0.52154 0.70772
vn -0.85912 0.51178 0
vn -0.85912 0.51178 0
vn -0 0 1
vn -0 0 1
vn 0.77428 -0.63285 -0.00136
vn 0.77428 -0.63285 -0.00136
vn -0.68224 0.18346 0.70774
vn -0.70065 0.0905 0.70774
vn -0.70036 0.09276 0.70774
vn -0.68104 0.18785 0.70774
vn -0.49232 0.50671 0.70772
vn -0.48257 0.51599 0.70773
vn -0.58612 0.81022 0
vn 0.30043 0.63951 0.70765
vn 0.21188 0.67403 0.70766
vn 0.23976 0.66462 0.70767
vn 0.32835 0.62562 0.70766
vn 0 0 1
vn 0 0 1
vn 0 0 1
vn 0 0 1
vn 0.12758 -0.69493 0.70767
vn 0.15463 -0.68941 0.70768
vn 0 0 1
vn 0 0 1
vn 0 0 1
vn 0 0 1
vn 0 0 1
vn 0 0 1
vn 0 0 1
vn 0 0 1
vn 0 0 1
vn 0 0 1
vn 0 0 1
vn 0 0 1
vn 0 0 1
vn 0 0 1
vn -0 0 1
vn -0 0 1
vn -0 0 1
vn -0 0 1
vn 0 0 1
vn 0 -0 1
vn 0 -0 1
vn 0 0 1
vn -0.99 -0.14107 0
vn -0.9618 -0.27376 0
vn -0.9618 -0.27376 0
vn -0.99 -0.14107 0
vn -0.99998 -0.00578 0
vn -0.99998 -0.00578 0
vn -0.92048 0.3908 0
vn -0.92048 0.3908 0
vn 0.53309 -0.46376 0.70763
vn 0.59058 -0.38793 0.70762
vn 0.61041 -0.35588 0.70763
vn 0.5561 -0.43588 0.70764
vn 0.14664 0.69115 0.70768
vn 0.11953 0.69635 0.70767
vn 0.63737 -0.30504 0.70761
vn 0.65329 -0.26923 0.70762
vn 0.39041 -0.58892 0.70764
vn 0.46596 -0.53117 0.70763
vn 0.49136 -0.50774 0.70765
vn 0.41739 -0.5701 0.70765
vn -0 0 1
vn 0 0 1
vn -0 0 1
vn 0 0 1
vn 0 0 1
vn 0 0 1
vn 0.31842 0.94795 0
vn 0.18719 0.98232 -0
vn 0.18719 0.98232 0
vn 0.67007 0.22436 0.70758
vn 0.63381 0.3124 0.70759
vn 0.65014 0.27678 0.70761
vn 0.68184 0.18547 0.7076
vn 0.58606 0.39475 0.7076
vn 0.60627 0.36293 0.70762
vn 0.5277 0.46991 0.70762
vn 0.55103 0.4423 0.70763
vn 0.45979 0.53652 0.70763
vn 0.48546 0.5134 0.70764
vn 0.38357 0.5934 0.70764
vn 0.41077 0.57489 0.70765
vn 0.02505 0.70609 0.70768
vn 0.05074 0.7047 0.70769
vn -0.06986 0.70307 0.70769
vn -0.04613 0.70501 0.70769
vn -0.16347 0.68734 0.7077
vn -0.14216 0.69206 0.7077
vn -0.25411 0.65923 0.7077
vn -0.23554 0.66609 0.70771
vn -0 0 1
vn -0 0 1
vn 0 0 1
vn 0 0 1
vn 0 -0 1
vn -0 0 1
vn 0 0 1
vn -0.65154 0.27313 0.70774
vn -0.64888 0.2794 0.70774
vn -0.70646 -0.00409 0.70774
vn -0.70646 -0.00409 0.70774
vn 0.98188 0.18949 0.00311
vn 0.98223 0.18766 0.00312
vn 0.87986 0.47523 0.00091
vn 0.85982 0.51059 0.00045
vn -0.69956 -0.0986 0.70774
vn -0.68006 -0.19134 0.70774
vn -0.67882 -0.19572 0.70774
vn -0.69924 -0.10086 0.70774
vn -0.64834 -0.28065 0.70774
vn -0.60494 -0.36491 0.70773
vn -0.60021 -0.37264 0.70773
vn -0.6456 -0.28689 0.70774
vn -0.55065 -0.44262 0.70773
vn -0.54351 -0.45135 0.70773
vn 0.21966 -0.67154 0.70766
vn 0.24743 -0.6618 0.70767
vn 0.30781 -0.63599 0.70765
vn 0.33557 -0.62178 0.70766
vn 0.67261 -0.21659 0.70759
vn 0.68393 -0.17757 0.7076
vn 0 0 1
vn 0 0 1
vn 0 0 1
vn 0 0 1
vn 0 0 1
vn -0 0 1
vn -0 0 1
vn 0 0 1
vn -0 0 1
vn -0 0 1
vn -0 0 1
vn 0 0 1
vn 0 0 1
vn 0 0 1
vn 0 0 1
vn -0 0 1
vn 0 0 1
vn -0 0 1
vn 0 0 1
vn 0 0 1
vn 0 0 1
vn 0 0 1
vn -0 -0 1
vn 0 0 1
vn 0 0 1
vn 0 0 1
vn 0 0 1
vn 0 0 1
vn 0 0 1
vn 0 0 1
vn -0 0 1
vn 0 0 1
vn 0.44379 0.89613 0
vn -0.20593 -0.97857 0
vn -0.33648 -0.94169 0
vn -0.33648 -0.94169 0
vn -0.20593 -0.97857 0
vn 0.66787 0.74428 0
vn 0.45412 -0.89094 0
vn 0.45412 -0.89094 0
vn 0.57053 -0.82128 0
vn 0.57053 -0.82128 0
vn 0.67643 -0.73651 0
vn 0.76989 -0.63818 0
vn 0.84918 -0.52811 0
vn 0.84918 -0.52811 0
vn 0.91284 -0.40832 0
vn 0.91284 -0.40832 0
vn 0.06406 -0.99795 0
vn 0.06406 -0.99795 0
vn -0.07159 -0.99743 0
vn -0.07159 -0.99743 0
vn -0.46083 -0.88749 0
vn -0.46083 -0.88749 0
vn -0.57671 -0.81695 0
vn -0.68197 -0.73138 0
vn -0.68197 -0.73138 0
vn -0.9649 0.26262 -0
vn -0.9649 0.26262 -0
vn 0.56099 0.82782 0
vn -0.9159 -0.40142 0
vn -0.9159 -0.40142 0
vn -0.08312 0.99654 -0
vn -0.21723 0.97612 0
vn -0.21723 0.97612 0
vn -0.08312 0.99654 -0
vn 0.99645 -0.08418 0
vn 0.99645 -0.08418 0
vn -0.99157 0.12961 0
vn -0.99157 0.12961 0
vn -0.34735 0.93774 0
vn -0.47107 0.8821 0
vn -0.47107 0.8821 0
vn -0.34735 0.93774 0
vn 0.05252 0.99862 -0
vn 0.05252 0.99862 -0
vn 0.6946 0.13168 0.70724
vn 0.70189 0.0892 0.70668
vn 0.69523 -0.12466 0.70789
vn 0.70074 -0.08403 0.70845
vn 0.76689 0.64177 -0.00136
vn 0.76689 0.64177 -0.00136
vn 0.70373 -0.05719 0.70816
vn 0.70373 -0.05719 0.70816
vn 0.70596 0.06126 0.70559
vn 0.70596 0.06126 0.70559
vn 0.67689 -0.20451 0.7071
vn 0.69981 -0.10134 0.7071
vn 0.69981 -0.10134 0.7071
vn 0.67689 -0.20451 0.7071
vn -0.7071 -0.00409 0.7071
vn -0.69859 -0.10943 0.7071
vn -0.69859 -0.10943 0.7071
vn -0.7071 -0.00409 0.7071
vn -0.44406 0.55028 0.70711
vn -0.52112 0.47795 0.70711
vn -0.52112 0.47795 0.70711
vn -0.44406 0.55028 0.70711
vn -0.58193 -0.4017 0.7071
vn -0.51556 -0.48395 0.7071
vn -0.51556 -0.48395 0.7071
vn -0.58193 -0.4017 0.7071
vn 0.7071 0.00409 0.70711
vn 0.7071 0.00409 0.70711
vn -0.44405 0.55026 -0.70713
vn -0.35708 0.6103 -0.70713
vn -0.35708 0.6103 -0.70713
vn -0.44405 0.55026 -0.70713
vn -0.35 -0.6144 0.70711
vn -0.43767 -0.55538 0.70711
vn -0.43767 -0.55538 0.70711
vn -0.35 -0.6144 0.70711
vn -0.51556 -0.48395 0.7071
vn -0.43767 -0.55538 0.70711
vn -0.43767 -0.55538 0.70711
vn -0.51556 -0.48395 0.7071
vn 0.67447 0.21233 0.70711
vn 0.63529 0.31048 0.70711
vn 0.63529 0.31048 0.70711
vn 0.67447 0.21233 0.70711
vn 0.26214 -0.65672 0.70711
vn 0.35709 -0.61031 0.70711
vn 0.35709 -0.61031 0.70711
vn 0.26214 -0.65672 0.70711
vn -0.43765 -0.55536 -0.70713
vn -0.51554 -0.48393 -0.70712
vn -0.51554 -0.48394 -0.70712
vn -0.43765 -0.55536 -0.70713
vn -0.67689 0.20451 0.70711
vn -0.69981 0.10134 0.7071
vn -0.69981 0.10134 0.7071
vn -0.67689 0.20451 0.70711
vn -0.25452 -0.65971 0.70711
vn -0.15336 -0.69028 0.70711
vn -0.15336 -0.69028 0.70711
vn -0.25452 -0.65971 0.70711
vn 0.25451 0.65968 -0.70714
vn 0.34999 0.61438 -0.70714
vn 0.34999 0.61438 -0.70714
vn 0.25451 0.65968 -0.70714
vn 0.16133 -0.68846 0.70711
vn 0.16133 -0.68846 0.70711
vn 0.58192 0.4017 0.70711
vn 0.58192 0.4017 0.70711
vn 0.69859 0.10943 0.70711
vn 0.67447 0.21233 0.70711
vn 0.67447 0.21233 0.70711
vn 0.69859 0.10943 0.70711
vn -0.67688 0.20451 0.70711
vn -0.6998 0.10134 0.70711
vn -0.6998 0.10134 0.70711
vn -0.67688 0.20451 0.70711
vn -0.69859 -0.10943 0.70711
vn -0.67447 -0.21233 0.70711
vn -0.67447 -0.21233 0.70711
vn -0.69859 -0.10943 0.70711
vn 0.63529 0.31048 0.70711
vn 0.58193 0.40171 0.7071
vn 0.58193 0.40171 0.7071
vn 0.63529 0.31048 0.70711
vn -0.34999 -0.61438 -0.70714
vn -0.34999 -0.61438 -0.70714
vn 0.44406 -0.55028 0.70711
vn 0.44406 -0.55028 0.70711
vn 0.58652 -0.39493 -0.70713
vn 0.5211 -0.47793 -0.70713
vn 0.5211 -0.47793 -0.70713
vn 0.58652 -0.39493 -0.70713
vn 0.63885 -0.30311 0.7071
vn 0.63885 -0.30311 0.7071
vn -0.15335 -0.69026 -0.70713
vn -0.25451 -0.65968 -0.70714
vn -0.25451 -0.65968 -0.70714
vn -0.15335 -0.69026 -0.70713
vn -0.67446 -0.21232 -0.70713
vn -0.69857 -0.10943 -0.70713
vn -0.69857 -0.10943 -0.70713
vn -0.67446 -0.21232 -0.70713
vn 0.26214 -0.65673 0.7071
vn 0.35709 -0.61032 0.7071
vn 0.35709 -0.61032 0.7071
vn 0.26214 -0.65673 0.7071
vn 0.16133 -0.68846 0.7071
vn 0.16133 -0.68846 0.7071
vn 0.05692 -0.70482 0.7071
vn 0.05692 -0.70482 0.7071
vn -0.05692 0.70479 -0.70713
vn 0.04876 0.70541 -0.70712
vn 0.04876 0.70541 -0.70712
vn -0.05692 0.70479 -0.70713
vn -0.52111 0.47794 -0.70712
vn -0.52111 0.47794 -0.70712
vn 0.58653 -0.39494 0.70711
vn 0.58653 -0.39494 0.70711
vn -0.04876 -0.7054 -0.70713
vn -0.04876 -0.7054 -0.70713
vn 0.51555 0.48394 -0.70711
vn 0.58191 0.40169 -0.70712
vn 0.58191 0.40169 -0.70712
vn 0.51555 0.48394 -0.70711
vn 0.35 0.61441 0.70711
vn 0.43767 0.55538 0.70711
vn 0.43767 0.55538 0.70711
vn 0.35 0.61441 0.70711
vn -0.16133 0.68844 -0.70713
vn -0.16133 0.68844 -0.70713
vn -0.67448 -0.21233 0.7071
vn -0.63531 -0.31049 0.70709
vn -0.63531 -0.31049 0.70709
vn -0.67448 -0.21233 0.7071
vn 0.67445 0.21232 -0.70714
vn 0.69856 0.10943 -0.70713
vn 0.69856 0.10943 -0.70713
vn 0.67445 0.21232 -0.70714
vn 0.25452 0.65971 0.70711
vn 0.35 0.6144 0.70712
vn 0.35 0.6144 0.70712
vn 0.25452 0.65971 0.70711
vn 0.52112 -0.47795 0.70711
vn 0.58654 -0.39494 0.7071
vn 0.58654 -0.39494 0.7071
vn 0.52112 -0.47795 0.70711
vn -0.35709 0.61031 0.70711
vn -0.35709 0.61031 0.70711
vn 0.26213 -0.65671 -0.70712
vn 0.16133 -0.68844 -0.70713
vn 0.16133 -0.68844 -0.70713
vn 0.26213 -0.65671 -0.70712
vn -0.58194 -0.40171 0.70709
vn -0.58194 -0.40171 0.70709
vn 0.35708 -0.6103 -0.70713
vn 0.44405 -0.55026 -0.70714
vn 0.44405 -0.55026 -0.70714
vn 0.35708 -0.6103 -0.70713
vn 0.44406 -0.55028 0.70711
vn 0.44406 -0.55028 0.70711
vn 0.70707 0.00409 -0.70713
vn 0.70707 0.00409 -0.70713
vn 0.15336 0.69028 0.70711
vn 0.04876 0.70542 0.70711
vn 0.04876 0.70542 0.70711
vn 0.15336 0.69028 0.70711
vn -0 0 1
vn -0 0 1
vn -0 0 1
vn -0 0 1
vn 0.15335 0.69026 -0.70713
vn 0.15335 0.69026 -0.70713
vn 0.15336 0.69028 0.7071
vn 0.15336 0.69028 0.7071
vn 0.7071 0.00409 0.7071
vn 0.7071 0.00409 0.7071
vn -0.15336 -0.69028 0.7071
vn -0.04876 -0.70543 0.7071
vn -0.04876 -0.70543 0.7071
vn -0.15336 -0.69028 0.7071
vn 0.63527 0.31047 -0.70714
vn 0.63527 0.31047 -0.70714
vn -0.32463 -0.94525 -0.03329
vn -0.42843 -0.90296 -0.03329
vn -0.42843 -0.90296 -0.03329
vn -0.32463 -0.94525 -0.03329
vn 0.94525 -0.32463 -0.03329
vn 0.90296 -0.42843 -0.03329
vn 0.90296 -0.42843 -0.03329
vn 0.00578 -0.99943 -0.03329
vn 0.11765 -0.9925 -0.03329
vn 0.11765 -0.9925 -0.03329
vn 0.00578 -0.99943 -0.03329
vn 0.82297 0.56809 0
vn 0.89844 0.43909 0
vn 0.82297 0.56809 0
vn 0.33252 -0.9431 0
vn 0.42785 -0.90385 0
vn 0.42785 -0.90385 0
vn 0.33252 -0.9431 0
vn -0.0805 0.99675 0
vn -0.22816 0.97362 0
vn -0.22816 0.97362 0
vn -0.31451 0.94925 -0
vn -0.31451 0.94925 -0
vn -0.16215 0.98677 -0
vn -0.16214 0.98677 -0
vn -0.53662 0.84317 -0.03329
vn -0.53662 0.84316 -0.03329
vn -0.43884 0.89795 -0.03329
vn -0.43884 0.89795 -0.03329
vn -0.70262 -0.71079 -0.03329
vn -0.77778 -0.62765 -0.03329
vn -0.77778 -0.62765 -0.03329
vn -0.70261 -0.71079 -0.03329
vn 0.9925 0.11765 -0.03329
vn 0.97308 0.22803 -0.03329
vn 0.97308 0.22803 -0.03329
vn 0.9925 0.11765 -0.03329
vn 0.62765 -0.77778 -0.03329
vn 0.71079 -0.70262 -0.03329
vn 0.71079 -0.70262 -0.03329
vn 0.62765 -0.77778 -0.03329
vn -0.67342 0.73926 0
vn -0.59245 0.8056 0
vn -0.59246 0.8056 0
vn -0.67342 0.73926 0
vn 0.97693 0.21357 0
vn 0.94925 0.31451 0
vn 0.94925 0.31451 0
vn 0.35995 0.93297 0
vn 0.21688 0.9762 0
vn 0.21688 0.9762 0
vn 0.35995 0.93297 0
vn -0.98795 -0.15476 0
vn -0.95385 -0.30028 0
vn -0.98795 -0.15476 0
vn 0.505 -0.86312 0
vn 0.628 -0.77821 0
vn 0.628 -0.77821 0
vn 0.505 -0.86312 0
vn 0.32463 0.94525 -0.03329
vn 0.32463 0.94525 -0.03329
vn 0.42843 0.90296 -0.03329
vn 0.42843 0.90296 -0.03329
vn -0.52683 -0.84932 -0.03329
vn -0.61861 -0.78499 -0.03329
vn -0.61861 -0.78499 -0.03329
vn -0.52683 -0.84932 -0.03329
vn 0.703 0.71119 0
vn 0.703 0.71119 0
vn 0.5831 0.8124 0
vn 0.5831 0.8124 0
vn -0.99943 -0.00578 -0.03329
vn -0.99379 0.10616 -0.03329
vn -0.99379 0.10616 -0.03329
vn -0.99943 -0.00578 -0.03329
vn -0.37072 0.92874 0
vn -0.505 0.86312 0
vn -0.505 0.86312 0
vn -0.37072 0.92874 0
vn -0.78499 0.61861 -0.03329
vn -0.84932 0.52683 -0.03329
vn -0.84932 0.52683 -0.03329
vn -0.78499 0.61861 -0.03329
vn -0.42401 -0.56472 -0.70803
vn -0.4811 -0.51699 -0.708
vn -0.49186 -0.50678 -0.70799
vn -0.43323 -0.55768 -0.70803
vn 0.22816 -0.97362 0
vn 0.37072 -0.92874 0
vn 0.37072 -0.92874 0
vn -0.71119 0.703 -0
vn -0.71119 0.703 -0
vn -0.8124 0.5831 -0
vn -0.8124 0.5831 -0
vn -0.10616 -0.99379 -0.03329
vn -0.21676 -0.97566 -0.03329
vn -0.21676 -0.97566 -0.03329
vn -0.10616 -0.99379 -0.03329
vn 0.44883 0.89362 0
vn 0.44883 0.89362 0
vn 0.30351 0.95283 0
vn 0.30351 0.95283 0
vn 0.88837 0.45914 0
vn 0.88837 0.45914 0
vn 0.8056 0.59246 0
vn 0.8056 0.59246 0
vn -0.91588 0.40144 0
vn -0.95283 0.30351 0
vn -0.95283 0.30351 0
vn -0.91588 0.40144 0
vn -0.8124 0.5831 0
vn -0.8689 0.49498 0
vn -0.8689 0.49498 0
vn -0.31451 0.94925 0
vn -0.21357 0.97693 0
vn -0.21357 0.97693 0
vn -0.31451 0.94925 0
vn 0.09877 0.99511 0
vn -0.00578 0.99998 0
vn -0.5087 -0.86094 0
vn -0.41736 -0.90874 0
vn -0.41736 -0.90874 0
vn -0.5087 -0.86094 0
vn -0.8112 -0.58476 0
vn -0.74669 -0.66517 0
vn -0.74669 -0.66517 0
vn 0.60389 -0.79706 0
vn 0.68274 -0.73066 0
vn 0.68274 -0.73066 0
vn 0.60389 -0.79706 0
vn -0.95074 -0.30999 0
vn -0.91377 -0.40623 0
vn -0.91377 -0.40623 0
vn -0.95074 -0.30999 0
vn -0.00409 0.70629 -0.70791
vn 0.07095 0.70273 -0.70791
vn 0.07384 0.70243 -0.70791
vn -0.00409 0.70629 -0.70791
vn -0.22557 0.66933 -0.7079
vn -0.15318 0.6895 -0.70791
vn -0.15883 0.68822 -0.70791
vn -0.23374 0.66652 -0.7079
vn -0.36201 0.60653 -0.70786
vn -0.29545 0.64157 -0.70788
vn -0.30579 0.63671 -0.70788
vn -0.37408 0.59916 -0.70786
vn -0.42451 0.56458 -0.70784
vn -0.43779 0.55435 -0.70784
vn 0.41795 0.56945 -0.70784
vn 0.47247 0.52845 -0.70535
vn 0.49742 0.50321 -0.70665
vn 0.43135 0.55938 -0.70784
vn 0.52295 0.47855 -0.70535
vn -0.67189 0.21782 -0.7079
vn -0.64495 0.288 -0.70788
vn -0.64021 0.2984 -0.70788
vn -0.66918 0.22602 -0.7079
vn 0.6895 0.15318 -0.70791
vn 0.70186 0.07907 -0.70791
vn 0.70153 0.08196 -0.70791
vn 0.68822 0.15883 -0.70791
vn -0.7062 -0.00395 -0.708
vn -0.70273 0.07095 -0.70791
vn -0.70243 0.07384 -0.70791
vn -0.7062 -0.00395 -0.708
vn 0.7062 0.00422 -0.708
vn 0.7062 0.00422 -0.708
vn 0.14519 0.69122 -0.70791
vn 0.15086 0.69001 -0.70791
vn -0.69122 0.14519 -0.70791
vn -0.69001 0.15086 -0.70791
vn 0.64157 0.29545 -0.70788
vn 0.66933 0.22557 -0.7079
vn 0.66652 0.23374 -0.70789
vn 0.63671 0.30579 -0.70788
vn -0.61068 0.35497 -0.70786
vn -0.60345 0.36712 -0.70786
vn 0.35497 0.61068 -0.70786
vn 0.36712 0.60345 -0.70786
vn -0.56945 0.41795 -0.70784
vn -0.52845 0.47247 -0.70535
vn -0.50321 0.49742 -0.70665
vn -0.55938 0.43135 -0.70784
vn 0.56458 0.42451 -0.70784
vn 0.55435 0.43779 -0.70784
vn -0.47855 0.52295 -0.70535
vn 0.60653 0.36201 -0.70786
vn 0.59916 0.37408 -0.70786
vn 0.288 0.64495 -0.70788
vn 0.2984 0.64021 -0.70788
vn 0.21782 0.67189 -0.7079
vn 0.22602 0.66918 -0.7079
vn -0.07907 0.70186 -0.70791
vn -0.08196 0.70153 -0.70791
vn 0.10616 0.99379 -0.03329
vn 0.10616 0.99379 -0.03329
vn 0.21676 0.97566 -0.03329
vn 0.21676 0.97566 -0.03329
vn -0.98858 0.15072 -1E-05
vn -0.98858 0.15072 -1E-05
vn -0.95283 0.30351 -1E-05
vn -0.95283 0.30351 -1E-05
vn 0.94925 0.31451 1E-05
vn 0.94925 0.31451 1E-05
vn 0.06896 0.99762 0
vn 0.49498 0.8689 0
vn 0.61896 0.78542 0
vn 0.61896 0.78542 0
vn 0.49498 0.8689 0
vn 0.67251 -0.21543 -0.70804
vn 0.64614 -0.28499 -0.70801
vn 0.64053 -0.29741 -0.70801
vn 0.66928 -0.22526 -0.70804
vn -0.57381 -0.41593 -0.70551
vn -0.60847 -0.35851 -0.70798
vn -0.59978 -0.37288 -0.70797
vn -0.55086 -0.44383 -0.70681
vn 0 0 1
vn 0 0 1
vn -0.36228 -0.60615 -0.70806
vn -0.36932 -0.60188 -0.70805
vn -0 0 1
vn -0 0 1
vn -0 0 1
vn -0 0 1
vn -0.00578 0.99998 -0
vn -0.00578 0.99998 -0
vn 0.15072 0.98858 0
vn 0.15072 0.98858 0
vn -0.94525 0.32463 -0.03329
vn -0.97566 0.21676 -0.03329
vn -0.97566 0.21676 -0.03329
vn -0.94525 0.32463 -0.03329
vn 0.43884 -0.89795 -0.03329
vn 0.53662 -0.84316 -0.03329
vn 0.53662 -0.84316 -0.03329
vn 0.43884 -0.89795 -0.03329
vn 0.33555 -0.94144 -0.03329
vn 0.33555 -0.94143 -0.03329
vn 0.22803 -0.97308 -0.03329
vn 0.22803 -0.97308 -0.03329
vn 0.73926 0.67342 0
vn 0.66482 0.747 0
vn 0.70265 -0.07011 -0.70807
vn 0.70229 -0.07358 -0.70807
vn 0.69141 -0.14355 -0.70806
vn 0.68996 -0.15035 -0.70806
vn 0.61258 -0.35145 -0.70798
vn 0.57858 -0.40927 -0.70551
vn 0.55595 -0.43742 -0.70681
vn 0.60406 -0.36592 -0.70797
vn -0.53007 -0.47046 -0.70547
vn 0.53548 -0.4643 -0.70547
vn 0.48705 -0.51139 -0.708
vn 0.49769 -0.50105 -0.70799
vn 0.43052 -0.55977 -0.70803
vn 0.43965 -0.55263 -0.70803
vn 0.36927 -0.60191 -0.70806
vn 0.37626 -0.59757 -0.70805
vn 0.30397 -0.63737 -0.70807
vn 0.23533 -0.66577 -0.70808
vn 0.23657 -0.66533 -0.70808
vn 0.30829 -0.63529 -0.70807
vn 0.08188 -0.69667 -0.71271
vn 0.03068 -0.6965 -0.7169
vn 0.01019 -0.71279 -0.7013
vn 0.07842 -0.7031 -0.70676
vn -0.00331 -0.71232 -0.70184
vn -0.0704 -0.70394 -0.70676
vn 0.00445 -0.72183 -0.69206
vn 0.00625 -0.7269 -0.68672
vn 0.60378 -0.79715 0.00062
vn 0.60378 -0.79715 0.00062
vn 0.40014 -0.91645 0.00338
vn 0.43144 -0.90214 0.00299
vn -0.07391 -0.69761 -0.71266
vn -0.15614 -0.68866 -0.70808
vn -0.15401 -0.68913 -0.70808
vn 0 0 1
vn 0 0 1
vn 0 0 1
vn -0.22761 -0.66844 -0.70808
vn -0.22886 -0.66802 -0.70808
vn -0.29657 -0.64084 -0.70807
vn -0.30092 -0.63881 -0.70807
vn -0.6428 -0.29245 -0.70801
vn -0.63704 -0.3048 -0.70801
vn -0.66997 -0.2232 -0.70804
vn -0.66663 -0.23299 -0.70804
vn -0.6897 -0.15153 -0.70806
vn -0.70179 -0.07823 -0.70807
vn -0.7014 -0.0817 -0.70807
vn -0.68818 -0.15832 -0.70806
vn 0.81792 -0.57534 0
vn 0.8728 -0.48808 0
vn 0.8728 -0.48808 0
vn 0.73697 -0.67592 0
vn 0.73697 -0.67592 0
vn -0.89844 -0.43909 0
vn -0.82297 -0.56809 0
vn -0.82297 -0.56809 0
vn 0 0 1
vn 0 0 1
vn 0 0 1
vn 0 0 1
vn 0 0 1
vn 0 0 1
vn 0 0 1
vn 0 0 1
vn -0 0 1
vn -0 0 1
vn 0 0 1
vn 0 0 1
vn -0 0 1
vn -0 0 1
vn 0 0 1
vn 0 0 1
vn -0 0 1
vn 0 0 1
vn 0 0 1
vn 0 0 1
vn -0 0 1
vn -0 0 1
vn -0 0 1
vn -0 0 1
vn -0 0 1
vn 0 0 1
vn -0 0 1
vn -0 0 1
vn 0 0 1
vn -0 0 1
vn -0 0 1
vn -0 0 1
vn -0 0 1
vn 0 0 1
vn 0 0 1
vn -0 0 1
vn -0 0 1
vn 0 0 1
vn 0 0 1
vn 0 0 1
vn 0 0 1
vn 0 0 1
vn 0 -0 1
vn 0 0 1
vn -0 0 1
vn 0 0 1
vn 0 0 1
vn 0 0 1
vn -0 0 1
vn 0 -0 1
vn 0 -0 1
vn -0 0 1
vn -0 0 1
vn 0 -0 1
vn 0 -0 1
vn 0 0 1
vn 0 0 1
vn 0 0 1
vn 0 0 1
vn 0 0 1
vn 0 0 1
vn 0 0 1
vn 0 0 1
vn 0 -0 1
vn 0 -0 1
vn -0.98968 0.14332 0
vn -0.99998 -0.00578 0
vn -0.99998 -0.00578 0
vn -0.95726 0.28922 0
vn -0.95726 0.28922 0
vn -0.90346 0.42867 0
vn -0.90346 0.42867 0
vn -0.73697 0.67592 0
vn -0.82948 0.55853 0
vn -0.628 0.77821 0
vn -0.628 0.77821 0
vn 0.97997 -0.19914 0
vn 0.99527 -0.0972 0
vn -0.11028 0.9939 0
vn -0.11028 0.9939 0
vn 0.20225 0.97933 0
vn 0.20225 0.97933 0
vn 0.30351 0.95283 0
vn 0.30351 0.95283 0
vn 0.40145 0.91588 0
vn -0.97933 0.20225 0
vn -0.97933 0.20225 0
vn -0.747 0.66482 0
vn -0.747 0.66482 0
vn -0.505 0.86312 0
vn -0.41201 0.91118 0
vn -0.41201 0.91118 0
vn 0.9939 0.11028 -0
vn 0.9939 0.11028 -0
vn -0.61896 -0.78542 0
vn -0.49498 -0.8689 0
vn -0.49498 -0.8689 0
vn -0.61896 -0.78542 0
vn -0.00578 0.99943 -0.03329
vn -0.00578 0.99943 -0.03329
vn -0.62765 0.77778 -0.03329
vn -0.62765 0.77778 -0.03329
vn -0.89795 -0.43885 -0.03329
vn -0.89795 -0.43885 -0.03329
vn -0.94143 -0.33555 -0.03329
vn -0.94143 -0.33555 -0.03329
vn 0.0805 -0.99675 0
vn 0.0805 -0.99675 0
vn 0.70261 0.71079 -0.03329
vn 0.70261 0.71079 -0.03329
vn 0.77778 0.62765 -0.03329
vn 0.77778 0.62765 -0.03329
vn 0.84932 -0.52683 -0.03329
vn 0.84932 -0.52683 -0.03329
vn -0.8671 -0.49814 0
vn -0.8671 -0.49814 0
vn 0.99943 0.00578 -0.03329
vn 0.99943 0.00578 -0.03329
vn 0.61861 0.78499 -0.03329
vn 0.61861 0.78499 -0.03329
vn -0.35995 -0.93297 0
vn -0.21688 -0.9762 0
vn 0.95726 -0.28922 0
vn 0.98968 -0.14332 0
vn 0.95726 -0.28922 0
vn 0.82948 -0.55853 0
vn 0.90346 -0.42867 0
vn 0.90346 -0.42867 0
vn 0.72911 0.6844 0
vn 0.95385 0.30028 0
vn 0.95385 0.30028 0
vn 0.98795 0.15476 0
vn 0.98795 0.15476 0
vn 0.99998 0.00578 0
vn 0.99998 0.00578 0
vn 0.99998 0.00578 1E-05
vn 0.99998 0.00578 1E-05
vn 0.98677 0.16214 1E-05
vn 0.98677 0.16214 1E-05
vn 0.52683 0.84932 -0.03329
vn 0.52683 0.84932 -0.03329
vn 0.84317 0.53662 -0.03329
vn 0.84316 0.53662 -0.03329
vn 0.89795 0.43884 -0.03329
vn 0.89795 0.43884 -0.03329
vn 0.99379 -0.10616 -0.03329
vn 0.99379 -0.10616 -0.03329
vn -0.97308 -0.22803 -0.03329
vn -0.97308 -0.22803 -0.03329
vn -0.9925 -0.11765 -0.03329
vn -0.9925 -0.11765 -0.03329
vn -0 -0 1
vn -0 0 1
vn -0 0 1
vn -0 -0 1
vn 0 -0 -1
vn 0 -0 -1
vn 0 -0 -1
vn 0 -0 -1
vn 0 -0 -1
vn 0 -0 -1
vn -0 -0 -1
vn -0 -0 -1
vn 0 -0 -1
vn 0 -0 -1
vn 0 0 -1
vn 0 0 -1
vn -0 -0 -1
vn -0 -0 -1
vn -0 -0 -1
vn -0 -0 -1
vn -0 -0 -1
vn -0 -0 -1
vn -0 -0 -1
vn -0 -0 -1
vn -0 -0 -1
vn -0 -0 -1
vn 0 0 1
vn 0 0 1
vn 0 0 1
vn 0 0 1
vn -0 -0 -1
vn -0 -0 -1
vn -0 -0 -1
vn -0 -0 -1
vn 0 -0 -1
vn 0 -0 -1
vn 0 -0 -1
vn 0 -0 -1
vn 0 -0 -1
vn 0 -0 -1
vn 0 -0 -1
vn 0 -0 -1
vn -0 -0 -1
vn -0 -0 -1
vn 0 -0 -1
vn 0 -0 -1
vn -0 -0 -1
vn -0 -0 -1
vn 0 0 -1
vn 0 0 -1
vn -0 -0 -1
vn -0 -0 -1
vn 0 0 -1
vn 0 0 -1
vn -0 -0 -1
vn 0 -0 -1
vn 0 -0 -1
vn -0 -0 -1
vn 0 0 1
vn 0 0 1
vn 0 0 1
vn 0 0 1
vn 0 -0 -1
vn 0 -0 -1
vn 0 -0 -1
vn 0 0 1
vn 0 0 1
vn 0 -0 1
vn 0 -0 1
vn -0 -0 1
vn -0 0 1
vn -0 0 1
vn -0 -0 1
vn 0 0 1
vn 0 0 1
vn 0 0 1
vn 0 0 1
vn -0 -0 -1
vn -0 -0 -1
vn 0 0 1
vn 0 0 1
vn 0 0 1
vn 0 0 1
vn 0 0 1
vn -0 0 1
vn -0 0 1
vn 0 0 1
vn -0 -0 -1
vn -0 -0 -1
vn 0 0 1
vn 0 0 1
vn 0 0 1
vn 0 0 1
vn 0 -0 -1
vn -0 -0 -1
vn 0 0 1
vn 0 0 1
vn 0 -0 -1
vn 0 -0 -1
vn 0 -0 -1
vn -0 -0 -1
vn -0 -0 -1
vn 0 -0 -1
vn 0 -0 -1
vn 0 0 1
vn 0 -0 -1
vn 0 -0 -1
vn 0 -0 -1
vn 0 -0 -1
vn 0 0 1
vn 0 0 1
vn 0 -0 1
vn 0 -0 1
vn -0.99511 0.09877 -0
vn -0.99999 -0.00539 -0
vn -0.99999 -0.00539 -0
vn -0.99511 0.09877 -0
vn -0 0 1
vn 0 0 1
vn 0 0 1
vn -0 0 1
vn 0 0 1
vn 0 0 1
vn 0 0 1
vn 0 0 1
vn 0 -0 -1
vn -0 -0 -1
vn -0 -0 -1
vn -0 -0 -1
vn 0 -0 -1
vn 0 -0 -1
vn -0 0 1
vn -0 0 1
vn -0 -0 -1
vn -0 -0 -1
vn 0 0 1
vn 0 0 1
vn -0 0 1
vn -0 0 1
vn 0 -0 1
vn 0 -0 1
vn 0 -0 1
vn 0 -0 1
vn 0 -0 -1
vn 0 -0 -1
vn 0 0 1
vn 0 0 1
vn 0 0 1
vn 0 0 1
vn 0 0 1
vn 0 0 1
vn 0 0 1
vn 0 0 1
vn 0 0 1
vn 0 0 1
vn 0 0 1
vn 0 0 1
vn 0 -0 1
vn 0 -0 1
vn 0 0 1
vn 0 0 1
vn 0 0 1
vn 0 0 1
vn -0 -0 -1
vn -0 -0 -1
vn 0 0 1
vn 0 0 1
vn -0 0 1
vn -0 0 1
vn 0.75434 -0.65649 0
vn 0.75434 -0.65649 0
vn 0.69982 -0.10134 0.7071
vn 0.69982 -0.10134 0.7071
vn 0.51556 0.48395 0.70711
vn 0.51556 0.48395 0.70711
vn 0.04876 0.70543 0.7071
vn -0.05692 0.70482 0.7071
vn -0.05692 0.70482 0.7071
vn 0.04876 0.70543 0.7071
vn 0.51557 0.48396 0.70709
vn 0.51557 0.48396 0.70709
vn -0.58192 -0.4017 -0.70712
vn -0.58192 -0.40169 -0.70712
vn -0.69979 0.10134 -0.70713
vn -0.67686 0.2045 -0.70713
vn -0.67686 0.2045 -0.70713
vn -0.69979 0.10134 -0.70713
vn -0.25452 -0.65971 0.70711
vn -0.35 -0.6144 0.70712
vn -0.35 -0.6144 0.70712
vn -0.25452 -0.65971 0.70711
vn -0.58652 0.39493 -0.70712
vn -0.58652 0.39493 -0.70712
vn -0.63528 -0.31048 -0.70712
vn -0.63528 -0.31048 -0.70712
vn -0.6353 -0.31048 0.7071
vn -0.6353 -0.31048 0.7071
vn -0.63885 0.30311 0.7071
vn -0.63885 0.30311 0.7071
vn -0.26213 0.65671 -0.70712
vn -0.26213 0.65671 -0.70712
vn 0.25452 0.65971 0.70711
vn 0.25452 0.65971 0.70711
vn 0.69858 0.10943 0.70711
vn 0.69858 0.10943 0.70711
vn 0.05692 -0.70479 -0.70713
vn 0.05692 -0.70479 -0.70713
vn -0.44407 0.55028 0.7071
vn -0.52113 0.47796 0.7071
vn -0.52113 0.47795 0.7071
vn -0.44407 0.55028 0.7071
vn -0.16133 0.68846 0.7071
vn -0.16133 0.68846 0.7071
vn 0.43766 0.55536 -0.70713
vn 0.43765 0.55536 -0.70713
vn -0.70708 -0.00409 -0.70712
vn -0.70708 -0.00409 -0.70712
vn -0.63883 0.3031 -0.70713
vn -0.63883 0.3031 -0.70713
vn -0.70709 -0.00409 0.70711
vn -0.70709 -0.00409 0.70711
vn -0.05692 0.70481 0.70711
vn -0.16133 0.68846 0.70711
vn -0.16133 0.68846 0.70711
vn -0.05692 0.70481 0.70711
vn -0.35709 0.61032 0.7071
vn -0.35709 0.61032 0.7071
vn 0.43767 0.55538 0.7071
vn 0.43767 0.55538 0.7071
vn 0.69979 -0.10134 -0.70713
vn 0.69979 -0.10134 -0.70713
vn 0.05692 -0.70481 0.70711
vn 0.05692 -0.70481 0.70711
vn -0.04876 -0.70542 0.70711
vn -0.04876 -0.70542 0.70711
vn -0.26214 0.65673 0.7071
vn -0.26214 0.65673 0.7071
vn 0.63886 -0.30312 0.7071
vn 0.63886 -0.30312 0.7071
vn 0.52112 -0.47795 0.70711
vn 0.52112 -0.47795 0.70711
vn -0.58654 0.39495 0.7071
vn -0.58654 0.39495 0.7071
vn 0.67687 -0.20451 -0.70712
vn 0.63883 -0.3031 -0.70712
vn 0.63883 -0.3031 -0.70712
vn 0.67687 -0.20451 -0.70712
vn 0.6769 -0.20452 0.70709
vn 0.6769 -0.20452 0.70709
vn -0.58653 0.39494 0.70711
vn -0.58653 0.39494 0.70711
vn -0.26214 0.65672 0.70711
vn -0.26214 0.65672 0.70711
vn -0.63884 0.30311 0.70711
vn -0.63884 0.30311 0.70711
vn 0.94144 0.33555 -0.03329
vn 0.94144 0.33555 -0.03329
vn 0.97566 -0.21676 -0.03329
vn 0.97566 -0.21676 -0.03329
vn -0.33555 0.94144 -0.03329
vn -0.33555 0.94143 -0.03329
vn -0.22803 0.97308 -0.03329
vn -0.22803 0.97308 -0.03329
vn -0.11765 0.9925 -0.03329
vn -0.11765 0.9925 -0.03329
vn 0.78499 -0.61861 -0.03329
vn 0.78499 -0.61861 -0.03329
vn -0.84316 -0.53662 -0.03329
vn -0.84316 -0.53662 -0.03329
vn -0.90296 0.42843 -0.03329
vn -0.90296 0.42843 -0.03329
vn -0.71079 0.70262 -0.03329
vn -0.71079 0.70262 -0.03329
vn -0.02283 -0.6969 -0.7168
vn 0.02136 -0.99975 0.00585
vn 0.01871 -0.99981 0.00586
vn 0.8056 0.59245 0
vn 0.8056 0.59245 0
vn 0.08105 -0.99671 0
vn 0.13232 -0.99121 0
vn -0.59246 0.8056 -0
vn -0.59246 0.8056 -0
vn -0.45914 0.88837 -0
vn -0.45914 0.88837 -0
vn 0.91841 -0.39563 0
vn 0.91841 -0.39563 0
vn 0.91118 0.41201 0
vn 0.86312 0.505 0
vn 0.91118 0.41201 0
vn 0.51863 -0.855 0
vn 0.51863 -0.855 0
vn -0.2224 -0.97496 0
vn -0.12084 -0.99267 0
vn -0.12084 -0.99267 0
vn -0.2224 -0.97496 0
vn 0.5831 0.8124 0
vn 0.49498 0.8689 0
vn 0.49498 0.8689 0
vn 0 0 1
vn 0 0 1
vn 0 0 1
vn -0.89362 0.44883 -0
vn -0.89362 0.44883 -0
vn -0.06952 -0.99758 0
vn -0.06952 -0.99758 0
vn -0.32159 -0.94688 0
vn -0.59463 -0.804 0
vn -0.59463 -0.804 0
vn -0.99407 -0.1087 0
vn -0.99407 -0.1087 0
vn 0.99998 0.00618 -0
vn -0.99998 -0.00578 -1E-05
vn -0.99998 -0.00578 -1E-05
vn 0.95426 -0.29897 0
vn 0.95426 -0.29897 0
vn -0.06896 -0.99762 0
vn -0.06896 -0.99762 0
vn 0.23366 -0.97232 0
vn 0.23366 -0.97232 0
vn -0.9776 -0.21047 0
vn -0.9776 -0.21047 0
vn -0.67424 -0.73851 0
vn -0.67424 -0.73851 0
vn 0.1641 -0.6868 -0.70808
vn 0.16197 -0.68731 -0.70808
vn -0.72911 -0.6844 0
vn 0.98858 -0.15072 1E-05
vn 0.98858 -0.15072 1E-05
vn -0.98677 -0.16215 -1E-05
vn -0.98677 -0.16215 -1E-05
vn 0.89362 -0.44883 0
vn 0.89362 -0.44883 0
vn 0.8124 -0.5831 0
vn 0.8124 -0.5831 0
vn -0.94925 -0.31451 -1E-05
vn -0.94925 -0.31451 -1E-05
vn -0.88837 -0.45914 -0
vn -0.88837 -0.45914 -0
vn 0.71119 -0.703 0
vn 0.71119 -0.703 0
vn 0.59245 -0.8056 0
vn 0.59246 -0.8056 0
vn 0.45914 -0.88837 0
vn 0.45914 -0.88837 0
vn 0.31451 -0.94925 0
vn 0.31451 -0.94925 0
vn -0.44883 -0.89362 -0
vn -0.44883 -0.89362 -0
vn -0.30351 -0.95283 -0
vn -0.30351 -0.95283 -0
vn -0.8056 -0.59245 -0
vn -0.8056 -0.59245 -0
vn -0.703 -0.71119 -0
vn -0.703 -0.71119 -0
vn 0.16214 -0.98677 0
vn 0.16215 -0.98677 0
vn 0.95283 -0.30351 1E-05
vn 0.95283 -0.30351 1E-05
vn -0.5831 -0.8124 -0
vn -0.5831 -0.8124 -0
vn 0.00578 -0.99998 -0
vn 0.00578 -0.99998 -0
vn -0.15072 -0.98858 -0
vn -0.15072 -0.98858 -0
vn 0.06896 0.99762 0
vn 0.21688 0.9762 0
vn 0.21688 0.9762 0
vn 0.35995 0.93297 0
vn 0.49498 0.8689 0
vn 0.49498 0.8689 0
vn 0.61896 0.78543 0
vn 0.61896 0.78542 0
vn 0.7291 0.6844 0
vn 0.82297 0.56809 0
vn 0.82297 0.56809 0
vn 0.89844 0.43909 0
vn 0.89844 0.43909 0
vn 0.95385 0.30028 -0
vn 0.95385 0.30028 -0
vn 0.98795 0.15476 -0
vn 0.98795 0.15476 -0
vn 0.99998 0.00578 -0
vn 0.98968 -0.14332 0
vn 0.98968 -0.14332 0
vn 0.95726 -0.28922 0
vn 0.90346 -0.42867 0
vn 0.90346 -0.42867 0
vn 0.82948 -0.55853 0
vn 0.73697 -0.67592 0
vn 0.73697 -0.67592 0
vn 0.628 -0.77821 0
vn 0.37072 -0.92874 0
vn 0.37072 -0.92874 0
vn 0.22816 -0.97362 0
vn 0.0805 -0.99675 0
vn -0.06896 -0.99762 0
vn -0.21688 -0.9762 0
vn -0.21688 -0.9762 0
vn -0.35995 -0.93297 0
vn -0.49498 -0.8689 0
vn -0.49498 -0.8689 0
vn -0.61896 -0.78542 0
vn -0.61896 -0.78542 0
vn -0.72911 -0.6844 0
vn -0.72911 -0.6844 0
vn -0.82297 -0.56809 0
vn -0.89844 -0.43909 0
vn -0.89844 -0.43909 0
vn -0.95385 -0.30028 0
vn -0.98795 -0.15476 0
vn -0.98795 -0.15476 0
vn -0.99998 -0.00578 0
vn -0.98968 0.14332 -0
vn -0.98968 0.14332 -0
vn -0.95726 0.28922 0
vn -0.90346 0.42867 0
vn -0.90346 0.42867 0
vn -0.82948 0.55853 0
vn -0.73697 0.67592 0
vn -0.73697 0.67592 0
vn -0.628 0.77821 0
vn -0.628 0.77821 0
vn -0.505 0.86312 0
vn -0.505 0.86312 0
vn -0.37072 0.92874 0
vn -0.37072 0.92874 0
vn -0.22816 0.97362 0
vn -0.22816 0.97362 0
vn -0.0805 0.99675 0
vn -0.0805 0.99675 0
vn -0 0 1
vn -0 0 1
vn -0 0 1
vn -0 0 1
vn -0 0 1
vn -0 0 1
vn -0 0 1
vn -0 0 1
vn -0 0 1
vn -0 0 1
vn -0 0 1
vn -0 0 1
vn -0 0 1
vn -0 0 1
vn -0 0 1
vn -0 0 1
vn -0 0 1
vn -0 0 1
vn -0 0 1
vn -0 0 1
vn -0 0 1
vn -0 0 1
vn -0 0 1
vn -0 0 1
vn 0 0 1
vn 0 0 1
vn 0 0 1
vn 0 0 1
vn 0 0 1
vn 0 0 1
vn 0 0 1
vn -0 0 1
vn -0 0 1
vn -0 0 1
vn -0 0 1
vn -0 0 1
vn -0 0 1
vn 0 -0 1
vn 0 -0 1
vn 0 -0 1
vn 0 -0 1
vn 0 -0 1
vn 0 0 1
vn 0 0 1
vn 0 0 1
vn 0 0 1
vn 0 0 1
vn -0 0 1
vn -0 0 1
vn -0 0 1
vn -0 0 1
vn -0 0 1
vn -0 0 1
vn -0 0 1
vn -0 0 1
vn -0 0 1
vn -0 0 1
vn -0 0 1
vn -0 0 1
vn 0 0 1
vn 0 0 1
vn 0 0 1
vn 0 0 1
vn 0 0 1
vn 0 0 1
vn 0 0 1
vn 0 0 1
vn 0 0 1
vn 0 0 1
vn 0 0 1
vn 0 0 1
vn 0 0 1
vn 0 0 1
vn 0 0 1
vn 0 0 1
vn 0 0 1
vn 0 0 1
vn 0 0 1
vn 0 0 1
vn 0 0 1
vn 0 0 1
vn -0 0 1
vn -0 0 1
vn -0 0 1
vn -0 0 1
vn -0 0 1
vn -0 0 1
vn 0 0 1
vn 0 0 1
vn 0 0 1
vn 0 0 1
vn 0 0 1
vn 0 0 1
vn -0 0 1
vn 0 -0 1
vn -0 0 1
vn -0.88813 0.4596 0
vn -0.97231 0.23369 0
vn -0.97231 0.23369 0
vn 0.97231 -0.2337 0
vn 0.97231 -0.2337 0
vn 0.99998 0.00578 0
vn 0.99998 0.00578 0
vn 0.36001 -0.93295 0
vn 0.36001 -0.93295 0
vn 0.12628 -0.99199 0
vn -0.88275 -0.46984 0
vn -0.74466 -0.66744 0
vn -0.74466 -0.66744 0
vn 0.82948 -0.55853 0
vn 0.90346 -0.42867 0
vn 0.90346 -0.42867 0
vn 0.37072 -0.92874 0
vn 0.505 -0.86312 0
vn 0.505 -0.86312 0
vn 0.37072 -0.92875 0
vn 0.73697 -0.67592 0
vn 0.5633 0.82625 0
vn 0.34919 0.93705 0
vn -0.12628 0.992 0
vn -0.12628 0.99199 0
vn -0.36001 0.93295 0
vn -0.36001 0.93295 0
vn 0.21688 0.9762 0
vn 0.06896 0.99762 0
vn 0.35995 0.93297 0
vn 0.49498 0.8689 0
vn 0.35995 0.93297 0
vn 0.56329 0.82626 0
vn 0.74466 0.66744 0
vn 0.74466 0.66744 0
vn -0.75234 0.65878 0
vn -0.75234 0.65878 0
vn -0.88813 0.45959 0
vn -0.88813 0.45959 0
vn -0.57281 0.81969 0
vn -0.57281 0.81969 0
vn -0.36001 0.93295 0
vn -0.36001 0.93295 0
vn -0.97231 0.2337 0
vn -0.97231 0.2337 0
vn -0.96954 -0.24493 0
vn -0.96954 -0.24493 0
vn -0.99998 -0.00579 0
vn -0.99998 -0.00579 0
vn -0.12628 0.992 0
vn 0 0 1
vn -0 0 1
vn -0 0 1
vn 0.11479 0.99339 0
vn 0.34919 0.93705 0
vn -0.88275 -0.46983 0
vn -0.88275 -0.46983 0
vn -0.57282 0.81968 0
vn -0.75233 0.65878 0
vn 0.88813 -0.45959 0
vn 0.97231 -0.23369 0
vn -0.88813 0.45959 0
vn -0.88813 0.45959 0
vn -0.97231 0.2337 0
vn -0.57281 0.81968 0
vn -0.57281 0.81968 0
vn -0.75233 0.65878 0
vn -0.75233 0.65878 0
vn -0.97231 0.2337 0
vn -0.88813 0.45959 0
vn -0.88813 0.45959 0
vn -0.12628 0.992 0
vn -0.12628 0.99199 0
vn -0.36001 0.93295 0
vn -0.36001 0.93295 0
vn -0.12628 0.992 0
vn -0.36001 0.93295 0
vn -0.96954 -0.24493 0
vn -0.96954 -0.24493 0
vn -0.99998 -0.00578 0
vn -0.99998 -0.00578 0
vn 0 0 1
vn 0 0 1
vn -0 0 1
vn 0 0 1
vn 0 0 1
vn 0 -0 1
vn 0.11479 0.99339 0
vn 0 0 1
vn -0 0 1
vn -0 0 1
vn -0.96954 -0.24493 0
vn -0.96954 -0.24493 0
vn -0.99998 -0.00578 0
vn -0.99998 -0.00578 0
vn -0 0 1
vn 0 0 1
vn -0 0 1
vn -0 0 1
vn -0 0 1
vn -0.97231 0.23369 0
vn -0.97231 0.23369 0
vn -0.88813 0.45959 0
vn -0.88813 0.45959 0
vn -0.74466 -0.66744 0
vn -0.56329 -0.82626 0
vn -0.88275 -0.46984 0
vn -0.88275 -0.46984 0
vn 0.96954 0.24493 0
vn 0.96954 0.24493 0
vn 0.99998 0.00578 0
vn 0.99998 0.00578 0
vn 0 0 1
vn 0 -0 1
vn 0.74466 0.66744 0
vn 0.5633 0.82626 0
vn 0.88813 -0.45959 0
vn 0.97231 -0.23369 0
vn 0.97231 -0.23369 0
vn 0.96954 0.24493 0
vn 0.96954 0.24493 0
vn 0.99998 0.00578 0
vn 0.99998 0.00578 0
vn 0.88813 -0.45959 0
vn 0.88813 -0.45959 0
vn 0.97231 -0.23369 0
vn -0.57282 0.81968 0
vn -0.57282 0.81968 0
vn -0.75233 0.65878 0
vn -0.75233 0.65878 0
vn 0 -0 1
vn 0 -0 1
vn 0 -0 1
vn -0.57282 0.81968 -0
vn -0.57282 0.81968 -0
vn -0.75233 0.65878 -0
vn -0.75233 0.65878 -0
vn -0.88813 0.45959 0
vn -0.88813 0.45959 0
vn -0.97231 0.2337 0
vn -0.97231 0.2337 0
vn -0.96954 -0.24493 0
vn -0.96954 -0.24493 0
vn -0.99998 -0.00578 0
vn -0.99998 -0.00578 0
vn -0.88813 0.45959 -0
vn -0.88813 0.45959 -0
vn -0.36001 0.93295 0
vn -0.36001 0.93295 0
vn 0 0 1
vn 0 0 1
vn 0 -0 1
vn 0.96954 0.24493 0
vn 0.96954 0.24493 0
vn 0.88275 0.46984 0
vn 0.12628 -0.99199 0
vn -0.11479 -0.99339 0
vn -0.99998 -0.00579 -0
vn -0.99998 -0.00579 -0
vn -0.97231 0.2337 -0
vn -0.97231 0.2337 -0
vn -0.12628 0.99199 0
vn -0.12628 0.99199 0
vn 0.88275 0.46984 0
vn -0 0 1
vn 0 0 1
vn 0 0 1
vn 0.97231 -0.2337 0
vn 0.97231 -0.2337 0
vn 0.99998 0.00579 0
vn 0.99998 0.00579 0
vn 0.34919 0.93705 0
vn 0.11479 0.99339 0
vn 0.11479 0.99339 0
vn -0.75233 0.65878 0
vn 0 0 1
vn 0 0 1
vn 0 0 1
vn 0 0 1
vn 0.74466 0.66744 0
vn 0.74466 0.66744 0
vn 0.5633 0.82626 0
vn 0.5633 0.82626 0
vn 0.34919 0.93705 0
vn 0.34919 0.93705 0
vn -0.74466 -0.66744 0
vn -0.74466 -0.66744 0
vn -0.88275 -0.46984 0
vn -0.88275 -0.46984 0
vn 0.5633 0.82626 0
vn 0.5633 0.82626 0
vn -0 0 1
vn -0 0 1
vn -0 0 1
vn -0.34919 -0.93705 0
vn -0.34919 -0.93705 0
vn -0.11479 -0.99339 -0
vn -0.11479 -0.99339 -0
vn 0 0 1
vn 0 0 1
vn 0 0 1
vn 0 0 1
vn -0 0 1
vn 0 0 1
vn 0.75233 -0.65878 0
vn 0.57282 -0.81968 0
vn 0.57282 -0.81968 0
vn 0.12628 -0.99199 0
vn -0.11479 -0.99339 0
vn -0.11479 -0.99339 0
vn -0.34919 -0.93705 0
vn -0.34919 -0.93705 0
vn 0 0 1
vn 0 0 1
vn 0 -0 1
vn 0 -0 1
vn 0 -0 1
vn 0 -0 1
vn 0 -0 1
vn -0 -0 1
vn 0.5633 0.82625 0
vn 0.5633 0.82625 0
vn 0.74466 0.66744 0
vn 0.74466 0.66744 0
vn -0 0 1
vn -0 0 1
vn 0 0 1
vn -0.98968 0.14332 0
vn -0.99998 -0.00578 0
vn 0.99998 0.00578 0
vn 0.99998 0.00578 0
vn 0.88275 0.46984 0
vn 0.74466 0.66744 0
vn -0 -0 1
vn 0 -0 1
vn 0 -0 1
vn -0 -0 1
vn 0 0 1
vn 0 0 1
vn 0 0 1
vn 0 -0 1
vn 0.36001 -0.93295 0
vn 0.36001 -0.93295 0
vn 0 0 1
vn 0 0 1
vn 0 0 1
vn 0 -0 1
vn 0 -0 1
vn -0 0 1
vn -0.57281 0.81968 0
vn -0.75233 0.65878 0
vn -0.57282 0.81968 0
vn -0.57282 0.81968 0
vn -0.75234 0.65878 0
vn 0 0 1
vn 0 0 1
vn 0 0 1
vn 0 0 1
vn -0 -0 1
vn -0 -0 1
vn -0 -0 1
vn 0.88275 0.46984 -0
vn 0.74466 0.66744 -0
vn 0.88813 -0.45959 0
vn 0.88813 -0.45959 0
vn 0.97231 -0.2337 0
vn 0.97231 -0.2337 0
vn 0 0 1
vn 0 -0 1
vn 0 -0 1
vn 0 -0 1
vn 0 0 1
vn -0.36001 0.93295 0
vn -0.36001 0.93295 0
vn 0 -0 1
vn -0.34919 -0.93705 0
vn -0.34919 -0.93705 0
vn -0.97231 0.2337 0
vn -0.97231 0.2337 0
vn -0.88813 0.45959 0
vn -0.88813 0.45959 0
vn -0.12628 0.99199 0
vn 0.11479 0.99339 0
vn 0.11479 0.99339 0
vn 0.5633 0.82626 0
vn 0.34919 0.93705 0
vn 0.11479 0.99339 0
vn 0.11479 0.99339 0
vn 0.96954 0.24493 0
vn 0.96954 0.24493 0
vn 0.99998 0.00578 0
vn 0.99998 0.00578 0
vn -0.96954 -0.24493 0
vn -0.96954 -0.24493 0
vn -0.99998 -0.00578 0
vn -0.99998 -0.00578 0
vn -0.96954 -0.24493 0
vn -0.96954 -0.24493 0
vn -0.99998 -0.00578 0
vn -0.99998 -0.00578 0
vn 0.96954 0.24493 0
vn 0.96954 0.24493 0
vn 0.99998 0.00578 0
vn 0.99998 0.00578 0
vn 0.96954 0.24493 -0
vn 0.96954 0.24493 -0
vn 0.34919 0.93705 0
vn 0.34919 0.93705 0
vn -0 -0 1
vn 0.88813 -0.45959 0
vn 0.88813 -0.45959 0
vn 0.97231 -0.23369 0
vn -0 0 1
vn 0 0 1
vn -0 0 1
vn -0.96954 -0.24492 0
vn -0.96954 -0.24492 0
vn -0.99998 -0.00578 0
vn -0.99998 -0.00578 0
vn 0.97231 -0.2337 0
vn 0.97231 -0.2337 0
vn 0.99998 0.00578 0
vn 0.99998 0.00578 0
vn 0 0 1
vn 0 -0 1
vn -0.36001 0.93295 0
vn -0.12628 0.992 0
vn -0.12628 0.992 0
vn -0.74466 -0.66744 0
vn -0.74466 -0.66744 0
vn -0.88275 -0.46984 0
vn 0 0 1
vn 0 0 1
vn 0 0 1
vn 0.74466 0.66744 0
vn 0.5633 0.82626 0
vn 0 0 1
vn 0 0 1
vn 0.96954 0.24493 0
vn 0.96954 0.24493 0
vn 0.99998 0.00578 0
vn 0.99998 0.00578 0
vn -0 0 1
vn -0 0 1
vn -0 0 1
vn 0 0 1
vn 0 -0 1
vn -0 0 1
vn -0 0 1
vn -0 0 1
vn -0 0 1
vn -0 0 1
vn -0 0 1
vn 0 0 1
vn 0 0 1
vn -0 0 1
vn 0 0 1
vn 0 0 1
vn 0.96954 0.24493 0
vn 0.96954 0.24493 0
vn -0.11479 -0.99339 0
vn -0.34919 -0.93705 0
vn -0.34919 -0.93705 0
vn -0 0 1
vn -0 0 1
vn 0 0 1
vn -0.99998 -0.00578 0
vn -0.99998 -0.00578 0
vn 0.88813 -0.45959 0
vn 0.88813 -0.45959 0
vn -0 -0 1
vn -0 0 1
vn 0 0 1
vn 0.96954 0.24493 0
vn 0.96954 0.24493 0
vn 0.99998 0.00578 0
vn 0.99998 0.00578 0
vn 0.88275 0.46984 0
vn 0.74466 0.66744 0
vn -0 -0 1
vn 0 0 1
vn 0 -0 1
vn 0.75233 -0.65878 0
vn 0.75233 -0.65878 0
vn 0.88813 -0.45959 0
vn 0.88813 -0.45959 0
vn 0 0 1
vn 0 -0 1
vn 0.57281 -0.81969 0
vn 0.57281 -0.81969 0
vn 0.75234 -0.65878 0
vn 0.75234 -0.65878 0
vn 0 0 1
vn 0 0 1
vn -0 -0 1
vn 0 0 1
vn 0 0 1
vn 0.36001 -0.93295 0
vn 0.57282 -0.81968 0
vn 0.34919 0.93705 0
vn 0.34919 0.93705 0
vn 0.5633 0.82626 0
vn 0.5633 0.82626 0
vn 0.34919 0.93705 0
vn 0.11479 0.99339 0
vn 0.11479 0.99339 0
vn 0 0 1
vn -0 0 1
vn 0 0 1
vn -0.99998 -0.00579 0
vn -0.99998 -0.00579 0
vn -0.97231 0.2337 0
vn -0.97231 0.2337 0
vn -0.12628 0.99199 0
vn -0.12628 0.99199 0
vn -0.36001 0.93295 0
vn -0.36001 0.93295 0
vn 0.5633 0.82626 0
vn 0.5633 0.82626 0
vn -0 -0 1
vn -0 -0 1
vn -0 -0 1
vn -0 0 1
vn -0 0 1
vn 0 0 1
vn -0.96954 -0.24493 0
vn -0.96954 -0.24493 0
vn -0.99998 -0.00578 0
vn -0.99998 -0.00578 0
vn -0.74466 -0.66744 0
vn -0.74466 -0.66744 0
vn -0.88275 -0.46984 0
vn -0.96954 -0.24493 0
vn -0.96954 -0.24493 0
vn -0.99998 -0.00578 0
vn -0.99998 -0.00578 0
vn -0 0 1
vn -0 0 1
vn -0 0 1
vn 0.11479 0.99339 0
vn 0.34919 0.93705 0
vn 0.34919 0.93705 0
vn -0.88275 -0.46984 0
vn -0.88275 -0.46984 0
vn -0.96954 -0.24493 0
vn -0.96954 -0.24493 0
vn 0 -0 1
vn 0.11479 0.99339 0
vn 0.11479 0.99339 0
vn 0.34919 0.93705 0
vn -0.74466 -0.66744 0
vn -0.74466 -0.66744 0
vn 0 0 1
vn -0 0 1
vn -0 0 1
vn -0.11479 -0.99339 0
vn -0.34919 -0.93705 0
vn 0.88275 0.46984 0
vn 0 0 1
vn 0 0 1
vn -0 -0 1
vn -0 0 1
vn 0.88275 0.46983 0
vn 0.88275 0.46983 0
vn 0 -0 1
vn 0 -0 1
vn 0.12628 -0.99199 0
vn 0.36001 -0.93295 0
vn -0 0 1
vn -0.88275 -0.46984 0
vn -0.88275 -0.46984 0
vn 0.97231 -0.2337 0
vn 0.97231 -0.2337 0
vn -0.12628 0.992 0
vn -0.12628 0.992 0
vn -0.36001 0.93295 0
vn -0.36001 0.93295 0
vn -0.97231 0.2337 0
vn -0.97231 0.2337 0
vn 0 0 1
vn -0 -0 1
vn -0 0 1
vn 0 0 1
vn -0 0 1
vn 0.96954 0.24493 0
vn 0.96954 0.24493 0
vn 0.11479 0.99339 0
vn -0.12628 0.992 0
vn -0.12628 0.99199 0
vn -0.36001 0.93295 0
vn 0 0 1
vn 0 0 1
vn -0.97231 0.2337 0
vn -0.97231 0.2337 0
vn -0.99998 -0.00578 0
vn -0.99998 -0.00578 0
vn -0.97231 0.2337 0
vn -0.97231 0.2337 0
vn -0.75233 0.65878 -0
vn -0.75233 0.65878 -0
vn -0.88813 0.45959 -0
vn 0.67331 0.21251 0.70816
vn 0.6354 0.30929 0.70754
vn 0.63442 0.31141 0.70748
vn 0.67366 0.21146 0.70814
vn -0.12628 0.992 0
vn -0.12628 0.992 0
vn -0.36001 0.93295 0
vn -0.36001 0.93295 0
vn -0.57281 0.81968 0
vn -0.57281 0.81968 0
vn -0.75233 0.65878 0
vn -0.96954 -0.24493 0
vn -0.96954 -0.24493 0
vn -0.99998 -0.00578 0
vn -0.99998 -0.00578 0
vn 0.11479 0.99339 0
vn 0.11479 0.99339 0
vn 0.88275 0.46984 0
vn 0.88275 0.46984 0
vn -0.88275 -0.46984 0
vn -0.88275 -0.46984 0
vn 0.34919 0.93705 0
vn 0.34919 0.93705 0
vn -0 0 1
vn -0 0 1
vn 0.74466 0.66744 0
vn 0.74466 0.66744 0
vn 0.56329 0.82626 0
vn -0 0 1
vn -0 0 1
vn -0 0 1
vn -0.34919 -0.93705 0
vn -0.34919 -0.93705 0
vn -0.56329 -0.82626 0
vn -0.56329 -0.82626 0
vn -0.11479 -0.99339 0
vn -0.11479 -0.99339 0
vn 0.88275 0.46984 0
vn 0.88275 0.46984 0
vn 0 0 1
vn 0.12628 -0.99199 0
vn 0.36001 -0.93295 0
vn 0 0 1
vn -0 0 1
vn 0 0 1
vn 0 0 1
vn 0 0 1
vn 0 0 1
vn 0 -0 1
vn 0 -0 1
vn 0 0 1
vn 0 0 1
vn -0 0 1
vn -0 0 1
vn -0 0 1
vn -0.57282 0.81968 0
vn 0 -0 1
vn 0 0 1
vn 0 0 1
vn 0 0 1
vn 0 0 1
vn 0 0 1
vn -0.57282 0.81968 0
vn -0.57282 0.81968 0
vn -0.75233 0.65878 -0
vn -0.75233 0.65878 -0
vn -0.97231 0.2337 -0
vn 0.11479 0.99339 0
vn 0.11479 0.99339 0
vn 0.99998 0.00578 -0
vn 0.99998 0.00578 -0
vn 0 0 1
vn 0 0 1
vn 0 0 1
vn 0 0 1
vn -0.11479 -0.99339 0
vn -0.34919 -0.93705 0
vn 0.75233 -0.65878 0
vn 0.75233 -0.65878 0
vn 0.88813 -0.4596 0
vn 0.88813 -0.4596 0
vn 0 0 1
vn 0 0 1
vn 0 0 1
vn 0.75233 -0.65878 0
vn 0.88813 -0.45959 0
vn 0.88813 -0.45959 0
vn 0.97231 -0.2337 0
vn 0.97231 -0.2337 0
vn -0.12628 0.992 -0
vn -0.12628 0.992 -0
vn -0.36001 0.93295 -0
vn -0.36001 0.93295 -0
vn 0 0 1
vn 0 0 1
vn -0.74466 -0.66744 0
vn -0.74466 -0.66744 0
vn -0.56329 -0.82626 0
vn 0 0 1
vn 0 0 1
vn 0 0 1
vn -0.11479 -0.99339 0
vn -0.34919 -0.93705 0
vn -0.5633 -0.82626 0
vn 0.88275 0.46984 -0
vn 0.88275 0.46984 -0
vn 0.74466 0.66744 -0
vn 0.74466 0.66744 -0
vn 0.56329 0.82626 0
vn 0.56329 0.82626 0
vn 0.34919 0.93705 0
vn 0.34919 0.93705 0
vn -0.12628 0.992 0
vn -0.12628 0.99199 0
vn -0.36001 0.93295 -0
vn -0.36001 0.93295 -0
vn 0 0 1
vn 0 0 1
vn -0 0 1
vn -0.99998 -0.00578 0
vn -0.99998 -0.00578 0
vn -0.97231 0.23369 0
vn -0 0 1
vn -0 0 1
vn -0.75234 0.65878 0
vn -0.75234 0.65878 0
vn -0.88813 0.4596 0
vn -0.88813 0.4596 0
vn 0 0 1
vn 0 0 1
vn 0 0 1
vn 0 0 1
vn -0 -0 1
vn -0 -0 1
vn 0 0 1
vn 0.75233 -0.65878 0
vn 0.75233 -0.65878 0
vn 0 0 1
vn 0 0 1
vn 0.34919 0.93705 0
vn 0.34919 0.93705 0
vn 0.11479 0.99339 0
vn 0.11479 0.99339 0
vn -0 -0 1
vn 0 0 1
vn 0 0 1
vn 0 -0 1
vn 0 0 1
vn 0.12628 -0.992 0
vn 0.75233 -0.65878 0
vn 0.75233 -0.65878 0
vn 0.88813 -0.45959 0
vn 0.88813 -0.45959 0
vn 0.96954 0.24493 -0
vn 0.96954 0.24493 -0
vn -0.96954 -0.24493 0
vn -0.96954 -0.24493 0
vn -0.12628 0.99199 0
vn -0.36001 0.93295 0
vn 0 0 1
vn 0 0 1
vn 0 0 1
vn 0 0 1
vn 0.88275 0.46984 0
vn 0.74466 0.66744 0
vn 0.74466 0.66744 0
vn -0.75233 0.65878 0
vn -0.75233 0.65878 0
vn -0.88813 0.45959 0
vn 0.75233 -0.65878 0
vn 0.75233 -0.65878 0
vn 0.88813 -0.4596 0
vn 0.88813 -0.4596 0
vn 0 0 1
vn 0 0 1
vn 0 0 1
vn -0 -0 1
vn -0 0 1
vn 0 0 1
vn 0 -0 1
vn 0 -0 1
vn 0 -0 1
vn -0 0 1
vn 0.88275 0.46984 0
vn 0.88275 0.46984 0
vn 0.11479 0.99339 0
vn 0 -0 1
vn 0 -0 1
vn 0 -0 1
vn 0.88813 -0.4596 0
vn 0.88813 -0.4596 0
vn 0.57282 -0.81968 0
vn 0.57282 -0.81968 0
vn 0 0 1
vn -0 0 1
vn 0.97231 -0.23369 0
vn 0.97231 -0.23369 0
vn 0.74466 0.66744 0
vn 0.56329 0.82626 0
vn -0 0 1
vn -0 0 1
vn -0 0 1
vn -0 0 1
vn -0.5633 -0.82626 0
vn -0.5633 -0.82626 0
vn -0.88275 -0.46984 0
vn -0.96954 -0.24493 0
vn 0.75233 -0.65878 0
vn 0.75233 -0.65878 0
vn 0.57282 -0.81968 0
vn 0.57282 -0.81968 0
vn 0 0 1
vn 0 0 1
vn 0.56329 0.82626 0
vn 0.56329 0.82626 0
vn 0.34919 0.93705 0
vn 0.34919 0.93705 0
vn 0.74466 0.66744 0
vn 0.74466 0.66744 0
vn 0.12628 -0.992 0
vn 0.36001 -0.93295 0
vn 0 0 1
vn 0 0 1
vn 0.88275 0.46984 0
vn 0.96954 0.24493 0
vn 0.96954 0.24493 0
vn 0.88275 0.46984 0
vn 0.88275 0.46984 0
vn -0.56329 -0.82626 0
vn -0.56329 -0.82626 0
vn 0.88813 -0.45959 0
vn 0.88813 -0.45959 0
vn 0.97231 -0.2337 0
vn 0.97231 -0.2337 0
vn 0.57282 -0.81968 0
vn 0.57282 -0.81968 0
vn -0 0 1
vn -0 0 1
vn -0 0 1
vn 0.75233 -0.65878 0
vn 0.75233 -0.65878 0
vn 0.57281 -0.81969 0
vn 0.57281 -0.81969 0
vn -0.74466 -0.66744 0
vn -0.74466 -0.66744 0
vn -0.96954 -0.24493 0
vn -0.96954 -0.24493 0
vn 0.99998 0.00578 0
vn 0.99998 0.00578 0
vn 0.57282 -0.81968 0
vn -0.11479 -0.99339 0
vn -0.11479 -0.99339 0
vn 0.12628 -0.992 0
vn 0.36001 -0.93295 0
vn 0.36001 -0.93295 0
vn 0.36001 -0.93295 0
vn 0.12628 -0.99199 0
vn 0.36001 -0.93295 0
vn 0.36001 -0.93295 0
vn -0 0 1
vn 0 0 1
vn 0.74466 0.66744 0
vn 0.74466 0.66744 0
vn 0.97231 -0.2337 0
vn 0.97231 -0.2337 0
vn 0.99998 0.00579 0
vn 0.99998 0.00579 0
vn -0 0 1
vn -0 0 1
vn -0 0 1
vn 0.57282 -0.81968 0
vn -0.5633 -0.82626 0
vn -0.5633 -0.82626 0
vn 0.57282 -0.81968 0
vn -0.21688 -0.9762 0
vn -0.06896 -0.99762 0
vn -0.21688 -0.9762 0
vn -0.49498 -0.8689 0
vn -0.35995 -0.93297 0
vn -0.35995 -0.93297 0
vn -0.49498 -0.8689 0
vn -0.98795 -0.15476 0
vn -0.95385 -0.30028 0
vn -0.95385 -0.30028 0
vn -0.98795 -0.15476 0
vn -0 0 1
vn -0 0 1
vn 0.82297 0.56809 0
vn 0.72911 0.6844 0
vn 0.72911 0.6844 0
vn 0 0 1
vn 0.96954 0.24493 0
vn 0 0 1
vn 0.98795 0.15476 0
vn 0.95385 0.30028 0
vn 0.98795 0.15476 0
vn -0.97231 0.23369 0
vn -0.97231 0.23369 0
vn 0.57282 -0.81968 0
vn 0.57282 -0.81968 0
vn -0.12628 0.99199 0
vn -0.12628 0.992 0
vn -0.36001 0.93295 0
vn -0.36001 0.93295 0
vn 0.99998 0.00578 0
vn 0.95726 -0.28922 0
vn 0.98968 -0.14332 0
vn 0.95726 -0.28922 0
vn -0 0 1
vn 0 0 1
vn 0.36001 -0.93295 0
vn 0.36001 -0.93295 0
vn -0 0 1
vn 0 0 1
vn 0 0 1
vn -0 0 1
vn -0.5633 -0.82626 0
vn -0.5633 -0.82626 0
vn -0.34919 -0.93705 0
vn -0.57281 0.81968 -0
vn -0.57281 0.81968 -0
vn -0.57282 0.81968 0
vn -0 -0 1
vn -0 -0 1
vn -0 -0 1
vn 0 0 1
vn 0.11479 0.99339 0
vn 0.11479 0.99339 0
vn -0.75233 0.65878 0
vn -0.75233 0.65878 0
vn -0.88813 0.4596 0
vn -0.88813 0.4596 0
vn -0.12628 0.99199 0
vn -0.36001 0.93295 0
vn -0.36001 0.93295 0
vn 0 0 1
vn 0 0 1
vn 0 0 1
vn -0.56329 -0.82626 -0
vn -0.56329 -0.82626 -0
vn 0 0 1
vn 0 0 1
vn 0.56329 0.82626 0
vn 0 0 1
vn 0 0 1
vn 0 0 1
vn -0 0 1
vn -0 0 1
vn 0 0 1
vn -0.57282 0.81968 0
vn -0.57282 0.81968 0
vn -0.88813 0.45959 0
vn -0.88275 -0.46984 0
vn -0.88275 -0.46984 0
vn -0.96954 -0.24493 0
vn -0.96954 -0.24493 0
vn 0.97231 -0.23369 0
vn 0.97231 -0.23369 0
vn 0.99998 0.00578 0
vn 0.99998 0.00578 0
vn 0 -0 1
vn -0.0805 0.99675 0
vn -0.89844 -0.43909 0
vn -0.89844 -0.43909 0
vn 0 0 1
vn 0.88275 0.46984 0
vn 0.88275 0.46984 0
vn 0 0 1
vn 0 0 1
vn 0 0 1
vn -0 0 1
vn 0.99998 0.00579 0
vn 0.99998 0.00579 0
vn 0 0 1
vn 0 0 1
vn 0.0805 -0.99675 0
vn 0.0805 -0.99675 0
vn 0.628 -0.77821 0
vn 0.628 -0.77821 0
vn -0 0 1
vn -0.88813 0.45959 0
vn -0.88813 0.45959 0
vn 0 -0 1
vn 0 0 1
vn -0 0 1
vn 0 0 1
vn -0 0 1
vn -0 0 1
vn 0.11479 0.99339 0
vn 0.88275 0.46984 0
vn -0 0 1
vn -0 0 1
vn 0 0 1
vn 0 0 1
vn 0 0 1
vn -0.75233 0.65879 0
vn -0.75233 0.65879 0
vn -0.82297 -0.56809 0
vn -0.11479 -0.99339 0
vn 0 0 1
vn 0 0 1
vn -0 0 1
vn 0.34919 0.93705 0
vn -0.82948 0.55853 0
vn -0.90346 0.42867 0
vn -0.90346 0.42866 0
vn 0 0 1
vn 0 0 1
vn 0 0 1
vn 0 0 1
vn 0.97231 -0.23369 0
vn 0.97231 -0.23369 0
vn 0.99998 0.00578 0
vn 0.99998 0.00578 0
vn -0.57282 0.81968 0
vn -0.57282 0.81968 0
vn 0 0 1
vn 0 0 1
vn 0 0 1
vn 0 0 1
vn -0.73697 0.67592 0
vn -0.73697 0.67592 0
vn -0.72911 -0.6844 0
vn -0.72911 -0.6844 0
vn -0 0 1
vn -0 0 1
vn -0 0 1
vn -0 0 1
vn -0 -0 1
vn -0 -0 1
vn -0 -0 1
vn -0 -0 1
vn -0 0 1
vn -0 0 1
vn -0 0 1
vn -0 0 1
vn 0 0 1
vn 0.36001 -0.93295 0
vn 0.36001 -0.93295 0
vn 0.57282 -0.81968 0
vn 0.57282 -0.81968 0
vn 0 0 1
vn 0 0 1
vn 0 0 1
vn 0 0 1
vn 0 0 1
vn 0 0 1
vn 0 0 1
vn 0 -0 1
vn 0 0 1
vn -0.96954 -0.24493 0
vn 0 0 1
vn 0 0 1
vn -0 0 1
vn 0.74466 0.66744 0
vn 0.74466 0.66744 0
vn 0 0 1
vn 0 -0 1
vn 0 -0 1
vn -0 0 1
vn -0 0 1
vn 0 0 1
vn -0 0 1
vn -0 -0 1
vn -0 0 1
vn -0 0 1
vn -0 0 1
vn -0 0 1
vn -0 -0 1
vn -0 -0 1
vn -0 0 1
vn 0 0 1
vn -0 0 1
vn 0 0 1
vn 0 0 1
vn 0 0 1
vn 0 0 1
vn -0 -0 1
vn -0 -0 1
vn -0 -0 1
vn -0 -0 1
vn 0 0 1
vn 0 0 1
vn 0 0 1
vn 0 0 1
vn 0 0 1
vn -0 0 1
vn -0 0 1
vn 0 0 1
vn 0 -0 1
vn 0 -0 1
vn 0 -0 1
vn 0 -0 1
vn 0 -0 1
vn 0 -0 1
vn -0.74466 -0.66744 0
vn -0.74466 -0.66744 0
vn -0 0 1
vn -0 0 1
vn -0 0 1
vn -0 0 1
vn -0.88275 -0.46984 0
vn -0.74466 -0.66744 0
vn -0.74466 -0.66744 0
vn -0.56329 -0.82626 0
vn 0 0 1
vn 0 0 1
vn 0 0 1
vn 0 0 1
vn -0.57282 0.81968 0
vn -0.57282 0.81968 0
vn -0 0 1
vn -0.75233 0.65878 0
vn -0.75233 0.65878 0
vn 0.74466 0.66744 0
vn 0.74466 0.66744 0
vn 0 -0 1
vn -0 0 1
vn -0 0 1
vn 0.36001 -0.93295 0
vn 0.36001 -0.93295 0
vn -0 0 1
vn -0.97231 0.23369 0
vn -0.97231 0.23369 0
vn -0.99998 -0.00578 0
vn -0.99998 -0.00578 0
vn 0 0 1
vn 0 0 1
vn -0.11479 -0.99339 0
vn 0.12628 -0.992 0
vn 0.12628 -0.992 0
vn 0 0 1
vn 0.57282 -0.81968 0
vn 0.57282 -0.81968 0
vn 0.36001 -0.93295 0
vn -0.75233 0.65878 0
vn -0.75233 0.65878 0
vn -0 0 1
vn 0 0 1
vn 0 0 1
vn 0 -0 1
vn 0.12628 -0.992 0
vn 0.12628 -0.99199 0
vn 0 0 1
vn 0 0 1
vn 0 0 1
vn 0 0 1
vn 0.56329 0.82626 -0
vn 0.56329 0.82626 -0
vn 0.34919 0.93705 -0
vn 0.34919 0.93705 -0
vn 0 0 1
vn -0 0 1
vn 0.96954 0.24493 0
vn 0.96954 0.24493 0
vn 0 0 1
vn 0 0 1
vn -0 0 1
vn 0.57281 -0.81969 0
vn 0.57281 -0.81969 0
vn 0.36001 -0.93295 0
vn -0.34919 -0.93705 0
vn -0.56329 -0.82626 0
vn -0.34919 -0.93705 0
vn -0.56329 -0.82626 0
vn -0.56329 -0.82626 0
vn -0 0 1
vn -0 0 1
vn 0 -0 1
vn -0 -0 1
vn -0 -0 1
vn -0 0 1
vn -0 0 1
vn -0 0 1
vn -0 0 1
vn -0 0 1
vn -0 0 1
vn 0 0 1
vn 0 0 1
vn 0.11479 0.99339 -0
vn 0.11479 0.99339 -0
vn 0 0 1
vn 0 0 1
vn -0 0 1
vn -0 0 1
vn -0 0 1
vn -0 0 1
vn 0 0 1
vn -0.11479 -0.99339 0
vn -0.11479 -0.99339 0
vn 0.12628 -0.99199 0
vn 0.12628 -0.992 0
vn 0 0 1
vn 0 0 1
vn 0.75233 -0.65878 0
vn 0 -0 1
vn 0 -0 1
vn -0 0 1
vn 0 -0 1
vn 0 0 1
vn 0 -0 1
vn -0 -0 1
vn -0 -0 1
vn -0 0 1
vn -0 -0 1
vn -0 -0 1
vn -0 -0 1
vn 0 -0 1
vn -0 0 1
vn 0 0 1
vn 0 -0 1
vn 0 -0 1
vn 0.96954 0.24493 0
vn 0.96954 0.24493 0
vn 0 0 1
vn -0 0 1
vn 0 0 1
vn 0 0 1
vn -0 0 1
vn 0 0 1
vn 0 0 1
vn 0 0 1
vn 0 0 1
vn -0.34919 -0.93705 0
vn -0.34919 -0.93705 0
vn 0.57282 -0.81968 0
vn 0.57282 -0.81968 0
vn 0.36001 -0.93295 0
vn -0 0 1
vn -0.11479 -0.99339 0
vn -0.11479 -0.99339 0
vn -0.34919 -0.93705 0
vn -0 0 1
vn -0.34919 -0.93705 0
vn -0.34919 -0.93705 0
vn 0 -0 1
vn 0 0 1
vn -0.11479 -0.99339 0
vn -0.11479 -0.99339 0
vn -0.34919 -0.93705 0
vn 0.57282 -0.81968 0
vn 0.57282 -0.81968 0
vn -0.74466 -0.66744 0
vn -0.11479 -0.99339 0
vn -0.11479 -0.99339 0
vn -0.34919 -0.93705 0
vn -0.34919 -0.93705 0
vn -0.34919 -0.93705 0
vn 0.75234 -0.65878 0
vn 0.75234 -0.65878 0
vn -0 -0 1
vn -0 -0 1
vn 0.88813 -0.45959 0
vn 0.75233 -0.65878 0
vn 0.75233 -0.65878 0
vn -0.11479 -0.99339 0
vn -0.11479 -0.99339 0
vn 0.75233 -0.65878 0
vn 0.75233 -0.65878 0
vn -0 0 1
vn -0.5633 -0.82625 0
vn -0.5633 -0.82625 0
vn 0.12628 -0.992 0
vn 0.75233 -0.65878 0
vn 0.75233 -0.65878 0
vn -0 -0 1
vn 0.99998 0.00579 0
vn 0.99998 0.00579 0
vn 0 0 1
vn 0 0 1
vn 0 0 1
vn 0 0 1
vn 0 0 1
vn -0.57282 0.81968 0
vn -0.57282 0.81968 0
vn 0 0 1
vn 0 0 1
vn 0 0 1
vn 0 0 1
vn 0 -0 1
vn 0 -0 1
vn -0.74466 -0.66744 0
vn -0.74466 -0.66744 0
vn -0.88275 -0.46984 0
vn 0 0 1
vn 0 0 1
vn -0 -0 1
vn -0 -0 1
vn -0 -0 1
vn 0 -0 1
vn 0 -0 1
vn 0 0 1
vn 0 0 1
vn 0.88813 -0.45959 0
vn 0.88813 -0.45959 0
vn 0.97231 -0.2337 0
vn 0.97231 -0.2337 0
vn -0.88275 -0.46984 0
vn -0.88275 -0.46984 0
vn -0.96954 -0.24493 0
vn -0.96954 -0.24493 0
vn 0 0 1
vn 0 0 1
vn 0 0 1
vn 0 0 1
vn -0 0 1
vn -0.88813 0.45959 0
vn -0.88813 0.45959 0
vn 0 0 1
vn 0.96954 0.24493 0
vn 0.96954 0.24493 0
vn -0 -0 1
vn -0 -0 1
vn 0 -0 1
vn 0 -0 1
vn 0 -0 1
vn 0 -0 1
vn 0.96954 0.24493 0
vn 0.96954 0.24493 0
vn 0 0 1
vn -0 0 1
vn 0 0 1
vn -0.74466 -0.66744 0
vn -0.74466 -0.66744 0
vn 0 0 1
vn 0 0 1
vn -0 0 1
vn -0 0 1
vn -0 0 1
vn 0 0 1
vn 0 0 1
vn 0 0 1
vn 0 0 1
vn -0 0 1
vn -0 0 1
vn -0 -0 1
vn 0 0 1
vn 0 0 1
vn 0 0 1
vn 0.11479 0.99339 0
vn -0.97231 0.2337 0
vn -0.97231 0.2337 0
vn -0.99998 -0.00579 0
vn -0.99998 -0.00579 0
vn -0 -0 1
vn 0 0 1
vn 0 0 1
vn -0 0 1
vn -0 0 1
vn -0 0 1
vn 0 0 1
vn 0 0 1
vn 0 0 1
vn 0 0 1
vn 0 0 1
vn 0 0 1
vn -0.74466 -0.66744 0
vn -0.74466 -0.66744 0
vn -0.88275 -0.46984 0
vn 0 0 1
vn -0 0 1
vn -0.74466 -0.66744 0
vn -0.74466 -0.66744 0
vn 0.88813 -0.45959 0
vn 0.12628 -0.992 0
vn 0 -0 1
vn 0 -0 1
vn 0 0 1
vn 0 0 1
vn 0.75233 -0.65878 0
vn -0 0 1
vn -0 0 1
vn 0 0 1
vn -0.5633 -0.82626 0
vn -0.5633 -0.82626 0
vn 0 0 1
vn 0 0 1
vn -0.88813 0.4596 0
vn -0.88813 0.4596 0
vn 0.12628 -0.992 0
vn 0.12628 -0.992 0
vn 0.36001 -0.93295 0
vn 0.36001 -0.93295 0
vn 0.57282 -0.81968 0
vn 0.57282 -0.81968 0
vn 0 0 1
vn 0 0 1
vn -0.88275 -0.46984 0
vn -0.88275 -0.46984 0
vn -0.74466 -0.66744 0
vn 0.97231 -0.23369 0
vn 0.97231 -0.23369 0
vn -0.88813 0.4596 0
vn -0.74466 -0.66744 0
vn -0.74466 -0.66744 0
vn -0.5633 -0.82626 0
vn -0.11479 -0.99339 0
vn 0 0 1
vn 0 0 1
vn -0 0 1
vn 0 0 1
vn 0.12628 -0.992 0
vn 0.36001 -0.93295 0
vn 0 -0 1
vn -0.5633 -0.82626 0
vn -0.5633 -0.82626 0
vn -0.88275 -0.46984 0
vn 0 0 1
vn 0 0 1
vn 0 0 1
vn -0.12628 0.992 0
vn -0.36001 0.93295 0
vn -0.36001 0.93295 0
vn 0 0 1
vn 0 0 1
vn 0.22816 -0.97362 0
vn 0 -0 1
vn 0 -0 1
vn -0.95726 0.28922 0
vn -0.95726 0.28922 0
vn -0.628 0.77821 0
vn -0.628 0.77821 0
vn -0.505 0.86312 0
vn -0.37072 0.92874 0
vn -0.37072 0.92874 0
vn -0.22816 0.97362 0
vn 0.89844 0.43909 0
vn -0.53786 0.45201 0.71162
vn -0.61505 0.32572 0.71807
vn -0.62301 0.31347 0.71666
vn -0.52221 0.47931 0.70538
vn 0.39243 0.60591 0.69201
vn 0.2358 0.6563 0.71671
vn 0.25214 0.65197 0.71509
vn 0.4268 0.59201 0.68365
vn -0.67196 0.17444 0.71975
vn -0.72821 0.01802 0.68512
vn -0.74128 -0.02933 0.67055
vn -0.68205 0.15008 0.71574
vn 0.08541 0.70527 0.70378
vn -0.0937 0.70319 0.7048
vn -0.08473 0.70488 0.70425
vn 0.07734 0.7066 0.70338
vn 0.70975 -0.00077 0.70445
vn 0.70997 0.16579 0.68443
vn 0.70794 0.19502 0.67881
vn 0.71034 0.00956 0.70379
vn -0.2747 0.68046 0.67935
vn -0.41605 0.6009 0.68251
vn -0.42381 0.59635 0.68172
vn -0.25397 0.69161 0.67614
vn 0.3927 0.61248 0.68605
vn 0.2441 0.66157 0.70905
vn 0.24874 0.66 0.70889
vn 0.43745 0.59782 0.67175
vn 0.72821 -0.01802 0.68512
vn 0.70662 0.1969 0.67965
vn 0.72546 0.16127 0.6691
vn 0.74128 0.02933 0.67055
vn 0.09705 0.71856 0.68866
vn -0.10575 0.71212 0.69405
vn -0.0738 0.72329 0.68659
vn 0.06908 0.72662 0.68356
vn -0.25672 0.64346 0.72115
vn -0.39266 0.56366 0.72671
vn -0.39474 0.56227 0.72666
vn -0.24209 0.65084 0.71959
vn -0.52557 -0.44915 0.72252
vn -0.39075 -0.58713 0.70894
vn -0.40626 -0.57901 0.70689
vn -0.50829 -0.48149 0.71401
vn 0.38637 0.58755 0.71099
vn 0.24388 0.64913 0.72053
vn 0.24009 0.65066 0.72042
vn 0.40963 0.57672 0.70682
vn -0.71145 0.18377 0.67828
vn -0.73333 -0.01558 0.6797
vn -0.73725 0.00922 0.67556
vn -0.72094 0.15961 0.67437
vn -0.24204 0.68264 0.68951
vn -0.43057 0.58937 0.68356
vn -0.40705 0.61445 0.67585
vn -0.28551 0.67746 0.67788
vn 0.07244 0.72729 0.68249
vn -0.08924 0.72109 0.68707
vn -0.09661 0.72067 0.68652
vn 0.09657 0.72768 0.67909
vn -0.68456 -0.15994 0.71119
vn -0.63103 -0.33942 0.69756
vn -0.63454 -0.33348 0.69725
vn -0.68256 -0.18751 0.70636
vn 0.39938 0.5895 0.70213
vn 0.26409 0.6665 0.69716
vn 0.23793 0.68129 0.69227
vn 0.40557 0.58596 0.70155
vn 0.64448 0.3413 0.68423
vn 0.52448 0.49074 0.69577
vn 0.54876 0.47113 0.69058
vn 0.64222 0.34622 0.68388
vn 0.63915 0.34668 0.68651
vn 0.51705 0.47906 0.70934
vn 0.53678 0.46308 0.70528
vn 0.64591 0.33606 0.68547
vn 0.07997 0.68713 0.72212
vn 0.07805 0.6874 0.72208
vn 0.52082 -0.47767 0.70752
vn 0.58642 -0.39551 0.70689
vn 0.58706 -0.39458 0.70687
vn 0.52082 -0.47767 0.70752
vn -0.67457 -0.00392 0.7382
vn -0.67433 -0.15234 0.72254
vn -0.6743 -0.19108 0.7133
vn -0.67457 -0.00392 0.7382
vn -0.24773 0.67197 0.69792
vn -0.27114 0.66682 0.69415
vn -0.63826 -0.34225 0.68956
vn -0.50098 -0.47889 0.72089
vn -0.54256 -0.45347 0.7071
vn -0.63949 -0.33987 0.68959
vn 0.62646 0.3554 0.69371
vn 0.65515 0.32379 0.6826
vn -0.55244 0.46159 0.69408
vn -0.53483 0.49083 0.68778
vn 0.08018 0.69755 0.71204
vn 0.08105 0.69745 0.71203
vn -0.2545 0.65437 0.71206
vn -0.25071 0.65595 0.71195
vn 0.62182 0.33843 0.70626
vn 0.62953 0.32657 0.70501
vn -0.5196 0.46804 0.71481
vn -0.53592 0.45398 0.71183
vn -0.05508 0.70381 0.70825
vn -0.16174 0.68902 0.70647
vn -0.16118 0.68915 0.70646
vn -0.05877 0.70366 0.7081
vn -0.25445 -0.65788 0.70883
vn -0.23768 -0.66652 0.70658
vn 0.06607 0.67407 0.73571
vn 0.09271 0.67611 0.73095
vn -0.53416 0.45535 0.71227
vn -0.52287 0.47226 0.70963
vn 0.3952 0.5741 0.7171
vn 0.38959 0.57834 0.71676
vn -0.27178 0.6634 0.69716
vn -0.24579 0.67848 0.69228
vn -0.51415 -0.47402 0.71481
vn -0.53063 -0.46014 0.71183
vn 0.0809 0.7221 0.68704
vn 0.08827 0.72175 0.6865
vn 0.40272 0.58831 0.70122
vn 0.39813 0.59197 0.70076
vn 0.5818 0.40226 0.70689
vn 0.58245 0.40134 0.70688
vn -0.62463 -0.33758 0.70419
vn -0.63036 -0.32858 0.70333
vn -0.26258 0.65609 0.70753
vn -0.26134 0.6566 0.70751
vn -0.41938 0.57474 0.70271
vn -0.39733 0.59753 0.69648
vn 0.3993 -0.60115 0.69223
vn 0.55267 -0.46265 0.69319
vn 0.53548 -0.49442 0.6847
vn 0.43351 -0.58686 0.68386
vn -0.37368 -0.55655 0.74204
vn -0.38143 -0.55179 0.74165
vn 0.50731 0.46836 0.72338
vn 0.52359 0.45441 0.72067
vn -0.08824 0.69658 0.71203
vn -0.08912 0.69647 0.71203
vn -0.63264 0.32785 0.70163
vn -0.63462 0.32455 0.70138
vn 0.51277 0.46722 0.72026
vn 0.52167 0.45876 0.7193
vn -0.63911 0.34577 0.68701
vn -0.65737 0.32223 0.6812
vn -0.07264 -0.70138 0.70907
vn -0.09113 -0.7015 0.70682
vn 0.6798 -0.00186 0.73339
vn 0.68059 0.15619 0.71582
vn 0.67859 0.18809 0.71003
vn 0.68045 0.00951 0.73274
vn 0.61124 0.33281 0.71807
vn 0.53259 0.4582 0.71162
vn 0.51662 0.48532 0.70538
vn 0.61933 0.32066 0.71666
vn -0.61586 0.32137 0.71933
vn -0.61835 0.31692 0.71917
vn 0.74157 -0.02075 0.67056
vn 0.72728 -0.15288 0.6691
vn 0.70885 -0.18871 0.67965
vn 0.72795 0.02644 0.68512
vn -0.235 -0.65255 0.72039
vn -0.0798 -0.68037 0.72851
vn -0.07793 -0.68059 0.72851
vn -0.25148 -0.64849 0.71848
vn 0.66989 0.18221 0.71975
vn 0.68026 0.15796 0.71575
vn -0.40617 0.58483 0.70214
vn -0.41232 0.58122 0.70155
vn -0.08085 0.72641 0.68249
vn -0.10498 0.72651 0.67909
vn 0.21988 0.65292 0.72481
vn 0.26723 0.64938 0.71197
vn 0.25001 0.66005 0.70839
vn 0.24238 0.66339 0.70793
vn 0.62881 0.33515 0.70163
vn 0.54706 0.46795 0.69408
vn 0.52912 0.49698 0.68778
vn 0.63082 0.33186 0.70138
vn 0.62603 -0.32456 0.70905
vn 0.62657 -0.32354 0.70904
vn 0.69939 -0.10128 0.70752
vn 0.70668 0.00409 0.70752
vn 0.70668 0.00409 0.70752
vn 0.69939 -0.10128 0.70752
vn -0.40086 0.56575 0.72058
vn -0.51679 0.4554 0.72495
vn -0.51915 0.45278 0.7249
vn -0.39289 0.57222 0.71986
vn 0.51525 0.48366 0.70753
vn 0.51525 0.48366 0.70753
vn -0.35643 0.60979 0.70789
vn -0.35699 0.60947 0.70789
vn -0.67549 -0.18908 0.71272
vn -0.61486 -0.31912 0.72118
vn -0.60892 -0.33402 0.71948
vn -0.69441 -0.15418 0.70287
vn -0.52342 0.45086 0.72302
vn -0.5163 0.46032 0.72218
vn -0.24943 -0.63338 0.73254
vn -0.22532 -0.64832 0.72727
vn 0.38175 0.56219 0.73363
vn 0.38382 0.56082 0.7336
vn -0.25174 0.65871 0.70904
vn -0.25636 0.65709 0.70889
vn -0.67432 0.14011 0.72502
vn -0.67599 0.18602 0.71305
vn 0.39594 0.56996 0.71998
vn 0.38579 0.57822 0.71891
vn -0.70954 0.15489 0.68743
vn -0.70786 0.18747 0.68102
vn 0.66264 0.32382 0.67532
vn 0.65231 0.37957 0.65606
vn 0.39529 0.59311 0.7014
vn 0.40984 0.58531 0.6996
vn -0.68077 0.16703 0.7132
vn -0.68267 0.16037 0.71292
vn 0.07753 -0.69043 0.71923
vn 0.09891 -0.69043 0.7166
vn 0.59838 0.32241 0.73348
vn 0.6018 0.31652 0.73325
vn 0.23993 0.67478 0.69792
vn 0.08556 0.70422 0.70481
vn 0.07657 0.7058 0.70426
vn 0.26341 0.66991 0.69415
vn -0.53258 0.43829 0.72405
vn -0.51286 0.47947 0.7121
vn -0.27156 0.68157 0.6795
vn -0.25595 0.68959 0.67747
vn -0.63053 0.34813 0.69371
vn -0.71184 0.15757 0.68444
vn -0.71015 0.18681 0.67882
vn -0.65885 0.31619 0.6826
vn 0.67421 0.15227 0.72267
vn 0.62513 0.33731 0.70387
vn 0.63029 0.32911 0.70315
vn 0.67415 0.19101 0.71346
vn 0.40907 0.60567 0.68251
vn 0.41689 0.60121 0.68172
vn 0.43741 0.55505 0.70753
vn 0.43741 0.55505 0.70753
vn 0.6001 0.33309 0.72728
vn 0.50602 0.45038 0.73559
vn 0.50276 0.4543 0.73543
vn 0.61559 0.31283 0.72331
vn 0.68525 -0.16357 0.70971
vn 0.68473 -0.16588 0.70967
vn 0.70321 0.00407 0.71097
vn 0.70321 0.00407 0.71097
vn -0.61573 0.32894 0.71601
vn -0.62575 0.31377 0.71413
vn 0.06953 0.69128 0.71923
vn -0.08766 0.6794 0.72851
vn -0.08579 0.67965 0.72851
vn 0.09092 0.69153 0.7166
vn -0.67561 -0.15043 0.72175
vn -0.62655 -0.33729 0.70261
vn -0.63167 -0.3294 0.70178
vn -0.67598 -0.19294 0.71121
vn 0.38823 -0.55773 0.73363
vn 0.51269 -0.46246 0.72338
vn 0.52881 -0.44833 0.72067
vn 0.39027 -0.55635 0.7336
vn 0.68331 0.17148 0.70971
vn 0.68276 0.17379 0.70967
vn -0.26504 0.64526 0.71651
vn -0.38681 0.58457 0.7132
vn -0.42513 0.57077 0.70248
vn -0.23743 0.66324 0.70975
vn -0.58642 0.39551 0.70689
vn -0.63893 0.30192 0.70754
vn -0.63798 0.30405 0.70748
vn -0.58706 0.39458 0.70687
vn -0.61021 0.31934 0.72503
vn -0.61363 0.3134 0.72473
vn -0.50252 -0.4659 0.7283
vn -0.5232 -0.44988 0.72379
vn -0.06804 -0.68088 0.72922
vn -0.09175 -0.68208 0.7255
vn 0.55353 -0.52497 0.64653
vn 0.70595 -0.35154 0.61486
vn 0.69692 -0.37693 0.61011
vn 0.60969 -0.49188 0.62155
vn 0.24689 0.6405 0.72719
vn 0.23221 0.64781 0.72555
vn 0.68266 0.00919 0.73068
vn 0.66002 0.16286 0.73339
vn 0.6585 0.17013 0.7331
vn 0.68363 -0.00223 0.72983
vn -0.66745 -0.00882 0.7446
vn -0.66791 0.0004 0.74424
vn -0.39976 0.6079 0.68604
vn -0.44434 0.59272 0.67175
vn 0.25471 0.66213 0.70478
vn 0.24033 0.66916 0.70318
vn -0.71361 -0.00539 0.70052
vn -0.71361 -0.00414 0.70053
vn 0.51851 0.50326 0.69129
vn 0.58148 0.47406 0.66117
vn 0.67974 0.00972 0.73339
vn 0.65973 0.16333 0.73354
vn 0.65832 0.17068 0.73313
vn 0.68051 -0.00163 0.73273
vn -0.22741 0.65034 0.7248
vn -0.40949 0.5836 0.70123
vn -0.40494 0.58732 0.70077
vn -0.27472 0.64624 0.71197
vn 0.235 0.65255 0.72038
vn 0.25148 0.64849 0.71848
vn 0.51228 0.45187 0.73033
vn 0.50511 0.46131 0.72942
vn -0.59612 0.30366 0.74326
vn -0.59273 0.31085 0.743
vn -0.09356 0.70423 0.70378
vn -0.08551 0.70565 0.70338
vn -0.41537 0.56921 0.70956
vn -0.39345 0.59216 0.70324
vn -0.4438 0.54996 0.70752
vn -0.4438 0.54995 0.70752
vn 0.69456 0.00037 0.71944
vn 0.65623 0.17853 0.73314
vn 0.66829 0.15323 0.72795
vn 0.69495 0.00839 0.71901
vn 0.39217 0.56348 0.72711
vn 0.38193 0.57173 0.72612
vn -0.69877 0.18516 0.69097
vn -0.71397 0.15295 0.68326
vn 0.63053 -0.34812 0.69372
vn 0.65884 -0.31618 0.68261
vn 0.34935 0.61388 0.70789
vn 0.34991 0.61356 0.70789
vn 0.62223 0.33177 0.70906
vn 0.62277 0.33076 0.70905
vn -0.5454 0.46268 0.6989
vn -0.5323 0.48284 0.69536
vn 0.15376 0.69085 0.70646
vn 0.04693 0.70441 0.70824
vn 0.05062 0.70429 0.7081
vn 0.1532 0.69097 0.70646
vn -0.68257 0.17654 0.70917
vn -0.69295 0.15214 0.70475
vn 0.0799 -0.67236 0.7359
vn 0.09111 -0.67165 0.73524
vn 0.09858 0.70518 0.70214
vn 0.06338 0.71763 0.69353
vn -0.56252 0.46347 0.68467
vn -0.54156 0.50695 0.67061
vn 0.09284 0.72275 0.68485
vn 0.073 0.7276 0.6821
vn -0.08115 -0.6871 0.72202
vn 0.07396 -0.69338 0.71676
vn 0.09958 -0.69344 0.7136
vn -0.0821 -0.68703 0.72198
vn -0.66467 -0.18593 0.72364
vn -0.68228 -0.1523 0.71505
vn 0.25465 -0.67256 0.69485
vn 0.41537 -0.56921 0.70956
vn 0.39345 -0.59216 0.70324
vn 0.26418 -0.66956 0.69419
vn 0.39492 0.57641 0.7154
vn 0.39223 0.57832 0.71534
vn 0.62125 0.31692 0.71667
vn 0.61296 0.34238 0.71208
vn -0.53012 0.48463 0.69578
vn -0.55416 0.46475 0.69059
vn 0.0798 0.68037 0.72851
vn 0.07793 0.68059 0.72851
vn 0.40876 0.57397 0.70956
vn 0.38657 0.59667 0.70324
vn -0.65825 0.17092 0.73314
vn -0.67001 0.14549 0.72795
vn -0.51747 0.44592 0.73033
vn -0.51042 0.45544 0.72942
vn 0.61917 0.31516 0.71924
vn 0.61052 0.34034 0.71515
vn -0.62569 0.33122 0.70626
vn -0.70885 0.18871 0.67965
vn -0.72728 0.15287 0.6691
vn -0.63327 0.31927 0.70501
vn -0.07386 0.67326 0.73571
vn -0.25137 0.64627 0.72052
vn -0.24761 0.64784 0.72041
vn -0.10053 0.67499 0.73095
vn 0.59257 0.31053 0.74326
vn 0.5891 0.31769 0.74299
vn 0.71184 -0.15756 0.68444
vn 0.71014 -0.18681 0.67882
vn 0.54736 0.46899 0.69314
vn 0.52975 0.50073 0.68456
vn -0.73655 0.0107 0.6763
vn -0.74294 -0.02212 0.66899
vn 0.23181 -0.66214 0.71262
vn 0.28047 -0.65832 0.69854
vn 0.55711 0.46995 0.68467
vn 0.53566 0.51318 0.67061
vn -0.08916 0.7356 0.67152
vn -0.09885 0.73493 0.6709
vn -0.62278 0.30798 0.71923
vn -0.61442 0.33325 0.71515
vn -0.10752 0.7095 0.69645
vn -0.07243 0.72216 0.68793
vn -0.59523 -0.31743 0.7382
vn -0.59553 -0.31686 0.7382
vn 0.24935 -0.66536 0.70365
vn 0.25785 -0.66222 0.70355
vn 0.24835 0.65796 0.71092
vn 0.2427 0.6603 0.71071
vn 0.53514 0.47711 0.69713
vn 0.53246 0.48026 0.69702
vn -0.07753 0.69043 0.71923
vn -0.09891 0.69043 0.71661
vn -0.64837 0.33381 0.68424
vn -0.64617 0.33876 0.68389
vn 0.43057 -0.58937 0.68356
vn 0.53416 -0.45535 0.71227
vn 0.52287 -0.47227 0.70963
vn 0.40705 -0.61445 0.67584
vn 0.73637 0.01923 0.6763
vn 0.68048 0.18442 0.70918
vn 0.69114 0.16014 0.70475
vn 0.74315 -0.01354 0.66899
vn 0.26365 0.68467 0.67949
vn 0.24795 0.69251 0.67746
vn -0.69451 -0.00766 0.71944
vn -0.695 0.00035 0.71901
vn -0.60207 0.31547 0.73348
vn -0.60543 0.30954 0.73324
vn 0.73347 -0.0071 0.67969
vn 0.70929 0.19199 0.67827
vn 0.71906 0.16794 0.67435
vn 0.73711 0.01775 0.67554
vn -0.39314 0.58304 0.71099
vn -0.41627 0.57194 0.70683
vn -0.25763 0.65712 0.70839
vn -0.40182 0.56949 0.71709
vn -0.39625 0.5738 0.71675
vn -0.25004 0.66054 0.70793
vn 0.52748 0.44443 0.72405
vn 0.50728 0.48538 0.71209
vn 0.25428 0.65442 0.71209
vn 0.237 0.66316 0.70996
vn -0.43741 -0.55505 0.70753
vn -0.3498 -0.61405 0.70752
vn -0.3498 -0.61405 0.70752
vn -0.43741 -0.55505 0.70753
vn -0.66186 0.15521 0.73338
vn -0.66042 0.1625 0.7331
vn -0.70668 -0.00409 0.70752
vn -0.69818 -0.10937 0.70752
vn -0.69818 -0.10937 0.70752
vn -0.70668 -0.00409 0.70752
vn 0.39938 -0.60354 0.6901
vn 0.43063 -0.58884 0.68398
vn 0.35643 -0.60979 0.70789
vn 0.4438 -0.54996 0.70752
vn 0.4438 -0.54995 0.70752
vn 0.35699 -0.60947 0.70789
vn 0.25497 0.65908 0.70753
vn 0.25372 0.65958 0.70751
vn -0.52082 0.47767 0.70752
vn -0.52081 0.47767 0.70752
vn 0.26258 -0.65609 0.70753
vn 0.26134 -0.6566 0.70752
vn 0.60647 0.32638 0.72503
vn 0.60996 0.32048 0.72473
vn 0.16208 -0.68927 0.70615
vn 0.16096 -0.68954 0.70613
vn 0.05513 -0.7045 0.70756
vn 0.05881 -0.70434 0.70742
vn 0.24925 0.64638 0.72116
vn 0.09931 0.7107 0.69645
vn 0.06408 0.72294 0.68793
vn 0.23454 0.65359 0.71959
vn -0.54184 0.4787 0.69083
vn -0.54667 0.47366 0.69051
vn -0.04784 -0.70406 0.70853
vn -0.04958 -0.70397 0.70849
vn 0.63893 -0.30192 0.70754
vn 0.67573 -0.20471 0.70816
vn 0.67606 -0.20365 0.70815
vn 0.63798 -0.30405 0.70748
vn -0.67331 -0.21251 0.70816
vn -0.63539 -0.30929 0.70754
vn -0.63442 -0.31141 0.70749
vn -0.67366 -0.21146 0.70814
vn -0.69939 0.10128 0.70752
vn -0.69939 0.10128 0.70752
vn -0.15326 -0.68987 0.70753
vn -0.15327 -0.68987 0.70753
vn -0.25437 -0.65932 0.70752
vn -0.25437 -0.65932 0.70752
vn 0.69818 0.10936 0.70752
vn 0.69818 0.10937 0.70752
vn 0.39751 -0.58256 0.70895
vn 0.53073 -0.44303 0.72254
vn 0.51382 -0.47557 0.71402
vn 0.41293 -0.57426 0.7069
vn -0.23993 -0.67479 0.69792
vn -0.08556 -0.70422 0.70481
vn -0.07657 -0.7058 0.70426
vn -0.26341 -0.66991 0.69415
vn 0.38781 -0.58422 0.71294
vn 0.54423 -0.46234 0.70004
vn 0.53162 -0.4815 0.69681
vn 0.42355 -0.57072 0.70348
vn -0.26053 -0.67351 0.69174
vn -0.08578 -0.72918 0.67893
vn -0.08251 -0.72962 0.67886
vn -0.24373 -0.68189 0.68966
vn -0.6833 -0.17148 0.70971
vn -0.62223 -0.33177 0.70905
vn -0.62278 -0.33076 0.70904
vn -0.68276 -0.17379 0.70967
vn -0.52256 0.47304 0.70934
vn -0.6411 0.33375 0.69109
vn -0.64296 0.33035 0.69099
vn -0.5421 0.45684 0.70528
vn -0.23413 -0.68539 0.68951
vn -0.06954 -0.69129 0.71923
vn -0.09092 -0.69153 0.7166
vn -0.27766 -0.68072 0.67788
vn -0.24531 -0.66221 0.70803
vn -0.08087 -0.69985 0.7097
vn -0.08087 -0.69985 0.7097
vn -0.24815 -0.66121 0.70797
vn -0.66989 -0.18221 0.71975
vn -0.59838 -0.32241 0.73348
vn -0.6018 -0.31652 0.73324
vn -0.68026 -0.15796 0.71574
vn -0.66002 -0.16286 0.73338
vn -0.61917 -0.31516 0.71924
vn -0.61052 -0.34034 0.71515
vn -0.6585 -0.17013 0.7331
vn -0.24689 -0.64051 0.72719
vn -0.09857 -0.70519 0.70214
vn -0.06338 -0.71764 0.69353
vn -0.23222 -0.64781 0.72554
vn 0.63506 0.35314 0.68702
vn 0.51415 0.47402 0.71481
vn 0.53063 0.46014 0.71183
vn 0.65359 0.32981 0.68121
vn 0.40251 -0.56535 0.71998
vn 0.51814 -0.46126 0.72026
vn 0.52694 -0.4527 0.7193
vn 0.39245 -0.57372 0.7189
vn -0.70662 -0.1969 0.67965
vn -0.62182 -0.33843 0.70626
vn -0.62954 -0.32657 0.70501
vn -0.72546 -0.16128 0.6691
vn 0.39267 -0.56366 0.72671
vn 0.5196 -0.46804 0.71481
vn 0.53592 -0.45397 0.71183
vn 0.39475 -0.56227 0.72666
vn -0.22414 -0.66477 0.71263
vn -0.07211 -0.67324 0.7359
vn -0.08333 -0.67266 0.73524
vn -0.27283 -0.6615 0.69855
vn 0.40249 -0.56319 0.72167
vn 0.51684 -0.45751 0.72358
vn 0.52281 -0.45149 0.72307
vn 0.3909 -0.57297 0.72035
vn 0.59885 -0.31053 0.73821
vn 0.59915 -0.30995 0.73821
vn 0.09356 -0.70423 0.70378
vn 0.08551 -0.70565 0.70338
vn 0.62849 -0.33034 0.70419
vn 0.63412 -0.32127 0.70333
vn -0.62899 0.33005 0.70387
vn -0.67592 0.14447 0.72267
vn -0.67632 0.1832 0.71347
vn -0.63405 0.32179 0.70315
vn -0.54728 -0.46901 0.6932
vn -0.52972 -0.50058 0.6847
vn 0.08766 -0.6794 0.72851
vn 0.08579 -0.67964 0.72851
vn -0.68799 0.15033 0.70998
vn -0.68689 0.1825 0.70347
vn 0.5206 -0.48045 0.70579
vn 0.65036 -0.33154 0.68346
vn 0.64641 -0.34044 0.68283
vn 0.55451 -0.4572 0.69533
vn 0.54001 0.46896 0.6989
vn 0.38003 0.58901 0.71319
vn 0.4185 0.57566 0.70248
vn 0.52668 0.48897 0.69536
vn 0.08896 -0.69887 0.70969
vn 0.08896 -0.69887 0.70969
vn -0.51228 -0.45188 0.73033
vn -0.50512 -0.46131 0.72942
vn -0.55712 -0.46995 0.68467
vn -0.53566 -0.51318 0.67061
vn 0.38611 0.56816 0.72671
vn 0.38821 0.56679 0.72666
vn 0.09421 -0.72814 0.67893
vn 0.09095 -0.72862 0.67886
vn 0.51747 -0.44592 0.73033
vn 0.60208 -0.31547 0.73347
vn 0.60543 -0.30954 0.73324
vn 0.51042 -0.45544 0.72942
vn 0.62569 -0.33122 0.70626
vn 0.63327 -0.31927 0.70501
vn 0.51816 0.45688 0.72303
vn 0.4127 0.57955 0.70272
vn 0.39039 0.60209 0.69648
vn 0.51093 0.46626 0.72219
vn -0.51277 -0.46722 0.72026
vn -0.52167 -0.45876 0.7193
vn 0.63492 -0.3321 0.69756
vn 0.63835 -0.32612 0.69724
vn 0.07591 -0.68006 0.72922
vn 0.09963 -0.68098 0.72549
vn 0.61854 -0.32119 0.71711
vn 0.61955 -0.3193 0.71708
vn 0.24253 -0.64979 0.72038
vn 0.25897 -0.64554 0.71848
vn 0.66678 -0.17824 0.72363
vn 0.68401 -0.1444 0.71504
vn 0.25595 -0.65505 0.71092
vn 0.25033 -0.65745 0.7107
vn 0.67604 -0.14452 0.72255
vn 0.67646 -0.18327 0.71331
vn -0.39232 -0.60573 0.69223
vn -0.42669 -0.59184 0.68386
vn 0.675 -0.15883 0.72052
vn 0.67364 -0.16621 0.72013
vn 0.68799 -0.15033 0.70998
vn 0.68688 -0.1825 0.70348
vn 0.24772 -0.67196 0.69793
vn 0.27114 -0.66681 0.69415
vn 0.25756 0.64829 0.71651
vn 0.22974 0.66594 0.70975
vn -0.53884 -0.46861 0.70004
vn -0.38102 -0.58867 0.71295
vn -0.41692 -0.57558 0.70349
vn -0.52601 -0.48761 0.69681
vn -0.39299 -0.61266 0.68571
vn -0.43737 -0.59801 0.67163
vn -0.40876 -0.57398 0.70955
vn -0.38658 -0.59668 0.70323
vn 0.2683 -0.67045 0.69174
vn 0.2516 -0.67902 0.68966
vn 0.67196 -0.17444 0.71975
vn 0.68204 -0.15008 0.71574
vn -0.39594 -0.56996 0.71998
vn -0.38579 -0.57822 0.71891
vn 0.68637 -0.15201 0.71119
vn 0.68469 -0.17961 0.70636
vn 0.25674 -0.63045 0.73254
vn 0.23281 -0.64567 0.72727
vn 0.42373 0.5943 0.68357
vn 0.23413 0.68539 0.68951
vn 0.27766 0.68072 0.67788
vn 0.39991 0.61911 0.67585
vn 0.71364 0.00287 0.7005
vn 0.71362 0.00412 0.70052
vn 0.40157 -0.5718 0.71539
vn 0.39889 -0.57375 0.71533
vn 0.67457 0.00389 0.7382
vn 0.67457 0.00389 0.7382
vn 0.26681 0.68359 0.67935
vn 0.08065 0.73658 0.67152
vn 0.09034 0.73602 0.6709
vn 0.24595 0.69451 0.67614
vn -0.23573 -0.65607 0.71694
vn -0.25207 -0.65175 0.71533
vn -0.7097 -0.00898 0.70445
vn -0.67879 -0.1749 0.7132
vn -0.68077 -0.16826 0.71291
vn -0.7104 0.00134 0.70379
vn 0.40222 -0.58797 0.70179
vn 0.4159 -0.58033 0.70017
vn 0.41938 -0.57474 0.70271
vn 0.39733 -0.59753 0.69648
vn -0.38516 -0.57014 0.72567
vn -0.25559 -0.65001 0.71565
vn -0.23171 -0.66429 0.71066
vn -0.39021 -0.56695 0.72547
vn -0.24425 -0.66199 0.7086
vn -0.24889 -0.66043 0.70844
vn -0.24686 -0.67548 0.69483
vn -0.25642 -0.67259 0.69417
vn 0.40903 -0.59482 0.69201
vn 0.42057 -0.58834 0.69063
vn -0.38611 -0.56815 0.72672
vn -0.24925 -0.64638 0.72116
vn -0.23454 -0.65359 0.71959
vn -0.38821 -0.56679 0.72667
vn -0.25471 -0.66212 0.70478
vn -0.24033 -0.66915 0.70319
vn -0.70975 0.00077 0.70445
vn -0.70998 -0.16579 0.68443
vn -0.70794 -0.19501 0.67881
vn -0.71034 -0.00956 0.70379
vn 0.38009 -0.55219 0.74204
vn 0.38779 -0.54734 0.74165
vn -0.07319 -0.70014 0.71024
vn -0.08981 -0.69999 0.70848
vn -0.68048 -0.18443 0.70918
vn -0.60647 -0.32638 0.72503
vn -0.60996 -0.32048 0.72473
vn -0.69114 -0.16015 0.70475
vn 0.52429 -0.49723 0.69129
vn 0.58693 -0.46731 0.66117
vn -0.10673 0.704 0.70214
vn -0.07168 0.71685 0.69353
vn -0.07995 -0.68685 0.72239
vn -0.07803 -0.68712 0.72235
vn 0.0731 0.69712 0.71322
vn -0.08116 0.69622 0.71322
vn -0.09732 0.69587 0.71154
vn 0.08926 0.69696 0.71154
vn -0.6121 -0.32848 0.71933
vn -0.61465 -0.32406 0.71916
vn 0.53757 -0.45262 0.71144
vn 0.52243 -0.47849 0.70578
vn 0.52342 -0.45086 0.72302
vn 0.5163 -0.46032 0.72218
vn -0.07239 -0.70124 0.70925
vn -0.09124 -0.70137 0.70694
vn -0.68292 -0.17239 0.70986
vn -0.62733 -0.32983 0.70546
vn -0.62399 -0.33697 0.70504
vn -0.68285 -0.17265 0.70986
vn -0.08022 -0.69805 0.71154
vn -0.0811 -0.69795 0.71154
vn 0.54736 -0.46121 0.69834
vn 0.53227 -0.48496 0.6939
vn -0.65927 -0.15499 0.73576
vn -0.60965 -0.3271 0.72203
vn -0.61219 -0.32269 0.72186
vn -0.65764 -0.18043 0.7314
vn -0.09284 -0.72275 0.68485
vn -0.073 -0.7276 0.6821
vn 0.41756 -0.61134 0.67224
vn 0.557 -0.46975 0.6849
vn 0.54159 -0.49571 0.67893
vn 0.43128 -0.60325 0.67088
vn 0.50649 -0.47306 0.72089
vn 0.54776 -0.44717 0.70711
vn -0.62646 -0.3554 0.69371
vn -0.65515 -0.32379 0.6826
vn -0.65973 -0.16333 0.73354
vn -0.62125 -0.31692 0.71667
vn -0.61295 -0.34238 0.71208
vn -0.65832 -0.17068 0.73313
vn 0.08075 -0.70048 0.70909
vn 0.09924 -0.70038 0.70683
vn -0.51816 -0.45688 0.72303
vn -0.51093 -0.46626 0.72219
vn 0.66634 -0.31613 0.67532
vn 0.65666 -0.372 0.65606
vn 0.07946 -0.69999 0.70972
vn 0.10101 -0.70038 0.70658
vn -0.52886 -0.4615 0.71227
vn -0.51737 -0.47828 0.70963
vn 0.6134 -0.32002 0.72203
vn 0.61589 -0.31559 0.72186
vn -0.08792 0.68616 0.72212
vn -0.24338 0.65352 0.71671
vn -0.25967 0.64901 0.7151
vn -0.086 0.68645 0.72208
vn 0.6102 -0.31934 0.72503
vn 0.61363 -0.3134 0.72473
vn -0.68363 0.00223 0.72983
vn -0.68266 -0.00919 0.73068
vn -0.51716 -0.47492 0.71203
vn -0.53103 -0.46272 0.70986
vn -0.07136 -0.70086 0.70972
vn 0.08789 -0.68588 0.72239
vn 0.08597 -0.68617 0.72235
vn -0.0929 -0.70151 0.70658
vn 0.07449 -0.71494 0.6952
vn 0.11131 -0.71875 0.6863
vn -0.10119 0.72162 0.68485
vn -0.26236 0.65914 0.70477
vn -0.24806 0.66634 0.70318
vn -0.08141 0.72671 0.68211
vn 0.63041 -0.33002 0.70262
vn 0.63544 -0.32207 0.70178
vn -0.68051 0.00163 0.73273
vn -0.68072 0.18022 0.71003
vn -0.68235 0.1483 0.71582
vn -0.67974 -0.00972 0.73339
vn -0.5323 -0.4588 0.71145
vn -0.51685 -0.48449 0.70578
vn 0.10752 -0.70951 0.69645
vn 0.07243 -0.72216 0.68793
vn 0.62487 -0.30971 0.71667
vn 0.61688 -0.33527 0.71208
vn 0.64217 -0.33484 0.68956
vn 0.64338 -0.33245 0.6896
vn -0.67308 -0.00662 0.73954
vn -0.66803 0.17675 0.72284
vn -0.66904 0.1474 0.72846
vn -0.67296 -0.00067 0.73968
vn -0.50731 -0.46836 0.72338
vn -0.52359 -0.45442 0.72067
vn -0.55152 -0.47616 0.68491
vn -0.53582 -0.50194 0.67894
vn 0.26204 -0.65488 0.70885
vn 0.24536 -0.66371 0.7066
vn -0.4127 -0.57954 0.70272
vn -0.39039 -0.60209 0.69648
vn 0.68235 -0.1483 0.71582
vn 0.68072 -0.18022 0.71003
vn 0.6675 -0.0011 0.74461
vn 0.67265 0.1479 0.72503
vn 0.67379 0.19383 0.71305
vn 0.66786 0.00812 0.74424
vn 0.61586 -0.32137 0.71933
vn 0.68077 -0.16704 0.7132
vn 0.68267 -0.16037 0.71291
vn 0.61835 -0.31692 0.71917
vn -0.54199 -0.46751 0.69835
vn -0.40212 -0.59951 0.69202
vn -0.41374 -0.59316 0.69064
vn -0.52662 -0.49108 0.69391
vn 0.26473 -0.64607 0.7159
vn 0.23809 -0.66309 0.70966
vn -0.42372 -0.59431 0.68356
vn -0.39991 -0.61911 0.67585
vn 0.66102 -0.14735 0.73576
vn 0.65969 -0.17281 0.7314
vn 0.67291 0.00712 0.73969
vn 0.66729 0.15513 0.72847
vn 0.66594 0.18446 0.72284
vn 0.67311 0.00117 0.73954
vn 0.68258 -0.17654 0.70917
vn 0.69296 -0.15214 0.70474
vn -0.39941 0.60132 0.69201
vn -0.43361 0.58703 0.68365
vn -0.39925 -0.57486 0.71424
vn -0.38898 -0.58326 0.7131
vn 0.69441 -0.00152 0.71957
vn 0.69626 0.16064 0.69958
vn 0.69448 0.19274 0.69321
vn 0.69513 0.00991 0.71882
vn 0.27546 -0.66238 0.69669
vn 0.242 -0.68566 0.68652
vn 0.6773 -0.1426 0.72176
vn 0.67816 -0.18511 0.71122
vn -0.40251 0.56535 0.71998
vn -0.39245 0.57372 0.71891
vn 0.10119 -0.72162 0.68485
vn 0.26236 -0.65914 0.70477
vn 0.24806 -0.66634 0.70318
vn 0.08141 -0.7267 0.68211
vn -0.39538 -0.59258 0.7018
vn -0.40916 -0.5851 0.70018
vn -0.25595 0.65505 0.71091
vn -0.40157 0.57181 0.71539
vn -0.39889 0.57375 0.71533
vn -0.25033 0.65745 0.7107
vn 0.25672 -0.64346 0.72115
vn 0.24209 -0.65084 0.71958
vn 0.66157 -0.15569 0.73354
vn 0.66024 -0.16305 0.73314
vn 0.7128 -0.18851 0.67556
vn 0.72752 -0.15613 0.66809
vn -0.41046 -0.61613 0.67225
vn -0.42427 -0.6082 0.67089
vn -0.24253 0.64979 0.72038
vn -0.40212 0.5885 0.7014
vn -0.41659 0.58053 0.6996
vn -0.25896 0.64554 0.71848
vn -0.38175 -0.56219 0.73363
vn -0.38382 -0.56082 0.73359
vn 0.2433 -0.6533 0.71694
vn 0.25959 -0.64878 0.71533
vn -0.72795 -0.02644 0.68512
vn -0.74157 0.02075 0.67055
vn -0.38823 0.55774 0.73362
vn -0.51269 0.46246 0.72338
vn -0.52881 0.44833 0.72066
vn -0.39028 0.55635 0.73359
vn -0.7032 -0.00407 0.71098
vn -0.7032 -0.00407 0.71098
vn -0.52429 0.49724 0.69129
vn -0.58693 0.46731 0.66116
vn 0.70771 0.16309 0.68742
vn 0.70564 0.19565 0.68102
vn -0.51814 0.46125 0.72026
vn -0.52694 0.4527 0.71931
vn -0.69714 0.00118 0.71694
vn -0.69796 -0.01029 0.71606
vn 0.6121 0.32848 0.71933
vn 0.52886 0.4615 0.71227
vn 0.51737 0.47828 0.70963
vn 0.61465 0.32406 0.71916
vn -0.63672 0.31559 0.70355
vn -0.62844 0.34104 0.69911
vn -0.71057 -0.19675 0.67556
vn -0.72566 -0.16454 0.66809
vn -0.68272 0.00129 0.73068
vn -0.68356 -0.01014 0.72983
vn 0.08049 -0.70035 0.70925
vn 0.2631 -0.64701 0.71565
vn 0.23938 -0.66156 0.71066
vn 0.09935 -0.70026 0.70694
vn -0.66634 0.31613 0.67532
vn -0.65666 0.372 0.65606
vn -0.25428 0.63761 0.72719
vn -0.23969 0.64508 0.72554
vn 0.07141 0.70119 0.70939
vn 0.09295 0.70184 0.70624
vn -0.67572 0.20471 0.70816
vn -0.67606 0.20365 0.70815
vn -0.73716 0.00407 0.67571
vn -0.73566 -0.01122 0.67726
vn 0.10673 -0.704 0.70213
vn 0.07168 -0.71686 0.69352
vn -0.67615 0.15879 0.71945
vn -0.67473 0.16613 0.71913
vn -0.68621 -0.15828 0.70997
vn -0.68474 -0.19044 0.70347
vn 0.39173 -0.56566 0.72566
vn 0.39675 -0.56241 0.72545
vn 0.25428 -0.63761 0.72719
vn 0.23969 -0.64508 0.72554
vn 0.68352 -0.02468 0.72951
vn 0.6917 0.19297 0.69593
vn 0.70905 0.15898 0.687
vn 0.71557 0.04051 0.69737
vn 0.71506 -0.22125 0.66313
vn 0.67702 -0.12195 0.72579
vn -0.07952 0.70032 0.70939
vn -0.10107 0.70072 0.70624
vn -0.37883 -0.55391 0.7414
vn -0.37864 -0.55403 0.74141
vn -0.5818 -0.40226 0.70689
vn -0.58245 -0.40134 0.70688
vn -0.07928 0.66243 0.74491
vn -0.08859 0.66168 0.74454
vn -0.64649 -0.33906 0.68344
vn -0.64244 -0.3479 0.68282
vn -0.2504 -0.63305 0.73249
vn -0.22734 -0.64604 0.72866
vn 0.08128 -0.69925 0.71024
vn 0.0979 -0.6989 0.70849
vn -0.51501 -0.48644 0.70579
vn -0.54919 -0.46359 0.69533
vn 0.07161 0.6633 0.74492
vn 0.08093 0.66265 0.74454
vn -0.55275 0.46263 0.69314
vn -0.53551 0.49457 0.68456
vn -0.51525 -0.48366 0.70753
vn -0.51525 -0.48366 0.70753
vn 0.24204 -0.68264 0.68951
vn 0.28552 -0.67747 0.67788
vn -0.09931 -0.7107 0.69645
vn -0.06408 -0.72294 0.68793
vn -0.62603 0.32455 0.70905
vn -0.62656 0.32354 0.70904
vn -0.25724 -0.64909 0.7159
vn -0.2304 -0.6658 0.70966
vn -0.68524 0.16357 0.70971
vn -0.68473 0.16588 0.70967
vn 0.70969 0.00898 0.70445
vn 0.67879 0.1749 0.7132
vn 0.68077 0.16825 0.71291
vn 0.7104 -0.00134 0.7038
vn -0.57981 -0.81474 0.00362
vn -0.39959 -0.91668 0.00502
vn -0.36531 -0.93087 0.00525
vn 0 0 1
vn 0 0 1
vn 0 0 1
vn 0 -0 1
vn 0 0 1
vn -0 0 1
vn -0 -0 1
vn 0 -0 1
vn 0 -0 1
vn -0 0 1
vn -0 -0 1
vn 0 -0 1
vn -0 0 1
vn 0 0 1
vn 0 0 1
vn -0 -0 1
vn -0 -0 1
vn -0 0 1
vn -0 -0 1
vn -0 -0 1
vn 0 -0 1
vn -0 0 1
vn -0 0 1
vn 0 -0 1
vn -0 -0 1
vn 0 0 1
vn 0 0 1
vn -0 -0 1
vn 0 0 1
vn -0 0 1
vn 0 -0 1
vn -0 -0 1
vn 0 0 1
vn 0 -0 1
vn 0 -0 1
vn -0 0 1
vn 0 0 1
vn -0 0 1
vn -0 0 1
vn 0 -0 1
vn 0 -0 1
vn 0 0 1
vn -0 0 1
vn -0 -0 1
vn -0 -0 1
vn -0 -0 1
vn -0 0 1
vn 0 -0 1
vn 0 -0 1
vn 0 0 1
vn 0 0 1
vn -0 0 1
vn -1E-05 0 1
vn -0 -0 1
usemtl mat0
f 1//1 2//2 3//2
f 1//1 3//2 4//3
f 5//4 6//5 7//6
f 5//4 7//6 8//4
f 9//7 10//8 11//9
f 9//7 11//9 12//10
f 13//11 14//12 15//13
f 13//11 15//13 16//14
f 17//15 18//16 19//17
f 17//15 19//17 20//18
f 21//19 22//20 23//20
f 21//19 23//20 24//21
f 25//22 26//23 27//24
f 25//22 27//24 28//25
f 29//26 30//27 31//28
f 29//26 31//28 32//29
f 23//30 33//31 34//32
f 23//30 34//32 35//33
f 36//34 37//35 38//36
f 36//34 38//36 39//37
f 40//38 25//22 28//25
f 40//38 28//25 41//39
f 35//40 34//41 42//42
f 35//40 42//42 43//43
f 26//23 44//44 45//45
f 26//23 45//45 27//24
f 27//46 46//47 47//48
f 27//46 47//48 28//49
f 44//44 48//50 49//51
f 44//44 49//51 45//45
f 50//52 51//53 52//54
f 50//52 52//54 53//55
f 54//56 55//57 56//57
f 54//56 56//57 57//56
f 58//58 54//56 57//56
f 58//58 57//56 59//59
f 6//5 60//60 61//60
f 6//5 61//60 7//6
f 62//61 63//62 64//63
f 62//61 64//63 65//64
f 22//20 66//65 33//66
f 22//20 33//66 23//20
f 67//67 35//40 43//43
f 67//67 43//43 68//68
f 31//28 5//69 8//70
f 31//28 8//70 32//29
f 69//71 70//72 71//73
f 69//71 71//73 72//74
f 24//75 23//30 35//33
f 24//75 35//33 67//76
f 73//77 21//19 24//21
f 73//77 24//21 18//77
f 74//78 75//79 76//80
f 74//78 76//80 77//81
f 41//82 78//83 79//84
f 41//82 79//84 64//85
f 48//50 4//86 80//87
f 48//50 80//87 49//51
f 81//88 82//89 83//90
f 81//88 83//90 76//91
f 77//92 84//93 85//94
f 77//92 85//94 86//95
f 87//96 65//97 64//85
f 87//96 64//85 79//84
f 28//49 47//48 78//83
f 28//49 78//83 41//82
f 88//98 89//99 90//100
f 88//98 90//100 91//101
f 92//102 93//103 94//104
f 92//102 94//104 95//105
f 96//106 97//107 71//108
f 96//106 71//108 98//109
f 99//110 100//111 101//112
f 99//110 101//112 102//113
f 103//114 99//110 102//113
f 103//114 102//113 104//115
f 66//65 105//116 106//117
f 66//65 106//117 33//66
f 107//118 108//119 36//120
f 107//118 36//120 109//121
f 81//122 76//80 75//79
f 81//122 75//79 110//123
f 108//119 111//124 37//125
f 108//119 37//125 36//120
f 112//126 113//127 114//128
f 112//126 114//128 115//129
f 116//130 115//131 114//132
f 116//130 114//132 117//133
f 118//134 119//135 82//89
f 118//134 82//89 81//88
f 120//136 121//137 110//138
f 120//136 110//138 75//136
f 61//139 59//140 91//141
f 61//139 91//141 90//142
f 59//140 57//143 122//144
f 59//140 122//144 91//141
f 57//143 56//145 95//146
f 57//143 95//146 122//144
f 56//145 123//147 92//148
f 56//145 92//148 95//146
f 123//147 124//149 86//150
f 123//147 86//150 92//148
f 110//123 125//151 118//152
f 110//123 118//152 81//122
f 125//151 126//153 127//154
f 125//151 127//154 118//152
f 126//153 128//155 129//156
f 126//153 129//156 127//154
f 128//155 130//157 131//158
f 128//155 131//158 129//156
f 130//157 17//15 20//18
f 130//157 20//18 131//158
f 18//16 24//75 67//76
f 18//16 67//76 19//17
f 129//159 132//160 119//135
f 129//159 119//135 127//161
f 133//162 134//163 135//164
f 133//162 135//164 136//165
f 106//166 69//71 72//74
f 106//166 72//74 137//167
f 98//168 71//73 70//72
f 98//168 70//72 104//169
f 138//170 139//171 140//172
f 138//170 140//172 141//173
f 30//27 29//26 139//171
f 30//27 139//171 138//170
f 102//174 101//175 133//176
f 102//174 133//176 142//177
f 143//178 16//179 144//180
f 143//178 144//180 134//181
f 16//179 15//182 145//183
f 16//179 145//183 144//180
f 15//182 62//61 65//64
f 15//182 65//64 145//183
f 63//62 40//38 41//39
f 63//62 41//39 64//63
f 4//86 3//184 146//185
f 4//86 146//185 80//87
f 3//184 147//186 148//187
f 3//184 148//187 146//185
f 147//186 112//126 115//129
f 147//186 115//129 148//187
f 111//124 12//188 52//189
f 111//124 52//189 37//125
f 39//37 109//190 36//34
f 86//95 85//94 93//103
f 86//95 93//103 92//102
f 94//104 88//98 91//101
f 94//104 91//101 122//191
f 76//91 83//90 84//93
f 76//91 84//93 77//92
f 89//99 149//192 150//193
f 89//99 150//193 90//100
f 151//194 146//195 148//196
f 151//194 148//196 152//197
f 153//198 29//199 32//200
f 29//199 153//198 139//201
f 153//198 140//202 139//201
f 154//203 45//204 49//205
f 153//198 50//52 53//55
f 153//198 53//55 140//202
f 37//35 52//54 51//53
f 37//35 51//53 38//36
f 131//206 155//207 132//160
f 131//206 132//160 129//159
f 20//208 156//209 155//207
f 20//208 155//207 131//206
f 19//210 157//211 156//209
f 19//210 156//209 20//208
f 95//105 94//104 122//191
f 157//211 19//210 67//67
f 157//211 67//67 68//68
f 39//37 117//133 114//132
f 39//37 114//132 109//190
f 115//131 116//130 152//197
f 115//131 152//197 148//196
f 134//163 144//212 135//164
f 137//213 72//214 158//215
f 137//213 158//215 42//42
f 97//107 158//215 72//214
f 97//107 72//214 71//108
f 159//216 80//217 146//195
f 159//216 146//195 151//194
f 154//203 49//205 80//217
f 154//203 80//217 159//216
f 127//161 119//135 118//134
f 45//204 154//203 46//47
f 45//204 46//47 27//46
f 98//109 142//218 160//219
f 98//109 160//219 96//106
f 32//200 150//193 149//192
f 32//200 149//192 153//198
f 161//220 135//164 144//212
f 161//220 144//212 145//221
f 34//41 137//213 42//42
f 161//220 145//221 65//97
f 161//220 65//97 87//96
f 75//136 74//222 162//222
f 75//136 162//222 120//136
f 60//60 58//58 59//59
f 60//60 59//59 61//60
f 26//223 25//224 163//225
f 26//223 163//225 164//226
f 55//57 165//227 123//227
f 55//57 123//227 56//57
f 113//127 107//118 109//121
f 113//127 109//121 114//128
f 2//2 166//228 147//229
f 2//2 147//229 3//2
f 166//228 167//230 112//231
f 166//228 112//231 147//229
f 167//230 168//232 113//232
f 167//230 113//232 112//231
f 168//232 169//233 107//233
f 168//232 107//233 113//232
f 169//233 170//234 108//235
f 169//233 108//235 107//233
f 170//234 171//236 111//237
f 170//234 111//237 108//235
f 171//236 9//7 12//10
f 171//236 12//10 111//237
f 172//238 1//1 4//3
f 172//238 4//3 48//239
f 173//240 172//238 48//239
f 173//240 48//239 44//241
f 44//241 26//223 164//226
f 44//241 164//226 173//240
f 25//224 40//242 174//243
f 25//224 174//243 163//225
f 175//244 174//243 40//242
f 175//244 40//242 63//244
f 63//244 62//245 176//246
f 63//244 176//246 175//244
f 105//116 177//247 69//248
f 105//116 69//248 106//117
f 178//249 162//222 74//222
f 178//249 74//222 124//249
f 124//149 74//78 77//81
f 124//149 77//81 86//150
f 101//175 143//178 134//181
f 101//175 134//181 133//176
f 33//31 106//166 137//167
f 33//31 137//167 34//32
f 14//12 176//246 62//245
f 14//12 62//245 15//13
f 179//250 13//11 16//14
f 179//250 16//14 143//251
f 100//111 179//250 143//251
f 100//111 143//251 101//112
f 180//252 181//253 128//254
f 180//252 128//254 126//255
f 10//8 182//256 183//257
f 10//8 183//257 11//9
f 104//115 70//258 184//259
f 104//115 184//259 103//114
f 185//260 186//261 17//262
f 185//260 17//262 130//263
f 124//249 123//227 165//227
f 124//249 165//227 178//249
f 177//247 184//259 70//258
f 177//247 70//258 69//248
f 186//261 73//77 18//77
f 186//261 18//77 17//262
f 181//253 185//260 130//263
f 181//253 130//263 128//254
f 187//264 180//252 126//255
f 187//264 126//255 125//265
f 125//265 110//138 121//137
f 125//265 121//137 187//264
f 104//169 102//174 142//177
f 104//169 142//177 98//168
f 142//218 133//162 136//165
f 142//218 136//165 160//219
f 7//266 61//139 90//142
f 7//266 90//142 150//267
f 12//188 11//268 53//269
f 12//188 53//269 52//189
f 141//173 140//172 183//270
f 141//173 183//270 182//271
f 183//272 140//273 53//269
f 183//272 53//269 11//268
f 8//274 7//266 150//267
f 8//274 150//267 32//275
f 188//276 189//277 190//278
f 188//276 190//278 191//279
f 192//280 193//281 194//282
f 192//280 194//282 195//283
f 196//284 197//285 198//286
f 196//284 198//286 199//287
f 200//288 201//289 202//290
f 200//288 202//290 203//291
f 189//277 204//292 205//293
f 189//277 205//293 190//278
f 206//294 207//295 208//296
f 206//294 208//296 209//297
f 210//298 211//299 212//300
f 210//298 212//300 213//301
f 214//302 215//303 216//304
f 214//302 216//304 217//305
f 218//306 219//307 220//308
f 218//306 220//308 221//309
f 222//310 223//311 224//312
f 222//310 224//312 225//313
f 226//314 227//315 228//316
f 226//314 228//316 229//317
f 230//318 231//319 232//320
f 230//318 232//320 233//321
f 234//322 235//323 236//324
f 234//322 236//324 237//325
f 238//326 239//327 240//328
f 238//326 240//328 241//329
f 242//330 222//310 225//313
f 242//330 225//313 243//331
f 219//307 244//332 245//333
f 219//307 245//333 220//308
f 246//334 247//335 248//336
f 246//334 248//336 249//337
f 250//338 251//339 252//340
f 250//338 252//340 253//341
f 254//342 255//343 256//344
f 254//342 256//344 257//345
f 258//346 259//347 260//348
f 258//346 260//348 261//349
f 262//350 226//314 229//317
f 262//350 229//317 263//351
f 223//311 264//352 265//353
f 223//311 265//353 224//312
f 266//354 267//355 268//356
f 266//354 268//356 269//357
f 270//358 188//276 191//279
f 270//358 191//279 271//359
f 272//360 273//361 274//362
f 272//360 274//362 275//363
f 276//364 277//365 278//366
f 276//364 278//366 279//367
f 280//368 281//369 282//370
f 280//368 282//370 283//371
f 284//372 280//368 283//371
f 284//372 283//371 285//373
f 286//374 284//372 285//373
f 286//374 285//373 287//375
f 288//376 289//377 290//378
f 288//376 290//378 291//379
f 273//361 262//350 263//351
f 273//361 263//351 274//362
f 292//380 206//294 209//297
f 292//380 209//297 293//381
f 294//382 270//358 271//359
f 294//382 271//359 295//383
f 296//384 272//360 275//363
f 296//384 275//363 297//385
f 298//386 299//387 300//388
f 298//386 300//388 301//389
f 302//390 303//391 304//392
f 302//390 304//392 305//393
f 306//394 288//376 291//379
f 306//394 291//379 307//395
f 308//396 309//397 310//398
f 308//396 310//398 311//399
f 237//325 210//298 213//301
f 237//325 213//301 234//322
f 312//400 313//401 314//402
f 312//400 314//402 315//403
f 231//319 192//280 195//283
f 231//319 195//283 232//320
f 316//404 317//405 318//406
f 316//404 318//406 319//407
f 320//408 321//409 322//410
f 320//408 322//410 323//411
f 324//412 196//284 199//287
f 324//412 199//287 325//413
f 326//414 327//415 328//416
f 326//414 328//416 329//417
f 330//418 214//302 217//305
f 330//418 217//305 331//419
f 332//420 333//421 334//422
f 332//420 334//422 335//423
f 309//397 330//418 331//419
f 309//397 331//419 310//398
f 281//369 336//424 337//425
f 281//369 337//425 282//370
f 313//401 338//426 339//427
f 313//401 339//427 314//402
f 340//428 341//429 342//430
f 340//428 342//430 343//431
f 198//432 344//433 345//434
f 198//432 345//434 199//435
f 346//436 238//326 241//329
f 346//436 241//329 347//437
f 319//407 348//438 349//439
f 319//407 349//439 316//404
f 350//440 246//334 249//337
f 350//440 249//337 351//441
f 352//442 353//443 354//444
f 352//442 354//444 355//445
f 356//446 312//400 315//403
f 356//446 315//403 357//447
f 193//281 308//396 311//399
f 193//281 311//399 194//282
f 358//448 359//449 360//450
f 358//448 360//450 361//451
f 362//452 363//452 364//453
f 362//452 364//453 365//454
f 366//455 367//456 368//457
f 366//455 368//457 369//458
f 244//459 219//460 356//460
f 244//459 356//460 299//461
f 370//462 371//463 372//464
f 370//462 372//464 373//465
f 288//466 306//467 374//468
f 288//466 374//468 375//466
f 376//469 377//470 378//471
f 376//469 378//471 379//472
f 380//473 381//474 382//475
f 380//473 382//475 383//476
f 384//477 385//478 386//479
f 384//477 386//479 387//480
f 388//481 389//482 390//483
f 388//481 390//483 391//484
f 392//485 393//486 394//487
f 392//485 394//487 395//488
f 396//489 397//490 398//491
f 396//489 398//491 399//492
f 400//493 401//494 402//495
f 400//493 402//495 403//493
f 238//496 346//497 340//498
f 238//496 340//498 404//499
f 277//500 276//501 255//501
f 277//500 255//501 254//502
f 335//503 334//504 264//505
f 335//503 264//505 223//506
f 405//507 406//508 407//509
f 405//507 407//509 408//510
f 409//511 410//512 411//513
f 409//511 411//513 412//514
f 413//515 414//516 415//517
f 413//515 415//517 416//518
f 417//519 418//520 419//521
f 417//519 419//521 420//522
f 421//523 207//524 324//525
f 421//523 324//525 422//526
f 423//527 424//528 425//529
f 423//527 425//529 426//530
f 427//531 428//532 384//533
f 427//531 384//533 410//534
f 327//535 326//536 222//537
f 327//535 222//537 242//535
f 429//538 430//539 431//540
f 429//538 431//540 432//541
f 433//542 434//543 435//544
f 433//542 435//544 436//545
f 437//546 438//547 439//548
f 437//546 439//548 440//549
f 441//550 442//551 443//552
f 441//550 443//552 444//553
f 445//554 446//555 447//556
f 445//554 447//556 448//557
f 449//558 450//559 451//560
f 449//558 451//560 452//558
f 453//561 454//562 455//563
f 453//561 455//563 456//564
f 457//565 458//566 459//566
f 457//565 459//566 460//565
f 461//567 462//568 463//569
f 461//567 463//569 464//570
f 465//571 466//572 467//573
f 465//571 467//573 468//571
f 469//574 470//575 471//576
f 469//574 471//576 472//577
f 473//578 474//579 475//580
f 473//578 475//580 476//581
f 458//582 457//583 477//584
f 458//582 477//584 478//585
f 456//586 455//587 479//588
f 456//586 479//588 480//589
f 481//590 482//591 382//592
f 481//590 382//592 381//593
f 398//594 481//590 381//593
f 398//594 381//593 483//595
f 484//596 485//597 486//598
f 484//596 486//598 487//599
f 485//597 488//600 486//598
f 446//601 445//602 489//603
f 446//601 489//603 490//604
f 400//605 491//606 391//607
f 400//605 391//607 390//608
f 492//609 493//610 418//611
f 492//609 418//611 417//612
f 491//606 494//613 495//614
f 491//606 495//614 391//607
f 457//583 496//615 497//616
f 457//583 497//616 477//584
f 498//617 446//601 490//604
f 498//617 490//604 499//618
f 500//619 401//620 501//621
f 500//619 501//621 502//622
f 445//602 450//623 425//624
f 445//602 425//624 489//603
f 503//625 484//596 487//599
f 503//625 487//599 504//626
f 449//627 505//628 506//629
f 449//627 506//629 426//630
f 488//600 507//631 508//632
f 488//600 508//632 486//598
f 505//628 399//633 506//629
f 507//631 509//634 510//635
f 507//631 510//635 508//632
f 511//636 503//625 504//626
f 511//636 504//626 407//637
f 482//591 456//586 480//589
f 482//591 480//589 382//592
f 496//615 512//638 406//639
f 496//615 406//639 497//616
f 455//587 513//640 514//641
f 455//587 514//641 479//588
f 515//642 477//643 497//644
f 515//642 497//644 516//645
f 517//646 518//647 519//648
f 517//646 519//648 520//649
f 521//650 522//651 442//551
f 521//650 442//551 441//550
f 306//467 421//523 422//526
f 306//467 422//526 374//468
f 289//652 288//466 375//466
f 289//652 375//466 341//652
f 305//653 304//654 523//655
f 305//653 523//655 239//656
f 509//634 500//619 502//622
f 509//634 502//622 510//635
f 524//657 525//658 364//659
f 524//657 364//659 363//660
f 465//661 526//662 527//663
f 465//661 527//663 385//664
f 528//665 344//433 198//432
f 528//665 198//432 529//666
f 461//667 427//531 410//534
f 461//667 410//534 409//668
f 530//669 531//670 220//671
f 530//669 220//671 245//672
f 532//673 533//674 534//675
f 532//673 534//675 535//676
f 359//449 409//511 412//514
f 359//449 412//514 360//450
f 410//512 384//477 387//480
f 410//512 387//480 411//513
f 416//518 415//517 438//547
f 416//518 438//547 437//546
f 536//677 537//678 499//679
f 536//677 499//679 490//680
f 538//681 539//682 540//683
f 538//681 540//683 541//684
f 542//685 543//686 544//687
f 542//685 544//687 545//688
f 488//689 485//690 546//690
f 488//689 546//690 547//689
f 494//613 548//691 549//692
f 494//613 549//692 495//614
f 550//693 524//657 363//660
f 550//693 363//660 551//694
f 552//695 553//696 554//697
f 552//695 554//697 555//698
f 466//699 465//661 385//664
f 556//700 470//701 394//702
f 556//700 394//702 554//697
f 470//701 469//703 395//704
f 470//701 395//704 394//702
f 469//703 557//705 540//706
f 469//703 540//706 395//704
f 371//707 370//708 543//709
f 371//707 543//709 541//710
f 558//711 559//712 560//713
f 558//711 560//713 368//714
f 561//715 433//716 369//717
f 560//713 369//717 368//714
f 560//713 562//718 369//717
f 563//719 564//720 561//721
f 563//719 561//721 565//722
f 566//723 567//724 434//725
f 566//723 434//725 433//716
f 568//726 569//727 570//728
f 567//724 571//729 358//730
f 567//724 358//730 434//725
f 462//731 461//667 409//668
f 462//731 409//668 359//732
f 512//638 511//636 407//637
f 512//638 407//637 406//639
f 553//696 556//700 554//697
f 526//662 474//733 572//734
f 526//662 572//734 527//663
f 474//733 473//735 573//736
f 474//733 573//736 572//734
f 574//737 575//738 576//739
f 574//737 576//739 577//740
f 553//741 552//742 578//743
f 553//741 578//743 579//741
f 334//504 267//744 580//745
f 334//504 580//745 264//505
f 581//746 582//747 200//748
f 581//746 200//748 583//746
f 584//749 585//750 586//751
f 584//749 586//751 303//752
f 203//753 202//754 414//755
f 203//753 414//755 443//756
f 587//757 584//749 303//752
f 587//757 303//752 302//758
f 588//759 225//760 224//761
f 256//762 589//763 442//764
f 256//762 442//764 522//765
f 376//766 243//767 225//760
f 376//766 225//760 588//759
f 379//768 243//767 376//766
f 379//768 590//769 243//767
f 591//770 257//771 592//772
f 591//770 592//772 593//773
f 532//774 590//769 379//768
f 594//775 590//769 532//774
f 535//776 594//775 532//774
f 236//777 594//775 535//776
f 191//778 190//779 517//780
f 191//778 517//780 520//781
f 439//782 236//777 535//776
f 237//783 236//777 439//782
f 520//781 595//784 271//785
f 520//781 271//785 191//778
f 438//786 237//783 439//782
f 210//787 237//783 438//786
f 589//763 203//753 443//756
f 589//763 443//756 442//764
f 199//435 345//434 596//788
f 199//435 596//788 325//789
f 431//790 430//791 597//792
f 431//790 597//792 295//793
f 202//754 211//794 415//795
f 202//754 415//795 414//755
f 211//794 210//787 438//786
f 211//794 438//786 415//795
f 598//796 528//665 529//666
f 598//796 529//666 599//797
f 600//798 587//757 302//758
f 601//799 587//757 600//798
f 602//800 598//796 599//797
f 602//800 599//797 253//801
f 343//802 601//799 600//798
f 603//803 601//799 343//802
f 604//804 605//805 606//806
f 604//804 606//806 221//807
f 342//201 603//803 343//802
f 607//201 603//803 342//201
f 593//773 608//808 252//809
f 593//773 252//809 591//770
f 609//201 610//201 607//201
f 609//201 607//201 342//201
f 605//805 611//810 205//811
f 605//805 205//811 606//806
f 612//201 610//201 609//201
f 612//201 613//201 610//201
f 257//771 256//762 522//765
f 257//771 522//765 592//772
f 614//201 613//201 612//201
f 614//201 596//788 613//201
f 325//789 596//788 614//201
f 595//784 431//790 295//793
f 595//784 295//793 271//785
f 615//812 265//813 597//792
f 615//812 597//792 430//791
f 585//750 530//669 245//672
f 585//750 245//672 586//751
f 616//814 617//815 618//816
f 616//814 618//816 251//814
f 619//817 616//814 251//814
f 619//817 251//814 250//818
f 620//819 619//817 250//818
f 620//819 250//818 621//820
f 292//821 622//822 623//822
f 292//821 623//822 197//821
f 206//823 292//821 197//821
f 206//823 197//821 196//824
f 207//524 206//823 196//824
f 207//524 196//824 324//525
f 550//825 548//826 624//826
f 550//825 624//826 625//825
f 513//827 455//563 454//562
f 513//827 454//562 626//828
f 458//566 513//827 626//828
f 458//566 626//828 459//566
f 496//829 457//565 460//565
f 496//829 460//565 627//830
f 512//831 496//829 627//830
f 512//831 627//830 628//832
f 511//833 512//831 628//832
f 511//833 628//832 629//833
f 446//555 498//834 630//835
f 446//555 630//835 447//556
f 450//559 445//554 448//557
f 450//559 448//557 451//560
f 505//836 449//558 452//558
f 505//836 452//558 631//837
f 399//492 505//836 631//837
f 399//492 631//837 396//489
f 397//490 632//838 481//838
f 397//490 481//838 398//491
f 482//839 481//838 632//838
f 482//839 632//838 633//840
f 491//841 400//493 403//493
f 491//841 403//493 634//842
f 557//705 371//707 541//710
f 557//705 541//710 540//706
f 608//808 602//800 253//801
f 608//808 253//801 252//809
f 226//843 262//844 213//845
f 226//843 213//845 212//846
f 635//847 478//848 477//643
f 635//847 477//643 515//642
f 380//473 636//849 483//850
f 380//473 483//850 381//474
f 637//851 572//852 573//853
f 637//851 573//853 638//854
f 639//855 327//535 242//535
f 639//855 242//535 640//856
f 641//857 486//858 508//859
f 641//857 508//859 642//860
f 365//454 364//453 555//861
f 365//454 555//861 643//862
f 474//579 526//863 644//864
f 474//579 644//864 475//580
f 388//481 391//484 495//865
f 388//481 495//865 645//866
f 646//867 487//868 486//858
f 646//867 486//858 641//857
f 622//822 620//819 621//820
f 622//822 621//820 623//822
f 273//869 272//870 235//870
f 273//869 235//870 234//869
f 647//871 648//872 189//872
f 647//871 189//872 188//873
f 266//874 649//875 270//876
f 266//874 270//876 294//874
f 542//685 538//681 541//684
f 542//685 541//684 543//686
f 299//461 298//877 650//877
f 299//461 650//877 244//459
f 312//878 356//460 219//460
f 312//878 219//460 218//879
f 313//880 312//878 218//879
f 313//880 218//879 651//881
f 338//882 313//880 651//881
f 338//882 651//881 204//883
f 456//564 482//839 633//840
f 456//564 633//840 453//561
f 473//735 574//737 577//740
f 473//735 577//740 573//736
f 652//884 593//885 592//886
f 652//884 592//886 653//887
f 408//510 407//509 504//888
f 408//510 504//888 654//889
f 654//889 504//888 487//868
f 654//889 487//868 646//867
f 655//890 642//860 508//859
f 655//890 508//859 510//891
f 656//892 655//890 510//891
f 656//892 510//891 502//893
f 657//894 645//866 495//865
f 657//894 495//865 549//895
f 658//896 638//854 573//853
f 658//896 573//853 577//897
f 659//898 658//896 577//897
f 659//898 577//897 576//899
f 660//900 661//901 260//902
f 660//900 260//902 662//903
f 269//904 268//905 663//906
f 269//904 663//906 664//907
f 332//908 665//909 666//910
f 332//908 666//910 333//911
f 667//912 269//904 664//907
f 667//912 664//907 668//913
f 665//909 332//908 329//914
f 665//909 329//914 669//915
f 240//916 670//917 671//918
f 240//916 671//918 241//919
f 328//920 672//921 669//915
f 328//920 669//915 329//914
f 673//922 674//923 297//924
f 673//922 297//924 675//925
f 674//923 673//922 672//921
f 674//923 672//921 328//920
f 676//926 677//927 233//928
f 676//926 233//928 232//929
f 678//930 279//931 679//932
f 678//930 679//932 680//933
f 279//931 278//934 681//935
f 279//931 681//935 679//932
f 675//925 297//924 275//936
f 675//925 275//936 682//937
f 315//938 314//939 683//940
f 315//938 683//940 684//941
f 682//937 275//936 274//942
f 682//937 274//942 685//943
f 684//941 686//944 357//945
f 684//941 357//945 315//938
f 685//943 274//942 263//946
f 685//943 263//946 687//947
f 686//944 688//948 300//949
f 686//944 300//949 357//945
f 689//950 690//951 670//917
f 689//950 670//917 240//916
f 301//952 300//949 688//948
f 301//952 688//948 691//953
f 692//954 693//955 694//956
f 692//954 694//956 695//957
f 311//958 310//959 696//960
f 311//958 696//960 697//961
f 698//962 699//963 228//964
f 698//962 228//964 700//962
f 701//965 285//966 283//967
f 701//965 283//967 702//968
f 680//933 698//962 700//962
f 680//933 700//962 678//930
f 703//969 704//970 705//971
f 703//969 705//971 706//972
f 707//973 708//974 249//975
f 707//973 249//975 248//976
f 241//919 671//918 709//977
f 241//919 709//977 347//978
f 195//979 194//980 710//981
f 195//979 710//981 711//982
f 712//983 713//984 322//985
f 712//983 322//985 714//986
f 278//934 715//987 716//988
f 278//934 716//988 681//935
f 355//989 717//990 718//991
f 355//989 718//991 719//992
f 720//993 716//988 715//987
f 720//993 715//987 721//994
f 722//995 287//996 285//966
f 722//995 285//966 701//965
f 723//997 720//993 721//994
f 723//997 721//994 724//998
f 725//999 723//997 724//998
f 725//999 724//998 726//999
f 727//1000 728//1001 307//1002
f 727//1000 307//1002 729//1003
f 268//905 333//911 666//910
f 268//905 666//910 663//906
f 661//901 730//1004 261//1004
f 661//901 261//1004 260//902
f 731//1005 732//1006 733//1007
f 731//1005 733//1007 293//1008
f 719//992 718//991 734//1009
f 719//992 734//1009 735//1010
f 282//1011 736//1012 702//968
f 282//1011 702//968 283//967
f 493//1013 492//1014 737//1015
f 493//1013 737//1015 738//1016
f 217//1017 216//1018 739//1019
f 217//1017 739//1019 740//1020
f 741//1021 742//1022 743//1023
f 741//1021 743//1023 744//1024
f 735//1010 734//1009 739//1019
f 735//1010 739//1019 216//1018
f 291//1025 745//1026 729//1003
f 291//1025 729//1003 307//1002
f 347//978 709//977 746//1027
f 347//978 746//1027 290//1028
f 747//1029 229//1030 228//964
f 747//1029 228//964 699//963
f 290//1028 746//1027 745//1026
f 290//1028 745//1026 291//1025
f 194//980 311//958 697//961
f 194//980 697//961 710//981
f 337//1031 748//1032 736//1012
f 337//1031 736//1012 282//1011
f 339//1033 692//954 695//957
f 339//1033 695//957 749//1034
f 750//1035 354//1036 287//996
f 750//1035 287//996 722//995
f 314//939 339//1033 749//1034
f 314//939 749//1034 683//940
f 713//984 751//1037 323//1038
f 713//984 323//1038 322//985
f 752//1039 753//1040 754//1041
f 752//1039 754//1041 755//1042
f 209//1043 756//1044 731//1005
f 209//1043 731//1005 293//1008
f 742//1022 351//1045 757//1046
f 742//1022 757//1046 743//1023
f 758//1047 759//1048 760//1049
f 758//1047 760//1049 761//1050
f 762//1051 705//971 704//970
f 762//1051 704//970 763//1052
f 764//1053 316//1054 349//1055
f 764//1053 349//1055 765//1056
f 693//955 667//912 668//913
f 693//955 668//913 694//956
f 748//1032 337//1031 323//1038
f 748//1032 323//1038 751//1037
f 703//969 706//972 766//1057
f 703//969 766//1057 767//1058
f 732//1006 725//999 726//999
f 732//1006 726//999 733//1007
f 767//1058 766//1057 753//1040
f 767//1058 753//1040 752//1039
f 711//982 676//926 232//929
f 711//982 232//929 195//979
f 331//1059 217//1017 740//1020
f 331//1059 740//1020 768//1060
f 229//1030 747//1029 687//947
f 229//1030 687//947 263//946
f 769//1061 770//1062 759//1048
f 769//1061 759//1048 758//1047
f 301//952 691//953 690//951
f 301//952 690//951 689//950
f 755//1042 754//1041 770//1062
f 755//1042 770//1062 769//1061
f 763//1052 233//928 677//927
f 763//1052 677//927 762//1051
f 708//974 757//1046 351//1045
f 708//974 351//1045 249//975
f 714//986 741//1021 744//1024
f 714//986 744//1024 712//983
f 761//1050 760//1049 765//1056
f 761//1050 765//1056 349//1055
f 208//1063 771//1064 756//1044
f 208//1063 756//1044 209//1043
f 310//959 331//1059 768//1060
f 310//959 768//1060 696//960
f 772//1065 317//1066 316//1054
f 772//1065 316//1054 764//1053
f 730//1004 707//973 248//976
f 730//1004 248//976 261//1004
f 771//1064 208//1063 728//1001
f 771//1064 728//1001 727//1000
f 317//1066 772//1065 773//1067
f 317//1066 773//1067 774//1068
f 774//1068 773//1067 660//900
f 774//1068 660//900 662//903
f 470//575 556//1069 775//1070
f 470//575 775//1070 471//576
f 267//355 334//422 333//421
f 267//355 333//421 268//356
f 776//1071 350//440 351//441
f 776//1071 351//441 742//1072
f 244//332 650//1073 586//1074
f 244//332 586//1074 245//333
f 777//1075 778//1076 758//1077
f 777//1075 758//1077 761//1078
f 259//347 779//1079 662//1080
f 259//347 662//1080 260//348
f 227//315 582//1081 700//1082
f 227//315 700//1082 228//316
f 616//1083 619//1084 724//1085
f 616//1083 724//1085 721//1086
f 719//1087 735//1088 780//1089
f 719//1087 780//1089 781//1090
f 289//377 346//436 347//437
f 289//377 347//437 290//378
f 336//424 320//408 323//411
f 336//424 323//411 337//425
f 622//1091 292//380 293//381
f 622//1091 293//381 733//1092
f 581//1093 276//364 279//367
f 581//1093 279//367 678//1094
f 583//1095 200//288 203//291
f 583//1095 203//291 589//1096
f 299//387 356//446 357//447
f 299//387 357//447 300//388
f 782//1097 230//318 233//321
f 782//1097 233//321 763//1098
f 421//1099 306//394 307//395
f 421//1099 307//395 728//1100
f 305//393 404//1101 600//1102
f 305//393 600//1102 302//390
f 651//1103 218//306 221//309
f 651//1103 221//309 606//1104
f 639//1105 296//384 297//385
f 639//1105 297//385 674//1106
f 728//1100 208//296 207//295
f 728//1100 207//295 421//1099
f 783//1107 784//1108 703//1109
f 783//1107 703//1109 767//1110
f 778//1076 785//1111 769//1112
f 778//1076 769//1112 758//1077
f 247//335 258//346 261//349
f 247//335 261//349 248//336
f 523//1113 298//386 301//389
f 523//1113 301//389 689//1114
f 617//1115 616//1083 721//1086
f 617//1115 721//1086 715//1116
f 327//415 639//1105 674//1106
f 327//415 674//1106 328//416
f 620//1117 622//1091 733//1092
f 620//1117 733//1092 726//1118
f 618//1119 254//342 257//345
f 618//1119 257//345 591//1120
f 353//443 286//374 287//375
f 353//443 287//375 354//444
f 582//1081 581//1093 678//1094
f 582//1081 678//1094 700//1082
f 201//289 212//300 211//299
f 201//289 211//299 202//290
f 375//1121 374//1122 612//1123
f 375//1121 612//1123 609//1124
f 341//429 375//1121 609//1124
f 341//429 609//1124 342//430
f 204//292 651//1103 606//1104
f 204//292 606//1104 205//293
f 619//1084 620//1117 726//1118
f 619//1084 726//1118 724//1085
f 786//1125 783//1107 767//1110
f 786//1125 767//1110 752//1126
f 779//1079 787//1127 774//1128
f 779//1079 774//1128 662//1080
f 338//426 648//1129 692//1130
f 338//426 692//1130 339//427
f 640//1131 242//330 243//331
f 640//1131 243//331 590//1132
f 735//1088 216//304 215//303
f 735//1088 215//303 780//1089
f 235//323 788//1133 594//1134
f 235//323 594//1134 236//324
f 789//1135 786//1125 752//1126
f 789//1135 752//1126 755//1136
f 348//438 777//1075 761//1078
f 348//438 761//1078 349//439
f 317//405 774//1128 787//1127
f 317//405 787//1127 318//406
f 404//1101 340//428 343//431
f 404//1101 343//431 600//1102
f 329//417 332//420 335//423
f 329//417 335//423 326//414
f 785//1111 789//1135 755//1136
f 785//1111 755//1136 769//1112
f 321//409 790//1137 714//1138
f 321//409 714//1138 322//410
f 580//1139 294//382 295//383
f 580//1139 295//383 597//1140
f 239//327 523//1113 689//1114
f 239//327 689//1114 240//328
f 791//1141 782//1097 763//1098
f 791//1141 763//1098 704//1142
f 788//1133 640//1131 590//1132
f 788//1133 590//1132 594//1134
f 277//365 617//1115 715//1116
f 277//365 715//1116 278//366
f 647//1143 649//1144 667//1145
f 647//1143 667//1145 693//1146
f 792//1147 776//1071 742//1072
f 792//1147 742//1072 741//1148
f 197//285 623//1149 529//1150
f 197//285 529//1150 198//286
f 422//1151 324//412 325//413
f 422//1151 325//413 614//1152
f 374//1122 422//1151 614//1152
f 374//1122 614//1152 612//1123
f 621//1153 250//338 253//341
f 621//1153 253//341 599//1154
f 781//1090 352//442 355//445
f 781//1090 355//445 719//1087
f 264//352 580//1139 597//1140
f 264//352 597//1140 265//353
f 784//1108 791//1141 704//1142
f 784//1108 704//1142 703//1109
f 790//1137 792//1147 741//1148
f 790//1137 741//1148 714//1138
f 650//1073 304//392 303//391
f 650//1073 303//391 586//1074
f 251//339 618//1119 591//1120
f 251//339 591//1120 252//340
f 649//1144 266//354 269//357
f 649//1144 269//357 667//1145
f 648//1129 647//1143 693//1146
f 648//1129 693//1146 692//1130
f 255//343 583//1095 589//1096
f 255//343 589//1096 256//344
f 623//1149 621//1153 599//1154
f 623//1149 599//1154 529//1150
f 571//729 462//731 359//732
f 571//729 359//732 358//730
f 369//458 433//542 436//545
f 369//458 436//545 366//455
f 793//1155 501//1156 390//483
f 793//1155 390//483 389//482
f 657//894 549//895 551//1157
f 657//894 551//1157 794//1158
f 794//1158 551//1157 363//452
f 794//1158 363//452 362//452
f 497//644 406//508 405//507
f 497//644 405//507 516//645
f 383//476 382//475 480//1159
f 383//476 480//1159 795//1160
f 795//1160 480//1159 479//1161
f 795//1160 479//1161 796//1162
f 796//1162 479//1161 514//1163
f 796//1162 514//1163 797//1164
f 797//1164 514//1163 478//848
f 797//1164 478//848 635//847
f 420//522 659//898 576//899
f 420//522 576//899 417//519
f 643//862 555//861 554//1165
f 643//862 554//1165 798//1166
f 393//486 798//1166 554//1165
f 393//486 554//1165 394//487
f 361//451 435//544 434//543
f 361//451 434//543 358//448
f 656//892 502//893 501//1156
f 656//892 501//1156 793//1155
f 799//1167 386//479 385//478
f 799//1167 385//478 527//1168
f 419//521 418//520 499//679
f 419//521 499//679 537//678
f 800//1169 536//677 490//680
f 800//1169 490//680 489//1170
f 424//528 800//1169 489//1170
f 424//528 489//1170 425//529
f 423//527 426//530 506//1171
f 423//527 506//1171 801//1172
f 801//1172 506//1171 483//850
f 801//1172 483//850 636//849
f 717//990 355//989 354//1036
f 717//990 354//1036 750//1035
f 392//485 395//488 540//683
f 392//485 540//683 539//682
f 564//1173 566//723 433//716
f 564//1173 433//716 561//715
f 802//1174 565//722 561//721
f 802//1174 561//721 562//1175
f 525//658 552//695 555//698
f 525//658 555//698 364//659
f 507//1176 488//689 547//689
f 507//1176 547//689 803//1177
f 559//1178 558//1179 804//1179
f 559//1178 804//1179 568//1178
f 615//1180 805//1181 806//1182
f 615//1180 806//1182 588//1183
f 535//676 534//675 440//549
f 535//676 440//549 439//548
f 444//553 443//552 414//516
f 444//553 414//516 413//515
f 653//887 592//886 522//651
f 653//887 522//651 521//650
f 450//623 449//627 426//630
f 450//623 426//630 425//624
f 588//1183 806//1182 377//470
f 588//1183 377//470 376//469
f 399//633 398//594 483//595
f 399//633 483//595 506//629
f 552//742 525//1184 807//1185
f 552//742 807//1185 578//743
f 190//779 205//811 611//810
f 190//779 611//810 517//780
f 417//612 576//739 575//738
f 417//612 575//738 492//609
f 500//1186 509//1187 808//1187
f 500//1186 808//1187 809//1188
f 428//532 466//699 385//664
f 428//532 385//664 384//533
f 588//759 224//761 265//813
f 588//759 265//813 615//812
f 371//463 557//1189 810//1190
f 371//463 810//1190 372//464
f 567//1191 566//1192 811//1193
f 567//1191 811//1193 812//1194
f 498//834 493//1013 738//1016
f 498//834 738//1016 630//835
f 484//1195 503//1196 813//1197
f 484//1195 813//1197 814//1195
f 563//1198 565//1199 815//1200
f 595//1201 816//1202 432//541
f 595//1201 432//541 431//540
f 526//863 465//571 468//571
f 526//863 468//571 644//864
f 531//670 604//804 221//807
f 531//670 221//807 220//671
f 566//1192 564//1203 563//1204
f 566//1192 563//1204 811//1193
f 571//1205 567//1191 812//1194
f 571//1205 812//1194 817//1205
f 462//568 571//1205 817//1205
f 462//568 817//1205 463//569
f 367//456 545//688 544//687
f 367//456 544//687 368//457
f 427//1206 461//567 464//570
f 427//1206 464//570 818//1207
f 492//1014 575//1208 819//1209
f 492//1014 819//1209 737//1015
f 820//1210 624//826 548//826
f 820//1210 548//826 494//1210
f 518//647 517//646 611//1211
f 518//647 611//1211 821//1212
f 326//536 335//503 223//506
f 326//536 223//506 222//537
f 494//1210 491//841 634//842
f 494//1210 634//842 820//1210
f 524//1213 550//825 625//825
f 524//1213 625//825 822//1214
f 648//872 338//882 204//883
f 648//872 204//883 189//872
f 485//690 484//1195 814//1195
f 485//690 814//1195 546//690
f 346//497 289//652 341//652
f 346//497 341//652 340//498
f 304//654 650//877 298//877
f 304//654 298//877 523//655
f 296//1215 639//855 640//856
f 296//1215 640//856 788//1216
f 520//649 519//648 816//1202
f 520//649 816//1202 595//1201
f 823//1217 370//462 373//465
f 823//1217 373//465 824//1218
f 649//875 647//871 188//873
f 649//875 188//873 270//876
f 509//1187 507//1176 803//1177
f 509//1187 803//1177 808//1187
f 617//815 277//500 254//502
f 617//815 254//502 618//816
f 379//472 378//471 533//674
f 379//472 533//674 532//673
f 525//1184 524//1213 822//1214
f 525//1184 822//1214 807//1185
f 404//499 305//653 239//656
f 404//499 239//656 238//496
f 556//1069 553//741 579//741
f 556//1069 579//741 775//1070
f 557//1189 469//574 472//577
f 557//1189 472//577 810//1190
f 401//494 500//1186 809//1188
f 401//494 809//1188 402//495
f 575//1208 574//1219 825//1220
f 575//1208 825//1220 819//1209
f 267//744 266//874 294//874
f 267//744 294//874 580//745
f 503//1196 511//833 629//833
f 503//1196 629//833 813//1197
f 466//572 428//1221 826//1222
f 466//572 826//1222 467//573
f 428//1221 427//1206 818//1207
f 428//1221 818//1207 826//1222
f 548//691 550//693 551//694
f 548//691 551//694 549//692
f 272//870 296//1215 788//1216
f 272//870 788//1216 235//870
f 276//501 581//746 583//746
f 276//501 583//746 255//501
f 823//1223 558//711 368//714
f 823//1223 368//714 544//1224
f 262//844 273//869 234//869
f 262//844 234//869 213//845
f 227//1225 226//843 212//846
f 227//1225 212//846 201//1225
f 582//747 227//1225 201//1225
f 582//747 201//1225 200//748
f 430//539 429//538 805//1181
f 430//539 805//1181 615//1180
f 558//1179 823//1217 824//1218
f 558//1179 824//1218 804//1179
f 574//1219 473//578 476//581
f 574//1219 476//581 825//1220
f 513//640 458//582 478//585
f 513//640 478//585 514//641
f 370//708 823//1223 544//1224
f 370//708 544//1224 543//709
f 493//610 498//617 499//618
f 493//610 499//618 418//611
f 401//620 400//605 390//608
f 401//620 390//608 501//621
f 827//1226 608//1227 593//885
f 827//1226 593//885 652//884
f 821//1212 611//1211 605//1228
f 821//1212 605//1228 828//1229
f 598//1230 829//1231 830//1232
f 598//1230 830//1232 528//1233
f 831//1234 604//1235 531//1236
f 831//1234 531//1236 832//1237
f 828//1229 605//1228 604//1235
f 828//1229 604//1235 831//1234
f 833//1238 344//1239 528//1233
f 833//1238 528//1233 830//1232
f 344//1239 833//1238 834//1240
f 344//1239 834//1240 345//1241
f 596//1242 835//1243 836//1244
f 596//1242 836//1244 613//1245
f 837//1246 587//1247 601//1248
f 837//1246 601//1248 838//1249
f 832//1237 531//1236 530//1250
f 832//1237 530//1250 839//1251
f 839//1251 530//1250 585//1252
f 839//1251 585//1252 840//1253
f 613//1245 836//1244 841//1254
f 613//1245 841//1254 610//1255
f 345//1241 834//1240 835//1243
f 345//1241 835//1243 596//1242
f 602//1256 842//1257 829//1231
f 602//1256 829//1231 598//1230
f 840//1253 585//1252 584//1258
f 840//1253 584//1258 843//1259
f 607//1260 844//1261 845//1262
f 607//1260 845//1262 603//1263
f 843//1259 584//1258 587//1247
f 843//1259 587//1247 837//1246
f 610//1255 841//1254 844//1261
f 610//1255 844//1261 607//1260
f 603//1263 845//1262 838//1249
f 603//1263 838//1249 601//1248
f 608//1227 827//1226 842//1257
f 608//1227 842//1257 602//1256
f 746//1264 709//1265 765//1266
f 746//1264 765//1266 760//1264
f 709//1265 671//1267 764//496
f 709//1265 764//496 765//1266
f 671//1267 670//1268 772//1269
f 671//1267 772//1269 764//496
f 670//1268 690//1270 773//1271
f 670//1268 773//1271 772//1269
f 690//1270 691//1272 660//1272
f 690//1270 660//1272 773//1271
f 691//1272 688//1273 661//1274
f 691//1272 661//1274 660//1272
f 688//1273 686//1275 730//1276
f 688//1273 730//1276 661//1274
f 686//1275 684//1277 707//1278
f 686//1275 707//1278 730//1276
f 684//1277 683//1279 708//1280
f 684//1277 708//1280 707//1278
f 683//1279 749//1281 757//1281
f 683//1279 757//1281 708//1280
f 749//1281 695//1282 743//1283
f 749//1281 743//1283 757//1281
f 695//1282 694//1284 744//1284
f 695//1282 744//1284 743//1283
f 694//1284 668//1285 712//1286
f 694//1284 712//1286 744//1284
f 668//1285 664//1287 713//1287
f 668//1285 713//1287 712//1286
f 664//1287 663//1288 751//1289
f 664//1287 751//1289 713//1287
f 663//1288 666//1290 748//1290
f 663//1288 748//1290 751//1289
f 666//1290 665//506 736//503
f 666//1290 736//503 748//1290
f 665//506 669//1291 702//1292
f 665//506 702//1292 736//503
f 669//1291 672//535 701//1293
f 669//1291 701//1293 702//1292
f 672//535 673//1294 722//1294
f 672//535 722//1294 701//1293
f 673//1294 675//1295 750//1295
f 673//1294 750//1295 722//1294
f 675//1295 682//1296 717//1297
f 675//1295 717//1297 750//1295
f 682//1296 685//1298 718//1298
f 682//1296 718//1298 717//1297
f 685//1298 687//1299 734//1300
f 685//1298 734//1300 718//1298
f 687//1299 747//1301 739//1302
f 687//1299 739//1302 734//1300
f 747//1301 699//1303 740//1304
f 747//1301 740//1304 739//1302
f 699//1303 698//1305 768//1305
f 699//1303 768//1305 740//1304
f 698//1305 680//1306 696//1307
f 698//1305 696//1307 768//1305
f 680//1306 679//1308 697//1308
f 680//1306 697//1308 696//1307
f 679//1308 681//1309 710//1310
f 679//1308 710//1310 697//1308
f 681//1309 716//1311 711//1311
f 681//1309 711//1311 710//1310
f 716//1311 720//1312 676//1313
f 716//1311 676//1313 711//1311
f 720//1312 723//1314 677//1314
f 720//1312 677//1314 676//1313
f 723//1314 725//1315 762//1316
f 723//1314 762//1316 677//1314
f 725//1315 732//1317 705//1317
f 725//1315 705//1317 762//1316
f 732//1317 731//1318 706//1319
f 732//1317 706//1319 705//1317
f 731//1318 756//1320 766//1321
f 731//1318 766//1321 706//1319
f 756//1320 771//1322 753//1323
f 756//1320 753//1323 766//1321
f 771//1322 727//1324 754//1325
f 771//1322 754//1325 753//1323
f 727//1324 729//1326 770//1327
f 727//1324 770//1327 754//1325
f 729//1326 745//1328 759//1329
f 729//1326 759//1329 770//1327
f 745//1328 746//1264 760//1264
f 745//1328 760//1264 759//1329
f 637//851 799//1167 527//1168
f 637//851 527//1168 572//852
f 846//1330 847//1330 848//1331
f 848//1331 849//1330 850//1330
f 850//1330 851//1330 852//1330
f 852//1330 853//1330 854//1330
f 854//1330 855//1330 856//1332
f 856//1332 857//1333 858//1330
f 858//1330 859//1330 860//1330
f 860//1330 861//1330 862//1330
f 862//1330 863//1330 864//1330
f 864//1330 865//1331 866//1330
f 866//1330 867//1330 868//1330
f 868//1330 869//1330 870//1334
f 870//1334 871//1333 846//1330
f 846//1330 848//1331 850//1330
f 850//1330 852//1330 854//1330
f 854//1330 856//1332 858//1330
f 858//1330 860//1330 862//1330
f 862//1330 864//1330 866//1330
f 866//1330 868//1330 870//1334
f 870//1334 846//1330 850//1330
f 850//1330 854//1330 858//1330
f 858//1330 862//1330 866//1330
f 866//1330 870//1334 850//1330
f 850//1330 858//1330 866//1330
f 872//1335 873//1335 874//1335
f 874//1335 875//1335 876//1335
f 876//1335 877//1335 878//1335
f 878//1335 879//1335 880//1335
f 880//1335 881//1335 882//1335
f 882//1335 883//1335 884//1336
f 884//1336 885//1336 886//1337
f 886//1337 887//1335 888//1335
f 888//1335 889//1338 890//1335
f 890//1335 891//1335 892//1335
f 892//1335 893//1335 894//1338
f 894//1338 895//1339 896//1335
f 896//1335 897//1338 872//1335
f 872//1335 874//1335 876//1335
f 876//1335 878//1335 880//1335
f 880//1335 882//1335 884//1336
f 884//1336 886//1337 888//1335
f 888//1335 890//1335 892//1335
f 892//1335 894//1338 896//1335
f 896//1335 872//1335 876//1335
f 876//1335 880//1335 884//1336
f 884//1336 888//1335 892//1335
f 892//1335 896//1335 876//1335
f 876//1335 884//1336 892//1335
f 898//1340 899//1341 900//1342
f 900//1342 901//1340 902//1340
f 902//1340 903//1343 904//1340
f 904//1340 905//1340 906//1340
f 906//1340 907//1343 908//1344
f 908//1344 909//1340 910//1340
f 910//1340 911//1340 912//1340
f 912//1340 913//1344 914//1343
f 914//1343 915//1341 916//1345
f 916//1345 917//1344 918//1343
f 918//1343 919//1343 920//1340
f 920//1340 921//1343 922//1346
f 922//1346 923//1340 898//1340
f 898//1340 900//1342 902//1340
f 902//1340 904//1340 906//1340
f 906//1340 908//1344 910//1340
f 910//1340 912//1340 914//1343
f 914//1343 916//1345 918//1343
f 918//1343 920//1340 922//1346
f 922//1346 898//1340 902//1340
f 902//1340 906//1340 910//1340
f 910//1340 914//1343 918//1343
f 918//1343 922//1346 902//1340
f 902//1340 910//1340 918//1343
f 924//1347 925//1348 926//1349
f 926//1349 927//1347 928//1347
f 928//1347 929//1347 930//1350
f 930//1350 931//1347 932//1348
f 932//1348 933//1348 934//1351
f 934//1351 935//1352 936//1350
f 936//1350 937//1352 938//1347
f 938//1347 939//1347 940//1347
f 940//1347 941//1347 942//1350
f 942//1350 943//1353 944//1347
f 944//1347 945//1348 946//1350
f 946//1350 947//1347 948//1347
f 948//1347 949//1347 924//1347
f 924//1347 926//1349 928//1347
f 928//1347 930//1350 932//1348
f 932//1348 934//1351 936//1350
f 936//1350 938//1347 940//1347
f 940//1347 942//1350 944//1347
f 944//1347 946//1350 948//1347
f 948//1347 924//1347 928//1347
f 928//1347 932//1348 936//1350
f 936//1350 940//1347 944//1347
f 944//1347 948//1347 928//1347
f 928//1347 936//1350 944//1347
f 950//1354 951//1355 952//1354
f 952//1354 953//1356 954//1357
f 954//1357 955//1357 956//1354
f 956//1354 957//1357 958//1355
f 958//1355 959//1355 960//1356
f 960//1356 961//1357 962//1357
f 962//1357 963//1357 964//1358
f 964//1358 965//1357 966//1359
f 966//1359 967//1357 968//1360
f 968//1360 969//1354 970//1357
f 970//1357 971//1354 972//1360
f 972//1360 973//1358 974//1355
f 974//1355 975//1360 950//1354
f 950//1354 952//1354 954//1357
f 954//1357 956//1354 958//1355
f 958//1355 960//1356 962//1357
f 962//1357 964//1358 966//1359
f 966//1359 968//1360 970//1357
f 970//1357 972//1360 974//1355
f 974//1355 950//1354 954//1357
f 954//1357 958//1355 962//1357
f 962//1357 966//1359 970//1357
f 970//1357 974//1355 954//1357
f 954//1357 962//1357 970//1357
f 976//1361 977//1362 978//1363
f 978//1363 979//1361 980//1362
f 980//1362 981//1361 982//1364
f 982//1364 983//1361 984//1361
f 984//1361 985//1361 986//1361
f 986//1361 987//1365 988//1366
f 988//1366 989//1361 990//1361
f 990//1361 991//1361 992//1364
f 992//1364 993//1361 994//1361
f 994//1361 995//1364 996//1361
f 996//1361 997//1366 998//1364
f 998//1364 999//1363 1000//1365
f 1000//1365 1001//1361 976//1361
f 976//1361 978//1363 980//1362
f 980//1362 982//1364 984//1361
f 984//1361 986//1361 988//1366
f 988//1366 990//1361 992//1364
f 992//1364 994//1361 996//1361
f 996//1361 998//1364 1000//1365
f 1000//1365 976//1361 980//1362
f 980//1362 984//1361 988//1366
f 988//1366 992//1364 996//1361
f 996//1361 1000//1365 980//1362
f 980//1362 988//1366 996//1361
f 1002//1367 1003//1368 1004//1369
f 1004//1369 1005//1369 1006//1369
f 1006//1369 1007//1370 1008//1369
f 1008//1369 1009//1368 1010//1369
f 1010//1369 1011//1371 1012//1369
f 1012//1369 1013//1367 1014//1369
f 1014//1369 1015//1369 1016//1371
f 1016//1371 1017//1367 1018//1371
f 1018//1371 1019//1369 1020//1370
f 1020//1370 1021//1370 1022//1371
f 1022//1371 1023//1367 1024//1371
f 1024//1371 1025//1369 1026//1367
f 1026//1367 1027//1369 1002//1367
f 1002//1367 1004//1369 1006//1369
f 1006//1369 1008//1369 1010//1369
f 1010//1369 1012//1369 1014//1369
f 1014//1369 1016//1371 1018//1371
f 1018//1371 1020//1370 1022//1371
f 1022//1371 1024//1371 1026//1367
f 1026//1367 1002//1367 1006//1369
f 1006//1369 1010//1369 1014//1369
f 1014//1369 1018//1371 1022//1371
f 1022//1371 1026//1367 1006//1369
f 1006//1369 1014//1369 1022//1371
f 1028//1372 1029//1373 1030//1373
f 1030//1373 1031//1374 1032//1373
f 1032//1373 1033//1373 1034//1372
f 1034//1372 1035//1372 1036//1373
f 1036//1373 1037//1373 1038//1373
f 1038//1373 1039//1373 1040//1375
f 1040//1375 1041//1373 1042//1373
f 1042//1373 1043//1373 1044//1372
f 1044//1372 1045//1373 1046//1373
f 1046//1373 1047//1372 1048//1373
f 1048//1373 1049//1376 1050//1372
f 1050//1372 1051//1374 1052//1372
f 1052//1372 1053//1373 1028//1372
f 1028//1372 1030//1373 1032//1373
f 1032//1373 1034//1372 1036//1373
f 1036//1373 1038//1373 1040//1375
f 1040//1375 1042//1373 1044//1372
f 1044//1372 1046//1373 1048//1373
f 1048//1373 1050//1372 1052//1372
f 1052//1372 1028//1372 1032//1373
f 1032//1373 1036//1373 1040//1375
f 1040//1375 1044//1372 1048//1373
f 1048//1373 1052//1372 1032//1373
f 1032//1373 1040//1375 1048//1373
f 1054//1377 1055//1377 1056//1378
f 1056//1378 1057//1377 1058//1377
f 1058//1377 1059//1377 1060//1377
f 1060//1377 1061//1377 1062//1377
f 1062//1377 1063//1377 1064//1377
f 1064//1377 1065//1377 1066//1377
f 1066//1377 1067//1377 1068//1377
f 1068//1377 1069//1377 1070//1377
f 1070//1377 1071//1377 1072//1377
f 1072//1377 1073//1377 1074//1377
f 1074//1377 1075//1377 1076//1377
f 1076//1377 1077//1377 1078//1377
f 1078//1377 1079//1377 1054//1377
f 1054//1377 1056//1378 1058//1377
f 1058//1377 1060//1377 1062//1377
f 1062//1377 1064//1377 1066//1377
f 1066//1377 1068//1377 1070//1377
f 1070//1377 1072//1377 1074//1377
f 1074//1377 1076//1377 1078//1377
f 1078//1377 1054//1377 1058//1377
f 1058//1377 1062//1377 1066//1377
f 1066//1377 1070//1377 1074//1377
f 1074//1377 1078//1377 1058//1377
f 1058//1377 1066//1377 1074//1377
f 1080//1379 1081//1380 1082//1379
f 1082//1379 1083//1381 1084//1380
f 1084//1380 1085//1379 1086//1379
f 1086//1379 1087//1379 1088//1381
f 1088//1381 1089//1382 1090//1383
f 1090//1383 1091//1379 1092//1382
f 1092//1382 1093//1382 1094//1381
f 1094//1381 1095//1379 1096//1382
f 1096//1382 1097//1379 1098//1382
f 1098//1382 1099//1379 1100//1379
f 1100//1379 1101//1380 1102//1379
f 1102//1379 1103//1379 1104//1379
f 1104//1379 1105//1382 1080//1379
f 1080//1379 1082//1379 1084//1380
f 1084//1380 1086//1379 1088//1381
f 1088//1381 1090//1383 1092//1382
f 1092//1382 1094//1381 1096//1382
f 1096//1382 1098//1382 1100//1379
f 1100//1379 1102//1379 1104//1379
f 1104//1379 1080//1379 1084//1380
f 1084//1380 1088//1381 1092//1382
f 1092//1382 1096//1382 1100//1379
f 1100//1379 1104//1379 1084//1380
f 1084//1380 1092//1382 1100//1379
f 1106//1384 1107//1385 1108//1384
f 1108//1384 1109//1384 1110//1386
f 1110//1386 1111//1387 1112//1384
f 1112//1384 1113//1384 1114//1388
f 1114//1388 1115//1386 1116//1386
f 1116//1386 1117//1384 1118//1384
f 1118//1384 1119//1384 1120//1384
f 1120//1384 1121//1386 1122//1384
f 1122//1384 1123//1386 1124//1386
f 1124//1386 1125//1384 1126//1387
f 1126//1387 1127//1385 1128//1386
f 1128//1386 1129//1386 1130//1384
f 1130//1384 1131//1384 1106//1384
f 1106//1384 1108//1384 1110//1386
f 1110//1386 1112//1384 1114//1388
f 1114//1388 1116//1386 1118//1384
f 1118//1384 1120//1384 1122//1384
f 1122//1384 1124//1386 1126//1387
f 1126//1387 1128//1386 1130//1384
f 1130//1384 1106//1384 1110//1386
f 1110//1386 1114//1388 1118//1384
f 1118//1384 1122//1384 1126//1387
f 1126//1387 1130//1384 1110//1386
f 1110//1386 1118//1384 1126//1387
f 1132//1389 1133//1389 1134//1389
f 1134//1389 1135//1390 1136//1389
f 1136//1389 1137//1389 1138//1389
f 1138//1389 1139//1389 1140//1389
f 1140//1389 1141//1391 1142//1392
f 1142//1392 1143//1389 1144//1389
f 1144//1389 1145//1389 1146//1389
f 1146//1389 1147//1389 1148//1389
f 1148//1389 1149//1391 1150//1392
f 1150//1392 1151//1389 1152//1389
f 1152//1389 1153//1393 1154//1391
f 1154//1391 1155//1392 1156//1389
f 1156//1389 1157//1389 1132//1389
f 1132//1389 1134//1389 1136//1389
f 1136//1389 1138//1389 1140//1389
f 1140//1389 1142//1392 1144//1389
f 1144//1389 1146//1389 1148//1389
f 1148//1389 1150//1392 1152//1389
f 1152//1389 1154//1391 1156//1389
f 1156//1389 1132//1389 1136//1389
f 1136//1389 1140//1389 1144//1389
f 1144//1389 1148//1389 1152//1389
f 1152//1389 1156//1389 1136//1389
f 1136//1389 1144//1389 1152//1389
f 1158//1394 1159//1395 1160//1394
f 1160//1394 1161//1396 1162//1397
f 1162//1397 1163//1394 1164//1394
f 1164//1394 1165//1396 1166//1398
f 1166//1398 1167//1398 1168//1394
f 1168//1394 1169//1397 1170//1394
f 1170//1394 1171//1394 1172//1395
f 1172//1395 1173//1394 1174//1398
f 1174//1398 1175//1397 1176//1398
f 1176//1398 1177//1397 1178//1397
f 1178//1397 1179//1397 1180//1394
f 1180//1394 1181//1394 1182//1395
f 1182//1395 1183//1394 1158//1394
f 1158//1394 1160//1394 1162//1397
f 1162//1397 1164//1394 1166//1398
f 1166//1398 1168//1394 1170//1394
f 1170//1394 1172//1395 1174//1398
f 1174//1398 1176//1398 1178//1397
f 1178//1397 1180//1394 1182//1395
f 1182//1395 1158//1394 1162//1397
f 1162//1397 1166//1398 1170//1394
f 1170//1394 1174//1398 1178//1397
f 1178//1397 1182//1395 1162//1397
f 1162//1397 1170//1394 1178//1397
f 1184//1399 1185//1400 1186//1401
f 1186//1401 1187//1399 1188//1402
f 1188//1402 1189//1403 1190//1400
f 1190//1400 1191//1400 1192//1404
f 1192//1404 1193//1404 1194//1400
f 1194//1400 1195//1400 1196//1400
f 1196//1400 1197//1399 1198//1402
f 1198//1402 1199//1400 1200//1400
f 1200//1400 1201//1400 1202//1400
f 1202//1400 1203//1403 1204//1403
f 1204//1403 1205//1400 1206//1400
f 1206//1400 1207//1400 1208//1402
f 1208//1402 1209//1400 1184//1399
f 1184//1399 1186//1401 1188//1402
f 1188//1402 1190//1400 1192//1404
f 1192//1404 1194//1400 1196//1400
f 1196//1400 1198//1402 1200//1400
f 1200//1400 1202//1400 1204//1403
f 1204//1403 1206//1400 1208//1402
f 1208//1402 1184//1399 1188//1402
f 1188//1402 1192//1404 1196//1400
f 1196//1400 1200//1400 1204//1403
f 1204//1403 1208//1402 1188//1402
f 1188//1402 1196//1400 1204//1403
f 1210//1405 1211//1406 1212//1407
f 1212//1407 1213//1406 1214//1406
f 1214//1406 1215//1408 1216//1407
f 1216//1407 1217//1407 1218//1408
f 1218//1408 1219//1406 1220//1406
f 1220//1406 1221//1406 1222//1409
f 1222//1409 1223//1406 1224//1406
f 1224//1406 1225//1408 1226//1410
f 1226//1410 1227//1410 1228//1406
f 1228//1406 1229//1408 1230//1407
f 1230//1407 1231//1407 1232//1407
f 1232//1407 1233//1408 1234//1408
f 1234//1408 1235//1410 1210//1405
f 1210//1405 1212//1407 1214//1406
f 1214//1406 1216//1407 1218//1408
f 1218//1408 1220//1406 1222//1409
f 1222//1409 1224//1406 1226//1410
f 1226//1410 1228//1406 1230//1407
f 1230//1407 1232//1407 1234//1408
f 1234//1408 1210//1405 1214//1406
f 1214//1406 1218//1408 1222//1409
f 1222//1409 1226//1410 1230//1407
f 1230//1407 1234//1408 1214//1406
f 1214//1406 1222//1409 1230//1407
f 1236//1411 1237//1411 1238//1411
f 1238//1411 1239//1411 1240//1412
f 1240//1412 1241//1411 1242//1412
f 1242//1412 1243//1411 1244//1411
f 1244//1411 1245//1413 1246//1414
f 1246//1414 1247//1411 1248//1415
f 1248//1415 1249//1414 1250//1414
f 1250//1414 1251//1414 1252//1411
f 1252//1411 1253//1411 1254//1411
f 1254//1411 1255//1416 1256//1412
f 1256//1412 1257//1416 1258//1411
f 1258//1411 1259//1416 1260//1411
f 1260//1411 1261//1416 1236//1411
f 1236//1411 1238//1411 1240//1412
f 1240//1412 1242//1412 1244//1411
f 1244//1411 1246//1414 1248//1415
f 1248//1415 1250//1414 1252//1411
f 1252//1411 1254//1411 1256//1412
f 1256//1412 1258//1411 1260//1411
f 1260//1411 1236//1411 1240//1412
f 1240//1412 1244//1411 1248//1415
f 1248//1415 1252//1411 1256//1412
f 1256//1412 1260//1411 1240//1412
f 1240//1412 1248//1415 1256//1412
f 1262//1417 1263//1418 1264//1418
f 1264//1418 1265//1419 1266//1418
f 1266//1418 1267//1419 1268//1420
f 1268//1420 1269//1419 1270//1421
f 1270//1421 1271//1417 1272//1419
f 1272//1419 1273//1419 1274//1419
f 1274//1419 1275//1419 1276//1419
f 1276//1419 1277//1419 1278//1418
f 1278//1418 1279//1419 1280//1419
f 1280//1419 1281//1419 1282//1422
f 1282//1422 1283//1419 1284//1421
f 1284//1421 1285//1422 1286//1421
f 1286//1421 1287//1418 1262//1417
f 1262//1417 1264//1418 1266//1418
f 1266//1418 1268//1420 1270//1421
f 1270//1421 1272//1419 1274//1419
f 1274//1419 1276//1419 1278//1418
f 1278//1418 1280//1419 1282//1422
f 1282//1422 1284//1421 1286//1421
f 1286//1421 1262//1417 1266//1418
f 1266//1418 1270//1421 1274//1419
f 1274//1419 1278//1418 1282//1422
f 1282//1422 1286//1421 1266//1418
f 1266//1418 1274//1419 1282//1422
f 1288//1423 1289//1424 1290//1425
f 862//1426 1291//1426 1292//1427
f 862//1426 1292//1427 863//1428
f 850//1429 1293//1430 1294//1431
f 850//1429 1294//1431 851//1432
f 1295//1433 846//1434 871//1435
f 1295//1433 871//1435 1296//1435
f 866//1436 1297//1436 1298//1437
f 866//1436 1298//1437 867//1438
f 1299//1439 1300//1440 790//1441
f 1299//1439 790//1441 321//1439
f 1301//1442 1302//1443 281//1444
f 1301//1442 281//1444 280//1445
f 1303//1446 1299//1439 321//1439
f 1303//1446 321//1439 320//744
f 855//1447 1304//1447 1305//1448
f 855//1447 1305//1448 856//1448
f 1031//1449 1306//1450 1307//1451
f 1031//1449 1307//1451 1032//1452
f 1308//1453 1309//652 777//1454
f 1308//1453 777//1454 348//1453
f 319//1455 318//656 1310//1456
f 319//1455 1310//1456 1311//1457
f 1312//1458 1173//1458 1172//1459
f 1312//1458 1172//1459 1313//1460
f 904//1461 1314//1462 1315//1463
f 904//1461 1315//1463 905//1464
f 1316//1465 903//1466 902//1467
f 1316//1465 902//1467 1317//1468
f 1318//1469 906//1470 905//1464
f 1318//1469 905//1464 1315//1463
f 1319//1471 908//1472 907//1473
f 1319//1471 907//1473 1320//1474
f 1320//1474 907//1473 906//1470
f 1320//1474 906//1470 1318//1469
f 901//1475 1321//1475 1317//1468
f 901//1475 1317//1468 902//1467
f 1322//1476 775//1477 579//1478
f 1323//1479 900//1479 899//1480
f 1323//1479 899//1480 1324//1480
f 1325//1481 909//1482 908//1472
f 1325//1481 908//1472 1319//1471
f 888//1483 1326//1483 1327//1484
f 888//1483 1327//1484 889//1484
f 1282//1485 1328//1485 1329//1486
f 1282//1485 1329//1486 1283//1486
f 942//1487 1330//1488 1331//1489
f 942//1487 1331//1489 943//1489
f 940//1490 1332//1491 1333//1492
f 940//1490 1333//1492 941//1493
f 1334//1494 891//1494 890//1495
f 1334//1494 890//1495 1335//1496
f 886//1497 1336//1498 1337//1499
f 886//1497 1337//1499 887//1500
f 938//1501 1338//1501 1339//1502
f 938//1501 1339//1502 939//1502
f 939//1502 1339//1502 1332//1491
f 939//1502 1332//1491 940//1490
f 1340//1503 893//1504 892//1505
f 1340//1503 892//1505 1341//1506
f 814//1507 1342//1508 1343//1509
f 1344//1510 1345//1511 822//1512
f 885//1513 1346//1513 1336//1498
f 885//1513 1336//1498 886//1497
f 644//1514 468//1515 1347//1516
f 1348//1517 945//1518 944//1519
f 1348//1517 944//1519 1349//1520
f 1350//1521 824//1522 373//1523
f 1351//1524 373//1523 1352//1525
f 1353//1526 1073//1527 1072//1528
f 1353//1526 1072//1528 1354//1529
f 947//1530 1355//1530 1356//1531
f 947//1530 1356//1531 948//1531
f 1355//1530 947//1530 946//1532
f 1355//1530 946//1532 1357//1533
f 884//1448 1358//1448 1346//1513
f 884//1448 1346//1513 885//1513
f 1359//1534 1218//1535 1217//1536
f 1359//1534 1217//1536 1360//1537
f 1361//1538 822//1512 625//1539
f 882//1540 1362//1540 1363//1541
f 882//1540 1363//1541 883//1541
f 929//1542 1364//1542 1365//1543
f 929//1542 1365//1543 930//1544
f 1366//1545 921//1546 920//1547
f 1366//1545 920//1547 1367//1548
f 918//1549 1368//1550 1369//1551
f 918//1549 1369//1551 919//1551
f 955//1552 1370//1553 1371//1554
f 955//1552 1371//1554 956//1555
f 1372//1556 1373//1557 624//1558
f 1085//1559 1374//1560 1375//1561
f 1085//1559 1375//1561 1086//1562
f 957//1563 1376//1564 1377//1565
f 957//1563 1377//1565 958//1566
f 1378//1567 1153//1568 1152//1569
f 1378//1567 1152//1569 1379//1570
f 1380//1571 1087//1572 1086//1562
f 1380//1571 1086//1562 1375//1561
f 954//1573 1381//1574 1370//1553
f 954//1573 1370//1553 955//1552
f 1382//1575 1383//1576 625//1539
f 1382//1575 625//1539 1384//1577
f 973//1578 1385//1579 1386//1580
f 973//1578 1386//1580 974//1580
f 1387//1581 925//1581 924//1582
f 1387//1581 924//1582 1388//1582
f 1389//1583 1089//1584 1088//1585
f 1389//1583 1088//1585 1390//1586
f 953//1587 1391//1588 1381//1574
f 953//1587 1381//1574 954//1573
f 881//1589 1392//1589 1362//1540
f 881//1589 1362//1540 882//1540
f 1393//1590 1394//1591 820//1592
f 1004//1593 1395//1594 1396//1595
f 1004//1593 1396//1595 1005//1596
f 951//1597 1397//1597 1398//1598
f 951//1597 1398//1598 952//1599
f 1071//1600 1399//1600 1354//1529
f 1071//1600 1354//1529 1072//1528
f 1400//1601 1401//1602 1402//1603
f 1400//1601 1402//1603 1403//1604
f 1131//1605 1404//1606 1405//1607
f 1131//1605 1405//1607 1106//1607
f 1028//1608 1406//1608 1407//1609
f 1028//1608 1407//1609 1029//1610
f 1408//1611 1092//1612 1091//1613
f 1408//1611 1091//1613 1409//1614
f 950//1615 1410//1616 1397//1597
f 950//1615 1397//1597 951//1597
f 1411//1617 1412//1618 1413//1619
f 964//1620 1414//1621 1415//1622
f 964//1620 1415//1622 965//1623
f 403//1624 1416//1625 634//1626
f 812//1627 811//1628 1417//1629
f 1418//1630 928//1630 927//1631
f 1418//1630 927//1631 1419//1632
f 1420//1633 1096//1633 1095//1634
f 1420//1633 1095//1634 1421//1635
f 1094//1636 1422//1637 1421//1635
f 1094//1636 1421//1635 1095//1634
f 1423//1638 812//1627 1417//1629
f 1423//1638 1417//1629 1424//1639
f 1425//1640 1426//1641 1427//1642
f 1428//1643 1429//1644 1430//1645
f 1431//1646 1236//1647 1261//1648
f 1431//1646 1261//1648 1432//1649
f 1433//1650 1434//1651 1435//1652
f 1436//1653 1437//1654 192//1654
f 1436//1653 192//1654 231//1653
f 930//1544 1365//1543 1438//1655
f 930//1544 1438//1655 931//1656
f 933//1657 1439//1657 1440//1658
f 933//1657 1440//1658 934//1658
f 1441//1659 1442//1660 1443//1661
f 1441//1659 1443//1661 1444//1662
f 1445//1663 1446//1664 1447//1665
f 1445//1663 1447//1665 1448//1666
f 926//1667 1449//1668 1419//1632
f 926//1667 1419//1632 927//1631
f 1364//1542 929//1542 928//1630
f 1364//1542 928//1630 1418//1630
f 1450//1669 1451//1670 1452//1671
f 1428//1643 1453//1672 1454//1673
f 1428//1643 1454//1673 1429//1644
f 1450//1669 1455//1674 1451//1670
f 1148//1675 1456//1675 1457//1676
f 1148//1675 1457//1676 1149//1676
f 992//1677 1458//1678 1459//1679
f 992//1677 1459//1679 993//1679
f 1460//1680 1461//1681 1462//1682
f 1460//1680 1462//1682 1463//1683
f 1464//1684 1465//1685 1466//1686
f 1104//1687 1467//1687 1468//1688
f 1104//1687 1468//1688 1105//1688
f 981//1689 1469//1690 1470//1691
f 981//1689 1470//1691 982//1692
f 1471//1693 403//1624 1472//1694
f 1473//1695 1474//1696 402//1697
f 1456//1675 1148//1675 1147//1698
f 1456//1675 1147//1698 1475//1699
f 1476//1700 812//1627 1423//1638
f 1477//1701 949//1702 948//1531
f 1477//1701 948//1531 1356//1531
f 1478//1703 995//1704 994//1705
f 1478//1703 994//1705 1479//1706
f 1146//1707 1480//1707 1475//1699
f 1146//1707 1475//1699 1147//1698
f 949//1702 1477//1701 1388//1582
f 949//1702 1388//1582 924//1582
f 1030//1708 1481//1709 1306//1450
f 1030//1708 1306//1450 1031//1449
f 987//1710 1482//1710 1483//1711
f 987//1710 1483//1711 988//1711
f 1145//1712 1484//1713 1480//1707
f 1145//1712 1480//1707 1146//1707
f 1485//1714 1129//1715 1128//1716
f 1485//1714 1128//1716 1486//1717
f 1487//1718 997//1719 996//1720
f 1487//1718 996//1720 1488//1721
f 1489//1722 1019//1723 1018//1724
f 1489//1722 1018//1724 1490//1725
f 1491//1726 1170//1727 1169//1728
f 1491//1726 1169//1728 1492//1729
f 1103//1730 1493//1731 1467//1687
f 1103//1730 1467//1687 1104//1687
f 1144//1732 1494//1733 1484//1713
f 1144//1732 1484//1713 1145//1712
f 1352//1525 373//1523 1495//1734
f 1100//1735 1496//1736 1497//1737
f 1100//1735 1497//1737 1101//1737
f 1498//1738 1499//1739 1500//1740
f 1501//1741 865//1742 864//1743
f 1501//1741 864//1743 1502//1744
f 1257//1745 1503//1746 1504//1747
f 1257//1745 1504//1747 1258//1748
f 1505//1749 1506//1750 1289//1424
f 1507//1751 859//1751 858//1752
f 1507//1751 858//1752 1508//1753
f 1509//1754 999//1755 998//1756
f 1509//1754 998//1756 1510//1756
f 1505//1749 1289//1424 1288//1423
f 1511//1757 1512//1758 1513//1759
f 1142//1760 1514//1760 1515//1761
f 1142//1760 1515//1761 1143//1761
f 1516//1762 824//1522 1517//1763
f 1518//1764 984//1765 983//1766
f 1518//1764 983//1766 1519//1767
f 1520//1768 1521//1769 1522//1770
f 889//1484 1327//1484 1335//1496
f 889//1484 1335//1496 890//1495
f 1523//1771 1524//1772 1525//1773
f 1523//1771 1525//1773 1526//1774
f 863//1428 1292//1427 1502//1744
f 863//1428 1502//1744 864//1743
f 1527//1775 1528//1776 1529//1777
f 1527//1775 1530//1778 1511//1757
f 1531//1779 1532//1780 1533//1781
f 1534//1782 1535//1783 1513//1759
f 1536//1784 852//1785 851//1432
f 1536//1784 851//1432 1294//1431
f 1537//1786 976//1786 1001//1787
f 1537//1786 1001//1787 1538//1788
f 803//1789 1539//1790 808//1791
f 1540//1792 959//1793 958//1566
f 1540//1792 958//1566 1377//1565
f 1293//1430 850//1429 849//1794
f 1293//1430 849//1794 1541//1795
f 1542//1796 1543//1797 1544//1798
f 1545//1799 1140//1800 1139//1801
f 1545//1799 1139//1801 1546//1802
f 1140//1800 1545//1799 1547//1803
f 1140//1800 1547//1803 1141//1803
f 986//1804 1548//1804 1482//1710
f 986//1804 1482//1710 987//1710
f 1444//1662 1549//1805 1441//1659
f 1550//1806 1551//1807 1532//1780
f 1550//1806 1532//1780 1531//1779
f 1255//1808 1552//1809 1553//1810
f 1255//1808 1553//1810 1256//1811
f 1550//1806 1554//1812 1555//1813
f 847//1814 1556//1815 1557//1816
f 847//1814 1557//1816 848//1817
f 1455//1674 1450//1669 1558//1818
f 1455//1674 1558//1818 1559//1819
f 1560//1820 1561//1821 1562//1822
f 1097//1823 1563//1823 1564//1824
f 1097//1823 1564//1824 1098//1824
f 1565//1825 1200//1826 1199//1827
f 1565//1825 1199//1827 1566//1828
f 1263//1829 1567//1829 1568//1830
f 1263//1829 1568//1830 1264//1831
f 1569//1832 472//1833 1570//1834
f 1571//1835 1245//1836 1244//1837
f 1571//1835 1244//1837 1572//1838
f 1176//1839 1573//1840 1574//1841
f 1176//1839 1574//1841 1177//1842
f 934//1658 1440//1658 1575//1843
f 934//1658 1575//1843 935//1844
f 1576//1845 1577//1846 803//1789
f 1576//1845 803//1789 547//1847
f 1578//1848 818//1849 1579//1850
f 982//1692 1470//1691 1519//1767
f 982//1692 1519//1767 983//1766
f 1580//1851 1231//1852 1230//1853
f 1580//1851 1230//1853 1581//1854
f 1582//1855 1159//1856 1158//1857
f 1582//1855 1158//1857 1583//1857
f 1584//1858 1183//1859 1182//1860
f 1584//1858 1182//1860 1585//1861
f 1586//1862 471//1863 1587//1864
f 1588//1865 1238//1865 1237//1866
f 1588//1865 1237//1866 1589//1867
f 1590//1868 1247//1869 1246//1870
f 1590//1868 1246//1870 1591//1871
f 1453//1672 1592//1872 1454//1673
f 1593//1873 1175//1874 1174//1875
f 1593//1873 1174//1875 1594//1875
f 1595//1876 1248//1877 1247//1869
f 1595//1876 1247//1869 1590//1868
f 1143//1761 1515//1761 1494//1733
f 1143//1761 1494//1733 1144//1732
f 1589//1867 1237//1866 1236//1647
f 1589//1867 1236//1647 1431//1646
f 1596//1878 1597//1879 546//1880
f 1598//1881 1251//1881 1250//1882
f 1598//1881 1250//1882 1599//1882
f 1432//1649 1261//1648 1260//1883
f 1432//1649 1260//1883 1600//1883
f 1544//1798 1601//1884 1602//1885
f 1544//1798 1602//1885 1542//1796
f 468//1515 467//1886 1603//1887
f 1604//1888 1171//1889 1170//1727
f 1604//1888 1170//1727 1491//1726
f 1313//1460 1172//1459 1171//1889
f 1313//1460 1171//1889 1604//1888
f 1605//1890 1435//1652 1606//1891
f 1251//1881 1598//1881 1607//1892
f 1251//1881 1607//1892 1252//1892
f 814//1507 1596//1878 546//1880
f 1252//1892 1607//1892 1608//1893
f 1252//1892 1608//1893 1253//1893
f 468//1515 1603//1887 1609//1894
f 1610//1895 1154//1896 1153//1568
f 1610//1895 1153//1568 1378//1567
f 1168//1897 1611//1898 1492//1729
f 1168//1897 1492//1729 1169//1728
f 1109//1899 1612//1900 1613//1901
f 1109//1899 1613//1901 1110//1902
f 1585//1861 1182//1860 1181//1903
f 1585//1861 1181//1903 1614//1904
f 1602//1885 1615//1905 1616//1906
f 1617//1907 1618//1908 1619//1909
f 1620//1910 1259//1911 1258//1748
f 1620//1910 1258//1748 1504//1747
f 1621//1912 1201//1912 1200//1826
f 1621//1912 1200//1826 1565//1825
f 1224//1913 1622//1914 1623//1915
f 1224//1913 1623//1915 1225//1915
f 1624//1916 1625//1917 1561//1821
f 1114//1918 1626//1919 1627//1920
f 1114//1918 1627//1920 1115//1921
f 1581//1854 1230//1853 1229//1922
f 1581//1854 1229//1922 1628//1923
f 1015//1924 1629//1925 1630//1926
f 1015//1924 1630//1926 1016//1926
f 1444//1927 1443//1928 1631//1929
f 1444//1927 1631//1929 1632//1930
f 1068//1931 1633//1932 1634//1933
f 1068//1931 1634//1933 1069//1934
f 1111//1935 1635//1936 1636//1937
f 1111//1935 1636//1937 1112//1937
f 1637//1938 1075//1939 1074//1940
f 1637//1938 1074//1940 1638//1941
f 1108//1942 1639//1943 1612//1900
f 1108//1942 1612//1900 1109//1899
f 984//1765 1518//1764 1640//1944
f 984//1765 1640//1944 985//1945
f 1641//1946 1076//1947 1075//1939
f 1641//1946 1075//1939 1637//1938
f 1106//1607 1405//1607 1642//1948
f 1106//1607 1642//1948 1107//1949
f 1450//1669 1452//1671 1643//1950
f 1644//1951 1464//1684 1466//1686
f 1064//1952 1645//1953 1646//1954
f 1064//1952 1646//1954 1065//1954
f 1647//1955 1648//1956 1649//1957
f 1650//1958 1079//1959 1078//1960
f 1650//1958 1078//1960 1651//1961
f 1652//1962 1054//1963 1079//1959
f 1652//1962 1079//1959 1650//1958
f 941//1493 1333//1492 1330//1488
f 941//1493 1330//1488 942//1487
f 943//1489 1331//1489 1349//1520
f 943//1489 1349//1520 944//1519
f 1130//1964 1653//1965 1404//1606
f 1130//1964 1404//1606 1131//1605
f 403//1624 1654//1966 1416//1625
f 1055//1967 1655//1967 1656//1968
f 1055//1967 1656//1968 1056//1968
f 1657//1969 628//1970 627//1971
f 1657//1969 627//1971 1658//1972
f 1107//1949 1642//1948 1639//1943
f 1107//1949 1639//1943 1108//1942
f 825//1973 476//1974 1659//1975
f 476//1974 1660//1976 1661//1977
f 1662//1978 1663//1979 1664//1980
f 1662//1978 1664//1980 1665//1981
f 1666//1982 1226//1483 1225//1915
f 1666//1982 1225//1915 1623//1915
f 1667//1983 1668//1984 1669//1985
f 1669//1985 1668//1984 1670//1986
f 1663//1979 1662//1978 1644//1951
f 1450//1669 1643//1950 1671//1987
f 1450//1669 1671//1987 1672//1988
f 1033//1989 1673//1990 1674//1991
f 1033//1989 1674//1991 1034//1992
f 1017//1993 1675//1993 1490//1725
f 1017//1993 1490//1725 1018//1724
f 1223//1994 1676//1995 1622//1914
f 1223//1994 1622//1914 1224//1913
f 1512//1758 1534//1782 1513//1759
f 1493//1731 1103//1730 1102//1996
f 1493//1731 1102//1996 1677//1997
f 1678//1998 1679//1999 1680//2000
f 1678//1998 1680//2000 1681//2001
f 1682//2002 1277//2002 1276//2003
f 1682//2002 1276//2003 1683//2003
f 1058//2004 1684//2005 1685//2006
f 1058//2004 1685//2006 1059//2007
f 454//2008 1686//2009 626//2010
f 1583//1857 1158//1857 1183//1859
f 1583//1857 1183//1859 1584//1858
f 1125//2011 1687//1630 1688//2012
f 1125//2011 1688//2012 1126//2013
f 1126//2013 1688//2012 1689//2014
f 1126//2013 1689//2014 1127//2015
f 1083//2016 1690//2017 1691//2018
f 1083//2016 1691//2018 1084//2019
f 1550//1806 1544//1798 1554//1812
f 819//2020 825//1973 1692//2021
f 1029//1610 1407//1609 1481//1709
f 1029//1610 1481//1709 1030//1708
f 1040//2022 1693//2023 1694//2024
f 1040//2022 1694//2024 1041//2024
f 460//2025 1695//2026 1696//2027
f 1697//2028 1043//2028 1042//2029
f 1697//2028 1042//2029 1698//2029
f 1698//2029 1042//2029 1041//2024
f 1698//2029 1041//2024 1694//2024
f 1092//1612 1408//1611 1699//2030
f 1092//1612 1699//2030 1093//2030
f 1007//2031 1700//2032 1701//2033
f 1007//2031 1701//2033 1008//2034
f 1009//2035 1702//2036 1703//2037
f 1009//2035 1703//2037 1010//2038
f 1012//2039 1704//2040 1705//2041
f 1012//2039 1705//2041 1013//2042
f 1706//2043 1707//2044 1708//2045
f 1709//2046 1208//2047 1207//2048
f 1709//2046 1207//2048 1710//2048
f 1520//1768 1522//1770 1711//2049
f 1520//1768 1711//2049 1712//2050
f 1227//2051 1713//2052 1714//2053
f 1227//2051 1714//2053 1228//2054
f 1715//2055 1716//2056 1717//2057
f 1715//2055 1717//2057 1718//2058
f 1719//2059 1720//2060 1448//1666
f 1628//1923 1229//1922 1228//2054
f 1628//1923 1228//2054 1714//2053
f 1721//2061 1707//2044 1706//2043
f 1722//2062 1099//2063 1098//1824
f 1722//2062 1098//1824 1564//1824
f 1226//1483 1666//1982 1713//2052
f 1226//1483 1713//2052 1227//2051
f 1723//2064 1724//2065 824//1522
f 1723//2064 824//1522 1516//1762
f 1066//2066 1725//2067 1726//2068
f 1066//2066 1726//2068 1067//2069
f 1428//1643 1727//2070 1728//2071
f 737//2072 1729//2073 1730//2074
f 1043//2028 1697//2028 1731//2075
f 1043//2028 1731//2075 1044//2075
f 1047//2076 1732//2077 1733//2078
f 1047//2076 1733//2078 1048//2079
f 1734//2080 1006//2081 1005//1596
f 1734//2080 1005//1596 1396//1595
f 1735//2082 1116//2083 1115//1921
f 1735//2082 1115//1921 1627//1920
f 990//2084 1736//2084 1737//2085
f 990//2084 1737//2085 991//2085
f 1738//2086 1739//2087 1740//2088
f 1738//2086 1740//2088 1741//2089
f 1052//2090 1742//1883 1743//2091
f 1052//2090 1743//2091 1053//2092
f 1179//2093 1744//2094 1745//2095
f 1179//2093 1745//2095 1180//2095
f 1053//2092 1743//2091 1406//1608
f 1053//2092 1406//1608 1028//1608
f 1192//2096 1746//2097 1747//2098
f 1192//2096 1747//2098 1193//2099
f 1748//2100 1749//2101 1750//2102
f 1751//2103 1561//1821 1560//1820
f 1741//2089 1752//2104 1753//2105
f 1741//2089 1753//2105 1754//2106
f 1755//2107 1427//1642 1426//1641
f 1755//2107 1426//1641 1754//2106
f 1720//2060 1445//1663 1448//1666
f 1719//2059 1448//1666 1756//2108
f 1753//2105 1752//2104 1757//2109
f 1758//2110 922//2111 921//1546
f 1758//2110 921//1546 1366//1545
f 857//1712 1759//2112 1508//1753
f 857//1712 1508//1753 858//1752
f 630//2113 738//2114 1760//2115
f 1003//2116 1761//2117 1395//1594
f 1003//2116 1395//1594 1004//1593
f 1732//2077 1047//2076 1046//2118
f 1732//2077 1046//2118 1762//2119
f 626//2010 1763//2120 1764//2121
f 1048//2079 1733//2078 1765//2122
f 1048//2079 1765//2122 1049//2123
f 1766//2124 923//1540 922//2111
f 1766//2124 922//2111 1758//2110
f 1767//2125 898//2125 923//1540
f 1767//2125 923//1540 1766//2124
f 1324//1480 899//1480 898//2125
f 1324//1480 898//2125 1767//2125
f 1768//2126 1769//2127 1770//2128
f 1768//2126 1770//2128 1771//2129
f 1683//2003 1276//2003 1275//2130
f 1683//2003 1275//2130 1772//2131
f 1773//2132 1273//2132 1272//2133
f 1773//2132 1272//2133 1774//2133
f 1775//2134 1002//2135 1027//2136
f 1775//2134 1027//2136 1776//2137
f 447//2138 630//2113 1777//2139
f 1221//2140 1778//2141 1779//2142
f 1221//2140 1779//2142 1222//2143
f 1002//2135 1775//2134 1761//2117
f 1002//2135 1761//2117 1003//2116
f 854//2144 1780//2145 1304//1447
f 854//2144 1304//1447 855//1447
f 1277//2002 1682//2002 1781//2146
f 1277//2002 1781//2146 1278//2146
f 1278//2146 1781//2146 1782//2147
f 1278//2146 1782//2147 1279//2147
f 447//2138 1783//2148 1784//2149
f 1785//2150 1197//2150 1196//2151
f 1785//2150 1196//2151 1786//2152
f 1218//1535 1359//1534 1787//2153
f 1218//1535 1787//2153 1219//2154
f 447//2138 1777//2139 1783//2148
f 903//1466 1316//1465 1314//1462
f 903//1466 1314//1462 904//1461
f 1538//1788 1001//1787 1000//2155
f 1538//1788 1000//2155 1788//2156
f 1215//2157 1789//2158 1790//2159
f 1215//2157 1790//2159 1216//2160
f 1054//1963 1652//1962 1655//1967
f 1054//1963 1655//1967 1055//1967
f 1791//2077 1281//2077 1280//2161
f 1791//2077 1280//2161 1792//2162
f 1281//2077 1791//2077 1328//1485
f 1281//2077 1328//1485 1282//1485
f 452//2163 451//2164 1793//2165
f 1794//2166 1214//2167 1213//2168
f 1794//2166 1213//2168 1795//2169
f 1796//2170 1077//2171 1076//1947
f 1796//2170 1076//1947 1641//1946
f 1797//2172 1209//2173 1208//2047
f 1797//2172 1208//2047 1709//2046
f 1283//1486 1329//1486 1798//2174
f 1283//1486 1798//2174 1284//2175
f 1799//2176 1254//2176 1253//1893
f 1799//2176 1253//1893 1608//1893
f 1188//2177 1800//2178 1801//2179
f 1188//2177 1801//2179 1189//2179
f 1189//2179 1801//2179 1802//2180
f 1189//2179 1802//2180 1190//2180
f 1795//2169 1213//2168 1212//2181
f 1795//2169 1212//2181 1803//2182
f 977//2183 1804//2183 1805//2184
f 977//2183 1805//2184 978//2185
f 452//2163 1806//2186 1807//2187
f 1808//2188 1198//2189 1197//2150
f 1808//2188 1197//2150 1785//2150
f 1193//2099 1747//2098 1809//2190
f 1193//2099 1809//2190 1194//2191
f 1194//2191 1809//2190 1810//2192
f 1194//2191 1810//2192 1195//2193
f 396//2194 1811//2195 397//2196
f 1746//2097 1192//2096 1191//2197
f 1746//2097 1191//2197 1812//2197
f 1599//1882 1250//1882 1249//2198
f 1599//1882 1249//2198 1813//2199
f 1812//2197 1191//2197 1190//2180
f 1812//2197 1190//2180 1802//2180
f 1814//2200 1057//2200 1056//1968
f 1814//2200 1056//1968 1656//1968
f 1815//2201 1816//2202 353//2202
f 1815//2201 353//2202 352//2203
f 1817//2204 1818//2205 781//2206
f 1817//2204 781//2206 780//2207
f 1819//2208 1820//2209 308//2210
f 1819//2208 308//2210 193//2211
f 1175//1874 1593//1873 1573//1840
f 1175//1874 1573//1840 1176//1839
f 1821//2212 1707//2044 1721//2061
f 1522//1770 1822//2213 1711//2049
f 1376//1564 957//1563 956//1555
f 1376//1564 956//1555 1371//1554
f 1591//1871 1246//1870 1245//1836
f 1591//1871 1245//1836 1571//1835
f 1823//2214 1824//2215 779//2216
f 1823//2214 779//2216 259//2214
f 1825//2217 1618//1908 1617//1907
f 1673//1990 1033//1989 1032//1452
f 1673//1990 1032//1452 1307//1451
f 1826//2218 1285//2218 1284//2175
f 1826//2218 1284//2175 1798//2174
f 1214//2167 1794//2166 1789//2158
f 1214//2167 1789//2158 1215//2157
f 1827//2219 1602//1885 1601//1884
f 1828//2220 1632//2221 247//2221
f 1828//2220 247//2221 246//2222
f 1151//2223 1829//2224 1379//1570
f 1151//2223 1379//1570 1152//1569
f 1830//2225 979//2226 978//2185
f 1830//2225 978//2185 1805//2184
f 1008//2034 1701//2033 1702//2036
f 1008//2034 1702//2036 1009//2035
f 848//1817 1557//1816 1541//1795
f 848//1817 1541//1795 849//1794
f 1202//2227 1831//2228 1832//2229
f 1202//2227 1832//2229 1203//2230
f 1833//843 1817//2204 780//2207
f 1833//843 780//2207 215//1301
f 1834//2231 1828//2220 246//2222
f 1834//2231 246//2222 350//2231
f 1835//2232 1836//2233 776//2233
f 1835//2232 776//2233 792//2234
f 865//1742 1501//1741 1297//1436
f 865//1742 1297//1436 866//1436
f 1837//2235 1413//1619 1838//2236
f 1044//2075 1731//2075 1839//2237
f 1044//2075 1839//2237 1045//2238
f 1840//2239 1841//2240 1842//2241
f 1840//2239 1842//2241 1843//2242
f 868//2243 1844//2244 1845//2245
f 868//2243 1845//2245 869//2245
f 846//1434 1295//1433 1556//1815
f 846//1434 1556//1815 847//1814
f 1614//1904 1181//1903 1180//2095
f 1614//1904 1180//2095 1745//2095
f 1846//2246 1014//2247 1013//2042
f 1846//2246 1013//2042 1705//2041
f 1792//2162 1280//2161 1279//2147
f 1792//2162 1279//2147 1782//2147
f 1847//2248 1178//2248 1177//1842
f 1847//2248 1177//1842 1574//1841
f 1178//2248 1847//2248 1744//2094
f 1178//2248 1744//2094 1179//2093
f 1527//1775 1529//1777 1530//1778
f 1806//2186 1848//2249 1849//2250
f 1806//2186 1849//2250 1850//2251
f 460//2025 1851//2252 1695//2026
f 1010//2038 1703//2037 1852//2253
f 1010//2038 1852//2253 1011//2254
f 1205//2255 1853//2256 1854//2257
f 1205//2255 1854//2257 1206//2258
f 1265//2259 1855//2259 1856//2260
f 1265//2259 1856//2260 1266//2261
f 1710//2048 1207//2048 1206//2258
f 1710//2048 1206//2258 1854//2257
f 925//1581 1387//1581 1449//1668
f 925//1581 1449//1668 926//1667
f 1857//2262 825//1973 1858//2263
f 1857//2262 1858//2263 1859//2264
f 1414//1621 964//1620 963//2265
f 1414//1621 963//2265 1860//2266
f 1861//2267 1771//2129 1862//2268
f 1087//1572 1380//1571 1390//1586
f 1087//1572 1390//1586 1088//1585
f 1262//2269 1863//2269 1567//1829
f 1262//2269 1567//1829 1263//1829
f 1428//1643 1430//1645 1727//2070
f 1864//2270 810//2271 472//1833
f 1864//2270 472//1833 1569//1832
f 1865//2272 1866//2273 1867//2274
f 1865//2272 1867//2274 1868//2275
f 1869//2276 1267//2277 1266//2261
f 1869//2276 1266//2261 1856//2260
f 1112//1937 1636//1937 1870//2278
f 1112//1937 1870//2278 1113//2278
f 1871//2279 1039//2280 1038//2281
f 1871//2279 1038//2281 1872//2282
f 878//2283 1873//2284 1874//2285
f 878//2283 1874//2285 879//2286
f 1525//1773 1524//1772 1875//2287
f 1309//652 1876//2288 778//2288
f 1309//652 778//2288 777//1454
f 1820//2209 1877//2289 309//2290
f 1820//2209 309//2290 308//2210
f 1878//2291 1506//1750 1505//1749
f 852//1785 1536//1784 1879//2292
f 852//1785 1879//2292 853//2293
f 856//1448 1305//1448 1759//2112
f 856//1448 1759//2112 857//1712
f 1534//1782 1880//2294 1535//1783
f 1881//2295 463//2296 1882//2297
f 1049//2123 1765//2122 1883//2298
f 1049//2123 1883//2298 1050//2299
f 1884//2300 1885//2301 634//1626
f 1566//1828 1199//1827 1198//2189
f 1566//1828 1198//2189 1808//2188
f 1816//2202 1886//2302 286//2303
f 1816//2202 286//2303 353//2202
f 1302//1443 1887//2304 336//2305
f 1302//1443 336//2305 281//1444
f 1542//1796 1888//2306 1543//1797
f 1129//1715 1485//1714 1653//1965
f 1129//1715 1653//1965 1130//1964
f 1829//2224 1151//2223 1150//2307
f 1829//2224 1150//2307 1889//2308
f 1890//2309 1891//2310 402//1697
f 1892//2311 579//1478 578//2312
f 1818//2205 1815//2201 352//2203
f 1818//2205 352//2203 781//2206
f 1552//1809 1255//1808 1254//2176
f 1552//1809 1254//2176 1799//2176
f 1893//2313 1894//2314 1840//2239
f 1893//2313 1840//2239 1843//2242
f 937//2315 1895//2315 1338//1501
f 937//2315 1338//1501 938//1501
f 1063//2316 1896//2316 1645//1953
f 1063//2316 1645//1953 1064//1952
f 1897//2317 1898//2318 1539//1790
f 1897//2317 1539//1790 803//1789
f 632//2319 1899//2320 1900//2321
f 1291//1426 862//1426 861//2322
f 1291//1426 861//2322 1901//2323
f 1222//2143 1779//2142 1676//1995
f 1222//2143 1676//1995 1223//1994
f 1286//1803 1902//1803 1903//1760
f 1286//1803 1903//1760 1287//1760
f 1841//2240 1535//1783 1880//2294
f 1841//2240 1880//2294 1842//2241
f 1288//1423 1290//1425 1894//2314
f 1288//1423 1894//2314 1893//2313
f 330//2324 309//2290 1877//2289
f 330//2324 1877//2289 1904//2324
f 1844//2244 868//2243 867//1438
f 1844//2244 867//1438 1298//1437
f 870//2325 1905//2325 1296//1435
f 870//2325 1296//1435 871//1435
f 1411//1617 1906//2326 1907//2327
f 1411//1617 1907//2327 1908//2328
f 935//1844 1575//1843 1909//1875
f 935//1844 1909//1875 936//2329
f 1910//2330 1911//2331 782//2332
f 1910//2330 782//2332 791//2330
f 1912//2333 1913//2334 1914//2335
f 1912//2333 1914//2335 1915//2336
f 1524//1772 1915//2336 1914//2335
f 1524//1772 1914//2335 1875//2287
f 1060//2337 1916//2338 1917//2339
f 1060//2337 1917//2339 1061//2340
f 1913//2334 1912//2333 1506//1750
f 1913//2334 1506//1750 1878//2291
f 1918//2341 860//2342 859//1751
f 1918//2341 859//1751 1507//1751
f 1550//1806 1555//1813 1551//1807
f 1542//1796 1523//1771 1888//2306
f 869//2245 1845//2245 1905//2325
f 869//2245 1905//2325 870//2325
f 936//2329 1909//1875 1895//2315
f 936//2329 1895//2315 937//2315
f 1919//2343 1920//2344 1921//2345
f 1919//2343 1921//2345 1922//2346
f 1923//2347 1910//2330 791//2330
f 1923//2347 791//2330 784//2348
f 1437//1654 1819//2208 193//2211
f 1437//1654 193//2211 192//1654
f 1739//2087 1738//2086 1707//2044
f 1739//2087 1707//2044 1821//2212
f 1924//2349 1833//843 215//1301
f 1924//2349 215//1301 214//2350
f 1925//2351 1926//2352 1927//2353
f 1925//2351 1927//2353 1928//2354
f 1929//2355 1930//2356 1931//2357
f 1929//2355 1931//2357 1932//2358
f 860//2342 1918//2341 1901//2323
f 860//2342 1901//2323 861//2322
f 1933//2359 1934//2360 1935//2361
f 1933//2359 1935//2361 1936//2362
f 1618//1908 1937//2363 1619//1909
f 967//2364 1938//2365 1939//2366
f 967//2364 1939//2366 968//2367
f 1762//2119 1046//2118 1045//2238
f 1762//2119 1045//2238 1839//2237
f 1077//2171 1796//2170 1651//1961
f 1077//2171 1651//1961 1078//1960
f 1940//2368 1941//2369 813//2370
f 629//2371 1942//2372 1943//2373
f 1285//2218 1826//2218 1902//1803
f 1285//2218 1902//1803 1286//1803
f 1944//2374 1945//2375 1706//2043
f 1944//2374 1706//2043 1946//2376
f 985//1945 1640//1944 1548//1804
f 985//1945 1548//1804 986//1804
f 1409//1614 1091//1613 1090//2377
f 1409//1614 1090//2377 1947//2377
f 633//2378 1948//2379 1949//2380
f 1410//1616 950//1615 975//2381
f 1410//1616 975//2381 1950//2382
f 1951//2383 1952//2384 809//2385
f 976//1786 1537//1786 1804//2183
f 976//1786 1804//2183 977//2183
f 1953//2386 1954//2387 1617//1907
f 1953//2386 1617//1907 1619//1909
f 447//2138 1784//2149 1955//2388
f 1684//2005 1058//2004 1057//2200
f 1684//2005 1057//2200 1814//2200
f 1587//1864 471//1863 775//1477
f 1587//1864 775//1477 1956//2389
f 1322//1476 1957//2390 775//1477
f 396//2194 1958//2391 1811//2195
f 396//2194 631//2392 1959//2393
f 396//2194 1959//2393 1960//2394
f 631//2392 1961//2395 1959//2393
f 631//2392 1962//2396 1961//2395
f 631//2392 452//2163 1963//2397
f 631//2392 1963//2397 1962//2396
f 1495//1734 373//1523 372//2398
f 1495//1734 372//2398 1964//2399
f 891//1494 1334//1494 1341//1506
f 891//1494 1341//1506 892//1505
f 1965//2400 811//1628 1966//2401
f 1724//2065 1967//2402 804//2403
f 1968//2404 1969//2405 1970//2406
f 1968//2404 1970//2406 1971//2407
f 1972//2408 812//1627 1476//1700
f 1973//2409 1974//2410 1975//2411
f 1973//2409 1975//2411 1976//2412
f 1977//2413 1978//2414 1712//2050
f 1579//1850 1979//2415 1980//2416
f 1579//1850 1980//2416 1981//2417
f 1982//2418 1983//2419 1984//2420
f 1982//2418 1984//2420 1985//2421
f 1185//2422 1986//2423 1987//2130
f 1185//2422 1987//2130 1186//2130
f 1988//2424 1989//2425 1990//2426
f 1988//2424 1990//2426 1991//2427
f 1992//2428 1117//2428 1116//2083
f 1992//2428 1116//2083 1735//2082
f 1118//2429 1993//2430 1994//2431
f 1118//2429 1994//2431 1119//2431
f 1995//2432 1521//1769 1520//1768
f 464//2433 463//2296 1881//2295
f 464//2433 1881//2295 1996//2434
f 451//2164 1997//2435 1793//2165
f 1204//2436 1998//2437 1853//2256
f 1204//2436 1853//2256 1205//2255
f 1753//2105 1755//2107 1754//2106
f 1594//1875 1174//1875 1173//1458
f 1594//1875 1173//1458 1312//1458
f 1999//2438 818//1849 1578//1848
f 1267//2277 1869//2276 2000//2439
f 1267//2277 2000//2439 1268//2440
f 1219//2154 1787//2153 2001//2441
f 1219//2154 2001//2441 1220//2442
f 2002//2443 625//1539 624//1558
f 2003//2444 1837//2235 2004//2445
f 1776//2137 1027//2136 1026//2446
f 1776//2137 1026//2446 2005//2447
f 2006//2448 1668//1984 1667//1983
f 1036//2449 2007//2450 2008//2451
f 1036//2449 2008//2451 1037//2452
f 2009//2453 1864//2270 1569//1832
f 2009//2453 1569//1832 2010//2454
f 1132//2455 2011//2455 2012//2456
f 1132//2455 2012//2456 1133//2457
f 819//2020 1692//2021 2013//2458
f 2014//2459 1135//2460 1134//2461
f 2014//2459 1134//2461 2015//2461
f 1422//1637 1094//1636 1093//2030
f 1422//1637 1093//2030 1699//2030
f 1073//1527 1353//1526 1638//1941
f 1073//1527 1638//1941 1074//1940
f 1241//2436 2016//2437 2017//2462
f 1241//2436 2017//2462 1242//2463
f 2018//2464 1897//2317 803//1789
f 1451//1670 2019//2465 2020//2466
f 1451//1670 2020//2466 2021//2467
f 2022//2468 966//2469 965//1623
f 2022//2468 965//1623 1415//1622
f 2023//2470 1471//1693 2024//2471
f 2023//2470 2024//2471 2025//2472
f 1510//1756 998//1756 997//1719
f 1510//1756 997//1719 1487//1718
f 2026//2473 1361//1538 625//1539
f 1080//2474 2027//2475 2028//2476
f 1080//2474 2028//2476 1081//2477
f 1127//2015 1689//2014 1486//1717
f 1127//2015 1486//1717 1128//1716
f 1947//2377 1090//2377 1089//1584
f 1947//2377 1089//1584 1389//1583
f 2029//2478 644//1514 2030//2479
f 880//2480 2031//2481 1392//1589
f 880//2480 1392//1589 881//1589
f 2032//2482 1944//2374 1946//2376
f 2032//2482 1946//2376 2033//2483
f 1945//2375 1721//2061 1706//2043
f 1600//1883 1260//1883 1259//1911
f 1600//1883 1259//1911 1620//1910
f 1647//1955 2034//2484 2035//2484
f 1647//1955 2035//2484 1648//1956
f 1361//1538 1344//1510 822//1512
f 1347//1516 468//1515 1926//2352
f 1347//1516 1926//2352 1925//2351
f 2036//2485 875//2486 874//1893
f 2036//2485 874//1893 2037//2487
f 2038//1787 897//2488 896//2489
f 2038//1787 896//2489 2039//2489
f 2040//2490 912//2490 911//2491
f 2040//2490 911//2491 2041//2492
f 1882//2297 463//2296 817//2493
f 1882//2297 817//2493 2042//2494
f 476//1974 2043//2495 1659//1975
f 467//1886 2044//2496 2045//2497
f 808//1791 1539//1790 2046//2498
f 2047//2499 2048//2500 1383//1576
f 2047//2499 1383//1576 1382//1575
f 2003//2444 1411//1617 1413//1619
f 2003//2444 1413//1619 1837//2235
f 1934//2360 1933//2359 2049//2501
f 1934//2360 2049//2501 2050//2502
f 471//1863 1586//1862 2051//2503
f 471//1863 2051//2503 472//1833
f 2002//2443 624//1558 1373//1557
f 1394//1591 1372//1556 624//1558
f 1394//1591 624//1558 820//1592
f 1411//1617 1908//2328 1412//1618
f 2027//2475 1080//2474 1105//1688
f 2027//2475 1105//1688 1468//1688
f 1972//2408 817//2493 812//1627
f 1141//1803 1547//1803 1514//1760
f 1141//1803 1514//1760 1142//1760
f 2052//2504 1400//1601 1403//1604
f 2052//2504 1403//1604 2053//2505
f 1081//2477 2028//2476 2054//2506
f 1081//2477 2054//2506 1082//2507
f 1096//1633 1420//1633 1563//1823
f 1096//1633 1563//1823 1097//1823
f 2055//2508 2056//2509 2057//2510
f 2055//2508 2057//2510 2058//2511
f 453//2512 2059//2513 2060//2514
f 1024//2515 2061//2516 2062//2517
f 1024//2515 2062//2517 1025//2518
f 808//1791 2046//2498 2063//2519
f 464//2433 2064//2520 1979//2415
f 980//2521 2065//2521 1469//1690
f 980//2521 1469//1690 981//1689
f 738//2114 2066//2522 2067//2523
f 1675//1993 1017//1993 1016//1926
f 1675//1993 1016//1926 1630//1926
f 546//1880 1597//1879 2068//2524
f 2069//2525 1342//1508 2070//2526
f 2069//2525 2070//2526 2071//2527
f 2072//2528 2073//2529 1969//2405
f 2072//2528 1969//2405 1968//2404
f 1971//2407 1970//2406 2074//2530
f 1971//2407 2074//2530 2075//2531
f 1850//2251 1849//2250 2076//2532
f 1850//2251 2076//2532 2077//2533
f 2078//2534 1393//1590 820//1592
f 629//2371 2079//2535 1942//2372
f 807//2536 822//1512 2080//2537
f 807//2536 2080//2537 2081//2538
f 2082//2539 1051//2540 1050//2299
f 2082//2539 1050//2299 1883//2298
f 2083//2541 1768//2126 1861//2267
f 460//2025 2084//2542 1851//2252
f 1899//2320 632//2319 397//2196
f 1899//2320 397//2196 2085//2543
f 453//2512 2060//2514 2086//2544
f 453//2512 2086//2544 454//2008
f 633//2378 1949//2380 2087//2545
f 2088//2546 2089//2547 2090//2548
f 2088//2546 2090//2548 2091//2549
f 1167//2012 2092//2012 1611//1898
f 1167//2012 1611//1898 1168//1897
f 1800//2178 1188//2177 1187//2550
f 1800//2178 1187//2550 2093//2551
f 2094//2552 916//2553 915//2554
f 2094//2552 915//2554 2095//2554
f 546//1880 2068//2524 2096//2555
f 546//1880 2096//2555 547//1847
f 2097//2556 1210//2557 1235//2558
f 2097//2556 1235//2558 2098//2558
f 451//2164 2099//2559 1997//2435
f 2061//2516 1024//2515 1023//2560
f 2061//2516 1023//2560 2100//2561
f 630//2113 1760//2115 2101//2562
f 819//2020 2013//2458 2102//2563
f 2103//2564 1121//2565 1120//2566
f 2103//2564 1120//2566 2104//2566
f 1687//1630 1125//2011 1124//2567
f 1687//1630 1124//2567 2105//2568
f 910//2569 2106//2569 2041//2492
f 910//2569 2041//2492 911//2491
f 995//1704 1478//1703 1488//1721
f 995//1704 1488//1721 996//1720
f 2107//2570 1162//2571 1161//2572
f 2107//2570 1161//2572 2108//2573
f 900//1479 1323//1479 1321//1475
f 900//1479 1321//1475 901//1475
f 460//2025 1696//2027 627//1971
f 1716//2056 1715//2055 1670//1986
f 1716//2056 1670//1986 1668//1984
f 1067//2069 1726//2068 1633//1932
f 1067//2069 1633//1932 1068//1931
f 1718//2058 1717//2057 1751//2103
f 2011//2455 1132//2455 1157//2574
f 2011//2455 1157//2574 2109//2574
f 2110//2575 1136//2576 1135//2460
f 2110//2575 1135//2460 2014//2459
f 1727//2070 1430//1645 2111//2577
f 1727//2070 2111//2577 2112//2578
f 1011//2254 1852//2253 1704//2040
f 1011//2254 1704//2040 1012//2039
f 1451//1670 2021//2467 1452//1671
f 966//2469 2022//2468 1938//2365
f 966//2469 1938//2365 967//2364
f 2113//2579 970//2579 969//2580
f 2113//2579 969//2580 2114//2581
f 1474//1696 403//1624 402//1697
f 1474//1696 1472//1694 403//1624
f 2115//2582 872//2583 897//2488
f 2115//2582 897//2488 2038//1787
f 2116//2584 876//2585 875//2486
f 2116//2584 875//2486 2036//2485
f 1289//1424 2117//2586 1290//1425
f 1159//1856 1582//1855 2118//2587
f 1159//1856 2118//2587 1160//2588
f 914//2589 2119//2589 2095//2554
f 914//2589 2095//2554 915//2554
f 2120//2590 917//2591 916//2553
f 2120//2590 916//2553 2094//2552
f 2096//2555 2121//2592 547//1847
f 1350//1521 373//1523 1351//1524
f 1416//1625 1884//2300 634//1626
f 1920//2344 1865//2272 1868//2275
f 1920//2344 1868//2275 1921//2345
f 1385//1579 973//1578 972//2593
f 1385//1579 972//2593 2122//2594
f 2123//2595 2124//2596 2125//2597
f 2123//2595 2125//2597 2126//2598
f 1838//2236 1413//1619 2127//2599
f 1384//1577 625//1539 2002//2443
f 1654//1966 403//1624 1471//1693
f 1654//1966 1471//1693 2023//2470
f 2128//2600 1070//2601 1069//1934
f 2128//2600 1069//1934 1634//1933
f 1626//1919 1114//1918 1113//2278
f 1626//1919 1113//2278 1870//2278
f 2129//2602 1322//1476 579//1478
f 2089//2547 2130//2603 2131//2604
f 2089//2547 2131//2604 2090//2548
f 2130//2603 2009//2453 2010//2454
f 2130//2603 2010//2454 2131//2604
f 563//1198 815//1200 1966//2401
f 563//1198 1966//2401 811//1628
f 569//727 568//726 804//2403
f 569//727 804//2403 2132//2605
f 476//1974 475//2606 2133//2607
f 476//1974 2133//2607 1660//1976
f 1941//2369 2070//2526 813//2370
f 1693//2023 1040//2022 1039//2280
f 1693//2023 1039//2280 1871//2279
f 2134//2608 1021//2609 1020//2610
f 2134//2608 1020//2610 2135//2610
f 1025//2518 2062//2517 2005//2447
f 1025//2518 2005//2447 1026//2446
f 2085//2543 2136//2611 2137//2612
f 2085//2543 2137//2612 1899//2320
f 467//1886 826//2613 2138//2614
f 467//1886 2138//2614 2139//2615
f 1264//1831 1568//1830 1855//2259
f 1264//1831 1855//2259 1265//2259
f 1570//1834 472//1833 2051//2503
f 1981//2417 1980//2416 2140//2616
f 1981//2417 2140//2616 2141//2617
f 452//2163 1793//2165 1848//2249
f 452//2163 1848//2249 1806//2186
f 1401//1602 2032//2482 2033//2483
f 1401//1602 2033//2483 1402//1603
f 1287//1760 1903//1760 1863//2269
f 1287//1760 1863//2269 1262//2269
f 626//2010 1686//2009 2142//2618
f 630//2113 1460//1680 2143//2619
f 627//1971 1922//2346 1658//1972
f 1137//2620 2144//2621 2145//2622
f 1137//2620 2145//2622 1138//2623
f 2146//2624 961//2625 960//2626
f 2146//2624 960//2626 2147//2627
f 1496//1736 1100//1735 1099//2063
f 1496//1736 1099//2063 1722//2062
f 1201//1912 1621//1912 1831//2228
f 1201//1912 1831//2228 1202//2227
f 813//2370 2070//2526 1342//1508
f 813//2370 1342//1508 814//1507
f 2148//2628 2149//2629 2150//2630
f 2148//2628 2150//2630 2151//2631
f 397//2196 1811//2195 2152//2632
f 2007//2450 1036//2449 1035//2633
f 2007//2450 1035//2633 2153//2634
f 883//1541 1363//1541 1358//1448
f 883//1541 1358//1448 884//1448
f 1964//2399 372//2398 2154//2635
f 932//2636 2155//2637 1439//1657
f 932//2636 1439//1657 933//1657
f 2065//2521 980//2521 979//2226
f 2065//2521 979//2226 1830//2225
f 1006//2081 1734//2080 1700//2032
f 1006//2081 1700//2032 1007//2031
f 2156//2638 1867//2274 1866//2273
f 2156//2638 1866//2273 2157//2639
f 2158//2640 2159//2641 2160//2642
f 2158//2640 2160//2642 2161//2643
f 1444//1662 1647//1955 1649//1957
f 1444//1662 1649//1957 1498//1738
f 2162//2644 1062//2645 1061//2340
f 2162//2644 1061//2340 1917//2339
f 628//1970 2163//2646 2164//2647
f 1434//1651 2088//2546 2091//2549
f 1434//1651 2091//2549 2165//2648
f 1274//2649 2166//2650 1772//2131
f 1274//2649 1772//2131 1275//2130
f 2167//2651 2168//2652 810//2271
f 1769//2127 2169//2653 2170//2654
f 1769//2127 2170//2654 1770//2128
f 1768//2126 1771//2129 1861//2267
f 2029//2478 2171//2655 475//2606
f 2029//2478 475//2606 644//1514
f 2172//2656 2173//2657 2174//2658
f 2172//2656 2174//2658 2175//2659
f 1014//2247 1846//2246 1629//1925
f 1014//2247 1629//1925 1015//1924
f 2176//2660 817//2493 2177//2661
f 2178//2662 1956//2389 775//1477
f 2159//2641 2069//2525 2071//2527
f 2159//2641 2071//2527 2160//2642
f 454//2008 2086//2544 2052//2504
f 2166//2650 1274//2649 1273//2132
f 2166//2650 1273//2132 1773//2132
f 632//2319 1900//2321 2179//2663
f 632//2319 2179//2663 1948//2379
f 632//2319 1948//2379 633//2378
f 1434//1651 2165//2648 1435//1652
f 2168//2652 2154//2635 372//2398
f 2168//2652 372//2398 810//2271
f 2074//2530 2129//2602 579//1478
f 397//2196 2152//2632 2085//2543
f 737//2072 1730//2074 2180//2664
f 1667//1983 1669//1985 2181//2665
f 475//2606 2171//2655 2133//2607
f 808//1791 2063//2519 1951//2383
f 808//1791 1951//2383 809//2385
f 1897//2317 1936//2362 1935//2361
f 1897//2317 1935//2361 1898//2318
f 2121//2592 1576//1845 547//1847
f 467//1886 2139//2615 2044//2496
f 467//1886 2045//2497 1603//1887
f 988//1711 1483//1711 2182//2666
f 988//1711 2182//2666 989//2666
f 1615//1905 1982//2418 1985//2421
f 1615//1905 1985//2421 1616//1906
f 1270//2667 2183//2668 2184//2669
f 1270//2667 2184//2669 1271//2670
f 989//2666 2182//2666 1736//2084
f 989//2666 1736//2084 990//2084
f 464//2433 1979//2415 1579//1850
f 464//2433 1579//1850 818//1849
f 2185//2671 826//2613 818//1849
f 2185//2671 818//1849 1999//2438
f 1220//2442 2001//2441 1778//2141
f 1220//2442 1778//2141 1221//2140
f 1084//2019 1691//2018 1374//1560
f 1084//2019 1374//1560 1085//1559
f 2186//2672 2187//2673 1665//1981
f 2186//2672 1665//1981 1664//1980
f 2188//2674 2189//2675 2187//2673
f 2188//2674 2187//2673 2186//2672
f 2190//2676 1663//1979 1644//1951
f 1692//2021 825//1973 1857//2262
f 737//2072 819//2020 2102//2563
f 737//2072 2102//2563 1729//2073
f 1786//2152 1196//2151 1195//2193
f 1786//2152 1195//2193 1810//2192
f 452//2163 1807//2187 1963//2397
f 1101//1737 1497//1737 1677//1997
f 1101//1737 1677//1997 1102//1996
f 1446//1664 1977//2413 1712//2050
f 1446//1664 1712//2050 1447//1665
f 1520//1768 1712//2050 1978//2414
f 2191//2677 2192//2678 2193//2679
f 2191//2677 2193//2679 2194//2680
f 2136//2611 2195//2681 2196//2682
f 2136//2611 2196//2682 2137//2612
f 2197//2683 895//2684 894//1896
f 2197//2683 894//1896 2198//2685
f 2106//2569 910//2569 909//1482
f 2106//2569 909//1482 1325//1481
f 1082//2507 2054//2506 1690//2017
f 1082//2507 1690//2017 1083//2016
f 1667//1983 2181//2665 2156//2638
f 1667//1983 2156//2638 2157//2639
f 1136//2576 2110//2575 2144//2621
f 1136//2576 2144//2621 1137//2620
f 1133//2457 2012//2456 2015//2461
f 1133//2457 2015//2461 1134//2461
f 1885//2301 2078//2534 820//1592
f 1885//2301 820//1592 634//1626
f 451//2164 448//2686 2199//2687
f 451//2164 2199//2687 2099//2559
f 2200//2688 962//2689 961//2625
f 2200//2688 961//2625 2146//2624
f 1577//1846 2018//2464 803//1789
f 952//1599 1398//1598 1391//1588
f 952//1599 1391//1588 953//1587
f 2138//2614 826//2613 2185//2671
f 2114//2581 969//2580 968//2367
f 2114//2581 968//2367 1939//2366
f 877//2690 2201//2690 1873//2284
f 877//2690 1873//2284 878//2283
f 876//2585 2116//2584 2201//2690
f 876//2585 2201//2690 877//2690
f 873//2691 2202//2691 2037//2487
f 873//2691 2037//2487 874//1893
f 872//2583 2115//2582 2202//2691
f 872//2583 2202//2691 873//2691
f 1618//1908 1443//1661 1442//1660
f 1618//1908 1442//1660 1937//2363
f 1891//2310 1473//1695 402//1697
f 1560//1820 1562//1822 2203//2692
f 1560//1820 2203//2692 2204//2693
f 626//2010 1764//2121 2205//2694
f 626//2010 2205//2694 459//2695
f 2132//2605 804//2403 1967//2402
f 1166//2696 2206//2166 2092//2012
f 1166//2696 2092//2012 1167//2012
f 628//1970 1657//1969 2163//2646
f 2030//2479 644//1514 1347//1516
f 2207//2697 2208//2698 1928//2354
f 2207//2697 1928//2354 1927//2353
f 2170//2654 2169//2653 2208//2698
f 2170//2654 2208//2698 2207//2697
f 2140//2616 1984//2420 1983//2419
f 2140//2616 1983//2419 2141//2617
f 1989//2425 2190//2676 1990//2426
f 459//2695 2205//2694 2209//2699
f 1993//2430 1118//2429 1117//2428
f 1993//2430 1117//2428 1992//2428
f 630//2113 2101//2562 1461//1681
f 630//2113 1461//1681 1460//1680
f 1463//1683 1462//1682 2173//2657
f 1463//1683 2173//2657 2172//2656
f 2175//2659 2174//2658 1521//1769
f 2175//2659 1521//1769 1995//2432
f 1256//1811 1553//1810 1503//1746
f 1256//1811 1503//1746 1257//1745
f 2100//2561 1023//2560 1022//2700
f 2100//2561 1022//2700 2210//2701
f 2042//2494 817//2493 2176//2660
f 2177//2661 817//2493 1972//2408
f 2077//2533 2076//2532 1930//2356
f 2077//2533 1930//2356 1929//2355
f 1932//2358 1931//2357 1720//2060
f 1932//2358 1720//2060 1719//2059
f 1998//2437 1204//2436 1203//2230
f 1998//2437 1203//2230 1832//2229
f 1774//2133 1272//2133 1271//2670
f 1774//2133 1271//2670 2184//2669
f 2211//2702 1753//2105 1757//2109
f 1892//2311 578//2312 2212//2703
f 2192//2678 2211//2702 1757//2109
f 2192//2678 1757//2109 2193//2679
f 1752//2104 1741//2089 1740//2088
f 1268//2440 2000//2439 2213//2704
f 1268//2440 2213//2704 1269//2705
f 1602//1885 1616//1906 1542//1796
f 2183//2668 1270//2667 1269//2705
f 2183//2668 1269//2705 2213//2704
f 2108//2573 1161//2572 1160//2588
f 2108//2573 1160//2588 2118//2587
f 1162//2571 2107//2570 2214//2706
f 1162//2571 2214//2706 1163//2707
f 1163//2707 2214//2706 2215//2708
f 1163//2707 2215//2708 1164//2709
f 2216//2710 1165//2711 1164//2709
f 2216//2710 1164//2709 2215//2708
f 2050//2502 2049//2501 1954//2387
f 2050//2502 1954//2387 1953//2386
f 2093//2551 1187//2550 1186//2130
f 2093//2551 1186//2130 1987//2130
f 2151//2631 2150//2630 1708//2045
f 2151//2631 1708//2045 1707//2044
f 1864//2270 2167//2651 810//2271
f 2019//2465 1678//1998 1681//2001
f 2019//2465 1681//2001 2020//2466
f 1034//1992 1674//1991 2153//2634
f 1034//1992 2153//2634 1035//2633
f 2217//2712 1723//2064 1516//1762
f 2217//2712 1516//1762 2218//2713
f 1517//1763 824//1522 1350//1521
f 1326//1483 888//1483 887//1500
f 1326//1483 887//1500 1337//1499
f 2219//2714 1184//2715 1209//2173
f 2219//2714 1209//2173 1797//2172
f 2220//2716 1155//2716 1154//1896
f 2220//2716 1154//1896 1610//1895
f 971//2717 2221//2718 2122//2594
f 971//2717 2122//2594 972//2593
f 2204//2693 2203//2692 2158//2640
f 2204//2693 2158//2640 2161//2643
f 1417//1629 811//1628 1965//2400
f 1216//2160 1790//2159 1360//1537
f 1216//2160 1360//1537 1217//1536
f 1242//2463 2017//2462 2222//2719
f 1242//2463 2222//2719 1243//2719
f 1572//1838 1244//1837 1243//2719
f 1572//1838 1243//2719 2222//2719
f 1498//1738 1649//1957 1499//1739
f 468//1515 1609//1894 1926//2352
f 738//2114 737//2072 2180//2664
f 738//2114 2180//2664 2066//2522
f 2034//2484 2003//2444 2004//2445
f 2034//2484 2004//2445 2035//2484
f 1458//1678 992//1677 991//2085
f 1458//1678 991//2085 1737//2085
f 2206//2166 1166//2696 1165//2711
f 2206//2166 1165//2711 2216//2710
f 1062//2645 2162//2644 1896//2316
f 1062//2645 1896//2316 1063//2316
f 1233//2720 2223//2721 2224//2131
f 1233//2720 2224//2131 1234//2722
f 2098//2558 1235//2558 1234//2722
f 2098//2558 1234//2722 2224//2131
f 913//2723 2225//2723 2119//2589
f 913//2723 2119//2589 914//2589
f 1679//1999 2217//2712 2218//2713
f 1679//1999 2218//2713 1680//2000
f 895//2684 2197//2683 2039//2489
f 895//2684 2039//2489 896//2489
f 2198//2685 894//1896 893//1504
f 2198//2685 893//1504 1340//1503
f 2104//2566 1120//2566 1119//2431
f 2104//2566 1119//2431 1994//2431
f 993//1679 1459//1679 1479//1706
f 993//1679 1479//1706 994//1705
f 626//2010 2142//2618 1763//2120
f 448//2686 447//2138 1955//2388
f 448//2686 1955//2388 2226//2724
f 2212//2703 578//2312 2227//2725
f 1149//1676 1457//1676 1889//2308
f 1149//1676 1889//2308 1150//2307
f 2228//2726 453//2512 633//2378
f 2228//2726 633//2378 2087//2545
f 1751//2103 1717//2057 1624//1916
f 1751//2103 1624//1916 1561//1821
f 2225//2723 913//2723 912//2490
f 2225//2723 912//2490 2040//2490
f 2229//2727 1433//1650 1435//1652
f 2229//2727 1435//1652 1605//1890
f 917//2591 2120//2590 1368//1550
f 917//2591 1368//1550 918//1549
f 1838//2236 2127//2599 2124//2596
f 1838//2236 2124//2596 2123//2595
f 2149//2629 2148//2628 1668//1984
f 2149//2629 1668//1984 2006//2448
f 974//1580 1386//1580 1950//2382
f 974//1580 1950//2382 975//2381
f 1728//2071 1907//2327 1906//2326
f 1728//2071 1906//2326 1428//1643
f 738//2114 2067//2523 1760//2115
f 1724//2065 804//2403 824//1522
f 629//2371 1943//2373 1940//2368
f 629//2371 1940//2368 813//2370
f 1121//2565 2103//2564 2230//1581
f 1121//2565 2230//1581 1122//2728
f 1122//2728 2230//1581 2231//2729
f 1122//2728 2231//2729 1123//2729
f 2053//2505 1686//2009 454//2008
f 2053//2505 454//2008 2052//2504
f 825//1973 2232//2730 1858//2263
f 825//1973 1659//1975 2232//2730
f 1059//2007 1685//2006 1916//2338
f 1059//2007 1916//2338 1060//2337
f 2135//2610 1020//2610 1019//1723
f 2135//2610 1019//1723 1489//1722
f 1635//1936 1111//1935 1110//1902
f 1635//1936 1110//1902 1613//1901
f 919//1551 1369//1551 1367//1548
f 919//1551 1367//1548 920//1547
f 1859//2264 1858//2263 2189//2675
f 1859//2264 2189//2675 2188//2674
f 2126//2598 2125//2597 2048//2500
f 2126//2598 2048//2500 2047//2499
f 1952//2384 1890//2309 402//1697
f 1952//2384 402//1697 809//2385
f 2109//2574 1157//2574 1156//2731
f 2109//2574 1156//2731 2233//2732
f 1872//2282 1038//2281 1037//2452
f 1872//2282 1037//2452 2008//2451
f 1065//1954 1646//1954 1725//2067
f 1065//1954 1725//2067 1066//2066
f 2147//2627 960//2626 959//1793
f 2147//2627 959//1793 1540//1792
f 2084//2542 460//2025 459//2695
f 2084//2542 459//2695 2209//2699
f 2234//2733 1232//2733 1231//1852
f 2234//2733 1231//1852 1580//1851
f 2223//2721 1233//2720 1232//2733
f 2223//2721 1232//2733 2234//2733
f 476//1974 1661//1977 2043//2495
f 1696//2027 1919//2343 1922//2346
f 1696//2027 1922//2346 627//1971
f 1155//2716 2220//2716 2233//2732
f 1155//2716 2233//2732 1156//2731
f 1211//2728 2235//2183 1803//2182
f 1211//2728 1803//2182 1212//2181
f 1957//2390 2178//2662 775//1477
f 1500//1740 1499//1739 2058//2511
f 1500//1740 2058//2511 2057//2510
f 999//1755 1509//1754 1788//2156
f 999//1755 1788//2156 1000//2155
f 1051//2540 2082//2539 1742//1883
f 1051//2540 1742//1883 1052//2090
f 630//2113 2143//2619 1777//2139
f 1383//1576 2026//2473 625//1539
f 1976//2412 1290//1425 2117//2586
f 1976//2412 2117//2586 1973//2409
f 2105//2568 1124//2567 1123//2729
f 2105//2568 1123//2729 2231//2729
f 1624//1916 2236//2734 2237//2735
f 1624//1916 2237//2735 1625//1917
f 2237//2735 2236//2734 2238//2736
f 2238//2736 2236//2734 1618//1908
f 2238//2736 1618//1908 1825//2217
f 1238//1865 1588//1865 2239//2737
f 1238//1865 2239//2737 1239//2737
f 1239//2737 2239//2737 2240//2738
f 1239//2737 2240//2738 1240//2739
f 2016//2437 1241//2436 1240//2739
f 2016//2437 1240//2739 2240//2738
f 2112//2578 2111//2577 2073//2529
f 2112//2578 2073//2529 2072//2528
f 579//1478 1892//2311 2075//2531
f 579//1478 2075//2531 2074//2530
f 396//2194 1960//2394 1958//2391
f 1248//1877 1595//1876 1813//2199
f 1248//1877 1813//2199 1249//2198
f 814//1507 1343//1509 1596//1878
f 1345//1511 2080//2537 822//1512
f 1070//2601 2128//2600 1399//1600
f 1070//2601 1399//1600 1071//1600
f 1974//2410 1423//1638 1424//1639
f 1974//2410 1424//1639 1975//2411
f 448//2686 2226//2724 2199//2687
f 2031//2481 880//2480 879//2286
f 2031//2481 879//2286 1874//2285
f 1021//2609 2134//2608 2210//2701
f 1021//2609 2210//2701 1022//2700
f 970//2579 2113//2579 2221//2718
f 970//2579 2221//2718 971//2717
f 1138//2623 2145//2622 1546//1802
f 1138//2623 1546//1802 1139//1801
f 1210//2557 2097//2556 2235//2183
f 1210//2557 2235//2183 1211//2728
f 464//2433 1996//2434 2064//2520
f 2195//2681 2191//2677 2194//2680
f 2195//2681 2194//2680 2196//2682
f 1444//1662 1498//1738 1549//1805
f 2081//2538 2241//2740 807//2536
f 1357//1533 946//1532 945//1518
f 1357//1533 945//1518 1348//1517
f 2056//2509 2055//2508 2025//2472
f 2056//2509 2025//2472 2024//2471
f 453//2512 2228//2726 2059//2513
f 807//2536 2241//2740 2227//2725
f 807//2536 2227//2725 578//2312
f 962//2689 2200//2688 1860//2266
f 962//2689 1860//2266 963//2265
f 628//1970 2164//2647 2079//2535
f 628//1970 2079//2535 629//2371
f 1986//2423 1185//2422 1184//2715
f 1986//2423 1184//2715 2219//2714
f 1300//1440 1835//2232 792//2234
f 1300//1440 792//2234 790//1441
f 1887//2304 1303//1446 320//744
f 1887//2304 320//744 336//2305
f 1672//1988 1671//1987 2242//2741
f 1672//1988 2242//2741 2229//2727
f 1592//1872 1453//1672 1605//1890
f 1592//1872 1605//1890 1606//1891
f 2229//2727 2242//2741 1433//1650
f 2243//2742 1301//1442 280//1445
f 2243//2742 280//1445 284//1293
f 1886//2302 2243//2742 284//1293
f 1886//2302 284//1293 286//2303
f 1513//1759 1535//1783 1559//1819
f 1513//1759 1559//1819 1558//1818
f 1527//1775 1511//1757 1513//1759
f 1531//1779 1533//1781 1528//1776
f 1531//1779 1528//1776 1527//1775
f 1601//1884 1544//1798 1550//1806
f 1748//2100 1750//2102 1827//2219
f 1748//2100 1827//2219 1601//1884
f 1861//2267 1862//2268 1749//2101
f 1861//2267 1749//2101 1748//2100
f 2244//2743 2083//2541 1861//2267
f 2244//2743 1861//2267 2245//2744
f 2245//2744 1466//1686 1465//1685
f 2245//2744 1465//1685 2244//2743
f 2190//2676 1644//1951 1466//1686
f 2190//2676 1466//1686 1990//2426
f 1822//2213 1988//2424 1991//2427
f 1822//2213 1991//2427 1711//2049
f 1911//2331 2246//2745 230//2746
f 1911//2331 230//2746 782//2332
f 2155//2637 932//2636 931//1656
f 2155//2637 931//1656 1438//1655
f 1426//1641 1425//1640 1756//2108
f 1426//1641 1756//2108 1448//1666
f 2246//2745 1436//1653 231//1653
f 2246//2745 231//1653 230//2746
f 2247//2747 1923//2347 784//2348
f 2247//2747 784//2348 783//2748
f 2248//2749 2247//2747 783//2748
f 2248//2749 783//2748 786//2749
f 2249//2750 2248//2749 786//2749
f 2249//2750 786//2749 789//2751
f 1876//2288 2250//2752 785//2752
f 1876//2288 785//2752 778//2288
f 2250//2752 2249//2750 789//2751
f 2250//2752 789//2751 785//2752
f 1888//2306 1523//1771 1526//1774
f 1311//1457 1308//1453 348//1453
f 1311//1457 348//1453 319//1455
f 318//656 787//654 2251//655
f 318//656 2251//655 1310//1456
f 787//654 779//2216 1824//2215
f 787//654 1824//2215 2251//655
f 259//2214 258//2753 1631//2753
f 259//2214 1631//2753 1823//2214
f 1632//2221 1631//2753 258//2753
f 1632//2221 258//2753 247//2221
f 214//2350 330//2324 1904//2324
f 214//2350 1904//2324 1924//2349
f 350//2231 776//2233 1836//2233
f 350//2231 1836//2233 1834//2231
f 1472//2754 1474//2755 1479//2756
f 1472//2754 1479//2756 1459//2757
f 2123//2758 2126//2759 2028//2760
f 2123//2758 2028//2760 2027//2761
f 1982//2762 1615//2763 1585//2764
f 1982//2762 1585//2764 1614//2765
f 1718//2766 1751//2767 1633//2768
f 1718//2766 1633//2768 1726//2769
f 1728//2770 1727//2771 2155//2772
f 1728//2770 2155//2772 1438//2773
f 2212//2774 2227//2775 1332//2776
f 2212//2774 1332//2776 1339//2777
f 1706//2778 1708//2779 1407//2780
f 1706//2778 1407//2780 1406//2781
f 1562//2782 1561//2783 1620//2784
f 1562//2782 1620//2784 1504//2785
f 1878//2786 1505//2787 1508//2788
f 1878//2786 1508//2788 1759//2789
f 2049//2790 1933//2791 2016//2792
f 2049//2790 2016//2792 2240//2793
f 2096//2794 2068//2795 1813//2796
f 2096//2794 1813//2796 1595//2797
f 1517//2798 1350//2799 1358//2800
f 1517//2798 1358//2800 1363//2801
f 2167//2802 1864//2803 1341//2804
f 2167//2802 1341//2804 1334//2805
f 1995//2806 1520//2807 1666//2808
f 1995//2806 1666//2808 1623//2809
f 1570//2810 2051//2811 1321//2812
f 1570//2810 1321//2812 1323//2813
f 2129//2814 2074//2815 1325//2816
f 2129//2814 1325//2816 1319//2817
f 2138//2818 2185//2819 1594//2820
f 2138//2818 1594//2820 1312//2821
f 1996//2822 1881//2823 1514//2824
f 1996//2822 1514//2824 1547//2825
f 1417//2826 1965//2827 1950//2828
f 1417//2826 1950//2828 1386//2829
f 2126//2759 2047//2830 2054//2831
f 2126//2759 2054//2831 2028//2760
f 1453//2832 1428//2833 1299//2834
f 1453//2832 1299//2834 1303//2835
f 1393//2836 2078//2837 1947//2838
f 1393//2836 1947//2838 1389//2839
f 1751//2767 1560//2840 1634//2841
f 1751//2767 1634//2841 1633//2768
f 1940//2842 1943//2843 1796//2844
f 1940//2842 1796//2844 1641//2845
f 1727//2771 2112//2846 1439//2847
f 1727//2771 1439//2847 2155//2772
f 2227//2775 2241//2848 1333//2849
f 2227//2775 1333//2849 1332//2776
f 1708//2779 2150//2850 1481//2851
f 1708//2779 1481//2851 1407//2780
f 1505//2787 1288//2852 1507//2853
f 1505//2787 1507//2853 1508//2788
f 1561//2783 1625//2854 1600//2855
f 1561//2783 1600//2855 1620//2784
f 1933//2791 1936//2856 2017//2857
f 1933//2791 2017//2857 2016//2792
f 2151//2858 1707//2859 2250//2860
f 2151//2858 2250//2860 1876//2861
f 2068//2795 1597//2862 1599//2863
f 2068//2795 1599//2863 1813//2796
f 1350//2799 1351//2864 1346//2865
f 1350//2799 1346//2865 1358//2800
f 1520//2807 1978//2866 1713//2867
f 1520//2807 1713//2867 1666//2808
f 1965//2827 1966//2868 1410//2869
f 1965//2827 1410//2869 1950//2828
f 2051//2811 1586//2870 1317//2871
f 2051//2811 1317//2871 1321//2812
f 2074//2815 1970//2872 2106//2873
f 2074//2815 2106//2873 1325//2816
f 2185//2819 1999//2874 1593//2875
f 2185//2819 1593//2875 1594//2820
f 1881//2823 1882//2876 1515//2877
f 1881//2823 1515//2877 1514//2824
f 1443//1928 1618//2878 1823//2879
f 1443//1928 1823//2879 1631//1929
f 2078//2837 1885//2880 1409//2881
f 2078//2837 1409//2881 1947//2838
f 1707//2859 1738//2882 2249//2883
f 1707//2859 2249//2883 2250//2860
f 1560//2840 2204//2884 2128//2885
f 1560//2840 2128//2885 1634//2841
f 2058//2886 1499//2887 1722//2888
f 2058//2886 1722//2888 1564//2889
f 1943//2843 1942//2890 1651//2891
f 1943//2843 1651//2891 1796//2844
f 2112//2846 2072//2892 1440//2893
f 2112//2846 1440//2893 1439//2847
f 2150//2850 2149//2894 1306//2895
f 2150//2850 1306//2895 1481//2851
f 2241//2848 2081//2896 1330//2897
f 2241//2848 1330//2897 1333//2849
f 1625//2854 2237//2898 1432//2899
f 1625//2854 1432//2899 1600//2855
f 1936//2856 1897//2900 2222//2901
f 1936//2856 2222//2901 2017//2857
f 1597//2862 1596//2902 1598//2903
f 1597//2862 1598//2903 1599//2863
f 1867//2904 2156//2905 2162//2906
f 1867//2904 2162//2906 1917//2907
f 1777//2908 2143//2909 2001//2910
f 1777//2908 2001//2910 1787//2911
f 1978//2866 1977//2912 1714//2913
f 1978//2866 1714//2913 1713//2867
f 1367//2914 1369//2915 1435//2916
f 1367//2914 1435//2916 2165//2917
f 2048//2918 2125//2919 1388//2920
f 2048//2918 1388//2920 1477//2921
f 2165//2917 2091//2922 1366//2923
f 2165//2917 1366//2923 1367//2914
f 1586//2870 1587//2924 1316//2925
f 1586//2870 1316//2925 1317//2871
f 1999//2874 1578//2926 1573//2927
f 1999//2874 1573//2927 1593//2875
f 1882//2876 2042//2928 1494//2929
f 1882//2876 1494//2929 1515//2877
f 1966//2868 815//2930 1397//2931
f 1966//2868 1397//2931 1410//2869
f 2133//2932 2171//2933 1404//2934
f 2133//2932 1404//2934 1653//2935
f 1499//2887 1649//2936 1496//2937
f 1499//2887 1496//2937 1722//2888
f 2003//2938 2034//2939 1834//2940
f 2003//2938 1834//2940 1836//2941
f 1893//2942 1843//2943 1901//2944
f 1893//2942 1901//2944 1918//2945
f 1618//2878 2236//2946 1824//2947
f 1618//2878 1824//2947 1823//2879
f 1738//2882 1741//2948 2248//2949
f 1738//2882 2248//2949 2249//2883
f 1512//2950 1511//2951 1297//2952
f 1512//2950 1297//2952 1501//2953
f 2204//2884 2161//2954 1399//2955
f 2204//2884 1399//2955 2128//2885
f 1942//2890 2079//2956 1650//2957
f 1942//2890 1650//2957 1651//2891
f 2072//2892 1968//2958 1575//2959
f 2072//2892 1575//2959 1440//2893
f 2149//2894 2006//2960 1307//2961
f 2149//2894 1307//2961 1306//2895
f 2081//2896 2080//2962 1331//2963
f 2081//2896 1331//2963 1330//2897
f 2237//2898 2238//2964 1431//2965
f 2237//2898 1431//2965 1432//2899
f 1897//2900 2018//2966 1572//2967
f 1897//2900 1572//2967 2222//2901
f 2156//2905 2181//2968 1896//2969
f 2156//2905 1896//2969 2162//2906
f 2143//2909 1460//2970 1778//2971
f 2143//2909 1778//2971 2001//2910
f 1977//2912 1446//2972 1628//2973
f 1977//2912 1628//2973 1714//2913
f 2125//2919 2124//2974 1387//2975
f 2125//2919 1387//2975 1388//2920
f 2091//2922 2090//2976 1758//2977
f 2091//2922 1758//2977 1366//2923
f 1757//2978 1752//2979 1568//2980
f 1757//2978 1568//2980 1567//2981
f 1587//2924 1956//2982 1314//2983
f 1587//2924 1314//2983 1316//2925
f 1578//2926 1579//2984 1574//2985
f 1578//2926 1574//2985 1573//2927
f 1769//2986 1768//2987 1626//2988
f 1769//2986 1626//2988 1870//2989
f 1729//2990 2102//2991 1700//2992
f 1729//2990 1700//2992 1734//2993
f 2171//2933 2029//2994 1405//2995
f 2171//2933 1405//2995 1404//2934
f 2236//2946 1624//2996 2251//2997
f 2236//2946 2251//2997 1824//2947
f 1525//2998 1875//2999 1780//3000
f 1525//2998 1780//3000 1879//3001
f 1649//2936 1648//3002 1497//3003
f 1649//2936 1497//3003 1496//2937
f 1677//3004 1497//3003 1648//3002
f 1677//3004 1648//3002 2035//3005
f 1843//2943 1842//3006 1291//3007
f 1843//2943 1291//3007 1901//2944
f 2057//3008 2056//3009 1736//3010
f 2057//3008 1736//3010 2182//3011
f 1890//3012 1952//3013 1510//3014
f 1890//3012 1510//3014 1487//3015
f 1934//3016 2050//3017 2065//3018
f 1934//3016 2065//3018 1830//3019
f 2035//3005 2004//3020 1493//3021
f 2035//3005 1493//3021 1677//3004
f 1384//3022 2002//3023 1374//3024
f 1384//3022 1374//3024 1691//3025
f 1448//3026 1447//3027 1911//3028
f 1448//3026 1911//3028 1910//3029
f 2161//2954 2160//3030 1354//3031
f 2161//2954 1354//3031 1399//2955
f 1511//2951 1530//3032 1298//3033
f 1511//2951 1298//3033 1297//2952
f 2079//2956 2164//3034 1652//3035
f 2079//2956 1652//3035 1650//2957
f 1554//3036 1544//3037 1541//3038
f 1554//3036 1541//3038 1557//3039
f 1968//2958 1971//3040 1909//3041
f 1968//2958 1909//3041 1575//2959
f 1403//3042 1402//3043 2082//3044
f 1403//3042 2082//3044 1883//3045
f 2080//2962 1345//3046 1349//3047
f 2080//2962 1349//3047 1331//2963
f 2006//2960 1667//3048 1673//3049
f 2006//2960 1673//3049 1307//2961
f 2238//2964 1825//3050 1589//3051
f 2238//2964 1589//3051 1431//2965
f 2018//2966 1577//3052 1571//3053
f 2018//2966 1571//3053 1572//2967
f 2181//2968 1669//3054 1645//3055
f 2181//2968 1645//3055 1896//2969
f 1681//3056 1680//3057 2031//3058
f 1681//3056 2031//3058 1874//3059
f 1495//3060 1964//3061 1326//3062
f 1495//3060 1326//3062 1337//3063
f 1460//2970 1463//3064 1779//3065
f 1460//2970 1779//3065 1778//2971
f 2090//2976 2131//3066 1766//3067
f 2090//2976 1766//3067 1758//2977
f 1956//2982 2178//3068 1315//3069
f 1956//2982 1315//3069 1314//2983
f 1752//2979 1740//3070 1855//3071
f 1752//2979 1855//3071 1568//2980
f 1579//2984 1981//3072 1847//3073
f 1579//2984 1847//3073 1574//2985
f 1741//2948 1754//3074 2247//3075
f 1741//2948 2247//3075 2248//2949
f 1603//3076 2045//3077 1491//3078
f 1603//3076 1491//3078 1492//3079
f 1875//2999 1914//3080 1304//3081
f 1875//2999 1304//3081 1780//3000
f 1842//3006 1880//3082 1292//3083
f 1842//3006 1292//3083 1291//3007
f 2050//3017 1953//3084 1469//3085
f 2050//3017 1469//3085 2065//3018
f 1624//2996 1717//3086 1310//3087
f 1624//2996 1310//3087 2251//2997
f 2004//3020 1837//3088 1467//3089
f 2004//3020 1467//3089 1493//3021
f 2002//3023 1373//3090 1375//3091
f 2002//3023 1375//3091 1374//3024
f 1668//3092 2148//3093 1309//3094
f 1668//3092 1309//3094 1308//3095
f 2160//3030 2071//3096 1353//3097
f 2160//3030 1353//3097 1354//3031
f 2164//3034 2163//3098 1655//3099
f 2164//3034 1655//3099 1652//3035
f 1971//3040 2075//3100 1895//3101
f 1971//3040 1895//3101 1909//3041
f 1667//3048 2157//3102 1674//3103
f 1667//3048 1674//3103 1673//3049
f 1825//3050 1617//3104 1588//3105
f 1825//3050 1588//3105 1589//3051
f 1533//3106 1532//3107 1296//3108
f 1533//3106 1296//3108 1905//3109
f 1577//3052 1576//3110 1591//3111
f 1577//3052 1591//3111 1571//3053
f 1342//3112 2069//3113 1799//3114
f 1342//3112 1799//3114 1608//3115
f 1669//3054 1670//3116 1646//3117
f 1669//3054 1646//3117 1645//3055
f 1680//3057 2218//3118 1392//3119
f 1680//3057 1392//3119 2031//3058
f 1964//3061 2154//3120 1327//3121
f 1964//3061 1327//3121 1326//3062
f 1463//3064 2172//3122 1676//3123
f 1463//3064 1676//3123 1779//3065
f 2131//3066 2010//3124 1767//3125
f 2131//3066 1767//3125 1766//3067
f 2178//3068 1957//3126 1318//3127
f 2178//3068 1318//3127 1315//3069
f 1981//3072 2141//3128 1744//3129
f 1981//3072 1744//3129 1847//3073
f 1402//3043 2033//3130 1742//3131
f 1402//3043 1742//3131 2082//3044
f 1755//3132 1753//3133 1710//3134
f 1755//3132 1710//3134 1854//3135
f 2177//3136 1972//3137 1475//3138
f 2177//3136 1475//3138 1480//3139
f 2045//3077 2044//3140 1604//3141
f 2045//3077 1604//3141 1491//3078
f 1953//3084 1619//3142 1470//3143
f 1953//3084 1470//3143 1469//3085
f 1837//3088 1838//3144 1468//3145
f 1837//3088 1468//3145 1467//3089
f 2071//3096 2070//3146 1638//3147
f 2071//3096 1638//3147 1353//3097
f 2163//3098 1657//3148 1656//3149
f 2163//3098 1656//3149 1655//3099
f 2033//3130 1946//3150 1743//3151
f 2033//3130 1743//3151 1742//3131
f 2075//3100 1892//3152 1338//3153
f 2075//3100 1338//3153 1895//3101
f 2157//3102 1866//3154 2153//3155
f 2157//3102 2153//3155 1674//3103
f 1617//3104 1954//3156 2239//3157
f 1617//3104 2239//3157 1588//3105
f 1576//3110 2121//3158 1590//3159
f 1576//3110 1590//3159 1591//3111
f 1532//3107 1551//3160 1295//3161
f 1532//3107 1295//3161 1296//3108
f 1670//3116 1715//3162 1725//3163
f 1670//3116 1725//3163 1646//3117
f 2218//3118 1516//3164 1362//3165
f 2218//3118 1362//3165 1392//3119
f 2172//3122 2175//3166 1622//3167
f 2172//3122 1622//3167 1676//3123
f 2154//3120 2168//3168 1335//3169
f 2154//3120 1335//3169 1327//3121
f 1413//3170 1412//3171 1418//3172
f 1413//3170 1418//3172 1419//3173
f 1899//3174 2137//3175 1826//3176
f 1899//3174 1826//3176 1798//3177
f 2010//3124 1569//3178 1324//3179
f 2010//3124 1324//3179 1767//3125
f 1957//3126 1322//3180 1320//3181
f 1957//3126 1320//3181 1318//3127
f 2141//3128 1983//3182 1745//3183
f 2141//3128 1745//3183 1744//3129
f 1979//3184 2064//3185 1545//3186
f 1979//3184 1545//3186 1546//3187
f 1972//3137 1476//3188 1456//3189
f 1972//3137 1456//3189 1475//3138
f 569//3190 2132//3191 1370//3192
f 569//3190 1370//3192 1381//3193
f 2044//3140 2139//3194 1313//3195
f 2044//3140 1313//3195 1604//3141
f 1913//3196 1878//2786 1759//2789
f 1913//3196 1759//2789 1305//3197
f 1601//3198 1550//3199 1817//3200
f 1601//3198 1817//3200 1833//3201
f 1838//3144 2123//2758 2027//2761
f 1838//3144 2027//2761 1468//3145
f 1946//3150 1706//2778 1406//2781
f 1946//3150 1406//2781 1743//3151
f 1892//3152 2212//2774 1339//2777
f 1892//3152 1339//2777 1338//3153
f 1866//3154 1865//3202 2007//3203
f 1866//3154 2007//3203 2153//3155
f 1954//3156 2049//2790 2240//2793
f 1954//3156 2240//2793 2239//3157
f 1991//3204 1990//3205 1819//3206
f 1991//3204 1819//3206 1437//3207
f 1551//3160 1555//3208 1556//3209
f 1551//3160 1556//3209 1295//3161
f 2121//3158 2096//2794 1595//2797
f 2121//3158 1595//2797 1590//3159
f 1715//3162 1718//2766 1726//2769
f 1715//3162 1726//2769 1725//3163
f 1516//3164 1517//2798 1363//2801
f 1516//3164 1363//2801 1362//3165
f 2175//3166 1995//2806 1623//2809
f 2175//3166 1623//2809 1622//3167
f 2168//3168 2167//2802 1334//2805
f 2168//3168 1334//2805 1335//3169
f 2229//3210 1605//3211 1887//3212
f 2229//3210 1887//3212 1302//3213
f 1716//3214 1668//3092 1308//3095
f 1716//3214 1308//3095 1311//3215
f 1426//3216 1448//3026 1910//3029
f 1426//3216 1910//3029 1923//3217
f 1672//3218 2229//3210 1302//3213
f 1672//3218 1302//3213 1301//3219
f 2137//3175 2196//3220 1902//3221
f 2137//3175 1902//3221 1826//3176
f 1450//3222 1672//3218 1301//3219
f 1450//3222 1301//3219 2243//3223
f 1569//3178 1570//2810 1323//2813
f 1569//3178 1323//2813 1324//3179
f 1322//3180 2129//2814 1319//2817
f 1322//3180 1319//2817 1320//3181
f 1558//3224 1450//3222 2243//3223
f 1558//3224 2243//3223 1886//3225
f 1983//3182 1982//2762 1614//2765
f 1983//3182 1614//2765 1745//3183
f 2064//3185 1996//2822 1547//2825
f 2064//3185 1547//2825 1545//3186
f 1929//3226 1932//3227 1621//3228
f 1929//3226 1621//3228 1565//3229
f 1476//3188 1423//3230 1457//3231
f 1476//3188 1457//3231 1456//3189
f 1513//3232 1558//3224 1886//3225
f 1513//3232 1886//3225 1816//3233
f 2139//3194 2138//2818 1312//2821
f 2139//3194 1312//2821 1313//3195
f 1906//3234 1411//3235 1835//3236
f 1906//3234 1835//3236 1300//3237
f 1466//3238 2245//3239 1877//3240
f 1466//3238 1877//3240 1820//3241
f 1711//3242 1991//3204 1437//3207
f 1711//3242 1437//3207 1436//3243
f 1527//3244 1513//3232 1816//3233
f 1527//3244 1816//3233 1815//3245
f 1990//3205 1466//3238 1820//3241
f 1990//3205 1820//3241 1819//3206
f 1531//3246 1527//3244 1815//3245
f 1531//3246 1815//3245 1818//3247
f 1647//3248 1444//1927 1632//1930
f 1647//3248 1632//1930 1828//3249
f 1960//3250 1959//3251 1746//3252
f 1960//3250 1746//3252 1812//3253
f 1434//3254 1433//3255 2115//3256
f 1434//3254 2115//3256 2038//3257
f 1760//3258 2067//3259 1775//3260
f 1760//3258 1775//3260 1776//3261
f 2046//3262 1539//3263 1537//3264
f 2046//3262 1537//3264 1538//3265
f 1822//3266 1522//3267 2135//3268
f 1822//3266 2135//3268 1489//3269
f 1967//3270 1724//3271 1376//3272
f 1967//3270 1376//3272 1371//3273
f 1662//3274 1665//3275 2103//3276
f 1662//3274 2103//3276 2104//3277
f 1524//3278 1523//3279 2011//3280
f 1524//3278 2011//3280 2109//3281
f 2192//3282 2191//3283 2219//3284
f 2192//3282 2219//3284 1797//3285
f 1679//3286 1678//3287 2146//3288
f 1679//3286 2146//3288 2147//3289
f 1849//3290 1848//3291 2097//3292
f 1849//3290 2097//3292 2098//3293
f 1806//3294 1850//3295 1808//3296
f 1806//3294 1808//3296 1785//3297
f 1454//3298 1592//3299 2120//3300
f 1454//3298 2120//3300 2094//3301
f 1602//3302 1827//3303 1583//3304
f 1602//3302 1583//3304 1584//3305
f 2207//3306 1927//3307 2206//3308
f 2207//3306 2206//3308 2216//3309
f 2060//3310 2059//3311 1682//3312
f 2060//3310 1682//3312 1683//3313
f 1840//3314 1894//3315 2114//3316
f 1840//3314 2114//3316 1939//3317
f 1959//3251 1961//3318 1747//3319
f 1959//3251 1747//3319 1746//3252
f 1433//3255 2242//3320 2202//3321
f 1433//3255 2202//3321 2115//3256
f 2067//3259 2066//3322 1761//3323
f 2067//3259 1761//3323 1775//3260
f 1372//3324 1394//3325 1390//3326
f 1372//3324 1390//3326 1380//3327
f 1522//3267 1521//3328 2134//3329
f 1522//3267 2134//3329 2135//3268
f 1665//3275 2187//3330 2230//3331
f 1665//3275 2230//3331 2103//3276
f 1724//3271 1723//3332 1377//3333
f 1724//3271 1377//3333 1376//3272
f 2142//3334 1686//3335 1733//3336
f 2142//3334 1733//3336 1732//3337
f 2013//3338 1692//3339 1702//3340
f 2013//3338 1702//3340 1701//3341
f 1523//3279 1542//3342 2012//3343
f 1523//3279 2012//3343 2011//3280
f 2191//3283 2195//3344 1986//3345
f 2191//3283 1986//3345 2219//3284
f 1678//3287 2019//3346 2200//3347
f 1678//3287 2200//3347 2146//3288
f 1850//3295 2077//3348 1566//3349
f 1850//3295 1566//3349 1808//3296
f 1848//3291 1793//3350 2235//3351
f 1848//3291 2235//3351 2097//3292
f 2159//3352 2158//3353 1553//3354
f 2159//3352 1553//3354 1552//3355
f 1592//3299 1606//3356 1368//3357
f 1592//3299 1368//3357 2120//3300
f 2194//3358 2193//3359 1863//3360
f 2194//3358 1863//3360 1903//3361
f 1827//3303 1750//3362 1582//3363
f 1827//3303 1582//3363 1583//3304
f 1927//3307 1926//3364 2092//3365
f 1927//3307 2092//3365 2206//3308
f 2059//3311 2228//3366 1781//3367
f 2059//3311 1781//3367 1682//3312
f 1894//3315 1290//3368 2113//3369
f 1894//3315 2113//3369 2114//3316
f 2187//3330 2189//3370 2231//3371
f 2187//3330 2231//3371 2230//3331
f 1961//3318 1962//3372 1809//3373
f 1961//3318 1809//3373 1747//3319
f 2242//3320 1671//3374 2037//3375
f 2242//3320 2037//3375 2202//3321
f 2066//3322 2180//3376 1395//3377
f 2066//3322 1395//3377 1761//3323
f 1521//3328 2174//3378 2210//3379
f 1521//3328 2210//3379 2134//3329
f 1290//3368 1976//3380 2221//3381
f 1290//3368 2221//3381 2113//3369
f 1686//3335 2053//3382 1765//3383
f 1686//3335 1765//3383 1733//3336
f 1542//3342 1616//3384 2015//3385
f 1542//3342 2015//3385 2012//3343
f 1692//3339 1857//3386 1703//3387
f 1692//3339 1703//3387 1702//3340
f 1884//3388 1416//3389 1699//3390
f 1884//3388 1699//3390 1408//3391
f 2019//3346 1451//3392 1860//3393
f 2019//3346 1860//3393 2200//3347
f 2195//3344 2136//3394 1987//3395
f 2195//3344 1987//3395 1986//3345
f 1793//3350 1997//3396 1803//3397
f 1793//3350 1803//3397 2235//3351
f 2158//3353 2203//3398 1503//3399
f 2158//3353 1503//3399 1553//3354
f 1750//3362 1749//3400 2118//3401
f 1750//3362 2118//3401 1582//3363
f 1926//3364 1609//3402 1611//3403
f 1926//3364 1611//3403 2092//3365
f 2228//3366 2087//3404 1782//3405
f 2228//3366 1782//3405 1781//3367
f 1498//3406 1500//3407 1483//3408
f 1498//3406 1483//3408 1482//3409
f 1962//3372 1963//3410 1810//3411
f 1962//3372 1810//3411 1809//3373
f 1671//3374 1643//3412 2036//3413
f 1671//3374 2036//3413 2037//3375
f 2180//3376 1730//3414 1396//3415
f 2180//3376 1396//3415 1395//3377
f 2030//3416 1347//3417 1639//3418
f 2030//3416 1639//3418 1642//3419
f 2174//3378 2173//3420 2100//3421
f 2174//3378 2100//3421 2210//3379
f 2083//3422 2244//3423 1735//3424
f 2083//3422 1735//3424 1627//3425
f 2189//3370 1858//3426 2105//3427
f 2189//3370 2105//3427 2231//3371
f 1616//3384 1985//3428 2014//3429
f 1616//3384 2014//3429 2015//3385
f 1851//3430 2084//3431 1698//3432
f 1851//3430 1698//3432 1694//3433
f 1451//3392 1455//3434 1414//3435
f 1451//3392 1414//3435 1860//3393
f 2136//3394 2085//3436 2093//3437
f 2136//3394 2093//3437 1987//3395
f 1997//3396 2099//3438 1795//3439
f 1997//3396 1795//3439 1803//3397
f 1969//3440 2073//3441 2040//3442
f 1969//3440 2040//3442 2041//3443
f 1749//3400 1862//3444 2108//3445
f 1749//3400 2108//3445 2118//3401
f 1445//3446 1720//3447 1580//3448
f 1445//3446 1580//3448 1581//3449
f 2087//3404 1949//3450 1792//3451
f 2087//3404 1792//3451 1782//3405
f 2085//3436 2152//3452 1800//3453
f 2085//3436 1800//3453 2093//3437
f 2009//3454 2130//3455 2198//3456
f 2009//3454 2198//3456 1340//3457
f 1643//3412 1452//3458 2116//3459
f 1643//3412 2116//3459 2036//3413
f 1347//3417 1925//3460 1612//3461
f 1347//3417 1612//3461 1639//3418
f 2173//3420 1462//3462 2061//3463
f 2173//3420 2061//3463 2100//3421
f 2252//3464 2253//3465 1391//3466
f 2252//3464 1391//3466 1398//3467
f 2244//3423 1465//3468 1992//3469
f 2244//3423 1992//3469 1735//3424
f 1858//3426 2232//3470 1687//3471
f 1858//3426 1687//3471 2105//3427
f 1985//3428 1984//3472 2110//3473
f 1985//3428 2110//3473 2014//3429
f 2084//3431 2209//3474 1697//3475
f 2084//3431 1697//3475 1698//3432
f 1289//3476 1506//3477 1610//3478
f 1289//3476 1610//3478 1378//3479
f 1455//3434 1559//3480 1415//3481
f 1455//3434 1415//3481 1414//3435
f 2099//3438 2199//3482 1794//3483
f 2099//3438 1794//3483 1795//3439
f 1344//3484 1361//3485 1357//3486
f 1344//3484 1357//3486 1348//3487
f 1862//3444 1771//3488 2107//3489
f 1862//3444 2107//3489 2108//3445
f 1658//3490 1922//3491 1684//3492
f 1658//3490 1684//3492 1814//3493
f 1949//3450 1948//3494 1791//3495
f 1949//3450 1791//3495 1792//3451
f 1720//3447 1931//3496 2234//3497
f 1720//3447 2234//3497 1580//3448
f 1401//3498 1400//3499 1773//3500
f 1401//3498 1773//3500 1774//3501
f 2152//3452 1811//3502 1801//3503
f 2152//3452 1801//3503 1800//3453
f 2130//3455 2089//3504 2197//3505
f 2130//3455 2197//3505 2198//3456
f 1452//3458 2021//3506 2201//3507
f 1452//3458 2201//3507 2116//3459
f 1462//3462 1461//3508 2062//3509
f 1462//3462 2062//3509 2061//3463
f 1465//3468 1464//3510 1993//3511
f 1465//3468 1993//3511 1992//3469
f 2232//3470 1659//3512 1688//3513
f 2232//3470 1688//3513 1687//3471
f 2188//3514 2186//3515 1705//3516
f 2188//3514 1705//3516 1704//3517
f 1984//3472 2140//3518 2144//3519
f 1984//3472 2144//3519 2110//3473
f 1540//3520 1377//3333 1723//3332
f 1540//3520 1723//3332 2217//3521
f 1506//3477 1912//3522 2220//3523
f 1506//3477 2220//3523 1610//3478
f 2023//3524 2025//3525 1420//3526
f 2023//3524 1420//3526 1421//3527
f 1559//3480 1535//3528 2022//3529
f 1559//3480 2022//3529 1415//3481
f 1719//3530 1756//3531 1832//3532
f 1719//3530 1832//3532 1831//3533
f 2199//3482 2226//3534 1789//3535
f 2199//3482 1789//3535 1794//3483
f 2184//3536 2183//3537 1944//3538
f 2184//3536 1944//3538 2032//3539
f 1361//3485 2026//3540 1355//3541
f 1361//3485 1355//3541 1357//3486
f 1771//3488 1770//3542 2214//3543
f 1771//3488 2214//3543 2107//3489
f 1922//3491 1921//3544 1685//3545
f 1922//3491 1685//3545 1684//3492
f 1948//3494 2179//3546 1328//3547
f 1948//3494 1328//3547 1791//3495
f 1488//3548 1478//3549 1473//3550
f 1488//3548 1473//3550 1891//3551
f 1931//3496 1930//3552 2223//3553
f 1931//3496 2223//3553 2234//3497
f 1400//3499 2052//3554 2166//3555
f 1400//3499 2166//3555 1773//3500
f 1811//3502 1958//3556 1802//3557
f 1811//3502 1802//3557 1801//3503
f 2089//3504 2088//3558 2039//3559
f 2089//3504 2039//3559 2197//3505
f 2021//3506 2020//3560 1873//3561
f 2021//3506 1873//3561 2201//3507
f 1661//3562 1660//3563 1485//3564
f 1661//3562 1485//3564 1486//3565
f 1908//3566 1907//3567 1365//3568
f 1908//3566 1365//3568 1364//3569
f 1951//3570 2063//3571 1788//3572
f 1951//3570 1788//3572 1509//3573
f 1461//3508 2101//3574 2005//3575
f 1461//3508 2005//3575 2062//3509
f 1464//3510 1644//3576 1994//3577
f 1464//3510 1994//3577 1993//3511
f 1659//3512 2043//3578 1689//3579
f 1659//3512 1689//3579 1688//3513
f 1784//3580 1783//3581 1359//3582
f 1784//3580 1359//3582 1360//3583
f 2140//3518 1980//3584 2145//3585
f 2140//3518 2145//3585 2144//3519
f 2186//3515 1664//3586 1846//3587
f 2186//3515 1846//3587 1705//3516
f 1912//3522 1915//3588 2233//3589
f 1912//3522 2233//3589 2220//3523
f 1975//3590 1424//3591 1385//3592
f 1975//3590 1385//3592 2122//3593
f 1535//3528 1841//3594 1938//3595
f 1535//3528 1938//3595 2022//3529
f 2226//3534 1955//3596 1790//3597
f 2226//3534 1790//3597 1789//3535
f 1756//3531 1425//3598 1998//3599
f 1756//3531 1998//3599 1832//3532
f 1430//3600 1429//3601 2095//3602
f 1430//3600 2095//3602 2119//3603
f 2026//3540 1383//3604 1356//3605
f 2026//3540 1356//3605 1355//3541
f 1739//3606 1821//3607 1869//3608
f 1739//3606 1869//3608 1856//3609
f 1770//3542 2170//3610 2215//3611
f 1770//3542 2215//3611 2214//3543
f 1921//3544 1868//3612 1916//3613
f 1921//3544 1916//3613 1685//3545
f 2179//3546 1900//3614 1329//3615
f 2179//3546 1329//3615 1328//3547
f 2052//3554 2086//3616 1772//3617
f 2052//3554 1772//3617 2166//3555
f 2024//3618 1471//3619 1458//3620
f 2024//3618 1458//3620 1737//3621
f 1930//3552 2076//3622 2224//3623
f 1930//3552 2224//3623 2223//3553
f 2025//3525 2055//3624 1563//3625
f 2025//3525 1563//3625 1420//3526
f 1958//3556 1960//3250 1812//3253
f 1958//3556 1812//3253 1802//3557
f 2088//3558 1434//3254 2038//3257
f 2088//3558 2038//3257 2039//3559
f 2211//3626 2192//3282 1797//3285
f 2211//3626 1797//3285 1709//3627
f 2208//3628 2169//3629 1636//3630
f 2208//3628 1636//3630 1635//3631
f 1988//3632 1822//3266 1489//3269
f 1988//3632 1489//3269 1490//3633
f 2063//3571 2046//3262 1538//3265
f 2063//3571 1538//3265 1788//3572
f 2101//3574 1760//3258 1776//3261
f 2101//3574 1776//3261 2005//3575
f 1644//3576 1662//3274 2104//3277
f 1644//3576 2104//3277 1994//3577
f 1915//3588 1524//3278 2109//3281
f 1915//3588 2109//3281 2233//3589
f 1821//3607 1721//3634 2000//3635
f 1821//3607 2000//3635 1869//3608
f 1841//3594 1840//3314 1939//3317
f 1841//3594 1939//3317 1938//3595
f 1807//3636 1806//3294 1785//3297
f 1807//3636 1785//3297 1786//3637
f 1425//3598 1427//3638 1853//3639
f 1425//3598 1853//3639 1998//3599
f 1429//3601 1454//3298 2094//3301
f 1429//3601 2094//3301 2095//3602
f 2170//3610 2207//3306 2216//3309
f 2170//3610 2216//3309 2215//3611
f 2086//3616 2060//3310 1683//3313
f 2086//3616 1683//3313 1772//3617
f 2076//3622 1849//3290 2098//3293
f 2076//3622 2098//3293 2224//3623
f 2117//3640 1289//3476 1378//3479
f 2117//3640 1378//3479 1379//3641
f 2032//3539 1401//3498 1774//3501
f 2032//3539 1774//3501 2184//3536
f 1976//3380 1975//3590 2122//3593
f 1976//3380 2122//3593 2221//3381
f 1963//3410 1807//3636 1786//3637
f 1963//3410 1786//3637 1810//3411
f 2043//3578 1661//3562 1486//3565
f 2043//3578 1486//3565 1689//3579
f 2217//3521 1679//3286 2147//3289
f 2217//3521 2147//3289 1540//3520
f 1955//3596 1784//3580 1360//3583
f 1955//3596 1360//3583 1790//3597
f 1441//3642 1549//3643 1548//3644
f 1441//3642 1548//3644 1640//3645
f 1423//3230 1974//3646 1889//3647
f 1423//3230 1889//3647 1457//3231
f 1605//3211 1453//2832 1303//2835
f 1605//3211 1303//2835 1887//3212
f 1394//3325 1393//2836 1389//2839
f 1394//3325 1389//2839 1390//3326
f 1941//3648 1940//2842 1641//2845
f 1941//3648 1641//2845 1637//3649
f 1438//2773 1365//3568 1907//3567
f 1438//2773 1907//3567 1728//2770
f 1504//2785 1503//3399 2203//3398
f 1504//2785 2203//3398 1562//2782
f 1550//3199 1531//3246 1818//3247
f 1550//3199 1818//3247 1817//3200
f 1555//3208 1554//3036 1557//3039
f 1555//3208 1557//3039 1556//3209
f 2148//3093 2151//2858 1876//2861
f 2148//3093 1876//2861 1309//3094
f 1865//3202 1920//3650 2008//3651
f 1865//3202 2008//3651 2007//3203
f 2205//3652 1764//3653 1839//3654
f 2205//3652 1839//3654 1731//3655
f 2196//3220 2194//3358 1903//3361
f 2196//3220 1903//3361 1902//3221
f 1721//3634 1945//3656 2213//3657
f 1721//3634 2213//3657 2000//3635
f 1928//3658 2208//3628 1635//3631
f 1928//3658 1635//3631 1613//3659
f 1932//3227 1719//3530 1831//3533
f 1932//3227 1831//3533 1621//3228
f 1859//3660 2188//3514 1704//3517
f 1859//3660 1704//3517 1852//3661
f 1447//3027 1712//3662 2246//3663
f 1447//3027 2246//3663 1911//3028
f 1502//3664 1292//3083 1880//3082
f 1502//3664 1880//3082 1534//3665
f 2055//3624 2058//2886 1564//2889
f 2055//3624 1564//2889 1563//3625
f 1712//3662 1711//3242 1436//3243
f 1712//3662 1436//3243 2246//3663
f 1549//3643 1498//3406 1482//3409
f 1549//3643 1482//3409 1548//3644
f 1474//2755 1473//3550 1478//3549
f 1474//2755 1478//3549 1479//2756
f 1539//3263 1898//3666 1804//3667
f 1539//3263 1804//3667 1537//3264
f 1974//3646 1973//3668 1829//3669
f 1974//3646 1829//3669 1889//3647
f 1783//3581 1777//2908 1787//2911
f 1783//3581 1787//2911 1359//3582
f 1864//2803 2009//3454 1340//3457
f 1864//2803 1340//3457 1341//2804
f 1383//3604 2048//2918 1477//2921
f 1383//3604 1477//2921 1356//3605
f 1920//3650 1919//3670 1872//3671
f 1920//3650 1872//3671 2008//3651
f 1764//3653 1763//3672 1762//3673
f 1764//3653 1762//3673 1839//3654
f 1945//3656 1944//3538 2183//3537
f 1945//3656 2183//3537 2213//3657
f 1615//2763 1602//3302 1584//3305
f 1615//2763 1584//3305 1585//2764
f 1660//3563 2133//2932 1653//2935
f 1660//3563 1653//2935 1485//3564
f 1288//2852 1893//2942 1918//2945
f 1288//2852 1918//2945 1507//2853
f 1428//2833 1906//3234 1300//3237
f 1428//2833 1300//3237 1299//2834
f 1898//3666 1935//3674 1805//3675
f 1898//3666 1805//3675 1804//3667
f 1888//3676 1526//3677 1536//3678
f 1888//3676 1536//3678 1294//3679
f 1294//3679 1293//3680 1543//3681
f 1294//3679 1543//3681 1888//3676
f 1973//3668 2117//3640 1379//3641
f 1973//3668 1379//3641 1829//3669
f 2047//2830 1382//3682 1690//3683
f 2047//2830 1690//3683 2054//2831
f 1530//3032 1529//3684 1844//3685
f 1530//3032 1844//3685 1298//3033
f 2245//3239 1861//3686 1904//3687
f 2245//3239 1904//3687 1877//3240
f 1544//3037 1543//3681 1293//3680
f 1544//3037 1293//3680 1541//3038
f 1606//3356 1435//2916 1369//2915
f 1606//3356 1369//2915 1368//3357
f 1351//2864 1352//3688 1336//3689
f 1351//2864 1336//3689 1346//2865
f 1917//2907 1916//3613 1868//3612
f 1917//2907 1868//3612 1867//2904
f 1919//3670 1696//3690 1871//3691
f 1919//3670 1871//3691 1872//3671
f 1763//3672 2142//3334 1732//3337
f 1763//3672 1732//3337 1762//3673
f 2193//3359 1757//2978 1567//2981
f 2193//3359 1567//2981 1863//3360
f 1970//2872 1969//3440 2041//3443
f 1970//2872 2041//3443 2106//2873
f 2169//3629 1769//2986 1870//2989
f 2169//3629 1870//2989 1636//3630
f 1730//3414 1729//2990 1734//2993
f 1730//3414 1734//2993 1396//3415
f 1526//3677 1525//2998 1879//3001
f 1526//3677 1879//3001 1536//3678
f 1500//3407 2057//3008 2182//3011
f 1500//3407 2182//3011 1483//3408
f 1891//3551 1890//3012 1487//3015
f 1891//3551 1487//3015 1488//3548
f 1935//3674 1934//3016 1830//3019
f 1935//3674 1830//3019 1805//3675
f 1382//3682 1384//3022 1691//3025
f 1382//3682 1691//3025 1690//3683
f 1885//2880 1884//3388 1408//3391
f 1885//2880 1408//3391 1409//2881
f 1529//3684 1528//3692 1845//3693
f 1529//3684 1845//3693 1844//3685
f 1596//2902 1343//3694 1607//3695
f 1596//2902 1607//3695 1598//2903
f 1352//3688 1495//3060 1337//3063
f 1352//3688 1337//3063 1336//3689
f 1696//3690 1695//3696 1693//3697
f 1696//3690 1693//3697 1871//3691
f 2042//2928 2176//3698 1484//3699
f 2042//2928 1484//3699 1494//2929
f 815//2930 2252//3464 1398//3467
f 815//2930 1398//3467 1397//2931
f 1664//3586 1663//3700 1629//3701
f 1664//3586 1629//3701 1846//3587
f 1492//3079 1611//3403 1609//3402
f 1492//3079 1609//3402 1603//3076
f 1883//3045 1765//3383 2053//3382
f 1883//3045 2053//3382 1403//3042
f 1411//3235 2003//2938 1836//2941
f 1411//3235 1836//2941 1835//3236
f 1528//3692 1533//3106 1905//3109
f 1528//3692 1905//3109 1845//3693
f 1343//3694 1342//3112 1608//3115
f 1343//3694 1608//3115 1607//3695
f 1861//3686 1748//3702 1924//3703
f 1861//3686 1924//3703 1904//3687
f 1874//3059 1873//3561 2020//3560
f 1874//3059 2020//3560 1681//3056
f 1446//2972 1445//3446 1581//3449
f 1446//2972 1581//3449 1628//2973
f 2124//2974 2127//3704 1449//3705
f 2124//2974 1449//3705 1387//2975
f 1695//3696 1851//3430 1694//3433
f 1695//3696 1694//3433 1693//3697
f 2073//3441 2111//3706 2225//3707
f 2073//3441 2225//3707 2040//3442
f 1768//2987 2083//3422 1627//3425
f 1768//2987 1627//3425 1626//2988
f 1427//3638 1755//3132 1854//3135
f 1427//3638 1854//3135 1853//3639
f 2176//3698 2177//3136 1480//3139
f 2176//3698 1480//3139 1484//3699
f 2102//2991 2013//3338 1701//3341
f 2102//2991 1701//3341 1700//2992
f 1663//3700 2190//3708 1630//3709
f 1663//3700 1630//3709 1629//3701
f 2029//2994 2030//3416 1642//3419
f 2029//2994 1642//3419 1405//2995
f 2056//3009 2024//3618 1737//3621
f 2056//3009 1737//3621 1736//3010
f 1952//3013 1951//3570 1509//3573
f 1952//3013 1509//3573 1510//3014
f 1416//3389 1654//3710 1422//3711
f 1416//3389 1422//3711 1699//3390
f 1345//3046 1344//3484 1348//3487
f 1345//3046 1348//3487 1349//3047
f 1754//3074 1426//3216 1923//3217
f 1754//3074 1923//3217 2247//3075
f 2127//3704 1413//3170 1419//3173
f 2127//3704 1419//3173 1449//3705
f 1740//3070 1739//3606 1856//3609
f 1740//3070 1856//3609 1855//3071
f 2111//3706 1430//3600 2119//3603
f 2111//3706 2119//3603 2225//3707
f 1534//3665 1512//2950 1501//2953
f 1534//3665 1501//2953 1502//3664
f 2253//3465 569//3190 1381//3193
f 2253//3465 1381//3193 1391//3466
f 2190//3708 1989//3712 1675//3713
f 2190//3708 1675//3713 1630//3709
f 1914//3080 1913//3196 1305//3197
f 1914//3080 1305//3197 1304//3081
f 1937//3714 1442//3715 1518//3716
f 1937//3714 1518//3716 1519//3717
f 1519//3717 1470//3143 1619//3142
f 1519//3717 1619//3142 1937//3714
f 1717//3086 1716//3214 1311//3215
f 1717//3086 1311//3215 1310//3087
f 1373//3090 1372//3324 1380//3327
f 1373//3090 1380//3327 1375//3091
f 1654//3710 2023//3524 1421//3527
f 1654//3710 1421//3527 1422//3711
f 1748//3702 1601//3198 1833//3201
f 1748//3702 1833//3201 1924//3703
f 2034//2939 1647//3248 1828//3249
f 2034//2939 1828//3249 1834//2940
f 2069//3113 2159//3352 1552//3355
f 2069//3113 1552//3355 1799//3114
f 1798//3177 1329//3615 1900//3614
f 1798//3177 1900//3614 1899//3174
f 1546//3187 2145//3585 1980//3584
f 1546//3187 1980//3584 1979//3184
f 2077//3348 1929//3226 1565//3229
f 2077//3348 1565//3229 1566//3349
f 1753//3133 2211//3626 1709//3627
f 1753//3133 1709//3627 1710//3134
f 1989//3712 1988//3632 1490//3633
f 1989//3712 1490//3633 1675//3713
f 1442//3715 1441//3642 1640//3645
f 1442//3715 1640//3645 1518//3716
f 1471//3619 1472//2754 1459//2757
f 1471//3619 1459//2757 1458//3620
f 2070//3146 1941//3648 1637//3649
f 2070//3146 1637//3649 1638//3147
f 1657//3148 1658//3490 1814//3493
f 1657//3148 1814//3493 1656//3149
f 1424//3591 1417//2826 1386//2829
f 1424//3591 1386//2829 1385//3592
f 2209//3474 2205//3652 1731//3655
f 2209//3474 1731//3655 1697//3475
f 1412//3171 1908//3566 1364//3569
f 1412//3171 1364//3569 1418//3172
f 1857//3386 1859//3660 1852//3661
f 1857//3386 1852//3661 1703//3387
f 2132//3191 1967//3270 1371//3273
f 2132//3191 1371//3273 1370//3192
f 1925//3460 1928//3658 1613//3659
f 1925//3460 1613//3659 1612//3461
f 853//2293 1879//2292 1780//2145
f 853//2293 1780//2145 854//2144
f 568//3718 570//3719 560//3720
f 568//3718 560//3720 559//3718
f 815//1200 565//1199 802//3721
f 802//3721 2253//3722 2252//3723
f 802//3721 2252//3723 815//1200
f 570//3719 802//1174 562//1175
f 570//3719 562//1175 560//3720
f 2253//3722 802//3721 570//728
f 2253//3722 570//728 569//727
f 369//717 562//718 561//715
f 180//3724 181//3724 2254//3724
f 180//3724 2254//3724 2255//3724
f 163//3725 164//3725 2256//3725
f 163//3725 2256//3725 2257//3725
f 1//3726 2//3726 2258//3726
f 1//3726 2258//3726 2259//3726
f 141//3727 138//3727 2260//3727
f 141//3727 2260//3727 2261//3727
f 54//3728 55//3728 2262//3728
f 54//3728 2262//3728 2263//3728
f 186//3729 73//3729 2264//3729
f 186//3729 2264//3729 2265//3729
f 30//3730 31//3730 2266//3730
f 30//3730 2266//3730 2267//3730
f 178//3731 162//3731 2268//3731
f 178//3731 2268//3731 2269//3731
f 66//3732 105//3732 2270//3732
f 66//3732 2270//3732 2271//3732
f 167//3733 168//3733 2272//3733
f 167//3733 2272//3733 2273//3733
f 13//3734 14//3734 2274//3734
f 13//3734 2274//3734 2275//3734
f 174//3735 163//3735 2257//3735
f 174//3735 2257//3735 2276//3735
f 187//3736 180//3736 2255//3736
f 187//3736 2255//3736 2277//3736
f 182//3737 141//3737 2261//3737
f 182//3737 2261//3737 2278//3737
f 171//3738 9//3738 2279//3738
f 171//3738 2279//3738 2280//3738
f 5//3739 6//3739 2281//3739
f 5//3739 2281//3739 2282//3739
f 58//3740 54//3740 2263//3740
f 58//3740 2263//3740 2283//3740
f 185//3741 186//3741 2265//3741
f 185//3741 2265//3741 2284//3741
f 172//3742 1//3742 2259//3742
f 172//3742 2259//3742 2285//3742
f 103//3743 99//3743 2286//3743
f 103//3743 2286//3743 2287//3743
f 22//3744 66//3744 2271//3744
f 22//3744 2271//3744 2288//3744
f 165//3745 178//3745 2269//3745
f 165//3745 2269//3745 2289//3745
f 179//3746 13//3746 2275//3746
f 179//3746 2275//3746 2290//3746
f 166//3747 167//3747 2273//3747
f 166//3747 2273//3747 2291//3747
f 121//3748 187//3748 2277//3748
f 121//3748 2277//3748 2292//3748
f 175//3749 174//3749 2276//3749
f 175//3749 2276//3749 2293//3749
f 170//3750 171//3750 2280//3750
f 170//3750 2280//3750 2294//3750
f 184//3751 103//3751 2287//3751
f 184//3751 2287//3751 2295//3751
f 60//3752 58//3752 2283//3752
f 60//3752 2283//3752 2296//3752
f 173//3753 172//3753 2285//3753
f 173//3753 2285//3753 2297//3753
f 21//3754 22//3754 2288//3754
f 21//3754 2288//3754 2298//3754
f 177//3755 184//3755 2295//3755
f 177//3755 2295//3755 2299//3755
f 100//3756 179//3756 2290//3756
f 100//3756 2290//3756 2300//3756
f 176//3757 175//3757 2293//3757
f 176//3757 2293//3757 2301//3757
f 169//3758 170//3758 2294//3758
f 169//3758 2294//3758 2302//3758
f 10//3759 182//3759 2278//3759
f 10//3759 2278//3759 2303//3759
f 120//3760 121//3760 2292//3760
f 120//3760 2292//3760 2304//3760
f 181//3761 185//3761 2284//3761
f 181//3761 2284//3761 2254//3761
f 164//3762 173//3762 2297//3762
f 164//3762 2297//3762 2256//3762
f 2//3763 166//3763 2291//3763
f 2//3763 2291//3763 2258//3763
f 6//3764 60//3764 2296//3764
f 6//3764 2296//3764 2281//3764
f 55//3765 165//3765 2289//3765
f 55//3765 2289//3765 2262//3765
f 138//3766 30//3766 2267//3766
f 138//3766 2267//3766 2260//3766
f 31//3767 5//3767 2282//3767
f 31//3767 2282//3767 2266//3767
f 73//3768 21//3768 2298//3768
f 73//3768 2298//3768 2264//3768
f 105//3769 177//3769 2299//3769
f 105//3769 2299//3769 2270//3769
f 99//3770 100//3770 2300//3770
f 99//3770 2300//3770 2286//3770
f 14//3771 176//3771 2301//3771
f 14//3771 2301//3771 2274//3771
f 168//3772 169//3772 2302//3772
f 168//3772 2302//3772 2272//3772
f 9//3773 10//3773 2303//3773
f 9//3773 2303//3773 2279//3773
f 162//3774 120//3774 2304//3774
f 162//3774 2304//3774 2268//3774
# Vertices: 2304, normals: 3774, texture coordinates: 0, faces: 4421

o obj2
v 0.0015844 0.02292062 0.00270896
v 0.00498284 0.02242847 0.00270896
v 0.00498284 0.02242847 0.00109708
v 0.0015844 0.02292062 0.00109708
v 0.00826998 0.02143531 0.00270896
v 0.00826998 0.02143531 0.00109708
v 0.01137237 0.01996332 0.00270896
v 0.01137237 0.01996332 0.00109708
v 0.01422073 0.01804539 0.00270896
v 0.01422073 0.01804539 0.00109708
v 0.01675143 0.01572434 0.00270896
v 0.01675143 0.01572434 0.00109708
v 0.01890791 0.01305204 0.00270896
v 0.01890791 0.01305204 0.00109708
v 0.02064204 0.01008818 0.00270896
v 0.02064204 0.01008818 0.00109708
v 0.02191505 0.00689897 0.00270896
v 0.02191505 0.00689897 0.00109708
v 0.02269851 0.00355565 0.00270896
v 0.02269851 0.00355565 0.00109708
v 0.02297493 0.0001329 0.00270896
v 0.02297493 0.0001329 0.00109708
v 0.02273813 -0.00329282 0.00270896
v 0.02273813 -0.00329282 0.00109708
v 0.02199339 -0.00664499 0.00270896
v 0.02199339 -0.00664499 0.00109708
v 0.02075736 -0.00984871 0.00270896
v 0.02075736 -0.00984871 0.00109708
v 0.01905765 -0.01283243 0.00270896
v 0.01905765 -0.01283243 0.00109708
v 0.01693221 -0.0155295 0.00270896
v 0.01693221 -0.0155295 0.00109708
v 0.01442854 -0.01787966 0.00270896
v 0.01442854 -0.01787966 0.00109708
v 0.01160255 -0.01983042 0.00270896
v 0.01160255 -0.01983042 0.00109708
v 0.00851739 -0.02133821 0.00270896
v 0.00851739 -0.02133821 0.00109708
v 0.00524197 -0.02236933 0.00270896
v 0.00524197 -0.02236933 0.00109708
v 0.00184945 -0.02290076 0.00270896
v 0.00184945 -0.02290076 0.00109708
v -0.00158439 -0.02292062 0.00270896
v -0.00158439 -0.02292062 0.00109708
v -0.00498284 -0.02242847 0.00270896
v -0.00498284 -0.02242847 0.00109708
v -0.00826997 -0.02143531 0.00270896
v -0.00826997 -0.02143531 0.00109708
v -0.01137238 -0.01996332 0.00270896
v -0.01137238 -0.01996332 0.00109708
v -0.01422073 -0.01804539 0.00270896
v -0.01422073 -0.01804539 0.00109708
v -0.01675142 -0.01572434 0.00270896
v -0.01675142 -0.01572434 0.00109708
v -0.01890791 -0.01305204 0.00270896
v -0.01890791 -0.01305204 0.00109708
v -0.02064203 -0.01008818 0.00270896
v -0.02064203 -0.01008818 0.00109708
v -0.02191504 -0.00689897 0.00270896
v -0.02191504 -0.00689897 0.00109708
v -0.02269851 -0.00355565 0.00270896
v -0.02269851 -0.00355565 0.00109708
v -0.02297493 -0.0001329 0.00270896
v -0.02297493 -0.0001329 0.00109708
v -0.02273812 0.00329282 0.00270896
v -0.02273812 0.00329282 0.00109708
v -0.02199339 0.00664499 0.00270896
v -0.02199339 0.00664499 0.00109708
v -0.02075735 0.00984871 0.00270896
v -0.02075735 0.00984871 0.00109708
v -0.01905764 0.01283243 0.00270896
v -0.01905764 0.01283243 0.00109708
v -0.01693221 0.0155295 0.00270896
v -0.01693221 0.0155295 0.00109708
v -0.01442854 0.01787966 0.00270896
v -0.01442854 0.01787966 0.00109708
v -0.01160256 0.01983042 0.00270896
v -0.01160256 0.01983042 0.00109708
v -0.00851739 0.02133821 0.00270896
v -0.00851739 0.02133821 0.00109708
v -0.00524197 0.02236933 0.00270896
v -0.00524197 0.02236933 0.00109708
v -0.00184944 0.02290076 0.00270896
v -0.00184944 0.02290076 0.00109708
v -0.01078642 0.01843554 0.00270896
v -0.00791827 0.01983726 0.00270896
v 0.01919006 0.00937857 0.00270896
v 0.02037353 0.00641369 0.00270896
v -0.01919006 -0.00937857 0.00109708
v -0.01757791 -0.01213395 0.00109708
v -0.01574119 0.01443714 0.00270896
v -0.01341363 0.01662199 0.00270896
v -0.00768825 -0.01992754 0.00270896
v -0.01057243 -0.01855909 0.00270896
v -0.01557311 -0.01461828 0.00109708
v 0.02113871 -0.0030612 0.00270896
v 0.02044637 -0.00617757 0.00270896
v 0.01574118 -0.01443714 0.00270896
v 0.01341363 -0.01662199 0.00270896
v -0.02037352 -0.00641369 0.00109708
v 0.00487325 -0.02079586 0.00270896
v 0.00171936 -0.0212899 0.00270896
v -0.02113871 0.0030612 0.00109708
v -0.02135886 -0.00012355 0.00109708
v -0.01341363 0.01662199 0.00109708
v -0.01574119 0.01443714 0.00109708
v -0.01771711 0.01192979 0.00270896
v -0.02110188 -0.00330554 0.00109708
v 0.01929728 -0.00915595 0.00109708
v 0.02044637 -0.00617757 0.00109708
v -0.02044636 0.00617757 0.00109708
v -0.01557311 -0.01461828 0.00270896
v -0.01757791 -0.01213395 0.00270896
v -0.01929727 0.00915595 0.00270896
v 0.01757791 0.01213395 0.00270896
v 0.01322043 0.01677606 0.00109708
v 0.01057243 0.01855909 0.00109708
v -0.00791827 0.01983726 0.00109708
v -0.01078642 0.01843554 0.00109708
v -0.00171935 0.0212899 0.00109708
v -0.00487324 0.02079586 0.00109708
v -0.02044636 0.00617757 0.00270896
v 0.01771712 -0.01192979 0.00109708
v 0.01929728 -0.00915595 0.00270896
v 0.01771712 -0.01192979 0.00270896
v -0.02113871 0.0030612 0.00270896
v 0.00147295 0.02130837 0.00109708
v -0.00147294 -0.02130837 0.00109708
v 0.00171936 -0.0212899 0.00109708
v -0.02135886 -0.00012355 0.00270896
v -0.01322043 -0.01677606 0.00109708
v -0.01057243 -0.01855909 0.00109708
v 0.00487325 -0.02079586 0.00109708
v 0.00791827 -0.01983726 0.00109708
v -0.00768825 -0.01992754 0.00109708
v -0.00463234 -0.02085084 0.00109708
v -0.00147294 -0.02130837 0.00270896
v -0.00463234 -0.02085084 0.00270896
v -0.02110188 -0.00330554 0.00270896
v -0.01322043 -0.01677606 0.00270896
v 0.01574118 -0.01443714 0.00109708
v 0.01557312 0.01461828 0.00270896
v 0.01557312 0.01461828 0.00109708
v 0.02037353 0.00641369 0.00109708
v 0.01919006 0.00937857 0.00109708
v -0.01771711 0.01192979 0.00109708
v -0.01929727 0.00915595 0.00109708
v 0.01757791 0.01213395 0.00109708
v 0.02110189 0.00330554 0.00270896
v 0.02135886 0.00012355 0.00270896
v 0.02110189 0.00330554 0.00109708
v 0.01078642 -0.01843554 0.00109708
v 0.01341363 -0.01662199 0.00109708
v 0.02113871 -0.0030612 0.00109708
v 0.02135886 0.00012355 0.00109708
v 0.01078642 -0.01843554 0.00270896
v 0.00791827 -0.01983726 0.00270896
v -0.00487324 0.02079586 0.00270896
v -0.00171935 0.0212899 0.00270896
v -0.01919006 -0.00937857 0.00270896
v -0.02037352 -0.00641369 0.00270896
v 0.00147295 0.02130837 0.00270896
v 0.00463234 0.02085084 0.00270896
v 0.00768826 0.01992754 0.00270896
v 0.01322043 0.01677606 0.00270896
v 0.01057243 0.01855909 0.00270896
v 0.00768826 0.01992754 0.00109708
v 0.00463234 0.02085084 0.00109708
v -0.05576185 0.00983232 -0.01620001
v -0.05662207 -0 -0.0158
v -0.05576185 0.00983232 -0.0158
v -0.05320734 0.01936589 -0.0158
v -0.05662207 0 -0.01620001
v -0.05320734 0.01936589 -0.01620001
v -0.04903615 0.02831103 -0.0158
v -0.04903615 0.02831103 -0.01620001
v -0.04337502 0.03639596 -0.0158
v -0.04337502 0.03639596 -0.01620001
v -0.03639596 0.04337502 -0.0158
v -0.03639596 0.04337502 -0.01620001
v -0.02831103 0.04903615 -0.0158
v -0.02831103 0.04903615 -0.01620001
v -0.01936589 0.05320734 -0.0158
v -0.01936589 0.05320734 -0.01620001
v -0.00983232 0.05576185 -0.0158
v -0.00983232 0.05576185 -0.01620001
v -0 0.05662207 -0.0158
v -0 0.05662207 -0.01620001
v 0.00983232 0.05576185 -0.0158
v 0.00983232 0.05576185 -0.01620001
v 0.01936589 0.05320734 -0.01620001
v 0.01936589 0.05320734 -0.0158
v 0.02831103 0.04903615 -0.0158
v 0.02831103 0.04903615 -0.01620001
v 0.03639596 0.04337502 -0.0158
v 0.03639596 0.04337502 -0.01620001
v 0.04337502 0.03639596 -0.0158
v 0.04337502 0.03639596 -0.01620001
v 0.04903615 0.02831103 -0.0158
v 0.04903615 0.02831103 -0.01620001
v 0.05320734 0.01936589 -0.0158
v 0.05320734 0.01936589 -0.01620001
v 0.05576185 0.00983232 -0.01620001
v 0.05576185 0.00983232 -0.0158
v 0.05662207 0 -0.01620001
v 0.05662207 0 -0.0158
v 0.05576185 -0.00983232 -0.01620001
v 0.05576185 -0.00983232 -0.0158
v 0.05320734 -0.01936589 -0.01620001
v 0.05320734 -0.01936589 -0.0158
v 0.04903615 -0.02831103 -0.01620001
v 0.04903615 -0.02831103 -0.0158
v 0.04337502 -0.03639596 -0.01620001
v 0.04337502 -0.03639596 -0.0158
v 0.03639596 -0.04337502 -0.01620001
v 0.03639596 -0.04337502 -0.0158
v 0.02831103 -0.04903615 -0.01620001
v 0.02831103 -0.04903615 -0.0158
v 0.01936589 -0.05320734 -0.01620001
v 0.01936589 -0.05320734 -0.0158
v 0.00983232 -0.05576185 -0.01620001
v 0.00983232 -0.05576185 -0.0158
v 0 -0.05662207 -0.01620001
v 0 -0.05662207 -0.0158
v -0.00983232 -0.05576185 -0.01620001
v -0.00983232 -0.05576185 -0.0158
v -0.01936589 -0.05320734 -0.01620001
v -0.01936589 -0.05320734 -0.0158
v -0.02831103 -0.04903615 -0.01620001
v -0.02831103 -0.04903615 -0.0158
v -0.03639596 -0.04337502 -0.01620001
v -0.03639596 -0.04337502 -0.0158
v -0.04337502 -0.03639596 -0.01620001
v -0.04337502 -0.03639596 -0.0158
v -0.04903615 -0.02831103 -0.01620001
v -0.04903615 -0.02831103 -0.0158
v -0.05320734 -0.01936589 -0.0158
v -0.05320734 -0.01936589 -0.01620001
v -0.05576185 -0.00983232 -0.01620001
v -0.05576185 -0.00983232 -0.0158
vn 0.04987 0.72145 0.69067
vn 0.15684 0.70596 0.69067
vn 0.15684 0.70596 -0.69067
vn 0.04987 0.72145 -0.69067
vn 0.26031 0.6747 0.69067
vn 0.26031 0.6747 -0.69067
vn 0.35796 0.62837 0.69067
vn 0.35796 0.62837 -0.69067
vn 0.44761 0.568 0.69067
vn 0.44761 0.568 -0.69067
vn 0.52727 0.49494 0.69067
vn 0.52727 0.49494 -0.69067
vn 0.59515 0.41083 0.69067
vn 0.59515 0.41083 -0.69067
vn 0.64973 0.31754 0.69067
vn 0.64973 0.31754 -0.69067
vn 0.6898 0.21715 0.69067
vn 0.6898 0.21715 -0.69067
vn 0.71446 0.11192 0.69067
vn 0.71446 0.11192 -0.69067
vn 0.72316 0.00418 0.69067
vn 0.72316 0.00418 -0.69067
vn 0.71571 -0.10364 0.69067
vn 0.71571 -0.10364 -0.69067
vn 0.69227 -0.20916 0.69067
vn 0.69227 -0.20916 -0.69067
vn 0.65336 -0.31 0.69067
vn 0.65336 -0.31 -0.69067
vn 0.59986 -0.40391 0.69067
vn 0.59986 -0.40391 -0.69067
vn 0.53296 -0.48881 0.69067
vn 0.53296 -0.48881 -0.69067
vn 0.45415 -0.56278 0.69067
vn 0.45415 -0.56278 -0.69067
vn 0.3652 -0.62418 0.69067
vn 0.3652 -0.62418 -0.69067
vn 0.26809 -0.67164 0.69067
vn 0.26809 -0.67164 -0.69067
vn 0.165 -0.7041 0.69067
vn 0.165 -0.7041 -0.69067
vn 0.05821 -0.72083 0.69067
vn 0.05821 -0.72083 -0.69067
vn -0.04987 -0.72145 0.69067
vn -0.04987 -0.72145 -0.69067
vn -0.15684 -0.70596 0.69067
vn -0.15684 -0.70596 -0.69067
vn -0.26031 -0.6747 0.69067
vn -0.26031 -0.6747 -0.69067
vn -0.35796 -0.62837 0.69067
vn -0.35796 -0.62837 -0.69067
vn -0.44761 -0.568 0.69067
vn -0.44761 -0.568 -0.69067
vn -0.52727 -0.49494 0.69067
vn -0.52727 -0.49494 -0.69067
vn -0.59515 -0.41083 0.69067
vn -0.59515 -0.41083 -0.69067
vn -0.64973 -0.31754 0.69067
vn -0.64973 -0.31754 -0.69067
vn -0.6898 -0.21715 0.69067
vn -0.6898 -0.21715 -0.69067
vn -0.71446 -0.11192 0.69067
vn -0.71446 -0.11192 -0.69067
vn -0.72316 -0.00418 0.69067
vn -0.72316 -0.00418 -0.69067
vn -0.71571 0.10365 0.69067
vn -0.71571 0.10365 -0.69067
vn -0.69227 0.20916 0.69067
vn -0.69227 0.20916 -0.69067
vn -0.65336 0.31 0.69067
vn -0.65336 0.31 -0.69067
vn -0.59986 0.40391 0.69067
vn -0.59986 0.40391 -0.69067
vn -0.53296 0.48881 0.69067
vn -0.53296 0.48881 -0.69067
vn -0.45415 0.56278 0.69067
vn -0.45415 0.56278 -0.69067
vn -0.3652 0.62418 0.69067
vn -0.3652 0.62418 -0.69067
vn -0.26809 0.67164 0.69067
vn -0.26809 0.67164 -0.69067
vn -0.165 0.7041 0.69067
vn -0.165 0.7041 -0.69067
vn -0.05821 0.72083 0.69067
vn -0.05821 0.72083 -0.69067
vn 0 0 1
vn 0 0 1
vn 0 0 1
vn 0 0 1
vn 0 -0 -1
vn -0 -0 -1
vn -0 0 1
vn 0 0 1
vn -0 0 1
vn -0 0 1
vn -0 -0 -1
vn 0 0 1
vn 0 0 1
vn -0 0 1
vn -0 0 1
vn 0 -0 -1
vn 0 0 1
vn 0 0 1
vn -0 -0 -1
vn -0 -0 -1
vn -0 -0 -1
vn -0 -0 -1
vn -0 0 1
vn -0 -0 -1
vn -0 -0 -1
vn -0 -0 -1
vn -0 -0 -1
vn 0 0 1
vn 0 0 1
vn 0 0 1
vn 0 0 1
vn -0 -0 -1
vn -0 -0 -1
vn -0 -0 -1
vn 0 -0 -1
vn -0 -0 -1
vn -0 -0 -1
vn 0 0 1
vn -0 -0 -1
vn 0 0 1
vn 0 0 1
vn -0 0 1
vn -0 -0 -1
vn -0 -0 -1
vn -0 -0 -1
vn 0 0 1
vn 0 -0 -1
vn -0 -0 -1
vn -0 -0 -1
vn -0 -0 -1
vn -0 -0 -1
vn -0 -0 -1
vn -0 0 1
vn -0 0 1
vn 0 0 1
vn -0 0 1
vn -0 -0 -1
vn 0 0 1
vn -0 -0 -1
vn 0 -0 -1
vn 0 -0 -1
vn -0 -0 -1
vn -0 -0 -1
vn -0 -0 -1
vn -0 0 1
vn -0 0 1
vn -0 -0 -1
vn -0 -0 -1
vn -0 -0 -1
vn -0 -0 -1
vn -0 -0 -1
vn 0 0 1
vn 0 0 1
vn 0 0 1
vn 0 0 1
vn -0 0 1
vn -0 0 1
vn 0 0 1
vn 0 0 1
vn -0 0 1
vn 0 0 1
vn -0 0 1
vn -0 -0 -1
vn 0 -0 -1
vn -0.98481 0.17365 0
vn -1 0 0
vn -0.98481 0.17365 0
vn -0.93969 0.34202 0
vn -1 0 0
vn -0.93969 0.34202 0
vn -0.86603 0.5 0
vn -0.86603 0.5 0
vn -0.76605 0.64279 0
vn -0.76605 0.64279 0
vn -0.64279 0.76605 0
vn -0.64279 0.76605 0
vn -0.5 0.86602 0
vn -0.5 0.86602 0
vn -0.34202 0.93969 0
vn -0.34202 0.93969 0
vn -0.17365 0.98481 0
vn -0.17365 0.98481 0
vn 0 1 0
vn -0 1 0
vn 0.17365 0.98481 0
vn 0.17365 0.98481 0
vn 0.34202 0.93969 0
vn 0.34202 0.93969 0
vn 0.5 0.86603 0
vn 0.5 0.86603 0
vn 0.64279 0.76604 0
vn 0.76604 0.64279 0
vn 0.76604 0.64279 0
vn 0.86603 0.5 0
vn 0.86603 0.5 0
vn 0.93969 0.34202 0
vn 0.93969 0.34202 0
vn 0.98481 0.17365 0
vn 0.98481 0.17365 0
vn 1 -0 0
vn 1 -0 0
vn 0.98481 -0.17365 0
vn 0.98481 -0.17365 0
vn 0.93969 -0.34202 0
vn 0.93969 -0.34202 0
vn 0.86603 -0.5 0
vn 0.86603 -0.5 0
vn 0.76604 -0.64279 0
vn 0.76604 -0.64279 0
vn 0.64279 -0.76604 0
vn 0.64279 -0.76604 0
vn 0.5 -0.86603 0
vn 0.34202 -0.93969 0
vn 0.34202 -0.93969 0
vn 0.17365 -0.98481 0
vn 0.17365 -0.98481 0
vn -0 -1 -0
vn 0 -1 -0
vn -0.17365 -0.98481 -0
vn -0.17365 -0.98481 0
vn -0.34202 -0.93969 0
vn -0.34202 -0.93969 0
vn -0.5 -0.86602 0
vn -0.5 -0.86602 0
vn -0.64279 -0.76605 0
vn -0.64279 -0.76605 0
vn -0.76605 -0.64279 0
vn -0.76605 -0.64279 0
vn -0.86602 -0.5 0
vn -0.86602 -0.5 0
vn -0.93969 -0.34202 0
vn -0.93969 -0.34202 0
vn -0.98481 -0.17365 0
vn -0.98481 -0.17365 0
usemtl mat1
f 2305//3775 2306//3776 2307//3777
f 2305//3775 2307//3777 2308//3778
f 2306//3776 2309//3779 2310//3780
f 2306//3776 2310//3780 2307//3777
f 2309//3779 2311//3781 2312//3782
f 2309//3779 2312//3782 2310//3780
f 2311//3781 2313//3783 2314//3784
f 2311//3781 2314//3784 2312//3782
f 2313//3783 2315//3785 2316//3786
f 2313//3783 2316//3786 2314//3784
f 2315//3785 2317//3787 2318//3788
f 2315//3785 2318//3788 2316//3786
f 2317//3787 2319//3789 2320//3790
f 2317//3787 2320//3790 2318//3788
f 2319//3789 2321//3791 2322//3792
f 2319//3789 2322//3792 2320//3790
f 2321//3791 2323//3793 2324//3794
f 2321//3791 2324//3794 2322//3792
f 2323//3793 2325//3795 2326//3796
f 2323//3793 2326//3796 2324//3794
f 2325//3795 2327//3797 2328//3798
f 2325//3795 2328//3798 2326//3796
f 2327//3797 2329//3799 2330//3800
f 2327//3797 2330//3800 2328//3798
f 2329//3799 2331//3801 2332//3802
f 2329//3799 2332//3802 2330//3800
f 2331//3801 2333//3803 2334//3804
f 2331//3801 2334//3804 2332//3802
f 2333//3803 2335//3805 2336//3806
f 2333//3803 2336//3806 2334//3804
f 2335//3805 2337//3807 2338//3808
f 2335//3805 2338//3808 2336//3806
f 2337//3807 2339//3809 2340//3810
f 2337//3807 2340//3810 2338//3808
f 2339//3809 2341//3811 2342//3812
f 2339//3809 2342//3812 2340//3810
f 2341//3811 2343//3813 2344//3814
f 2341//3811 2344//3814 2342//3812
f 2343//3813 2345//3815 2346//3816
f 2343//3813 2346//3816 2344//3814
f 2345//3815 2347//3817 2348//3818
f 2345//3815 2348//3818 2346//3816
f 2347//3817 2349//3819 2350//3820
f 2347//3817 2350//3820 2348//3818
f 2349//3819 2351//3821 2352//3822
f 2349//3819 2352//3822 2350//3820
f 2351//3821 2353//3823 2354//3824
f 2351//3821 2354//3824 2352//3822
f 2353//3823 2355//3825 2356//3826
f 2353//3823 2356//3826 2354//3824
f 2355//3825 2357//3827 2358//3828
f 2355//3825 2358//3828 2356//3826
f 2357//3827 2359//3829 2360//3830
f 2357//3827 2360//3830 2358//3828
f 2359//3829 2361//3831 2362//3832
f 2359//3829 2362//3832 2360//3830
f 2361//3831 2363//3833 2364//3834
f 2361//3831 2364//3834 2362//3832
f 2363//3833 2365//3835 2366//3836
f 2363//3833 2366//3836 2364//3834
f 2365//3835 2367//3837 2368//3838
f 2365//3835 2368//3838 2366//3836
f 2367//3837 2369//3839 2370//3840
f 2367//3837 2370//3840 2368//3838
f 2369//3839 2371//3841 2372//3842
f 2369//3839 2372//3842 2370//3840
f 2371//3841 2373//3843 2374//3844
f 2371//3841 2374//3844 2372//3842
f 2373//3843 2375//3845 2376//3846
f 2373//3843 2376//3846 2374//3844
f 2375//3845 2377//3847 2378//3848
f 2375//3845 2378//3848 2376//3846
f 2377//3847 2379//3849 2380//3850
f 2377//3847 2380//3850 2378//3848
f 2379//3849 2381//3851 2382//3852
f 2379//3849 2382//3852 2380//3850
f 2381//3851 2383//3853 2384//3854
f 2381//3851 2384//3854 2382//3852
f 2383//3853 2385//3855 2386//3856
f 2383//3853 2386//3856 2384//3854
f 2385//3855 2387//3857 2388//3858
f 2385//3855 2388//3858 2386//3856
f 2387//3857 2305//3775 2308//3778
f 2387//3857 2308//3778 2388//3858
f 2383//3853 2381//3851 2389//3859
f 2383//3853 2389//3859 2390//3860
f 2321//3791 2319//3789 2391//3861
f 2321//3791 2391//3861 2392//3862
f 2360//3830 2362//3832 2393//3863
f 2360//3830 2393//3863 2394//3864
f 2379//3849 2377//3847 2395//3865
f 2379//3849 2395//3865 2396//3866
f 2353//3823 2351//3821 2397//3867
f 2353//3823 2397//3867 2398//3868
f 2358//3828 2360//3830 2394//3864
f 2358//3828 2394//3864 2399//3869
f 2329//3799 2327//3797 2400//3870
f 2329//3799 2400//3870 2401//3871
f 2337//3807 2335//3805 2402//3872
f 2337//3807 2402//3872 2403//3873
f 2362//3832 2364//3834 2404//3874
f 2362//3832 2404//3874 2393//3863
f 2345//3815 2343//3813 2405//3875
f 2345//3815 2405//3875 2406//3876
f 2368//3838 2370//3840 2407//3877
f 2368//3838 2407//3877 2408//3878
f 2378//3848 2380//3850 2409//3879
f 2378//3848 2409//3879 2410//3880
f 2377//3847 2375//3845 2411//3881
f 2377//3847 2411//3881 2395//3865
f 2366//3836 2368//3838 2408//3878
f 2366//3836 2408//3878 2412//3882
f 2330//3800 2332//3802 2413//3883
f 2330//3800 2413//3883 2414//3884
f 2364//3834 2366//3836 2412//3882
f 2364//3834 2412//3882 2404//3874
f 2370//3840 2372//3842 2415//3885
f 2370//3840 2415//3885 2407//3877
f 2359//3829 2357//3827 2416//3886
f 2359//3829 2416//3886 2417//3887
f 2375//3845 2373//3843 2418//3888
f 2375//3845 2418//3888 2411//3881
f 2319//3789 2317//3787 2419//3889
f 2319//3789 2419//3889 2391//3861
f 2312//3782 2314//3784 2420//3890
f 2312//3782 2420//3890 2421//3891
f 2382//3852 2384//3854 2422//3892
f 2382//3852 2422//3892 2423//3893
f 2386//3856 2388//3858 2424//3894
f 2386//3856 2424//3894 2425//3895
f 2380//3850 2382//3852 2423//3893
f 2380//3850 2423//3893 2409//3879
f 2373//3843 2371//3841 2426//3896
f 2373//3843 2426//3896 2418//3888
f 2384//3854 2386//3856 2425//3895
f 2384//3854 2425//3895 2422//3892
f 2332//3802 2334//3804 2427//3897
f 2332//3802 2427//3897 2413//3883
f 2333//3803 2331//3801 2428//3898
f 2333//3803 2428//3898 2429//3899
f 2371//3841 2369//3839 2430//3900
f 2371//3841 2430//3900 2426//3896
f 2388//3858 2308//3778 2431//3901
f 2388//3858 2431//3901 2424//3894
f 2346//3816 2348//3818 2432//3902
f 2346//3816 2432//3902 2433//3903
f 2335//3805 2333//3803 2429//3899
f 2335//3805 2429//3899 2402//3872
f 2369//3839 2367//3837 2434//3904
f 2369//3839 2434//3904 2430//3900
f 2354//3824 2356//3826 2435//3905
f 2354//3824 2435//3905 2436//3906
f 2344//3814 2346//3816 2433//3903
f 2344//3814 2433//3903 2437//3907
f 2331//3801 2329//3799 2401//3871
f 2331//3801 2401//3871 2428//3898
f 2342//3812 2344//3814 2437//3907
f 2342//3812 2437//3907 2438//3908
f 2352//3822 2354//3824 2436//3906
f 2352//3822 2436//3906 2439//3909
f 2348//3818 2350//3820 2440//3910
f 2348//3818 2440//3910 2432//3902
f 2349//3819 2347//3817 2441//3911
f 2349//3819 2441//3911 2442//3912
f 2367//3837 2365//3835 2443//3913
f 2367//3837 2443//3913 2434//3904
f 2356//3826 2358//3828 2399//3869
f 2356//3826 2399//3869 2435//3905
f 2357//3827 2355//3825 2444//3914
f 2357//3827 2444//3914 2416//3886
f 2351//3821 2349//3819 2442//3912
f 2351//3821 2442//3912 2397//3867
f 2334//3804 2336//3806 2445//3915
f 2334//3804 2445//3915 2427//3897
f 2317//3787 2315//3785 2446//3916
f 2317//3787 2446//3916 2419//3889
f 2314//3784 2316//3786 2447//3917
f 2314//3784 2447//3917 2420//3890
f 2347//3817 2345//3815 2406//3876
f 2347//3817 2406//3876 2441//3911
f 2320//3790 2322//3792 2448//3918
f 2320//3790 2448//3918 2449//3919
f 2350//3820 2352//3822 2439//3909
f 2350//3820 2439//3909 2440//3910
f 2374//3844 2376//3846 2450//3920
f 2374//3844 2450//3920 2451//3921
f 2318//3788 2320//3790 2449//3919
f 2318//3788 2449//3919 2452//3922
f 2325//3795 2323//3793 2453//3923
f 2325//3795 2453//3923 2454//3924
f 2372//3842 2374//3844 2451//3921
f 2372//3842 2451//3921 2415//3885
f 2322//3792 2324//3794 2455//3925
f 2322//3792 2455//3925 2448//3918
f 2327//3797 2325//3795 2454//3924
f 2327//3797 2454//3924 2400//3870
f 2376//3846 2378//3848 2410//3880
f 2376//3846 2410//3880 2450//3920
f 2338//3808 2340//3810 2456//3926
f 2338//3808 2456//3926 2457//3927
f 2323//3793 2321//3791 2392//3862
f 2323//3793 2392//3862 2453//3923
f 2326//3796 2328//3798 2458//3928
f 2326//3796 2458//3928 2459//3929
f 2336//3806 2338//3808 2457//3927
f 2336//3806 2457//3927 2445//3915
f 2355//3825 2353//3823 2398//3868
f 2355//3825 2398//3868 2444//3914
f 2324//3794 2326//3796 2459//3929
f 2324//3794 2459//3929 2455//3925
f 2340//3810 2342//3812 2438//3908
f 2340//3810 2438//3908 2456//3926
f 2341//3811 2339//3809 2460//3930
f 2341//3811 2460//3930 2461//3931
f 2328//3798 2330//3800 2414//3884
f 2328//3798 2414//3884 2458//3928
f 2387//3857 2385//3855 2462//3932
f 2387//3857 2462//3932 2463//3933
f 2343//3813 2341//3811 2461//3931
f 2343//3813 2461//3931 2405//3875
f 2363//3833 2361//3831 2464//3934
f 2363//3833 2464//3934 2465//3935
f 2305//3775 2387//3857 2463//3933
f 2305//3775 2463//3933 2466//3936
f 2339//3809 2337//3807 2403//3873
f 2339//3809 2403//3873 2460//3930
f 2365//3835 2363//3833 2465//3935
f 2365//3835 2465//3935 2443//3913
f 2385//3855 2383//3853 2390//3860
f 2385//3855 2390//3860 2462//3932
f 2309//3779 2306//3776 2467//3937
f 2309//3779 2467//3937 2468//3938
f 2361//3831 2359//3829 2417//3887
f 2361//3831 2417//3887 2464//3934
f 2315//3785 2313//3783 2469//3939
f 2315//3785 2469//3939 2446//3916
f 2311//3781 2309//3779 2468//3938
f 2311//3781 2468//3938 2470//3940
f 2307//3777 2310//3780 2471//3941
f 2307//3777 2471//3941 2472//3942
f 2313//3783 2311//3781 2470//3940
f 2313//3783 2470//3940 2469//3939
f 2306//3776 2305//3775 2466//3936
f 2306//3776 2466//3936 2467//3937
f 2308//3778 2307//3777 2472//3942
f 2308//3778 2472//3942 2431//3901
f 2381//3851 2379//3849 2396//3866
f 2381//3851 2396//3866 2389//3859
f 2316//3786 2318//3788 2452//3922
f 2316//3786 2452//3922 2447//3917
f 2310//3780 2312//3782 2421//3891
f 2310//3780 2421//3891 2471//3941
f 2473//3943 2474//3944 2475//3945
f 2473//3943 2475//3945 2476//3946
f 2473//3943 2477//3947 2474//3944
f 2478//3948 2476//3946 2479//3949
f 2478//3948 2473//3943 2476//3946
f 2480//3950 2479//3949 2481//3951
f 2480//3950 2478//3948 2479//3949
f 2482//3952 2481//3951 2483//3953
f 2482//3952 2480//3950 2481//3951
f 2484//3954 2483//3953 2485//3955
f 2484//3954 2482//3952 2483//3953
f 2486//3956 2485//3955 2487//3957
f 2486//3956 2484//3954 2485//3955
f 2488//3958 2487//3957 2489//3959
f 2488//3958 2486//3956 2487//3957
f 2490//3960 2489//3959 2491//3961
f 2490//3960 2488//3958 2489//3959
f 2492//3962 2491//3961 2493//3963
f 2492//3962 2490//3960 2491//3961
f 2494//3964 2492//3962 2493//3963
f 2495//3965 2493//3963 2496//3966
f 2495//3965 2496//3966 2497//3967
f 2495//3965 2494//3964 2493//3963
f 2498//3968 2497//3967 2499//3969
f 2498//3968 2495//3965 2497//3967
f 2500//3969 2499//3969 2501//3970
f 2500//3969 2498//3968 2499//3969
f 2502//3971 2501//3970 2503//3972
f 2502//3971 2500//3969 2501//3970
f 2504//3973 2502//3971 2503//3972
f 2504//3973 2503//3972 2505//3974
f 2506//3975 2504//3973 2505//3974
f 2507//3976 2506//3975 2505//3974
f 2507//3976 2505//3974 2508//3977
f 2509//3978 2507//3976 2508//3977
f 2509//3978 2508//3977 2510//3979
f 2511//3980 2509//3978 2510//3979
f 2511//3980 2510//3979 2512//3981
f 2513//3982 2512//3981 2514//3983
f 2513//3982 2511//3980 2512//3981
f 2515//3984 2514//3983 2516//3985
f 2515//3984 2513//3982 2514//3983
f 2517//3986 2516//3985 2518//3987
f 2517//3986 2515//3984 2516//3985
f 2519//3988 2518//3987 2520//3989
f 2519//3988 2517//3986 2518//3987
f 2521//3990 2520//3989 2522//3990
f 2521//3990 2519//3988 2520//3989
f 2523//3991 2522//3990 2524//3992
f 2523//3991 2521//3990 2522//3990
f 2525//3993 2524//3992 2526//3994
f 2525//3993 2523//3991 2524//3992
f 2527//3995 2526//3994 2528//3996
f 2527//3995 2525//3993 2526//3994
f 2529//3997 2528//3996 2530//3998
f 2529//3997 2527//3995 2528//3996
f 2531//3999 2530//3998 2532//4000
f 2531//3999 2529//3997 2530//3998
f 2533//4001 2532//4000 2534//4002
f 2533//4001 2531//3999 2532//4000
f 2535//4003 2534//4002 2536//4004
f 2535//4003 2533//4001 2534//4002
f 2537//4005 2536//4004 2538//4006
f 2537//4005 2535//4003 2536//4004
f 2539//4007 2537//4005 2538//4006
f 2539//4007 2538//4006 2540//4008
f 2539//4007 2540//4008 2541//4009
f 2542//4010 2539//4007 2541//4009
f 2543//4011 2542//4010 2541//4009
f 2543//4011 2541//4009 2544//4012
f 2477//3947 2543//4011 2544//4012
f 2477//3947 2544//4012 2474//3944
# Vertices: 240, normals: 238, texture coordinates: 0, faces: 324

o obj3
v 0.03368245 -0.01741921 -0.000802
v 0.03304767 -0.01686336 -0.000802
v 0.03304767 -0.01686336 -0.004402
v 0.03368245 -0.01741921 -0.004402
v 0.0382603 -0.01219127 -0.000802
v 0.03874362 -0.01288289 -0.000802
v 0.03874362 -0.01288289 -0.004402
v 0.0382603 -0.01219127 -0.004402
v 0.03439396 -0.011262 -0.000802
v 0.03521202 -0.01105534 -0.000802
v 0.03521202 -0.01105534 -0.004402
v 0.03439396 -0.011262 -0.004402
v 0.03762552 -0.01163542 -0.000802
v 0.03762552 -0.01163542 -0.004402
v 0.03904738 -0.01367007 -0.000802
v 0.03904738 -0.01367007 -0.004402
v 0.03443182 -0.017807 -0.000802
v 0.03443182 -0.017807 -0.004402
v 0.03215405 -0.01454757 -0.000802
v 0.0322509 -0.01370939 -0.000802
v 0.0322509 -0.01370939 -0.004402
v 0.03215405 -0.01454757 -0.004402
v 0.03254554 -0.01291874 -0.000802
v 0.03254554 -0.01291874 -0.004402
v 0.03364913 -0.01165843 -0.000802
v 0.03364913 -0.01165843 -0.004402
v 0.03605576 -0.01105046 -0.000802
v 0.03605576 -0.01105046 -0.004402
v 0.03687615 -0.01124764 -0.000802
v 0.03687615 -0.01124764 -0.004402
v 0.03915393 -0.01450707 -0.000802
v 0.03905707 -0.01534525 -0.000802
v 0.03905707 -0.01534525 -0.004402
v 0.03915393 -0.01450707 -0.004402
v 0.03876244 -0.0161359 -0.000802
v 0.03828716 -0.01683305 -0.000802
v 0.03828716 -0.01683305 -0.004402
v 0.03876244 -0.0161359 -0.004402
v 0.03765884 -0.01739621 -0.000802
v 0.03765884 -0.01739621 -0.004402
v 0.03691401 -0.01779264 -0.000802
v 0.03609595 -0.0179993 -0.000802
v 0.03609595 -0.0179993 -0.004402
v 0.03691401 -0.01779264 -0.004402
v 0.03525221 -0.01800418 -0.000802
v 0.03525221 -0.01800418 -0.004402
v 0.03224131 -0.01454706 -0.0005526
v 0.03233575 -0.01372978 -0.0005526
v 0.03760885 -0.01732468 -0.0005526
v 0.03742971 -0.01706834 -0.000402
v 0.03677001 -0.01741946 -0.000402
v 0.03688259 -0.01771122 -0.0005526
v 0.03311265 -0.01680512 -0.0005526
v 0.03334554 -0.01659638 -0.000402
v 0.03291745 -0.01598381 -0.000402
v 0.03264139 -0.01613075 -0.0005526
v 0.03442538 -0.01134341 -0.0005526
v 0.03522304 -0.01114191 -0.0005526
v 0.03373161 -0.01734711 -0.0005526
v 0.03906666 -0.01450758 -0.0005526
v 0.03875393 -0.01450939 -0.000402
v 0.03866815 -0.01525177 -0.000402
v 0.03897222 -0.01532486 -0.0005526
v 0.03896277 -0.01369144 -0.0005526
v 0.03865957 -0.01376804 -0.000402
v 0.03529813 -0.01760682 -0.000402
v 0.03526223 -0.01791749 -0.0005526
v 0.03608494 -0.01791273 -0.0005526
v 0.03604545 -0.0176025 -0.000402
v 0.03302082 -0.01222158 -0.000802
v 0.03302082 -0.01222158 -0.004402
v 0.0323452 -0.01536319 -0.0005526
v 0.03226059 -0.01538457 -0.000802
v 0.03256435 -0.01617175 -0.000802
v 0.03255404 -0.01454525 -0.000402
v 0.03263982 -0.01380286 -0.000402
v 0.0374002 -0.01196592 -0.000402
v 0.03757636 -0.01170753 -0.0005526
v 0.03684568 -0.01132941 -0.0005526
v 0.03673647 -0.01162246 -0.000402
v 0.03600984 -0.01144781 -0.000402
v 0.03604575 -0.01113715 -0.0005526
v 0.03526253 -0.01145214 -0.000402
v 0.03256435 -0.01617175 -0.004402
v 0.03363345 -0.01570951 -0.000402
v 0.03390777 -0.01708871 -0.000402
v 0.03768806 -0.01568605 -0.000402
v 0.03566753 -0.01686825 -0.000402
v 0.03796244 -0.01245825 -0.000402
v 0.03767452 -0.01334513 -0.000402
v 0.03839052 -0.01307082 -0.000402
v 0.03361991 -0.01336859 -0.000402
v 0.03413897 -0.01366427 -0.00091934
v 0.03414905 -0.01540784 -0.00091934
v 0.03414905 -0.01540784 -0.002402
v 0.03413897 -0.01366427 -0.002402
v 0.0345715 -0.01743218 -0.000402
v 0.03840718 -0.01595206 -0.000402
v 0.03798622 -0.01656954 -0.000402
v 0.03290079 -0.01310258 -0.000402
v 0.03715892 -0.0136468 -0.002402
v 0.03715892 -0.0136468 -0.00091934
v 0.0356439 -0.01278375 -0.00091934
v 0.0356439 -0.01278375 -0.002402
v 0.03564044 -0.01218639 -0.000402
v 0.03453796 -0.01163517 -0.000402
v 0.037169 -0.01539037 -0.00091934
v 0.037169 -0.01539037 -0.002402
v 0.03387826 -0.0119863 -0.000402
v 0.03332175 -0.01248509 -0.000402
v 0.03264841 -0.01528659 -0.000402
v 0.03369912 -0.01172996 -0.0005526
v 0.03308647 -0.01227907 -0.0005526
v 0.03866658 -0.01292389 -0.0005526
v 0.0344623 -0.01772522 -0.0005526
v 0.03262304 -0.01295885 -0.0005526
v 0.0382215 -0.01677557 -0.0005526
v 0.03819532 -0.01224952 -0.0005526
v 0.03868493 -0.01609579 -0.0005526
v 0.03226059 -0.01538457 -0.004402
v 0.03566407 -0.01627089 -0.002402
v 0.03566407 -0.01627089 -0.00091934
v 0.03396007 -0.01356236 -0.00055352
v 0.03564271 -0.01257786 -0.00055352
v 0.03566527 -0.01647678 -0.00055352
v 0.0373479 -0.01549228 -0.00055352
v 0.03733664 -0.01354282 -0.00055352
v 0.03397133 -0.01551182 -0.00055352
v 0.03778458 -0.00320354 -0.000802
v 0.0369854 -0.00293292 -0.000802
v 0.0369854 -0.00293292 -0.004402
v 0.03778458 -0.00320354 -0.004402
v 0.04001331 0.00337832 -0.000802
v 0.04072452 0.00292431 -0.000802
v 0.04072452 0.00292431 -0.004402
v 0.04001331 0.00337832 -0.004402
v 0.03608565 0.00275727 -0.000802
v 0.03676236 0.00326126 -0.000802
v 0.03676236 0.00326126 -0.004402
v 0.03608565 0.00275727 -0.004402
v 0.03921413 0.00364893 -0.000802
v 0.03921413 0.00364893 -0.004402
v 0.04130639 0.00231329 -0.000802
v 0.04130639 0.00231329 -0.004402
v 0.0386253 -0.00327503 -0.000802
v 0.0386253 -0.00327503 -0.004402
v 0.03527358 -0.00113538 -0.000802
v 0.0350423 -0.00032393 -0.000802
v 0.0350423 -0.00032393 -0.004402
v 0.03527358 -0.00113538 -0.004402
v 0.03501195 0.00051928 -0.000802
v 0.03501195 0.00051928 -0.004402
v 0.03554923 0.00210599 -0.000802
v 0.03554923 0.00210599 -0.004402
v 0.03754 0.00358865 -0.000802
v 0.03754 0.00358865 -0.004402
v 0.0383734 0.00372043 -0.000802
v 0.0383734 0.00372043 -0.004402
v 0.04172513 0.00158077 -0.000802
v 0.0419564 0.00076933 -0.000802
v 0.0419564 0.00076933 -0.004402
v 0.04172513 0.00158077 -0.004402
v 0.04198676 -7.388E-05 -0.000802
v 0.04181445 -0.00089985 -0.000802
v 0.04181445 -0.00089985 -0.004402
v 0.04198676 -7.388E-05 -0.004402
v 0.04144947 -0.00166059 -0.000802
v 0.04144947 -0.00166059 -0.004402
v 0.04091305 -0.00231188 -0.000802
v 0.04023635 -0.00281586 -0.000802
v 0.04023635 -0.00281586 -0.004402
v 0.04091305 -0.00231188 -0.004402
v 0.03945871 -0.00314326 -0.000802
v 0.03945871 -0.00314326 -0.004402
v 0.035354 -0.00110152 -0.0005526
v 0.0351285 -0.00031031 -0.0005526
v 0.04137592 -0.00161363 -0.0005526
v 0.04111232 -0.00144536 -0.000402
v 0.0406372 -0.00202221 -0.000402
v 0.04085287 -0.00224868 -0.0005526
v 0.03702314 -0.00285424 -0.0005526
v 0.03715842 -0.00257228 -0.000402
v 0.03652851 -0.00217015 -0.000402
v 0.03632968 -0.00241155 -0.0005526
v 0.03614584 0.00269408 -0.0005526
v 0.03680567 0.0031855 -0.0005526
v 0.0378024 -0.00311811 -0.0005526
v 0.04164471 0.00154691 -0.0005526
v 0.04135647 0.00142556 -0.000402
v 0.04156131 0.00070686 -0.000402
v 0.04187021 0.0007557 -0.0005526
v 0.0412364 0.00226116 -0.0005526
v 0.04098558 0.00207436 -0.000402
v 0.03934906 -0.00275858 -0.000402
v 0.03943478 -0.00305933 -0.0005526
v 0.04019304 -0.0027401 -0.0005526
v 0.04003784 -0.00246859 -0.000402
v 0.03518425 0.00134525 -0.000802
v 0.03518425 0.00134525 -0.004402
v 0.03576231 -0.00181577 -0.0005526
v 0.03569232 -0.00186789 -0.000802
v 0.03627419 -0.00247891 -0.000802
v 0.03564224 -0.00098017 -0.000402
v 0.03543739 -0.00026146 -0.000402
v 0.03913245 0.00325736 -0.000402
v 0.03919631 0.00356351 -0.0005526
v 0.03837654 0.00363322 -0.0005526
v 0.0383878 0.00332069 -0.000402
v 0.03764965 0.00320397 -0.000402
v 0.03756393 0.00350473 -0.0005526
v 0.03696087 0.00291399 -0.000402
v 0.03627419 -0.00247891 -0.004402
v 0.03708503 -0.00164273 -0.000402
v 0.03786626 -0.00281197 -0.000402
v 0.04082202 -6.943E-05 -0.000402
v 0.0394077 -0.00193485 -0.000402
v 0.03984028 0.00301767 -0.000402
v 0.03991368 0.00208812 -0.000402
v 0.0404702 0.00261555 -0.000402
v 0.03617668 0.00051482 -0.000402
v 0.03676938 0.00044028 -0.00091934
v 0.03744593 -0.00116671 -0.00091934
v 0.03744593 -0.00116671 -0.002402
v 0.03676938 0.00044028 -0.002402
v 0.03861091 -0.00287529 -0.000402
v 0.0415882 -3.999E-05 -0.000402
v 0.04143558 -0.00077156 -0.000402
v 0.03541051 0.00048538 -0.000402
v 0.03955277 0.0016121 -0.002402
v 0.03955277 0.00161211 -0.00091934
v 0.0378228 0.00182968 -0.00091934
v 0.0378228 0.00182968 -0.002402
v 0.037591 0.00238025 -0.000402
v 0.03636151 0.00246761 -0.000402
v 0.04022932 5.12E-06 -0.00091934
v 0.04022932 5.12E-06 -0.002402
v 0.03588639 0.00189075 -0.000402
v 0.03556313 0.00121696 -0.000402
v 0.03601313 -0.00162897 -0.000402
v 0.03562279 0.00205903 -0.0005526
v 0.03526691 0.00131726 -0.0005526
v 0.04066902 0.00285694 -0.0005526
v 0.03862216 -0.00318782 -0.0005526
v 0.0350989 0.00051188 -0.0005526
v 0.04173179 -0.00087187 -0.0005526
v 0.03997556 0.00329964 -0.0005526
v 0.04189982 -6.648E-05 -0.0005526
v 0.03569232 -0.00186789 -0.004402
v 0.03917591 -0.00138429 -0.002402
v 0.03917591 -0.00138429 -0.00091934
v 0.03656511 0.00046597 -0.00055353
v 0.03774291 0.00201945 -0.00055353
v 0.0392558 -0.00157406 -0.00055353
v 0.0404336 -2.058E-05 -0.00055353
v 0.03967717 0.00177618 -0.00055353
v 0.03732154 -0.00133078 -0.00055353
v 0.03613433 0.01149985 -0.000802
v 0.03529243 0.01144403 -0.000802
v 0.03529243 0.01144403 -0.004402
v 0.03613433 0.01149985 -0.004402
v 0.03567465 0.01843359 -0.000802
v 0.03650546 0.0182863 -0.000802
v 0.03650546 0.0182863 -0.004402
v 0.03567465 0.01843359 -0.004402
v 0.03228363 0.01635677 -0.000802
v 0.03271596 0.01708136 -0.000802
v 0.03271596 0.01708136 -0.004402
v 0.03228363 0.01635677 -0.004402
v 0.03483275 0.01837778 -0.000802
v 0.03483275 0.01837778 -0.004402
v 0.03727687 0.01794447 -0.000802
v 0.03727687 0.01794447 -0.004402
v 0.03693843 0.01175553 -0.000802
v 0.03693843 0.01175553 -0.004402
v 0.03302303 0.01244966 -0.000802
v 0.03249884 0.01311083 -0.000802
v 0.03249884 0.01311083 -0.004402
v 0.03302303 0.01244966 -0.004402
v 0.0321481 0.01387824 -0.000802
v 0.0321481 0.01387824 -0.004402
v 0.03203728 0.01554978 -0.000802
v 0.03203728 0.01554978 -0.004402
v 0.03330912 0.01768142 -0.000802
v 0.03330912 0.01768142 -0.004402
v 0.03402866 0.01812209 -0.000802
v 0.03402866 0.01812209 -0.004402
v 0.03794406 0.01742796 -0.000802
v 0.03846826 0.01676679 -0.000802
v 0.03846826 0.01676679 -0.004402
v 0.03794406 0.01742796 -0.004402
v 0.03881899 0.01599938 -0.000802
v 0.03897588 0.01517034 -0.000802
v 0.03897588 0.01517034 -0.004402
v 0.03881899 0.01599938 -0.004402
v 0.03892981 0.01432784 -0.000802
v 0.03892981 0.01432784 -0.004402
v 0.03868344 0.01352086 -0.000802
v 0.03825112 0.01279627 -0.000802
v 0.03825112 0.01279627 -0.004402
v 0.03868344 0.01352086 -0.004402
v 0.03765796 0.0121962 -0.000802
v 0.03765796 0.0121962 -0.004402
v 0.03308437 0.01251172 -0.0005526
v 0.03257325 0.01315641 -0.0005526
v 0.03884388 0.01434308 -0.0005526
v 0.03853595 0.01439767 -0.000402
v 0.03831774 0.01368291 -0.000402
v 0.03860366 0.01355621 -0.0005526
v 0.0352972 0.01153117 -0.0005526
v 0.03531428 0.01184344 -0.000402
v 0.03457842 0.0119739 -0.000402
v 0.03448711 0.01167479 -0.0005526
v 0.03236342 0.01632142 -0.0005526
v 0.03278497 0.01702794 -0.0005526
v 0.03611811 0.01158559 -0.0005526
v 0.03788272 0.0173659 -0.0005526
v 0.03766286 0.01714349 -0.00040201
v 0.03812715 0.01655788 -0.000402
v 0.03839383 0.01672121 -0.0005526
v 0.03723216 0.01786953 -0.0005526
v 0.03707191 0.01760097 -0.00040201
v 0.03740945 0.01250964 -0.000402
v 0.03760374 0.01226458 -0.0005526
v 0.03818212 0.01284969 -0.0005526
v 0.03793483 0.01304113 -0.000402
v 0.03199121 0.01470728 -0.000802
v 0.03199121 0.01470728 -0.004402
v 0.03373493 0.01200809 -0.0005526
v 0.03369021 0.01193315 -0.000802
v 0.03446163 0.01159132 -0.000802
v 0.03330423 0.01273414 -0.000402
v 0.03283994 0.01331974 -0.000402
v 0.03490712 0.01798475 -0.00040201
v 0.03484897 0.01829203 -0.0005526
v 0.03406493 0.01804272 -0.0005526
v 0.03419493 0.01775829 -0.00040201
v 0.03355763 0.01736798 -0.00040201
v 0.03336334 0.01761304 -0.0005526
v 0.03303225 0.01683649 -0.00040201
v 0.03446163 0.01159132 -0.004402
v 0.03489074 0.01267414 -0.000402
v 0.03605996 0.01189287 -0.000402
v 0.0377412 0.01555777 -0.000402
v 0.03714841 0.0132931 -0.000402
v 0.03565282 0.01803418 -0.00040201
v 0.03607634 0.01720348 -0.00040201
v 0.03638867 0.01790373 -0.00040201
v 0.03322588 0.01431985 -0.000402
v 0.033802 0.0144778 -0.00091934
v 0.03504201 0.01325204 -0.00091934
v 0.03504201 0.01325204 -0.002402
v 0.033802 0.0144778 -0.002402
v 0.03677215 0.01211933 -0.000402
v 0.03843779 0.01587817 -0.000402
v 0.03857675 0.01514388 -0.000402
v 0.03252929 0.01399945 -0.000402
v 0.03592508 0.01662558 -0.002402
v 0.03592508 0.01662558 -0.00091934
v 0.03424352 0.01616457 -0.00091934
v 0.03424352 0.01616457 -0.002402
v 0.03381868 0.01658452 -0.000402
v 0.03264934 0.01619472 -0.000402
v 0.03716509 0.01539982 -0.00091934
v 0.03716509 0.01539982 -0.002402
v 0.03243114 0.01547996 -0.000402
v 0.03239033 0.01473374 -0.000402
v 0.03389516 0.01227666 -0.000402
v 0.03212321 0.01553454 -0.0005526
v 0.03207828 0.01471306 -0.0005526
v 0.03647998 0.01820284 -0.0005526
v 0.03690215 0.0118349 -0.0005526
v 0.03223126 0.01390469 -0.0005526
v 0.0388888 0.01516457 -0.0005526
v 0.03566989 0.01834645 -0.0005526
v 0.03873582 0.01597294 -0.0005526
v 0.03369021 0.01193315 -0.004402
v 0.03672357 0.01371305 -0.002402
v 0.03672357 0.01371305 -0.00091934
v 0.03360344 0.01442336 -0.00055353
v 0.03409709 0.01630931 -0.00055353
v 0.03687 0.01356831 -0.00055353
v 0.03736365 0.01545426 -0.00055353
v 0.03597721 0.01682477 -0.00055353
v 0.03498987 0.01305285 -0.00055353
v 0.02898297 0.02445248 -0.00080201
v 0.02822651 0.02407874 -0.00080201
v 0.02822651 0.02407874 -0.004402
v 0.02898297 0.02445248 -0.004402
v 0.02590485 0.03068251 -0.00080201
v 0.02672878 0.03086437 -0.00080201
v 0.02672878 0.03086437 -0.004402
v 0.02590485 0.03068251 -0.004402
v 0.02356672 0.0274661 -0.00080201
v 0.02368885 0.02830097 -0.00080201
v 0.02368885 0.02830097 -0.004402
v 0.02356672 0.0274661 -0.004402
v 0.02514839 0.03030877 -0.00080201
v 0.02514839 0.03030877 -0.004402
v 0.02757229 0.03084377 -0.00080201
v 0.02757229 0.03084377 -0.004402
v 0.02962801 0.02499642 -0.00080201
v 0.02962801 0.02499642 -0.004402
v 0.02574502 0.02413935 -0.00080201
v 0.02500771 0.0245496 -0.00080201
v 0.02500771 0.0245496 -0.004402
v 0.02574502 0.02413935 -0.004402
v 0.02439 0.02512437 -0.00080201
v 0.02439 0.02512437 -0.004402
v 0.02364795 0.02662626 -0.00080201
v 0.02364795 0.02662626 -0.004402
v 0.02400723 0.02908235 -0.00080201
v 0.02400723 0.02908235 -0.004402
v 0.02450335 0.02976484 -0.00080201
v 0.02450335 0.02976484 -0.004402
v 0.02838635 0.0306219 -0.00080201
v 0.02912366 0.03021165 -0.00080201
v 0.02912366 0.03021165 -0.004402
v 0.02838635 0.0306219 -0.004402
v 0.02974136 0.02963688 -0.00080201
v 0.03020357 0.02893099 -0.00080201
v 0.03020357 0.02893099 -0.004402
v 0.02974136 0.02963688 -0.004402
v 0.03048342 0.02813499 -0.00080201
v 0.03048342 0.02813499 -0.004402
v 0.03056464 0.02729516 -0.00080201
v 0.03044251 0.02646028 -0.00080201
v 0.03044251 0.02646028 -0.004402
v 0.03056464 0.02729516 -0.004402
v 0.03012414 0.0256789 -0.00080201
v 0.03012414 0.0256789 -0.004402
v 0.02577794 0.02422017 -0.00055261
v 0.02505901 0.02462018 -0.00055261
v 0.0303982 0.02811618 -0.00055261
v 0.03009282 0.02804878 -0.00040201
v 0.03016476 0.02730492 -0.00040201
v 0.0304774 0.02729728 -0.00055261
v 0.02819757 0.02416106 -0.00055261
v 0.02809384 0.02445609 -0.00040201
v 0.02736408 0.02429502 -0.00040201
v 0.02739419 0.02398374 -0.00055261
v 0.02365397 0.02746397 -0.00055261
v 0.02377305 0.02827802 -0.00055261
v 0.02893516 0.0245255 -0.00055261
v 0.02835342 0.03054108 -0.00055261
v 0.02823541 0.03025146 -0.00040201
v 0.02888846 0.02988811 -0.00040201
v 0.02907234 0.03014107 -0.00055261
v 0.02755965 0.03075742 -0.00055261
v 0.02751438 0.03044798 -0.00040201
v 0.02977459 0.02587338 -0.00040201
v 0.03004787 0.02572132 -0.00055261
v 0.03035831 0.02648323 -0.00055261
v 0.03005659 0.02656547 -0.00040201
v 0.02392779 0.02583026 -0.00080201
v 0.02392779 0.02583026 -0.004402
v 0.02657171 0.02400383 -0.00055261
v 0.02655908 0.02391748 -0.00080201
v 0.02740259 0.02389688 -0.00080201
v 0.02589595 0.02450979 -0.00040201
v 0.0252429 0.02487314 -0.00040201
v 0.02536751 0.02997412 -0.00040201
v 0.02519619 0.03023576 -0.00055261
v 0.02456725 0.02970539 -0.00055261
v 0.02479619 0.02949235 -0.00040201
v 0.02435677 0.02888787 -0.00040201
v 0.0240835 0.02903993 -0.00055261
v 0.02407478 0.02819579 -0.00040201
v 0.02740259 0.02389688 -0.004402
v 0.02738465 0.02506149 -0.00040201
v 0.02876385 0.02478713 -0.00040201
v 0.02891462 0.02881644 -0.00040201
v 0.0292336 0.02649731 -0.00040201
v 0.02603751 0.03030515 -0.00040201
v 0.02674671 0.02969976 -0.00040201
v 0.02676728 0.03046623 -0.00040201
v 0.02521674 0.02594481 -0.00040201
v 0.02568856 0.02631121 -0.00091935
v 0.02730326 0.02565328 -0.00091935
v 0.02730326 0.02565328 -0.002402
v 0.02568856 0.02631121 -0.002402
v 0.02933517 0.02526889 -0.00040201
v 0.02943558 0.02937903 -0.00040201
v 0.02984495 0.0287538 -0.00040201
v 0.02469579 0.02538222 -0.00040201
v 0.0268281 0.02910796 -0.002402
v 0.0268281 0.02910796 -0.00091935
v 0.02545097 0.02803854 -0.00091935
v 0.02545097 0.02803854 -0.002402
v 0.02489777 0.02826395 -0.00040201
v 0.02396661 0.02745633 -0.00040201
v 0.02844281 0.02845004 -0.00091935
v 0.02844281 0.02845004 -0.002402
v 0.02403855 0.02671248 -0.00040201
v 0.0242864 0.02600745 -0.00040201
v 0.02661698 0.02431327 -0.00040201
v 0.02373316 0.02664506 -0.00055261
v 0.02400602 0.02586892 -0.00055261
v 0.02673718 0.03077751 -0.00055261
v 0.02956413 0.02505586 -0.00055261
v 0.02445671 0.02518062 -0.00055261
v 0.03012533 0.02889233 -0.00055261
v 0.02593379 0.03060019 -0.00055261
v 0.02967465 0.02958063 -0.00055261
v 0.02655908 0.02391748 -0.004402
v 0.02868039 0.02672271 -0.002402
v 0.02868039 0.02672271 -0.00091935
v 0.02552594 0.02618493 -0.00055353
v 0.0252603 0.02811623 -0.00055353
v 0.02887107 0.02664502 -0.00055353
v 0.02860542 0.02857632 -0.00055353
v 0.02680005 0.02931194 -0.00055353
v 0.02733131 0.0254493 -0.00055353
v 0.01741921 0.03368245 -0.00080201
v 0.01686336 0.03304767 -0.00080201
v 0.01686336 0.03304767 -0.004402
v 0.01741921 0.03368245 -0.004402
v 0.01219127 0.0382603 -0.00080201
v 0.01288288 0.03874362 -0.00080201
v 0.01288288 0.03874362 -0.004402
v 0.01219127 0.0382603 -0.004402
v 0.01126199 0.03439396 -0.00080201
v 0.01105533 0.03521201 -0.00080201
v 0.01105533 0.03521201 -0.004402
v 0.01126199 0.03439396 -0.004402
v 0.01163542 0.03762552 -0.00080201
v 0.01163542 0.03762552 -0.004402
v 0.01367007 0.03904738 -0.00080201
v 0.01367007 0.03904738 -0.004402
v 0.017807 0.03443182 -0.00080201
v 0.017807 0.03443182 -0.004402
v 0.01454756 0.03215405 -0.00080201
v 0.01370938 0.0322509 -0.00080201
v 0.01370938 0.0322509 -0.004402
v 0.01454756 0.03215405 -0.004402
v 0.01291874 0.03254554 -0.00080201
v 0.01291874 0.03254554 -0.004402
v 0.01165842 0.03364913 -0.00080201
v 0.01165842 0.03364913 -0.004402
v 0.01105045 0.03605575 -0.00080201
v 0.01105045 0.03605575 -0.004402
v 0.01124763 0.03687615 -0.00080201
v 0.01124763 0.03687615 -0.004402
v 0.01450707 0.03915393 -0.00080201
v 0.01534525 0.03905707 -0.00080201
v 0.01534525 0.03905707 -0.004402
v 0.01450707 0.03915393 -0.004402
v 0.01613589 0.03876244 -0.00080201
v 0.01683305 0.03828716 -0.00080201
v 0.01683305 0.03828716 -0.004402
v 0.01613589 0.03876244 -0.004402
v 0.01739621 0.03765884 -0.00080201
v 0.01739621 0.03765884 -0.004402
v 0.01779264 0.03691401 -0.00080201
v 0.0179993 0.03609595 -0.00080201
v 0.0179993 0.03609595 -0.004402
v 0.01779264 0.03691401 -0.004402
v 0.01800418 0.03525221 -0.00080201
v 0.01800418 0.03525221 -0.004402
v 0.01454705 0.03224131 -0.00055261
v 0.01372978 0.03233575 -0.00055261
v 0.01732467 0.03760885 -0.00055261
v 0.01706834 0.03742971 -0.00040201
v 0.01741945 0.03677001 -0.00040201
v 0.01771122 0.03688259 -0.00055261
v 0.01680511 0.03311265 -0.00055261
v 0.01659638 0.03334554 -0.00040201
v 0.01598381 0.03291745 -0.00040201
v 0.01613074 0.03264139 -0.0005526
v 0.01134341 0.03442537 -0.00055261
v 0.0111419 0.03522303 -0.00055261
v 0.01734711 0.03373161 -0.00055261
v 0.01450757 0.03906666 -0.00055261
v 0.01450938 0.03875393 -0.00040201
v 0.01525177 0.03866815 -0.00040201
v 0.01532486 0.03897222 -0.00055261
v 0.01369144 0.03896277 -0.00055261
v 0.01376804 0.03865957 -0.00040201
v 0.01760682 0.03529813 -0.00040201
v 0.01791749 0.03526223 -0.00055261
v 0.01791273 0.03608494 -0.00055261
v 0.0176025 0.03604545 -0.00040201
v 0.01222158 0.03302081 -0.00080201
v 0.01222158 0.03302081 -0.004402
v 0.01536319 0.0323452 -0.0005526
v 0.01538457 0.03226059 -0.00080201
v 0.01617174 0.03256435 -0.00080201
v 0.01454524 0.03255404 -0.00040201
v 0.01380286 0.03263982 -0.00040201
v 0.01196592 0.0374002 -0.00040201
v 0.01170753 0.03757636 -0.00055261
v 0.01132941 0.03684567 -0.00055261
v 0.01162245 0.03673647 -0.00040201
v 0.01144781 0.03600984 -0.00040201
v 0.01113714 0.03604574 -0.00055261
v 0.01145213 0.03526252 -0.00040201
v 0.01617174 0.03256435 -0.004402
v 0.0157095 0.03363345 -0.00040201
v 0.01708871 0.03390777 -0.00040201
v 0.01568605 0.03768806 -0.00040201
v 0.01686824 0.03566753 -0.00040201
v 0.01245825 0.03796243 -0.00040201
v 0.01334513 0.03767452 -0.00040201
v 0.01307082 0.03839052 -0.00040201
v 0.01336858 0.03361991 -0.00040201
v 0.01366426 0.03413897 -0.00091935
v 0.01540783 0.03414905 -0.00091935
v 0.01540783 0.03414905 -0.002402
v 0.01366426 0.03413897 -0.002402
v 0.01743217 0.0345715 -0.00040201
v 0.01595205 0.03840718 -0.00040201
v 0.01656954 0.03798622 -0.00040201
v 0.01310257 0.03290079 -0.00040201
v 0.01364679 0.03715892 -0.002402
v 0.01364679 0.03715892 -0.00091935
v 0.01278375 0.0356439 -0.00091935
v 0.01278375 0.0356439 -0.002402
v 0.01218639 0.03564044 -0.00040201
v 0.01163517 0.03453796 -0.00040201
v 0.01539036 0.037169 -0.00091935
v 0.01539036 0.037169 -0.002402
v 0.0119863 0.03387826 -0.00040201
v 0.01248509 0.03332175 -0.00040201
v 0.01528659 0.03264841 -0.00040201
v 0.01172995 0.03369911 -0.00055261
v 0.01227907 0.03308647 -0.00055261
v 0.01292389 0.03866658 -0.00055261
v 0.01772522 0.0344623 -0.00055261
v 0.01295884 0.03262304 -0.00055261
v 0.01677556 0.0382215 -0.00055261
v 0.01224952 0.03819532 -0.00055261
v 0.01609578 0.03868493 -0.00055261
v 0.01538457 0.03226059 -0.004402
v 0.01627089 0.03566407 -0.002402
v 0.01627089 0.03566407 -0.00091935
v 0.01356236 0.03396007 -0.00055353
v 0.01257785 0.03564271 -0.00055353
v 0.01647678 0.03566527 -0.00055353
v 0.01549227 0.0373479 -0.00055353
v 0.01354282 0.03733664 -0.00055353
v 0.01551181 0.03397133 -0.00055353
v 0.00320353 0.03778457 -0.00080201
v 0.00293292 0.03698539 -0.00080201
v 0.00293292 0.03698539 -0.004402
v 0.00320353 0.03778457 -0.004402
v -0.00337832 0.04001331 -0.00080201
v -0.00292431 0.0407245 -0.00080201
v -0.00292431 0.0407245 -0.004402
v -0.00337832 0.04001331 -0.004402
v -0.00275728 0.03608565 -0.00080201
v -0.00326126 0.03676235 -0.00080201
v -0.00326126 0.03676235 -0.004402
v -0.00275728 0.03608565 -0.004402
v -0.00364894 0.03921413 -0.00080201
v -0.00364894 0.03921413 -0.004402
v -0.0023133 0.04130638 -0.00080201
v -0.0023133 0.04130638 -0.004402
v 0.00327503 0.0386253 -0.00080201
v 0.00327503 0.0386253 -0.004402
v 0.00113537 0.03527357 -0.00080201
v 0.00032393 0.0350423 -0.00080201
v 0.00032393 0.0350423 -0.004402
v 0.00113537 0.03527357 -0.004402
v -0.00051928 0.03501194 -0.00080201
v -0.00051928 0.03501194 -0.004402
v -0.00210599 0.03554923 -0.00080201
v -0.00210599 0.03554923 -0.004402
v -0.00358866 0.03754 -0.00080201
v -0.00358866 0.03754 -0.004402
v -0.00372044 0.0383734 -0.00080201
v -0.00372044 0.0383734 -0.004402
v -0.00158078 0.04172513 -0.00080201
v -0.00076934 0.0419564 -0.00080201
v -0.00076934 0.0419564 -0.004402
v -0.00158078 0.04172513 -0.004402
v 7.388E-05 0.04198676 -0.00080201
v 0.00089985 0.04181445 -0.00080201
v 0.00089985 0.04181445 -0.004402
v 7.388E-05 0.04198676 -0.004402
v 0.00166058 0.04144947 -0.00080201
v 0.00166058 0.04144947 -0.004402
v 0.00231187 0.04091305 -0.00080201
v 0.00281585 0.04023635 -0.00080201
v 0.00281585 0.04023635 -0.004402
v 0.00231187 0.04091305 -0.004402
v 0.00314325 0.0394587 -0.00080201
v 0.00314325 0.0394587 -0.004402
v 0.00110151 0.035354 -0.00055261
v 0.0003103 0.0351285 -0.00055261
v 0.00161363 0.04137592 -0.00055261
v 0.00144535 0.04111231 -0.00040201
v 0.0020222 0.0406372 -0.00040201
v 0.00224867 0.04085286 -0.00055261
v 0.00285423 0.03702314 -0.00055261
v 0.00257227 0.03715842 -0.00040201
v 0.00217015 0.0365285 -0.00040201
v 0.00241154 0.03632968 -0.00055261
v -0.00269408 0.03614584 -0.00055261
v -0.0031855 0.03680566 -0.00055261
v 0.0031181 0.03780239 -0.00055261
v -0.00154692 0.0416447 -0.00055261
v -0.00142557 0.04135647 -0.00040201
v -0.00070686 0.04156131 -0.00040201
v -0.00075571 0.04187021 -0.00055261
v -0.00226117 0.0412364 -0.00055261
v -0.00207437 0.04098558 -0.00040201
v 0.00275857 0.03934906 -0.00040201
v 0.00305932 0.03943478 -0.00055261
v 0.0027401 0.04019304 -0.00055261
v 0.00246859 0.04003784 -0.00040201
v -0.00134526 0.03518425 -0.00080201
v -0.00134526 0.03518425 -0.004402
v 0.00181576 0.0357623 -0.00055261
v 0.00186789 0.03569232 -0.00080201
v 0.0024789 0.03627419 -0.00080201
v 0.00098017 0.03564223 -0.00040201
v 0.00026146 0.03543739 -0.00040201
v -0.00325737 0.03913244 -0.00040201
v -0.00356351 0.0391963 -0.00055261
v -0.00363323 0.03837654 -0.00055261
v -0.0033207 0.03838779 -0.00040201
v -0.00320398 0.03764964 -0.00040201
v -0.00350473 0.03756392 -0.00055261
v -0.002914 0.03696087 -0.00040201
v 0.0024789 0.03627419 -0.004402
v 0.00164272 0.03708502 -0.00040201
v 0.00281197 0.03786626 -0.00040201
v 6.942E-05 0.04082202 -0.00040201
v 0.00193485 0.0394077 -0.00040201
v -0.00301768 0.03984028 -0.00040201
v -0.00208813 0.03991368 -0.00040201
v -0.00261556 0.0404702 -0.00040201
v -0.00051483 0.03617668 -0.00040201
v -0.00044029 0.03676938 -0.00091935
v 0.00116671 0.03744593 -0.00091935
v 0.00116671 0.03744593 -0.002402
v -0.00044029 0.03676938 -0.002402
v 0.00287529 0.03861091 -0.00040201
v 3.998E-05 0.04158819 -0.00040201
v 0.00077156 0.04143558 -0.00040201
v -0.00048539 0.0354105 -0.00040201
v -0.00161212 0.03955277 -0.002402
v -0.00161212 0.03955277 -0.00091935
v -0.00182969 0.03782279 -0.00091935
v -0.00182969 0.03782279 -0.002402
v -0.00238026 0.037591 -0.00040201
v -0.00246761 0.0363615 -0.00040201
v -5.12E-06 0.04022932 -0.00091935
v -5.12E-06 0.04022932 -0.002402
v -0.00189076 0.03588638 -0.00040201
v -0.00121697 0.03556312 -0.00040201
v 0.00162896 0.03601312 -0.00040201
v -0.00205903 0.03562278 -0.00055261
v -0.00131727 0.03526691 -0.00055261
v -0.00285695 0.04066902 -0.00055261
v 0.00318782 0.03862216 -0.00055261
v -0.00051189 0.03509889 -0.00055261
v 0.00087186 0.04173179 -0.00055261
v -0.00329964 0.03997556 -0.00055261
v 6.648E-05 0.04189981 -0.00055261
v 0.00186789 0.03569232 -0.004402
v 0.00138428 0.03917591 -0.002402
v 0.00138428 0.03917591 -0.00091935
v -0.00046598 0.0365651 -0.00055353
v -0.00201945 0.0377429 -0.00055353
v 0.00157405 0.0392558 -0.00055353
v 2.057E-05 0.04043359 -0.00055353
v -0.00177618 0.03967717 -0.00055353
v 0.00133077 0.03732153 -0.00055353
v -0.01149986 0.03613433 -0.00080201
v -0.01144404 0.03529242 -0.00080201
v -0.01144404 0.03529242 -0.004402
v -0.01149986 0.03613433 -0.004402
v -0.0184336 0.03567465 -0.00080201
v -0.01828631 0.03650545 -0.00080201
v -0.01828631 0.03650545 -0.004402
v -0.0184336 0.03567465 -0.004402
v -0.01635678 0.03228363 -0.000802
v -0.01708136 0.03271595 -0.00080201
v -0.01708136 0.03271595 -0.004402
v -0.01635678 0.03228363 -0.004402
v -0.01837778 0.03483274 -0.00080201
v -0.01837778 0.03483274 -0.004402
v -0.01794448 0.03727686 -0.00080201
v -0.01794448 0.03727686 -0.004402
v -0.01175554 0.03693842 -0.00080201
v -0.01175554 0.03693842 -0.004402
v -0.01244967 0.03302302 -0.000802
v -0.01311084 0.03249883 -0.000802
v -0.01311084 0.03249883 -0.004402
v -0.01244967 0.03302302 -0.004402
v -0.01387824 0.03214809 -0.000802
v -0.01387824 0.03214809 -0.004402
v -0.01554979 0.03203727 -0.000802
v -0.01554979 0.03203727 -0.004402
v -0.01768142 0.03330912 -0.00080201
v -0.01768142 0.03330912 -0.004402
v -0.0181221 0.03402865 -0.00080201
v -0.0181221 0.03402865 -0.004402
v -0.01742797 0.03794405 -0.00080201
v -0.0167668 0.03846825 -0.00080201
v -0.0167668 0.03846825 -0.004402
v -0.01742797 0.03794405 -0.004402
v -0.01599939 0.03881898 -0.00080201
v -0.01517035 0.03897587 -0.00080201
v -0.01517035 0.03897587 -0.004402
v -0.01599939 0.03881898 -0.004402
v -0.01432785 0.0389298 -0.00080201
v -0.01432785 0.0389298 -0.004402
v -0.01352086 0.03868344 -0.00080201
v -0.01279627 0.03825112 -0.00080201
v -0.01279627 0.03825112 -0.004402
v -0.01352086 0.03868344 -0.004402
v -0.01219621 0.03765795 -0.00080201
v -0.01219621 0.03765795 -0.004402
v -0.01251173 0.03308437 -0.0005526
v -0.01315642 0.03257324 -0.0005526
v -0.01434309 0.03884387 -0.0005526
v -0.01439767 0.03853594 -0.00040201
v -0.01368291 0.03831774 -0.00040201
v -0.01355622 0.03860365 -0.0005526
v -0.01153118 0.03529719 -0.0005526
v -0.01184345 0.03531427 -0.00040201
v -0.0119739 0.03457841 -0.00040201
v -0.0116748 0.0344871 -0.0005526
v -0.01632142 0.03236342 -0.0005526
v -0.01702794 0.03278496 -0.0005526
v -0.0115856 0.03611811 -0.0005526
v -0.01736591 0.0378827 -0.00055261
v -0.01714349 0.03766285 -0.00040201
v -0.01655789 0.03812714 -0.00040201
v -0.01672122 0.03839383 -0.00055261
v -0.01786954 0.03723215 -0.00055261
v -0.01760097 0.03707191 -0.00040201
v -0.01250966 0.03740945 -0.00040201
v -0.01226459 0.03760374 -0.0005526
v -0.0128497 0.03818211 -0.0005526
v -0.01304114 0.03793482 -0.00040201
v -0.01470729 0.0319912 -0.000802
v -0.01470729 0.0319912 -0.004402
v -0.0120081 0.03373492 -0.0005526
v -0.01193316 0.03369021 -0.000802
v -0.01159133 0.03446162 -0.000802
v -0.01273415 0.03330422 -0.00040201
v -0.01331975 0.03283994 -0.00040201
v -0.01798476 0.03490712 -0.00040201
v -0.01829204 0.03484897 -0.00055261
v -0.01804273 0.03406493 -0.00055261
v -0.0177583 0.03419492 -0.00040201
v -0.01736799 0.03355762 -0.00040201
v -0.01761305 0.03336334 -0.00055261
v -0.0168365 0.03303225 -0.00040201
v -0.01159133 0.03446162 -0.004402
v -0.01267415 0.03489073 -0.00040201
v -0.01189288 0.03605995 -0.00040201
v -0.01555778 0.0377412 -0.00040201
v -0.01329311 0.0371484 -0.00040201
v -0.01803419 0.03565281 -0.00040201
v -0.01720348 0.03607634 -0.00040201
v -0.01790373 0.03638866 -0.00040201
v -0.01431986 0.03322588 -0.00040201
v -0.01447781 0.03380199 -0.00091934
v -0.01325205 0.03504201 -0.00091934
v -0.01325205 0.03504201 -0.002402
v -0.01447781 0.03380199 -0.002402
v -0.01211934 0.03677215 -0.00040201
v -0.01587818 0.03843778 -0.00040201
v -0.01514389 0.03857674 -0.00040201
v -0.01399946 0.03252929 -0.00040201
v -0.01662559 0.03592506 -0.002402
v -0.01662559 0.03592506 -0.00091935
v -0.01616457 0.03424351 -0.00091934
v -0.01616457 0.03424351 -0.002402
v -0.01658453 0.03381867 -0.00040201
v -0.01619473 0.03264933 -0.00040201
v -0.01539983 0.03716508 -0.00091934
v -0.01539983 0.03716508 -0.002402
v -0.01547996 0.03243114 -0.00040201
v -0.01473375 0.03239033 -0.00040201
v -0.01227666 0.03389516 -0.00040201
v -0.01553455 0.0321232 -0.0005526
v -0.01471306 0.03207828 -0.0005526
v -0.01820285 0.03647997 -0.00055261
v -0.01183491 0.03690215 -0.0005526
v -0.01390469 0.03223126 -0.0005526
v -0.01516457 0.03888879 -0.0005526
v -0.01834646 0.03566988 -0.00055261
v -0.01597295 0.03873582 -0.0005526
v -0.01193316 0.03369021 -0.004402
v -0.01371307 0.03672356 -0.002402
v -0.01371307 0.03672356 -0.00091934
v -0.01442337 0.03360343 -0.00055353
v -0.01630932 0.03409708 -0.00055353
v -0.01356832 0.03686999 -0.00055353
v -0.01545427 0.03736364 -0.00055353
v -0.01682478 0.03597721 -0.00055353
v -0.01305285 0.03498987 -0.00055353
v -0.02445249 0.02898296 -0.000802
v -0.02407874 0.0282265 -0.000802
v -0.02407874 0.0282265 -0.004402
v -0.02445249 0.02898296 -0.004402
v -0.03068252 0.02590485 -0.000802
v -0.03086438 0.02672877 -0.000802
v -0.03086438 0.02672877 -0.004402
v -0.03068252 0.02590485 -0.004402
v -0.0274661 0.02356671 -0.000802
v -0.02830097 0.02368884 -0.000802
v -0.02830097 0.02368884 -0.004402
v -0.0274661 0.02356671 -0.004402
v -0.03030877 0.02514838 -0.000802
v -0.03030877 0.02514838 -0.004402
v -0.03084377 0.02757227 -0.000802
v -0.03084377 0.02757227 -0.004402
v -0.02499642 0.029628 -0.000802
v -0.02499642 0.029628 -0.004402
v -0.02413936 0.02574501 -0.000802
v -0.0245496 0.0250077 -0.000802
v -0.0245496 0.0250077 -0.004402
v -0.02413936 0.02574501 -0.004402
v -0.02512437 0.02438999 -0.000802
v -0.02512437 0.02438999 -0.004402
v -0.02662626 0.02364793 -0.000802
v -0.02662626 0.02364793 -0.004402
v -0.02908236 0.02400722 -0.000802
v -0.02908236 0.02400722 -0.004402
v -0.02976484 0.02450334 -0.000802
v -0.02976484 0.02450334 -0.004402
v -0.0306219 0.02838634 -0.000802
v -0.03021166 0.02912365 -0.000802
v -0.03021166 0.02912365 -0.004402
v -0.0306219 0.02838634 -0.004402
v -0.02963689 0.02974136 -0.000802
v -0.028931 0.03020356 -0.000802
v -0.028931 0.03020356 -0.004402
v -0.02963689 0.02974136 -0.004402
v -0.028135 0.03048341 -0.000802
v -0.028135 0.03048341 -0.004402
v -0.02729516 0.03056463 -0.000802
v -0.02646029 0.0304425 -0.000802
v -0.02646029 0.0304425 -0.004402
v -0.02729516 0.03056463 -0.004402
v -0.0256789 0.03012412 -0.000802
v -0.0256789 0.03012412 -0.004402
v -0.02422017 0.02577793 -0.0005526
v -0.02462018 0.02505901 -0.0005526
v -0.02811619 0.03039819 -0.0005526
v -0.02804878 0.03009281 -0.000402
v -0.02730493 0.03016475 -0.000402
v -0.02729729 0.03047738 -0.0005526
v -0.02416107 0.02819756 -0.0005526
v -0.0244561 0.02809384 -0.000402
v -0.02429503 0.02736407 -0.000402
v -0.02398375 0.02739418 -0.0005526
v -0.02746397 0.02365396 -0.0005526
v -0.02827802 0.02377304 -0.0005526
v -0.0245255 0.02893516 -0.0005526
v -0.03054109 0.02835341 -0.0005526
v -0.03025147 0.0282354 -0.000402
v -0.02988812 0.02888845 -0.000402
v -0.03014108 0.02907233 -0.0005526
v -0.03075743 0.02755965 -0.0005526
v -0.03044798 0.02751438 -0.000402
v -0.02587339 0.02977459 -0.000402
v -0.02572133 0.03004786 -0.0005526
v -0.02648323 0.03035831 -0.0005526
v -0.02656547 0.03005658 -0.000402
v -0.02583027 0.02392778 -0.000802
v -0.02583027 0.02392778 -0.004402
v -0.02400383 0.0265717 -0.0005526
v -0.02391749 0.02655907 -0.000802
v -0.02389688 0.02740257 -0.000802
v -0.02450979 0.02589594 -0.000402
v -0.02487314 0.02524289 -0.000402
v -0.02997412 0.0253675 -0.000402
v -0.03023576 0.02519619 -0.0005526
v -0.02970539 0.02456723 -0.0005526
v -0.02949236 0.02479618 -0.000402
v -0.02888787 0.02435676 -0.000402
v -0.02903993 0.02408348 -0.0005526
v -0.02819579 0.02407476 -0.000402
v -0.02389688 0.02740257 -0.004402
v -0.02506149 0.02738465 -0.000402
v -0.02478714 0.02876384 -0.000402
v -0.02881644 0.02891461 -0.000402
v -0.02649731 0.02923359 -0.000402
v -0.03030516 0.02603751 -0.000402
v -0.02969977 0.0267467 -0.000402
v -0.03046623 0.02676727 -0.000402
v -0.02594481 0.02521673 -0.000402
v -0.02631121 0.02568855 -0.00091934
v -0.0256533 0.02730325 -0.00091934
v -0.0256533 0.02730325 -0.002402
v -0.02631121 0.02568855 -0.002402
v -0.0252689 0.02933516 -0.000402
v -0.02937903 0.02943556 -0.000402
v -0.02875381 0.02984495 -0.000402
v -0.02538223 0.02469578 -0.000402
v -0.02910797 0.0268281 -0.002402
v -0.02910797 0.0268281 -0.00091934
v -0.02803855 0.02545096 -0.00091934
v -0.02803855 0.02545096 -0.002402
v -0.02826395 0.02489775 -0.000402
v -0.02745634 0.0239666 -0.000402
v -0.02845005 0.0284428 -0.00091934
v -0.02845005 0.0284428 -0.002402
v -0.02671248 0.02403853 -0.000402
v -0.02600745 0.02428639 -0.000402
v -0.02431327 0.02661697 -0.000402
v -0.02664507 0.02373315 -0.0005526
v -0.02586892 0.02400602 -0.0005526
v -0.03077751 0.02673717 -0.0005526
v -0.02505587 0.02956411 -0.0005526
v -0.02518062 0.0244567 -0.0005526
v -0.02889234 0.03012533 -0.0005526
v -0.03060019 0.02593379 -0.0005526
v -0.02958063 0.02967464 -0.0005526
v -0.02391749 0.02655907 -0.004402
v -0.02672271 0.02868038 -0.002402
v -0.02672271 0.02868038 -0.00091934
v -0.02618493 0.02552593 -0.00055353
v -0.02811623 0.02526029 -0.00055353
v -0.02664502 0.02887106 -0.00055353
v -0.02857633 0.02860541 -0.00055353
v -0.02931195 0.02680004 -0.00055353
v -0.02544931 0.02733131 -0.00055353
v -0.03368246 0.0174192 -0.000802
v -0.03304768 0.01686335 -0.000802
v -0.03304768 0.01686335 -0.004402
v -0.03368246 0.0174192 -0.004402
v -0.03826031 0.01219126 -0.000802
v -0.03874363 0.01288287 -0.000802
v -0.03874363 0.01288287 -0.00440199
v -0.03826031 0.01219126 -0.00440199
v -0.03439396 0.01126198 -0.000802
v -0.03521202 0.01105532 -0.000802
v -0.03521202 0.01105532 -0.004402
v -0.03439396 0.01126198 -0.004402
v -0.03762553 0.01163541 -0.000802
v -0.03762553 0.01163541 -0.00440199
v -0.03904739 0.01367006 -0.000802
v -0.03904739 0.01367006 -0.00440199
v -0.03443183 0.01780699 -0.000802
v -0.03443183 0.01780699 -0.004402
v -0.03215405 0.01454755 -0.000802
v -0.03225091 0.01370937 -0.000802
v -0.03225091 0.01370937 -0.004402
v -0.03215405 0.01454755 -0.004402
v -0.03254554 0.01291873 -0.000802
v -0.03254554 0.01291873 -0.004402
v -0.03364914 0.01165841 -0.000802
v -0.03364914 0.01165841 -0.004402
v -0.03605576 0.01105044 -0.000802
v -0.03605576 0.01105044 -0.004402
v -0.03687615 0.01124763 -0.000802
v -0.03687615 0.01124763 -0.004402
v -0.03915393 0.01450706 -0.000802
v -0.03905707 0.01534524 -0.000802
v -0.03905707 0.01534524 -0.00440199
v -0.03915393 0.01450706 -0.00440199
v -0.03876244 0.01613588 -0.000802
v -0.03828716 0.01683304 -0.000802
v -0.03828716 0.01683304 -0.004402
v -0.03876244 0.01613588 -0.004402
v -0.03765885 0.0173962 -0.000802
v -0.03765885 0.0173962 -0.004402
v -0.03691402 0.01779263 -0.000802
v -0.03609596 0.01799929 -0.000802
v -0.03609596 0.01799929 -0.004402
v -0.03691402 0.01779263 -0.004402
v -0.03525222 0.01800417 -0.000802
v -0.03525222 0.01800417 -0.004402
v -0.03224131 0.01454705 -0.0005526
v -0.03233575 0.01372977 -0.0005526
v -0.03760886 0.01732467 -0.0005526
v -0.03742972 0.01706833 -0.00040201
v -0.03677002 0.01741945 -0.00040201
v -0.0368826 0.01771121 -0.0005526
v -0.03311266 0.0168051 -0.0005526
v -0.03334554 0.01659637 -0.000402
v -0.03291746 0.0159838 -0.000402
v -0.0326414 0.01613073 -0.0005526
v -0.03442538 0.0113434 -0.0005526
v -0.03522304 0.01114189 -0.0005526
v -0.03373162 0.0173471 -0.0005526
v -0.03906667 0.01450756 -0.0005526
v -0.03875394 0.01450937 -0.000402
v -0.03866815 0.01525176 -0.000402
v -0.03897223 0.01532484 -0.0005526
v -0.03896278 0.01369143 -0.0005526
v -0.03865957 0.01376803 -0.000402
v -0.03529814 0.01760681 -0.00040201
v -0.03526223 0.01791748 -0.0005526
v -0.03608494 0.01791272 -0.0005526
v -0.03604545 0.01760249 -0.00040201
v -0.03302082 0.01222157 -0.000802
v -0.03302082 0.01222157 -0.004402
v -0.0323452 0.01536318 -0.0005526
v -0.03226059 0.01538455 -0.000802
v -0.03256436 0.01617174 -0.000802
v -0.03255404 0.01454524 -0.000402
v -0.03263983 0.01380285 -0.000402
v -0.0374002 0.01196591 -0.000402
v -0.03757637 0.01170751 -0.0005526
v -0.03684568 0.0113294 -0.0005526
v -0.03673648 0.01162245 -0.000402
v -0.03600984 0.0114478 -0.000402
v -0.03604575 0.01113713 -0.0005526
v -0.03526253 0.01145212 -0.000402
v -0.03256436 0.01617174 -0.004402
v -0.03363346 0.0157095 -0.000402
v -0.03390778 0.0170887 -0.00040201
v -0.03768807 0.01568604 -0.000402
v -0.03566754 0.01686823 -0.00040201
v -0.03796244 0.01245824 -0.000402
v -0.03767453 0.01334512 -0.000402
v -0.03839052 0.01307081 -0.000402
v -0.03361991 0.01336857 -0.000402
v -0.03413897 0.01366426 -0.00091934
v -0.03414905 0.01540782 -0.00091934
v -0.03414905 0.01540782 -0.002402
v -0.03413897 0.01366426 -0.002402
v -0.03457151 0.01743216 -0.00040201
v -0.03840719 0.01595205 -0.000402
v -0.03798623 0.01656953 -0.000402
v -0.03290079 0.01310257 -0.000402
v -0.03715893 0.01364679 -0.002402
v -0.03715893 0.01364679 -0.00091934
v -0.0356439 0.01278374 -0.00091934
v -0.0356439 0.01278374 -0.002402
v -0.03564044 0.01218638 -0.000402
v -0.03453797 0.01163516 -0.000402
v -0.03716901 0.01539036 -0.00091934
v -0.03716901 0.01539036 -0.002402
v -0.03387826 0.01198629 -0.000402
v -0.03332176 0.01248508 -0.000402
v -0.03264841 0.01528658 -0.000402
v -0.03369912 0.01172995 -0.0005526
v -0.03308647 0.01227906 -0.0005526
v -0.03866659 0.01292388 -0.0005526
v -0.0344623 0.01772521 -0.0005526
v -0.03262304 0.01295884 -0.0005526
v -0.03822151 0.01677555 -0.0005526
v -0.03819532 0.01224951 -0.0005526
v -0.03868494 0.01609577 -0.0005526
v -0.03226059 0.01538455 -0.004402
v -0.03566408 0.01627087 -0.002402
v -0.03566408 0.01627087 -0.00091934
v -0.03396008 0.01356235 -0.00055353
v -0.03564271 0.01257785 -0.00055353
v -0.03566527 0.01647677 -0.00055353
v -0.0373479 0.01549227 -0.00055353
v -0.03733664 0.01354281 -0.00055353
v -0.03397134 0.0155118 -0.00055353
v -0.03778457 0.00320353 -0.000802
v -0.0369854 0.00293291 -0.000802
v -0.0369854 0.00293291 -0.004402
v -0.03778457 0.00320353 -0.00440199
v -0.04001331 -0.00337833 -0.000802
v -0.04072451 -0.00292432 -0.000802
v -0.04072451 -0.00292432 -0.004402
v -0.04001331 -0.00337833 -0.00440199
v -0.03608565 -0.00275728 -0.000802
v -0.03676236 -0.00326127 -0.000802
v -0.03676236 -0.00326127 -0.004402
v -0.03608565 -0.00275728 -0.004402
v -0.03921413 -0.00364895 -0.000802
v -0.03921413 -0.00364895 -0.004402
v -0.04130639 -0.0023133 -0.000802
v -0.04130639 -0.0023133 -0.00440199
v -0.0386253 0.00327502 -0.000802
v -0.0386253 0.00327502 -0.004402
v -0.03527358 0.00113536 -0.000802
v -0.0350423 0.00032392 -0.000802
v -0.0350423 0.00032392 -0.00440199
v -0.03527358 0.00113536 -0.00440199
v -0.03501194 -0.00051929 -0.000802
v -0.03501194 -0.00051929 -0.00440199
v -0.03554923 -0.002106 -0.000802
v -0.03554923 -0.002106 -0.00440199
v -0.03754 -0.00358866 -0.000802
v -0.03754 -0.00358867 -0.004402
v -0.0383734 -0.00372044 -0.000802
v -0.0383734 -0.00372044 -0.004402
v -0.04172513 -0.00158079 -0.000802
v -0.0419564 -0.00076934 -0.000802
v -0.0419564 -0.00076934 -0.00440199
v -0.04172513 -0.00158079 -0.004402
v -0.04198676 7.387E-05 -0.000802
v -0.04181445 0.00089984 -0.000802
v -0.04181445 0.00089984 -0.00440199
v -0.04198676 7.387E-05 -0.004402
v -0.04144948 0.00166058 -0.000802
v -0.04144948 0.00166058 -0.00440199
v -0.04091305 0.00231186 -0.000802
v -0.04023635 0.00281585 -0.000802
v -0.04023635 0.00281585 -0.00440199
v -0.04091305 0.00231186 -0.004402
v -0.0394587 0.00314324 -0.000802
v -0.0394587 0.00314324 -0.00440199
v -0.035354 0.0011015 -0.0005526
v -0.0351285 0.00031029 -0.0005526
v -0.04137592 0.00161362 -0.0005526
v -0.04111232 0.00144534 -0.000402
v -0.0406372 0.0020222 -0.000402
v -0.04085287 0.00224867 -0.0005526
v -0.03702315 0.00285423 -0.0005526
v -0.03715842 0.00257226 -0.000402
v -0.03652851 0.00217014 -0.000402
v -0.03632968 0.00241153 -0.0005526
v -0.03614584 -0.00269409 -0.0005526
v -0.03680567 -0.00318551 -0.0005526
v -0.0378024 0.0031181 -0.0005526
v -0.0416447 -0.00154693 -0.0005526
v -0.04135647 -0.00142558 -0.000402
v -0.04156131 -0.00070687 -0.000402
v -0.04187021 -0.00075572 -0.0005526
v -0.0412364 -0.00226118 -0.0005526
v -0.04098558 -0.00207438 -0.000402
v -0.03934906 0.00275856 -0.000402
v -0.03943478 0.00305932 -0.0005526
v -0.04019304 0.00274008 -0.0005526
v -0.04003784 0.00246858 -0.000402
v -0.03518425 -0.00134526 -0.000802
v -0.03518425 -0.00134526 -0.00440199
v -0.03576231 0.00181575 -0.0005526
v -0.03569232 0.00186788 -0.000802
v -0.0362742 0.0024789 -0.000802
v -0.03564224 0.00098016 -0.000402
v -0.03543739 0.00026145 -0.000402
v -0.03913244 -0.00325738 -0.000402
v -0.03919631 -0.00356352 -0.0005526
v -0.03837654 -0.00363323 -0.0005526
v -0.0383878 -0.0033207 -0.000402
v -0.03764964 -0.00320398 -0.000402
v -0.03756393 -0.00350474 -0.0005526
v -0.03696087 -0.00291401 -0.000402
v -0.0362742 0.0024789 -0.004402
v -0.03708503 0.00164272 -0.000402
v -0.03786627 0.00281195 -0.000402
v -0.04082202 6.941E-05 -0.000402
v -0.0394077 0.00193484 -0.000402
v -0.03984029 -0.00301769 -0.000402
v -0.03991368 -0.00208814 -0.000402
v -0.0404702 -0.00261556 -0.000402
v -0.03617669 -0.00051484 -0.000402
v -0.03676939 -0.00044029 -0.00091934
v -0.03744593 0.0011667 -0.00091934
v -0.03744593 0.0011667 -0.002402
v -0.03676939 -0.00044029 -0.002402
v -0.03861091 0.00287528 -0.000402
v -0.0415882 3.997E-05 -0.000402
v -0.04143558 0.00077155 -0.000402
v -0.0354105 -0.0004854 -0.000402
v -0.03955277 -0.00161212 -0.002402
v -0.03955277 -0.00161212 -0.00091934
v -0.0378228 -0.0018297 -0.00091934
v -0.0378228 -0.0018297 -0.002402
v -0.037591 -0.00238026 -0.000402
v -0.0363615 -0.00246762 -0.000402
v -0.04022932 -5.13E-06 -0.00091934
v -0.04022932 -5.13E-06 -0.002402
v -0.03588639 -0.00189077 -0.000402
v -0.03556313 -0.00121697 -0.000402
v -0.03601312 0.00162896 -0.000402
v -0.03562279 -0.00205904 -0.0005526
v -0.03526691 -0.00131727 -0.0005526
v -0.04066902 -0.00285696 -0.0005526
v -0.03862216 0.00318781 -0.0005526
v -0.0350989 -0.00051189 -0.0005526
v -0.0417318 0.00087185 -0.0005526
v -0.03997556 -0.00329965 -0.0005526
v -0.04189981 6.647E-05 -0.0005526
v -0.03569232 0.00186788 -0.004402
v -0.03917591 0.00138428 -0.002402
v -0.03917591 0.00138428 -0.00091934
v -0.03656511 -0.00046599 -0.00055353
v -0.03774291 -0.00201946 -0.00055353
v -0.03925581 0.00157404 -0.00055353
v -0.0404336 2.056E-05 -0.00055353
v -0.03967717 -0.00177619 -0.00055353
v -0.03732154 0.00133077 -0.00055353
v -0.03613433 -0.01149986 -0.000802
v -0.03529242 -0.01144404 -0.000802
v -0.03529242 -0.01144404 -0.00440199
v -0.03613433 -0.01149986 -0.004402
v -0.03567465 -0.0184336 -0.000802
v -0.03650545 -0.01828631 -0.000802
v -0.03650545 -0.01828631 -0.004402
v -0.03567465 -0.0184336 -0.004402
v -0.03228363 -0.01635678 -0.000802
v -0.03271595 -0.01708137 -0.000802
v -0.03271595 -0.01708137 -0.00440199
v -0.03228363 -0.01635678 -0.00440199
v -0.03483274 -0.01837779 -0.000802
v -0.03483274 -0.01837779 -0.00440199
v -0.03727686 -0.01794448 -0.000802
v -0.03727686 -0.01794448 -0.004402
v -0.03693842 -0.01175554 -0.000802
v -0.03693842 -0.01175554 -0.004402
v -0.03302302 -0.01244968 -0.000802
v -0.03249883 -0.01311085 -0.000802
v -0.03249883 -0.01311085 -0.00440199
v -0.03302302 -0.01244968 -0.00440199
v -0.0321481 -0.01387825 -0.000802
v -0.0321481 -0.01387825 -0.00440199
v -0.03203728 -0.01554979 -0.000802
v -0.03203728 -0.01554979 -0.00440199
v -0.03330912 -0.01768143 -0.000802
v -0.03330912 -0.01768143 -0.00440199
v -0.03402865 -0.01812211 -0.000802
v -0.03402865 -0.01812211 -0.00440199
v -0.03794405 -0.01742797 -0.000802
v -0.03846825 -0.0167668 -0.000802
v -0.03846825 -0.0167668 -0.004402
v -0.03794405 -0.01742797 -0.00440199
v -0.03881898 -0.01599939 -0.000802
v -0.03897587 -0.01517036 -0.000802
v -0.03897587 -0.01517036 -0.004402
v -0.03881898 -0.01599939 -0.004402
v -0.0389298 -0.01432786 -0.000802
v -0.0389298 -0.01432786 -0.004402
v -0.03868344 -0.01352087 -0.000802
v -0.03825112 -0.01279628 -0.000802
v -0.03825112 -0.01279628 -0.00440199
v -0.03868344 -0.01352087 -0.004402
v -0.03765795 -0.01219621 -0.000802
v -0.03765795 -0.01219621 -0.004402
v -0.03308437 -0.01251174 -0.0005526
v -0.03257325 -0.01315642 -0.0005526
v -0.03884387 -0.01434309 -0.0005526
v -0.03853594 -0.01439768 -0.000402
v -0.03831774 -0.01368292 -0.000402
v -0.03860366 -0.01355622 -0.0005526
v -0.03529719 -0.01153118 -0.0005526
v -0.03531427 -0.01184345 -0.000402
v -0.03457842 -0.01197391 -0.000402
v -0.03448711 -0.0116748 -0.0005526
v -0.03236341 -0.01632143 -0.0005526
v -0.03278496 -0.01702794 -0.0005526
v -0.03611811 -0.01158561 -0.0005526
v -0.03788271 -0.01736591 -0.0005526
v -0.03766285 -0.0171435 -0.000402
v -0.03812714 -0.01655789 -0.000402
v -0.03839383 -0.01672122 -0.0005526
v -0.03723215 -0.01786954 -0.0005526
v -0.03707191 -0.01760098 -0.000402
v -0.03740945 -0.01250966 -0.000402
v -0.03760374 -0.0122646 -0.0005526
v -0.03818211 -0.0128497 -0.0005526
v -0.03793482 -0.01304115 -0.000402
v -0.0319912 -0.01470729 -0.000802
v -0.0319912 -0.01470729 -0.00440199
v -0.03373493 -0.0120081 -0.0005526
v -0.03369021 -0.01193316 -0.000802
v -0.03446162 -0.01159133 -0.000802
v -0.03330422 -0.01273415 -0.000402
v -0.03283994 -0.01331975 -0.000402
v -0.03490712 -0.01798476 -0.000402
v -0.03484897 -0.01829204 -0.0005526
v -0.03406493 -0.01804274 -0.0005526
v -0.03419492 -0.0177583 -0.000402
v -0.03355762 -0.01736799 -0.000402
v -0.03336333 -0.01761305 -0.0005526
v -0.03303225 -0.0168365 -0.000402
v -0.03446162 -0.01159133 -0.00440199
v -0.03489073 -0.01267415 -0.000402
v -0.03605996 -0.01189288 -0.000402
v -0.03774119 -0.01555779 -0.000402
v -0.0371484 -0.01329312 -0.000402
v -0.03565281 -0.0180342 -0.000402
v -0.03607634 -0.01720349 -0.000402
v -0.03638866 -0.01790374 -0.000402
v -0.03322588 -0.01431986 -0.000402
v -0.03380199 -0.01447781 -0.00091934
v -0.03504201 -0.01325205 -0.00091934
v -0.03504201 -0.01325205 -0.002402
v -0.03380199 -0.01447781 -0.002402
v -0.03677215 -0.01211935 -0.000402
v -0.03843778 -0.01587819 -0.000402
v -0.03857674 -0.01514389 -0.000402
v -0.03252929 -0.01399946 -0.000402
v -0.03592507 -0.01662559 -0.002402
v -0.03592507 -0.01662559 -0.00091934
v -0.03424351 -0.01616458 -0.00091934
v -0.03424351 -0.01616458 -0.002402
v -0.03381867 -0.01658453 -0.000402
v -0.03264933 -0.01619473 -0.000402
v -0.03716508 -0.01539983 -0.00091934
v -0.03716508 -0.01539983 -0.002402
v -0.03243114 -0.01547997 -0.000402
v -0.03239033 -0.01473376 -0.000402
v -0.03389516 -0.01227667 -0.000402
v -0.0321232 -0.01553455 -0.0005526
v -0.03207828 -0.01471306 -0.0005526
v -0.03647997 -0.01820285 -0.0005526
v -0.03690214 -0.01183491 -0.0005526
v -0.03223126 -0.01390469 -0.0005526
v -0.03888879 -0.01516458 -0.0005526
v -0.03566988 -0.01834646 -0.0005526
v -0.03873581 -0.01597296 -0.0005526
v -0.03369021 -0.01193316 -0.00440199
v -0.03672356 -0.01371307 -0.002402
v -0.03672356 -0.01371307 -0.00091934
v -0.03360343 -0.01442338 -0.00055352
v -0.03409708 -0.01630932 -0.00055352
v -0.03687 -0.01356832 -0.00055352
v -0.03736364 -0.01545427 -0.00055352
v -0.03597721 -0.01682478 -0.00055352
v -0.03498986 -0.01305286 -0.00055352
v -0.02898296 -0.02445249 -0.000802
v -0.0282265 -0.02407875 -0.000802
v -0.0282265 -0.02407875 -0.00440199
v -0.02898296 -0.02445249 -0.00440199
v -0.02590484 -0.03068252 -0.000802
v -0.02672877 -0.03086438 -0.000802
v -0.02672877 -0.03086438 -0.00440199
v -0.02590484 -0.03068252 -0.00440199
v -0.02356672 -0.0274661 -0.000802
v -0.02368885 -0.02830097 -0.000802
v -0.02368885 -0.02830097 -0.00440199
v -0.02356672 -0.0274661 -0.00440199
v -0.02514838 -0.03030878 -0.000802
v -0.02514838 -0.03030878 -0.00440199
v -0.02757227 -0.03084378 -0.000802
v -0.02757227 -0.03084378 -0.00440199
v -0.029628 -0.02499642 -0.000802
v -0.029628 -0.02499642 -0.00440199
v -0.02574501 -0.02413937 -0.000802
v -0.0250077 -0.02454961 -0.000802
v -0.0250077 -0.02454961 -0.00440199
v -0.02574501 -0.02413937 -0.00440199
v -0.02438999 -0.02512437 -0.000802
v -0.02438999 -0.02512437 -0.00440199
v -0.02364793 -0.02662627 -0.000802
v -0.02364793 -0.02662627 -0.00440199
v -0.02400722 -0.02908236 -0.000802
v -0.02400722 -0.02908236 -0.00440199
v -0.02450334 -0.02976484 -0.000802
v -0.02450334 -0.02976484 -0.00440199
v -0.02838634 -0.0306219 -0.000802
v -0.02912365 -0.03021167 -0.000802
v -0.02912365 -0.03021167 -0.00440199
v -0.02838634 -0.0306219 -0.00440199
v -0.02974135 -0.02963689 -0.000802
v -0.03020357 -0.028931 -0.000802
v -0.03020357 -0.028931 -0.00440199
v -0.02974135 -0.02963689 -0.00440199
v -0.03048341 -0.028135 -0.000802
v -0.03048341 -0.028135 -0.00440199
v -0.03056463 -0.02729516 -0.000802
v -0.0304425 -0.02646029 -0.000802
v -0.0304425 -0.02646029 -0.00440199
v -0.03056463 -0.02729516 -0.00440199
v -0.03012412 -0.02567891 -0.000802
v -0.03012412 -0.02567891 -0.00440199
v -0.02577794 -0.02422017 -0.0005526
v -0.02505901 -0.02462019 -0.0005526
v -0.03039819 -0.0281162 -0.0005526
v -0.03009281 -0.02804878 -0.000402
v -0.03016475 -0.02730493 -0.000402
v -0.03047739 -0.02729729 -0.0005526
v -0.02819756 -0.02416107 -0.0005526
v -0.02809384 -0.02445611 -0.000402
v -0.02736408 -0.02429503 -0.000402
v -0.02739418 -0.02398375 -0.0005526
v -0.02365396 -0.02746398 -0.0005526
v -0.02377304 -0.02827803 -0.0005526
v -0.02893516 -0.02452551 -0.0005526
v -0.02835341 -0.03054109 -0.0005526
v -0.02823541 -0.03025148 -0.000402
v -0.02888845 -0.02988812 -0.000402
v -0.02907234 -0.03014108 -0.0005526
v -0.02755964 -0.03075743 -0.0005526
v -0.02751438 -0.03044799 -0.000402
v -0.02977458 -0.02587339 -0.000402
v -0.03004786 -0.02572134 -0.0005526
v -0.0303583 -0.02648324 -0.0005526
v -0.03005658 -0.02656547 -0.000402
v -0.02392778 -0.02583027 -0.000802
v -0.02392778 -0.02583027 -0.00440199
v -0.0265717 -0.02400384 -0.0005526
v -0.02655907 -0.02391749 -0.000802
v -0.02740258 -0.02389688 -0.000802
v -0.02589594 -0.02450979 -0.000402
v -0.02524289 -0.02487314 -0.000402
v -0.0253675 -0.02997413 -0.000402
v -0.02519619 -0.03023577 -0.0005526
v -0.02456723 -0.0297054 -0.0005526
v -0.02479618 -0.02949236 -0.000402
v -0.02435676 -0.02888788 -0.000402
v -0.02408348 -0.02903993 -0.0005526
v -0.02407477 -0.02819579 -0.000402
v -0.02740258 -0.02389688 -0.00440199
v -0.02738465 -0.0250615 -0.000402
v -0.02876385 -0.02478714 -0.000402
v -0.02891461 -0.02881645 -0.000402
v -0.02923359 -0.02649731 -0.000402
v -0.02603751 -0.03030516 -0.000402
v -0.0267467 -0.02969977 -0.000402
v -0.02676727 -0.03046624 -0.000402
v -0.02521674 -0.02594482 -0.000402
v -0.02568855 -0.02631122 -0.00091934
v -0.02730325 -0.0256533 -0.00091934
v -0.02730325 -0.0256533 -0.002402
v -0.02568855 -0.02631122 -0.002402
v -0.02933516 -0.02526891 -0.000402
v -0.02943556 -0.02937903 -0.000402
v -0.02984495 -0.02875382 -0.000402
v -0.02469578 -0.02538224 -0.000402
v -0.02682809 -0.02910797 -0.002402
v -0.02682809 -0.02910797 -0.00091934
v -0.02545096 -0.02803855 -0.00091934
v -0.02545096 -0.02803855 -0.002402
v -0.02489775 -0.02826395 -0.000402
v -0.0239666 -0.02745634 -0.000402
v -0.0284428 -0.02845005 -0.00091934
v -0.0284428 -0.02845005 -0.002402
v -0.02403853 -0.02671248 -0.000402
v -0.0242864 -0.02600746 -0.000402
v -0.02661697 -0.02431328 -0.000402
v -0.02373315 -0.02664507 -0.0005526
v -0.02400602 -0.02586892 -0.0005526
v -0.02673717 -0.03077752 -0.0005526
v -0.02956411 -0.02505587 -0.0005526
v -0.0244567 -0.02518063 -0.0005526
v -0.03012533 -0.02889234 -0.0005526
v -0.02593379 -0.0306002 -0.0005526
v -0.02967464 -0.02958064 -0.0005526
v -0.02655907 -0.02391749 -0.00440199
v -0.02868038 -0.02672272 -0.002402
v -0.02868038 -0.02672272 -0.00091934
v -0.02552593 -0.02618494 -0.00055352
v -0.02526029 -0.02811624 -0.00055352
v -0.02887106 -0.02664503 -0.00055352
v -0.02860541 -0.02857633 -0.00055352
v -0.02680004 -0.02931196 -0.00055352
v -0.02733131 -0.02544932 -0.00055352
v -0.0174192 -0.03368245 -0.000802
v -0.01686334 -0.03304767 -0.000802
v -0.01686334 -0.03304767 -0.00440199
v -0.0174192 -0.03368245 -0.00440199
v -0.01219125 -0.0382603 -0.000802
v -0.01288287 -0.03874362 -0.000802
v -0.01288287 -0.03874362 -0.00440199
v -0.01219125 -0.0382603 -0.00440199
v -0.01126198 -0.03439396 -0.000802
v -0.01105532 -0.03521202 -0.000802
v -0.01105532 -0.03521202 -0.00440199
v -0.01126198 -0.03439396 -0.00440199
v -0.0116354 -0.03762552 -0.000802
v -0.0116354 -0.03762552 -0.00440199
v -0.01367005 -0.03904738 -0.000802
v -0.01367005 -0.03904738 -0.00440199
v -0.01780698 -0.03443182 -0.000802
v -0.01780698 -0.03443182 -0.00440199
v -0.01454755 -0.03215405 -0.000802
v -0.01370937 -0.0322509 -0.000802
v -0.01370937 -0.0322509 -0.00440199
v -0.01454755 -0.03215405 -0.00440199
v -0.01291872 -0.03254554 -0.000802
v -0.01291872 -0.03254554 -0.00440199
v -0.0116584 -0.03364913 -0.000802
v -0.0116584 -0.03364913 -0.00440199
v -0.01105044 -0.03605576 -0.000802
v -0.01105044 -0.03605576 -0.00440199
v -0.01124762 -0.03687615 -0.000802
v -0.01124762 -0.03687615 -0.00440199
v -0.01450705 -0.03915393 -0.000802
v -0.01534523 -0.03905707 -0.000802
v -0.01534523 -0.03905707 -0.00440199
v -0.01450705 -0.03915393 -0.00440199
v -0.01613588 -0.03876244 -0.000802
v -0.01683303 -0.03828716 -0.000802
v -0.01683303 -0.03828716 -0.00440199
v -0.01613588 -0.03876244 -0.00440199
v -0.01739619 -0.03765884 -0.000802
v -0.01739619 -0.03765884 -0.00440199
v -0.01779262 -0.03691401 -0.000802
v -0.01799928 -0.03609595 -0.000802
v -0.01799928 -0.03609595 -0.00440199
v -0.01779262 -0.03691401 -0.00440199
v -0.01800416 -0.03525221 -0.000802
v -0.01800416 -0.03525221 -0.00440199
v -0.01454704 -0.03224131 -0.0005526
v -0.01372976 -0.03233575 -0.0005526
v -0.01732466 -0.03760885 -0.0005526
v -0.01706832 -0.03742971 -0.000402
v -0.01741944 -0.03677001 -0.000402
v -0.0177112 -0.03688259 -0.0005526
v -0.0168051 -0.03311265 -0.0005526
v -0.01659637 -0.03334554 -0.000402
v -0.01598379 -0.03291745 -0.000402
v -0.01613073 -0.03264139 -0.0005526
v -0.01134339 -0.03442538 -0.0005526
v -0.01114189 -0.03522304 -0.0005526
v -0.01734709 -0.03373161 -0.0005526
v -0.01450756 -0.03906666 -0.0005526
v -0.01450937 -0.03875393 -0.000402
v -0.01525175 -0.03866815 -0.000402
v -0.01532484 -0.03897222 -0.0005526
v -0.01369142 -0.03896277 -0.0005526
v -0.01376802 -0.03865957 -0.000402
v -0.01760681 -0.03529813 -0.000402
v -0.01791747 -0.03526223 -0.0005526
v -0.01791271 -0.03608494 -0.0005526
v -0.01760248 -0.03604545 -0.000402
v -0.01222156 -0.03302082 -0.000802
v -0.01222156 -0.03302082 -0.00440199
v -0.01536318 -0.0323452 -0.0005526
v -0.01538455 -0.03226059 -0.000802
v -0.01617173 -0.03256435 -0.000802
v -0.01454524 -0.03255404 -0.000402
v -0.01380285 -0.03263982 -0.000402
v -0.0119659 -0.0374002 -0.000402
v -0.01170751 -0.03757636 -0.0005526
v -0.01132939 -0.03684568 -0.0005526
v -0.01162244 -0.03673647 -0.000402
v -0.01144779 -0.03600984 -0.000402
v -0.01113712 -0.03604575 -0.0005526
v -0.01145212 -0.03526253 -0.000402
v -0.01617173 -0.03256435 -0.00440199
v -0.01570949 -0.03363345 -0.000402
v -0.01708869 -0.03390777 -0.000402
v -0.01568603 -0.03768806 -0.000402
v -0.01686823 -0.03566753 -0.000402
v -0.01245823 -0.03796244 -0.000402
v -0.01334511 -0.03767452 -0.000402
v -0.0130708 -0.03839052 -0.000402
v -0.01336857 -0.03361991 -0.000402
v -0.01366425 -0.03413897 -0.00091934
v -0.01540782 -0.03414905 -0.00091934
v -0.01540782 -0.03414905 -0.002402
v -0.01366425 -0.03413897 -0.002402
v -0.01743216 -0.0345715 -0.000402
v -0.01595204 -0.03840718 -0.000402
v -0.01656952 -0.03798622 -0.000402
v -0.01310256 -0.03290079 -0.000402
v -0.01364678 -0.03715892 -0.002402
v -0.01364678 -0.03715892 -0.00091934
v -0.01278373 -0.0356439 -0.00091934
v -0.01278373 -0.0356439 -0.002402
v -0.01218637 -0.03564044 -0.000402
v -0.01163516 -0.03453796 -0.000402
v -0.01539035 -0.037169 -0.00091934
v -0.01539035 -0.037169 -0.002402
v -0.01198628 -0.03387826 -0.000402
v -0.01248508 -0.03332175 -0.000402
v -0.01528658 -0.03264841 -0.000402
v -0.01172994 -0.03369912 -0.0005526
v -0.01227905 -0.03308647 -0.0005526
v -0.01292387 -0.03866658 -0.0005526
v -0.01772521 -0.0344623 -0.0005526
v -0.01295883 -0.03262304 -0.0005526
v -0.01677554 -0.0382215 -0.0005526
v -0.0122495 -0.03819532 -0.0005526
v -0.01609577 -0.03868493 -0.0005526
v -0.01538455 -0.03226059 -0.00440199
v -0.01627087 -0.03566407 -0.002402
v -0.01627087 -0.03566407 -0.00091934
v -0.01356234 -0.03396007 -0.00055352
v -0.01257784 -0.03564271 -0.00055352
v -0.01647676 -0.03566527 -0.00055352
v -0.01549226 -0.0373479 -0.00055352
v -0.0135428 -0.03733664 -0.00055352
v -0.0155118 -0.03397133 -0.00055352
v -0.00320352 -0.03778457 -0.000802
v -0.0029329 -0.03698539 -0.000802
v -0.0029329 -0.03698539 -0.00440199
v -0.00320352 -0.03778457 -0.00440199
v 0.00337834 -0.0400133 -0.000802
v 0.00292433 -0.0407245 -0.000802
v 0.00292433 -0.0407245 -0.00440199
v 0.00337833 -0.0400133 -0.00440199
v 0.00275729 -0.03608565 -0.000802
v 0.00326128 -0.03676235 -0.000802
v 0.00326128 -0.03676235 -0.00440199
v 0.00275729 -0.03608565 -0.00440199
v 0.00364896 -0.03921413 -0.000802
v 0.00364895 -0.03921413 -0.00440199
v 0.00231331 -0.04130638 -0.000802
v 0.00231331 -0.04130638 -0.00440199
v -0.00327502 -0.0386253 -0.000802
v -0.00327502 -0.0386253 -0.00440199
v -0.00113536 -0.03527357 -0.000802
v -0.00032392 -0.0350423 -0.000802
v -0.00032392 -0.0350423 -0.00440199
v -0.00113536 -0.03527357 -0.00440199
v 0.00051929 -0.03501194 -0.000802
v 0.00051929 -0.03501194 -0.00440199
v 0.00210601 -0.03554922 -0.000802
v 0.00210601 -0.03554922 -0.00440199
v 0.00358867 -0.03754 -0.000802
v 0.00358867 -0.03754 -0.00440199
v 0.00372045 -0.0383734 -0.000802
v 0.00372045 -0.0383734 -0.00440199
v 0.00158079 -0.04172512 -0.000802
v 0.00076935 -0.04195639 -0.000802
v 0.00076935 -0.04195639 -0.00440199
v 0.00158079 -0.04172512 -0.00440199
v -7.386E-05 -0.04198676 -0.000802
v -0.00089983 -0.04181445 -0.000802
v -0.00089983 -0.04181445 -0.00440199
v -7.386E-05 -0.04198676 -0.00440199
v -0.00166057 -0.04144947 -0.000802
v -0.00166057 -0.04144947 -0.00440199
v -0.00231185 -0.04091305 -0.000802
v -0.00281584 -0.04023634 -0.000802
v -0.00281584 -0.04023634 -0.00440199
v -0.00231185 -0.04091305 -0.00440199
v -0.00314324 -0.0394587 -0.000802
v -0.00314324 -0.0394587 -0.00440199
v -0.0011015 -0.035354 -0.0005526
v -0.00031028 -0.03512849 -0.0005526
v -0.00161361 -0.04137592 -0.0005526
v -0.00144533 -0.04111231 -0.000402
v -0.00202219 -0.0406372 -0.000402
v -0.00224866 -0.04085286 -0.0005526
v -0.00285422 -0.03702314 -0.0005526
v -0.00257226 -0.03715842 -0.000402
v -0.00217013 -0.0365285 -0.000402
v -0.00241153 -0.03632968 -0.0005526
v 0.0026941 -0.03614583 -0.0005526
v 0.00318551 -0.03680566 -0.0005526
v -0.00311809 -0.03780239 -0.0005526
v 0.00154693 -0.0416447 -0.0005526
v 0.00142558 -0.04135646 -0.000402
v 0.00070688 -0.04156131 -0.000402
v 0.00075572 -0.0418702 -0.0005526
v 0.00226118 -0.04123639 -0.0005526
v 0.00207439 -0.04098558 -0.000402
v -0.00275856 -0.03934906 -0.000402
v -0.00305931 -0.03943477 -0.0005526
v -0.00274008 -0.04019303 -0.0005526
v -0.00246857 -0.04003783 -0.000402
v 0.00134526 -0.03518425 -0.000802
v 0.00134526 -0.03518425 -0.00440199
v -0.00181575 -0.0357623 -0.0005526
v -0.00186787 -0.03569231 -0.000802
v -0.00247889 -0.03627419 -0.000802
v -0.00098015 -0.03564223 -0.000402
v -0.00026145 -0.03543739 -0.000402
v 0.00325738 -0.03913243 -0.000402
v 0.00356353 -0.0391963 -0.0005526
v 0.00363323 -0.03837654 -0.0005526
v 0.00332071 -0.03838779 -0.000402
v 0.00320399 -0.03764964 -0.000402
v 0.00350475 -0.03756392 -0.0005526
v 0.00291401 -0.03696086 -0.000402
v -0.00247889 -0.03627419 -0.00440199
v -0.00164271 -0.03708502 -0.000402
v -0.00281195 -0.03786626 -0.000402
v -6.941E-05 -0.04082202 -0.000402
v -0.00193484 -0.0394077 -0.000402
v 0.00301769 -0.03984028 -0.000402
v 0.00208815 -0.03991367 -0.000402
v 0.00261557 -0.04047019 -0.000402
v 0.00051484 -0.03617668 -0.000402
v 0.0004403 -0.03676938 -0.00091934
v -0.00116669 -0.03744593 -0.00091934
v -0.00116669 -0.03744593 -0.002402
v 0.0004403 -0.03676938 -0.002402
v -0.00287527 -0.0386109 -0.000402
v -3.997E-05 -0.0415882 -0.000402
v -0.00077154 -0.04143557 -0.000402
v 0.0004854 -0.0354105 -0.000402
v 0.00161212 -0.03955277 -0.002402
v 0.00161212 -0.03955277 -0.00091934
v 0.0018297 -0.03782279 -0.00091934
v 0.0018297 -0.03782279 -0.002402
v 0.00238027 -0.037591 -0.000402
v 0.00246762 -0.0363615 -0.000402
v 5.14E-06 -0.04022931 -0.00091934
v 5.14E-06 -0.04022931 -0.002402
v 0.00189077 -0.03588638 -0.000402
v 0.00121698 -0.03556312 -0.000402
v -0.00162895 -0.03601312 -0.000402
v 0.00205905 -0.03562278 -0.0005526
v 0.00131728 -0.03526691 -0.0005526
v 0.00285697 -0.04066902 -0.0005526
v -0.0031878 -0.03862216 -0.0005526
v 0.0005119 -0.03509889 -0.0005526
v -0.00087185 -0.04173179 -0.0005526
v 0.00329966 -0.03997556 -0.0005526
v -6.646E-05 -0.0418998 -0.0005526
v -0.00186787 -0.03569231 -0.00440199
v -0.00138427 -0.0391759 -0.002402
v -0.00138427 -0.0391759 -0.00091934
v 0.00046599 -0.0365651 -0.00055352
v 0.00201947 -0.0377429 -0.00055352
v -0.00157404 -0.0392558 -0.00055352
v -2.056E-05 -0.04043359 -0.00055352
v 0.0017762 -0.03967717 -0.00055352
v -0.00133077 -0.03732153 -0.00055352
v 0.01149986 -0.03613432 -0.000802
v 0.01144405 -0.03529242 -0.000802
v 0.01144405 -0.03529242 -0.00440199
v 0.01149986 -0.03613432 -0.00440199
v 0.0184336 -0.03567464 -0.000802
v 0.01828632 -0.03650544 -0.000802
v 0.01828632 -0.03650544 -0.00440199
v 0.0184336 -0.03567464 -0.00440199
v 0.01635678 -0.03228362 -0.000802
v 0.01708137 -0.03271595 -0.000802
v 0.01708137 -0.03271595 -0.00440199
v 0.01635678 -0.03228362 -0.00440199
v 0.01837779 -0.03483273 -0.000802
v 0.01837779 -0.03483273 -0.00440199
v 0.01794449 -0.03727686 -0.000802
v 0.01794449 -0.03727686 -0.00440199
v 0.01175554 -0.03693842 -0.000802
v 0.01175554 -0.03693842 -0.00440199
v 0.01244969 -0.03302301 -0.000802
v 0.01311085 -0.03249882 -0.000802
v 0.01311085 -0.03249882 -0.00440199
v 0.01244969 -0.03302301 -0.00440199
v 0.01387826 -0.03214809 -0.000802
v 0.01387826 -0.03214809 -0.00440199
v 0.0155498 -0.03203727 -0.000802
v 0.0155498 -0.03203727 -0.00440199
v 0.01768144 -0.03330911 -0.000802
v 0.01768144 -0.03330911 -0.00440199
v 0.01812211 -0.03402865 -0.000802
v 0.01812211 -0.03402865 -0.00440199
v 0.01742798 -0.03794404 -0.000802
v 0.01676681 -0.03846824 -0.000802
v 0.01676681 -0.03846824 -0.00440199
v 0.01742798 -0.03794404 -0.00440199
v 0.0159994 -0.03881897 -0.000802
v 0.01517036 -0.03897586 -0.000802
v 0.01517036 -0.03897586 -0.00440199
v 0.0159994 -0.03881897 -0.00440199
v 0.01432787 -0.03892979 -0.000802
v 0.01432787 -0.03892979 -0.00440199
v 0.01352087 -0.03868344 -0.000802
v 0.01279629 -0.03825111 -0.000802
v 0.01279629 -0.03825111 -0.00440199
v 0.01352087 -0.03868344 -0.00440199
v 0.01219622 -0.03765795 -0.000802
v 0.01219622 -0.03765795 -0.00440199
v 0.01251174 -0.03308436 -0.0005526
v 0.01315643 -0.03257324 -0.0005526
v 0.0143431 -0.03884387 -0.0005526
v 0.01439768 -0.03853593 -0.000402
v 0.01368292 -0.03831773 -0.000402
v 0.01355622 -0.03860365 -0.0005526
v 0.01153119 -0.03529719 -0.0005526
v 0.01184345 -0.03531426 -0.000402
v 0.01197391 -0.03457841 -0.000402
v 0.0116748 -0.0344871 -0.0005526
v 0.01632143 -0.03236341 -0.0005526
v 0.01702795 -0.03278495 -0.0005526
v 0.01158561 -0.0361181 -0.0005526
v 0.01736591 -0.0378827 -0.0005526
v 0.01714351 -0.03766285 -0.000402
v 0.0165579 -0.03812713 -0.000402
v 0.01672123 -0.03839382 -0.0005526
v 0.01786955 -0.03723214 -0.0005526
v 0.01760099 -0.03707191 -0.000402
v 0.01250966 -0.03740944 -0.000402
v 0.0122646 -0.03760373 -0.0005526
v 0.01284971 -0.03818211 -0.0005526
v 0.01304115 -0.03793482 -0.000402
v 0.0147073 -0.03199119 -0.000802
v 0.0147073 -0.03199119 -0.00440199
v 0.01200811 -0.03373492 -0.0005526
v 0.01193317 -0.0336902 -0.000802
v 0.01159133 -0.03446162 -0.000802
v 0.01273416 -0.03330422 -0.000402
v 0.01331976 -0.03283993 -0.000402
v 0.01798477 -0.03490711 -0.000402
v 0.01829204 -0.03484896 -0.0005526
v 0.01804275 -0.03406492 -0.0005526
v 0.01775831 -0.03419492 -0.000402
v 0.01736799 -0.03355762 -0.000402
v 0.01761306 -0.03336333 -0.0005526
v 0.01683651 -0.03303224 -0.000402
v 0.01159133 -0.03446162 -0.00440199
v 0.01267416 -0.03489073 -0.000402
v 0.01189289 -0.03605995 -0.000402
v 0.01555779 -0.03774119 -0.000402
v 0.01329312 -0.0371484 -0.000402
v 0.0180342 -0.0356528 -0.000402
v 0.0172035 -0.03607633 -0.000402
v 0.01790375 -0.03638865 -0.000402
v 0.01431987 -0.03322587 -0.000402
v 0.01447782 -0.03380198 -0.00091934
v 0.01325206 -0.035042 -0.00091934
v 0.01325206 -0.035042 -0.002402
v 0.01447782 -0.03380198 -0.002402
v 0.01211935 -0.03677214 -0.000402
v 0.01587819 -0.03843778 -0.000402
v 0.0151439 -0.03857674 -0.000402
v 0.01399947 -0.03252928 -0.000402
v 0.0166256 -0.03592506 -0.002402
v 0.0166256 -0.03592506 -0.00091934
v 0.01616459 -0.03424351 -0.00091934
v 0.01616459 -0.03424351 -0.002402
v 0.01658453 -0.03381867 -0.000402
v 0.01619473 -0.03264933 -0.000402
v 0.01539984 -0.03716508 -0.00091934
v 0.01539984 -0.03716508 -0.002402
v 0.01547997 -0.03243113 -0.000402
v 0.01473376 -0.03239032 -0.000402
v 0.01227668 -0.03389515 -0.000402
v 0.01553456 -0.0321232 -0.0005526
v 0.01471307 -0.03207827 -0.0005526
v 0.01820285 -0.03647996 -0.0005526
v 0.01183492 -0.03690214 -0.0005526
v 0.0139047 -0.03223125 -0.0005526
v 0.01516459 -0.03888879 -0.0005526
v 0.01834647 -0.03566987 -0.0005526
v 0.01597296 -0.03873581 -0.0005526
v 0.01193317 -0.0336902 -0.00440199
v 0.01371307 -0.03672355 -0.002402
v 0.01371307 -0.03672355 -0.00091934
v 0.01442338 -0.03360342 -0.00055352
v 0.01630932 -0.03409708 -0.00055352
v 0.01356833 -0.03686999 -0.00055352
v 0.01545427 -0.03736363 -0.00055352
v 0.01682479 -0.0359772 -0.00055352
v 0.01305287 -0.03498986 -0.00055352
v 0.02445249 -0.02898295 -0.000802
v 0.02407875 -0.0282265 -0.000802
v 0.02407875 -0.0282265 -0.00440199
v 0.02445249 -0.02898295 -0.00440199
v 0.03068253 -0.02590483 -0.000802
v 0.03086439 -0.02672876 -0.000802
v 0.03086439 -0.02672876 -0.00440199
v 0.03068253 -0.02590483 -0.00440199
v 0.0274661 -0.02356671 -0.000802
v 0.02830099 -0.02368884 -0.000802
v 0.02830099 -0.02368884 -0.00440199
v 0.0274661 -0.02356671 -0.00440199
v 0.03030878 -0.02514838 -0.000802
v 0.03030878 -0.02514838 -0.00440199
v 0.03084378 -0.02757226 -0.000802
v 0.03084378 -0.02757226 -0.00440199
v 0.02499643 -0.029628 -0.000802
v 0.02499643 -0.029628 -0.00440199
v 0.02413937 -0.025745 -0.000802
v 0.0245496 -0.02500769 -0.000802
v 0.0245496 -0.02500769 -0.00440199
v 0.02413937 -0.025745 -0.00440199
v 0.02512438 -0.02438998 -0.000802
v 0.02512438 -0.02438998 -0.00440199
v 0.02662627 -0.02364793 -0.000802
v 0.02662627 -0.02364793 -0.00440199
v 0.02908236 -0.02400722 -0.000802
v 0.02908236 -0.02400722 -0.00440199
v 0.02976485 -0.02450334 -0.000802
v 0.02976485 -0.02450334 -0.00440199
v 0.03062191 -0.02838633 -0.000802
v 0.03021166 -0.02912364 -0.000802
v 0.03021166 -0.02912364 -0.00440199
v 0.03062191 -0.02838633 -0.00440199
v 0.0296369 -0.02974135 -0.000802
v 0.02893101 -0.03020356 -0.000802
v 0.02893101 -0.03020356 -0.00440199
v 0.0296369 -0.02974135 -0.00440199
v 0.028135 -0.0304834 -0.000802
v 0.028135 -0.0304834 -0.00440199
v 0.02729517 -0.03056462 -0.000802
v 0.0264603 -0.03044249 -0.000802
v 0.0264603 -0.03044249 -0.00440199
v 0.02729517 -0.03056462 -0.00440199
v 0.02567891 -0.03012411 -0.000802
v 0.02567891 -0.03012411 -0.00440199
v 0.02422018 -0.02577793 -0.0005526
v 0.02462019 -0.025059 -0.0005526
v 0.0281162 -0.03039818 -0.0005526
v 0.02804879 -0.0300928 -0.000402
v 0.02730493 -0.03016474 -0.000402
v 0.0272973 -0.03047738 -0.0005526
v 0.02416108 -0.02819755 -0.0005526
v 0.02445611 -0.02809383 -0.000402
v 0.02429503 -0.02736407 -0.000402
v 0.02398375 -0.02739417 -0.0005526
v 0.02746397 -0.02365395 -0.0005526
v 0.02827803 -0.02377303 -0.0005526
v 0.02452551 -0.02893515 -0.0005526
v 0.03054109 -0.0283534 -0.0005526
v 0.03025147 -0.0282354 -0.000402
v 0.02988812 -0.02888844 -0.000402
v 0.03014109 -0.02907233 -0.0005526
v 0.03075743 -0.02755964 -0.0005526
v 0.030448 -0.02751437 -0.000402
v 0.02587339 -0.02977458 -0.000402
v 0.02572134 -0.03004786 -0.0005526
v 0.02648325 -0.0303583 -0.0005526
v 0.02656548 -0.03005657 -0.000402
v 0.02583027 -0.02392777 -0.000802
v 0.02583027 -0.02392777 -0.00440199
v 0.02400384 -0.0265717 -0.0005526
v 0.0239175 -0.02655906 -0.000802
v 0.02389689 -0.02740257 -0.000802
v 0.0245098 -0.02589593 -0.000402
v 0.02487315 -0.02524289 -0.000402
v 0.02997413 -0.02536749 -0.000402
v 0.03023577 -0.02519618 -0.0005526
v 0.0297054 -0.02456722 -0.0005526
v 0.02949236 -0.02479617 -0.000402
v 0.02888788 -0.02435675 -0.000402
v 0.02903993 -0.02408347 -0.0005526
v 0.0281958 -0.02407476 -0.000402
v 0.02389689 -0.02740257 -0.00440199
v 0.0250615 -0.02738464 -0.000402
v 0.02478714 -0.02876384 -0.000402
v 0.02881645 -0.0289146 -0.000402
v 0.02649732 -0.02923358 -0.000402
v 0.03030516 -0.0260375 -0.000402
v 0.02969977 -0.02674669 -0.000402
v 0.03046624 -0.02676727 -0.000402
v 0.02594482 -0.02521673 -0.000402
v 0.02631122 -0.02568854 -0.00091934
v 0.0256533 -0.02730325 -0.00091934
v 0.0256533 -0.02730325 -0.002402
v 0.02631122 -0.02568854 -0.002402
v 0.02526891 -0.02933516 -0.000402
v 0.02937904 -0.02943555 -0.000402
v 0.02875382 -0.02984494 -0.000402
v 0.02538224 -0.02469577 -0.000402
v 0.02910797 -0.02682809 -0.002402
v 0.02910797 -0.02682809 -0.00091934
v 0.02803855 -0.02545096 -0.00091934
v 0.02803855 -0.02545096 -0.002402
v 0.02826396 -0.02489774 -0.000402
v 0.02745634 -0.02396659 -0.000402
v 0.02845006 -0.02844279 -0.00091934
v 0.02845006 -0.02844279 -0.002402
v 0.02671248 -0.02403853 -0.000402
v 0.02600746 -0.02428639 -0.000402
v 0.02431329 -0.02661696 -0.000402
v 0.02664508 -0.02373315 -0.0005526
v 0.02586892 -0.02400601 -0.0005526
v 0.03077752 -0.02673716 -0.0005526
v 0.02505587 -0.02956411 -0.0005526
v 0.02518063 -0.0244567 -0.0005526
v 0.02889235 -0.03012532 -0.0005526
v 0.0306002 -0.02593378 -0.0005526
v 0.02958064 -0.02967463 -0.0005526
v 0.0239175 -0.02655906 -0.00440199
v 0.02672273 -0.02868037 -0.002402
v 0.02672273 -0.02868037 -0.00091934
v 0.02618494 -0.02552593 -0.00055353
v 0.02811624 -0.02526028 -0.00055353
v 0.02664503 -0.02887105 -0.00055353
v 0.02857633 -0.02860541 -0.00055353
v 0.02931195 -0.02680003 -0.00055353
v 0.02544932 -0.0273313 -0.00055353
vn -0.55554 -0.81487 0.16542
vn -0.7344 -0.65825 0.16542
vn -0.74466 -0.66744 0
vn -0.56329 -0.82626 0
vn 0.7344 0.65825 0.16542
vn 0.87059 0.46337 0.16542
vn 0.88275 0.46984 0
vn 0.74466 0.66744 0
vn -0.35505 0.9201 0.16542
vn -0.12454 0.97833 0.16542
vn -0.12628 0.99199 0
vn -0.36001 0.93295 0
vn 0.55553 0.81487 0.16542
vn 0.56329 0.82626 0
vn 0.95618 0.24155 0.16542
vn 0.96954 0.24493 0
vn -0.34438 -0.92414 0.16542
vn -0.34919 -0.93705 0
vn -0.98621 -0.0057 0.16541
vn -0.95892 0.23048 0.16541
vn -0.97231 0.2337 0
vn -0.99998 -0.00578 0
vn -0.87589 0.45326 0.16542
vn -0.88813 0.45959 0
vn -0.56492 0.80839 0.16542
vn -0.57282 0.81968 0
vn 0.11321 0.9797 0.16542
vn 0.11479 0.99339 0
vn 0.34438 0.92414 0.16542
vn 0.34919 0.93705 0
vn 0.98621 0.0057 0.16541
vn 0.95892 -0.23048 0.16541
vn 0.97231 -0.2337 0
vn 0.99998 0.00578 0
vn 0.87589 -0.45326 0.16541
vn 0.74197 -0.64971 0.16542
vn 0.75233 -0.65878 0
vn 0.88813 -0.45959 0
vn 0.56492 -0.80839 0.16542
vn 0.57282 -0.81968 0
vn 0.35505 -0.9201 0.16542
vn 0.12454 -0.97833 0.16542
vn 0.12628 -0.992 0
vn 0.36001 -0.93295 0
vn -0.11321 -0.9797 0.16542
vn -0.11479 -0.99339 0
vn -0.75814 -0.00438 0.65208
vn -0.73716 0.17718 0.65208
vn 0.43428 -0.62144 0.65208
vn 0.1367 -0.19562 0.9711
vn 0.08592 -0.22265 0.9711
vn 0.27294 -0.70731 0.65208
vn -0.56456 -0.50602 0.65208
vn -0.17772 -0.15929 0.9711
vn -0.21067 -0.11213 0.9711
vn -0.66925 -0.35621 0.65209
vn -0.27294 0.70731 0.65208
vn -0.09574 0.75208 0.65208
vn -0.42706 -0.62642 0.65208
vn 0.75814 0.00439 0.65208
vn 0.23865 0.00138 0.9711
vn 0.23205 -0.05577 0.9711
vn 0.73716 -0.17718 0.65208
vn 0.73506 0.18569 0.65208
vn 0.23139 0.05845 0.9711
vn -0.0274 -0.23708 0.9711
vn -0.08703 -0.75314 0.65208
vn 0.09574 -0.75208 0.65208
vn 0.03014 -0.23675 0.9711
vn -0.74197 0.6497 0.16542
vn -0.75234 0.65878 0
vn -0.73506 -0.18569 0.65208
vn -0.95618 -0.24155 0.16542
vn -0.87059 -0.46337 0.16542
vn -0.23865 -0.00138 0.9711
vn -0.23205 0.05577 0.9711
vn 0.13443 0.19719 0.9711
vn 0.42706 0.62642 0.65208
vn 0.26474 0.71042 0.65208
vn 0.08334 0.22363 0.9711
vn 0.0274 0.23708 0.9711
vn 0.08703 0.75313 0.65208
vn -0.03014 0.23675 0.9711
vn -0.88275 -0.46984 0
vn 0.1065 0.06231 0.99236
vn -0.13443 -0.19719 0.9711
vn -0.10721 0.06107 0.99236
vn -0.00071 0.12338 0.99236
vn 0.17772 0.15929 0.9711
vn -0.1065 -0.06231 0.99236
vn 0.21067 0.11213 0.9711
vn 0.10721 -0.06107 0.99236
vn 0.97045 0.00561 0.24123
vn 0.97045 0.00561 0.24123
vn 0.99998 0.00578 0
vn 0.99998 0.00578 0
vn -0.08334 -0.22363 0.9711
vn 0.21196 -0.10968 0.9711
vn 0.17955 -0.15722 0.9711
vn -0.21196 0.10968 0.9711
vn -0.49498 -0.8689 0
vn -0.48036 -0.84324 0.24124
vn -0.48036 -0.84324 0.24124
vn 0.00071 -0.12338 0.99236
vn -0.08592 0.22265 0.9711
vn -0.97045 -0.00561 0.24123
vn -0.97045 -0.00561 0.24123
vn -0.99998 -0.00578 0
vn -0.99998 -0.00578 0
vn -0.1367 0.19562 0.9711
vn -0.17955 0.15722 0.9711
vn -0.23139 -0.05845 0.9711
vn -0.43428 0.62144 0.65208
vn -0.57038 0.49945 0.65208
vn 0.66925 0.35621 0.65209
vn -0.26474 -0.71042 0.65208
vn -0.67333 0.34844 0.65208
vn 0.57038 -0.49945 0.65208
vn 0.56456 0.50602 0.65208
vn 0.67334 -0.34844 0.65208
vn 0.49009 -0.83763 0.24123
vn 0.49009 -0.83763 0.24123
vn 0.505 -0.86312 0
vn -0.96954 -0.24493 0
vn -0.505 0.86312 0
vn -0.49009 0.83763 0.24123
vn -0.49009 0.83763 0.24123
vn 0.49498 0.8689 0
vn 0.48036 0.84324 0.24124
vn 0.48036 0.84324 0.24124
vn -0 0 1
vn -0 0 1
vn -0 0 1
vn 0.50536 -0.28789 0.81347
vn 0.00337 -0.5816 0.81347
vn -0.00337 0.5816 0.81347
vn -0.50536 0.28789 0.81347
vn -0.50199 -0.29371 0.81347
vn 0.50199 0.29371 0.81347
vn -0.20141 -0.96544 0.16542
vn -0.4266 -0.88918 0.16542
vn -0.43256 -0.90161 0
vn -0.20422 -0.97892 0
vn 0.4266 0.88918 0.16542
vn 0.627 0.76125 0.16543
vn 0.63576 0.77189 -0
vn 0.43256 0.90161 0
vn -0.68013 0.71419 0.16542
vn -0.48945 0.8562 0.16542
vn -0.49628 0.86816 -0
vn -0.68963 0.72416 -0
vn 0.20141 0.96544 0.16542
vn 0.20422 0.97892 0
vn 0.79096 0.58908 0.16542
vn 0.80201 0.59731 -0
vn 0.03549 -0.98558 0.16542
vn 0.03599 -0.99935 0
vn -0.90895 -0.38268 0.16541
vn -0.97412 -0.15403 0.16541
vn -0.98773 -0.15618 0
vn -0.92165 -0.38802 0
vn -0.98268 0.08357 0.16542
vn -0.9964 0.08474 -0
vn -0.83128 0.53067 0.16543
vn -0.84289 0.53808 -0
vn -0.27032 0.94845 0.16542
vn -0.2741 0.9617 -0
vn -0.03549 0.98558 0.16542
vn -0.03599 0.99935 -0
vn 0.90895 0.38267 0.16541
vn 0.97412 0.15403 0.16541
vn 0.98773 0.15618 -0
vn 0.92165 0.38802 -0
vn 0.98268 -0.08357 0.16542
vn 0.93412 -0.31631 0.16542
vn 0.94717 -0.32073 0
vn 0.9964 -0.08474 0
vn 0.83128 -0.53067 0.16542
vn 0.84289 -0.53808 0
vn 0.68013 -0.71419 0.16542
vn 0.48945 -0.8562 0.16542
vn 0.49629 -0.86816 0
vn 0.68963 -0.72416 0
vn 0.27032 -0.94845 0.16542
vn 0.2741 -0.9617 0
vn -0.69875 -0.29418 0.65208
vn -0.74885 -0.11841 0.65208
vn 0.63904 -0.40794 0.65208
vn 0.20116 -0.12842 0.9711
vn 0.16458 -0.17283 0.9711
vn 0.52284 -0.54902 0.65208
vn -0.32794 -0.68355 0.65208
vn -0.10323 -0.21517 0.9711
vn -0.15173 -0.18421 0.9711
vn -0.482 -0.5852 0.65209
vn -0.52284 0.54902 0.65209
vn -0.37625 0.65819 0.65209
vn -0.15483 -0.74217 0.65208
vn 0.69875 0.29418 0.65208
vn 0.21996 0.0926 0.9711
vn 0.23573 0.03727 0.9711
vn 0.74885 0.11841 0.65208
vn 0.60804 0.45285 0.65209
vn 0.1914 0.14255 0.9711
vn 0.06542 -0.22952 0.9711
vn 0.2078 -0.72911 0.65209
vn 0.37626 -0.65819 0.65209
vn 0.11844 -0.20719 0.9711
vn -0.93412 0.31631 0.16542
vn -0.94717 0.32073 -0
vn -0.60804 -0.45285 0.65208
vn -0.79096 -0.58908 0.16542
vn -0.627 -0.76125 0.16542
vn -0.21996 -0.0926 0.9711
vn -0.23573 -0.03727 0.9711
vn 0.04874 0.23362 0.9711
vn 0.15483 0.74217 0.65208
vn -0.02728 0.75766 0.65208
vn -0.00859 0.2385 0.9711
vn -0.06542 0.22951 0.9711
vn -0.20781 0.72911 0.65208
vn -0.11844 0.20719 0.9711
vn -0.63576 -0.77189 0
vn 0.07455 0.09832 0.99236
vn -0.04874 -0.23363 0.9711
vn -0.12242 0.0154 0.99236
vn -0.04788 0.11372 0.99236
vn 0.10323 0.21517 0.9711
vn -0.07455 -0.09832 0.99236
vn 0.15173 0.18421 0.9711
vn 0.12242 -0.0154 0.99236
vn 0.89443 0.37656 0.24123
vn 0.89443 0.37656 0.24123
vn 0.92165 0.38802 -0
vn 0.00859 -0.2385 0.9711
vn 0.2378 -0.02022 0.9711
vn 0.22605 -0.07654 0.9711
vn -0.23779 0.02022 0.9711
vn -0.12479 -0.99218 0
vn -0.1211 -0.96288 0.24124
vn -0.1211 -0.96288 0.24124
vn -0.12479 -0.99218 0
vn 0.04788 -0.11372 0.99236
vn -0.16458 0.17282 0.9711
vn -0.89443 -0.37656 0.24124
vn -0.89443 -0.37656 0.24124
vn -0.92165 -0.38802 0
vn -0.20116 0.12842 0.9711
vn -0.22605 0.07654 0.9711
vn -0.1914 -0.14255 0.9711
vn -0.63903 0.40794 0.65209
vn -0.71809 0.24316 0.65209
vn 0.48199 0.5852 0.65209
vn 0.02728 -0.75765 0.65209
vn -0.75542 0.06424 0.65208
vn 0.71809 -0.24316 0.65208
vn 0.32794 0.68355 0.65209
vn 0.75542 -0.06424 0.65208
vn 0.77333 -0.58632 0.24123
vn 0.77333 -0.58632 0.24123
vn 0.79686 -0.60416 0
vn 0.79686 -0.60416 0
vn -0.80201 -0.59731 0
vn -0.79686 0.60416 -0
vn -0.79686 0.60416 -0
vn -0.77333 0.58632 0.24123
vn -0.77333 0.58632 0.24123
vn 0.12479 0.99218 -0
vn 0.12479 0.99218 -0
vn 0.1211 0.96288 0.24124
vn 0.1211 0.96288 0.24124
vn 0 0 1
vn 0 0 1
vn 0 0 1
vn 0 0 1
vn 0 0 1
vn 0.57706 -0.07258 0.81347
vn 0.22568 -0.53604 0.81347
vn -0.22567 0.53604 0.81347
vn -0.57706 0.07258 0.81347
vn -0.35138 -0.46346 0.81347
vn 0.35138 0.46346 0.81347
vn 0.18338 -0.96902 0.16542
vn -0.05385 -0.98475 0.16542
vn -0.0546 -0.99851 0
vn 0.18594 -0.98256 0
vn 0.05385 0.98475 0.16542
vn 0.28795 0.94325 0.16542
vn 0.29197 0.95643 0
vn 0.0546 0.99851 0
vn -0.90166 0.39955 0.16542
vn -0.77984 0.60372 0.16542
vn -0.79074 0.61216 0
vn -0.91426 0.40513 0
vn -0.18338 0.96902 0.16542
vn -0.18594 0.98256 0
vn 0.50532 0.84693 0.16542
vn 0.51238 0.85876 0
vn 0.40996 -0.89698 0.16542
vn 0.41568 -0.90951 0
vn -0.69332 -0.70139 0.16541
vn -0.84103 -0.51509 0.16541
vn -0.85277 -0.52228 0
vn -0.70301 -0.71118 0
vn -0.93986 -0.29885 0.16541
vn -0.95298 -0.30303 0
vn -0.97108 0.17216 0.16542
vn -0.98465 0.17456 0
vn -0.6127 0.77281 0.16542
vn -0.62126 0.7836 0
vn -0.40996 0.89698 0.16542
vn -0.41568 0.90951 0
vn 0.69332 0.70139 0.16541
vn 0.84103 0.51508 0.16542
vn 0.85277 0.52228 0
vn 0.703 0.71119 0
vn 0.93985 0.29885 0.16542
vn 0.98406 0.06524 0.16542
vn 0.99781 0.06615 0
vn 0.95298 0.30302 0
vn 0.97108 -0.17216 0.16542
vn 0.98465 -0.17457 0
vn 0.90166 -0.39955 0.16542
vn 0.77985 -0.60372 0.16542
vn 0.79074 -0.61215 0
vn 0.91426 -0.40513 0
vn 0.6127 -0.77281 0.16542
vn 0.62126 -0.7836 0
vn -0.53299 -0.53919 0.65208
vn -0.64653 -0.39597 0.65208
vn 0.74651 -0.13234 0.65208
vn 0.23499 -0.04166 0.9711
vn 0.21819 -0.09669 0.9711
vn 0.69314 -0.30715 0.65208
vn -0.0414 -0.75701 0.65209
vn -0.01303 -0.2383 0.9711
vn -0.06968 -0.22826 0.9711
vn -0.22136 -0.72511 0.65209
vn -0.69314 0.30715 0.65208
vn -0.59949 0.4641 0.65208
vn 0.14097 -0.74492 0.65208
vn 0.53299 0.53918 0.65208
vn 0.16777 0.16973 0.9711
vn 0.20352 0.12464 0.9711
vn 0.64653 0.39597 0.65208
vn 0.38846 0.65107 0.65208
vn 0.12228 0.20495 0.9711
vn 0.14827 -0.18701 0.9711
vn 0.47101 -0.59409 0.65208
vn 0.59949 -0.4641 0.65208
vn 0.18871 -0.14609 0.9711
vn -0.98406 -0.06524 0.16541
vn -0.99781 -0.06616 0
vn -0.38846 -0.65107 0.65208
vn -0.50532 -0.84693 0.16542
vn -0.28795 -0.94325 0.16542
vn -0.16777 -0.16973 0.9711
vn -0.20352 -0.12464 0.9711
vn -0.04438 0.23449 0.9711
vn -0.14097 0.74493 0.65208
vn -0.31515 0.68954 0.65208
vn -0.0992 0.21706 0.9711
vn -0.14827 0.18701 0.9711
vn -0.47101 0.59409 0.65208
vn -0.18871 0.14609 0.9711
vn -0.29197 -0.95643 0
vn 0.03124 0.11937 0.99236
vn 0.04438 -0.23449 0.9711
vn -0.119 -0.03262 0.99236
vn -0.08775 0.08674 0.99236
vn 0.01303 0.2383 0.9711
vn -0.03124 -0.11937 0.99236
vn 0.06968 0.22825 0.9711
vn 0.11899 0.03262 0.99236
vn 0.68225 0.69018 0.24123
vn 0.68225 0.69018 0.24123
vn 0.70301 0.71118 0
vn 0.09921 -0.21706 0.9711
vn 0.22743 0.07232 0.9711
vn 0.23813 0.01579 0.9711
vn -0.22743 -0.07232 0.97111
vn 0.2644 -0.96441 0
vn 0.25659 -0.93593 0.24124
vn 0.25659 -0.93593 0.24124
vn 0.08775 -0.08674 0.99236
vn -0.21819 0.09669 0.9711
vn -0.68225 -0.69018 0.24123
vn -0.68225 -0.69018 0.24123
vn -0.23499 0.04166 0.9711
vn -0.23813 -0.01579 0.9711
vn -0.12228 -0.20495 0.9711
vn -0.74651 0.13234 0.65208
vn -0.75649 -0.05015 0.65208
vn 0.22136 0.72511 0.65208
vn 0.31515 -0.68954 0.65208
vn -0.72251 -0.22974 0.65208
vn 0.75648 0.05015 0.65209
vn 0.0414 0.75702 0.65208
vn 0.7225 0.22973 0.65208
vn 0.93884 -0.24575 0.24123
vn 0.93884 -0.24575 0.24123
vn 0.96741 -0.25323 0
vn 0.96741 -0.25323 0
vn -0.51238 -0.85876 0
vn -0.96741 0.25322 0
vn -0.96741 0.25322 0
vn -0.93884 0.24574 0.24123
vn -0.93884 0.24574 0.24123
vn -0.2644 0.96441 0
vn -0.25659 0.93593 0.24124
vn -0.25659 0.93593 0.24124
vn -0 0 1
vn -0 0 1
vn 0.56091 0.15378 0.81347
vn 0.41363 -0.40887 0.81347
vn -0.41363 0.40887 0.81347
vn -0.56091 -0.15378 0.81347
vn -0.14728 -0.56265 0.81347
vn 0.14728 0.56265 0.81347
vn 0.54025 -0.82509 0.16542
vn 0.32709 -0.9304 0.16542
vn 0.33166 -0.9434 0
vn 0.5478 -0.83661 0
vn -0.3271 0.9304 0.16542
vn -0.09493 0.98164 0.16542
vn -0.09626 0.99536 0
vn -0.33166 0.9434 0
vn -0.98593 0.02408 0.16542
vn -0.95151 0.25933 0.16542
vn -0.96481 0.26296 0
vn -0.9997 0.02441 0
vn -0.54025 0.82509 0.16542
vn -0.5478 0.83661 0
vn 0.14275 0.97584 0.16543
vn 0.14475 0.98947 0
vn 0.72201 -0.67182 0.16542
vn 0.73209 -0.6812 0
vn -0.37214 -0.91332 0.16541
vn -0.57989 -0.79772 0.16541
vn -0.58799 -0.80887 0
vn -0.37734 -0.92608 0
vn -0.75395 -0.63577 0.16541
vn -0.76448 -0.64465 0
vn -0.96304 -0.21257 0.16541
vn -0.9765 -0.21554 0
vn -0.8618 0.47951 0.16542
vn -0.87384 0.48621 0
vn -0.72201 0.67182 0.16542
vn -0.7321 0.6812 0
vn 0.37214 0.91332 0.16542
vn 0.5799 0.79772 0.16541
vn 0.58799 0.80886 0
vn 0.37734 0.92608 0
vn 0.75395 0.63577 0.16542
vn 0.88419 0.43686 0.16542
vn 0.89654 0.44296 0
vn 0.76448 0.64465 0
vn 0.96304 0.21257 0.16542
vn 0.9765 0.21553 0
vn 0.98593 -0.02408 0.16541
vn 0.95152 -0.25933 0.16542
vn 0.96481 -0.26295 0
vn 0.9997 -0.02442 0
vn 0.86181 -0.47951 0.16542
vn 0.87384 -0.48621 0
vn -0.28608 -0.7021 0.65208
vn -0.44579 -0.61324 0.65207
vn 0.74033 0.16341 0.65208
vn 0.23305 0.05144 0.9711
vn 0.23858 -0.00583 0.9711
vn 0.75792 -0.01852 0.65208
vn 0.25145 -0.71523 0.65208
vn 0.07915 -0.22515 0.9711
vn 0.02297 -0.23755 0.9711
vn 0.07298 -0.75463 0.65208
vn -0.75792 0.01851 0.65209
vn -0.73146 0.19936 0.65209
vn 0.41531 -0.63427 0.65208
vn 0.28608 0.7021 0.65208
vn 0.09005 0.22101 0.9711
vn 0.14033 0.19304 0.9711
vn 0.44579 0.61324 0.65208
vn 0.10974 0.75016 0.65209
vn 0.03454 0.23614 0.9711
vn 0.20855 -0.11603 0.9711
vn 0.6625 -0.36862 0.65208
vn 0.73147 -0.19936 0.65208
vn 0.23026 -0.06276 0.9711
vn -0.88419 -0.43686 0.16541
vn -0.89654 -0.44296 0
vn -0.10974 -0.75016 0.65209
vn -0.14275 -0.97584 0.16542
vn 0.09494 -0.98164 0.16542
vn -0.09005 -0.22101 0.97111
vn -0.14033 -0.19304 0.9711
vn -0.13074 0.19966 0.9711
vn -0.41531 0.63427 0.65208
vn -0.55503 0.51645 0.65209
vn -0.17472 0.16257 0.9711
vn -0.20855 0.11604 0.9711
vn -0.6625 0.36862 0.65209
vn -0.23026 0.06276 0.9711
vn 0.09626 -0.99536 0
vn -0.01681 0.12224 0.99236
vn 0.13074 -0.19966 0.9711
vn -0.09745 -0.07568 0.99236
vn -0.11427 0.04656 0.99236
vn -0.07915 0.22515 0.9711
vn 0.01681 -0.12223 0.99236
vn -0.02297 0.23755 0.9711
vn 0.09745 0.07568 0.99236
vn 0.3662 0.89873 0.24123
vn 0.3662 0.89873 0.24123
vn 0.37734 0.92608 0
vn 0.17472 -0.16257 0.9711
vn 0.18245 0.15385 0.9711
vn 0.21396 0.10571 0.9711
vn -0.18245 -0.15385 0.9711
vn 0.61334 -0.78982 0
vn 0.59523 -0.76649 0.24123
vn 0.59523 -0.76649 0.24123
vn 0.11427 -0.04656 0.99236
vn -0.23858 0.00583 0.9711
vn -0.36619 -0.89873 0.24123
vn -0.36619 -0.89873 0.24123
vn -0.37733 -0.92608 0
vn -0.23304 -0.05144 0.9711
vn -0.21396 -0.10571 0.9711
vn -0.03454 -0.23614 0.9711
vn -0.74033 -0.16341 0.65208
vn -0.67972 -0.33583 0.65207
vn -0.07298 0.75462 0.65209
vn 0.55504 -0.51645 0.65208
vn -0.5796 -0.48874 0.65207
vn 0.67971 0.33583 0.65208
vn -0.25145 0.71524 0.65208
vn 0.57959 0.48874 0.65208
vn 0.96142 0.13224 0.24123
vn 0.96142 0.13224 0.24123
vn 0.99067 0.13626 0
vn 0.99067 0.13626 0
vn -0.14474 -0.98947 0
vn -0.99067 -0.13626 0
vn -0.99067 -0.13626 0
vn -0.96142 -0.13224 0.24123
vn -0.96142 -0.13224 0.24123
vn -0.61334 0.78982 0
vn -0.59523 0.76649 0.24124
vn -0.59523 0.76649 0.24124
vn -0 0 1
vn -0 0 1
vn -0 0 1
vn 0.45937 0.35672 0.81347
vn 0.53861 -0.21946 0.81347
vn -0.53861 0.21946 0.81347
vn -0.45937 -0.35672 0.81347
vn 0.07925 -0.57618 0.81347
vn -0.07925 0.57618 0.81347
vn 0.81487 -0.55554 0.16542
vn 0.65825 -0.7344 0.16542
vn 0.66744 -0.74466 0
vn 0.82626 -0.5633 0
vn -0.65825 0.7344 0.16542
vn -0.46337 0.87059 0.16542
vn -0.46984 0.88275 0
vn -0.66744 0.74466 0
vn -0.9201 -0.35505 0.16542
vn -0.97833 -0.12454 0.16542
vn -0.992 -0.12628 0
vn -0.93295 -0.36001 0
vn -0.81487 0.55553 0.16542
vn -0.82626 0.5633 0
vn -0.24155 0.95618 0.16542
vn -0.24493 0.96954 0
vn 0.92414 -0.34438 0.16542
vn 0.93705 -0.34919 0
vn 0.0057 -0.98621 0.16541
vn -0.23048 -0.95891 0.16541
vn -0.2337 -0.97231 0
vn 0.00578 -0.99998 0
vn -0.45326 -0.8759 0.16542
vn -0.45959 -0.88813 0
vn -0.80839 -0.56493 0.16542
vn -0.81968 -0.57282 0
vn -0.9797 0.11321 0.16542
vn -0.99339 0.11479 0
vn -0.92414 0.34438 0.16542
vn -0.93705 0.34919 0
vn -0.0057 0.98621 0.16541
vn 0.23048 0.95892 0.16541
vn 0.2337 0.97231 0
vn -0.00578 0.99998 0
vn 0.45326 0.87589 0.16541
vn 0.64971 0.74197 0.16542
vn 0.65878 0.75234 0
vn 0.45959 0.88813 0
vn 0.80839 0.56493 0.16542
vn 0.81968 0.57282 0
vn 0.9201 0.35505 0.16542
vn 0.97833 0.12454 0.16542
vn 0.992 0.12627 0
vn 0.93295 0.36001 0
vn 0.9797 -0.11321 0.16542
vn 0.99339 -0.11479 0
vn 0.00438 -0.75814 0.65208
vn -0.17718 -0.73716 0.65208
vn 0.62144 0.43428 0.65208
vn 0.19562 0.13671 0.9711
vn 0.22265 0.08592 0.9711
vn 0.70731 0.27294 0.65209
vn 0.50602 -0.56457 0.65208
vn 0.15929 -0.17772 0.9711
vn 0.11213 -0.21067 0.9711
vn 0.35621 -0.66925 0.65209
vn -0.70731 -0.27294 0.65209
vn -0.75208 -0.09574 0.65208
vn 0.62642 -0.42706 0.65208
vn -0.00438 0.75814 0.65208
vn -0.00138 0.23865 0.9711
vn 0.05577 0.23205 0.9711
vn 0.17718 0.73716 0.65207
vn -0.18569 0.73506 0.65208
vn -0.05845 0.23139 0.9711
vn 0.23708 -0.0274 0.9711
vn 0.75314 -0.08703 0.65208
vn 0.75208 0.09574 0.65208
vn 0.23675 0.03014 0.9711
vn -0.6497 -0.74197 0.16542
vn -0.65878 -0.75234 0
vn 0.18569 -0.73506 0.65208
vn 0.24155 -0.95618 0.16542
vn 0.46337 -0.87059 0.16542
vn 0.00138 -0.23865 0.9711
vn -0.05577 -0.23205 0.9711
vn -0.19719 0.13443 0.9711
vn -0.62642 0.42706 0.65209
vn -0.71042 0.26474 0.65208
vn -0.22363 0.08334 0.9711
vn -0.23708 0.0274 0.9711
vn -0.75314 0.08703 0.65208
vn -0.23674 -0.03014 0.9711
vn 0.46984 -0.88275 0
vn -0.06231 0.1065 0.99236
vn 0.19719 -0.13443 0.9711
vn -0.06107 -0.10721 0.99236
vn -0.12338 -0.00071 0.99236
vn -0.15929 0.17772 0.9711
vn 0.06231 -0.1065 0.99236
vn -0.11213 0.21067 0.9711
vn 0.06107 0.10721 0.99236
vn -0.00561 0.97045 0.24123
vn -0.00561 0.97045 0.24124
vn -0.00578 0.99998 0
vn 0.22363 -0.08334 0.9711
vn 0.10968 0.21196 0.9711
vn 0.15722 0.17955 0.9711
vn -0.10968 -0.21196 0.9711
vn 0.86891 -0.49498 0
vn 0.84324 -0.48036 0.24124
vn 0.84324 -0.48036 0.24124
vn 0.12339 0.00071 0.99236
vn -0.22265 -0.08592 0.9711
vn 0.00561 -0.97045 0.24123
vn 0.00561 -0.97045 0.24123
vn 0.00578 -0.99998 0
vn -0.19562 -0.1367 0.9711
vn -0.15722 -0.17955 0.9711
vn 0.05845 -0.23139 0.9711
vn -0.62144 -0.43428 0.65208
vn -0.49945 -0.57038 0.65208
vn -0.35621 0.66925 0.65208
vn 0.71042 -0.26474 0.65208
vn -0.34844 -0.67334 0.65208
vn 0.49945 0.57038 0.65208
vn -0.50602 0.56456 0.65208
vn 0.34844 0.67334 0.65208
vn 0.83763 0.49009 0.24123
vn 0.83763 0.49009 0.24123
vn 0.86312 0.505 0
vn 0.24493 -0.96954 0
vn -0.86312 -0.505 0
vn -0.83763 -0.49009 0.24123
vn -0.83763 -0.49009 0.24123
vn -0.8689 0.49498 0
vn -0.84324 0.48036 0.24123
vn -0.84324 0.48036 0.24123
vn 0 0 1
vn 0 0 1
vn 0 0 1
vn 0.28789 0.50536 0.81347
vn 0.5816 0.00336 0.81347
vn -0.5816 -0.00337 0.81347
vn -0.28789 -0.50536 0.81347
vn 0.29371 -0.502 0.81347
vn -0.29371 0.50199 0.81347
vn 0.96544 -0.20141 0.16542
vn 0.88918 -0.4266 0.16542
vn 0.90161 -0.43256 -0
vn 0.97893 -0.20422 -0
vn -0.88918 0.4266 0.16542
vn -0.76126 0.627 0.16542
vn -0.77189 0.63576 0
vn -0.9016 0.43256 0
vn -0.71419 -0.68013 0.16542
vn -0.8562 -0.48945 0.16542
vn -0.86816 -0.49629 0
vn -0.72416 -0.68963 0
vn -0.96544 0.20141 0.16542
vn -0.97892 0.20422 0
vn -0.58908 0.79096 0.16542
vn -0.59731 0.80201 0
vn 0.98558 0.03549 0.16542
vn 0.99935 0.03599 0
vn 0.38267 -0.90896 0.16541
vn 0.15403 -0.97412 0.16541
vn 0.15618 -0.98773 0
vn 0.38802 -0.92165 0
vn -0.08357 -0.98268 0.16542
vn -0.08473 -0.9964 0
vn -0.53067 -0.83128 0.16542
vn -0.53808 -0.84289 0
vn -0.94845 -0.27032 0.16542
vn -0.9617 -0.2741 0
vn -0.98558 -0.03549 0.16542
vn -0.99935 -0.03599 0
vn -0.38267 0.90895 0.16541
vn -0.15403 0.97412 0.16541
vn -0.15618 0.98773 0
vn -0.38802 0.92165 0
vn 0.08357 0.98268 0.16541
vn 0.31631 0.93412 0.16541
vn 0.32073 0.94717 0
vn 0.08474 0.9964 0
vn 0.53067 0.83128 0.16541
vn 0.53808 0.84289 0
vn 0.71419 0.68013 0.16542
vn 0.8562 0.48945 0.16542
vn 0.86816 0.49628 0
vn 0.72416 0.68963 0
vn 0.94845 0.27032 0.16542
vn 0.9617 0.2741 0
vn 0.29418 -0.69875 0.65208
vn 0.11841 -0.74885 0.65208
vn 0.40795 0.63904 0.65208
vn 0.12842 0.20116 0.9711
vn 0.17283 0.16458 0.9711
vn 0.54902 0.52284 0.65208
vn 0.68355 -0.32795 0.65208
vn 0.21517 -0.10323 0.9711
vn 0.18422 -0.15173 0.9711
vn 0.58521 -0.482 0.65208
vn -0.54902 -0.52284 0.65208
vn -0.65819 -0.37626 0.65209
vn 0.74217 -0.15483 0.65208
vn -0.29418 0.69875 0.65208
vn -0.0926 0.21996 0.9711
vn -0.03727 0.23573 0.9711
vn -0.11841 0.74885 0.65208
vn -0.45285 0.60804 0.65208
vn -0.14255 0.1914 0.9711
vn 0.22951 0.06542 0.9711
vn 0.72911 0.20781 0.65208
vn 0.65819 0.37626 0.65208
vn 0.20719 0.11844 0.9711
vn -0.31631 -0.93412 0.16543
vn -0.32073 -0.94717 0
vn 0.45285 -0.60804 0.65208
vn 0.58908 -0.79096 0.16541
vn 0.76125 -0.627 0.16542
vn 0.0926 -0.21996 0.9711
vn 0.03727 -0.23573 0.9711
vn -0.23362 0.04874 0.9711
vn -0.74217 0.15483 0.65208
vn -0.75766 -0.02728 0.65208
vn -0.2385 -0.00859 0.9711
vn -0.22951 -0.06542 0.9711
vn -0.72911 -0.20781 0.65208
vn -0.20719 -0.11844 0.9711
vn 0.77189 -0.63576 0
vn -0.09832 0.07454 0.99236
vn 0.23363 -0.04874 0.9711
vn -0.0154 -0.12242 0.99236
vn -0.11372 -0.04788 0.99236
vn -0.21517 0.10323 0.9711
vn 0.09832 -0.07454 0.99236
vn -0.18422 0.15173 0.9711
vn 0.0154 0.12242 0.99236
vn -0.37656 0.89443 0.24123
vn -0.37656 0.89443 0.24123
vn -0.38802 0.92165 -0
vn 0.2385 0.00859 0.9711
vn 0.02022 0.2378 0.9711
vn 0.07654 0.22605 0.9711
vn -0.02022 -0.2378 0.9711
vn 0.99218 -0.12478 0
vn 0.96288 -0.1211 0.24124
vn 0.96288 -0.1211 0.24124
vn 0.99218 -0.12478 0
vn 0.11372 0.04788 0.99236
vn -0.17283 -0.16458 0.9711
vn 0.37656 -0.89443 0.24123
vn 0.37656 -0.89443 0.24123
vn 0.38802 -0.92165 -0
vn 0.38802 -0.92165 -0
vn -0.12842 -0.20116 0.9711
vn -0.07654 -0.22605 0.9711
vn 0.14255 -0.1914 0.9711
vn -0.40794 -0.63903 0.65209
vn -0.24316 -0.71809 0.65209
vn -0.58521 0.482 0.65209
vn 0.75766 0.02728 0.65208
vn -0.06424 -0.75542 0.65208
vn 0.24316 0.7181 0.65208
vn -0.68355 0.32794 0.65208
vn 0.06424 0.75543 0.65208
vn 0.58632 0.77333 0.24123
vn 0.58632 0.77333 0.24123
vn 0.60416 0.79686 0
vn 0.59731 -0.80201 0
vn -0.60416 -0.79686 0
vn -0.60416 -0.79686 0
vn -0.58632 -0.77333 0.24123
vn -0.58632 -0.77333 0.24123
vn -0.99218 0.12479 0
vn -0.99218 0.12479 0
vn -0.96288 0.1211 0.24124
vn -0.96288 0.1211 0.24124
vn 0 0 1
vn 0 0 1
vn 0 0 1
vn 0 0 1
vn 0.07258 0.57706 0.81347
vn 0.53604 0.22568 0.81347
vn -0.53604 -0.22568 0.81347
vn -0.07258 -0.57706 0.81347
vn 0.46346 -0.35138 0.81347
vn -0.46346 0.35138 0.81347
vn 0.96903 0.18338 0.16541
vn 0.98475 -0.05385 0.16542
vn 0.99851 -0.0546 0
vn 0.98256 0.18594 0
vn -0.98475 0.05385 0.16542
vn -0.94325 0.28795 0.16542
vn -0.95643 0.29197 0
vn -0.99851 0.05461 0
vn -0.39955 -0.90166 0.16542
vn -0.60372 -0.77984 0.16542
vn -0.61216 -0.79074 0
vn -0.40513 -0.91426 0
vn -0.96902 -0.18338 0.16542
vn -0.98256 -0.18594 0
vn -0.84693 0.50532 0.16542
vn -0.85876 0.51238 0
vn 0.89698 0.40995 0.16542
vn 0.90951 0.41568 0
vn 0.70139 -0.69332 0.16542
vn 0.51508 -0.84103 0.16541
vn 0.52228 -0.85277 0
vn 0.71118 -0.70301 0
vn 0.29885 -0.93985 0.16542
vn 0.30302 -0.95298 0
vn -0.17216 -0.97108 0.16542
vn -0.17456 -0.98465 0
vn -0.77281 -0.6127 0.16541
vn -0.7836 -0.62126 0
vn -0.89698 -0.40996 0.16542
vn -0.90951 -0.41568 0
vn -0.70139 0.69332 0.16542
vn -0.51508 0.84103 0.16542
vn -0.52228 0.85278 0
vn -0.71118 0.70301 0
vn -0.29885 0.93986 0.16541
vn -0.06524 0.98406 0.16542
vn -0.06615 0.99781 0
vn -0.30302 0.95298 0
vn 0.17216 0.97108 0.16542
vn 0.17456 0.98465 0
vn 0.39955 0.90166 0.16542
vn 0.60372 0.77984 0.16542
vn 0.61215 0.79074 0
vn 0.40513 0.91426 0
vn 0.77281 0.6127 0.16542
vn 0.7836 0.62126 0
vn 0.53918 -0.53298 0.65208
vn 0.39597 -0.64653 0.65208
vn 0.13234 0.74651 0.65208
vn 0.04166 0.23499 0.9711
vn 0.09669 0.2182 0.9711
vn 0.30715 0.69314 0.65209
vn 0.75702 -0.0414 0.65208
vn 0.2383 -0.01303 0.9711
vn 0.22826 -0.06968 0.9711
vn 0.72511 -0.22136 0.65208
vn -0.30715 -0.69314 0.65209
vn -0.4641 -0.5995 0.65208
vn 0.74493 0.14097 0.65208
vn -0.53918 0.53298 0.65208
vn -0.16973 0.16778 0.9711
vn -0.12465 0.20352 0.9711
vn -0.39597 0.64653 0.65208
vn -0.65107 0.38846 0.65209
vn -0.20495 0.12228 0.9711
vn 0.18701 0.14827 0.9711
vn 0.59409 0.47101 0.65208
vn 0.4641 0.59949 0.65209
vn 0.14609 0.18871 0.9711
vn 0.06524 -0.98406 0.16542
vn 0.06615 -0.99781 0
vn 0.65106 -0.38846 0.65208
vn 0.84693 -0.50532 0.16542
vn 0.94325 -0.28795 0.16542
vn 0.16973 -0.16777 0.9711
vn 0.12464 -0.20352 0.9711
vn -0.2345 -0.04438 0.9711
vn -0.74493 -0.14097 0.65208
vn -0.68954 -0.31515 0.65208
vn -0.21706 -0.0992 0.9711
vn -0.18701 -0.14827 0.9711
vn -0.59409 -0.47101 0.65208
vn -0.14609 -0.18871 0.9711
vn 0.95643 -0.29197 0
vn -0.11937 0.03124 0.99236
vn 0.23449 0.04438 0.9711
vn 0.03262 -0.11899 0.99236
vn -0.08674 -0.08775 0.99236
vn -0.2383 0.01303 0.9711
vn 0.11937 -0.03124 0.99236
vn -0.22825 0.06968 0.9711
vn -0.03262 0.119 0.99236
vn -0.69018 0.68225 0.24123
vn -0.69018 0.68225 0.24123
vn -0.71118 0.70301 0
vn 0.21706 0.09921 0.9711
vn -0.07232 0.22743 0.9711
vn -0.01579 0.23813 0.9711
vn 0.07232 -0.22743 0.9711
vn 0.96441 0.2644 0
vn 0.93593 0.25659 0.24124
vn 0.93593 0.25659 0.24124
vn 0.08674 0.08775 0.99236
vn -0.09669 -0.21819 0.9711
vn 0.69018 -0.68225 0.24123
vn 0.69018 -0.68225 0.24123
vn 0.71119 -0.703 0
vn -0.04166 -0.23499 0.9711
vn 0.01579 -0.23813 0.9711
vn 0.20495 -0.12228 0.9711
vn -0.13234 -0.7465 0.65209
vn 0.05015 -0.75648 0.65209
vn -0.72511 0.22136 0.65208
vn 0.68954 0.31515 0.65208
vn 0.22973 -0.7225 0.65209
vn -0.05015 0.75649 0.65208
vn -0.75702 0.0414 0.65208
vn -0.22973 0.72251 0.65208
vn 0.24575 0.93884 0.24123
vn 0.24575 0.93884 0.24123
vn 0.25322 0.96741 0
vn 0.85876 -0.51238 0
vn -0.25323 -0.96741 0
vn -0.24575 -0.93884 0.24123
vn -0.24575 -0.93884 0.24123
vn -0.96441 -0.26441 0
vn -0.96441 -0.26441 0
vn -0.93593 -0.2566 0.24124
vn -0.93593 -0.2566 0.24124
vn 0 0 1
vn 0 0 1
vn 0 0 1
vn -0.15378 0.56091 0.81347
vn 0.40887 0.41363 0.81347
vn -0.40887 -0.41363 0.81347
vn 0.15378 -0.56091 0.81347
vn 0.56265 -0.14728 0.81347
vn -0.56265 0.14728 0.81347
vn 0.82508 0.54025 0.16542
vn 0.9304 0.32709 0.16542
vn 0.9434 0.33166 0
vn 0.83661 0.5478 0
vn -0.9304 -0.3271 0.16542
vn -0.98164 -0.09493 0.16542
vn -0.99536 -0.09626 0
vn -0.9434 -0.33167 0
vn -0.02408 -0.98593 0.16542
vn -0.25933 -0.95152 0.16542
vn -0.26296 -0.96481 0
vn -0.02442 -0.9997 0
vn -0.82509 -0.54025 0.16542
vn -0.83661 -0.5478 0
vn -0.97584 0.14275 0.16542
vn -0.98947 0.14475 0
vn 0.67182 0.72201 0.16542
vn 0.6812 0.7321 0
vn 0.91332 -0.37214 0.16541
vn 0.79772 -0.57989 0.16541
vn 0.80887 -0.58799 0
vn 0.92608 -0.37733 0
vn 0.63576 -0.75395 0.16541
vn 0.64464 -0.76448 0
vn 0.21257 -0.96304 0.16542
vn 0.21554 -0.9765 0
vn -0.47951 -0.86181 0.16542
vn -0.48621 -0.87384 0
vn -0.67182 -0.72201 0.16542
vn -0.6812 -0.73209 0
vn -0.91332 0.37214 0.16541
vn -0.79772 0.5799 0.16541
vn -0.80886 0.588 0
vn -0.92608 0.37734 0
vn -0.63577 0.75395 0.16542
vn -0.43686 0.88419 0.16542
vn -0.44296 0.89654 0
vn -0.64465 0.76448 0
vn -0.21256 0.96304 0.16542
vn -0.21553 0.9765 0
vn 0.02408 0.98593 0.16542
vn 0.25933 0.95152 0.16542
vn 0.26296 0.96481 0
vn 0.02442 0.9997 0
vn 0.47951 0.8618 0.16542
vn 0.48621 0.87384 0
vn 0.70211 -0.28608 0.65208
vn 0.61324 -0.44579 0.65208
vn -0.16341 0.74033 0.65208
vn -0.05144 0.23305 0.9711
vn 0.00583 0.23859 0.9711
vn 0.01851 0.75792 0.65208
vn 0.71523 0.25145 0.65209
vn 0.22514 0.07915 0.9711
vn 0.23755 0.02297 0.9711
vn 0.75462 0.07298 0.65209
vn -0.01852 -0.75792 0.65208
vn -0.19936 -0.73147 0.65208
vn 0.63427 0.41531 0.65208
vn -0.70211 0.28608 0.65208
vn -0.22101 0.09005 0.9711
vn -0.19304 0.14033 0.9711
vn -0.61324 0.44579 0.65208
vn -0.75016 0.10974 0.65208
vn -0.23614 0.03454 0.9711
vn 0.11604 0.20855 0.9711
vn 0.36862 0.6625 0.65208
vn 0.19936 0.73147 0.65208
vn 0.06276 0.23026 0.9711
vn 0.43686 -0.88419 0.16542
vn 0.44296 -0.89654 0
vn 0.75016 -0.10974 0.65208
vn 0.97584 -0.14275 0.16542
vn 0.98164 0.09493 0.16542
vn 0.22101 -0.09005 0.9711
vn 0.19304 -0.14033 0.9711
vn -0.19966 -0.13073 0.9711
vn -0.63428 -0.41531 0.65208
vn -0.51645 -0.55504 0.65208
vn -0.16257 -0.17472 0.9711
vn -0.11604 -0.20855 0.9711
vn -0.36862 -0.6625 0.65208
vn -0.06276 -0.23026 0.9711
vn 0.99536 0.09626 0
vn -0.12224 -0.01681 0.99236
vn 0.19966 0.13074 0.9711
vn 0.07568 -0.09745 0.99236
vn -0.04656 -0.11427 0.99236
vn -0.22515 -0.07915 0.9711
vn 0.12224 0.01681 0.99236
vn -0.23755 -0.02297 0.9711
vn -0.07568 0.09745 0.99236
vn -0.89873 0.36619 0.24124
vn -0.89873 0.36619 0.24124
vn -0.92608 0.37733 0
vn 0.16257 0.17472 0.9711
vn -0.15385 0.18245 0.9711
vn -0.10572 0.21397 0.9711
vn 0.15385 -0.18245 0.9711
vn 0.78982 0.61334 0
vn 0.76649 0.59523 0.24124
vn 0.76649 0.59523 0.24124
vn 0.04656 0.11427 0.99236
vn -0.00583 -0.23858 0.9711
vn 0.89873 -0.36619 0.24123
vn 0.89873 -0.36619 0.24123
vn 0.92608 -0.37734 0
vn 0.92608 -0.37734 0
vn 0.05144 -0.23305 0.9711
vn 0.10572 -0.21396 0.9711
vn 0.23614 -0.03454 0.9711
vn 0.16341 -0.74033 0.65209
vn 0.33583 -0.67971 0.65208
vn -0.75462 -0.07298 0.65209
vn 0.51645 0.55504 0.65208
vn 0.48874 -0.57959 0.65208
vn -0.33583 0.67971 0.65208
vn -0.71523 -0.25145 0.65208
vn -0.48874 0.57959 0.65208
vn -0.13224 0.96142 0.24123
vn -0.13224 0.96142 0.24123
vn -0.13626 0.99067 0
vn 0.98947 -0.14475 0
vn 0.13626 -0.99067 0
vn 0.13224 -0.96142 0.24123
vn 0.13224 -0.96142 0.24123
vn -0.78982 -0.61334 0
vn -0.76649 -0.59522 0.24124
vn -0.76649 -0.59522 0.24124
vn 0 0 1
vn 0 0 1
vn 0 0 1
vn -0.35672 0.45936 0.81347
vn 0.21946 0.53861 0.81347
vn -0.21946 -0.53861 0.81347
vn 0.35672 -0.45937 0.81347
vn 0.57618 0.07925 0.81347
vn -0.57618 -0.07925 0.81347
vn 0.55553 0.81487 0.16542
vn 0.7344 0.65825 0.16542
vn 0.74466 0.66744 0
vn 0.5633 0.82626 0
vn -0.7344 -0.65824 0.16542
vn -0.87059 -0.46337 0.16542
vn -0.88275 -0.46984 0
vn -0.74466 -0.66744 0
vn 0.35505 -0.9201 0.16542
vn 0.12454 -0.97833 0.16542
vn 0.12628 -0.992 0
vn 0.36001 -0.93295 0
vn -0.55553 -0.81487 0.16542
vn -0.56329 -0.82626 0
vn -0.95618 -0.24155 0.16542
vn -0.96954 -0.24493 0
vn 0.34438 0.92414 0.16542
vn 0.34919 0.93705 0
vn 0.98621 0.0057 0.16541
vn 0.95892 -0.23048 0.16541
vn 0.97231 -0.2337 0
vn 0.99998 0.00578 0
vn 0.8759 -0.45326 0.16542
vn 0.88813 -0.45959 0
vn 0.56492 -0.80839 0.16542
vn 0.57282 -0.81968 0
vn -0.11321 -0.9797 0.16542
vn -0.11479 -0.99339 0
vn -0.34438 -0.92414 0.16542
vn -0.34919 -0.93705 0
vn -0.98621 -0.0057 0.16541
vn -0.95892 0.23048 0.16541
vn -0.97231 0.2337 0
vn -0.99998 -0.00578 0
vn -0.8759 0.45326 0.16541
vn -0.74197 0.64971 0.16542
vn -0.75233 0.65878 0
vn -0.88813 0.45959 0
vn -0.56492 0.80839 0.16542
vn -0.57281 0.81968 0
vn -0.35505 0.9201 0.16542
vn -0.12454 0.97833 0.16542
vn -0.12628 0.992 0
vn -0.36001 0.93295 0
vn 0.11321 0.9797 0.16542
vn 0.11479 0.99339 0
vn 0.75814 0.00438 0.65208
vn 0.73716 -0.17718 0.65208
vn -0.43428 0.62144 0.65208
vn -0.1367 0.19562 0.9711
vn -0.08592 0.22265 0.9711
vn -0.27294 0.70731 0.65208
vn 0.56456 0.50602 0.65208
vn 0.17772 0.15929 0.9711
vn 0.21067 0.11213 0.9711
vn 0.66925 0.35621 0.65209
vn 0.27294 -0.70731 0.65209
vn 0.09574 -0.75208 0.65209
vn 0.42706 0.62642 0.65208
vn -0.75814 -0.00438 0.65208
vn -0.23865 -0.00138 0.9711
vn -0.23205 0.05577 0.9711
vn -0.73716 0.17718 0.65208
vn -0.73506 -0.18569 0.65208
vn -0.23139 -0.05845 0.9711
vn 0.0274 0.23708 0.9711
vn 0.08703 0.75313 0.65209
vn -0.09574 0.75208 0.65208
vn -0.03014 0.23675 0.9711
vn 0.74197 -0.64971 0.16542
vn 0.75233 -0.65878 0
vn 0.73505 0.18569 0.65208
vn 0.95618 0.24155 0.16542
vn 0.87059 0.46337 0.16542
vn 0.23865 0.00138 0.9711
vn 0.23205 -0.05577 0.9711
vn -0.13443 -0.19719 0.9711
vn -0.42706 -0.62642 0.65208
vn -0.26474 -0.71042 0.65209
vn -0.08334 -0.22363 0.9711
vn -0.0274 -0.23708 0.9711
vn -0.08703 -0.75313 0.65208
vn 0.03014 -0.23675 0.9711
vn 0.88275 0.46984 0
vn -0.1065 -0.06231 0.99236
vn 0.13443 0.19719 0.9711
vn 0.10721 -0.06107 0.99236
vn 0.00071 -0.12338 0.99236
vn -0.17772 -0.15929 0.9711
vn 0.1065 0.06231 0.99236
vn -0.21067 -0.11213 0.9711
vn -0.10721 0.06107 0.99236
vn -0.97045 -0.00561 0.24123
vn -0.97045 -0.00561 0.24123
vn -0.99998 -0.00578 0
vn 0.08334 0.22363 0.9711
vn -0.21196 0.10968 0.9711
vn -0.17955 0.15722 0.9711
vn 0.21196 -0.10968 0.9711
vn 0.49498 0.8689 0
vn 0.48036 0.84324 0.24124
vn 0.48036 0.84324 0.24124
vn -0.00071 0.12338 0.99236
vn 0.08592 -0.22265 0.9711
vn 0.97045 0.00561 0.24123
vn 0.97045 0.00561 0.24123
vn 0.99998 0.00578 0
vn 0.13671 -0.19562 0.9711
vn 0.17955 -0.15722 0.9711
vn 0.23139 0.05845 0.9711
vn 0.43428 -0.62144 0.65209
vn 0.57038 -0.49945 0.65208
vn -0.66925 -0.35621 0.65209
vn 0.26474 0.71042 0.65209
vn 0.67334 -0.34844 0.65208
vn -0.57038 0.49945 0.65208
vn -0.56456 -0.50602 0.65208
vn -0.67334 0.34844 0.65208
vn -0.49009 0.83763 0.24123
vn -0.49009 0.83763 0.24123
vn -0.505 0.86312 0
vn 0.96954 0.24493 0
vn 0.505 -0.86312 0
vn 0.49009 -0.83763 0.24123
vn 0.49009 -0.83763 0.24123
vn -0.49498 -0.86891 0
vn -0.48036 -0.84324 0.24124
vn -0.48036 -0.84324 0.24124
vn -0 0 1
vn -0 0 1
vn -0 0 1
vn -0.50536 0.28789 0.81347
vn -0.00337 0.5816 0.81347
vn 0.00337 -0.5816 0.81347
vn 0.50536 -0.28789 0.81347
vn 0.50199 0.29371 0.81347
vn -0.50199 -0.29371 0.81347
vn 0.20141 0.96544 0.16542
vn 0.4266 0.88918 0.16542
vn 0.43256 0.90161 -0
vn 0.20422 0.97892 -0
vn -0.4266 -0.88918 0.16542
vn -0.627 -0.76125 0.16542
vn -0.63576 -0.77189 0
vn -0.43256 -0.9016 0
vn 0.68013 -0.71419 0.16542
vn 0.48945 -0.8562 0.16542
vn 0.49628 -0.86816 0
vn 0.68963 -0.72416 0
vn -0.20141 -0.96544 0.16542
vn -0.20422 -0.97892 0
vn -0.79096 -0.58908 0.16542
vn -0.80201 -0.59731 0
vn -0.03549 0.98558 0.16542
vn -0.03599 0.99935 -0
vn 0.90896 0.38267 0.16541
vn 0.97412 0.15403 0.16542
vn 0.98773 0.15618 -0
vn 0.92165 0.38802 -0
vn 0.98268 -0.08357 0.16542
vn 0.9964 -0.08473 0
vn 0.83128 -0.53067 0.16542
vn 0.84289 -0.53808 0
vn 0.27032 -0.94845 0.16542
vn 0.2741 -0.9617 0
vn 0.03549 -0.98558 0.16542
vn 0.03599 -0.99935 0
vn -0.90896 -0.38267 0.16542
vn -0.97412 -0.15403 0.16542
vn -0.98773 -0.15618 0
vn -0.92165 -0.38802 0
vn -0.98268 0.08357 0.16541
vn -0.93412 0.31631 0.16541
vn -0.94717 0.32073 -0
vn -0.9964 0.08474 -0
vn -0.83128 0.53067 0.16541
vn -0.84289 0.53808 -0
vn -0.68013 0.71419 0.16542
vn -0.48945 0.8562 0.16542
vn -0.49628 0.86816 -0
vn -0.68963 0.72416 -0
vn -0.27032 0.94845 0.16542
vn -0.2741 0.9617 -0
vn 0.69875 0.29418 0.65208
vn 0.74885 0.11841 0.65208
vn -0.63904 0.40795 0.65208
vn -0.20116 0.12842 0.9711
vn -0.16458 0.17283 0.9711
vn -0.52284 0.54902 0.65208
vn 0.32794 0.68355 0.65209
vn 0.10323 0.21517 0.9711
vn 0.15173 0.18422 0.9711
vn 0.482 0.5852 0.65209
vn 0.52284 -0.54902 0.65208
vn 0.37626 -0.65819 0.65208
vn 0.15483 0.74217 0.65209
vn -0.69875 -0.29418 0.65208
vn -0.21996 -0.0926 0.9711
vn -0.23573 -0.03727 0.9711
vn -0.74885 -0.11841 0.65208
vn -0.60804 -0.45285 0.65208
vn -0.1914 -0.14255 0.9711
vn -0.06542 0.22952 0.9711
vn -0.20781 0.72911 0.65208
vn -0.37626 0.65819 0.65208
vn -0.11844 0.20719 0.9711
vn 0.93412 -0.31631 0.16542
vn 0.94717 -0.32073 0
vn 0.60804 0.45285 0.65208
vn 0.79096 0.58908 0.16542
vn 0.627 0.76125 0.16542
vn 0.21996 0.0926 0.9711
vn 0.23573 0.03727 0.9711
vn -0.04874 -0.23363 0.9711
vn -0.15483 -0.74217 0.65208
vn 0.02728 -0.75766 0.65208
vn 0.00859 -0.2385 0.9711
vn 0.06542 -0.22952 0.9711
vn 0.20781 -0.72911 0.65208
vn 0.11844 -0.20719 0.9711
vn 0.63576 0.77189 -0
vn -0.07455 -0.09832 0.99236
vn 0.04874 0.23363 0.9711
vn 0.12242 -0.0154 0.99236
vn 0.04788 -0.11372 0.99236
vn -0.10323 -0.21517 0.9711
vn 0.07455 0.09832 0.99236
vn -0.15173 -0.18421 0.9711
vn -0.12242 0.0154 0.99236
vn -0.89443 -0.37656 0.24123
vn -0.89443 -0.37656 0.24123
vn -0.92165 -0.38802 0
vn -0.92165 -0.38802 0
vn -0.00859 0.2385 0.9711
vn -0.2378 0.02022 0.9711
vn -0.22605 0.07654 0.9711
vn 0.2378 -0.02022 0.9711
vn 0.12479 0.99218 -0
vn 0.1211 0.96288 0.24124
vn 0.1211 0.96288 0.24124
vn -0.04788 0.11372 0.99236
vn 0.16458 -0.17283 0.9711
vn 0.89443 0.37656 0.24124
vn 0.89443 0.37656 0.24124
vn 0.92165 0.38802 -0
vn 0.92165 0.38802 -0
vn 0.20116 -0.12841 0.9711
vn 0.22605 -0.07654 0.9711
vn 0.1914 0.14255 0.9711
vn 0.63904 -0.40794 0.65209
vn 0.71809 -0.24316 0.65209
vn -0.482 -0.5852 0.65209
vn -0.02728 0.75765 0.65209
vn 0.75542 -0.06424 0.65208
vn -0.7181 0.24316 0.65208
vn -0.32794 -0.68355 0.65208
vn -0.75542 0.06424 0.65208
vn -0.77333 0.58632 0.24123
vn -0.77333 0.58632 0.24123
vn -0.79686 0.60416 0
vn -0.79686 0.60416 0
vn 0.80201 0.59731 -0
vn 0.79686 -0.60416 0
vn 0.79686 -0.60416 0
vn 0.77333 -0.58632 0.24123
vn 0.77333 -0.58632 0.24123
vn -0.12479 -0.99218 0
vn -0.12479 -0.99218 0
vn -0.1211 -0.96288 0.24124
vn -0.1211 -0.96288 0.24124
vn 0 0 1
vn 0 0 1
vn 0 0 1
vn 0 0 1
vn -0.57706 0.07258 0.81347
vn -0.22568 0.53604 0.81347
vn 0.22568 -0.53604 0.81347
vn 0.57706 -0.07258 0.81347
vn 0.35138 0.46346 0.81347
vn -0.35138 -0.46346 0.81347
vn -0.18338 0.96902 0.16542
vn 0.05385 0.98475 0.16542
vn 0.0546 0.99851 0
vn -0.18594 0.98256 0
vn -0.05385 -0.98475 0.16542
vn -0.28795 -0.94325 0.16542
vn -0.29197 -0.95643 0
vn -0.0546 -0.99851 0
vn 0.90166 -0.39955 0.16542
vn 0.77984 -0.60372 0.16542
vn 0.79074 -0.61215 0
vn 0.91426 -0.40513 0
vn 0.18338 -0.96902 0.16542
vn 0.18594 -0.98256 0
vn -0.50532 -0.84693 0.16542
vn -0.51238 -0.85876 0
vn -0.40996 0.89698 0.16542
vn -0.41568 0.90951 0
vn 0.69332 0.70139 0.16541
vn 0.84103 0.51508 0.16541
vn 0.85278 0.52228 0
vn 0.70301 0.71118 0
vn 0.93986 0.29885 0.16541
vn 0.95298 0.30302 0
vn 0.97108 -0.17216 0.16542
vn 0.98465 -0.17456 0
vn 0.6127 -0.77281 0.16542
vn 0.62126 -0.7836 0
vn 0.40996 -0.89698 0.16542
vn 0.41568 -0.90951 0
vn -0.69332 -0.70139 0.16541
vn -0.84103 -0.51508 0.16541
vn -0.85278 -0.52228 0
vn -0.70301 -0.71118 0
vn -0.93986 -0.29884 0.16542
vn -0.98406 -0.06524 0.16542
vn -0.99781 -0.06615 0
vn -0.95298 -0.30302 0
vn -0.97108 0.17216 0.16542
vn -0.98465 0.17456 0
vn -0.90166 0.39955 0.16542
vn -0.77984 0.60372 0.16542
vn -0.79074 0.61216 0
vn -0.91426 0.40513 0
vn -0.6127 0.77281 0.16542
vn -0.62126 0.7836 0
vn 0.53298 0.53918 0.65208
vn 0.64653 0.39597 0.65208
vn -0.74651 0.13234 0.65209
vn -0.23499 0.04166 0.9711
vn -0.21819 0.09669 0.9711
vn -0.69314 0.30715 0.65209
vn 0.0414 0.75701 0.65209
vn 0.01303 0.2383 0.9711
vn 0.06968 0.22826 0.9711
vn 0.22136 0.72511 0.65209
vn 0.69314 -0.30715 0.65208
vn 0.5995 -0.4641 0.65208
vn -0.14097 0.74492 0.65209
vn -0.53298 -0.53919 0.65208
vn -0.16777 -0.16973 0.9711
vn -0.20352 -0.12464 0.9711
vn -0.64653 -0.39596 0.65208
vn -0.38846 -0.65107 0.65208
vn -0.12228 -0.20495 0.9711
vn -0.14827 0.18701 0.9711
vn -0.47101 0.59409 0.65208
vn -0.59949 0.4641 0.65208
vn -0.18871 0.14609 0.9711
vn 0.98406 0.06524 0.16542
vn 0.99781 0.06615 0
vn 0.38846 0.65107 0.65208
vn 0.50532 0.84693 0.16542
vn 0.28795 0.94325 0.16542
vn 0.16778 0.16973 0.9711
vn 0.20352 0.12464 0.9711
vn 0.04438 -0.23449 0.9711
vn 0.14097 -0.74492 0.65209
vn 0.31515 -0.68954 0.65208
vn 0.0992 -0.21706 0.9711
vn 0.14827 -0.18701 0.9711
vn 0.47101 -0.59409 0.65208
vn 0.18871 -0.14609 0.9711
vn 0.29197 0.95643 0
vn -0.03124 -0.11937 0.99236
vn -0.04438 0.23449 0.9711
vn 0.119 0.03262 0.99236
vn 0.08775 -0.08674 0.99236
vn -0.01303 -0.2383 0.9711
vn 0.03124 0.11936 0.99236
vn -0.06968 -0.22825 0.9711
vn -0.11899 -0.03262 0.99236
vn -0.68225 -0.69018 0.24124
vn -0.68225 -0.69018 0.24124
vn -0.70301 -0.71118 0
vn -0.0992 0.21706 0.9711
vn -0.22743 -0.07232 0.9711
vn -0.23813 -0.01579 0.9711
vn 0.22743 0.07232 0.9711
vn -0.2644 0.96441 0
vn -0.2566 0.93593 0.24124
vn -0.2566 0.93593 0.24124
vn -0.08775 0.08674 0.99236
vn 0.21819 -0.09669 0.9711
vn 0.68225 0.69018 0.24123
vn 0.68225 0.69018 0.24123
vn 0.70301 0.71118 0
vn 0.23499 -0.04166 0.9711
vn 0.23813 0.01579 0.9711
vn 0.12228 0.20495 0.9711
vn 0.74651 -0.13234 0.65208
vn 0.75649 0.05015 0.65208
vn -0.22136 -0.72511 0.65209
vn -0.31515 0.68954 0.65209
vn 0.7225 0.22974 0.65208
vn -0.75649 -0.05015 0.65208
vn -0.0414 -0.75701 0.65209
vn -0.7225 -0.22973 0.65208
vn -0.93884 0.24575 0.24123
vn -0.93884 0.24575 0.24123
vn -0.96741 0.25323 0
vn -0.96741 0.25323 0
vn 0.51238 0.85876 0
vn 0.96741 -0.25323 0
vn 0.93884 -0.24575 0.24123
vn 0.93884 -0.24575 0.24123
vn 0.2644 -0.96441 0
vn 0.25659 -0.93593 0.24124
vn 0.25659 -0.93593 0.24124
vn -0 0 1
vn -0 0 1
vn -0 0 1
vn -0.56091 -0.15378 0.81347
vn -0.41363 0.40887 0.81347
vn 0.41363 -0.40887 0.81347
vn 0.56091 0.15378 0.81347
vn 0.14728 0.56265 0.81347
vn -0.14728 -0.56265 0.81347
vn -0.54025 0.82509 0.16542
vn -0.3271 0.9304 0.16542
vn -0.33167 0.9434 0
vn -0.5478 0.83661 0
vn 0.3271 -0.9304 0.16542
vn 0.09494 -0.98164 0.16542
vn 0.09626 -0.99536 0
vn 0.33166 -0.9434 0
vn 0.98593 -0.02408 0.16542
vn 0.95152 -0.25933 0.16542
vn 0.96481 -0.26296 0
vn 0.9997 -0.02442 0
vn 0.54025 -0.82509 0.16542
vn 0.5478 -0.83661 0
vn -0.14275 -0.97584 0.16542
vn -0.14475 -0.98947 0
vn -0.72201 0.67182 0.16542
vn -0.7321 0.6812 0
vn 0.37214 0.91332 0.16541
vn 0.57989 0.79772 0.16541
vn 0.58799 0.80887 0
vn 0.37734 0.92608 0
vn 0.75395 0.63577 0.16541
vn 0.76448 0.64465 0
vn 0.96304 0.21256 0.16542
vn 0.9765 0.21553 0
vn 0.8618 -0.47951 0.16542
vn 0.87384 -0.48621 0
vn 0.72201 -0.67182 0.16542
vn 0.73209 -0.6812 0
vn -0.37214 -0.91332 0.16541
vn -0.57989 -0.79772 0.16541
vn -0.58799 -0.80887 0
vn -0.37734 -0.92608 0
vn -0.75395 -0.63576 0.16541
vn -0.88419 -0.43686 0.16542
vn -0.89654 -0.44296 0
vn -0.76448 -0.64465 0
vn -0.96304 -0.21256 0.16542
vn -0.9765 -0.21553 0
vn -0.98593 0.02409 0.16542
vn -0.95152 0.25933 0.16542
vn -0.96481 0.26296 0
vn -0.9997 0.02442 0
vn -0.86181 0.47951 0.16542
vn -0.87384 0.48621 0
vn 0.28608 0.70211 0.65208
vn 0.44579 0.61324 0.65208
vn -0.74033 -0.16341 0.65208
vn -0.23305 -0.05144 0.9711
vn -0.23859 0.00583 0.9711
vn -0.75792 0.01851 0.65208
vn -0.25145 0.71523 0.65209
vn -0.07915 0.22515 0.9711
vn -0.02297 0.23755 0.9711
vn -0.07298 0.75462 0.65209
vn 0.75792 -0.01852 0.65208
vn 0.73147 -0.19936 0.65208
vn -0.41531 0.63427 0.65208
vn -0.28607 -0.70211 0.65208
vn -0.09005 -0.22102 0.9711
vn -0.14033 -0.19304 0.9711
vn -0.44579 -0.61324 0.65208
vn -0.10974 -0.75016 0.65208
vn -0.03454 -0.23614 0.9711
vn -0.20855 0.11604 0.9711
vn -0.6625 0.36862 0.65208
vn -0.73147 0.19936 0.65208
vn -0.23026 0.06276 0.9711
vn 0.88419 0.43686 0.16541
vn 0.89654 0.44296 0
vn 0.10974 0.75016 0.65208
vn 0.14275 0.97584 0.16542
vn -0.09493 0.98164 0.16542
vn 0.09005 0.22101 0.9711
vn 0.14033 0.19304 0.9711
vn 0.13074 -0.19966 0.9711
vn 0.41531 -0.63427 0.65208
vn 0.55503 -0.51645 0.65208
vn 0.17472 -0.16257 0.9711
vn 0.20855 -0.11604 0.9711
vn 0.6625 -0.36862 0.65208
vn 0.23026 -0.06276 0.9711
vn -0.09626 0.99536 0
vn 0.01681 -0.12224 0.99236
vn -0.13074 0.19966 0.9711
vn 0.09745 0.07568 0.99236
vn 0.11427 -0.04656 0.99236
vn 0.07915 -0.22515 0.9711
vn -0.01681 0.12224 0.99236
vn 0.02297 -0.23755 0.9711
vn -0.09745 -0.07568 0.99236
vn -0.36619 -0.89873 0.24123
vn -0.36619 -0.89873 0.24124
vn -0.37733 -0.92608 0
vn -0.17472 0.16257 0.9711
vn -0.18245 -0.15385 0.9711
vn -0.21396 -0.10571 0.9711
vn 0.18245 0.15385 0.9711
vn -0.61334 0.78982 0
vn -0.59523 0.76649 0.24124
vn -0.59523 0.76649 0.24124
vn -0.11427 0.04656 0.99236
vn 0.23858 -0.00583 0.9711
vn 0.36619 0.89872 0.24124
vn 0.36619 0.89872 0.24124
vn 0.23304 0.05144 0.9711
vn 0.21396 0.10571 0.97111
vn 0.03454 0.23614 0.9711
vn 0.74033 0.16341 0.65208
vn 0.67971 0.33583 0.65208
vn 0.07298 -0.75463 0.65208
vn -0.55503 0.51645 0.65208
vn 0.57959 0.48874 0.65208
vn -0.67971 -0.33583 0.65208
vn 0.25145 -0.71524 0.65208
vn -0.57959 -0.48874 0.65208
vn -0.96142 -0.13224 0.24123
vn -0.96142 -0.13224 0.24123
vn -0.99067 -0.13626 0
vn 0.14475 0.98947 0
vn 0.99067 0.13626 0
vn 0.96142 0.13224 0.24123
vn 0.96142 0.13224 0.24123
vn 0.61334 -0.78982 0
vn 0.59523 -0.76649 0.24124
vn 0.59523 -0.76649 0.24124
vn 0 0 1
vn 0 0 1
vn -0.45937 -0.35672 0.81347
vn -0.53861 0.21946 0.81347
vn 0.53861 -0.21945 0.81347
vn 0.45936 0.35672 0.81347
vn -0.07925 0.57618 0.81347
vn 0.07925 -0.57618 0.81347
vn -0.81487 0.55553 0.16542
vn -0.65824 0.73441 0.16542
vn -0.66744 0.74466 0
vn -0.82626 0.5633 0
vn 0.65825 -0.7344 0.16542
vn 0.46337 -0.87059 0.16542
vn 0.46984 -0.88275 0
vn 0.66744 -0.74466 0
vn 0.9201 0.35505 0.16542
vn 0.97833 0.12454 0.16542
vn 0.99199 0.12628 0
vn 0.93295 0.36001 0
vn 0.81487 -0.55554 0.16542
vn 0.82626 -0.5633 0
vn 0.24155 -0.95618 0.16542
vn 0.24493 -0.96954 0
vn -0.92414 0.34438 0.16542
vn -0.93705 0.34919 0
vn -0.0057 0.98621 0.16541
vn 0.23048 0.95892 0.16541
vn 0.2337 0.97231 0
vn -0.00578 0.99998 0
vn 0.45326 0.8759 0.16541
vn 0.45959 0.88813 0
vn 0.80839 0.56492 0.16542
vn 0.81969 0.57281 0
vn 0.9797 -0.11321 0.16542
vn 0.99339 -0.11479 0
vn 0.92414 -0.34438 0.16542
vn 0.93705 -0.34919 0
vn 0.0057 -0.98621 0.16541
vn -0.23048 -0.95892 0.16541
vn -0.2337 -0.97231 0
vn 0.00578 -0.99998 0
vn -0.45326 -0.87589 0.16541
vn -0.6497 -0.74197 0.16542
vn -0.65878 -0.75234 0
vn -0.45959 -0.88813 0
vn -0.80839 -0.56492 0.16542
vn -0.81968 -0.57282 0
vn -0.9201 -0.35505 0.16542
vn -0.97833 -0.12454 0.16542
vn -0.992 -0.12627 0
vn -0.93295 -0.36001 0
vn -0.9797 0.11321 0.16541
vn -0.99339 0.11479 0
vn -0.00438 0.75814 0.65208
vn 0.17718 0.73716 0.65208
vn -0.62144 -0.43428 0.65208
vn -0.19562 -0.13671 0.9711
vn -0.22265 -0.08592 0.9711
vn -0.70731 -0.27294 0.65209
vn -0.50602 0.56456 0.65209
vn -0.15929 0.17772 0.9711
vn -0.11213 0.21067 0.9711
vn -0.3562 0.66925 0.65209
vn 0.70731 0.27294 0.65208
vn 0.75208 0.09574 0.65208
vn -0.62642 0.42706 0.65208
vn 0.00438 -0.75814 0.65208
vn 0.00138 -0.23865 0.9711
vn -0.05577 -0.23205 0.9711
vn -0.17718 -0.73716 0.65207
vn 0.18569 -0.73505 0.65208
vn 0.05845 -0.23138 0.9711
vn -0.23708 0.0274 0.9711
vn -0.75314 0.08703 0.65208
vn -0.75208 -0.09574 0.65208
vn -0.23675 -0.03014 0.9711
vn 0.64971 0.74197 0.16541
vn 0.65878 0.75234 0
vn -0.18569 0.73506 0.65208
vn -0.24155 0.95618 0.16542
vn -0.46337 0.87059 0.16542
vn -0.00138 0.23865 0.9711
vn 0.05577 0.23205 0.9711
vn 0.19719 -0.13443 0.9711
vn 0.62642 -0.42706 0.65208
vn 0.71042 -0.26474 0.65208
vn 0.22363 -0.08334 0.9711
vn 0.23708 -0.0274 0.9711
vn 0.75314 -0.08703 0.65208
vn 0.23674 0.03014 0.9711
vn -0.46984 0.88275 0
vn 0.06231 -0.1065 0.99236
vn -0.19719 0.13443 0.9711
vn 0.06107 0.10721 0.99236
vn 0.12338 0.00071 0.99236
vn 0.15929 -0.17772 0.9711
vn -0.06231 0.1065 0.99236
vn 0.11213 -0.21067 0.9711
vn -0.06107 -0.10721 0.99236
vn 0.00561 -0.97045 0.24123
vn 0.00561 -0.97045 0.24124
vn 0.00578 -0.99998 0
vn -0.22363 0.08334 0.9711
vn -0.10968 -0.21196 0.9711
vn -0.15722 -0.17955 0.9711
vn 0.10968 0.21196 0.9711
vn -0.86891 0.49498 0
vn -0.84324 0.48036 0.24124
vn -0.84324 0.48036 0.24123
vn -0.86891 0.49498 0
vn -0.12338 -0.00071 0.99236
vn 0.22265 0.08592 0.9711
vn -0.00561 0.97045 0.24123
vn -0.00561 0.97045 0.24123
vn -0.00578 0.99998 0
vn 0.19562 0.1367 0.9711
vn 0.15722 0.17955 0.9711
vn -0.05845 0.23139 0.9711
vn 0.62144 0.43428 0.65208
vn 0.49946 0.57038 0.65208
vn 0.35621 -0.66925 0.65208
vn -0.71043 0.26474 0.65208
vn 0.34844 0.67334 0.65208
vn -0.49945 -0.57038 0.65208
vn 0.50602 -0.56456 0.65208
vn -0.34844 -0.67334 0.65208
vn -0.83763 -0.49009 0.24123
vn -0.83763 -0.49009 0.24123
vn -0.86312 -0.505 0
vn -0.86312 -0.505 0
vn -0.24493 0.96954 0
vn 0.86312 0.505 0
vn 0.83763 0.49009 0.24123
vn 0.83763 0.49009 0.24123
vn 0.8689 -0.49498 0
vn 0.84324 -0.48036 0.24123
vn 0.84324 -0.48036 0.24123
vn 0 0 1
vn 0 0 1
vn -0.28789 -0.50536 0.81347
vn -0.5816 -0.00337 0.81347
vn 0.5816 0.00337 0.81347
vn 0.28789 0.50536 0.81347
vn -0.29371 0.502 0.81347
vn 0.29371 -0.50199 0.81347
vn -0.96544 0.20141 0.16542
vn -0.88918 0.4266 0.16542
vn -0.90161 0.43256 0
vn -0.97892 0.20422 0
vn 0.88918 -0.4266 0.16542
vn 0.76126 -0.627 0.16542
vn 0.77189 -0.63576 0
vn 0.90161 -0.43256 -0
vn 0.71419 0.68013 0.16542
vn 0.8562 0.48945 0.16542
vn 0.86816 0.49628 -0
vn 0.72416 0.68963 0
vn 0.96544 -0.20141 0.16542
vn 0.97892 -0.20422 -0
vn 0.58908 -0.79096 0.16542
vn 0.59731 -0.80201 0
vn -0.98558 -0.03549 0.16543
vn -0.99935 -0.03599 0
vn -0.38267 0.90895 0.16542
vn -0.15403 0.97412 0.16542
vn -0.15618 0.98773 0
vn -0.38802 0.92165 0
vn 0.08357 0.98268 0.16541
vn 0.08474 0.9964 -0
vn 0.53067 0.83128 0.16542
vn 0.53808 0.84289 0
vn 0.94845 0.27032 0.16542
vn 0.9617 0.2741 -0
vn 0.98558 0.03549 0.16542
vn 0.99935 0.03599 -0
vn 0.38267 -0.90895 0.16541
vn 0.15403 -0.97412 0.16541
vn 0.15618 -0.98773 0
vn 0.38802 -0.92165 0
vn -0.08357 -0.98268 0.16542
vn -0.31631 -0.93412 0.16542
vn -0.32073 -0.94717 -0
vn -0.08474 -0.9964 -0
vn -0.53067 -0.83128 0.16541
vn -0.53808 -0.84289 0
vn -0.71419 -0.68013 0.16542
vn -0.8562 -0.48945 0.16542
vn -0.86816 -0.49629 0
vn -0.72416 -0.68963 0
vn -0.94845 -0.27033 0.16543
vn -0.9617 -0.2741 0
vn -0.29418 0.69875 0.65208
vn -0.11841 0.74885 0.65208
vn -0.40795 -0.63904 0.65208
vn -0.12842 -0.20116 0.9711
vn -0.17283 -0.16458 0.9711
vn -0.54902 -0.52284 0.65208
vn -0.68355 0.32795 0.65208
vn -0.21517 0.10323 0.97111
vn -0.18421 0.15173 0.9711
vn -0.5852 0.48199 0.65209
vn 0.54902 0.52284 0.65209
vn 0.65819 0.37625 0.65209
vn -0.74217 0.15483 0.65208
vn 0.29418 -0.69875 0.65208
vn 0.0926 -0.21996 0.9711
vn 0.03727 -0.23573 0.9711
vn 0.11841 -0.74885 0.65208
vn 0.45285 -0.60804 0.65208
vn 0.14255 -0.1914 0.9711
vn -0.22952 -0.06542 0.9711
vn -0.72911 -0.20781 0.65209
vn -0.65819 -0.37626 0.65208
vn -0.20719 -0.11844 0.9711
vn 0.31631 0.93412 0.16541
vn 0.32073 0.94717 -0
vn -0.45285 0.60804 0.65209
vn -0.58908 0.79096 0.16542
vn -0.76125 0.627 0.16543
vn -0.0926 0.21996 0.9711
vn -0.03727 0.23573 0.9711
vn 0.23362 -0.04874 0.9711
vn 0.74217 -0.15483 0.65209
vn 0.75765 0.02728 0.65209
vn 0.2385 0.00859 0.9711
vn 0.22952 0.06542 0.9711
vn 0.72911 0.20781 0.65208
vn 0.20719 0.11844 0.9711
vn -0.77189 0.63576 0
vn 0.09832 -0.07455 0.99236
vn -0.23362 0.04874 0.9711
vn 0.0154 0.12242 0.99236
vn 0.11372 0.04788 0.99236
vn 0.21517 -0.10323 0.97111
vn -0.09832 0.07454 0.99236
vn 0.18421 -0.15173 0.9711
vn -0.0154 -0.12242 0.99236
vn 0.37656 -0.89443 0.24124
vn 0.37656 -0.89443 0.24124
vn 0.38802 -0.92165 0
vn 0.38802 -0.92165 0
vn -0.2385 -0.00859 0.9711
vn -0.02022 -0.2378 0.9711
vn -0.07654 -0.22605 0.9711
vn 0.02022 0.2378 0.9711
vn -0.99218 0.12479 0
vn -0.96288 0.1211 0.24124
vn -0.96288 0.1211 0.24124
vn -0.99218 0.12479 0
vn -0.11372 -0.04788 0.99236
vn 0.17283 0.16458 0.9711
vn -0.37656 0.89443 0.24123
vn -0.37656 0.89443 0.24124
vn -0.38802 0.92165 0
vn 0.12842 0.20116 0.9711
vn 0.07654 0.22605 0.9711
vn -0.14255 0.1914 0.9711
vn 0.40794 0.63904 0.65208
vn 0.24316 0.7181 0.65208
vn 0.58521 -0.482 0.65208
vn -0.75765 -0.02728 0.65209
vn 0.06424 0.75542 0.65208
vn -0.24316 -0.7181 0.65208
vn 0.68355 -0.32795 0.65208
vn -0.06424 -0.75542 0.65208
vn -0.58632 -0.77333 0.24123
vn -0.58632 -0.77333 0.24123
vn -0.60416 -0.79686 0
vn -0.59731 0.80201 0
vn 0.60416 0.79686 0
vn 0.60416 0.79686 0
vn 0.58632 0.77333 0.24123
vn 0.58632 0.77333 0.24123
vn 0.99218 -0.12479 0
vn 0.99218 -0.12479 0
vn 0.96288 -0.1211 0.24124
vn 0.96288 -0.1211 0.24124
vn 0 0 1
vn 0 0 1
vn -0.07258 -0.57706 0.81347
vn -0.53604 -0.22568 0.81347
vn 0.53604 0.22568 0.81347
vn 0.07258 0.57706 0.81347
vn -0.46345 0.35138 0.81347
vn 0.46346 -0.35138 0.81347
vn -0.96902 -0.18338 0.16542
vn -0.98475 0.05385 0.16542
vn -0.99851 0.0546 0
vn -0.98256 -0.18594 0
vn 0.98475 -0.05385 0.16542
vn 0.94325 -0.28795 0.16542
vn 0.95643 -0.29197 0
vn 0.99851 -0.0546 0
vn 0.39955 0.90166 0.16542
vn 0.60372 0.77984 0.16542
vn 0.61215 0.79074 0
vn 0.40513 0.91426 0
vn 0.96902 0.18338 0.16542
vn 0.98256 0.18594 0
vn 0.84693 -0.50532 0.16542
vn 0.85876 -0.51238 0
vn -0.89698 -0.40995 0.16542
vn -0.90951 -0.41568 0
vn -0.70139 0.69332 0.16541
vn -0.51508 0.84103 0.16541
vn -0.52228 0.85277 0
vn -0.71118 0.70301 0
vn -0.29885 0.93986 0.16541
vn -0.30302 0.95298 0
vn 0.17216 0.97108 0.16542
vn 0.17456 0.98465 0
vn 0.77281 0.6127 0.16542
vn 0.7836 0.62126 0
vn 0.89698 0.40995 0.16542
vn 0.90951 0.41568 0
vn 0.70139 -0.69332 0.16541
vn 0.51508 -0.84103 0.16541
vn 0.52228 -0.85278 0
vn 0.71118 -0.70301 0
vn 0.29885 -0.93986 0.16542
vn 0.06524 -0.98406 0.16542
vn 0.06615 -0.99781 0
vn 0.30302 -0.95298 0
vn -0.17216 -0.97108 0.16542
vn -0.17456 -0.98465 0
vn -0.39955 -0.90166 0.16541
vn -0.60372 -0.77984 0.16542
vn -0.61215 -0.79074 0
vn -0.40513 -0.91426 0
vn -0.77281 -0.6127 0.16542
vn -0.7836 -0.62126 0
vn -0.53919 0.53298 0.65208
vn -0.39597 0.64653 0.65207
vn -0.13234 -0.74651 0.65209
vn -0.04166 -0.23499 0.9711
vn -0.09669 -0.21819 0.9711
vn -0.30715 -0.69315 0.65208
vn -0.75701 0.0414 0.65208
vn -0.2383 0.01303 0.9711
vn -0.22825 0.06968 0.97111
vn -0.72511 0.22136 0.65209
vn 0.30715 0.69314 0.65209
vn 0.4641 0.59949 0.65209
vn -0.74492 -0.14097 0.65208
vn 0.53918 -0.53298 0.65208
vn 0.16973 -0.16778 0.9711
vn 0.12464 -0.20352 0.9711
vn 0.39597 -0.64653 0.65208
vn 0.65107 -0.38846 0.65208
vn 0.20495 -0.12228 0.9711
vn -0.18701 -0.14827 0.9711
vn -0.59409 -0.47101 0.65209
vn -0.4641 -0.5995 0.65208
vn -0.1461 -0.18871 0.9711
vn -0.06524 0.98406 0.16542
vn -0.06615 0.99781 0
vn -0.65106 0.38846 0.65209
vn -0.84693 0.50532 0.16542
vn -0.94325 0.28795 0.16542
vn -0.16973 0.16777 0.9711
vn -0.12464 0.20352 0.9711
vn 0.23449 0.04438 0.9711
vn 0.74493 0.14097 0.65208
vn 0.68955 0.31515 0.65208
vn 0.21706 0.09921 0.9711
vn 0.18701 0.14827 0.9711
vn 0.59409 0.47101 0.65208
vn 0.14609 0.18871 0.9711
vn -0.95643 0.29197 0
vn 0.11936 -0.03124 0.99236
vn -0.23449 -0.04438 0.9711
vn -0.03262 0.11899 0.99236
vn 0.08674 0.08775 0.99236
vn 0.2383 -0.01303 0.9711
vn -0.11936 0.03124 0.99236
vn 0.22826 -0.06968 0.9711
vn 0.03262 -0.119 0.99236
vn 0.69018 -0.68224 0.24124
vn 0.69018 -0.68224 0.24124
vn 0.71118 -0.703 0
vn -0.21706 -0.0992 0.9711
vn 0.07232 -0.22743 0.9711
vn 0.01579 -0.23813 0.9711
vn -0.07232 0.22743 0.9711
vn -0.96441 -0.2644 0
vn -0.93593 -0.25659 0.24123
vn -0.93593 -0.25659 0.24123
vn -0.08674 -0.08775 0.99236
vn 0.09669 0.21819 0.9711
vn -0.69018 0.68225 0.24123
vn -0.69018 0.68225 0.24123
vn -0.71118 0.70301 0
vn 0.04166 0.23499 0.9711
vn -0.01579 0.23813 0.9711
vn -0.20495 0.12228 0.9711
vn 0.13234 0.7465 0.65209
vn -0.05015 0.75648 0.65209
vn 0.72511 -0.22136 0.65208
vn -0.68954 -0.31515 0.65209
vn -0.22974 0.72251 0.65208
vn 0.05015 -0.75648 0.65209
vn 0.75702 -0.0414 0.65208
vn 0.22974 -0.7225 0.65208
vn -0.24575 -0.93884 0.24123
vn -0.24575 -0.93884 0.24123
vn -0.25322 -0.96741 0
vn -0.85876 0.51238 0
vn 0.25322 0.96741 0
vn 0.24574 0.93884 0.24123
vn 0.24574 0.93884 0.24123
vn 0.96441 0.2644 0
vn 0.96441 0.2644 0
vn 0.93593 0.25659 0.24124
vn 0.93593 0.25659 0.24124
vn 0 0 1
vn 0 0 1
vn 0.15378 -0.56091 0.81347
vn -0.40887 -0.41364 0.81347
vn 0.40887 0.41363 0.81347
vn -0.15378 0.56091 0.81347
vn -0.56265 0.14728 0.81347
vn 0.56265 -0.14728 0.81347
vn -0.82509 -0.54025 0.16542
vn -0.9304 -0.3271 0.16542
vn -0.9434 -0.33167 0
vn -0.83661 -0.5478 0
vn 0.9304 0.3271 0.16542
vn 0.98164 0.09493 0.16542
vn 0.99536 0.09626 0
vn 0.9434 0.33167 0
vn 0.02408 0.98593 0.16542
vn 0.25934 0.95152 0.16542
vn 0.26296 0.96481 0
vn 0.02442 0.9997 0
vn 0.82508 0.54025 0.16542
vn 0.83661 0.5478 0
vn 0.97584 -0.14275 0.16542
vn 0.98947 -0.14474 0
vn -0.67182 -0.72201 0.16542
vn -0.6812 -0.7321 0
vn -0.91332 0.37213 0.16541
vn -0.79772 0.57989 0.16542
vn -0.80887 0.58799 0
vn -0.92608 0.37733 0
vn -0.63576 0.75395 0.16542
vn -0.64465 0.76448 0
vn -0.21256 0.96304 0.16542
vn -0.21553 0.9765 0
vn 0.47951 0.8618 0.16541
vn 0.48621 0.87384 0
vn 0.67182 0.72201 0.16542
vn 0.6812 0.7321 0
vn 0.91332 -0.37214 0.16542
vn 0.79772 -0.57989 0.16542
vn 0.80887 -0.58799 0
vn 0.92608 -0.37733 0
vn 0.63577 -0.75395 0.16542
vn 0.43686 -0.88419 0.16542
vn 0.44296 -0.89654 0
vn 0.64465 -0.76448 0
vn 0.21256 -0.96304 0.16542
vn 0.21553 -0.9765 0
vn -0.02408 -0.98593 0.16542
vn -0.25933 -0.95152 0.16542
vn -0.26295 -0.96481 0
vn -0.02442 -0.9997 0
vn -0.47951 -0.86181 0.16542
vn -0.48621 -0.87384 0
vn -0.70211 0.28607 0.65208
vn -0.61324 0.44579 0.65208
vn 0.16341 -0.74033 0.65208
vn 0.05144 -0.23305 0.9711
vn -0.00583 -0.23858 0.9711
vn -0.01851 -0.75792 0.65208
vn -0.71523 -0.25145 0.65209
vn -0.22515 -0.07915 0.9711
vn -0.23755 -0.02297 0.9711
vn -0.75462 -0.07298 0.65209
vn 0.01851 0.75792 0.65208
vn 0.19936 0.73147 0.65208
vn -0.63427 -0.41531 0.65209
vn 0.7021 -0.28608 0.65208
vn 0.22101 -0.09005 0.97111
vn 0.19304 -0.14033 0.9711
vn 0.61324 -0.44579 0.65208
vn 0.75016 -0.10974 0.65208
vn 0.23614 -0.03454 0.9711
vn -0.11604 -0.20855 0.9711
vn -0.36862 -0.6625 0.65208
vn -0.19936 -0.73147 0.65208
vn -0.06276 -0.23026 0.9711
vn -0.43686 0.88419 0.16541
vn -0.44296 0.89654 0
vn -0.75017 0.10974 0.65208
vn -0.97584 0.14275 0.16542
vn -0.98164 -0.09493 0.16542
vn -0.22101 0.09005 0.9711
vn -0.19304 0.14033 0.9711
vn 0.19966 0.13074 0.9711
vn 0.63427 0.41531 0.65209
vn 0.51645 0.55504 0.65208
vn 0.16257 0.17472 0.9711
vn 0.11604 0.20855 0.9711
vn 0.36862 0.6625 0.65208
vn 0.06276 0.23026 0.9711
vn -0.99536 -0.09626 0
vn 0.12224 0.01681 0.99236
vn -0.19966 -0.13074 0.9711
vn -0.07568 0.09745 0.99236
vn 0.04656 0.11427 0.99236
vn 0.22514 0.07915 0.97111
vn -0.12223 -0.01681 0.99236
vn 0.23754 0.02297 0.97111
vn 0.07568 -0.09745 0.99236
vn 0.89873 -0.36619 0.24124
vn 0.89873 -0.36619 0.24124
vn 0.92608 -0.37733 0
vn -0.16257 -0.17472 0.9711
vn 0.15385 -0.18245 0.9711
vn 0.10572 -0.21396 0.9711
vn -0.15385 0.18245 0.9711
vn -0.78982 -0.61334 0
vn -0.76649 -0.59523 0.24124
vn -0.76649 -0.59523 0.24124
vn -0.78982 -0.61334 0
vn -0.04656 -0.11427 0.99236
vn 0.00583 0.23858 0.9711
vn -0.89873 0.36619 0.24123
vn -0.89873 0.36619 0.24123
vn -0.92608 0.37733 0
vn -0.92608 0.37733 0
vn -0.05144 0.23304 0.97111
vn -0.10571 0.21396 0.9711
vn -0.23614 0.03454 0.9711
vn -0.16341 0.74033 0.65208
vn -0.33583 0.67971 0.65208
vn 0.75462 0.07298 0.65209
vn -0.51645 -0.55504 0.65208
vn -0.48874 0.57959 0.65208
vn 0.33583 -0.67971 0.65208
vn 0.71523 0.25145 0.65209
vn 0.48874 -0.57959 0.65208
vn 0.13224 -0.96142 0.24123
vn 0.13224 -0.96142 0.24123
vn 0.13626 -0.99067 0
vn -0.98947 0.14475 0
vn -0.13626 0.99067 0
vn -0.13224 0.96142 0.24123
vn -0.13224 0.96142 0.24123
vn 0.78982 0.61334 0
vn 0.76649 0.59523 0.24124
vn 0.76649 0.59523 0.24124
vn -0 0 1
vn -0 0 1
vn -0 0 1
vn 0.35672 -0.45936 0.81347
vn -0.21946 -0.53861 0.81347
vn 0.21946 0.53861 0.81347
vn -0.35672 0.45937 0.81347
vn -0.57618 -0.07925 0.81347
vn 0.57618 0.07925 0.81347
usemtl mat2
f 2545//4013 2546//4014 2547//4015
f 2545//4013 2547//4015 2548//4016
f 2549//4017 2550//4018 2551//4019
f 2549//4017 2551//4019 2552//4020
f 2553//4021 2554//4022 2555//4023
f 2553//4021 2555//4023 2556//4024
f 2557//4025 2549//4017 2552//4020
f 2557//4025 2552//4020 2558//4026
f 2550//4018 2559//4027 2560//4028
f 2550//4018 2560//4028 2551//4019
f 2561//4029 2545//4013 2548//4016
f 2561//4029 2548//4016 2562//4030
f 2563//4031 2564//4032 2565//4033
f 2563//4031 2565//4033 2566//4034
f 2564//4032 2567//4035 2568//4036
f 2564//4032 2568//4036 2565//4033
f 2569//4037 2553//4021 2556//4024
f 2569//4037 2556//4024 2570//4038
f 2554//4022 2571//4039 2572//4040
f 2554//4022 2572//4040 2555//4023
f 2571//4039 2573//4041 2574//4042
f 2571//4039 2574//4042 2572//4040
f 2573//4041 2557//4025 2558//4026
f 2573//4041 2558//4026 2574//4042
f 2575//4043 2576//4044 2577//4045
f 2575//4043 2577//4045 2578//4046
f 2579//4047 2580//4048 2581//4049
f 2579//4047 2581//4049 2582//4050
f 2580//4048 2583//4051 2584//4052
f 2580//4048 2584//4052 2581//4049
f 2585//4053 2586//4054 2587//4055
f 2585//4053 2587//4055 2588//4056
f 2586//4054 2589//4057 2590//4058
f 2586//4054 2590//4058 2587//4055
f 2559//4027 2575//4043 2578//4046
f 2559//4027 2578//4046 2560//4028
f 2564//4032 2563//4031 2591//4059
f 2564//4032 2591//4059 2592//4060
f 2593//4061 2594//4062 2595//4063
f 2593//4061 2595//4063 2596//4064
f 2597//4065 2598//4066 2599//4067
f 2597//4065 2599//4067 2600//4068
f 2554//4022 2553//4021 2601//4069
f 2554//4022 2601//4069 2602//4070
f 2546//4014 2545//4013 2603//4071
f 2546//4014 2603//4071 2597//4065
f 2604//4072 2605//4073 2606//4074
f 2604//4072 2606//4074 2607//4075
f 2608//4076 2609//4077 2605//4073
f 2608//4076 2605//4073 2604//4072
f 2610//4078 2611//4079 2612//4080
f 2610//4078 2612//4080 2613//4081
f 2567//4035 2614//4082 2615//4083
f 2567//4035 2615//4083 2568//4036
f 2616//4084 2617//4085 2618//4086
f 2616//4084 2618//4086 2600//4068
f 2619//4087 2620//4088 2592//4060
f 2619//4087 2592//4060 2591//4059
f 2621//4089 2622//4090 2623//4091
f 2621//4089 2623//4091 2624//4092
f 2625//4093 2626//4094 2602//4070
f 2625//4093 2602//4070 2627//4095
f 2546//4014 2618//4086 2628//4096
f 2546//4014 2628//4096 2547//4015
f 2589//4057 2561//4029 2562//4030
f 2589//4057 2562//4030 2590//4058
f 2583//4051 2585//4053 2588//4056
f 2583//4051 2588//4056 2584//4052
f 2576//4044 2579//4047 2582//4050
f 2576//4044 2582//4050 2577//4045
f 2629//4097 2599//4067 2598//4066
f 2629//4097 2598//4066 2630//4098
f 2631//4099 2632//4100 2595//4063
f 2631//4099 2595//4063 2594//4062
f 2632//4100 2610//4078 2613//4081
f 2632//4100 2613//4081 2595//4063
f 2633//4101 2634//4102 2635//4103
f 2636//4104 2620//4088 2619//4087
f 2637//4105 2638//4106 2639//4107
f 2637//4105 2639//4107 2640//4108
f 2632//4100 2629//4097 2630//4098
f 2632//4100 2630//4098 2641//4109
f 2642//4110 2631//4099 2643//4111
f 2636//4104 2644//4112 2620//4088
f 2606//4074 2631//4099 2642//4110
f 2609//4077 2634//4102 2631//4099
f 2609//4077 2631//4099 2605//4073
f 2645//4113 2646//4114 2647//4115
f 2645//4113 2647//4115 2648//4113
f 2632//4100 2641//4109 2610//4078
f 2621//4089 2624//4092 2649//4116
f 2621//4089 2649//4116 2634//4102
f 2627//4095 2650//4117 2649//4116
f 2635//4103 2634//4102 2609//4077
f 2633//4101 2621//4089 2634//4102
f 2651//4118 2646//4119 2645//4120
f 2651//4118 2645//4120 2652//4121
f 2625//4093 2627//4095 2649//4116
f 2653//4122 2654//4123 2636//4104
f 2636//4104 2619//4087 2655//4124
f 2636//4104 2655//4124 2629//4097
f 2629//4097 2655//4124 2599//4067
f 2656//4125 2569//4037 2614//4082
f 2656//4125 2614//4082 2657//4126
f 2658//4127 2635//4103 2609//4077
f 2658//4127 2609//4077 2608//4076
f 2659//4128 2641//4109 2630//4098
f 2659//4128 2630//4098 2603//4071
f 2612//4080 2586//4054 2585//4053
f 2612//4080 2585//4053 2596//4064
f 2660//4129 2567//4035 2564//4032
f 2660//4129 2564//4032 2592//4060
f 2583//4051 2580//4048 2661//4130
f 2583//4051 2661//4130 2593//4061
f 2655//4124 2616//4084 2600//4068
f 2655//4124 2600//4068 2599//4067
f 2591//4059 2563//4031 2617//4085
f 2591//4059 2617//4085 2616//4084
f 2656//4125 2653//4122 2650//4117
f 2656//4125 2650//4117 2601//4069
f 2662//4131 2549//4017 2557//4025
f 2662//4131 2557//4025 2622//4090
f 2601//4069 2650//4117 2627//4095
f 2601//4069 2627//4095 2602//4070
f 2603//4071 2630//4098 2598//4066
f 2603//4071 2598//4066 2597//4065
f 2660//4129 2644//4112 2654//4123
f 2660//4129 2654//4123 2657//4126
f 2596//4064 2595//4063 2613//4081
f 2596//4064 2613//4081 2612//4080
f 2596//4064 2585//4053 2583//4051
f 2596//4064 2583//4051 2593//4061
f 2642//4110 2663//4132 2607//4075
f 2642//4110 2607//4075 2606//4074
f 2576//4044 2575//4043 2604//4072
f 2576//4044 2604//4072 2607//4075
f 2655//4124 2619//4087 2591//4059
f 2655//4124 2591//4059 2616//4084
f 2559//4027 2550//4018 2658//4127
f 2559//4027 2658//4127 2608//4076
f 2663//4132 2642//4110 2643//4111
f 2663//4132 2643//4111 2661//4130
f 2623//4091 2573//4041 2571//4039
f 2623//4091 2571//4039 2626//4094
f 2647//4133 2637//4134 2640//4135
f 2647//4133 2640//4135 2648//4135
f 2622//4090 2557//4025 2573//4041
f 2622//4090 2573//4041 2623//4091
f 2618//4086 2617//4085 2664//4136
f 2618//4086 2664//4136 2628//4096
f 2663//4132 2579//4047 2576//4044
f 2663//4132 2576//4044 2607//4075
f 2604//4072 2575//4043 2559//4027
f 2604//4072 2559//4027 2608//4076
f 2652//4137 2665//4137 2666//4138
f 2652//4137 2666//4138 2651//4139
f 2605//4073 2631//4099 2606//4074
f 2662//4131 2633//4101 2635//4103
f 2662//4131 2635//4103 2658//4127
f 2545//4013 2561//4029 2659//4128
f 2545//4013 2659//4128 2603//4071
f 2644//4112 2660//4129 2592//4060
f 2644//4112 2592//4060 2620//4088
f 2661//4130 2580//4048 2579//4047
f 2661//4130 2579//4047 2663//4132
f 2659//4128 2561//4029 2589//4057
f 2659//4128 2589//4057 2611//4079
f 2546//4014 2597//4065 2600//4068
f 2546//4014 2600//4068 2618//4086
f 2624//4092 2625//4093 2649//4116
f 2657//4126 2614//4082 2567//4035
f 2657//4126 2567//4035 2660//4129
f 2601//4069 2553//4021 2569//4037
f 2601//4069 2569//4037 2656//4125
f 2654//4123 2644//4112 2636//4104
f 2554//4022 2602//4070 2626//4094
f 2554//4022 2626//4094 2571//4039
f 2633//4101 2662//4131 2622//4090
f 2633//4101 2622//4090 2621//4089
f 2661//4130 2643//4111 2594//4062
f 2661//4130 2594//4062 2593//4061
f 2626//4094 2625//4093 2624//4092
f 2626//4094 2624//4092 2623//4091
f 2658//4127 2550//4018 2549//4017
f 2658//4127 2549//4017 2662//4131
f 2611//4079 2589//4057 2586//4054
f 2611//4079 2586//4054 2612//4080
f 2614//4082 2569//4037 2570//4038
f 2614//4082 2570//4038 2615//4083
f 2566//4034 2664//4136 2617//4085
f 2566//4034 2617//4085 2563//4031
f 2657//4126 2654//4123 2653//4122
f 2657//4126 2653//4122 2656//4125
f 2665//4140 2639//4140 2638//4141
f 2665//4140 2638//4141 2666//4142
f 2611//4079 2610//4078 2641//4109
f 2611//4079 2641//4109 2659//4128
f 2631//4099 2594//4062 2643//4111
f 2648//4143 2640//4144 2639//4145
f 2639//4145 2665//4143 2652//4144
f 2652//4144 2645//4145 2648//4143
f 2639//4145 2652//4144 2648//4143
f 2649//4116 2636//4104 2667//4146
f 2649//4116 2667//4146 2668//4147
f 2668//4147 2667//4146 2637//4134
f 2668//4147 2637//4134 2647//4133
f 2651//4139 2666//4138 2669//4148
f 2651//4139 2669//4148 2670//4149
f 2670//4149 2669//4148 2632//4100
f 2670//4149 2632//4100 2631//4099
f 2647//4115 2646//4114 2671//4150
f 2647//4115 2671//4150 2668//4147
f 2668//4147 2671//4150 2634//4102
f 2668//4147 2634//4102 2649//4116
f 2646//4119 2651//4118 2670//4149
f 2646//4119 2670//4149 2671//4150
f 2671//4150 2670//4149 2631//4099
f 2671//4150 2631//4099 2634//4102
f 2636//4104 2629//4097 2672//4151
f 2636//4104 2672//4151 2667//4146
f 2667//4146 2672//4151 2638//4106
f 2667//4146 2638//4106 2637//4105
f 2666//4142 2638//4141 2672//4151
f 2666//4142 2672//4151 2669//4148
f 2669//4148 2672//4151 2629//4097
f 2669//4148 2629//4097 2632//4100
f 2650//4117 2653//4122 2636//4104
f 2650//4117 2636//4104 2649//4116
f 2673//4152 2674//4153 2675//4154
f 2673//4152 2675//4154 2676//4155
f 2677//4156 2678//4157 2679//4158
f 2677//4156 2679//4158 2680//4159
f 2681//4160 2682//4161 2683//4162
f 2681//4160 2683//4162 2684//4163
f 2685//4164 2677//4156 2680//4159
f 2685//4164 2680//4159 2686//4165
f 2678//4157 2687//4166 2688//4167
f 2678//4157 2688//4167 2679//4158
f 2689//4168 2673//4152 2676//4155
f 2689//4168 2676//4155 2690//4169
f 2691//4170 2692//4171 2693//4172
f 2691//4170 2693//4172 2694//4173
f 2692//4171 2695//4174 2696//4175
f 2692//4171 2696//4175 2693//4172
f 2697//4176 2681//4160 2684//4163
f 2697//4176 2684//4163 2698//4177
f 2682//4161 2699//4178 2700//4179
f 2682//4161 2700//4179 2683//4162
f 2699//4178 2701//4180 2702//4181
f 2699//4178 2702//4181 2700//4179
f 2701//4180 2685//4164 2686//4165
f 2701//4180 2686//4165 2702//4181
f 2703//4182 2704//4183 2705//4184
f 2703//4182 2705//4184 2706//4185
f 2707//4186 2708//4187 2709//4188
f 2707//4186 2709//4188 2710//4189
f 2708//4187 2711//4190 2712//4191
f 2708//4187 2712//4191 2709//4188
f 2713//4192 2714//4193 2715//4194
f 2713//4192 2715//4194 2716//4195
f 2714//4193 2717//4196 2718//4197
f 2714//4193 2718//4197 2715//4194
f 2687//4166 2703//4182 2706//4185
f 2687//4166 2706//4185 2688//4167
f 2692//4171 2691//4170 2719//4198
f 2692//4171 2719//4198 2720//4199
f 2721//4200 2722//4201 2723//4202
f 2721//4200 2723//4202 2724//4203
f 2725//4204 2726//4205 2727//4206
f 2725//4204 2727//4206 2728//4207
f 2682//4161 2681//4160 2729//4208
f 2682//4161 2729//4208 2730//4209
f 2674//4153 2673//4152 2731//4210
f 2674//4153 2731//4210 2725//4204
f 2732//4211 2733//4212 2734//4213
f 2732//4211 2734//4213 2735//4214
f 2736//4215 2737//4216 2733//4212
f 2736//4215 2733//4212 2732//4211
f 2738//4217 2739//4218 2740//4219
f 2738//4217 2740//4219 2741//4220
f 2695//4174 2742//4221 2743//4222
f 2695//4174 2743//4222 2696//4175
f 2744//4223 2745//4224 2746//4225
f 2744//4223 2746//4225 2728//4207
f 2747//4226 2748//4227 2720//4199
f 2747//4226 2720//4199 2719//4198
f 2749//4228 2750//4229 2751//4230
f 2749//4228 2751//4230 2752//4231
f 2753//4232 2754//4233 2730//4209
f 2753//4232 2730//4209 2755//4234
f 2674//4153 2746//4225 2756//4235
f 2674//4153 2756//4235 2675//4154
f 2717//4196 2689//4168 2690//4169
f 2717//4196 2690//4169 2718//4197
f 2711//4190 2713//4192 2716//4195
f 2711//4190 2716//4195 2712//4191
f 2704//4183 2707//4186 2710//4189
f 2704//4183 2710//4189 2705//4184
f 2757//4236 2727//4206 2726//4205
f 2757//4236 2726//4205 2758//4237
f 2759//4238 2760//4239 2723//4202
f 2759//4238 2723//4202 2722//4201
f 2760//4239 2738//4217 2741//4220
f 2760//4239 2741//4220 2723//4202
f 2761//4240 2762//4241 2763//4242
f 2764//4243 2748//4227 2747//4226
f 2765//4244 2766//4245 2767//4246
f 2765//4244 2767//4246 2768//4246
f 2760//4239 2757//4236 2758//4237
f 2760//4239 2758//4237 2769//4247
f 2770//4248 2759//4238 2771//4249
f 2764//4243 2772//4250 2748//4227
f 2734//4213 2759//4238 2770//4248
f 2737//4216 2762//4241 2759//4238
f 2737//4216 2759//4238 2733//4212
f 2773//4251 2774//4252 2775//4253
f 2773//4251 2775//4253 2776//4254
f 2760//4239 2769//4247 2738//4217
f 2749//4228 2752//4231 2777//4255
f 2749//4228 2777//4255 2762//4241
f 2755//4234 2778//4256 2777//4255
f 2763//4242 2762//4241 2737//4216
f 2761//4240 2749//4228 2762//4241
f 2779//4257 2774//4258 2773//4259
f 2779//4257 2773//4259 2780//4259
f 2753//4232 2755//4234 2777//4255
f 2781//4260 2782//4261 2764//4243
f 2764//4243 2747//4226 2783//4262
f 2764//4243 2783//4262 2757//4236
f 2757//4236 2783//4262 2727//4206
f 2784//4263 2697//4176 2742//4221
f 2784//4263 2742//4221 2785//4264
f 2786//4265 2763//4242 2737//4216
f 2786//4265 2737//4216 2736//4215
f 2787//4266 2769//4247 2758//4237
f 2787//4266 2758//4237 2731//4210
f 2740//4219 2714//4193 2713//4192
f 2740//4219 2713//4192 2724//4203
f 2788//4267 2695//4174 2692//4171
f 2788//4267 2692//4171 2720//4199
f 2711//4190 2708//4187 2789//4268
f 2711//4190 2789//4268 2721//4200
f 2783//4262 2744//4223 2728//4207
f 2783//4262 2728//4207 2727//4206
f 2719//4198 2691//4170 2745//4224
f 2719//4198 2745//4224 2744//4223
f 2784//4263 2781//4260 2778//4256
f 2784//4263 2778//4256 2729//4208
f 2790//4269 2677//4156 2685//4164
f 2790//4269 2685//4164 2750//4229
f 2729//4208 2778//4256 2755//4234
f 2729//4208 2755//4234 2730//4209
f 2731//4210 2758//4237 2726//4205
f 2731//4210 2726//4205 2725//4204
f 2788//4267 2772//4250 2782//4261
f 2788//4267 2782//4261 2785//4264
f 2724//4203 2723//4202 2741//4220
f 2724//4203 2741//4220 2740//4219
f 2724//4203 2713//4192 2711//4190
f 2724//4203 2711//4190 2721//4200
f 2770//4248 2791//4270 2735//4214
f 2770//4248 2735//4214 2734//4213
f 2704//4183 2703//4182 2732//4211
f 2704//4183 2732//4211 2735//4214
f 2783//4262 2747//4226 2719//4198
f 2783//4262 2719//4198 2744//4223
f 2687//4166 2678//4157 2786//4265
f 2687//4166 2786//4265 2736//4215
f 2791//4270 2770//4248 2771//4249
f 2791//4270 2771//4249 2789//4268
f 2751//4230 2701//4180 2699//4178
f 2751//4230 2699//4178 2754//4233
f 2775//4271 2765//4272 2768//4273
f 2775//4271 2768//4273 2776//4274
f 2750//4229 2685//4164 2701//4180
f 2750//4229 2701//4180 2751//4230
f 2746//4225 2745//4224 2792//4275
f 2746//4225 2792//4275 2756//4235
f 2791//4270 2707//4186 2704//4183
f 2791//4270 2704//4183 2735//4214
f 2732//4211 2703//4182 2687//4166
f 2732//4211 2687//4166 2736//4215
f 2780//4276 2793//4277 2794//4278
f 2780//4276 2794//4278 2779//4279
f 2733//4212 2759//4238 2734//4213
f 2790//4269 2761//4240 2763//4242
f 2790//4269 2763//4242 2786//4265
f 2673//4152 2689//4168 2787//4266
f 2673//4152 2787//4266 2731//4210
f 2772//4250 2788//4267 2720//4199
f 2772//4250 2720//4199 2748//4227
f 2789//4268 2708//4187 2707//4186
f 2789//4268 2707//4186 2791//4270
f 2787//4266 2689//4168 2717//4196
f 2787//4266 2717//4196 2739//4218
f 2674//4153 2725//4204 2728//4207
f 2674//4153 2728//4207 2746//4225
f 2752//4231 2753//4232 2777//4255
f 2785//4264 2742//4221 2695//4174
f 2785//4264 2695//4174 2788//4267
f 2729//4208 2681//4160 2697//4176
f 2729//4208 2697//4176 2784//4263
f 2782//4261 2772//4250 2764//4243
f 2682//4161 2730//4209 2754//4233
f 2682//4161 2754//4233 2699//4178
f 2761//4240 2790//4269 2750//4229
f 2761//4240 2750//4229 2749//4228
f 2789//4268 2771//4249 2722//4201
f 2789//4268 2722//4201 2721//4200
f 2754//4233 2753//4232 2752//4231
f 2754//4233 2752//4231 2751//4230
f 2786//4265 2678//4157 2677//4156
f 2786//4265 2677//4156 2790//4269
f 2739//4218 2717//4196 2714//4193
f 2739//4218 2714//4193 2740//4219
f 2742//4221 2697//4176 2698//4177
f 2742//4221 2698//4177 2743//4222
f 2694//4173 2792//4275 2745//4224
f 2694//4173 2745//4224 2691//4170
f 2785//4264 2782//4261 2781//4260
f 2785//4264 2781//4260 2784//4263
f 2793//4280 2767//4281 2766//4282
f 2793//4280 2766//4282 2794//4283
f 2739//4218 2738//4217 2769//4247
f 2739//4218 2769//4247 2787//4266
f 2759//4238 2722//4201 2771//4249
f 2776//4284 2768//4285 2767//4286
f 2767//4286 2793//4286 2780//4287
f 2780//4287 2773//4288 2776//4284
f 2767//4286 2780//4287 2776//4284
f 2777//4255 2764//4243 2795//4289
f 2777//4255 2795//4289 2796//4290
f 2796//4290 2795//4289 2765//4272
f 2796//4290 2765//4272 2775//4271
f 2779//4279 2794//4278 2797//4291
f 2779//4279 2797//4291 2798//4292
f 2798//4292 2797//4291 2760//4239
f 2798//4292 2760//4239 2759//4238
f 2775//4253 2774//4252 2799//4293
f 2775//4253 2799//4293 2796//4290
f 2796//4290 2799//4293 2762//4241
f 2796//4290 2762//4241 2777//4255
f 2774//4258 2779//4257 2798//4292
f 2774//4258 2798//4292 2799//4293
f 2799//4293 2798//4292 2759//4238
f 2799//4293 2759//4238 2762//4241
f 2764//4243 2757//4236 2800//4294
f 2764//4243 2800//4294 2795//4289
f 2795//4289 2800//4294 2766//4245
f 2795//4289 2766//4245 2765//4244
f 2794//4283 2766//4282 2800//4294
f 2794//4283 2800//4294 2797//4291
f 2797//4291 2800//4294 2757//4236
f 2797//4291 2757//4236 2760//4239
f 2778//4256 2781//4260 2764//4243
f 2778//4256 2764//4243 2777//4255
f 2801//4295 2802//4296 2803//4297
f 2801//4295 2803//4297 2804//4298
f 2805//4299 2806//4300 2807//4301
f 2805//4299 2807//4301 2808//4302
f 2809//4303 2810//4304 2811//4305
f 2809//4303 2811//4305 2812//4306
f 2813//4307 2805//4299 2808//4302
f 2813//4307 2808//4302 2814//4308
f 2806//4300 2815//4309 2816//4310
f 2806//4300 2816//4310 2807//4301
f 2817//4311 2801//4295 2804//4298
f 2817//4311 2804//4298 2818//4312
f 2819//4313 2820//4314 2821//4315
f 2819//4313 2821//4315 2822//4316
f 2820//4314 2823//4317 2824//4318
f 2820//4314 2824//4318 2821//4315
f 2825//4319 2809//4303 2812//4306
f 2825//4319 2812//4306 2826//4320
f 2810//4304 2827//4321 2828//4322
f 2810//4304 2828//4322 2811//4305
f 2827//4321 2829//4323 2830//4324
f 2827//4321 2830//4324 2828//4322
f 2829//4323 2813//4307 2814//4308
f 2829//4323 2814//4308 2830//4324
f 2831//4325 2832//4326 2833//4327
f 2831//4325 2833//4327 2834//4328
f 2835//4329 2836//4330 2837//4331
f 2835//4329 2837//4331 2838//4332
f 2836//4330 2839//4333 2840//4334
f 2836//4330 2840//4334 2837//4331
f 2841//4335 2842//4336 2843//4337
f 2841//4335 2843//4337 2844//4338
f 2842//4336 2845//4339 2846//4340
f 2842//4336 2846//4340 2843//4337
f 2815//4309 2831//4325 2834//4328
f 2815//4309 2834//4328 2816//4310
f 2820//4314 2819//4313 2847//4341
f 2820//4314 2847//4341 2848//4342
f 2849//4343 2850//4344 2851//4345
f 2849//4343 2851//4345 2852//4346
f 2853//4347 2854//4348 2855//4349
f 2853//4347 2855//4349 2856//4350
f 2810//4304 2809//4303 2857//4351
f 2810//4304 2857//4351 2858//4352
f 2802//4296 2801//4295 2859//4353
f 2802//4296 2859//4353 2853//4347
f 2860//4354 2861//4355 2862//4356
f 2860//4354 2862//4356 2863//4357
f 2864//4358 2865//4359 2861//4355
f 2864//4358 2861//4355 2860//4354
f 2866//4360 2867//4361 2868//4362
f 2866//4360 2868//4362 2869//4363
f 2823//4317 2870//4364 2871//4365
f 2823//4317 2871//4365 2824//4318
f 2872//4366 2873//4367 2874//4368
f 2872//4366 2874//4368 2856//4350
f 2875//4369 2876//4370 2848//4342
f 2875//4369 2848//4342 2847//4341
f 2877//4371 2878//4372 2879//4373
f 2877//4371 2879//4373 2880//4374
f 2881//4375 2882//4376 2858//4352
f 2881//4375 2858//4352 2883//4377
f 2802//4296 2874//4368 2884//4378
f 2802//4296 2884//4378 2803//4297
f 2845//4339 2817//4311 2818//4312
f 2845//4339 2818//4312 2846//4340
f 2839//4333 2841//4335 2844//4338
f 2839//4333 2844//4338 2840//4334
f 2832//4326 2835//4329 2838//4332
f 2832//4326 2838//4332 2833//4327
f 2885//4379 2855//4349 2854//4348
f 2885//4379 2854//4348 2886//4380
f 2887//4381 2888//4382 2851//4345
f 2887//4381 2851//4345 2850//4344
f 2888//4382 2866//4360 2869//4363
f 2888//4382 2869//4363 2851//4345
f 2889//4383 2890//4384 2891//4385
f 2892//4386 2876//4370 2875//4369
f 2893//4387 2894//4388 2895//4389
f 2893//4387 2895//4389 2896//4389
f 2888//4382 2885//4379 2886//4380
f 2888//4382 2886//4380 2897//4390
f 2898//4391 2887//4381 2899//4392
f 2892//4386 2900//4393 2876//4370
f 2862//4356 2887//4381 2898//4391
f 2865//4359 2890//4384 2887//4381
f 2865//4359 2887//4381 2861//4355
f 2901//4394 2902//4395 2903//4396
f 2901//4394 2903//4396 2904//4394
f 2888//4382 2897//4390 2866//4360
f 2877//4371 2880//4374 2905//4397
f 2877//4371 2905//4397 2890//4384
f 2883//4377 2906//4398 2905//4397
f 2891//4385 2890//4384 2865//4359
f 2889//4383 2877//4371 2890//4384
f 2907//4399 2902//4400 2901//4316
f 2907//4399 2901//4316 2908//4316
f 2881//4375 2883//4377 2905//4397
f 2909//4401 2910//4402 2892//4386
f 2892//4386 2875//4369 2911//4403
f 2892//4386 2911//4403 2885//4379
f 2885//4379 2911//4403 2855//4349
f 2912//4404 2825//4319 2870//4364
f 2912//4404 2870//4364 2913//4405
f 2914//4406 2891//4385 2865//4359
f 2914//4406 2865//4359 2864//4358
f 2915//4407 2897//4390 2886//4380
f 2915//4407 2886//4380 2859//4353
f 2868//4362 2842//4336 2841//4335
f 2868//4362 2841//4335 2852//4346
f 2916//4408 2823//4317 2820//4314
f 2916//4408 2820//4314 2848//4342
f 2839//4333 2836//4330 2917//4409
f 2839//4333 2917//4409 2849//4343
f 2911//4403 2872//4366 2856//4350
f 2911//4403 2856//4350 2855//4349
f 2847//4341 2819//4313 2873//4367
f 2847//4341 2873//4367 2872//4366
f 2912//4404 2909//4401 2906//4398
f 2912//4404 2906//4398 2857//4351
f 2918//4410 2805//4299 2813//4307
f 2918//4410 2813//4307 2878//4372
f 2857//4351 2906//4398 2883//4377
f 2857//4351 2883//4377 2858//4352
f 2859//4353 2886//4380 2854//4348
f 2859//4353 2854//4348 2853//4347
f 2916//4408 2900//4393 2910//4402
f 2916//4408 2910//4402 2913//4405
f 2852//4346 2851//4345 2869//4363
f 2852//4346 2869//4363 2868//4362
f 2852//4346 2841//4335 2839//4333
f 2852//4346 2839//4333 2849//4343
f 2898//4391 2919//4411 2863//4357
f 2898//4391 2863//4357 2862//4356
f 2832//4326 2831//4325 2860//4354
f 2832//4326 2860//4354 2863//4357
f 2911//4403 2875//4369 2847//4341
f 2911//4403 2847//4341 2872//4366
f 2815//4309 2806//4300 2914//4406
f 2815//4309 2914//4406 2864//4358
f 2919//4411 2898//4391 2899//4392
f 2919//4411 2899//4392 2917//4409
f 2879//4373 2829//4323 2827//4321
f 2879//4373 2827//4321 2882//4376
f 2903//4412 2893//4413 2896//4414
f 2903//4412 2896//4414 2904//4415
f 2878//4372 2813//4307 2829//4323
f 2878//4372 2829//4323 2879//4373
f 2874//4368 2873//4367 2920//4416
f 2874//4368 2920//4416 2884//4378
f 2919//4411 2835//4329 2832//4326
f 2919//4411 2832//4326 2863//4357
f 2860//4354 2831//4325 2815//4309
f 2860//4354 2815//4309 2864//4358
f 2908//4417 2921//4418 2922//4419
f 2908//4417 2922//4419 2907//4420
f 2861//4355 2887//4381 2862//4356
f 2918//4410 2889//4383 2891//4385
f 2918//4410 2891//4385 2914//4406
f 2801//4295 2817//4311 2915//4407
f 2801//4295 2915//4407 2859//4353
f 2900//4393 2916//4408 2848//4342
f 2900//4393 2848//4342 2876//4370
f 2917//4409 2836//4330 2835//4329
f 2917//4409 2835//4329 2919//4411
f 2915//4407 2817//4311 2845//4339
f 2915//4407 2845//4339 2867//4361
f 2802//4296 2853//4347 2856//4350
f 2802//4296 2856//4350 2874//4368
f 2880//4374 2881//4375 2905//4397
f 2913//4405 2870//4364 2823//4317
f 2913//4405 2823//4317 2916//4408
f 2857//4351 2809//4303 2825//4319
f 2857//4351 2825//4319 2912//4404
f 2910//4402 2900//4393 2892//4386
f 2810//4304 2858//4352 2882//4376
f 2810//4304 2882//4376 2827//4321
f 2889//4383 2918//4410 2878//4372
f 2889//4383 2878//4372 2877//4371
f 2917//4409 2899//4392 2850//4344
f 2917//4409 2850//4344 2849//4343
f 2882//4376 2881//4375 2880//4374
f 2882//4376 2880//4374 2879//4373
f 2914//4406 2806//4300 2805//4299
f 2914//4406 2805//4299 2918//4410
f 2867//4361 2845//4339 2842//4336
f 2867//4361 2842//4336 2868//4362
f 2870//4364 2825//4319 2826//4320
f 2870//4364 2826//4320 2871//4365
f 2822//4316 2920//4416 2873//4367
f 2822//4316 2873//4367 2819//4313
f 2913//4405 2910//4402 2909//4401
f 2913//4405 2909//4401 2912//4404
f 2921//4421 2895//4421 2894//4422
f 2921//4421 2894//4422 2922//4423
f 2867//4361 2866//4360 2897//4390
f 2867//4361 2897//4390 2915//4407
f 2887//4381 2850//4344 2899//4392
f 2904//4424 2896//4425 2895//4424
f 2895//4424 2921//4424 2908//4424
f 2908//4424 2901//4424 2904//4424
f 2895//4424 2908//4424 2904//4424
f 2905//4397 2892//4386 2923//4426
f 2905//4397 2923//4426 2924//4427
f 2924//4427 2923//4426 2893//4413
f 2924//4427 2893//4413 2903//4412
f 2907//4420 2922//4419 2925//4428
f 2907//4420 2925//4428 2926//4429
f 2926//4429 2925//4428 2888//4382
f 2926//4429 2888//4382 2887//4381
f 2903//4396 2902//4395 2927//4430
f 2903//4396 2927//4430 2924//4427
f 2924//4427 2927//4430 2890//4384
f 2924//4427 2890//4384 2905//4397
f 2902//4400 2907//4399 2926//4429
f 2902//4400 2926//4429 2927//4430
f 2927//4430 2926//4429 2887//4381
f 2927//4430 2887//4381 2890//4384
f 2892//4386 2885//4379 2928//4431
f 2892//4386 2928//4431 2923//4426
f 2923//4426 2928//4431 2894//4388
f 2923//4426 2894//4388 2893//4387
f 2922//4423 2894//4422 2928//4431
f 2922//4423 2928//4431 2925//4428
f 2925//4428 2928//4431 2885//4379
f 2925//4428 2885//4379 2888//4382
f 2906//4398 2909//4401 2892//4386
f 2906//4398 2892//4386 2905//4397
f 2929//4432 2930//4433 2931//4434
f 2929//4432 2931//4434 2932//4435
f 2933//4436 2934//4437 2935//4438
f 2933//4436 2935//4438 2936//4439
f 2937//4440 2938//4441 2939//4442
f 2937//4440 2939//4442 2940//4443
f 2941//4444 2933//4436 2936//4439
f 2941//4444 2936//4439 2942//4445
f 2934//4437 2943//4446 2944//4447
f 2934//4437 2944//4447 2935//4438
f 2945//4448 2929//4432 2932//4435
f 2945//4448 2932//4435 2946//4449
f 2947//4450 2948//4451 2949//4452
f 2947//4450 2949//4452 2950//4453
f 2948//4451 2951//4454 2952//4455
f 2948//4451 2952//4455 2949//4452
f 2953//4456 2937//4440 2940//4443
f 2953//4456 2940//4443 2954//4457
f 2938//4441 2955//4458 2956//4459
f 2938//4441 2956//4459 2939//4442
f 2955//4458 2957//4460 2958//4461
f 2955//4458 2958//4461 2956//4459
f 2957//4460 2941//4444 2942//4445
f 2957//4460 2942//4445 2958//4461
f 2959//4462 2960//4463 2961//4464
f 2959//4462 2961//4464 2962//4465
f 2963//4466 2964//4467 2965//4468
f 2963//4466 2965//4468 2966//4469
f 2964//4467 2967//4470 2968//4471
f 2964//4467 2968//4471 2965//4468
f 2969//4472 2970//4473 2971//4474
f 2969//4472 2971//4474 2972//4475
f 2970//4473 2973//4476 2974//4477
f 2970//4473 2974//4477 2971//4474
f 2943//4446 2959//4462 2962//4465
f 2943//4446 2962//4465 2944//4447
f 2948//4451 2947//4450 2975//4478
f 2948//4451 2975//4478 2976//4479
f 2977//4480 2978//4481 2979//4482
f 2977//4480 2979//4482 2980//4483
f 2981//4484 2982//4485 2983//4486
f 2981//4484 2983//4486 2984//4487
f 2938//4441 2937//4440 2985//4488
f 2938//4441 2985//4488 2986//4489
f 2930//4433 2929//4432 2987//4490
f 2930//4433 2987//4490 2981//4484
f 2988//4491 2989//4492 2990//4493
f 2988//4491 2990//4493 2991//4494
f 2992//4495 2993//4496 2989//4492
f 2992//4495 2989//4492 2988//4491
f 2994//4497 2995//4498 2996//4499
f 2994//4497 2996//4499 2997//4500
f 2951//4454 2998//4501 2999//4502
f 2951//4454 2999//4502 2952//4455
f 3000//4503 3001//4504 3002//4505
f 3000//4503 3002//4505 2984//4487
f 3003//4506 3004//4507 2976//4479
f 3003//4506 2976//4479 2975//4478
f 3005//4508 3006//4509 3007//4510
f 3005//4508 3007//4510 3008//4511
f 3009//4512 3010//4513 2986//4489
f 3009//4512 2986//4489 3011//4514
f 2930//4433 3002//4505 3012//4515
f 2930//4433 3012//4515 2931//4434
f 2973//4476 2945//4448 2946//4449
f 2973//4476 2946//4449 2974//4477
f 2967//4470 2969//4472 2972//4475
f 2967//4470 2972//4475 2968//4471
f 2960//4463 2963//4466 2966//4469
f 2960//4463 2966//4469 2961//4464
f 3013//4516 2983//4486 2982//4485
f 3013//4516 2982//4485 3014//4517
f 3015//4518 3016//4519 2979//4482
f 3015//4518 2979//4482 2978//4481
f 3016//4519 2994//4497 2997//4500
f 3016//4519 2997//4500 2979//4482
f 3017//4520 3018//4521 3019//4522
f 3020//4523 3004//4507 3003//4506
f 3021//4524 3022//4525 3023//4526
f 3021//4524 3023//4526 3024//4526
f 3016//4519 3013//4516 3014//4517
f 3016//4519 3014//4517 3025//4527
f 3026//4528 3015//4518 3027//4529
f 3020//4523 3028//4530 3004//4507
f 2990//4493 3015//4518 3026//4528
f 2993//4496 3018//4521 3015//4518
f 2993//4496 3015//4518 2989//4492
f 3029//4531 3030//4532 3031//4533
f 3029//4531 3031//4533 3032//4531
f 3016//4519 3025//4527 2994//4497
f 3005//4508 3008//4511 3033//4534
f 3005//4508 3033//4534 3018//4521
f 3011//4514 3034//4535 3033//4534
f 3019//4522 3018//4521 2993//4496
f 3017//4520 3005//4508 3018//4521
f 3035//4536 3030//4537 3029//4538
f 3035//4536 3029//4538 3036//4538
f 3009//4512 3011//4514 3033//4534
f 3037//4539 3038//4540 3020//4523
f 3020//4523 3003//4506 3039//4541
f 3020//4523 3039//4541 3013//4516
f 3013//4516 3039//4541 2983//4486
f 3040//4542 2953//4456 2998//4501
f 3040//4542 2998//4501 3041//4543
f 3042//4544 3019//4522 2993//4496
f 3042//4544 2993//4496 2992//4495
f 3043//4545 3025//4527 3014//4517
f 3043//4545 3014//4517 2987//4490
f 2996//4499 2970//4473 2969//4472
f 2996//4499 2969//4472 2980//4483
f 3044//4546 2951//4454 2948//4451
f 3044//4546 2948//4451 2976//4479
f 2967//4470 2964//4467 3045//4547
f 2967//4470 3045//4547 2977//4480
f 3039//4541 3000//4503 2984//4487
f 3039//4541 2984//4487 2983//4486
f 2975//4478 2947//4450 3001//4504
f 2975//4478 3001//4504 3000//4503
f 3040//4542 3037//4539 3034//4535
f 3040//4542 3034//4535 2985//4488
f 3046//4548 2933//4436 2941//4444
f 3046//4548 2941//4444 3006//4509
f 2985//4488 3034//4535 3011//4514
f 2985//4488 3011//4514 2986//4489
f 2987//4490 3014//4517 2982//4485
f 2987//4490 2982//4485 2981//4484
f 3044//4546 3028//4530 3038//4540
f 3044//4546 3038//4540 3041//4543
f 2980//4483 2979//4482 2997//4500
f 2980//4483 2997//4500 2996//4499
f 2980//4483 2969//4472 2967//4470
f 2980//4483 2967//4470 2977//4480
f 3026//4528 3047//4549 2991//4494
f 3026//4528 2991//4494 2990//4493
f 2960//4463 2959//4462 2988//4491
f 2960//4463 2988//4491 2991//4494
f 3039//4541 3003//4506 2975//4478
f 3039//4541 2975//4478 3000//4503
f 2943//4446 2934//4437 3042//4544
f 2943//4446 3042//4544 2992//4495
f 3047//4549 3026//4528 3027//4529
f 3047//4549 3027//4529 3045//4547
f 3007//4510 2957//4460 2955//4458
f 3007//4510 2955//4458 3010//4513
f 3031//4550 3021//4551 3024//4552
f 3031//4550 3024//4552 3032//4553
f 3006//4509 2941//4444 2957//4460
f 3006//4509 2957//4460 3007//4510
f 3002//4505 3001//4504 3048//4554
f 3002//4505 3048//4554 3012//4515
f 3047//4549 2963//4466 2960//4463
f 3047//4549 2960//4463 2991//4494
f 2988//4491 2959//4462 2943//4446
f 2988//4491 2943//4446 2992//4495
f 3036//4555 3049//4556 3050//4557
f 3036//4555 3050//4557 3035//4558
f 2989//4492 3015//4518 2990//4493
f 3046//4548 3017//4520 3019//4522
f 3046//4548 3019//4522 3042//4544
f 2929//4432 2945//4448 3043//4545
f 2929//4432 3043//4545 2987//4490
f 3028//4530 3044//4546 2976//4479
f 3028//4530 2976//4479 3004//4507
f 3045//4547 2964//4467 2963//4466
f 3045//4547 2963//4466 3047//4549
f 3043//4545 2945//4448 2973//4476
f 3043//4545 2973//4476 2995//4498
f 2930//4433 2981//4484 2984//4487
f 2930//4433 2984//4487 3002//4505
f 3008//4511 3009//4512 3033//4534
f 3041//4543 2998//4501 2951//4454
f 3041//4543 2951//4454 3044//4546
f 2985//4488 2937//4440 2953//4456
f 2985//4488 2953//4456 3040//4542
f 3038//4540 3028//4530 3020//4523
f 2938//4441 2986//4489 3010//4513
f 2938//4441 3010//4513 2955//4458
f 3017//4520 3046//4548 3006//4509
f 3017//4520 3006//4509 3005//4508
f 3045//4547 3027//4529 2978//4481
f 3045//4547 2978//4481 2977//4480
f 3010//4513 3009//4512 3008//4511
f 3010//4513 3008//4511 3007//4510
f 3042//4544 2934//4437 2933//4436
f 3042//4544 2933//4436 3046//4548
f 2995//4498 2973//4476 2970//4473
f 2995//4498 2970//4473 2996//4499
f 2998//4501 2953//4456 2954//4457
f 2998//4501 2954//4457 2999//4502
f 2950//4453 3048//4554 3001//4504
f 2950//4453 3001//4504 2947//4450
f 3041//4543 3038//4540 3037//4539
f 3041//4543 3037//4539 3040//4542
f 3049//4559 3023//4559 3022//4560
f 3049//4559 3022//4560 3050//4561
f 2995//4498 2994//4497 3025//4527
f 2995//4498 3025//4527 3043//4545
f 3015//4518 2978//4481 3027//4529
f 3032//4562 3024//4563 3023//4562
f 3023//4562 3049//4564 3036//4562
f 3036//4562 3029//4563 3032//4562
f 3023//4562 3036//4562 3032//4562
f 3033//4534 3020//4523 3051//4565
f 3033//4534 3051//4565 3052//4566
f 3052//4566 3051//4565 3021//4551
f 3052//4566 3021//4551 3031//4550
f 3035//4558 3050//4557 3053//4567
f 3035//4558 3053//4567 3054//4568
f 3054//4568 3053//4567 3016//4519
f 3054//4568 3016//4519 3015//4518
f 3031//4533 3030//4532 3055//4569
f 3031//4533 3055//4569 3052//4566
f 3052//4566 3055//4569 3018//4521
f 3052//4566 3018//4521 3033//4534
f 3030//4537 3035//4536 3054//4568
f 3030//4537 3054//4568 3055//4569
f 3055//4569 3054//4568 3015//4518
f 3055//4569 3015//4518 3018//4521
f 3020//4523 3013//4516 3056//4570
f 3020//4523 3056//4570 3051//4565
f 3051//4565 3056//4570 3022//4525
f 3051//4565 3022//4525 3021//4524
f 3050//4561 3022//4560 3056//4570
f 3050//4561 3056//4570 3053//4567
f 3053//4567 3056//4570 3013//4516
f 3053//4567 3013//4516 3016//4519
f 3034//4535 3037//4539 3020//4523
f 3034//4535 3020//4523 3033//4534
f 3057//4571 3058//4572 3059//4573
f 3057//4571 3059//4573 3060//4574
f 3061//4575 3062//4576 3063//4577
f 3061//4575 3063//4577 3064//4578
f 3065//4579 3066//4580 3067//4581
f 3065//4579 3067//4581 3068//4582
f 3069//4583 3061//4575 3064//4578
f 3069//4583 3064//4578 3070//4584
f 3062//4576 3071//4585 3072//4586
f 3062//4576 3072//4586 3063//4577
f 3073//4587 3057//4571 3060//4574
f 3073//4587 3060//4574 3074//4588
f 3075//4589 3076//4590 3077//4591
f 3075//4589 3077//4591 3078//4592
f 3076//4590 3079//4593 3080//4594
f 3076//4590 3080//4594 3077//4591
f 3081//4595 3065//4579 3068//4582
f 3081//4595 3068//4582 3082//4596
f 3066//4580 3083//4597 3084//4598
f 3066//4580 3084//4598 3067//4581
f 3083//4597 3085//4599 3086//4600
f 3083//4597 3086//4600 3084//4598
f 3085//4599 3069//4583 3070//4584
f 3085//4599 3070//4584 3086//4600
f 3087//4601 3088//4602 3089//4603
f 3087//4601 3089//4603 3090//4604
f 3091//4605 3092//4606 3093//4607
f 3091//4605 3093//4607 3094//4608
f 3092//4606 3095//4609 3096//4610
f 3092//4606 3096//4610 3093//4607
f 3097//4611 3098//4612 3099//4613
f 3097//4611 3099//4613 3100//4614
f 3098//4612 3101//4615 3102//4616
f 3098//4612 3102//4616 3099//4613
f 3071//4585 3087//4601 3090//4604
f 3071//4585 3090//4604 3072//4586
f 3076//4590 3075//4589 3103//4617
f 3076//4590 3103//4617 3104//4618
f 3105//4619 3106//4620 3107//4621
f 3105//4619 3107//4621 3108//4622
f 3109//4623 3110//4624 3111//4625
f 3109//4623 3111//4625 3112//4626
f 3066//4580 3065//4579 3113//4627
f 3066//4580 3113//4627 3114//4628
f 3058//4572 3057//4571 3115//4629
f 3058//4572 3115//4629 3109//4623
f 3116//4630 3117//4631 3118//4632
f 3116//4630 3118//4632 3119//4633
f 3120//4634 3121//4635 3117//4631
f 3120//4634 3117//4631 3116//4630
f 3122//4636 3123//4637 3124//4638
f 3122//4636 3124//4638 3125//4639
f 3079//4593 3126//4640 3127//4641
f 3079//4593 3127//4641 3080//4594
f 3128//4642 3129//4643 3130//4644
f 3128//4642 3130//4644 3112//4626
f 3131//4645 3132//4646 3104//4618
f 3131//4645 3104//4618 3103//4617
f 3133//4647 3134//4648 3135//4649
f 3133//4647 3135//4649 3136//4650
f 3137//4651 3138//4652 3114//4628
f 3137//4651 3114//4628 3139//4653
f 3058//4572 3130//4644 3140//4654
f 3058//4572 3140//4654 3059//4573
f 3101//4615 3073//4587 3074//4588
f 3101//4615 3074//4588 3102//4616
f 3095//4609 3097//4611 3100//4614
f 3095//4609 3100//4614 3096//4610
f 3088//4602 3091//4605 3094//4608
f 3088//4602 3094//4608 3089//4603
f 3141//4655 3111//4625 3110//4624
f 3141//4655 3110//4624 3142//4656
f 3143//4657 3144//4658 3107//4621
f 3143//4657 3107//4621 3106//4620
f 3144//4658 3122//4636 3125//4639
f 3144//4658 3125//4639 3107//4621
f 3145//4659 3146//4660 3147//4661
f 3148//4662 3132//4646 3131//4645
f 3149//4663 3150//4664 3151//4665
f 3149//4663 3151//4665 3152//4665
f 3144//4658 3141//4655 3142//4656
f 3144//4658 3142//4656 3153//4666
f 3154//4667 3143//4657 3155//4668
f 3148//4662 3156//4669 3132//4646
f 3118//4632 3143//4657 3154//4667
f 3121//4635 3146//4660 3143//4657
f 3121//4635 3143//4657 3117//4631
f 3157//4670 3158//4671 3159//4672
f 3157//4670 3159//4672 3160//4670
f 3144//4658 3153//4666 3122//4636
f 3133//4647 3136//4650 3161//4673
f 3133//4647 3161//4673 3146//4660
f 3139//4653 3162//4674 3161//4673
f 3147//4661 3146//4660 3121//4635
f 3145//4659 3133//4647 3146//4660
f 3163//4675 3158//4676 3157//4677
f 3163//4675 3157//4677 3164//4677
f 3137//4651 3139//4653 3161//4673
f 3165//4678 3166//4679 3148//4662
f 3148//4662 3131//4645 3167//4680
f 3148//4662 3167//4680 3141//4655
f 3141//4655 3167//4680 3111//4625
f 3168//4681 3081//4595 3126//4640
f 3168//4681 3126//4640 3169//4682
f 3170//4683 3147//4661 3121//4635
f 3170//4683 3121//4635 3120//4634
f 3171//4684 3153//4666 3142//4656
f 3171//4684 3142//4656 3115//4629
f 3124//4638 3098//4612 3097//4611
f 3124//4638 3097//4611 3108//4622
f 3172//4685 3079//4593 3076//4590
f 3172//4685 3076//4590 3104//4618
f 3095//4609 3092//4606 3173//4686
f 3095//4609 3173//4686 3105//4619
f 3167//4680 3128//4642 3112//4626
f 3167//4680 3112//4626 3111//4625
f 3103//4617 3075//4589 3129//4643
f 3103//4617 3129//4643 3128//4642
f 3168//4681 3165//4678 3162//4674
f 3168//4681 3162//4674 3113//4627
f 3174//4687 3061//4575 3069//4583
f 3174//4687 3069//4583 3134//4648
f 3113//4627 3162//4674 3139//4653
f 3113//4627 3139//4653 3114//4628
f 3115//4629 3142//4656 3110//4624
f 3115//4629 3110//4624 3109//4623
f 3172//4685 3156//4669 3166//4679
f 3172//4685 3166//4679 3169//4682
f 3108//4622 3107//4621 3125//4639
f 3108//4622 3125//4639 3124//4638
f 3108//4622 3097//4611 3095//4609
f 3108//4622 3095//4609 3105//4619
f 3154//4667 3175//4688 3119//4633
f 3154//4667 3119//4633 3118//4632
f 3088//4602 3087//4601 3116//4630
f 3088//4602 3116//4630 3119//4633
f 3167//4680 3131//4645 3103//4617
f 3167//4680 3103//4617 3128//4642
f 3071//4585 3062//4576 3170//4683
f 3071//4585 3170//4683 3120//4634
f 3175//4688 3154//4667 3155//4668
f 3175//4688 3155//4668 3173//4686
f 3135//4649 3085//4599 3083//4597
f 3135//4649 3083//4597 3138//4652
f 3159//4689 3149//4690 3152//4691
f 3159//4689 3152//4691 3160//4691
f 3134//4648 3069//4583 3085//4599
f 3134//4648 3085//4599 3135//4649
f 3130//4644 3129//4643 3176//4692
f 3130//4644 3176//4692 3140//4654
f 3175//4688 3091//4605 3088//4602
f 3175//4688 3088//4602 3119//4633
f 3116//4630 3087//4601 3071//4585
f 3116//4630 3071//4585 3120//4634
f 3164//4693 3177//4693 3178//4694
f 3164//4693 3178//4694 3163//4695
f 3117//4631 3143//4657 3118//4632
f 3174//4687 3145//4659 3147//4661
f 3174//4687 3147//4661 3170//4683
f 3057//4571 3073//4587 3171//4684
f 3057//4571 3171//4684 3115//4629
f 3156//4669 3172//4685 3104//4618
f 3156//4669 3104//4618 3132//4646
f 3173//4686 3092//4606 3091//4605
f 3173//4686 3091//4605 3175//4688
f 3171//4684 3073//4587 3101//4615
f 3171//4684 3101//4615 3123//4637
f 3058//4572 3109//4623 3112//4626
f 3058//4572 3112//4626 3130//4644
f 3136//4650 3137//4651 3161//4673
f 3169//4682 3126//4640 3079//4593
f 3169//4682 3079//4593 3172//4685
f 3113//4627 3065//4579 3081//4595
f 3113//4627 3081//4595 3168//4681
f 3166//4679 3156//4669 3148//4662
f 3066//4580 3114//4628 3138//4652
f 3066//4580 3138//4652 3083//4597
f 3145//4659 3174//4687 3134//4648
f 3145//4659 3134//4648 3133//4647
f 3173//4686 3155//4668 3106//4620
f 3173//4686 3106//4620 3105//4619
f 3138//4652 3137//4651 3136//4650
f 3138//4652 3136//4650 3135//4649
f 3170//4683 3062//4576 3061//4575
f 3170//4683 3061//4575 3174//4687
f 3123//4637 3101//4615 3098//4612
f 3123//4637 3098//4612 3124//4638
f 3126//4640 3081//4595 3082//4596
f 3126//4640 3082//4596 3127//4641
f 3078//4592 3176//4692 3129//4643
f 3078//4592 3129//4643 3075//4589
f 3169//4682 3166//4679 3165//4678
f 3169//4682 3165//4678 3168//4681
f 3177//4696 3151//4696 3150//4697
f 3177//4696 3150//4697 3178//4698
f 3123//4637 3122//4636 3153//4666
f 3123//4637 3153//4666 3171//4684
f 3143//4657 3106//4620 3155//4668
f 3160//4699 3152//4699 3151//4699
f 3151//4699 3177//4700 3164//4701
f 3164//4701 3157//4701 3160//4699
f 3151//4699 3164//4701 3160//4699
f 3161//4673 3148//4662 3179//4702
f 3161//4673 3179//4702 3180//4703
f 3180//4703 3179//4702 3149//4690
f 3180//4703 3149//4690 3159//4689
f 3163//4695 3178//4694 3181//4704
f 3163//4695 3181//4704 3182//4705
f 3182//4705 3181//4704 3144//4658
f 3182//4705 3144//4658 3143//4657
f 3159//4672 3158//4671 3183//4706
f 3159//4672 3183//4706 3180//4703
f 3180//4703 3183//4706 3146//4660
f 3180//4703 3146//4660 3161//4673
f 3158//4676 3163//4675 3182//4705
f 3158//4676 3182//4705 3183//4706
f 3183//4706 3182//4705 3143//4657
f 3183//4706 3143//4657 3146//4660
f 3148//4662 3141//4655 3184//4707
f 3148//4662 3184//4707 3179//4702
f 3179//4702 3184//4707 3150//4664
f 3179//4702 3150//4664 3149//4663
f 3178//4698 3150//4697 3184//4707
f 3178//4698 3184//4707 3181//4704
f 3181//4704 3184//4707 3141//4655
f 3181//4704 3141//4655 3144//4658
f 3162//4674 3165//4678 3148//4662
f 3162//4674 3148//4662 3161//4673
f 3185//4708 3186//4709 3187//4710
f 3185//4708 3187//4710 3188//4711
f 3189//4712 3190//4713 3191//4714
f 3189//4712 3191//4714 3192//4715
f 3193//4716 3194//4717 3195//4718
f 3193//4716 3195//4718 3196//4719
f 3197//4720 3189//4712 3192//4715
f 3197//4720 3192//4715 3198//4721
f 3190//4713 3199//4722 3200//4723
f 3190//4713 3200//4723 3191//4714
f 3201//4724 3185//4708 3188//4711
f 3201//4724 3188//4711 3202//4725
f 3203//4726 3204//4727 3205//4728
f 3203//4726 3205//4728 3206//4729
f 3204//4727 3207//4730 3208//4731
f 3204//4727 3208//4731 3205//4728
f 3209//4732 3193//4716 3196//4719
f 3209//4732 3196//4719 3210//4733
f 3194//4717 3211//4734 3212//4735
f 3194//4717 3212//4735 3195//4718
f 3211//4734 3213//4736 3214//4737
f 3211//4734 3214//4737 3212//4735
f 3213//4736 3197//4720 3198//4721
f 3213//4736 3198//4721 3214//4737
f 3215//4738 3216//4739 3217//4740
f 3215//4738 3217//4740 3218//4741
f 3219//4742 3220//4743 3221//4744
f 3219//4742 3221//4744 3222//4745
f 3220//4743 3223//4746 3224//4747
f 3220//4743 3224//4747 3221//4744
f 3225//4748 3226//4749 3227//4750
f 3225//4748 3227//4750 3228//4751
f 3226//4749 3229//4752 3230//4753
f 3226//4749 3230//4753 3227//4750
f 3199//4722 3215//4738 3218//4741
f 3199//4722 3218//4741 3200//4723
f 3204//4727 3203//4726 3231//4754
f 3204//4727 3231//4754 3232//4755
f 3233//4756 3234//4757 3235//4758
f 3233//4756 3235//4758 3236//4759
f 3237//4760 3238//4761 3239//4762
f 3237//4760 3239//4762 3240//4763
f 3194//4717 3193//4716 3241//4764
f 3194//4717 3241//4764 3242//4765
f 3186//4709 3185//4708 3243//4766
f 3186//4709 3243//4766 3237//4760
f 3244//4767 3245//4768 3246//4769
f 3244//4767 3246//4769 3247//4770
f 3248//4771 3249//4772 3245//4768
f 3248//4771 3245//4768 3244//4767
f 3250//4773 3251//4774 3252//4775
f 3250//4773 3252//4775 3253//4776
f 3207//4730 3254//4777 3255//4778
f 3207//4730 3255//4778 3208//4731
f 3256//4779 3257//4780 3258//4781
f 3256//4779 3258//4781 3240//4763
f 3259//4782 3260//4783 3232//4755
f 3259//4782 3232//4755 3231//4754
f 3261//4784 3262//4785 3263//4786
f 3261//4784 3263//4786 3264//4787
f 3265//4788 3266//4789 3242//4765
f 3265//4788 3242//4765 3267//4790
f 3186//4709 3258//4781 3268//4791
f 3186//4709 3268//4791 3187//4710
f 3229//4752 3201//4724 3202//4725
f 3229//4752 3202//4725 3230//4753
f 3223//4746 3225//4748 3228//4751
f 3223//4746 3228//4751 3224//4747
f 3216//4739 3219//4742 3222//4745
f 3216//4739 3222//4745 3217//4740
f 3269//4792 3239//4762 3238//4761
f 3269//4792 3238//4761 3270//4793
f 3271//4794 3272//4795 3235//4758
f 3271//4794 3235//4758 3234//4757
f 3272//4795 3250//4773 3253//4776
f 3272//4795 3253//4776 3235//4758
f 3273//4796 3274//4797 3275//4798
f 3276//4799 3260//4783 3259//4782
f 3277//4800 3278//4801 3279//4802
f 3277//4800 3279//4802 3280//4802
f 3272//4795 3269//4792 3270//4793
f 3272//4795 3270//4793 3281//4803
f 3282//4804 3271//4794 3283//4805
f 3276//4799 3284//4806 3260//4783
f 3246//4769 3271//4794 3282//4804
f 3249//4772 3274//4797 3271//4794
f 3249//4772 3271//4794 3245//4768
f 3285//4807 3286//4808 3287//4809
f 3285//4807 3287//4809 3288//4810
f 3272//4795 3281//4803 3250//4773
f 3261//4784 3264//4787 3289//4811
f 3261//4784 3289//4811 3274//4797
f 3267//4790 3290//4812 3289//4811
f 3275//4798 3274//4797 3249//4772
f 3273//4796 3261//4784 3274//4797
f 3291//4813 3286//4814 3285//4815
f 3291//4813 3285//4815 3292//4816
f 3265//4788 3267//4790 3289//4811
f 3293//4817 3294//4818 3276//4799
f 3276//4799 3259//4782 3295//4819
f 3276//4799 3295//4819 3269//4792
f 3269//4792 3295//4819 3239//4762
f 3296//4820 3209//4732 3254//4777
f 3296//4820 3254//4777 3297//4821
f 3298//4822 3275//4798 3249//4772
f 3298//4822 3249//4772 3248//4771
f 3299//4823 3281//4803 3270//4793
f 3299//4823 3270//4793 3243//4766
f 3252//4775 3226//4749 3225//4748
f 3252//4775 3225//4748 3236//4759
f 3300//4824 3207//4730 3204//4727
f 3300//4824 3204//4727 3232//4755
f 3223//4746 3220//4743 3301//4825
f 3223//4746 3301//4825 3233//4756
f 3295//4819 3256//4779 3240//4763
f 3295//4819 3240//4763 3239//4762
f 3231//4754 3203//4726 3257//4780
f 3231//4754 3257//4780 3256//4779
f 3296//4820 3293//4817 3290//4812
f 3296//4820 3290//4812 3241//4764
f 3302//4826 3189//4712 3197//4720
f 3302//4826 3197//4720 3262//4785
f 3241//4764 3290//4812 3267//4790
f 3241//4764 3267//4790 3242//4765
f 3243//4766 3270//4793 3238//4761
f 3243//4766 3238//4761 3237//4760
f 3300//4824 3284//4806 3294//4818
f 3300//4824 3294//4818 3297//4821
f 3236//4759 3235//4758 3253//4776
f 3236//4759 3253//4776 3252//4775
f 3236//4759 3225//4748 3223//4746
f 3236//4759 3223//4746 3233//4756
f 3282//4804 3303//4827 3247//4770
f 3282//4804 3247//4770 3246//4769
f 3216//4739 3215//4738 3244//4767
f 3216//4739 3244//4767 3247//4770
f 3295//4819 3259//4782 3231//4754
f 3295//4819 3231//4754 3256//4779
f 3199//4722 3190//4713 3298//4822
f 3199//4722 3298//4822 3248//4771
f 3303//4827 3282//4804 3283//4805
f 3303//4827 3283//4805 3301//4825
f 3263//4786 3213//4736 3211//4734
f 3263//4786 3211//4734 3266//4789
f 3287//4828 3277//4829 3280//4830
f 3287//4828 3280//4830 3288//4830
f 3262//4785 3197//4720 3213//4736
f 3262//4785 3213//4736 3263//4786
f 3258//4781 3257//4780 3304//4831
f 3258//4781 3304//4831 3268//4791
f 3303//4827 3219//4742 3216//4739
f 3303//4827 3216//4739 3247//4770
f 3244//4767 3215//4738 3199//4722
f 3244//4767 3199//4722 3248//4771
f 3292//4832 3305//4833 3306//4834
f 3292//4832 3306//4834 3291//4835
f 3245//4768 3271//4794 3246//4769
f 3302//4826 3273//4796 3275//4798
f 3302//4826 3275//4798 3298//4822
f 3185//4708 3201//4724 3299//4823
f 3185//4708 3299//4823 3243//4766
f 3284//4806 3300//4824 3232//4755
f 3284//4806 3232//4755 3260//4783
f 3301//4825 3220//4743 3219//4742
f 3301//4825 3219//4742 3303//4827
f 3299//4823 3201//4724 3229//4752
f 3299//4823 3229//4752 3251//4774
f 3186//4709 3237//4760 3240//4763
f 3186//4709 3240//4763 3258//4781
f 3264//4787 3265//4788 3289//4811
f 3297//4821 3254//4777 3207//4730
f 3297//4821 3207//4730 3300//4824
f 3241//4764 3193//4716 3209//4732
f 3241//4764 3209//4732 3296//4820
f 3294//4818 3284//4806 3276//4799
f 3194//4717 3242//4765 3266//4789
f 3194//4717 3266//4789 3211//4734
f 3273//4796 3302//4826 3262//4785
f 3273//4796 3262//4785 3261//4784
f 3301//4825 3283//4805 3234//4757
f 3301//4825 3234//4757 3233//4756
f 3266//4789 3265//4788 3264//4787
f 3266//4789 3264//4787 3263//4786
f 3298//4822 3190//4713 3189//4712
f 3298//4822 3189//4712 3302//4826
f 3251//4774 3229//4752 3226//4749
f 3251//4774 3226//4749 3252//4775
f 3254//4777 3209//4732 3210//4733
f 3254//4777 3210//4733 3255//4778
f 3206//4729 3304//4831 3257//4780
f 3206//4729 3257//4780 3203//4726
f 3297//4821 3294//4818 3293//4817
f 3297//4821 3293//4817 3296//4820
f 3305//4836 3279//4837 3278//4838
f 3305//4836 3278//4838 3306//4839
f 3251//4774 3250//4773 3281//4803
f 3251//4774 3281//4803 3299//4823
f 3271//4794 3234//4757 3283//4805
f 3288//4840 3280//4841 3279//4842
f 3279//4842 3305//4840 3292//4840
f 3292//4840 3285//4843 3288//4840
f 3279//4842 3292//4840 3288//4840
f 3289//4811 3276//4799 3307//4844
f 3289//4811 3307//4844 3308//4845
f 3308//4845 3307//4844 3277//4829
f 3308//4845 3277//4829 3287//4828
f 3291//4835 3306//4834 3309//4846
f 3291//4835 3309//4846 3310//4847
f 3310//4847 3309//4846 3272//4795
f 3310//4847 3272//4795 3271//4794
f 3287//4809 3286//4808 3311//4848
f 3287//4809 3311//4848 3308//4845
f 3308//4845 3311//4848 3274//4797
f 3308//4845 3274//4797 3289//4811
f 3286//4814 3291//4813 3310//4847
f 3286//4814 3310//4847 3311//4848
f 3311//4848 3310//4847 3271//4794
f 3311//4848 3271//4794 3274//4797
f 3276//4799 3269//4792 3312//4849
f 3276//4799 3312//4849 3307//4844
f 3307//4844 3312//4849 3278//4801
f 3307//4844 3278//4801 3277//4800
f 3306//4839 3278//4838 3312//4849
f 3306//4839 3312//4849 3309//4846
f 3309//4846 3312//4849 3269//4792
f 3309//4846 3269//4792 3272//4795
f 3290//4812 3293//4817 3276//4799
f 3290//4812 3276//4799 3289//4811
f 3313//4850 3314//4851 3315//4852
f 3313//4850 3315//4852 3316//4853
f 3317//4854 3318//4855 3319//4856
f 3317//4854 3319//4856 3320//4857
f 3321//4858 3322//4859 3323//4860
f 3321//4858 3323//4860 3324//4861
f 3325//4862 3317//4854 3320//4857
f 3325//4862 3320//4857 3326//4863
f 3318//4855 3327//4864 3328//4865
f 3318//4855 3328//4865 3319//4856
f 3329//4866 3313//4850 3316//4853
f 3329//4866 3316//4853 3330//4867
f 3331//4868 3332//4869 3333//4870
f 3331//4868 3333//4870 3334//4871
f 3332//4869 3335//4872 3336//4873
f 3332//4869 3336//4873 3333//4870
f 3337//4874 3321//4858 3324//4861
f 3337//4874 3324//4861 3338//4875
f 3322//4859 3339//4876 3340//4877
f 3322//4859 3340//4877 3323//4860
f 3339//4876 3341//4878 3342//4879
f 3339//4876 3342//4879 3340//4877
f 3341//4878 3325//4862 3326//4863
f 3341//4878 3326//4863 3342//4879
f 3343//4880 3344//4881 3345//4882
f 3343//4880 3345//4882 3346//4883
f 3347//4884 3348//4885 3349//4886
f 3347//4884 3349//4886 3350//4887
f 3348//4885 3351//4888 3352//4889
f 3348//4885 3352//4889 3349//4886
f 3353//4890 3354//4891 3355//4892
f 3353//4890 3355//4892 3356//4893
f 3354//4891 3357//4894 3358//4895
f 3354//4891 3358//4895 3355//4892
f 3327//4864 3343//4880 3346//4883
f 3327//4864 3346//4883 3328//4865
f 3332//4869 3331//4868 3359//4896
f 3332//4869 3359//4896 3360//4897
f 3361//4898 3362//4899 3363//4900
f 3361//4898 3363//4900 3364//4901
f 3365//4902 3366//4903 3367//4904
f 3365//4902 3367//4904 3368//4905
f 3322//4859 3321//4858 3369//4906
f 3322//4859 3369//4906 3370//4907
f 3314//4851 3313//4850 3371//4908
f 3314//4851 3371//4908 3365//4902
f 3372//4909 3373//4910 3374//4911
f 3372//4909 3374//4911 3375//4912
f 3376//4913 3377//4914 3373//4910
f 3376//4913 3373//4910 3372//4909
f 3378//4915 3379//4916 3380//4917
f 3378//4915 3380//4917 3381//4918
f 3335//4872 3382//4919 3383//4920
f 3335//4872 3383//4920 3336//4873
f 3384//4921 3385//4922 3386//4923
f 3384//4921 3386//4923 3368//4905
f 3387//4924 3388//4925 3360//4897
f 3387//4924 3360//4897 3359//4896
f 3389//4926 3390//4927 3391//4928
f 3389//4926 3391//4928 3392//4929
f 3393//4930 3394//4931 3370//4907
f 3393//4930 3370//4907 3395//4932
f 3314//4851 3386//4923 3396//4933
f 3314//4851 3396//4933 3315//4852
f 3357//4894 3329//4866 3330//4867
f 3357//4894 3330//4867 3358//4895
f 3351//4888 3353//4890 3356//4893
f 3351//4888 3356//4893 3352//4889
f 3344//4881 3347//4884 3350//4887
f 3344//4881 3350//4887 3345//4882
f 3397//4934 3367//4904 3366//4903
f 3397//4934 3366//4903 3398//4935
f 3399//4936 3400//4937 3363//4900
f 3399//4936 3363//4900 3362//4899
f 3400//4937 3378//4915 3381//4918
f 3400//4937 3381//4918 3363//4900
f 3401//4938 3402//4939 3403//4940
f 3404//4941 3388//4925 3387//4924
f 3405//4942 3406//4943 3407//4944
f 3405//4942 3407//4944 3408//4944
f 3400//4937 3397//4934 3398//4935
f 3400//4937 3398//4935 3409//4945
f 3410//4946 3399//4936 3411//4947
f 3404//4941 3412//4948 3388//4925
f 3374//4911 3399//4936 3410//4946
f 3377//4914 3402//4939 3399//4936
f 3377//4914 3399//4936 3373//4910
f 3413//4949 3414//4950 3415//4951
f 3413//4949 3415//4951 3416//4949
f 3400//4937 3409//4945 3378//4915
f 3389//4926 3392//4929 3417//4952
f 3389//4926 3417//4952 3402//4939
f 3395//4932 3418//4953 3417//4952
f 3403//4940 3402//4939 3377//4914
f 3401//4938 3389//4926 3402//4939
f 3419//4954 3414//4955 3413//4956
f 3419//4954 3413//4956 3420//4956
f 3393//4930 3395//4932 3417//4952
f 3421//4957 3422//4958 3404//4941
f 3404//4941 3387//4924 3423//4959
f 3404//4941 3423//4959 3397//4934
f 3397//4934 3423//4959 3367//4904
f 3424//4960 3337//4874 3382//4919
f 3424//4960 3382//4919 3425//4961
f 3426//4962 3403//4940 3377//4914
f 3426//4962 3377//4914 3376//4913
f 3427//4963 3409//4945 3398//4935
f 3427//4963 3398//4935 3371//4908
f 3380//4917 3354//4891 3353//4890
f 3380//4917 3353//4890 3364//4901
f 3428//4964 3335//4872 3332//4869
f 3428//4964 3332//4869 3360//4897
f 3351//4888 3348//4885 3429//4965
f 3351//4888 3429//4965 3361//4898
f 3423//4959 3384//4921 3368//4905
f 3423//4959 3368//4905 3367//4904
f 3359//4896 3331//4868 3385//4922
f 3359//4896 3385//4922 3384//4921
f 3424//4960 3421//4957 3418//4953
f 3424//4960 3418//4953 3369//4906
f 3430//4966 3317//4854 3325//4862
f 3430//4966 3325//4862 3390//4927
f 3369//4906 3418//4953 3395//4932
f 3369//4906 3395//4932 3370//4907
f 3371//4908 3398//4935 3366//4903
f 3371//4908 3366//4903 3365//4902
f 3428//4964 3412//4948 3422//4958
f 3428//4964 3422//4958 3425//4961
f 3364//4901 3363//4900 3381//4918
f 3364//4901 3381//4918 3380//4917
f 3364//4901 3353//4890 3351//4888
f 3364//4901 3351//4888 3361//4898
f 3410//4946 3431//4967 3375//4912
f 3410//4946 3375//4912 3374//4911
f 3344//4881 3343//4880 3372//4909
f 3344//4881 3372//4909 3375//4912
f 3423//4959 3387//4924 3359//4896
f 3423//4959 3359//4896 3384//4921
f 3327//4864 3318//4855 3426//4962
f 3327//4864 3426//4962 3376//4913
f 3431//4967 3410//4946 3411//4947
f 3431//4967 3411//4947 3429//4965
f 3391//4928 3341//4878 3339//4876
f 3391//4928 3339//4876 3394//4931
f 3415//4968 3405//4969 3408//4970
f 3415//4968 3408//4970 3416//4970
f 3390//4927 3325//4862 3341//4878
f 3390//4927 3341//4878 3391//4928
f 3386//4923 3385//4922 3432//4971
f 3386//4923 3432//4971 3396//4933
f 3431//4967 3347//4884 3344//4881
f 3431//4967 3344//4881 3375//4912
f 3372//4909 3343//4880 3327//4864
f 3372//4909 3327//4864 3376//4913
f 3420//4972 3433//4972 3434//4973
f 3420//4972 3434//4973 3419//4974
f 3373//4910 3399//4936 3374//4911
f 3430//4966 3401//4938 3403//4940
f 3430//4966 3403//4940 3426//4962
f 3313//4850 3329//4866 3427//4963
f 3313//4850 3427//4963 3371//4908
f 3412//4948 3428//4964 3360//4897
f 3412//4948 3360//4897 3388//4925
f 3429//4965 3348//4885 3347//4884
f 3429//4965 3347//4884 3431//4967
f 3427//4963 3329//4866 3357//4894
f 3427//4963 3357//4894 3379//4916
f 3314//4851 3365//4902 3368//4905
f 3314//4851 3368//4905 3386//4923
f 3392//4929 3393//4930 3417//4952
f 3425//4961 3382//4919 3335//4872
f 3425//4961 3335//4872 3428//4964
f 3369//4906 3321//4858 3337//4874
f 3369//4906 3337//4874 3424//4960
f 3422//4958 3412//4948 3404//4941
f 3322//4859 3370//4907 3394//4931
f 3322//4859 3394//4931 3339//4876
f 3401//4938 3430//4966 3390//4927
f 3401//4938 3390//4927 3389//4926
f 3429//4965 3411//4947 3362//4899
f 3429//4965 3362//4899 3361//4898
f 3394//4931 3393//4930 3392//4929
f 3394//4931 3392//4929 3391//4928
f 3426//4962 3318//4855 3317//4854
f 3426//4962 3317//4854 3430//4966
f 3379//4916 3357//4894 3354//4891
f 3379//4916 3354//4891 3380//4917
f 3382//4919 3337//4874 3338//4875
f 3382//4919 3338//4875 3383//4920
f 3334//4871 3432//4971 3385//4922
f 3334//4871 3385//4922 3331//4868
f 3425//4961 3422//4958 3421//4957
f 3425//4961 3421//4957 3424//4960
f 3433//4975 3407//4976 3406//4977
f 3433//4975 3406//4977 3434//4978
f 3379//4916 3378//4915 3409//4945
f 3379//4916 3409//4945 3427//4963
f 3399//4936 3362//4899 3411//4947
f 3416//4979 3408//4980 3407//4981
f 3407//4981 3433//4979 3420//4979
f 3420//4979 3413//4979 3416//4979
f 3407//4981 3420//4979 3416//4979
f 3417//4952 3404//4941 3435//4982
f 3417//4952 3435//4982 3436//4983
f 3436//4983 3435//4982 3405//4969
f 3436//4983 3405//4969 3415//4968
f 3419//4974 3434//4973 3437//4984
f 3419//4974 3437//4984 3438//4985
f 3438//4985 3437//4984 3400//4937
f 3438//4985 3400//4937 3399//4936
f 3415//4951 3414//4950 3439//4986
f 3415//4951 3439//4986 3436//4983
f 3436//4983 3439//4986 3402//4939
f 3436//4983 3402//4939 3417//4952
f 3414//4955 3419//4954 3438//4985
f 3414//4955 3438//4985 3439//4986
f 3439//4986 3438//4985 3399//4936
f 3439//4986 3399//4936 3402//4939
f 3404//4941 3397//4934 3440//4987
f 3404//4941 3440//4987 3435//4982
f 3435//4982 3440//4987 3406//4943
f 3435//4982 3406//4943 3405//4942
f 3434//4978 3406//4977 3440//4987
f 3434//4978 3440//4987 3437//4984
f 3437//4984 3440//4987 3397//4934
f 3437//4984 3397//4934 3400//4937
f 3418//4953 3421//4957 3404//4941
f 3418//4953 3404//4941 3417//4952
f 3441//4988 3442//4989 3443//4990
f 3441//4988 3443//4990 3444//4991
f 3445//4992 3446//4993 3447//4994
f 3445//4992 3447//4994 3448//4995
f 3449//4996 3450//4997 3451//4998
f 3449//4996 3451//4998 3452//4999
f 3453//5000 3445//4992 3448//4995
f 3453//5000 3448//4995 3454//5001
f 3446//4993 3455//5002 3456//5003
f 3446//4993 3456//5003 3447//4994
f 3457//5004 3441//4988 3444//4991
f 3457//5004 3444//4991 3458//5005
f 3459//5006 3460//5007 3461//5008
f 3459//5006 3461//5008 3462//5009
f 3460//5007 3463//5010 3464//5011
f 3460//5007 3464//5011 3461//5008
f 3465//5012 3449//4996 3452//4999
f 3465//5012 3452//4999 3466//5013
f 3450//4997 3467//5014 3468//5015
f 3450//4997 3468//5015 3451//4998
f 3467//5014 3469//5016 3470//5017
f 3467//5014 3470//5017 3468//5015
f 3469//5016 3453//5000 3454//5001
f 3469//5016 3454//5001 3470//5017
f 3471//5018 3472//5019 3473//5020
f 3471//5018 3473//5020 3474//5021
f 3475//5022 3476//5023 3477//5024
f 3475//5022 3477//5024 3478//5025
f 3476//5023 3479//5026 3480//5027
f 3476//5023 3480//5027 3477//5024
f 3481//5028 3482//5029 3483//5030
f 3481//5028 3483//5030 3484//5031
f 3482//5029 3485//5032 3486//5033
f 3482//5029 3486//5033 3483//5030
f 3455//5002 3471//5018 3474//5021
f 3455//5002 3474//5021 3456//5003
f 3460//5007 3459//5006 3487//5034
f 3460//5007 3487//5034 3488//5035
f 3489//5036 3490//5037 3491//5038
f 3489//5036 3491//5038 3492//5039
f 3493//5040 3494//5041 3495//5042
f 3493//5040 3495//5042 3496//5043
f 3450//4997 3449//4996 3497//5044
f 3450//4997 3497//5044 3498//5045
f 3442//4989 3441//4988 3499//5046
f 3442//4989 3499//5046 3493//5040
f 3500//5047 3501//5048 3502//5049
f 3500//5047 3502//5049 3503//5050
f 3504//5051 3505//5052 3501//5048
f 3504//5051 3501//5048 3500//5047
f 3506//5053 3507//5054 3508//5055
f 3506//5053 3508//5055 3509//5056
f 3463//5010 3510//5057 3511//5058
f 3463//5010 3511//5058 3464//5011
f 3512//5059 3513//5060 3514//5061
f 3512//5059 3514//5061 3496//5043
f 3515//5062 3516//5063 3488//5035
f 3515//5062 3488//5035 3487//5034
f 3517//5064 3518//5065 3519//5066
f 3517//5064 3519//5066 3520//5067
f 3521//5068 3522//5069 3498//5045
f 3521//5068 3498//5045 3523//5070
f 3442//4989 3514//5061 3524//5071
f 3442//4989 3524//5071 3443//4990
f 3485//5032 3457//5004 3458//5005
f 3485//5032 3458//5005 3486//5033
f 3479//5026 3481//5028 3484//5031
f 3479//5026 3484//5031 3480//5027
f 3472//5019 3475//5022 3478//5025
f 3472//5019 3478//5025 3473//5020
f 3525//5072 3495//5042 3494//5041
f 3525//5072 3494//5041 3526//5073
f 3527//5074 3528//5075 3491//5038
f 3527//5074 3491//5038 3490//5037
f 3528//5075 3506//5053 3509//5056
f 3528//5075 3509//5056 3491//5038
f 3529//5076 3530//5077 3531//5078
f 3532//5079 3516//5063 3515//5062
f 3533//5080 3534//5081 3535//5082
f 3533//5080 3535//5082 3536//5082
f 3528//5075 3525//5072 3526//5073
f 3528//5075 3526//5073 3537//5083
f 3538//5084 3527//5074 3539//5085
f 3532//5079 3540//5086 3516//5063
f 3502//5049 3527//5074 3538//5084
f 3505//5052 3530//5077 3527//5074
f 3505//5052 3527//5074 3501//5048
f 3541//5087 3542//5088 3543//5089
f 3541//5087 3543//5089 3544//5087
f 3528//5075 3537//5083 3506//5053
f 3517//5064 3520//5067 3545//5090
f 3517//5064 3545//5090 3530//5077
f 3523//5070 3546//5091 3545//5090
f 3531//5078 3530//5077 3505//5052
f 3529//5076 3517//5064 3530//5077
f 3547//5092 3542//5093 3541//5094
f 3547//5092 3541//5094 3548//5095
f 3521//5068 3523//5070 3545//5090
f 3549//5096 3550//5097 3532//5079
f 3532//5079 3515//5062 3551//5098
f 3532//5079 3551//5098 3525//5072
f 3525//5072 3551//5098 3495//5042
f 3552//5099 3465//5012 3510//5057
f 3552//5099 3510//5057 3553//5100
f 3554//5101 3531//5078 3505//5052
f 3554//5101 3505//5052 3504//5051
f 3555//5102 3537//5083 3526//5073
f 3555//5102 3526//5073 3499//5046
f 3508//5055 3482//5029 3481//5028
f 3508//5055 3481//5028 3492//5039
f 3556//5103 3463//5010 3460//5007
f 3556//5103 3460//5007 3488//5035
f 3479//5026 3476//5023 3557//5104
f 3479//5026 3557//5104 3489//5036
f 3551//5098 3512//5059 3496//5043
f 3551//5098 3496//5043 3495//5042
f 3487//5034 3459//5006 3513//5060
f 3487//5034 3513//5060 3512//5059
f 3552//5099 3549//5096 3546//5091
f 3552//5099 3546//5091 3497//5044
f 3558//5105 3445//4992 3453//5000
f 3558//5105 3453//5000 3518//5065
f 3497//5044 3546//5091 3523//5070
f 3497//5044 3523//5070 3498//5045
f 3499//5046 3526//5073 3494//5041
f 3499//5046 3494//5041 3493//5040
f 3556//5103 3540//5086 3550//5097
f 3556//5103 3550//5097 3553//5100
f 3492//5039 3491//5038 3509//5056
f 3492//5039 3509//5056 3508//5055
f 3492//5039 3481//5028 3479//5026
f 3492//5039 3479//5026 3489//5036
f 3538//5084 3559//5106 3503//5050
f 3538//5084 3503//5050 3502//5049
f 3472//5019 3471//5018 3500//5047
f 3472//5019 3500//5047 3503//5050
f 3551//5098 3515//5062 3487//5034
f 3551//5098 3487//5034 3512//5059
f 3455//5002 3446//4993 3554//5101
f 3455//5002 3554//5101 3504//5051
f 3559//5106 3538//5084 3539//5085
f 3559//5106 3539//5085 3557//5104
f 3519//5066 3469//5016 3467//5014
f 3519//5066 3467//5014 3522//5069
f 3543//5107 3533//5108 3536//5109
f 3543//5107 3536//5109 3544//5109
f 3518//5065 3453//5000 3469//5016
f 3518//5065 3469//5016 3519//5066
f 3514//5061 3513//5060 3560//5110
f 3514//5061 3560//5110 3524//5071
f 3559//5106 3475//5022 3472//5019
f 3559//5106 3472//5019 3503//5050
f 3500//5047 3471//5018 3455//5002
f 3500//5047 3455//5002 3504//5051
f 3548//5111 3561//5111 3562//5112
f 3548//5111 3562//5112 3547//5113
f 3501//5048 3527//5074 3502//5049
f 3558//5105 3529//5076 3531//5078
f 3558//5105 3531//5078 3554//5101
f 3441//4988 3457//5004 3555//5102
f 3441//4988 3555//5102 3499//5046
f 3540//5086 3556//5103 3488//5035
f 3540//5086 3488//5035 3516//5063
f 3557//5104 3476//5023 3475//5022
f 3557//5104 3475//5022 3559//5106
f 3555//5102 3457//5004 3485//5032
f 3555//5102 3485//5032 3507//5054
f 3442//4989 3493//5040 3496//5043
f 3442//4989 3496//5043 3514//5061
f 3520//5067 3521//5068 3545//5090
f 3553//5100 3510//5057 3463//5010
f 3553//5100 3463//5010 3556//5103
f 3497//5044 3449//4996 3465//5012
f 3497//5044 3465//5012 3552//5099
f 3550//5097 3540//5086 3532//5079
f 3450//4997 3498//5045 3522//5069
f 3450//4997 3522//5069 3467//5014
f 3529//5076 3558//5105 3518//5065
f 3529//5076 3518//5065 3517//5064
f 3557//5104 3539//5085 3490//5037
f 3557//5104 3490//5037 3489//5036
f 3522//5069 3521//5068 3520//5067
f 3522//5069 3520//5067 3519//5066
f 3554//5101 3446//4993 3445//4992
f 3554//5101 3445//4992 3558//5105
f 3507//5054 3485//5032 3482//5029
f 3507//5054 3482//5029 3508//5055
f 3510//5057 3465//5012 3466//5013
f 3510//5057 3466//5013 3511//5058
f 3462//5009 3560//5110 3513//5060
f 3462//5009 3513//5060 3459//5006
f 3553//5100 3550//5097 3549//5096
f 3553//5100 3549//5096 3552//5099
f 3561//5114 3535//5114 3534//5115
f 3561//5114 3534//5115 3562//5116
f 3507//5054 3506//5053 3537//5083
f 3507//5054 3537//5083 3555//5102
f 3527//5074 3490//5037 3539//5085
f 3544//5117 3536//5118 3535//5119
f 3535//5119 3561//5118 3548//5119
f 3548//5119 3541//5117 3544//5117
f 3535//5119 3548//5119 3544//5117
f 3545//5090 3532//5079 3563//5120
f 3545//5090 3563//5120 3564//5121
f 3564//5121 3563//5120 3533//5108
f 3564//5121 3533//5108 3543//5107
f 3547//5113 3562//5112 3565//5122
f 3547//5113 3565//5122 3566//5123
f 3566//5123 3565//5122 3528//5075
f 3566//5123 3528//5075 3527//5074
f 3543//5089 3542//5088 3567//5124
f 3543//5089 3567//5124 3564//5121
f 3564//5121 3567//5124 3530//5077
f 3564//5121 3530//5077 3545//5090
f 3542//5093 3547//5092 3566//5123
f 3542//5093 3566//5123 3567//5124
f 3567//5124 3566//5123 3527//5074
f 3567//5124 3527//5074 3530//5077
f 3532//5079 3525//5072 3568//5125
f 3532//5079 3568//5125 3563//5120
f 3563//5120 3568//5125 3534//5081
f 3563//5120 3534//5081 3533//5080
f 3562//5116 3534//5115 3568//5125
f 3562//5116 3568//5125 3565//5122
f 3565//5122 3568//5125 3525//5072
f 3565//5122 3525//5072 3528//5075
f 3546//5091 3549//5096 3532//5079
f 3546//5091 3532//5079 3545//5090
f 3569//5126 3570//5127 3571//5128
f 3569//5126 3571//5128 3572//5129
f 3573//5130 3574//5131 3575//5132
f 3573//5130 3575//5132 3576//5133
f 3577//5134 3578//5135 3579//5136
f 3577//5134 3579//5136 3580//5137
f 3581//5138 3573//5130 3576//5133
f 3581//5138 3576//5133 3582//5139
f 3574//5131 3583//5140 3584//5141
f 3574//5131 3584//5141 3575//5132
f 3585//5142 3569//5126 3572//5129
f 3585//5142 3572//5129 3586//5143
f 3587//5144 3588//5145 3589//5146
f 3587//5144 3589//5146 3590//5147
f 3588//5145 3591//5148 3592//5149
f 3588//5145 3592//5149 3589//5146
f 3593//5150 3577//5134 3580//5137
f 3593//5150 3580//5137 3594//5151
f 3578//5135 3595//5152 3596//5153
f 3578//5135 3596//5153 3579//5136
f 3595//5152 3597//5154 3598//5155
f 3595//5152 3598//5155 3596//5153
f 3597//5154 3581//5138 3582//5139
f 3597//5154 3582//5139 3598//5155
f 3599//5156 3600//5157 3601//5158
f 3599//5156 3601//5158 3602//5159
f 3603//5160 3604//5161 3605//5162
f 3603//5160 3605//5162 3606//5163
f 3604//5161 3607//5164 3608//5165
f 3604//5161 3608//5165 3605//5162
f 3609//5166 3610//5167 3611//5168
f 3609//5166 3611//5168 3612//5169
f 3610//5167 3613//5170 3614//5171
f 3610//5167 3614//5171 3611//5168
f 3583//5140 3599//5156 3602//5159
f 3583//5140 3602//5159 3584//5141
f 3588//5145 3587//5144 3615//5172
f 3588//5145 3615//5172 3616//5173
f 3617//5174 3618//5175 3619//5176
f 3617//5174 3619//5176 3620//5177
f 3621//5178 3622//5179 3623//5180
f 3621//5178 3623//5180 3624//5181
f 3578//5135 3577//5134 3625//5182
f 3578//5135 3625//5182 3626//5183
f 3570//5127 3569//5126 3627//5184
f 3570//5127 3627//5184 3621//5178
f 3628//5185 3629//5186 3630//5187
f 3628//5185 3630//5187 3631//5188
f 3632//5189 3633//5190 3629//5186
f 3632//5189 3629//5186 3628//5185
f 3634//5191 3635//5192 3636//5193
f 3634//5191 3636//5193 3637//5194
f 3591//5148 3638//5195 3639//5196
f 3591//5148 3639//5196 3592//5149
f 3640//5197 3641//5198 3642//5199
f 3640//5197 3642//5199 3624//5181
f 3643//5200 3644//5201 3616//5173
f 3643//5200 3616//5173 3615//5172
f 3645//5202 3646//5203 3647//5204
f 3645//5202 3647//5204 3648//5205
f 3649//5206 3650//5207 3626//5183
f 3649//5206 3626//5183 3651//5208
f 3570//5127 3642//5199 3652//5209
f 3570//5127 3652//5209 3571//5128
f 3613//5170 3585//5142 3586//5143
f 3613//5170 3586//5143 3614//5171
f 3607//5164 3609//5166 3612//5169
f 3607//5164 3612//5169 3608//5165
f 3600//5157 3603//5160 3606//5163
f 3600//5157 3606//5163 3601//5158
f 3653//5210 3623//5180 3622//5179
f 3653//5210 3622//5179 3654//5211
f 3655//5212 3656//5213 3619//5176
f 3655//5212 3619//5176 3618//5175
f 3656//5213 3634//5191 3637//5194
f 3656//5213 3637//5194 3619//5176
f 3657//5214 3658//5215 3659//5216
f 3660//5217 3644//5201 3643//5200
f 3661//5218 3662//5219 3663//5220
f 3661//5218 3663//5220 3664//5220
f 3656//5213 3653//5210 3654//5211
f 3656//5213 3654//5211 3665//5221
f 3666//5222 3655//5212 3667//5223
f 3660//5217 3668//5224 3644//5201
f 3630//5187 3655//5212 3666//5222
f 3633//5190 3658//5215 3655//5212
f 3633//5190 3655//5212 3629//5186
f 3669//5225 3670//5226 3671//5227
f 3669//5225 3671//5227 3672//5225
f 3656//5213 3665//5221 3634//5191
f 3645//5202 3648//5205 3673//5228
f 3645//5202 3673//5228 3658//5215
f 3651//5208 3674//5229 3673//5228
f 3659//5216 3658//5215 3633//5190
f 3657//5214 3645//5202 3658//5215
f 3675//5230 3670//5231 3669//5232
f 3675//5230 3669//5232 3676//5232
f 3649//5206 3651//5208 3673//5228
f 3677//5233 3678//5234 3660//5217
f 3660//5217 3643//5200 3679//5235
f 3660//5217 3679//5235 3653//5210
f 3653//5210 3679//5235 3623//5180
f 3680//5236 3593//5150 3638//5195
f 3680//5236 3638//5195 3681//5237
f 3682//5238 3659//5216 3633//5190
f 3682//5238 3633//5190 3632//5189
f 3683//5239 3665//5221 3654//5211
f 3683//5239 3654//5211 3627//5184
f 3636//5193 3610//5167 3609//5166
f 3636//5193 3609//5166 3620//5177
f 3684//5240 3591//5148 3588//5145
f 3684//5240 3588//5145 3616//5173
f 3607//5164 3604//5161 3685//5241
f 3607//5164 3685//5241 3617//5174
f 3679//5235 3640//5197 3624//5181
f 3679//5235 3624//5181 3623//5180
f 3615//5172 3587//5144 3641//5198
f 3615//5172 3641//5198 3640//5197
f 3680//5236 3677//5233 3674//5229
f 3680//5236 3674//5229 3625//5182
f 3686//5242 3573//5130 3581//5138
f 3686//5242 3581//5138 3646//5203
f 3625//5182 3674//5229 3651//5208
f 3625//5182 3651//5208 3626//5183
f 3627//5184 3654//5211 3622//5179
f 3627//5184 3622//5179 3621//5178
f 3684//5240 3668//5224 3678//5234
f 3684//5240 3678//5234 3681//5237
f 3620//5177 3619//5176 3637//5194
f 3620//5177 3637//5194 3636//5193
f 3620//5177 3609//5166 3607//5164
f 3620//5177 3607//5164 3617//5174
f 3666//5222 3687//5243 3631//5188
f 3666//5222 3631//5188 3630//5187
f 3600//5157 3599//5156 3628//5185
f 3600//5157 3628//5185 3631//5188
f 3679//5235 3643//5200 3615//5172
f 3679//5235 3615//5172 3640//5197
f 3583//5140 3574//5131 3682//5238
f 3583//5140 3682//5238 3632//5189
f 3687//5243 3666//5222 3667//5223
f 3687//5243 3667//5223 3685//5241
f 3647//5204 3597//5154 3595//5152
f 3647//5204 3595//5152 3650//5207
f 3671//5244 3661//5245 3664//5246
f 3671//5244 3664//5246 3672//5246
f 3646//5203 3581//5138 3597//5154
f 3646//5203 3597//5154 3647//5204
f 3642//5199 3641//5198 3688//5247
f 3642//5199 3688//5247 3652//5209
f 3687//5243 3603//5160 3600//5157
f 3687//5243 3600//5157 3631//5188
f 3628//5185 3599//5156 3583//5140
f 3628//5185 3583//5140 3632//5189
f 3676//5248 3689//5248 3690//5249
f 3676//5248 3690//5249 3675//5250
f 3629//5186 3655//5212 3630//5187
f 3686//5242 3657//5214 3659//5216
f 3686//5242 3659//5216 3682//5238
f 3569//5126 3585//5142 3683//5239
f 3569//5126 3683//5239 3627//5184
f 3668//5224 3684//5240 3616//5173
f 3668//5224 3616//5173 3644//5201
f 3685//5241 3604//5161 3603//5160
f 3685//5241 3603//5160 3687//5243
f 3683//5239 3585//5142 3613//5170
f 3683//5239 3613//5170 3635//5192
f 3570//5127 3621//5178 3624//5181
f 3570//5127 3624//5181 3642//5199
f 3648//5205 3649//5206 3673//5228
f 3681//5237 3638//5195 3591//5148
f 3681//5237 3591//5148 3684//5240
f 3625//5182 3577//5134 3593//5150
f 3625//5182 3593//5150 3680//5236
f 3678//5234 3668//5224 3660//5217
f 3578//5135 3626//5183 3650//5207
f 3578//5135 3650//5207 3595//5152
f 3657//5214 3686//5242 3646//5203
f 3657//5214 3646//5203 3645//5202
f 3685//5241 3667//5223 3618//5175
f 3685//5241 3618//5175 3617//5174
f 3650//5207 3649//5206 3648//5205
f 3650//5207 3648//5205 3647//5204
f 3682//5238 3574//5131 3573//5130
f 3682//5238 3573//5130 3686//5242
f 3635//5192 3613//5170 3610//5167
f 3635//5192 3610//5167 3636//5193
f 3638//5195 3593//5150 3594//5151
f 3638//5195 3594//5151 3639//5196
f 3590//5147 3688//5247 3641//5198
f 3590//5147 3641//5198 3587//5144
f 3681//5237 3678//5234 3677//5233
f 3681//5237 3677//5233 3680//5236
f 3689//5251 3663//5251 3662//5252
f 3689//5251 3662//5252 3690//5253
f 3635//5192 3634//5191 3665//5221
f 3635//5192 3665//5221 3683//5239
f 3655//5212 3618//5175 3667//5223
f 3672//5254 3664//5255 3663//5256
f 3663//5256 3689//5256 3676//5256
f 3676//5256 3669//5254 3672//5254
f 3663//5256 3676//5256 3672//5254
f 3673//5228 3660//5217 3691//5257
f 3673//5228 3691//5257 3692//5258
f 3692//5258 3691//5257 3661//5245
f 3692//5258 3661//5245 3671//5244
f 3675//5250 3690//5249 3693//5259
f 3675//5250 3693//5259 3694//5260
f 3694//5260 3693//5259 3656//5213
f 3694//5260 3656//5213 3655//5212
f 3671//5227 3670//5226 3695//5261
f 3671//5227 3695//5261 3692//5258
f 3692//5258 3695//5261 3658//5215
f 3692//5258 3658//5215 3673//5228
f 3670//5231 3675//5230 3694//5260
f 3670//5231 3694//5260 3695//5261
f 3695//5261 3694//5260 3655//5212
f 3695//5261 3655//5212 3658//5215
f 3660//5217 3653//5210 3696//5262
f 3660//5217 3696//5262 3691//5257
f 3691//5257 3696//5262 3662//5219
f 3691//5257 3662//5219 3661//5218
f 3690//5253 3662//5252 3696//5262
f 3690//5253 3696//5262 3693//5259
f 3693//5259 3696//5262 3653//5210
f 3693//5259 3653//5210 3656//5213
f 3674//5229 3677//5233 3660//5217
f 3674//5229 3660//5217 3673//5228
f 3697//5263 3698//5264 3699//5265
f 3697//5263 3699//5265 3700//5266
f 3701//5267 3702//5268 3703//5269
f 3701//5267 3703//5269 3704//5270
f 3705//5271 3706//5272 3707//5273
f 3705//5271 3707//5273 3708//5274
f 3709//5275 3701//5267 3704//5270
f 3709//5275 3704//5270 3710//5276
f 3702//5268 3711//5277 3712//5278
f 3702//5268 3712//5278 3703//5269
f 3713//5279 3697//5263 3700//5266
f 3713//5279 3700//5266 3714//5280
f 3715//5281 3716//5282 3717//5283
f 3715//5281 3717//5283 3718//5284
f 3716//5282 3719//5285 3720//5286
f 3716//5282 3720//5286 3717//5283
f 3721//5287 3705//5271 3708//5274
f 3721//5287 3708//5274 3722//5288
f 3706//5272 3723//5289 3724//5290
f 3706//5272 3724//5290 3707//5273
f 3723//5289 3725//5291 3726//5292
f 3723//5289 3726//5292 3724//5290
f 3725//5291 3709//5275 3710//5276
f 3725//5291 3710//5276 3726//5292
f 3727//5293 3728//5294 3729//5295
f 3727//5293 3729//5295 3730//5296
f 3731//5297 3732//5298 3733//5299
f 3731//5297 3733//5299 3734//5300
f 3732//5298 3735//5301 3736//5302
f 3732//5298 3736//5302 3733//5299
f 3737//5303 3738//5304 3739//5305
f 3737//5303 3739//5305 3740//5306
f 3738//5304 3741//5307 3742//5308
f 3738//5304 3742//5308 3739//5305
f 3711//5277 3727//5293 3730//5296
f 3711//5277 3730//5296 3712//5278
f 3716//5282 3715//5281 3743//5309
f 3716//5282 3743//5309 3744//5310
f 3745//5311 3746//5312 3747//5313
f 3745//5311 3747//5313 3748//5314
f 3749//5315 3750//5316 3751//5317
f 3749//5315 3751//5317 3752//5318
f 3706//5272 3705//5271 3753//5319
f 3706//5272 3753//5319 3754//5320
f 3698//5264 3697//5263 3755//5321
f 3698//5264 3755//5321 3749//5315
f 3756//5322 3757//5323 3758//5324
f 3756//5322 3758//5324 3759//5325
f 3760//5326 3761//5327 3757//5323
f 3760//5326 3757//5323 3756//5322
f 3762//5328 3763//5329 3764//5330
f 3762//5328 3764//5330 3765//5331
f 3719//5285 3766//5332 3767//5333
f 3719//5285 3767//5333 3720//5286
f 3768//5334 3769//5335 3770//5336
f 3768//5334 3770//5336 3752//5318
f 3771//5337 3772//5338 3744//5310
f 3771//5337 3744//5310 3743//5309
f 3773//5339 3774//5340 3775//5341
f 3773//5339 3775//5341 3776//5342
f 3777//5343 3778//5344 3754//5320
f 3777//5343 3754//5320 3779//5345
f 3698//5264 3770//5336 3780//5346
f 3698//5264 3780//5346 3699//5265
f 3741//5307 3713//5279 3714//5280
f 3741//5307 3714//5280 3742//5308
f 3735//5301 3737//5303 3740//5306
f 3735//5301 3740//5306 3736//5302
f 3728//5294 3731//5297 3734//5300
f 3728//5294 3734//5300 3729//5295
f 3781//5347 3751//5317 3750//5316
f 3781//5347 3750//5316 3782//5348
f 3783//5349 3784//5350 3747//5313
f 3783//5349 3747//5313 3746//5312
f 3784//5350 3762//5328 3765//5331
f 3784//5350 3765//5331 3747//5313
f 3785//5351 3786//5352 3787//5353
f 3788//5354 3772//5338 3771//5337
f 3789//5355 3790//5356 3791//5357
f 3789//5355 3791//5357 3792//5358
f 3784//5350 3781//5347 3782//5348
f 3784//5350 3782//5348 3793//5359
f 3794//5360 3783//5349 3795//5361
f 3788//5354 3796//5362 3772//5338
f 3758//5324 3783//5349 3794//5360
f 3761//5327 3786//5352 3783//5349
f 3761//5327 3783//5349 3757//5323
f 3797//5363 3798//5364 3799//5365
f 3797//5363 3799//5365 3800//5363
f 3784//5350 3793//5359 3762//5328
f 3773//5339 3776//5342 3801//5366
f 3773//5339 3801//5366 3786//5352
f 3779//5345 3802//5367 3801//5366
f 3787//5353 3786//5352 3761//5327
f 3785//5351 3773//5339 3786//5352
f 3803//5368 3798//5369 3797//5370
f 3803//5368 3797//5370 3804//5371
f 3777//5343 3779//5345 3801//5366
f 3805//5372 3806//5373 3788//5354
f 3788//5354 3771//5337 3807//5374
f 3788//5354 3807//5374 3781//5347
f 3781//5347 3807//5374 3751//5317
f 3808//5375 3721//5287 3766//5332
f 3808//5375 3766//5332 3809//5376
f 3810//5377 3787//5353 3761//5327
f 3810//5377 3761//5327 3760//5326
f 3811//5378 3793//5359 3782//5348
f 3811//5378 3782//5348 3755//5321
f 3764//5330 3738//5304 3737//5303
f 3764//5330 3737//5303 3748//5314
f 3812//5379 3719//5285 3716//5282
f 3812//5379 3716//5282 3744//5310
f 3735//5301 3732//5298 3813//5380
f 3735//5301 3813//5380 3745//5311
f 3807//5374 3768//5334 3752//5318
f 3807//5374 3752//5318 3751//5317
f 3743//5309 3715//5281 3769//5335
f 3743//5309 3769//5335 3768//5334
f 3808//5375 3805//5372 3802//5367
f 3808//5375 3802//5367 3753//5319
f 3814//5381 3701//5267 3709//5275
f 3814//5381 3709//5275 3774//5340
f 3753//5319 3802//5367 3779//5345
f 3753//5319 3779//5345 3754//5320
f 3755//5321 3782//5348 3750//5316
f 3755//5321 3750//5316 3749//5315
f 3812//5379 3796//5362 3806//5373
f 3812//5379 3806//5373 3809//5376
f 3748//5314 3747//5313 3765//5331
f 3748//5314 3765//5331 3764//5330
f 3748//5314 3737//5303 3735//5301
f 3748//5314 3735//5301 3745//5311
f 3794//5360 3815//5382 3759//5325
f 3794//5360 3759//5325 3758//5324
f 3728//5294 3727//5293 3756//5322
f 3728//5294 3756//5322 3759//5325
f 3807//5374 3771//5337 3743//5309
f 3807//5374 3743//5309 3768//5334
f 3711//5277 3702//5268 3810//5377
f 3711//5277 3810//5377 3760//5326
f 3815//5382 3794//5360 3795//5361
f 3815//5382 3795//5361 3813//5380
f 3775//5341 3725//5291 3723//5289
f 3775//5341 3723//5289 3778//5344
f 3799//5383 3789//5384 3792//5385
f 3799//5383 3792//5385 3800//5386
f 3774//5340 3709//5275 3725//5291
f 3774//5340 3725//5291 3775//5341
f 3770//5336 3769//5335 3816//5387
f 3770//5336 3816//5387 3780//5346
f 3815//5382 3731//5297 3728//5294
f 3815//5382 3728//5294 3759//5325
f 3756//5322 3727//5293 3711//5277
f 3756//5322 3711//5277 3760//5326
f 3804//5388 3817//5389 3818//5390
f 3804//5388 3818//5390 3803//5391
f 3757//5323 3783//5349 3758//5324
f 3814//5381 3785//5351 3787//5353
f 3814//5381 3787//5353 3810//5377
f 3697//5263 3713//5279 3811//5378
f 3697//5263 3811//5378 3755//5321
f 3796//5362 3812//5379 3744//5310
f 3796//5362 3744//5310 3772//5338
f 3813//5380 3732//5298 3731//5297
f 3813//5380 3731//5297 3815//5382
f 3811//5378 3713//5279 3741//5307
f 3811//5378 3741//5307 3763//5329
f 3698//5264 3749//5315 3752//5318
f 3698//5264 3752//5318 3770//5336
f 3776//5342 3777//5343 3801//5366
f 3809//5376 3766//5332 3719//5285
f 3809//5376 3719//5285 3812//5379
f 3753//5319 3705//5271 3721//5287
f 3753//5319 3721//5287 3808//5375
f 3806//5373 3796//5362 3788//5354
f 3706//5272 3754//5320 3778//5344
f 3706//5272 3778//5344 3723//5289
f 3785//5351 3814//5381 3774//5340
f 3785//5351 3774//5340 3773//5339
f 3813//5380 3795//5361 3746//5312
f 3813//5380 3746//5312 3745//5311
f 3778//5344 3777//5343 3776//5342
f 3778//5344 3776//5342 3775//5341
f 3810//5377 3702//5268 3701//5267
f 3810//5377 3701//5267 3814//5381
f 3763//5329 3741//5307 3738//5304
f 3763//5329 3738//5304 3764//5330
f 3766//5332 3721//5287 3722//5288
f 3766//5332 3722//5288 3767//5333
f 3718//5284 3816//5387 3769//5335
f 3718//5284 3769//5335 3715//5281
f 3809//5376 3806//5373 3805//5372
f 3809//5376 3805//5372 3808//5375
f 3817//5392 3791//5393 3790//5394
f 3817//5392 3790//5394 3818//5395
f 3763//5329 3762//5328 3793//5359
f 3763//5329 3793//5359 3811//5378
f 3783//5349 3746//5312 3795//5361
f 3800//5396 3792//5397 3791//5396
f 3791//5396 3817//5398 3804//5396
f 3804//5396 3797//5399 3800//5396
f 3791//5396 3804//5396 3800//5396
f 3801//5366 3788//5354 3819//5400
f 3801//5366 3819//5400 3820//5401
f 3820//5401 3819//5400 3789//5384
f 3820//5401 3789//5384 3799//5383
f 3803//5391 3818//5390 3821//5402
f 3803//5391 3821//5402 3822//5403
f 3822//5403 3821//5402 3784//5350
f 3822//5403 3784//5350 3783//5349
f 3799//5365 3798//5364 3823//5404
f 3799//5365 3823//5404 3820//5401
f 3820//5401 3823//5404 3786//5352
f 3820//5401 3786//5352 3801//5366
f 3798//5369 3803//5368 3822//5403
f 3798//5369 3822//5403 3823//5404
f 3823//5404 3822//5403 3783//5349
f 3823//5404 3783//5349 3786//5352
f 3788//5354 3781//5347 3824//5405
f 3788//5354 3824//5405 3819//5400
f 3819//5400 3824//5405 3790//5356
f 3819//5400 3790//5356 3789//5355
f 3818//5395 3790//5394 3824//5405
f 3818//5395 3824//5405 3821//5402
f 3821//5402 3824//5405 3781//5347
f 3821//5402 3781//5347 3784//5350
f 3802//5367 3805//5372 3788//5354
f 3802//5367 3788//5354 3801//5366
f 3825//5406 3826//5407 3827//5408
f 3825//5406 3827//5408 3828//5409
f 3829//5410 3830//5411 3831//5412
f 3829//5410 3831//5412 3832//5413
f 3833//5414 3834//5415 3835//5416
f 3833//5414 3835//5416 3836//5417
f 3837//5418 3829//5410 3832//5413
f 3837//5418 3832//5413 3838//5419
f 3830//5411 3839//5420 3840//5421
f 3830//5411 3840//5421 3831//5412
f 3841//5422 3825//5406 3828//5409
f 3841//5422 3828//5409 3842//5423
f 3843//5424 3844//5425 3845//5426
f 3843//5424 3845//5426 3846//5427
f 3844//5425 3847//5428 3848//5429
f 3844//5425 3848//5429 3845//5426
f 3849//5430 3833//5414 3836//5417
f 3849//5430 3836//5417 3850//5431
f 3834//5415 3851//5432 3852//5433
f 3834//5415 3852//5433 3835//5416
f 3851//5432 3853//5434 3854//5435
f 3851//5432 3854//5435 3852//5433
f 3853//5434 3837//5418 3838//5419
f 3853//5434 3838//5419 3854//5435
f 3855//5436 3856//5437 3857//5438
f 3855//5436 3857//5438 3858//5439
f 3859//5440 3860//5441 3861//5442
f 3859//5440 3861//5442 3862//5443
f 3860//5441 3863//5444 3864//5445
f 3860//5441 3864//5445 3861//5442
f 3865//5446 3866//5447 3867//5448
f 3865//5446 3867//5448 3868//5449
f 3866//5447 3869//5450 3870//5451
f 3866//5447 3870//5451 3867//5448
f 3839//5420 3855//5436 3858//5439
f 3839//5420 3858//5439 3840//5421
f 3844//5425 3843//5424 3871//5452
f 3844//5425 3871//5452 3872//5453
f 3873//5454 3874//5455 3875//5456
f 3873//5454 3875//5456 3876//5457
f 3877//5458 3878//5459 3879//5460
f 3877//5458 3879//5460 3880//5461
f 3834//5415 3833//5414 3881//5462
f 3834//5415 3881//5462 3882//5463
f 3826//5407 3825//5406 3883//5464
f 3826//5407 3883//5464 3877//5458
f 3884//5465 3885//5466 3886//5467
f 3884//5465 3886//5467 3887//5468
f 3888//5469 3889//5470 3885//5466
f 3888//5469 3885//5466 3884//5465
f 3890//5471 3891//5472 3892//5473
f 3890//5471 3892//5473 3893//5474
f 3847//5428 3894//5475 3895//5476
f 3847//5428 3895//5476 3848//5429
f 3896//5477 3897//5478 3898//5479
f 3896//5477 3898//5479 3880//5461
f 3899//5480 3900//5481 3872//5453
f 3899//5480 3872//5453 3871//5452
f 3901//5482 3902//5483 3903//5484
f 3901//5482 3903//5484 3904//5485
f 3905//5486 3906//5487 3882//5463
f 3905//5486 3882//5463 3907//5488
f 3826//5407 3898//5479 3908//5489
f 3826//5407 3908//5489 3827//5408
f 3869//5450 3841//5422 3842//5423
f 3869//5450 3842//5423 3870//5451
f 3863//5444 3865//5446 3868//5449
f 3863//5444 3868//5449 3864//5445
f 3856//5437 3859//5440 3862//5443
f 3856//5437 3862//5443 3857//5438
f 3909//5490 3879//5460 3878//5459
f 3909//5490 3878//5459 3910//5491
f 3911//5492 3912//5493 3875//5456
f 3911//5492 3875//5456 3874//5455
f 3912//5493 3890//5471 3893//5474
f 3912//5493 3893//5474 3875//5456
f 3913//5494 3914//5495 3915//5496
f 3916//5497 3900//5481 3899//5480
f 3917//5498 3918//5499 3919//5500
f 3917//5498 3919//5500 3920//5500
f 3912//5493 3909//5490 3910//5491
f 3912//5493 3910//5491 3921//5501
f 3922//5502 3911//5492 3923//5503
f 3916//5497 3924//5504 3900//5481
f 3886//5467 3911//5492 3922//5502
f 3889//5470 3914//5495 3911//5492
f 3889//5470 3911//5492 3885//5466
f 3925//5505 3926//5506 3927//5507
f 3925//5505 3927//5507 3928//5505
f 3912//5493 3921//5501 3890//5471
f 3901//5482 3904//5485 3929//5508
f 3901//5482 3929//5508 3914//5495
f 3907//5488 3930//5509 3929//5508
f 3915//5496 3914//5495 3889//5470
f 3913//5494 3901//5482 3914//5495
f 3931//5510 3926//5511 3925//5512
f 3931//5510 3925//5512 3932//5512
f 3905//5486 3907//5488 3929//5508
f 3933//5513 3934//5514 3916//5497
f 3916//5497 3899//5480 3935//5515
f 3916//5497 3935//5515 3909//5490
f 3909//5490 3935//5515 3879//5460
f 3936//5516 3849//5430 3894//5475
f 3936//5516 3894//5475 3937//5517
f 3938//5518 3915//5496 3889//5470
f 3938//5518 3889//5470 3888//5469
f 3939//5519 3921//5501 3910//5491
f 3939//5519 3910//5491 3883//5464
f 3892//5473 3866//5447 3865//5446
f 3892//5473 3865//5446 3876//5457
f 3940//5520 3847//5428 3844//5425
f 3940//5520 3844//5425 3872//5453
f 3863//5444 3860//5441 3941//5521
f 3863//5444 3941//5521 3873//5454
f 3935//5515 3896//5477 3880//5461
f 3935//5515 3880//5461 3879//5460
f 3871//5452 3843//5424 3897//5478
f 3871//5452 3897//5478 3896//5477
f 3936//5516 3933//5513 3930//5509
f 3936//5516 3930//5509 3881//5462
f 3942//5522 3829//5410 3837//5418
f 3942//5522 3837//5418 3902//5483
f 3881//5462 3930//5509 3907//5488
f 3881//5462 3907//5488 3882//5463
f 3883//5464 3910//5491 3878//5459
f 3883//5464 3878//5459 3877//5458
f 3940//5520 3924//5504 3934//5514
f 3940//5520 3934//5514 3937//5517
f 3876//5457 3875//5456 3893//5474
f 3876//5457 3893//5474 3892//5473
f 3876//5457 3865//5446 3863//5444
f 3876//5457 3863//5444 3873//5454
f 3922//5502 3943//5523 3887//5468
f 3922//5502 3887//5468 3886//5467
f 3856//5437 3855//5436 3884//5465
f 3856//5437 3884//5465 3887//5468
f 3935//5515 3899//5480 3871//5452
f 3935//5515 3871//5452 3896//5477
f 3839//5420 3830//5411 3938//5518
f 3839//5420 3938//5518 3888//5469
f 3943//5523 3922//5502 3923//5503
f 3943//5523 3923//5503 3941//5521
f 3903//5484 3853//5434 3851//5432
f 3903//5484 3851//5432 3906//5487
f 3927//5524 3917//5525 3920//5526
f 3927//5524 3920//5526 3928//5527
f 3902//5483 3837//5418 3853//5434
f 3902//5483 3853//5434 3903//5484
f 3898//5479 3897//5478 3944//5528
f 3898//5479 3944//5528 3908//5489
f 3943//5523 3859//5440 3856//5437
f 3943//5523 3856//5437 3887//5468
f 3884//5465 3855//5436 3839//5420
f 3884//5465 3839//5420 3888//5469
f 3932//5529 3945//5529 3946//5530
f 3932//5529 3946//5530 3931//5531
f 3885//5466 3911//5492 3886//5467
f 3942//5522 3913//5494 3915//5496
f 3942//5522 3915//5496 3938//5518
f 3825//5406 3841//5422 3939//5519
f 3825//5406 3939//5519 3883//5464
f 3924//5504 3940//5520 3872//5453
f 3924//5504 3872//5453 3900//5481
f 3941//5521 3860//5441 3859//5440
f 3941//5521 3859//5440 3943//5523
f 3939//5519 3841//5422 3869//5450
f 3939//5519 3869//5450 3891//5472
f 3826//5407 3877//5458 3880//5461
f 3826//5407 3880//5461 3898//5479
f 3904//5485 3905//5486 3929//5508
f 3937//5517 3894//5475 3847//5428
f 3937//5517 3847//5428 3940//5520
f 3881//5462 3833//5414 3849//5430
f 3881//5462 3849//5430 3936//5516
f 3934//5514 3924//5504 3916//5497
f 3834//5415 3882//5463 3906//5487
f 3834//5415 3906//5487 3851//5432
f 3913//5494 3942//5522 3902//5483
f 3913//5494 3902//5483 3901//5482
f 3941//5521 3923//5503 3874//5455
f 3941//5521 3874//5455 3873//5454
f 3906//5487 3905//5486 3904//5485
f 3906//5487 3904//5485 3903//5484
f 3938//5518 3830//5411 3829//5410
f 3938//5518 3829//5410 3942//5522
f 3891//5472 3869//5450 3866//5447
f 3891//5472 3866//5447 3892//5473
f 3894//5475 3849//5430 3850//5431
f 3894//5475 3850//5431 3895//5476
f 3846//5427 3944//5528 3897//5478
f 3846//5427 3897//5478 3843//5424
f 3937//5517 3934//5514 3933//5513
f 3937//5517 3933//5513 3936//5516
f 3945//5532 3919//5532 3918//5533
f 3945//5532 3918//5533 3946//5534
f 3891//5472 3890//5471 3921//5501
f 3891//5472 3921//5501 3939//5519
f 3911//5492 3874//5455 3923//5503
f 3928//5535 3920//5536 3919//5536
f 3919//5536 3945//5536 3932//5536
f 3932//5536 3925//5537 3928//5535
f 3919//5536 3932//5536 3928//5535
f 3929//5508 3916//5497 3947//5538
f 3929//5508 3947//5538 3948//5539
f 3948//5539 3947//5538 3917//5525
f 3948//5539 3917//5525 3927//5524
f 3931//5531 3946//5530 3949//5540
f 3931//5531 3949//5540 3950//5541
f 3950//5541 3949//5540 3912//5493
f 3950//5541 3912//5493 3911//5492
f 3927//5507 3926//5506 3951//5542
f 3927//5507 3951//5542 3948//5539
f 3948//5539 3951//5542 3914//5495
f 3948//5539 3914//5495 3929//5508
f 3926//5511 3931//5510 3950//5541
f 3926//5511 3950//5541 3951//5542
f 3951//5542 3950//5541 3911//5492
f 3951//5542 3911//5492 3914//5495
f 3916//5497 3909//5490 3952//5543
f 3916//5497 3952//5543 3947//5538
f 3947//5538 3952//5543 3918//5499
f 3947//5538 3918//5499 3917//5498
f 3946//5534 3918//5533 3952//5543
f 3946//5534 3952//5543 3949//5540
f 3949//5540 3952//5543 3909//5490
f 3949//5540 3909//5490 3912//5493
f 3930//5509 3933//5513 3916//5497
f 3930//5509 3916//5497 3929//5508
f 3953//5544 3954//5545 3955//5546
f 3953//5544 3955//5546 3956//5547
f 3957//5548 3958//5549 3959//5550
f 3957//5548 3959//5550 3960//5551
f 3961//5552 3962//5553 3963//5554
f 3961//5552 3963//5554 3964//5555
f 3965//5556 3957//5548 3960//5551
f 3965//5556 3960//5551 3966//5557
f 3958//5549 3967//5558 3968//5559
f 3958//5549 3968//5559 3959//5550
f 3969//5560 3953//5544 3956//5547
f 3969//5560 3956//5547 3970//5561
f 3971//5562 3972//5563 3973//5564
f 3971//5562 3973//5564 3974//5565
f 3972//5563 3975//5566 3976//5567
f 3972//5563 3976//5567 3973//5564
f 3977//5568 3961//5552 3964//5555
f 3977//5568 3964//5555 3978//5569
f 3962//5553 3979//5570 3980//5571
f 3962//5553 3980//5571 3963//5554
f 3979//5570 3981//5572 3982//5573
f 3979//5570 3982//5573 3980//5571
f 3981//5572 3965//5556 3966//5557
f 3981//5572 3966//5557 3982//5573
f 3983//5574 3984//5575 3985//5576
f 3983//5574 3985//5576 3986//5577
f 3987//5578 3988//5579 3989//5580
f 3987//5578 3989//5580 3990//5581
f 3988//5579 3991//5582 3992//5583
f 3988//5579 3992//5583 3989//5580
f 3993//5584 3994//5585 3995//5586
f 3993//5584 3995//5586 3996//5587
f 3994//5585 3997//5588 3998//5589
f 3994//5585 3998//5589 3995//5586
f 3967//5558 3983//5574 3986//5577
f 3967//5558 3986//5577 3968//5559
f 3972//5563 3971//5562 3999//5590
f 3972//5563 3999//5590 4000//5591
f 4001//5592 4002//5593 4003//5594
f 4001//5592 4003//5594 4004//5595
f 4005//5596 4006//5597 4007//5598
f 4005//5596 4007//5598 4008//5599
f 3962//5553 3961//5552 4009//5600
f 3962//5553 4009//5600 4010//5601
f 3954//5545 3953//5544 4011//5602
f 3954//5545 4011//5602 4005//5596
f 4012//5603 4013//5604 4014//5605
f 4012//5603 4014//5605 4015//5606
f 4016//5607 4017//5608 4013//5604
f 4016//5607 4013//5604 4012//5603
f 4018//5609 4019//5610 4020//5611
f 4018//5609 4020//5611 4021//5612
f 3975//5566 4022//5613 4023//5614
f 3975//5566 4023//5614 3976//5567
f 4024//5615 4025//5616 4026//5617
f 4024//5615 4026//5617 4008//5599
f 4027//5618 4028//5619 4000//5591
f 4027//5618 4000//5591 3999//5590
f 4029//5620 4030//5621 4031//5622
f 4029//5620 4031//5622 4032//5623
f 4033//5624 4034//5625 4010//5601
f 4033//5624 4010//5601 4035//5626
f 3954//5545 4026//5617 4036//5627
f 3954//5545 4036//5627 3955//5546
f 3997//5588 3969//5560 3970//5561
f 3997//5588 3970//5561 3998//5589
f 3991//5582 3993//5584 3996//5587
f 3991//5582 3996//5587 3992//5583
f 3984//5575 3987//5578 3990//5581
f 3984//5575 3990//5581 3985//5576
f 4037//5628 4007//5598 4006//5597
f 4037//5628 4006//5597 4038//5629
f 4039//5630 4040//5631 4003//5594
f 4039//5630 4003//5594 4002//5593
f 4040//5631 4018//5609 4021//5612
f 4040//5631 4021//5612 4003//5594
f 4041//5632 4042//5633 4043//5634
f 4044//5635 4028//5619 4027//5618
f 4045//5636 4046//5637 4047//5638
f 4045//5636 4047//5638 4048//5638
f 4040//5631 4037//5628 4038//5629
f 4040//5631 4038//5629 4049//5639
f 4050//5640 4039//5630 4051//5641
f 4044//5635 4052//5642 4028//5619
f 4014//5605 4039//5630 4050//5640
f 4017//5608 4042//5633 4039//5630
f 4017//5608 4039//5630 4013//5604
f 4053//5643 4054//5644 4055//5645
f 4053//5643 4055//5645 4056//5643
f 4040//5631 4049//5639 4018//5609
f 4029//5620 4032//5623 4057//5646
f 4029//5620 4057//5646 4042//5633
f 4035//5626 4058//5647 4057//5646
f 4043//5634 4042//5633 4017//5608
f 4041//5632 4029//5620 4042//5633
f 4059//5648 4054//5649 4053//4526
f 4059//5648 4053//4526 4060//4526
f 4033//5624 4035//5626 4057//5646
f 4061//5650 4062//5651 4044//5635
f 4044//5635 4027//5618 4063//5652
f 4044//5635 4063//5652 4037//5628
f 4037//5628 4063//5652 4007//5598
f 4064//5653 3977//5568 4022//5613
f 4064//5653 4022//5613 4065//5654
f 4066//5655 4043//5634 4017//5608
f 4066//5655 4017//5608 4016//5607
f 4067//5656 4049//5639 4038//5629
f 4067//5656 4038//5629 4011//5602
f 4020//5611 3994//5585 3993//5584
f 4020//5611 3993//5584 4004//5595
f 4068//5657 3975//5566 3972//5563
f 4068//5657 3972//5563 4000//5591
f 3991//5582 3988//5579 4069//5658
f 3991//5582 4069//5658 4001//5592
f 4063//5652 4024//5615 4008//5599
f 4063//5652 4008//5599 4007//5598
f 3999//5590 3971//5562 4025//5616
f 3999//5590 4025//5616 4024//5615
f 4064//5653 4061//5650 4058//5647
f 4064//5653 4058//5647 4009//5600
f 4070//5659 3957//5548 3965//5556
f 4070//5659 3965//5556 4030//5621
f 4009//5600 4058//5647 4035//5626
f 4009//5600 4035//5626 4010//5601
f 4011//5602 4038//5629 4006//5597
f 4011//5602 4006//5597 4005//5596
f 4068//5657 4052//5642 4062//5651
f 4068//5657 4062//5651 4065//5654
f 4004//5595 4003//5594 4021//5612
f 4004//5595 4021//5612 4020//5611
f 4004//5595 3993//5584 3991//5582
f 4004//5595 3991//5582 4001//5592
f 4050//5640 4071//5660 4015//5606
f 4050//5640 4015//5606 4014//5605
f 3984//5575 3983//5574 4012//5603
f 3984//5575 4012//5603 4015//5606
f 4063//5652 4027//5618 3999//5590
f 4063//5652 3999//5590 4024//5615
f 3967//5558 3958//5549 4066//5655
f 3967//5558 4066//5655 4016//5607
f 4071//5660 4050//5640 4051//5641
f 4071//5660 4051//5641 4069//5658
f 4031//5622 3981//5572 3979//5570
f 4031//5622 3979//5570 4034//5625
f 4055//5661 4045//5662 4048//5663
f 4055//5661 4048//5663 4056//5663
f 4030//5621 3965//5556 3981//5572
f 4030//5621 3981//5572 4031//5622
f 4026//5617 4025//5616 4072//5664
f 4026//5617 4072//5664 4036//5627
f 4071//5660 3987//5578 3984//5575
f 4071//5660 3984//5575 4015//5606
f 4012//5603 3983//5574 3967//5558
f 4012//5603 3967//5558 4016//5607
f 4060//5665 4073//5665 4074//5666
f 4060//5665 4074//5666 4059//5667
f 4013//5604 4039//5630 4014//5605
f 4070//5659 4041//5632 4043//5634
f 4070//5659 4043//5634 4066//5655
f 3953//5544 3969//5560 4067//5656
f 3953//5544 4067//5656 4011//5602
f 4052//5642 4068//5657 4000//5591
f 4052//5642 4000//5591 4028//5619
f 4069//5658 3988//5579 3987//5578
f 4069//5658 3987//5578 4071//5660
f 4067//5656 3969//5560 3997//5588
f 4067//5656 3997//5588 4019//5610
f 3954//5545 4005//5596 4008//5599
f 3954//5545 4008//5599 4026//5617
f 4032//5623 4033//5624 4057//5646
f 4065//5654 4022//5613 3975//5566
f 4065//5654 3975//5566 4068//5657
f 4009//5600 3961//5552 3977//5568
f 4009//5600 3977//5568 4064//5653
f 4062//5651 4052//5642 4044//5635
f 3962//5553 4010//5601 4034//5625
f 3962//5553 4034//5625 3979//5570
f 4041//5632 4070//5659 4030//5621
f 4041//5632 4030//5621 4029//5620
f 4069//5658 4051//5641 4002//5593
f 4069//5658 4002//5593 4001//5592
f 4034//5625 4033//5624 4032//5623
f 4034//5625 4032//5623 4031//5622
f 4066//5655 3958//5549 3957//5548
f 4066//5655 3957//5548 4070//5659
f 4019//5610 3997//5588 3994//5585
f 4019//5610 3994//5585 4020//5611
f 4022//5613 3977//5568 3978//5569
f 4022//5613 3978//5569 4023//5614
f 3974//5565 4072//5664 4025//5616
f 3974//5565 4025//5616 3971//5562
f 4065//5654 4062//5651 4061//5650
f 4065//5654 4061//5650 4064//5653
f 4073//5668 4047//5668 4046//5669
f 4073//5668 4046//5669 4074//5670
f 4019//5610 4018//5609 4049//5639
f 4019//5610 4049//5639 4067//5656
f 4039//5630 4002//5593 4051//5641
f 4056//5671 4048//5671 4047//5672
f 4047//5672 4073//5671 4060//5671
f 4060//5671 4053//5671 4056//5671
f 4047//5672 4060//5671 4056//5671
f 4057//5646 4044//5635 4075//5673
f 4057//5646 4075//5673 4076//5674
f 4076//5674 4075//5673 4045//5662
f 4076//5674 4045//5662 4055//5661
f 4059//5667 4074//5666 4077//5675
f 4059//5667 4077//5675 4078//5676
f 4078//5676 4077//5675 4040//5631
f 4078//5676 4040//5631 4039//5630
f 4055//5645 4054//5644 4079//5677
f 4055//5645 4079//5677 4076//5674
f 4076//5674 4079//5677 4042//5633
f 4076//5674 4042//5633 4057//5646
f 4054//5649 4059//5648 4078//5676
f 4054//5649 4078//5676 4079//5677
f 4079//5677 4078//5676 4039//5630
f 4079//5677 4039//5630 4042//5633
f 4044//5635 4037//5628 4080//5678
f 4044//5635 4080//5678 4075//5673
f 4075//5673 4080//5678 4046//5637
f 4075//5673 4046//5637 4045//5636
f 4074//5670 4046//5669 4080//5678
f 4074//5670 4080//5678 4077//5675
f 4077//5675 4080//5678 4037//5628
f 4077//5675 4037//5628 4040//5631
f 4058//5647 4061//5650 4044//5635
f 4058//5647 4044//5635 4057//5646
f 4081//5679 4082//5680 4083//5681
f 4081//5679 4083//5681 4084//5682
f 4085//5683 4086//5684 4087//5685
f 4085//5683 4087//5685 4088//5686
f 4089//5687 4090//5688 4091//5689
f 4089//5687 4091//5689 4092//5690
f 4093//5691 4085//5683 4088//5686
f 4093//5691 4088//5686 4094//5692
f 4086//5684 4095//5693 4096//5694
f 4086//5684 4096//5694 4087//5685
f 4097//5695 4081//5679 4084//5682
f 4097//5695 4084//5682 4098//5696
f 4099//5697 4100//5698 4101//5699
f 4099//5697 4101//5699 4102//5700
f 4100//5698 4103//5701 4104//5702
f 4100//5698 4104//5702 4101//5699
f 4105//5703 4089//5687 4092//5690
f 4105//5703 4092//5690 4106//5704
f 4090//5688 4107//5705 4108//5706
f 4090//5688 4108//5706 4091//5689
f 4107//5705 4109//5707 4110//5708
f 4107//5705 4110//5708 4108//5706
f 4109//5707 4093//5691 4094//5692
f 4109//5707 4094//5692 4110//5708
f 4111//5709 4112//5710 4113//5711
f 4111//5709 4113//5711 4114//5712
f 4115//5713 4116//5714 4117//5715
f 4115//5713 4117//5715 4118//5716
f 4116//5714 4119//5717 4120//5718
f 4116//5714 4120//5718 4117//5715
f 4121//5719 4122//5720 4123//5721
f 4121//5719 4123//5721 4124//5722
f 4122//5720 4125//5723 4126//5724
f 4122//5720 4126//5724 4123//5721
f 4095//5693 4111//5709 4114//5712
f 4095//5693 4114//5712 4096//5694
f 4100//5698 4099//5697 4127//5725
f 4100//5698 4127//5725 4128//5726
f 4129//5727 4130//5728 4131//5729
f 4129//5727 4131//5729 4132//5730
f 4133//5731 4134//5732 4135//5733
f 4133//5731 4135//5733 4136//5734
f 4090//5688 4089//5687 4137//5735
f 4090//5688 4137//5735 4138//5736
f 4082//5680 4081//5679 4139//5737
f 4082//5680 4139//5737 4133//5731
f 4140//5738 4141//5739 4142//5740
f 4140//5738 4142//5740 4143//5741
f 4144//5742 4145//5743 4141//5739
f 4144//5742 4141//5739 4140//5738
f 4146//5744 4147//5745 4148//5746
f 4146//5744 4148//5746 4149//5747
f 4103//5701 4150//5748 4151//5749
f 4103//5701 4151//5749 4104//5702
f 4152//5750 4153//5751 4154//5752
f 4152//5750 4154//5752 4136//5734
f 4155//5753 4156//5754 4128//5726
f 4155//5753 4128//5726 4127//5725
f 4157//5755 4158//5756 4159//5757
f 4157//5755 4159//5757 4160//5758
f 4161//5759 4162//5760 4138//5736
f 4161//5759 4138//5736 4163//5761
f 4082//5680 4154//5752 4164//5762
f 4082//5680 4164//5762 4083//5681
f 4125//5723 4097//5695 4098//5696
f 4125//5723 4098//5696 4126//5724
f 4119//5717 4121//5719 4124//5722
f 4119//5717 4124//5722 4120//5718
f 4112//5710 4115//5713 4118//5716
f 4112//5710 4118//5716 4113//5711
f 4165//5763 4135//5733 4134//5732
f 4165//5763 4134//5732 4166//5764
f 4167//5765 4168//5766 4131//5729
f 4167//5765 4131//5729 4130//5728
f 4168//5766 4146//5744 4149//5747
f 4168//5766 4149//5747 4131//5729
f 4169//5767 4170//5768 4171//5769
f 4172//5770 4156//5754 4155//5753
f 4173//5771 4174//5772 4175//5773
f 4173//5771 4175//5773 4176//5773
f 4168//5766 4165//5763 4166//5764
f 4168//5766 4166//5764 4177//5774
f 4178//5775 4167//5765 4179//5776
f 4172//5770 4180//5777 4156//5754
f 4142//5740 4167//5765 4178//5775
f 4145//5743 4170//5768 4167//5765
f 4145//5743 4167//5765 4141//5739
f 4181//5778 4182//5779 4183//5780
f 4181//5778 4183//5780 4184//5781
f 4168//5766 4177//5774 4146//5744
f 4157//5755 4160//5758 4185//5782
f 4157//5755 4185//5782 4170//5768
f 4163//5761 4186//5783 4185//5782
f 4171//5769 4170//5768 4145//5743
f 4169//5767 4157//5755 4170//5768
f 4187//5784 4182//5785 4181//5786
f 4187//5784 4181//5786 4188//5786
f 4161//5759 4163//5761 4185//5782
f 4189//5787 4190//5788 4172//5770
f 4172//5770 4155//5753 4191//5789
f 4172//5770 4191//5789 4165//5763
f 4165//5763 4191//5789 4135//5733
f 4192//5790 4105//5703 4150//5748
f 4192//5790 4150//5748 4193//5791
f 4194//5792 4171//5769 4145//5743
f 4194//5792 4145//5743 4144//5742
f 4195//5793 4177//5774 4166//5764
f 4195//5793 4166//5764 4139//5737
f 4148//5746 4122//5720 4121//5719
f 4148//5746 4121//5719 4132//5730
f 4196//5794 4103//5701 4100//5698
f 4196//5794 4100//5698 4128//5726
f 4119//5717 4116//5714 4197//5795
f 4119//5717 4197//5795 4129//5727
f 4191//5789 4152//5750 4136//5734
f 4191//5789 4136//5734 4135//5733
f 4127//5725 4099//5697 4153//5751
f 4127//5725 4153//5751 4152//5750
f 4192//5790 4189//5787 4186//5783
f 4192//5790 4186//5783 4137//5735
f 4198//5796 4085//5683 4093//5691
f 4198//5796 4093//5691 4158//5756
f 4137//5735 4186//5783 4163//5761
f 4137//5735 4163//5761 4138//5736
f 4139//5737 4166//5764 4134//5732
f 4139//5737 4134//5732 4133//5731
f 4196//5794 4180//5777 4190//5788
f 4196//5794 4190//5788 4193//5791
f 4132//5730 4131//5729 4149//5747
f 4132//5730 4149//5747 4148//5746
f 4132//5730 4121//5719 4119//5717
f 4132//5730 4119//5717 4129//5727
f 4178//5775 4199//5797 4143//5741
f 4178//5775 4143//5741 4142//5740
f 4112//5710 4111//5709 4140//5738
f 4112//5710 4140//5738 4143//5741
f 4191//5789 4155//5753 4127//5725
f 4191//5789 4127//5725 4152//5750
f 4095//5693 4086//5684 4194//5792
f 4095//5693 4194//5792 4144//5742
f 4199//5797 4178//5775 4179//5776
f 4199//5797 4179//5776 4197//5795
f 4159//5757 4109//5707 4107//5705
f 4159//5757 4107//5705 4162//5760
f 4183//5798 4173//5799 4176//5800
f 4183//5798 4176//5800 4184//5801
f 4158//5756 4093//5691 4109//5707
f 4158//5756 4109//5707 4159//5757
f 4154//5752 4153//5751 4200//5802
f 4154//5752 4200//5802 4164//5762
f 4199//5797 4115//5713 4112//5710
f 4199//5797 4112//5710 4143//5741
f 4140//5738 4111//5709 4095//5693
f 4140//5738 4095//5693 4144//5742
f 4188//5803 4201//5803 4202//5804
f 4188//5803 4202//5804 4187//5805
f 4141//5739 4167//5765 4142//5740
f 4198//5796 4169//5767 4171//5769
f 4198//5796 4171//5769 4194//5792
f 4081//5679 4097//5695 4195//5793
f 4081//5679 4195//5793 4139//5737
f 4180//5777 4196//5794 4128//5726
f 4180//5777 4128//5726 4156//5754
f 4197//5795 4116//5714 4115//5713
f 4197//5795 4115//5713 4199//5797
f 4195//5793 4097//5695 4125//5723
f 4195//5793 4125//5723 4147//5745
f 4082//5680 4133//5731 4136//5734
f 4082//5680 4136//5734 4154//5752
f 4160//5758 4161//5759 4185//5782
f 4193//5791 4150//5748 4103//5701
f 4193//5791 4103//5701 4196//5794
f 4137//5735 4089//5687 4105//5703
f 4137//5735 4105//5703 4192//5790
f 4190//5788 4180//5777 4172//5770
f 4090//5688 4138//5736 4162//5760
f 4090//5688 4162//5760 4107//5705
f 4169//5767 4198//5796 4158//5756
f 4169//5767 4158//5756 4157//5755
f 4197//5795 4179//5776 4130//5728
f 4197//5795 4130//5728 4129//5727
f 4162//5760 4161//5759 4160//5758
f 4162//5760 4160//5758 4159//5757
f 4194//5792 4086//5684 4085//5683
f 4194//5792 4085//5683 4198//5796
f 4147//5745 4125//5723 4122//5720
f 4147//5745 4122//5720 4148//5746
f 4150//5748 4105//5703 4106//5704
f 4150//5748 4106//5704 4151//5749
f 4102//5700 4200//5802 4153//5751
f 4102//5700 4153//5751 4099//5697
f 4193//5791 4190//5788 4189//5787
f 4193//5791 4189//5787 4192//5790
f 4201//5806 4175//5806 4174//5807
f 4201//5806 4174//5807 4202//5808
f 4147//5745 4146//5744 4177//5774
f 4147//5745 4177//5774 4195//5793
f 4167//5765 4130//5728 4179//5776
f 4184//5809 4176//5809 4175//5810
f 4175//5810 4201//5809 4188//5809
f 4188//5809 4181//5809 4184//5809
f 4175//5810 4188//5809 4184//5809
f 4185//5782 4172//5770 4203//5811
f 4185//5782 4203//5811 4204//5812
f 4204//5812 4203//5811 4173//5799
f 4204//5812 4173//5799 4183//5798
f 4187//5805 4202//5804 4205//5813
f 4187//5805 4205//5813 4206//5814
f 4206//5814 4205//5813 4168//5766
f 4206//5814 4168//5766 4167//5765
f 4183//5780 4182//5779 4207//5815
f 4183//5780 4207//5815 4204//5812
f 4204//5812 4207//5815 4170//5768
f 4204//5812 4170//5768 4185//5782
f 4182//5785 4187//5784 4206//5814
f 4182//5785 4206//5814 4207//5815
f 4207//5815 4206//5814 4167//5765
f 4207//5815 4167//5765 4170//5768
f 4172//5770 4165//5763 4208//5816
f 4172//5770 4208//5816 4203//5811
f 4203//5811 4208//5816 4174//5772
f 4203//5811 4174//5772 4173//5771
f 4202//5808 4174//5807 4208//5816
f 4202//5808 4208//5816 4205//5813
f 4205//5813 4208//5816 4165//5763
f 4205//5813 4165//5763 4168//5766
f 4186//5783 4189//5787 4172//5770
f 4186//5783 4172//5770 4185//5782
f 4209//5817 4210//5818 4211//5819
f 4209//5817 4211//5819 4212//5820
f 4213//5821 4214//5822 4215//5823
f 4213//5821 4215//5823 4216//5824
f 4217//5825 4218//5826 4219//5827
f 4217//5825 4219//5827 4220//5828
f 4221//5829 4213//5821 4216//5824
f 4221//5829 4216//5824 4222//5830
f 4214//5822 4223//5831 4224//5832
f 4214//5822 4224//5832 4215//5823
f 4225//5833 4209//5817 4212//5820
f 4225//5833 4212//5820 4226//5834
f 4227//5835 4228//5836 4229//5837
f 4227//5835 4229//5837 4230//5838
f 4228//5836 4231//5839 4232//5840
f 4228//5836 4232//5840 4229//5837
f 4233//5841 4217//5825 4220//5828
f 4233//5841 4220//5828 4234//5842
f 4218//5826 4235//5843 4236//5844
f 4218//5826 4236//5844 4219//5827
f 4235//5843 4237//5845 4238//5846
f 4235//5843 4238//5846 4236//5844
f 4237//5845 4221//5829 4222//5830
f 4237//5845 4222//5830 4238//5846
f 4239//5847 4240//5848 4241//5849
f 4239//5847 4241//5849 4242//5850
f 4243//5851 4244//5852 4245//5853
f 4243//5851 4245//5853 4246//5854
f 4244//5852 4247//5855 4248//5856
f 4244//5852 4248//5856 4245//5853
f 4249//5857 4250//5858 4251//5859
f 4249//5857 4251//5859 4252//5860
f 4250//5858 4253//5861 4254//5862
f 4250//5858 4254//5862 4251//5859
f 4223//5831 4239//5847 4242//5850
f 4223//5831 4242//5850 4224//5832
f 4228//5836 4227//5835 4255//5863
f 4228//5836 4255//5863 4256//5864
f 4257//5865 4258//5866 4259//5867
f 4257//5865 4259//5867 4260//5868
f 4261//5869 4262//5870 4263//5871
f 4261//5869 4263//5871 4264//5872
f 4218//5826 4217//5825 4265//5873
f 4218//5826 4265//5873 4266//5874
f 4210//5818 4209//5817 4267//5875
f 4210//5818 4267//5875 4261//5869
f 4268//5876 4269//5877 4270//5878
f 4268//5876 4270//5878 4271//5879
f 4272//5880 4273//5881 4269//5877
f 4272//5880 4269//5877 4268//5876
f 4274//5882 4275//5883 4276//5884
f 4274//5882 4276//5884 4277//5885
f 4231//5839 4278//5886 4279//5887
f 4231//5839 4279//5887 4232//5840
f 4280//5888 4281//5889 4282//5890
f 4280//5888 4282//5890 4264//5872
f 4283//5891 4284//5892 4256//5864
f 4283//5891 4256//5864 4255//5863
f 4285//5893 4286//5894 4287//5895
f 4285//5893 4287//5895 4288//5896
f 4289//5897 4290//5898 4266//5874
f 4289//5897 4266//5874 4291//5899
f 4210//5818 4282//5890 4292//5900
f 4210//5818 4292//5900 4211//5819
f 4253//5861 4225//5833 4226//5834
f 4253//5861 4226//5834 4254//5862
f 4247//5855 4249//5857 4252//5860
f 4247//5855 4252//5860 4248//5856
f 4240//5848 4243//5851 4246//5854
f 4240//5848 4246//5854 4241//5849
f 4293//5901 4263//5871 4262//5870
f 4293//5901 4262//5870 4294//5902
f 4295//5903 4296//5904 4259//5867
f 4295//5903 4259//5867 4258//5866
f 4296//5904 4274//5882 4277//5885
f 4296//5904 4277//5885 4259//5867
f 4297//5905 4298//5906 4299//5907
f 4300//5908 4284//5892 4283//5891
f 4301//5909 4302//5910 4303//5911
f 4301//5909 4303//5911 4304//5912
f 4296//5904 4293//5901 4294//5902
f 4296//5904 4294//5902 4305//5913
f 4306//5914 4295//5903 4307//5915
f 4300//5908 4308//5916 4284//5892
f 4270//5878 4295//5903 4306//5914
f 4273//5881 4298//5906 4295//5903
f 4273//5881 4295//5903 4269//5877
f 4309//5917 4310//5918 4311//5919
f 4309//5917 4311//5919 4312//5920
f 4296//5904 4305//5913 4274//5882
f 4285//5893 4288//5896 4313//5921
f 4285//5893 4313//5921 4298//5906
f 4291//5899 4314//5922 4313//5921
f 4299//5907 4298//5906 4273//5881
f 4297//5905 4285//5893 4298//5906
f 4315//5923 4310//5924 4309//5925
f 4315//5923 4309//5925 4316//5925
f 4289//5897 4291//5899 4313//5921
f 4317//5926 4318//5927 4300//5908
f 4300//5908 4283//5891 4319//5928
f 4300//5908 4319//5928 4293//5901
f 4293//5901 4319//5928 4263//5871
f 4320//5929 4233//5841 4278//5886
f 4320//5929 4278//5886 4321//5930
f 4322//5931 4299//5907 4273//5881
f 4322//5931 4273//5881 4272//5880
f 4323//5932 4305//5913 4294//5902
f 4323//5932 4294//5902 4267//5875
f 4276//5884 4250//5858 4249//5857
f 4276//5884 4249//5857 4260//5868
f 4324//5933 4231//5839 4228//5836
f 4324//5933 4228//5836 4256//5864
f 4247//5855 4244//5852 4325//5934
f 4247//5855 4325//5934 4257//5865
f 4319//5928 4280//5888 4264//5872
f 4319//5928 4264//5872 4263//5871
f 4255//5863 4227//5835 4281//5889
f 4255//5863 4281//5889 4280//5888
f 4320//5929 4317//5926 4314//5922
f 4320//5929 4314//5922 4265//5873
f 4326//5935 4213//5821 4221//5829
f 4326//5935 4221//5829 4286//5894
f 4265//5873 4314//5922 4291//5899
f 4265//5873 4291//5899 4266//5874
f 4267//5875 4294//5902 4262//5870
f 4267//5875 4262//5870 4261//5869
f 4324//5933 4308//5916 4318//5927
f 4324//5933 4318//5927 4321//5930
f 4260//5868 4259//5867 4277//5885
f 4260//5868 4277//5885 4276//5884
f 4260//5868 4249//5857 4247//5855
f 4260//5868 4247//5855 4257//5865
f 4306//5914 4327//5936 4271//5879
f 4306//5914 4271//5879 4270//5878
f 4240//5848 4239//5847 4268//5876
f 4240//5848 4268//5876 4271//5879
f 4319//5928 4283//5891 4255//5863
f 4319//5928 4255//5863 4280//5888
f 4223//5831 4214//5822 4322//5931
f 4223//5831 4322//5931 4272//5880
f 4327//5936 4306//5914 4307//5915
f 4327//5936 4307//5915 4325//5934
f 4287//5895 4237//5845 4235//5843
f 4287//5895 4235//5843 4290//5898
f 4311//5937 4301//5938 4304//5939
f 4311//5937 4304//5939 4312//5939
f 4286//5894 4221//5829 4237//5845
f 4286//5894 4237//5845 4287//5895
f 4282//5890 4281//5889 4328//5940
f 4282//5890 4328//5940 4292//5900
f 4327//5936 4243//5851 4240//5848
f 4327//5936 4240//5848 4271//5879
f 4268//5876 4239//5847 4223//5831
f 4268//5876 4223//5831 4272//5880
f 4316//5941 4329//5942 4330//5943
f 4316//5941 4330//5943 4315//5944
f 4269//5877 4295//5903 4270//5878
f 4326//5935 4297//5905 4299//5907
f 4326//5935 4299//5907 4322//5931
f 4209//5817 4225//5833 4323//5932
f 4209//5817 4323//5932 4267//5875
f 4308//5916 4324//5933 4256//5864
f 4308//5916 4256//5864 4284//5892
f 4325//5934 4244//5852 4243//5851
f 4325//5934 4243//5851 4327//5936
f 4323//5932 4225//5833 4253//5861
f 4323//5932 4253//5861 4275//5883
f 4210//5818 4261//5869 4264//5872
f 4210//5818 4264//5872 4282//5890
f 4288//5896 4289//5897 4313//5921
f 4321//5930 4278//5886 4231//5839
f 4321//5930 4231//5839 4324//5933
f 4265//5873 4217//5825 4233//5841
f 4265//5873 4233//5841 4320//5929
f 4318//5927 4308//5916 4300//5908
f 4218//5826 4266//5874 4290//5898
f 4218//5826 4290//5898 4235//5843
f 4297//5905 4326//5935 4286//5894
f 4297//5905 4286//5894 4285//5893
f 4325//5934 4307//5915 4258//5866
f 4325//5934 4258//5866 4257//5865
f 4290//5898 4289//5897 4288//5896
f 4290//5898 4288//5896 4287//5895
f 4322//5931 4214//5822 4213//5821
f 4322//5931 4213//5821 4326//5935
f 4275//5883 4253//5861 4250//5858
f 4275//5883 4250//5858 4276//5884
f 4278//5886 4233//5841 4234//5842
f 4278//5886 4234//5842 4279//5887
f 4230//5838 4328//5940 4281//5889
f 4230//5838 4281//5889 4227//5835
f 4321//5930 4318//5927 4317//5926
f 4321//5930 4317//5926 4320//5929
f 4329//5945 4303//5946 4302//5947
f 4329//5945 4302//5947 4330//5948
f 4275//5883 4274//5882 4305//5913
f 4275//5883 4305//5913 4323//5932
f 4295//5903 4258//5866 4307//5915
f 4312//5949 4304//5949 4303//5949
f 4303//5949 4329//5949 4316//5950
f 4316//5950 4309//5949 4312//5949
f 4303//5949 4316//5950 4312//5949
f 4313//5921 4300//5908 4331//5951
f 4313//5921 4331//5951 4332//5952
f 4332//5952 4331//5951 4301//5938
f 4332//5952 4301//5938 4311//5937
f 4315//5944 4330//5943 4333//5953
f 4315//5944 4333//5953 4334//5954
f 4334//5954 4333//5953 4296//5904
f 4334//5954 4296//5904 4295//5903
f 4311//5919 4310//5918 4335//5955
f 4311//5919 4335//5955 4332//5952
f 4332//5952 4335//5955 4298//5906
f 4332//5952 4298//5906 4313//5921
f 4310//5924 4315//5923 4334//5954
f 4310//5924 4334//5954 4335//5955
f 4335//5955 4334//5954 4295//5903
f 4335//5955 4295//5903 4298//5906
f 4300//5908 4293//5901 4336//5956
f 4300//5908 4336//5956 4331//5951
f 4331//5951 4336//5956 4302//5910
f 4331//5951 4302//5910 4301//5909
f 4330//5948 4302//5947 4336//5956
f 4330//5948 4336//5956 4333//5953
f 4333//5953 4336//5956 4293//5901
f 4333//5953 4293//5901 4296//5904
f 4314//5922 4317//5926 4300//5908
f 4314//5922 4300//5908 4313//5921
f 4337//5957 4338//5958 4339//5959
f 4337//5957 4339//5959 4340//5960
f 4341//5961 4342//5962 4343//5963
f 4341//5961 4343//5963 4344//5964
f 4345//5965 4346//5966 4347//5967
f 4345//5965 4347//5967 4348//5968
f 4349//5969 4341//5961 4344//5964
f 4349//5969 4344//5964 4350//5970
f 4342//5962 4351//5971 4352//5972
f 4342//5962 4352//5972 4343//5963
f 4353//5973 4337//5957 4340//5960
f 4353//5973 4340//5960 4354//5974
f 4355//5975 4356//5976 4357//5977
f 4355//5975 4357//5977 4358//5978
f 4356//5976 4359//5979 4360//5980
f 4356//5976 4360//5980 4357//5977
f 4361//5981 4345//5965 4348//5968
f 4361//5981 4348//5968 4362//5982
f 4346//5966 4363//5983 4364//5984
f 4346//5966 4364//5984 4347//5967
f 4363//5983 4365//5985 4366//5986
f 4363//5983 4366//5986 4364//5984
f 4365//5985 4349//5969 4350//5970
f 4365//5985 4350//5970 4366//5986
f 4367//5987 4368//5988 4369//5989
f 4367//5987 4369//5989 4370//5990
f 4371//5991 4372//5992 4373//5993
f 4371//5991 4373//5993 4374//5994
f 4372//5992 4375//5995 4376//5996
f 4372//5992 4376//5996 4373//5993
f 4377//5997 4378//5998 4379//5999
f 4377//5997 4379//5999 4380//6000
f 4378//5998 4381//6001 4382//6002
f 4378//5998 4382//6002 4379//5999
f 4351//5971 4367//5987 4370//5990
f 4351//5971 4370//5990 4352//5972
f 4356//5976 4355//5975 4383//6003
f 4356//5976 4383//6003 4384//6004
f 4385//6005 4386//6006 4387//6007
f 4385//6005 4387//6007 4388//6008
f 4389//6009 4390//6010 4391//6011
f 4389//6009 4391//6011 4392//6012
f 4346//5966 4345//5965 4393//6013
f 4346//5966 4393//6013 4394//6014
f 4338//5958 4337//5957 4395//6015
f 4338//5958 4395//6015 4389//6009
f 4396//6016 4397//6017 4398//6018
f 4396//6016 4398//6018 4399//6019
f 4400//6020 4401//6021 4397//6017
f 4400//6020 4397//6017 4396//6016
f 4402//6022 4403//6023 4404//6024
f 4402//6022 4404//6024 4405//6025
f 4359//5979 4406//6026 4407//6027
f 4359//5979 4407//6027 4360//5980
f 4408//6028 4409//6029 4410//6030
f 4408//6028 4410//6030 4392//6012
f 4411//6031 4412//6032 4384//6004
f 4411//6031 4384//6004 4383//6003
f 4413//6033 4414//6034 4415//6035
f 4413//6033 4415//6035 4416//6036
f 4417//6037 4418//6038 4394//6014
f 4417//6037 4394//6014 4419//6039
f 4338//5958 4410//6030 4420//6040
f 4338//5958 4420//6040 4339//5959
f 4381//6001 4353//5973 4354//5974
f 4381//6001 4354//5974 4382//6002
f 4375//5995 4377//5997 4380//6000
f 4375//5995 4380//6000 4376//5996
f 4368//5988 4371//5991 4374//5994
f 4368//5988 4374//5994 4369//5989
f 4421//6041 4391//6011 4390//6010
f 4421//6041 4390//6010 4422//6042
f 4423//6043 4424//6044 4387//6007
f 4423//6043 4387//6007 4386//6006
f 4424//6044 4402//6022 4405//6025
f 4424//6044 4405//6025 4387//6007
f 4425//6045 4426//6046 4427//6047
f 4428//6048 4412//6032 4411//6031
f 4429//6049 4430//6050 4431//6051
f 4429//6049 4431//6051 4432//6051
f 4424//6044 4421//6041 4422//6042
f 4424//6044 4422//6042 4433//6052
f 4434//6053 4423//6043 4435//6054
f 4428//6048 4436//6055 4412//6032
f 4398//6018 4423//6043 4434//6053
f 4401//6021 4426//6046 4423//6043
f 4401//6021 4423//6043 4397//6017
f 4437//6056 4438//6057 4439//6058
f 4437//6056 4439//6058 4440//6056
f 4424//6044 4433//6052 4402//6022
f 4413//6033 4416//6036 4441//6059
f 4413//6033 4441//6059 4426//6046
f 4419//6039 4442//6060 4441//6059
f 4427//6047 4426//6046 4401//6021
f 4425//6045 4413//6033 4426//6046
f 4443//6061 4438//6062 4437//6063
f 4443//6061 4437//6063 4444//6063
f 4417//6037 4419//6039 4441//6059
f 4445//6064 4446//6065 4428//6048
f 4428//6048 4411//6031 4447//6066
f 4428//6048 4447//6066 4421//6041
f 4421//6041 4447//6066 4391//6011
f 4448//6067 4361//5981 4406//6026
f 4448//6067 4406//6026 4449//6068
f 4450//6069 4427//6047 4401//6021
f 4450//6069 4401//6021 4400//6020
f 4451//6070 4433//6052 4422//6042
f 4451//6070 4422//6042 4395//6015
f 4404//6024 4378//5998 4377//5997
f 4404//6024 4377//5997 4388//6008
f 4452//6071 4359//5979 4356//5976
f 4452//6071 4356//5976 4384//6004
f 4375//5995 4372//5992 4453//6072
f 4375//5995 4453//6072 4385//6005
f 4447//6066 4408//6028 4392//6012
f 4447//6066 4392//6012 4391//6011
f 4383//6003 4355//5975 4409//6029
f 4383//6003 4409//6029 4408//6028
f 4448//6067 4445//6064 4442//6060
f 4448//6067 4442//6060 4393//6013
f 4454//6073 4341//5961 4349//5969
f 4454//6073 4349//5969 4414//6034
f 4393//6013 4442//6060 4419//6039
f 4393//6013 4419//6039 4394//6014
f 4395//6015 4422//6042 4390//6010
f 4395//6015 4390//6010 4389//6009
f 4452//6071 4436//6055 4446//6065
f 4452//6071 4446//6065 4449//6068
f 4388//6008 4387//6007 4405//6025
f 4388//6008 4405//6025 4404//6024
f 4388//6008 4377//5997 4375//5995
f 4388//6008 4375//5995 4385//6005
f 4434//6053 4455//6074 4399//6019
f 4434//6053 4399//6019 4398//6018
f 4368//5988 4367//5987 4396//6016
f 4368//5988 4396//6016 4399//6019
f 4447//6066 4411//6031 4383//6003
f 4447//6066 4383//6003 4408//6028
f 4351//5971 4342//5962 4450//6069
f 4351//5971 4450//6069 4400//6020
f 4455//6074 4434//6053 4435//6054
f 4455//6074 4435//6054 4453//6072
f 4415//6035 4365//5985 4363//5983
f 4415//6035 4363//5983 4418//6038
f 4439//6075 4429//6076 4432//6077
f 4439//6075 4432//6077 4440//6077
f 4414//6034 4349//5969 4365//5985
f 4414//6034 4365//5985 4415//6035
f 4410//6030 4409//6029 4456//6078
f 4410//6030 4456//6078 4420//6040
f 4455//6074 4371//5991 4368//5988
f 4455//6074 4368//5988 4399//6019
f 4396//6016 4367//5987 4351//5971
f 4396//6016 4351//5971 4400//6020
f 4444//6079 4457//6079 4458//6080
f 4444//6079 4458//6080 4443//6081
f 4397//6017 4423//6043 4398//6018
f 4454//6073 4425//6045 4427//6047
f 4454//6073 4427//6047 4450//6069
f 4337//5957 4353//5973 4451//6070
f 4337//5957 4451//6070 4395//6015
f 4436//6055 4452//6071 4384//6004
f 4436//6055 4384//6004 4412//6032
f 4453//6072 4372//5992 4371//5991
f 4453//6072 4371//5991 4455//6074
f 4451//6070 4353//5973 4381//6001
f 4451//6070 4381//6001 4403//6023
f 4338//5958 4389//6009 4392//6012
f 4338//5958 4392//6012 4410//6030
f 4416//6036 4417//6037 4441//6059
f 4449//6068 4406//6026 4359//5979
f 4449//6068 4359//5979 4452//6071
f 4393//6013 4345//5965 4361//5981
f 4393//6013 4361//5981 4448//6067
f 4446//6065 4436//6055 4428//6048
f 4346//5966 4394//6014 4418//6038
f 4346//5966 4418//6038 4363//5983
f 4425//6045 4454//6073 4414//6034
f 4425//6045 4414//6034 4413//6033
f 4453//6072 4435//6054 4386//6006
f 4453//6072 4386//6006 4385//6005
f 4418//6038 4417//6037 4416//6036
f 4418//6038 4416//6036 4415//6035
f 4450//6069 4342//5962 4341//5961
f 4450//6069 4341//5961 4454//6073
f 4403//6023 4381//6001 4378//5998
f 4403//6023 4378//5998 4404//6024
f 4406//6026 4361//5981 4362//5982
f 4406//6026 4362//5982 4407//6027
f 4358//5978 4456//6078 4409//6029
f 4358//5978 4409//6029 4355//5975
f 4449//6068 4446//6065 4445//6064
f 4449//6068 4445//6064 4448//6067
f 4457//6082 4431//6083 4430//6084
f 4457//6082 4430//6084 4458//6085
f 4403//6023 4402//6022 4433//6052
f 4403//6023 4433//6052 4451//6070
f 4423//6043 4386//6006 4435//6054
f 4440//6086 4432//6086 4431//6086
f 4431//6086 4457//6087 4444//6086
f 4444//6086 4437//6086 4440//6086
f 4431//6086 4444//6086 4440//6086
f 4441//6059 4428//6048 4459//6088
f 4441//6059 4459//6088 4460//6089
f 4460//6089 4459//6088 4429//6076
f 4460//6089 4429//6076 4439//6075
f 4443//6081 4458//6080 4461//6090
f 4443//6081 4461//6090 4462//6091
f 4462//6091 4461//6090 4424//6044
f 4462//6091 4424//6044 4423//6043
f 4439//6058 4438//6057 4463//6092
f 4439//6058 4463//6092 4460//6089
f 4460//6089 4463//6092 4426//6046
f 4460//6089 4426//6046 4441//6059
f 4438//6062 4443//6061 4462//6091
f 4438//6062 4462//6091 4463//6092
f 4463//6092 4462//6091 4423//6043
f 4463//6092 4423//6043 4426//6046
f 4428//6048 4421//6041 4464//6093
f 4428//6048 4464//6093 4459//6088
f 4459//6088 4464//6093 4430//6050
f 4459//6088 4430//6050 4429//6049
f 4458//6085 4430//6084 4464//6093
f 4458//6085 4464//6093 4461//6090
f 4461//6090 4464//6093 4421//6041
f 4461//6090 4421//6041 4424//6044
f 4442//6060 4445//6064 4428//6048
f 4442//6060 4428//6048 4441//6059
f 4465//6094 4466//6095 4467//6096
f 4465//6094 4467//6096 4468//6097
f 4469//6098 4470//6099 4471//6100
f 4469//6098 4471//6100 4472//6101
f 4473//6102 4474//6103 4475//6104
f 4473//6102 4475//6104 4476//6105
f 4477//6106 4469//6098 4472//6101
f 4477//6106 4472//6101 4478//6107
f 4470//6099 4479//6108 4480//6109
f 4470//6099 4480//6109 4471//6100
f 4481//6110 4465//6094 4468//6097
f 4481//6110 4468//6097 4482//6111
f 4483//6112 4484//6113 4485//6114
f 4483//6112 4485//6114 4486//6115
f 4484//6113 4487//6116 4488//6117
f 4484//6113 4488//6117 4485//6114
f 4489//6118 4473//6102 4476//6105
f 4489//6118 4476//6105 4490//6119
f 4474//6103 4491//6120 4492//6121
f 4474//6103 4492//6121 4475//6104
f 4491//6120 4493//6122 4494//6123
f 4491//6120 4494//6123 4492//6121
f 4493//6122 4477//6106 4478//6107
f 4493//6122 4478//6107 4494//6123
f 4495//6124 4496//6125 4497//6126
f 4495//6124 4497//6126 4498//6127
f 4499//6128 4500//6129 4501//6130
f 4499//6128 4501//6130 4502//6131
f 4500//6129 4503//6132 4504//6133
f 4500//6129 4504//6133 4501//6130
f 4505//6134 4506//6135 4507//6136
f 4505//6134 4507//6136 4508//6137
f 4506//6135 4509//6138 4510//6139
f 4506//6135 4510//6139 4507//6136
f 4479//6108 4495//6124 4498//6127
f 4479//6108 4498//6127 4480//6109
f 4484//6113 4483//6112 4511//6140
f 4484//6113 4511//6140 4512//6141
f 4513//6142 4514//6143 4515//6144
f 4513//6142 4515//6144 4516//6145
f 4517//6146 4518//6147 4519//6148
f 4517//6146 4519//6148 4520//6149
f 4474//6103 4473//6102 4521//6150
f 4474//6103 4521//6150 4522//6151
f 4466//6095 4465//6094 4523//6152
f 4466//6095 4523//6152 4517//6146
f 4524//6153 4525//6154 4526//6155
f 4524//6153 4526//6155 4527//6156
f 4528//6157 4529//6158 4525//6154
f 4528//6157 4525//6154 4524//6153
f 4530//6159 4531//6160 4532//6161
f 4530//6159 4532//6161 4533//6162
f 4487//6116 4534//6163 4535//6164
f 4487//6116 4535//6164 4488//6117
f 4536//6165 4537//6166 4538//6167
f 4536//6165 4538//6167 4520//6149
f 4539//6168 4540//6169 4512//6141
f 4539//6168 4512//6141 4511//6140
f 4541//6170 4542//6171 4543//6172
f 4541//6170 4543//6172 4544//6173
f 4545//6174 4546//6175 4522//6151
f 4545//6174 4522//6151 4547//6176
f 4466//6095 4538//6167 4548//6177
f 4466//6095 4548//6177 4467//6096
f 4509//6138 4481//6110 4482//6111
f 4509//6138 4482//6111 4510//6139
f 4503//6132 4505//6134 4508//6137
f 4503//6132 4508//6137 4504//6133
f 4496//6125 4499//6128 4502//6131
f 4496//6125 4502//6131 4497//6126
f 4549//6178 4519//6148 4518//6147
f 4549//6178 4518//6147 4550//6179
f 4551//6180 4552//6181 4515//6144
f 4551//6180 4515//6144 4514//6143
f 4552//6181 4530//6159 4533//6162
f 4552//6181 4533//6162 4515//6144
f 4553//6182 4554//6183 4555//6184
f 4556//6185 4540//6169 4539//6168
f 4557//6186 4558//6187 4559//6188
f 4557//6186 4559//6188 4560//6188
f 4552//6181 4549//6178 4550//6179
f 4552//6181 4550//6179 4561//6189
f 4562//6190 4551//6180 4563//6191
f 4556//6185 4564//6192 4540//6169
f 4526//6155 4551//6180 4562//6190
f 4529//6158 4554//6183 4551//6180
f 4529//6158 4551//6180 4525//6154
f 4565//6193 4566//6194 4567//6195
f 4565//6193 4567//6195 4568//6196
f 4552//6181 4561//6189 4530//6159
f 4541//6170 4544//6173 4569//6197
f 4541//6170 4569//6197 4554//6183
f 4547//6176 4570//6198 4569//6197
f 4555//6184 4554//6183 4529//6158
f 4553//6182 4541//6170 4554//6183
f 4571//6199 4566//6200 4565//6201
f 4571//6199 4565//6201 4572//6202
f 4545//6174 4547//6176 4569//6197
f 4573//6203 4574//6204 4556//6185
f 4556//6185 4539//6168 4575//6205
f 4556//6185 4575//6205 4549//6178
f 4549//6178 4575//6205 4519//6148
f 4576//6206 4489//6118 4534//6163
f 4576//6206 4534//6163 4577//6207
f 4578//6208 4555//6184 4529//6158
f 4578//6208 4529//6158 4528//6157
f 4579//6209 4561//6189 4550//6179
f 4579//6209 4550//6179 4523//6152
f 4532//6161 4506//6135 4505//6134
f 4532//6161 4505//6134 4516//6145
f 4580//6210 4487//6116 4484//6113
f 4580//6210 4484//6113 4512//6141
f 4503//6132 4500//6129 4581//6211
f 4503//6132 4581//6211 4513//6142
f 4575//6205 4536//6165 4520//6149
f 4575//6205 4520//6149 4519//6148
f 4511//6140 4483//6112 4537//6166
f 4511//6140 4537//6166 4536//6165
f 4576//6206 4573//6203 4570//6198
f 4576//6206 4570//6198 4521//6150
f 4582//6212 4469//6098 4477//6106
f 4582//6212 4477//6106 4542//6171
f 4521//6150 4570//6198 4547//6176
f 4521//6150 4547//6176 4522//6151
f 4523//6152 4550//6179 4518//6147
f 4523//6152 4518//6147 4517//6146
f 4580//6210 4564//6192 4574//6204
f 4580//6210 4574//6204 4577//6207
f 4516//6145 4515//6144 4533//6162
f 4516//6145 4533//6162 4532//6161
f 4516//6145 4505//6134 4503//6132
f 4516//6145 4503//6132 4513//6142
f 4562//6190 4583//6213 4527//6156
f 4562//6190 4527//6156 4526//6155
f 4496//6125 4495//6124 4524//6153
f 4496//6125 4524//6153 4527//6156
f 4575//6205 4539//6168 4511//6140
f 4575//6205 4511//6140 4536//6165
f 4479//6108 4470//6099 4578//6208
f 4479//6108 4578//6208 4528//6157
f 4583//6213 4562//6190 4563//6191
f 4583//6213 4563//6191 4581//6211
f 4543//6172 4493//6122 4491//6120
f 4543//6172 4491//6120 4546//6175
f 4567//6214 4557//6215 4560//6216
f 4567//6214 4560//6216 4568//6216
f 4542//6171 4477//6106 4493//6122
f 4542//6171 4493//6122 4543//6172
f 4538//6167 4537//6166 4584//6217
f 4538//6167 4584//6217 4548//6177
f 4583//6213 4499//6128 4496//6125
f 4583//6213 4496//6125 4527//6156
f 4524//6153 4495//6124 4479//6108
f 4524//6153 4479//6108 4528//6157
f 4572//6218 4585//6218 4586//6219
f 4572//6218 4586//6219 4571//6220
f 4525//6154 4551//6180 4526//6155
f 4582//6212 4553//6182 4555//6184
f 4582//6212 4555//6184 4578//6208
f 4465//6094 4481//6110 4579//6209
f 4465//6094 4579//6209 4523//6152
f 4564//6192 4580//6210 4512//6141
f 4564//6192 4512//6141 4540//6169
f 4581//6211 4500//6129 4499//6128
f 4581//6211 4499//6128 4583//6213
f 4579//6209 4481//6110 4509//6138
f 4579//6209 4509//6138 4531//6160
f 4466//6095 4517//6146 4520//6149
f 4466//6095 4520//6149 4538//6167
f 4544//6173 4545//6174 4569//6197
f 4577//6207 4534//6163 4487//6116
f 4577//6207 4487//6116 4580//6210
f 4521//6150 4473//6102 4489//6118
f 4521//6150 4489//6118 4576//6206
f 4574//6204 4564//6192 4556//6185
f 4474//6103 4522//6151 4546//6175
f 4474//6103 4546//6175 4491//6120
f 4553//6182 4582//6212 4542//6171
f 4553//6182 4542//6171 4541//6170
f 4581//6211 4563//6191 4514//6143
f 4581//6211 4514//6143 4513//6142
f 4546//6175 4545//6174 4544//6173
f 4546//6175 4544//6173 4543//6172
f 4578//6208 4470//6099 4469//6098
f 4578//6208 4469//6098 4582//6212
f 4531//6160 4509//6138 4506//6135
f 4531//6160 4506//6135 4532//6161
f 4534//6163 4489//6118 4490//6119
f 4534//6163 4490//6119 4535//6164
f 4486//6115 4584//6217 4537//6166
f 4486//6115 4537//6166 4483//6112
f 4577//6207 4574//6204 4573//6203
f 4577//6207 4573//6203 4576//6206
f 4585//6221 4559//6221 4558//6222
f 4585//6221 4558//6222 4586//6223
f 4531//6160 4530//6159 4561//6189
f 4531//6160 4561//6189 4579//6209
f 4551//6180 4514//6143 4563//6191
f 4568//6224 4560//6224 4559//6224
f 4559//6224 4585//6225 4572//6226
f 4572//6226 4565//6224 4568//6224
f 4559//6224 4572//6226 4568//6224
f 4569//6197 4556//6185 4587//6227
f 4569//6197 4587//6227 4588//6228
f 4588//6228 4587//6227 4557//6215
f 4588//6228 4557//6215 4567//6214
f 4571//6220 4586//6219 4589//6229
f 4571//6220 4589//6229 4590//6230
f 4590//6230 4589//6229 4552//6181
f 4590//6230 4552//6181 4551//6180
f 4567//6195 4566//6194 4591//6231
f 4567//6195 4591//6231 4588//6228
f 4588//6228 4591//6231 4554//6183
f 4588//6228 4554//6183 4569//6197
f 4566//6200 4571//6199 4590//6230
f 4566//6200 4590//6230 4591//6231
f 4591//6231 4590//6230 4551//6180
f 4591//6231 4551//6180 4554//6183
f 4556//6185 4549//6178 4592//6232
f 4556//6185 4592//6232 4587//6227
f 4587//6227 4592//6232 4558//6187
f 4587//6227 4558//6187 4557//6186
f 4586//6223 4558//6222 4592//6232
f 4586//6223 4592//6232 4589//6229
f 4589//6229 4592//6232 4549//6178
f 4589//6229 4549//6178 4552//6181
f 4570//6198 4573//6203 4556//6185
f 4570//6198 4556//6185 4569//6197
# Vertices: 2048, normals: 2220, texture coordinates: 0, faces: 3648

o obj4
v -0.00325149 -0.00401202 0.00341348
v -0.00325149 -0.00538795 0.00341348
v -0.00270515 -0.00538795 0.00341348
v -0.00270515 -0.00401202 0.00341348
v -0.00583921 -0.00651815 0.00341348
v -0.00583921 -0.00783979 0.00341348
v -0.00533582 -0.00783979 0.00341348
v -0.00533582 -0.00651815 0.00341348
v -0.00829214 -0.00651815 0.00341348
v -0.00829214 -0.00783979 0.00341348
v -0.00781178 -0.00783979 0.00341348
v -0.00781178 -0.00651815 0.00341348
v -0.00829214 -0.01031433 0.00341348
v -0.00781178 -0.01031433 0.00341348
v -0.00781178 -0.0089989 0.00341348
v -0.00829214 -0.0089989 0.00341348
v -0.00613921 -0.00813979 0.00341348
v -0.00751178 -0.00813979 0.00341348
v -0.00751178 -0.0086989 0.00341348
v -0.00613921 -0.0086989 0.00341348
v -0.00859214 -0.00568795 0.00341348
v -0.01000944 -0.00568795 0.00341348
v -0.01000944 -0.00621815 0.00341348
v -0.00859214 -0.00621815 0.00341348
v 0.00959394 -0.00454725 0.00341348
v 0.00959394 -0.00315145 0.00341348
v 0.00908549 -0.00315145 0.00341348
v 0.00908549 -0.00454725 0.00341348
v 0.00989394 -0.00484725 0.00341348
v 0.00878549 -0.00484725 0.00341348
v 0.01125709 -0.00484725 0.00341348
v 0.00731335 -0.00484725 0.00341348
v 0.02073576 -0.00332091 0.00341348
v 0.01155709 -0.00315145 0.00341348
v 0.01155709 -0.00454725 0.00341348
v 0.01869466 -0.00956608 0.00341348
v 0.01996095 -0.00652381 0.00341348
v -0.00094403 -0.0086989 0.00341348
v -0.00240515 -0.0086989 0.00341348
v 0.01696802 -0.01237279 0.00341348
v -0.00094403 -0.01061433 0.00341348
v -0.00240515 -0.01061433 0.00341348
v 0.01231415 -0.01701063 0.00341348
v 0.01482359 -0.01487485 0.00341348
v 0.00645488 -0.01998336 0.00341348
v 0.0095015 -0.01872756 0.00341348
v -3.624E-05 -0.02099997 0.00341348
v 0.00324932 -0.02074709 0.00341348
v -0.00652381 -0.01996096 0.00341348
v -0.00332091 -0.02073576 0.00341348
v -0.01237279 -0.01696803 0.00341348
v -0.00956608 -0.01869466 0.00341348
v -0.01701063 -0.01231415 0.00341348
v -0.01487485 -0.01482359 0.00341348
v -0.01030944 -0.00783979 0.00341348
v -0.01872757 -0.0095015 0.00341348
v -0.00859214 -0.0086989 0.00341348
v -0.00859214 -0.00813979 0.00341348
v -0.01000944 -0.00813979 0.00341348
v -0.01000944 -0.0086989 0.00341348
v -0.01030944 -0.0089989 0.00341348
v -0.00270515 -0.01031433 0.00341348
v -0.01030944 -0.01031433 0.00341348
v 0.00701335 -0.00454725 0.00341348
v 0.00701335 -0.00315145 0.00341348
v 0.00671534 -0.00232772 0.00341348
v -0.00064403 -0.00287871 0.00341348
v -0.00094403 -0.00317866 0.00341348
v -0.00240515 -0.00317842 0.00341348
v -0.00240515 -0.00371202 0.00341348
v -0.00094403 -0.00371202 0.00341348
v -0.00064403 -0.00401202 0.00341348
v -0.01000944 -0.01061433 0.00341348
v -0.00859214 -0.01115446 0.00341348
v -0.00859214 -0.01061433 0.00341348
v -0.01000944 -0.01115446 0.00341348
v -0.00064403 -0.00538795 0.00341348
v -0.00094403 -0.00568795 0.00341348
v -0.00240515 -0.00568795 0.00341348
v -0.00240515 -0.00621815 0.00341348
v -0.01030944 -0.01145446 0.00341348
v -0.00094403 -0.00621815 0.00341348
v -0.00064403 -0.00651815 0.00341348
v -0.01030944 -0.01275748 0.00341348
v -0.01000944 -0.01305748 0.00341348
v -0.00064403 -0.00783979 0.00341348
v -0.00094403 -0.00813979 0.00341348
v -0.00240515 -0.00813979 0.00341348
v -0.00270515 -0.00783979 0.00341348
v -0.00270515 -0.00651815 0.00341348
v -0.00325149 -0.00651815 0.00341348
v -0.00270515 -0.0089989 0.00341348
v -0.00325149 -0.00783979 0.00341348
v -0.00355149 -0.00813979 0.00341348
v -0.00503582 -0.00813979 0.00341348
v -0.00503582 -0.0086989 0.00341348
v -0.00355149 -0.0086989 0.00341348
v -0.00325149 -0.0089989 0.00341348
v -0.00325149 -0.010314 0.00341348
v -0.00355149 -0.01061433 0.00341348
v -0.00859214 -0.01305748 0.00341348
v -0.00503582 -0.01061433 0.00341348
v -0.00829214 -0.01275748 0.00341348
v -0.00781178 -0.01145446 0.00341348
v -0.00829214 -0.01145446 0.00341348
v -0.00781178 -0.01275748 0.00341348
v -0.005336 -0.010314 0.00341348
v -0.005336 -0.0089989 0.00341348
v -0.00583921 -0.0089989 0.00341348
v -0.005839 -0.010314 0.00341348
v -0.00613921 -0.01061433 0.00341348
v -0.00751178 -0.01061433 0.00341348
v -0.00751178 -0.01115446 0.00341348
v -0.00751178 -0.01305748 0.00341348
v -0.00613921 -0.01115446 0.00341348
v -0.00583921 -0.01145446 0.00341348
v -0.00613921 -0.01305748 0.00341348
v -0.00583921 -0.01275748 0.00341348
v -0.00355149 -0.00621815 0.00341348
v -0.00355149 -0.00568795 0.00341348
v -0.00270515 -0.00287837 0.00341348
v -0.00325149 -0.0028783 0.00341348
v -0.00355149 -0.0031783 0.00341348
v -0.00355149 -0.00371202 0.00341348
v -0.00064403 -0.00150762 0.00341348
v 0.00701335 -0.00199326 0.00341348
v 0.00701335 -0.0005965 0.00341348
v -0.00094403 -0.00120762 0.00341348
v 0.00731335 -0.0002965 0.00341348
v -0.00240515 -0.00120762 0.00341348
v 0.00878549 -0.0002965 0.00341348
v 0.00908549 -0.0005965 0.00341348
v 0.00989394 -0.0002965 0.00341348
v 0.01125709 -0.0002965 0.00341348
v 0.01155709 -0.00199326 0.00341348
v 0.01125709 -0.00229326 0.00341348
v 0.01125709 -0.00285145 0.00341348
v -0.02099997 0 0.00341348
v -0.0207471 -0.00324933 0.00341348
v -0.01998336 -0.00645488 0.00341348
v -0.01030944 -0.00538795 0.00341348
v -0.01030944 -0.00401202 0.00341348
v -0.01000944 -0.00371202 0.00341348
v 0.02099997 0 0.00341348
v -0.00859214 -0.00371202 0.00341348
v 0.01155709 -0.0005965 0.00341348
v -0.00829214 -0.00401202 0.00341348
v -0.00829214 -0.00538795 0.00341348
v -0.00781178 -0.00538795 0.00341348
v -0.00781178 -0.00401202 0.00341348
v -0.00751178 -0.00371202 0.00341348
v -0.00613921 -0.00371202 0.00341348
v -0.00270515 -0.00150762 0.00341348
v -0.00583921 -0.00401202 0.00341348
v -0.00583921 -0.00538795 0.00341348
v -0.00533582 -0.00538795 0.00341348
v -0.00533582 -0.00401202 0.00341348
v -0.00503582 -0.00371202 0.00341348
v -0.00325149 -0.00150762 0.00341348
v -0.00355149 -0.00120762 0.00341348
v -0.00503582 -0.0031783 0.00341348
v -0.00533582 -0.0028783 0.00341348
v -0.00503582 -0.00120762 0.00341348
v -0.00533582 -0.00150762 0.00341348
v -0.00064403 -0.01031433 0.00341348
v -0.00064403 -0.0089989 0.00341348
v 0.00878549 -0.00285145 0.00341348
v 0.00989394 -0.00285145 0.00341348
v 0.00731335 -0.00285145 0.00341348
v 0.00731335 -0.00229326 0.00341348
v 0.00878549 -0.00229326 0.00341348
v 0.00989394 -0.00229326 0.00341348
v 0.00959394 -0.00199326 0.00341348
v 0.00908549 -0.00199326 0.00341348
v 0.00959394 -0.0005965 0.00341348
v -0.01030944 -0.00651815 0.00341348
v -0.00751178 -0.00621815 0.00341348
v -0.00613921 -0.00621815 0.00341348
v -0.00613921 -0.00568795 0.00341348
v -0.00751178 -0.00568795 0.00341348
v -0.00503582 -0.00621815 0.00341348
v -0.00503582 -0.00568795 0.00341348
v -0.00325149 0.00401202 0.00341348
v -0.00270515 0.00401202 0.00341348
v -0.00270515 0.00538795 0.00341348
v -0.00325149 0.00538795 0.00341348
v -0.00583921 0.00651815 0.00341348
v -0.00533582 0.00651815 0.00341348
v -0.00533582 0.00783979 0.00341348
v -0.00583921 0.00783979 0.00341348
v -0.00829214 0.00651815 0.00341348
v -0.00781178 0.00651815 0.00341348
v -0.00781178 0.00783979 0.00341348
v -0.00829214 0.00783979 0.00341348
v -0.00829214 0.01031433 0.00341348
v -0.00829214 0.0089989 0.00341348
v -0.00781178 0.0089989 0.00341348
v -0.00781178 0.01031433 0.00341348
v -0.00613921 0.00813979 0.00341348
v -0.00613921 0.0086989 0.00341348
v -0.00751178 0.0086989 0.00341348
v -0.00751178 0.00813979 0.00341348
v -0.00859214 0.00568795 0.00341348
v -0.00859214 0.00621815 0.00341348
v -0.01000944 0.00621815 0.00341348
v -0.01000944 0.00568795 0.00341348
v 0.01155709 0.00454725 0.00341348
v 0.01155709 0.00315145 0.00341348
v 0.02073576 0.00332091 0.00341348
v 0.01996095 0.00652381 0.00341348
v 0.01869466 0.00956608 0.00341348
v -0.00094403 0.0086989 0.00341348
v 0.01125709 0.00484725 0.00341348
v -0.00240515 0.0086989 0.00341348
v 0.00989394 0.00484725 0.00341348
v 0.00908549 0.00315145 0.00341348
v 0.00959394 0.00315145 0.00341348
v 0.00959394 0.00454725 0.00341348
v 0.00908549 0.00454725 0.00341348
v -0.00240515 0.01061433 0.00341348
v -0.00094403 0.01061433 0.00341348
v 0.01696802 0.01237279 0.00341348
v 0.01482359 0.01487485 0.00341348
v 0.01231415 0.01701063 0.00341348
v 0.0095015 0.01872756 0.00341348
v 0.00645488 0.01998336 0.00341348
v 0.00324932 0.02074709 0.00341348
v -3.624E-05 0.02099997 0.00341348
v -0.00332091 0.02073576 0.00341348
v -0.00652381 0.01996096 0.00341348
v -0.00956608 0.01869466 0.00341348
v -0.01237279 0.01696803 0.00341348
v -0.01487485 0.01482359 0.00341348
v -0.01701063 0.01231415 0.00341348
v -0.01872757 0.0095015 0.00341348
v -0.01030944 0.00783979 0.00341348
v -0.01000944 0.00813979 0.00341348
v -0.00859214 0.00813979 0.00341348
v -0.00859214 0.0086989 0.00341348
v -0.01000944 0.0086989 0.00341348
v -0.01030944 0.0089989 0.00341348
v -0.00270515 0.01031433 0.00341348
v -0.01030944 0.01031433 0.00341348
v 0.00878549 0.00484725 0.00341348
v -0.01000944 0.01061433 0.00341348
v -0.00859214 0.01061433 0.00341348
v -0.00859214 0.01115446 0.00341348
v -0.01000944 0.01115446 0.00341348
v 0.00671534 0.00232772 0.00341348
v 0.00701335 0.00315145 0.00341348
v 0.00701335 0.00454725 0.00341348
v -0.00094403 0.00317866 0.00341348
v -0.00064403 0.00287871 0.00341348
v -0.00240515 0.00371202 0.00341348
v -0.00240515 0.00317842 0.00341348
v -0.00094403 0.00371202 0.00341348
v 0.00731335 0.00484725 0.00341348
v -0.00064403 0.00401202 0.00341348
v -0.01030944 0.01145446 0.00341348
v -0.00064403 0.00538795 0.00341348
v -0.00240515 0.00621815 0.00341348
v -0.00240515 0.00568795 0.00341348
v -0.00094403 0.00568795 0.00341348
v -0.01030944 0.01275748 0.00341348
v -0.01000944 0.01305748 0.00341348
v -0.00094403 0.00621815 0.00341348
v -0.00064403 0.00651815 0.00341348
v -0.00859214 0.01305748 0.00341348
v -0.00829214 0.01275748 0.00341348
v -0.00829214 0.01145446 0.00341348
v -0.00781178 0.01145446 0.00341348
v -0.00781178 0.01275748 0.00341348
v -0.00064403 0.00783979 0.00341348
v -0.00094403 0.00813979 0.00341348
v -0.00240515 0.00813979 0.00341348
v -0.00325149 0.00651815 0.00341348
v -0.00270515 0.00651815 0.00341348
v -0.00270515 0.00783979 0.00341348
v -0.00270515 0.0089989 0.00341348
v -0.00325149 0.00783979 0.00341348
v -0.00503582 0.0086989 0.00341348
v -0.00503582 0.00813979 0.00341348
v -0.00355149 0.00813979 0.00341348
v -0.00355149 0.0086989 0.00341348
v -0.00325149 0.0089989 0.00341348
v -0.00325149 0.010314 0.00341348
v -0.00355149 0.01061433 0.00341348
v -0.00751178 0.01305748 0.00341348
v -0.00503582 0.01061433 0.00341348
v -0.00613921 0.01305748 0.00341348
v -0.00583921 0.01275748 0.00341348
v -0.00583921 0.01145446 0.00341348
v -0.00583921 0.0089989 0.00341348
v -0.005336 0.0089989 0.00341348
v -0.005336 0.010314 0.00341348
v -0.00613921 0.01115446 0.00341348
v -0.00751178 0.01115446 0.00341348
v -0.00751178 0.01061433 0.00341348
v -0.005839 0.010314 0.00341348
v -0.00613921 0.01061433 0.00341348
v -0.00355149 0.00621815 0.00341348
v -0.00355149 0.00568795 0.00341348
v -0.00355149 0.00371202 0.00341348
v -0.00355149 0.0031783 0.00341348
v -0.00325149 0.0028783 0.00341348
v -0.00270515 0.00287837 0.00341348
v -0.00270515 0.00150762 0.00341348
v -0.00325149 0.00150762 0.00341348
v -0.00240515 0.00120762 0.00341348
v -0.00355149 0.00120762 0.00341348
v -0.00094403 0.00120762 0.00341348
v -0.00503582 0.00120762 0.00341348
v -0.00064403 0.00150762 0.00341348
v 0.00701335 0.0005965 0.00341348
v 0.00701335 0.00199326 0.00341348
v 0.00731335 0.0002965 0.00341348
v 0.00989394 0.0002965 0.00341348
v 0.00908549 0.0005965 0.00341348
v 0.00878549 0.0002965 0.00341348
v 0.01125709 0.0002965 0.00341348
v -0.00503582 0.0031783 0.00341348
v -0.00503582 0.00371202 0.00341348
v -0.00533582 0.0028783 0.00341348
v -0.00533582 0.00401202 0.00341348
v -0.00533582 0.00538795 0.00341348
v -0.00583921 0.00538795 0.00341348
v -0.00533582 0.00150762 0.00341348
v -0.00583921 0.00401202 0.00341348
v -0.00613921 0.00371202 0.00341348
v -0.00751178 0.00371202 0.00341348
v -0.00781178 0.00401202 0.00341348
v -0.00781178 0.00538795 0.00341348
v -0.00829214 0.00538795 0.00341348
v -0.00829214 0.00401202 0.00341348
v -0.00859214 0.00371202 0.00341348
v -0.01000944 0.00371202 0.00341348
v -0.01030944 0.00401202 0.00341348
v -0.01030944 0.00538795 0.00341348
v -0.01998336 0.00645488 0.00341348
v -0.0207471 0.00324933 0.00341348
v 0.01125709 0.00285145 0.00341348
v 0.01125709 0.00229326 0.00341348
v 0.01155709 0.00199326 0.00341348
v 0.01155709 0.0005965 0.00341348
v -0.00064403 0.01031433 0.00341348
v -0.00064403 0.0089989 0.00341348
v 0.00878549 0.00285145 0.00341348
v 0.00731335 0.00285145 0.00341348
v 0.00989394 0.00285145 0.00341348
v 0.00731335 0.00229326 0.00341348
v 0.00878549 0.00229326 0.00341348
v 0.00989394 0.00229326 0.00341348
v 0.00908549 0.00199326 0.00341348
v 0.00959394 0.00199326 0.00341348
v 0.00959394 0.0005965 0.00341348
v -0.01030944 0.00651815 0.00341348
v -0.00751178 0.00568795 0.00341348
v -0.00613921 0.00568795 0.00341348
v -0.00613921 0.00621815 0.00341348
v -0.00751178 0.00621815 0.00341348
v -0.00503582 0.00621815 0.00341348
v -0.00503582 0.00568795 0.00341348
vn 0 0 1
vn 0 0 1
vn -0 0 1
vn -0 0 1
vn 0 0 1
vn 0 0 1
vn 0 0 1
vn 0 0 1
vn -0 0 1
vn -0 0 1
vn 0 0 1
vn -0 0 1
vn -0 0 1
vn 0 0 1
vn 0 0 1
vn 0 0 1
vn 0 0 1
vn -0 0 1
vn -0 0 1
vn 0 0 1
vn 0 0 1
usemtl mat3
f 4593//6233 4594//6233 4595//6233
f 4593//6233 4595//6233 4596//6233
f 4597//6233 4598//6233 4599//6233
f 4597//6233 4599//6233 4600//6233
f 4601//6233 4602//6233 4603//6233
f 4601//6233 4603//6233 4604//6233
f 4605//6234 4606//6234 4607//6234
f 4605//6234 4607//6234 4608//6234
f 4609//6233 4610//6233 4611//6233
f 4609//6233 4611//6233 4612//6233
f 4613//6233 4614//6233 4615//6233
f 4613//6233 4615//6233 4616//6233
f 4617//6235 4618//6235 4619//6235
f 4617//6235 4619//6235 4620//6235
f 4621//6235 4617//6235 4620//6235
f 4621//6235 4620//6235 4622//6235
f 4623//6235 4621//6235 4622//6235
f 4623//6235 4622//6235 4624//6235
f 4625//6235 4626//6235 4627//6235
f 4625//6235 4627//6235 4623//6235
f 4628//6235 4629//6235 4625//6235
f 4630//6235 4628//6235 4625//6235
f 4630//6235 4625//6235 4623//6235
f 4631//6235 4630//6235 4623//6235
f 4632//6235 4633//6235 4634//6235
f 4635//6235 4636//6235 4632//6235
f 4637//6235 4638//6235 4635//6235
f 4639//6235 4640//6235 4637//6235
f 4641//6235 4642//6235 4639//6235
f 4643//6235 4644//6235 4641//6235
f 4645//6235 4646//6235 4643//6235
f 4647//6235 4648//6235 4645//6235
f 4649//6235 4650//6235 4651//6235
f 4651//6235 4647//6235 4645//6235
f 4645//6235 4643//6235 4641//6235
f 4641//6235 4639//6235 4637//6235
f 4637//6235 4635//6235 4632//6235
f 4637//6235 4632//6235 4634//6235
f 4645//6235 4641//6235 4637//6235
f 4652//6235 4649//6235 4651//6235
f 4653//6235 4652//6235 4651//6235
f 4637//6235 4634//6235 4654//6235
f 4653//6235 4651//6235 4645//6235
f 4655//6235 4653//6235 4645//6235
f 4656//6235 4657//6235 4658//6235
f 4658//6235 4659//6235 4660//6235
f 4660//6235 4661//6235 4662//6235
f 4660//6235 4662//6235 4663//6235
f 4656//6235 4658//6235 4660//6235
f 4624//6235 4656//6235 4660//6235
f 4660//6235 4663//6235 4664//6235
f 4624//6235 4660//6235 4664//6235
f 4665//6235 4655//6235 4645//6235
f 4666//6235 4667//6235 4665//6235
f 4668//6235 4666//6235 4665//6235
f 4624//6235 4664//6235 4669//6235
f 4670//6235 4671//6235 4672//6235
f 4624//6235 4669//6235 4670//6235
f 4668//6235 4665//6235 4645//6235
f 4673//6235 4668//6235 4645//6235
f 4623//6235 4624//6235 4670//6235
f 4670//6235 4672//6235 4674//6235
f 4670//6235 4674//6235 4675//6235
f 4676//6235 4673//6235 4645//6235
f 4677//6235 4676//6235 4645//6235
f 4623//6235 4670//6235 4675//6235
f 4623//6235 4675//6235 4678//6235
f 4623//6235 4678//6235 4679//6235
f 4631//6235 4623//6235 4679//6235
f 4631//6235 4679//6235 4680//6235
f 4681//6235 4682//6235 4683//6235
f 4631//6235 4680//6235 4681//6235
f 4684//6235 4631//6235 4681//6235
f 4681//6235 4683//6235 4685//6235
f 4686//6235 4687//6235 4688//6235
f 4681//6235 4685//6235 4686//6235
f 4654//6235 4684//6235 4681//6235
f 4681//6235 4686//6235 4688//6235
f 4681//6235 4688//6235 4689//6235
f 4681//6235 4689//6235 4690//6235
f 4681//6235 4690//6235 4691//6235
f 4654//6235 4681//6235 4691//6235
f 4654//6235 4691//6235 4692//6235
f 4677//6235 4645//6235 4637//6235
f 4693//6235 4677//6235 4637//6235
f 4637//6235 4654//6235 4692//6235
f 4637//6235 4692//6235 4694//6235
f 4695//6235 4693//6235 4637//6235
f 4696//6235 4697//6235 4695//6235
f 4698//6235 4696//6235 4695//6235
f 4699//6235 4700//6235 4701//6235
f 4699//6235 4701//6235 4702//6235
f 4694//6235 4699//6235 4702//6235
f 4703//6235 4704//6235 4705//6235
f 4694//6235 4702//6235 4703//6235
f 4706//6235 4698//6235 4695//6235
f 4706//6235 4695//6235 4637//6235
f 4637//6235 4694//6235 4703//6235
f 4703//6235 4705//6235 4707//6235
f 4703//6235 4707//6235 4708//6235
f 4709//6235 4706//6235 4637//6235
f 4710//6235 4709//6235 4637//6235
f 4637//6235 4703//6235 4708//6235
f 4708//6235 4710//6235 4637//6235
f 4711//6236 4683//6236 4682//6236
f 4682//6236 4672//6236 4671//6236
f 4671//6236 4595//6236 4594//6236
f 4594//6236 4712//6236 4711//6236
f 4711//6236 4682//6236 4671//6236
f 4671//6236 4594//6236 4711//6236
f 4596//6237 4662//6237 4661//6237
f 4661//6237 4713//6237 4714//6237
f 4714//6237 4715//6237 4716//6237
f 4716//6237 4593//6237 4596//6237
f 4596//6237 4661//6237 4714//6237
f 4714//6237 4716//6237 4596//6237
f 4688//6238 4687//6238 4599//6238
f 4599//6238 4598//6238 4609//6238
f 4609//6238 4612//6238 4701//6238
f 4701//6238 4700//6238 4688//6238
f 4688//6238 4599//6238 4609//6238
f 4609//6238 4701//6238 4688//6238
f 4607//6239 4611//6239 4610//6239
f 4610//6239 4603//6239 4602//6239
f 4602//6239 4650//6239 4649//6239
f 4649//6239 4608//6239 4607//6239
f 4607//6239 4610//6239 4602//6239
f 4602//6239 4649//6239 4607//6239
f 4704//6233 4606//6233 4605//6233
f 4605//6233 4667//6233 4666//6233
f 4666//6233 4697//6233 4696//6233
f 4696//6233 4705//6233 4704//6233
f 4704//6233 4605//6233 4666//6233
f 4666//6233 4696//6233 4704//6233
f 4717//6233 4659//6233 4658//6233
f 4658//6233 4718//6233 4719//6233
f 4717//6233 4658//6233 4719//6233
f 4720//6233 4717//6233 4719//6233
f 4720//6233 4719//6233 4721//6233
f 4722//6233 4720//6233 4721//6233
f 4723//6233 4724//6233 4725//6233
f 4721//6233 4723//6233 4725//6233
f 4721//6233 4725//6233 4726//6233
f 4727//6233 4728//6233 4729//6233
f 4729//6233 4626//6233 4625//6233
f 4730//6233 4731//6233 4732//6233
f 4732//6233 4733//6233 4734//6233
f 4732//6233 4734//6233 4735//6233
f 4729//6233 4625//6233 4736//6233
f 4727//6233 4729//6233 4736//6233
f 4730//6233 4732//6233 4735//6233
f 4730//6233 4735//6233 4737//6233
f 4738//6233 4727//6233 4736//6233
f 4726//6233 4738//6233 4736//6233
f 4739//6233 4740//6233 4741//6233
f 4739//6233 4741//6233 4742//6233
f 4737//6233 4739//6233 4742//6233
f 4737//6233 4742//6233 4743//6233
f 4726//6233 4736//6233 4730//6233
f 4721//6233 4726//6233 4730//6233
f 4730//6233 4737//6233 4743//6233
f 4730//6233 4743//6233 4744//6233
f 4722//6233 4721//6233 4730//6233
f 4714//6233 4713//6233 4745//6233
f 4746//6233 4747//6233 4748//6233
f 4746//6233 4748//6233 4749//6233
f 4744//6233 4746//6233 4749//6233
f 4750//6233 4716//6233 4715//6233
f 4744//6233 4749//6233 4750//6233
f 4751//6233 4714//6233 4745//6233
f 4752//6233 4751//6233 4745//6233
f 4730//6233 4744//6233 4750//6233
f 4750//6233 4715//6233 4753//6233
f 4750//6233 4753//6233 4754//6233
f 4752//6233 4745//6233 4722//6233
f 4755//6233 4752//6233 4722//6233
f 4730//6233 4750//6233 4754//6233
f 4730//6233 4754//6233 4756//6233
f 4755//6233 4722//6233 4730//6233
f 4730//6233 4756//6233 4755//6233
f 4757//6240 4633//6240 4632//6240
f 4632//6240 4628//6240 4630//6240
f 4758//6240 4757//6240 4632//6240
f 4632//6240 4630//6240 4758//6240
f 4759//6241 4619//6241 4618//6241
f 4760//6241 4729//6241 4728//6241
f 4759//6241 4618//6241 4760//6241
f 4658//6241 4657//6241 4761//6241
f 4759//6241 4760//6241 4728//6241
f 4658//6241 4761//6241 4759//6241
f 4762//6241 4718//6241 4658//6241
f 4763//6241 4762//6241 4658//6241
f 4658//6241 4759//6241 4728//6241
f 4658//6241 4728//6241 4764//6241
f 4763//6241 4658//6241 4764//6241
f 4763//6241 4764//6241 4765//6241
f 4766//6241 4763//6241 4765//6241
f 4767//6241 4725//6241 4724//6241
f 4766//6241 4765//6241 4767//6241
f 4767//6241 4724//6241 4766//6241
f 4614//6242 4733//6242 4732//6242
f 4732//6242 4648//6242 4647//6242
f 4768//6242 4615//6242 4614//6242
f 4732//6242 4647//6242 4768//6242
f 4732//6242 4768//6242 4614//6242
f 4740//6243 4613//6243 4616//6243
f 4616//6243 4601//6243 4604//6243
f 4769//6243 4770//6243 4771//6243
f 4616//6243 4604//6243 4769//6243
f 4741//6243 4740//6243 4616//6243
f 4769//6243 4771//6243 4772//6243
f 4772//6243 4741//6243 4616//6243
f 4616//6243 4769//6243 4772//6243
f 4773//6244 4711//6244 4712//6244
f 4774//6244 4748//6244 4747//6244
f 4773//6244 4712//6244 4774//6244
f 4597//6244 4600//6244 4773//6244
f 4771//6244 4770//6244 4597//6244
f 4774//6244 4747//6244 4771//6244
f 4597//6244 4773//6244 4774//6244
f 4774//6244 4771//6244 4597//6244
f 4775//6233 4776//6233 4777//6233
f 4775//6233 4777//6233 4778//6233
f 4779//6233 4780//6233 4781//6233
f 4779//6233 4781//6233 4782//6233
f 4783//6233 4784//6233 4785//6233
f 4783//6233 4785//6233 4786//6233
f 4787//6234 4788//6234 4789//6234
f 4787//6234 4789//6234 4790//6234
f 4791//6233 4792//6233 4793//6233
f 4791//6233 4793//6233 4794//6233
f 4795//6233 4796//6233 4797//6233
f 4795//6233 4797//6233 4798//6233
f 4799//6245 4800//6245 4801//6245
f 4801//6245 4802//6245 4803//6245
f 4801//6245 4803//6245 4804//6245
f 4805//6245 4799//6245 4801//6245
f 4805//6245 4801//6245 4804//6245
f 4805//6245 4804//6245 4806//6245
f 4807//6245 4805//6245 4806//6245
f 4808//6245 4809//6245 4810//6245
f 4811//6245 4808//6245 4810//6245
f 4812//6245 4813//6245 4814//6245
f 4814//6245 4815//6245 4816//6245
f 4816//6245 4817//6245 4818//6245
f 4818//6245 4819//6245 4820//6245
f 4820//6245 4821//6245 4822//6245
f 4822//6245 4823//6245 4824//6245
f 4824//6245 4825//6245 4826//6245
f 4826//6245 4827//6245 4828//6245
f 4829//6245 4830//6245 4831//6245
f 4826//6245 4828//6245 4829//6245
f 4822//6245 4824//6245 4826//6245
f 4818//6245 4820//6245 4822//6245
f 4814//6245 4816//6245 4818//6245
f 4812//6245 4814//6245 4818//6245
f 4818//6245 4822//6245 4826//6245
f 4829//6245 4831//6245 4832//6245
f 4829//6245 4832//6245 4833//6245
f 4834//6245 4812//6245 4818//6245
f 4826//6245 4829//6245 4833//6245
f 4826//6245 4833//6245 4835//6245
f 4811//6245 4810//6245 4807//6245
f 4836//6245 4811//6245 4807//6245
f 4836//6245 4807//6245 4806//6245
f 4826//6245 4835//6245 4837//6245
f 4837//6245 4838//6245 4839//6245
f 4837//6245 4839//6245 4840//6245
f 4841//6245 4842//6245 4843//6245
f 4844//6245 4845//6245 4841//6245
f 4846//6245 4847//6245 4844//6245
f 4848//6245 4846//6245 4844//6245
f 4844//6245 4841//6245 4843//6245
f 4844//6245 4843//6245 4849//6245
f 4850//6245 4848//6245 4844//6245
f 4850//6245 4844//6245 4849//6245
f 4826//6245 4837//6245 4840//6245
f 4826//6245 4840//6245 4851//6245
f 4852//6245 4850//6245 4849//6245
f 4853//6245 4854//6245 4855//6245
f 4855//6245 4852//6245 4849//6245
f 4826//6245 4851//6245 4856//6245
f 4826//6245 4856//6245 4857//6245
f 4855//6245 4849//6245 4836//6245
f 4858//6245 4853//6245 4855//6245
f 4859//6245 4858//6245 4855//6245
f 4818//6245 4826//6245 4857//6245
f 4818//6245 4857//6245 4860//6245
f 4818//6245 4860//6245 4861//6245
f 4861//6245 4862//6245 4863//6245
f 4861//6245 4863//6245 4864//6245
f 4859//6245 4855//6245 4836//6245
f 4865//6245 4859//6245 4836//6245
f 4866//6245 4865//6245 4836//6245
f 4866//6245 4836//6245 4806//6245
f 4867//6245 4866//6245 4806//6245
f 4868//6245 4869//6245 4870//6245
f 4870//6245 4867//6245 4806//6245
f 4870//6245 4806//6245 4871//6245
f 4872//6245 4868//6245 4870//6245
f 4873//6245 4874//6245 4875//6245
f 4875//6245 4872//6245 4870//6245
f 4870//6245 4871//6245 4834//6245
f 4873//6245 4875//6245 4870//6245
f 4876//6245 4873//6245 4870//6245
f 4877//6245 4876//6245 4870//6245
f 4878//6245 4877//6245 4870//6245
f 4878//6245 4870//6245 4834//6245
f 4879//6245 4878//6245 4834//6245
f 4861//6245 4864//6245 4880//6245
f 4818//6245 4861//6245 4880//6245
f 4879//6245 4834//6245 4818//6245
f 4881//6245 4879//6245 4818//6245
f 4818//6245 4880//6245 4882//6245
f 4818//6245 4882//6245 4883//6245
f 4881//6245 4818//6245 4883//6245
f 4881//6245 4883//6245 4884//6245
f 4885//6245 4886//6245 4887//6245
f 4887//6245 4881//6245 4884//6245
f 4888//6245 4889//6245 4890//6245
f 4887//6245 4884//6245 4888//6245
f 4891//6245 4885//6245 4887//6245
f 4888//6245 4890//6245 4892//6245
f 4892//6245 4891//6245 4887//6245
f 4888//6245 4892//6245 4887//6245
f 4869//6246 4868//6246 4893//6246
f 4893//6246 4894//6246 4778//6246
f 4778//6246 4777//6246 4854//6246
f 4854//6246 4853//6246 4869//6246
f 4869//6246 4893//6246 4778//6246
f 4778//6246 4854//6246 4869//6246
f 4847//6233 4846//6233 4776//6233
f 4776//6233 4775//6233 4895//6233
f 4895//6233 4896//6233 4897//6233
f 4897//6233 4898//6233 4847//6233
f 4847//6233 4776//6233 4895//6233
f 4895//6233 4897//6233 4847//6233
f 4781//6247 4874//6247 4873//6247
f 4873//6247 4886//6247 4885//6247
f 4885//6247 4792//6247 4791//6247
f 4791//6247 4782//6247 4781//6247
f 4781//6247 4873//6247 4885//6247
f 4885//6247 4791//6247 4781//6247
f 4794//6248 4793//6248 4789//6248
f 4789//6248 4788//6248 4831//6248
f 4831//6248 4830//6248 4786//6248
f 4786//6248 4785//6248 4794//6248
f 4794//6248 4789//6248 4831//6248
f 4831//6248 4786//6248 4794//6248
f 4787//6249 4790//6249 4890//6249
f 4890//6249 4889//6249 4863//6249
f 4863//6249 4862//6249 4839//6249
f 4839//6249 4838//6249 4787//6249
f 4787//6249 4890//6249 4863//6249
f 4863//6249 4839//6249 4787//6249
f 4899//6250 4898//6250 4897//6250
f 4899//6250 4897//6250 4900//6250
f 4901//6250 4899//6250 4900//6250
f 4901//6250 4900//6250 4902//6250
f 4903//6250 4901//6250 4902//6250
f 4903//6250 4902//6250 4904//6250
f 4841//6250 4845//6250 4905//6250
f 4841//6250 4905//6250 4903//6250
f 4906//6250 4907//6250 4841//6250
f 4906//6250 4841//6250 4903//6250
f 4906//6250 4903//6250 4904//6250
f 4908//6250 4906//6250 4904//6250
f 4909//6250 4910//6250 4911//6250
f 4912//6250 4909//6250 4911//6250
f 4912//6250 4911//6250 4908//6250
f 4913//6250 4896//6250 4895//6250
f 4913//6250 4895//6250 4914//6250
f 4915//6250 4913//6250 4914//6250
f 4916//6250 4917//6250 4918//6250
f 4915//6250 4914//6250 4916//6250
f 4919//6250 4915//6250 4916//6250
f 4916//6250 4918//6250 4920//6250
f 4916//6250 4920//6250 4921//6250
f 4919//6250 4916//6250 4921//6250
f 4919//6250 4921//6250 4922//6250
f 4919//6250 4922//6250 4923//6250
f 4923//6250 4924//6250 4925//6250
f 4923//6250 4925//6250 4926//6250
f 4919//6250 4923//6250 4926//6250
f 4919//6250 4926//6250 4927//6250
f 4904//6250 4919//6250 4927//6250
f 4904//6250 4927//6250 4928//6250
f 4929//6250 4930//6250 4931//6250
f 4931//6250 4932//6250 4730//6250
f 4736//6250 4801//6250 4800//6250
f 4800//6250 4933//6250 4934//6250
f 4800//6250 4934//6250 4935//6250
f 4929//6250 4931//6250 4730//6250
f 4928//6250 4929//6250 4730//6250
f 4736//6250 4800//6250 4935//6250
f 4736//6250 4935//6250 4936//6250
f 4904//6250 4928//6250 4730//6250
f 4908//6250 4904//6250 4730//6250
f 4736//6250 4936//6250 4912//6250
f 4912//6250 4908//6250 4730//6250
f 4730//6250 4736//6250 4912//6250
f 4814//6233 4813//6233 4937//6233
f 4938//6233 4804//6233 4803//6233
f 4814//6233 4937//6233 4938//6233
f 4938//6233 4803//6233 4814//6233
f 4809//6233 4808//6233 4939//6233
f 4940//6233 4842//6233 4841//6233
f 4941//6233 4809//6233 4939//6233
f 4939//6233 4940//6233 4841//6233
f 4841//6233 4907//6233 4942//6233
f 4841//6233 4942//6233 4943//6233
f 4941//6233 4939//6233 4841//6233
f 4934//6233 4933//6233 4941//6233
f 4944//6233 4934//6233 4941//6233
f 4941//6233 4841//6233 4943//6233
f 4941//6233 4943//6233 4945//6233
f 4946//6233 4944//6233 4941//6233
f 4910//6233 4909//6233 4947//6233
f 4946//6233 4941//6233 4945//6233
f 4910//6233 4947//6233 4946//6233
f 4945//6233 4910//6233 4946//6233
f 4931//6251 4930//6251 4798//6251
f 4798//6251 4797//6251 4948//6251
f 4948//6251 4828//6251 4827//6251
f 4827//6251 4931//6251 4798//6251
f 4798//6251 4948//6251 4827//6251
f 4796//6252 4795//6252 4925//6252
f 4925//6252 4924//6252 4949//6252
f 4949//6252 4950//6252 4951//6252
f 4952//6252 4784//6252 4783//6252
f 4949//6252 4951//6252 4952//6252
f 4796//6252 4925//6252 4949//6252
f 4952//6252 4783//6252 4796//6252
f 4949//6252 4952//6252 4796//6252
f 4953//6253 4780//6253 4779//6253
f 4779//6253 4951//6253 4950//6253
f 4950//6253 4918//6253 4917//6253
f 4954//6253 4894//6253 4893//6253
f 4950//6253 4917//6253 4954//6253
f 4953//6253 4779//6253 4950//6253
f 4954//6253 4893//6253 4953//6253
f 4953//6253 4950//6253 4954//6253
# Vertices: 362, normals: 21, texture coordinates: 0, faces: 442

o obj5
v 0.00201734 0.01926592 0.00465082
v 0.00205058 0.01876439 0.00465082
v 0.00205058 0.01876439 0.00290149
v 0.00201734 0.01926592 0.00290149
v -0.00211309 0.01899208 0.00465082
v -0.00202535 0.01948699 0.00465082
v -0.00202535 0.01948699 0.00290149
v -0.00211309 0.01899208 0.00290149
v -0.00087593 0.01697205 0.00465082
v -0.00130757 0.01722958 0.00465082
v -0.00130757 0.01722958 0.00290149
v -0.00087593 0.01697205 0.00290149
v -0.00207985 0.01849056 0.00465082
v -0.00207985 0.01849056 0.00290149
v -0.00182173 0.01994652 0.00465082
v -0.00182173 0.01994652 0.00290149
v 0.00186503 0.01974491 0.00465082
v 0.00186503 0.01974491 0.00290149
v 0.00145153 0.01741251 0.00465082
v 0.00105767 0.01710024 0.00465082
v 0.00105767 0.01710024 0.00290149
v 0.00145153 0.01741251 0.00290149
v 0.00060053 0.01689131 0.00465082
v 0.00060053 0.01689131 0.00290149
v -0.00039521 0.0168253 0.00465082
v -0.00039521 0.0168253 0.00290149
v -0.00166503 0.01758293 0.00465082
v -0.00166503 0.01758293 0.00290149
v -0.00192754 0.01801156 0.00465082
v -0.00192754 0.01801156 0.00290149
v -0.00151404 0.02034396 0.00465082
v -0.00112018 0.02065623 0.00465082
v -0.00112018 0.02065623 0.00290149
v -0.00151404 0.02034396 0.00290149
v -0.00066304 0.02086516 0.00465082
v -0.00016918 0.02095862 0.00465082
v -0.00016918 0.02095862 0.00290149
v -0.00066304 0.02086516 0.00290149
v 0.0003327 0.02093117 0.00465082
v 0.0003327 0.02093117 0.00290149
v 0.00081342 0.02078442 0.00465082
v 0.00124506 0.02052689 0.00465082
v 0.00124506 0.02052689 0.00290149
v 0.00081342 0.02078442 0.00290149
v 0.00160252 0.02017354 0.00465082
v 0.00160252 0.02017354 0.00290149
v 0.00141456 0.01744905 0.00477201
v 0.00103052 0.01714457 0.00477201
v 0.00032362 0.02087999 0.00477201
v 0.0002911 0.02069655 0.00484519
v 0.00071689 0.02056657 0.00484519
v 0.00079236 0.02073689 0.00477201
v 0.00199868 0.01876723 0.00477201
v 0.00181266 0.0187774 0.00484519
v 0.00173495 0.01833905 0.00484519
v 0.00191312 0.01828466 0.00477201
v -0.00085487 0.01701958 0.00477201
v -0.00127574 0.0172707 0.00477201
v 0.00196626 0.01925625 0.00477201
v -0.00147707 0.02030742 0.00477201
v -0.00134458 0.02017645 0.00484519
v -0.00099573 0.02045303 0.00484519
v -0.00109303 0.0206119 0.00477201
v -0.00177708 0.01991988 0.00477201
v -0.0016171 0.01982443 0.00484519
v 0.0014158 0.0200255 0.00484519
v 0.00156178 0.02014124 0.00477201
v 0.00121323 0.02048578 0.00477201
v 0.00109919 0.02033847 0.00484519
v 0.00010667 0.01679785 0.00465082
v 0.00010667 0.01679785 0.00290149
v 0.00171457 0.01783659 0.00477201
v 0.00175922 0.01780995 0.00465082
v 0.00196284 0.01826948 0.00465082
v 0.00128207 0.01758002 0.00484519
v 0.00093322 0.01730344 0.00484519
v -0.00184572 0.01853486 0.00484519
v -0.00202877 0.01850023 0.00477201
v -0.00188026 0.01803317 0.00477201
v -0.00171082 0.01811061 0.00484519
v -0.00147831 0.01773097 0.00484519
v -0.00162429 0.01761523 0.00477201
v -0.0011617 0.017418 0.00484519
v 0.00196284 0.01826948 0.00290149
v 0.00131781 0.0185251 0.00484519
v 0.00178321 0.01922161 0.00484519
v -0.00039997 0.02022312 0.00484519
v 0.00094909 0.01987 0.00484519
v -0.00187517 0.01897907 0.00484519
v -0.00138032 0.01923137 0.00484519
v -0.00179746 0.01941742 0.00484519
v 0.00033746 0.01753335 0.00484519
v 0.00024337 0.01787654 0.0045938
v 0.00097355 0.01861522 0.0045938
v 0.00097355 0.01861522 0.00387334
v 0.00024337 0.01787654 0.00387334
v 0.00164831 0.01964586 0.00484519
v -0.00059083 0.02063808 0.00484519
v -0.00015341 0.02072086 0.00484519
v 0.00052832 0.01711839 0.00484519
v -0.00103606 0.01914125 0.00387334
v -0.00103606 0.01914125 0.0045938
v -0.00076144 0.01813955 0.0045938
v -0.00076144 0.01813955 0.00387334
v -0.0010116 0.01788648 0.00484519
v -0.0007794 0.0171899 0.00484519
v -0.00030588 0.01987993 0.0045938
v -0.00030588 0.01987993 0.00387334
v -0.00035361 0.01705992 0.00484519
v 9.09E-05 0.01703561 0.00484519
v 0.00155459 0.01793204 0.00484519
v -0.00038613 0.01687648 0.00477201
v 0.00010323 0.01684972 0.00477201
v -0.00197563 0.01947181 0.00477201
v 0.00181775 0.0197233 0.00477201
v 0.00058478 0.01694085 0.00477201
v -0.00016574 0.02090675 0.00477201
v -0.00206119 0.01898924 0.00477201
v -0.00064729 0.02081562 0.00477201
v 0.00175922 0.01780995 0.00290149
v 0.00069893 0.01961692 0.00387334
v 0.00069893 0.01961692 0.0045938
v 0.0002758 0.01775825 0.00477156
v -0.00084766 0.01805232 0.00477156
v 0.00078515 0.01970415 0.00477156
v -0.00033831 0.01999821 0.00477156
v -0.00115472 0.01917232 0.00477156
v 0.00109221 0.01858415 0.00477156
v 0.01838678 -0.00905676 0.00465082
v 0.01842003 -0.00955829 0.00465082
v 0.01842003 -0.00955829 0.00290149
v 0.01838678 -0.00905676 0.00290149
v 0.01425635 -0.0093306 0.00465082
v 0.01434409 -0.00883569 0.00465082
v 0.01434409 -0.00883569 0.00290149
v 0.01425635 -0.0093306 0.00290149
v 0.01549351 -0.01135063 0.00465082
v 0.01506188 -0.01109309 0.00465082
v 0.01506188 -0.01109309 0.00290149
v 0.01549351 -0.01135063 0.00290149
v 0.0142896 -0.00983212 0.00465082
v 0.0142896 -0.00983212 0.00290149
v 0.01454772 -0.00837616 0.00465082
v 0.01454772 -0.00837616 0.00290149
v 0.01823447 -0.00857777 0.00465082
v 0.01823447 -0.00857777 0.00290149
v 0.01782098 -0.01091017 0.00465082
v 0.01742712 -0.01122243 0.00465082
v 0.01742712 -0.01122243 0.00290149
v 0.01782098 -0.01091017 0.00290149
v 0.01696997 -0.01143136 0.00465082
v 0.01696997 -0.01143136 0.00290149
v 0.01597424 -0.01149738 0.00465082
v 0.01597424 -0.01149738 0.00290149
v 0.01470442 -0.01073975 0.00465082
v 0.01470442 -0.01073975 0.00290149
v 0.01444191 -0.01031112 0.00465082
v 0.01444191 -0.01031112 0.00290149
v 0.01485541 -0.00797871 0.00465082
v 0.01524927 -0.00766645 0.00465082
v 0.01524927 -0.00766645 0.00290149
v 0.01485541 -0.00797871 0.00290149
v 0.01570641 -0.00745752 0.00465082
v 0.01620027 -0.00736406 0.00465082
v 0.01620027 -0.00736406 0.00290149
v 0.01570641 -0.00745752 0.00290149
v 0.01670214 -0.00739151 0.00465082
v 0.01670214 -0.00739151 0.00290149
v 0.01718287 -0.00753826 0.00465082
v 0.0176145 -0.00779579 0.00465082
v 0.0176145 -0.00779579 0.00290149
v 0.01718287 -0.00753826 0.00290149
v 0.01797196 -0.00814914 0.00465082
v 0.01797196 -0.00814914 0.00290149
v 0.01778401 -0.01087363 0.00477201
v 0.01739997 -0.0111781 0.00477201
v 0.01669307 -0.00744269 0.00477201
v 0.01666055 -0.00762613 0.00484519
v 0.01708633 -0.00775611 0.00484519
v 0.01716181 -0.00758579 0.00477201
v 0.01836812 -0.00955545 0.00477201
v 0.0181821 -0.00954528 0.00484519
v 0.01810439 -0.00998362 0.00484519
v 0.01828257 -0.01003802 0.00477201
v 0.01551457 -0.0113031 0.00477201
v 0.0150937 -0.01105198 0.00477201
v 0.0183357 -0.00906643 0.00477201
v 0.01489238 -0.00801526 0.00477201
v 0.01502487 -0.00814623 0.00484519
v 0.01537371 -0.00786965 0.00484519
v 0.01527642 -0.00771078 0.00477201
v 0.01459236 -0.0084028 0.00477201
v 0.01475235 -0.00849825 0.00484519
v 0.01778525 -0.00829718 0.00484519
v 0.01793123 -0.00818144 0.00477201
v 0.01758268 -0.0078369 0.00477201
v 0.01746864 -0.00798421 0.00484519
v 0.01647612 -0.01152482 0.00465082
v 0.01647612 -0.01152482 0.00290149
v 0.01808402 -0.01048609 0.00477201
v 0.01812866 -0.01051273 0.00465082
v 0.01833229 -0.0100532 0.00465082
v 0.01765152 -0.01074266 0.00484519
v 0.01730267 -0.01101924 0.00484519
v 0.01452373 -0.00978782 0.00484519
v 0.01434068 -0.00982245 0.00477201
v 0.01448919 -0.01028951 0.00477201
v 0.01465863 -0.01021207 0.00484519
v 0.01489114 -0.01059171 0.00484519
v 0.01474515 -0.01070744 0.00477201
v 0.01520774 -0.01090468 0.00484519
v 0.01833229 -0.0100532 0.00290149
v 0.01768726 -0.00979757 0.00484519
v 0.01815266 -0.00910107 0.00484519
v 0.01596948 -0.00809956 0.00484519
v 0.01731854 -0.00845268 0.00484519
v 0.01449428 -0.00934361 0.00484519
v 0.01498913 -0.00909131 0.00484519
v 0.01457199 -0.00890526 0.00484519
v 0.01670691 -0.01078933 0.00484519
v 0.01661281 -0.01044614 0.0045938
v 0.017343 -0.00970746 0.0045938
v 0.017343 -0.00970746 0.00387334
v 0.01661281 -0.01044614 0.00387334
v 0.01801775 -0.00867682 0.00484519
v 0.01577861 -0.0076846 0.00484519
v 0.01621603 -0.00760182 0.00484519
v 0.01689777 -0.01120429 0.00484519
v 0.01533338 -0.00918143 0.00387334
v 0.01533338 -0.00918143 0.0045938
v 0.01560801 -0.01018312 0.0045938
v 0.01560801 -0.01018312 0.00387334
v 0.01535784 -0.0104362 0.00484519
v 0.01559005 -0.01113278 0.00484519
v 0.01606357 -0.00844275 0.0045938
v 0.01606357 -0.00844275 0.00387334
v 0.01601583 -0.01126276 0.00484519
v 0.01646035 -0.01128707 0.00484519
v 0.01792404 -0.01039064 0.00484519
v 0.01598331 -0.01144619 0.00477201
v 0.01647268 -0.01147295 0.00477201
v 0.01439381 -0.00885087 0.00477201
v 0.01818719 -0.00859938 0.00477201
v 0.01695422 -0.01138182 0.00477201
v 0.01620371 -0.00741593 0.00477201
v 0.01430826 -0.00933344 0.00477201
v 0.01572216 -0.00750706 0.00477201
v 0.01812866 -0.01051273 0.00290149
v 0.01706837 -0.00870576 0.00387334
v 0.01706837 -0.00870576 0.0045938
v 0.01664524 -0.01056442 0.00477156
v 0.01552179 -0.01027035 0.00477156
v 0.0171546 -0.00861853 0.00477156
v 0.01603114 -0.00832446 0.00477156
v 0.01521472 -0.00915036 0.00477156
v 0.01746166 -0.00973852 0.00477156
v -0.01653078 -0.00287406 0.00465082
v -0.01649753 -0.00337558 0.00465082
v -0.01649753 -0.00337558 0.00290149
v -0.01653078 -0.00287406 0.00290149
v -0.02066121 -0.00314789 0.00465082
v -0.02057347 -0.00265298 0.00465082
v -0.02057347 -0.00265298 0.00290149
v -0.02066121 -0.00314789 0.00290149
v -0.01942405 -0.00516792 0.00465082
v -0.01985568 -0.00491039 0.00465082
v -0.01985568 -0.00491039 0.00290149
v -0.01942405 -0.00516792 0.00290149
v -0.02062796 -0.00364942 0.00465082
v -0.02062796 -0.00364942 0.00290149
v -0.02036984 -0.00219345 0.00465082
v -0.02036984 -0.00219345 0.00290149
v -0.01668309 -0.00239506 0.00465082
v -0.01668309 -0.00239506 0.00290149
v -0.01709658 -0.00472747 0.00465082
v -0.01749044 -0.00503973 0.00465082
v -0.01749044 -0.00503973 0.00290149
v -0.01709658 -0.00472747 0.00290149
v -0.01794759 -0.00524866 0.00465082
v -0.01794759 -0.00524866 0.00290149
v -0.01894332 -0.00531468 0.00465082
v -0.01894332 -0.00531468 0.00290149
v -0.02021314 -0.00455704 0.00465082
v -0.02021314 -0.00455704 0.00290149
v -0.02047565 -0.00412841 0.00465082
v -0.02047565 -0.00412841 0.00290149
v -0.02006215 -0.00179601 0.00465082
v -0.01966829 -0.00148375 0.00465082
v -0.01966829 -0.00148375 0.00290149
v -0.02006215 -0.00179601 0.00290149
v -0.01921115 -0.00127482 0.00465082
v -0.01871729 -0.00118136 0.00465082
v -0.01871729 -0.00118136 0.00290149
v -0.01921115 -0.00127482 0.00290149
v -0.01821542 -0.0012088 0.00465082
v -0.01821542 -0.0012088 0.00290149
v -0.01773469 -0.00135555 0.00465082
v -0.01730306 -0.00161309 0.00465082
v -0.01730306 -0.00161309 0.00290149
v -0.01773469 -0.00135555 0.00290149
v -0.0169456 -0.00196644 0.00465082
v -0.0169456 -0.00196644 0.00290149
v -0.01713355 -0.00469092 0.00477201
v -0.01751759 -0.0049954 0.00477201
v -0.01822449 -0.00125999 0.00477201
v -0.01825701 -0.00144342 0.00484519
v -0.01783123 -0.0015734 0.00484519
v -0.01775575 -0.00140308 0.00477201
v -0.01654944 -0.00337274 0.00477201
v -0.01673546 -0.00336257 0.00484519
v -0.01681317 -0.00380092 0.00484519
v -0.01663499 -0.00385531 0.00477201
v -0.01940299 -0.00512039 0.00477201
v -0.01982386 -0.00486928 0.00477201
v -0.01658186 -0.00288372 0.00477201
v -0.02002518 -0.00183256 0.00477201
v -0.01989269 -0.00196352 0.00484519
v -0.01954385 -0.00168694 0.00484519
v -0.01964115 -0.00152808 0.00477201
v -0.0203252 -0.00222009 0.00477201
v -0.02016521 -0.00231554 0.00484519
v -0.01713232 -0.00211447 0.00484519
v -0.01698633 -0.00199874 0.00477201
v -0.01733488 -0.0016542 0.00477201
v -0.01744892 -0.0018015 0.00484519
v -0.01844145 -0.00534212 0.00465082
v -0.01844145 -0.00534212 0.00290149
v -0.01683354 -0.00430339 0.00477201
v -0.0167889 -0.00433002 0.00465082
v -0.01658527 -0.00387049 0.00465082
v -0.01726604 -0.00455995 0.00484519
v -0.01761489 -0.00483653 0.00484519
v -0.02039384 -0.00360511 0.00484519
v -0.02057688 -0.00363975 0.00477201
v -0.02042837 -0.0041068 0.00477201
v -0.02025894 -0.00402936 0.00484519
v -0.02002642 -0.004409 0.00484519
v -0.02017241 -0.00452474 0.00477201
v -0.01970982 -0.00472197 0.00484519
v -0.01658527 -0.00387049 0.00290149
v -0.01723031 -0.00361487 0.00484519
v -0.0167649 -0.00291836 0.00484519
v -0.01894809 -0.00191685 0.00484519
v -0.01759902 -0.00226998 0.00484519
v -0.02042328 -0.0031609 0.00484519
v -0.01992843 -0.00290861 0.00484519
v -0.02034557 -0.00272256 0.00484519
v -0.01821066 -0.00460663 0.00484519
v -0.01830474 -0.00426343 0.0045938
v -0.01757456 -0.00352476 0.0045938
v -0.01757456 -0.00352476 0.00387334
v -0.01830474 -0.00426343 0.00387334
v -0.01689981 -0.00249411 0.00484519
v -0.01913895 -0.00150189 0.00484519
v -0.01870153 -0.00141911 0.00484519
v -0.01801979 -0.00502158 0.00484519
v -0.01958418 -0.00299872 0.00387334
v -0.01958418 -0.00299872 0.0045938
v -0.01930955 -0.00400042 0.0045938
v -0.01930955 -0.00400042 0.00387334
v -0.01955971 -0.0042535 0.00484519
v -0.01932751 -0.00495007 0.00484519
v -0.01885399 -0.00226004 0.0045938
v -0.01885399 -0.00226004 0.00387334
v -0.01890173 -0.00508005 0.00484519
v -0.01845721 -0.00510436 0.00484519
v -0.01699352 -0.00420793 0.00484519
v -0.01893425 -0.00526349 0.00477201
v -0.01844488 -0.00529025 0.00477201
v -0.02052375 -0.00266816 0.00477201
v -0.01673037 -0.00241667 0.00477201
v -0.01796334 -0.00519912 0.00477201
v -0.01871385 -0.00123323 0.00477201
v -0.0206093 -0.00315073 0.00477201
v -0.0191954 -0.00132436 0.00477201
v -0.0167889 -0.00433002 0.00290149
v -0.01784919 -0.00252305 0.00387334
v -0.01784919 -0.00252305 0.0045938
v -0.01827232 -0.00438172 0.00477156
v -0.01939578 -0.00408765 0.00477156
v -0.01776296 -0.00243582 0.00477156
v -0.01888642 -0.00214176 0.00477156
v -0.01970284 -0.00296766 0.00477156
v -0.0174559 -0.00355582 0.00477156
v 0.00097355 0.01861521 0.00387334
v 0.00069893 0.01961692 0.00387334
v -0.00030588 0.01987993 0.00387334
v -0.00103606 0.01914125 0.00387334
v -0.00076144 0.01813955 0.00387334
v 0.00024337 0.01787654 0.00387334
v 0.01606357 -0.00844275 0.00387334
v 0.01533338 -0.00918143 0.00387334
v 0.01560801 -0.01018312 0.00387334
v 0.017343 -0.00970746 0.00387334
v 0.01706837 -0.00870576 0.00387334
v -0.01784919 -0.00252305 0.00387334
v -0.01885399 -0.00226004 0.00387334
v -0.01958418 -0.00299872 0.00387334
vn 0.96306 0.18225 0.19825
vn 0.97869 -0.05352 0.19825
vn 0.99851 -0.0546 0
vn 0.98256 0.18594 0
vn -0.97869 0.05352 0.19825
vn -0.93744 0.28618 0.19825
vn -0.95643 0.29197 0
vn -0.99851 0.0546 0
vn -0.39709 -0.89611 0.19825
vn -0.6 -0.77504 0.19825
vn -0.61215 -0.79074 0
vn -0.40513 -0.91426 0
vn -0.96306 -0.18225 0.19825
vn -0.98256 -0.18594 0
vn -0.84171 0.50221 0.19825
vn -0.85876 0.51238 0
vn 0.89146 0.40743 0.19825
vn 0.90951 0.41568 0
vn 0.69707 -0.68905 0.19824
vn 0.51191 -0.83585 0.19824
vn 0.52228 -0.85278 0
vn 0.71118 -0.70301 0
vn 0.29701 -0.93407 0.19824
vn 0.30302 -0.95298 0
vn -0.1711 -0.9651 0.19824
vn -0.17456 -0.98465 0
vn -0.76805 -0.60893 0.19825
vn -0.7836 -0.62126 0
vn -0.89146 -0.40743 0.19825
vn -0.90951 -0.41568 0
vn -0.69707 0.68905 0.19824
vn -0.51191 0.83585 0.19824
vn -0.52228 0.85278 0
vn -0.71118 0.70301 0
vn -0.29701 0.93407 0.19824
vn -0.06484 0.97801 0.19824
vn -0.06616 0.99781 0
vn -0.30302 0.95298 0
vn 0.1711 0.9651 0.19824
vn 0.17456 0.98465 0
vn 0.39709 0.89611 0.19825
vn 0.6 0.77504 0.19825
vn 0.61215 0.79074 0
vn 0.40513 0.91426 0
vn 0.76805 0.60893 0.19825
vn 0.7836 0.62126 0
vn 0.50548 -0.49966 0.70344
vn 0.37121 -0.60612 0.70344
vn 0.12407 0.69984 0.70344
vn 0.03488 0.19673 0.97984
vn 0.08094 0.18267 0.97984
vn 0.28795 0.64981 0.70344
vn 0.70969 -0.03881 0.70344
vn 0.1995 -0.01091 0.97984
vn 0.19109 -0.05834 0.97984
vn 0.67978 -0.20752 0.70345
vn -0.28795 -0.64981 0.70344
vn -0.43509 -0.56201 0.70345
vn 0.69836 0.13216 0.70344
vn -0.50548 0.49966 0.70344
vn -0.14209 0.14046 0.97984
vn -0.10435 0.17038 0.97984
vn -0.37121 0.60612 0.70344
vn -0.61036 0.36417 0.70344
vn -0.17158 0.10237 0.97984
vn 0.15656 0.12413 0.97984
vn 0.55694 0.44156 0.70345
vn 0.43509 0.56202 0.70345
vn 0.12231 0.15799 0.97984
vn 0.06484 -0.97801 0.19824
vn 0.06615 -0.99781 0
vn 0.61036 -0.36417 0.70344
vn 0.84171 -0.50221 0.19825
vn 0.93744 -0.28618 0.19825
vn 0.14209 -0.14046 0.97984
vn 0.10435 -0.17038 0.97984
vn -0.19632 -0.03715 0.97984
vn -0.69836 -0.13216 0.70344
vn -0.64644 -0.29545 0.70344
vn -0.18172 -0.08305 0.97984
vn -0.15656 -0.12413 0.97984
vn -0.55695 -0.44156 0.70345
vn -0.12231 -0.15799 0.97984
vn 0.95643 -0.29197 0
vn -0.09878 0.02586 0.99477
vn 0.19631 0.03715 0.97984
vn 0.027 -0.09847 0.99477
vn -0.07178 -0.07262 0.99477
vn -0.1995 0.01091 0.97984
vn 0.09878 -0.02586 0.99477
vn -0.19109 0.05834 0.97984
vn -0.027 0.09847 0.99477
vn -0.68098 0.67315 0.28832
vn -0.68098 0.67315 0.28832
vn -0.71118 0.70301 0
vn -0.71118 0.70301 0
vn 0.18172 0.08305 0.97984
vn -0.06054 0.19041 0.97984
vn -0.01322 0.19936 0.97984
vn 0.06054 -0.1904 0.97984
vn 0.96441 0.2644 0
vn 0.92346 0.25318 0.28832
vn 0.92346 0.25318 0.28832
vn 0.07178 0.07262 0.99477
vn -0.08095 -0.18267 0.97984
vn 0.68098 -0.67315 0.28833
vn 0.68098 -0.67315 0.28833
vn 0.71118 -0.70301 0
vn -0.03488 -0.19673 0.97984
vn 0.01322 -0.19936 0.97984
vn 0.17158 -0.10237 0.97984
vn -0.12407 -0.69984 0.70344
vn 0.04702 -0.7092 0.70344
vn -0.67978 0.20752 0.70345
vn 0.64643 0.29545 0.70345
vn 0.21537 -0.67734 0.70344
vn -0.04702 0.7092 0.70344
vn -0.70969 0.03881 0.70344
vn -0.21538 0.67734 0.70343
vn 0.24247 0.92633 0.28832
vn 0.24247 0.92633 0.28832
vn 0.25323 0.96741 0
vn 0.85876 -0.51238 0
vn -0.25322 -0.96741 0
vn -0.24247 -0.92633 0.28832
vn -0.24247 -0.92633 0.28832
vn -0.96441 -0.2644 0
vn -0.92346 -0.25317 0.28833
vn -0.92346 -0.25317 0.28833
vn -0.13646 0.49773 0.85653
vn 0.36282 0.36704 0.85653
vn -0.36282 -0.36704 0.85653
vn 0.13646 -0.49773 0.85653
vn 0.49927 -0.13069 0.85653
vn -0.49927 0.13069 0.85653
vn 0.96306 0.18225 0.19825
vn 0.97869 -0.05352 0.19825
vn 0.99851 -0.0546 0
vn 0.98256 0.18594 0
vn -0.97869 0.05352 0.19825
vn -0.93744 0.28618 0.19825
vn -0.95643 0.29197 0
vn -0.99851 0.05461 0
vn -0.39709 -0.89611 0.19825
vn -0.6 -0.77504 0.19825
vn -0.61215 -0.79074 0
vn -0.40513 -0.91426 0
vn -0.96306 -0.18225 0.19825
vn -0.98256 -0.18594 0
vn -0.84172 0.50221 0.19825
vn -0.85876 0.51238 0
vn 0.89146 0.40743 0.19825
vn 0.90951 0.41568 0
vn 0.69707 -0.68905 0.19824
vn 0.51191 -0.83585 0.19824
vn 0.52228 -0.85278 0
vn 0.71118 -0.703 0
vn 0.29701 -0.93407 0.19824
vn 0.30302 -0.95298 0
vn -0.1711 -0.9651 0.19824
vn -0.17456 -0.98465 0
vn -0.76805 -0.60893 0.19825
vn -0.7836 -0.62126 0
vn -0.89146 -0.40743 0.19824
vn -0.90951 -0.41568 0
vn -0.69707 0.68905 0.19825
vn -0.51191 0.83585 0.19824
vn -0.52228 0.85278 0
vn -0.71118 0.70301 0
vn -0.29701 0.93407 0.19824
vn -0.06484 0.97801 0.19824
vn -0.06615 0.99781 0
vn -0.30302 0.95298 0
vn 0.1711 0.9651 0.19824
vn 0.17456 0.98465 0
vn 0.39709 0.89611 0.19825
vn 0.6 0.77504 0.19825
vn 0.61215 0.79074 0
vn 0.40513 0.91426 0
vn 0.76805 0.60893 0.19826
vn 0.7836 0.62126 0
vn 0.50548 -0.49966 0.70344
vn 0.37121 -0.60612 0.70344
vn 0.12407 0.69984 0.70344
vn 0.03488 0.19673 0.97984
vn 0.08094 0.18267 0.97984
vn 0.28795 0.64981 0.70344
vn 0.70969 -0.03881 0.70344
vn 0.1995 -0.01091 0.97984
vn 0.19109 -0.05834 0.97984
vn 0.67978 -0.20752 0.70344
vn -0.28795 -0.64981 0.70344
vn -0.43509 -0.56201 0.70345
vn 0.69836 0.13216 0.70344
vn -0.50548 0.49966 0.70344
vn -0.14209 0.14046 0.97984
vn -0.10435 0.17038 0.97984
vn -0.37121 0.60612 0.70344
vn -0.61037 0.36417 0.70344
vn -0.17158 0.10237 0.97984
vn 0.15656 0.12413 0.97984
vn 0.55694 0.44156 0.70345
vn 0.43509 0.56202 0.70345
vn 0.12231 0.15799 0.97984
vn 0.06484 -0.97801 0.19824
vn 0.06615 -0.99781 0
vn 0.61037 -0.36417 0.70344
vn 0.84171 -0.50221 0.19824
vn 0.93744 -0.28618 0.19825
vn 0.14209 -0.14046 0.97984
vn 0.10435 -0.17038 0.97984
vn -0.19632 -0.03715 0.97984
vn -0.69836 -0.13216 0.70344
vn -0.64644 -0.29545 0.70344
vn -0.18172 -0.08305 0.97984
vn -0.15656 -0.12413 0.97984
vn -0.55695 -0.44156 0.70345
vn -0.12231 -0.15799 0.97984
vn 0.95643 -0.29197 0
vn -0.09878 0.02585 0.99477
vn 0.19631 0.03715 0.97984
vn 0.027 -0.09847 0.99477
vn -0.07178 -0.07261 0.99477
vn -0.1995 0.01091 0.97984
vn 0.09878 -0.02586 0.99477
vn -0.19109 0.05834 0.97984
vn -0.027 0.09847 0.99477
vn -0.68098 0.67315 0.28832
vn -0.68098 0.67315 0.28832
vn -0.71118 0.70301 0
vn 0.18172 0.08305 0.97984
vn -0.06054 0.19041 0.97984
vn -0.01322 0.19936 0.97984
vn 0.06054 -0.1904 0.97984
vn 0.96441 0.2644 0
vn 0.92346 0.25318 0.28832
vn 0.92346 0.25318 0.28832
vn 0.07178 0.07262 0.99477
vn -0.08094 -0.18267 0.97984
vn 0.68098 -0.67315 0.28832
vn 0.68098 -0.67315 0.28832
vn 0.71118 -0.70301 0
vn -0.03488 -0.19673 0.97984
vn 0.01322 -0.19936 0.97984
vn 0.17158 -0.10237 0.97984
vn -0.12407 -0.69984 0.70344
vn 0.04702 -0.7092 0.70344
vn -0.67978 0.20752 0.70344
vn 0.64643 0.29545 0.70345
vn 0.21537 -0.67734 0.70344
vn -0.04702 0.7092 0.70344
vn -0.70969 0.03881 0.70344
vn -0.21537 0.67734 0.70344
vn 0.24247 0.92633 0.28832
vn 0.24247 0.92633 0.28832
vn 0.25323 0.96741 0
vn 0.85876 -0.51238 0
vn -0.25322 -0.96741 0
vn -0.24247 -0.92633 0.28832
vn -0.24247 -0.92633 0.28832
vn -0.96441 -0.2644 0
vn -0.96441 -0.2644 0
vn -0.92346 -0.25317 0.28832
vn -0.92346 -0.25317 0.28832
vn -0.13645 0.49773 0.85653
vn 0.36282 0.36704 0.85653
vn -0.36282 -0.36704 0.85653
vn 0.13646 -0.49773 0.85653
vn 0.49927 -0.13069 0.85653
vn -0.49927 0.13069 0.85653
vn 0.96306 0.18225 0.19825
vn 0.97869 -0.05352 0.19825
vn 0.99851 -0.0546 0
vn 0.98256 0.18594 0
vn -0.97869 0.05352 0.19825
vn -0.93744 0.28618 0.19824
vn -0.95643 0.29197 0
vn -0.99851 0.0546 0
vn -0.39709 -0.89611 0.19825
vn -0.6 -0.77504 0.19825
vn -0.61215 -0.79074 0
vn -0.40513 -0.91426 0
vn -0.96306 -0.18225 0.19825
vn -0.98256 -0.18594 0
vn -0.84172 0.50221 0.19824
vn -0.85876 0.51238 0
vn 0.89146 0.40743 0.19825
vn 0.90951 0.41568 0
vn 0.69707 -0.68905 0.19824
vn 0.51191 -0.83585 0.19824
vn 0.52228 -0.85278 0
vn 0.71118 -0.70301 0
vn 0.29701 -0.93407 0.19824
vn 0.30302 -0.95298 0
vn -0.1711 -0.9651 0.19824
vn -0.17456 -0.98465 0
vn -0.76805 -0.60893 0.19825
vn -0.7836 -0.62126 0
vn -0.89146 -0.40743 0.19825
vn -0.90951 -0.41568 0
vn -0.69707 0.68905 0.19824
vn -0.51191 0.83585 0.19824
vn -0.52228 0.85278 0
vn -0.71118 0.70301 0
vn -0.29701 0.93407 0.19824
vn -0.06484 0.97801 0.19824
vn -0.30302 0.95298 0
vn 0.1711 0.9651 0.19824
vn 0.17456 0.98465 0
vn 0.39709 0.89611 0.19825
vn 0.6 0.77504 0.19825
vn 0.61215 0.79074 0
vn 0.40513 0.91426 0
vn 0.76805 0.60893 0.19826
vn 0.7836 0.62126 0
vn 0.50548 -0.49966 0.70344
vn 0.37121 -0.60612 0.70344
vn 0.12407 0.69984 0.70344
vn 0.03488 0.19673 0.97984
vn 0.08095 0.18267 0.97984
vn 0.28795 0.64981 0.70344
vn 0.70969 -0.03881 0.70344
vn 0.1995 -0.01091 0.97984
vn 0.19109 -0.05834 0.97984
vn 0.67978 -0.20752 0.70345
vn -0.28795 -0.64981 0.70344
vn -0.43509 -0.56201 0.70345
vn 0.69836 0.13216 0.70344
vn -0.50548 0.49966 0.70344
vn -0.14209 0.14046 0.97984
vn -0.10435 0.17038 0.97984
vn -0.37121 0.60612 0.70344
vn -0.61037 0.36417 0.70344
vn -0.17158 0.10237 0.97984
vn 0.15656 0.12413 0.97984
vn 0.55694 0.44156 0.70345
vn 0.43509 0.56202 0.70345
vn 0.12231 0.15799 0.97984
vn 0.06484 -0.97801 0.19824
vn 0.06615 -0.99781 0
vn 0.61037 -0.36417 0.70344
vn 0.84171 -0.50221 0.19825
vn 0.93744 -0.28618 0.19825
vn 0.14209 -0.14046 0.97984
vn 0.10435 -0.17038 0.97984
vn -0.19632 -0.03715 0.97984
vn -0.69836 -0.13216 0.70344
vn -0.64644 -0.29545 0.70344
vn -0.18172 -0.08305 0.97984
vn -0.15656 -0.12413 0.97984
vn -0.55695 -0.44156 0.70344
vn -0.12231 -0.15799 0.97984
vn 0.95643 -0.29197 0
vn -0.09878 0.02585 0.99477
vn 0.19632 0.03715 0.97984
vn 0.027 -0.09847 0.99477
vn -0.07178 -0.07261 0.99477
vn -0.1995 0.01091 0.97984
vn 0.09878 -0.02585 0.99477
vn -0.19109 0.05834 0.97984
vn -0.027 0.09847 0.99477
vn -0.68098 0.67315 0.28832
vn -0.68098 0.67315 0.28832
vn -0.71118 0.70301 0
vn -0.71118 0.70301 0
vn 0.18172 0.08305 0.97984
vn -0.06054 0.19041 0.97984
vn -0.01322 0.19936 0.97984
vn 0.06054 -0.1904 0.97984
vn 0.96441 0.2644 0
vn 0.92346 0.25318 0.28833
vn 0.92346 0.25318 0.28832
vn 0.07178 0.07262 0.99477
vn -0.08094 -0.18267 0.97984
vn 0.68098 -0.67315 0.28833
vn 0.68098 -0.67315 0.28832
vn 0.71118 -0.70301 0
vn -0.03488 -0.19673 0.97984
vn 0.01322 -0.19936 0.97984
vn 0.17158 -0.10237 0.97984
vn -0.12407 -0.69984 0.70344
vn 0.04702 -0.7092 0.70344
vn -0.67978 0.20752 0.70344
vn 0.64643 0.29545 0.70345
vn 0.21537 -0.67734 0.70344
vn -0.04702 0.7092 0.70344
vn -0.70969 0.03881 0.70344
vn -0.21538 0.67734 0.70344
vn 0.24247 0.92633 0.28832
vn 0.24247 0.92633 0.28832
vn 0.25323 0.96741 0
vn 0.85876 -0.51238 0
vn -0.25322 -0.96741 0
vn -0.24247 -0.92633 0.28832
vn -0.24247 -0.92633 0.28832
vn -0.96441 -0.2644 0
vn -0.96441 -0.2644 0
vn -0.92346 -0.25318 0.28832
vn -0.92346 -0.25318 0.28832
vn -0.13646 0.49773 0.85653
vn 0.36282 0.36704 0.85653
vn -0.36282 -0.36704 0.85653
vn 0.13646 -0.49773 0.85653
vn 0.49927 -0.13069 0.85653
vn -0.49927 0.13069 0.85653
vn -0 0 1
vn -0 0 1
vn -0 0 1
usemtl mat4
f 4955//6254 4956//6255 4957//6256
f 4955//6254 4957//6256 4958//6257
f 4959//6258 4960//6259 4961//6260
f 4959//6258 4961//6260 4962//6261
f 4963//6262 4964//6263 4965//6264
f 4963//6262 4965//6264 4966//6265
f 4967//6266 4959//6258 4962//6261
f 4967//6266 4962//6261 4968//6267
f 4960//6259 4969//6268 4970//6269
f 4960//6259 4970//6269 4961//6260
f 4971//6270 4955//6254 4958//6257
f 4971//6270 4958//6257 4972//6271
f 4973//6272 4974//6273 4975//6274
f 4973//6272 4975//6274 4976//6275
f 4974//6273 4977//6276 4978//6277
f 4974//6273 4978//6277 4975//6274
f 4979//6278 4963//6262 4966//6265
f 4979//6278 4966//6265 4980//6279
f 4964//6263 4981//6280 4982//6281
f 4964//6263 4982//6281 4965//6264
f 4981//6280 4983//6282 4984//6283
f 4981//6280 4984//6283 4982//6281
f 4983//6282 4967//6266 4968//6267
f 4983//6282 4968//6267 4984//6283
f 4985//6284 4986//6285 4987//6286
f 4985//6284 4987//6286 4988//6287
f 4989//6288 4990//6289 4991//6290
f 4989//6288 4991//6290 4992//6291
f 4990//6289 4993//6292 4994//6293
f 4990//6289 4994//6293 4991//6290
f 4995//6294 4996//6295 4997//6296
f 4995//6294 4997//6296 4998//6297
f 4996//6295 4999//6298 5000//6299
f 4996//6295 5000//6299 4997//6296
f 4969//6268 4985//6284 4988//6287
f 4969//6268 4988//6287 4970//6269
f 4974//6273 4973//6272 5001//6300
f 4974//6273 5001//6300 5002//6301
f 5003//6302 5004//6303 5005//6304
f 5003//6302 5005//6304 5006//6305
f 5007//6306 5008//6307 5009//6308
f 5007//6306 5009//6308 5010//6309
f 4964//6263 4963//6262 5011//6310
f 4964//6263 5011//6310 5012//6311
f 4956//6255 4955//6254 5013//6312
f 4956//6255 5013//6312 5007//6306
f 5014//6313 5015//6314 5016//6315
f 5014//6313 5016//6315 5017//6316
f 5018//6317 5019//6318 5015//6314
f 5018//6317 5015//6314 5014//6313
f 5020//6319 5021//6320 5022//6321
f 5020//6319 5022//6321 5023//6322
f 4977//6276 5024//6323 5025//6324
f 4977//6276 5025//6324 4978//6277
f 5026//6325 5027//6326 5028//6327
f 5026//6325 5028//6327 5010//6309
f 5029//6328 5030//6329 5002//6301
f 5029//6328 5002//6301 5001//6300
f 5031//6330 5032//6331 5033//6332
f 5031//6330 5033//6332 5034//6333
f 5035//6334 5036//6335 5012//6311
f 5035//6334 5012//6311 5037//6336
f 4956//6255 5028//6327 5038//6337
f 4956//6255 5038//6337 4957//6256
f 4999//6298 4971//6270 4972//6271
f 4999//6298 4972//6271 5000//6299
f 4993//6292 4995//6294 4998//6297
f 4993//6292 4998//6297 4994//6293
f 4986//6285 4989//6288 4992//6291
f 4986//6285 4992//6291 4987//6286
f 5039//6338 5009//6308 5008//6307
f 5039//6338 5008//6307 5040//6339
f 5041//6340 5042//6341 5005//6304
f 5041//6340 5005//6304 5004//6303
f 5042//6341 5020//6319 5023//6322
f 5042//6341 5023//6322 5005//6304
f 5043//6342 5044//6343 5045//6344
f 5046//6345 5030//6329 5029//6328
f 5047//6346 5048//6347 5049//6348
f 5047//6346 5049//6348 5050//6349
f 5042//6341 5039//6338 5040//6339
f 5042//6341 5040//6339 5051//6350
f 5052//6351 5041//6340 5053//6352
f 5046//6345 5054//6353 5030//6329
f 5016//6315 5041//6340 5052//6351
f 5019//6318 5044//6343 5041//6340
f 5019//6318 5041//6340 5015//6314
f 5055//6354 5056//6355 5057//6356
f 5055//6354 5057//6356 5058//6354
f 5042//6341 5051//6350 5020//6319
f 5031//6330 5034//6333 5059//6357
f 5031//6330 5059//6357 5044//6343
f 5037//6336 5060//6358 5059//6357
f 5045//6344 5044//6343 5019//6318
f 5043//6342 5031//6330 5044//6343
f 5061//6359 5056//6360 5055//6361
f 5061//6359 5055//6361 5062//6361
f 5035//6334 5037//6336 5059//6357
f 5063//6362 5064//6363 5046//6345
f 5046//6345 5029//6328 5065//6364
f 5046//6345 5065//6364 5039//6338
f 5039//6338 5065//6364 5009//6308
f 5066//6365 4979//6278 5024//6323
f 5066//6365 5024//6323 5067//6366
f 5068//6367 5045//6344 5019//6318
f 5068//6367 5019//6318 5018//6317
f 5069//6368 5051//6350 5040//6339
f 5069//6368 5040//6339 5013//6312
f 5022//6321 4996//6295 4995//6294
f 5022//6321 4995//6294 5006//6305
f 5070//6369 4977//6276 4974//6273
f 5070//6369 4974//6273 5002//6301
f 4993//6292 4990//6289 5071//6370
f 4993//6292 5071//6370 5003//6302
f 5065//6364 5026//6325 5010//6309
f 5065//6364 5010//6309 5009//6308
f 5001//6300 4973//6272 5027//6326
f 5001//6300 5027//6326 5026//6325
f 5066//6365 5063//6362 5060//6358
f 5066//6365 5060//6358 5011//6310
f 5072//6371 4959//6258 4967//6266
f 5072//6371 4967//6266 5032//6331
f 5011//6310 5060//6358 5037//6336
f 5011//6310 5037//6336 5012//6311
f 5013//6312 5040//6339 5008//6307
f 5013//6312 5008//6307 5007//6306
f 5070//6369 5054//6353 5064//6363
f 5070//6369 5064//6363 5067//6366
f 5006//6305 5005//6304 5023//6322
f 5006//6305 5023//6322 5022//6321
f 5006//6305 4995//6294 4993//6292
f 5006//6305 4993//6292 5003//6302
f 5052//6351 5073//6372 5017//6316
f 5052//6351 5017//6316 5016//6315
f 4986//6285 4985//6284 5014//6313
f 4986//6285 5014//6313 5017//6316
f 5065//6364 5029//6328 5001//6300
f 5065//6364 5001//6300 5026//6325
f 4969//6268 4960//6259 5068//6367
f 4969//6268 5068//6367 5018//6317
f 5073//6372 5052//6351 5053//6352
f 5073//6372 5053//6352 5071//6370
f 5033//6332 4983//6282 4981//6280
f 5033//6332 4981//6280 5036//6335
f 5057//6373 5047//6374 5050//6375
f 5057//6373 5050//6375 5058//6375
f 5032//6331 4967//6266 4983//6282
f 5032//6331 4983//6282 5033//6332
f 5028//6327 5027//6326 5074//6376
f 5028//6327 5074//6376 5038//6337
f 5073//6372 4989//6288 4986//6285
f 5073//6372 4986//6285 5017//6316
f 5014//6313 4985//6284 4969//6268
f 5014//6313 4969//6268 5018//6317
f 5062//6377 5075//6377 5076//6378
f 5062//6377 5076//6378 5061//6379
f 5015//6314 5041//6340 5016//6315
f 5072//6371 5043//6342 5045//6344
f 5072//6371 5045//6344 5068//6367
f 4955//6254 4971//6270 5069//6368
f 4955//6254 5069//6368 5013//6312
f 5054//6353 5070//6369 5002//6301
f 5054//6353 5002//6301 5030//6329
f 5071//6370 4990//6289 4989//6288
f 5071//6370 4989//6288 5073//6372
f 5069//6368 4971//6270 4999//6298
f 5069//6368 4999//6298 5021//6320
f 4956//6255 5007//6306 5010//6309
f 4956//6255 5010//6309 5028//6327
f 5034//6333 5035//6334 5059//6357
f 5067//6366 5024//6323 4977//6276
f 5067//6366 4977//6276 5070//6369
f 5011//6310 4963//6262 4979//6278
f 5011//6310 4979//6278 5066//6365
f 5064//6363 5054//6353 5046//6345
f 4964//6263 5012//6311 5036//6335
f 4964//6263 5036//6335 4981//6280
f 5043//6342 5072//6371 5032//6331
f 5043//6342 5032//6331 5031//6330
f 5071//6370 5053//6352 5004//6303
f 5071//6370 5004//6303 5003//6302
f 5036//6335 5035//6334 5034//6333
f 5036//6335 5034//6333 5033//6332
f 5068//6367 4960//6259 4959//6258
f 5068//6367 4959//6258 5072//6371
f 5021//6320 4999//6298 4996//6295
f 5021//6320 4996//6295 5022//6321
f 5024//6323 4979//6278 4980//6279
f 5024//6323 4980//6279 5025//6324
f 4976//6275 5074//6376 5027//6326
f 4976//6275 5027//6326 4973//6272
f 5067//6366 5064//6363 5063//6362
f 5067//6366 5063//6362 5066//6365
f 5075//6380 5049//6380 5048//6381
f 5075//6380 5048//6381 5076//6382
f 5021//6320 5020//6319 5051//6350
f 5021//6320 5051//6350 5069//6368
f 5041//6340 5004//6303 5053//6352
f 5059//6357 5046//6345 5077//6383
f 5059//6357 5077//6383 5078//6384
f 5078//6384 5077//6383 5047//6374
f 5078//6384 5047//6374 5057//6373
f 5061//6379 5076//6378 5079//6385
f 5061//6379 5079//6385 5080//6386
f 5080//6386 5079//6385 5042//6341
f 5080//6386 5042//6341 5041//6340
f 5057//6356 5056//6355 5081//6387
f 5057//6356 5081//6387 5078//6384
f 5078//6384 5081//6387 5044//6343
f 5078//6384 5044//6343 5059//6357
f 5056//6360 5061//6359 5080//6386
f 5056//6360 5080//6386 5081//6387
f 5081//6387 5080//6386 5041//6340
f 5081//6387 5041//6340 5044//6343
f 5046//6345 5039//6338 5082//6388
f 5046//6345 5082//6388 5077//6383
f 5077//6383 5082//6388 5048//6347
f 5077//6383 5048//6347 5047//6346
f 5076//6382 5048//6381 5082//6388
f 5076//6382 5082//6388 5079//6385
f 5079//6385 5082//6388 5039//6338
f 5079//6385 5039//6338 5042//6341
f 5060//6358 5063//6362 5046//6345
f 5060//6358 5046//6345 5059//6357
f 5083//6389 5084//6390 5085//6391
f 5083//6389 5085//6391 5086//6392
f 5087//6393 5088//6394 5089//6395
f 5087//6393 5089//6395 5090//6396
f 5091//6397 5092//6398 5093//6399
f 5091//6397 5093//6399 5094//6400
f 5095//6401 5087//6393 5090//6396
f 5095//6401 5090//6396 5096//6402
f 5088//6394 5097//6403 5098//6404
f 5088//6394 5098//6404 5089//6395
f 5099//6405 5083//6389 5086//6392
f 5099//6405 5086//6392 5100//6406
f 5101//6407 5102//6408 5103//6409
f 5101//6407 5103//6409 5104//6410
f 5102//6408 5105//6411 5106//6412
f 5102//6408 5106//6412 5103//6409
f 5107//6413 5091//6397 5094//6400
f 5107//6413 5094//6400 5108//6414
f 5092//6398 5109//6415 5110//6416
f 5092//6398 5110//6416 5093//6399
f 5109//6415 5111//6417 5112//6418
f 5109//6415 5112//6418 5110//6416
f 5111//6417 5095//6401 5096//6402
f 5111//6417 5096//6402 5112//6418
f 5113//6419 5114//6420 5115//6421
f 5113//6419 5115//6421 5116//6422
f 5117//6423 5118//6424 5119//6425
f 5117//6423 5119//6425 5120//6426
f 5118//6424 5121//6427 5122//6428
f 5118//6424 5122//6428 5119//6425
f 5123//6429 5124//6430 5125//6431
f 5123//6429 5125//6431 5126//6432
f 5124//6430 5127//6433 5128//6434
f 5124//6430 5128//6434 5125//6431
f 5097//6403 5113//6419 5116//6422
f 5097//6403 5116//6422 5098//6404
f 5102//6408 5101//6407 5129//6435
f 5102//6408 5129//6435 5130//6436
f 5131//6437 5132//6438 5133//6439
f 5131//6437 5133//6439 5134//6440
f 5135//6441 5136//6442 5137//6443
f 5135//6441 5137//6443 5138//6444
f 5092//6398 5091//6397 5139//6445
f 5092//6398 5139//6445 5140//6446
f 5084//6390 5083//6389 5141//6447
f 5084//6390 5141//6447 5135//6441
f 5142//6448 5143//6449 5144//6450
f 5142//6448 5144//6450 5145//6451
f 5146//6452 5147//6453 5143//6449
f 5146//6452 5143//6449 5142//6448
f 5148//6454 5149//6455 5150//6456
f 5148//6454 5150//6456 5151//6457
f 5105//6411 5152//6458 5153//6459
f 5105//6411 5153//6459 5106//6412
f 5154//6460 5155//6461 5156//6462
f 5154//6460 5156//6462 5138//6444
f 5157//6463 5158//6464 5130//6436
f 5157//6463 5130//6436 5129//6435
f 5159//6465 5160//6466 5161//6467
f 5159//6465 5161//6467 5162//6468
f 5163//6469 5164//6470 5140//6446
f 5163//6469 5140//6446 5165//6471
f 5084//6390 5156//6462 5166//6472
f 5084//6390 5166//6472 5085//6391
f 5127//6433 5099//6405 5100//6406
f 5127//6433 5100//6406 5128//6434
f 5121//6427 5123//6429 5126//6432
f 5121//6427 5126//6432 5122//6428
f 5114//6420 5117//6423 5120//6426
f 5114//6420 5120//6426 5115//6421
f 5167//6473 5137//6443 5136//6442
f 5167//6473 5136//6442 5168//6474
f 5169//6475 5170//6476 5133//6439
f 5169//6475 5133//6439 5132//6438
f 5170//6476 5148//6454 5151//6457
f 5170//6476 5151//6457 5133//6439
f 5171//6477 5172//6478 5173//6479
f 5174//6480 5158//6464 5157//6463
f 5175//6481 5176//6482 5177//6483
f 5175//6481 5177//6483 5178//6483
f 5170//6476 5167//6473 5168//6474
f 5170//6476 5168//6474 5179//6484
f 5180//6485 5169//6475 5181//6486
f 5174//6480 5182//6487 5158//6464
f 5144//6450 5169//6475 5180//6485
f 5147//6453 5172//6478 5169//6475
f 5147//6453 5169//6475 5143//6449
f 5183//6488 5184//6489 5185//6490
f 5183//6488 5185//6490 5186//6488
f 5170//6476 5179//6484 5148//6454
f 5159//6465 5162//6468 5187//6491
f 5159//6465 5187//6491 5172//6478
f 5165//6471 5188//6492 5187//6491
f 5173//6479 5172//6478 5147//6453
f 5171//6477 5159//6465 5172//6478
f 5189//6493 5184//6494 5183//6495
f 5189//6493 5183//6495 5190//6495
f 5163//6469 5165//6471 5187//6491
f 5191//6496 5192//6497 5174//6480
f 5174//6480 5157//6463 5193//6498
f 5174//6480 5193//6498 5167//6473
f 5167//6473 5193//6498 5137//6443
f 5194//6499 5107//6413 5152//6458
f 5194//6499 5152//6458 5195//6500
f 5196//6501 5173//6479 5147//6453
f 5196//6501 5147//6453 5146//6452
f 5197//6502 5179//6484 5168//6474
f 5197//6502 5168//6474 5141//6447
f 5150//6456 5124//6430 5123//6429
f 5150//6456 5123//6429 5134//6440
f 5198//6503 5105//6411 5102//6408
f 5198//6503 5102//6408 5130//6436
f 5121//6427 5118//6424 5199//6504
f 5121//6427 5199//6504 5131//6437
f 5193//6498 5154//6460 5138//6444
f 5193//6498 5138//6444 5137//6443
f 5129//6435 5101//6407 5155//6461
f 5129//6435 5155//6461 5154//6460
f 5194//6499 5191//6496 5188//6492
f 5194//6499 5188//6492 5139//6445
f 5200//6505 5087//6393 5095//6401
f 5200//6505 5095//6401 5160//6466
f 5139//6445 5188//6492 5165//6471
f 5139//6445 5165//6471 5140//6446
f 5141//6447 5168//6474 5136//6442
f 5141//6447 5136//6442 5135//6441
f 5198//6503 5182//6487 5192//6497
f 5198//6503 5192//6497 5195//6500
f 5134//6440 5133//6439 5151//6457
f 5134//6440 5151//6457 5150//6456
f 5134//6440 5123//6429 5121//6427
f 5134//6440 5121//6427 5131//6437
f 5180//6485 5201//6506 5145//6451
f 5180//6485 5145//6451 5144//6450
f 5114//6420 5113//6419 5142//6448
f 5114//6420 5142//6448 5145//6451
f 5193//6498 5157//6463 5129//6435
f 5193//6498 5129//6435 5154//6460
f 5097//6403 5088//6394 5196//6501
f 5097//6403 5196//6501 5146//6452
f 5201//6506 5180//6485 5181//6486
f 5201//6506 5181//6486 5199//6504
f 5161//6467 5111//6417 5109//6415
f 5161//6467 5109//6415 5164//6470
f 5185//6507 5175//6508 5178//6509
f 5185//6507 5178//6509 5186//6509
f 5160//6466 5095//6401 5111//6417
f 5160//6466 5111//6417 5161//6467
f 5156//6462 5155//6461 5202//6510
f 5156//6462 5202//6510 5166//6472
f 5201//6506 5117//6423 5114//6420
f 5201//6506 5114//6420 5145//6451
f 5142//6448 5113//6419 5097//6403
f 5142//6448 5097//6403 5146//6452
f 5190//6511 5203//6511 5204//6512
f 5190//6511 5204//6512 5189//6513
f 5143//6449 5169//6475 5144//6450
f 5200//6505 5171//6477 5173//6479
f 5200//6505 5173//6479 5196//6501
f 5083//6389 5099//6405 5197//6502
f 5083//6389 5197//6502 5141//6447
f 5182//6487 5198//6503 5130//6436
f 5182//6487 5130//6436 5158//6464
f 5199//6504 5118//6424 5117//6423
f 5199//6504 5117//6423 5201//6506
f 5197//6502 5099//6405 5127//6433
f 5197//6502 5127//6433 5149//6455
f 5084//6390 5135//6441 5138//6444
f 5084//6390 5138//6444 5156//6462
f 5162//6468 5163//6469 5187//6491
f 5195//6500 5152//6458 5105//6411
f 5195//6500 5105//6411 5198//6503
f 5139//6445 5091//6397 5107//6413
f 5139//6445 5107//6413 5194//6499
f 5192//6497 5182//6487 5174//6480
f 5092//6398 5140//6446 5164//6470
f 5092//6398 5164//6470 5109//6415
f 5171//6477 5200//6505 5160//6466
f 5171//6477 5160//6466 5159//6465
f 5199//6504 5181//6486 5132//6438
f 5199//6504 5132//6438 5131//6437
f 5164//6470 5163//6469 5162//6468
f 5164//6470 5162//6468 5161//6467
f 5196//6501 5088//6394 5087//6393
f 5196//6501 5087//6393 5200//6505
f 5149//6455 5127//6433 5124//6430
f 5149//6455 5124//6430 5150//6456
f 5152//6458 5107//6413 5108//6414
f 5152//6458 5108//6414 5153//6459
f 5104//6410 5202//6510 5155//6461
f 5104//6410 5155//6461 5101//6407
f 5195//6500 5192//6497 5191//6496
f 5195//6500 5191//6496 5194//6499
f 5203//6514 5177//6515 5176//6516
f 5203//6514 5176//6516 5204//6517
f 5149//6455 5148//6454 5179//6484
f 5149//6455 5179//6484 5197//6502
f 5169//6475 5132//6438 5181//6486
f 5187//6491 5174//6480 5205//6518
f 5187//6491 5205//6518 5206//6519
f 5206//6519 5205//6518 5175//6508
f 5206//6519 5175//6508 5185//6507
f 5189//6513 5204//6512 5207//6520
f 5189//6513 5207//6520 5208//6521
f 5208//6521 5207//6520 5170//6476
f 5208//6521 5170//6476 5169//6475
f 5185//6490 5184//6489 5209//6522
f 5185//6490 5209//6522 5206//6519
f 5206//6519 5209//6522 5172//6478
f 5206//6519 5172//6478 5187//6491
f 5184//6494 5189//6493 5208//6521
f 5184//6494 5208//6521 5209//6522
f 5209//6522 5208//6521 5169//6475
f 5209//6522 5169//6475 5172//6478
f 5174//6480 5167//6473 5210//6523
f 5174//6480 5210//6523 5205//6518
f 5205//6518 5210//6523 5176//6482
f 5205//6518 5176//6482 5175//6481
f 5204//6517 5176//6516 5210//6523
f 5204//6517 5210//6523 5207//6520
f 5207//6520 5210//6523 5167//6473
f 5207//6520 5167//6473 5170//6476
f 5188//6492 5191//6496 5174//6480
f 5188//6492 5174//6480 5187//6491
f 5211//6524 5212//6525 5213//6526
f 5211//6524 5213//6526 5214//6527
f 5215//6528 5216//6529 5217//6530
f 5215//6528 5217//6530 5218//6531
f 5219//6532 5220//6533 5221//6534
f 5219//6532 5221//6534 5222//6535
f 5223//6536 5215//6528 5218//6531
f 5223//6536 5218//6531 5224//6537
f 5216//6529 5225//6538 5226//6539
f 5216//6529 5226//6539 5217//6530
f 5227//6540 5211//6524 5214//6527
f 5227//6540 5214//6527 5228//6541
f 5229//6542 5230//6543 5231//6544
f 5229//6542 5231//6544 5232//6545
f 5230//6543 5233//6546 5234//6547
f 5230//6543 5234//6547 5231//6544
f 5235//6548 5219//6532 5222//6535
f 5235//6548 5222//6535 5236//6549
f 5220//6533 5237//6550 5238//6551
f 5220//6533 5238//6551 5221//6534
f 5237//6550 5239//6552 5240//6553
f 5237//6550 5240//6553 5238//6551
f 5239//6552 5223//6536 5224//6537
f 5239//6552 5224//6537 5240//6553
f 5241//6554 5242//6555 5243//6556
f 5241//6554 5243//6556 5244//6557
f 5245//6558 5246//6559 5247//6425
f 5245//6558 5247//6425 5248//6560
f 5246//6559 5249//6561 5250//6562
f 5246//6559 5250//6562 5247//6425
f 5251//6563 5252//6564 5253//6565
f 5251//6563 5253//6565 5254//6566
f 5252//6564 5255//6567 5256//6568
f 5252//6564 5256//6568 5253//6565
f 5225//6538 5241//6554 5244//6557
f 5225//6538 5244//6557 5226//6539
f 5230//6543 5229//6542 5257//6569
f 5230//6543 5257//6569 5258//6570
f 5259//6571 5260//6572 5261//6573
f 5259//6571 5261//6573 5262//6574
f 5263//6575 5264//6576 5265//6577
f 5263//6575 5265//6577 5266//6578
f 5220//6533 5219//6532 5267//6579
f 5220//6533 5267//6579 5268//6580
f 5212//6525 5211//6524 5269//6581
f 5212//6525 5269//6581 5263//6575
f 5270//6582 5271//6583 5272//6584
f 5270//6582 5272//6584 5273//6585
f 5274//6586 5275//6587 5271//6583
f 5274//6586 5271//6583 5270//6582
f 5276//6588 5277//6589 5278//6590
f 5276//6588 5278//6590 5279//6591
f 5233//6546 5280//6592 5281//6593
f 5233//6546 5281//6593 5234//6547
f 5282//6594 5283//6595 5284//6596
f 5282//6594 5284//6596 5266//6578
f 5285//6597 5286//6598 5258//6570
f 5285//6597 5258//6570 5257//6569
f 5287//6599 5288//6600 5289//6601
f 5287//6599 5289//6601 5290//6602
f 5291//6603 5292//6604 5268//6580
f 5291//6603 5268//6580 5293//6605
f 5212//6525 5284//6596 5294//6606
f 5212//6525 5294//6606 5213//6526
f 5255//6567 5227//6540 5228//6541
f 5255//6567 5228//6541 5256//6568
f 5249//6561 5251//6563 5254//6566
f 5249//6561 5254//6566 5250//6562
f 5242//6555 5245//6558 5248//6560
f 5242//6555 5248//6560 5243//6556
f 5295//6607 5265//6577 5264//6576
f 5295//6607 5264//6576 5296//6608
f 5297//6609 5298//6610 5261//6573
f 5297//6609 5261//6573 5260//6572
f 5298//6610 5276//6588 5279//6591
f 5298//6610 5279//6591 5261//6573
f 5299//6611 5300//6612 5301//6613
f 5302//6614 5286//6598 5285//6597
f 5303//6615 5304//6616 5305//6617
f 5303//6615 5305//6617 5306//6618
f 5298//6610 5295//6607 5296//6608
f 5298//6610 5296//6608 5307//6619
f 5308//6620 5297//6609 5309//6621
f 5302//6614 5310//6622 5286//6598
f 5272//6584 5297//6609 5308//6620
f 5275//6587 5300//6612 5297//6609
f 5275//6587 5297//6609 5271//6583
f 5311//6623 5312//6624 5313//6625
f 5311//6623 5313//6625 5314//6623
f 5298//6610 5307//6619 5276//6588
f 5287//6599 5290//6602 5315//6626
f 5287//6599 5315//6626 5300//6612
f 5293//6605 5316//6627 5315//6626
f 5301//6613 5300//6612 5275//6587
f 5299//6611 5287//6599 5300//6612
f 5317//6628 5312//6629 5311//6630
f 5317//6628 5311//6630 5318//6630
f 5291//6603 5293//6605 5315//6626
f 5319//6631 5320//6632 5302//6614
f 5302//6614 5285//6597 5321//6633
f 5302//6614 5321//6633 5295//6607
f 5295//6607 5321//6633 5265//6577
f 5322//6634 5235//6548 5280//6592
f 5322//6634 5280//6592 5323//6635
f 5324//6636 5301//6613 5275//6587
f 5324//6636 5275//6587 5274//6586
f 5325//6637 5307//6619 5296//6608
f 5325//6637 5296//6608 5269//6581
f 5278//6590 5252//6564 5251//6563
f 5278//6590 5251//6563 5262//6574
f 5326//6638 5233//6546 5230//6543
f 5326//6638 5230//6543 5258//6570
f 5249//6561 5246//6559 5327//6639
f 5249//6561 5327//6639 5259//6571
f 5321//6633 5282//6594 5266//6578
f 5321//6633 5266//6578 5265//6577
f 5257//6569 5229//6542 5283//6595
f 5257//6569 5283//6595 5282//6594
f 5322//6634 5319//6631 5316//6627
f 5322//6634 5316//6627 5267//6579
f 5328//6640 5215//6528 5223//6536
f 5328//6640 5223//6536 5288//6600
f 5267//6579 5316//6627 5293//6605
f 5267//6579 5293//6605 5268//6580
f 5269//6581 5296//6608 5264//6576
f 5269//6581 5264//6576 5263//6575
f 5326//6638 5310//6622 5320//6632
f 5326//6638 5320//6632 5323//6635
f 5262//6574 5261//6573 5279//6591
f 5262//6574 5279//6591 5278//6590
f 5262//6574 5251//6563 5249//6561
f 5262//6574 5249//6561 5259//6571
f 5308//6620 5329//6641 5273//6585
f 5308//6620 5273//6585 5272//6584
f 5242//6555 5241//6554 5270//6582
f 5242//6555 5270//6582 5273//6585
f 5321//6633 5285//6597 5257//6569
f 5321//6633 5257//6569 5282//6594
f 5225//6538 5216//6529 5324//6636
f 5225//6538 5324//6636 5274//6586
f 5329//6641 5308//6620 5309//6621
f 5329//6641 5309//6621 5327//6639
f 5289//6601 5239//6552 5237//6550
f 5289//6601 5237//6550 5292//6604
f 5313//6642 5303//6643 5306//6644
f 5313//6642 5306//6644 5314//6644
f 5288//6600 5223//6536 5239//6552
f 5288//6600 5239//6552 5289//6601
f 5284//6596 5283//6595 5330//6645
f 5284//6596 5330//6645 5294//6606
f 5329//6641 5245//6558 5242//6555
f 5329//6641 5242//6555 5273//6585
f 5270//6582 5241//6554 5225//6538
f 5270//6582 5225//6538 5274//6586
f 5318//6646 5331//6646 5332//6647
f 5318//6646 5332//6647 5317//6648
f 5271//6583 5297//6609 5272//6584
f 5328//6640 5299//6611 5301//6613
f 5328//6640 5301//6613 5324//6636
f 5211//6524 5227//6540 5325//6637
f 5211//6524 5325//6637 5269//6581
f 5310//6622 5326//6638 5258//6570
f 5310//6622 5258//6570 5286//6598
f 5327//6639 5246//6559 5245//6558
f 5327//6639 5245//6558 5329//6641
f 5325//6637 5227//6540 5255//6567
f 5325//6637 5255//6567 5277//6589
f 5212//6525 5263//6575 5266//6578
f 5212//6525 5266//6578 5284//6596
f 5290//6602 5291//6603 5315//6626
f 5323//6635 5280//6592 5233//6546
f 5323//6635 5233//6546 5326//6638
f 5267//6579 5219//6532 5235//6548
f 5267//6579 5235//6548 5322//6634
f 5320//6632 5310//6622 5302//6614
f 5220//6533 5268//6580 5292//6604
f 5220//6533 5292//6604 5237//6550
f 5299//6611 5328//6640 5288//6600
f 5299//6611 5288//6600 5287//6599
f 5327//6639 5309//6621 5260//6572
f 5327//6639 5260//6572 5259//6571
f 5292//6604 5291//6603 5290//6602
f 5292//6604 5290//6602 5289//6601
f 5324//6636 5216//6529 5215//6528
f 5324//6636 5215//6528 5328//6640
f 5277//6589 5255//6567 5252//6564
f 5277//6589 5252//6564 5278//6590
f 5280//6592 5235//6548 5236//6549
f 5280//6592 5236//6549 5281//6593
f 5232//6545 5330//6645 5283//6595
f 5232//6545 5283//6595 5229//6542
f 5323//6635 5320//6632 5319//6631
f 5323//6635 5319//6631 5322//6634
f 5331//6649 5305//6650 5304//6651
f 5331//6649 5304//6651 5332//6652
f 5277//6589 5276//6588 5307//6619
f 5277//6589 5307//6619 5325//6637
f 5297//6609 5260//6572 5309//6621
f 5315//6626 5302//6614 5333//6653
f 5315//6626 5333//6653 5334//6654
f 5334//6654 5333//6653 5303//6643
f 5334//6654 5303//6643 5313//6642
f 5317//6648 5332//6647 5335//6655
f 5317//6648 5335//6655 5336//6656
f 5336//6656 5335//6655 5298//6610
f 5336//6656 5298//6610 5297//6609
f 5313//6625 5312//6624 5337//6657
f 5313//6625 5337//6657 5334//6654
f 5334//6654 5337//6657 5300//6612
f 5334//6654 5300//6612 5315//6626
f 5312//6629 5317//6628 5336//6656
f 5312//6629 5336//6656 5337//6657
f 5337//6657 5336//6656 5297//6609
f 5337//6657 5297//6609 5300//6612
f 5302//6614 5295//6607 5338//6658
f 5302//6614 5338//6658 5333//6653
f 5333//6653 5338//6658 5304//6616
f 5333//6653 5304//6616 5303//6615
f 5332//6652 5304//6651 5338//6658
f 5332//6652 5338//6658 5335//6655
f 5335//6655 5338//6658 5295//6607
f 5335//6655 5295//6607 5298//6610
f 5316//6627 5319//6631 5302//6614
f 5316//6627 5302//6614 5315//6626
f 5339//6659 5340//6659 5341//6659
f 5341//6659 5342//6659 5343//6659
f 5343//6659 5344//6659 5339//6659
f 5341//6659 5343//6659 5339//6659
f 5345//6660 5346//6660 5347//6660
f 5347//6660 5178//6660 5348//6660
f 5348//6660 5349//6660 5345//6660
f 5347//6660 5348//6660 5345//6660
f 5314//6661 5306//6661 5305//6661
f 5305//6661 5350//6661 5351//6661
f 5351//6661 5352//6661 5314//6661
f 5305//6661 5351//6661 5314//6661
# Vertices: 398, normals: 408, texture coordinates: 0, faces: 684

o obj6
v 0.00959394 -0.00199326 0.00341348
v 0.00989394 -0.00229326 0.00341348
v 0.01125709 -0.00229326 0.00341348
v 0.01155709 -0.00199326 0.00341348
v 0.01155709 -0.0005965 0.00341348
v 0.01125709 -0.0002965 0.00341348
v 0.00989394 -0.0002965 0.00341348
v 0.00959394 -0.0005965 0.00341348
v -0.00533582 -0.00538795 0.00341348
v -0.00503582 -0.00568795 0.00341348
v -0.00355149 -0.00568795 0.00341348
v -0.00325149 -0.00538795 0.00341348
v -0.00325149 -0.00401202 0.00341348
v -0.00355149 -0.00371202 0.00341348
v -0.00503582 -0.00371202 0.00341348
v -0.00533582 -0.00401202 0.00341348
v -0.00064403 -0.0089989 0.00341348
v -0.00094403 -0.0086989 0.00341348
v -0.00240515 -0.0086989 0.00341348
v -0.00270515 -0.0089989 0.00341348
v -0.00270515 -0.01031433 0.00341348
v -0.00240515 -0.01061433 0.00341348
v -0.00094403 -0.01061433 0.00341348
v -0.00064403 -0.01031433 0.00341348
v 0.00908549 -0.00315145 0.00341348
v 0.00878549 -0.00285145 0.00341348
v 0.00731335 -0.00285145 0.00341348
v 0.00701335 -0.00315145 0.00341348
v 0.00701335 -0.00454725 0.00341348
v 0.00731335 -0.00484725 0.00341348
v 0.00878549 -0.00484725 0.00341348
v 0.00908549 -0.00454725 0.00341348
v -0.00533582 -0.00783979 0.00341348
v -0.00503582 -0.00813979 0.00341348
v -0.00355149 -0.00813979 0.00341348
v -0.00325149 -0.00783979 0.00341348
v -0.00325149 -0.00651815 0.00341348
v -0.00355149 -0.00621815 0.00341348
v -0.00503582 -0.00621815 0.00341348
v -0.00533582 -0.00651815 0.00341348
v -0.00781178 -0.00783979 0.00341348
v -0.00751178 -0.00813979 0.00341348
v -0.00613921 -0.00813979 0.00341348
v -0.00583921 -0.00783979 0.00341348
v -0.00583921 -0.00651815 0.00341348
v -0.00613921 -0.00621815 0.00341348
v -0.00751178 -0.00621815 0.00341348
v -0.00781178 -0.00651815 0.00341348
v -0.01030944 -0.00783979 0.00341348
v -0.01000944 -0.00813979 0.00341348
v -0.00859214 -0.00813979 0.00341348
v -0.00829214 -0.00783979 0.00341348
v -0.00829214 -0.00651815 0.00341348
v -0.00859214 -0.00621815 0.00341348
v -0.01000944 -0.00621815 0.00341348
v -0.01030944 -0.00651815 0.00341348
v -0.00240515 -0.00621815 0.00341348
v -0.00270515 -0.00651815 0.00341348
v -0.00270515 -0.00783979 0.00341348
v -0.00240515 -0.00813979 0.00341348
v -0.00094403 -0.00813979 0.00341348
v -0.00064403 -0.00783979 0.00341348
v -0.00064403 -0.00651815 0.00341348
v -0.00094403 -0.00621815 0.00341348
v -0.00240515 -0.00371202 0.00341348
v -0.00270515 -0.00401202 0.00341348
v -0.00270515 -0.00538795 0.00341348
v -0.00240515 -0.00568795 0.00341348
v -0.00094403 -0.00568795 0.00341348
v -0.00064403 -0.00538795 0.00341348
v -0.00064403 -0.00401202 0.00341348
v -0.00094403 -0.00371202 0.00341348
v -0.01030944 -0.00538795 0.00341348
v -0.01000944 -0.00568795 0.00341348
v -0.00859214 -0.00568795 0.00341348
v -0.00829214 -0.00538795 0.00341348
v -0.00829214 -0.00401202 0.00341348
v -0.00859214 -0.00371202 0.00341348
v -0.01000944 -0.00371202 0.00341348
v -0.01030944 -0.00401202 0.00341348
v -0.00781178 -0.00538795 0.00341348
v -0.00751178 -0.00568795 0.00341348
v -0.00613921 -0.00568795 0.00341348
v -0.00583921 -0.00538795 0.00341348
v -0.00583921 -0.00401202 0.00341348
v -0.00613921 -0.00371202 0.00341348
v -0.00751178 -0.00371202 0.00341348
v -0.00781178 -0.00401202 0.00341348
v -0.005336 -0.010314 0.00341348
v -0.00503582 -0.01061433 0.00341348
v -0.00355149 -0.01061433 0.00341348
v -0.00325149 -0.010314 0.00341348
v -0.00325149 -0.0089989 0.00341348
v -0.00355149 -0.0086989 0.00341348
v -0.00503582 -0.0086989 0.00341348
v -0.005336 -0.0089989 0.00341348
v -0.00829214 -0.0089989 0.00341348
v -0.00859214 -0.0086989 0.00341348
v -0.01000944 -0.0086989 0.00341348
v -0.01030944 -0.0089989 0.00341348
v -0.01030944 -0.01031433 0.00341348
v -0.01000944 -0.01061433 0.00341348
v -0.00859214 -0.01061433 0.00341348
v -0.00829214 -0.01031433 0.00341348
v -0.00751178 -0.01115446 0.00341348
v -0.00781178 -0.01145446 0.00341348
v -0.00781178 -0.01275748 0.00341348
v -0.00751178 -0.01305748 0.00341348
v -0.00613921 -0.01305748 0.00341348
v -0.00583921 -0.01275748 0.00341348
v -0.00583921 -0.01145446 0.00341348
v -0.00613921 -0.01115446 0.00341348
v -0.01030944 -0.01275748 0.00341348
v -0.01000944 -0.01305748 0.00341348
v -0.00859214 -0.01305748 0.00341348
v -0.00829214 -0.01275748 0.00341348
v -0.00829214 -0.01145446 0.00341348
v -0.00859214 -0.01115446 0.00341348
v -0.01000944 -0.01115446 0.00341348
v -0.01030944 -0.01145446 0.00341348
v -0.00270515 -0.00287837 0.00341348
v -0.00240515 -0.00317842 0.00341348
v -0.00094403 -0.00317866 0.00341348
v -0.00064403 -0.00287871 0.00341348
v -0.00064403 -0.00150762 0.00341348
v -0.00094403 -0.00120762 0.00341348
v -0.00240515 -0.00120762 0.00341348
v -0.00270515 -0.00150762 0.00341348
v -0.00503582 -0.00120762 0.00341348
v -0.00533582 -0.00150762 0.00341348
v -0.00533582 -0.0028783 0.00341348
v -0.00503582 -0.0031783 0.00341348
v -0.00355149 -0.0031783 0.00341348
v -0.00325149 -0.0028783 0.00341348
v -0.00325149 -0.00150762 0.00341348
v -0.00355149 -0.00120762 0.00341348
v 0.01155709 -0.00315145 0.00341348
v 0.01125709 -0.00285145 0.00341348
v 0.00989394 -0.00285145 0.00341348
v 0.00959394 -0.00315145 0.00341348
v 0.00959394 -0.00454725 0.00341348
v 0.00989394 -0.00484725 0.00341348
v 0.01125709 -0.00484725 0.00341348
v 0.01155709 -0.00454725 0.00341348
v 0.00878549 -0.00229326 0.00341348
v 0.00908549 -0.00199326 0.00341348
v 0.00908549 -0.0005965 0.00341348
v 0.00878549 -0.0002965 0.00341348
v 0.00731335 -0.0002965 0.00341348
v 0.00701335 -0.0005965 0.00341348
v 0.00701335 -0.00199326 0.00341348
v 0.00731335 -0.00229326 0.00341348
v -0.005839 -0.010314 0.00341348
v -0.00583921 -0.0089989 0.00341348
v -0.00613921 -0.0086989 0.00341348
v -0.00751178 -0.0086989 0.00341348
v -0.00781178 -0.0089989 0.00341348
v -0.00781178 -0.01031433 0.00341348
v -0.00751178 -0.01061433 0.00341348
v -0.00613921 -0.01061433 0.00341348
v 0.01125709 0.00229326 0.00341348
v 0.00989394 0.00229326 0.00341348
v 0.00959394 0.00199326 0.00341348
v 0.00959394 0.0005965 0.00341348
v 0.00989394 0.0002965 0.00341348
v 0.01125709 0.0002965 0.00341348
v 0.01155709 0.0005965 0.00341348
v 0.01155709 0.00199326 0.00341348
v -0.00355149 0.00568795 0.00341348
v -0.00503582 0.00568795 0.00341348
v -0.00533582 0.00538795 0.00341348
v -0.00533582 0.00401202 0.00341348
v -0.00503582 0.00371202 0.00341348
v -0.00355149 0.00371202 0.00341348
v -0.00325149 0.00401202 0.00341348
v -0.00325149 0.00538795 0.00341348
v -0.00240515 0.0086989 0.00341348
v -0.00094403 0.0086989 0.00341348
v -0.00064403 0.0089989 0.00341348
v -0.00064403 0.01031433 0.00341348
v -0.00094403 0.01061433 0.00341348
v -0.00240515 0.01061433 0.00341348
v -0.00270515 0.01031433 0.00341348
v -0.00270515 0.0089989 0.00341348
v 0.00731335 0.00285145 0.00341348
v 0.00878549 0.00285145 0.00341348
v 0.00908549 0.00315145 0.00341348
v 0.00908549 0.00454725 0.00341348
v 0.00878549 0.00484725 0.00341348
v 0.00731335 0.00484725 0.00341348
v 0.00701335 0.00454725 0.00341348
v 0.00701335 0.00315145 0.00341348
v -0.00355149 0.00813979 0.00341348
v -0.00503582 0.00813979 0.00341348
v -0.00533582 0.00783979 0.00341348
v -0.00533582 0.00651815 0.00341348
v -0.00503582 0.00621815 0.00341348
v -0.00355149 0.00621815 0.00341348
v -0.00325149 0.00651815 0.00341348
v -0.00325149 0.00783979 0.00341348
v -0.00613921 0.00813979 0.00341348
v -0.00751178 0.00813979 0.00341348
v -0.00781178 0.00783979 0.00341348
v -0.00781178 0.00651815 0.00341348
v -0.00751178 0.00621815 0.00341348
v -0.00613921 0.00621815 0.00341348
v -0.00583921 0.00651815 0.00341348
v -0.00583921 0.00783979 0.00341348
v -0.00859214 0.00813979 0.00341348
v -0.01000944 0.00813979 0.00341348
v -0.01030944 0.00783979 0.00341348
v -0.01030944 0.00651815 0.00341348
v -0.01000944 0.00621815 0.00341348
v -0.00859214 0.00621815 0.00341348
v -0.00829214 0.00651815 0.00341348
v -0.00829214 0.00783979 0.00341348
v -0.00270515 0.00783979 0.00341348
v -0.00270515 0.00651815 0.00341348
v -0.00240515 0.00621815 0.00341348
v -0.00094403 0.00621815 0.00341348
v -0.00064403 0.00651815 0.00341348
v -0.00064403 0.00783979 0.00341348
v -0.00094403 0.00813979 0.00341348
v -0.00240515 0.00813979 0.00341348
v -0.00270515 0.00538795 0.00341348
v -0.00270515 0.00401202 0.00341348
v -0.00240515 0.00371202 0.00341348
v -0.00094403 0.00371202 0.00341348
v -0.00064403 0.00401202 0.00341348
v -0.00064403 0.00538795 0.00341348
v -0.00094403 0.00568795 0.00341348
v -0.00240515 0.00568795 0.00341348
v -0.00859214 0.00568795 0.00341348
v -0.01000944 0.00568795 0.00341348
v -0.01030944 0.00538795 0.00341348
v -0.01030944 0.00401202 0.00341348
v -0.01000944 0.00371202 0.00341348
v -0.00859214 0.00371202 0.00341348
v -0.00829214 0.00401202 0.00341348
v -0.00829214 0.00538795 0.00341348
v -0.00613921 0.00568795 0.00341348
v -0.00751178 0.00568795 0.00341348
v -0.00781178 0.00538795 0.00341348
v -0.00781178 0.00401202 0.00341348
v -0.00751178 0.00371202 0.00341348
v -0.00613921 0.00371202 0.00341348
v -0.00583921 0.00401202 0.00341348
v -0.00583921 0.00538795 0.00341348
v -0.00355149 0.01061433 0.00341348
v -0.00503582 0.01061433 0.00341348
v -0.005336 0.010314 0.00341348
v -0.005336 0.0089989 0.00341348
v -0.00503582 0.0086989 0.00341348
v -0.00355149 0.0086989 0.00341348
v -0.00325149 0.0089989 0.00341348
v -0.00325149 0.010314 0.00341348
v -0.01000944 0.0086989 0.00341348
v -0.00859214 0.0086989 0.00341348
v -0.00829214 0.0089989 0.00341348
v -0.00829214 0.01031433 0.00341348
v -0.00859214 0.01061433 0.00341348
v -0.01000944 0.01061433 0.00341348
v -0.01030944 0.01031433 0.00341348
v -0.01030944 0.0089989 0.00341348
v -0.00781178 0.01275748 0.00341348
v -0.00781178 0.01145446 0.00341348
v -0.00751178 0.01115446 0.00341348
v -0.00613921 0.01115446 0.00341348
v -0.00583921 0.01145446 0.00341348
v -0.00583921 0.01275748 0.00341348
v -0.00613921 0.01305748 0.00341348
v -0.00751178 0.01305748 0.00341348
v -0.00859214 0.01305748 0.00341348
v -0.01000944 0.01305748 0.00341348
v -0.01030944 0.01275748 0.00341348
v -0.01030944 0.01145446 0.00341348
v -0.01000944 0.01115446 0.00341348
v -0.00859214 0.01115446 0.00341348
v -0.00829214 0.01145446 0.00341348
v -0.00829214 0.01275748 0.00341348
v -0.00094403 0.00317866 0.00341348
v -0.00240515 0.00317842 0.00341348
v -0.00270515 0.00287837 0.00341348
v -0.00270515 0.00150762 0.00341348
v -0.00240515 0.00120762 0.00341348
v -0.00094403 0.00120762 0.00341348
v -0.00064403 0.00150762 0.00341348
v -0.00064403 0.00287871 0.00341348
v -0.00533582 0.0028783 0.00341348
v -0.00533582 0.00150762 0.00341348
v -0.00503582 0.00120762 0.00341348
v -0.00355149 0.00120762 0.00341348
v -0.00325149 0.00150762 0.00341348
v -0.00325149 0.0028783 0.00341348
v -0.00355149 0.0031783 0.00341348
v -0.00503582 0.0031783 0.00341348
v 0.00989394 0.00285145 0.00341348
v 0.01125709 0.00285145 0.00341348
v 0.01155709 0.00315145 0.00341348
v 0.01155709 0.00454725 0.00341348
v 0.01125709 0.00484725 0.00341348
v 0.00989394 0.00484725 0.00341348
v 0.00959394 0.00454725 0.00341348
v 0.00959394 0.00315145 0.00341348
v 0.00908549 0.0005965 0.00341348
v 0.00908549 0.00199326 0.00341348
v 0.00878549 0.00229326 0.00341348
v 0.00731335 0.00229326 0.00341348
v 0.00701335 0.00199326 0.00341348
v 0.00701335 0.0005965 0.00341348
v 0.00731335 0.0002965 0.00341348
v 0.00878549 0.0002965 0.00341348
v -0.00613921 0.0086989 0.00341348
v -0.00583921 0.0089989 0.00341348
v -0.005839 0.010314 0.00341348
v -0.00613921 0.01061433 0.00341348
v -0.00751178 0.01061433 0.00341348
v -0.00781178 0.01031433 0.00341348
v -0.00781178 0.0089989 0.00341348
v -0.00751178 0.0086989 0.00341348
vn 0 0 1
vn 0 0 1
vn -0 0 1
vn 0 0 1
vn -0 0 1
vn 0 0 1
vn -0 0 1
vn -0 0 1
vn -0 0 1
vn -0 0 1
vn 0 0 1
vn 0 0 1
vn 0 0 1
vn 0 0 1
vn -0 0 1
vn -0 0 1
vn -0 0 1
vn -0 0 1
vn 0 0 1
vn 0 0 1
vn -0 0 1
usemtl mat5
f 5353//6662 5354//6662 5355//6662
f 5355//6662 5356//6662 5357//6662
f 5357//6662 5358//6662 5359//6662
f 5359//6662 5360//6662 5353//6662
f 5353//6662 5355//6662 5357//6662
f 5357//6662 5359//6662 5353//6662
f 5361//6663 5362//6663 5363//6663
f 5363//6663 5364//6663 5365//6663
f 5365//6663 5366//6663 5367//6663
f 5367//6663 5368//6663 5361//6663
f 5361//6663 5363//6663 5365//6663
f 5365//6663 5367//6663 5361//6663
f 5369//6663 5370//6663 5371//6663
f 5371//6663 5372//6663 5373//6663
f 5373//6663 5374//6663 5375//6663
f 5375//6663 5376//6663 5369//6663
f 5369//6663 5371//6663 5373//6663
f 5373//6663 5375//6663 5369//6663
f 5377//6663 5378//6663 5379//6663
f 5379//6663 5380//6663 5381//6663
f 5381//6663 5382//6663 5383//6663
f 5383//6663 5384//6663 5377//6663
f 5377//6663 5379//6663 5381//6663
f 5381//6663 5383//6663 5377//6663
f 5385//6663 5386//6663 5387//6663
f 5387//6663 5388//6663 5389//6663
f 5389//6663 5390//6663 5391//6663
f 5391//6663 5392//6663 5385//6663
f 5385//6663 5387//6663 5389//6663
f 5389//6663 5391//6663 5385//6663
f 5393//6663 5394//6663 5395//6663
f 5395//6663 5396//6663 5397//6663
f 5397//6663 5398//6663 5399//6663
f 5399//6663 5400//6663 5393//6663
f 5393//6663 5395//6663 5397//6663
f 5397//6663 5399//6663 5393//6663
f 5401//6663 5402//6663 5403//6663
f 5403//6663 5404//6663 5405//6663
f 5405//6663 5406//6663 5407//6663
f 5407//6663 5408//6663 5401//6663
f 5401//6663 5403//6663 5405//6663
f 5405//6663 5407//6663 5401//6663
f 5409//6664 5410//6664 5411//6664
f 5411//6664 5412//6664 5413//6664
f 5413//6664 5414//6664 5415//6664
f 5415//6664 5416//6664 5409//6664
f 5409//6664 5411//6664 5413//6664
f 5413//6664 5415//6664 5409//6664
f 5417//6663 5418//6663 5419//6663
f 5419//6663 5420//6663 5421//6663
f 5421//6663 5422//6663 5423//6663
f 5423//6663 5424//6663 5417//6663
f 5417//6663 5419//6663 5421//6663
f 5421//6663 5423//6663 5417//6663
f 5425//6663 5426//6663 5427//6663
f 5427//6663 5428//6663 5429//6663
f 5429//6663 5430//6663 5431//6663
f 5431//6663 5432//6663 5425//6663
f 5425//6663 5427//6663 5429//6663
f 5429//6663 5431//6663 5425//6663
f 5433//6662 5434//6662 5435//6662
f 5435//6662 5436//6662 5437//6662
f 5437//6662 5438//6662 5439//6662
f 5439//6662 5440//6662 5433//6662
f 5433//6662 5435//6662 5437//6662
f 5437//6662 5439//6662 5433//6662
f 5441//6663 5442//6663 5443//6663
f 5443//6663 5444//6663 5445//6663
f 5445//6663 5446//6663 5447//6663
f 5447//6663 5448//6663 5441//6663
f 5441//6663 5443//6663 5445//6663
f 5445//6663 5447//6663 5441//6663
f 5449//6662 5450//6662 5451//6662
f 5451//6662 5452//6662 5453//6662
f 5453//6662 5454//6662 5455//6662
f 5455//6662 5456//6662 5449//6662
f 5449//6662 5451//6662 5453//6662
f 5453//6662 5455//6662 5449//6662
f 5457//6665 5458//6665 5459//6665
f 5459//6665 5460//6665 5461//6665
f 5461//6665 5462//6665 5463//6665
f 5463//6665 5464//6665 5457//6665
f 5457//6665 5459//6665 5461//6665
f 5461//6665 5463//6665 5457//6665
f 5465//6663 5466//6663 5467//6663
f 5467//6663 5468//6663 5469//6663
f 5469//6663 5470//6663 5471//6663
f 5471//6663 5472//6663 5465//6663
f 5465//6663 5467//6663 5469//6663
f 5469//6663 5471//6663 5465//6663
f 5473//6663 5474//6663 5475//6663
f 5475//6663 5476//6663 5477//6663
f 5477//6663 5478//6663 5479//6663
f 5479//6663 5480//6663 5473//6663
f 5473//6663 5475//6663 5477//6663
f 5477//6663 5479//6663 5473//6663
f 5481//6666 5482//6666 5483//6666
f 5483//6666 5484//6666 5485//6666
f 5485//6666 5486//6666 5487//6666
f 5487//6666 5488//6666 5481//6666
f 5481//6666 5483//6666 5485//6666
f 5485//6666 5487//6666 5481//6666
f 5489//6663 5490//6663 5491//6663
f 5491//6663 5492//6663 5493//6663
f 5493//6663 5494//6663 5495//6663
f 5495//6663 5496//6663 5489//6663
f 5489//6663 5491//6663 5493//6663
f 5493//6663 5495//6663 5489//6663
f 5497//6667 5498//6667 5499//6667
f 5499//6667 5500//6667 5501//6667
f 5501//6667 5502//6667 5503//6667
f 5503//6667 5504//6667 5497//6667
f 5497//6667 5499//6667 5501//6667
f 5501//6667 5503//6667 5497//6667
f 5505//6668 5506//6668 5507//6668
f 5507//6668 5508//6668 5509//6668
f 5509//6668 5510//6668 5511//6668
f 5511//6668 5512//6668 5505//6668
f 5505//6668 5507//6668 5509//6668
f 5509//6668 5511//6668 5505//6668
f 5513//6669 5514//6669 5515//6669
f 5515//6669 5516//6669 5517//6669
f 5517//6669 5518//6669 5519//6669
f 5519//6669 5520//6669 5513//6669
f 5513//6669 5515//6669 5517//6669
f 5517//6669 5519//6669 5513//6669
f 5521//6670 5522//6670 5523//6670
f 5523//6670 5524//6670 5525//6670
f 5525//6670 5526//6670 5527//6670
f 5527//6670 5528//6670 5521//6670
f 5521//6670 5523//6670 5525//6670
f 5525//6670 5527//6670 5521//6670
f 5529//6671 5530//6671 5531//6671
f 5531//6671 5532//6671 5533//6671
f 5533//6671 5534//6671 5535//6671
f 5535//6671 5536//6671 5529//6671
f 5529//6671 5531//6671 5533//6671
f 5533//6671 5535//6671 5529//6671
f 5537//6672 5538//6672 5539//6672
f 5539//6672 5540//6672 5541//6672
f 5541//6672 5542//6672 5543//6672
f 5543//6672 5544//6672 5537//6672
f 5537//6672 5539//6672 5541//6672
f 5541//6672 5543//6672 5537//6672
f 5545//6673 5546//6673 5547//6673
f 5547//6673 5548//6673 5549//6673
f 5549//6673 5550//6673 5551//6673
f 5551//6673 5552//6673 5545//6673
f 5545//6673 5547//6673 5549//6673
f 5549//6673 5551//6673 5545//6673
f 5553//6674 5554//6674 5555//6674
f 5555//6674 5556//6674 5557//6674
f 5557//6674 5558//6674 5559//6674
f 5559//6674 5560//6674 5553//6674
f 5553//6674 5555//6674 5557//6674
f 5557//6674 5559//6674 5553//6674
f 5561//6675 5562//6675 5563//6675
f 5563//6675 5564//6675 5565//6675
f 5565//6675 5566//6675 5567//6675
f 5567//6675 5568//6675 5561//6675
f 5561//6675 5563//6675 5565//6675
f 5565//6675 5567//6675 5561//6675
f 5569//6663 5570//6663 5571//6663
f 5571//6663 5572//6663 5573//6663
f 5573//6663 5574//6663 5575//6663
f 5575//6663 5576//6663 5569//6663
f 5569//6663 5571//6663 5573//6663
f 5573//6663 5575//6663 5569//6663
f 5577//6663 5578//6663 5579//6663
f 5579//6663 5580//6663 5581//6663
f 5581//6663 5582//6663 5583//6663
f 5583//6663 5584//6663 5577//6663
f 5577//6663 5579//6663 5581//6663
f 5581//6663 5583//6663 5577//6663
f 5585//6676 5586//6676 5587//6676
f 5587//6676 5588//6676 5589//6676
f 5589//6676 5590//6676 5591//6676
f 5591//6676 5592//6676 5585//6676
f 5585//6676 5587//6676 5589//6676
f 5589//6676 5591//6676 5585//6676
f 5593//6677 5594//6677 5595//6677
f 5595//6677 5596//6677 5597//6677
f 5597//6677 5598//6677 5599//6677
f 5599//6677 5600//6677 5593//6677
f 5593//6677 5595//6677 5597//6677
f 5597//6677 5599//6677 5593//6677
f 5601//6678 5602//6678 5603//6678
f 5603//6678 5604//6678 5605//6678
f 5605//6678 5606//6678 5607//6678
f 5607//6678 5608//6678 5601//6678
f 5601//6678 5603//6678 5605//6678
f 5605//6678 5607//6678 5601//6678
f 5609//6679 5610//6679 5611//6679
f 5611//6679 5612//6679 5613//6679
f 5613//6679 5614//6679 5615//6679
f 5615//6679 5616//6679 5609//6679
f 5609//6679 5611//6679 5613//6679
f 5613//6679 5615//6679 5609//6679
f 5617//6662 5618//6662 5619//6662
f 5619//6662 5620//6662 5621//6662
f 5621//6662 5622//6662 5623//6662
f 5623//6662 5624//6662 5617//6662
f 5617//6662 5619//6662 5621//6662
f 5621//6662 5623//6662 5617//6662
f 5625//6680 5626//6680 5627//6680
f 5627//6680 5628//6680 5629//6680
f 5629//6680 5630//6680 5631//6680
f 5631//6680 5632//6680 5625//6680
f 5625//6680 5627//6680 5629//6680
f 5629//6680 5631//6680 5625//6680
f 5633//6663 5634//6663 5635//6663
f 5635//6663 5636//6663 5637//6663
f 5637//6663 5638//6663 5639//6663
f 5639//6663 5640//6663 5633//6663
f 5633//6663 5635//6663 5637//6663
f 5637//6663 5639//6663 5633//6663
f 5641//6663 5642//6663 5643//6663
f 5643//6663 5644//6663 5645//6663
f 5645//6663 5646//6663 5647//6663
f 5647//6663 5648//6663 5641//6663
f 5641//6663 5643//6663 5645//6663
f 5645//6663 5647//6663 5641//6663
f 5649//6681 5650//6681 5651//6681
f 5651//6681 5652//6681 5653//6681
f 5653//6681 5654//6681 5655//6681
f 5655//6681 5656//6681 5649//6681
f 5649//6681 5651//6681 5653//6681
f 5653//6681 5655//6681 5649//6681
f 5657//6663 5658//6663 5659//6663
f 5659//6663 5660//6663 5661//6663
f 5661//6663 5662//6663 5663//6663
f 5663//6663 5664//6663 5657//6663
f 5657//6663 5659//6663 5661//6663
f 5661//6663 5663//6663 5657//6663
f 5665//6682 5666//6682 5667//6682
f 5667//6682 5668//6682 5669//6682
f 5669//6682 5670//6682 5671//6682
f 5671//6682 5672//6682 5665//6682
f 5665//6682 5667//6682 5669//6682
f 5669//6682 5671//6682 5665//6682
# Vertices: 320, normals: 21, texture coordinates: 0, faces: 240

