# File generated by ImageToStl.com - Free Image and 3D model conversion tools

mtllib C86.mtl

o obj1
v -0.001 -0.0459565 0.0087
v -0.001 -0.04193312 0.00028652
v -0.001 -0.04185868 0.00056433
v -0.001 -0.04113319 -0.00142894
v -0.001 -0.04136879 -0.00126397
v -0.001 -0.0459565 -0.0087
v -0.001 -0.04157216 -0.0010606
v -0.001 -0.04173713 -0.000825
v -0.001 -0.04185868 -0.00056433
v -0.001 -0.04193312 -0.00028652
v -0.001 -0.04195819 -0
v -0.001 -0.03932658 0.0087
v -0.001 -0.04030819 0.00165
v -0.001 -0.04002167 0.00162493
v -0.001 -0.03974386 0.00155049
v -0.001 -0.03948319 0.00142894
v -0.001 -0.03932658 0.00132625
v -0.001 -0.04173713 0.000825
v -0.001 -0.04157216 0.0010606
v -0.001 -0.04136879 0.00126397
v -0.001 -0.04113319 0.00142894
v -0.001 -0.04087252 0.00155049
v -0.001 -0.04059471 0.00162493
v -0.001 -0.03932658 -0.00132625
v -0.001 -0.03948319 -0.00142894
v -0.001 -0.03932658 -0.0087
v -0.001 -0.03974386 -0.00155049
v -0.001 -0.04002167 -0.00162493
v -0.001 -0.04030819 -0.00165
v -0.001 -0.04059471 -0.00162493
v -0.001 -0.04087252 -0.00155049
v -0.001 0.03991748 0.00221582
v -0.001 0.03932658 0.0087
v -0.001 0.03953864 0.00211431
v -0.001 0.03932658 0.00202458
v -0.001 0.0459565 0.0087
v -0.001 0.04225675 0.001125
v -0.001 0.0424225 0.00076955
v -0.001 0.04252401 0.00039071
v -0.001 0.04255819 0
v -0.001 0.0459565 -0.0087
v -0.001 0.04252401 -0.00039071
v -0.001 0.0424225 -0.00076955
v -0.001 0.04143319 0.00194856
v -0.001 0.04175446 0.0017236
v -0.001 0.04203179 0.00144627
v -0.001 0.04225675 -0.001125
v -0.001 0.04203179 -0.00144627
v -0.001 0.04175446 -0.0017236
v -0.001 0.04030819 0.00225
v -0.001 0.0406989 0.00221582
v -0.001 0.04107773 0.00211431
v -0.001 0.04030819 -0.00225
v -0.001 0.03991748 -0.00221582
v -0.001 0.03932658 -0.0087
v -0.001 0.03953864 -0.00211431
v -0.001 0.03932658 -0.00202458
v -0.001 0.04143319 -0.00194856
v -0.001 0.04107773 -0.00211431
v -0.001 0.0406989 -0.00221582
v -0.01024575 0.0292579 0.008
v -0.01024575 0.0292579 0.0087
v -0.01271771 0.02827118 0.008
v -0.01332018 0.02799237 0.0087
v -0.01332018 0.02799237 0.008
v -0.01559381 0.02679241 0.008
v -0.01624141 0.02640486 0.0087
v -0.01624141 0.02640486 0.008
v -0.01830021 0.02502204 0.008
v -0.01897582 0.02451363 0.0087
v -0.01897582 0.02451363 0.008
v -0.02080744 0.02297935 0.008
v -0.02149197 0.02234044 0.0087
v -0.02149197 0.02234044 0.008
v -0.02308821 0.02068658 0.008
v -0.0237609 0.01991029 0.0087
v -0.0237609 0.01991029 0.008
v -0.02511771 0.01816867 0.008
v -0.02575654 0.01725111 0.0087
v -0.02575654 0.01725111 0.008
v -0.02687386 0.01545302 0.008
v -0.02745591 0.01439351 0.0087
v -0.02745591 0.01439351 0.008
v -0.02833752 0.0125692 0.008
v -0.02883947 0.01137035 0.0087
v -0.02883947 0.01137035 0.008
v -0.02949279 0.00954858 0.008
v -0.02989131 0.00821641 0.0087
v -0.02989131 0.00821641 0.008
v -0.03032708 0.00642405 0.008
v -0.03059934 0.00496795 0.0087
v -0.03059934 0.00496795 0.008
v -0.03083131 0.0032296 0.008
v -0.0309554 0.00166236 0.0087
v -0.0309554 0.00166236 0.008
v -0.031 -0 0.008
v -0.0309554 -0.00166236 0.0087
v -0.0309554 -0.00166236 0.008
v -0.03059934 -0.00496795 0.0087
v -0.03059934 -0.00496795 0.008
v -0.03083131 -0.0032296 0.008
v -0.02989131 -0.00821641 0.0087
v -0.02883947 -0.01137035 0.0087
v -0.02883947 -0.01137035 0.008
v -0.02949279 -0.00954858 0.008
v -0.02989131 -0.00821641 0.008
v -0.03032708 -0.00642405 0.008
v -0.02745591 -0.01439351 0.0087
v -0.02575654 -0.01725111 0.0087
v -0.02575654 -0.01725111 0.008
v -0.02687386 -0.01545302 0.008
v -0.02745591 -0.01439351 0.008
v -0.02833752 -0.0125692 0.008
v -0.0237609 -0.01991029 0.0087
v -0.02149197 -0.02234044 0.0087
v -0.02149197 -0.02234044 0.008
v -0.02308821 -0.02068658 0.008
v -0.0237609 -0.01991029 0.008
v -0.02511771 -0.01816867 0.008
v -0.01897582 -0.02451363 0.0087
v -0.01624141 -0.02640486 0.0087
v -0.01624141 -0.02640486 0.008
v -0.01830021 -0.02502204 0.008
v -0.01897582 -0.02451363 0.008
v -0.02080744 -0.02297935 0.008
v -0.01332018 -0.02799237 0.0087
v -0.01024575 -0.0292579 0.0087
v -0.01024575 -0.0292579 0.008
v -0.01271771 -0.02827118 0.008
v -0.01332018 -0.02799237 0.008
v -0.01559381 -0.02679241 0.008
v -0.01332018 0.02799237 -0.0087
v -0.01024575 0.0292579 -0.0087
v -0.01024575 0.0292579 -0.008
v -0.01271771 0.02827118 -0.008
v -0.01332018 0.02799237 -0.008
v -0.01624141 0.02640486 -0.0087
v -0.01559381 0.02679241 -0.008
v -0.01624141 0.02640486 -0.008
v -0.01897582 0.02451363 -0.0087
v -0.01830021 0.02502204 -0.008
v -0.01897582 0.02451363 -0.008
v -0.02149197 0.02234044 -0.0087
v -0.02080744 0.02297935 -0.008
v -0.02149197 0.02234044 -0.008
v -0.0237609 0.01991029 -0.0087
v -0.02308821 0.02068658 -0.008
v -0.0237609 0.01991029 -0.008
v -0.02575654 0.01725111 -0.0087
v -0.02511771 0.01816867 -0.008
v -0.02575654 0.01725111 -0.008
v -0.02745591 0.01439351 -0.0087
v -0.02687386 0.01545302 -0.008
v -0.02745591 0.01439351 -0.008
v -0.02883947 0.01137035 -0.0087
v -0.02833752 0.0125692 -0.008
v -0.02883947 0.01137035 -0.008
v -0.02989131 0.00821641 -0.0087
v -0.02949279 0.00954858 -0.008
v -0.02989131 0.00821641 -0.008
v -0.03059934 0.00496795 -0.0087
v -0.03032708 0.00642405 -0.008
v -0.03059934 0.00496795 -0.008
v -0.0309554 0.00166236 -0.0087
v -0.03083131 0.0032296 -0.008
v -0.0309554 0.00166236 -0.008
v -0.0309554 -0.00166236 -0.0087
v -0.031 -0 -0.008
v -0.0309554 -0.00166236 -0.008
v -0.03083131 -0.0032296 -0.008
v -0.03059934 -0.00496795 -0.0087
v -0.03059934 -0.00496795 -0.008
v -0.03032708 -0.00642405 -0.008
v -0.02989131 -0.00821641 -0.0087
v -0.02989131 -0.00821641 -0.008
v -0.02949279 -0.00954858 -0.008
v -0.02883947 -0.01137035 -0.0087
v -0.02883947 -0.01137035 -0.008
v -0.02833752 -0.0125692 -0.008
v -0.02745591 -0.01439351 -0.0087
v -0.02745591 -0.01439351 -0.008
v -0.02687386 -0.01545302 -0.008
v -0.02575654 -0.01725111 -0.0087
v -0.02575654 -0.01725111 -0.008
v -0.02511771 -0.01816867 -0.008
v -0.0237609 -0.01991029 -0.0087
v -0.0237609 -0.01991029 -0.008
v -0.02308821 -0.02068658 -0.008
v -0.02149197 -0.02234044 -0.0087
v -0.02149197 -0.02234044 -0.008
v -0.02080744 -0.02297935 -0.008
v -0.01897582 -0.02451363 -0.0087
v -0.01897582 -0.02451363 -0.008
v -0.01830021 -0.02502204 -0.008
v -0.01624141 -0.02640486 -0.0087
v -0.01624141 -0.02640486 -0.008
v -0.01559381 -0.02679241 -0.008
v -0.01332018 -0.02799237 -0.0087
v -0.01024575 -0.0292579 -0.008
v -0.01024575 -0.0292579 -0.0087
v -0.01271771 -0.02827118 -0.008
v -0.01332018 -0.02799237 -0.008
v -0.0087 -0.04440721 -0.009
v -0.0013 -0.04667065 -0.009
v -0.00130844 -0.04667882 -0.009
v -0.0013 -0.03932658 -0.009
v -0.0093798 -0.04240108 -0.009
v -0.00974095 -0.04200165 -0.009
v -0.00209081 -0.03741739 -0.009
v -0.01016225 -0.04166628 -0.009
v -0.00932808 -0.03018012 -0.009
v -0.00159428 0.03810081 -0.009
v -0.0093798 0.04240108 -0.009
v -0.00143215 0.03849223 -0.009
v -0.00908842 0.04285391 -0.009
v -0.00133324 0.0389042 -0.009
v -0.0013 0.03932658 -0.009
v -0.00887457 0.04334811 -0.009
v -0.00874393 0.04387052 -0.009
v -0.0013 0.0459565 -0.009
v -0.0087 0.04440721 -0.009
v -0.00932808 0.03018012 -0.009
v -0.01063248 0.04140389 -0.009
v -0.00209081 0.03741739 -0.009
v -0.01016225 0.04166628 -0.009
v -0.00181565 0.03773956 -0.009
v -0.00974095 0.04200165 -0.009
v -0.00726444 0.04613153 -0.009
v -0.00465483 0.04646743 -0.009
v -0.0087 0.04445222 -0.009
v -0.00131134 -0.04668159 -0.009
v -0.00427883 -0.04650357 -0.009
v -0.0087 -0.04445222 -0.009
v -0.00908842 -0.04285391 -0.009
v -0.00181565 -0.03773956 -0.009
v -0.00159428 -0.03810081 -0.009
v -0.00203043 0.04665584 -0.009
v -0.00191764 0.04665164 -0.009
v -0.00874393 -0.04387052 -0.009
v -0.00887457 -0.04334811 -0.009
v -0.00133324 -0.0389042 -0.009
v -0.00143215 -0.03849223 -0.009
v -0.00861669 0.04497787 -0.009
v -0.00851448 0.04522445 -0.009
v -0.00837493 0.045452 -0.009
v -0.00963378 0.02991703 -0.009
v -0.01493299 0.04000369 -0.009
v -0.01113913 0.04122147 -0.009
v -0.00867904 0.04471833 -0.009
v -0.00180698 0.04662936 -0.009
v -0.00170134 0.04658959 -0.009
v -0.00160347 0.04653336 -0.009
v -0.0013091 0.04606901 -0.009
v -0.00133617 0.04617859 -0.009
v -0.00138049 0.04628241 -0.009
v -0.00726444 -0.04613153 -0.009
v -0.00752405 -0.04606943 -0.009
v -0.00777074 -0.04596747 -0.009
v -0.00799842 -0.04582814 -0.009
v -0.00820149 -0.0456549 -0.009
v -0.00837493 -0.045452 -0.009
v -0.03125497 -0.00167845 -0.009
v -0.0427 -0 -0.009
v -0.03125497 0.00167845 -0.009
v -0.04251409 0.00398018 -0.009
v -0.03089546 0.00501603 -0.009
v -0.04195799 0.0079257 -0.009
v -0.03018058 0.00829592 -0.009
v -0.04103654 0.0118022 -0.009
v -0.02911856 0.01148039 -0.009
v -0.03975777 0.01557594 -0.009
v -0.02772161 0.0145328 -0.009
v -0.03813279 0.01921405 -0.009
v -0.02600579 0.01741806 -0.009
v -0.03617578 0.02268486 -0.009
v -0.02399085 0.02010296 -0.009
v -0.00799842 0.04582814 -0.009
v -0.00777074 0.04596747 -0.009
v -0.00752405 0.04606943 -0.009
v -0.00151591 0.04646212 -0.009
v -0.00144093 0.04637774 -0.009
v -0.00851448 -0.04522445 -0.009
v -0.00861669 -0.04497787 -0.009
v -0.00867904 -0.04471833 -0.009
v -0.02169995 -0.02255664 -0.009
v -0.03133653 -0.02900537 -0.009
v -0.02399085 -0.02010296 -0.009
v -0.03390377 -0.02595813 -0.009
v -0.02600579 -0.01741806 -0.009
v -0.03617578 -0.02268486 -0.009
v -0.02772161 -0.0145328 -0.009
v -0.03813279 -0.01921405 -0.009
v -0.02911856 -0.01148039 -0.009
v -0.03975777 -0.01557594 -0.009
v -0.03018058 -0.00829592 -0.009
v -0.04103654 -0.0118022 -0.009
v -0.03089546 -0.00501603 -0.009
v -0.04195799 -0.0079257 -0.009
v -0.04251409 -0.00398018 -0.009
v -0.0103449 -0.02954104 -0.009
v -0.01493299 -0.04000369 -0.009
v -0.01344909 -0.02826326 -0.009
v -0.01859683 -0.03843759 -0.009
v -0.01639858 -0.02666039 -0.009
v -0.02209873 -0.03653678 -0.009
v -0.01915946 -0.02475086 -0.009
v -0.0254082 -0.03431782 -0.009
v -0.02849643 -0.03180005 -0.009
v -0.01063248 -0.04140389 -0.009
v -0.01113913 -0.04122147 -0.009
v -0.00963378 -0.02991703 -0.009
v -0.00997526 -0.0297024 -0.009
v -0.00820149 0.0456549 -0.009
v -0.00997526 0.0297024 -0.009
v -0.0103449 0.02954104 -0.009
v -0.01859683 0.03843759 -0.009
v -0.01344909 0.02826326 -0.009
v -0.02209873 0.03653678 -0.009
v -0.01639858 0.02666039 -0.009
v -0.0254082 0.03431782 -0.009
v -0.01915946 0.02475086 -0.009
v -0.02849643 0.03180005 -0.009
v -0.02169995 0.02255664 -0.009
v -0.03133653 0.02900537 -0.009
v -0.03390377 0.02595813 -0.009
v -0.01016225 -0.04166628 0.009
v -0.00209081 -0.03741739 0.009
v -0.01063248 -0.04140389 0.009
v -0.00932808 -0.03018012 0.009
v -0.0013 -0.03932658 0.009
v -0.00887457 -0.04334811 0.009
v -0.00874393 -0.04387052 0.009
v -0.0013 0.03932658 0.009
v -0.0013 0.0459565 0.009
v -0.0087 0.04440721 0.009
v -0.00867904 0.04471833 0.009
v -0.0087 0.04445222 0.009
v -0.00752405 0.04606943 0.009
v -0.0013 -0.04667065 0.009
v -0.0087 -0.04440721 0.009
v -0.00130844 -0.04667882 0.009
v -0.00427883 -0.04650357 0.009
v -0.00131134 -0.04668159 0.009
v -0.00209081 0.03741739 0.009
v -0.00181565 0.03773956 0.009
v -0.00908842 0.04285391 0.009
v -0.00159428 0.03810081 0.009
v -0.01915946 0.02475086 0.009
v -0.01016225 0.04166628 0.009
v -0.02169995 0.02255664 0.009
v -0.02399085 0.02010296 0.009
v -0.00203043 0.04665584 0.009
v -0.00465483 0.04646743 0.009
v -0.00726444 0.04613153 0.009
v -0.00874393 0.04387052 0.009
v -0.00887457 0.04334811 0.009
v -0.00133324 0.0389042 0.009
v -0.00143215 0.03849223 0.009
v -0.00908842 -0.04285391 0.009
v -0.00133324 -0.0389042 0.009
v -0.00143215 -0.03849223 0.009
v -0.01639858 0.02666039 0.009
v -0.01344909 0.02826326 0.009
v -0.0103449 0.02954104 0.009
v -0.00963378 -0.02991703 0.009
v -0.01493299 -0.04000369 0.009
v -0.01113913 -0.04122147 0.009
v -0.00974095 -0.04200165 0.009
v -0.0093798 -0.04240108 0.009
v -0.00181565 -0.03773956 0.009
v -0.00159428 -0.03810081 0.009
v -0.00144093 0.04637774 0.009
v -0.00138049 0.04628241 0.009
v -0.0013091 0.04606901 0.009
v -0.00133617 0.04617859 0.009
v -0.00151591 0.04646212 0.009
v -0.00160347 0.04653336 0.009
v -0.00170134 0.04658959 0.009
v -0.00997526 -0.0297024 0.009
v -0.0103449 -0.02954104 0.009
v -0.01859683 -0.03843759 0.009
v -0.01344909 -0.02826326 0.009
v -0.02209873 -0.03653678 0.009
v -0.01639858 -0.02666039 0.009
v -0.0254082 -0.03431782 0.009
v -0.01915946 -0.02475086 0.009
v -0.02849643 -0.03180005 0.009
v -0.02169995 -0.02255664 0.009
v -0.03133653 -0.02900537 0.009
v -0.02399085 -0.02010296 0.009
v -0.00180698 0.04662936 0.009
v -0.00191764 0.04665164 0.009
v -0.0093798 0.04240108 0.009
v -0.00974095 0.04200165 0.009
v -0.00932808 0.03018012 0.009
v -0.02600579 0.01741806 0.009
v -0.01063248 0.04140389 0.009
v -0.01113913 0.04122147 0.009
v -0.00851448 0.04522445 0.009
v -0.00799842 0.04582814 0.009
v -0.00837493 0.045452 0.009
v -0.00820149 0.0456549 0.009
v -0.00777074 0.04596747 0.009
v -0.00861669 0.04497787 0.009
v -0.00997526 0.0297024 0.009
v -0.00963378 0.02991703 0.009
v -0.0087 -0.04445222 0.009
v -0.00726444 -0.04613153 0.009
v -0.00867904 -0.04471833 0.009
v -0.00861669 -0.04497787 0.009
v -0.00799842 -0.04582814 0.009
v -0.00777074 -0.04596747 0.009
v -0.00820149 -0.0456549 0.009
v -0.00837493 -0.045452 0.009
v -0.00851448 -0.04522445 0.009
v -0.00752405 -0.04606943 0.009
v -0.03125497 0.00167845 0.009
v -0.0427 0 0.009
v -0.03125497 -0.00167845 0.009
v -0.04251409 -0.00398018 0.009
v -0.03089546 -0.00501603 0.009
v -0.04195799 -0.0079257 0.009
v -0.03018058 -0.00829592 0.009
v -0.04103654 -0.0118022 0.009
v -0.02911856 -0.01148039 0.009
v -0.03975777 -0.01557594 0.009
v -0.02772161 -0.0145328 0.009
v -0.03813279 -0.01921405 0.009
v -0.02600579 -0.01741806 0.009
v -0.03617578 -0.02268486 0.009
v -0.03390377 -0.02595813 0.009
v -0.01493299 0.04000369 0.009
v -0.01859683 0.03843759 0.009
v -0.02209873 0.03653678 0.009
v -0.03133653 0.02900537 0.009
v -0.03390377 0.02595813 0.009
v -0.03617578 0.02268486 0.009
v -0.02772161 0.0145328 0.009
v -0.03813279 0.01921405 0.009
v -0.02911856 0.01148039 0.009
v -0.03975777 0.01557594 0.009
v -0.03018058 0.00829592 0.009
v -0.04103654 0.0118022 0.009
v -0.03089546 0.00501603 0.009
v -0.04195799 0.0079257 0.009
v -0.04251409 0.00398018 0.009
v -0.0254082 0.03431782 0.009
v -0.02849643 0.03180005 0.009
v -0.00945561 -0.02967566 0.00785432
v -0.00927839 -0.02981713 0.00777261
v -0.01093689 -0.03318565 0.00405858
v -0.00911595 -0.02996799 0.00767619
v -0.00803867 -0.03104527 0.00693087
v -0.00877212 -0.03382237 0.00405858
v -0.00742007 -0.03414448 0.00405858
v -0.01122117 -0.03309061 0.00405858
v -0.00983438 -0.02943754 0.00796319
v -0.00972222 -0.02949998 0.00793925
v -0.01093689 0.03318565 0.00405858
v -0.00911595 0.02996799 0.00767619
v -0.00927861 0.02981694 0.00777273
v -0.00983503 0.02943719 0.00796331
v -0.01122117 0.03309061 0.00405858
v -0.00972222 0.02949998 0.00793925
v -0.00945561 0.02967566 0.00785432
v -0.00803867 0.03104527 0.00693087
v -0.00877212 0.03382237 0.00405858
v -0.00697724 0.0321067 0.00614392
v -0.00742007 0.03414448 0.00405858
v -0.00569115 0.03339279 0.00512571
v -0.00627614 0.03437315 0.00405858
v -0.00442367 0.03466026 0.00405858
v -0.00697724 -0.0321067 0.00614392
v -0.00569115 -0.03339279 0.00512571
v -0.00627614 -0.03437315 0.00405858
v -0.00442367 -0.03466026 0.00405858
v -0.01003586 0.02934038 0.00799071
v -0.01361017 0.03218177 0.00405858
v -0.01433467 0.03186566 0.00405858
v -0.01592634 0.03110072 0.00405858
v -0.01757645 0.03019886 0.00405858
v -0.01815728 0.02985324 0.00405858
v -0.02029106 0.02844601 0.00405858
v -0.02062694 0.02820341 0.00405858
v -0.02231626 0.02688657 0.00405858
v -0.02345295 0.02590101 0.00405858
v -0.02422204 0.02518324 0.00405858
v -0.0259982 0.02334516 0.00405858
v -0.02602371 0.02331672 0.00405858
v -0.02763524 0.02138215 0.00405858
v -0.02831125 0.02047868 0.00405858
v -0.0291244 0.01930472 0.00405858
v -0.03029067 0.01741776 0.00405858
v -0.03045771 0.01712398 0.00405858
v -0.03162803 0.01485162 0.00405858
v -0.03194043 0.01416728 0.00405858
v -0.03262911 0.01249977 0.00405858
v -0.03324258 0.01076261 0.00405858
v -0.03345557 0.01008104 0.00405858
v -0.03410301 0.00760837 0.00405858
v -0.03418294 0.00724082 0.00405858
v -0.03456796 0.00509498 0.00405858
v -0.03475128 0.00364022 0.00405858
v -0.03484793 0.00255432 0.00405858
v -0.03494142 -0 0.00405858
v -0.031 -0 0.008
v -0.03484793 -0.00255432 0.00405858
v -0.03475128 -0.00364022 0.00405858
v -0.03456796 -0.00509498 0.00405858
v -0.03418294 -0.00724082 0.00405858
v -0.03410301 -0.00760837 0.00405858
v -0.03345557 -0.01008104 0.00405858
v -0.03324258 -0.01076261 0.00405858
v -0.03262911 -0.01249977 0.00405858
v -0.03194043 -0.01416728 0.00405858
v -0.03162803 -0.01485162 0.00405858
v -0.03045771 -0.01712398 0.00405858
v -0.03029067 -0.01741776 0.00405858
v -0.0291244 -0.01930472 0.00405858
v -0.02831125 -0.02047868 0.00405858
v -0.02763524 -0.02138215 0.00405858
v -0.02602371 -0.02331672 0.00405858
v -0.0259982 -0.02334516 0.00405858
v -0.02422204 -0.02518324 0.00405858
v -0.02345295 -0.02590101 0.00405858
v -0.02231626 -0.02688657 0.00405858
v -0.02062694 -0.02820341 0.00405858
v -0.02029106 -0.02844601 0.00405858
v -0.01815728 -0.02985324 0.00405858
v -0.01757645 -0.03019886 0.00405858
v -0.01592634 -0.03110072 0.00405858
v -0.01433467 -0.03186566 0.00405858
v -0.01361017 -0.03218177 0.00405858
v -0.01003552 -0.02934053 0.00799067
v -0.00435607 0.03472786 -0.00391716
v -0.00435607 0.03472786 0.00391716
v -0.00628666 0.03443077 -0.00391716
v -0.00628666 0.03443077 0.00391716
v -0.00791341 0.03409366 -0.00391716
v -0.00791341 0.03409366 0.00391716
v -0.00878683 0.03387908 -0.00391716
v -0.00878683 0.03387908 0.00391716
v -0.01123998 0.03314608 -0.00391716
v -0.01123998 0.03314608 0.00391716
v -0.0113864 0.03309607 -0.00391716
v -0.0113864 0.03309607 0.00391716
v -0.01363299 0.03223572 -0.00391716
v -0.01363299 0.03223572 0.00391716
v -0.01473803 0.03174572 -0.00391716
v -0.01473803 0.03174572 0.00391716
v -0.01595304 0.03115286 -0.00391716
v -0.01595304 0.03115286 0.00391716
v -0.01793257 0.030057 -0.00391716
v -0.01793257 0.030057 0.00391716
v -0.01818772 0.02990329 -0.00391716
v -0.01818772 0.02990329 0.00391716
v -0.02032508 0.0284937 -0.00391716
v -0.02032508 0.0284937 0.00391716
v -0.02093597 0.02804791 -0.00391716
v -0.02093597 0.02804791 0.00391716
v -0.02235367 0.02693164 -0.00391716
v -0.02235367 0.02693164 0.00391716
v -0.02371622 0.02573987 -0.00391716
v -0.02371622 0.02573987 0.00391716
v -0.02426265 0.02522546 -0.00391716
v -0.02426265 0.02522546 0.00391716
v -0.02604179 0.0233843 -0.00391716
v -0.02604179 0.0233843 0.00391716
v -0.02624369 0.02315748 -0.00391716
v -0.02624369 0.02315748 0.00391716
v -0.02768157 0.02141799 -0.00391716
v -0.02768157 0.02141799 0.00391716
v -0.02849144 0.02032826 -0.00391716
v -0.02849144 0.02032826 0.00391716
v -0.02917323 0.01933708 -0.00391716
v -0.02917323 0.01933708 0.00391716
v -0.0304355 0.01728236 -0.00391716
v -0.0304355 0.01728236 0.00391716
v -0.03050877 0.01715269 -0.00391716
v -0.03050877 0.01715269 0.00391716
v -0.03168106 0.01487651 -0.00391716
v -0.03168106 0.01487651 0.00391716
v -0.03205517 0.01405226 -0.00391716
v -0.03205517 0.01405226 0.00391716
v -0.03268381 0.01252073 -0.00391716
v -0.03268381 0.01252073 0.00391716
v -0.03333317 0.01067239 -0.00391716
v -0.03333317 0.01067239 0.00391716
v -0.03351166 0.01009795 -0.00391716
v -0.03351166 0.01009795 0.00391716
v -0.03416019 0.00762112 -0.00391716
v -0.03416019 0.00762112 0.00391716
v -0.03425588 0.00717876 -0.00391716
v -0.03425588 0.00717876 0.00391716
v -0.03462592 0.00510352 -0.00391716
v -0.03462592 0.00510352 0.00391716
v -0.03481347 0.00360861 -0.00391716
v -0.03481347 0.00360861 0.00391716
v -0.03490635 0.00255861 -0.00391716
v -0.03490635 0.00255861 0.00391716
v -0.035 0 -0.00391716
v -0.035 0 0.00391716
v -0.03490635 -0.00255861 -0.00391716
v -0.03490635 -0.00255861 0.00391716
v -0.03481347 -0.00360861 -0.00391716
v -0.03481347 -0.00360861 0.00391716
v -0.03462592 -0.00510352 -0.00391716
v -0.03462592 -0.00510352 0.00391716
v -0.03425588 -0.00717876 -0.00391716
v -0.03425588 -0.00717876 0.00391716
v -0.03416019 -0.00762112 -0.00391716
v -0.03416019 -0.00762112 0.00391716
v -0.03351166 -0.01009795 -0.00391716
v -0.03351166 -0.01009795 0.00391716
v -0.03333317 -0.01067239 -0.00391716
v -0.03333317 -0.01067239 0.00391716
v -0.03268381 -0.01252073 -0.00391716
v -0.03268381 -0.01252073 0.00391716
v -0.03205517 -0.01405226 -0.00391716
v -0.03205517 -0.01405226 0.00391716
v -0.03168106 -0.01487651 -0.00391716
v -0.03168106 -0.01487651 0.00391716
v -0.03050877 -0.01715269 -0.00391716
v -0.03050877 -0.01715269 0.00391716
v -0.0304355 -0.01728236 -0.00391716
v -0.0304355 -0.01728236 0.00391716
v -0.02917323 -0.01933708 -0.00391716
v -0.02917323 -0.01933708 0.00391716
v -0.02849144 -0.02032826 -0.00391716
v -0.02849144 -0.02032826 0.00391716
v -0.02768157 -0.02141799 -0.00391716
v -0.02768157 -0.02141799 0.00391716
v -0.02624369 -0.02315748 -0.00391716
v -0.02624369 -0.02315748 0.00391716
v -0.02604179 -0.0233843 -0.00391716
v -0.02604179 -0.0233843 0.00391716
v -0.02426265 -0.02522546 -0.00391716
v -0.02426265 -0.02522546 0.00391716
v -0.02371622 -0.02573987 -0.00391716
v -0.02371622 -0.02573987 0.00391716
v -0.02235367 -0.02693164 -0.00391716
v -0.02235367 -0.02693164 0.00391716
v -0.02093597 -0.02804791 -0.00391716
v -0.02093597 -0.02804791 0.00391716
v -0.02032508 -0.0284937 -0.00391716
v -0.02032508 -0.0284937 0.00391716
v -0.01818772 -0.02990329 -0.00391716
v -0.01818772 -0.02990329 0.00391716
v -0.01793257 -0.030057 -0.00391716
v -0.01793257 -0.030057 0.00391716
v -0.01595304 -0.03115286 -0.00391716
v -0.01595304 -0.03115286 0.00391716
v -0.01473803 -0.03174572 -0.00391716
v -0.01473803 -0.03174572 0.00391716
v -0.01363299 -0.03223572 -0.00391716
v -0.01363299 -0.03223572 0.00391716
v -0.0113864 -0.03309607 -0.00391716
v -0.0113864 -0.03309607 0.00391716
v -0.01123998 -0.03314608 -0.00391716
v -0.01123998 -0.03314608 0.00391716
v -0.00878683 -0.03387908 -0.00391716
v -0.00878683 -0.03387908 0.00391716
v -0.00791341 -0.03409366 -0.00391716
v -0.00791341 -0.03409366 0.00391716
v -0.00628666 -0.03443077 -0.00391716
v -0.00628666 -0.03443077 0.00391716
v -0.00435607 -0.03472786 -0.00391716
v -0.00435607 -0.03472786 0.00391716
v -0.00945561 0.02967566 -0.00785432
v -0.00927839 0.02981713 -0.00777261
v -0.01093689 0.03318565 -0.00405858
v -0.00911595 0.02996799 -0.00767619
v -0.00803867 0.03104527 -0.00693087
v -0.00877212 0.03382237 -0.00405858
v -0.00742007 0.03414448 -0.00405858
v -0.01122117 0.03309061 -0.00405858
v -0.00983438 0.02943754 -0.00796319
v -0.00972222 0.02949998 -0.00793925
v -0.01093689 -0.03318565 -0.00405858
v -0.00911595 -0.02996799 -0.00767619
v -0.00927861 -0.02981694 -0.00777273
v -0.00983503 -0.02943719 -0.00796331
v -0.01122117 -0.03309061 -0.00405858
v -0.00972222 -0.02949998 -0.00793925
v -0.00945561 -0.02967566 -0.00785432
v -0.00803867 -0.03104527 -0.00693087
v -0.00877212 -0.03382237 -0.00405858
v -0.00697724 -0.0321067 -0.00614392
v -0.00742007 -0.03414448 -0.00405858
v -0.00569115 -0.03339279 -0.00512571
v -0.00627614 -0.03437315 -0.00405858
v -0.00442367 -0.03466026 -0.00405858
v -0.00697724 0.0321067 -0.00614392
v -0.00569115 0.03339279 -0.00512571
v -0.00627614 0.03437315 -0.00405858
v -0.00442367 0.03466026 -0.00405858
v -0.01003586 -0.02934038 -0.00799071
v -0.01361017 -0.03218177 -0.00405858
v -0.01433467 -0.03186566 -0.00405858
v -0.01592634 -0.03110072 -0.00405858
v -0.01757645 -0.03019886 -0.00405858
v -0.01815728 -0.02985324 -0.00405858
v -0.02029106 -0.02844601 -0.00405858
v -0.02062694 -0.02820341 -0.00405858
v -0.02231626 -0.02688657 -0.00405858
v -0.02345295 -0.02590101 -0.00405858
v -0.02422204 -0.02518324 -0.00405858
v -0.0259982 -0.02334516 -0.00405858
v -0.02602371 -0.02331672 -0.00405858
v -0.02763524 -0.02138215 -0.00405858
v -0.02831125 -0.02047868 -0.00405858
v -0.0291244 -0.01930472 -0.00405858
v -0.03029067 -0.01741776 -0.00405858
v -0.03045771 -0.01712398 -0.00405858
v -0.03162803 -0.01485162 -0.00405858
v -0.03194043 -0.01416728 -0.00405858
v -0.03262911 -0.01249977 -0.00405858
v -0.03324258 -0.01076261 -0.00405858
v -0.03345557 -0.01008104 -0.00405858
v -0.03410301 -0.00760837 -0.00405858
v -0.03418294 -0.00724082 -0.00405858
v -0.03456796 -0.00509498 -0.00405858
v -0.03475128 -0.00364022 -0.00405858
v -0.03484793 -0.00255432 -0.00405858
v -0.03494142 -0 -0.00405858
v -0.031 -0 -0.008
v -0.03484793 0.00255432 -0.00405858
v -0.03475128 0.00364022 -0.00405858
v -0.03456796 0.00509498 -0.00405858
v -0.03418294 0.00724082 -0.00405858
v -0.03410301 0.00760837 -0.00405858
v -0.03345557 0.01008104 -0.00405858
v -0.03324258 0.01076261 -0.00405858
v -0.03262911 0.01249977 -0.00405858
v -0.03194043 0.01416728 -0.00405858
v -0.03162803 0.01485162 -0.00405858
v -0.03045771 0.01712398 -0.00405858
v -0.03029067 0.01741776 -0.00405858
v -0.0291244 0.01930472 -0.00405858
v -0.02831125 0.02047868 -0.00405858
v -0.02763524 0.02138215 -0.00405858
v -0.02602371 0.02331672 -0.00405858
v -0.0259982 0.02334516 -0.00405858
v -0.02422204 0.02518324 -0.00405858
v -0.02345295 0.02590101 -0.00405858
v -0.02231626 0.02688657 -0.00405858
v -0.02062694 0.02820341 -0.00405858
v -0.02029106 0.02844601 -0.00405858
v -0.01815728 0.02985324 -0.00405858
v -0.01757645 0.03019886 -0.00405858
v -0.01592634 0.03110072 -0.00405858
v -0.01433467 0.03186566 -0.00405858
v -0.01361017 0.03218177 -0.00405858
v -0.01003552 0.02934053 -0.00799067
v -0.00204348 -0.04695556 -0.0087
v -0.00204348 -0.04695556 0.0087
v -0.00430632 -0.0468023 -0.0087
v -0.00430632 -0.0468023 0.0087
v -0.00468473 -0.04676594 -0.0087
v -0.00468473 -0.04676594 0.0087
v -0.00731111 -0.04642788 0.0087
v -0.00731111 -0.04642788 -0.0087
v -0.009 -0.04445222 -0.0087
v -0.009 -0.04445222 0.0087
v -0.009 -0.04440721 -0.0087
v -0.009 -0.04440721 0.0087
v -0.01295268 0.04100278 -0.00393923
v -0.01121739 0.04151108 -0.00381484
v -0.01121739 0.04151108 -0.0087
v -0.01497498 0.04030819 -0.004
v -0.01503791 0.04028475 -0.0087
v -0.01503797 0.04028473 -0.00399993
v -0.01672612 0.03961359 -0.00393923
v -0.01872748 0.03870764 -0.0087
v -0.01823919 0.03894011 -0.00375877
v -0.02184247 0.03703926 -0.00230523
v -0.02149148 0.03724401 -0.00257115
v -0.02225399 0.03679348 -0.0087
v -0.0221701 0.03684409 -0.002
v -0.02061349 0.03773704 -0.00306418
v -0.01953158 0.03830819 -0.0034641
v -0.01873065 0.03870611 -0.00366515
v -0.02301254 0.03632386 0.00035374
v -0.02303726 0.03630819 0
v -0.02558671 0.03455894 0.0087
v -0.0226526 0.03654942 0.00136808
v -0.02281725 0.03644685 0.00104407
v -0.02294121 0.03636895 0.00069459
v -0.02301288 0.03632364 -0.00035131
v -0.02558671 0.03455894 -0.0087
v -0.02294121 0.03636895 -0.00069459
v -0.02281756 0.03644666 -0.00104337
v -0.0226526 0.03654942 -0.00136808
v -0.02246489 0.03666509 -0.00165161
v -0.02225779 0.03679118 -0.00190543
v -0.01953158 0.03830819 0.0034641
v -0.02225399 0.03679348 0.0087
v -0.01873065 0.03870611 0.00366515
v -0.01872748 0.03870764 0.0087
v -0.01823919 0.03894011 0.00375877
v -0.02061349 0.03773704 0.00306418
v -0.02149148 0.03724401 0.00257115
v -0.02184413 0.03703827 0.00230384
v -0.02216691 0.036846 0.00200332
v -0.02225399 0.03679348 0.00190966
v -0.02246561 0.03666465 0.00165064
v -0.01121739 0.04151108 0.0087
v -0.01121739 0.04151108 0.00381484
v -0.01295268 0.04100278 0.00393923
v -0.01503791 0.04028475 0.0087
v -0.01497073 0.04030977 0.004
v -0.01503791 0.04028475 0.00399993
v -0.01672612 0.03961359 0.00393923
v -0.01503797 -0.04028473 0.00164983
v -0.01497498 -0.04030819 0.00165
v -0.01503791 -0.04028475 0.0087
v -0.01417991 -0.04059471 0.00162493
v -0.01121739 -0.04151108 0.0087
v -0.01335803 -0.04087252 0.00155049
v -0.01253239 -0.04113319 0.00142894
v -0.01174767 -0.04136414 0.00126786
v -0.01121739 -0.04151108 0.0011294
v -0.01862367 -0.0387577 0.00056433
v -0.0185027 -0.03881559 0.00070332
v -0.01872748 -0.03870764 0.0087
v -0.01867897 -0.03873108 0.00048499
v -0.01836857 -0.03887925 0.000825
v -0.01801525 -0.03904422 0.0010606
v -0.01756778 -0.03924759 0.00126397
v -0.01703167 -0.03948319 0.00142894
v -0.0164142 -0.03974386 0.00155049
v -0.0157247 -0.04002167 0.00162493
v -0.0188 -0.03867247 -0.00021665
v -0.01882189 -0.03866182 -0.00010942
v -0.02225399 -0.03679348 -0.0087
v -0.01882935 -0.03865819 -0
v -0.01882597 -0.03865983 7.37E-05
v -0.01880869 -0.03866825 0.0001819
v -0.02225399 -0.03679348 0.0087
v -0.0187778 -0.03868325 0.00028652
v -0.01872748 -0.03870764 0.00040093
v -0.01756778 -0.03924759 -0.00126397
v -0.01801525 -0.03904422 -0.0010606
v -0.01872748 -0.03870764 -0.0087
v -0.01703167 -0.03948319 -0.00142894
v -0.01497353 -0.04030873 -0.00165
v -0.01503791 -0.04028475 -0.00164983
v -0.01503791 -0.04028475 -0.0087
v -0.0157247 -0.04002167 -0.00162493
v -0.0164142 -0.03974386 -0.00155049
v -0.01836857 -0.03887925 -0.000825
v -0.01850325 -0.03881533 -0.00070276
v -0.01862367 -0.0387577 -0.00056433
v -0.0186789 -0.03873111 -0.0004851
v -0.01872748 -0.03870764 -0.00040093
v -0.0187778 -0.03868325 -0.00028652
v -0.01121739 -0.04151108 -0.0087
v -0.01121739 -0.04151108 -0.0011294
v -0.01174767 -0.04136414 -0.00126786
v -0.01253239 -0.04113319 -0.00142894
v -0.01335803 -0.04087252 -0.00155049
v -0.01417991 -0.04059471 -0.00162493
v -0.02869665 0.03202347 -0.0087
v -0.02869665 0.03202347 0.0087
v -0.0315567 0.02920916 -0.0087
v -0.0315567 0.02920916 0.0087
v -0.03414197 0.02614051 -0.0087
v -0.03414197 0.02614051 0.0087
v -0.03642995 0.02284424 -0.0087
v -0.03642995 0.02284424 0.0087
v -0.03840071 0.01934905 -0.0087
v -0.03840071 0.01934905 0.0087
v -0.0400371 0.01568538 -0.0087
v -0.0400371 0.01568538 0.0087
v -0.04132486 0.01188512 -0.0087
v -0.04132486 0.01188512 0.0087
v -0.04225278 0.00798138 -0.0087
v -0.04225278 0.00798138 0.0087
v -0.04281279 0.00400814 -0.0087
v -0.04281279 0.00400814 0.0087
v -0.043 0 -0.0087
v -0.043 0 0.0087
v -0.04281279 -0.00400814 -0.0087
v -0.04281279 -0.00400814 0.0087
v -0.04225278 -0.00798138 -0.0087
v -0.04225278 -0.00798138 0.0087
v -0.04132486 -0.01188512 -0.0087
v -0.04132486 -0.01188512 0.0087
v -0.0400371 -0.01568538 -0.0087
v -0.0400371 -0.01568538 0.0087
v -0.03840071 -0.01934905 -0.0087
v -0.03840071 -0.01934905 0.0087
v -0.03642995 -0.02284424 -0.0087
v -0.03642995 -0.02284424 0.0087
v -0.03414197 -0.02614051 -0.0087
v -0.03414197 -0.02614051 0.0087
v -0.0315567 -0.02920916 -0.0087
v -0.0315567 -0.02920916 0.0087
v -0.02869665 -0.03202347 -0.0087
v -0.02869665 -0.03202347 0.0087
v -0.02558671 -0.03455894 -0.0087
v -0.02558671 -0.03455894 0.0087
v -0.009 0.04440721 -0.0087
v -0.009 0.04440721 0.0087
v -0.009 0.04445222 -0.0087
v -0.009 0.04445222 0.0087
v -0.00731111 0.04642788 -0.0087
v -0.00731111 0.04642788 0.0087
v -0.00468473 0.04676594 0.0087
v -0.00468473 0.04676594 -0.0087
v -0.00204348 0.04695556 0.0087
v -0.00204348 0.04695556 -0.0087
v -0.00437113 -0.03471281 0.00398826
v -0.00438079 -0.03470315 0.00400725
v -0.00187868 -0.03720526 0.0087
v -0.00436741 -0.03471653 -0.0039791
v -0.00436348 -0.03472046 -0.00396745
v -0.00187868 -0.03720526 -0.0087
v -0.00436741 -0.03471653 0.0039791
v -0.0043973 -0.03468664 0.00403126
v -0.00440025 -0.03468369 0.00403485
v -0.00911595 -0.02996799 -0.0087
v -0.00440139 -0.03468255 -0.0040362
v -0.00438312 -0.03470082 -0.00401114
v -0.00438125 -0.03470269 -0.00400803
v -0.00437198 -0.03471196 -0.00399016
v -0.00911595 -0.02996799 0.0087
v -0.00435879 -0.03472514 -0.0039478
v -0.00435643 -0.0347275 -0.00392835
v -0.00435627 -0.03472767 -0.00392532
v -0.00435729 -0.03472665 0.00393769
v -0.00435892 -0.03472502 0.00394851
v -0.00436088 -0.03472305 0.00395781
v -0.00436289 -0.03472105 0.00396543
v -0.00437113 0.03471281 -0.00398826
v -0.00438079 0.03470315 -0.00400725
v -0.00187868 0.03720526 -0.0087
v -0.00436741 0.03471653 0.0039791
v -0.00436348 0.03472046 0.00396745
v -0.00187868 0.03720526 0.0087
v -0.00436741 0.03471653 -0.0039791
v -0.0043973 0.03468664 -0.00403126
v -0.00440025 0.03468369 -0.00403485
v -0.00911595 0.02996799 0.0087
v -0.00440139 0.03468255 0.0040362
v -0.00438312 0.03470082 0.00401114
v -0.00438125 0.03470269 0.00400803
v -0.00437198 0.03471196 0.00399016
v -0.00911595 0.02996799 -0.0087
v -0.00435879 0.03472514 0.0039478
v -0.00435643 0.0347275 0.00392835
v -0.00435627 0.03472767 0.00392532
v -0.00435729 0.03472665 -0.00393769
v -0.00435892 0.03472502 -0.00394851
v -0.00436088 0.03472305 -0.00395781
v -0.00436289 0.03472105 -0.00396543
v -0.00101597 0.03901748 -0.00184298
v -0.0010362 0.03886192 -0.0017236
v -0.00103694 0.03885727 -0.0087
v -0.00109321 0.03858459 -0.00144627
v -0.00114683 0.03839953 -0.00119143
v -0.00114683 0.03839953 -0.0087
v -0.00103694 0.03885727 0.0087
v -0.00103694 0.03885727 0.0017197
v -0.0010362 0.03886191 0.00172359
v -0.00100343 0.03918319 0.00194856
v -0.00101598 0.03901737 0.0018429
v -0.00106306 0.03871469 0.00158848
v -0.00114683 0.03839953 0.0087
v -0.00109321 0.03858459 0.00144627
v -0.00127737 0.03806671 -0.00019563
v -0.00128133 0.03805819 0
v -0.00132698 0.03796461 -0.0087
v -0.00126564 0.03809237 -0.00039071
v -0.00119267 0.03826881 -0.00095049
v -0.00122205 0.03819388 -0.00076955
v -0.00124674 0.03813512 -0.00058334
v -0.00116009 0.03835966 -0.00112505
v -0.00127738 0.03806669 0.00019538
v -0.00132698 0.03796461 0.0087
v -0.00126564 0.03809237 0.00039071
v -0.00124677 0.03813505 0.00058308
v -0.00122205 0.03819388 0.00076955
v -0.00119268 0.03826877 0.0009504
v -0.0011601 0.03835963 0.001125
v -0.00106312 0.0387144 -0.00158819
v -0.00100343 0.03918319 -0.00194856
v -0.00157295 0.03756322 0.0087
v -0.00157295 0.03756322 -0.0087
v -0.00945561 0.02967566 0.0087
v -0.00983503 0.02943719 0.0087
v -0.00983503 0.02943719 -0.0087
v -0.00945561 0.02967566 -0.0087
v -0.00103354 -0.03887925 -0.000825
v -0.00102289 -0.03895668 -0.00094653
v -0.00103694 -0.03885727 -0.0087
v -0.00101332 -0.03904422 -0.0010606
v -0.00100104 -0.03924759 -0.00126397
v -0.00100572 -0.03914133 -0.0011666
v -0.00103694 -0.03885727 0.0087
v -0.00103354 -0.03887925 0.000825
v -0.00114683 -0.03839953 0.0087
v -0.00105443 -0.0387577 0.00056433
v -0.00107397 -0.03866449 0.00014407
v -0.00107541 -0.03865819 -0
v -0.00106313 -0.03871438 0.00042695
v -0.00106979 -0.03868325 0.00028652
v -0.00107398 -0.03866448 -0.0001439
v -0.00114683 -0.03839953 -0.0087
v -0.00106979 -0.03868325 -0.00028652
v -0.00106313 -0.0387144 -0.000427
v -0.00105443 -0.0387577 -0.00056433
v -0.00103694 -0.03885727 -0.00078572
v -0.00100571 -0.03914154 0.00116681
v -0.00101332 -0.03904422 0.0010606
v -0.00102292 -0.03895641 0.00094615
v -0.00100104 -0.03924756 0.00126395
v -0.00132698 -0.03796461 -0.0087
v -0.00132698 -0.03796461 0.0087
v -0.00157295 -0.03756322 -0.0087
v -0.00157295 -0.03756322 0.0087
v -0.00983503 -0.02943719 0.0087
v -0.00945561 -0.02967566 0.0087
v -0.00945561 -0.02967566 -0.0087
v -0.00983503 -0.02943719 -0.0087
v -0.006 0.03809237 -0.00039071
v -0.006 0.03886192 -0.0017236
v -0.006 0.03918319 -0.00194856
v -0.006 0.03858459 -0.00144627
v -0.006 0.03835963 -0.001125
v -0.006 0.03819388 -0.00076955
v -0.006 0.03805819 0
v -0.006 0.03809237 0.00039071
v -0.006 0.03819388 0.00076955
v -0.006 0.03835963 0.001125
v -0.006 0.03858459 0.00144627
v -0.006 0.03886192 0.0017236
v -0.006 0.03918319 0.00194856
v -0.006 0.03953864 0.00211431
v -0.006 0.03953864 -0.00211431
v -0.006 0.03991748 -0.00221582
v -0.006 0.04030819 -0.00225
v -0.006 0.0406989 -0.00221582
v -0.006 0.04107773 -0.00211431
v -0.006 0.04143319 -0.00194856
v -0.006 0.04175446 -0.0017236
v -0.006 0.04203179 -0.00144627
v -0.006 0.04225675 -0.001125
v -0.006 0.0424225 -0.00076955
v -0.006 0.04252401 -0.00039071
v -0.006 0.04255819 0
v -0.006 0.04252401 0.00039071
v -0.006 0.0424225 0.00076955
v -0.006 0.04225675 0.001125
v -0.006 0.04203179 0.00144627
v -0.006 0.04175446 0.0017236
v -0.006 0.04143319 0.00194856
v -0.006 0.04107773 0.00211431
v -0.006 0.0406989 0.00221582
v -0.006 0.04030819 0.00225
v -0.006 0.03991748 0.00221582
v -0.006 0.03894011 -0.00375877
v -0.006 0.03961359 -0.00393923
v -0.00935098 0.04299912 -0.00295954
v -0.00941821 0.04287934 -0.00306418
v -0.006 0.04287934 -0.00306418
v -0.006 0.04167627 -0.00375877
v -0.01012977 0.04206152 -0.00359525
v -0.01032932 0.04191545 -0.00366288
v -0.01053701 0.04178811 -0.00371616
v -0.01075824 0.04167627 -0.00375877
v -0.006 0.04100278 -0.00393923
v -0.01098394 0.04158451 -0.00379091
v -0.006 0.04230819 -0.0034641
v -0.009618 0.04258345 -0.00328986
v -0.00985661 0.04230819 -0.0034641
v -0.00994632 0.04222034 -0.00351336
v -0.006 0.04377229 -0.002
v -0.00906796 0.04377229 -0.002
v -0.006 0.04337237 -0.00257115
v -0.00910597 0.04361688 -0.00224779
v -0.00915744 0.04344812 -0.00247807
v -0.00918413 0.04337237 -0.00257115
v -0.00925911 0.04318757 -0.00277654
v -0.006 0.04406696 -0.00136808
v -0.006 0.04424742 -0.00069459
v -0.00900426 0.04424742 -0.00069459
v -0.00900922 0.04417216 -0.00103429
v -0.00901936 0.04406696 -0.00136808
v -0.00903994 0.04391931 -0.00172041
v -0.006 0.04424742 0.00069459
v -0.00900218 0.04429286 0.00034986
v -0.006 0.04430819 0
v -0.00900164 0.04430819 0
v -0.00900218 0.04429283 -0.00035023
v -0.006 0.04406696 0.00136808
v -0.00900922 0.04417224 0.00103397
v -0.00900426 0.04424742 0.00069459
v -0.006 0.04377229 0.002
v -0.00903994 0.04391931 0.00172041
v -0.00901936 0.04406696 0.00136808
v -0.00918435 0.04337176 0.00257187
v -0.0091587 0.0434444 0.00248278
v -0.006 0.04337237 0.00257115
v -0.00910608 0.04361648 0.00224838
v -0.00906803 0.04377195 0.00200058
v -0.00925851 0.04318891 0.00277514
v -0.006 0.04287934 0.00306418
v -0.00935311 0.04299513 0.00296317
v -0.006 0.04230819 0.0034641
v -0.009618 0.04258345 0.00328986
v -0.00941821 0.04287934 0.00306418
v -0.01032932 0.04191545 0.00366288
v -0.006 0.04167627 0.00375877
v -0.01053811 0.0417875 0.0037164
v -0.0107568 0.04167692 0.00375853
v -0.0101294 0.04206181 0.00359511
v -0.00994528 0.04222132 0.00351283
v -0.00985661 0.04230819 0.0034641
v -0.01098323 0.04158476 0.00379082
v -0.006 0.04100278 0.00393923
v -0.006 0.04030819 0.004
v -0.006 0.03961359 0.00393923
v -0.006 0.03894011 0.00375877
v -0.006 0.03830819 0.0034641
v -0.006 0.03773704 0.00306418
v -0.006 0.03724401 0.00257115
v -0.006 0.03684409 0.002
v -0.006 0.03654942 0.00136808
v -0.006 0.03636895 0.00069459
v -0.006 0.03630819 0
v -0.006 0.03636895 -0.00069459
v -0.006 0.03654942 -0.00136808
v -0.006 0.03684409 -0.002
v -0.006 0.03724401 -0.00257115
v -0.006 0.03773704 -0.00306418
v -0.006 0.03830819 -0.0034641
v -0.006 0.04030819 -0.004
v -0.01027634 -0.04195181 0.00014498
v -0.01030327 -0.04193312 0.00028652
v -0.01036881 -0.04188943 0.00047137
v -0.01041728 -0.04185868 0.00056433
v -0.01101892 -0.04157216 0.0010606
v -0.0108835 -0.04162271 0.00099727
v -0.0105152 -0.04180042 0.0007041
v -0.01063227 -0.04173713 0.000825
v -0.0107568 -0.04167692 0.00092145
v -0.01032932 -0.04191545 0.00037308
v -0.01026728 -0.04195819 0
v -0.01027639 -0.04195177 -0.00014542
v -0.01030327 -0.04193312 -0.00028652
v -0.01032932 -0.04191545 -0.00037308
v -0.01036896 -0.04188932 -0.0004717
v -0.01051539 -0.04180031 -0.00070433
v -0.01041728 -0.04185868 -0.00056433
v -0.01101892 -0.04157216 -0.0010606
v -0.01088416 -0.04162244 -0.00099761
v -0.0107568 -0.04167692 -0.00092145
v -0.01063227 -0.04173713 -0.000825
v -0.00897535 0.04476529 0.0087
v -0.00897535 0.04476529 -0.0087
v -0.00890199 0.04507063 0.0087
v -0.00890199 0.04507063 -0.0087
v -0.00878174 0.04536073 0.0087
v -0.00878174 0.04536073 -0.0087
v -0.00861757 0.04562843 0.0087
v -0.00861757 0.04562843 -0.0087
v -0.00841351 0.04586713 0.0087
v -0.00841351 0.04586713 -0.0087
v -0.00817461 0.04607095 0.0087
v -0.00817461 0.04607095 -0.0087
v -0.00790675 0.04623486 0.0087
v -0.00790675 0.04623486 -0.0087
v -0.00761653 0.04635482 0.0087
v -0.00761653 0.04635482 -0.0087
v -0.00761653 -0.04635482 0.0087
v -0.00761653 -0.04635482 -0.0087
v -0.00790675 -0.04623486 0.0087
v -0.00790675 -0.04623486 -0.0087
v -0.00817461 -0.04607095 0.0087
v -0.00817461 -0.04607095 -0.0087
v -0.00841351 -0.04586713 0.0087
v -0.00841351 -0.04586713 -0.0087
v -0.00861757 -0.04562843 0.0087
v -0.00861757 -0.04562843 -0.0087
v -0.00878174 -0.04536073 0.0087
v -0.00878174 -0.04536073 -0.0087
v -0.00890199 -0.04507063 0.0087
v -0.00890199 -0.04507063 -0.0087
v -0.00897535 -0.04476529 0.0087
v -0.00897535 -0.04476529 -0.0087
v -0.0107568 -0.04167692 -0.0087
v -0.01032932 -0.04191545 -0.0087
v -0.00994632 -0.04222034 -0.0087
v -0.01032932 -0.04191545 0.0087
v -0.00994632 -0.04222034 0.0087
v -0.0107568 -0.04167692 0.0087
v -0.00903994 -0.04391931 -0.0087
v -0.00903994 -0.04391931 0.0087
v -0.0091587 -0.0434444 -0.0087
v -0.0091587 -0.0434444 0.0087
v -0.00935311 -0.04299513 -0.0087
v -0.00935311 -0.04299513 0.0087
v -0.009618 -0.04258345 -0.0087
v -0.009618 -0.04258345 0.0087
v -0.0091587 0.0434444 -0.0087
v -0.00903994 0.04391931 -0.0087
v -0.0107568 0.04167692 0.0087
v -0.01032932 0.04191545 0.0087
v -0.00994632 0.04222034 0.0087
v -0.009618 0.04258345 0.0087
v -0.00935311 0.04299513 0.0087
v -0.0091587 0.0434444 0.0087
v -0.00903994 0.04391931 0.0087
v -0.00935311 0.04299513 -0.0087
v -0.009618 0.04258345 -0.0087
v -0.00994632 0.04222034 -0.0087
v -0.01032932 0.04191545 -0.0087
v -0.0107568 0.04167692 -0.0087
v -0.00188234 0.04694955 0.0087
v -0.00188234 0.04694955 -0.0087
v -0.00172425 0.04691773 0.0087
v -0.00172425 0.04691773 -0.0087
v -0.00157334 0.04686091 0.0087
v -0.00157334 0.04686091 -0.0087
v -0.00143352 0.04678058 0.0087
v -0.00143352 0.04678058 -0.0087
v -0.00130844 0.04667882 0.0087
v -0.00130844 0.04667882 -0.0087
v -0.00120133 0.04655827 0.0087
v -0.00120133 0.04655827 -0.0087
v -0.00111499 0.04642208 0.0087
v -0.00111499 0.04642208 -0.0087
v -0.00105167 0.04627378 0.0087
v -0.00105167 0.04627378 -0.0087
v -0.001013 0.04611723 0.0087
v -0.001013 0.04611723 -0.0087
v -0.00120133 -0.04655827 -0.00890133
v -0.00115541 -0.04649192 -0.00885541
v -0.00105167 -0.04627378 -0.00875167
v -0.00108034 -0.04634921 -0.00878034
v -0.00111499 -0.04642208 -0.00881499
v -0.00100326 -0.04603713 -0.00870326
v -0.001013 -0.04611723 -0.008713
v -0.00102917 -0.04619629 -0.00872917
v -0.00172425 -0.04691773 -0.0087506
v -0.00180192 -0.04693669 -0.00872874
v -0.0016763 -0.04682 -0.00885
v -0.00188234 -0.04694955 -0.00871273
v -0.00196229 -0.04695579 -0.00870323
v -0.00150057 -0.04682286 -0.0088531
v -0.00157334 -0.04686091 -0.00881268
v -0.00164688 -0.04689208 -0.00877901
v -0.00143352 -0.04678058 -0.00889746
v -0.0427 0 -0.009
v -0.0015006 -0.04682288 0.00885309
v -0.0016763 -0.04682 0.00885
v -0.00157334 -0.04686091 0.00881268
v -0.00164678 -0.04689204 0.00877905
v -0.00143352 -0.04678058 0.00889746
v -0.00188234 -0.04694955 0.00871273
v -0.00180225 -0.04693675 0.00872866
v -0.00172425 -0.04691773 0.0087506
v -0.00196221 -0.04695579 0.00870323
v -0.00120133 -0.04655827 0.00890133
v -0.00115541 -0.04649192 0.00885541
v -0.00111499 -0.04642208 0.00881499
v -0.00108034 -0.04634921 0.00878034
v -0.00105167 -0.04627378 0.00875167
v -0.00102917 -0.04619629 0.00872917
v -0.001013 -0.04611723 0.008713
v -0.00100326 -0.04603713 0.00870326
v -0.043 0 0.0087
v -0.0427 0 0.009
v -0.01595192 0.03115067 0.00394844
v -0.01363203 0.03223345 0.00394844
v -0.01362917 0.0322267 0.00397896
v -0.03268151 -0.01251985 0.00394844
v -0.0335093 -0.01009723 0.00394844
v -0.03350229 -0.01009512 0.00397896
v -0.01818644 0.02990119 0.00394844
v -0.02426094 0.02522369 0.00394844
v -0.02917118 0.01933572 0.00394844
v -0.03050663 0.01715149 0.00394844
v -0.0335093 0.01009723 0.00394844
v -0.035 0 0.00391716
v -0.0349039 0.00255843 0.00394844
v -0.03167883 -0.01487547 0.00394844
v -0.02767963 -0.02141649 0.00394844
v -0.02603996 -0.02338265 0.00394844
v -0.02032365 -0.0284917 0.00394844
v -0.01363203 -0.03223345 0.00394844
v -0.01123919 -0.03314375 0.00394844
v -0.00628622 -0.03442835 0.00394844
v -0.0062849 -0.03442114 0.00397896
v -0.00628274 -0.03440933 0.00400796
v -0.00627973 0.03439284 0.0040352
v -0.00628274 0.03440933 0.00400796
v -0.0062849 0.03442114 0.00397896
v -0.00628622 0.03442835 0.00394844
v -0.01595192 -0.03115067 0.00394844
v -0.0223521 -0.02692975 0.00394844
v -0.02917118 -0.01933572 0.00394844
v -0.03415779 -0.00762059 0.00394844
v -0.03462348 -0.00510316 0.00394844
v -0.03462348 0.00510316 0.00394844
v -0.03268151 0.01251985 0.00394844
v -0.02767963 0.02141649 0.00394844
v -0.0223521 0.02692975 0.00394844
v -0.00878621 0.03387669 0.00394844
v -0.03413891 -0.00761638 0.00400796
v -0.03415063 -0.00761899 0.00397896
v -0.03499021 0 0.00397896
v -0.03489659 -0.00255789 0.00397896
v -0.0349039 -0.00255843 0.00394844
v -0.01123298 0.03312544 0.00400796
v -0.01123684 0.03313681 0.00397896
v -0.01123919 0.03314375 0.00394844
v -0.00877724 -0.0338421 0.00403471
v -0.00878136 -0.03385797 0.00400796
v -0.00878437 -0.0338696 0.00397896
v -0.00878621 -0.03387669 0.00394844
v -0.0136245 -0.03221564 0.00400796
v -0.01123298 -0.03312544 0.00400796
v -0.01123684 -0.03313681 0.00397896
v -0.03458813 -0.00509795 0.00403471
v -0.03460435 -0.00510034 0.00400796
v -0.03461623 -0.00510209 0.00397896
v -0.03488461 -0.00255701 0.00400796
v -0.0349782 0 0.00400796
v -0.03488461 0.00255701 0.00400796
v -0.00877724 0.0338421 0.00403471
v -0.00878136 0.03385797 0.00400796
v -0.00878437 0.0338696 0.00397896
v -0.01122772 -0.03310991 0.00403471
v -0.01361811 -0.03220054 0.00403471
v -0.01593563 -0.03111886 0.00403471
v -0.01362917 -0.0322267 0.00397896
v -0.01594858 -0.03114415 0.00397896
v -0.0159431 -0.03113345 0.00400796
v -0.0181764 -0.02988467 0.00400796
v -0.01816787 -0.02987066 0.00403471
v -0.0203029 -0.02846261 0.00403471
v -0.01818264 -0.02989493 0.00397896
v -0.02031242 -0.02847596 0.00400796
v -0.02232928 -0.02690225 0.00403471
v -0.01818644 -0.02990119 0.00394844
v -0.0203194 -0.02848573 0.00397896
v -0.02234742 -0.02692411 0.00397896
v -0.02233975 -0.02691487 0.00400796
v -0.02424754 -0.02520975 0.00400796
v -0.02423589 -0.02519764 0.00403526
v -0.02601337 -0.02335878 0.00403471
v -0.02426094 -0.02522369 0.00394844
v -0.02603451 -0.02337775 0.00397896
v -0.02767383 -0.021412 0.00397896
v -0.02766433 -0.02140465 0.00400796
v -0.02915506 -0.01932504 0.00400796
v -0.02914139 -0.01931598 0.00403471
v -0.03047548 -0.01713397 0.00403471
v -0.02916507 -0.01933167 0.00397896
v -0.03048977 -0.01714201 0.00400796
v -0.03164648 -0.01486028 0.00403471
v -0.03050663 -0.01715149 0.00394844
v -0.03050024 -0.01714789 0.00397896
v -0.03167219 -0.01487235 0.00397896
v -0.03166132 -0.01486725 0.00400796
v -0.03266345 -0.01251293 0.00400796
v -0.03264814 -0.01250707 0.00403471
v -0.03347509 -0.01008692 0.00403471
v -0.03267467 -0.01251723 0.00397896
v -0.03349079 -0.01009166 0.00400796
v -0.03412291 -0.00761281 0.00403471
v -0.03486786 -0.00255578 0.00403526
v -0.0349618 0 0.00403471
v -0.03486786 0.00255578 0.00403526
v -0.03458813 0.00509795 0.00403471
v -0.03499754 0 0.00394844
v -0.03489659 0.00255789 0.00397896
v -0.03461623 0.00510209 0.00397896
v -0.03460435 0.00510034 0.00400796
v -0.03413891 0.00761638 0.00400796
v -0.03412291 0.00761281 0.00403471
v -0.03347509 0.01008692 0.00403471
v -0.03415063 0.00761899 0.00397896
v -0.03349079 0.01009166 0.00400796
v -0.03264814 0.01250707 0.00403471
v -0.03415779 0.00762059 0.00394844
v -0.03350229 0.01009512 0.00397896
v -0.03267467 0.01251723 0.00397896
v -0.03266345 0.01251293 0.00400796
v -0.03166132 0.01486725 0.00400796
v -0.03164648 0.01486028 0.00403471
v -0.03047548 0.01713397 0.00403471
v -0.03167219 0.01487235 0.00397896
v -0.03048977 0.01714201 0.00400796
v -0.02914139 0.01931598 0.00403471
v -0.03167883 0.01487547 0.00394844
v -0.03050024 0.01714789 0.00397896
v -0.02916507 0.01933167 0.00397896
v -0.02915506 0.01932504 0.00400796
v -0.02766433 0.02140465 0.00400796
v -0.02765136 0.02139462 0.00403471
v -0.02601337 0.02335878 0.00403471
v -0.02603996 0.02338265 0.00394844
v -0.02603451 0.02337775 0.00397896
v -0.02425586 0.02521841 0.00397896
v -0.02424754 0.02520975 0.00400796
v -0.02233975 0.02691487 0.00400796
v -0.02232928 0.02690225 0.00403471
v -0.0203029 0.02846261 0.00403471
v -0.02234742 0.02692411 0.00397896
v -0.02031242 0.02847596 0.00400796
v -0.01816787 0.02987066 0.00403471
v -0.02032365 0.0284917 0.00394844
v -0.0203194 0.02848573 0.00397896
v -0.01818264 0.02989493 0.00397896
v -0.0181764 0.02988467 0.00400796
v -0.0159431 0.03113345 0.00400796
v -0.01593563 0.03111886 0.00403471
v -0.01361811 0.03220054 0.00403471
v -0.01594858 0.03114415 0.00397896
v -0.0136245 0.03221564 0.00400796
v -0.01122772 0.03310991 0.00403471
v -0.00627973 -0.03439285 0.00403519
v -0.02425586 -0.02521841 0.00397896
v -0.02602557 -0.02336973 0.00400796
v -0.02765136 -0.02139462 0.00403471
v -0.03494142 0 0.00405858
v -0.02767383 0.021412 0.00397896
v -0.02602557 0.02336973 0.00400796
v -0.02423589 0.02519764 0.00403526
v -0.02767963 0.02141649 -0.00394844
v -0.01595192 -0.03115067 -0.00394844
v -0.00877724 0.0338421 -0.00403471
v -0.00627973 0.03439285 -0.00403519
v -0.00628274 0.03440933 -0.00400796
v -0.03264814 -0.01250707 -0.00403471
v -0.03347509 -0.01008692 -0.00403471
v -0.03349079 -0.01009166 -0.00400796
v -0.01122772 0.03310991 -0.00403471
v -0.01816787 0.02987066 -0.00403471
v -0.02423589 0.02519764 -0.00403526
v -0.02914139 0.01931598 -0.00403471
v -0.03047548 0.01713397 -0.00403471
v -0.03347509 0.01008692 -0.00403471
v -0.03494142 0 -0.00405858
v -0.03486786 0.00255578 -0.00403526
v -0.03164648 -0.01486028 -0.00403471
v -0.02765136 -0.02139462 -0.00403471
v -0.02601337 -0.02335878 -0.00403471
v -0.0203029 -0.02846261 -0.00403471
v -0.01361811 -0.03220054 -0.00403471
v -0.00627973 -0.03439284 -0.0040352
v -0.00628274 -0.03440933 -0.00400796
v -0.0062849 -0.03442114 -0.00397896
v -0.00628622 -0.03442835 -0.00394844
v -0.00628622 0.03442835 -0.00394844
v -0.0062849 0.03442114 -0.00397896
v -0.00877724 -0.0338421 -0.00403471
v -0.01593563 -0.03111886 -0.00403471
v -0.02232928 -0.02690225 -0.00403471
v -0.02914139 -0.01931598 -0.00403471
v -0.03412291 -0.00761281 -0.00403471
v -0.03458813 -0.00509795 -0.00403471
v -0.03458813 0.00509795 -0.00403471
v -0.03264814 0.01250707 -0.00403471
v -0.02601337 0.02335878 -0.00403471
v -0.02232928 0.02690225 -0.00403471
v -0.01593563 0.03111886 -0.00403471
v -0.03415063 -0.00761899 -0.00397896
v -0.03413891 -0.00761638 -0.00400796
v -0.0349782 0 -0.00400796
v -0.03488461 -0.00255701 -0.00400796
v -0.03486786 -0.00255578 -0.00403526
v -0.00878136 0.03385797 -0.00400796
v -0.01123684 -0.03313681 -0.00397896
v -0.00878437 -0.0338696 -0.00397896
v -0.00878136 -0.03385797 -0.00400796
v -0.03462348 -0.00510316 -0.00394844
v -0.03461623 -0.00510209 -0.00397896
v -0.03460435 -0.00510034 -0.00400796
v -0.03489659 -0.00255789 -0.00397896
v -0.03499021 0 -0.00397896
v -0.03489659 0.00255789 -0.00397896
v -0.01361811 0.03220054 -0.00403471
v -0.01123298 0.03312544 -0.00400796
v -0.00878437 0.0338696 -0.00397896
v -0.00878621 -0.03387669 -0.00394844
v -0.01123919 -0.03314375 -0.00394844
v -0.01363203 -0.03223345 -0.00394844
v -0.01122772 -0.03310991 -0.00403471
v -0.0136245 -0.03221564 -0.00400796
v -0.0159431 -0.03113345 -0.00400796
v -0.01594858 -0.03114415 -0.00397896
v -0.01818264 -0.02989493 -0.00397896
v -0.01818644 -0.02990119 -0.00394844
v -0.02032365 -0.0284917 -0.00394844
v -0.0181764 -0.02988467 -0.00400796
v -0.0203194 -0.02848573 -0.00397896
v -0.0223521 -0.02692975 -0.00394844
v -0.01816787 -0.02987066 -0.00403471
v -0.02031242 -0.02847596 -0.00400796
v -0.02233975 -0.02691487 -0.00400796
v -0.02234742 -0.02692411 -0.00397896
v -0.02425586 -0.02521841 -0.00397896
v -0.02426094 -0.02522369 -0.00394844
v -0.02603996 -0.02338265 -0.00394844
v -0.02424754 -0.02520975 -0.00400796
v -0.02603451 -0.02337775 -0.00397896
v -0.02767963 -0.02141649 -0.00394844
v -0.02423589 -0.02519764 -0.00403526
v -0.02602557 -0.02336973 -0.00400796
v -0.02766433 -0.02140465 -0.00400796
v -0.02767383 -0.021412 -0.00397896
v -0.02916507 -0.01933167 -0.00397896
v -0.02917118 -0.01933572 -0.00394844
v -0.03050663 -0.01715149 -0.00394844
v -0.03047548 -0.01713397 -0.00403471
v -0.03048977 -0.01714201 -0.00400796
v -0.03166132 -0.01486725 -0.00400796
v -0.03167219 -0.01487235 -0.00397896
v -0.03267467 -0.01251723 -0.00397896
v -0.03268151 -0.01251985 -0.00394844
v -0.0335093 -0.01009723 -0.00394844
v -0.03266345 -0.01251293 -0.00400796
v -0.03350229 -0.01009512 -0.00397896
v -0.03415779 -0.00762059 -0.00394844
v -0.0349039 -0.00255843 -0.00394844
v -0.03499754 0 -0.00394844
v -0.0349039 0.00255843 -0.00394844
v -0.03462348 0.00510316 -0.00394844
v -0.0349618 0 -0.00403471
v -0.03488461 0.00255701 -0.00400796
v -0.03460435 0.00510034 -0.00400796
v -0.03461623 0.00510209 -0.00397896
v -0.03415063 0.00761899 -0.00397896
v -0.03415779 0.00762059 -0.00394844
v -0.0335093 0.01009723 -0.00394844
v -0.03413891 0.00761638 -0.00400796
v -0.03350229 0.01009512 -0.00397896
v -0.03268151 0.01251985 -0.00394844
v -0.03412291 0.00761281 -0.00403471
v -0.03349079 0.01009166 -0.00400796
v -0.03266345 0.01251293 -0.00400796
v -0.03267467 0.01251723 -0.00397896
v -0.03167219 0.01487235 -0.00397896
v -0.03167883 0.01487547 -0.00394844
v -0.03050663 0.01715149 -0.00394844
v -0.03166132 0.01486725 -0.00400796
v -0.03050024 0.01714789 -0.00397896
v -0.02917118 0.01933572 -0.00394844
v -0.02915506 0.01932504 -0.00400796
v -0.02766433 0.02140465 -0.00400796
v -0.02767383 0.021412 -0.00397896
v -0.02603451 0.02337775 -0.00397896
v -0.02603996 0.02338265 -0.00394844
v -0.02426094 0.02522369 -0.00394844
v -0.02765136 0.02139462 -0.00403471
v -0.02602557 0.02336973 -0.00400796
v -0.02425586 0.02521841 -0.00397896
v -0.0223521 0.02692975 -0.00394844
v -0.02424754 0.02520975 -0.00400796
v -0.02233975 0.02691487 -0.00400796
v -0.02234742 0.02692411 -0.00397896
v -0.0203194 0.02848573 -0.00397896
v -0.02032365 0.0284917 -0.00394844
v -0.01818644 0.02990119 -0.00394844
v -0.02031242 0.02847596 -0.00400796
v -0.01818264 0.02989493 -0.00397896
v -0.01595192 0.03115067 -0.00394844
v -0.0203029 0.02846261 -0.00403471
v -0.0181764 0.02988467 -0.00400796
v -0.0159431 0.03113345 -0.00400796
v -0.01594858 0.03114415 -0.00397896
v -0.01362917 0.0322267 -0.00397896
v -0.01363203 0.03223345 -0.00394844
v -0.01123919 0.03314375 -0.00394844
v -0.01123298 -0.03312544 -0.00400796
v -0.01362917 -0.0322267 -0.00397896
v -0.02915506 -0.01932504 -0.00400796
v -0.03050024 -0.01714789 -0.00397896
v -0.03167883 -0.01487547 -0.00394844
v -0.035 0 -0.00391716
v -0.03164648 0.01486028 -0.00403471
v -0.03048977 0.01714201 -0.00400796
v -0.02916507 0.01933167 -0.00397896
v -0.0136245 0.03221564 -0.00400796
v -0.01123684 0.03313681 -0.00397896
v -0.00878621 0.03387669 -0.00394844
v 0.001 0.0459565 0.0087
v 0.001 0.04193312 0.00028652
v 0.001 0.04185868 0.00056433
v 0.001 0.04113319 -0.00142894
v 0.001 0.04136879 -0.00126397
v 0.001 0.0459565 -0.0087
v 0.001 0.04157216 -0.0010606
v 0.001 0.04173713 -0.000825
v 0.001 0.04185868 -0.00056433
v 0.001 0.04193312 -0.00028652
v 0.001 0.04195819 0
v 0.001 0.03932658 0.0087
v 0.001 0.04030819 0.00165
v 0.001 0.04002167 0.00162493
v 0.001 0.03974386 0.00155049
v 0.001 0.03948319 0.00142894
v 0.001 0.03932658 0.00132625
v 0.001 0.04173713 0.000825
v 0.001 0.04157216 0.0010606
v 0.001 0.04136879 0.00126397
v 0.001 0.04113319 0.00142894
v 0.001 0.04087252 0.00155049
v 0.001 0.04059471 0.00162493
v 0.001 0.03932658 -0.00132625
v 0.001 0.03948319 -0.00142894
v 0.001 0.03932658 -0.0087
v 0.001 0.03974386 -0.00155049
v 0.001 0.04002167 -0.00162493
v 0.001 0.04030819 -0.00165
v 0.001 0.04059471 -0.00162493
v 0.001 0.04087252 -0.00155049
v 0.001 -0.03991748 0.00221582
v 0.001 -0.03932658 0.0087
v 0.001 -0.03953864 0.00211431
v 0.001 -0.03932658 0.00202458
v 0.001 -0.0459565 0.0087
v 0.001 -0.04225675 0.001125
v 0.001 -0.0424225 0.00076955
v 0.001 -0.04252401 0.00039071
v 0.001 -0.04255819 -0
v 0.001 -0.0459565 -0.0087
v 0.001 -0.04252401 -0.00039071
v 0.001 -0.0424225 -0.00076955
v 0.001 -0.04143319 0.00194856
v 0.001 -0.04175446 0.0017236
v 0.001 -0.04203179 0.00144627
v 0.001 -0.04225675 -0.001125
v 0.001 -0.04203179 -0.00144627
v 0.001 -0.04175446 -0.0017236
v 0.001 -0.04030819 0.00225
v 0.001 -0.0406989 0.00221582
v 0.001 -0.04107773 0.00211431
v 0.001 -0.04030819 -0.00225
v 0.001 -0.03991748 -0.00221582
v 0.001 -0.03932658 -0.0087
v 0.001 -0.03953864 -0.00211431
v 0.001 -0.03932658 -0.00202458
v 0.001 -0.04143319 -0.00194856
v 0.001 -0.04107773 -0.00211431
v 0.001 -0.0406989 -0.00221582
v 0.01024575 -0.0292579 0.008
v 0.01024575 -0.0292579 0.0087
v 0.01271771 -0.02827118 0.008
v 0.01332018 -0.02799237 0.0087
v 0.01332018 -0.02799237 0.008
v 0.01559381 -0.02679241 0.008
v 0.01624141 -0.02640486 0.0087
v 0.01624141 -0.02640486 0.008
v 0.01830021 -0.02502204 0.008
v 0.01897582 -0.02451363 0.0087
v 0.01897582 -0.02451363 0.008
v 0.02080744 -0.02297935 0.008
v 0.02149197 -0.02234044 0.0087
v 0.02149197 -0.02234044 0.008
v 0.02308821 -0.02068658 0.008
v 0.0237609 -0.01991029 0.0087
v 0.0237609 -0.01991029 0.008
v 0.02511771 -0.01816867 0.008
v 0.02575654 -0.01725111 0.0087
v 0.02575654 -0.01725111 0.008
v 0.02687386 -0.01545302 0.008
v 0.02745591 -0.01439351 0.0087
v 0.02745591 -0.01439351 0.008
v 0.02833752 -0.0125692 0.008
v 0.02883947 -0.01137035 0.0087
v 0.02883947 -0.01137035 0.008
v 0.02949279 -0.00954858 0.008
v 0.02989131 -0.00821641 0.0087
v 0.02989131 -0.00821641 0.008
v 0.03032708 -0.00642405 0.008
v 0.03059934 -0.00496795 0.0087
v 0.03059934 -0.00496795 0.008
v 0.03083131 -0.0032296 0.008
v 0.0309554 -0.00166236 0.0087
v 0.0309554 -0.00166236 0.008
v 0.031 0 0.008
v 0.0309554 0.00166236 0.0087
v 0.0309554 0.00166236 0.008
v 0.03059934 0.00496795 0.0087
v 0.03059934 0.00496795 0.008
v 0.03083131 0.0032296 0.008
v 0.02989131 0.00821641 0.0087
v 0.02883947 0.01137035 0.0087
v 0.02883947 0.01137035 0.008
v 0.02949279 0.00954858 0.008
v 0.02989131 0.00821641 0.008
v 0.03032708 0.00642405 0.008
v 0.02745591 0.01439351 0.0087
v 0.02575654 0.01725111 0.0087
v 0.02575654 0.01725111 0.008
v 0.02687386 0.01545302 0.008
v 0.02745591 0.01439351 0.008
v 0.02833752 0.0125692 0.008
v 0.0237609 0.01991029 0.0087
v 0.02149197 0.02234044 0.0087
v 0.02149197 0.02234044 0.008
v 0.02308821 0.02068658 0.008
v 0.0237609 0.01991029 0.008
v 0.02511771 0.01816867 0.008
v 0.01897582 0.02451363 0.0087
v 0.01624141 0.02640486 0.0087
v 0.01624141 0.02640486 0.008
v 0.01830021 0.02502204 0.008
v 0.01897582 0.02451363 0.008
v 0.02080744 0.02297935 0.008
v 0.01332018 0.02799237 0.0087
v 0.01024575 0.0292579 0.0087
v 0.01024575 0.0292579 0.008
v 0.01271771 0.02827118 0.008
v 0.01332018 0.02799237 0.008
v 0.01559381 0.02679241 0.008
v 0.01332018 -0.02799237 -0.0087
v 0.01024575 -0.0292579 -0.0087
v 0.01024575 -0.0292579 -0.008
v 0.01271771 -0.02827118 -0.008
v 0.01332018 -0.02799237 -0.008
v 0.01624141 -0.02640486 -0.0087
v 0.01559381 -0.02679241 -0.008
v 0.01624141 -0.02640486 -0.008
v 0.01897582 -0.02451363 -0.0087
v 0.01830021 -0.02502204 -0.008
v 0.01897582 -0.02451363 -0.008
v 0.02149197 -0.02234044 -0.0087
v 0.02080744 -0.02297935 -0.008
v 0.02149197 -0.02234044 -0.008
v 0.0237609 -0.01991029 -0.0087
v 0.02308821 -0.02068658 -0.008
v 0.0237609 -0.01991029 -0.008
v 0.02575654 -0.01725111 -0.0087
v 0.02511771 -0.01816867 -0.008
v 0.02575654 -0.01725111 -0.008
v 0.02745591 -0.01439351 -0.0087
v 0.02687386 -0.01545302 -0.008
v 0.02745591 -0.01439351 -0.008
v 0.02883947 -0.01137035 -0.0087
v 0.02833752 -0.0125692 -0.008
v 0.02883947 -0.01137035 -0.008
v 0.02989131 -0.00821641 -0.0087
v 0.02949279 -0.00954858 -0.008
v 0.02989131 -0.00821641 -0.008
v 0.03059934 -0.00496795 -0.0087
v 0.03032708 -0.00642405 -0.008
v 0.03059934 -0.00496795 -0.008
v 0.0309554 -0.00166236 -0.0087
v 0.03083131 -0.0032296 -0.008
v 0.0309554 -0.00166236 -0.008
v 0.0309554 0.00166236 -0.0087
v 0.031 0 -0.008
v 0.0309554 0.00166236 -0.008
v 0.03083131 0.0032296 -0.008
v 0.03059934 0.00496795 -0.0087
v 0.03059934 0.00496795 -0.008
v 0.03032708 0.00642405 -0.008
v 0.02989131 0.00821641 -0.0087
v 0.02989131 0.00821641 -0.008
v 0.02949279 0.00954858 -0.008
v 0.02883947 0.01137035 -0.0087
v 0.02883947 0.01137035 -0.008
v 0.02833752 0.0125692 -0.008
v 0.02745591 0.01439351 -0.0087
v 0.02745591 0.01439351 -0.008
v 0.02687386 0.01545302 -0.008
v 0.02575654 0.01725111 -0.0087
v 0.02575654 0.01725111 -0.008
v 0.02511771 0.01816867 -0.008
v 0.0237609 0.01991029 -0.0087
v 0.0237609 0.01991029 -0.008
v 0.02308821 0.02068658 -0.008
v 0.02149197 0.02234044 -0.0087
v 0.02149197 0.02234044 -0.008
v 0.02080744 0.02297935 -0.008
v 0.01897582 0.02451363 -0.0087
v 0.01897582 0.02451363 -0.008
v 0.01830021 0.02502204 -0.008
v 0.01624141 0.02640486 -0.0087
v 0.01624141 0.02640486 -0.008
v 0.01559381 0.02679241 -0.008
v 0.01332018 0.02799237 -0.0087
v 0.01024575 0.0292579 -0.008
v 0.01024575 0.0292579 -0.0087
v 0.01271771 0.02827118 -0.008
v 0.01332018 0.02799237 -0.008
v 0.0087 0.04440721 -0.009
v 0.0013 0.04667065 -0.009
v 0.00130844 0.04667882 -0.009
v 0.0013 0.03932658 -0.009
v 0.0093798 0.04240108 -0.009
v 0.00974095 0.04200165 -0.009
v 0.00209081 0.03741739 -0.009
v 0.01016225 0.04166628 -0.009
v 0.00932808 0.03018012 -0.009
v 0.00159428 -0.03810081 -0.009
v 0.0093798 -0.04240108 -0.009
v 0.00143215 -0.03849223 -0.009
v 0.00908842 -0.04285391 -0.009
v 0.00133324 -0.0389042 -0.009
v 0.0013 -0.03932658 -0.009
v 0.00887457 -0.04334811 -0.009
v 0.00874393 -0.04387052 -0.009
v 0.0013 -0.0459565 -0.009
v 0.0087 -0.04440721 -0.009
v 0.00932808 -0.03018012 -0.009
v 0.01063248 -0.04140389 -0.009
v 0.00209081 -0.03741739 -0.009
v 0.01016225 -0.04166628 -0.009
v 0.00181565 -0.03773956 -0.009
v 0.00974095 -0.04200165 -0.009
v 0.00726444 -0.04613153 -0.009
v 0.00465483 -0.04646743 -0.009
v 0.0087 -0.04445222 -0.009
v 0.00131134 0.04668159 -0.009
v 0.00427883 0.04650357 -0.009
v 0.0087 0.04445222 -0.009
v 0.00908842 0.04285391 -0.009
v 0.00181565 0.03773956 -0.009
v 0.00159428 0.03810081 -0.009
v 0.00203043 -0.04665584 -0.009
v 0.00191764 -0.04665164 -0.009
v 0.00874393 0.04387052 -0.009
v 0.00887457 0.04334811 -0.009
v 0.00133324 0.0389042 -0.009
v 0.00143215 0.03849223 -0.009
v 0.00861669 -0.04497787 -0.009
v 0.00851448 -0.04522445 -0.009
v 0.00837493 -0.045452 -0.009
v 0.00963378 -0.02991703 -0.009
v 0.01493299 -0.04000369 -0.009
v 0.01113913 -0.04122147 -0.009
v 0.00867904 -0.04471833 -0.009
v 0.00180698 -0.04662936 -0.009
v 0.00170134 -0.04658959 -0.009
v 0.00160347 -0.04653336 -0.009
v 0.0013091 -0.04606901 -0.009
v 0.00133617 -0.04617859 -0.009
v 0.00138049 -0.04628241 -0.009
v 0.00726444 0.04613153 -0.009
v 0.00752405 0.04606943 -0.009
v 0.00777074 0.04596747 -0.009
v 0.00799842 0.04582814 -0.009
v 0.00820149 0.0456549 -0.009
v 0.00837493 0.045452 -0.009
v 0.03125497 0.00167845 -0.009
v 0.0427 0 -0.009
v 0.03125497 -0.00167845 -0.009
v 0.04251409 -0.00398018 -0.009
v 0.03089546 -0.00501603 -0.009
v 0.04195799 -0.0079257 -0.009
v 0.03018058 -0.00829592 -0.009
v 0.04103654 -0.0118022 -0.009
v 0.02911856 -0.01148039 -0.009
v 0.03975777 -0.01557594 -0.009
v 0.02772161 -0.0145328 -0.009
v 0.03813279 -0.01921405 -0.009
v 0.02600579 -0.01741806 -0.009
v 0.03617578 -0.02268486 -0.009
v 0.02399085 -0.02010296 -0.009
v 0.00799842 -0.04582814 -0.009
v 0.00777074 -0.04596747 -0.009
v 0.00752405 -0.04606943 -0.009
v 0.00151591 -0.04646212 -0.009
v 0.00144093 -0.04637774 -0.009
v 0.00851448 0.04522445 -0.009
v 0.00861669 0.04497787 -0.009
v 0.00867904 0.04471833 -0.009
v 0.02169995 0.02255664 -0.009
v 0.03133653 0.02900537 -0.009
v 0.02399085 0.02010296 -0.009
v 0.03390377 0.02595813 -0.009
v 0.02600579 0.01741806 -0.009
v 0.03617578 0.02268486 -0.009
v 0.02772161 0.0145328 -0.009
v 0.03813279 0.01921405 -0.009
v 0.02911856 0.01148039 -0.009
v 0.03975777 0.01557594 -0.009
v 0.03018058 0.00829592 -0.009
v 0.04103654 0.0118022 -0.009
v 0.03089546 0.00501603 -0.009
v 0.04195799 0.0079257 -0.009
v 0.04251409 0.00398018 -0.009
v 0.0103449 0.02954104 -0.009
v 0.01493299 0.04000369 -0.009
v 0.01344909 0.02826326 -0.009
v 0.01859683 0.03843759 -0.009
v 0.01639858 0.02666039 -0.009
v 0.02209873 0.03653678 -0.009
v 0.01915946 0.02475086 -0.009
v 0.0254082 0.03431782 -0.009
v 0.02849643 0.03180005 -0.009
v 0.01063248 0.04140389 -0.009
v 0.01113913 0.04122147 -0.009
v 0.00963378 0.02991703 -0.009
v 0.00997526 0.0297024 -0.009
v 0.00820149 -0.0456549 -0.009
v 0.00997526 -0.0297024 -0.009
v 0.0103449 -0.02954104 -0.009
v 0.01859683 -0.03843759 -0.009
v 0.01344909 -0.02826326 -0.009
v 0.02209873 -0.03653678 -0.009
v 0.01639858 -0.02666039 -0.009
v 0.0254082 -0.03431782 -0.009
v 0.01915946 -0.02475086 -0.009
v 0.02849643 -0.03180005 -0.009
v 0.02169995 -0.02255664 -0.009
v 0.03133653 -0.02900537 -0.009
v 0.03390377 -0.02595813 -0.009
v 0.01016225 0.04166628 0.009
v 0.00209081 0.03741739 0.009
v 0.01063248 0.04140389 0.009
v 0.00932808 0.03018012 0.009
v 0.0013 0.03932658 0.009
v 0.00887457 0.04334811 0.009
v 0.00874393 0.04387052 0.009
v 0.0013 -0.03932658 0.009
v 0.0013 -0.0459565 0.009
v 0.0087 -0.04440721 0.009
v 0.00867904 -0.04471833 0.009
v 0.0087 -0.04445222 0.009
v 0.00752405 -0.04606943 0.009
v 0.0013 0.04667065 0.009
v 0.0087 0.04440721 0.009
v 0.00130844 0.04667882 0.009
v 0.00427883 0.04650357 0.009
v 0.00131134 0.04668159 0.009
v 0.00209081 -0.03741739 0.009
v 0.00181565 -0.03773956 0.009
v 0.00908842 -0.04285391 0.009
v 0.00159428 -0.03810081 0.009
v 0.01915946 -0.02475086 0.009
v 0.01016225 -0.04166628 0.009
v 0.02169995 -0.02255664 0.009
v 0.02399085 -0.02010296 0.009
v 0.00203043 -0.04665584 0.009
v 0.00465483 -0.04646743 0.009
v 0.00726444 -0.04613153 0.009
v 0.00874393 -0.04387052 0.009
v 0.00887457 -0.04334811 0.009
v 0.00133324 -0.0389042 0.009
v 0.00143215 -0.03849223 0.009
v 0.00908842 0.04285391 0.009
v 0.00133324 0.0389042 0.009
v 0.00143215 0.03849223 0.009
v 0.01639858 -0.02666039 0.009
v 0.01344909 -0.02826326 0.009
v 0.0103449 -0.02954104 0.009
v 0.00963378 0.02991703 0.009
v 0.01493299 0.04000369 0.009
v 0.01113913 0.04122147 0.009
v 0.00974095 0.04200165 0.009
v 0.0093798 0.04240108 0.009
v 0.00181565 0.03773956 0.009
v 0.00159428 0.03810081 0.009
v 0.00144093 -0.04637774 0.009
v 0.00138049 -0.04628241 0.009
v 0.0013091 -0.04606901 0.009
v 0.00133617 -0.04617859 0.009
v 0.00151591 -0.04646212 0.009
v 0.00160347 -0.04653336 0.009
v 0.00170134 -0.04658959 0.009
v 0.00997526 0.0297024 0.009
v 0.0103449 0.02954104 0.009
v 0.01859683 0.03843759 0.009
v 0.01344909 0.02826326 0.009
v 0.02209873 0.03653678 0.009
v 0.01639858 0.02666039 0.009
v 0.0254082 0.03431782 0.009
v 0.01915946 0.02475086 0.009
v 0.02849643 0.03180005 0.009
v 0.02169995 0.02255664 0.009
v 0.03133653 0.02900537 0.009
v 0.02399085 0.02010296 0.009
v 0.00180698 -0.04662936 0.009
v 0.00191764 -0.04665164 0.009
v 0.0093798 -0.04240108 0.009
v 0.00974095 -0.04200165 0.009
v 0.00932808 -0.03018012 0.009
v 0.02600579 -0.01741806 0.009
v 0.01063248 -0.04140389 0.009
v 0.01113913 -0.04122147 0.009
v 0.00851448 -0.04522445 0.009
v 0.00799842 -0.04582814 0.009
v 0.00837493 -0.045452 0.009
v 0.00820149 -0.0456549 0.009
v 0.00777074 -0.04596747 0.009
v 0.00861669 -0.04497787 0.009
v 0.00997526 -0.0297024 0.009
v 0.00963378 -0.02991703 0.009
v 0.0087 0.04445222 0.009
v 0.00726444 0.04613153 0.009
v 0.00867904 0.04471833 0.009
v 0.00861669 0.04497787 0.009
v 0.00799842 0.04582814 0.009
v 0.00777074 0.04596747 0.009
v 0.00820149 0.0456549 0.009
v 0.00837493 0.045452 0.009
v 0.00851448 0.04522445 0.009
v 0.00752405 0.04606943 0.009
v 0.03125497 -0.00167845 0.009
v 0.0427 -0 0.009
v 0.03125497 0.00167845 0.009
v 0.04251409 0.00398018 0.009
v 0.03089546 0.00501603 0.009
v 0.04195799 0.0079257 0.009
v 0.03018058 0.00829592 0.009
v 0.04103654 0.0118022 0.009
v 0.02911856 0.01148039 0.009
v 0.03975777 0.01557594 0.009
v 0.02772161 0.0145328 0.009
v 0.03813279 0.01921405 0.009
v 0.02600579 0.01741806 0.009
v 0.03617578 0.02268486 0.009
v 0.03390377 0.02595813 0.009
v 0.01493299 -0.04000369 0.009
v 0.01859683 -0.03843759 0.009
v 0.02209873 -0.03653678 0.009
v 0.03133653 -0.02900537 0.009
v 0.03390377 -0.02595813 0.009
v 0.03617578 -0.02268486 0.009
v 0.02772161 -0.0145328 0.009
v 0.03813279 -0.01921405 0.009
v 0.02911856 -0.01148039 0.009
v 0.03975777 -0.01557594 0.009
v 0.03018058 -0.00829592 0.009
v 0.04103654 -0.0118022 0.009
v 0.03089546 -0.00501603 0.009
v 0.04195799 -0.0079257 0.009
v 0.04251409 -0.00398018 0.009
v 0.0254082 -0.03431782 0.009
v 0.02849643 -0.03180005 0.009
v 0.00945561 0.02967566 0.00785432
v 0.00927839 0.02981713 0.00777261
v 0.01093689 0.03318565 0.00405858
v 0.00911595 0.02996799 0.00767619
v 0.00803867 0.03104527 0.00693087
v 0.00877212 0.03382237 0.00405858
v 0.00742007 0.03414448 0.00405858
v 0.01122117 0.03309061 0.00405858
v 0.00983438 0.02943754 0.00796319
v 0.00972222 0.02949998 0.00793925
v 0.01093689 -0.03318565 0.00405858
v 0.00911595 -0.02996799 0.00767619
v 0.00927861 -0.02981694 0.00777273
v 0.00983503 -0.02943719 0.00796331
v 0.01122117 -0.03309061 0.00405858
v 0.00972222 -0.02949998 0.00793925
v 0.00945561 -0.02967566 0.00785432
v 0.00803867 -0.03104527 0.00693087
v 0.00877212 -0.03382237 0.00405858
v 0.00697724 -0.0321067 0.00614392
v 0.00742007 -0.03414448 0.00405858
v 0.00569115 -0.03339279 0.00512571
v 0.00627614 -0.03437315 0.00405858
v 0.00442367 -0.03466026 0.00405858
v 0.00697724 0.0321067 0.00614392
v 0.00569115 0.03339279 0.00512571
v 0.00627614 0.03437315 0.00405858
v 0.00442367 0.03466026 0.00405858
v 0.01003586 -0.02934038 0.00799071
v 0.01361017 -0.03218177 0.00405858
v 0.01433467 -0.03186566 0.00405858
v 0.01592634 -0.03110072 0.00405858
v 0.01757645 -0.03019886 0.00405858
v 0.01815728 -0.02985324 0.00405858
v 0.02029106 -0.02844601 0.00405858
v 0.02062694 -0.02820341 0.00405858
v 0.02231626 -0.02688657 0.00405858
v 0.02345295 -0.02590101 0.00405858
v 0.02422204 -0.02518324 0.00405858
v 0.0259982 -0.02334516 0.00405858
v 0.02602371 -0.02331672 0.00405858
v 0.02763524 -0.02138215 0.00405858
v 0.02831125 -0.02047868 0.00405858
v 0.0291244 -0.01930472 0.00405858
v 0.03029067 -0.01741776 0.00405858
v 0.03045771 -0.01712398 0.00405858
v 0.03162803 -0.01485162 0.00405858
v 0.03194043 -0.01416728 0.00405858
v 0.03262911 -0.01249977 0.00405858
v 0.03324258 -0.01076261 0.00405858
v 0.03345557 -0.01008104 0.00405858
v 0.03410301 -0.00760837 0.00405858
v 0.03418294 -0.00724082 0.00405858
v 0.03456796 -0.00509498 0.00405858
v 0.03475128 -0.00364022 0.00405858
v 0.03484793 -0.00255432 0.00405858
v 0.03494142 0 0.00405858
v 0.031 0 0.008
v 0.03484793 0.00255432 0.00405858
v 0.03475128 0.00364022 0.00405858
v 0.03456796 0.00509498 0.00405858
v 0.03418294 0.00724082 0.00405858
v 0.03410301 0.00760837 0.00405858
v 0.03345557 0.01008104 0.00405858
v 0.03324258 0.01076261 0.00405858
v 0.03262911 0.01249977 0.00405858
v 0.03194043 0.01416728 0.00405858
v 0.03162803 0.01485162 0.00405858
v 0.03045771 0.01712398 0.00405858
v 0.03029067 0.01741776 0.00405858
v 0.0291244 0.01930472 0.00405858
v 0.02831125 0.02047868 0.00405858
v 0.02763524 0.02138215 0.00405858
v 0.02602371 0.02331672 0.00405858
v 0.0259982 0.02334516 0.00405858
v 0.02422204 0.02518324 0.00405858
v 0.02345295 0.02590101 0.00405858
v 0.02231626 0.02688657 0.00405858
v 0.02062694 0.02820341 0.00405858
v 0.02029106 0.02844601 0.00405858
v 0.01815728 0.02985324 0.00405858
v 0.01757645 0.03019886 0.00405858
v 0.01592634 0.03110072 0.00405858
v 0.01433467 0.03186566 0.00405858
v 0.01361017 0.03218177 0.00405858
v 0.01003552 0.02934053 0.00799067
v 0.00435607 -0.03472786 -0.00391716
v 0.00435607 -0.03472786 0.00391716
v 0.00628666 -0.03443077 -0.00391716
v 0.00628666 -0.03443077 0.00391716
v 0.00791341 -0.03409366 -0.00391716
v 0.00791341 -0.03409366 0.00391716
v 0.00878683 -0.03387908 -0.00391716
v 0.00878683 -0.03387908 0.00391716
v 0.01123998 -0.03314608 -0.00391716
v 0.01123998 -0.03314608 0.00391716
v 0.0113864 -0.03309607 -0.00391716
v 0.0113864 -0.03309607 0.00391716
v 0.01363299 -0.03223572 -0.00391716
v 0.01363299 -0.03223572 0.00391716
v 0.01473803 -0.03174572 -0.00391716
v 0.01473803 -0.03174572 0.00391716
v 0.01595304 -0.03115286 -0.00391716
v 0.01595304 -0.03115286 0.00391716
v 0.01793257 -0.030057 -0.00391716
v 0.01793257 -0.030057 0.00391716
v 0.01818772 -0.02990329 -0.00391716
v 0.01818772 -0.02990329 0.00391716
v 0.02032508 -0.0284937 -0.00391716
v 0.02032508 -0.0284937 0.00391716
v 0.02093597 -0.02804791 -0.00391716
v 0.02093597 -0.02804791 0.00391716
v 0.02235367 -0.02693164 -0.00391716
v 0.02235367 -0.02693164 0.00391716
v 0.02371622 -0.02573987 -0.00391716
v 0.02371622 -0.02573987 0.00391716
v 0.02426265 -0.02522546 -0.00391716
v 0.02426265 -0.02522546 0.00391716
v 0.02604179 -0.0233843 -0.00391716
v 0.02604179 -0.0233843 0.00391716
v 0.02624369 -0.02315748 -0.00391716
v 0.02624369 -0.02315748 0.00391716
v 0.02768157 -0.02141799 -0.00391716
v 0.02768157 -0.02141799 0.00391716
v 0.02849144 -0.02032826 -0.00391716
v 0.02849144 -0.02032826 0.00391716
v 0.02917323 -0.01933708 -0.00391716
v 0.02917323 -0.01933708 0.00391716
v 0.0304355 -0.01728236 -0.00391716
v 0.0304355 -0.01728236 0.00391716
v 0.03050877 -0.01715269 -0.00391716
v 0.03050877 -0.01715269 0.00391716
v 0.03168106 -0.01487651 -0.00391716
v 0.03168106 -0.01487651 0.00391716
v 0.03205517 -0.01405226 -0.00391716
v 0.03205517 -0.01405226 0.00391716
v 0.03268381 -0.01252073 -0.00391716
v 0.03268381 -0.01252073 0.00391716
v 0.03333317 -0.01067239 -0.00391716
v 0.03333317 -0.01067239 0.00391716
v 0.03351166 -0.01009795 -0.00391716
v 0.03351166 -0.01009795 0.00391716
v 0.03416019 -0.00762112 -0.00391716
v 0.03416019 -0.00762112 0.00391716
v 0.03425588 -0.00717876 -0.00391716
v 0.03425588 -0.00717876 0.00391716
v 0.03462592 -0.00510352 -0.00391716
v 0.03462592 -0.00510352 0.00391716
v 0.03481347 -0.00360861 -0.00391716
v 0.03481347 -0.00360861 0.00391716
v 0.03490635 -0.00255861 -0.00391716
v 0.03490635 -0.00255861 0.00391716
v 0.035 -0 -0.00391716
v 0.035 -0 0.00391716
v 0.03490635 0.00255861 -0.00391716
v 0.03490635 0.00255861 0.00391716
v 0.03481347 0.00360861 -0.00391716
v 0.03481347 0.00360861 0.00391716
v 0.03462592 0.00510352 -0.00391716
v 0.03462592 0.00510352 0.00391716
v 0.03425588 0.00717876 -0.00391716
v 0.03425588 0.00717876 0.00391716
v 0.03416019 0.00762112 -0.00391716
v 0.03416019 0.00762112 0.00391716
v 0.03351166 0.01009795 -0.00391716
v 0.03351166 0.01009795 0.00391716
v 0.03333317 0.01067239 -0.00391716
v 0.03333317 0.01067239 0.00391716
v 0.03268381 0.01252073 -0.00391716
v 0.03268381 0.01252073 0.00391716
v 0.03205517 0.01405226 -0.00391716
v 0.03205517 0.01405226 0.00391716
v 0.03168106 0.01487651 -0.00391716
v 0.03168106 0.01487651 0.00391716
v 0.03050877 0.01715269 -0.00391716
v 0.03050877 0.01715269 0.00391716
v 0.0304355 0.01728236 -0.00391716
v 0.0304355 0.01728236 0.00391716
v 0.02917323 0.01933708 -0.00391716
v 0.02917323 0.01933708 0.00391716
v 0.02849144 0.02032826 -0.00391716
v 0.02849144 0.02032826 0.00391716
v 0.02768157 0.02141799 -0.00391716
v 0.02768157 0.02141799 0.00391716
v 0.02624369 0.02315748 -0.00391716
v 0.02624369 0.02315748 0.00391716
v 0.02604179 0.0233843 -0.00391716
v 0.02604179 0.0233843 0.00391716
v 0.02426265 0.02522546 -0.00391716
v 0.02426265 0.02522546 0.00391716
v 0.02371622 0.02573987 -0.00391716
v 0.02371622 0.02573987 0.00391716
v 0.02235367 0.02693164 -0.00391716
v 0.02235367 0.02693164 0.00391716
v 0.02093597 0.02804791 -0.00391716
v 0.02093597 0.02804791 0.00391716
v 0.02032508 0.0284937 -0.00391716
v 0.02032508 0.0284937 0.00391716
v 0.01818772 0.02990329 -0.00391716
v 0.01818772 0.02990329 0.00391716
v 0.01793257 0.030057 -0.00391716
v 0.01793257 0.030057 0.00391716
v 0.01595304 0.03115286 -0.00391716
v 0.01595304 0.03115286 0.00391716
v 0.01473803 0.03174572 -0.00391716
v 0.01473803 0.03174572 0.00391716
v 0.01363299 0.03223572 -0.00391716
v 0.01363299 0.03223572 0.00391716
v 0.0113864 0.03309607 -0.00391716
v 0.0113864 0.03309607 0.00391716
v 0.01123998 0.03314608 -0.00391716
v 0.01123998 0.03314608 0.00391716
v 0.00878683 0.03387908 -0.00391716
v 0.00878683 0.03387908 0.00391716
v 0.00791341 0.03409366 -0.00391716
v 0.00791341 0.03409366 0.00391716
v 0.00628666 0.03443077 -0.00391716
v 0.00628666 0.03443077 0.00391716
v 0.00435607 0.03472786 -0.00391716
v 0.00435607 0.03472786 0.00391716
v 0.00945561 -0.02967566 -0.00785432
v 0.00927839 -0.02981713 -0.00777261
v 0.01093689 -0.03318565 -0.00405858
v 0.00911595 -0.02996799 -0.00767619
v 0.00803867 -0.03104527 -0.00693087
v 0.00877212 -0.03382237 -0.00405858
v 0.00742007 -0.03414448 -0.00405858
v 0.01122117 -0.03309061 -0.00405858
v 0.00983438 -0.02943754 -0.00796319
v 0.00972222 -0.02949998 -0.00793925
v 0.01093689 0.03318565 -0.00405858
v 0.00911595 0.02996799 -0.00767619
v 0.00927861 0.02981694 -0.00777273
v 0.00983503 0.02943719 -0.00796331
v 0.01122117 0.03309061 -0.00405858
v 0.00972222 0.02949998 -0.00793925
v 0.00945561 0.02967566 -0.00785432
v 0.00803867 0.03104527 -0.00693087
v 0.00877212 0.03382237 -0.00405858
v 0.00697724 0.0321067 -0.00614392
v 0.00742007 0.03414448 -0.00405858
v 0.00569115 0.03339279 -0.00512571
v 0.00627614 0.03437315 -0.00405858
v 0.00442367 0.03466026 -0.00405858
v 0.00697724 -0.0321067 -0.00614392
v 0.00569115 -0.03339279 -0.00512571
v 0.00627614 -0.03437315 -0.00405858
v 0.00442367 -0.03466026 -0.00405858
v 0.01003586 0.02934038 -0.00799071
v 0.01361017 0.03218177 -0.00405858
v 0.01433467 0.03186566 -0.00405858
v 0.01592634 0.03110072 -0.00405858
v 0.01757645 0.03019886 -0.00405858
v 0.01815728 0.02985324 -0.00405858
v 0.02029106 0.02844601 -0.00405858
v 0.02062694 0.02820341 -0.00405858
v 0.02231626 0.02688657 -0.00405858
v 0.02345295 0.02590101 -0.00405858
v 0.02422204 0.02518324 -0.00405858
v 0.0259982 0.02334516 -0.00405858
v 0.02602371 0.02331672 -0.00405858
v 0.02763524 0.02138215 -0.00405858
v 0.02831125 0.02047868 -0.00405858
v 0.0291244 0.01930472 -0.00405858
v 0.03029067 0.01741776 -0.00405858
v 0.03045771 0.01712398 -0.00405858
v 0.03162803 0.01485162 -0.00405858
v 0.03194043 0.01416728 -0.00405858
v 0.03262911 0.01249977 -0.00405858
v 0.03324258 0.01076261 -0.00405858
v 0.03345557 0.01008104 -0.00405858
v 0.03410301 0.00760837 -0.00405858
v 0.03418294 0.00724082 -0.00405858
v 0.03456796 0.00509498 -0.00405858
v 0.03475128 0.00364022 -0.00405858
v 0.03484793 0.00255432 -0.00405858
v 0.03494142 0 -0.00405858
v 0.031 0 -0.008
v 0.03484793 -0.00255432 -0.00405858
v 0.03475128 -0.00364022 -0.00405858
v 0.03456796 -0.00509498 -0.00405858
v 0.03418294 -0.00724082 -0.00405858
v 0.03410301 -0.00760837 -0.00405858
v 0.03345557 -0.01008104 -0.00405858
v 0.03324258 -0.01076261 -0.00405858
v 0.03262911 -0.01249977 -0.00405858
v 0.03194043 -0.01416728 -0.00405858
v 0.03162803 -0.01485162 -0.00405858
v 0.03045771 -0.01712398 -0.00405858
v 0.03029067 -0.01741776 -0.00405858
v 0.0291244 -0.01930472 -0.00405858
v 0.02831125 -0.02047868 -0.00405858
v 0.02763524 -0.02138215 -0.00405858
v 0.02602371 -0.02331672 -0.00405858
v 0.0259982 -0.02334516 -0.00405858
v 0.02422204 -0.02518324 -0.00405858
v 0.02345295 -0.02590101 -0.00405858
v 0.02231626 -0.02688657 -0.00405858
v 0.02062694 -0.02820341 -0.00405858
v 0.02029106 -0.02844601 -0.00405858
v 0.01815728 -0.02985324 -0.00405858
v 0.01757645 -0.03019886 -0.00405858
v 0.01592634 -0.03110072 -0.00405858
v 0.01433467 -0.03186566 -0.00405858
v 0.01361017 -0.03218177 -0.00405858
v 0.01003552 -0.02934053 -0.00799067
v 0.00204348 0.04695556 -0.0087
v 0.00204348 0.04695556 0.0087
v 0.00430632 0.0468023 -0.0087
v 0.00430632 0.0468023 0.0087
v 0.00468473 0.04676594 -0.0087
v 0.00468473 0.04676594 0.0087
v 0.00731111 0.04642788 0.0087
v 0.00731111 0.04642788 -0.0087
v 0.009 0.04445222 -0.0087
v 0.009 0.04445222 0.0087
v 0.009 0.04440721 -0.0087
v 0.009 0.04440721 0.0087
v 0.01295268 -0.04100278 -0.00393923
v 0.01121739 -0.04151108 -0.00381484
v 0.01121739 -0.04151108 -0.0087
v 0.01497498 -0.04030819 -0.004
v 0.01503791 -0.04028475 -0.0087
v 0.01503797 -0.04028473 -0.00399993
v 0.01672612 -0.03961359 -0.00393923
v 0.01872748 -0.03870764 -0.0087
v 0.01823919 -0.03894011 -0.00375877
v 0.02184247 -0.03703926 -0.00230523
v 0.02149148 -0.03724401 -0.00257115
v 0.02225399 -0.03679348 -0.0087
v 0.0221701 -0.03684409 -0.002
v 0.02061349 -0.03773704 -0.00306418
v 0.01953158 -0.03830819 -0.0034641
v 0.01873065 -0.03870611 -0.00366515
v 0.02301254 -0.03632386 0.00035374
v 0.02303726 -0.03630819 -0
v 0.02558671 -0.03455894 0.0087
v 0.0226526 -0.03654942 0.00136808
v 0.02281725 -0.03644685 0.00104407
v 0.02294121 -0.03636895 0.00069459
v 0.02301288 -0.03632364 -0.00035131
v 0.02558671 -0.03455894 -0.0087
v 0.02294121 -0.03636895 -0.00069459
v 0.02281756 -0.03644666 -0.00104337
v 0.0226526 -0.03654942 -0.00136808
v 0.02246489 -0.03666509 -0.00165161
v 0.02225779 -0.03679118 -0.00190543
v 0.01953158 -0.03830819 0.0034641
v 0.02225399 -0.03679348 0.0087
v 0.01873065 -0.03870611 0.00366515
v 0.01872748 -0.03870764 0.0087
v 0.01823919 -0.03894011 0.00375877
v 0.02061349 -0.03773704 0.00306418
v 0.02149148 -0.03724401 0.00257115
v 0.02184413 -0.03703827 0.00230384
v 0.02216691 -0.036846 0.00200332
v 0.02225399 -0.03679348 0.00190966
v 0.02246561 -0.03666465 0.00165064
v 0.01121739 -0.04151108 0.0087
v 0.01121739 -0.04151108 0.00381484
v 0.01295268 -0.04100278 0.00393923
v 0.01503791 -0.04028475 0.0087
v 0.01497073 -0.04030977 0.004
v 0.01503791 -0.04028475 0.00399993
v 0.01672612 -0.03961359 0.00393923
v 0.01503797 0.04028473 0.00164983
v 0.01497498 0.04030819 0.00165
v 0.01503791 0.04028475 0.0087
v 0.01417991 0.04059471 0.00162493
v 0.01121739 0.04151108 0.0087
v 0.01335803 0.04087252 0.00155049
v 0.01253239 0.04113319 0.00142894
v 0.01174767 0.04136414 0.00126786
v 0.01121739 0.04151108 0.0011294
v 0.01862367 0.0387577 0.00056433
v 0.0185027 0.03881559 0.00070332
v 0.01872748 0.03870764 0.0087
v 0.01867897 0.03873108 0.00048499
v 0.01836857 0.03887925 0.000825
v 0.01801525 0.03904422 0.0010606
v 0.01756778 0.03924759 0.00126397
v 0.01703167 0.03948319 0.00142894
v 0.0164142 0.03974386 0.00155049
v 0.0157247 0.04002167 0.00162493
v 0.0188 0.03867247 -0.00021665
v 0.01882189 0.03866182 -0.00010942
v 0.02225399 0.03679348 -0.0087
v 0.01882935 0.03865819 -0
v 0.01882597 0.03865983 7.37E-05
v 0.01880869 0.03866825 0.0001819
v 0.02225399 0.03679348 0.0087
v 0.0187778 0.03868325 0.00028652
v 0.01872748 0.03870764 0.00040093
v 0.01756778 0.03924759 -0.00126397
v 0.01801525 0.03904422 -0.0010606
v 0.01872748 0.03870764 -0.0087
v 0.01703167 0.03948319 -0.00142894
v 0.01497353 0.04030873 -0.00165
v 0.01503791 0.04028475 -0.00164983
v 0.01503791 0.04028475 -0.0087
v 0.0157247 0.04002167 -0.00162493
v 0.0164142 0.03974386 -0.00155049
v 0.01836857 0.03887925 -0.000825
v 0.01850325 0.03881533 -0.00070276
v 0.01862367 0.0387577 -0.00056433
v 0.0186789 0.03873111 -0.0004851
v 0.01872748 0.03870764 -0.00040093
v 0.0187778 0.03868325 -0.00028652
v 0.01121739 0.04151108 -0.0087
v 0.01121739 0.04151108 -0.0011294
v 0.01174767 0.04136414 -0.00126786
v 0.01253239 0.04113319 -0.00142894
v 0.01335803 0.04087252 -0.00155049
v 0.01417991 0.04059471 -0.00162493
v 0.02869665 -0.03202347 -0.0087
v 0.02869665 -0.03202347 0.0087
v 0.0315567 -0.02920916 -0.0087
v 0.0315567 -0.02920916 0.0087
v 0.03414197 -0.02614051 -0.0087
v 0.03414197 -0.02614051 0.0087
v 0.03642995 -0.02284424 -0.0087
v 0.03642995 -0.02284424 0.0087
v 0.03840071 -0.01934905 -0.0087
v 0.03840071 -0.01934905 0.0087
v 0.0400371 -0.01568538 -0.0087
v 0.0400371 -0.01568538 0.0087
v 0.04132486 -0.01188512 -0.0087
v 0.04132486 -0.01188512 0.0087
v 0.04225278 -0.00798138 -0.0087
v 0.04225278 -0.00798138 0.0087
v 0.04281279 -0.00400814 -0.0087
v 0.04281279 -0.00400814 0.0087
v 0.043 -0 -0.0087
v 0.043 -0 0.0087
v 0.04281279 0.00400814 -0.0087
v 0.04281279 0.00400814 0.0087
v 0.04225278 0.00798138 -0.0087
v 0.04225278 0.00798138 0.0087
v 0.04132486 0.01188512 -0.0087
v 0.04132486 0.01188512 0.0087
v 0.0400371 0.01568538 -0.0087
v 0.0400371 0.01568538 0.0087
v 0.03840071 0.01934905 -0.0087
v 0.03840071 0.01934905 0.0087
v 0.03642995 0.02284424 -0.0087
v 0.03642995 0.02284424 0.0087
v 0.03414197 0.02614051 -0.0087
v 0.03414197 0.02614051 0.0087
v 0.0315567 0.02920916 -0.0087
v 0.0315567 0.02920916 0.0087
v 0.02869665 0.03202347 -0.0087
v 0.02869665 0.03202347 0.0087
v 0.02558671 0.03455894 -0.0087
v 0.02558671 0.03455894 0.0087
v 0.009 -0.04440721 -0.0087
v 0.009 -0.04440721 0.0087
v 0.009 -0.04445222 -0.0087
v 0.009 -0.04445222 0.0087
v 0.00731111 -0.04642788 -0.0087
v 0.00731111 -0.04642788 0.0087
v 0.00468473 -0.04676594 0.0087
v 0.00468473 -0.04676594 -0.0087
v 0.00204348 -0.04695556 0.0087
v 0.00204348 -0.04695556 -0.0087
v 0.00437113 0.03471281 0.00398826
v 0.00438079 0.03470315 0.00400725
v 0.00187868 0.03720526 0.0087
v 0.00436741 0.03471653 -0.0039791
v 0.00436348 0.03472046 -0.00396745
v 0.00187868 0.03720526 -0.0087
v 0.00436741 0.03471653 0.0039791
v 0.0043973 0.03468664 0.00403126
v 0.00440025 0.03468369 0.00403485
v 0.00911595 0.02996799 -0.0087
v 0.00440139 0.03468255 -0.0040362
v 0.00438312 0.03470082 -0.00401114
v 0.00438125 0.03470269 -0.00400803
v 0.00437198 0.03471196 -0.00399016
v 0.00911595 0.02996799 0.0087
v 0.00435879 0.03472514 -0.0039478
v 0.00435643 0.0347275 -0.00392835
v 0.00435627 0.03472767 -0.00392532
v 0.00435729 0.03472665 0.00393769
v 0.00435892 0.03472502 0.00394851
v 0.00436088 0.03472305 0.00395781
v 0.00436289 0.03472105 0.00396543
v 0.00437113 -0.03471281 -0.00398826
v 0.00438079 -0.03470315 -0.00400725
v 0.00187868 -0.03720526 -0.0087
v 0.00436741 -0.03471653 0.0039791
v 0.00436348 -0.03472046 0.00396745
v 0.00187868 -0.03720526 0.0087
v 0.00436741 -0.03471653 -0.0039791
v 0.0043973 -0.03468664 -0.00403126
v 0.00440025 -0.03468369 -0.00403485
v 0.00911595 -0.02996799 0.0087
v 0.00440139 -0.03468255 0.0040362
v 0.00438312 -0.03470082 0.00401114
v 0.00438125 -0.03470269 0.00400803
v 0.00437198 -0.03471196 0.00399016
v 0.00911595 -0.02996799 -0.0087
v 0.00435879 -0.03472514 0.0039478
v 0.00435643 -0.0347275 0.00392835
v 0.00435627 -0.03472767 0.00392532
v 0.00435729 -0.03472665 -0.00393769
v 0.00435892 -0.03472502 -0.00394851
v 0.00436088 -0.03472305 -0.00395781
v 0.00436289 -0.03472105 -0.00396543
v 0.00101597 -0.03901748 -0.00184298
v 0.0010362 -0.03886192 -0.0017236
v 0.00103694 -0.03885727 -0.0087
v 0.00109321 -0.03858459 -0.00144627
v 0.00114683 -0.03839953 -0.00119143
v 0.00114683 -0.03839953 -0.0087
v 0.00103694 -0.03885727 0.0087
v 0.00103694 -0.03885727 0.0017197
v 0.0010362 -0.03886191 0.00172359
v 0.00100343 -0.03918319 0.00194856
v 0.00101598 -0.03901737 0.0018429
v 0.00106306 -0.03871469 0.00158848
v 0.00114683 -0.03839953 0.0087
v 0.00109321 -0.03858459 0.00144627
v 0.00127737 -0.03806671 -0.00019563
v 0.00128133 -0.03805819 -0
v 0.00132698 -0.03796461 -0.0087
v 0.00126564 -0.03809237 -0.00039071
v 0.00119267 -0.03826881 -0.00095049
v 0.00122205 -0.03819388 -0.00076955
v 0.00124674 -0.03813512 -0.00058334
v 0.00116009 -0.03835966 -0.00112505
v 0.00127738 -0.03806669 0.00019538
v 0.00132698 -0.03796461 0.0087
v 0.00126564 -0.03809237 0.00039071
v 0.00124677 -0.03813505 0.00058308
v 0.00122205 -0.03819388 0.00076955
v 0.00119268 -0.03826877 0.0009504
v 0.0011601 -0.03835963 0.001125
v 0.00106312 -0.0387144 -0.00158819
v 0.00100343 -0.03918319 -0.00194856
v 0.00157295 -0.03756322 0.0087
v 0.00157295 -0.03756322 -0.0087
v 0.00945561 -0.02967566 0.0087
v 0.00983503 -0.02943719 0.0087
v 0.00983503 -0.02943719 -0.0087
v 0.00945561 -0.02967566 -0.0087
v 0.00103354 0.03887925 -0.000825
v 0.00102289 0.03895668 -0.00094653
v 0.00103694 0.03885727 -0.0087
v 0.00101332 0.03904422 -0.0010606
v 0.00100104 0.03924759 -0.00126397
v 0.00100572 0.03914133 -0.0011666
v 0.00103694 0.03885727 0.0087
v 0.00103354 0.03887925 0.000825
v 0.00114683 0.03839953 0.0087
v 0.00105443 0.0387577 0.00056433
v 0.00107397 0.03866449 0.00014407
v 0.00107541 0.03865819 0
v 0.00106313 0.03871438 0.00042695
v 0.00106979 0.03868325 0.00028652
v 0.00107398 0.03866448 -0.0001439
v 0.00114683 0.03839953 -0.0087
v 0.00106979 0.03868325 -0.00028652
v 0.00106313 0.0387144 -0.000427
v 0.00105443 0.0387577 -0.00056433
v 0.00103694 0.03885727 -0.00078572
v 0.00100571 0.03914154 0.00116681
v 0.00101332 0.03904422 0.0010606
v 0.00102292 0.03895641 0.00094615
v 0.00100104 0.03924756 0.00126395
v 0.00132698 0.03796461 -0.0087
v 0.00132698 0.03796461 0.0087
v 0.00157295 0.03756322 -0.0087
v 0.00157295 0.03756322 0.0087
v 0.00983503 0.02943719 0.0087
v 0.00945561 0.02967566 0.0087
v 0.00945561 0.02967566 -0.0087
v 0.00983503 0.02943719 -0.0087
v 0.006 -0.03809237 -0.00039071
v 0.006 -0.03886192 -0.0017236
v 0.006 -0.03918319 -0.00194856
v 0.006 -0.03858459 -0.00144627
v 0.006 -0.03835963 -0.001125
v 0.006 -0.03819388 -0.00076955
v 0.006 -0.03805819 -0
v 0.006 -0.03809237 0.00039071
v 0.006 -0.03819388 0.00076955
v 0.006 -0.03835963 0.001125
v 0.006 -0.03858459 0.00144627
v 0.006 -0.03886192 0.0017236
v 0.006 -0.03918319 0.00194856
v 0.006 -0.03953864 0.00211431
v 0.006 -0.03953864 -0.00211431
v 0.006 -0.03991748 -0.00221582
v 0.006 -0.04030819 -0.00225
v 0.006 -0.0406989 -0.00221582
v 0.006 -0.04107773 -0.00211431
v 0.006 -0.04143319 -0.00194856
v 0.006 -0.04175446 -0.0017236
v 0.006 -0.04203179 -0.00144627
v 0.006 -0.04225675 -0.001125
v 0.006 -0.0424225 -0.00076955
v 0.006 -0.04252401 -0.00039071
v 0.006 -0.04255819 -0
v 0.006 -0.04252401 0.00039071
v 0.006 -0.0424225 0.00076955
v 0.006 -0.04225675 0.001125
v 0.006 -0.04203179 0.00144627
v 0.006 -0.04175446 0.0017236
v 0.006 -0.04143319 0.00194856
v 0.006 -0.04107773 0.00211431
v 0.006 -0.0406989 0.00221582
v 0.006 -0.04030819 0.00225
v 0.006 -0.03991748 0.00221582
v 0.006 -0.03894011 -0.00375877
v 0.006 -0.03961359 -0.00393923
v 0.00935098 -0.04299912 -0.00295954
v 0.00941821 -0.04287934 -0.00306418
v 0.006 -0.04287934 -0.00306418
v 0.006 -0.04167627 -0.00375877
v 0.01012977 -0.04206152 -0.00359525
v 0.01032932 -0.04191545 -0.00366288
v 0.01053701 -0.04178811 -0.00371616
v 0.01075824 -0.04167627 -0.00375877
v 0.006 -0.04100278 -0.00393923
v 0.01098394 -0.04158451 -0.00379091
v 0.006 -0.04230819 -0.0034641
v 0.009618 -0.04258345 -0.00328986
v 0.00985661 -0.04230819 -0.0034641
v 0.00994632 -0.04222034 -0.00351336
v 0.006 -0.04377229 -0.002
v 0.00906796 -0.04377229 -0.002
v 0.006 -0.04337237 -0.00257115
v 0.00910597 -0.04361688 -0.00224779
v 0.00915744 -0.04344812 -0.00247807
v 0.00918413 -0.04337237 -0.00257115
v 0.00925911 -0.04318757 -0.00277654
v 0.006 -0.04406696 -0.00136808
v 0.006 -0.04424742 -0.00069459
v 0.00900426 -0.04424742 -0.00069459
v 0.00900922 -0.04417216 -0.00103429
v 0.00901936 -0.04406696 -0.00136808
v 0.00903994 -0.04391931 -0.00172041
v 0.006 -0.04424742 0.00069459
v 0.00900218 -0.04429286 0.00034986
v 0.006 -0.04430819 -0
v 0.00900164 -0.04430819 -0
v 0.00900218 -0.04429283 -0.00035023
v 0.006 -0.04406696 0.00136808
v 0.00900922 -0.04417224 0.00103397
v 0.00900426 -0.04424742 0.00069459
v 0.006 -0.04377229 0.002
v 0.00903994 -0.04391931 0.00172041
v 0.00901936 -0.04406696 0.00136808
v 0.00918435 -0.04337176 0.00257187
v 0.0091587 -0.0434444 0.00248278
v 0.006 -0.04337237 0.00257115
v 0.00910608 -0.04361648 0.00224838
v 0.00906803 -0.04377195 0.00200058
v 0.00925851 -0.04318891 0.00277514
v 0.006 -0.04287934 0.00306418
v 0.00935311 -0.04299513 0.00296317
v 0.006 -0.04230819 0.0034641
v 0.009618 -0.04258345 0.00328986
v 0.00941821 -0.04287934 0.00306418
v 0.01032932 -0.04191545 0.00366288
v 0.006 -0.04167627 0.00375877
v 0.01053811 -0.0417875 0.0037164
v 0.0107568 -0.04167692 0.00375853
v 0.0101294 -0.04206181 0.00359511
v 0.00994528 -0.04222132 0.00351283
v 0.00985661 -0.04230819 0.0034641
v 0.01098323 -0.04158476 0.00379082
v 0.006 -0.04100278 0.00393923
v 0.006 -0.04030819 0.004
v 0.006 -0.03961359 0.00393923
v 0.006 -0.03894011 0.00375877
v 0.006 -0.03830819 0.0034641
v 0.006 -0.03773704 0.00306418
v 0.006 -0.03724401 0.00257115
v 0.006 -0.03684409 0.002
v 0.006 -0.03654942 0.00136808
v 0.006 -0.03636895 0.00069459
v 0.006 -0.03630819 -0
v 0.006 -0.03636895 -0.00069459
v 0.006 -0.03654942 -0.00136808
v 0.006 -0.03684409 -0.002
v 0.006 -0.03724401 -0.00257115
v 0.006 -0.03773704 -0.00306418
v 0.006 -0.03830819 -0.0034641
v 0.006 -0.04030819 -0.004
v 0.01027634 0.04195181 0.00014498
v 0.01030327 0.04193312 0.00028652
v 0.01036881 0.04188943 0.00047137
v 0.01041728 0.04185868 0.00056433
v 0.01101892 0.04157216 0.0010606
v 0.0108835 0.04162271 0.00099727
v 0.0105152 0.04180042 0.0007041
v 0.01063227 0.04173713 0.000825
v 0.0107568 0.04167692 0.00092145
v 0.01032932 0.04191545 0.00037308
v 0.01026728 0.04195819 0
v 0.01027639 0.04195177 -0.00014542
v 0.01030327 0.04193312 -0.00028652
v 0.01032932 0.04191545 -0.00037308
v 0.01036896 0.04188932 -0.0004717
v 0.01051539 0.04180031 -0.00070433
v 0.01041728 0.04185868 -0.00056433
v 0.01101892 0.04157216 -0.0010606
v 0.01088416 0.04162244 -0.00099761
v 0.0107568 0.04167692 -0.00092145
v 0.01063227 0.04173713 -0.000825
v 0.00897535 -0.04476529 0.0087
v 0.00897535 -0.04476529 -0.0087
v 0.00890199 -0.04507063 0.0087
v 0.00890199 -0.04507063 -0.0087
v 0.00878174 -0.04536073 0.0087
v 0.00878174 -0.04536073 -0.0087
v 0.00861757 -0.04562843 0.0087
v 0.00861757 -0.04562843 -0.0087
v 0.00841351 -0.04586713 0.0087
v 0.00841351 -0.04586713 -0.0087
v 0.00817461 -0.04607095 0.0087
v 0.00817461 -0.04607095 -0.0087
v 0.00790675 -0.04623486 0.0087
v 0.00790675 -0.04623486 -0.0087
v 0.00761653 -0.04635482 0.0087
v 0.00761653 -0.04635482 -0.0087
v 0.00761653 0.04635482 0.0087
v 0.00761653 0.04635482 -0.0087
v 0.00790675 0.04623486 0.0087
v 0.00790675 0.04623486 -0.0087
v 0.00817461 0.04607095 0.0087
v 0.00817461 0.04607095 -0.0087
v 0.00841351 0.04586713 0.0087
v 0.00841351 0.04586713 -0.0087
v 0.00861757 0.04562843 0.0087
v 0.00861757 0.04562843 -0.0087
v 0.00878174 0.04536073 0.0087
v 0.00878174 0.04536073 -0.0087
v 0.00890199 0.04507063 0.0087
v 0.00890199 0.04507063 -0.0087
v 0.00897535 0.04476529 0.0087
v 0.00897535 0.04476529 -0.0087
v 0.0107568 0.04167692 -0.0087
v 0.01032932 0.04191545 -0.0087
v 0.00994632 0.04222034 -0.0087
v 0.01032932 0.04191545 0.0087
v 0.00994632 0.04222034 0.0087
v 0.0107568 0.04167692 0.0087
v 0.00903994 0.04391931 -0.0087
v 0.00903994 0.04391931 0.0087
v 0.0091587 0.0434444 -0.0087
v 0.0091587 0.0434444 0.0087
v 0.00935311 0.04299513 -0.0087
v 0.00935311 0.04299513 0.0087
v 0.009618 0.04258345 -0.0087
v 0.009618 0.04258345 0.0087
v 0.0091587 -0.0434444 -0.0087
v 0.00903994 -0.04391931 -0.0087
v 0.0107568 -0.04167692 0.0087
v 0.01032932 -0.04191545 0.0087
v 0.00994632 -0.04222034 0.0087
v 0.009618 -0.04258345 0.0087
v 0.00935311 -0.04299513 0.0087
v 0.0091587 -0.0434444 0.0087
v 0.00903994 -0.04391931 0.0087
v 0.00935311 -0.04299513 -0.0087
v 0.009618 -0.04258345 -0.0087
v 0.00994632 -0.04222034 -0.0087
v 0.01032932 -0.04191545 -0.0087
v 0.0107568 -0.04167692 -0.0087
v 0.00188234 -0.04694955 0.0087
v 0.00188234 -0.04694955 -0.0087
v 0.00172425 -0.04691773 0.0087
v 0.00172425 -0.04691773 -0.0087
v 0.00157334 -0.04686091 0.0087
v 0.00157334 -0.04686091 -0.0087
v 0.00143352 -0.04678058 0.0087
v 0.00143352 -0.04678058 -0.0087
v 0.00130844 -0.04667882 0.0087
v 0.00130844 -0.04667882 -0.0087
v 0.00120133 -0.04655827 0.0087
v 0.00120133 -0.04655827 -0.0087
v 0.00111499 -0.04642208 0.0087
v 0.00111499 -0.04642208 -0.0087
v 0.00105167 -0.04627378 0.0087
v 0.00105167 -0.04627378 -0.0087
v 0.001013 -0.04611723 0.0087
v 0.001013 -0.04611723 -0.0087
v 0.00120133 0.04655827 -0.00890133
v 0.00115541 0.04649192 -0.00885541
v 0.00105167 0.04627378 -0.00875167
v 0.00108034 0.04634921 -0.00878034
v 0.00111499 0.04642208 -0.00881499
v 0.00100326 0.04603713 -0.00870326
v 0.001013 0.04611723 -0.008713
v 0.00102917 0.04619629 -0.00872917
v 0.00172425 0.04691773 -0.0087506
v 0.00180192 0.04693669 -0.00872874
v 0.0016763 0.04682 -0.00885
v 0.00188234 0.04694955 -0.00871273
v 0.00196229 0.04695579 -0.00870323
v 0.00150057 0.04682286 -0.0088531
v 0.00157334 0.04686091 -0.00881268
v 0.00164688 0.04689208 -0.00877901
v 0.00143352 0.04678058 -0.00889746
v 0.0427 -0 -0.009
v 0.0015006 0.04682288 0.00885309
v 0.0016763 0.04682 0.00885
v 0.00157334 0.04686091 0.00881268
v 0.00164678 0.04689204 0.00877905
v 0.00143352 0.04678058 0.00889746
v 0.00188234 0.04694955 0.00871273
v 0.00180225 0.04693675 0.00872866
v 0.00172425 0.04691773 0.0087506
v 0.00196221 0.04695579 0.00870323
v 0.00120133 0.04655827 0.00890133
v 0.00115541 0.04649192 0.00885541
v 0.00111499 0.04642208 0.00881499
v 0.00108034 0.04634921 0.00878034
v 0.00105167 0.04627378 0.00875167
v 0.00102917 0.04619629 0.00872917
v 0.001013 0.04611723 0.008713
v 0.00100326 0.04603713 0.00870326
v 0.043 0 0.0087
v 0.0427 0 0.009
v 0.01595192 -0.03115067 0.00394844
v 0.01363203 -0.03223345 0.00394844
v 0.01362917 -0.0322267 0.00397896
v 0.03268151 0.01251985 0.00394844
v 0.0335093 0.01009723 0.00394844
v 0.03350229 0.01009512 0.00397896
v 0.01818644 -0.02990119 0.00394844
v 0.02426094 -0.02522369 0.00394844
v 0.02917118 -0.01933572 0.00394844
v 0.03050663 -0.01715149 0.00394844
v 0.0335093 -0.01009723 0.00394844
v 0.035 0 0.00391716
v 0.0349039 -0.00255843 0.00394844
v 0.03167883 0.01487547 0.00394844
v 0.02767963 0.02141649 0.00394844
v 0.02603996 0.02338265 0.00394844
v 0.02032365 0.0284917 0.00394844
v 0.01363203 0.03223345 0.00394844
v 0.01123919 0.03314375 0.00394844
v 0.00628622 0.03442835 0.00394844
v 0.0062849 0.03442114 0.00397896
v 0.00628274 0.03440933 0.00400796
v 0.00627973 -0.03439284 0.0040352
v 0.00628274 -0.03440933 0.00400796
v 0.0062849 -0.03442114 0.00397896
v 0.00628622 -0.03442835 0.00394844
v 0.01595192 0.03115067 0.00394844
v 0.0223521 0.02692975 0.00394844
v 0.02917118 0.01933572 0.00394844
v 0.03415779 0.00762059 0.00394844
v 0.03462348 0.00510316 0.00394844
v 0.03462348 -0.00510316 0.00394844
v 0.03268151 -0.01251985 0.00394844
v 0.02767963 -0.02141649 0.00394844
v 0.0223521 -0.02692975 0.00394844
v 0.00878621 -0.03387669 0.00394844
v 0.03413891 0.00761638 0.00400796
v 0.03415063 0.00761899 0.00397896
v 0.03499021 0 0.00397896
v 0.03489659 0.00255789 0.00397896
v 0.0349039 0.00255843 0.00394844
v 0.01123298 -0.03312544 0.00400796
v 0.01123684 -0.03313681 0.00397896
v 0.01123919 -0.03314375 0.00394844
v 0.00877724 0.0338421 0.00403471
v 0.00878136 0.03385797 0.00400796
v 0.00878437 0.0338696 0.00397896
v 0.00878621 0.03387669 0.00394844
v 0.0136245 0.03221564 0.00400796
v 0.01123298 0.03312544 0.00400796
v 0.01123684 0.03313681 0.00397896
v 0.03458813 0.00509795 0.00403471
v 0.03460435 0.00510034 0.00400796
v 0.03461623 0.00510209 0.00397896
v 0.03488461 0.00255701 0.00400796
v 0.0349782 -0 0.00400796
v 0.03488461 -0.00255701 0.00400796
v 0.00877724 -0.0338421 0.00403471
v 0.00878136 -0.03385797 0.00400796
v 0.00878437 -0.0338696 0.00397896
v 0.01122772 0.03310991 0.00403471
v 0.01361811 0.03220054 0.00403471
v 0.01593563 0.03111886 0.00403471
v 0.01362917 0.0322267 0.00397896
v 0.01594858 0.03114415 0.00397896
v 0.0159431 0.03113345 0.00400796
v 0.0181764 0.02988467 0.00400796
v 0.01816787 0.02987066 0.00403471
v 0.0203029 0.02846261 0.00403471
v 0.01818264 0.02989493 0.00397896
v 0.02031242 0.02847596 0.00400796
v 0.02232928 0.02690225 0.00403471
v 0.01818644 0.02990119 0.00394844
v 0.0203194 0.02848573 0.00397896
v 0.02234742 0.02692411 0.00397896
v 0.02233975 0.02691487 0.00400796
v 0.02424754 0.02520975 0.00400796
v 0.02423589 0.02519764 0.00403526
v 0.02601337 0.02335878 0.00403471
v 0.02426094 0.02522369 0.00394844
v 0.02603451 0.02337775 0.00397896
v 0.02767383 0.021412 0.00397896
v 0.02766433 0.02140465 0.00400796
v 0.02915506 0.01932504 0.00400796
v 0.02914139 0.01931598 0.00403471
v 0.03047548 0.01713397 0.00403471
v 0.02916507 0.01933167 0.00397896
v 0.03048977 0.01714201 0.00400796
v 0.03164648 0.01486028 0.00403471
v 0.03050663 0.01715149 0.00394844
v 0.03050024 0.01714789 0.00397896
v 0.03167219 0.01487235 0.00397896
v 0.03166132 0.01486725 0.00400796
v 0.03266345 0.01251293 0.00400796
v 0.03264814 0.01250707 0.00403471
v 0.03347509 0.01008692 0.00403471
v 0.03267467 0.01251723 0.00397896
v 0.03349079 0.01009166 0.00400796
v 0.03412291 0.00761281 0.00403471
v 0.03486786 0.00255578 0.00403526
v 0.0349618 0 0.00403471
v 0.03486786 -0.00255578 0.00403526
v 0.03458813 -0.00509795 0.00403471
v 0.03499754 0 0.00394844
v 0.03489659 -0.00255789 0.00397896
v 0.03461623 -0.00510209 0.00397896
v 0.03460435 -0.00510034 0.00400796
v 0.03413891 -0.00761638 0.00400796
v 0.03412291 -0.00761281 0.00403471
v 0.03347509 -0.01008692 0.00403471
v 0.03415063 -0.00761899 0.00397896
v 0.03349079 -0.01009166 0.00400796
v 0.03264814 -0.01250707 0.00403471
v 0.03415779 -0.00762059 0.00394844
v 0.03350229 -0.01009512 0.00397896
v 0.03267467 -0.01251723 0.00397896
v 0.03266345 -0.01251293 0.00400796
v 0.03166132 -0.01486725 0.00400796
v 0.03164648 -0.01486028 0.00403471
v 0.03047548 -0.01713397 0.00403471
v 0.03167219 -0.01487235 0.00397896
v 0.03048977 -0.01714201 0.00400796
v 0.02914139 -0.01931598 0.00403471
v 0.03167883 -0.01487547 0.00394844
v 0.03050024 -0.01714789 0.00397896
v 0.02916507 -0.01933167 0.00397896
v 0.02915506 -0.01932504 0.00400796
v 0.02766433 -0.02140465 0.00400796
v 0.02765136 -0.02139462 0.00403471
v 0.02601337 -0.02335878 0.00403471
v 0.02603996 -0.02338265 0.00394844
v 0.02603451 -0.02337775 0.00397896
v 0.02425586 -0.02521841 0.00397896
v 0.02424754 -0.02520975 0.00400796
v 0.02233975 -0.02691487 0.00400796
v 0.02232928 -0.02690225 0.00403471
v 0.0203029 -0.02846261 0.00403471
v 0.02234742 -0.02692411 0.00397896
v 0.02031242 -0.02847596 0.00400796
v 0.01816787 -0.02987066 0.00403471
v 0.02032365 -0.0284917 0.00394844
v 0.0203194 -0.02848573 0.00397896
v 0.01818264 -0.02989493 0.00397896
v 0.0181764 -0.02988467 0.00400796
v 0.0159431 -0.03113345 0.00400796
v 0.01593563 -0.03111886 0.00403471
v 0.01361811 -0.03220054 0.00403471
v 0.01594858 -0.03114415 0.00397896
v 0.0136245 -0.03221564 0.00400796
v 0.01122772 -0.03310991 0.00403471
v 0.00627973 0.03439285 0.00403519
v 0.02425586 0.02521841 0.00397896
v 0.02602557 0.02336973 0.00400796
v 0.02765136 0.02139462 0.00403471
v 0.03494142 0 0.00405858
v 0.02767383 -0.021412 0.00397896
v 0.02602557 -0.02336973 0.00400796
v 0.02423589 -0.02519764 0.00403526
v 0.02767963 -0.02141649 -0.00394844
v 0.01595192 0.03115067 -0.00394844
v 0.00877724 -0.0338421 -0.00403471
v 0.00627973 -0.03439285 -0.00403519
v 0.00628274 -0.03440933 -0.00400796
v 0.03264814 0.01250707 -0.00403471
v 0.03347509 0.01008692 -0.00403471
v 0.03349079 0.01009166 -0.00400796
v 0.01122772 -0.03310991 -0.00403471
v 0.01816787 -0.02987066 -0.00403471
v 0.02423589 -0.02519764 -0.00403526
v 0.02914139 -0.01931598 -0.00403471
v 0.03047548 -0.01713397 -0.00403471
v 0.03347509 -0.01008692 -0.00403471
v 0.03494142 0 -0.00405858
v 0.03486786 -0.00255578 -0.00403526
v 0.03164648 0.01486028 -0.00403471
v 0.02765136 0.02139462 -0.00403471
v 0.02601337 0.02335878 -0.00403471
v 0.0203029 0.02846261 -0.00403471
v 0.01361811 0.03220054 -0.00403471
v 0.00627973 0.03439284 -0.0040352
v 0.00628274 0.03440933 -0.00400796
v 0.0062849 0.03442114 -0.00397896
v 0.00628622 0.03442835 -0.00394844
v 0.00628622 -0.03442835 -0.00394844
v 0.0062849 -0.03442114 -0.00397896
v 0.00877724 0.0338421 -0.00403471
v 0.01593563 0.03111886 -0.00403471
v 0.02232928 0.02690225 -0.00403471
v 0.02914139 0.01931598 -0.00403471
v 0.03412291 0.00761281 -0.00403471
v 0.03458813 0.00509795 -0.00403471
v 0.03458813 -0.00509795 -0.00403471
v 0.03264814 -0.01250707 -0.00403471
v 0.02601337 -0.02335878 -0.00403471
v 0.02232928 -0.02690225 -0.00403471
v 0.01593563 -0.03111886 -0.00403471
v 0.03415063 0.00761899 -0.00397896
v 0.03413891 0.00761638 -0.00400796
v 0.0349782 0 -0.00400796
v 0.03488461 0.00255701 -0.00400796
v 0.03486786 0.00255578 -0.00403526
v 0.00878136 -0.03385797 -0.00400796
v 0.01123684 0.03313681 -0.00397896
v 0.00878437 0.0338696 -0.00397896
v 0.00878136 0.03385797 -0.00400796
v 0.03462348 0.00510316 -0.00394844
v 0.03461623 0.00510209 -0.00397896
v 0.03460435 0.00510034 -0.00400796
v 0.03489659 0.00255789 -0.00397896
v 0.03499021 0 -0.00397896
v 0.03489659 -0.00255789 -0.00397896
v 0.01361811 -0.03220054 -0.00403471
v 0.01123298 -0.03312544 -0.00400796
v 0.00878437 -0.0338696 -0.00397896
v 0.00878621 0.03387669 -0.00394844
v 0.01123919 0.03314375 -0.00394844
v 0.01363203 0.03223345 -0.00394844
v 0.01122772 0.03310991 -0.00403471
v 0.0136245 0.03221564 -0.00400796
v 0.0159431 0.03113345 -0.00400796
v 0.01594858 0.03114415 -0.00397896
v 0.01818264 0.02989493 -0.00397896
v 0.01818644 0.02990119 -0.00394844
v 0.02032365 0.0284917 -0.00394844
v 0.0181764 0.02988467 -0.00400796
v 0.0203194 0.02848573 -0.00397896
v 0.0223521 0.02692975 -0.00394844
v 0.01816787 0.02987066 -0.00403471
v 0.02031242 0.02847596 -0.00400796
v 0.02233975 0.02691487 -0.00400796
v 0.02234742 0.02692411 -0.00397896
v 0.02425586 0.02521841 -0.00397896
v 0.02426094 0.02522369 -0.00394844
v 0.02603996 0.02338265 -0.00394844
v 0.02424754 0.02520975 -0.00400796
v 0.02603451 0.02337775 -0.00397896
v 0.02767963 0.02141649 -0.00394844
v 0.02423589 0.02519764 -0.00403526
v 0.02602557 0.02336973 -0.00400796
v 0.02766433 0.02140465 -0.00400796
v 0.02767383 0.021412 -0.00397896
v 0.02916507 0.01933167 -0.00397896
v 0.02917118 0.01933572 -0.00394844
v 0.03050663 0.01715149 -0.00394844
v 0.03047548 0.01713397 -0.00403471
v 0.03048977 0.01714201 -0.00400796
v 0.03166132 0.01486725 -0.00400796
v 0.03167219 0.01487235 -0.00397896
v 0.03267467 0.01251723 -0.00397896
v 0.03268151 0.01251985 -0.00394844
v 0.0335093 0.01009723 -0.00394844
v 0.03266345 0.01251293 -0.00400796
v 0.03350229 0.01009512 -0.00397896
v 0.03415779 0.00762059 -0.00394844
v 0.0349039 0.00255843 -0.00394844
v 0.03499754 0 -0.00394844
v 0.0349039 -0.00255843 -0.00394844
v 0.03462348 -0.00510316 -0.00394844
v 0.0349618 0 -0.00403471
v 0.03488461 -0.00255701 -0.00400796
v 0.03460435 -0.00510034 -0.00400796
v 0.03461623 -0.00510209 -0.00397896
v 0.03415063 -0.00761899 -0.00397896
v 0.03415779 -0.00762059 -0.00394844
v 0.0335093 -0.01009723 -0.00394844
v 0.03413891 -0.00761638 -0.00400796
v 0.03350229 -0.01009512 -0.00397896
v 0.03268151 -0.01251985 -0.00394844
v 0.03412291 -0.00761281 -0.00403471
v 0.03349079 -0.01009166 -0.00400796
v 0.03266345 -0.01251293 -0.00400796
v 0.03267467 -0.01251723 -0.00397896
v 0.03167219 -0.01487235 -0.00397896
v 0.03167883 -0.01487547 -0.00394844
v 0.03050663 -0.01715149 -0.00394844
v 0.03166132 -0.01486725 -0.00400796
v 0.03050024 -0.01714789 -0.00397896
v 0.02917118 -0.01933572 -0.00394844
v 0.02915506 -0.01932504 -0.00400796
v 0.02766433 -0.02140465 -0.00400796
v 0.02767383 -0.021412 -0.00397896
v 0.02603451 -0.02337775 -0.00397896
v 0.02603996 -0.02338265 -0.00394844
v 0.02426094 -0.02522369 -0.00394844
v 0.02765136 -0.02139462 -0.00403471
v 0.02602557 -0.02336973 -0.00400796
v 0.02425586 -0.02521841 -0.00397896
v 0.0223521 -0.02692975 -0.00394844
v 0.02424754 -0.02520975 -0.00400796
v 0.02233975 -0.02691487 -0.00400796
v 0.02234742 -0.02692411 -0.00397896
v 0.0203194 -0.02848573 -0.00397896
v 0.02032365 -0.0284917 -0.00394844
v 0.01818644 -0.02990119 -0.00394844
v 0.02031242 -0.02847596 -0.00400796
v 0.01818264 -0.02989493 -0.00397896
v 0.01595192 -0.03115067 -0.00394844
v 0.0203029 -0.02846261 -0.00403471
v 0.0181764 -0.02988467 -0.00400796
v 0.0159431 -0.03113345 -0.00400796
v 0.01594858 -0.03114415 -0.00397896
v 0.01362917 -0.0322267 -0.00397896
v 0.01363203 -0.03223345 -0.00394844
v 0.01123919 -0.03314375 -0.00394844
v 0.01123298 0.03312544 -0.00400796
v 0.01362917 0.0322267 -0.00397896
v 0.02915506 0.01932504 -0.00400796
v 0.03050024 0.01714789 -0.00397896
v 0.03167883 0.01487547 -0.00394844
v 0.035 0 -0.00391716
v 0.03164648 -0.01486028 -0.00403471
v 0.03048977 -0.01714201 -0.00400796
v 0.02916507 -0.01933167 -0.00397896
v 0.0136245 -0.03221564 -0.00400796
v 0.01123684 -0.03313681 -0.00397896
v 0.00878621 -0.03387669 -0.00394844
vn 0.99979 -0.0206 -0.0002
vn 1 0 0
vn 0.99979 -0.0204 0
vn 0.99923 0.0393 0
vn 0.99992 0.0125 0.0027
vn 0.99996 0.0091 0
vn 0.99924 0.039 -0.0003
vn 0.99924 -0.0389 0.0006
vn 0.99988 -0.0152 0
vn 0.99919 0.0403 0
vn 0.99923 -0.0393 0
vn 0.99984 -0.0176 -0.0023
vn 0.37471 -0.92711 0.0076
vn 0.38629 -0.92237 -0.0033
vn 0.38992 -0.92046 -0.0268
vn 0.4344 -0.90061 -0.0143
vn 0.44349 -0.89628 0
vn 0.485 -0.87399 -0.0303
vn 0.52831 -0.84892 -0.0149
vn 0.5357 -0.84441 0
vn 0.57481 -0.81761 -0.0334
vn 0.616 -0.7876 -0.0153
vn 0.6219 -0.7831 0
vn 0.65813 -0.75203 -0.0363
vn 0.69659 -0.71729 -0.0157
vn 0.70118 -0.71298 0
vn 0.73411 -0.67791 -0.0389
vn 0.76912 -0.63891 -0.0159
vn 0.7726 -0.6349 0
vn 0.80187 -0.59608 -0.0411
vn 0.83282 -0.55331 -0.0161
vn 0.8353 -0.5498 0
vn 0.86058 -0.50749 -0.0431
vn 0.88699 -0.4615 -0.0163
vn 0.8887 -0.4585 0
vn 0.90959 -0.4131 -0.0446
vn 0.9311 -0.3644 -0.0164
vn 0.93218 -0.36199 0
vn 0.94831 -0.314 -0.0459
vn 0.96457 -0.26329 -0.0165
vn 0.9652 -0.2615 0
vn 0.9763 -0.2113 -0.0468
vn 0.98711 -0.1592 -0.0165
vn 0.98742 -0.1581 0
vn 0.99321 -0.1063 -0.0473
vn 0.99844 -0.0533 -0.0166
vn 0.9986 -0.0529 0
vn 0.99887 0 -0.0475
vn 0.99836 0.055 -0.0162
vn 0.9986 0.0529 0
vn 0.98844 0.15141 -0.0085
vn 0.98908 0.1472 -0.008
vn 0.98679 0.1245 -0.1037
vn 0.96658 0.2562 -0.0088
vn 0.93363 0.35811 -0.0091
vn 0.93563 0.35291 -0.007
vn 0.94011 0.3287 -0.0903
vn 0.96783 0.25151 -0.0075
vn 0.96887 0.22779 -0.097
vn 0.88999 0.45589 -0.0094
vn 0.83602 0.54861 -0.0096
vn 0.8399 0.5427 -0.0061
vn 0.85157 0.51858 -0.0769
vn 0.89284 0.45032 -0.0066
vn 0.90087 0.42599 -0.0835
vn 0.77247 0.63498 -0.0098
vn 0.69994 0.71414 -0.0099
vn 0.7063 0.7079 -0.0052
vn 0.7251 0.6857 -0.0635
vn 0.77748 0.62888 -0.0057
vn 0.79276 0.60547 -0.0702
vn 0.6193 0.78509 -0.01
vn 0.53131 0.84712 -0.01
vn 0.5407 0.8412 -0.0043
vn 0.56662 0.82243 -0.0504
vn 0.627 0.779 -0.0047
vn 0.64946 0.75826 -0.057
vn 0.4372 0.89931 -0.0098
vn 0.38699 0.92207 0.0047
vn 0.37251 0.92802 -0.0033
vn 0.38328 0.92286 -0.0377
vn 0.44821 0.89392 -0.0038
vn 0.47759 0.87748 -0.044
vn 0.4372 -0.89931 0.0098
vn 0.38699 -0.92207 -0.0047
vn 0.37251 -0.92802 0.0033
vn 0.38328 -0.92286 0.0377
vn 0.44821 -0.89392 0.0038
vn 0.53131 -0.84712 0.01
vn 0.47759 -0.87748 0.044
vn 0.5407 -0.8412 0.0043
vn 0.6193 -0.78509 0.01
vn 0.56662 -0.82243 0.0504
vn 0.627 -0.779 0.0047
vn 0.69994 -0.71414 0.0099
vn 0.64946 -0.75826 0.057
vn 0.7063 -0.7079 0.0052
vn 0.77247 -0.63498 0.0098
vn 0.7251 -0.6857 0.0635
vn 0.77748 -0.62888 0.0057
vn 0.83602 -0.54861 0.0096
vn 0.79276 -0.60547 0.0702
vn 0.8399 -0.5427 0.0061
vn 0.88999 -0.45589 0.0094
vn 0.85157 -0.51858 0.0769
vn 0.89284 -0.45032 0.0066
vn 0.93363 -0.35811 0.0091
vn 0.90087 -0.42599 0.0835
vn 0.93563 -0.35291 0.007
vn 0.96658 -0.2562 0.0088
vn 0.94011 -0.3287 0.0903
vn 0.96783 -0.25151 0.0075
vn 0.98844 -0.15141 0.0085
vn 0.96887 -0.22779 0.097
vn 0.98908 -0.1472 0.008
vn 0.99895 -0.045 0.0081
vn 0.98679 -0.1245 0.1037
vn 0.99911 -0.0413 0.0084
vn 0.99854 0.0516 0.0162
vn 0.99369 -0.0198 0.1104
vn 0.99321 0.1063 0.0473
vn 0.98711 0.1592 0.0165
vn 0.98742 0.1581 0
vn 0.9763 0.2113 0.0468
vn 0.96457 0.26329 0.0165
vn 0.9652 0.2615 0
vn 0.94831 0.314 0.0459
vn 0.9311 0.3644 0.0164
vn 0.93218 0.36199 0
vn 0.90959 0.4131 0.0446
vn 0.88699 0.4615 0.0163
vn 0.8887 0.4585 0
vn 0.86058 0.50749 0.0431
vn 0.83282 0.55331 0.0161
vn 0.8353 0.5498 0
vn 0.80187 0.59608 0.0411
vn 0.76912 0.63891 0.0159
vn 0.7726 0.6349 0
vn 0.73411 0.67791 0.0389
vn 0.69659 0.71729 0.0157
vn 0.70118 0.71298 0
vn 0.65813 0.75203 0.0363
vn 0.616 0.7876 0.0153
vn 0.6219 0.7831 0
vn 0.57481 0.81761 0.0334
vn 0.52831 0.84892 0.0149
vn 0.5357 0.84441 0
vn 0.485 0.87399 0.0303
vn 0.4344 0.90061 0.0143
vn 0.37471 0.92711 -0.0076
vn 0.38629 0.92237 0.0033
vn 0.38992 0.92046 0.0268
vn 0.44349 0.89628 0
vn 0 0 -1
vn 0.0001 0 -1
vn -0.0002 0 -1
vn 0 0 1
vn 0.0001 0 1
vn 0.216 0.67341 -0.70701
vn 0.21121 0.67523 -0.70673
vn 0.2403 0.78529 -0.57059
vn 0.20381 0.67833 -0.70593
vn 0.1869 0.68331 -0.70581
vn 0.1889 0.7099 -0.6785
vn 0.1503 0.69108 -0.70698
vn 0.247 0.69201 -0.67831
vn 0.2248 0.67041 -0.70711
vn 0.22081 0.67173 -0.70713
vn 0.2403 -0.78529 -0.57059
vn 0.20381 -0.67833 -0.70593
vn 0.21121 -0.67523 -0.70673
vn 0.2248 -0.67041 -0.70711
vn 0.247 -0.69201 -0.67831
vn 0.22089 -0.67177 -0.70706
vn 0.216 -0.67341 -0.70701
vn 0.1869 -0.68331 -0.70581
vn 0.1888 -0.70991 -0.67851
vn 0.1561 -0.68968 -0.70708
vn 0.1503 -0.69108 -0.70698
vn 0.1265 -0.69611 -0.70671
vn 0.12941 -0.72233 -0.67933
vn 0.1153 -0.74501 -0.65701
vn 0.1561 0.68968 -0.70708
vn 0.1265 0.69611 -0.70671
vn 0.12931 0.72244 -0.67924
vn 0.1158 0.74722 -0.65441
vn 0.2291 -0.66899 -0.70709
vn 0.246 -0.6622 -0.7078
vn 0.2777 -0.68009 -0.67849
vn 0.2801 -0.64819 -0.70809
vn 0.2947 -0.64431 -0.70571
vn 0.3123 -0.6333 -0.7081
vn 0.33561 -0.65353 -0.67843
vn 0.34699 -0.61499 -0.70809
vn 0.35109 -0.61508 -0.70598
vn 0.39009 -0.62259 -0.67839
vn 0.37831 -0.59691 -0.70752
vn 0.41742 -0.60443 -0.67854
vn 0.40989 -0.57548 -0.70768
vn 0.51552 -0.67782 -0.52422
vn 0.4385 -0.5537 -0.7079
vn 0.46692 -0.56732 -0.67833
vn 0.46848 -0.52837 -0.70806
vn 0.47352 -0.52632 -0.70623
vn 0.51452 -0.52352 -0.67912
vn 0.49582 -0.50412 -0.70713
vn 0.53761 -0.50061 -0.67851
vn 0.52169 -0.47719 -0.70719
vn 0.56521 -0.48391 -0.66811
vn 0.54542 -0.44921 -0.70762
vn 0.57697 -0.45518 -0.67817
vn 0.56922 -0.41831 -0.70782
vn 0.57452 -0.41372 -0.70623
vn 0.61458 -0.40228 -0.67857
vn 0.59069 -0.3889 -0.70699
vn 0.71212 -0.42941 -0.55542
vn 0.6101 -0.3571 -0.70729
vn 0.64611 -0.3503 -0.67811
vn 0.6278 -0.3243 -0.7076
vn 0.66128 -0.32059 -0.67818
vn 0.64476 -0.28948 -0.70745
vn 0.64938 -0.28239 -0.70608
vn 0.68597 -0.26239 -0.67867
vn 0.65931 -0.2564 -0.70681
vn 0.67159 -0.2236 -0.70638
vn 0.67129 -0.221 -0.70749
vn 0.70633 -0.20311 -0.67812
vn 0.68211 -0.1848 -0.70751
vn 0.71476 -0.17089 -0.67817
vn 0.69167 -0.14759 -0.70697
vn 0.82675 -0.15801 -0.53993
vn 0.72603 -0.1105 -0.67873
vn 0.69876 -0.11249 -0.70646
vn 0.70341 -0.076 -0.70671
vn 0.70271 -0.0751 -0.70751
vn 0.73288 -0.0463 -0.67878
vn 0.70592 -0.0369 -0.70732
vn 0.70771 0.0006 -0.70651
vn 0.70791 0.001 -0.70631
vn 0.7323 0.0463 -0.6794
vn 0.70729 0.0364 -0.70599
vn 0.70341 0.075 -0.70681
vn 0.7028 0.0742 -0.7075
vn 0.72641 0.1106 -0.67831
vn 0.69782 0.1122 -0.70743
vn 0.82683 0.15831 -0.53972
vn 0.69101 0.1481 -0.70751
vn 0.71478 0.17079 -0.67818
vn 0.68231 0.1852 -0.70721
vn 0.7059 0.2033 -0.6785
vn 0.67159 0.2226 -0.70669
vn 0.67159 0.2204 -0.70739
vn 0.6862 0.2625 -0.6784
vn 0.65872 0.25621 -0.70742
vn 0.64952 0.28271 -0.70583
vn 0.64431 0.2896 -0.70781
vn 0.66128 0.32059 -0.67818
vn 0.6278 0.3245 -0.7075
vn 0.64562 0.35041 -0.67852
vn 0.7122 0.4289 -0.5557
vn 0.61031 0.3567 -0.70731
vn 0.6147 0.4024 -0.6784
vn 0.5904 0.3888 -0.7073
vn 0.57452 0.41391 -0.70612
vn 0.56907 0.41828 -0.70796
vn 0.57692 0.45532 -0.67812
vn 0.54542 0.44921 -0.70762
vn 0.56542 0.48392 -0.66792
vn 0.52169 0.47719 -0.70719
vn 0.53763 0.50053 -0.67854
vn 0.49582 0.50412 -0.70713
vn 0.51452 0.52352 -0.67912
vn 0.47352 0.52632 -0.70623
vn 0.46851 0.52841 -0.70801
vn 0.46692 0.56732 -0.67833
vn 0.4385 0.5537 -0.7079
vn 0.51549 0.67779 -0.52429
vn 0.40989 0.57548 -0.70768
vn 0.41748 0.60447 -0.67847
vn 0.37829 0.59698 -0.70747
vn 0.39009 0.62249 -0.67848
vn 0.35111 0.61492 -0.70612
vn 0.34708 0.61497 -0.70806
vn 0.33561 0.65353 -0.67843
vn 0.3123 0.6333 -0.7081
vn 0.2947 0.64431 -0.70571
vn 0.2801 0.64819 -0.70809
vn 0.27772 0.68014 -0.67844
vn 0.246 0.6622 -0.7078
vn 0.2291 0.66899 -0.70709
vn 0.1521 -0.98807 0.0241
vn 0.1521 -0.98832 -0.0095
vn 0.17751 -0.98333 0.0393
vn 0.17751 -0.98334 -0.0392
vn 0.2209 -0.9753 0.0013
vn 0.2209 -0.9753 -0.0013
vn 0.2623 -0.96419 0.0393
vn 0.2623 -0.96419 -0.0392
vn 0.30459 -0.95168 0.0392
vn 0.30459 -0.95168 -0.0392
vn 0.3446 -0.93159 0.1157
vn 0.3446 -0.93159 -0.1157
vn 0.38131 -0.92362 0.0392
vn 0.38131 -0.92362 -0.0392
vn 0.422 -0.9066 0.0012
vn 0.422 -0.9066 -0.0012
vn 0.46121 -0.88642 0.0393
vn 0.46121 -0.88642 -0.0393
vn 0.48698 -0.85517 0.17759
vn 0.48698 -0.85517 -0.17759
vn 0.533 -0.8452 0.0392
vn 0.533 -0.8452 -0.0392
vn 0.56971 -0.82091 0.0392
vn 0.56971 -0.82091 -0.0392
vn 0.60404 -0.79695 0.0014
vn 0.60399 -0.79699 -0.0014
vn 0.63819 -0.76888 0.0392
vn 0.63819 -0.76888 -0.0392
vn 0.67213 -0.74043 0.0014
vn 0.67213 -0.74043 -0.0014
vn 0.7019 -0.7112 0.0392
vn 0.7019 -0.7112 -0.0392
vn 0.73261 -0.67951 0.0392
vn 0.73261 -0.67951 -0.0392
vn 0.75055 -0.63586 0.17989
vn 0.75055 -0.63586 -0.17989
vn 0.78635 -0.61654 0.0393
vn 0.78635 -0.61654 -0.0393
vn 0.8134 -0.5817 0.0012
vn 0.8134 -0.5817 -0.0012
vn 0.83759 -0.54489 0.0392
vn 0.83759 -0.54489 -0.0392
vn 0.85253 -0.51032 0.113
vn 0.85253 -0.51032 -0.113
vn 0.87932 -0.47461 0.0392
vn 0.87932 -0.47461 -0.0392
vn 0.89938 -0.43539 0.0393
vn 0.89938 -0.43539 -0.0393
vn 0.91796 -0.39668 0.0013
vn 0.91796 -0.39668 -0.0013
vn 0.93389 -0.3554 0.0392
vn 0.93389 -0.3554 -0.0392
vn 0.91357 -0.30659 0.26719
vn 0.91357 -0.30659 -0.26719
vn 0.96068 -0.27489 0.0392
vn 0.96068 -0.27489 -0.0392
vn 0.97188 -0.2322 0.0392
vn 0.97188 -0.2322 -0.0392
vn 0.95587 -0.18329 0.22959
vn 0.95587 -0.18329 -0.22959
vn 0.98792 -0.1499 0.0392
vn 0.98792 -0.1499 -0.0392
vn 0.99433 -0.1063 0.0012
vn 0.99433 -0.1063 -0.0012
vn 0.99729 -0.0623 0.0392
vn 0.99729 -0.0623 -0.0392
vn 0.99729 0.0623 0.0392
vn 0.99729 0.0623 -0.0392
vn 0.99433 0.1063 0.0012
vn 0.99433 0.1063 -0.0012
vn 0.98792 0.1499 0.0392
vn 0.98792 0.1499 -0.0392
vn 0.95587 0.18329 0.22959
vn 0.95587 0.18329 -0.22959
vn 0.97188 0.2322 0.0392
vn 0.97188 0.2322 -0.0392
vn 0.96068 0.27489 0.0392
vn 0.96068 0.27489 -0.0392
vn 0.91357 0.30659 0.26719
vn 0.91357 0.30659 -0.26719
vn 0.93389 0.3554 0.0392
vn 0.93389 0.3554 -0.0392
vn 0.91796 0.39668 0.0013
vn 0.91796 0.39668 -0.0013
vn 0.89938 0.43539 0.0393
vn 0.89938 0.43539 -0.0393
vn 0.87932 0.47461 0.0392
vn 0.87932 0.47461 -0.0392
vn 0.85253 0.51032 0.113
vn 0.85253 0.51032 -0.113
vn 0.83759 0.54489 0.0392
vn 0.83759 0.54489 -0.0392
vn 0.8134 0.5817 0.0012
vn 0.8134 0.5817 -0.0012
vn 0.78635 0.61654 0.0393
vn 0.78635 0.61654 -0.0393
vn 0.75055 0.63586 0.17989
vn 0.75056 0.63587 -0.17979
vn 0.73261 0.67951 0.0392
vn 0.73261 0.67951 -0.0392
vn 0.7019 0.7112 0.0392
vn 0.7019 0.7112 -0.0392
vn 0.67213 0.74043 0.0014
vn 0.67213 0.74043 -0.0014
vn 0.63819 0.76888 0.0392
vn 0.63819 0.76888 -0.0392
vn 0.60399 0.79699 0.0014
vn 0.60404 0.79695 -0.0014
vn 0.56971 0.82091 0.0392
vn 0.56971 0.82091 -0.0392
vn 0.533 0.8452 0.0392
vn 0.533 0.8452 -0.0392
vn 0.48698 0.85517 0.17759
vn 0.48698 0.85517 -0.17759
vn 0.46121 0.88642 0.0393
vn 0.46121 0.88642 -0.0393
vn 0.422 0.9066 0.0012
vn 0.422 0.9066 -0.0012
vn 0.38131 0.92362 0.0392
vn 0.38131 0.92362 -0.0392
vn 0.34459 0.93158 0.1158
vn 0.3446 0.93159 -0.1157
vn 0.30459 0.95168 0.0392
vn 0.30459 0.95168 -0.0392
vn 0.2623 0.96419 0.0392
vn 0.2623 0.96419 -0.0392
vn 0.2209 0.9753 0.0013
vn 0.2209 0.9753 -0.0013
vn 0.17751 0.98334 0.0392
vn 0.17751 0.98333 -0.0393
vn 0.1521 0.98832 0.0095
vn 0.1521 0.98807 -0.0241
vn 0.216 -0.67341 0.70701
vn 0.21121 -0.67523 0.70673
vn 0.2403 -0.78529 0.57059
vn 0.20381 -0.67833 0.70593
vn 0.1869 -0.68331 0.70581
vn 0.1889 -0.7099 0.6785
vn 0.1503 -0.69108 0.70698
vn 0.247 -0.69201 0.67831
vn 0.2248 -0.67041 0.70711
vn 0.22081 -0.67173 0.70713
vn 0.2403 0.78529 0.57059
vn 0.20381 0.67833 0.70593
vn 0.21121 0.67523 0.70673
vn 0.2248 0.67041 0.70711
vn 0.247 0.69201 0.67831
vn 0.22089 0.67177 0.70706
vn 0.216 0.67341 0.70701
vn 0.1869 0.68331 0.70581
vn 0.1888 0.70991 0.67851
vn 0.1561 0.68968 0.70708
vn 0.1503 0.69108 0.70698
vn 0.1265 0.69611 0.70671
vn 0.1294 0.72238 0.67928
vn 0.1153 0.74501 0.65701
vn 0.1561 -0.68968 0.70708
vn 0.1265 -0.69611 0.70671
vn 0.12931 -0.72244 0.67924
vn 0.1158 -0.74722 0.65441
vn 0.2291 0.66899 0.70709
vn 0.246 0.6622 0.7078
vn 0.2777 0.68009 0.67849
vn 0.2801 0.64819 0.70809
vn 0.2947 0.64431 0.70571
vn 0.3123 0.6333 0.7081
vn 0.33561 0.65353 0.67843
vn 0.34699 0.61499 0.70809
vn 0.35109 0.61508 0.70598
vn 0.39009 0.62259 0.67839
vn 0.37831 0.59691 0.70752
vn 0.41742 0.60443 0.67854
vn 0.40989 0.57548 0.70768
vn 0.51552 0.67782 0.52422
vn 0.4385 0.5537 0.7079
vn 0.46692 0.56732 0.67833
vn 0.46848 0.52837 0.70806
vn 0.47352 0.52632 0.70623
vn 0.51452 0.52352 0.67912
vn 0.49582 0.50412 0.70713
vn 0.53761 0.50061 0.67851
vn 0.52169 0.47719 0.70719
vn 0.56521 0.48391 0.66811
vn 0.54542 0.44921 0.70762
vn 0.57697 0.45518 0.67817
vn 0.56922 0.41831 0.70782
vn 0.57452 0.41372 0.70623
vn 0.61458 0.40228 0.67857
vn 0.59069 0.3889 0.70699
vn 0.71212 0.42941 0.55542
vn 0.6101 0.3571 0.70729
vn 0.64611 0.3503 0.67811
vn 0.6278 0.3243 0.7076
vn 0.66128 0.32059 0.67818
vn 0.64476 0.28948 0.70745
vn 0.64938 0.28239 0.70608
vn 0.68597 0.26239 0.67867
vn 0.65931 0.2564 0.70681
vn 0.67159 0.2236 0.70638
vn 0.67129 0.221 0.70749
vn 0.70633 0.20311 0.67812
vn 0.68211 0.1848 0.70751
vn 0.71476 0.17089 0.67817
vn 0.69167 0.14759 0.70697
vn 0.82675 0.15801 0.53993
vn 0.72603 0.1105 0.67873
vn 0.69876 0.11249 0.70646
vn 0.70341 0.076 0.70671
vn 0.70271 0.0751 0.70751
vn 0.73288 0.0463 0.67878
vn 0.70592 0.0369 0.70732
vn 0.70771 -0.0006 0.70651
vn 0.70791 -0.001 0.70631
vn 0.7323 -0.0463 0.6794
vn 0.70729 -0.0364 0.70599
vn 0.70341 -0.075 0.70681
vn 0.7028 -0.0742 0.7075
vn 0.72641 -0.1106 0.67831
vn 0.69782 -0.1122 0.70743
vn 0.82683 -0.15831 0.53972
vn 0.69101 -0.1481 0.70751
vn 0.71478 -0.17079 0.67818
vn 0.68231 -0.1852 0.70721
vn 0.7059 -0.2033 0.6785
vn 0.67159 -0.2226 0.70669
vn 0.67159 -0.2204 0.70739
vn 0.6862 -0.2625 0.6784
vn 0.65872 -0.25621 0.70742
vn 0.64952 -0.28271 0.70583
vn 0.64431 -0.2896 0.70781
vn 0.66128 -0.32059 0.67818
vn 0.6278 -0.3245 0.7075
vn 0.64562 -0.35041 0.67852
vn 0.7122 -0.4289 0.5557
vn 0.61031 -0.3567 0.70731
vn 0.6147 -0.4024 0.6784
vn 0.5904 -0.3888 0.7073
vn 0.57452 -0.41391 0.70612
vn 0.56907 -0.41828 0.70796
vn 0.57692 -0.45532 0.67812
vn 0.54542 -0.44921 0.70762
vn 0.56542 -0.48392 0.66792
vn 0.52169 -0.47719 0.70719
vn 0.53763 -0.50053 0.67854
vn 0.49582 -0.50412 0.70713
vn 0.51452 -0.52352 0.67912
vn 0.47352 -0.52632 0.70623
vn 0.46851 -0.52841 0.70801
vn 0.46692 -0.56732 0.67833
vn 0.4385 -0.5537 0.7079
vn 0.51549 -0.67779 0.52429
vn 0.40989 -0.57548 0.70768
vn 0.41748 -0.60447 0.67847
vn 0.37829 -0.59698 0.70747
vn 0.39009 -0.62259 0.67839
vn 0.35111 -0.61492 0.70612
vn 0.34708 -0.61497 0.70806
vn 0.33561 -0.65353 0.67843
vn 0.3123 -0.6333 0.7081
vn 0.2947 -0.64431 0.70571
vn 0.2801 -0.64819 0.70809
vn 0.2777 -0.68009 0.67849
vn 0.246 -0.6622 0.7078
vn 0.2291 -0.66899 0.70709
vn -0.0347 -0.9994 0.0002
vn -0.0348 -0.99939 0
vn -0.0816 -0.99667 0
vn -0.1117 -0.99374 0
vn -0.1804 -0.98359 0
vn -0.99923 -0.0393 0
vn -0.99917 -0.0408 0
vn -0.30711 0.95162 -0.0103
vn -0.29249 0.95627 0.002
vn -0.32141 0.94694 -0.002
vn -0.33229 0.94316 -0.005
vn -0.34711 0.93782 -0.0041
vn -0.35931 0.93322 0
vn -0.38988 0.92086 -0.0035
vn -0.43641 0.89972 -0.0066
vn -0.41871 0.90812 -0.0014
vn -0.50937 0.86055 -0.0003
vn -0.49912 0.86653 -0.0016
vn -0.51887 0.85485 -0.0037
vn -0.51523 0.85705 0
vn -0.48088 0.87676 -0.0068
vn -0.4625 0.8866 -0.0059
vn -0.43839 0.89878 0
vn -0.5588 0.8293 0.003
vn -0.56429 0.82558 0
vn -0.59519 0.80359 0.0006
vn -0.54181 0.84042 0.0113
vn -0.54669 0.83729 0.0087
vn -0.55201 0.83382 0.0061
vn -0.55887 0.82925 -0.003
vn -0.59548 0.80337 -0.001
vn -0.55201 0.83382 -0.0061
vn -0.54669 0.83729 -0.0087
vn -0.54181 0.84042 -0.0113
vn -0.53758 0.84317 -0.0083
vn -0.51918 0.85467 0
vn -0.45822 0.88864 0.0188
vn -0.51811 0.85531 0.002
vn -0.44692 0.89453 0.0086
vn -0.43622 0.89984 0.0022
vn -0.41871 0.90812 0.0014
vn -0.48088 0.87676 0.0068
vn -0.49919 0.86649 0.0016
vn -0.50937 0.86055 0.0003
vn -0.51519 0.85708 0
vn -0.53348 0.84576 0.0092
vn -0.53698 0.84347 0.0142
vn -0.31881 0.94782 0.0028
vn -0.2911 0.95669 0
vn -0.30251 0.95314 0.0026
vn -0.35241 0.93584 0.0036
vn -0.3367 0.94161 0.0002
vn -0.36479 0.93107 0.006
vn -0.38439 0.92307 0.0141
vn -0.35339 -0.93548 0
vn -0.34399 -0.93897 0.0001
vn -0.3493 -0.937 0.0049
vn -0.32572 -0.94545 0.0051
vn -0.32081 -0.94714 0.0023
vn -0.31099 -0.95038 0.0082
vn -0.2914 -0.9566 0.003
vn -0.27389 -0.96176 0.0005
vn -0.2844 -0.9587 -0.0017
vn -0.43332 -0.90124 0
vn -0.4309 -0.9024 0.0001
vn -0.43718 -0.89937 0.0029
vn -0.23141 -0.96223 -0.1434
vn -0.42702 -0.90424 0.0002
vn -0.41981 -0.90761 0.0008
vn -0.4093 -0.9124 0.0024
vn -0.39659 -0.91798 0.0054
vn -0.38421 -0.92323 0.0049
vn -0.36671 -0.93033 0.001
vn -0.2477 -0.9672 0.0563
vn -0.2538 -0.96682 0.0291
vn -0.51757 -0.85564 -0.0001
vn -0.25531 -0.96685 0.0025
vn -0.2531 -0.96718 -0.0224
vn -0.25041 -0.96693 -0.0483
vn -0.51761 -0.85562 0.0001
vn -0.24739 -0.96565 -0.0795
vn -0.23291 -0.96573 -0.1145
vn -0.4093 -0.9124 -0.0024
vn -0.41981 -0.90761 -0.0008
vn -0.4367 -0.8996 -0.0022
vn -0.39659 -0.91798 -0.0054
vn -0.3439 -0.93901 -0.0001
vn -0.3504 -0.93659 -0.0047
vn -0.3703 -0.9289 -0.0057
vn -0.38159 -0.92427 -0.0105
vn -0.42702 -0.90424 -0.0002
vn -0.4309 -0.9024 -0.0001
vn -0.23129 -0.96226 0.14339
vn -0.2442 -0.96339 0.1107
vn -0.24549 -0.96597 0.0815
vn -0.31991 -0.94744 -0.0022
vn -0.28301 -0.95912 0
vn -0.27389 -0.96176 -0.0005
vn -0.2914 -0.9566 -0.003
vn -0.3089 -0.95109 -0.0043
vn -0.32841 -0.94453 -0.0016
vn -0.6674 0.7447 0
vn -0.73388 0.67928 0
vn -0.79401 0.60791 0
vn -0.84719 0.53129 0
vn -0.89302 0.45001 0
vn -0.93109 0.3648 0
vn -0.96104 0.27641 0
vn -0.98262 0.1856 0
vn -0.99565 0.0932 0
vn -1 0 0
vn -0.99565 -0.0932 0
vn -0.98262 -0.1856 0
vn -0.96104 -0.27641 0
vn -0.93109 -0.3648 0
vn -0.89302 -0.45001 0
vn -0.84719 -0.53129 0
vn -0.79401 -0.60791 0
vn -0.73388 -0.67928 0
vn -0.6674 -0.7447 0
vn -0.59501 -0.80372 0
vn -0.99917 0.0408 0
vn -0.99918 0.0405 -0.0006
vn -0.99923 0.0393 0
vn -0.1804 0.98359 0
vn -0.0997 0.99502 0
vn -0.0172 0.99985 0
vn 0.70711 0.70711 0
vn 0.73431 0.67881 0
vn 0.70711 0.70711 0.0001
vn 0.70711 0.70711 -0.0001
vn 0.70721 0.70701 0.0001
vn 0.68042 0.73282 -0.0013
vn 0.69749 0.71659 0
vn 0.70711 0.70711 -0.0003
vn 0.70711 0.70711 -0.0002
vn 0.68223 0.73113 0.0038
vn 0.70706 0.70716 0
vn 0.70691 0.70731 0
vn 0.705 0.7092 -0.0008
vn 0.70761 0.70661 0
vn 0.70701 0.70721 0.0001
vn 0.70721 0.70701 0.0003
vn 0.70711 -0.70711 0
vn 0.73431 -0.67881 0
vn 0.70711 -0.70711 -0.0001
vn 0.70711 -0.70711 0.0001
vn 0.70721 -0.70701 -0.0001
vn 0.68042 -0.73282 0.0013
vn 0.69749 -0.71659 0
vn 0.70711 -0.70711 0.0003
vn 0.70711 -0.70711 0.0002
vn 0.68223 -0.73113 -0.0038
vn 0.70706 -0.70716 0
vn 0.70691 -0.70731 0
vn 0.705 -0.7092 0.0008
vn 0.70761 -0.70661 0
vn 0.70701 -0.70721 -0.0001
vn 0.70721 -0.70701 -0.0003
vn 0.99369 -0.1122 -0.0004
vn 0.98572 -0.1684 -0.0024
vn 0.98768 -0.1565 0
vn 0.96394 -0.26611 -0.0003
vn 0.94932 -0.31431 -0.0032
vn 0.95107 -0.30899 0
vn 0.98768 -0.1565 0.0011
vn 0.98483 -0.17351 0
vn 0.98899 -0.148 0
vn 0.99825 -0.0591 0.0008
vn 0.99367 -0.1123 0.0004
vn 0.9765 -0.2155 0.001
vn 0.95103 -0.30911 0.001
vn 0.96255 -0.27111 0.0002
vn 0.90542 -0.42451 -0.0002
vn 0.89898 -0.43799 0
vn 0.891 -0.454 0
vn 0.90909 -0.4166 -0.0003
vn 0.93136 -0.36409 -0.0018
vn 0.92212 -0.38691 -0.001
vn 0.91459 -0.40439 -0.0005
vn 0.941 -0.3384 -0.0031
vn 0.90542 -0.42451 0.0002
vn 0.89086 -0.45428 0.0005
vn 0.90909 -0.4166 0.0004
vn 0.91172 -0.41081 0.0022
vn 0.92158 -0.38819 0.0013
vn 0.9321 -0.3622 0.0006
vn 0.94478 -0.32769 0.0001
vn 0.97659 -0.2151 -0.002
vn 0.99828 -0.0586 -0.0021
vn 0.809 -0.5878 0
vn 0.59421 -0.80431 0.0014
vn 0.60112 -0.79913 0.0073
vn 0.65719 -0.75369 0.0075
vn 0.46789 -0.88378 0.002
vn 0.39598 -0.91816 0.0132
vn 0.4728 -0.8811 0.011
vn 0.5177 -0.85541 0.0161
vn 0.4021 -0.91559 -0.0022
vn 0.46811 -0.88362 -0.0088
vn 0.4631 -0.8863 0
vn 0.5232 -0.85221 -0.0016
vn 0.59379 -0.80459 -0.0072
vn 0.59456 -0.80405 0
vn 0.65929 -0.75189 -0.0013
vn 0.98872 0.1498 0
vn 0.99142 0.1307 -0.0001
vn 0.98769 0.1564 -0.0007
vn 0.99477 0.1021 -0.0006
vn 0.99929 0.0377 -0.0017
vn 0.99752 0.0703 -0.0015
vn 0.98768 0.1565 -0.0001
vn 0.98536 0.17049 0.0028
vn 0.9511 0.3089 -0.0001
vn 0.97991 0.1994 0.0023
vn 0.97097 0.23919 0.0009
vn 0.96428 0.26489 0
vn 0.97663 0.21491 0.0017
vn 0.97415 0.22591 0.0013
vn 0.97097 0.23919 -0.0009
vn 0.95097 0.30929 -0.0004
vn 0.97415 0.22591 -0.0013
vn 0.97663 0.21491 -0.0017
vn 0.97977 0.20009 -0.0019
vn 0.98548 0.1698 0
vn 0.99752 0.0703 0.0015
vn 0.99477 0.1021 0.0006
vn 0.99142 0.1307 0.0001
vn 0.9993 0.0373 0.0029
vn 0.891 0.454 0
vn 0.809 0.5878 0
vn 0.4021 0.91559 0.0022
vn 0.46811 0.88362 0.0088
vn 0.4631 0.8863 0
vn 0.5232 0.85221 0.0016
vn 0.59379 0.80459 0.0072
vn 0.59456 0.80405 0
vn 0.65929 0.75189 0.0013
vn 0.59421 0.80431 -0.0014
vn 0.60112 0.79913 -0.0073
vn 0.65719 0.75369 -0.0075
vn 0.46789 0.88378 -0.002
vn 0.39598 0.91816 -0.0132
vn 0.4728 0.8811 -0.011
vn 0.5177 0.85541 -0.0161
vn 0.0018 0.99621 0.087
vn 0.0018 0.98419 0.1771
vn 0 0.9848 0.1737
vn 0 0.64059 0.76789
vn 0 0.57168 0.82047
vn 0.0017 0.64277 0.76606
vn 0.0017 0.50001 0.86602
vn 0 0.7049 0.7093
vn 0.0014 0.7662 0.6426
vn 0 0.77102 0.63681
vn 0 0.83139 0.55569
vn 0.0006 0.8662 0.4997
vn 0 0.87099 0.4913
vn 0 0.9397 0.342
vn 0.0017 0.96533 0.26101
vn 0.0018 0.9379 0.3469
vn 0.0016 0.90487 0.42569
vn 0.0017 1 0.0012
vn 0.0009 1 0.0006
vn 0 0.99611 -0.0881
vn 0.0018 0.9848 -0.1737
vn 0 0.98443 -0.1758
vn 0 0.9651 -0.2619
vn 0.0018 0.9397 -0.342
vn 0 0.93838 -0.34559
vn 0 0.90453 -0.42641
vn 0.0009 0.86573 -0.50052
vn 0 0.85134 -0.52462
vn 0.0008 0.76638 -0.64238
vn 0 0.77588 -0.63088
vn 0.0001 0.7053 -0.7089
vn 0.0017 0.64282 -0.76602
vn 0 0.65892 -0.75222
vn 0.0017 0.50001 -0.86602
vn 0 0.57173 -0.82044
vn 0 0.6249 -0.7807
vn 0.0008 0.34149 -0.93988
vn 0 0.4292 -0.90321
vn 0 0.50237 -0.86465
vn 0 0.50237 0.86465
vn 0 0.4292 0.90321
vn 0.0008 0.34149 0.93988
vn 0 0.325 0.94571
vn 0 0.1736 0.98482
vn 0 -0.1736 0.98482
vn 0 -0.1737 0.9848
vn 0 -0.342 0.9397
vn 0 -0.50001 0.86602
vn 0 -0.64282 0.76602
vn 0 -0.76602 0.64282
vn 0 -0.86602 0.50001
vn 0 -0.9397 0.342
vn 0 -0.9848 0.1737
vn 0 -1 0
vn 0 -0.9848 -0.1737
vn 0 -0.9397 -0.342
vn 0 -0.86602 -0.50001
vn 0 -0.76602 -0.64282
vn 0 -0.64282 -0.76602
vn 0 -0.50001 -0.86602
vn 0 -0.342 -0.9397
vn 0 -0.1737 -0.9848
vn 0 -0.1736 -0.98482
vn 0 0.1736 -0.98482
vn 0 0.325 -0.94571
vn -0.0024 0.3614 0.93241
vn 0 0.342 0.9397
vn -0.001 -0.67339 0.73929
vn -0.0043 -0.62161 0.78331
vn -0.0004 -0.64277 0.76606
vn -0.0003 -0.342 0.9397
vn -0.004 -0.42641 0.90452
vn -0.0013 -0.39219 0.91988
vn -0.0002 -0.36149 0.93238
vn -0.0066 -0.31679 0.94847
vn -0.0001 -0.1736 0.98482
vn -0.0062 -0.29641 0.95504
vn -0.0008 -0.2451 0.9695
vn -0.0003 -0.50001 0.86602
vn -0.0027 -0.55963 0.82874
vn -0.0076 -0.493 0.87
vn -0.0083 -0.46071 0.88751
vn -0.0004 -0.86602 0.50001
vn -0.0052 -0.86333 0.50462
vn -0.0004 -0.76602 0.64282
vn -0.0065 -0.82658 0.56278
vn -0.0009 -0.7897 0.6135
vn -0.0055 -0.75398 0.65688
vn -0.0062 -0.71668 0.69738
vn -0.0004 -0.93967 0.34209
vn -0.0004 -0.9848 0.1737
vn -0.0044 -0.98418 0.1771
vn -0.0054 -0.96658 0.2563
vn -0.004 -0.93752 0.34791
vn -0.0046 -0.9048 0.4258
vn -0.0047 -0.98479 -0.1737
vn -0.0004 -0.99617 -0.0874
vn -0.0024 -1 0.0016
vn -0.0043 -0.99999 0.0032
vn -0.0054 -0.99643 0.0843
vn -0.0046 -0.93969 -0.342
vn -0.0004 -0.96582 -0.25921
vn 0 -0.98476 -0.17389
vn -0.0046 -0.86601 -0.50001
vn -0.0004 -0.90369 -0.42819
vn 0 -0.9386 -0.345
vn 0 -0.7571 -0.6533
vn -0.0008 -0.78917 -0.61418
vn -0.0044 -0.76596 -0.64287
vn -0.0013 -0.82473 -0.56552
vn 0 -0.86539 -0.5011
vn -0.0016 -0.71501 -0.69911
vn -0.0041 -0.6427 -0.7661
vn -0.001 -0.67292 -0.73972
vn -0.0029 -0.49939 -0.86638
vn -0.0002 -0.55887 -0.82926
vn 0 -0.62518 -0.78048
vn -0.0013 -0.39211 -0.91992
vn -0.0017 -0.34191 -0.93973
vn -0.0002 -0.36149 -0.93238
vn 0 -0.33459 -0.94236
vn -0.004 -0.42649 -0.90448
vn -0.0048 -0.46008 -0.88786
vn 0 -0.50261 -0.86451
vn -0.0049 -0.2963 -0.95508
vn -0.0007 -0.1732 -0.98489
vn -0.0008 -0.2451 -0.9695
vn 0 -0.1016 -0.99483
vn -0.0001 -0.0001 -1
vn 0 -0.0069 -0.99998
vn 0 0.0801 -0.99679
vn -0.0001 0.1737 -0.9848
vn 0 0.23849 -0.97115
vn -0.0005 0.3417 -0.93981
vn 0 0.35608 -0.93445
vn 0 0.43908 -0.89845
vn -0.0005 0.50032 -0.86584
vn 0 0.55412 -0.83243
vn 0 0.64282 -0.76602
vn 0 0.68358 -0.72988
vn -0.0005 0.76584 -0.64303
vn 0 0.7748 -0.6322
vn 0 0.83051 -0.55701
vn -0.0007 0.86609 -0.49989
vn 0 0.8644 -0.5028
vn -0.001 0.88947 -0.45699
vn -0.0007 0.93966 -0.34212
vn -0.0004 0.91703 -0.39881
vn -0.0009 0.98482 -0.1736
vn 0 0.9685 -0.249
vn 0 0.94486 -0.32748
vn -0.0009 1 0
vn 0 0.99648 -0.0838
vn 0 0.98599 -0.1668
vn -0.0009 0.98482 0.1736
vn 0 0.99651 0.0835
vn 0 1 -0.0001
vn -0.0004 0.91708 0.39869
vn 0 0.94489 0.3274
vn -0.0005 0.93959 0.3423
vn 0 0.96853 0.24891
vn 0 0.98602 0.1666
vn -0.0015 0.7761 0.6306
vn -0.0005 0.83051 0.55701
vn 0 0.86602 0.50001
vn -0.0022 0.86627 0.49958
vn -0.0019 0.88961 0.45671
vn 0 0.76602 0.64282
vn 0 0.64282 0.76602
vn 0 0.68358 0.72988
vn 0 0.50001 0.86602
vn 0 0.55412 0.83243
vn -0.0005 0.43899 0.89849
vn -0.0047 0.0081 0.99996
vn -0.0007 0.0801 0.99679
vn 0 0.23849 0.97115
vn 0 -0.1015 0.99484
vn -0.0002 -0.91406 -0.40558
vn -0.0007 -0.94154 -0.33691
vn 0 -0.93101 -0.365
vn -0.0006 0.9959 -0.0905
vn -0.001 0.98518 -0.1715
vn 0 0.98482 -0.1736
vn -0.0002 0.95627 -0.29249
vn -0.0008 0.93229 -0.3617
vn 0 0.9397 -0.342
vn -0.0002 0.6946 -0.7194
vn -0.0013 0.75133 -0.65993
vn 0 0.76606 -0.64277
vn -0.0001 0.78804 -0.61563
vn 0 0.86602 -0.50001
vn -0.0004 0.898 -0.44
vn -0.0011 0.85779 -0.514
vn -0.0007 0.82138 -0.57038
vn -0.0011 0.97229 -0.2338
vn -0.0007 1 -0.0004
vn -0.0003 1 -0.0002
vn 0 0.99586 0.0909
vn -0.0006 0.9848 0.1737
vn 0 0.98534 0.17061
vn -0.0004 0.97219 0.2342
vn -0.0006 0.9397 0.342
vn -0.0002 0.95623 0.29261
vn -0.0006 0.86602 0.50001
vn 0 0.8979 0.4402
vn 0 0.9326 0.3609
vn 0 0.75352 0.65742
vn -0.0001 0.7879 0.6158
vn -0.0006 0.76602 0.64282
vn -0.0003 0.8213 0.5705
vn 0 0.85869 0.51249
vn 0 0.6946 0.7194
vn -0.0003 0.64271 0.76611
vn 0 0.58578 0.81047
vn 0 0.4396 0.89819
vn 0 0.27669 0.96096
vn 0 0.1059 0.99438
vn -0.0001 0 1
vn 0 0.0035 0.99999
vn 0 -0.0843 0.99644
vn -0.0001 -0.1737 0.9848
vn 0 -0.23981 0.97082
vn 0 -0.40239 0.91547
vn 0 -0.48673 0.87355
vn 0.0003 -0.55269 0.83339
vn 0 -0.5842 0.81161
vn 0.0004 -0.68662 0.72702
vn 0 -0.64748 0.76208
vn 0 -0.70631 0.70791
vn 0.0004 -0.79962 0.60051
vn 0 -0.76497 0.64407
vn 0 -0.81801 0.57521
vn 0.0001 -0.87233 0.48892
vn 0.0001 -0.85775 0.51407
vn -0.0003 -0.91431 0.40501
vn 0.0001 -0.89228 0.45149
vn -0.0002 -0.94129 0.3376
vn 0 -0.93357 0.35839
vn 0.0001 -0.96556 0.26019
vn 0.0001 -0.98462 0.1747
vn 0.0002 -1 0
vn 0.0001 -0.99616 0.0876
vn 0.0004 -0.98459 -0.1749
vn 0.0003 -0.96561 -0.26
vn 0.0001 -0.99615 -0.0877
vn -0.0006 -0.87261 -0.48841
vn 0.0004 -0.87512 -0.48391
vn 0 -0.79987 -0.60018
vn 0.0004 -0.81822 -0.57491
vn 0.0004 -0.76483 -0.64423
vn 0 -0.68703 -0.72663
vn 0.0004 -0.70641 -0.70781
vn 0.0005 -0.64721 -0.76231
vn 0 -0.55329 -0.83299
vn 0.0005 -0.58443 -0.81144
vn 0 -0.40239 -0.91547
vn 0 -0.48673 -0.87355
vn -0.0014 -0.0009 -1
vn -0.0002 -0.0843 -0.99644
vn 0 -0.23981 -0.97082
vn 0 0.58571 -0.81052
vn 0 0.4396 -0.89819
vn 0 0.50001 -0.86602
vn 0 0.27669 -0.96096
vn 0 0.342 -0.9397
vn 0 0.1058 -0.99439
vn -0.98768 0.1565 0
vn -0.951 0.3092 0
vn -0.89086 0.45428 0
vn -0.80879 0.58809 0
vn -0.70676 0.70746 0
vn -0.58729 0.80938 0
vn -0.4534 0.89131 0
vn -0.3083 0.95129 0
vn -0.3083 -0.95129 0
vn -0.4534 -0.89131 0
vn -0.58729 -0.80938 0
vn -0.70676 -0.70746 0
vn -0.80879 -0.58809 0
vn -0.89086 -0.45428 0
vn -0.951 -0.3092 0
vn -0.98768 -0.1565 0
vn -0.32871 -0.94443 0.0005
vn -0.41448 -0.91006 0.0011
vn -0.37759 -0.92597 0.0003
vn -0.53068 -0.84757 0.0002
vn -0.55701 -0.83051 0.0008
vn -0.5478 -0.83661 0
vn -0.55977 -0.82865 0
vn -0.50273 -0.86445 0.0007
vn -0.46508 -0.88527 0.0011
vn -0.42159 -0.90679 0
vn -0.68471 -0.72881 0.0003
vn -0.63 -0.7766 0
vn -0.59668 -0.80248 0.0019
vn -0.56931 -0.82212 0
vn -0.55689 -0.83059 0
vn -0.5028 -0.8644 -0.0007
vn -0.53073 -0.84754 -0.0002
vn -0.56831 -0.82281 -0.0033
vn -0.68456 -0.72896 0
vn -0.57978 -0.81477 -0.0032
vn -0.59673 -0.80244 -0.0022
vn -0.4144 -0.9101 0
vn -0.32829 -0.94458 -0.0017
vn -0.37771 -0.92592 -0.0003
vn -0.4241 -0.90561 -0.0023
vn -0.46481 -0.88541 -0.0022
vn -0.98669 -0.1626 0
vn -0.94711 -0.3209 0
vn -0.88229 -0.4707 0
vn -0.93938 0.34289 0.0001
vn -0.95515 0.29611 0.0028
vn -0.94711 0.3209 0.0001
vn -0.98057 0.19619 0.0002
vn -0.99047 0.1377 0.0028
vn -0.98669 0.1626 0.0001
vn -0.34161 0.93984 -0.0001
vn -0.4144 0.91009 -0.002
vn -0.55689 0.83058 -0.0019
vn -0.49161 0.87082 -0.0001
vn -0.41798 0.90846 0
vn -0.68471 0.72881 -0.0017
vn -0.62917 0.77727 -0.0001
vn -0.5622 0.827 0
vn -0.79401 0.60791 -0.0014
vn -0.73542 0.67762 0
vn -0.6826 0.7308 0
vn -0.88225 0.47077 -0.0015
vn -0.85888 0.51219 0
vn -0.80482 0.59352 0
vn -0.95347 0.30149 0
vn -0.93916 0.34348 -0.0001
vn -0.94711 0.3209 -0.0015
vn -0.91992 0.39211 -0.0005
vn -0.8912 0.4536 0
vn -0.96897 0.24719 -0.0009
vn -0.98671 0.1625 -0.0013
vn -0.98054 0.19631 -0.0002
vn -0.99535 0.0963 0.0018
vn -0.99785 0.0655 0.0008
vn -0.999 0.0446 0.0004
vn -0.99948 0.0322 0.0002
vn -0.99986 0.017 0
vn -0.99948 0.0321 -0.0002
vn -0.999 0.0447 -0.0004
vn -0.99785 0.0655 -0.0008
vn -0.99536 0.0962 -0.0014
vn -0.98934 0.14561 0
vn -0.96897 0.24719 0.0017
vn -0.88229 0.4707 0.0001
vn -0.80566 0.59237 0.0012
vn -0.85906 0.51188 0.0006
vn -0.89302 0.45001 0.0025
vn -0.91983 0.39231 0.0014
vn -0.68456 0.72896 0.0001
vn -0.55689 0.83059 0.0001
vn -0.5638 0.82591 0.0021
vn -0.62839 0.77789 0.0016
vn -0.68461 0.72891 0.0032
vn -0.73474 0.67834 0.0022
vn -0.4144 0.9101 0.0001
vn -0.3403 0.94031 0.002
vn -0.4192 0.90789 0.0021
vn -0.49091 0.87121 0.0018
vn 0.11769 0.99305 0
vn 0.27571 0.96124 0
vn 0.4267 0.90439 0
vn 0.56648 0.82407 0
vn 0.69159 0.72229 0
vn 0.79867 0.60177 0
vn 0.885 0.4656 0
vn 0.94832 0.31731 0
vn 0.987 0.1607 0
vn 0.51981 0.47981 -0.70681
vn 0.51912 0.48052 -0.70683
vn 0.5721 0.4156 -0.7071
vn 0.63002 0.32101 -0.70712
vn 0.6725 0.2185 -0.7071
vn 0.69841 0.1106 -0.70711
vn 0.70684 0.0273 -0.70684
vn 0.70682 0.0283 -0.70682
vn 0.48079 0.51879 -0.70689
vn 0.4814 0.5182 -0.70691
vn 0.70711 0 -0.70711
vn 0.70716 0 -0.70706
vn 0.70726 0 -0.70696
vn 0.70701 0 -0.70721
vn 0.2765 0.65159 -0.70639
vn 0.27611 0.65172 -0.70642
vn 0.3305 0.62511 -0.70711
vn 0.41991 0.56891 -0.70712
vn -0.0264 -0.70646 -0.70726
vn -0.0278 -0.70568 -0.70798
vn -0.0336 -0.69501 -0.71821
vn -0.0291 -0.7048 -0.7088
vn -0.0301 -0.70378 -0.70978
vn -0.024 -0.7055 -0.7083
vn -0.0241 -0.7062 -0.7076
vn -0.0249 -0.70664 -0.70714
vn -0.0612 -0.70046 -0.71106
vn -0.0344 -0.69132 -0.72173
vn -0.0242 -0.7048 -0.709
vn -0.1272 -0.69569 -0.70699
vn -0.1278 -0.69498 -0.70758
vn -0.0812 -0.69399 -0.71539
vn -0.0564 -0.70428 -0.70768
vn -0.0437 -0.68563 -0.72663
vn 0.3038 0.63851 -0.70711
vn 0.3705 0.60229 -0.70709
vn 0.4328 0.5592 -0.7071
vn 0.49021 0.50961 -0.70711
vn 0.54199 0.45419 -0.70708
vn 0.5875 0.3935 -0.7071
vn 0.62629 0.3283 -0.70709
vn 0.65781 0.2594 -0.70711
vn 0.68181 0.1874 -0.70711
vn 0.69799 0.1133 -0.70709
vn 0.7061 0.0379 -0.7071
vn 0.7061 -0.0379 -0.7071
vn 0.69799 -0.1133 -0.70709
vn 0.68181 -0.1874 -0.70711
vn 0.65781 -0.2594 -0.70711
vn 0.62629 -0.3283 -0.70709
vn 0.5875 -0.3935 -0.7071
vn 0.54199 -0.45419 -0.70708
vn 0.49021 -0.50961 -0.70711
vn 0.4328 -0.5592 -0.7071
vn 0.3705 -0.60229 -0.70709
vn 0.3038 -0.63851 -0.70711
vn 0.27611 -0.65172 -0.70642
vn 0.2765 -0.65159 -0.70639
vn -0.218 -0.67269 -0.70709
vn -0.32059 -0.63028 -0.70708
vn -0.4153 -0.5723 -0.7071
vn -0.4998 -0.5002 -0.7071
vn -0.57191 -0.41581 -0.70712
vn -0.62992 -0.32121 -0.70712
vn -0.67243 -0.21861 -0.70714
vn -0.67249 -0.2186 -0.70709
vn -0.6984 -0.1107 -0.7071
vn -0.70684 -0.0273 -0.70684
vn -0.70682 -0.0283 -0.70682
vn 0.48079 -0.51879 -0.70689
vn 0.4814 -0.5182 -0.70691
vn 0.41991 -0.56891 -0.70712
vn 0.3305 -0.62511 -0.70711
vn -0.7068 -0.0294 -0.7068
vn -0.70682 -0.0284 -0.70682
vn 0.51981 -0.47981 -0.70681
vn 0.51912 -0.48052 -0.70683
vn -0.22839 -0.66998 -0.70638
vn -0.22779 -0.67018 -0.70638
vn -0.29301 -0.64352 -0.70712
vn -0.3938 -0.5873 -0.7071
vn -0.4841 -0.51541 -0.70711
vn -0.56141 -0.42991 -0.70711
vn -0.6239 -0.3328 -0.7071
vn -0.66971 -0.2269 -0.70711
vn -0.6977 -0.115 -0.7071
vn 0.70682 -0.0283 -0.70682
vn 0.70684 -0.0273 -0.70684
vn 0.69841 -0.1106 -0.70711
vn 0.6725 -0.2185 -0.7071
vn 0.63002 -0.32101 -0.70712
vn 0.5721 -0.4156 -0.7071
vn -0.24729 -0.66248 -0.70708
vn -0.308 -0.6365 -0.7071
vn -0.36601 -0.60501 -0.70711
vn -0.42079 -0.56829 -0.70709
vn -0.4719 -0.5266 -0.7071
vn -0.51892 -0.48032 -0.70712
vn -0.59908 -0.37569 -0.70708
vn -0.63149 -0.31819 -0.70709
vn -0.6584 -0.2579 -0.7071
vn -0.67959 -0.1954 -0.70709
vn -0.69482 -0.1312 -0.70712
vn -0.70402 -0.0659 -0.70712
vn -0.70711 0 -0.70711
vn -0.70402 0.0659 -0.70712
vn -0.69482 0.1312 -0.70712
vn -0.67959 0.1954 -0.70709
vn -0.6584 0.2579 -0.7071
vn -0.63149 0.31819 -0.70709
vn -0.59908 0.37569 -0.70708
vn -0.56141 0.42991 -0.70711
vn -0.51892 0.48032 -0.70712
vn -0.4719 0.5266 -0.7071
vn -0.42079 0.56829 -0.70709
vn -0.36601 0.60501 -0.70711
vn -0.308 0.6365 -0.7071
vn -0.24731 0.66243 -0.70713
vn -0.22839 0.66998 -0.70638
vn -0.22779 0.67018 -0.70638
vn 0.70681 0.0291 -0.70681
vn 0.70683 0.028 -0.70683
vn -0.7068 0.0294 -0.7068
vn -0.70682 0.0284 -0.70682
vn -0.6977 0.115 -0.7071
vn -0.66971 0.2269 -0.70711
vn -0.6239 0.3328 -0.7071
vn -0.4841 0.51541 -0.70711
vn -0.3938 0.5873 -0.7071
vn -0.29301 0.64352 -0.70712
vn -0.0117 0.70711 -0.70701
vn -0.0126 0.7071 -0.707
vn 0.0832 0.7022 -0.7071
vn 0.195 0.6797 -0.7071
vn 0.3017 0.63951 -0.70711
vn 0.4006 0.5827 -0.7071
vn 0.48899 0.51079 -0.70709
vn 0.56472 0.42552 -0.70713
vn 0.6258 0.3292 -0.7071
vn 0.6706 0.2243 -0.7071
vn 0.69791 0.1136 -0.70711
vn 0.69791 0.1137 -0.70711
vn -0.70684 0.0273 -0.70684
vn -0.70682 0.0283 -0.70682
vn -0.128 0.69552 -0.70702
vn -0.1272 0.69569 -0.70699
vn -0.0705 0.7036 -0.7071
vn -0.6984 0.1107 -0.7071
vn -0.67249 0.2186 -0.70709
vn -0.62992 0.32121 -0.70712
vn -0.57189 0.41589 -0.70709
vn -0.4998 0.5002 -0.7071
vn -0.4153 0.5723 -0.7071
vn -0.32059 0.63028 -0.70708
vn -0.218 0.67269 -0.70709
vn -0.70682 -0.0283 0.70682
vn -0.70684 -0.0273 0.70684
vn -0.6984 -0.1107 0.7071
vn -0.67249 -0.2186 0.70709
vn -0.62992 -0.32121 0.70712
vn -0.57189 -0.41589 0.70709
vn -0.4998 -0.5002 0.7071
vn -0.4153 -0.5723 0.7071
vn -0.32059 -0.63028 0.70708
vn -0.218 -0.67269 0.70709
vn -0.12579 -0.69526 0.70766
vn -0.1266 -0.6958 0.70699
vn -0.70682 -0.0284 0.70682
vn -0.7068 -0.0294 0.7068
vn -0.0629 -0.69988 0.71148
vn -0.0578 -0.70477 0.70707
vn -0.0405 -0.69157 0.72117
vn -0.024 -0.7054 0.7084
vn -0.0332 -0.69502 0.71822
vn -0.0241 -0.7062 0.7076
vn -0.0249 -0.70664 0.70714
vn -0.0242 -0.7047 0.7091
vn -0.0344 -0.69132 0.72173
vn -0.0291 -0.7048 0.7088
vn -0.0278 -0.70568 0.70798
vn -0.0263 -0.70641 0.70731
vn -0.0301 -0.70378 0.70978
vn -0.0829 -0.69191 0.71721
vn -0.6977 -0.115 0.7071
vn -0.66971 -0.2269 0.70711
vn -0.6239 -0.3328 0.7071
vn -0.56141 -0.42991 0.70711
vn -0.4841 -0.51541 0.70711
vn -0.3938 -0.5873 0.7071
vn -0.29301 -0.64352 0.70712
vn -0.22839 -0.66998 0.70638
vn -0.22779 -0.67018 0.70638
vn 0.70711 0 0.70711
vn 0.70684 0.0273 0.70684
vn 0.70682 0.0283 0.70682
vn 0.70706 0 0.70716
vn 0.70701 0 0.70721
vn 0.70721 0 0.70701
vn -0.22779 0.67018 0.70638
vn -0.22839 0.66998 0.70638
vn -0.24729 0.66248 0.70708
vn -0.308 0.6365 0.7071
vn -0.36601 0.60501 0.70711
vn -0.42079 0.56829 0.70709
vn -0.4719 0.5266 0.7071
vn -0.51892 0.48032 0.70712
vn -0.56141 0.42991 0.70711
vn -0.59908 0.37569 0.70708
vn -0.63149 0.31819 0.70709
vn -0.6584 0.2579 0.7071
vn -0.67959 0.1954 0.70709
vn -0.69482 0.1312 0.70712
vn -0.70402 0.0659 0.70712
vn -0.70711 0 0.70711
vn -0.70402 -0.0659 0.70712
vn -0.69482 -0.1312 0.70712
vn -0.67959 -0.1954 0.70709
vn -0.6584 -0.2579 0.7071
vn -0.63149 -0.31819 0.70709
vn -0.59908 -0.37569 0.70708
vn -0.51892 -0.48032 0.70712
vn -0.4719 -0.5266 0.7071
vn -0.42079 -0.56829 0.70709
vn -0.36601 -0.60501 0.70711
vn -0.308 -0.6365 0.7071
vn -0.24731 -0.66243 0.70713
vn 0.69841 0.1106 0.70711
vn 0.6725 0.2185 0.7071
vn 0.63002 0.32101 0.70712
vn 0.5721 0.4156 0.7071
vn 0.51912 0.48052 0.70683
vn 0.51981 0.47981 0.70681
vn -0.29301 0.64352 0.70712
vn -0.3938 0.5873 0.7071
vn -0.4841 0.51541 0.70711
vn -0.6239 0.3328 0.7071
vn -0.66971 0.2269 0.70711
vn -0.6977 0.115 0.7071
vn -0.7068 0.0294 0.7068
vn -0.70682 0.0284 0.70682
vn 0.4814 0.5182 0.70691
vn 0.48079 0.51879 0.70689
vn -0.70682 0.0283 0.70682
vn -0.70684 0.0273 0.70684
vn 0.41991 0.56891 0.70712
vn 0.3305 0.62511 0.70711
vn 0.27611 0.65172 0.70642
vn 0.2765 0.65159 0.70639
vn -0.128 0.69552 0.70702
vn -0.1272 0.69569 0.70699
vn -0.218 0.67269 0.70709
vn -0.32059 0.63028 0.70708
vn -0.4153 0.5723 0.7071
vn -0.4998 0.5002 0.7071
vn -0.57191 0.41581 0.70712
vn -0.62992 0.32121 0.70712
vn -0.67243 0.21861 0.70714
vn -0.67249 0.2186 0.70709
vn -0.6984 0.1107 0.7071
vn 0.27611 -0.65172 0.70642
vn 0.2765 -0.65159 0.70639
vn 0.3038 -0.63851 0.70711
vn 0.3705 -0.60229 0.70709
vn 0.4328 -0.5592 0.7071
vn 0.49021 -0.50961 0.70711
vn 0.54199 -0.45419 0.70708
vn 0.5875 -0.3935 0.7071
vn 0.62629 -0.3283 0.70709
vn 0.65781 -0.2594 0.70711
vn 0.68181 -0.1874 0.70711
vn 0.69799 -0.1133 0.70709
vn 0.7061 -0.0379 0.7071
vn 0.7061 0.0379 0.7071
vn 0.69799 0.1133 0.70709
vn 0.68181 0.1874 0.70711
vn 0.65781 0.2594 0.70711
vn 0.62629 0.3283 0.70709
vn 0.5875 0.3935 0.7071
vn 0.54199 0.45419 0.70708
vn 0.49021 0.50961 0.70711
vn 0.4328 0.5592 0.7071
vn 0.3705 0.60229 0.70709
vn 0.3038 0.63851 0.70711
vn -0.0117 0.70711 0.70701
vn -0.0126 0.7071 0.707
vn -0.0705 0.7036 0.7071
vn 0.3305 -0.62511 0.70711
vn 0.41991 -0.56891 0.70712
vn 0.4814 -0.5182 0.70691
vn 0.48079 -0.51879 0.70689
vn 0.70681 0.0291 0.70681
vn 0.70683 0.028 0.70683
vn 0.69791 0.1137 0.70711
vn 0.67058 0.22439 0.70708
vn 0.6706 0.2243 0.7071
vn 0.6258 0.3292 0.7071
vn 0.56472 0.42552 0.70713
vn 0.48899 0.51079 0.70709
vn 0.4006 0.5827 0.7071
vn 0.3017 0.63951 0.70711
vn 0.195 0.6797 0.7071
vn 0.0832 0.7022 0.7071
vn 0.51909 -0.48049 0.70688
vn 0.51981 -0.47981 0.70681
vn 0.70682 -0.0283 0.70682
vn 0.70684 -0.0273 0.70684
vn 0.5721 -0.4156 0.7071
vn 0.63002 -0.32101 0.70712
vn 0.6725 -0.2185 0.7071
vn 0.69841 -0.1106 0.70711
vn 0.96942 -0.24541 -0.0002
vn 0.94578 -0.32479 -0.0002
vn 0.94589 -0.3245 0.0001
vn 0.0393 -0.99923 0.0002
vn 0.122 -0.99253 0.0002
vn 0.1217 -0.99257 -0.0002
vn 0.59862 -0.80103 -0.0001
vn 0.5096 -0.86041 -0.0002
vn 0.43719 -0.89937 0.0002
vn 0.4369 -0.89951 -0.0001
vn 0.36132 -0.93244 0.0001
vn 0.28361 -0.95894 0.0002
vn 0.36161 -0.93233 -0.0002
vn 0.28331 -0.95903 -0.0002
vn 0.2034 -0.9791 -0.0002
vn 0.2033 -0.97912 0.0002
vn 0.0396 -0.99922 -0.0002
vn 0.5093 -0.86059 0.0001
vn 0.59869 -0.80098 0
vn 0.6674 -0.7447 0
vn 0.69307 -0.72087 0
vn 0.71777 -0.69628 0
vn 0.77588 -0.63088 0.0001
vn 0.83771 -0.54611 0.0002
vn 0.87971 -0.47551 -0.0002
vn 0.87988 -0.47519 0.0001
vn 0.91596 -0.40128 -0.0001
vn 0.83791 -0.54581 -0.0001
vn 0.77584 -0.63093 0
vn 0.91585 -0.40152 0.0002
vn 0.98633 -0.1648 -0.0002
vn 0.96935 -0.24569 0.0002
vn 0.98636 -0.16459 0.0002
vn 0.99657 -0.0828 0.0002
vn 0.99659 -0.0825 -0.0002
vn 0.45282 -0.87724 -0.15941
vn 0.38059 -0.91087 -0.15959
vn 0.3705 -0.8761 -0.3085
vn 0.92223 0.35221 -0.1595
vn 0.94699 0.2783 -0.1605
vn 0.91082 0.27441 -0.30841
vn 0.51932 -0.83924 -0.16121
vn 0.68881 -0.70701 -0.1602
vn 0.82518 -0.54189 -0.1595
vn 0.86389 -0.47709 -0.1615
vn 0.94699 -0.2783 -0.1605
vn 0.99691 0 -0.0785
vn 0.98493 -0.0669 -0.1595
vn 0.89104 0.42482 -0.15991
vn 0.77883 0.60662 -0.15951
vn 0.72922 0.66502 -0.1612
vn 0.56812 0.80722 -0.1601
vn 0.38059 0.91088 -0.1595
vn 0.3098 0.93699 -0.1615
vn 0.1786 0.9711 -0.1583
vn 0.1505 0.97779 -0.1459
vn 0.15159 0.98486 -0.0841
vn 0.17509 0.93497 -0.30849
vn 0.148 0.96051 -0.2356
vn 0.1494 0.97013 -0.19111
vn 0.1307 0.84498 -0.51859
vn 0.1379 0.89401 -0.4263
vn 0.16411 0.87575 -0.45402
vn 0.1429 0.92691 -0.347
vn 0.1459 0.94669 -0.2872
vn 0.1271 -0.82221 -0.55481
vn 0.1454 -0.79569 -0.58799
vn 0.1345 -0.87107 -0.47238
vn 0.16411 -0.87575 -0.45402
vn 0.17511 -0.93493 -0.30861
vn 0.14261 -0.92525 -0.35152
vn 0.13871 -0.89904 -0.41532
vn 0.1518 -0.98568 -0.0735
vn 0.1506 -0.97833 -0.1421
vn 0.1786 -0.9711 -0.1583
vn 0.14831 -0.96284 -0.22571
vn 0.1456 -0.9453 -0.2919
vn 0.1521 -0.98779 -0.0338
vn 0.4528 0.87721 -0.1596
vn 0.63671 0.76711 -0.0784
vn 0.82518 0.54189 -0.1595
vn 0.96168 0.222 -0.1609
vn 0.97634 0.14601 -0.15951
vn 0.97634 -0.14601 -0.15951
vn 0.92223 -0.35221 -0.1595
vn 0.77881 -0.60661 -0.1596
vn 0.63671 -0.76712 -0.0783
vn 0.32631 -0.69902 -0.63632
vn 0.25351 -0.95403 -0.1599
vn 0.86998 0.19409 -0.45329
vn 0.9284 0.2071 -0.3085
vn 0.95122 0 -0.30851
vn 0.94868 0.0695 -0.30849
vn 0.98493 0.0669 -0.1595
vn 0.2863 -0.84419 -0.45319
vn 0.3055 -0.9008 -0.3086
vn 0.3098 -0.93699 -0.1615
vn 0.20569 0.78348 -0.58639
vn 0.2238 0.8628 -0.4533
vn 0.23881 0.92075 -0.30852
vn 0.25351 0.95403 -0.1599
vn 0.1715 0.77722 -0.60541
vn 0.3472 0.82101 -0.4532
vn 0.2863 0.84419 -0.45319
vn 0.30551 0.90083 -0.30851
vn 0.80116 0.12009 -0.58627
vn 0.88188 0.13 -0.45319
vn 0.94106 0.13869 -0.30849
vn 0.88862 0.0651 -0.45401
vn 0.89141 0 -0.4532
vn 0.88862 -0.0651 -0.45401
vn 0.20571 -0.78353 -0.58632
vn 0.22379 -0.86287 -0.45318
vn 0.2388 -0.9208 -0.3084
vn 0.26609 0.76707 -0.58378
vn 0.311 0.7477 -0.5867
vn 0.38922 0.75963 -0.52102
vn 0.37051 0.87613 -0.30841
vn 0.43358 0.84667 -0.30849
vn 0.40629 0.79338 -0.45329
vn 0.46318 0.76157 -0.45328
vn 0.42587 0.69076 -0.58437
vn 0.46699 0.66408 -0.58388
vn 0.32631 0.69902 -0.63632
vn 0.4943 0.81271 -0.3085
vn 0.51762 0.72572 -0.45321
vn 0.51607 0.62447 -0.58627
vn 0.51932 0.83924 -0.16121
vn 0.5524 0.77439 -0.3085
vn 0.6075 0.732 -0.3084
vn 0.56929 0.68589 -0.45329
vn 0.61767 0.64217 -0.45398
vn 0.56359 0.58009 -0.58809
vn 0.6015 0.5451 -0.584
vn 0.68881 0.70701 -0.1602
vn 0.7078 0.6355 -0.3085
vn 0.75234 0.58213 -0.30841
vn 0.70501 0.5455 -0.4532
vn 0.74297 0.49248 -0.45328
vn 0.67643 0.44572 -0.58633
vn 0.71042 0.39301 -0.58382
vn 0.79289 0.5255 -0.3085
vn 0.777 0.4369 -0.4532
vn 0.73249 0.3492 -0.58439
vn 0.86389 0.47709 -0.1615
vn 0.82916 0.46618 -0.30849
vn 0.86102 0.40431 -0.30851
vn 0.80688 0.37889 -0.45319
vn 0.83237 0.31889 -0.45328
vn 0.79811 0.3057 -0.5192
vn 0.77836 0.22949 -0.58437
vn 0.88828 0.34029 -0.30849
vn 0.8535 0.2572 -0.4532
vn 0.79111 0.1822 -0.58391
vn 0.80685 0.0552 -0.58817
vn 0.80967 0 -0.58688
vn 0.80686 -0.0551 -0.58817
vn 0.80113 -0.1201 -0.58632
vn 0.98772 0 -0.1562
vn 0.94868 -0.0695 -0.30849
vn 0.94106 -0.13869 -0.30849
vn 0.88188 -0.13 -0.45319
vn 0.86998 -0.19409 -0.45329
vn 0.79111 -0.1822 -0.58391
vn 0.77836 -0.22949 -0.58437
vn 0.77472 -0.0854 -0.62651
vn 0.9284 -0.2071 -0.3085
vn 0.8535 -0.2572 -0.4532
vn 0.79811 -0.3057 -0.5192
vn 0.96168 -0.222 -0.1609
vn 0.91082 -0.27441 -0.30841
vn 0.88828 -0.34029 -0.30849
vn 0.83237 -0.31889 -0.45328
vn 0.80688 -0.37889 -0.45319
vn 0.73249 -0.3492 -0.58439
vn 0.71042 -0.39301 -0.58382
vn 0.86102 -0.40431 -0.30851
vn 0.77703 -0.43682 -0.45322
vn 0.67643 -0.44572 -0.58633
vn 0.89104 -0.42482 -0.15991
vn 0.82916 -0.46618 -0.30849
vn 0.79285 -0.52557 -0.30848
vn 0.74297 -0.49248 -0.45328
vn 0.70497 -0.54548 -0.45328
vn 0.63813 -0.49853 -0.58673
vn 0.60147 -0.54517 -0.58397
vn 0.72927 -0.66497 -0.16119
vn 0.70782 -0.63552 -0.30841
vn 0.65939 -0.68559 -0.3085
vn 0.61767 -0.64217 -0.45398
vn 0.56929 -0.68589 -0.45329
vn 0.516 -0.6245 -0.5863
vn 0.46691 -0.66402 -0.58402
vn 0.60753 -0.73193 -0.30851
vn 0.51759 -0.72569 -0.45329
vn 0.4259 -0.6908 -0.5843
vn 0.62029 -0.74729 -0.2383
vn 0.4994 -0.6485 -0.5745
vn 0.56811 -0.80721 -0.1602
vn 0.5524 -0.77439 -0.3085
vn 0.49432 -0.81273 -0.30841
vn 0.4632 -0.76161 -0.4532
vn 0.40631 -0.79342 -0.45321
vn 0.38921 -0.75972 -0.52091
vn 0.31098 -0.74766 -0.58677
vn 0.4336 -0.84669 -0.3084
vn 0.34719 -0.82097 -0.45328
vn 0.26609 -0.76707 -0.58378
vn 0.1246 0.80119 -0.58529
vn 0.1453 0.79562 -0.58811
vn 0.2136 0.9686 0.1272
vn 0.34721 0.67653 -0.64943
vn 0.42291 0.90602 -0.0164
vn 0.48601 0.86921 -0.0909
vn 0.66276 0.74126 0.10619
vn 0.4994 0.6485 -0.5745
vn 0.62032 0.74733 -0.23811
vn 0.65939 0.68559 -0.3085
vn 0.66321 0.59561 -0.45321
vn 0.63807 0.49857 -0.58677
vn 0.5462 0.6111 -0.5729
vn 0.80765 0.57893 0.11201
vn 0.62712 0.44952 -0.63612
vn 0.9194 0.3913 -0.0398
vn 0.9443 0.3227 -0.0645
vn 0.71021 0.2718 -0.64941
vn 0.73153 0.31141 -0.60653
vn 0.77472 0.0854 -0.62651
vn 0.98737 0.1086 0.1154
vn 0.98737 -0.1086 0.1154
vn 0.76038 0 -0.64948
vn 0.71021 -0.2718 -0.64941
vn 0.9443 -0.3227 -0.0645
vn 0.91941 -0.3913 -0.0397
vn 0.73153 -0.31141 -0.60653
vn 0.80765 -0.57893 0.11201
vn 0.75231 -0.58211 -0.3085
vn 0.66318 -0.59558 -0.45329
vn 0.56363 -0.58003 -0.58813
vn 0.62712 -0.44952 -0.63612
vn 0.66276 -0.74126 0.10619
vn 0.5462 -0.6111 -0.5729
vn 0.48601 -0.86921 -0.0909
vn 0.42291 -0.90602 -0.0164
vn 0.34721 -0.67653 -0.64943
vn 0.1715 -0.77722 -0.60541
vn 0.2136 -0.96862 0.1271
vn 0.77883 -0.60662 0.15951
vn 0.45281 0.87722 0.1595
vn 0.20569 -0.78348 0.58639
vn 0.1453 -0.79562 0.58811
vn 0.16411 -0.87575 0.45402
vn 0.79811 0.3057 0.5192
vn 0.77836 0.22949 0.58437
vn 0.8535 0.2572 0.4532
vn 0.26609 -0.76707 0.58378
vn 0.4259 -0.6908 0.5843
vn 0.56359 -0.58009 0.58809
vn 0.67643 -0.44572 0.58633
vn 0.71042 -0.39301 0.58382
vn 0.77836 -0.22949 0.58437
vn 0.76038 0 0.64948
vn 0.80685 -0.0552 0.58817
vn 0.73249 0.3492 0.58439
vn 0.63813 0.49853 0.58673
vn 0.60147 0.54517 0.58397
vn 0.46691 0.66402 0.58402
vn 0.31098 0.74766 0.58677
vn 0.1454 0.79569 0.58799
vn 0.16411 0.87575 0.45402
vn 0.1345 0.87107 0.47238
vn 0.1271 0.82229 0.55469
vn 0.17511 0.93493 0.30861
vn 0.14261 0.92525 0.35152
vn 0.13871 0.89904 0.41532
vn 0.1786 0.9711 0.1583
vn 0.14831 0.96284 0.22571
vn 0.1456 0.9453 0.2919
vn 0.1521 0.98777 0.0343
vn 0.15181 0.98564 0.074
vn 0.1506 0.97833 0.1421
vn 0.15159 -0.98486 0.0841
vn 0.1786 -0.9711 0.1583
vn 0.1505 -0.97777 0.146
vn 0.1494 -0.9701 0.1913
vn 0.17509 -0.93497 0.30849
vn 0.1459 -0.94669 0.2872
vn 0.148 -0.96051 0.2356
vn 0.1379 -0.89401 0.4263
vn 0.1429 -0.92691 0.347
vn 0.1246 -0.80119 0.58529
vn 0.1307 -0.84498 0.51859
vn 0.20571 0.78353 0.58632
vn 0.34713 0.67655 0.64945
vn 0.516 0.6245 0.5863
vn 0.67643 0.44572 0.58633
vn 0.71021 0.2718 0.64941
vn 0.9443 0.3227 0.0645
vn 0.79111 0.1822 0.58391
vn 0.80113 0.1201 0.58632
vn 0.80113 -0.1201 0.58632
vn 0.71021 -0.2718 0.64941
vn 0.6015 -0.5451 0.584
vn 0.51607 -0.62447 0.58627
vn 0.34721 -0.67653 0.64943
vn 0.2136 -0.9686 -0.1272
vn 0.9284 0.2071 0.3085
vn 0.86998 0.19409 0.45329
vn 0.89141 0 0.4532
vn 0.88862 0.0651 0.45401
vn 0.80686 0.0551 0.58817
vn 0.2238 -0.8628 0.4533
vn 0.3055 0.9008 0.3086
vn 0.2388 0.9208 0.3084
vn 0.2238 0.86291 0.4531
vn 0.97634 0.14601 0.15951
vn 0.94106 0.13869 0.30849
vn 0.88188 0.13 0.45319
vn 0.94868 0.0695 0.30849
vn 0.95122 0 0.30851
vn 0.94868 -0.0695 0.30849
vn 0.311 -0.7477 0.5867
vn 0.2863 -0.84419 0.45319
vn 0.23881 -0.92072 0.30861
vn 0.25351 0.95403 0.1599
vn 0.3098 0.93699 0.1615
vn 0.38059 0.91088 0.1595
vn 0.26609 0.76707 0.58378
vn 0.34719 0.82097 0.45328
vn 0.40631 0.79342 0.45321
vn 0.4336 0.84669 0.3084
vn 0.49432 0.81273 0.30841
vn 0.51932 0.83924 0.16121
vn 0.56812 0.80722 0.1601
vn 0.42291 0.90602 0.0164
vn 0.38921 0.75972 0.52091
vn 0.4632 0.76161 0.4532
vn 0.5524 0.77439 0.3085
vn 0.62029 0.74729 0.2383
vn 0.4259 0.6908 0.5843
vn 0.51759 0.72569 0.45329
vn 0.56929 0.68589 0.45329
vn 0.60753 0.73193 0.30851
vn 0.65939 0.68559 0.3085
vn 0.68881 0.70701 0.1602
vn 0.72928 0.66498 0.1611
vn 0.61767 0.64217 0.45398
vn 0.70777 0.63557 0.30839
vn 0.77881 0.60661 0.1596
vn 0.56359 0.57999 0.58819
vn 0.66321 0.59561 0.45321
vn 0.70497 0.54548 0.45328
vn 0.75231 0.58211 0.3085
vn 0.79289 0.5255 0.3085
vn 0.82518 0.54189 0.1595
vn 0.86389 0.47709 0.1615
vn 0.71042 0.39301 0.58382
vn 0.777 0.4369 0.4532
vn 0.80688 0.37889 0.45319
vn 0.86102 0.40431 0.30851
vn 0.88828 0.34029 0.30849
vn 0.92223 0.35221 0.1595
vn 0.94699 0.2783 0.1605
vn 0.83237 0.31889 0.45328
vn 0.91082 0.27441 0.30841
vn 0.96168 0.222 0.1609
vn 0.98493 0.0669 0.1595
vn 0.98772 0 0.1562
vn 0.98493 -0.0669 0.1595
vn 0.97634 -0.14601 0.15951
vn 0.80967 0 0.58688
vn 0.88862 -0.0651 0.45401
vn 0.88188 -0.13 0.45319
vn 0.94106 -0.13869 0.30849
vn 0.9284 -0.2071 0.3085
vn 0.96168 -0.222 0.1609
vn 0.94699 -0.2783 0.1605
vn 0.98737 -0.1086 -0.1154
vn 0.86998 -0.19409 0.45329
vn 0.91082 -0.27441 0.30841
vn 0.92223 -0.35221 0.1595
vn 0.79111 -0.1822 0.58391
vn 0.8535 -0.2572 0.4532
vn 0.83241 -0.3189 0.45321
vn 0.88828 -0.34029 0.30849
vn 0.86102 -0.40431 0.30851
vn 0.89104 -0.42482 0.15991
vn 0.86389 -0.47709 0.1615
vn 0.9443 -0.3227 0.0645
vn 0.79811 -0.3057 0.5192
vn 0.80688 -0.37889 0.45319
vn 0.82916 -0.46618 0.30849
vn 0.82518 -0.54189 0.1595
vn 0.74297 -0.49248 0.45328
vn 0.70501 -0.5455 0.4532
vn 0.75234 -0.58213 0.30841
vn 0.7078 -0.6355 0.3085
vn 0.72922 -0.66502 0.1612
vn 0.68881 -0.70701 0.1602
vn 0.80765 -0.57893 -0.11201
vn 0.63807 -0.49857 0.58677
vn 0.66322 -0.59552 0.45331
vn 0.65939 -0.68559 0.3085
vn 0.62032 -0.74733 0.23811
vn 0.61767 -0.64217 0.45398
vn 0.56929 -0.68589 0.45329
vn 0.60748 -0.73198 0.30849
vn 0.5524 -0.77439 0.3085
vn 0.56812 -0.80722 0.1601
vn 0.51932 -0.83924 0.16121
vn 0.66276 -0.74126 -0.10619
vn 0.51762 -0.72572 0.45321
vn 0.4943 -0.81271 0.3085
vn 0.4528 -0.87721 0.1596
vn 0.46699 -0.66408 0.58388
vn 0.46318 -0.76157 0.45328
vn 0.40629 -0.79338 0.45329
vn 0.43357 -0.84664 0.30858
vn 0.37052 -0.87616 0.30832
vn 0.38059 -0.91088 0.1595
vn 0.30979 -0.93697 0.1616
vn 0.1715 0.77722 0.60541
vn 0.2136 0.96862 -0.1271
vn 0.28628 0.84415 0.45327
vn 0.3705 0.8761 0.3085
vn 0.32631 0.69902 0.63632
vn 0.63671 0.76712 0.0783
vn 0.4994 0.6485 0.5745
vn 0.48601 0.86921 0.0909
vn 0.5462 0.6111 0.5729
vn 0.66276 0.74126 -0.10619
vn 0.62712 0.44952 0.63612
vn 0.74297 0.49248 0.45328
vn 0.82916 0.46618 0.30849
vn 0.89104 0.42482 0.15991
vn 0.80765 0.57893 -0.11201
vn 0.73153 0.31141 0.60653
vn 0.9194 0.3913 0.0398
vn 0.98737 0.1086 -0.1154
vn 0.77472 0.0854 0.62651
vn 0.77472 -0.0854 0.62651
vn 0.99691 0 0.0785
vn 0.73153 -0.31141 0.60653
vn 0.91941 -0.3913 0.0397
vn 0.73249 -0.3492 0.58439
vn 0.77703 -0.43682 0.45322
vn 0.79289 -0.5255 0.3085
vn 0.62712 -0.44952 0.63612
vn 0.63671 -0.76711 0.0784
vn 0.5462 -0.6111 0.5729
vn 0.4994 -0.6485 0.5745
vn 0.32631 -0.69902 0.63632
vn 0.48601 -0.86921 0.0909
vn 0.38919 -0.75968 0.52098
vn 0.3472 -0.82101 0.4532
vn 0.3055 -0.9008 0.3086
vn 0.25351 -0.95403 0.1599
vn 0.42291 -0.90602 0.0164
vn 0.1715 -0.77722 0.60541
vn -0.99979 0.0206 -0.0002
vn -0.99979 0.0204 0
vn -0.99992 -0.0125 0.0027
vn -0.99996 -0.0091 0
vn -0.99924 -0.039 -0.0003
vn -0.99924 0.0389 0.0006
vn -0.99988 0.0152 0
vn -0.99919 -0.0403 0
vn -0.99984 0.0176 -0.0023
vn -0.37471 0.92711 0.0076
vn -0.38629 0.92237 -0.0033
vn -0.38992 0.92046 -0.0268
vn -0.4344 0.90061 -0.0143
vn -0.44349 0.89628 0
vn -0.485 0.87399 -0.0303
vn -0.52831 0.84892 -0.0149
vn -0.5357 0.84441 0
vn -0.57481 0.81761 -0.0334
vn -0.616 0.7876 -0.0153
vn -0.6219 0.7831 0
vn -0.65813 0.75203 -0.0363
vn -0.69659 0.71729 -0.0157
vn -0.70118 0.71298 0
vn -0.73411 0.67791 -0.0389
vn -0.76912 0.63891 -0.0159
vn -0.7726 0.6349 0
vn -0.80187 0.59608 -0.0411
vn -0.83282 0.55331 -0.0161
vn -0.8353 0.5498 0
vn -0.86058 0.50749 -0.0431
vn -0.88699 0.4615 -0.0163
vn -0.8887 0.4585 0
vn -0.90959 0.4131 -0.0446
vn -0.9311 0.3644 -0.0164
vn -0.93218 0.36199 0
vn -0.94831 0.314 -0.0459
vn -0.96457 0.26329 -0.0165
vn -0.9652 0.2615 0
vn -0.9763 0.2113 -0.0468
vn -0.98711 0.1592 -0.0165
vn -0.98742 0.1581 0
vn -0.99321 0.1063 -0.0473
vn -0.99844 0.0533 -0.0166
vn -0.9986 0.0529 0
vn -0.99887 0 -0.0475
vn -0.99836 -0.055 -0.0162
vn -0.9986 -0.0529 0
vn -0.98844 -0.15141 -0.0085
vn -0.98908 -0.1472 -0.008
vn -0.98679 -0.1245 -0.1037
vn -0.96658 -0.2562 -0.0088
vn -0.93363 -0.35811 -0.0091
vn -0.93563 -0.35291 -0.007
vn -0.94011 -0.3287 -0.0903
vn -0.96783 -0.25151 -0.0075
vn -0.96887 -0.22779 -0.097
vn -0.88999 -0.45589 -0.0094
vn -0.83602 -0.54861 -0.0096
vn -0.8399 -0.5427 -0.0061
vn -0.85157 -0.51858 -0.0769
vn -0.89284 -0.45032 -0.0066
vn -0.90087 -0.42599 -0.0835
vn -0.77247 -0.63498 -0.0098
vn -0.69994 -0.71414 -0.0099
vn -0.7063 -0.7079 -0.0052
vn -0.7251 -0.6857 -0.0635
vn -0.77748 -0.62888 -0.0057
vn -0.79276 -0.60547 -0.0702
vn -0.6193 -0.78509 -0.01
vn -0.53131 -0.84712 -0.01
vn -0.5407 -0.8412 -0.0043
vn -0.56662 -0.82243 -0.0504
vn -0.627 -0.779 -0.0047
vn -0.64946 -0.75826 -0.057
vn -0.4372 -0.89931 -0.0098
vn -0.38699 -0.92207 0.0047
vn -0.37251 -0.92802 -0.0033
vn -0.38328 -0.92286 -0.0377
vn -0.44821 -0.89392 -0.0038
vn -0.47759 -0.87748 -0.044
vn -0.4372 0.89931 0.0098
vn -0.38699 0.92207 -0.0047
vn -0.37251 0.92802 0.0033
vn -0.38328 0.92286 0.0377
vn -0.44821 0.89392 0.0038
vn -0.53131 0.84712 0.01
vn -0.47759 0.87748 0.044
vn -0.5407 0.8412 0.0043
vn -0.6193 0.78509 0.01
vn -0.56662 0.82243 0.0504
vn -0.627 0.779 0.0047
vn -0.69994 0.71414 0.0099
vn -0.64946 0.75826 0.057
vn -0.7063 0.7079 0.0052
vn -0.77247 0.63498 0.0098
vn -0.7251 0.6857 0.0635
vn -0.77748 0.62888 0.0057
vn -0.83602 0.54861 0.0096
vn -0.79276 0.60547 0.0702
vn -0.8399 0.5427 0.0061
vn -0.88999 0.45589 0.0094
vn -0.85157 0.51858 0.0769
vn -0.89284 0.45032 0.0066
vn -0.93363 0.35811 0.0091
vn -0.90087 0.42599 0.0835
vn -0.93563 0.35291 0.007
vn -0.96658 0.2562 0.0088
vn -0.94011 0.3287 0.0903
vn -0.96783 0.25151 0.0075
vn -0.98844 0.15141 0.0085
vn -0.96887 0.22779 0.097
vn -0.98908 0.1472 0.008
vn -0.99895 0.045 0.0081
vn -0.98679 0.1245 0.1037
vn -0.99911 0.0413 0.0084
vn -0.99854 -0.0516 0.0162
vn -0.99369 0.0198 0.1104
vn -0.99321 -0.1063 0.0473
vn -0.98711 -0.1592 0.0165
vn -0.98742 -0.1581 0
vn -0.9763 -0.2113 0.0468
vn -0.96457 -0.26329 0.0165
vn -0.9652 -0.2615 0
vn -0.94831 -0.314 0.0459
vn -0.9311 -0.3644 0.0164
vn -0.93218 -0.36199 0
vn -0.90959 -0.4131 0.0446
vn -0.88699 -0.4615 0.0163
vn -0.8887 -0.4585 0
vn -0.86058 -0.50749 0.0431
vn -0.83282 -0.55331 0.0161
vn -0.8353 -0.5498 0
vn -0.80187 -0.59608 0.0411
vn -0.76912 -0.63891 0.0159
vn -0.7726 -0.6349 0
vn -0.73411 -0.67791 0.0389
vn -0.69659 -0.71729 0.0157
vn -0.70118 -0.71298 0
vn -0.65813 -0.75203 0.0363
vn -0.616 -0.7876 0.0153
vn -0.6219 -0.7831 0
vn -0.57481 -0.81761 0.0334
vn -0.52831 -0.84892 0.0149
vn -0.5357 -0.84441 0
vn -0.485 -0.87399 0.0303
vn -0.4344 -0.90061 0.0143
vn -0.37471 -0.92711 -0.0076
vn -0.38629 -0.92237 0.0033
vn -0.38992 -0.92046 0.0268
vn -0.44349 -0.89628 0
vn -0.0001 0 -1
vn 0.0002 0 -1
vn -0.216 -0.67341 -0.70701
vn -0.21121 -0.67523 -0.70673
vn -0.2403 -0.78529 -0.57059
vn -0.20381 -0.67833 -0.70593
vn -0.1869 -0.68331 -0.70581
vn -0.1889 -0.7099 -0.6785
vn -0.1503 -0.69108 -0.70698
vn -0.247 -0.69201 -0.67831
vn -0.2248 -0.67041 -0.70711
vn -0.22081 -0.67173 -0.70713
vn -0.2403 0.78529 -0.57059
vn -0.20381 0.67833 -0.70593
vn -0.21121 0.67523 -0.70673
vn -0.2248 0.67041 -0.70711
vn -0.247 0.69201 -0.67831
vn -0.22089 0.67177 -0.70706
vn -0.216 0.67341 -0.70701
vn -0.1869 0.68331 -0.70581
vn -0.1888 0.70991 -0.67851
vn -0.1561 0.68968 -0.70708
vn -0.1503 0.69108 -0.70698
vn -0.1265 0.69611 -0.70671
vn -0.12941 0.72233 -0.67933
vn -0.1153 0.74501 -0.65701
vn -0.1561 -0.68968 -0.70708
vn -0.1265 -0.69611 -0.70671
vn -0.12931 -0.72244 -0.67924
vn -0.1158 -0.74722 -0.65441
vn -0.2291 0.66899 -0.70709
vn -0.246 0.6622 -0.7078
vn -0.2777 0.68009 -0.67849
vn -0.2801 0.64819 -0.70809
vn -0.2947 0.64431 -0.70571
vn -0.3123 0.6333 -0.7081
vn -0.33561 0.65353 -0.67843
vn -0.34699 0.61499 -0.70809
vn -0.35109 0.61508 -0.70598
vn -0.39009 0.62259 -0.67839
vn -0.37831 0.59691 -0.70752
vn -0.41742 0.60443 -0.67854
vn -0.40989 0.57548 -0.70768
vn -0.51552 0.67782 -0.52422
vn -0.4385 0.5537 -0.7079
vn -0.46692 0.56732 -0.67833
vn -0.46848 0.52837 -0.70806
vn -0.47352 0.52632 -0.70623
vn -0.51452 0.52352 -0.67912
vn -0.49582 0.50412 -0.70713
vn -0.53761 0.50061 -0.67851
vn -0.52169 0.47719 -0.70719
vn -0.56521 0.48391 -0.66811
vn -0.54542 0.44921 -0.70762
vn -0.57697 0.45518 -0.67817
vn -0.56922 0.41831 -0.70782
vn -0.57452 0.41372 -0.70623
vn -0.61458 0.40228 -0.67857
vn -0.59069 0.3889 -0.70699
vn -0.71212 0.42941 -0.55542
vn -0.6101 0.3571 -0.70729
vn -0.64611 0.3503 -0.67811
vn -0.6278 0.3243 -0.7076
vn -0.66128 0.32059 -0.67818
vn -0.64476 0.28948 -0.70745
vn -0.64938 0.28239 -0.70608
vn -0.68597 0.26239 -0.67867
vn -0.65931 0.2564 -0.70681
vn -0.67159 0.2236 -0.70638
vn -0.67129 0.221 -0.70749
vn -0.70633 0.20311 -0.67812
vn -0.68211 0.1848 -0.70751
vn -0.71476 0.17089 -0.67817
vn -0.69167 0.14759 -0.70697
vn -0.82675 0.15801 -0.53993
vn -0.72603 0.1105 -0.67873
vn -0.69876 0.11249 -0.70646
vn -0.70341 0.076 -0.70671
vn -0.70271 0.0751 -0.70751
vn -0.73288 0.0463 -0.67878
vn -0.70592 0.0369 -0.70732
vn -0.70771 -0.0006 -0.70651
vn -0.70791 -0.001 -0.70631
vn -0.7323 -0.0463 -0.6794
vn -0.70729 -0.0364 -0.70599
vn -0.70341 -0.075 -0.70681
vn -0.7028 -0.0742 -0.7075
vn -0.72641 -0.1106 -0.67831
vn -0.69782 -0.1122 -0.70743
vn -0.82683 -0.15831 -0.53972
vn -0.69101 -0.1481 -0.70751
vn -0.71478 -0.17079 -0.67818
vn -0.68231 -0.1852 -0.70721
vn -0.7059 -0.2033 -0.6785
vn -0.67159 -0.2226 -0.70669
vn -0.67159 -0.2204 -0.70739
vn -0.6862 -0.2625 -0.6784
vn -0.65872 -0.25621 -0.70742
vn -0.64952 -0.28271 -0.70583
vn -0.64431 -0.2896 -0.70781
vn -0.66128 -0.32059 -0.67818
vn -0.6278 -0.3245 -0.7075
vn -0.64562 -0.35041 -0.67852
vn -0.7122 -0.4289 -0.5557
vn -0.61031 -0.3567 -0.70731
vn -0.6147 -0.4024 -0.6784
vn -0.5904 -0.3888 -0.7073
vn -0.57452 -0.41391 -0.70612
vn -0.56907 -0.41828 -0.70796
vn -0.57692 -0.45532 -0.67812
vn -0.54542 -0.44921 -0.70762
vn -0.56542 -0.48392 -0.66792
vn -0.52169 -0.47719 -0.70719
vn -0.53763 -0.50053 -0.67854
vn -0.49582 -0.50412 -0.70713
vn -0.51452 -0.52352 -0.67912
vn -0.47352 -0.52632 -0.70623
vn -0.46851 -0.52841 -0.70801
vn -0.46692 -0.56732 -0.67833
vn -0.4385 -0.5537 -0.7079
vn -0.51549 -0.67779 -0.52429
vn -0.40989 -0.57548 -0.70768
vn -0.41748 -0.60447 -0.67847
vn -0.37829 -0.59698 -0.70747
vn -0.39009 -0.62249 -0.67848
vn -0.35111 -0.61492 -0.70612
vn -0.34708 -0.61497 -0.70806
vn -0.33561 -0.65353 -0.67843
vn -0.3123 -0.6333 -0.7081
vn -0.2947 -0.64431 -0.70571
vn -0.2801 -0.64819 -0.70809
vn -0.27772 -0.68014 -0.67844
vn -0.246 -0.6622 -0.7078
vn -0.2291 -0.66899 -0.70709
vn -0.1521 0.98807 0.0241
vn -0.1521 0.98832 -0.0095
vn -0.17751 0.98333 0.0393
vn -0.17751 0.98334 -0.0392
vn -0.2209 0.9753 0.0013
vn -0.2209 0.9753 -0.0013
vn -0.2623 0.96419 0.0393
vn -0.2623 0.96419 -0.0392
vn -0.30459 0.95168 0.0392
vn -0.30459 0.95168 -0.0392
vn -0.3446 0.93159 0.1157
vn -0.3446 0.93159 -0.1157
vn -0.38131 0.92362 0.0392
vn -0.38131 0.92362 -0.0392
vn -0.422 0.9066 0.0012
vn -0.422 0.9066 -0.0012
vn -0.46121 0.88642 0.0393
vn -0.46121 0.88642 -0.0393
vn -0.48698 0.85517 0.17759
vn -0.48698 0.85517 -0.17759
vn -0.533 0.8452 0.0392
vn -0.533 0.8452 -0.0392
vn -0.56971 0.82091 0.0392
vn -0.56971 0.82091 -0.0392
vn -0.60404 0.79695 0.0014
vn -0.60399 0.79699 -0.0014
vn -0.63819 0.76888 0.0392
vn -0.63819 0.76888 -0.0392
vn -0.67213 0.74043 0.0014
vn -0.67213 0.74043 -0.0014
vn -0.7019 0.7112 0.0392
vn -0.7019 0.7112 -0.0392
vn -0.73261 0.67951 0.0392
vn -0.73261 0.67951 -0.0392
vn -0.75055 0.63586 0.17989
vn -0.75055 0.63586 -0.17989
vn -0.78635 0.61654 0.0393
vn -0.78635 0.61654 -0.0393
vn -0.8134 0.5817 0.0012
vn -0.8134 0.5817 -0.0012
vn -0.83759 0.54489 0.0392
vn -0.83759 0.54489 -0.0392
vn -0.85253 0.51032 0.113
vn -0.85253 0.51032 -0.113
vn -0.87932 0.47461 0.0392
vn -0.87932 0.47461 -0.0392
vn -0.89938 0.43539 0.0393
vn -0.89938 0.43539 -0.0393
vn -0.91796 0.39668 0.0013
vn -0.91796 0.39668 -0.0013
vn -0.93389 0.3554 0.0392
vn -0.93389 0.3554 -0.0392
vn -0.91357 0.30659 0.26719
vn -0.91357 0.30659 -0.26719
vn -0.96068 0.27489 0.0392
vn -0.96068 0.27489 -0.0392
vn -0.97188 0.2322 0.0392
vn -0.97188 0.2322 -0.0392
vn -0.95587 0.18329 0.22959
vn -0.95587 0.18329 -0.22959
vn -0.98792 0.1499 0.0392
vn -0.98792 0.1499 -0.0392
vn -0.99433 0.1063 0.0012
vn -0.99433 0.1063 -0.0012
vn -0.99729 0.0623 0.0392
vn -0.99729 0.0623 -0.0392
vn -0.99729 -0.0623 0.0392
vn -0.99729 -0.0623 -0.0392
vn -0.99433 -0.1063 0.0012
vn -0.99433 -0.1063 -0.0012
vn -0.98792 -0.1499 0.0392
vn -0.98792 -0.1499 -0.0392
vn -0.95587 -0.18329 0.22959
vn -0.95587 -0.18329 -0.22959
vn -0.97188 -0.2322 0.0392
vn -0.97188 -0.2322 -0.0392
vn -0.96068 -0.27489 0.0392
vn -0.96068 -0.27489 -0.0392
vn -0.91357 -0.30659 0.26719
vn -0.91357 -0.30659 -0.26719
vn -0.93389 -0.3554 0.0392
vn -0.93389 -0.3554 -0.0392
vn -0.91796 -0.39668 0.0013
vn -0.91796 -0.39668 -0.0013
vn -0.89938 -0.43539 0.0393
vn -0.89938 -0.43539 -0.0393
vn -0.87932 -0.47461 0.0392
vn -0.87932 -0.47461 -0.0392
vn -0.85253 -0.51032 0.113
vn -0.85253 -0.51032 -0.113
vn -0.83759 -0.54489 0.0392
vn -0.83759 -0.54489 -0.0392
vn -0.8134 -0.5817 0.0012
vn -0.8134 -0.5817 -0.0012
vn -0.78635 -0.61654 0.0393
vn -0.78635 -0.61654 -0.0393
vn -0.75055 -0.63586 0.17989
vn -0.75056 -0.63587 -0.17979
vn -0.73261 -0.67951 0.0392
vn -0.73261 -0.67951 -0.0392
vn -0.7019 -0.7112 0.0392
vn -0.7019 -0.7112 -0.0392
vn -0.67213 -0.74043 0.0014
vn -0.67213 -0.74043 -0.0014
vn -0.63819 -0.76888 0.0392
vn -0.63819 -0.76888 -0.0392
vn -0.60399 -0.79699 0.0014
vn -0.60404 -0.79695 -0.0014
vn -0.56971 -0.82091 0.0392
vn -0.56971 -0.82091 -0.0392
vn -0.533 -0.8452 0.0392
vn -0.533 -0.8452 -0.0392
vn -0.48698 -0.85517 0.17759
vn -0.48698 -0.85517 -0.17759
vn -0.46121 -0.88642 0.0393
vn -0.46121 -0.88642 -0.0393
vn -0.422 -0.9066 0.0012
vn -0.422 -0.9066 -0.0012
vn -0.38131 -0.92362 0.0392
vn -0.38131 -0.92362 -0.0392
vn -0.34459 -0.93158 0.1158
vn -0.3446 -0.93159 -0.1157
vn -0.30459 -0.95168 0.0392
vn -0.30459 -0.95168 -0.0392
vn -0.2623 -0.96419 0.0392
vn -0.2623 -0.96419 -0.0392
vn -0.2209 -0.9753 0.0013
vn -0.2209 -0.9753 -0.0013
vn -0.17751 -0.98334 0.0392
vn -0.17751 -0.98333 -0.0393
vn -0.1521 -0.98832 0.0095
vn -0.1521 -0.98807 -0.0241
vn -0.216 0.67341 0.70701
vn -0.21121 0.67523 0.70673
vn -0.2403 0.78529 0.57059
vn -0.20381 0.67833 0.70593
vn -0.1869 0.68331 0.70581
vn -0.1889 0.7099 0.6785
vn -0.1503 0.69108 0.70698
vn -0.247 0.69201 0.67831
vn -0.2248 0.67041 0.70711
vn -0.22081 0.67173 0.70713
vn -0.2403 -0.78529 0.57059
vn -0.20381 -0.67833 0.70593
vn -0.21121 -0.67523 0.70673
vn -0.2248 -0.67041 0.70711
vn -0.247 -0.69201 0.67831
vn -0.22089 -0.67177 0.70706
vn -0.216 -0.67341 0.70701
vn -0.1869 -0.68331 0.70581
vn -0.1888 -0.70991 0.67851
vn -0.1561 -0.68968 0.70708
vn -0.1503 -0.69108 0.70698
vn -0.1265 -0.69611 0.70671
vn -0.1294 -0.72238 0.67928
vn -0.1153 -0.74501 0.65701
vn -0.1561 0.68968 0.70708
vn -0.1265 0.69611 0.70671
vn -0.12931 0.72244 0.67924
vn -0.1158 0.74722 0.65441
vn -0.2291 -0.66899 0.70709
vn -0.246 -0.6622 0.7078
vn -0.2777 -0.68009 0.67849
vn -0.2801 -0.64819 0.70809
vn -0.2947 -0.64431 0.70571
vn -0.3123 -0.6333 0.7081
vn -0.33561 -0.65353 0.67843
vn -0.34699 -0.61499 0.70809
vn -0.35109 -0.61508 0.70598
vn -0.39009 -0.62259 0.67839
vn -0.37831 -0.59691 0.70752
vn -0.41742 -0.60443 0.67854
vn -0.40989 -0.57548 0.70768
vn -0.51552 -0.67782 0.52422
vn -0.4385 -0.5537 0.7079
vn -0.46692 -0.56732 0.67833
vn -0.46848 -0.52837 0.70806
vn -0.47352 -0.52632 0.70623
vn -0.51452 -0.52352 0.67912
vn -0.49582 -0.50412 0.70713
vn -0.53761 -0.50061 0.67851
vn -0.52169 -0.47719 0.70719
vn -0.56521 -0.48391 0.66811
vn -0.54542 -0.44921 0.70762
vn -0.57697 -0.45518 0.67817
vn -0.56922 -0.41831 0.70782
vn -0.57452 -0.41372 0.70623
vn -0.61458 -0.40228 0.67857
vn -0.59069 -0.3889 0.70699
vn -0.71212 -0.42941 0.55542
vn -0.6101 -0.3571 0.70729
vn -0.64611 -0.3503 0.67811
vn -0.6278 -0.3243 0.7076
vn -0.66128 -0.32059 0.67818
vn -0.64476 -0.28948 0.70745
vn -0.64938 -0.28239 0.70608
vn -0.68597 -0.26239 0.67867
vn -0.65931 -0.2564 0.70681
vn -0.67159 -0.2236 0.70638
vn -0.67129 -0.221 0.70749
vn -0.70633 -0.20311 0.67812
vn -0.68211 -0.1848 0.70751
vn -0.71476 -0.17089 0.67817
vn -0.69167 -0.14759 0.70697
vn -0.82675 -0.15801 0.53993
vn -0.72603 -0.1105 0.67873
vn -0.69876 -0.11249 0.70646
vn -0.70341 -0.076 0.70671
vn -0.70271 -0.0751 0.70751
vn -0.73288 -0.0463 0.67878
vn -0.70592 -0.0369 0.70732
vn -0.70771 0.0006 0.70651
vn -0.70791 0.001 0.70631
vn -0.7323 0.0463 0.6794
vn -0.70729 0.0364 0.70599
vn -0.70341 0.075 0.70681
vn -0.7028 0.0742 0.7075
vn -0.72641 0.1106 0.67831
vn -0.69782 0.1122 0.70743
vn -0.82683 0.15831 0.53972
vn -0.69101 0.1481 0.70751
vn -0.71478 0.17079 0.67818
vn -0.68231 0.1852 0.70721
vn -0.7059 0.2033 0.6785
vn -0.67159 0.2226 0.70669
vn -0.67159 0.2204 0.70739
vn -0.6862 0.2625 0.6784
vn -0.65872 0.25621 0.70742
vn -0.64952 0.28271 0.70583
vn -0.64431 0.2896 0.70781
vn -0.66128 0.32059 0.67818
vn -0.6278 0.3245 0.7075
vn -0.64562 0.35041 0.67852
vn -0.7122 0.4289 0.5557
vn -0.61031 0.3567 0.70731
vn -0.6147 0.4024 0.6784
vn -0.5904 0.3888 0.7073
vn -0.57452 0.41391 0.70612
vn -0.56907 0.41828 0.70796
vn -0.57692 0.45532 0.67812
vn -0.54542 0.44921 0.70762
vn -0.56542 0.48392 0.66792
vn -0.52169 0.47719 0.70719
vn -0.53763 0.50053 0.67854
vn -0.49582 0.50412 0.70713
vn -0.51452 0.52352 0.67912
vn -0.47352 0.52632 0.70623
vn -0.46851 0.52841 0.70801
vn -0.46692 0.56732 0.67833
vn -0.4385 0.5537 0.7079
vn -0.51549 0.67779 0.52429
vn -0.40989 0.57548 0.70768
vn -0.41748 0.60447 0.67847
vn -0.37829 0.59698 0.70747
vn -0.39009 0.62259 0.67839
vn -0.35111 0.61492 0.70612
vn -0.34708 0.61497 0.70806
vn -0.33561 0.65353 0.67843
vn -0.3123 0.6333 0.7081
vn -0.2947 0.64431 0.70571
vn -0.2801 0.64819 0.70809
vn -0.2777 0.68009 0.67849
vn -0.246 0.6622 0.7078
vn -0.2291 0.66899 0.70709
vn 0.0347 0.9994 0.0002
vn 0.0348 0.99939 0
vn 0.0816 0.99667 0
vn 0.1117 0.99374 0
vn 0.1804 0.98359 0
vn 0.99917 0.0408 0
vn 0.30711 -0.95162 -0.0103
vn 0.29249 -0.95627 0.002
vn 0.32141 -0.94694 -0.002
vn 0.33229 -0.94316 -0.005
vn 0.34711 -0.93782 -0.0041
vn 0.35931 -0.93322 0
vn 0.38988 -0.92086 -0.0035
vn 0.43641 -0.89972 -0.0066
vn 0.41871 -0.90812 -0.0014
vn 0.50937 -0.86055 -0.0003
vn 0.49912 -0.86653 -0.0016
vn 0.51887 -0.85485 -0.0037
vn 0.51523 -0.85705 0
vn 0.48088 -0.87676 -0.0068
vn 0.4625 -0.8866 -0.0059
vn 0.43839 -0.89878 0
vn 0.5588 -0.8293 0.003
vn 0.56429 -0.82558 0
vn 0.59519 -0.80359 0.0006
vn 0.54181 -0.84042 0.0113
vn 0.54669 -0.83729 0.0087
vn 0.55201 -0.83382 0.0061
vn 0.55887 -0.82925 -0.003
vn 0.59548 -0.80337 -0.001
vn 0.55201 -0.83382 -0.0061
vn 0.54669 -0.83729 -0.0087
vn 0.54181 -0.84042 -0.0113
vn 0.53758 -0.84317 -0.0083
vn 0.51918 -0.85467 0
vn 0.45822 -0.88864 0.0188
vn 0.51811 -0.85531 0.002
vn 0.44692 -0.89453 0.0086
vn 0.43622 -0.89984 0.0022
vn 0.41871 -0.90812 0.0014
vn 0.48088 -0.87676 0.0068
vn 0.49919 -0.86649 0.0016
vn 0.50937 -0.86055 0.0003
vn 0.51519 -0.85708 0
vn 0.53348 -0.84576 0.0092
vn 0.53698 -0.84347 0.0142
vn 0.31881 -0.94782 0.0028
vn 0.2911 -0.95669 0
vn 0.30251 -0.95314 0.0026
vn 0.35241 -0.93584 0.0036
vn 0.3367 -0.94161 0.0002
vn 0.36479 -0.93107 0.006
vn 0.38439 -0.92307 0.0141
vn 0.35339 0.93548 0
vn 0.34399 0.93897 0.0001
vn 0.3493 0.937 0.0049
vn 0.32572 0.94545 0.0051
vn 0.32081 0.94714 0.0023
vn 0.31099 0.95038 0.0082
vn 0.2914 0.9566 0.003
vn 0.27389 0.96176 0.0005
vn 0.2844 0.9587 -0.0017
vn 0.43332 0.90124 0
vn 0.4309 0.9024 0.0001
vn 0.43718 0.89937 0.0029
vn 0.23141 0.96223 -0.1434
vn 0.42702 0.90424 0.0002
vn 0.41981 0.90761 0.0008
vn 0.4093 0.9124 0.0024
vn 0.39659 0.91798 0.0054
vn 0.38421 0.92323 0.0049
vn 0.36671 0.93033 0.001
vn 0.2477 0.9672 0.0563
vn 0.2538 0.96682 0.0291
vn 0.51757 0.85564 -0.0001
vn 0.25531 0.96685 0.0025
vn 0.2531 0.96718 -0.0224
vn 0.25041 0.96693 -0.0483
vn 0.51761 0.85562 0.0001
vn 0.24739 0.96565 -0.0795
vn 0.23291 0.96573 -0.1145
vn 0.4093 0.9124 -0.0024
vn 0.41981 0.90761 -0.0008
vn 0.4367 0.8996 -0.0022
vn 0.39659 0.91798 -0.0054
vn 0.3439 0.93901 -0.0001
vn 0.3504 0.93659 -0.0047
vn 0.3703 0.9289 -0.0057
vn 0.38159 0.92427 -0.0105
vn 0.42702 0.90424 -0.0002
vn 0.4309 0.9024 -0.0001
vn 0.23129 0.96226 0.14339
vn 0.2442 0.96339 0.1107
vn 0.24549 0.96597 0.0815
vn 0.31991 0.94744 -0.0022
vn 0.28301 0.95912 0
vn 0.27389 0.96176 -0.0005
vn 0.2914 0.9566 -0.003
vn 0.3089 0.95109 -0.0043
vn 0.32841 0.94453 -0.0016
vn 0.73388 -0.67928 0
vn 0.79401 -0.60791 0
vn 0.84719 -0.53129 0
vn 0.89302 -0.45001 0
vn 0.93109 -0.3648 0
vn 0.96104 -0.27641 0
vn 0.98262 -0.1856 0
vn 0.99565 -0.0932 0
vn 0.99565 0.0932 0
vn 0.98262 0.1856 0
vn 0.96104 0.27641 0
vn 0.93109 0.3648 0
vn 0.89302 0.45001 0
vn 0.84719 0.53129 0
vn 0.79401 0.60791 0
vn 0.73388 0.67928 0
vn 0.6674 0.7447 0
vn 0.59501 0.80372 0
vn 0.99917 -0.0408 0
vn 0.99918 -0.0405 -0.0006
vn 0.1804 -0.98359 0
vn 0.0997 -0.99502 0
vn 0.0172 -0.99985 0
vn -0.70711 -0.70711 0
vn -0.73431 -0.67881 0
vn -0.70711 -0.70711 0.0001
vn -0.70711 -0.70711 -0.0001
vn -0.70721 -0.70701 0.0001
vn -0.68042 -0.73282 -0.0013
vn -0.69749 -0.71659 0
vn -0.70711 -0.70711 -0.0003
vn -0.70711 -0.70711 -0.0002
vn -0.68223 -0.73113 0.0038
vn -0.70706 -0.70716 0
vn -0.70691 -0.70731 0
vn -0.705 -0.7092 -0.0008
vn -0.70761 -0.70661 0
vn -0.70701 -0.70721 0.0001
vn -0.70721 -0.70701 0.0003
vn -0.70711 0.70711 0
vn -0.73431 0.67881 0
vn -0.70711 0.70711 -0.0001
vn -0.70711 0.70711 0.0001
vn -0.70721 0.70701 -0.0001
vn -0.68042 0.73282 0.0013
vn -0.69749 0.71659 0
vn -0.70711 0.70711 0.0003
vn -0.70711 0.70711 0.0002
vn -0.68223 0.73113 -0.0038
vn -0.70706 0.70716 0
vn -0.70691 0.70731 0
vn -0.705 0.7092 0.0008
vn -0.70761 0.70661 0
vn -0.70701 0.70721 -0.0001
vn -0.70721 0.70701 -0.0003
vn -0.99369 0.1122 -0.0004
vn -0.98572 0.1684 -0.0024
vn -0.96394 0.26611 -0.0003
vn -0.94932 0.31431 -0.0032
vn -0.95107 0.30899 0
vn -0.98768 0.1565 0.0011
vn -0.98483 0.17351 0
vn -0.98899 0.148 0
vn -0.99825 0.0591 0.0008
vn -0.99367 0.1123 0.0004
vn -0.9765 0.2155 0.001
vn -0.95103 0.30911 0.001
vn -0.96255 0.27111 0.0002
vn -0.90542 0.42451 -0.0002
vn -0.89898 0.43799 0
vn -0.891 0.454 0
vn -0.90909 0.4166 -0.0003
vn -0.93136 0.36409 -0.0018
vn -0.92212 0.38691 -0.001
vn -0.91459 0.40439 -0.0005
vn -0.941 0.3384 -0.0031
vn -0.90542 0.42451 0.0002
vn -0.89086 0.45428 0.0005
vn -0.90909 0.4166 0.0004
vn -0.91172 0.41081 0.0022
vn -0.92158 0.38819 0.0013
vn -0.9321 0.3622 0.0006
vn -0.94478 0.32769 0.0001
vn -0.97659 0.2151 -0.002
vn -0.99828 0.0586 -0.0021
vn -0.809 0.5878 0
vn -0.59421 0.80431 0.0014
vn -0.60112 0.79913 0.0073
vn -0.65719 0.75369 0.0075
vn -0.46789 0.88378 0.002
vn -0.39598 0.91816 0.0132
vn -0.4728 0.8811 0.011
vn -0.5177 0.85541 0.0161
vn -0.4021 0.91559 -0.0022
vn -0.46811 0.88362 -0.0088
vn -0.4631 0.8863 0
vn -0.5232 0.85221 -0.0016
vn -0.59379 0.80459 -0.0072
vn -0.59456 0.80405 0
vn -0.65929 0.75189 -0.0013
vn -0.98872 -0.1498 0
vn -0.99142 -0.1307 -0.0001
vn -0.98769 -0.1564 -0.0007
vn -0.99477 -0.1021 -0.0006
vn -0.99929 -0.0377 -0.0017
vn -0.99752 -0.0703 -0.0015
vn -0.98768 -0.1565 -0.0001
vn -0.98536 -0.17049 0.0028
vn -0.9511 -0.3089 -0.0001
vn -0.97991 -0.1994 0.0023
vn -0.97097 -0.23919 0.0009
vn -0.96428 -0.26489 0
vn -0.97663 -0.21491 0.0017
vn -0.97415 -0.22591 0.0013
vn -0.97097 -0.23919 -0.0009
vn -0.95097 -0.30929 -0.0004
vn -0.97415 -0.22591 -0.0013
vn -0.97663 -0.21491 -0.0017
vn -0.97977 -0.20009 -0.0019
vn -0.98548 -0.1698 0
vn -0.99752 -0.0703 0.0015
vn -0.99477 -0.1021 0.0006
vn -0.99142 -0.1307 0.0001
vn -0.9993 -0.0373 0.0029
vn -0.891 -0.454 0
vn -0.809 -0.5878 0
vn -0.4021 -0.91559 0.0022
vn -0.46811 -0.88362 0.0088
vn -0.4631 -0.8863 0
vn -0.5232 -0.85221 0.0016
vn -0.59379 -0.80459 0.0072
vn -0.59456 -0.80405 0
vn -0.65929 -0.75189 0.0013
vn -0.59421 -0.80431 -0.0014
vn -0.60112 -0.79913 -0.0073
vn -0.65719 -0.75369 -0.0075
vn -0.46789 -0.88378 -0.002
vn -0.39598 -0.91816 -0.0132
vn -0.4728 -0.8811 -0.011
vn -0.5177 -0.85541 -0.0161
vn -0.0018 -0.99621 0.087
vn -0.0018 -0.98419 0.1771
vn 0 -0.64059 0.76789
vn 0 -0.57168 0.82047
vn -0.0017 -0.64277 0.76606
vn -0.0017 -0.50001 0.86602
vn 0 -0.7049 0.7093
vn -0.0014 -0.7662 0.6426
vn 0 -0.77102 0.63681
vn 0 -0.83139 0.55569
vn -0.0006 -0.8662 0.4997
vn 0 -0.87099 0.4913
vn -0.0017 -0.96533 0.26101
vn -0.0018 -0.9379 0.3469
vn -0.0016 -0.90487 0.42569
vn -0.0017 -1 0.0012
vn -0.0009 -1 0.0006
vn 0 -0.99611 -0.0881
vn -0.0018 -0.9848 -0.1737
vn 0 -0.98443 -0.1758
vn 0 -0.9651 -0.2619
vn -0.0018 -0.9397 -0.342
vn 0 -0.93838 -0.34559
vn 0 -0.90453 -0.42641
vn -0.0009 -0.86573 -0.50052
vn 0 -0.85134 -0.52462
vn -0.0008 -0.76638 -0.64238
vn 0 -0.77588 -0.63088
vn -0.0001 -0.7053 -0.7089
vn -0.0017 -0.64282 -0.76602
vn 0 -0.65892 -0.75222
vn -0.0017 -0.50001 -0.86602
vn 0 -0.57173 -0.82044
vn 0 -0.6249 -0.7807
vn -0.0008 -0.34149 -0.93988
vn 0 -0.4292 -0.90321
vn 0 -0.50237 -0.86465
vn 0 -0.50237 0.86465
vn 0 -0.4292 0.90321
vn -0.0008 -0.34149 0.93988
vn 0 -0.325 0.94571
vn 0 0.1737 0.9848
vn 0 1 0
vn 0 0.9848 -0.1737
vn 0 0.76602 -0.64282
vn 0 0.1737 -0.9848
vn 0 -0.325 -0.94571
vn 0.0024 -0.3614 0.93241
vn 0.001 0.67339 0.73929
vn 0.0043 0.62161 0.78331
vn 0.0004 0.64277 0.76606
vn 0.0003 0.342 0.9397
vn 0.004 0.42641 0.90452
vn 0.0013 0.39219 0.91988
vn 0.0002 0.36149 0.93238
vn 0.0066 0.31679 0.94847
vn 0.0001 0.1736 0.98482
vn 0.0062 0.29641 0.95504
vn 0.0008 0.2451 0.9695
vn 0.0003 0.50001 0.86602
vn 0.0027 0.55963 0.82874
vn 0.0076 0.493 0.87
vn 0.0083 0.46071 0.88751
vn 0.0004 0.86602 0.50001
vn 0.0052 0.86333 0.50462
vn 0.0004 0.76602 0.64282
vn 0.0065 0.82658 0.56278
vn 0.0009 0.7897 0.6135
vn 0.0055 0.75398 0.65688
vn 0.0062 0.71668 0.69738
vn 0.0004 0.93967 0.34209
vn 0.0004 0.9848 0.1737
vn 0.0044 0.98418 0.1771
vn 0.0054 0.96658 0.2563
vn 0.004 0.93752 0.34791
vn 0.0046 0.9048 0.4258
vn 0.0047 0.98479 -0.1737
vn 0.0004 0.99617 -0.0874
vn 0.0024 1 0.0016
vn 0.0043 0.99999 0.0032
vn 0.0054 0.99643 0.0843
vn 0.0046 0.93969 -0.342
vn 0.0004 0.96582 -0.25921
vn 0 0.98476 -0.17389
vn 0.0046 0.86601 -0.50001
vn 0.0004 0.90369 -0.42819
vn 0 0.9386 -0.345
vn 0 0.7571 -0.6533
vn 0.0008 0.78917 -0.61418
vn 0.0044 0.76596 -0.64287
vn 0.0013 0.82473 -0.56552
vn 0 0.86539 -0.5011
vn 0.0016 0.71501 -0.69911
vn 0.0041 0.6427 -0.7661
vn 0.001 0.67292 -0.73972
vn 0.0029 0.49939 -0.86638
vn 0.0002 0.55887 -0.82926
vn 0 0.62518 -0.78048
vn 0.0013 0.39211 -0.91992
vn 0.0017 0.34191 -0.93973
vn 0.0002 0.36149 -0.93238
vn 0 0.33459 -0.94236
vn 0.004 0.42649 -0.90448
vn 0.0048 0.46008 -0.88786
vn 0 0.50261 -0.86451
vn 0.0049 0.2963 -0.95508
vn 0.0007 0.1732 -0.98489
vn 0.0008 0.2451 -0.9695
vn 0 0.1016 -0.99483
vn 0.0001 0.0001 -1
vn 0 0.0069 -0.99998
vn 0 -0.0801 -0.99679
vn 0.0001 -0.1737 -0.9848
vn 0 -0.23849 -0.97115
vn 0.0005 -0.3417 -0.93981
vn 0 -0.35608 -0.93445
vn 0 -0.43908 -0.89845
vn 0.0005 -0.50032 -0.86584
vn 0 -0.55412 -0.83243
vn 0 -0.68358 -0.72988
vn 0.0005 -0.76584 -0.64303
vn 0 -0.7748 -0.6322
vn 0 -0.83051 -0.55701
vn 0.0007 -0.86609 -0.49989
vn 0 -0.8644 -0.5028
vn 0.001 -0.88947 -0.45699
vn 0.0007 -0.93966 -0.34212
vn 0.0004 -0.91703 -0.39881
vn 0.0009 -0.98482 -0.1736
vn 0 -0.9685 -0.249
vn 0 -0.94486 -0.32748
vn 0.0009 -1 0
vn 0 -0.99648 -0.0838
vn 0 -0.98599 -0.1668
vn 0.0009 -0.98482 0.1736
vn 0 -0.99651 0.0835
vn 0 -1 -0.0001
vn 0.0004 -0.91708 0.39869
vn 0 -0.94489 0.3274
vn 0.0005 -0.93959 0.3423
vn 0 -0.96853 0.24891
vn 0 -0.98602 0.1666
vn 0.0015 -0.7761 0.6306
vn 0.0005 -0.83051 0.55701
vn 0.0022 -0.86627 0.49958
vn 0.0019 -0.88961 0.45671
vn 0 -0.68358 0.72988
vn 0 -0.55412 0.83243
vn 0.0005 -0.43899 0.89849
vn 0.0047 -0.0081 0.99996
vn 0.0007 -0.0801 0.99679
vn 0 -0.23849 0.97115
vn 0 0.1015 0.99484
vn 0.0002 0.91406 -0.40558
vn 0.0007 0.94154 -0.33691
vn 0 0.93101 -0.365
vn 0.0006 -0.9959 -0.0905
vn 0.001 -0.98518 -0.1715
vn 0 -0.98482 -0.1736
vn 0.0002 -0.95627 -0.29249
vn 0.0008 -0.93229 -0.3617
vn 0.0002 -0.6946 -0.7194
vn 0.0013 -0.75133 -0.65993
vn 0 -0.76606 -0.64277
vn 0.0001 -0.78804 -0.61563
vn 0.0004 -0.898 -0.44
vn 0.0011 -0.85779 -0.514
vn 0.0007 -0.82138 -0.57038
vn 0.0011 -0.97229 -0.2338
vn 0.0007 -1 -0.0004
vn 0.0003 -1 -0.0002
vn 0 -0.99586 0.0909
vn 0.0006 -0.9848 0.1737
vn 0 -0.98534 0.17061
vn 0.0004 -0.97219 0.2342
vn 0.0006 -0.9397 0.342
vn 0.0002 -0.95623 0.29261
vn 0.0006 -0.86602 0.50001
vn 0 -0.8979 0.4402
vn 0 -0.9326 0.3609
vn 0 -0.75352 0.65742
vn 0.0001 -0.7879 0.6158
vn 0.0006 -0.76602 0.64282
vn 0.0003 -0.8213 0.5705
vn 0 -0.85869 0.51249
vn 0 -0.6946 0.7194
vn 0.0003 -0.64271 0.76611
vn 0 -0.58578 0.81047
vn 0 -0.4396 0.89819
vn 0 -0.27669 0.96096
vn 0 -0.1059 0.99438
vn 0 -0.0035 0.99999
vn 0 0.0843 0.99644
vn 0.0001 0.1737 0.9848
vn 0 0.23981 0.97082
vn 0 0.40239 0.91547
vn 0 0.48673 0.87355
vn -0.0003 0.55269 0.83339
vn 0 0.5842 0.81161
vn -0.0004 0.68662 0.72702
vn 0 0.64748 0.76208
vn 0 0.70631 0.70791
vn -0.0004 0.79962 0.60051
vn 0 0.76497 0.64407
vn 0 0.81801 0.57521
vn -0.0001 0.87233 0.48892
vn -0.0001 0.85775 0.51407
vn 0.0003 0.91431 0.40501
vn -0.0001 0.89228 0.45149
vn 0.0002 0.94129 0.3376
vn 0 0.93357 0.35839
vn -0.0001 0.96556 0.26019
vn -0.0001 0.98462 0.1747
vn -0.0002 1 0
vn -0.0001 0.99616 0.0876
vn -0.0004 0.98459 -0.1749
vn -0.0003 0.96561 -0.26
vn -0.0001 0.99615 -0.0877
vn 0.0006 0.87261 -0.48841
vn -0.0004 0.87512 -0.48391
vn 0 0.79987 -0.60018
vn -0.0004 0.81822 -0.57491
vn -0.0004 0.76483 -0.64423
vn 0 0.68703 -0.72663
vn -0.0004 0.70641 -0.70781
vn -0.0005 0.64721 -0.76231
vn 0 0.55329 -0.83299
vn -0.0005 0.58443 -0.81144
vn 0 0.40239 -0.91547
vn 0 0.48673 -0.87355
vn 0.0014 0.0009 -1
vn 0.0002 0.0843 -0.99644
vn 0 0.23981 -0.97082
vn 0 -0.58571 -0.81052
vn 0 -0.4396 -0.89819
vn 0 -0.27669 -0.96096
vn 0 -0.1058 -0.99439
vn 0.951 -0.3092 0
vn 0.89086 -0.45428 0
vn 0.80879 -0.58809 0
vn 0.70676 -0.70746 0
vn 0.58729 -0.80938 0
vn 0.4534 -0.89131 0
vn 0.3083 -0.95129 0
vn 0.3083 0.95129 0
vn 0.4534 0.89131 0
vn 0.58729 0.80938 0
vn 0.70676 0.70746 0
vn 0.80879 0.58809 0
vn 0.89086 0.45428 0
vn 0.951 0.3092 0
vn 0.98768 0.1565 0
vn 0.32871 0.94443 0.0005
vn 0.41448 0.91006 0.0011
vn 0.37759 0.92597 0.0003
vn 0.53068 0.84757 0.0002
vn 0.55701 0.83051 0.0008
vn 0.5478 0.83661 0
vn 0.55977 0.82865 0
vn 0.50273 0.86445 0.0007
vn 0.46508 0.88527 0.0011
vn 0.42159 0.90679 0
vn 0.68471 0.72881 0.0003
vn 0.63 0.7766 0
vn 0.59668 0.80248 0.0019
vn 0.56931 0.82212 0
vn 0.55689 0.83059 0
vn 0.5028 0.8644 -0.0007
vn 0.53073 0.84754 -0.0002
vn 0.56831 0.82281 -0.0033
vn 0.68456 0.72896 0
vn 0.57978 0.81477 -0.0032
vn 0.59673 0.80244 -0.0022
vn 0.4144 0.9101 0
vn 0.32829 0.94458 -0.0017
vn 0.37771 0.92592 -0.0003
vn 0.4241 0.90561 -0.0023
vn 0.46481 0.88541 -0.0022
vn 0.98669 0.1626 0
vn 0.94711 0.3209 0
vn 0.88229 0.4707 0
vn 0.93938 -0.34289 0.0001
vn 0.95515 -0.29611 0.0028
vn 0.94711 -0.3209 0.0001
vn 0.98057 -0.19619 0.0002
vn 0.99047 -0.1377 0.0028
vn 0.98669 -0.1626 0.0001
vn 0.34161 -0.93984 -0.0001
vn 0.4144 -0.91009 -0.002
vn 0.55689 -0.83058 -0.0019
vn 0.49161 -0.87082 -0.0001
vn 0.41798 -0.90846 0
vn 0.68471 -0.72881 -0.0017
vn 0.62917 -0.77727 -0.0001
vn 0.5622 -0.827 0
vn 0.79401 -0.60791 -0.0014
vn 0.73542 -0.67762 0
vn 0.6826 -0.7308 0
vn 0.88225 -0.47077 -0.0015
vn 0.85888 -0.51219 0
vn 0.80482 -0.59352 0
vn 0.95347 -0.30149 0
vn 0.93916 -0.34348 -0.0001
vn 0.94711 -0.3209 -0.0015
vn 0.91992 -0.39211 -0.0005
vn 0.8912 -0.4536 0
vn 0.96897 -0.24719 -0.0009
vn 0.98671 -0.1625 -0.0013
vn 0.98054 -0.19631 -0.0002
vn 0.99535 -0.0963 0.0018
vn 0.99785 -0.0655 0.0008
vn 0.999 -0.0446 0.0004
vn 0.99948 -0.0322 0.0002
vn 0.99986 -0.017 0
vn 0.99948 -0.0321 -0.0002
vn 0.999 -0.0447 -0.0004
vn 0.99785 -0.0655 -0.0008
vn 0.99536 -0.0962 -0.0014
vn 0.98934 -0.14561 0
vn 0.96897 -0.24719 0.0017
vn 0.88229 -0.4707 0.0001
vn 0.80566 -0.59237 0.0012
vn 0.85906 -0.51188 0.0006
vn 0.89302 -0.45001 0.0025
vn 0.91983 -0.39231 0.0014
vn 0.68456 -0.72896 0.0001
vn 0.55689 -0.83059 0.0001
vn 0.5638 -0.82591 0.0021
vn 0.62839 -0.77789 0.0016
vn 0.68461 -0.72891 0.0032
vn 0.73474 -0.67834 0.0022
vn 0.4144 -0.9101 0.0001
vn 0.3403 -0.94031 0.002
vn 0.4192 -0.90789 0.0021
vn 0.49091 -0.87121 0.0018
vn -0.11769 -0.99305 0
vn -0.27571 -0.96124 0
vn -0.4267 -0.90439 0
vn -0.56648 -0.82407 0
vn -0.69159 -0.72229 0
vn -0.79867 -0.60177 0
vn -0.885 -0.4656 0
vn -0.94832 -0.31731 0
vn -0.987 -0.1607 0
vn -0.51981 -0.47981 -0.70681
vn -0.51912 -0.48052 -0.70683
vn -0.5721 -0.4156 -0.7071
vn -0.63002 -0.32101 -0.70712
vn -0.6725 -0.2185 -0.7071
vn -0.69841 -0.1106 -0.70711
vn -0.48079 -0.51879 -0.70689
vn -0.4814 -0.5182 -0.70691
vn -0.70716 0 -0.70706
vn -0.70726 0 -0.70696
vn -0.70701 0 -0.70721
vn -0.2765 -0.65159 -0.70639
vn -0.27611 -0.65172 -0.70642
vn -0.3305 -0.62511 -0.70711
vn -0.41991 -0.56891 -0.70712
vn 0.0264 0.70646 -0.70726
vn 0.0278 0.70568 -0.70798
vn 0.0336 0.69501 -0.71821
vn 0.0291 0.7048 -0.7088
vn 0.0301 0.70378 -0.70978
vn 0.024 0.7055 -0.7083
vn 0.0241 0.7062 -0.7076
vn 0.0249 0.70664 -0.70714
vn 0.0612 0.70046 -0.71106
vn 0.0344 0.69132 -0.72173
vn 0.0242 0.7048 -0.709
vn 0.1272 0.69569 -0.70699
vn 0.1278 0.69498 -0.70758
vn 0.0812 0.69399 -0.71539
vn 0.0564 0.70428 -0.70768
vn 0.0437 0.68563 -0.72663
vn -0.3038 -0.63851 -0.70711
vn -0.3705 -0.60229 -0.70709
vn -0.4328 -0.5592 -0.7071
vn -0.49021 -0.50961 -0.70711
vn -0.54199 -0.45419 -0.70708
vn -0.5875 -0.3935 -0.7071
vn -0.62629 -0.3283 -0.70709
vn -0.65781 -0.2594 -0.70711
vn -0.68181 -0.1874 -0.70711
vn -0.69799 -0.1133 -0.70709
vn -0.7061 -0.0379 -0.7071
vn -0.7061 0.0379 -0.7071
vn -0.69799 0.1133 -0.70709
vn -0.68181 0.1874 -0.70711
vn -0.65781 0.2594 -0.70711
vn -0.62629 0.3283 -0.70709
vn -0.5875 0.3935 -0.7071
vn -0.54199 0.45419 -0.70708
vn -0.49021 0.50961 -0.70711
vn -0.4328 0.5592 -0.7071
vn -0.3705 0.60229 -0.70709
vn -0.3038 0.63851 -0.70711
vn -0.27611 0.65172 -0.70642
vn -0.2765 0.65159 -0.70639
vn 0.218 0.67269 -0.70709
vn 0.32059 0.63028 -0.70708
vn 0.4153 0.5723 -0.7071
vn 0.4998 0.5002 -0.7071
vn 0.57191 0.41581 -0.70712
vn 0.62992 0.32121 -0.70712
vn 0.67243 0.21861 -0.70714
vn 0.67249 0.2186 -0.70709
vn 0.6984 0.1107 -0.7071
vn -0.48079 0.51879 -0.70689
vn -0.4814 0.5182 -0.70691
vn -0.41991 0.56891 -0.70712
vn -0.3305 0.62511 -0.70711
vn 0.7068 0.0294 -0.7068
vn 0.70682 0.0284 -0.70682
vn -0.51981 0.47981 -0.70681
vn -0.51912 0.48052 -0.70683
vn 0.22839 0.66998 -0.70638
vn 0.22779 0.67018 -0.70638
vn 0.29301 0.64352 -0.70712
vn 0.3938 0.5873 -0.7071
vn 0.4841 0.51541 -0.70711
vn 0.56141 0.42991 -0.70711
vn 0.6239 0.3328 -0.7071
vn 0.66971 0.2269 -0.70711
vn 0.6977 0.115 -0.7071
vn -0.69841 0.1106 -0.70711
vn -0.6725 0.2185 -0.7071
vn -0.63002 0.32101 -0.70712
vn -0.5721 0.4156 -0.7071
vn 0.24729 0.66248 -0.70708
vn 0.308 0.6365 -0.7071
vn 0.36601 0.60501 -0.70711
vn 0.42079 0.56829 -0.70709
vn 0.4719 0.5266 -0.7071
vn 0.51892 0.48032 -0.70712
vn 0.59908 0.37569 -0.70708
vn 0.63149 0.31819 -0.70709
vn 0.6584 0.2579 -0.7071
vn 0.67959 0.1954 -0.70709
vn 0.69482 0.1312 -0.70712
vn 0.70402 0.0659 -0.70712
vn 0.70402 -0.0659 -0.70712
vn 0.69482 -0.1312 -0.70712
vn 0.67959 -0.1954 -0.70709
vn 0.6584 -0.2579 -0.7071
vn 0.63149 -0.31819 -0.70709
vn 0.59908 -0.37569 -0.70708
vn 0.56141 -0.42991 -0.70711
vn 0.51892 -0.48032 -0.70712
vn 0.4719 -0.5266 -0.7071
vn 0.42079 -0.56829 -0.70709
vn 0.36601 -0.60501 -0.70711
vn 0.308 -0.6365 -0.7071
vn 0.24731 -0.66243 -0.70713
vn 0.22839 -0.66998 -0.70638
vn 0.22779 -0.67018 -0.70638
vn -0.70681 -0.0291 -0.70681
vn -0.70683 -0.028 -0.70683
vn 0.7068 -0.0294 -0.7068
vn 0.70682 -0.0284 -0.70682
vn 0.6977 -0.115 -0.7071
vn 0.66971 -0.2269 -0.70711
vn 0.6239 -0.3328 -0.7071
vn 0.4841 -0.51541 -0.70711
vn 0.3938 -0.5873 -0.7071
vn 0.29301 -0.64352 -0.70712
vn 0.0117 -0.70711 -0.70701
vn 0.0126 -0.7071 -0.707
vn -0.0832 -0.7022 -0.7071
vn -0.195 -0.6797 -0.7071
vn -0.3017 -0.63951 -0.70711
vn -0.4006 -0.5827 -0.7071
vn -0.48899 -0.51079 -0.70709
vn -0.56472 -0.42552 -0.70713
vn -0.6258 -0.3292 -0.7071
vn -0.6706 -0.2243 -0.7071
vn -0.69791 -0.1136 -0.70711
vn -0.69791 -0.1137 -0.70711
vn 0.128 -0.69552 -0.70702
vn 0.1272 -0.69569 -0.70699
vn 0.0705 -0.7036 -0.7071
vn 0.6984 -0.1107 -0.7071
vn 0.67249 -0.2186 -0.70709
vn 0.62992 -0.32121 -0.70712
vn 0.57189 -0.41589 -0.70709
vn 0.4998 -0.5002 -0.7071
vn 0.4153 -0.5723 -0.7071
vn 0.32059 -0.63028 -0.70708
vn 0.218 -0.67269 -0.70709
vn 0.6984 0.1107 0.7071
vn 0.67249 0.2186 0.70709
vn 0.62992 0.32121 0.70712
vn 0.57189 0.41589 0.70709
vn 0.4998 0.5002 0.7071
vn 0.4153 0.5723 0.7071
vn 0.32059 0.63028 0.70708
vn 0.218 0.67269 0.70709
vn 0.12579 0.69526 0.70766
vn 0.1266 0.6958 0.70699
vn 0.70682 0.0284 0.70682
vn 0.7068 0.0294 0.7068
vn 0.0629 0.69988 0.71148
vn 0.0578 0.70477 0.70707
vn 0.0405 0.69157 0.72117
vn 0.024 0.7054 0.7084
vn 0.0332 0.69502 0.71822
vn 0.0241 0.7062 0.7076
vn 0.0249 0.70664 0.70714
vn 0.0242 0.7047 0.7091
vn 0.0344 0.69132 0.72173
vn 0.0291 0.7048 0.7088
vn 0.0278 0.70568 0.70798
vn 0.0263 0.70641 0.70731
vn 0.0301 0.70378 0.70978
vn 0.0829 0.69191 0.71721
vn 0.6977 0.115 0.7071
vn 0.66971 0.2269 0.70711
vn 0.6239 0.3328 0.7071
vn 0.56141 0.42991 0.70711
vn 0.4841 0.51541 0.70711
vn 0.3938 0.5873 0.7071
vn 0.29301 0.64352 0.70712
vn 0.22839 0.66998 0.70638
vn 0.22779 0.67018 0.70638
vn -0.70706 0 0.70716
vn -0.70701 0 0.70721
vn -0.70721 0 0.70701
vn 0.22779 -0.67018 0.70638
vn 0.22839 -0.66998 0.70638
vn 0.24729 -0.66248 0.70708
vn 0.308 -0.6365 0.7071
vn 0.36601 -0.60501 0.70711
vn 0.42079 -0.56829 0.70709
vn 0.4719 -0.5266 0.7071
vn 0.51892 -0.48032 0.70712
vn 0.56141 -0.42991 0.70711
vn 0.59908 -0.37569 0.70708
vn 0.63149 -0.31819 0.70709
vn 0.6584 -0.2579 0.7071
vn 0.67959 -0.1954 0.70709
vn 0.69482 -0.1312 0.70712
vn 0.70402 -0.0659 0.70712
vn 0.70402 0.0659 0.70712
vn 0.69482 0.1312 0.70712
vn 0.67959 0.1954 0.70709
vn 0.6584 0.2579 0.7071
vn 0.63149 0.31819 0.70709
vn 0.59908 0.37569 0.70708
vn 0.51892 0.48032 0.70712
vn 0.4719 0.5266 0.7071
vn 0.42079 0.56829 0.70709
vn 0.36601 0.60501 0.70711
vn 0.308 0.6365 0.7071
vn 0.24731 0.66243 0.70713
vn -0.69841 -0.1106 0.70711
vn -0.6725 -0.2185 0.7071
vn -0.63002 -0.32101 0.70712
vn -0.5721 -0.4156 0.7071
vn -0.51912 -0.48052 0.70683
vn -0.51981 -0.47981 0.70681
vn 0.29301 -0.64352 0.70712
vn 0.3938 -0.5873 0.7071
vn 0.4841 -0.51541 0.70711
vn 0.6239 -0.3328 0.7071
vn 0.66971 -0.2269 0.70711
vn 0.6977 -0.115 0.7071
vn 0.7068 -0.0294 0.7068
vn 0.70682 -0.0284 0.70682
vn -0.4814 -0.5182 0.70691
vn -0.48079 -0.51879 0.70689
vn -0.41991 -0.56891 0.70712
vn -0.3305 -0.62511 0.70711
vn -0.27611 -0.65172 0.70642
vn -0.2765 -0.65159 0.70639
vn 0.128 -0.69552 0.70702
vn 0.1272 -0.69569 0.70699
vn 0.218 -0.67269 0.70709
vn 0.32059 -0.63028 0.70708
vn 0.4153 -0.5723 0.7071
vn 0.4998 -0.5002 0.7071
vn 0.57191 -0.41581 0.70712
vn 0.62992 -0.32121 0.70712
vn 0.67243 -0.21861 0.70714
vn 0.67249 -0.2186 0.70709
vn 0.6984 -0.1107 0.7071
vn -0.27611 0.65172 0.70642
vn -0.2765 0.65159 0.70639
vn -0.3038 0.63851 0.70711
vn -0.3705 0.60229 0.70709
vn -0.4328 0.5592 0.7071
vn -0.49021 0.50961 0.70711
vn -0.54199 0.45419 0.70708
vn -0.5875 0.3935 0.7071
vn -0.62629 0.3283 0.70709
vn -0.65781 0.2594 0.70711
vn -0.68181 0.1874 0.70711
vn -0.69799 0.1133 0.70709
vn -0.7061 0.0379 0.7071
vn -0.7061 -0.0379 0.7071
vn -0.69799 -0.1133 0.70709
vn -0.68181 -0.1874 0.70711
vn -0.65781 -0.2594 0.70711
vn -0.62629 -0.3283 0.70709
vn -0.5875 -0.3935 0.7071
vn -0.54199 -0.45419 0.70708
vn -0.49021 -0.50961 0.70711
vn -0.4328 -0.5592 0.7071
vn -0.3705 -0.60229 0.70709
vn -0.3038 -0.63851 0.70711
vn 0.0117 -0.70711 0.70701
vn 0.0126 -0.7071 0.707
vn 0.0705 -0.7036 0.7071
vn -0.3305 0.62511 0.70711
vn -0.41991 0.56891 0.70712
vn -0.4814 0.5182 0.70691
vn -0.48079 0.51879 0.70689
vn -0.70681 -0.0291 0.70681
vn -0.70683 -0.028 0.70683
vn -0.69791 -0.1137 0.70711
vn -0.67058 -0.22439 0.70708
vn -0.6706 -0.2243 0.7071
vn -0.6258 -0.3292 0.7071
vn -0.56472 -0.42552 0.70713
vn -0.48899 -0.51079 0.70709
vn -0.4006 -0.5827 0.7071
vn -0.3017 -0.63951 0.70711
vn -0.195 -0.6797 0.7071
vn -0.0832 -0.7022 0.7071
vn -0.51909 0.48049 0.70688
vn -0.51981 0.47981 0.70681
vn -0.5721 0.4156 0.7071
vn -0.63002 0.32101 0.70712
vn -0.6725 0.2185 0.7071
vn -0.69841 0.1106 0.70711
vn -0.96942 0.24541 -0.0002
vn -0.94578 0.32479 -0.0002
vn -0.94589 0.3245 0.0001
vn -0.0393 0.99923 0.0002
vn -0.122 0.99253 0.0002
vn -0.1217 0.99257 -0.0002
vn -0.59862 0.80103 -0.0001
vn -0.5096 0.86041 -0.0002
vn -0.43719 0.89937 0.0002
vn -0.4369 0.89951 -0.0001
vn -0.36132 0.93244 0.0001
vn -0.28361 0.95894 0.0002
vn -0.36161 0.93233 -0.0002
vn -0.28331 0.95903 -0.0002
vn -0.2034 0.9791 -0.0002
vn -0.2033 0.97912 0.0002
vn -0.0396 0.99922 -0.0002
vn -0.5093 0.86059 0.0001
vn -0.59869 0.80098 0
vn -0.69307 0.72087 0
vn -0.71777 0.69628 0
vn -0.77588 0.63088 0.0001
vn -0.83771 0.54611 0.0002
vn -0.87971 0.47551 -0.0002
vn -0.87988 0.47519 0.0001
vn -0.91596 0.40128 -0.0001
vn -0.83791 0.54581 -0.0001
vn -0.77584 0.63093 0
vn -0.91585 0.40152 0.0002
vn -0.98633 0.1648 -0.0002
vn -0.96935 0.24569 0.0002
vn -0.98636 0.16459 0.0002
vn -0.99657 0.0828 0.0002
vn -0.99659 0.0825 -0.0002
vn -0.45282 0.87724 -0.15941
vn -0.38059 0.91087 -0.15959
vn -0.3705 0.8761 -0.3085
vn -0.92223 -0.35221 -0.1595
vn -0.94699 -0.2783 -0.1605
vn -0.91082 -0.27441 -0.30841
vn -0.51932 0.83924 -0.16121
vn -0.68881 0.70701 -0.1602
vn -0.82518 0.54189 -0.1595
vn -0.86389 0.47709 -0.1615
vn -0.94699 0.2783 -0.1605
vn -0.99691 0 -0.0785
vn -0.98493 0.0669 -0.1595
vn -0.89104 -0.42482 -0.15991
vn -0.77883 -0.60662 -0.15951
vn -0.72922 -0.66502 -0.1612
vn -0.56812 -0.80722 -0.1601
vn -0.38059 -0.91088 -0.1595
vn -0.3098 -0.93699 -0.1615
vn -0.1786 -0.9711 -0.1583
vn -0.1505 -0.97779 -0.1459
vn -0.15159 -0.98486 -0.0841
vn -0.17509 -0.93497 -0.30849
vn -0.148 -0.96051 -0.2356
vn -0.1494 -0.97013 -0.19111
vn -0.1307 -0.84498 -0.51859
vn -0.1379 -0.89401 -0.4263
vn -0.16411 -0.87575 -0.45402
vn -0.1429 -0.92691 -0.347
vn -0.1459 -0.94669 -0.2872
vn -0.1271 0.82221 -0.55481
vn -0.1454 0.79569 -0.58799
vn -0.1345 0.87107 -0.47238
vn -0.16411 0.87575 -0.45402
vn -0.17511 0.93493 -0.30861
vn -0.14261 0.92525 -0.35152
vn -0.13871 0.89904 -0.41532
vn -0.1518 0.98568 -0.0735
vn -0.1506 0.97833 -0.1421
vn -0.1786 0.9711 -0.1583
vn -0.14831 0.96284 -0.22571
vn -0.1456 0.9453 -0.2919
vn -0.1521 0.98779 -0.0338
vn -0.4528 -0.87721 -0.1596
vn -0.63671 -0.76711 -0.0784
vn -0.82518 -0.54189 -0.1595
vn -0.96168 -0.222 -0.1609
vn -0.97634 -0.14601 -0.15951
vn -0.97634 0.14601 -0.15951
vn -0.92223 0.35221 -0.1595
vn -0.77881 0.60661 -0.1596
vn -0.63671 0.76712 -0.0783
vn -0.32631 0.69902 -0.63632
vn -0.25351 0.95403 -0.1599
vn -0.86998 -0.19409 -0.45329
vn -0.9284 -0.2071 -0.3085
vn -0.95122 0 -0.30851
vn -0.94868 -0.0695 -0.30849
vn -0.98493 -0.0669 -0.1595
vn -0.2863 0.84419 -0.45319
vn -0.3055 0.9008 -0.3086
vn -0.3098 0.93699 -0.1615
vn -0.20569 -0.78348 -0.58639
vn -0.2238 -0.8628 -0.4533
vn -0.23881 -0.92075 -0.30852
vn -0.25351 -0.95403 -0.1599
vn -0.1715 -0.77722 -0.60541
vn -0.3472 -0.82101 -0.4532
vn -0.2863 -0.84419 -0.45319
vn -0.30551 -0.90083 -0.30851
vn -0.80116 -0.12009 -0.58627
vn -0.88188 -0.13 -0.45319
vn -0.94106 -0.13869 -0.30849
vn -0.88862 -0.0651 -0.45401
vn -0.89141 0 -0.4532
vn -0.88862 0.0651 -0.45401
vn -0.20571 0.78353 -0.58632
vn -0.22379 0.86287 -0.45318
vn -0.2388 0.9208 -0.3084
vn -0.26609 -0.76707 -0.58378
vn -0.311 -0.7477 -0.5867
vn -0.38922 -0.75963 -0.52102
vn -0.37051 -0.87613 -0.30841
vn -0.43358 -0.84667 -0.30849
vn -0.40629 -0.79338 -0.45329
vn -0.46318 -0.76157 -0.45328
vn -0.42587 -0.69076 -0.58437
vn -0.46699 -0.66408 -0.58388
vn -0.32631 -0.69902 -0.63632
vn -0.4943 -0.81271 -0.3085
vn -0.51762 -0.72572 -0.45321
vn -0.51607 -0.62447 -0.58627
vn -0.51932 -0.83924 -0.16121
vn -0.5524 -0.77439 -0.3085
vn -0.6075 -0.732 -0.3084
vn -0.56929 -0.68589 -0.45329
vn -0.61767 -0.64217 -0.45398
vn -0.56359 -0.58009 -0.58809
vn -0.6015 -0.5451 -0.584
vn -0.68881 -0.70701 -0.1602
vn -0.7078 -0.6355 -0.3085
vn -0.75234 -0.58213 -0.30841
vn -0.70501 -0.5455 -0.4532
vn -0.74297 -0.49248 -0.45328
vn -0.67643 -0.44572 -0.58633
vn -0.71042 -0.39301 -0.58382
vn -0.79289 -0.5255 -0.3085
vn -0.777 -0.4369 -0.4532
vn -0.73249 -0.3492 -0.58439
vn -0.86389 -0.47709 -0.1615
vn -0.82916 -0.46618 -0.30849
vn -0.86102 -0.40431 -0.30851
vn -0.80688 -0.37889 -0.45319
vn -0.83237 -0.31889 -0.45328
vn -0.79811 -0.3057 -0.5192
vn -0.77836 -0.22949 -0.58437
vn -0.88828 -0.34029 -0.30849
vn -0.8535 -0.2572 -0.4532
vn -0.79111 -0.1822 -0.58391
vn -0.80685 -0.0552 -0.58817
vn -0.80967 0 -0.58688
vn -0.80686 0.0551 -0.58817
vn -0.80113 0.1201 -0.58632
vn -0.98772 0 -0.1562
vn -0.94868 0.0695 -0.30849
vn -0.94106 0.13869 -0.30849
vn -0.88188 0.13 -0.45319
vn -0.86998 0.19409 -0.45329
vn -0.79111 0.1822 -0.58391
vn -0.77836 0.22949 -0.58437
vn -0.77472 0.0854 -0.62651
vn -0.9284 0.2071 -0.3085
vn -0.8535 0.2572 -0.4532
vn -0.79811 0.3057 -0.5192
vn -0.96168 0.222 -0.1609
vn -0.91082 0.27441 -0.30841
vn -0.88828 0.34029 -0.30849
vn -0.83237 0.31889 -0.45328
vn -0.80688 0.37889 -0.45319
vn -0.73249 0.3492 -0.58439
vn -0.71042 0.39301 -0.58382
vn -0.86102 0.40431 -0.30851
vn -0.77703 0.43682 -0.45322
vn -0.67643 0.44572 -0.58633
vn -0.89104 0.42482 -0.15991
vn -0.82916 0.46618 -0.30849
vn -0.79285 0.52557 -0.30848
vn -0.74297 0.49248 -0.45328
vn -0.70497 0.54548 -0.45328
vn -0.63813 0.49853 -0.58673
vn -0.60147 0.54517 -0.58397
vn -0.72927 0.66497 -0.16119
vn -0.70782 0.63552 -0.30841
vn -0.65939 0.68559 -0.3085
vn -0.61767 0.64217 -0.45398
vn -0.56929 0.68589 -0.45329
vn -0.516 0.6245 -0.5863
vn -0.46691 0.66402 -0.58402
vn -0.60753 0.73193 -0.30851
vn -0.51759 0.72569 -0.45329
vn -0.4259 0.6908 -0.5843
vn -0.62029 0.74729 -0.2383
vn -0.4994 0.6485 -0.5745
vn -0.56811 0.80721 -0.1602
vn -0.5524 0.77439 -0.3085
vn -0.49432 0.81273 -0.30841
vn -0.4632 0.76161 -0.4532
vn -0.40631 0.79342 -0.45321
vn -0.38921 0.75972 -0.52091
vn -0.31098 0.74766 -0.58677
vn -0.4336 0.84669 -0.3084
vn -0.34719 0.82097 -0.45328
vn -0.26609 0.76707 -0.58378
vn -0.1246 -0.80119 -0.58529
vn -0.1453 -0.79562 -0.58811
vn -0.2136 -0.9686 0.1272
vn -0.34721 -0.67653 -0.64943
vn -0.42291 -0.90602 -0.0164
vn -0.48601 -0.86921 -0.0909
vn -0.66276 -0.74126 0.10619
vn -0.4994 -0.6485 -0.5745
vn -0.62032 -0.74733 -0.23811
vn -0.65939 -0.68559 -0.3085
vn -0.66321 -0.59561 -0.45321
vn -0.63807 -0.49857 -0.58677
vn -0.5462 -0.6111 -0.5729
vn -0.80765 -0.57893 0.11201
vn -0.62712 -0.44952 -0.63612
vn -0.9194 -0.3913 -0.0398
vn -0.9443 -0.3227 -0.0645
vn -0.71021 -0.2718 -0.64941
vn -0.73153 -0.31141 -0.60653
vn -0.77472 -0.0854 -0.62651
vn -0.98737 -0.1086 0.1154
vn -0.98737 0.1086 0.1154
vn -0.76038 0 -0.64948
vn -0.71021 0.2718 -0.64941
vn -0.9443 0.3227 -0.0645
vn -0.91941 0.3913 -0.0397
vn -0.73153 0.31141 -0.60653
vn -0.80765 0.57893 0.11201
vn -0.75231 0.58211 -0.3085
vn -0.66318 0.59558 -0.45329
vn -0.56363 0.58003 -0.58813
vn -0.62712 0.44952 -0.63612
vn -0.66276 0.74126 0.10619
vn -0.5462 0.6111 -0.5729
vn -0.48601 0.86921 -0.0909
vn -0.42291 0.90602 -0.0164
vn -0.34721 0.67653 -0.64943
vn -0.1715 0.77722 -0.60541
vn -0.2136 0.96862 0.1271
vn -0.77883 0.60662 0.15951
vn -0.45281 -0.87722 0.1595
vn -0.20569 0.78348 0.58639
vn -0.1453 0.79562 0.58811
vn -0.16411 0.87575 0.45402
vn -0.79811 -0.3057 0.5192
vn -0.77836 -0.22949 0.58437
vn -0.8535 -0.2572 0.4532
vn -0.26609 0.76707 0.58378
vn -0.4259 0.6908 0.5843
vn -0.56359 0.58009 0.58809
vn -0.67643 0.44572 0.58633
vn -0.71042 0.39301 0.58382
vn -0.77836 0.22949 0.58437
vn -0.76038 0 0.64948
vn -0.80685 0.0552 0.58817
vn -0.73249 -0.3492 0.58439
vn -0.63813 -0.49853 0.58673
vn -0.60147 -0.54517 0.58397
vn -0.46691 -0.66402 0.58402
vn -0.31098 -0.74766 0.58677
vn -0.1454 -0.79569 0.58799
vn -0.16411 -0.87575 0.45402
vn -0.1345 -0.87107 0.47238
vn -0.1271 -0.82229 0.55469
vn -0.17511 -0.93493 0.30861
vn -0.14261 -0.92525 0.35152
vn -0.13871 -0.89904 0.41532
vn -0.1786 -0.9711 0.1583
vn -0.14831 -0.96284 0.22571
vn -0.1456 -0.9453 0.2919
vn -0.1521 -0.98777 0.0343
vn -0.15181 -0.98564 0.074
vn -0.1506 -0.97833 0.1421
vn -0.15159 0.98486 0.0841
vn -0.1786 0.9711 0.1583
vn -0.1505 0.97777 0.146
vn -0.1494 0.9701 0.1913
vn -0.17509 0.93497 0.30849
vn -0.1459 0.94669 0.2872
vn -0.148 0.96051 0.2356
vn -0.1379 0.89401 0.4263
vn -0.1429 0.92691 0.347
vn -0.1246 0.80119 0.58529
vn -0.1307 0.84498 0.51859
vn -0.20571 -0.78353 0.58632
vn -0.34713 -0.67655 0.64945
vn -0.516 -0.6245 0.5863
vn -0.67643 -0.44572 0.58633
vn -0.71021 -0.2718 0.64941
vn -0.9443 -0.3227 0.0645
vn -0.79111 -0.1822 0.58391
vn -0.80113 -0.1201 0.58632
vn -0.80113 0.1201 0.58632
vn -0.71021 0.2718 0.64941
vn -0.6015 0.5451 0.584
vn -0.51607 0.62447 0.58627
vn -0.34721 0.67653 0.64943
vn -0.2136 0.9686 -0.1272
vn -0.9284 -0.2071 0.3085
vn -0.86998 -0.19409 0.45329
vn -0.89141 0 0.4532
vn -0.88862 -0.0651 0.45401
vn -0.80686 -0.0551 0.58817
vn -0.2238 0.8628 0.4533
vn -0.3055 -0.9008 0.3086
vn -0.2388 -0.9208 0.3084
vn -0.2238 -0.86291 0.4531
vn -0.97634 -0.14601 0.15951
vn -0.94106 -0.13869 0.30849
vn -0.88188 -0.13 0.45319
vn -0.94868 -0.0695 0.30849
vn -0.95122 0 0.30851
vn -0.94868 0.0695 0.30849
vn -0.311 0.7477 0.5867
vn -0.2863 0.84419 0.45319
vn -0.23881 0.92072 0.30861
vn -0.25351 -0.95403 0.1599
vn -0.3098 -0.93699 0.1615
vn -0.38059 -0.91088 0.1595
vn -0.26609 -0.76707 0.58378
vn -0.34719 -0.82097 0.45328
vn -0.40631 -0.79342 0.45321
vn -0.4336 -0.84669 0.3084
vn -0.49432 -0.81273 0.30841
vn -0.51932 -0.83924 0.16121
vn -0.56812 -0.80722 0.1601
vn -0.42291 -0.90602 0.0164
vn -0.38921 -0.75972 0.52091
vn -0.4632 -0.76161 0.4532
vn -0.5524 -0.77439 0.3085
vn -0.62029 -0.74729 0.2383
vn -0.4259 -0.6908 0.5843
vn -0.51759 -0.72569 0.45329
vn -0.56929 -0.68589 0.45329
vn -0.60753 -0.73193 0.30851
vn -0.65939 -0.68559 0.3085
vn -0.68881 -0.70701 0.1602
vn -0.72928 -0.66498 0.1611
vn -0.61767 -0.64217 0.45398
vn -0.70777 -0.63557 0.30839
vn -0.77881 -0.60661 0.1596
vn -0.56359 -0.57999 0.58819
vn -0.66321 -0.59561 0.45321
vn -0.70497 -0.54548 0.45328
vn -0.75231 -0.58211 0.3085
vn -0.79289 -0.5255 0.3085
vn -0.82518 -0.54189 0.1595
vn -0.86389 -0.47709 0.1615
vn -0.71042 -0.39301 0.58382
vn -0.777 -0.4369 0.4532
vn -0.80688 -0.37889 0.45319
vn -0.86102 -0.40431 0.30851
vn -0.88828 -0.34029 0.30849
vn -0.92223 -0.35221 0.1595
vn -0.94699 -0.2783 0.1605
vn -0.83237 -0.31889 0.45328
vn -0.91082 -0.27441 0.30841
vn -0.96168 -0.222 0.1609
vn -0.98493 -0.0669 0.1595
vn -0.98772 0 0.1562
vn -0.98493 0.0669 0.1595
vn -0.97634 0.14601 0.15951
vn -0.80967 0 0.58688
vn -0.88862 0.0651 0.45401
vn -0.88188 0.13 0.45319
vn -0.94106 0.13869 0.30849
vn -0.9284 0.2071 0.3085
vn -0.96168 0.222 0.1609
vn -0.94699 0.2783 0.1605
vn -0.98737 0.1086 -0.1154
vn -0.86998 0.19409 0.45329
vn -0.91082 0.27441 0.30841
vn -0.92223 0.35221 0.1595
vn -0.79111 0.1822 0.58391
vn -0.8535 0.2572 0.4532
vn -0.83241 0.3189 0.45321
vn -0.88828 0.34029 0.30849
vn -0.86102 0.40431 0.30851
vn -0.89104 0.42482 0.15991
vn -0.86389 0.47709 0.1615
vn -0.9443 0.3227 0.0645
vn -0.79811 0.3057 0.5192
vn -0.80688 0.37889 0.45319
vn -0.82916 0.46618 0.30849
vn -0.82518 0.54189 0.1595
vn -0.74297 0.49248 0.45328
vn -0.70501 0.5455 0.4532
vn -0.75234 0.58213 0.30841
vn -0.7078 0.6355 0.3085
vn -0.72922 0.66502 0.1612
vn -0.68881 0.70701 0.1602
vn -0.80765 0.57893 -0.11201
vn -0.63807 0.49857 0.58677
vn -0.66322 0.59552 0.45331
vn -0.65939 0.68559 0.3085
vn -0.62032 0.74733 0.23811
vn -0.61767 0.64217 0.45398
vn -0.56929 0.68589 0.45329
vn -0.60748 0.73198 0.30849
vn -0.5524 0.77439 0.3085
vn -0.56812 0.80722 0.1601
vn -0.51932 0.83924 0.16121
vn -0.66276 0.74126 -0.10619
vn -0.51762 0.72572 0.45321
vn -0.4943 0.81271 0.3085
vn -0.4528 0.87721 0.1596
vn -0.46699 0.66408 0.58388
vn -0.46318 0.76157 0.45328
vn -0.40629 0.79338 0.45329
vn -0.43357 0.84664 0.30858
vn -0.37052 0.87616 0.30832
vn -0.38059 0.91088 0.1595
vn -0.30979 0.93697 0.1616
vn -0.1715 -0.77722 0.60541
vn -0.2136 -0.96862 -0.1271
vn -0.28628 -0.84415 0.45327
vn -0.3705 -0.8761 0.3085
vn -0.32631 -0.69902 0.63632
vn -0.63671 -0.76712 0.0783
vn -0.4994 -0.6485 0.5745
vn -0.48601 -0.86921 0.0909
vn -0.5462 -0.6111 0.5729
vn -0.66276 -0.74126 -0.10619
vn -0.62712 -0.44952 0.63612
vn -0.74297 -0.49248 0.45328
vn -0.82916 -0.46618 0.30849
vn -0.89104 -0.42482 0.15991
vn -0.80765 -0.57893 -0.11201
vn -0.73153 -0.31141 0.60653
vn -0.9194 -0.3913 0.0398
vn -0.98737 -0.1086 -0.1154
vn -0.77472 -0.0854 0.62651
vn -0.77472 0.0854 0.62651
vn -0.99691 0 0.0785
vn -0.73153 0.31141 0.60653
vn -0.91941 0.3913 0.0397
vn -0.73249 0.3492 0.58439
vn -0.77703 0.43682 0.45322
vn -0.79289 0.5255 0.3085
vn -0.62712 0.44952 0.63612
vn -0.63671 0.76711 0.0784
vn -0.5462 0.6111 0.5729
vn -0.4994 0.6485 0.5745
vn -0.32631 0.69902 0.63632
vn -0.48601 0.86921 0.0909
vn -0.38919 0.75968 0.52098
vn -0.3472 0.82101 0.4532
vn -0.3055 0.9008 0.3086
vn -0.25351 0.95403 0.1599
vn -0.42291 0.90602 0.0164
vn -0.1715 0.77722 0.60541
usemtl mat0
f 1//1 2//2 3//2
f 4//2 5//2 6//3
f 6//3 5//2 7//2
f 6//3 7//2 8//2
f 8//2 9//2 6//3
f 6//3 9//2 10//2
f 6//3 10//2 1//1
f 1//1 10//2 11//2
f 1//1 11//2 2//2
f 12//4 13//2 14//2
f 14//2 15//2 12//4
f 12//4 15//2 16//2
f 12//4 16//2 17//5
f 3//2 18//2 1//1
f 1//1 18//2 19//2
f 1//1 19//2 20//2
f 20//2 21//2 1//1
f 1//1 21//2 22//2
f 1//1 22//2 12//4
f 12//4 22//2 23//2
f 12//4 23//2 13//2
f 24//6 25//2 26//7
f 26//7 25//2 27//2
f 26//7 27//2 28//2
f 28//2 29//2 26//7
f 26//7 29//2 30//2
f 26//7 30//2 6//3
f 6//3 30//2 31//2
f 6//3 31//2 4//2
f 32//2 33//8 34//2
f 34//2 33//8 35//9
f 36//10 37//2 38//2
f 38//2 39//2 36//10
f 36//10 39//2 40//2
f 36//10 40//2 41//10
f 41//10 40//2 42//2
f 41//10 42//2 43//2
f 44//2 45//2 36//10
f 36//10 45//2 46//2
f 36//10 46//2 37//2
f 43//2 47//2 41//10
f 41//10 47//2 48//2
f 41//10 48//2 49//2
f 32//2 50//2 33//8
f 33//8 50//2 51//2
f 33//8 51//2 36//10
f 36//10 51//2 52//2
f 36//10 52//2 44//2
f 53//2 54//2 55//11
f 55//11 54//2 56//2
f 55//11 56//2 57//12
f 49//2 58//2 41//10
f 41//10 58//2 59//2
f 41//10 59//2 55//11
f 55//11 59//2 60//2
f 55//11 60//2 53//2
f 61//13 62//14 63//15
f 63//15 62//14 64//16
f 63//15 64//16 65//17
f 65//17 64//16 66//18
f 66//18 64//16 67//19
f 66//18 67//19 68//20
f 68//20 67//19 69//21
f 69//21 67//19 70//22
f 69//21 70//22 71//23
f 71//23 70//22 72//24
f 72//24 70//22 73//25
f 72//24 73//25 74//26
f 74//26 73//25 75//27
f 75//27 73//25 76//28
f 75//27 76//28 77//29
f 77//29 76//28 78//30
f 78//30 76//28 79//31
f 78//30 79//31 80//32
f 80//32 79//31 81//33
f 81//33 79//31 82//34
f 81//33 82//34 83//35
f 83//35 82//34 84//36
f 84//36 82//34 85//37
f 84//36 85//37 86//38
f 86//38 85//37 87//39
f 87//39 85//37 88//40
f 87//39 88//40 89//41
f 89//41 88//40 90//42
f 90//42 88//40 91//43
f 90//42 91//43 92//44
f 92//44 91//43 93//45
f 93//45 91//43 94//46
f 93//45 94//46 95//47
f 95//47 94//46 96//48
f 96//48 94//46 97//49
f 96//48 97//49 98//50
f 99//51 100//52 97//49
f 97//49 100//52 101//53
f 97//49 101//53 98//50
f 102//54 103//55 104//56
f 104//56 105//57 102//54
f 102//54 105//57 106//58
f 102//54 106//58 99//51
f 99//51 106//58 107//59
f 99//51 107//59 100//52
f 108//60 109//61 110//62
f 110//62 111//63 108//60
f 108//60 111//63 112//64
f 108//60 112//64 103//55
f 103//55 112//64 113//65
f 103//55 113//65 104//56
f 114//66 115//67 116//68
f 116//68 117//69 114//66
f 114//66 117//69 118//70
f 114//66 118//70 109//61
f 109//61 118//70 119//71
f 109//61 119//71 110//62
f 120//72 121//73 122//74
f 122//74 123//75 120//72
f 120//72 123//75 124//76
f 120//72 124//76 115//67
f 115//67 124//76 125//77
f 115//67 125//77 116//68
f 126//78 127//79 128//80
f 128//80 129//81 126//78
f 126//78 129//81 130//82
f 126//78 130//82 121//73
f 121//73 130//82 131//83
f 121//73 131//83 122//74
f 132//84 133//85 134//86
f 134//86 135//87 132//84
f 132//84 135//87 136//88
f 132//84 136//88 137//89
f 136//88 138//90 137//89
f 137//89 138//90 139//91
f 137//89 139//91 140//92
f 139//91 141//93 140//92
f 140//92 141//93 142//94
f 140//92 142//94 143//95
f 142//94 144//96 143//95
f 143//95 144//96 145//97
f 143//95 145//97 146//98
f 145//97 147//99 146//98
f 146//98 147//99 148//100
f 146//98 148//100 149//101
f 148//100 150//102 149//101
f 149//101 150//102 151//103
f 149//101 151//103 152//104
f 151//103 153//105 152//104
f 152//104 153//105 154//106
f 152//104 154//106 155//107
f 154//106 156//108 155//107
f 155//107 156//108 157//109
f 155//107 157//109 158//110
f 157//109 159//111 158//110
f 158//110 159//111 160//112
f 158//110 160//112 161//113
f 160//112 162//114 161//113
f 161//113 162//114 163//115
f 161//113 163//115 164//116
f 163//115 165//117 164//116
f 164//116 165//117 166//118
f 164//116 166//118 167//119
f 167//119 166//118 168//120
f 168//120 169//50 167//119
f 167//119 169//50 170//121
f 167//119 170//121 171//122
f 170//121 172//123 171//122
f 171//122 172//123 173//124
f 171//122 173//124 174//125
f 173//124 175//126 174//125
f 174//125 175//126 176//127
f 174//125 176//127 177//128
f 176//127 178//129 177//128
f 177//128 178//129 179//130
f 177//128 179//130 180//131
f 179//130 181//132 180//131
f 180//131 181//132 182//133
f 180//131 182//133 183//134
f 182//133 184//135 183//134
f 183//134 184//135 185//136
f 183//134 185//136 186//137
f 185//136 187//138 186//137
f 186//137 187//138 188//139
f 186//137 188//139 189//140
f 188//139 190//141 189//140
f 189//140 190//141 191//142
f 189//140 191//142 192//143
f 191//142 193//144 192//143
f 192//143 193//144 194//145
f 192//143 194//145 195//146
f 194//145 196//147 195//146
f 195//146 196//147 197//148
f 195//146 197//148 198//149
f 199//150 200//151 201//152
f 201//152 200//151 198//149
f 201//152 198//149 202//153
f 202//153 198//149 197//148
f 203//154 204//154 205//154
f 204//154 203//154 206//154
f 207//154 208//154 209//154
f 209//154 208//154 210//154
f 209//154 210//154 211//154
f 212//154 213//154 214//154
f 214//154 213//154 215//154
f 214//154 215//154 216//154
f 216//154 215//154 217//154
f 215//154 218//154 217//154
f 217//154 218//154 219//154
f 217//154 219//154 220//154
f 220//154 219//154 221//154
f 222//154 223//154 224//154
f 224//154 223//154 225//154
f 212//154 226//154 213//154
f 213//154 226//154 224//154
f 213//154 224//154 227//154
f 227//154 224//154 225//154
f 228//154 229//154 230//154
f 230//154 229//154 221//154
f 205//154 231//155 203//154
f 203//154 231//155 232//154
f 203//154 232//154 233//154
f 207//154 209//154 234//154
f 234//154 209//154 235//154
f 234//154 235//154 236//154
f 221//154 229//154 220//154
f 220//154 229//154 237//154
f 220//154 237//154 238//154
f 203//154 239//154 206//154
f 206//154 239//154 240//154
f 206//154 240//154 241//154
f 241//154 240//154 234//154
f 241//154 234//154 242//154
f 242//154 234//154 236//154
f 243//154 244//154 245//154
f 246//154 247//154 222//154
f 222//154 247//154 248//154
f 222//154 248//154 223//154
f 243//154 245//154 249//154
f 238//154 250//154 220//154
f 220//154 250//154 251//154
f 220//154 251//154 252//154
f 253//156 220//154 254//155
f 254//155 220//154 255//154
f 232//154 256//154 233//154
f 233//154 256//154 257//154
f 233//154 257//154 258//154
f 258//154 259//154 233//154
f 233//154 259//154 260//154
f 233//154 260//154 261//154
f 262//154 263//154 264//154
f 264//154 263//154 265//154
f 264//154 265//154 266//154
f 266//154 265//154 267//154
f 266//154 267//154 268//154
f 268//154 267//154 269//154
f 268//154 269//154 270//154
f 270//154 269//154 271//154
f 270//154 271//154 272//154
f 272//154 271//154 273//154
f 272//154 273//154 274//154
f 274//154 273//154 275//154
f 274//154 275//154 276//154
f 277//154 278//154 230//154
f 230//154 278//154 279//154
f 230//154 279//154 228//154
f 252//154 280//154 220//154
f 220//154 280//154 281//154
f 220//154 281//154 255//154
f 261//154 282//154 233//154
f 233//154 282//154 283//154
f 233//154 283//154 284//154
f 285//154 286//154 287//154
f 287//154 286//154 288//154
f 287//154 288//154 289//154
f 289//154 288//154 290//154
f 289//154 290//154 291//154
f 291//154 290//154 292//154
f 291//154 292//154 293//154
f 293//154 292//154 294//154
f 293//154 294//154 295//154
f 295//154 294//154 296//154
f 295//154 296//154 297//154
f 297//154 296//154 298//154
f 297//154 298//154 262//154
f 262//154 298//154 299//154
f 262//154 299//154 263//154
f 300//154 301//154 302//154
f 302//154 301//154 303//154
f 302//154 303//154 304//154
f 304//154 303//154 305//154
f 304//154 305//154 306//154
f 306//154 305//154 307//154
f 306//154 307//154 285//154
f 285//154 307//154 308//154
f 285//154 308//154 286//154
f 210//154 309//154 211//154
f 211//154 309//154 310//154
f 211//154 310//154 311//154
f 311//154 310//154 301//154
f 311//154 301//154 312//154
f 312//154 301//154 300//154
f 249//154 245//154 230//154
f 230//154 245//154 313//154
f 230//154 313//154 277//154
f 246//154 314//154 247//154
f 247//154 314//154 315//154
f 247//154 315//154 316//154
f 316//154 315//154 317//154
f 316//154 317//154 318//154
f 318//154 317//154 319//154
f 318//154 319//154 320//154
f 320//154 319//154 321//154
f 320//154 321//154 322//154
f 322//154 321//154 323//154
f 322//154 323//154 324//154
f 324//154 323//154 276//154
f 324//154 276//154 325//154
f 325//154 276//154 275//154
f 326//157 327//157 328//157
f 328//157 327//157 329//157
f 330//157 331//157 332//157
f 333//157 334//157 335//157
f 336//157 337//157 338//157
f 330//157 332//157 339//157
f 339//157 332//157 340//157
f 339//157 340//157 341//157
f 342//157 343//157 341//157
f 344//157 345//157 346//157
f 346//157 345//157 347//157
f 348//157 349//157 350//157
f 350//157 349//157 351//157
f 334//157 352//157 335//157
f 335//157 352//157 353//157
f 335//157 353//157 337//157
f 337//157 353//157 354//157
f 337//157 354//157 338//157
f 335//157 355//157 333//157
f 333//157 355//157 356//157
f 333//157 356//157 357//157
f 357//157 356//157 346//157
f 357//157 346//157 358//157
f 358//157 346//157 347//157
f 331//157 330//157 359//157
f 359//157 330//157 360//157
f 359//157 360//157 361//157
f 348//157 362//157 349//157
f 349//157 362//157 363//157
f 349//157 363//157 364//157
f 365//157 366//157 329//157
f 329//157 366//157 367//157
f 329//157 367//157 328//157
f 326//157 368//157 327//157
f 327//157 368//157 369//157
f 327//157 369//157 370//157
f 370//157 369//157 359//157
f 370//157 359//157 371//157
f 371//157 359//157 361//157
f 372//157 334//157 373//157
f 373//157 334//157 374//157
f 373//157 374//157 375//158
f 372//157 376//157 334//157
f 334//157 376//157 377//157
f 334//157 377//157 378//157
f 365//157 379//157 366//157
f 366//157 379//157 380//157
f 366//157 380//157 381//157
f 381//157 380//157 382//157
f 381//157 382//157 383//157
f 383//157 382//157 384//157
f 383//157 384//157 385//157
f 385//157 384//157 386//157
f 385//157 386//157 387//157
f 387//157 386//157 388//157
f 387//157 388//157 389//157
f 389//157 388//157 390//157
f 378//157 391//157 334//157
f 334//157 391//157 392//157
f 334//157 392//157 352//157
f 346//157 393//157 344//157
f 344//157 393//157 394//157
f 344//157 394//157 395//157
f 395//157 394//157 349//157
f 351//157 349//157 396//157
f 396//157 349//157 397//157
f 396//157 397//157 398//157
f 399//157 400//157 401//157
f 401//157 400//157 402//157
f 338//157 403//157 336//157
f 336//157 403//157 400//157
f 336//157 400//157 404//157
f 404//157 400//157 399//157
f 364//157 405//157 349//157
f 349//157 405//157 406//157
f 349//157 406//157 395//157
f 341//157 340//157 342//157
f 342//157 340//157 407//157
f 342//157 407//157 408//157
f 408//157 407//157 409//157
f 408//157 409//157 410//157
f 411//157 412//157 413//157
f 413//157 412//157 414//157
f 410//157 415//157 408//157
f 408//157 415//157 414//157
f 408//157 414//157 416//157
f 416//157 414//157 412//157
f 417//157 418//157 419//157
f 419//157 418//157 420//157
f 419//157 420//157 421//157
f 421//157 420//157 422//157
f 421//157 422//157 423//157
f 423//157 422//157 424//157
f 423//157 424//157 425//157
f 425//157 424//157 426//157
f 425//157 426//157 427//157
f 427//157 426//157 428//157
f 427//157 428//157 429//157
f 429//157 428//157 430//157
f 429//157 430//157 390//157
f 390//157 430//157 431//157
f 390//157 431//157 389//157
f 398//157 432//157 396//157
f 396//157 432//157 433//157
f 396//157 433//157 434//157
f 435//157 436//157 396//157
f 396//157 436//157 437//157
f 396//157 437//157 438//157
f 438//157 437//157 439//157
f 438//157 439//157 440//157
f 440//157 439//157 441//157
f 440//157 441//157 442//157
f 442//157 441//157 443//157
f 442//157 443//157 444//157
f 444//157 443//157 445//157
f 444//157 445//157 417//157
f 417//157 445//157 446//157
f 417//157 446//157 418//157
f 434//157 447//157 396//157
f 396//157 447//157 448//157
f 396//157 448//157 435//157
f 449//159 450//160 451//161
f 450//160 452//162 451//161
f 451//161 452//162 453//163
f 451//161 453//163 454//164
f 454//164 453//163 455//165
f 456//166 457//167 451//161
f 451//161 457//167 458//168
f 451//161 458//168 449//159
f 459//169 460//170 461//171
f 462//172 463//173 464//174
f 464//174 463//173 459//169
f 464//174 459//169 465//175
f 465//175 459//169 461//171
f 460//170 459//169 466//176
f 466//176 459//169 467//177
f 466//176 467//177 468//178
f 468//178 467//177 469//179
f 468//178 469//179 470//180
f 470//180 469//179 471//181
f 470//180 471//181 472//182
f 453//163 473//183 455//165
f 455//165 473//183 474//184
f 455//165 474//184 475//185
f 475//185 474//184 476//186
f 462//172 477//187 463//173
f 463//173 477//187 61//188
f 463//173 61//188 478//189
f 478//189 61//188 63//190
f 478//189 63//190 479//191
f 479//191 63//190 65//192
f 479//191 65//192 480//193
f 480//193 65//192 66//194
f 480//193 66//194 481//195
f 481//195 66//194 482//196
f 482//196 66//194 68//197
f 482//196 68//197 483//198
f 483//198 68//197 69//199
f 483//198 69//199 484//200
f 484//200 69//199 71//201
f 484//200 71//201 485//202
f 485//202 71//201 72//203
f 485//202 72//203 486//204
f 486//204 72//203 487//205
f 487//205 72//203 74//206
f 487//205 74//206 488//207
f 488//207 74//206 75//208
f 488//207 75//208 489//209
f 489//209 75//208 77//210
f 489//209 77//210 490//211
f 490//211 77//210 78//212
f 490//211 78//212 491//213
f 491//213 78//212 492//214
f 492//214 78//212 80//215
f 492//214 80//215 493//216
f 493//216 80//215 81//217
f 493//216 81//217 494//218
f 494//218 81//217 83//219
f 494//218 83//219 495//220
f 495//220 83//219 84//221
f 495//220 84//221 496//222
f 496//222 84//221 497//223
f 497//223 84//221 86//224
f 497//223 86//224 498//225
f 498//225 86//224 87//226
f 498//225 87//226 499//227
f 499//227 87//226 89//228
f 499//227 89//228 500//229
f 500//229 89//228 90//230
f 500//229 90//230 501//231
f 501//231 90//230 502//232
f 502//232 90//230 92//233
f 502//232 92//233 503//234
f 503//234 92//233 93//235
f 503//234 93//235 504//236
f 504//236 93//235 95//237
f 504//236 95//237 505//238
f 505//238 95//237 506//239
f 505//238 506//239 507//240
f 507//240 506//239 98//241
f 507//240 98//241 508//242
f 508//242 98//241 101//243
f 508//242 101//243 509//244
f 509//244 101//243 100//245
f 509//244 100//245 510//246
f 510//246 100//245 107//247
f 510//246 107//247 511//248
f 511//248 107//247 106//249
f 511//248 106//249 512//250
f 512//250 106//249 513//251
f 513//251 106//249 105//252
f 513//251 105//252 514//253
f 514//253 105//252 104//254
f 514//253 104//254 515//255
f 515//255 104//254 113//256
f 515//255 113//256 516//257
f 516//257 113//256 112//258
f 516//257 112//258 517//259
f 517//259 112//258 518//260
f 518//260 112//258 111//261
f 518//260 111//261 519//262
f 519//262 111//261 110//263
f 519//262 110//263 520//264
f 520//264 110//263 119//265
f 520//264 119//265 521//266
f 521//266 119//265 118//267
f 521//266 118//267 522//268
f 522//268 118//267 117//269
f 522//268 117//269 523//270
f 523//270 117//269 116//271
f 523//270 116//271 524//272
f 524//272 116//271 525//273
f 525//273 116//271 125//274
f 525//273 125//274 526//275
f 526//275 125//274 124//276
f 526//275 124//276 527//277
f 527//277 124//276 123//278
f 527//277 123//278 528//279
f 528//279 123//278 122//280
f 528//279 122//280 529//281
f 529//281 122//280 530//282
f 530//282 122//280 131//283
f 530//282 131//283 531//284
f 531//284 131//283 130//285
f 531//284 130//285 532//286
f 532//286 130//285 129//287
f 532//286 129//287 533//288
f 533//288 129//287 128//289
f 533//288 128//289 456//166
f 456//166 128//289 534//290
f 456//166 534//290 457//167
f 535//291 536//292 537//293
f 537//293 536//292 538//294
f 537//293 538//294 539//295
f 539//295 538//294 540//296
f 539//295 540//296 541//297
f 541//297 540//296 542//298
f 541//297 542//298 543//299
f 543//299 542//298 544//300
f 543//299 544//300 545//301
f 545//301 544//300 546//302
f 545//301 546//302 547//303
f 547//303 546//302 548//304
f 547//303 548//304 549//305
f 549//305 548//304 550//306
f 549//305 550//306 551//307
f 551//307 550//306 552//308
f 551//307 552//308 553//309
f 553//309 552//308 554//310
f 553//309 554//310 555//311
f 555//311 554//310 556//312
f 555//311 556//312 557//313
f 557//313 556//312 558//314
f 557//313 558//314 559//315
f 559//315 558//314 560//316
f 559//315 560//316 561//317
f 561//317 560//316 562//318
f 561//317 562//318 563//319
f 563//319 562//318 564//320
f 563//319 564//320 565//321
f 565//321 564//320 566//322
f 565//321 566//322 567//323
f 567//323 566//322 568//324
f 567//323 568//324 569//325
f 569//325 568//324 570//326
f 569//325 570//326 571//327
f 571//327 570//326 572//328
f 571//327 572//328 573//329
f 573//329 572//328 574//330
f 573//329 574//330 575//331
f 575//331 574//330 576//332
f 575//331 576//332 577//333
f 577//333 576//332 578//334
f 577//333 578//334 579//335
f 579//335 578//334 580//336
f 579//335 580//336 581//337
f 581//337 580//336 582//338
f 581//337 582//338 583//339
f 583//339 582//338 584//340
f 583//339 584//340 585//341
f 585//341 584//340 586//342
f 585//341 586//342 587//343
f 587//343 586//342 588//344
f 587//343 588//344 589//345
f 589//345 588//344 590//346
f 589//345 590//346 591//347
f 591//347 590//346 592//348
f 591//347 592//348 593//349
f 593//349 592//348 594//350
f 593//349 594//350 595//351
f 595//351 594//350 596//352
f 595//351 596//352 597//353
f 597//353 596//352 598//354
f 597//353 598//354 599//355
f 599//355 598//354 600//356
f 599//355 600//356 601//2
f 601//2 600//356 602//2
f 601//2 602//2 603//357
f 603//357 602//2 604//358
f 603//357 604//358 605//359
f 605//359 604//358 606//360
f 605//359 606//360 607//361
f 607//361 606//360 608//362
f 607//361 608//362 609//363
f 609//363 608//362 610//364
f 609//363 610//364 611//365
f 611//365 610//364 612//366
f 611//365 612//366 613//367
f 613//367 612//366 614//368
f 613//367 614//368 615//369
f 615//369 614//368 616//370
f 615//369 616//370 617//371
f 617//371 616//370 618//372
f 617//371 618//372 619//373
f 619//373 618//372 620//374
f 619//373 620//374 621//375
f 621//375 620//374 622//376
f 621//375 622//376 623//377
f 623//377 622//376 624//378
f 623//377 624//378 625//379
f 625//379 624//378 626//380
f 625//379 626//380 627//381
f 627//381 626//380 628//382
f 627//381 628//382 629//383
f 629//383 628//382 630//384
f 629//383 630//384 631//385
f 631//385 630//384 632//386
f 631//385 632//386 633//387
f 633//387 632//386 634//388
f 633//387 634//388 635//389
f 635//389 634//388 636//390
f 635//389 636//390 637//391
f 637//391 636//390 638//392
f 637//391 638//392 639//393
f 639//393 638//392 640//394
f 639//393 640//394 641//395
f 641//395 640//394 642//396
f 641//395 642//396 643//397
f 643//397 642//396 644//398
f 643//397 644//398 645//399
f 645//399 644//398 646//400
f 645//399 646//400 647//401
f 647//401 646//400 648//402
f 647//401 648//402 649//403
f 649//403 648//402 650//404
f 649//403 650//404 651//405
f 651//405 650//404 652//406
f 651//405 652//406 653//407
f 653//407 652//406 654//408
f 653//407 654//408 655//409
f 655//409 654//408 656//410
f 655//409 656//410 657//411
f 657//411 656//410 658//412
f 657//411 658//412 659//413
f 659//413 658//412 660//414
f 659//413 660//414 661//415
f 661//415 660//414 662//416
f 661//415 662//416 663//417
f 663//417 662//416 664//418
f 663//417 664//418 665//419
f 665//419 664//418 666//420
f 665//419 666//420 667//421
f 667//421 666//420 668//422
f 669//423 670//424 671//425
f 670//424 672//426 671//425
f 671//425 672//426 673//427
f 671//425 673//427 674//428
f 674//428 673//427 675//429
f 676//430 677//431 671//425
f 671//425 677//431 678//432
f 671//425 678//432 669//423
f 679//433 680//434 681//435
f 682//436 683//437 684//438
f 684//438 683//437 679//433
f 684//438 679//433 685//439
f 685//439 679//433 681//435
f 680//434 679//433 686//440
f 686//440 679//433 687//441
f 686//440 687//441 688//442
f 688//442 687//441 689//443
f 688//442 689//443 690//444
f 690//444 689//443 691//445
f 690//444 691//445 692//446
f 673//427 693//447 675//429
f 675//429 693//447 694//448
f 675//429 694//448 695//449
f 695//449 694//448 696//450
f 682//436 697//451 683//437
f 683//437 697//451 199//452
f 683//437 199//452 698//453
f 698//453 199//452 201//454
f 698//453 201//454 699//455
f 699//455 201//454 202//456
f 699//455 202//456 700//457
f 700//457 202//456 197//458
f 700//457 197//458 701//459
f 701//459 197//458 702//460
f 702//460 197//458 196//461
f 702//460 196//461 703//462
f 703//462 196//461 194//463
f 703//462 194//463 704//464
f 704//464 194//463 193//465
f 704//464 193//465 705//466
f 705//466 193//465 191//467
f 705//466 191//467 706//468
f 706//468 191//467 707//469
f 707//469 191//467 190//470
f 707//469 190//470 708//471
f 708//471 190//470 188//472
f 708//471 188//472 709//473
f 709//473 188//472 187//474
f 709//473 187//474 710//475
f 710//475 187//474 185//476
f 710//475 185//476 711//477
f 711//477 185//476 712//478
f 712//478 185//476 184//479
f 712//478 184//479 713//480
f 713//480 184//479 182//481
f 713//480 182//481 714//482
f 714//482 182//481 181//483
f 714//482 181//483 715//484
f 715//484 181//483 179//485
f 715//484 179//485 716//486
f 716//486 179//485 717//487
f 717//487 179//485 178//488
f 717//487 178//488 718//489
f 718//489 178//488 176//490
f 718//489 176//490 719//491
f 719//491 176//490 175//492
f 719//491 175//492 720//493
f 720//493 175//492 173//494
f 720//493 173//494 721//495
f 721//495 173//494 722//496
f 722//496 173//494 172//497
f 722//496 172//497 723//498
f 723//498 172//497 170//499
f 723//498 170//499 724//500
f 724//500 170//499 169//501
f 724//500 169//501 725//502
f 725//502 169//501 726//503
f 725//502 726//503 727//504
f 727//504 726//503 166//505
f 727//504 166//505 728//506
f 728//506 166//505 165//507
f 728//506 165//507 729//508
f 729//508 165//507 163//509
f 729//508 163//509 730//510
f 730//510 163//509 162//511
f 730//510 162//511 731//512
f 731//512 162//511 160//513
f 731//512 160//513 732//514
f 732//514 160//513 733//515
f 733//515 160//513 159//516
f 733//515 159//516 734//517
f 734//517 159//516 157//518
f 734//517 157//518 735//519
f 735//519 157//518 156//520
f 735//519 156//520 736//521
f 736//521 156//520 154//522
f 736//521 154//522 737//523
f 737//523 154//522 738//524
f 738//524 154//522 153//525
f 738//524 153//525 739//526
f 739//526 153//525 151//527
f 739//526 151//527 740//528
f 740//528 151//527 150//529
f 740//528 150//529 741//530
f 741//530 150//529 148//531
f 741//530 148//531 742//532
f 742//532 148//531 147//533
f 742//532 147//533 743//534
f 743//534 147//533 145//535
f 743//534 145//535 744//536
f 744//536 145//535 745//537
f 745//537 145//535 144//538
f 745//537 144//538 746//539
f 746//539 144//538 142//540
f 746//539 142//540 747//541
f 747//541 142//540 141//542
f 747//541 141//542 748//543
f 748//543 141//542 139//544
f 748//543 139//544 749//545
f 749//545 139//544 750//546
f 750//546 139//544 138//547
f 750//546 138//547 751//548
f 751//548 138//547 136//549
f 751//548 136//549 752//550
f 752//550 136//549 135//551
f 752//550 135//551 753//552
f 753//552 135//551 134//553
f 753//552 134//553 676//430
f 676//430 134//553 754//554
f 676//430 754//554 677//431
f 755//555 756//556 757//557
f 757//557 756//556 758//557
f 757//557 758//557 759//558
f 758//557 760//558 759//558
f 759//558 760//558 761//559
f 759//558 761//559 762//559
f 763//560 764//560 765//561
f 765//561 764//560 766//561
f 767//562 768//563 769//564
f 767//562 769//564 770//565
f 770//565 769//564 771//566
f 770//565 771//566 772//567
f 772//567 771//566 773//568
f 773//568 771//566 774//569
f 773//568 774//569 775//570
f 776//571 777//572 778//573
f 776//571 778//573 779//574
f 777//572 780//575 778//573
f 778//573 780//575 781//576
f 778//573 781//576 774//569
f 774//569 781//576 782//577
f 774//569 782//577 775//570
f 783//578 784//579 785//580
f 786//581 787//582 785//580
f 785//580 787//582 788//583
f 785//580 788//583 783//578
f 784//579 789//584 790//585
f 790//585 789//584 791//586
f 790//585 791//586 792//587
f 792//587 793//588 790//585
f 790//585 793//588 794//589
f 790//585 794//589 778//573
f 778//573 794//589 795//590
f 778//573 795//590 779//574
f 796//591 797//592 798//593
f 798//593 797//592 799//594
f 798//593 799//594 800//595
f 796//591 801//596 797//592
f 797//592 801//596 802//597
f 797//592 802//597 803//598
f 803//598 804//599 797//592
f 797//592 804//599 805//600
f 797//592 805//600 785//580
f 785//580 805//600 806//601
f 785//580 806//601 786//581
f 807//602 808//603 809//604
f 807//602 809//604 810//605
f 809//604 811//606 810//605
f 810//605 811//606 812//607
f 810//605 812//607 799//594
f 799//594 812//607 813//608
f 799//594 813//608 800//595
f 814//609 815//610 816//611
f 816//611 815//610 817//612
f 816//611 817//612 818//613
f 818//613 817//612 819//614
f 819//614 820//615 818//613
f 818//613 820//615 821//616
f 818//613 821//616 822//617
f 823//618 824//619 825//620
f 823//618 825//620 826//621
f 824//619 827//622 825//620
f 825//620 827//622 828//623
f 825//620 828//623 829//624
f 829//624 830//625 825//620
f 825//620 830//625 831//626
f 825//620 831//626 816//611
f 816//611 831//626 832//627
f 816//611 832//627 814//609
f 833//628 834//629 835//630
f 835//630 834//629 836//631
f 837//632 838//633 839//634
f 839//634 838//633 840//635
f 839//634 840//635 825//620
f 825//620 840//635 841//636
f 825//620 841//636 826//621
f 842//637 843//638 844//639
f 842//637 844//639 845//640
f 846//641 847//609 848//642
f 848//642 847//609 849//643
f 848//642 849//643 844//639
f 844//639 849//643 850//644
f 844//639 850//644 845//640
f 843//638 851//645 844//639
f 844//639 851//645 852//646
f 844//639 852//646 853//618
f 853//618 854//647 844//639
f 844//639 854//647 855//648
f 844//639 855//648 835//630
f 835//630 855//648 856//649
f 835//630 856//649 833//628
f 857//650 858//651 859//652
f 859//652 860//653 857//650
f 857//650 860//653 861//654
f 857//650 861//654 848//642
f 848//642 861//654 862//655
f 848//642 862//655 846//641
f 784//579 790//585 785//580
f 785//580 790//585 863//656
f 785//580 863//656 864//656
f 864//656 863//656 865//657
f 864//656 865//657 866//657
f 866//657 865//657 867//658
f 866//657 867//658 868//658
f 868//658 867//658 869//659
f 868//658 869//659 870//659
f 870//659 869//659 871//660
f 870//659 871//660 872//660
f 872//660 871//660 873//661
f 872//660 873//661 874//661
f 874//661 873//661 875//662
f 874//661 875//662 876//662
f 876//662 875//662 877//663
f 876//662 877//663 878//663
f 878//663 877//663 879//664
f 878//663 879//664 880//664
f 880//664 879//664 881//665
f 880//664 881//665 882//665
f 882//665 881//665 883//666
f 882//665 883//666 884//666
f 884//666 883//666 885//667
f 884//666 885//667 886//667
f 886//667 885//667 887//668
f 886//667 887//668 888//668
f 888//668 887//668 889//669
f 888//668 889//669 890//669
f 890//669 889//669 891//670
f 890//669 891//670 892//670
f 892//670 891//670 893//671
f 892//670 893//671 894//671
f 894//671 893//671 895//672
f 894//671 895//672 896//672
f 896//672 895//672 897//673
f 896//672 897//673 898//673
f 898//673 897//673 899//674
f 898//673 899//674 900//674
f 900//674 899//674 901//675
f 900//674 901//675 902//675
f 902//675 901//675 835//630
f 902//675 835//630 839//634
f 839//634 835//630 836//631
f 839//634 836//631 837//632
f 903//676 904//677 905//678
f 905//678 904//677 906//678
f 907//679 908//679 909//680
f 907//679 909//680 910//680
f 910//680 909//680 911//681
f 910//680 911//681 912//681
f 913//682 914//682 915//683
f 916//682 917//684 918//683
f 913//682 915//683 919//685
f 914//682 920//686 915//683
f 915//683 920//686 921//684
f 915//683 921//684 476//682
f 922//687 680//688 918//683
f 918//683 680//688 686//682
f 918//683 686//682 688//682
f 918//683 923//682 924//689
f 688//682 690//682 918//683
f 918//683 690//682 692//682
f 918//683 692//682 923//682
f 924//689 925//690 918//683
f 918//683 925//690 926//690
f 918//683 926//690 916//682
f 452//688 927//691 453//682
f 453//682 927//691 915//683
f 917//684 928//692 918//683
f 918//683 928//692 929//693
f 918//683 929//693 915//683
f 915//683 929//693 930//694
f 915//683 930//694 667//695
f 667//695 668//682 915//683
f 915//683 668//682 931//684
f 915//683 931//684 932//696
f 476//682 474//682 915//683
f 915//683 474//682 473//682
f 915//683 473//682 453//682
f 932//696 933//685 915//683
f 915//683 933//685 934//697
f 915//683 934//697 919//685
f 935//698 936//698 937//699
f 938//698 939//700 940//699
f 935//698 937//699 941//701
f 936//698 942//702 937//699
f 937//699 942//702 943//700
f 937//699 943//700 696//698
f 944//703 460//704 940//699
f 940//699 460//704 466//698
f 940//699 466//698 468//698
f 940//699 945//698 946//705
f 468//698 470//698 940//699
f 940//699 470//698 472//698
f 940//699 472//698 945//698
f 946//705 947//706 940//699
f 940//699 947//706 948//706
f 940//699 948//706 938//698
f 672//704 949//707 673//698
f 673//698 949//707 937//699
f 939//700 950//708 940//699
f 940//699 950//708 951//709
f 940//699 951//709 937//699
f 937//699 951//709 952//710
f 937//699 952//710 536//711
f 536//711 535//698 937//699
f 937//699 535//698 953//700
f 937//699 953//700 954//712
f 696//698 694//698 937//699
f 937//699 694//698 693//698
f 937//699 693//698 673//698
f 954//712 955//701 937//699
f 937//699 955//701 956//713
f 937//699 956//713 941//701
f 957//714 958//715 959//716
f 960//717 961//718 962//719
f 963//720 964//721 965//722
f 35//9 33//8 966//723
f 966//723 33//8 963//720
f 966//723 963//720 967//724
f 967//724 963//720 965//722
f 964//721 963//720 968//725
f 968//725 963//720 969//726
f 968//725 969//726 970//727
f 971//728 972//729 973//730
f 971//728 973//730 974//731
f 975//732 976//733 973//730
f 973//730 976//733 977//734
f 973//730 977//734 974//731
f 962//719 961//718 973//730
f 973//730 961//718 978//735
f 973//730 978//735 975//732
f 972//729 979//736 980//737
f 980//737 979//736 981//738
f 980//737 981//738 969//726
f 969//726 981//738 982//739
f 969//726 982//739 983//740
f 983//740 984//741 969//726
f 969//726 984//741 985//742
f 969//726 985//742 970//727
f 959//716 958//715 962//719
f 962//719 958//715 986//743
f 962//719 986//743 960//717
f 55//11 57//12 959//716
f 959//716 57//12 987//744
f 959//716 987//744 957//714
f 972//729 980//737 973//730
f 973//730 980//737 988//745
f 973//730 988//745 989//745
f 989//745 988//745 940//699
f 989//745 940//699 937//699
f 990//746 465//747 944//703
f 944//703 465//747 461//748
f 944//703 461//748 460//704
f 991//749 62//14 61//13
f 61//13 477//750 991//749
f 991//749 477//750 462//751
f 991//749 462//751 990//746
f 990//746 462//751 464//752
f 990//746 464//752 465//747
f 134//86 133//85 754//753
f 754//753 133//85 992//754
f 754//753 992//754 677//755
f 677//755 992//754 678//756
f 678//756 992//754 993//757
f 678//756 993//757 669//758
f 669//758 993//757 670//759
f 670//759 993//757 949//707
f 670//759 949//707 672//704
f 994//760 995//761 996//762
f 996//762 995//761 997//763
f 24//6 26//7 998//764
f 998//764 26//7 996//762
f 998//764 996//762 999//765
f 999//765 996//762 997//763
f 1000//766 1001//767 1002//768
f 1002//768 1001//767 1003//769
f 1004//770 1005//771 1002//768
f 1003//769 1006//772 1002//768
f 1002//768 1006//772 1007//773
f 1002//768 1007//773 1004//770
f 1005//771 1008//774 1009//775
f 1009//775 1008//774 1010//776
f 1010//776 1011//777 1009//775
f 1009//775 1011//777 1012//778
f 1009//775 1012//778 996//762
f 996//762 1012//778 1013//779
f 996//762 1013//779 994//760
f 1014//780 1015//781 1000//766
f 1000//766 1015//781 1016//782
f 1000//766 1016//782 1001//767
f 12//4 17//5 1000//766
f 1000//766 17//5 1017//783
f 1000//766 1017//783 1014//780
f 1005//771 1009//775 1002//768
f 1002//768 1009//775 1018//784
f 1002//768 1018//784 1019//784
f 1019//784 1018//784 1020//785
f 1019//784 1020//785 1021//785
f 1021//785 1020//785 918//683
f 1021//785 918//683 915//683
f 128//80 127//79 534//786
f 534//786 127//79 1022//787
f 534//786 1022//787 457//788
f 457//788 1022//787 458//789
f 458//789 1022//787 1023//790
f 458//789 1023//790 449//791
f 449//791 1023//790 450//792
f 450//792 1023//790 927//691
f 450//792 927//691 452//688
f 1024//793 685//794 922//687
f 922//687 685//794 681//795
f 922//687 681//795 680//688
f 1025//796 200//151 199//150
f 199//150 697//797 1025//796
f 1025//796 697//797 682//798
f 1025//796 682//798 1024//793
f 1024//793 682//798 684//799
f 1024//793 684//799 685//794
f 971//800 974//801 1026//802
f 958//803 957//804 1027//805
f 1027//805 957//804 1028//806
f 958//803 1027//805 986//807
f 986//807 1027//805 1029//808
f 986//807 1029//808 960//809
f 960//809 1029//808 961//810
f 961//810 1029//808 1030//811
f 961//810 1030//811 978//812
f 1026//802 974//801 1031//813
f 974//801 977//814 1031//813
f 1031//813 977//814 976//815
f 1031//813 976//815 1030//811
f 1030//811 976//815 975//816
f 1030//811 975//816 978//812
f 971//800 1026//802 972//817
f 972//817 1026//802 1032//818
f 972//817 1032//818 979//819
f 979//819 1032//818 1033//820
f 979//819 1033//820 981//821
f 981//821 1033//820 982//822
f 982//822 1033//820 1034//823
f 982//822 1034//823 983//824
f 983//824 1034//823 984//825
f 984//825 1034//823 1035//826
f 984//825 1035//826 985//827
f 985//827 1035//826 1036//828
f 985//827 1036//828 970//829
f 970//829 1036//828 968//830
f 968//830 1036//828 1037//831
f 968//830 1037//831 964//832
f 1038//833 967//834 1037//831
f 1037//831 967//834 965//835
f 1037//831 965//835 964//832
f 1039//836 35//837 1038//833
f 1038//833 35//837 966//838
f 1038//833 966//838 967//834
f 957//804 987//839 1028//806
f 1028//806 987//839 57//840
f 1028//806 57//840 1040//841
f 1040//841 57//840 56//842
f 1040//841 56//842 1041//843
f 1041//843 56//842 54//843
f 1041//843 54//843 1042//157
f 1042//157 54//843 53//157
f 1042//157 53//157 1043//844
f 1043//844 53//157 60//845
f 1043//844 60//845 1044//846
f 1044//846 60//845 59//846
f 1044//846 59//846 1045//847
f 1045//847 59//846 58//847
f 1045//847 58//847 1046//848
f 1046//848 58//847 49//848
f 1046//848 49//848 1047//849
f 1047//849 49//848 48//849
f 1047//849 48//849 1048//850
f 1048//850 48//849 47//850
f 1048//850 47//850 1049//851
f 1049//851 47//850 43//851
f 1049//851 43//851 1050//852
f 1050//852 43//851 42//852
f 1050//852 42//852 1051//853
f 1051//853 42//852 40//853
f 1051//853 40//853 1052//854
f 1052//854 40//853 39//854
f 1052//854 39//854 1053//855
f 1053//855 39//854 38//855
f 1053//855 38//855 1054//856
f 1054//856 38//855 37//856
f 1054//856 37//856 1055//857
f 1055//857 37//856 46//857
f 1055//857 46//857 1056//858
f 1056//858 46//857 45//858
f 1056//858 45//858 1057//859
f 1057//859 45//858 44//859
f 1057//859 44//859 1058//860
f 1058//860 44//859 52//860
f 1058//860 52//860 1059//861
f 1059//861 52//860 51//862
f 1059//861 51//862 1060//154
f 1060//154 51//862 50//154
f 1060//154 50//154 1061//863
f 1061//863 50//154 32//863
f 1061//863 32//863 1039//836
f 1039//836 32//863 34//864
f 1039//836 34//864 35//837
f 775//865 1062//866 1063//843
f 1064//867 1065//868 1066//869
f 1067//870 1068//871 1069//872
f 1069//872 1070//873 1067//870
f 1067//870 1070//873 1071//874
f 1067//870 1071//874 1072//875
f 1072//875 1071//874 1073//876
f 1072//875 1073//876 768//877
f 1066//869 1065//868 1074//878
f 1065//868 1075//879 1074//878
f 1074//878 1075//879 1076//880
f 1074//878 1076//880 1067//870
f 1067//870 1076//880 1077//881
f 1067//870 1077//881 1068//871
f 1078//882 1079//883 1080//884
f 1080//884 1079//883 1081//885
f 1081//885 1082//886 1080//884
f 1080//884 1082//886 1083//887
f 1080//884 1083//887 1066//869
f 1066//869 1083//887 1084//888
f 1066//869 1084//888 1064//867
f 1085//889 1086//890 1087//891
f 1087//891 1088//892 1085//889
f 1085//889 1088//892 1089//893
f 1085//889 1089//893 1078//882
f 1078//882 1089//893 1090//894
f 1078//882 1090//894 1079//883
f 1091//895 1092//896 1093//897
f 1093//897 1092//896 1094//898
f 1093//897 1094//898 1086//890
f 1086//890 1094//898 1095//899
f 1086//890 1095//899 1087//891
f 1096//900 1097//901 1091//895
f 1091//895 1097//901 1098//902
f 1091//895 1098//902 1092//896
f 1099//903 1100//904 1096//900
f 1096//900 1100//904 1101//905
f 1096//900 1101//905 1097//901
f 1102//906 1103//907 1104//908
f 1104//908 1103//907 1105//909
f 1104//908 1105//909 1099//903
f 1099//903 1105//909 1106//910
f 1099//903 1106//910 1100//904
f 1102//906 1104//908 1107//911
f 1107//911 1104//908 1108//912
f 1107//911 1108//912 1109//913
f 1110//914 1111//915 1108//912
f 1108//912 1111//915 1112//916
f 1108//912 1112//916 1109//913
f 1113//917 1114//918 1115//919
f 1115//919 1114//918 1116//920
f 1113//917 1117//921 1114//918
f 1114//918 1117//921 1118//922
f 1114//918 1118//922 1110//914
f 1110//914 1118//922 1119//923
f 1110//914 1119//923 1111//915
f 1116//920 1114//918 1120//924
f 1120//924 1114//918 1121//925
f 1120//924 1121//925 808//926
f 808//926 1121//925 809//927
f 809//927 1121//925 1122//928
f 809//927 1122//928 811//929
f 811//929 1122//928 812//930
f 812//930 1122//928 1123//931
f 812//930 1123//931 813//932
f 813//932 1123//931 1124//933
f 813//932 1124//933 800//934
f 800//934 1124//933 798//935
f 798//935 1124//933 1125//936
f 798//935 1125//936 796//937
f 796//937 1125//936 1126//938
f 796//937 1126//938 801//939
f 801//939 1126//938 1127//940
f 801//939 1127//940 802//941
f 802//941 1127//940 803//942
f 803//942 1127//940 1128//943
f 803//942 1128//943 804//944
f 804//944 1128//943 805//945
f 805//945 1128//943 1129//946
f 805//945 1129//946 806//947
f 1130//948 787//949 1129//946
f 1129//946 787//949 786//950
f 1129//946 786//950 806//947
f 1131//951 783//952 1130//948
f 1130//948 783//952 788//953
f 1130//948 788//953 787//949
f 1132//954 789//955 1131//951
f 1131//951 789//955 784//956
f 1131//951 784//956 783//952
f 794//957 793//958 1133//959
f 1133//959 793//958 792//960
f 1133//959 792//960 1132//954
f 1132//954 792//960 791//961
f 1132//954 791//961 789//955
f 777//962 776//963 1134//964
f 1134//964 776//963 779//965
f 1134//964 779//965 1133//959
f 1133//959 779//965 795//966
f 1133//959 795//966 794//957
f 1134//964 1135//967 777//962
f 777//962 1135//967 1136//968
f 777//962 1136//968 780//969
f 780//969 1136//968 1137//970
f 780//969 1137//970 781//971
f 1062//866 775//865 1137//970
f 1137//970 775//865 782//972
f 1137//970 782//972 781//971
f 770//973 772//974 1063//843
f 1063//843 772//974 773//975
f 1063//843 773//975 775//865
f 768//877 767//976 1072//875
f 1072//875 767//976 770//973
f 1072//875 770//973 1138//157
f 1138//157 770//973 1063//843
f 1042//665 1138//665 1041//665
f 1041//665 1138//665 1063//665
f 1041//665 1063//665 1040//665
f 1040//665 1063//665 1062//665
f 1040//665 1062//665 1028//665
f 1028//665 1062//665 1137//665
f 1028//665 1137//665 1027//665
f 1027//665 1137//665 1136//665
f 1027//665 1136//665 1029//665
f 1029//665 1136//665 1135//665
f 1029//665 1135//665 1030//665
f 1030//665 1135//665 1134//665
f 1030//665 1134//665 1031//665
f 1031//665 1134//665 1133//665
f 1031//665 1133//665 1026//665
f 1026//665 1133//665 1132//665
f 1026//665 1132//665 1032//665
f 1032//665 1132//665 1131//665
f 1032//665 1131//665 1033//665
f 1033//665 1131//665 1130//665
f 1033//665 1130//665 1034//665
f 1034//665 1130//665 1129//665
f 1034//665 1129//665 1035//665
f 1035//665 1129//665 1128//665
f 1035//665 1128//665 1036//665
f 1036//665 1128//665 1127//665
f 1036//665 1127//665 1037//665
f 1037//665 1127//665 1126//665
f 1037//665 1126//665 1038//665
f 1038//665 1126//665 1125//665
f 1038//665 1125//665 1039//665
f 1039//665 1125//665 1124//665
f 1039//665 1124//665 1061//665
f 1061//665 1124//665 1123//665
f 1061//665 1123//665 1060//665
f 1060//665 1123//665 1122//665
f 1060//665 1122//665 1059//665
f 1059//665 1122//665 1121//665
f 1059//665 1121//665 1058//665
f 1058//665 1121//665 1114//665
f 1058//665 1114//665 1057//665
f 1057//665 1114//665 1110//665
f 1057//665 1110//665 1056//665
f 1056//665 1110//665 1108//665
f 1056//665 1108//665 1055//665
f 1055//665 1108//665 1104//665
f 1055//665 1104//665 1054//665
f 1054//665 1104//665 1099//665
f 1054//665 1099//665 1053//665
f 1053//665 1099//665 1096//665
f 1053//665 1096//665 1052//665
f 1052//665 1096//665 1091//665
f 1052//665 1091//665 1051//665
f 1051//665 1091//665 1093//665
f 1051//665 1093//665 1050//665
f 1050//665 1093//665 1086//665
f 1050//665 1086//665 1049//665
f 1049//665 1086//665 1085//665
f 1049//665 1085//665 1048//665
f 1048//665 1085//665 1078//665
f 1048//665 1078//665 1047//665
f 1047//665 1078//665 1080//665
f 1047//665 1080//665 1046//665
f 1046//665 1080//665 1066//665
f 1046//665 1066//665 1045//665
f 1045//665 1066//665 1074//665
f 1045//665 1074//665 1044//665
f 1044//665 1074//665 1067//665
f 1044//665 1067//665 1043//665
f 1043//665 1067//665 1072//665
f 1043//665 1072//665 1042//665
f 1042//665 1072//665 1138//665
f 824//977 823//978 1003//979
f 1139//980 1140//981 2//982
f 1141//983 1142//984 3//985
f 822//986 20//938 1143//987
f 1143//987 20//938 19//988
f 1143//987 19//988 1144//989
f 3//985 1142//984 18//990
f 1142//984 1145//991 18//990
f 18//990 1145//991 1146//992
f 18//990 1146//992 19//988
f 19//988 1146//992 1147//993
f 19//988 1147//993 1144//989
f 2//982 1140//981 3//985
f 3//985 1140//981 1148//994
f 3//985 1148//994 1141//983
f 1139//980 2//982 1149//995
f 1149//995 2//982 11//996
f 1149//995 11//996 1150//997
f 1150//997 11//996 10//998
f 1150//997 10//998 1151//999
f 1151//999 10//998 1152//1000
f 1152//1000 10//998 9//1001
f 1152//1000 9//1001 1153//1002
f 8//1003 1154//1004 9//1001
f 9//1001 1154//1004 1155//1005
f 9//1001 1155//1005 1153//1002
f 1156//1006 1157//1007 7//1008
f 7//1008 1157//1007 1158//1009
f 7//1008 1158//1009 8//1003
f 8//1003 1158//1009 1159//1010
f 8//1003 1159//1010 1154//1004
f 1156//1006 7//1008 858//1011
f 858//1011 7//1008 5//1012
f 858//1011 5//1012 859//1013
f 859//1013 5//1012 4//970
f 859//1013 4//970 860//1014
f 860//1014 4//970 31//866
f 860//1014 31//866 861//1015
f 861//1015 31//866 30//843
f 861//1015 30//843 862//1016
f 862//1016 30//843 29//1017
f 862//1016 29//1017 846//1018
f 846//1018 29//1017 847//1019
f 847//1019 29//1017 28//1020
f 847//1019 28//1020 849//1021
f 849//1021 28//1020 27//846
f 849//1021 27//846 850//1022
f 850//1022 27//846 25//1023
f 850//1022 25//1023 845//1024
f 845//1024 25//1023 24//1025
f 845//1024 24//1025 842//1026
f 24//1025 998//1027 842//1026
f 842//1026 998//1027 999//1028
f 842//1026 999//1028 843//1029
f 999//1028 997//1030 843//1029
f 843//1029 997//1030 995//1031
f 843//1029 995//1031 851//1032
f 851//1032 995//1031 994//1033
f 851//1032 994//1033 852//1034
f 852//1034 994//1033 1013//1035
f 852//1034 1013//1035 853//1036
f 1013//1035 1012//1037 853//1036
f 853//1036 1012//1037 1011//1038
f 853//1036 1011//1038 854//647
f 854//647 1011//1038 1010//1039
f 836//631 834//629 1005//1040
f 1005//1040 834//629 833//628
f 1005//1040 833//628 1008//1041
f 1008//1041 833//628 856//649
f 1008//1041 856//649 1010//1039
f 1010//1039 856//649 855//648
f 1010//1039 855//648 854//647
f 826//621 1007//1042 823//978
f 823//978 1007//1042 1006//1043
f 823//978 1006//1043 1003//979
f 826//621 841//636 1007//1042
f 1007//1042 841//636 840//635
f 1007//1042 840//635 1004//1044
f 1004//1044 840//635 838//633
f 1004//1044 838//633 1005//1040
f 1005//1040 838//633 837//632
f 1005//1040 837//632 836//631
f 824//977 1003//979 827//1045
f 827//1045 1003//979 1001//1046
f 827//1045 1001//1046 828//1047
f 1001//1046 1016//1048 828//1047
f 828//1047 1016//1048 1015//1049
f 828//1047 1015//1049 829//1050
f 1015//1049 1014//1051 829//1050
f 829//1050 1014//1051 1017//1052
f 829//1050 1017//1052 830//1053
f 830//1053 1017//1052 17//1054
f 14//862 831//1055 15//860
f 15//860 831//1055 830//1053
f 15//860 830//1053 16//1056
f 16//1056 830//1053 17//1054
f 815//1057 814//1058 14//862
f 14//862 814//1058 832//1059
f 14//862 832//1059 831//1055
f 822//986 821//1060 20//938
f 20//938 821//1060 820//1061
f 20//938 820//1061 21//1062
f 21//1062 820//1061 819//1063
f 21//1062 819//1063 22//1064
f 22//1064 819//1063 817//1065
f 22//1064 817//1065 23//863
f 23//863 817//1065 815//1057
f 23//863 815//1057 13//154
f 13//154 815//1057 14//862
f 905//678 906//678 1160//1066
f 905//678 1160//1066 1161//1066
f 1161//1066 1160//1066 1162//1067
f 1161//1066 1162//1067 1163//1067
f 1163//1067 1162//1067 1164//1068
f 1163//1067 1164//1068 1165//1068
f 1165//1068 1164//1068 1166//1069
f 1165//1068 1166//1069 1167//1069
f 1167//1069 1166//1069 1168//1070
f 1167//1069 1168//1070 1169//1070
f 1169//1070 1168//1070 1170//1071
f 1169//1070 1170//1071 1171//1071
f 1171//1071 1170//1071 1172//1072
f 1171//1071 1172//1072 1173//1072
f 1173//1072 1172//1072 1174//1073
f 1173//1072 1174//1073 1175//1073
f 1175//1073 1174//1073 908//679
f 1175//1073 908//679 907//679
f 762//559 761//559 1176//1074
f 762//559 1176//1074 1177//1074
f 1177//1074 1176//1074 1178//1075
f 1177//1074 1178//1075 1179//1075
f 1179//1075 1178//1075 1180//1076
f 1179//1075 1180//1076 1181//1076
f 1181//1076 1180//1076 1182//1077
f 1181//1076 1182//1077 1183//1077
f 1183//1077 1182//1077 1184//1078
f 1183//1077 1184//1078 1185//1078
f 1185//1078 1184//1078 1186//1079
f 1185//1078 1186//1079 1187//1079
f 1187//1079 1186//1079 1188//1080
f 1187//1079 1188//1080 1189//1080
f 1189//1080 1188//1080 1190//1081
f 1189//1080 1190//1081 1191//1081
f 1191//1081 1190//1081 764//560
f 1191//1081 764//560 763//560
f 858//651 857//650 1156//1082
f 1156//1082 857//650 1192//1083
f 1156//1082 1192//1083 1157//1084
f 1155//1085 1193//1086 1153//1087
f 1153//1087 1193//1086 1152//1088
f 1155//1085 1154//1089 1193//1086
f 1193//1086 1154//1089 1159//1090
f 1193//1086 1159//1090 1192//1083
f 1192//1083 1159//1090 1158//1091
f 1192//1083 1158//1091 1157//1084
f 1194//1092 1149//1093 1150//1094
f 1194//1092 1150//1094 1193//1086
f 1193//1086 1150//1094 1151//1095
f 1193//1086 1151//1095 1152//1088
f 1195//1096 1145//1097 1142//1098
f 1142//1098 1141//1087 1195//1096
f 1195//1096 1141//1087 1148//1099
f 1195//1096 1148//1099 1196//1100
f 1196//1100 1148//1099 1140//1101
f 1196//1100 1140//1101 1139//1102
f 818//613 822//617 1197//1103
f 1197//1103 822//617 1143//1104
f 1143//1104 1144//1105 1197//1103
f 1197//1103 1144//1105 1147//1106
f 1197//1103 1147//1106 1195//1096
f 1195//1096 1147//1106 1146//1107
f 1195//1096 1146//1107 1145//1097
f 765//561 766//561 1198//1108
f 1198//1108 766//561 1199//1108
f 1198//1108 1199//1108 1200//1109
f 1200//1109 1199//1108 1201//1109
f 1200//1109 1201//1109 1202//1110
f 1202//1110 1201//1109 1203//1110
f 1202//1110 1203//1110 1204//672
f 1204//672 1203//1110 1205//672
f 1204//672 1205//672 1194//1092
f 1194//1092 1205//672 1196//1100
f 1194//1092 1196//1100 1149//1093
f 1149//1093 1196//1100 1139//1102
f 1083//1111 1082//1112 1206//1113
f 1079//1114 1090//1115 1207//1116
f 808//603 807//602 1120//1117
f 1120//1117 807//602 1208//1118
f 1209//1119 1115//1120 1208//1118
f 1208//1118 1115//1120 1116//1121
f 1208//1118 1116//1121 1120//1117
f 1210//1122 1117//1123 1209//1119
f 1209//1119 1117//1123 1113//1124
f 1209//1119 1113//1124 1115//1120
f 1211//1125 1119//1126 1210//1122
f 1210//1122 1119//1126 1118//1127
f 1210//1122 1118//1127 1117//1123
f 1212//1128 1112//1129 1211//1125
f 1211//1125 1112//1129 1111//1130
f 1211//1125 1111//1130 1119//1126
f 1103//1131 1102//1132 1213//1133
f 1213//1133 1102//1132 1107//1134
f 1213//1133 1107//1134 1212//1128
f 1212//1128 1107//1134 1109//1135
f 1212//1128 1109//1135 1112//1129
f 1103//1131 1213//1133 1105//1136
f 1105//1136 1213//1133 1214//1137
f 1105//1136 1214//1137 1106//1138
f 1207//1116 1090//1115 903//676
f 1090//1115 1089//1139 903//676
f 903//676 1089//1139 1088//1140
f 903//676 1088//1140 1087//1141
f 1087//1141 1095//1142 903//676
f 903//676 1095//1142 1094//1143
f 903//676 1094//1143 904//677
f 904//677 1094//1143 1092//1144
f 904//677 1092//1144 1098//1145
f 1098//1145 1097//1146 904//677
f 904//677 1097//1146 1101//1147
f 904//677 1101//1147 1214//1137
f 1214//1137 1101//1147 1100//1148
f 1214//1137 1100//1148 1106//1138
f 1206//1113 1082//1112 1207//1116
f 1207//1116 1082//1112 1081//1149
f 1207//1116 1081//1149 1079//1114
f 1215//1150 1216//658 1075//1151
f 1075//1151 1065//1152 1215//1150
f 1215//1150 1065//1152 1064//1153
f 1215//1150 1064//1153 1206//1113
f 1206//1113 1064//1153 1084//1154
f 1206//1113 1084//1154 1083//1111
f 1217//1155 1218//1156 1069//1157
f 1069//1157 1068//1158 1217//1155
f 1217//1155 1068//1158 1077//1159
f 1217//1155 1077//1159 1216//658
f 1216//658 1077//1159 1076//1160
f 1216//658 1076//1160 1075//1151
f 1219//1161 769//564 768//563
f 768//563 1073//1162 1219//1161
f 1219//1161 1073//1162 1071//1163
f 1219//1161 1071//1163 1218//1156
f 1218//1156 1071//1163 1070//1164
f 1218//1156 1070//1164 1069//1157
f 912//681 911//681 1220//1165
f 912//681 1220//1165 1221//1165
f 1221//1165 1220//1165 1222//1166
f 1221//1165 1222//1166 1223//1166
f 1223//1166 1222//1166 1224//1167
f 1223//1166 1224//1167 1225//1167
f 1225//1167 1224//1167 1226//1168
f 1225//1167 1226//1168 1227//1168
f 1227//1168 1226//1168 1228//1169
f 1227//1168 1228//1169 1229//1169
f 1229//1169 1228//1169 1230//1170
f 1229//1169 1230//1170 1231//1170
f 1231//1170 1230//1170 1232//1171
f 1231//1170 1232//1171 1233//1171
f 1233//1171 1232//1171 1234//1172
f 1233//1171 1234//1172 1235//1172
f 1235//1172 1234//1172 1236//1173
f 1235//1172 1236//1173 1237//1173
f 1237//1173 1236//1173 36//10
f 1237//1173 36//10 41//10
f 209//1174 918//1175 1020//1176
f 209//1174 1020//1176 235//1176
f 235//1176 1020//1176 1018//1177
f 235//1176 1018//1177 236//1177
f 236//1177 1018//1177 1009//1178
f 236//1177 1009//1178 242//1178
f 242//1178 1009//1178 996//1179
f 242//1178 996//1179 241//1179
f 241//1179 996//1179 26//1180
f 241//1179 26//1180 206//1181
f 211//1182 922//1183 209//1174
f 209//1174 922//1183 918//1175
f 206//1181 26//1180 204//1184
f 204//1184 26//1180 6//1184
f 204//1184 6//1184 1238//1184
f 1238//1184 6//1184 1239//1184
f 1240//1185 1241//1184 6//1184
f 6//1184 1241//1184 1242//1184
f 6//1184 1242//1184 1239//1184
f 1243//1186 1244//1187 6//1184
f 6//1184 1244//1187 1245//1184
f 6//1184 1245//1184 1240//1185
f 300//1188 200//1189 1025//1190
f 300//1188 1025//1190 312//1190
f 312//1190 1025//1190 1024//1191
f 312//1190 1024//1191 311//1191
f 311//1191 1024//1191 922//1183
f 311//1191 922//1183 211//1182
f 1246//1192 1247//1193 1248//1194
f 1248//1194 1247//1193 1249//1195
f 1248//1194 1249//1195 1250//1196
f 1251//1197 1252//1198 1248//1194
f 1248//1194 1252//1198 1253//1199
f 1248//1194 1253//1199 1246//1192
f 232//1200 231//1201 1248//1194
f 1248//1194 231//1201 1254//1202
f 1248//1194 1254//1202 1251//1197
f 762//1203 256//1204 759//1205
f 759//1205 256//1204 232//1200
f 759//1205 232//1200 757//1206
f 757//1206 232//1200 1248//1194
f 757//1206 1248//1194 755//1207
f 755//1207 1248//1194 1250//1196
f 200//1189 300//1188 198//1208
f 198//1208 300//1188 302//1208
f 198//1208 302//1208 195//1209
f 195//1209 302//1208 304//1209
f 195//1209 304//1209 192//1210
f 192//1210 304//1209 306//1210
f 192//1210 306//1210 189//1211
f 189//1211 306//1210 285//1211
f 189//1211 285//1211 186//1212
f 186//1212 285//1211 287//1212
f 186//1212 287//1212 183//1213
f 183//1213 287//1212 289//1213
f 183//1213 289//1213 180//1214
f 180//1214 289//1213 291//1214
f 180//1214 291//1214 177//1215
f 177//1215 291//1214 293//1215
f 177//1215 293//1215 174//1216
f 174//1216 293//1215 295//1216
f 174//1216 295//1216 171//1217
f 171//1217 295//1216 297//1217
f 171//1217 297//1217 167//1218
f 167//1218 297//1217 262//1218
f 167//1218 262//1218 164//1219
f 164//1219 262//1218 264//1219
f 164//1219 264//1219 161//1220
f 161//1220 264//1219 266//1220
f 161//1220 266//1220 158//1221
f 158//1221 266//1220 268//1221
f 158//1221 268//1221 155//1222
f 155//1222 268//1221 270//1222
f 155//1222 270//1222 152//1223
f 152//1223 270//1222 272//1223
f 152//1223 272//1223 149//1224
f 149//1224 272//1223 274//1224
f 149//1224 274//1224 146//1225
f 146//1225 274//1224 276//1225
f 146//1225 276//1225 143//1226
f 143//1226 276//1225 323//1226
f 143//1226 323//1226 140//1227
f 140//1227 323//1226 321//1227
f 140//1227 321//1227 137//1228
f 137//1228 321//1227 319//1228
f 137//1228 319//1228 132//1229
f 132//1229 319//1228 317//1229
f 132//1229 317//1229 133//1230
f 133//1230 317//1229 315//1231
f 256//1204 762//1203 1177//1232
f 256//1204 1177//1232 257//1232
f 257//1232 1177//1232 1179//1233
f 257//1232 1179//1233 258//1233
f 258//1233 1179//1233 1181//1234
f 258//1233 1181//1234 259//1234
f 259//1234 1181//1234 1183//1235
f 259//1234 1183//1235 260//1235
f 260//1235 1183//1235 1185//1236
f 260//1235 1185//1236 261//1236
f 261//1236 1185//1236 1187//1237
f 261//1236 1187//1237 282//1237
f 282//1237 1187//1237 1189//1238
f 282//1237 1189//1238 283//1239
f 283//1239 1189//1238 1191//1240
f 283//1239 1191//1240 284//1240
f 284//1240 1191//1240 763//1241
f 284//1240 763//1241 233//1242
f 222//1243 949//1244 993//1245
f 222//1243 993//1245 246//1245
f 246//1245 993//1245 992//1246
f 246//1245 992//1246 314//1246
f 314//1246 992//1246 133//1230
f 314//1246 133//1230 315//1231
f 765//1247 203//1248 763//1241
f 763//1241 203//1248 233//1242
f 224//1249 937//1250 222//1243
f 222//1243 937//1250 949//1244
f 857//1251 310//1252 1192//1253
f 1192//1253 310//1252 309//1253
f 1192//1253 309//1253 1193//1254
f 1193//1254 309//1253 210//1254
f 1193//1254 210//1254 1194//1255
f 1194//1255 210//1254 208//1255
f 1194//1255 208//1255 1204//1256
f 1204//1256 208//1255 207//1256
f 1204//1256 207//1256 1202//1257
f 1202//1257 207//1256 234//1257
f 1202//1257 234//1257 1200//1258
f 1200//1258 234//1257 240//1258
f 1200//1258 240//1258 1198//1259
f 1198//1259 240//1258 239//1259
f 1198//1259 239//1259 765//1247
f 765//1247 239//1259 203//1248
f 217//1260 55//1261 959//1262
f 217//1260 959//1262 216//1262
f 216//1262 959//1262 962//1263
f 216//1262 962//1263 214//1263
f 214//1263 962//1263 973//1264
f 214//1263 973//1264 212//1264
f 212//1264 973//1264 989//1265
f 212//1264 989//1265 226//1265
f 226//1265 989//1265 937//1250
f 226//1265 937//1250 224//1249
f 310//1252 857//1251 848//1266
f 310//1252 848//1266 301//1266
f 301//1266 848//1266 844//1267
f 301//1266 844//1267 303//1267
f 303//1267 844//1267 835//1268
f 303//1267 835//1268 305//1268
f 305//1268 835//1268 901//1269
f 305//1268 901//1269 307//1269
f 307//1269 901//1269 899//1270
f 307//1269 899//1270 308//1270
f 308//1270 899//1270 897//1271
f 308//1270 897//1271 286//1271
f 286//1271 897//1271 895//1256
f 286//1271 895//1256 288//1256
f 288//1256 895//1256 893//1272
f 288//1256 893//1272 290//1272
f 290//1272 893//1272 891//1273
f 290//1272 891//1273 292//1273
f 292//1273 891//1273 889//1274
f 292//1273 889//1274 294//1274
f 294//1274 889//1274 887//1275
f 294//1274 887//1275 296//1275
f 296//1275 887//1275 885//1276
f 296//1275 885//1276 298//1276
f 298//1276 885//1276 883//1277
f 298//1276 883//1277 299//1277
f 299//1277 883//1277 881//1278
f 299//1277 881//1278 1255//1278
f 1255//1278 881//1278 879//1279
f 1255//1278 879//1279 265//1279
f 265//1279 879//1279 877//1280
f 265//1279 877//1280 267//1280
f 267//1280 877//1280 875//1281
f 267//1280 875//1281 269//1281
f 269//1281 875//1281 873//1282
f 269//1281 873//1282 271//1282
f 271//1282 873//1282 871//1283
f 271//1282 871//1283 273//1283
f 273//1283 871//1283 869//1284
f 273//1283 869//1284 275//1284
f 275//1284 869//1284 867//1285
f 275//1284 867//1285 325//1285
f 325//1285 867//1285 865//1286
f 325//1285 865//1286 324//1286
f 324//1286 865//1286 863//1287
f 324//1286 863//1287 322//1287
f 322//1287 863//1287 790//1288
f 322//1287 790//1288 320//1288
f 320//1288 790//1288 778//1289
f 320//1288 778//1289 318//1289
f 318//1289 778//1289 774//1290
f 318//1289 774//1290 316//1290
f 316//1290 774//1290 771//1291
f 316//1290 771//1291 247//1291
f 247//1291 771//1291 769//1292
f 247//1291 769//1292 248//1293
f 220//1294 41//1295 217//1260
f 217//1260 41//1295 55//1261
f 903//1296 221//1297 1207//1298
f 1207//1298 221//1297 219//1298
f 1207//1298 219//1298 1206//1299
f 1206//1299 219//1298 218//1299
f 1206//1299 218//1299 1215//1300
f 1215//1300 218//1299 215//1300
f 1215//1300 215//1300 1216//1285
f 1216//1285 215//1300 213//1285
f 1216//1285 213//1285 1217//1301
f 1217//1301 213//1285 227//1301
f 1217//1301 227//1301 1218//1302
f 1218//1302 227//1301 225//1302
f 1218//1302 225//1302 1219//1303
f 1219//1303 225//1302 223//1303
f 1219//1303 223//1303 769//1292
f 769//1292 223//1303 248//1293
f 237//1304 912//1305 1221//1306
f 237//1304 1221//1306 238//1306
f 238//1306 1221//1306 1223//1307
f 238//1306 1223//1307 250//1307
f 250//1307 1223//1307 1225//1308
f 250//1307 1225//1308 251//1308
f 251//1308 1225//1308 1227//1309
f 251//1308 1227//1309 252//1309
f 252//1309 1227//1309 1229//1310
f 252//1309 1229//1310 280//1310
f 280//1310 1229//1310 1231//1311
f 280//1310 1231//1311 281//1311
f 281//1311 1231//1311 1233//1312
f 281//1311 1233//1312 255//1312
f 255//1312 1233//1312 1235//1313
f 255//1312 1235//1313 254//1313
f 254//1313 1235//1313 1237//1314
f 254//1313 1237//1314 253//1315
f 253//1315 1237//1314 41//1295
f 253//1315 41//1295 220//1294
f 905//1316 230//1317 903//1296
f 903//1296 230//1317 221//1297
f 228//1318 907//1319 910//1320
f 228//1318 910//1320 229//1320
f 229//1320 910//1320 912//1305
f 229//1320 912//1305 237//1304
f 230//1317 905//1316 1161//1321
f 230//1317 1161//1321 249//1321
f 249//1321 1161//1321 1163//1322
f 249//1321 1163//1322 243//1322
f 243//1322 1163//1322 1165//1323
f 243//1322 1165//1323 244//1323
f 244//1323 1165//1323 1167//1324
f 244//1323 1167//1324 245//1324
f 245//1324 1167//1324 1169//1325
f 245//1324 1169//1325 313//1325
f 313//1325 1169//1325 1171//1326
f 313//1325 1171//1326 277//1326
f 277//1326 1171//1326 1173//1327
f 277//1326 1173//1327 278//1327
f 278//1327 1173//1327 1175//1328
f 278//1327 1175//1328 279//1328
f 279//1328 1175//1328 907//1319
f 279//1328 907//1319 228//1318
f 407//1329 764//1330 1190//1331
f 407//1329 1190//1331 409//1331
f 409//1331 1190//1331 1188//1332
f 409//1331 1188//1332 410//1332
f 410//1332 1188//1332 1186//1333
f 410//1332 1186//1333 415//1333
f 415//1333 1186//1333 1184//1334
f 415//1333 1184//1334 414//1334
f 414//1334 1184//1334 1182//1335
f 414//1334 1182//1335 413//1335
f 413//1335 1182//1335 1180//1336
f 413//1335 1180//1336 411//1336
f 411//1336 1180//1336 1178//1337
f 411//1336 1178//1337 412//1337
f 412//1337 1178//1337 1176//1338
f 412//1337 1176//1338 416//1338
f 416//1338 1176//1338 761//1339
f 416//1338 761//1339 408//1340
f 340//1341 766//1342 407//1329
f 407//1329 766//1342 764//1330
f 342//1343 758//1344 756//1345
f 1256//1346 1257//1347 1258//1348
f 1258//1348 1257//1347 1259//1349
f 1256//1346 1260//1350 1257//1347
f 1257//1347 1260//1350 343//1351
f 1257//1347 343//1351 342//1343
f 1261//1352 1262//1353 1257//1347
f 1257//1347 1262//1353 1263//1354
f 1257//1347 1263//1354 1259//1349
f 342//1343 756//1345 1257//1347
f 1257//1347 756//1345 1264//1355
f 1257//1347 1264//1355 1261//1352
f 408//1340 761//1339 342//1343
f 342//1343 761//1339 760//1356
f 342//1343 760//1356 758//1344
f 766//1342 340//1341 1199//1357
f 1199//1357 340//1341 332//1357
f 1199//1357 332//1357 1201//1358
f 1201//1358 332//1357 331//1358
f 1201//1358 331//1358 1203//1359
f 1203//1359 331//1358 359//1359
f 1203//1359 359//1359 1205//1360
f 1205//1360 359//1359 369//1360
f 1205//1360 369//1360 1196//1361
f 1196//1361 369//1360 368//1361
f 1196//1361 368//1361 1195//1362
f 1195//1362 368//1361 326//1362
f 1195//1362 326//1362 1197//1363
f 1197//1363 326//1362 328//1363
f 1197//1363 328//1363 818//1364
f 818//1364 328//1363 367//1365
f 1//1366 12//1367 330//1368
f 330//1368 339//1366 1//1366
f 1//1366 339//1366 1265//1366
f 1//1366 1265//1366 1266//1366
f 1266//1366 1267//1366 1//1366
f 1//1366 1267//1366 1268//1366
f 1//1366 1268//1366 1269//1366
f 1269//1366 1270//1369 1//1366
f 1//1366 1270//1369 1271//1370
f 1//1366 1271//1370 1272//1371
f 398//1372 807//1373 810//1374
f 398//1372 810//1374 432//1374
f 432//1374 810//1374 799//1375
f 432//1374 799//1375 433//1375
f 433//1375 799//1375 797//1376
f 433//1375 797//1376 434//1376
f 434//1376 797//1376 785//1377
f 434//1376 785//1377 447//1377
f 447//1377 785//1377 864//1378
f 447//1377 864//1378 448//1378
f 448//1378 864//1378 866//1379
f 448//1378 866//1379 435//1379
f 435//1379 866//1379 868//1380
f 435//1379 868//1380 436//1380
f 436//1380 868//1380 870//1381
f 436//1380 870//1381 437//1381
f 437//1381 870//1381 872//1382
f 437//1381 872//1382 439//1382
f 439//1382 872//1382 874//1383
f 439//1382 874//1383 441//1383
f 441//1383 874//1383 876//1384
f 441//1383 876//1384 443//1384
f 443//1384 876//1384 878//1385
f 443//1384 878//1385 445//1385
f 445//1385 878//1385 880//1386
f 445//1385 880//1386 446//1386
f 446//1386 880//1386 1273//1387
f 446//1386 1273//1387 1274//1387
f 1274//1387 1273//1387 884//1388
f 1274//1387 884//1388 420//1388
f 420//1388 884//1388 886//1389
f 420//1388 886//1389 422//1389
f 422//1389 886//1389 888//1390
f 422//1389 888//1390 424//1390
f 424//1390 888//1390 890//1391
f 424//1390 890//1391 426//1391
f 426//1391 890//1391 892//1392
f 426//1391 892//1392 428//1392
f 428//1392 892//1392 894//1393
f 428//1392 894//1393 430//1393
f 430//1393 894//1393 896//1360
f 430//1393 896//1360 431//1360
f 431//1360 896//1360 898//1394
f 431//1360 898//1394 389//1394
f 389//1394 898//1394 900//1395
f 389//1394 900//1395 387//1395
f 387//1395 900//1395 902//1396
f 387//1395 902//1396 385//1396
f 385//1396 902//1396 839//1397
f 385//1396 839//1397 383//1397
f 383//1397 839//1397 825//1398
f 383//1397 825//1398 381//1398
f 381//1398 825//1398 816//1399
f 381//1398 816//1399 366//1399
f 366//1399 816//1399 818//1364
f 366//1399 818//1364 367//1365
f 330//1368 12//1367 1000//1400
f 330//1368 1000//1400 360//1400
f 360//1400 1000//1400 1002//1401
f 360//1400 1002//1401 361//1401
f 361//1401 1002//1401 1019//1402
f 361//1401 1019//1402 371//1402
f 371//1402 1019//1402 1021//1403
f 371//1402 1021//1403 370//1403
f 370//1403 1021//1403 915//1404
f 370//1403 915//1404 327//1405
f 807//1373 398//1372 1208//1406
f 1208//1406 398//1372 397//1406
f 1208//1406 397//1406 1209//1407
f 1209//1407 397//1406 349//1407
f 1209//1407 349//1407 1210//1408
f 1210//1408 349//1407 394//1408
f 1210//1408 394//1408 1211//1380
f 1211//1380 394//1408 393//1380
f 1211//1380 393//1380 1212//1409
f 1212//1409 393//1380 346//1409
f 1212//1409 346//1409 1213//1410
f 1213//1410 346//1409 356//1410
f 1213//1410 356//1410 1214//1411
f 1214//1411 356//1410 355//1411
f 1214//1411 355//1411 904//1412
f 904//1412 355//1411 335//1413
f 927//1414 329//1415 915//1404
f 915//1404 329//1415 327//1405
f 337//1416 906//1417 335//1413
f 335//1413 906//1417 904//1412
f 329//1415 927//1414 1023//1418
f 329//1415 1023//1418 365//1418
f 365//1418 1023//1418 1022//1419
f 365//1418 1022//1419 379//1419
f 379//1419 1022//1419 127//1420
f 379//1419 127//1420 380//1421
f 354//1422 908//1423 1174//1424
f 354//1422 1174//1424 338//1424
f 338//1424 1174//1424 1172//1425
f 338//1424 1172//1425 403//1425
f 403//1425 1172//1425 1170//1426
f 403//1425 1170//1426 400//1426
f 400//1426 1170//1426 1168//1427
f 400//1426 1168//1427 402//1427
f 402//1427 1168//1427 1166//1428
f 402//1427 1166//1428 401//1428
f 401//1428 1166//1428 1164//1429
f 401//1428 1164//1429 399//1429
f 399//1429 1164//1429 1162//1430
f 399//1429 1162//1430 404//1431
f 404//1431 1162//1430 1160//1432
f 404//1431 1160//1432 336//1432
f 336//1432 1160//1432 906//1417
f 336//1432 906//1417 337//1416
f 62//1433 364//1434 64//1435
f 64//1435 364//1434 363//1435
f 64//1435 363//1435 67//1436
f 67//1436 363//1435 362//1436
f 67//1436 362//1436 70//1437
f 70//1437 362//1436 348//1437
f 70//1437 348//1437 73//1438
f 73//1438 348//1437 350//1438
f 73//1438 350//1438 76//1439
f 76//1439 350//1438 351//1439
f 76//1439 351//1439 79//1440
f 79//1440 351//1439 396//1440
f 79//1440 396//1440 82//1441
f 82//1441 396//1440 438//1441
f 82//1441 438//1441 85//1442
f 85//1442 438//1441 440//1442
f 85//1442 440//1442 88//1443
f 88//1443 440//1442 442//1443
f 88//1443 442//1443 91//1444
f 91//1444 442//1443 444//1444
f 91//1444 444//1444 94//1445
f 94//1445 444//1444 417//1445
f 94//1445 417//1445 97//1446
f 97//1446 417//1445 419//1446
f 97//1446 419//1446 99//1447
f 99//1447 419//1446 421//1447
f 99//1447 421//1447 102//1448
f 102//1448 421//1447 423//1448
f 102//1448 423//1448 103//1449
f 103//1449 423//1448 425//1449
f 103//1449 425//1449 108//1450
f 108//1450 425//1449 427//1450
f 108//1450 427//1450 109//1451
f 109//1451 427//1450 429//1451
f 109//1451 429//1451 114//1452
f 114//1452 429//1451 390//1452
f 114//1452 390//1452 115//1453
f 115//1453 390//1452 388//1453
f 115//1453 388//1453 120//1454
f 120//1454 388//1453 386//1454
f 120//1454 386//1454 121//1455
f 121//1455 386//1454 384//1455
f 121//1455 384//1455 126//1456
f 126//1456 384//1455 382//1456
f 126//1456 382//1456 127//1420
f 127//1420 382//1456 380//1421
f 352//1457 911//1458 909//1459
f 352//1457 909//1459 353//1459
f 353//1459 909//1459 908//1423
f 353//1459 908//1423 354//1422
f 364//1434 62//1433 991//1460
f 364//1434 991//1460 405//1460
f 405//1460 991//1460 990//1461
f 405//1460 990//1461 406//1461
f 406//1461 990//1461 944//1462
f 406//1461 944//1462 395//1463
f 334//1464 36//1465 1236//1466
f 334//1464 1236//1466 374//1466
f 374//1466 1236//1466 1234//1467
f 374//1466 1234//1467 375//1468
f 375//1468 1234//1467 1232//1469
f 375//1468 1232//1469 373//1469
f 373//1469 1232//1469 1230//1470
f 373//1469 1230//1470 372//1470
f 372//1470 1230//1470 1228//1471
f 372//1470 1228//1471 376//1471
f 376//1471 1228//1471 1226//1472
f 376//1471 1226//1472 377//1472
f 377//1472 1226//1472 1224//1473
f 377//1472 1224//1473 378//1473
f 378//1473 1224//1473 1222//1474
f 378//1473 1222//1474 391//1474
f 391//1474 1222//1474 1220//1475
f 391//1474 1220//1475 392//1475
f 392//1475 1220//1475 911//1458
f 392//1475 911//1458 352//1457
f 940//1476 344//1477 944//1462
f 944//1462 344//1477 395//1463
f 333//1478 33//1479 334//1464
f 334//1464 33//1479 36//1465
f 344//1477 940//1476 988//1480
f 344//1477 988//1480 345//1480
f 345//1480 988//1480 980//1481
f 345//1480 980//1481 347//1481
f 347//1481 980//1481 969//1482
f 347//1481 969//1482 358//1482
f 358//1482 969//1482 963//1483
f 358//1482 963//1483 357//1483
f 357//1483 963//1483 33//1479
f 357//1483 33//1479 333//1478
f 1270//1484 1269//1485 1240//1486
f 1250//1487 1249//1488 1261//1489
f 1260//1490 1256//1491 1252//1492
f 1252//1492 1256//1491 1258//1493
f 1252//1492 1258//1493 1253//1494
f 1253//1494 1258//1493 1246//1495
f 1246//1495 1258//1493 1259//1496
f 1246//1495 1259//1496 1263//1497
f 1261//1489 1249//1488 1262//1498
f 1262//1498 1249//1488 1263//1497
f 1263//1497 1249//1488 1247//1499
f 1263//1497 1247//1499 1246//1495
f 1250//1487 1261//1489 755//555
f 755//555 1261//1489 1264//1500
f 755//555 1264//1500 756//556
f 1252//1492 1251//1501 1260//1490
f 1260//1490 1251//1501 1254//1502
f 1260//1490 1254//1502 343//1503
f 343//1503 1254//1502 231//1503
f 343//1503 231//1503 341//1504
f 341//1504 231//1503 205//1504
f 341//1504 205//1504 204//1505
f 1238//1506 1239//1507 1267//1508
f 1267//1508 1239//1507 1242//1509
f 1267//1508 1242//1509 1268//1510
f 1267//1508 1266//1511 1238//1506
f 1238//1506 1266//1511 1265//1512
f 1238//1506 1265//1512 204//1505
f 204//1505 1265//1512 339//1505
f 204//1505 339//1505 341//1504
f 1268//1510 1242//1509 1269//1485
f 1269//1485 1242//1509 1241//1513
f 1269//1485 1241//1513 1240//1486
f 1270//1484 1240//1486 1271//1514
f 1271//1514 1240//1486 1245//1515
f 1271//1514 1245//1515 1244//1516
f 1243//1517 6//3 1//1
f 1243//1517 1//1 1244//1516
f 1244//1516 1//1 1272//1518
f 1244//1516 1272//1518 1271//1514
f 1275//1519 1276//1520 1277//1521
f 1278//1522 1279//1523 1280//1524
f 558//314 556//312 1281//1525
f 568//324 566//322 1282//1526
f 578//334 576//332 1283//1527
f 582//338 580//336 1284//1528
f 592//348 590//346 1285//1529
f 1286//1530 600//356 1287//1531
f 624//378 622//376 1288//1532
f 634//388 632//386 1289//1533
f 638//392 636//390 1290//1534
f 648//402 646//400 1291//1535
f 658//412 656//410 1292//1536
f 662//416 660//414 1293//1537
f 1294//1538 932//1539 931//1540
f 1295//1541 934//1542 1294//1538
f 1294//1538 934//1542 933//1543
f 1294//1538 933//1543 932//1539
f 920//1544 914//1545 1296//1546
f 1296//1546 914//1545 913//1547
f 1296//1546 913//1547 1295//1541
f 1295//1541 913//1547 919//1548
f 1295//1541 919//1548 934//1542
f 945//1549 1297//1550 946//1551
f 946//1551 1297//1550 1298//1552
f 1299//1553 948//1554 1298//1552
f 1298//1552 948//1554 947//1555
f 1298//1552 947//1555 946//1551
f 951//1556 950//1557 1300//1558
f 1300//1558 950//1557 939//1559
f 1300//1558 939//1559 1299//1553
f 1299//1553 939//1559 938//1560
f 1299//1553 938//1560 948//1554
f 538//294 536//292 952//1561
f 664//418 1294//1538 666//420
f 666//420 1294//1538 931//1540
f 666//420 931//1540 668//422
f 654//408 652//406 1301//1562
f 644//398 642//396 1302//1563
f 630//384 628//382 1303//1564
f 620//374 618//372 1278//1522
f 1278//1522 618//372 616//370
f 1278//1522 616//370 1279//1523
f 1279//1523 616//370 614//368
f 1304//1565 612//366 610//364
f 1305//1566 608//362 606//360
f 598//354 596//352 1306//1567
f 588//344 586//342 1307//1568
f 574//330 572//328 1308//1569
f 564//320 562//318 1309//1570
f 554//310 552//308 1275//1519
f 1275//1519 552//308 550//306
f 1275//1519 550//1571 1276//1520
f 1276//1520 550//306 548//304
f 1276//1520 548//304 546//302
f 1310//1572 542//298 540//296
f 952//1561 951//1556 538//294
f 538//294 951//1556 1300//1558
f 538//294 1300//1558 540//296
f 1311//1573 1280//1524 1312//1574
f 1312//1574 1280//1524 1279//1523
f 1312//1574 1279//1523 1304//1565
f 1304//1565 1279//1523 614//368
f 1304//1565 614//368 612//366
f 1313//1575 1314//1576 1315//1577
f 1316//1578 1277//1521 1317//1579
f 1317//1579 1277//1521 1276//1520
f 1317//1579 1276//1520 1318//1580
f 1318//1580 1276//1520 546//302
f 1318//1580 546//302 544//300
f 1319//1581 1296//1546 1320//1582
f 1320//1582 1296//1546 1295//1541
f 1320//1582 1295//1541 1321//1583
f 1321//1583 1295//1541 1294//1538
f 1321//1583 1294//1538 1322//1584
f 1322//1584 1294//1538 664//1585
f 1323//1586 1324//1587 1325//1588
f 1326//1589 1311//1573 1327//1590
f 1327//1590 1311//1573 1312//1574
f 1327//1590 1312//1574 1328//1591
f 1328//1591 1312//1574 1304//1565
f 1328//1591 1304//1565 1305//1566
f 1305//1566 1304//1565 610//364
f 1305//1566 610//364 608//362
f 1329//1592 1314//1576 1330//1593
f 1330//1593 1314//1576 1313//1575
f 1330//1593 1313//1575 1331//1594
f 1332//1595 1316//1578 1333//1596
f 1333//1596 1316//1578 1317//1579
f 1333//1596 1317//1579 1334//1597
f 1334//1597 1317//1579 1318//1580
f 1334//1597 1318//1580 1310//1572
f 1310//1572 1318//1580 544//300
f 1310//1572 544//300 542//298
f 1335//1598 1324//1587 1336//1599
f 1336//1599 1324//1587 1323//1586
f 1336//1599 1323//1586 1337//1600
f 660//414 658//412 1293//1537
f 1293//1537 658//412 1292//1536
f 1293//1537 1292//1536 1338//1601
f 1338//1601 1292//1536 1339//1602
f 1338//1601 1339//1602 1340//1603
f 1340//1603 1339//1602 1341//1604
f 1340//1603 1341//1604 1342//1605
f 1342//1605 1341//1604 1343//1606
f 656//410 654//408 1292//1536
f 1292//1536 654//1607 1301//1562
f 1292//1536 1301//1562 1339//1602
f 1339//1602 1301//1562 1344//1608
f 1339//1602 1344//1608 1341//1604
f 1341//1604 1344//1608 1345//1609
f 1341//1604 1345//1609 1343//1606
f 1343//1606 1345//1609 1346//1610
f 650//404 648//402 1347//1611
f 1347//1611 648//402 1291//1535
f 1347//1611 1291//1535 1348//1612
f 1348//1612 1291//1535 1349//1613
f 1348//1612 1349//1613 1350//1614
f 1350//1614 1349//1613 1351//1615
f 1350//1614 1351//1615 1352//1616
f 1352//1616 1351//1615 1353//1617
f 640//394 638//392 1354//1618
f 1354//1618 638//392 1290//1534
f 1354//1618 1290//1534 1355//1619
f 1355//1619 1290//1534 1356//1620
f 1355//1619 1356//1620 1357//1621
f 1357//1621 1356//1620 1358//1622
f 1357//1621 1358//1622 1359//1623
f 1359//1623 1358//1622 1360//1624
f 636//390 634//388 1290//1534
f 1290//1534 634//388 1289//1533
f 1290//1534 1289//1533 1356//1620
f 1356//1620 1289//1533 1361//1625
f 1356//1620 1361//1625 1358//1622
f 1358//1622 1361//1625 1362//1626
f 1358//1622 1362//1626 1360//1624
f 1360//1624 1362//1626 1363//1627
f 1360//1624 1363//1627 516//257
f 516//257 1363//1627 515//255
f 628//382 626//380 1303//1564
f 1303//1564 626//380 1364//1628
f 1303//1564 1364//1628 1365//1629
f 1365//1629 1364//1628 1366//1630
f 1365//1629 1366//1630 1367//1631
f 1367//1631 1366//1630 1368//1632
f 1367//1631 1368//1632 1369//1633
f 1369//1633 1368//1632 1370//1634
f 626//380 624//378 1364//1628
f 1364//1628 624//378 1288//1532
f 1364//1628 1288//1532 1366//1630
f 1366//1630 1288//1532 1371//1635
f 1366//1630 1371//1635 1368//1632
f 1368//1632 1371//1635 1372//1636
f 1368//1632 1372//1636 1370//1634
f 1370//1634 1372//1636 1373//1637
f 1370//1634 1373//1637 511//248
f 511//248 1373//1637 510//246
f 1374//1638 1329//1592 1375//1639
f 1375//1639 1329//1592 1330//1593
f 1375//1639 1330//1593 1376//1640
f 1376//1640 1330//1593 1331//1594
f 1376//1640 1331//1594 1377//1641
f 604//358 1286//1530 1378//1642
f 1378//1642 1286//1530 1287//1531
f 1378//1642 1287//1531 1379//1643
f 1379//1643 1287//1531 1380//1644
f 1379//1643 1380//1644 1381//1645
f 1381//1645 1380//1644 1382//1646
f 1381//1645 1382//1646 1383//1647
f 1383//1647 1382//1646 1384//1648
f 600//356 598//354 1287//1531
f 1287//1531 598//1649 1306//1567
f 1287//1531 1306//1567 1380//1644
f 1380//1644 1306//1567 1385//1650
f 1380//1644 1385//1650 1382//1646
f 1382//1646 1385//1650 1386//1651
f 1382//1646 1386//1651 1384//1648
f 1384//1648 1386//1651 1387//1652
f 594//350 592//348 1388//1653
f 1388//1653 592//348 1285//1529
f 1388//1653 1285//1529 1389//1654
f 1389//1654 1285//1529 1390//1655
f 1389//1654 1390//1655 1391//1656
f 1391//1656 1390//1655 1392//1657
f 1391//1656 1392//1657 1393//1658
f 1393//1658 1392//1657 1394//1659
f 590//346 588//344 1285//1529
f 1285//1529 588//344 1307//1568
f 1285//1529 1307//1568 1390//1655
f 1390//1655 1307//1568 1395//1660
f 1390//1655 1395//1660 1392//1657
f 1392//1657 1395//1660 1396//1661
f 1392//1657 1396//1661 1394//1659
f 1394//1659 1396//1661 1397//1662
f 584//340 582//338 1398//1663
f 1398//1663 582//338 1284//1528
f 1398//1663 1284//1528 1399//1664
f 1399//1664 1284//1528 1400//1665
f 1399//1664 1400//1665 1401//1666
f 1401//1666 1400//1665 1402//1667
f 1401//1666 1402//1667 1403//1668
f 1403//1668 1402//1667 1404//1669
f 572//328 570//326 1308//1569
f 1308//1569 570//326 1405//1670
f 1308//1569 1405//1670 1406//1671
f 1406//1671 1405//1670 1407//1672
f 1406//1671 1407//1672 1408//1673
f 1408//1673 1407//1672 1409//1674
f 1408//1673 1409//1674 1410//1675
f 1410//1675 1409//1674 1411//1676
f 570//326 568//324 1405//1670
f 1405//1670 568//324 1282//1526
f 1405//1670 1282//1526 1407//1672
f 1407//1672 1282//1526 1412//1677
f 1407//1672 1412//1677 1409//1674
f 1409//1674 1412//1677 1413//1678
f 1409//1674 1413//1678 1411//1676
f 1411//1676 1413//1678 1414//1679
f 1411//1676 1414//1679 482//196
f 482//196 1414//1679 481//195
f 562//318 560//316 1309//1570
f 1309//1680 560//1681 1415//1682
f 1309//1680 1415//1682 1416//1683
f 1416//1683 1415//1682 1417//1684
f 1416//1683 1417//1684 1418//1685
f 1418//1685 1417//1684 1419//1686
f 1418//1685 1419//1686 1420//1687
f 1420//1687 1419//1686 1421//1688
f 560//316 558//314 1415//1682
f 1415//1682 558//314 1281//1525
f 1415//1682 1281//1525 1417//1684
f 1417//1684 1281//1525 1422//1689
f 1417//1684 1422//1689 1419//1686
f 1419//1686 1422//1689 1423//1690
f 1419//1686 1423//1690 1421//1688
f 1421//1688 1423//1690 1424//1691
f 1421//1688 1424//1691 463//173
f 463//173 1424//1691 459//169
f 476//186 921//1692 475//185
f 475//185 921//1692 1425//1693
f 475//185 1425//1693 455//165
f 454//164 455//165 1319//1581
f 1319//1694 455//1694 1425//1694
f 1319//1581 1425//1693 1296//1546
f 1296//1546 1425//1693 921//1692
f 1296//1546 921//1692 920//1544
f 1322//1584 1325//1588 1321//1583
f 1321//1583 1325//1588 1324//1587
f 1321//1583 1324//1587 1320//1582
f 1320//1582 1324//1587 1335//1598
f 1320//1582 1335//1598 1319//1581
f 1319//1581 1335//1598 451//161
f 1319//1581 451//161 454//164
f 530//282 531//284 1337//1695
f 1337//1695 531//284 532//286
f 1337//1696 532//1696 1336//1696
f 1336//1599 532//286 533//288
f 1336//1599 533//288 1335//1598
f 1335//1598 533//288 456//166
f 1335//1598 456//166 451//161
f 664//418 662//416 1322//1584
f 1322//1584 662//416 1293//1537
f 1322//1584 1293//1537 1325//1588
f 1325//1588 1293//1537 1338//1601
f 1325//1588 1338//1601 1323//1586
f 1323//1586 1338//1601 1340//1603
f 1323//1586 1340//1603 1337//1600
f 1337//1600 1340//1603 1342//1605
f 1337//1600 1342//1605 530//1697
f 525//273 526//275 1346//1610
f 1346//1610 526//275 527//277
f 1346//1610 527//277 1343//1606
f 1343//1606 527//277 528//279
f 1343//1606 528//279 1342//1605
f 1342//1605 528//279 529//281
f 1342//1605 529//281 530//282
f 652//406 650//404 1301//1562
f 1301//1562 650//404 1347//1611
f 1301//1562 1347//1611 1344//1608
f 1344//1608 1347//1611 1348//1612
f 1344//1608 1348//1612 1345//1609
f 1345//1609 1348//1612 1350//1614
f 1345//1609 1350//1614 1346//1610
f 1346//1610 1350//1614 1352//1616
f 1346//1698 1352//1698 525//1698
f 521//266 522//268 1353//1617
f 1353//1617 522//268 523//270
f 1353//1617 523//270 1352//1616
f 1352//1616 523//270 524//272
f 1352//1616 524//272 525//273
f 646//400 644//398 1291//1535
f 1291//1535 644//1699 1302//1700
f 1291//1535 1302//1700 1349//1613
f 1349//1613 1302//1700 1426//1701
f 1349//1613 1426//1701 1351//1615
f 1351//1615 1426//1701 1427//1702
f 1351//1615 1427//1702 1353//1617
f 1353//1617 1427//1702 1428//1703
f 1353//1617 1428//1703 521//266
f 521//266 1428//1703 520//264
f 642//396 640//394 1302//1563
f 1302//1700 640//1704 1354//1618
f 1302//1700 1354//1618 1426//1701
f 1426//1701 1354//1618 1355//1619
f 1426//1701 1355//1619 1427//1702
f 1427//1702 1355//1619 1357//1621
f 1427//1702 1357//1621 1428//1703
f 1428//1703 1357//1621 1359//1623
f 1428//1705 1359//1705 520//1705
f 516//257 517//259 1360//1624
f 1360//1624 517//259 518//260
f 1360//1624 518//260 1359//1623
f 1359//1623 518//260 519//262
f 1359//1623 519//262 520//264
f 632//386 630//384 1289//1533
f 1289//1533 630//1706 1303//1564
f 1289//1533 1303//1564 1361//1625
f 1361//1625 1303//1564 1365//1629
f 1361//1625 1365//1629 1362//1626
f 1362//1626 1365//1629 1367//1631
f 1362//1626 1367//1631 1363//1627
f 1363//1627 1367//1631 1369//1633
f 1363//1627 1369//1633 515//1707
f 511//248 512//250 1370//1634
f 1370//1634 512//250 513//251
f 1370//1634 513//1708 1369//1633
f 1369//1709 513//251 514//253
f 1369//1709 514//253 515//255
f 622//376 620//374 1288//1532
f 1288//1532 620//1710 1278//1522
f 1288//1532 1278//1522 1371//1635
f 1371//1635 1278//1522 1280//1524
f 1371//1635 1280//1524 1372//1636
f 1372//1636 1280//1524 1311//1573
f 1372//1636 1311//1573 1373//1637
f 1373//1637 1311//1573 1326//1589
f 1373//1637 1326//1589 510//246
f 510//246 1326//1589 509//244
f 606//1711 1315//1577 1305//1566
f 1305//1566 1315//1577 1314//1576
f 1305//1566 1314//1576 1328//1591
f 1328//1591 1314//1576 1329//1592
f 1328//1591 1329//1592 1327//1590
f 1327//1590 1329//1592 1374//1638
f 1327//1590 1374//1638 1326//1589
f 1326//1712 1374//1712 508//1712
f 1326//1589 508//242 509//244
f 501//231 502//232 1377//1641
f 1377//1641 502//232 503//234
f 1377//1713 503//1713 1376//1713
f 1376//1640 503//234 504//236
f 1376//1640 504//236 1375//1639
f 1375//1639 504//236 1429//1714
f 1375//1639 1429//1714 1374//1638
f 1374//1638 1429//1714 507//240
f 1374//1638 507//240 508//242
f 606//360 604//358 1315//1577
f 1315//1577 604//358 1378//1642
f 1315//1577 1378//1642 1313//1575
f 1313//1575 1378//1642 1379//1643
f 1313//1575 1379//1643 1331//1594
f 1331//1594 1379//1643 1381//1645
f 1331//1594 1381//1645 1377//1641
f 1377//1641 1381//1645 1383//1647
f 1377//1641 1383//1647 501//231
f 496//222 497//223 1387//1715
f 1387//1715 497//223 498//225
f 1387//1652 498//1716 1384//1648
f 1384//1648 498//225 499//227
f 1384//1648 499//227 1383//1647
f 1383//1647 499//227 500//229
f 1383//1647 500//229 501//231
f 596//352 594//350 1306//1567
f 1306//1567 594//350 1388//1653
f 1306//1567 1388//1653 1385//1650
f 1385//1650 1388//1653 1389//1654
f 1385//1650 1389//1654 1386//1651
f 1386//1651 1389//1654 1391//1656
f 1386//1651 1391//1656 1387//1652
f 1387//1652 1391//1656 1393//1658
f 1387//1652 1393//1658 496//1717
f 491//213 492//214 1397//1662
f 1397//1662 492//214 493//216
f 1397//1662 493//216 1394//1659
f 1394//1659 493//216 494//218
f 1394//1659 494//218 1393//1658
f 1393//1658 494//218 495//220
f 1393//1658 495//220 496//222
f 586//342 584//340 1307//1568
f 1307//1568 584//1718 1398//1663
f 1307//1568 1398//1663 1395//1660
f 1395//1660 1398//1663 1399//1664
f 1395//1660 1399//1664 1396//1661
f 1396//1661 1399//1664 1401//1666
f 1396//1661 1401//1666 1397//1662
f 1397//1662 1401//1666 1403//1668
f 1397//1719 1403//1719 491//1719
f 487//205 488//207 1404//1669
f 1404//1669 488//207 489//209
f 1404//1669 489//209 1403//1668
f 1403//1668 489//209 490//211
f 1403//1668 490//211 491//213
f 580//336 578//334 1284//1528
f 1284//1528 578//334 1283//1527
f 1284//1528 1283//1527 1400//1665
f 1400//1665 1283//1527 1430//1720
f 1400//1665 1430//1720 1402//1667
f 1402//1667 1430//1720 1431//1721
f 1402//1667 1431//1721 1404//1669
f 1404//1669 1431//1721 1432//1722
f 1404//1669 1432//1722 487//205
f 487//205 1432//1722 486//204
f 576//332 574//330 1283//1527
f 1283//1527 574//1723 1308//1569
f 1283//1527 1308//1569 1430//1720
f 1430//1720 1308//1569 1406//1671
f 1430//1720 1406//1671 1431//1721
f 1431//1721 1406//1671 1408//1673
f 1431//1721 1408//1673 1432//1722
f 1432//1722 1408//1673 1410//1675
f 1432//1724 1410//1724 486//1724
f 482//196 483//198 1411//1676
f 1411//1676 483//198 484//200
f 1411//1676 484//200 1410//1675
f 1410//1675 484//200 485//202
f 1410//1675 485//202 486//204
f 566//322 564//320 1282//1526
f 1282//1526 564//1725 1309//1680
f 1282//1526 1309//1680 1412//1677
f 1412//1677 1309//1680 1416//1683
f 1412//1677 1416//1683 1413//1678
f 1413//1678 1416//1683 1418//1685
f 1413//1678 1418//1685 1414//1679
f 1414//1679 1418//1685 1420//1687
f 1414//1679 1420//1687 481//1726
f 463//173 478//189 1421//1688
f 1421//1688 478//189 479//191
f 1421//1727 479//1727 1420//1727
f 1420//1728 479//191 480//193
f 1420//1728 480//193 481//195
f 556//312 554//310 1281//1525
f 1281//1525 554//310 1275//1519
f 1281//1525 1275//1519 1422//1689
f 1422//1689 1275//1519 1277//1521
f 1422//1689 1277//1521 1423//1690
f 1423//1690 1277//1521 1316//1578
f 1423//1690 1316//1578 1424//1691
f 1424//1691 1316//1578 1332//1595
f 1424//1691 1332//1595 459//169
f 459//169 1332//1595 467//177
f 945//1549 472//182 1297//1550
f 1297//1550 472//182 471//181
f 1297//1550 471//181 469//179
f 540//1729 1300//1558 1310//1572
f 1310//1572 1300//1558 1299//1553
f 1310//1572 1299//1553 1334//1597
f 1334//1597 1299//1553 1298//1552
f 1334//1597 1298//1552 1333//1596
f 1333//1596 1298//1552 1297//1550
f 1333//1596 1297//1550 1332//1595
f 1332//1730 1297//1730 469//1730
f 1332//1595 469//179 467//177
f 569//325 571//327 1433//1731
f 649//403 651//405 1434//1732
f 1435//1733 1436//1734 1437//1735
f 1438//1736 1439//1737 1440//1738
f 753//552 676//430 1441//1739
f 748//543 749//545 1442//1740
f 743//534 744//536 1443//1741
f 738//524 739//526 1444//1742
f 736//521 737//523 1445//1743
f 731//512 732//514 1446//1744
f 1447//1745 727//504 1448//1746
f 714//482 715//484 1449//1747
f 709//473 710//475 1450//1748
f 707//469 708//471 1451//1749
f 702//460 703//462 1452//1750
f 683//437 698//453 1453//1751
f 692//446 691//445 1454//1752
f 1455//1753 924//1754 1454//1752
f 1454//1752 924//1754 923//1755
f 1454//1752 923//1755 692//446
f 1456//1756 926//1757 1455//1753
f 1455//1753 926//1757 925//1758
f 1455//1753 925//1758 924//1754
f 1457//1759 917//1760 1456//1756
f 1456//1756 917//1760 916//1761
f 1456//1756 916//1761 926//1757
f 667//421 930//1762 665//419
f 665//419 930//1762 929//1763
f 665//419 929//1763 1457//1759
f 1457//1759 929//1763 928//1764
f 1457//1759 928//1764 917//1760
f 535//291 537//293 953//1765
f 953//1765 537//293 1458//1766
f 953//1765 1458//1766 954//1767
f 954//1767 1458//1766 955//1768
f 1459//1769 941//1770 956//1771
f 1437//1735 936//1772 935//1773
f 1436//1734 943//1774 1437//1735
f 1437//1735 943//1774 942//1775
f 1437//1735 942//1775 936//1772
f 689//443 687//441 1460//1776
f 699//455 700//457 1461//1777
f 704//464 705//466 1462//1778
f 711//477 712//478 1463//1779
f 716//486 717//487 1438//1780
f 1438//1780 717//487 718//489
f 1438//1736 718//1781 1439//1737
f 1439//1737 718//489 719//491
f 1464//1782 720//493 721//495
f 1465//1783 722//496 723//498
f 728//506 729//508 1466//1784
f 733//515 734//517 1467//1785
f 741//530 742//532 1468//1786
f 745//537 746//539 1469//1787
f 750//546 751//548 1470//1788
f 671//425 674//428 1435//1733
f 1435//1733 674//428 675//429
f 1435//1789 675//1789 1436//1789
f 1436//1734 675//429 695//449
f 1436//1734 695//449 943//1774
f 943//1774 695//449 696//450
f 1471//1790 1440//1738 1472//1791
f 1472//1791 1440//1738 1439//1737
f 1472//1791 1439//1737 1464//1782
f 1464//1782 1439//1737 719//491
f 1464//1782 719//491 720//493
f 1473//1792 1474//1793 1475//1794
f 676//430 671//425 1441//1739
f 1441//1739 671//425 1435//1733
f 1441//1739 1435//1733 1476//1795
f 1476//1795 1435//1733 1437//1735
f 1476//1795 1437//1735 1459//1769
f 1459//1769 1437//1735 935//1773
f 1459//1769 935//1773 941//1770
f 1477//1796 1478//1797 1479//1798
f 1480//1799 1471//1790 1481//1800
f 1481//1800 1471//1790 1472//1791
f 1481//1800 1472//1791 1482//1801
f 1482//1801 1472//1791 1464//1782
f 1482//1801 1464//1782 1465//1783
f 1465//1783 1464//1782 721//495
f 1465//1783 721//495 722//496
f 1483//1802 1474//1793 1484//1803
f 1484//1803 1474//1793 1473//1792
f 1484//1803 1473//1792 1485//1804
f 752//550 753//552 1486//1805
f 1486//1805 753//552 1441//1739
f 1486//1805 1441//1739 1487//1806
f 1487//1806 1441//1739 1476//1795
f 1487//1806 1476//1795 1488//1807
f 1488//1807 1476//1795 1459//1769
f 1488//1807 1459//1769 1458//1766
f 1458//1766 1459//1769 956//1771
f 1458//1766 956//1771 955//1768
f 1489//1808 1478//1797 1490//1809
f 1490//1809 1478//1797 1477//1796
f 1490//1809 1477//1796 1491//1810
f 679//433 683//437 1492//1811
f 1492//1811 683//437 1453//1751
f 1492//1811 1453//1751 1493//1812
f 1493//1812 1453//1751 1494//1813
f 1493//1812 1494//1813 1495//1814
f 1495//1814 1494//1813 1496//1815
f 1495//1814 1496//1815 1497//1816
f 1497//1816 1496//1815 1498//1817
f 698//453 699//455 1453//1751
f 1453//1818 699//1818 1461//1818
f 1453//1751 1461//1819 1494//1813
f 1494//1813 1461//1819 1499//1820
f 1494//1813 1499//1820 1496//1815
f 1496//1815 1499//1820 1500//1821
f 1496//1815 1500//1821 1498//1817
f 1498//1817 1500//1821 1501//1822
f 701//459 702//460 1502//1823
f 1502//1823 702//460 1452//1750
f 1502//1823 1452//1750 1503//1824
f 1503//1824 1452//1750 1504//1825
f 1503//1824 1504//1825 1505//1826
f 1505//1826 1504//1825 1506//1827
f 1505//1826 1506//1827 1507//1828
f 1507//1828 1506//1827 1508//1829
f 703//462 704//464 1452//1750
f 1452//1750 704//464 1462//1778
f 1452//1750 1462//1778 1504//1825
f 1504//1825 1462//1778 1509//1830
f 1504//1825 1509//1830 1506//1827
f 1506//1827 1509//1830 1510//1831
f 1506//1827 1510//1831 1508//1829
f 1508//1829 1510//1831 1511//1832
f 706//468 707//469 1512//1833
f 1512//1833 707//469 1451//1749
f 1512//1833 1451//1749 1513//1834
f 1513//1834 1451//1749 1514//1835
f 1513//1834 1514//1835 1515//1836
f 1515//1836 1514//1835 1516//1837
f 1515//1836 1516//1837 1517//1838
f 1517//1838 1516//1837 1518//1839
f 712//478 713//480 1463//1779
f 1463//1779 713//480 1519//1840
f 1463//1779 1519//1840 1520//1841
f 1520//1841 1519//1840 1521//1842
f 1520//1841 1521//1842 1522//1843
f 1522//1843 1521//1842 1523//1844
f 1522//1843 1523//1844 1524//1845
f 1524//1845 1523//1844 1525//1846
f 713//480 714//482 1519//1840
f 1519//1840 714//482 1449//1747
f 1519//1840 1449//1747 1521//1842
f 1521//1842 1449//1747 1526//1847
f 1521//1842 1526//1847 1523//1844
f 1523//1844 1526//1847 1527//1848
f 1523//1844 1527//1848 1525//1846
f 1525//1846 1527//1848 1528//1849
f 1525//1846 1528//1849 611//365
f 611//365 1528//1849 609//363
f 1529//1850 1483//1802 1530//1851
f 1530//1851 1483//1802 1484//1803
f 1530//1851 1484//1803 1531//1852
f 1531//1852 1484//1803 1485//1804
f 1531//1852 1485//1804 1532//1853
f 724//500 1447//1745 1533//1854
f 1533//1854 1447//1745 1448//1746
f 1533//1854 1448//1746 1534//1855
f 1534//1855 1448//1746 1535//1856
f 1534//1855 1535//1856 1536//1857
f 1536//1857 1535//1856 1537//1858
f 1536//1857 1537//1858 1538//1859
f 1538//1859 1537//1858 1539//1860
f 727//504 728//506 1448//1746
f 1448//1861 728//1861 1466//1861
f 1448//1746 1466//1784 1535//1856
f 1535//1856 1466//1784 1540//1862
f 1535//1856 1540//1862 1537//1858
f 1537//1858 1540//1862 1541//1863
f 1537//1858 1541//1863 1539//1860
f 1539//1860 1541//1863 1542//1864
f 730//510 731//512 1543//1865
f 1543//1865 731//512 1446//1744
f 1543//1865 1446//1744 1544//1866
f 1544//1866 1446//1744 1545//1867
f 1544//1866 1545//1867 1546//1868
f 1546//1868 1545//1867 1547//1869
f 1546//1868 1547//1869 1548//1870
f 1548//1870 1547//1869 1549//1871
f 732//514 733//515 1446//1744
f 1446//1744 733//1872 1467//1873
f 1446//1744 1467//1873 1545//1867
f 1545//1867 1467//1873 1550//1874
f 1545//1867 1550//1874 1547//1869
f 1547//1869 1550//1874 1551//1875
f 1547//1869 1551//1875 1549//1871
f 1549//1871 1551//1875 1552//1876
f 737//523 738//524 1445//1743
f 1445//1743 738//524 1444//1742
f 1445//1743 1444//1742 1553//1877
f 1553//1877 1444//1742 1554//1878
f 1553//1877 1554//1878 1555//1879
f 1555//1879 1554//1878 1556//1880
f 1555//1879 1556//1880 1557//1881
f 1557//1881 1556//1880 1558//1882
f 739//526 740//528 1444//1742
f 1444//1883 740//1883 1559//1883
f 1444//1742 1559//1884 1554//1878
f 1554//1878 1559//1884 1560//1885
f 1554//1878 1560//1885 1556//1880
f 1556//1880 1560//1885 1561//1886
f 1556//1880 1561//1886 1558//1882
f 1558//1882 1561//1886 1562//1887
f 742//532 743//534 1468//1786
f 1468//1786 743//534 1443//1741
f 1468//1786 1443//1741 1563//1888
f 1563//1888 1443//1741 1564//1889
f 1563//1888 1564//1889 1565//1890
f 1565//1890 1564//1889 1566//1891
f 1565//1890 1566//1891 1567//1892
f 1567//1892 1566//1891 1568//1893
f 744//536 745//537 1443//1741
f 1443//1894 745//1894 1469//1894
f 1443//1741 1469//1787 1564//1889
f 1564//1889 1469//1787 1569//1895
f 1564//1889 1569//1895 1566//1891
f 1566//1891 1569//1895 1570//1896
f 1566//1891 1570//1896 1568//1893
f 1568//1893 1570//1896 1571//1897
f 747//541 748//543 1572//1898
f 1572//1898 748//543 1442//1740
f 1572//1898 1442//1740 1573//1899
f 1573//1899 1442//1740 1574//1900
f 1573//1899 1574//1900 1575//1901
f 1575//1901 1574//1900 1576//1902
f 1575//1901 1576//1902 1577//1903
f 1577//1903 1576//1902 1578//1904
f 1454//1752 1479//1798 1455//1753
f 1455//1753 1479//1798 1478//1797
f 1455//1753 1478//1797 1456//1756
f 1456//1756 1478//1797 1489//1808
f 1456//1756 1489//1808 1457//1759
f 1457//1759 1489//1808 663//1905
f 1457//1759 663//417 665//419
f 653//407 655//409 1491//1810
f 1491//1810 655//409 657//411
f 1491//1810 657//411 1490//1809
f 1490//1809 657//411 659//413
f 1490//1809 659//413 1489//1808
f 1489//1808 659//413 661//415
f 1489//1808 661//415 663//417
f 691//445 689//443 1454//1752
f 1454//1906 689//1906 1460//1906
f 1454//1752 1460//1776 1479//1798
f 1479//1798 1460//1776 1579//1907
f 1479//1798 1579//1907 1477//1796
f 1477//1796 1579//1907 1580//1908
f 1477//1796 1580//1908 1491//1810
f 1491//1810 1580//1908 1434//1732
f 1491//1810 1434//1732 653//1909
f 653//407 1434//1732 651//405
f 687//441 679//433 1460//1776
f 1460//1776 679//433 1492//1811
f 1460//1776 1492//1811 1579//1907
f 1579//1907 1492//1811 1493//1812
f 1579//1907 1493//1812 1580//1908
f 1580//1908 1493//1812 1495//1814
f 1580//1908 1495//1814 1434//1732
f 1434//1732 1495//1814 1497//1816
f 1434//1732 1497//1816 649//403
f 639//393 641//395 1501//1910
f 1501//1910 641//395 643//397
f 1501//1822 643//1911 1498//1817
f 1498//1817 643//397 645//399
f 1498//1817 645//399 1497//1816
f 1497//1816 645//399 647//401
f 1497//1816 647//401 649//403
f 700//457 701//459 1461//1777
f 1461//1819 701//1912 1502//1823
f 1461//1819 1502//1823 1499//1820
f 1499//1820 1502//1823 1503//1824
f 1499//1820 1503//1824 1500//1821
f 1500//1821 1503//1824 1505//1826
f 1500//1821 1505//1826 1501//1822
f 1501//1822 1505//1826 1507//1828
f 1501//1822 1507//1828 639//1913
f 629//383 631//385 1511//1832
f 1511//1832 631//385 633//387
f 1511//1832 633//387 1508//1829
f 1508//1829 633//387 635//389
f 1508//1829 635//389 1507//1828
f 1507//1828 635//389 637//391
f 1507//1828 637//391 639//393
f 705//466 706//468 1462//1778
f 1462//1914 706//1914 1512//1914
f 1462//1778 1512//1833 1509//1830
f 1509//1830 1512//1833 1513//1834
f 1509//1830 1513//1834 1510//1831
f 1510//1831 1513//1834 1515//1836
f 1510//1831 1515//1836 1511//1832
f 1511//1832 1515//1836 1517//1838
f 1511//1832 1517//1838 629//1915
f 621//375 623//377 1518//1839
f 1518//1839 623//377 625//379
f 1518//1839 625//379 1517//1838
f 1517//1838 625//379 627//381
f 1517//1838 627//381 629//383
f 708//471 709//473 1451//1749
f 1451//1749 709//473 1450//1748
f 1451//1749 1450//1748 1514//1835
f 1514//1835 1450//1748 1581//1916
f 1514//1835 1581//1916 1516//1837
f 1516//1837 1581//1916 1582//1917
f 1516//1837 1582//1917 1518//1839
f 1518//1839 1582//1917 1583//1918
f 1518//1839 1583//1918 621//375
f 621//375 1583//1918 619//373
f 710//475 711//477 1450//1748
f 1450//1919 711//1919 1463//1919
f 1450//1748 1463//1779 1581//1916
f 1581//1916 1463//1779 1520//1841
f 1581//1916 1520//1841 1582//1917
f 1582//1917 1520//1841 1522//1843
f 1582//1917 1522//1843 1583//1918
f 1583//1918 1522//1843 1524//1845
f 1583//1918 1524//1845 619//1920
f 611//365 613//367 1525//1846
f 1525//1846 613//367 615//369
f 1525//1846 615//369 1524//1845
f 1524//1845 615//369 617//371
f 1524//1845 617//371 619//373
f 715//484 716//486 1449//1747
f 1449//1747 716//1921 1438//1736
f 1449//1747 1438//1736 1526//1847
f 1526//1847 1438//1736 1440//1738
f 1526//1847 1440//1738 1527//1848
f 1527//1848 1440//1738 1471//1790
f 1527//1848 1471//1790 1528//1849
f 1528//1849 1471//1790 1480//1799
f 1528//1849 1480//1799 609//363
f 609//363 1480//1799 607//361
f 723//1922 1475//1922 1465//1922
f 1465//1783 1475//1794 1474//1793
f 1465//1783 1474//1793 1482//1801
f 1482//1801 1474//1793 1483//1802
f 1482//1801 1483//1802 1481//1800
f 1481//1800 1483//1802 1529//1850
f 1481//1800 1529//1850 1480//1799
f 1480//1799 1529//1850 605//1923
f 1480//1799 605//359 607//361
f 593//349 595//351 1532//1853
f 1532//1853 595//351 597//353
f 1532//1853 597//1924 1531//1852
f 1531//1852 597//353 599//355
f 1531//1852 599//355 1530//1851
f 1530//1851 599//355 1584//1925
f 1530//1851 1584//1925 1529//1850
f 1529//1850 1584//1925 603//357
f 1529//1850 603//357 605//359
f 723//498 724//500 1475//1794
f 1475//1794 724//500 1533//1854
f 1475//1794 1533//1854 1473//1792
f 1473//1792 1533//1854 1534//1855
f 1473//1792 1534//1855 1485//1804
f 1485//1804 1534//1855 1536//1857
f 1485//1804 1536//1857 1532//1853
f 1532//1853 1536//1857 1538//1859
f 1532//1853 1538//1859 593//349
f 583//339 585//341 1542//1864
f 1542//1864 585//341 587//343
f 1542//1864 587//343 1539//1860
f 1539//1860 587//343 589//345
f 1539//1860 589//345 1538//1859
f 1538//1859 589//345 591//347
f 1538//1859 591//347 593//349
f 729//508 730//510 1466//1784
f 1466//1784 730//510 1543//1865
f 1466//1784 1543//1865 1540//1862
f 1540//1862 1543//1865 1544//1866
f 1540//1862 1544//1866 1541//1863
f 1541//1863 1544//1866 1546//1868
f 1541//1863 1546//1868 1542//1864
f 1542//1864 1546//1868 1548//1870
f 1542//1864 1548//1870 583//1926
f 573//329 575//331 1552//1876
f 1552//1876 575//331 577//333
f 1552//1876 577//333 1549//1871
f 1549//1871 577//333 579//335
f 1549//1871 579//335 1548//1870
f 1548//1870 579//335 581//337
f 1548//1870 581//337 583//339
f 734//517 735//519 1467//1785
f 1467//1873 735//1927 1585//1928
f 1467//1873 1585//1928 1550//1874
f 1550//1874 1585//1928 1586//1929
f 1550//1874 1586//1929 1551//1875
f 1551//1875 1586//1929 1587//1930
f 1551//1875 1587//1930 1552//1876
f 1552//1876 1587//1930 1433//1731
f 1552//1876 1433//1731 573//1931
f 573//329 1433//1731 571//327
f 735//519 736//521 1585//1928
f 1585//1928 736//521 1445//1743
f 1585//1928 1445//1743 1586//1929
f 1586//1929 1445//1743 1553//1877
f 1586//1929 1553//1877 1587//1930
f 1587//1930 1553//1877 1555//1879
f 1587//1930 1555//1879 1433//1731
f 1433//1731 1555//1879 1557//1881
f 1433//1731 1557//1881 569//325
f 559//315 561//317 1562//1932
f 1562//1932 561//317 563//319
f 1562//1887 563//1933 1558//1882
f 1558//1882 563//319 565//321
f 1558//1882 565//321 1557//1881
f 1557//1881 565//321 567//323
f 1557//1881 567//323 569//325
f 740//528 741//530 1559//1884
f 1559//1884 741//530 1468//1786
f 1559//1884 1468//1786 1560//1885
f 1560//1885 1468//1786 1563//1888
f 1560//1885 1563//1888 1561//1886
f 1561//1886 1563//1888 1565//1890
f 1561//1886 1565//1890 1562//1887
f 1562//1887 1565//1890 1567//1892
f 1562//1887 1567//1892 559//1934
f 549//305 551//307 1571//1897
f 1571//1897 551//307 553//309
f 1571//1897 553//309 1568//1893
f 1568//1893 553//309 555//311
f 1568//1893 555//311 1567//1892
f 1567//1892 555//311 557//313
f 1567//1892 557//313 559//315
f 746//539 747//541 1469//1787
f 1469//1787 747//541 1572//1898
f 1469//1787 1572//1898 1569//1895
f 1569//1895 1572//1898 1573//1899
f 1569//1895 1573//1899 1570//1896
f 1570//1896 1573//1899 1575//1901
f 1570//1896 1575//1901 1571//1897
f 1571//1897 1575//1901 1577//1903
f 1571//1897 1577//1903 549//1935
f 541//297 543//299 1578//1904
f 1578//1904 543//299 545//301
f 1578//1904 545//301 1577//1903
f 1577//1903 545//301 547//303
f 1577//1903 547//303 549//305
f 749//545 750//546 1442//1740
f 1442//1740 750//1936 1470//1937
f 1442//1740 1470//1937 1574//1900
f 1574//1900 1470//1937 1588//1938
f 1574//1900 1588//1938 1576//1902
f 1576//1902 1588//1938 1589//1939
f 1576//1902 1589//1939 1578//1904
f 1578//1904 1589//1939 1590//1940
f 1578//1904 1590//1940 541//297
f 541//297 1590//1940 539//295
f 751//548 752//550 1470//1788
f 1470//1941 752//1941 1486//1941
f 1470//1937 1486//1805 1588//1938
f 1588//1938 1486//1805 1487//1806
f 1588//1938 1487//1806 1589//1939
f 1589//1939 1487//1806 1488//1807
f 1589//1939 1488//1807 1590//1940
f 1590//1940 1488//1807 1458//1766
f 1590//1940 1458//1766 539//1942
f 539//295 1458//1766 537//293
f 1591//1943 1592//665 1593//665
f 1594//665 1595//665 1596//1944
f 1596//1944 1595//665 1597//665
f 1596//1944 1597//665 1598//665
f 1598//665 1599//665 1596//1944
f 1596//1944 1599//665 1600//665
f 1596//1944 1600//665 1591//1943
f 1591//1943 1600//665 1601//665
f 1591//1943 1601//665 1592//665
f 1602//560 1603//665 1604//665
f 1604//665 1605//665 1602//560
f 1602//560 1605//665 1606//665
f 1602//560 1606//665 1607//1945
f 1593//665 1608//665 1591//1943
f 1591//1943 1608//665 1609//665
f 1591//1943 1609//665 1610//665
f 1610//665 1611//665 1591//1943
f 1591//1943 1611//665 1612//665
f 1591//1943 1612//665 1602//560
f 1602//560 1612//665 1613//665
f 1602//560 1613//665 1603//665
f 1614//1946 1615//665 1616//1947
f 1616//1947 1615//665 1617//665
f 1616//1947 1617//665 1618//665
f 1618//665 1619//665 1616//1947
f 1616//1947 1619//665 1620//665
f 1616//1947 1620//665 1596//1944
f 1596//1944 1620//665 1621//665
f 1596//1944 1621//665 1594//665
f 1622//665 1623//1948 1624//665
f 1624//665 1623//1948 1625//1949
f 1626//1950 1627//665 1628//665
f 1628//665 1629//665 1626//1950
f 1626//1950 1629//665 1630//665
f 1626//1950 1630//665 1631//1950
f 1631//1950 1630//665 1632//665
f 1631//1950 1632//665 1633//665
f 1634//665 1635//665 1626//1950
f 1626//1950 1635//665 1636//665
f 1626//1950 1636//665 1627//665
f 1633//665 1637//665 1631//1950
f 1631//1950 1637//665 1638//665
f 1631//1950 1638//665 1639//665
f 1622//665 1640//665 1623//1948
f 1623//1948 1640//665 1641//665
f 1623//1948 1641//665 1626//1950
f 1626//1950 1641//665 1642//665
f 1626//1950 1642//665 1634//665
f 1643//665 1644//665 1645//678
f 1645//678 1644//665 1646//665
f 1645//678 1646//665 1647//1951
f 1639//665 1648//665 1631//1950
f 1631//1950 1648//665 1649//665
f 1631//1950 1649//665 1645//678
f 1645//678 1649//665 1650//665
f 1645//678 1650//665 1643//665
f 1651//1952 1652//1953 1653//1954
f 1653//1954 1652//1953 1654//1955
f 1653//1954 1654//1955 1655//1956
f 1655//1956 1654//1955 1656//1957
f 1656//1957 1654//1955 1657//1958
f 1656//1957 1657//1958 1658//1959
f 1658//1959 1657//1958 1659//1960
f 1659//1960 1657//1958 1660//1961
f 1659//1960 1660//1961 1661//1962
f 1661//1962 1660//1961 1662//1963
f 1662//1963 1660//1961 1663//1964
f 1662//1963 1663//1964 1664//1965
f 1664//1965 1663//1964 1665//1966
f 1665//1966 1663//1964 1666//1967
f 1665//1966 1666//1967 1667//1968
f 1667//1968 1666//1967 1668//1969
f 1668//1969 1666//1967 1669//1970
f 1668//1969 1669//1970 1670//1971
f 1670//1971 1669//1970 1671//1972
f 1671//1972 1669//1970 1672//1973
f 1671//1972 1672//1973 1673//1974
f 1673//1974 1672//1973 1674//1975
f 1674//1975 1672//1973 1675//1976
f 1674//1975 1675//1976 1676//1977
f 1676//1977 1675//1976 1677//1978
f 1677//1978 1675//1976 1678//1979
f 1677//1978 1678//1979 1679//1980
f 1679//1980 1678//1979 1680//1981
f 1680//1981 1678//1979 1681//1982
f 1680//1981 1681//1982 1682//1983
f 1682//1983 1681//1982 1683//1984
f 1683//1984 1681//1982 1684//1985
f 1683//1984 1684//1985 1685//1986
f 1685//1986 1684//1985 1686//1987
f 1686//1987 1684//1985 1687//1988
f 1686//1987 1687//1988 1688//1989
f 1689//1990 1690//1991 1687//1988
f 1687//1988 1690//1991 1691//1992
f 1687//1988 1691//1992 1688//1989
f 1692//1993 1693//1994 1694//1995
f 1694//1995 1695//1996 1692//1993
f 1692//1993 1695//1996 1696//1997
f 1692//1993 1696//1997 1689//1990
f 1689//1990 1696//1997 1697//1998
f 1689//1990 1697//1998 1690//1991
f 1698//1999 1699//2000 1700//2001
f 1700//2001 1701//2002 1698//1999
f 1698//1999 1701//2002 1702//2003
f 1698//1999 1702//2003 1693//1994
f 1693//1994 1702//2003 1703//2004
f 1693//1994 1703//2004 1694//1995
f 1704//2005 1705//2006 1706//2007
f 1706//2007 1707//2008 1704//2005
f 1704//2005 1707//2008 1708//2009
f 1704//2005 1708//2009 1699//2000
f 1699//2000 1708//2009 1709//2010
f 1699//2000 1709//2010 1700//2001
f 1710//2011 1711//2012 1712//2013
f 1712//2013 1713//2014 1710//2011
f 1710//2011 1713//2014 1714//2015
f 1710//2011 1714//2015 1705//2006
f 1705//2006 1714//2015 1715//2016
f 1705//2006 1715//2016 1706//2007
f 1716//2017 1717//2018 1718//2019
f 1718//2019 1719//2020 1716//2017
f 1716//2017 1719//2020 1720//2021
f 1716//2017 1720//2021 1711//2012
f 1711//2012 1720//2021 1721//2022
f 1711//2012 1721//2022 1712//2013
f 1722//2023 1723//2024 1724//2025
f 1724//2025 1725//2026 1722//2023
f 1722//2023 1725//2026 1726//2027
f 1722//2023 1726//2027 1727//2028
f 1726//2027 1728//2029 1727//2028
f 1727//2028 1728//2029 1729//2030
f 1727//2028 1729//2030 1730//2031
f 1729//2030 1731//2032 1730//2031
f 1730//2031 1731//2032 1732//2033
f 1730//2031 1732//2033 1733//2034
f 1732//2033 1734//2035 1733//2034
f 1733//2034 1734//2035 1735//2036
f 1733//2034 1735//2036 1736//2037
f 1735//2036 1737//2038 1736//2037
f 1736//2037 1737//2038 1738//2039
f 1736//2037 1738//2039 1739//2040
f 1738//2039 1740//2041 1739//2040
f 1739//2040 1740//2041 1741//2042
f 1739//2040 1741//2042 1742//2043
f 1741//2042 1743//2044 1742//2043
f 1742//2043 1743//2044 1744//2045
f 1742//2043 1744//2045 1745//2046
f 1744//2045 1746//2047 1745//2046
f 1745//2046 1746//2047 1747//2048
f 1745//2046 1747//2048 1748//2049
f 1747//2048 1749//2050 1748//2049
f 1748//2049 1749//2050 1750//2051
f 1748//2049 1750//2051 1751//2052
f 1750//2051 1752//2053 1751//2052
f 1751//2052 1752//2053 1753//2054
f 1751//2052 1753//2054 1754//2055
f 1753//2054 1755//2056 1754//2055
f 1754//2055 1755//2056 1756//2057
f 1754//2055 1756//2057 1757//2058
f 1757//2058 1756//2057 1758//2059
f 1758//2059 1759//1989 1757//2058
f 1757//2058 1759//1989 1760//2060
f 1757//2058 1760//2060 1761//2061
f 1760//2060 1762//2062 1761//2061
f 1761//2061 1762//2062 1763//2063
f 1761//2061 1763//2063 1764//2064
f 1763//2063 1765//2065 1764//2064
f 1764//2064 1765//2065 1766//2066
f 1764//2064 1766//2066 1767//2067
f 1766//2066 1768//2068 1767//2067
f 1767//2067 1768//2068 1769//2069
f 1767//2067 1769//2069 1770//2070
f 1769//2069 1771//2071 1770//2070
f 1770//2070 1771//2071 1772//2072
f 1770//2070 1772//2072 1773//2073
f 1772//2072 1774//2074 1773//2073
f 1773//2073 1774//2074 1775//2075
f 1773//2073 1775//2075 1776//2076
f 1775//2075 1777//2077 1776//2076
f 1776//2076 1777//2077 1778//2078
f 1776//2076 1778//2078 1779//2079
f 1778//2078 1780//2080 1779//2079
f 1779//2079 1780//2080 1781//2081
f 1779//2079 1781//2081 1782//2082
f 1781//2081 1783//2083 1782//2082
f 1782//2082 1783//2083 1784//2084
f 1782//2082 1784//2084 1785//2085
f 1784//2084 1786//2086 1785//2085
f 1785//2085 1786//2086 1787//2087
f 1785//2085 1787//2087 1788//2088
f 1789//2089 1790//2090 1791//2091
f 1791//2091 1790//2090 1788//2088
f 1791//2091 1788//2088 1792//2092
f 1792//2092 1788//2088 1787//2087
f 1793//154 1794//154 1795//154
f 1794//154 1793//154 1796//154
f 1797//154 1798//154 1799//154
f 1799//154 1798//154 1800//154
f 1799//154 1800//154 1801//154
f 1802//154 1803//154 1804//154
f 1804//154 1803//154 1805//154
f 1804//154 1805//154 1806//154
f 1806//154 1805//154 1807//154
f 1805//154 1808//154 1807//154
f 1807//154 1808//154 1809//154
f 1807//154 1809//154 1810//154
f 1810//154 1809//154 1811//154
f 1812//154 1813//154 1814//154
f 1814//154 1813//154 1815//154
f 1802//154 1816//154 1803//154
f 1803//154 1816//154 1814//154
f 1803//154 1814//154 1817//154
f 1817//154 1814//154 1815//154
f 1818//154 1819//154 1820//154
f 1820//154 1819//154 1811//154
f 1795//154 1821//2093 1793//154
f 1793//154 1821//2093 1822//154
f 1793//154 1822//154 1823//154
f 1797//154 1799//154 1824//154
f 1824//154 1799//154 1825//154
f 1824//154 1825//154 1826//154
f 1811//154 1819//154 1810//154
f 1810//154 1819//154 1827//154
f 1810//154 1827//154 1828//154
f 1793//154 1829//154 1796//154
f 1796//154 1829//154 1830//154
f 1796//154 1830//154 1831//154
f 1831//154 1830//154 1824//154
f 1831//154 1824//154 1832//154
f 1832//154 1824//154 1826//154
f 1833//154 1834//154 1835//154
f 1836//154 1837//154 1812//154
f 1812//154 1837//154 1838//154
f 1812//154 1838//154 1813//154
f 1833//154 1835//154 1839//154
f 1828//154 1840//154 1810//154
f 1810//154 1840//154 1841//154
f 1810//154 1841//154 1842//154
f 1843//2094 1810//154 1844//2093
f 1844//2093 1810//154 1845//154
f 1822//154 1846//154 1823//154
f 1823//154 1846//154 1847//154
f 1823//154 1847//154 1848//154
f 1848//154 1849//154 1823//154
f 1823//154 1849//154 1850//154
f 1823//154 1850//154 1851//154
f 1852//154 1853//154 1854//154
f 1854//154 1853//154 1855//154
f 1854//154 1855//154 1856//154
f 1856//154 1855//154 1857//154
f 1856//154 1857//154 1858//154
f 1858//154 1857//154 1859//154
f 1858//154 1859//154 1860//154
f 1860//154 1859//154 1861//154
f 1860//154 1861//154 1862//154
f 1862//154 1861//154 1863//154
f 1862//154 1863//154 1864//154
f 1864//154 1863//154 1865//154
f 1864//154 1865//154 1866//154
f 1867//154 1868//154 1820//154
f 1820//154 1868//154 1869//154
f 1820//154 1869//154 1818//154
f 1842//154 1870//154 1810//154
f 1810//154 1870//154 1871//154
f 1810//154 1871//154 1845//154
f 1851//154 1872//154 1823//154
f 1823//154 1872//154 1873//154
f 1823//154 1873//154 1874//154
f 1875//154 1876//154 1877//154
f 1877//154 1876//154 1878//154
f 1877//154 1878//154 1879//154
f 1879//154 1878//154 1880//154
f 1879//154 1880//154 1881//154
f 1881//154 1880//154 1882//154
f 1881//154 1882//154 1883//154
f 1883//154 1882//154 1884//154
f 1883//154 1884//154 1885//154
f 1885//154 1884//154 1886//154
f 1885//154 1886//154 1887//154
f 1887//154 1886//154 1888//154
f 1887//154 1888//154 1852//154
f 1852//154 1888//154 1889//154
f 1852//154 1889//154 1853//154
f 1890//154 1891//154 1892//154
f 1892//154 1891//154 1893//154
f 1892//154 1893//154 1894//154
f 1894//154 1893//154 1895//154
f 1894//154 1895//154 1896//154
f 1896//154 1895//154 1897//154
f 1896//154 1897//154 1875//154
f 1875//154 1897//154 1898//154
f 1875//154 1898//154 1876//154
f 1800//154 1899//154 1801//154
f 1801//154 1899//154 1900//154
f 1801//154 1900//154 1901//154
f 1901//154 1900//154 1891//154
f 1901//154 1891//154 1902//154
f 1902//154 1891//154 1890//154
f 1839//154 1835//154 1820//154
f 1820//154 1835//154 1903//154
f 1820//154 1903//154 1867//154
f 1836//154 1904//154 1837//154
f 1837//154 1904//154 1905//154
f 1837//154 1905//154 1906//154
f 1906//154 1905//154 1907//154
f 1906//154 1907//154 1908//154
f 1908//154 1907//154 1909//154
f 1908//154 1909//154 1910//154
f 1910//154 1909//154 1911//154
f 1910//154 1911//154 1912//154
f 1912//154 1911//154 1913//154
f 1912//154 1913//154 1914//154
f 1914//154 1913//154 1866//154
f 1914//154 1866//154 1915//154
f 1915//154 1866//154 1865//154
f 1916//157 1917//157 1918//157
f 1918//157 1917//157 1919//157
f 1920//157 1921//157 1922//157
f 1923//157 1924//157 1925//157
f 1926//157 1927//157 1928//157
f 1920//157 1922//157 1929//157
f 1929//157 1922//157 1930//157
f 1929//157 1930//157 1931//157
f 1932//157 1933//157 1931//157
f 1934//157 1935//157 1936//157
f 1936//157 1935//157 1937//157
f 1938//157 1939//157 1940//157
f 1940//157 1939//157 1941//157
f 1924//157 1942//157 1925//157
f 1925//157 1942//157 1943//157
f 1925//157 1943//157 1927//157
f 1927//157 1943//157 1944//157
f 1927//157 1944//157 1928//157
f 1925//157 1945//157 1923//157
f 1923//157 1945//157 1946//157
f 1923//157 1946//157 1947//157
f 1947//157 1946//157 1936//157
f 1947//157 1936//157 1948//157
f 1948//157 1936//157 1937//157
f 1921//157 1920//157 1949//157
f 1949//157 1920//157 1950//157
f 1949//157 1950//157 1951//157
f 1938//157 1952//157 1939//157
f 1939//157 1952//157 1953//157
f 1939//157 1953//157 1954//157
f 1955//157 1956//157 1919//157
f 1919//157 1956//157 1957//157
f 1919//157 1957//157 1918//157
f 1916//157 1958//157 1917//157
f 1917//157 1958//157 1959//157
f 1917//157 1959//157 1960//157
f 1960//157 1959//157 1949//157
f 1960//157 1949//157 1961//157
f 1961//157 1949//157 1951//157
f 1962//157 1924//157 1963//157
f 1963//157 1924//157 1964//157
f 1963//157 1964//157 1965//1017
f 1962//157 1966//157 1924//157
f 1924//157 1966//157 1967//157
f 1924//157 1967//157 1968//157
f 1955//157 1969//157 1956//157
f 1956//157 1969//157 1970//157
f 1956//157 1970//157 1971//157
f 1971//157 1970//157 1972//157
f 1971//157 1972//157 1973//157
f 1973//157 1972//157 1974//157
f 1973//157 1974//157 1975//157
f 1975//157 1974//157 1976//157
f 1975//157 1976//157 1977//157
f 1977//157 1976//157 1978//157
f 1977//157 1978//157 1979//157
f 1979//157 1978//157 1980//157
f 1968//157 1981//157 1924//157
f 1924//157 1981//157 1982//157
f 1924//157 1982//157 1942//157
f 1936//157 1983//157 1934//157
f 1934//157 1983//157 1984//157
f 1934//157 1984//157 1985//157
f 1985//157 1984//157 1939//157
f 1941//157 1939//157 1986//157
f 1986//157 1939//157 1987//157
f 1986//157 1987//157 1988//157
f 1989//157 1990//157 1991//157
f 1991//157 1990//157 1992//157
f 1928//157 1993//157 1926//157
f 1926//157 1993//157 1990//157
f 1926//157 1990//157 1994//157
f 1994//157 1990//157 1989//157
f 1954//157 1995//157 1939//157
f 1939//157 1995//157 1996//157
f 1939//157 1996//157 1985//157
f 1931//157 1930//157 1932//157
f 1932//157 1930//157 1997//157
f 1932//157 1997//157 1998//157
f 1998//157 1997//157 1999//157
f 1998//157 1999//157 2000//157
f 2001//157 2002//157 2003//157
f 2003//157 2002//157 2004//157
f 2000//157 2005//157 1998//157
f 1998//157 2005//157 2004//157
f 1998//157 2004//157 2006//157
f 2006//157 2004//157 2002//157
f 2007//157 2008//157 2009//157
f 2009//157 2008//157 2010//157
f 2009//157 2010//157 2011//157
f 2011//157 2010//157 2012//157
f 2011//157 2012//157 2013//157
f 2013//157 2012//157 2014//157
f 2013//157 2014//157 2015//157
f 2015//157 2014//157 2016//157
f 2015//157 2016//157 2017//157
f 2017//157 2016//157 2018//157
f 2017//157 2018//157 2019//157
f 2019//157 2018//157 2020//157
f 2019//157 2020//157 1980//157
f 1980//157 2020//157 2021//157
f 1980//157 2021//157 1979//157
f 1988//157 2022//157 1986//157
f 1986//157 2022//157 2023//157
f 1986//157 2023//157 2024//157
f 2025//157 2026//157 1986//157
f 1986//157 2026//157 2027//157
f 1986//157 2027//157 2028//157
f 2028//157 2027//157 2029//157
f 2028//157 2029//157 2030//157
f 2030//157 2029//157 2031//157
f 2030//157 2031//157 2032//157
f 2032//157 2031//157 2033//157
f 2032//157 2033//157 2034//157
f 2034//157 2033//157 2035//157
f 2034//157 2035//157 2007//157
f 2007//157 2035//157 2036//157
f 2007//157 2036//157 2008//157
f 2024//157 2037//157 1986//157
f 1986//157 2037//157 2038//157
f 1986//157 2038//157 2025//157
f 2039//2095 2040//2096 2041//2097
f 2040//2096 2042//2098 2041//2097
f 2041//2097 2042//2098 2043//2099
f 2041//2097 2043//2099 2044//2100
f 2044//2100 2043//2099 2045//2101
f 2046//2102 2047//2103 2041//2097
f 2041//2097 2047//2103 2048//2104
f 2041//2097 2048//2104 2039//2095
f 2049//2105 2050//2106 2051//2107
f 2052//2108 2053//2109 2054//2110
f 2054//2110 2053//2109 2049//2105
f 2054//2110 2049//2105 2055//2111
f 2055//2111 2049//2105 2051//2107
f 2050//2106 2049//2105 2056//2112
f 2056//2112 2049//2105 2057//2113
f 2056//2112 2057//2113 2058//2114
f 2058//2114 2057//2113 2059//2115
f 2058//2114 2059//2115 2060//2116
f 2060//2116 2059//2115 2061//2117
f 2060//2116 2061//2117 2062//2118
f 2043//2099 2063//2119 2045//2101
f 2045//2101 2063//2119 2064//2120
f 2045//2101 2064//2120 2065//2121
f 2065//2121 2064//2120 2066//2122
f 2052//2108 2067//2123 2053//2109
f 2053//2109 2067//2123 1651//2124
f 2053//2109 1651//2124 2068//2125
f 2068//2125 1651//2124 1653//2126
f 2068//2125 1653//2126 2069//2127
f 2069//2127 1653//2126 1655//2128
f 2069//2127 1655//2128 2070//2129
f 2070//2129 1655//2128 1656//2130
f 2070//2129 1656//2130 2071//2131
f 2071//2131 1656//2130 2072//2132
f 2072//2132 1656//2130 1658//2133
f 2072//2132 1658//2133 2073//2134
f 2073//2134 1658//2133 1659//2135
f 2073//2134 1659//2135 2074//2136
f 2074//2136 1659//2135 1661//2137
f 2074//2136 1661//2137 2075//2138
f 2075//2138 1661//2137 1662//2139
f 2075//2138 1662//2139 2076//2140
f 2076//2140 1662//2139 2077//2141
f 2077//2141 1662//2139 1664//2142
f 2077//2141 1664//2142 2078//2143
f 2078//2143 1664//2142 1665//2144
f 2078//2143 1665//2144 2079//2145
f 2079//2145 1665//2144 1667//2146
f 2079//2145 1667//2146 2080//2147
f 2080//2147 1667//2146 1668//2148
f 2080//2147 1668//2148 2081//2149
f 2081//2149 1668//2148 2082//2150
f 2082//2150 1668//2148 1670//2151
f 2082//2150 1670//2151 2083//2152
f 2083//2152 1670//2151 1671//2153
f 2083//2152 1671//2153 2084//2154
f 2084//2154 1671//2153 1673//2155
f 2084//2154 1673//2155 2085//2156
f 2085//2156 1673//2155 1674//2157
f 2085//2156 1674//2157 2086//2158
f 2086//2158 1674//2157 2087//2159
f 2087//2159 1674//2157 1676//2160
f 2087//2159 1676//2160 2088//2161
f 2088//2161 1676//2160 1677//2162
f 2088//2161 1677//2162 2089//2163
f 2089//2163 1677//2162 1679//2164
f 2089//2163 1679//2164 2090//2165
f 2090//2165 1679//2164 1680//2166
f 2090//2165 1680//2166 2091//2167
f 2091//2167 1680//2166 2092//2168
f 2092//2168 1680//2166 1682//2169
f 2092//2168 1682//2169 2093//2170
f 2093//2170 1682//2169 1683//2171
f 2093//2170 1683//2171 2094//2172
f 2094//2172 1683//2171 1685//2173
f 2094//2172 1685//2173 2095//2174
f 2095//2174 1685//2173 2096//2175
f 2095//2174 2096//2175 2097//2176
f 2097//2176 2096//2175 1688//2177
f 2097//2176 1688//2177 2098//2178
f 2098//2178 1688//2177 1691//2179
f 2098//2178 1691//2179 2099//2180
f 2099//2180 1691//2179 1690//2181
f 2099//2180 1690//2181 2100//2182
f 2100//2182 1690//2181 1697//2183
f 2100//2182 1697//2183 2101//2184
f 2101//2184 1697//2183 1696//2185
f 2101//2184 1696//2185 2102//2186
f 2102//2186 1696//2185 2103//2187
f 2103//2187 1696//2185 1695//2188
f 2103//2187 1695//2188 2104//2189
f 2104//2189 1695//2188 1694//2190
f 2104//2189 1694//2190 2105//2191
f 2105//2191 1694//2190 1703//2192
f 2105//2191 1703//2192 2106//2193
f 2106//2193 1703//2192 1702//2194
f 2106//2193 1702//2194 2107//2195
f 2107//2195 1702//2194 2108//2196
f 2108//2196 1702//2194 1701//2197
f 2108//2196 1701//2197 2109//2198
f 2109//2198 1701//2197 1700//2199
f 2109//2198 1700//2199 2110//2200
f 2110//2200 1700//2199 1709//2201
f 2110//2200 1709//2201 2111//2202
f 2111//2202 1709//2201 1708//2203
f 2111//2202 1708//2203 2112//2204
f 2112//2204 1708//2203 1707//2205
f 2112//2204 1707//2205 2113//2206
f 2113//2206 1707//2205 1706//2207
f 2113//2206 1706//2207 2114//2208
f 2114//2208 1706//2207 2115//2209
f 2115//2209 1706//2207 1715//2210
f 2115//2209 1715//2210 2116//2211
f 2116//2211 1715//2210 1714//2212
f 2116//2211 1714//2212 2117//2213
f 2117//2213 1714//2212 1713//2214
f 2117//2213 1713//2214 2118//2215
f 2118//2215 1713//2214 1712//2216
f 2118//2215 1712//2216 2119//2217
f 2119//2217 1712//2216 2120//2218
f 2120//2218 1712//2216 1721//2219
f 2120//2218 1721//2219 2121//2220
f 2121//2220 1721//2219 1720//2221
f 2121//2220 1720//2221 2122//2222
f 2122//2222 1720//2221 1719//2223
f 2122//2222 1719//2223 2123//2224
f 2123//2224 1719//2223 1718//2225
f 2123//2224 1718//2225 2046//2102
f 2046//2102 1718//2225 2124//2226
f 2046//2102 2124//2226 2047//2103
f 2125//2227 2126//2228 2127//2229
f 2127//2229 2126//2228 2128//2230
f 2127//2229 2128//2230 2129//2231
f 2129//2231 2128//2230 2130//2232
f 2129//2231 2130//2232 2131//2233
f 2131//2233 2130//2232 2132//2234
f 2131//2233 2132//2234 2133//2235
f 2133//2235 2132//2234 2134//2236
f 2133//2235 2134//2236 2135//2237
f 2135//2237 2134//2236 2136//2238
f 2135//2237 2136//2238 2137//2239
f 2137//2239 2136//2238 2138//2240
f 2137//2239 2138//2240 2139//2241
f 2139//2241 2138//2240 2140//2242
f 2139//2241 2140//2242 2141//2243
f 2141//2243 2140//2242 2142//2244
f 2141//2243 2142//2244 2143//2245
f 2143//2245 2142//2244 2144//2246
f 2143//2245 2144//2246 2145//2247
f 2145//2247 2144//2246 2146//2248
f 2145//2247 2146//2248 2147//2249
f 2147//2249 2146//2248 2148//2250
f 2147//2249 2148//2250 2149//2251
f 2149//2251 2148//2250 2150//2252
f 2149//2251 2150//2252 2151//2253
f 2151//2253 2150//2252 2152//2254
f 2151//2253 2152//2254 2153//2255
f 2153//2255 2152//2254 2154//2256
f 2153//2255 2154//2256 2155//2257
f 2155//2257 2154//2256 2156//2258
f 2155//2257 2156//2258 2157//2259
f 2157//2259 2156//2258 2158//2260
f 2157//2259 2158//2260 2159//2261
f 2159//2261 2158//2260 2160//2262
f 2159//2261 2160//2262 2161//2263
f 2161//2263 2160//2262 2162//2264
f 2161//2263 2162//2264 2163//2265
f 2163//2265 2162//2264 2164//2266
f 2163//2265 2164//2266 2165//2267
f 2165//2267 2164//2266 2166//2268
f 2165//2267 2166//2268 2167//2269
f 2167//2269 2166//2268 2168//2270
f 2167//2269 2168//2270 2169//2271
f 2169//2271 2168//2270 2170//2272
f 2169//2271 2170//2272 2171//2273
f 2171//2273 2170//2272 2172//2274
f 2171//2273 2172//2274 2173//2275
f 2173//2275 2172//2274 2174//2276
f 2173//2275 2174//2276 2175//2277
f 2175//2277 2174//2276 2176//2278
f 2175//2277 2176//2278 2177//2279
f 2177//2279 2176//2278 2178//2280
f 2177//2279 2178//2280 2179//2281
f 2179//2281 2178//2280 2180//2282
f 2179//2281 2180//2282 2181//2283
f 2181//2283 2180//2282 2182//2284
f 2181//2283 2182//2284 2183//2285
f 2183//2285 2182//2284 2184//2286
f 2183//2285 2184//2286 2185//2287
f 2185//2287 2184//2286 2186//2288
f 2185//2287 2186//2288 2187//2289
f 2187//2289 2186//2288 2188//2290
f 2187//2289 2188//2290 2189//2291
f 2189//2291 2188//2290 2190//2292
f 2189//2291 2190//2292 2191//665
f 2191//665 2190//2292 2192//665
f 2191//665 2192//665 2193//2293
f 2193//2293 2192//665 2194//2294
f 2193//2293 2194//2294 2195//2295
f 2195//2295 2194//2294 2196//2296
f 2195//2295 2196//2296 2197//2297
f 2197//2297 2196//2296 2198//2298
f 2197//2297 2198//2298 2199//2299
f 2199//2299 2198//2298 2200//2300
f 2199//2299 2200//2300 2201//2301
f 2201//2301 2200//2300 2202//2302
f 2201//2301 2202//2302 2203//2303
f 2203//2303 2202//2302 2204//2304
f 2203//2303 2204//2304 2205//2305
f 2205//2305 2204//2304 2206//2306
f 2205//2305 2206//2306 2207//2307
f 2207//2307 2206//2306 2208//2308
f 2207//2307 2208//2308 2209//2309
f 2209//2309 2208//2308 2210//2310
f 2209//2309 2210//2310 2211//2311
f 2211//2311 2210//2310 2212//2312
f 2211//2311 2212//2312 2213//2313
f 2213//2313 2212//2312 2214//2314
f 2213//2313 2214//2314 2215//2315
f 2215//2315 2214//2314 2216//2316
f 2215//2315 2216//2316 2217//2317
f 2217//2317 2216//2316 2218//2318
f 2217//2317 2218//2318 2219//2319
f 2219//2319 2218//2318 2220//2320
f 2219//2319 2220//2320 2221//2321
f 2221//2321 2220//2320 2222//2322
f 2221//2321 2222//2322 2223//2323
f 2223//2323 2222//2322 2224//2324
f 2223//2323 2224//2324 2225//2325
f 2225//2325 2224//2324 2226//2326
f 2225//2325 2226//2326 2227//2327
f 2227//2327 2226//2326 2228//2328
f 2227//2327 2228//2328 2229//2329
f 2229//2329 2228//2328 2230//2330
f 2229//2329 2230//2330 2231//2331
f 2231//2331 2230//2330 2232//2332
f 2231//2331 2232//2332 2233//2333
f 2233//2333 2232//2332 2234//2334
f 2233//2333 2234//2334 2235//2335
f 2235//2335 2234//2334 2236//2336
f 2235//2335 2236//2336 2237//2337
f 2237//2337 2236//2336 2238//2338
f 2237//2337 2238//2338 2239//2339
f 2239//2339 2238//2338 2240//2340
f 2239//2339 2240//2340 2241//2341
f 2241//2341 2240//2340 2242//2342
f 2241//2341 2242//2342 2243//2343
f 2243//2343 2242//2342 2244//2344
f 2243//2343 2244//2344 2245//2345
f 2245//2345 2244//2344 2246//2346
f 2245//2345 2246//2346 2247//2347
f 2247//2347 2246//2346 2248//2348
f 2247//2347 2248//2348 2249//2349
f 2249//2349 2248//2348 2250//2350
f 2249//2349 2250//2350 2251//2351
f 2251//2351 2250//2350 2252//2352
f 2251//2351 2252//2352 2253//2353
f 2253//2353 2252//2352 2254//2354
f 2253//2353 2254//2354 2255//2355
f 2255//2355 2254//2354 2256//2356
f 2255//2355 2256//2356 2257//2357
f 2257//2357 2256//2356 2258//2358
f 2259//2359 2260//2360 2261//2361
f 2260//2360 2262//2362 2261//2361
f 2261//2361 2262//2362 2263//2363
f 2261//2361 2263//2363 2264//2364
f 2264//2364 2263//2363 2265//2365
f 2266//2366 2267//2367 2261//2361
f 2261//2361 2267//2367 2268//2368
f 2261//2361 2268//2368 2259//2359
f 2269//2369 2270//2370 2271//2371
f 2272//2372 2273//2373 2274//2374
f 2274//2374 2273//2373 2269//2369
f 2274//2374 2269//2369 2275//2375
f 2275//2375 2269//2369 2271//2371
f 2270//2370 2269//2369 2276//2376
f 2276//2376 2269//2369 2277//2377
f 2276//2376 2277//2377 2278//2378
f 2278//2378 2277//2377 2279//2379
f 2278//2378 2279//2379 2280//2380
f 2280//2380 2279//2379 2281//2381
f 2280//2380 2281//2381 2282//2382
f 2263//2363 2283//2383 2265//2365
f 2265//2365 2283//2383 2284//2384
f 2265//2365 2284//2384 2285//2385
f 2285//2385 2284//2384 2286//2386
f 2272//2372 2287//2387 2273//2373
f 2273//2373 2287//2387 1789//2388
f 2273//2373 1789//2388 2288//2389
f 2288//2389 1789//2388 1791//2390
f 2288//2389 1791//2390 2289//2391
f 2289//2391 1791//2390 1792//2392
f 2289//2391 1792//2392 2290//2393
f 2290//2393 1792//2392 1787//2394
f 2290//2393 1787//2394 2291//2395
f 2291//2395 1787//2394 2292//2396
f 2292//2396 1787//2394 1786//2397
f 2292//2396 1786//2397 2293//2398
f 2293//2398 1786//2397 1784//2399
f 2293//2398 1784//2399 2294//2400
f 2294//2400 1784//2399 1783//2401
f 2294//2400 1783//2401 2295//2402
f 2295//2402 1783//2401 1781//2403
f 2295//2402 1781//2403 2296//2404
f 2296//2404 1781//2403 2297//2405
f 2297//2405 1781//2403 1780//2406
f 2297//2405 1780//2406 2298//2407
f 2298//2407 1780//2406 1778//2408
f 2298//2407 1778//2408 2299//2409
f 2299//2409 1778//2408 1777//2410
f 2299//2409 1777//2410 2300//2411
f 2300//2411 1777//2410 1775//2412
f 2300//2411 1775//2412 2301//2413
f 2301//2413 1775//2412 2302//2414
f 2302//2414 1775//2412 1774//2415
f 2302//2414 1774//2415 2303//2416
f 2303//2416 1774//2415 1772//2417
f 2303//2416 1772//2417 2304//2418
f 2304//2418 1772//2417 1771//2419
f 2304//2418 1771//2419 2305//2420
f 2305//2420 1771//2419 1769//2421
f 2305//2420 1769//2421 2306//2422
f 2306//2422 1769//2421 2307//2423
f 2307//2423 1769//2421 1768//2424
f 2307//2423 1768//2424 2308//2425
f 2308//2425 1768//2424 1766//2426
f 2308//2425 1766//2426 2309//2427
f 2309//2427 1766//2426 1765//2428
f 2309//2427 1765//2428 2310//2429
f 2310//2429 1765//2428 1763//2430
f 2310//2429 1763//2430 2311//2431
f 2311//2431 1763//2430 2312//2432
f 2312//2432 1763//2430 1762//2433
f 2312//2432 1762//2433 2313//2434
f 2313//2434 1762//2433 1760//2435
f 2313//2434 1760//2435 2314//2436
f 2314//2436 1760//2435 1759//2437
f 2314//2436 1759//2437 2315//2438
f 2315//2438 1759//2437 2316//2439
f 2315//2438 2316//2439 2317//2440
f 2317//2440 2316//2439 1756//2441
f 2317//2440 1756//2441 2318//2442
f 2318//2442 1756//2441 1755//2443
f 2318//2442 1755//2443 2319//2444
f 2319//2444 1755//2443 1753//2445
f 2319//2444 1753//2445 2320//2446
f 2320//2446 1753//2445 1752//2447
f 2320//2446 1752//2447 2321//2448
f 2321//2448 1752//2447 1750//2449
f 2321//2448 1750//2449 2322//2450
f 2322//2450 1750//2449 2323//2451
f 2323//2451 1750//2449 1749//2452
f 2323//2451 1749//2452 2324//2453
f 2324//2453 1749//2452 1747//2454
f 2324//2453 1747//2454 2325//2455
f 2325//2455 1747//2454 1746//2456
f 2325//2455 1746//2456 2326//2457
f 2326//2457 1746//2456 1744//2458
f 2326//2457 1744//2458 2327//2459
f 2327//2459 1744//2458 2328//2460
f 2328//2460 1744//2458 1743//2461
f 2328//2460 1743//2461 2329//2462
f 2329//2462 1743//2461 1741//2463
f 2329//2462 1741//2463 2330//2464
f 2330//2464 1741//2463 1740//2465
f 2330//2464 1740//2465 2331//2466
f 2331//2466 1740//2465 1738//2467
f 2331//2466 1738//2467 2332//2468
f 2332//2468 1738//2467 1737//2469
f 2332//2468 1737//2469 2333//2470
f 2333//2470 1737//2469 1735//2471
f 2333//2470 1735//2471 2334//2472
f 2334//2472 1735//2471 2335//2473
f 2335//2473 1735//2471 1734//2474
f 2335//2473 1734//2474 2336//2475
f 2336//2475 1734//2474 1732//2476
f 2336//2475 1732//2476 2337//2477
f 2337//2477 1732//2476 1731//2478
f 2337//2477 1731//2478 2338//2479
f 2338//2479 1731//2478 1729//2480
f 2338//2479 1729//2480 2339//2481
f 2339//2481 1729//2480 2340//2482
f 2340//2482 1729//2480 1728//2483
f 2340//2482 1728//2483 2341//2484
f 2341//2484 1728//2483 1726//2485
f 2341//2484 1726//2485 2342//2486
f 2342//2486 1726//2485 1725//2487
f 2342//2486 1725//2487 2343//2488
f 2343//2488 1725//2487 1724//2489
f 2343//2488 1724//2489 2266//2366
f 2266//2366 1724//2489 2344//2490
f 2266//2366 2344//2490 2267//2367
f 2345//2491 2346//2492 2347//2493
f 2347//2493 2346//2492 2348//2493
f 2347//2493 2348//2493 2349//2494
f 2348//2493 2350//2494 2349//2494
f 2349//2494 2350//2494 2351//2495
f 2349//2494 2351//2495 2352//2495
f 2353//4 2354//4 2355//2496
f 2355//2496 2354//4 2356//2496
f 2357//2497 2358//2498 2359//2499
f 2357//2497 2359//2499 2360//2500
f 2360//2500 2359//2499 2361//2501
f 2360//2500 2361//2501 2362//2502
f 2362//2502 2361//2501 2363//2503
f 2363//2503 2361//2501 2364//2504
f 2363//2503 2364//2504 2365//2505
f 2366//2506 2367//2507 2368//2508
f 2366//2506 2368//2508 2369//2509
f 2367//2507 2370//2510 2368//2508
f 2368//2508 2370//2510 2371//2511
f 2368//2508 2371//2511 2364//2504
f 2364//2504 2371//2511 2372//2512
f 2364//2504 2372//2512 2365//2505
f 2373//2513 2374//2514 2375//2515
f 2376//2516 2377//2517 2375//2515
f 2375//2515 2377//2517 2378//2518
f 2375//2515 2378//2518 2373//2513
f 2374//2514 2379//2519 2380//2520
f 2380//2520 2379//2519 2381//2521
f 2380//2520 2381//2521 2382//2522
f 2382//2522 2383//2523 2380//2520
f 2380//2520 2383//2523 2384//2524
f 2380//2520 2384//2524 2368//2508
f 2368//2508 2384//2524 2385//2525
f 2368//2508 2385//2525 2369//2509
f 2386//2526 2387//2527 2388//2528
f 2388//2528 2387//2527 2389//2529
f 2388//2528 2389//2529 2390//2530
f 2386//2526 2391//2531 2387//2527
f 2387//2527 2391//2531 2392//2532
f 2387//2527 2392//2532 2393//2533
f 2393//2533 2394//2534 2387//2527
f 2387//2527 2394//2534 2395//2535
f 2387//2527 2395//2535 2375//2515
f 2375//2515 2395//2535 2396//2536
f 2375//2515 2396//2536 2376//2516
f 2397//2537 2398//2538 2399//2539
f 2397//2537 2399//2539 2400//2540
f 2399//2539 2401//2541 2400//2540
f 2400//2540 2401//2541 2402//2542
f 2400//2540 2402//2542 2389//2529
f 2389//2529 2402//2542 2403//2543
f 2389//2529 2403//2543 2390//2530
f 2404//2544 2405//2545 2406//2546
f 2406//2546 2405//2545 2407//2547
f 2406//2546 2407//2547 2408//2548
f 2408//2548 2407//2547 2409//2549
f 2409//2549 2410//2550 2408//2548
f 2408//2548 2410//2550 2411//2551
f 2408//2548 2411//2551 2412//2552
f 2413//2553 2414//2554 2415//2555
f 2413//2553 2415//2555 2416//2556
f 2414//2554 2417//2557 2415//2555
f 2415//2555 2417//2557 2418//2558
f 2415//2555 2418//2558 2419//2559
f 2419//2559 2420//2560 2415//2555
f 2415//2555 2420//2560 2421//2561
f 2415//2555 2421//2561 2406//2546
f 2406//2546 2421//2561 2422//2562
f 2406//2546 2422//2562 2404//2544
f 2423//2563 2424//2564 2425//2565
f 2425//2565 2424//2564 2426//2566
f 2427//2567 2428//2568 2429//2569
f 2429//2569 2428//2568 2430//2570
f 2429//2569 2430//2570 2415//2555
f 2415//2555 2430//2570 2431//2571
f 2415//2555 2431//2571 2416//2556
f 2432//2572 2433//2573 2434//2574
f 2432//2572 2434//2574 2435//2575
f 2436//2576 2437//2544 2438//2577
f 2438//2577 2437//2544 2439//2578
f 2438//2577 2439//2578 2434//2574
f 2434//2574 2439//2578 2440//2579
f 2434//2574 2440//2579 2435//2575
f 2433//2573 2441//2580 2434//2574
f 2434//2574 2441//2580 2442//2581
f 2434//2574 2442//2581 2443//2553
f 2443//2553 2444//2582 2434//2574
f 2434//2574 2444//2582 2445//2583
f 2434//2574 2445//2583 2425//2565
f 2425//2565 2445//2583 2446//2584
f 2425//2565 2446//2584 2423//2563
f 2447//2585 2448//2586 2449//2587
f 2449//2587 2450//2588 2447//2585
f 2447//2585 2450//2588 2451//2589
f 2447//2585 2451//2589 2438//2577
f 2438//2577 2451//2589 2452//2590
f 2438//2577 2452//2590 2436//2576
f 2374//2514 2380//2520 2375//2515
f 2375//2515 2380//2520 2453//1503
f 2375//2515 2453//1503 2454//1503
f 2454//1503 2453//1503 2455//2591
f 2454//1503 2455//2591 2456//2591
f 2456//2591 2455//2591 2457//2592
f 2456//2591 2457//2592 2458//2592
f 2458//2592 2457//2592 2459//2593
f 2458//2592 2459//2593 2460//2593
f 2460//2593 2459//2593 2461//2594
f 2460//2593 2461//2594 2462//2594
f 2462//2594 2461//2594 2463//2595
f 2462//2594 2463//2595 2464//2595
f 2464//2595 2463//2595 2465//2596
f 2464//2595 2465//2596 2466//2596
f 2466//2596 2465//2596 2467//2597
f 2466//2596 2467//2597 2468//2597
f 2468//2597 2467//2597 2469//2598
f 2468//2597 2469//2598 2470//2598
f 2470//2598 2469//2598 2471//2
f 2470//2598 2471//2 2472//2
f 2472//2 2471//2 2473//2599
f 2472//2 2473//2599 2474//2599
f 2474//2599 2473//2599 2475//2600
f 2474//2599 2475//2600 2476//2600
f 2476//2600 2475//2600 2477//2601
f 2476//2600 2477//2601 2478//2601
f 2478//2601 2477//2601 2479//2602
f 2478//2601 2479//2602 2480//2602
f 2480//2602 2479//2602 2481//2603
f 2480//2602 2481//2603 2482//2603
f 2482//2603 2481//2603 2483//2604
f 2482//2603 2483//2604 2484//2604
f 2484//2604 2483//2604 2485//2605
f 2484//2604 2485//2605 2486//2605
f 2486//2605 2485//2605 2487//2606
f 2486//2605 2487//2606 2488//2606
f 2488//2606 2487//2606 2489//2607
f 2488//2606 2489//2607 2490//2607
f 2490//2607 2489//2607 2491//2608
f 2490//2607 2491//2608 2492//2608
f 2492//2608 2491//2608 2425//2565
f 2492//2608 2425//2565 2429//2569
f 2429//2569 2425//2565 2426//2566
f 2429//2569 2426//2566 2427//2567
f 2493//2609 2494//2610 2495//11
f 2495//11 2494//2610 2496//11
f 2497//2611 2498//2611 2499//2612
f 2497//2611 2499//2612 2500//2612
f 2500//2612 2499//2612 2501//2613
f 2500//2612 2501//2613 2502//2613
f 2503//2614 2504//2614 2505//2615
f 2506//2614 2507//2616 2508//2615
f 2503//2614 2505//2615 2509//2617
f 2504//2614 2510//2618 2505//2615
f 2505//2615 2510//2618 2511//2616
f 2505//2615 2511//2616 2066//2614
f 2512//2619 2270//2620 2508//2615
f 2508//2615 2270//2620 2276//2614
f 2508//2615 2276//2614 2278//2614
f 2508//2615 2513//2614 2514//2621
f 2278//2614 2280//2614 2508//2615
f 2508//2615 2280//2614 2282//2614
f 2508//2615 2282//2614 2513//2614
f 2514//2621 2515//2622 2508//2615
f 2508//2615 2515//2622 2516//2622
f 2508//2615 2516//2622 2506//2614
f 2042//2620 2517//2623 2043//2614
f 2043//2614 2517//2623 2505//2615
f 2507//2616 2518//2624 2508//2615
f 2508//2615 2518//2624 2519//2625
f 2508//2615 2519//2625 2505//2615
f 2505//2615 2519//2625 2520//2626
f 2505//2615 2520//2626 2257//2627
f 2257//2627 2258//2614 2505//2615
f 2505//2615 2258//2614 2521//2616
f 2505//2615 2521//2616 2522//2628
f 2066//2614 2064//2614 2505//2615
f 2505//2615 2064//2614 2063//2614
f 2505//2615 2063//2614 2043//2614
f 2522//2628 2523//2617 2505//2615
f 2505//2615 2523//2617 2524//2629
f 2505//2615 2524//2629 2509//2617
f 2525//2630 2526//2630 2527//2631
f 2528//2630 2529//2632 2530//2631
f 2525//2630 2527//2631 2531//2633
f 2526//2630 2532//2634 2527//2631
f 2527//2631 2532//2634 2533//2632
f 2527//2631 2533//2632 2286//2630
f 2534//2635 2050//2636 2530//2631
f 2530//2631 2050//2636 2056//2630
f 2530//2631 2056//2630 2058//2630
f 2530//2631 2535//2630 2536//2637
f 2058//2630 2060//2630 2530//2631
f 2530//2631 2060//2630 2062//2630
f 2530//2631 2062//2630 2535//2630
f 2536//2637 2537//2638 2530//2631
f 2530//2631 2537//2638 2538//2638
f 2530//2631 2538//2638 2528//2630
f 2262//2636 2539//2639 2263//2630
f 2263//2630 2539//2639 2527//2631
f 2529//2632 2540//2640 2530//2631
f 2530//2631 2540//2640 2541//2641
f 2530//2631 2541//2641 2527//2631
f 2527//2631 2541//2641 2542//2642
f 2527//2631 2542//2642 2126//2643
f 2126//2643 2125//2630 2527//2631
f 2527//2631 2125//2630 2543//2632
f 2527//2631 2543//2632 2544//2644
f 2286//2630 2284//2630 2527//2631
f 2527//2631 2284//2630 2283//2630
f 2527//2631 2283//2630 2263//2630
f 2544//2644 2545//2633 2527//2631
f 2527//2631 2545//2633 2546//2645
f 2527//2631 2546//2645 2531//2633
f 2547//2646 2548//2647 2549//1066
f 2550//2648 2551//2649 2552//2650
f 2553//2651 2554//2652 2555//2653
f 1625//1949 1623//1948 2556//2654
f 2556//2654 1623//1948 2553//2651
f 2556//2654 2553//2651 2557//2655
f 2557//2655 2553//2651 2555//2653
f 2554//2652 2553//2651 2558//2656
f 2558//2656 2553//2651 2559//2657
f 2558//2656 2559//2657 2560//2658
f 2561//2659 2562//2660 2563//2661
f 2561//2659 2563//2661 2564//2662
f 2565//2663 2566//2664 2563//2661
f 2563//2661 2566//2664 2567//2665
f 2563//2661 2567//2665 2564//2662
f 2552//2650 2551//2649 2563//2661
f 2563//2661 2551//2649 2568//2666
f 2563//2661 2568//2666 2565//2663
f 2562//2660 2569//2667 2570//2668
f 2570//2668 2569//2667 2571//2669
f 2570//2668 2571//2669 2559//2657
f 2559//2657 2571//2669 2572//2670
f 2559//2657 2572//2670 2573//2671
f 2573//2671 2574//2672 2559//2657
f 2559//2657 2574//2672 2575//2673
f 2559//2657 2575//2673 2560//2658
f 2549//1066 2548//2647 2552//2650
f 2552//2650 2548//2647 2576//2674
f 2552//2650 2576//2674 2550//2648
f 1645//678 1647//1951 2549//1066
f 2549//1066 1647//1951 2577//2675
f 2549//1066 2577//2675 2547//2646
f 2562//2660 2570//2668 2563//2661
f 2563//2661 2570//2668 2578//2676
f 2563//2661 2578//2676 2579//2676
f 2579//2676 2578//2676 2530//2631
f 2579//2676 2530//2631 2527//2631
f 2580//2677 2055//2678 2534//2635
f 2534//2635 2055//2678 2051//2679
f 2534//2635 2051//2679 2050//2636
f 2581//2680 1652//1953 1651//1952
f 1651//1952 2067//2681 2581//2680
f 2581//2680 2067//2681 2052//2682
f 2581//2680 2052//2682 2580//2677
f 2580//2677 2052//2682 2054//2683
f 2580//2677 2054//2683 2055//2678
f 1724//2025 1723//2024 2344//2684
f 2344//2684 1723//2024 2582//2685
f 2344//2684 2582//2685 2267//2686
f 2267//2686 2582//2685 2268//2687
f 2268//2687 2582//2685 2583//2688
f 2268//2687 2583//2688 2259//2689
f 2259//2689 2583//2688 2260//2690
f 2260//2690 2583//2688 2539//2639
f 2260//2690 2539//2639 2262//2636
f 2584//2691 2585//2692 2586//2693
f 2586//2693 2585//2692 2587//2694
f 1614//1946 1616//1947 2588//2695
f 2588//2695 1616//1947 2586//2693
f 2588//2695 2586//2693 2589//2696
f 2589//2696 2586//2693 2587//2694
f 2590//2697 2591//2698 2592//2699
f 2592//2699 2591//2698 2593//2700
f 2594//2701 2595//2702 2592//2699
f 2593//2700 2596//2703 2592//2699
f 2592//2699 2596//2703 2597//2704
f 2592//2699 2597//2704 2594//2701
f 2595//2702 2598//2705 2599//2706
f 2599//2706 2598//2705 2600//2707
f 2600//2707 2601//2708 2599//2706
f 2599//2706 2601//2708 2602//2709
f 2599//2706 2602//2709 2586//2693
f 2586//2693 2602//2709 2603//2710
f 2586//2693 2603//2710 2584//2691
f 2604//2711 2605//2712 2590//2697
f 2590//2697 2605//2712 2606//2713
f 2590//2697 2606//2713 2591//2698
f 1602//560 1607//1945 2590//2697
f 2590//2697 1607//1945 2607//2714
f 2590//2697 2607//2714 2604//2711
f 2595//2702 2599//2706 2592//2699
f 2592//2699 2599//2706 2608//2715
f 2592//2699 2608//2715 2609//2715
f 2609//2715 2608//2715 2610//2716
f 2609//2715 2610//2716 2611//2716
f 2611//2716 2610//2716 2508//2615
f 2611//2716 2508//2615 2505//2615
f 1718//2019 1717//2018 2124//2717
f 2124//2717 1717//2018 2612//2718
f 2124//2717 2612//2718 2047//2719
f 2047//2719 2612//2718 2048//2720
f 2048//2720 2612//2718 2613//2721
f 2048//2720 2613//2721 2039//2722
f 2039//2722 2613//2721 2040//2723
f 2040//2723 2613//2721 2517//2623
f 2040//2723 2517//2623 2042//2620
f 2614//2724 2275//2725 2512//2619
f 2512//2619 2275//2725 2271//2726
f 2512//2619 2271//2726 2270//2620
f 2615//2727 1790//2090 1789//2089
f 1789//2089 2287//2728 2615//2727
f 2615//2727 2287//2728 2272//2729
f 2615//2727 2272//2729 2614//2724
f 2614//2724 2272//2729 2274//2730
f 2614//2724 2274//2730 2275//2725
f 2561//2731 2564//2732 2616//852
f 2548//2733 2547//2734 2617//2735
f 2617//2735 2547//2734 2618//2736
f 2548//2733 2617//2735 2576//2737
f 2576//2737 2617//2735 2619//2738
f 2576//2737 2619//2738 2550//2739
f 2550//2739 2619//2738 2551//2740
f 2551//2740 2619//2738 2620//2741
f 2551//2740 2620//2741 2568//2742
f 2616//852 2564//2732 2621//851
f 2564//2732 2567//2743 2621//851
f 2621//851 2567//2743 2566//2744
f 2621//851 2566//2744 2620//2741
f 2620//2741 2566//2744 2565//2745
f 2620//2741 2565//2745 2568//2742
f 2561//2731 2616//852 2562//2746
f 2562//2746 2616//852 2622//2747
f 2562//2746 2622//2747 2569//2748
f 2569//2748 2622//2747 2623//2749
f 2569//2748 2623//2749 2571//2750
f 2571//2750 2623//2749 2572//2751
f 2572//2751 2623//2749 2624//2752
f 2572//2751 2624//2752 2573//2753
f 2573//2753 2624//2752 2574//2754
f 2574//2754 2624//2752 2625//2755
f 2574//2754 2625//2755 2575//2756
f 2575//2756 2625//2755 2626//2757
f 2575//2756 2626//2757 2560//2758
f 2560//2758 2626//2757 2558//2759
f 2558//2759 2626//2757 2627//2760
f 2558//2759 2627//2760 2554//2761
f 2628//2762 2557//2763 2627//2760
f 2627//2760 2557//2763 2555//2764
f 2627//2760 2555//2764 2554//2761
f 2629//2765 1625//2766 2628//2762
f 2628//2762 1625//2766 2556//2767
f 2628//2762 2556//2767 2557//2763
f 2547//2734 2577//2768 2618//2736
f 2618//2736 2577//2768 1647//2769
f 2618//2736 1647//2769 2630//2770
f 2630//2770 1647//2769 1646//2771
f 2630//2770 1646//2771 2631//844
f 2631//844 1646//2771 1644//844
f 2631//844 1644//844 2632//157
f 2632//157 1644//844 1643//157
f 2632//157 1643//157 2633//843
f 2633//843 1643//157 1650//2772
f 2633//843 1650//2772 2634//866
f 2634//866 1650//2772 1649//866
f 2634//866 1649//866 2635//970
f 2635//970 1649//866 1648//970
f 2635//970 1648//970 2636//968
f 2636//968 1648//970 1639//968
f 2636//968 1639//968 2637//967
f 2637//967 1639//968 1638//967
f 2637//967 1638//967 2638//964
f 2638//964 1638//967 1637//964
f 2638//964 1637//964 2639//813
f 2639//813 1637//964 1633//813
f 2639//813 1633//813 2640//802
f 2640//802 1633//813 1632//802
f 2640//802 1632//802 2641//2773
f 2641//2773 1632//802 1630//2773
f 2641//2773 1630//2773 2642//2774
f 2642//2774 1630//2773 1629//2774
f 2642//2774 1629//2774 2643//985
f 2643//985 1629//2774 1628//985
f 2643//985 1628//985 2644//990
f 2644//990 1628//985 1627//990
f 2644//990 1627//990 2645//2775
f 2645//2775 1627//990 1636//2775
f 2645//2775 1636//2775 2646//938
f 2646//938 1636//2775 1635//938
f 2646//938 1635//938 2647//1062
f 2647//1062 1635//938 1634//1062
f 2647//1062 1634//1062 2648//1064
f 2648//1064 1634//1062 1642//1064
f 2648//1064 1642//1064 2649//2776
f 2649//2776 1642//1064 1641//863
f 2649//2776 1641//863 2650//154
f 2650//154 1641//863 1640//154
f 2650//154 1640//154 2651//862
f 2651//862 1640//154 1622//862
f 2651//862 1622//862 2629//2765
f 2629//2765 1622//862 1624//2777
f 2629//2765 1624//2777 1625//2766
f 2365//2778 2652//846 2653//844
f 2654//2779 2655//2780 2656//2781
f 2657//2782 2658//2783 2659//2784
f 2659//2784 2660//2785 2657//2782
f 2657//2782 2660//2785 2661//2786
f 2657//2782 2661//2786 2662//2787
f 2662//2787 2661//2786 2663//2788
f 2662//2787 2663//2788 2358//2789
f 2656//2781 2655//2780 2664//2790
f 2655//2780 2665//2791 2664//2790
f 2664//2790 2665//2791 2666//2792
f 2664//2790 2666//2792 2657//2782
f 2657//2782 2666//2792 2667//2793
f 2657//2782 2667//2793 2658//2783
f 2668//2794 2669//2795 2670//2796
f 2670//2796 2669//2795 2671//2797
f 2671//2797 2672//2798 2670//2796
f 2670//2796 2672//2798 2673//2799
f 2670//2796 2673//2799 2656//2781
f 2656//2781 2673//2799 2674//2800
f 2656//2781 2674//2800 2654//2779
f 2675//2801 2676//2802 2677//2803
f 2677//2803 2678//2804 2675//2801
f 2675//2801 2678//2804 2679//2805
f 2675//2801 2679//2805 2668//2794
f 2668//2794 2679//2805 2680//2806
f 2668//2794 2680//2806 2669//2795
f 2681//2807 2682//2808 2683//2809
f 2683//2809 2682//2808 2684//2810
f 2683//2809 2684//2810 2676//2802
f 2676//2802 2684//2810 2685//2811
f 2676//2802 2685//2811 2677//2803
f 2686//2812 2687//2813 2681//2807
f 2681//2807 2687//2813 2688//2814
f 2681//2807 2688//2814 2682//2808
f 2689//2815 2690//2816 2686//2812
f 2686//2812 2690//2816 2691//2817
f 2686//2812 2691//2817 2687//2813
f 2692//2818 2693//2819 2694//2820
f 2694//2820 2693//2819 2695//2821
f 2694//2820 2695//2821 2689//2815
f 2689//2815 2695//2821 2696//2822
f 2689//2815 2696//2822 2690//2816
f 2692//2818 2694//2820 2697//2823
f 2697//2823 2694//2820 2698//2824
f 2697//2823 2698//2824 2699//2825
f 2700//2826 2701//2827 2698//2824
f 2698//2824 2701//2827 2702//2828
f 2698//2824 2702//2828 2699//2825
f 2703//2829 2704//2830 2705//2831
f 2705//2831 2704//2830 2706//2832
f 2703//2829 2707//2833 2704//2830
f 2704//2830 2707//2833 2708//2834
f 2704//2830 2708//2834 2700//2826
f 2700//2826 2708//2834 2709//2835
f 2700//2826 2709//2835 2701//2827
f 2706//2832 2704//2830 2710//2836
f 2710//2836 2704//2830 2711//2837
f 2710//2836 2711//2837 2398//2838
f 2398//2838 2711//2837 2399//2839
f 2399//2839 2711//2837 2712//2840
f 2399//2839 2712//2840 2401//2841
f 2401//2841 2712//2840 2402//2842
f 2402//2842 2712//2840 2713//2843
f 2402//2842 2713//2843 2403//2844
f 2403//2844 2713//2843 2714//2845
f 2403//2844 2714//2845 2390//2846
f 2390//2846 2714//2845 2388//2847
f 2388//2847 2714//2845 2715//2848
f 2388//2847 2715//2848 2386//2849
f 2386//2849 2715//2848 2716//858
f 2386//2849 2716//858 2391//2850
f 2391//2850 2716//858 2717//2851
f 2391//2850 2717//2851 2392//2852
f 2392//2852 2717//2851 2393//2853
f 2393//2853 2717//2851 2718//2854
f 2393//2853 2718//2854 2394//2855
f 2394//2855 2718//2854 2395//2856
f 2395//2856 2718//2854 2719//2857
f 2395//2856 2719//2857 2396//2858
f 2720//2859 2377//2860 2719//2857
f 2719//2857 2377//2860 2376//2861
f 2719//2857 2376//2861 2396//2858
f 2721//2862 2373//2863 2720//2859
f 2720//2859 2373//2863 2378//2864
f 2720//2859 2378//2864 2377//2860
f 2722//2865 2379//2866 2721//2862
f 2721//2862 2379//2866 2374//2867
f 2721//2862 2374//2867 2373//2863
f 2384//2868 2383//2869 2723//2870
f 2723//2870 2383//2869 2382//2871
f 2723//2870 2382//2871 2722//2865
f 2722//2865 2382//2871 2381//2872
f 2722//2865 2381//2872 2379//2866
f 2367//2873 2366//2874 2724//850
f 2724//850 2366//2874 2369//2875
f 2724//850 2369//2875 2723//2870
f 2723//2870 2369//2875 2385//2876
f 2723//2870 2385//2876 2384//2868
f 2724//850 2725//849 2367//2873
f 2367//2873 2725//849 2726//848
f 2367//2873 2726//848 2370//2877
f 2370//2877 2726//848 2727//847
f 2370//2877 2727//847 2371//2878
f 2652//846 2365//2778 2727//847
f 2727//847 2365//2778 2372//2879
f 2727//847 2372//2879 2371//2878
f 2360//2880 2362//2881 2653//844
f 2653//844 2362//2881 2363//2882
f 2653//844 2363//2882 2365//2778
f 2358//2789 2357//2883 2662//2787
f 2662//2787 2357//2883 2360//2880
f 2662//2787 2360//2880 2728//157
f 2728//157 2360//2880 2653//844
f 2632//2 2728//2 2631//2
f 2631//2 2728//2 2653//2
f 2631//2 2653//2 2630//2
f 2630//2 2653//2 2652//2
f 2630//2 2652//2 2618//2
f 2618//2 2652//2 2727//2
f 2618//2 2727//2 2617//2
f 2617//2 2727//2 2726//2
f 2617//2 2726//2 2619//2
f 2619//2 2726//2 2725//2
f 2619//2 2725//2 2620//2
f 2620//2 2725//2 2724//2
f 2620//2 2724//2 2621//2
f 2621//2 2724//2 2723//2
f 2621//2 2723//2 2616//2
f 2616//2 2723//2 2722//2
f 2616//2 2722//2 2622//2
f 2622//2 2722//2 2721//2
f 2622//2 2721//2 2623//2
f 2623//2 2721//2 2720//2
f 2623//2 2720//2 2624//2
f 2624//2 2720//2 2719//2
f 2624//2 2719//2 2625//2
f 2625//2 2719//2 2718//2
f 2625//2 2718//2 2626//2
f 2626//2 2718//2 2717//2
f 2626//2 2717//2 2627//2
f 2627//2 2717//2 2716//2
f 2627//2 2716//2 2628//2
f 2628//2 2716//2 2715//2
f 2628//2 2715//2 2629//2
f 2629//2 2715//2 2714//2
f 2629//2 2714//2 2651//2
f 2651//2 2714//2 2713//2
f 2651//2 2713//2 2650//2
f 2650//2 2713//2 2712//2
f 2650//2 2712//2 2649//2
f 2649//2 2712//2 2711//2
f 2649//2 2711//2 2648//2
f 2648//2 2711//2 2704//2
f 2648//2 2704//2 2647//2
f 2647//2 2704//2 2700//2
f 2647//2 2700//2 2646//2
f 2646//2 2700//2 2698//2
f 2646//2 2698//2 2645//2
f 2645//2 2698//2 2694//2
f 2645//2 2694//2 2644//2
f 2644//2 2694//2 2689//2
f 2644//2 2689//2 2643//2
f 2643//2 2689//2 2686//2
f 2643//2 2686//2 2642//2
f 2642//2 2686//2 2681//2
f 2642//2 2681//2 2641//2
f 2641//2 2681//2 2683//2
f 2641//2 2683//2 2640//2
f 2640//2 2683//2 2676//2
f 2640//2 2676//2 2639//2
f 2639//2 2676//2 2675//2
f 2639//2 2675//2 2638//2
f 2638//2 2675//2 2668//2
f 2638//2 2668//2 2637//2
f 2637//2 2668//2 2670//2
f 2637//2 2670//2 2636//2
f 2636//2 2670//2 2656//2
f 2636//2 2656//2 2635//2
f 2635//2 2656//2 2664//2
f 2635//2 2664//2 2634//2
f 2634//2 2664//2 2657//2
f 2634//2 2657//2 2633//2
f 2633//2 2657//2 2662//2
f 2633//2 2662//2 2632//2
f 2632//2 2662//2 2728//2
f 2414//2884 2413//2885 2593//2886
f 2729//2887 2730//2888 1592//2889
f 2731//2890 2732//2891 1593//855
f 2412//2892 1610//858 2733//2893
f 2733//2893 1610//858 1609//2894
f 2733//2893 1609//2894 2734//2895
f 1593//855 2732//2891 1608//856
f 2732//2891 2735//2896 1608//856
f 1608//856 2735//2896 2736//2897
f 1608//856 2736//2897 1609//2894
f 1609//2894 2736//2897 2737//2898
f 1609//2894 2737//2898 2734//2895
f 1592//2889 2730//2888 1593//855
f 1593//855 2730//2888 2738//2899
f 1593//855 2738//2899 2731//2890
f 2729//2887 1592//2889 2739//2900
f 2739//2900 1592//2889 1601//2901
f 2739//2900 1601//2901 2740//2902
f 2740//2902 1601//2901 1600//2903
f 2740//2902 1600//2903 2741//2904
f 2741//2904 1600//2903 2742//2905
f 2742//2905 1600//2903 1599//2906
f 2742//2905 1599//2906 2743//2907
f 1598//2908 2744//2909 1599//2906
f 1599//2906 2744//2909 2745//2910
f 1599//2906 2745//2910 2743//2907
f 2746//2911 2747//2912 1597//2913
f 1597//2913 2747//2912 2748//2914
f 1597//2913 2748//2914 1598//2908
f 1598//2908 2748//2914 2749//2915
f 1598//2908 2749//2915 2744//2909
f 2746//2911 1597//2913 2448//2916
f 2448//2916 1597//2913 1595//2917
f 2448//2916 1595//2917 2449//2918
f 2449//2918 1595//2917 1594//847
f 2449//2918 1594//847 2450//2919
f 2450//2919 1594//847 1621//846
f 2450//2919 1621//846 2451//2920
f 2451//2920 1621//846 1620//844
f 2451//2920 1620//844 2452//2921
f 2452//2921 1620//844 1619//158
f 2452//2921 1619//158 2436//2922
f 2436//2922 1619//158 2437//2923
f 2437//2923 1619//158 1618//2924
f 2437//2923 1618//2924 2439//2925
f 2439//2925 1618//2924 1617//866
f 2439//2925 1617//866 2440//2926
f 2440//2926 1617//866 1615//2927
f 2440//2926 1615//2927 2435//2928
f 2435//2928 1615//2927 1614//2929
f 2435//2928 1614//2929 2432//2930
f 1614//2929 2588//2931 2432//2930
f 2432//2930 2588//2931 2589//2932
f 2432//2930 2589//2932 2433//2933
f 2589//2932 2587//2934 2433//2933
f 2433//2933 2587//2934 2585//2935
f 2433//2933 2585//2935 2441//2936
f 2441//2936 2585//2935 2584//2937
f 2441//2936 2584//2937 2442//2938
f 2442//2938 2584//2937 2603//2939
f 2442//2938 2603//2939 2443//2940
f 2603//2939 2602//2941 2443//2940
f 2443//2940 2602//2941 2601//2942
f 2443//2940 2601//2942 2444//2582
f 2444//2582 2601//2942 2600//2943
f 2426//2566 2424//2564 2595//2944
f 2595//2944 2424//2564 2423//2563
f 2595//2944 2423//2563 2598//2945
f 2598//2945 2423//2563 2446//2584
f 2598//2945 2446//2584 2600//2943
f 2600//2943 2446//2584 2445//2583
f 2600//2943 2445//2583 2444//2582
f 2416//2556 2597//2946 2413//2885
f 2413//2885 2597//2946 2596//2947
f 2413//2885 2596//2947 2593//2886
f 2416//2556 2431//2571 2597//2946
f 2597//2946 2431//2571 2430//2570
f 2597//2946 2430//2570 2594//2948
f 2594//2948 2430//2570 2428//2568
f 2594//2948 2428//2568 2595//2944
f 2595//2944 2428//2568 2427//2567
f 2595//2944 2427//2567 2426//2566
f 2414//2884 2593//2886 2417//2949
f 2417//2949 2593//2886 2591//2950
f 2417//2949 2591//2950 2418//2951
f 2591//2950 2606//2952 2418//2951
f 2418//2951 2606//2952 2605//2953
f 2418//2951 2605//2953 2419//2954
f 2605//2953 2604//2955 2419//2954
f 2419//2954 2604//2955 2607//2956
f 2419//2954 2607//2956 2420//2957
f 2420//2957 2607//2956 1607//2958
f 1604//863 2421//2959 1605//1064
f 1605//1064 2421//2959 2420//2957
f 1605//1064 2420//2957 1606//2960
f 1606//2960 2420//2957 1607//2958
f 2405//2961 2404//2962 1604//863
f 1604//863 2404//2962 2422//2963
f 1604//863 2422//2963 2421//2959
f 2412//2892 2411//2964 1610//858
f 1610//858 2411//2964 2410//2965
f 1610//858 2410//2965 1611//859
f 1611//859 2410//2965 2409//2966
f 1611//859 2409//2966 1612//860
f 1612//860 2409//2966 2407//2967
f 1612//860 2407//2967 1613//862
f 1613//862 2407//2967 2405//2961
f 1613//862 2405//2961 1603//154
f 1603//154 2405//2961 1604//863
f 2495//11 2496//11 2750//716
f 2495//11 2750//716 2751//716
f 2751//716 2750//716 2752//2968
f 2751//716 2752//2968 2753//2968
f 2753//2968 2752//2968 2754//2969
f 2753//2968 2754//2969 2755//2969
f 2755//2969 2754//2969 2756//2970
f 2755//2969 2756//2970 2757//2970
f 2757//2970 2756//2970 2758//2971
f 2757//2970 2758//2971 2759//2971
f 2759//2971 2758//2971 2760//2972
f 2759//2971 2760//2972 2761//2972
f 2761//2972 2760//2972 2762//2973
f 2761//2972 2762//2973 2763//2973
f 2763//2973 2762//2973 2764//2974
f 2763//2973 2764//2974 2765//2974
f 2765//2974 2764//2974 2498//2611
f 2765//2974 2498//2611 2497//2611
f 2352//2495 2351//2495 2766//2975
f 2352//2495 2766//2975 2767//2975
f 2767//2975 2766//2975 2768//2976
f 2767//2975 2768//2976 2769//2976
f 2769//2976 2768//2976 2770//2977
f 2769//2976 2770//2977 2771//2977
f 2771//2977 2770//2977 2772//2978
f 2771//2977 2772//2978 2773//2978
f 2773//2978 2772//2978 2774//2979
f 2773//2978 2774//2979 2775//2979
f 2775//2979 2774//2979 2776//2980
f 2775//2979 2776//2980 2777//2980
f 2777//2980 2776//2980 2778//2981
f 2777//2980 2778//2981 2779//2981
f 2779//2981 2778//2981 2780//2982
f 2779//2981 2780//2982 2781//2982
f 2781//2982 2780//2982 2354//4
f 2781//2982 2354//4 2353//4
f 2448//2586 2447//2585 2746//2983
f 2746//2983 2447//2585 2782//2984
f 2746//2983 2782//2984 2747//2985
f 2745//2986 2783//2987 2743//2988
f 2743//2988 2783//2987 2742//2989
f 2745//2986 2744//2990 2783//2987
f 2783//2987 2744//2990 2749//2991
f 2783//2987 2749//2991 2782//2984
f 2782//2984 2749//2991 2748//2992
f 2782//2984 2748//2992 2747//2985
f 2784//2993 2739//2994 2740//2995
f 2784//2993 2740//2995 2783//2987
f 2783//2987 2740//2995 2741//2996
f 2783//2987 2741//2996 2742//2989
f 2785//2997 2735//2998 2732//2999
f 2732//2999 2731//2988 2785//2997
f 2785//2997 2731//2988 2738//3000
f 2785//2997 2738//3000 2786//3001
f 2786//3001 2738//3000 2730//3002
f 2786//3001 2730//3002 2729//3003
f 2408//2548 2412//2552 2787//3004
f 2787//3004 2412//2552 2733//3005
f 2733//3005 2734//3006 2787//3004
f 2787//3004 2734//3006 2737//3007
f 2787//3004 2737//3007 2785//2997
f 2785//2997 2737//3007 2736//3008
f 2785//2997 2736//3008 2735//2998
f 2355//2496 2356//2496 2788//3009
f 2788//3009 2356//2496 2789//3009
f 2788//3009 2789//3009 2790//3010
f 2790//3010 2789//3009 2791//3010
f 2790//3010 2791//3010 2792//3011
f 2792//3011 2791//3010 2793//3011
f 2792//3011 2793//3011 2794//2605
f 2794//2605 2793//3011 2795//2605
f 2794//2605 2795//2605 2784//2993
f 2784//2993 2795//2605 2786//3001
f 2784//2993 2786//3001 2739//2994
f 2739//2994 2786//3001 2729//3003
f 2673//3012 2672//3013 2796//3014
f 2669//3015 2680//3016 2797//3017
f 2398//2538 2397//2537 2710//3018
f 2710//3018 2397//2537 2798//3019
f 2799//3020 2705//3021 2798//3019
f 2798//3019 2705//3021 2706//3022
f 2798//3019 2706//3022 2710//3018
f 2800//3023 2707//3024 2799//3020
f 2799//3020 2707//3024 2703//3025
f 2799//3020 2703//3025 2705//3021
f 2801//3026 2709//3027 2800//3023
f 2800//3023 2709//3027 2708//3028
f 2800//3023 2708//3028 2707//3024
f 2802//3029 2702//3030 2801//3026
f 2801//3026 2702//3030 2701//3031
f 2801//3026 2701//3031 2709//3027
f 2693//3032 2692//3033 2803//3034
f 2803//3034 2692//3033 2697//3035
f 2803//3034 2697//3035 2802//3029
f 2802//3029 2697//3035 2699//3036
f 2802//3029 2699//3036 2702//3030
f 2693//3032 2803//3034 2695//3037
f 2695//3037 2803//3034 2804//3038
f 2695//3037 2804//3038 2696//3039
f 2797//3017 2680//3016 2493//2609
f 2680//3016 2679//3040 2493//2609
f 2493//2609 2679//3040 2678//3041
f 2493//2609 2678//3041 2677//3042
f 2677//3042 2685//3043 2493//2609
f 2493//2609 2685//3043 2684//3044
f 2493//2609 2684//3044 2494//2610
f 2494//2610 2684//3044 2682//3045
f 2494//2610 2682//3045 2688//3046
f 2688//3046 2687//3047 2494//2610
f 2494//2610 2687//3047 2691//3048
f 2494//2610 2691//3048 2804//3038
f 2804//3038 2691//3048 2690//3049
f 2804//3038 2690//3049 2696//3039
f 2796//3014 2672//3013 2797//3017
f 2797//3017 2672//3013 2671//3050
f 2797//3017 2671//3050 2669//3015
f 2805//3051 2806//2592 2665//3052
f 2665//3052 2655//3053 2805//3051
f 2805//3051 2655//3053 2654//3054
f 2805//3051 2654//3054 2796//3014
f 2796//3014 2654//3054 2674//3055
f 2796//3014 2674//3055 2673//3012
f 2807//3056 2808//3057 2659//3058
f 2659//3058 2658//3059 2807//3056
f 2807//3056 2658//3059 2667//3060
f 2807//3056 2667//3060 2806//2592
f 2806//2592 2667//3060 2666//3061
f 2806//2592 2666//3061 2665//3052
f 2809//3062 2359//2499 2358//2498
f 2358//2498 2663//3063 2809//3062
f 2809//3062 2663//3063 2661//3064
f 2809//3062 2661//3064 2808//3057
f 2808//3057 2661//3064 2660//3065
f 2808//3057 2660//3065 2659//3058
f 2502//2613 2501//2613 2810//3066
f 2502//2613 2810//3066 2811//3066
f 2811//3066 2810//3066 2812//3067
f 2811//3066 2812//3067 2813//3067
f 2813//3067 2812//3067 2814//3068
f 2813//3067 2814//3068 2815//3068
f 2815//3068 2814//3068 2816//3069
f 2815//3068 2816//3069 2817//3069
f 2817//3069 2816//3069 2818//3070
f 2817//3069 2818//3070 2819//3070
f 2819//3070 2818//3070 2820//3071
f 2819//3070 2820//3071 2821//3071
f 2821//3071 2820//3071 2822//3072
f 2821//3071 2822//3072 2823//3072
f 2823//3072 2822//3072 2824//3073
f 2823//3072 2824//3073 2825//3073
f 2825//3073 2824//3073 2826//3074
f 2825//3073 2826//3074 2827//3074
f 2827//3074 2826//3074 1626//1950
f 2827//3074 1626//1950 1631//1950
f 1799//3075 2508//3076 2610//3077
f 1799//3075 2610//3077 1825//3077
f 1825//3077 2610//3077 2608//3078
f 1825//3077 2608//3078 1826//3078
f 1826//3078 2608//3078 2599//3079
f 1826//3078 2599//3079 1832//3079
f 1832//3079 2599//3079 2586//3080
f 1832//3079 2586//3080 1831//3080
f 1831//3080 2586//3080 1616//1241
f 1831//3080 1616//1241 1796//1242
f 1801//3081 2512//3082 1799//3075
f 1799//3075 2512//3082 2508//3076
f 1796//1242 1616//1241 1794//1278
f 1794//1278 1616//1241 1596//1278
f 1794//1278 1596//1278 2828//1278
f 2828//1278 1596//1278 2829//1278
f 2830//3083 2831//1278 1596//1278
f 1596//1278 2831//1278 2832//1278
f 1596//1278 2832//1278 2829//1278
f 2833//3084 2834//3085 1596//1278
f 1596//1278 2834//3085 2835//1278
f 1596//1278 2835//1278 2830//3083
f 1890//3086 1790//3087 2615//3088
f 1890//3086 2615//3088 1902//3088
f 1902//3088 2615//3088 2614//3089
f 1902//3088 2614//3089 1901//3089
f 1901//3089 2614//3089 2512//3082
f 1901//3089 2512//3082 1801//3081
f 2836//3090 2837//3091 2838//3092
f 2838//3092 2837//3091 2839//3093
f 2838//3092 2839//3093 2840//3094
f 2841//3095 2842//3096 2838//3092
f 2838//3092 2842//3096 2843//3097
f 2838//3092 2843//3097 2836//3090
f 1822//3098 1821//3099 2838//3092
f 2838//3092 1821//3099 2844//3100
f 2838//3092 2844//3100 2841//3095
f 2352//3101 1846//3102 2349//3103
f 2349//3103 1846//3102 1822//3098
f 2349//3103 1822//3098 2347//3104
f 2347//3104 1822//3098 2838//3092
f 2347//3104 2838//3092 2345//3105
f 2345//3105 2838//3092 2840//3094
f 1790//3087 1890//3086 1788//3106
f 1788//3106 1890//3086 1892//3106
f 1788//3106 1892//3106 1785//3107
f 1785//3107 1892//3106 1894//3107
f 1785//3107 1894//3107 1782//3108
f 1782//3108 1894//3107 1896//3108
f 1782//3108 1896//3108 1779//3109
f 1779//3109 1896//3108 1875//3109
f 1779//3109 1875//3109 1776//3110
f 1776//3110 1875//3109 1877//3110
f 1776//3110 1877//3110 1773//3111
f 1773//3111 1877//3110 1879//3111
f 1773//3111 1879//3111 1770//3112
f 1770//3112 1879//3111 1881//3112
f 1770//3112 1881//3112 1767//3113
f 1767//3113 1881//3112 1883//3113
f 1767//3113 1883//3113 1764//3114
f 1764//3114 1883//3113 1885//3114
f 1764//3114 1885//3114 1761//3115
f 1761//3115 1885//3114 1887//3115
f 1761//3115 1887//3115 1757//3116
f 1757//3116 1887//3115 1852//3116
f 1757//3116 1852//3116 1754//3117
f 1754//3117 1852//3116 1854//3117
f 1754//3117 1854//3117 1751//3118
f 1751//3118 1854//3117 1856//3118
f 1751//3118 1856//3118 1748//3119
f 1748//3119 1856//3118 1858//3119
f 1748//3119 1858//3119 1745//3120
f 1745//3120 1858//3119 1860//3120
f 1745//3120 1860//3120 1742//3121
f 1742//3121 1860//3120 1862//3121
f 1742//3121 1862//3121 1739//3122
f 1739//3122 1862//3121 1864//3122
f 1739//3122 1864//3122 1736//3123
f 1736//3123 1864//3122 1866//3123
f 1736//3123 1866//3123 1733//3124
f 1733//3124 1866//3123 1913//3124
f 1733//3124 1913//3124 1730//3125
f 1730//3125 1913//3124 1911//3125
f 1730//3125 1911//3125 1727//3126
f 1727//3126 1911//3125 1909//3126
f 1727//3126 1909//3126 1722//3127
f 1722//3127 1909//3126 1907//3127
f 1722//3127 1907//3127 1723//3128
f 1723//3128 1907//3127 1905//3129
f 1846//3102 2352//3101 2767//3130
f 1846//3102 2767//3130 1847//3130
f 1847//3130 2767//3130 2769//3131
f 1847//3130 2769//3131 1848//3131
f 1848//3131 2769//3131 2771//3132
f 1848//3131 2771//3132 1849//3132
f 1849//3132 2771//3132 2773//3133
f 1849//3132 2773//3133 1850//3133
f 1850//3133 2773//3133 2775//3134
f 1850//3133 2775//3134 1851//3134
f 1851//3134 2775//3134 2777//3135
f 1851//3134 2777//3135 1872//3135
f 1872//3135 2777//3135 2779//3136
f 1872//3135 2779//3136 1873//3137
f 1873//3137 2779//3136 2781//3138
f 1873//3137 2781//3138 1874//3138
f 1874//3138 2781//3138 2353//1180
f 1874//3138 2353//1180 1823//1181
f 1812//3139 2539//3140 2583//3141
f 1812//3139 2583//3141 1836//3141
f 1836//3141 2583//3141 2582//3142
f 1836//3141 2582//3142 1904//3142
f 1904//3142 2582//3142 1723//3128
f 1904//3142 1723//3128 1905//3129
f 2355//3143 1793//3144 2353//1180
f 2353//1180 1793//3144 1823//1181
f 1814//3145 2527//3146 1812//3139
f 1812//3139 2527//3146 2539//3140
f 2447//3147 1900//3148 2782//3149
f 2782//3149 1900//3148 1899//3149
f 2782//3149 1899//3149 2783//3150
f 2783//3150 1899//3149 1800//3150
f 2783//3150 1800//3150 2784//3151
f 2784//3151 1800//3150 1798//3151
f 2784//3151 1798//3151 2794//3152
f 2794//3152 1798//3151 1797//3152
f 2794//3152 1797//3152 2792//3153
f 2792//3153 1797//3152 1824//3153
f 2792//3153 1824//3153 2790//3154
f 2790//3154 1824//3153 1830//3154
f 2790//3154 1830//3154 2788//3155
f 2788//3155 1830//3154 1829//3155
f 2788//3155 1829//3155 2355//3143
f 2355//3143 1829//3155 1793//3144
f 1807//1317 1645//1316 2549//3156
f 1807//1317 2549//3156 1806//3156
f 1806//3156 2549//3156 2552//3157
f 1806//3156 2552//3157 1804//3157
f 1804//3157 2552//3157 2563//3158
f 1804//3157 2563//3158 1802//3158
f 1802//3158 2563//3158 2579//3159
f 1802//3158 2579//3159 1816//3159
f 1816//3159 2579//3159 2527//3146
f 1816//3159 2527//3146 1814//3145
f 1900//3148 2447//3147 2438//3160
f 1900//3148 2438//3160 1891//3160
f 1891//3160 2438//3160 2434//3161
f 1891//3160 2434//3161 1893//3161
f 1893//3161 2434//3161 2425//3162
f 1893//3161 2425//3162 1895//3162
f 1895//3162 2425//3162 2491//3163
f 1895//3162 2491//3163 1897//3163
f 1897//3163 2491//3163 2489//3164
f 1897//3163 2489//3164 1898//3164
f 1898//3164 2489//3164 2487//3165
f 1898//3164 2487//3165 1876//3165
f 1876//3165 2487//3165 2485//3152
f 1876//3165 2485//3152 1878//3152
f 1878//3152 2485//3152 2483//3166
f 1878//3152 2483//3166 1880//3166
f 1880//3166 2483//3166 2481//3167
f 1880//3166 2481//3167 1882//3167
f 1882//3167 2481//3167 2479//3168
f 1882//3167 2479//3168 1884//3168
f 1884//3168 2479//3168 2477//3169
f 1884//3168 2477//3169 1886//3169
f 1886//3169 2477//3169 2475//3170
f 1886//3169 2475//3170 1888//3170
f 1888//3170 2475//3170 2473//3171
f 1888//3170 2473//3171 1889//3171
f 1889//3171 2473//3171 2471//1184
f 1889//3171 2471//1184 2845//1184
f 2845//1184 2471//1184 2469//3172
f 2845//1184 2469//3172 1855//3172
f 1855//3172 2469//3172 2467//3173
f 1855//3172 2467//3173 1857//3173
f 1857//3173 2467//3173 2465//3174
f 1857//3173 2465//3174 1859//3174
f 1859//3174 2465//3174 2463//3175
f 1859//3174 2463//3175 1861//3175
f 1861//3175 2463//3175 2461//3176
f 1861//3175 2461//3176 1863//3176
f 1863//3176 2461//3176 2459//3177
f 1863//3176 2459//3177 1865//3177
f 1865//3177 2459//3177 2457//3178
f 1865//3177 2457//3178 1915//3178
f 1915//3178 2457//3178 2455//3179
f 1915//3178 2455//3179 1914//3179
f 1914//3179 2455//3179 2453//3180
f 1914//3179 2453//3180 1912//3180
f 1912//3180 2453//3180 2380//3181
f 1912//3180 2380//3181 1910//3181
f 1910//3181 2380//3181 2368//3182
f 1910//3181 2368//3182 1908//3182
f 1908//3182 2368//3182 2364//3183
f 1908//3182 2364//3183 1906//3183
f 1906//3183 2364//3183 2361//3184
f 1906//3183 2361//3184 1837//3184
f 1837//3184 2361//3184 2359//3185
f 1837//3184 2359//3185 1838//3186
f 1810//3187 1631//3188 1807//1317
f 1807//1317 1631//3188 1645//1316
f 2493//3189 1811//3190 2797//3191
f 2797//3191 1811//3190 1809//3191
f 2797//3191 1809//3191 2796//3192
f 2796//3192 1809//3191 1808//3192
f 2796//3192 1808//3192 2805//3193
f 2805//3193 1808//3192 1805//3193
f 2805//3193 1805//3193 2806//3178
f 2806//3178 1805//3193 1803//3178
f 2806//3178 1803//3178 2807//3194
f 2807//3194 1803//3178 1817//3194
f 2807//3194 1817//3194 2808//3195
f 2808//3195 1817//3194 1815//3195
f 2808//3195 1815//3195 2809//3196
f 2809//3196 1815//3195 1813//3196
f 2809//3196 1813//3196 2359//3185
f 2359//3185 1813//3196 1838//3186
f 1827//3197 2502//3198 2811//3199
f 1827//3197 2811//3199 1828//3199
f 1828//3199 2811//3199 2813//3200
f 1828//3199 2813//3200 1840//3200
f 1840//3200 2813//3200 2815//3201
f 1840//3200 2815//3201 1841//3201
f 1841//3201 2815//3201 2817//3202
f 1841//3201 2817//3202 1842//3202
f 1842//3202 2817//3202 2819//3203
f 1842//3202 2819//3203 1870//3203
f 1870//3203 2819//3203 2821//3204
f 1870//3203 2821//3204 1871//3204
f 1871//3204 2821//3204 2823//3205
f 1871//3204 2823//3205 1845//3205
f 1845//3205 2823//3205 2825//3206
f 1845//3205 2825//3206 1844//3206
f 1844//3206 2825//3206 2827//3207
f 1844//3206 2827//3207 1843//3208
f 1843//3208 2827//3207 1631//3188
f 1843//3208 1631//3188 1810//3187
f 2495//1261 1820//1260 2493//3189
f 2493//3189 1820//1260 1811//3190
f 1818//3209 2497//3210 2500//3211
f 1818//3209 2500//3211 1819//3211
f 1819//3211 2500//3211 2502//3198
f 1819//3211 2502//3198 1827//3197
f 1820//1260 2495//1261 2751//3212
f 1820//1260 2751//3212 1839//3212
f 1839//3212 2751//3212 2753//3213
f 1839//3212 2753//3213 1833//3213
f 1833//3213 2753//3213 2755//3214
f 1833//3213 2755//3214 1834//3214
f 1834//3214 2755//3214 2757//3215
f 1834//3214 2757//3215 1835//3215
f 1835//3215 2757//3215 2759//3216
f 1835//3215 2759//3216 1903//3216
f 1903//3216 2759//3216 2761//3217
f 1903//3216 2761//3217 1867//3217
f 1867//3217 2761//3217 2763//3218
f 1867//3217 2763//3218 1868//3218
f 1868//3218 2763//3218 2765//3219
f 1868//3218 2765//3219 1869//3219
f 1869//3219 2765//3219 2497//3210
f 1869//3219 2497//3210 1818//3209
f 1997//1368 2354//1367 2780//3220
f 1997//1368 2780//3220 1999//3220
f 1999//3220 2780//3220 2778//3221
f 1999//3220 2778//3221 2000//3221
f 2000//3221 2778//3221 2776//3222
f 2000//3221 2776//3222 2005//3222
f 2005//3222 2776//3222 2774//3223
f 2005//3222 2774//3223 2004//3223
f 2004//3223 2774//3223 2772//3224
f 2004//3223 2772//3224 2003//3224
f 2003//3224 2772//3224 2770//3225
f 2003//3224 2770//3225 2001//3225
f 2001//3225 2770//3225 2768//3226
f 2001//3225 2768//3226 2002//3226
f 2002//3226 2768//3226 2766//3227
f 2002//3226 2766//3227 2006//3227
f 2006//3227 2766//3227 2351//3228
f 2006//3227 2351//3228 1998//3229
f 1930//3230 2356//3231 1997//1368
f 1997//1368 2356//3231 2354//1367
f 1932//3232 2348//3233 2346//3234
f 2846//3235 2847//3236 2848//3237
f 2848//3237 2847//3236 2849//3238
f 2846//3235 2850//3239 2847//3236
f 2847//3236 2850//3239 1933//3240
f 2847//3236 1933//3240 1932//3232
f 2851//3241 2852//3242 2847//3236
f 2847//3236 2852//3242 2853//3243
f 2847//3236 2853//3243 2849//3238
f 1932//3232 2346//3234 2847//3236
f 2847//3236 2346//3234 2854//3244
f 2847//3236 2854//3244 2851//3241
f 1998//3229 2351//3228 1932//3232
f 1932//3232 2351//3228 2350//3245
f 1932//3232 2350//3245 2348//3233
f 2356//3231 1930//3230 2789//3246
f 2789//3246 1930//3230 1922//3246
f 2789//3246 1922//3246 2791//3247
f 2791//3247 1922//3246 1921//3247
f 2791//3247 1921//3247 2793//3248
f 2793//3248 1921//3247 1949//3248
f 2793//3248 1949//3248 2795//3249
f 2795//3249 1949//3248 1959//3249
f 2795//3249 1959//3249 2786//3250
f 2786//3250 1959//3249 1958//3250
f 2786//3250 1958//3250 2785//3251
f 2785//3251 1958//3250 1916//3251
f 2785//3251 1916//3251 2787//3252
f 2787//3252 1916//3251 1918//3252
f 2787//3252 1918//3252 2408//3253
f 2408//3253 1918//3252 1957//3254
f 1591//1387 1602//1330 1920//1329
f 1920//1329 1929//1387 1591//1387
f 1591//1387 1929//1387 2855//1387
f 1591//1387 2855//1387 2856//1387
f 2856//1387 2857//1387 1591//1387
f 1591//1387 2857//1387 2858//1387
f 1591//1387 2858//1387 2859//1387
f 2859//1387 2860//3255 1591//1387
f 1591//1387 2860//3255 2861//3256
f 1591//1387 2861//3256 2862//3257
f 1988//3258 2397//3259 2400//3260
f 1988//3258 2400//3260 2022//3260
f 2022//3260 2400//3260 2389//3261
f 2022//3260 2389//3261 2023//3261
f 2023//3261 2389//3261 2387//3262
f 2023//3261 2387//3262 2024//3262
f 2024//3262 2387//3262 2375//3263
f 2024//3262 2375//3263 2037//3263
f 2037//3263 2375//3263 2454//3264
f 2037//3263 2454//3264 2038//3264
f 2038//3264 2454//3264 2456//3265
f 2038//3264 2456//3265 2025//3265
f 2025//3265 2456//3265 2458//3266
f 2025//3265 2458//3266 2026//3266
f 2026//3266 2458//3266 2460//3267
f 2026//3266 2460//3267 2027//3267
f 2027//3267 2460//3267 2462//3268
f 2027//3267 2462//3268 2029//3268
f 2029//3268 2462//3268 2464//3269
f 2029//3268 2464//3269 2031//3269
f 2031//3269 2464//3269 2466//3270
f 2031//3269 2466//3270 2033//3270
f 2033//3270 2466//3270 2468//3271
f 2033//3270 2468//3271 2035//3271
f 2035//3271 2468//3271 2470//3272
f 2035//3271 2470//3272 2036//3272
f 2036//3272 2470//3272 2863//1366
f 2036//3272 2863//1366 2864//1366
f 2864//1366 2863//1366 2474//3273
f 2864//1366 2474//3273 2010//3273
f 2010//3273 2474//3273 2476//3274
f 2010//3273 2476//3274 2012//3274
f 2012//3274 2476//3274 2478//3275
f 2012//3274 2478//3275 2014//3275
f 2014//3275 2478//3275 2480//3276
f 2014//3275 2480//3276 2016//3276
f 2016//3276 2480//3276 2482//3277
f 2016//3276 2482//3277 2018//3277
f 2018//3277 2482//3277 2484//3278
f 2018//3277 2484//3278 2020//3278
f 2020//3278 2484//3278 2486//3249
f 2020//3278 2486//3249 2021//3249
f 2021//3249 2486//3249 2488//3279
f 2021//3249 2488//3279 1979//3279
f 1979//3279 2488//3279 2490//3280
f 1979//3279 2490//3280 1977//3280
f 1977//3280 2490//3280 2492//3281
f 1977//3280 2492//3281 1975//3281
f 1975//3281 2492//3281 2429//3282
f 1975//3281 2429//3282 1973//3282
f 1973//3282 2429//3282 2415//3283
f 1973//3282 2415//3283 1971//3283
f 1971//3283 2415//3283 2406//3284
f 1971//3283 2406//3284 1956//3284
f 1956//3284 2406//3284 2408//3253
f 1956//3284 2408//3253 1957//3254
f 1920//1329 1602//1330 2590//3285
f 1920//1329 2590//3285 1950//3285
f 1950//3285 2590//3285 2592//3286
f 1950//3285 2592//3286 1951//3286
f 1951//3286 2592//3286 2609//3287
f 1951//3286 2609//3287 1961//3287
f 1961//3287 2609//3287 2611//3288
f 1961//3287 2611//3288 1960//3288
f 1960//3288 2611//3288 2505//3289
f 1960//3288 2505//3289 1917//3290
f 2397//3259 1988//3258 2798//3291
f 2798//3291 1988//3258 1987//3291
f 2798//3291 1987//3291 2799//3292
f 2799//3292 1987//3291 1939//3292
f 2799//3292 1939//3292 2800//3293
f 2800//3293 1939//3292 1984//3293
f 2800//3293 1984//3293 2801//3266
f 2801//3266 1984//3293 1983//3266
f 2801//3266 1983//3266 2802//3294
f 2802//3294 1983//3266 1936//3294
f 2802//3294 1936//3294 2803//3295
f 2803//3295 1936//3294 1946//3295
f 2803//3295 1946//3295 2804//3296
f 2804//3296 1946//3295 1945//3296
f 2804//3296 1945//3296 2494//3297
f 2494//3297 1945//3296 1925//3298
f 2517//3299 1919//3300 2505//3289
f 2505//3289 1919//3300 1917//3290
f 1927//1478 2496//1479 1925//3298
f 1925//3298 2496//1479 2494//3297
f 1919//3300 2517//3299 2613//3301
f 1919//3300 2613//3301 1955//3301
f 1955//3301 2613//3301 2612//3302
f 1955//3301 2612//3302 1969//3302
f 1969//3302 2612//3302 1717//3303
f 1969//3302 1717//3303 1970//3304
f 1944//3305 2498//3306 2764//3307
f 1944//3305 2764//3307 1928//3307
f 1928//3307 2764//3307 2762//3308
f 1928//3307 2762//3308 1993//3308
f 1993//3308 2762//3308 2760//3309
f 1993//3308 2760//3309 1990//3309
f 1990//3309 2760//3309 2758//3310
f 1990//3309 2758//3310 1992//3310
f 1992//3310 2758//3310 2756//3311
f 1992//3310 2756//3311 1991//3311
f 1991//3311 2756//3311 2754//3312
f 1991//3311 2754//3312 1989//3312
f 1989//3312 2754//3312 2752//3313
f 1989//3312 2752//3313 1994//3314
f 1994//3314 2752//3313 2750//3315
f 1994//3314 2750//3315 1926//3315
f 1926//3315 2750//3315 2496//1479
f 1926//3315 2496//1479 1927//1478
f 1652//3316 1954//3317 1654//3318
f 1654//3318 1954//3317 1953//3318
f 1654//3318 1953//3318 1657//3319
f 1657//3319 1953//3318 1952//3319
f 1657//3319 1952//3319 1660//3320
f 1660//3320 1952//3319 1938//3320
f 1660//3320 1938//3320 1663//3321
f 1663//3321 1938//3320 1940//3321
f 1663//3321 1940//3321 1666//3322
f 1666//3322 1940//3321 1941//3322
f 1666//3322 1941//3322 1669//3323
f 1669//3323 1941//3322 1986//3323
f 1669//3323 1986//3323 1672//3324
f 1672//3324 1986//3323 2028//3324
f 1672//3324 2028//3324 1675//3325
f 1675//3325 2028//3324 2030//3325
f 1675//3325 2030//3325 1678//3326
f 1678//3326 2030//3325 2032//3326
f 1678//3326 2032//3326 1681//3327
f 1681//3327 2032//3326 2034//3327
f 1681//3327 2034//3327 1684//3328
f 1684//3328 2034//3327 2007//3328
f 1684//3328 2007//3328 1687//3329
f 1687//3329 2007//3328 2009//3329
f 1687//3329 2009//3329 1689//3330
f 1689//3330 2009//3329 2011//3330
f 1689//3330 2011//3330 1692//3331
f 1692//3331 2011//3330 2013//3331
f 1692//3331 2013//3331 1693//3332
f 1693//3332 2013//3331 2015//3332
f 1693//3332 2015//3332 1698//3333
f 1698//3333 2015//3332 2017//3333
f 1698//3333 2017//3333 1699//3334
f 1699//3334 2017//3333 2019//3334
f 1699//3334 2019//3334 1704//3335
f 1704//3335 2019//3334 1980//3335
f 1704//3335 1980//3335 1705//3336
f 1705//3336 1980//3335 1978//3336
f 1705//3336 1978//3336 1710//3337
f 1710//3337 1978//3336 1976//3337
f 1710//3337 1976//3337 1711//3338
f 1711//3338 1976//3337 1974//3338
f 1711//3338 1974//3338 1716//3339
f 1716//3339 1974//3338 1972//3339
f 1716//3339 1972//3339 1717//3303
f 1717//3303 1972//3339 1970//3304
f 1942//3340 2501//3341 2499//3342
f 1942//3340 2499//3342 1943//3342
f 1943//3342 2499//3342 2498//3306
f 1943//3342 2498//3306 1944//3305
f 1954//3317 1652//3316 2581//3343
f 1954//3317 2581//3343 1995//3343
f 1995//3343 2581//3343 2580//3344
f 1995//3343 2580//3344 1996//3344
f 1996//3344 2580//3344 2534//3345
f 1996//3344 2534//3345 1985//3346
f 1924//3347 1626//3348 2826//3349
f 1924//3347 2826//3349 1964//3349
f 1964//3349 2826//3349 2824//3350
f 1964//3349 2824//3350 1965//3351
f 1965//3351 2824//3350 2822//3352
f 1965//3351 2822//3352 1963//3352
f 1963//3352 2822//3352 2820//3353
f 1963//3352 2820//3353 1962//3353
f 1962//3353 2820//3353 2818//3354
f 1962//3353 2818//3354 1966//3354
f 1966//3354 2818//3354 2816//3355
f 1966//3354 2816//3355 1967//3355
f 1967//3355 2816//3355 2814//3356
f 1967//3355 2814//3356 1968//3356
f 1968//3356 2814//3356 2812//3357
f 1968//3356 2812//3357 1981//3357
f 1981//3357 2812//3357 2810//3358
f 1981//3357 2810//3358 1982//3358
f 1982//3358 2810//3358 2501//3341
f 1982//3358 2501//3341 1942//3340
f 2530//3359 1934//3360 2534//3345
f 2534//3345 1934//3360 1985//3346
f 1923//1416 1623//1417 1924//3347
f 1924//3347 1623//1417 1626//3348
f 1934//3360 2530//3359 2578//3361
f 1934//3360 2578//3361 1935//3361
f 1935//3361 2578//3361 2570//3362
f 1935//3361 2570//3362 1937//3362
f 1937//3362 2570//3362 2559//3363
f 1937//3362 2559//3363 1948//3363
f 1948//3363 2559//3363 2553//3364
f 1948//3363 2553//3364 1947//3364
f 1947//3364 2553//3364 1623//1417
f 1947//3364 1623//1417 1923//1416
f 2860//3365 2859//3366 2830//3367
f 2840//3368 2839//3369 2851//3370
f 2850//3371 2846//3372 2842//3373
f 2842//3373 2846//3372 2848//3374
f 2842//3373 2848//3374 2843//3375
f 2843//3375 2848//3374 2836//3376
f 2836//3376 2848//3374 2849//3377
f 2836//3376 2849//3377 2853//3378
f 2851//3370 2839//3369 2852//3379
f 2852//3379 2839//3369 2853//3378
f 2853//3378 2839//3369 2837//3380
f 2853//3378 2837//3380 2836//3376
f 2840//3368 2851//3370 2345//2491
f 2345//2491 2851//3370 2854//3381
f 2345//2491 2854//3381 2346//2492
f 2842//3373 2841//3382 2850//3371
f 2850//3371 2841//3382 2844//3383
f 2850//3371 2844//3383 1933//656
f 1933//656 2844//3383 1821//656
f 1933//656 1821//656 1931//3384
f 1931//3384 1821//656 1795//3384
f 1931//3384 1795//3384 1794//3385
f 2828//3386 2829//3387 2857//3388
f 2857//3388 2829//3387 2832//3389
f 2857//3388 2832//3389 2858//3390
f 2857//3388 2856//3391 2828//3386
f 2828//3386 2856//3391 2855//3392
f 2828//3386 2855//3392 1794//3385
f 1794//3385 2855//3392 1929//3385
f 1794//3385 1929//3385 1931//3384
f 2858//3390 2832//3389 2859//3366
f 2859//3366 2832//3389 2831//3393
f 2859//3366 2831//3393 2830//3367
f 2860//3365 2830//3367 2861//3394
f 2861//3394 2830//3367 2835//3395
f 2861//3394 2835//3395 2834//3396
f 2833//3397 1596//1944 1591//1943
f 2833//3397 1591//1943 2834//3396
f 2834//3396 1591//1943 2862//3398
f 2834//3396 2862//3398 2861//3394
f 2865//3399 2866//3400 2867//3401
f 2868//3402 2869//3403 2870//3404
f 2148//2250 2146//2248 2871//3405
f 2158//2260 2156//2258 2872//3406
f 2168//2270 2166//2268 2873//3407
f 2172//2274 2170//2272 2874//3408
f 2182//2284 2180//2282 2875//3409
f 2876//3410 2190//2292 2877//3411
f 2214//2314 2212//2312 2878//3412
f 2224//2324 2222//2322 2879//3413
f 2228//2328 2226//2326 2880//3414
f 2238//2338 2236//2336 2881//3415
f 2248//2348 2246//2346 2882//3416
f 2252//2352 2250//2350 2883//3417
f 2884//3418 2522//3419 2521//3420
f 2885//3421 2524//3422 2884//3418
f 2884//3418 2524//3422 2523//3423
f 2884//3418 2523//3423 2522//3419
f 2510//3424 2504//3425 2886//3426
f 2886//3426 2504//3425 2503//3427
f 2886//3426 2503//3427 2885//3421
f 2885//3421 2503//3427 2509//3428
f 2885//3421 2509//3428 2524//3422
f 2535//3429 2887//3430 2536//3431
f 2536//3431 2887//3430 2888//3432
f 2889//3433 2538//3434 2888//3432
f 2888//3432 2538//3434 2537//3435
f 2888//3432 2537//3435 2536//3431
f 2541//3436 2540//3437 2890//3438
f 2890//3438 2540//3437 2529//3439
f 2890//3438 2529//3439 2889//3433
f 2889//3433 2529//3439 2528//3440
f 2889//3433 2528//3440 2538//3434
f 2128//2230 2126//2228 2542//3441
f 2254//2354 2884//3418 2256//2356
f 2256//2356 2884//3418 2521//3420
f 2256//2356 2521//3420 2258//2358
f 2244//2344 2242//2342 2891//3442
f 2234//2334 2232//2332 2892//3443
f 2220//2320 2218//2318 2893//3444
f 2210//2310 2208//2308 2868//3402
f 2868//3402 2208//2308 2206//2306
f 2868//3402 2206//2306 2869//3403
f 2869//3403 2206//2306 2204//2304
f 2894//3445 2202//2302 2200//2300
f 2895//3446 2198//2298 2196//2296
f 2188//2290 2186//2288 2896//3447
f 2178//2280 2176//2278 2897//3448
f 2164//2266 2162//2264 2898//3449
f 2154//2256 2152//2254 2899//3450
f 2144//2246 2142//2244 2865//3399
f 2865//3399 2142//2244 2140//2242
f 2865//3399 2140//3451 2866//3400
f 2866//3400 2140//2242 2138//2240
f 2866//3400 2138//2240 2136//2238
f 2900//3452 2132//2234 2130//2232
f 2542//3441 2541//3436 2128//2230
f 2128//2230 2541//3436 2890//3438
f 2128//2230 2890//3438 2130//2232
f 2901//3453 2870//3404 2902//3454
f 2902//3454 2870//3404 2869//3403
f 2902//3454 2869//3403 2894//3445
f 2894//3445 2869//3403 2204//2304
f 2894//3445 2204//2304 2202//2302
f 2903//3455 2904//3456 2905//3457
f 2906//3458 2867//3401 2907//3459
f 2907//3459 2867//3401 2866//3400
f 2907//3459 2866//3400 2908//3460
f 2908//3460 2866//3400 2136//2238
f 2908//3460 2136//2238 2134//2236
f 2909//3461 2886//3426 2910//3462
f 2910//3462 2886//3426 2885//3421
f 2910//3462 2885//3421 2911//3463
f 2911//3463 2885//3421 2884//3418
f 2911//3463 2884//3418 2912//3464
f 2912//3464 2884//3418 2254//3465
f 2913//3466 2914//3467 2915//3468
f 2916//3469 2901//3453 2917//3470
f 2917//3470 2901//3453 2902//3454
f 2917//3470 2902//3454 2918//3471
f 2918//3471 2902//3454 2894//3445
f 2918//3471 2894//3445 2895//3446
f 2895//3446 2894//3445 2200//2300
f 2895//3446 2200//2300 2198//2298
f 2919//3472 2904//3456 2920//3473
f 2920//3473 2904//3456 2903//3455
f 2920//3473 2903//3455 2921//3474
f 2922//3475 2906//3458 2923//3476
f 2923//3476 2906//3458 2907//3459
f 2923//3476 2907//3459 2924//3477
f 2924//3477 2907//3459 2908//3460
f 2924//3477 2908//3460 2900//3452
f 2900//3452 2908//3460 2134//2236
f 2900//3452 2134//2236 2132//2234
f 2925//3478 2914//3467 2926//3479
f 2926//3479 2914//3467 2913//3466
f 2926//3479 2913//3466 2927//3480
f 2250//2350 2248//2348 2883//3417
f 2883//3417 2248//2348 2882//3416
f 2883//3417 2882//3416 2928//3481
f 2928//3481 2882//3416 2929//3482
f 2928//3481 2929//3482 2930//3483
f 2930//3483 2929//3482 2931//3484
f 2930//3483 2931//3484 2932//3485
f 2932//3485 2931//3484 2933//3486
f 2246//2346 2244//2344 2882//3416
f 2882//3416 2244//3487 2891//3442
f 2882//3416 2891//3442 2929//3482
f 2929//3482 2891//3442 2934//3488
f 2929//3482 2934//3488 2931//3484
f 2931//3484 2934//3488 2935//3489
f 2931//3484 2935//3489 2933//3486
f 2933//3486 2935//3489 2936//3490
f 2240//2340 2238//2338 2937//3491
f 2937//3491 2238//2338 2881//3415
f 2937//3491 2881//3415 2938//3492
f 2938//3492 2881//3415 2939//3493
f 2938//3492 2939//3493 2940//3494
f 2940//3494 2939//3493 2941//3495
f 2940//3494 2941//3495 2942//3496
f 2942//3496 2941//3495 2943//3497
f 2230//2330 2228//2328 2944//3498
f 2944//3498 2228//2328 2880//3414
f 2944//3498 2880//3414 2945//3499
f 2945//3499 2880//3414 2946//3500
f 2945//3499 2946//3500 2947//3501
f 2947//3501 2946//3500 2948//3502
f 2947//3501 2948//3502 2949//3503
f 2949//3503 2948//3502 2950//3504
f 2226//2326 2224//2324 2880//3414
f 2880//3414 2224//2324 2879//3413
f 2880//3414 2879//3413 2946//3500
f 2946//3500 2879//3413 2951//3505
f 2946//3500 2951//3505 2948//3502
f 2948//3502 2951//3505 2952//3506
f 2948//3502 2952//3506 2950//3504
f 2950//3504 2952//3506 2953//3507
f 2950//3504 2953//3507 2106//2193
f 2106//2193 2953//3507 2105//2191
f 2218//2318 2216//2316 2893//3444
f 2893//3444 2216//2316 2954//3508
f 2893//3444 2954//3508 2955//3509
f 2955//3509 2954//3508 2956//3510
f 2955//3509 2956//3510 2957//3511
f 2957//3511 2956//3510 2958//3512
f 2957//3511 2958//3512 2959//3513
f 2959//3513 2958//3512 2960//3514
f 2216//2316 2214//2314 2954//3508
f 2954//3508 2214//2314 2878//3412
f 2954//3508 2878//3412 2956//3510
f 2956//3510 2878//3412 2961//3515
f 2956//3510 2961//3515 2958//3512
f 2958//3512 2961//3515 2962//3516
f 2958//3512 2962//3516 2960//3514
f 2960//3514 2962//3516 2963//3517
f 2960//3514 2963//3517 2101//2184
f 2101//2184 2963//3517 2100//2182
f 2964//3518 2919//3472 2965//3519
f 2965//3519 2919//3472 2920//3473
f 2965//3519 2920//3473 2966//3520
f 2966//3520 2920//3473 2921//3474
f 2966//3520 2921//3474 2967//3521
f 2194//2294 2876//3410 2968//3522
f 2968//3522 2876//3410 2877//3411
f 2968//3522 2877//3411 2969//3523
f 2969//3523 2877//3411 2970//3524
f 2969//3523 2970//3524 2971//3525
f 2971//3525 2970//3524 2972//3526
f 2971//3525 2972//3526 2973//3527
f 2973//3527 2972//3526 2974//3528
f 2190//2292 2188//2290 2877//3411
f 2877//3411 2188//3529 2896//3447
f 2877//3411 2896//3447 2970//3524
f 2970//3524 2896//3447 2975//3530
f 2970//3524 2975//3530 2972//3526
f 2972//3526 2975//3530 2976//3531
f 2972//3526 2976//3531 2974//3528
f 2974//3528 2976//3531 2977//3532
f 2184//2286 2182//2284 2978//3533
f 2978//3533 2182//2284 2875//3409
f 2978//3533 2875//3409 2979//3534
f 2979//3534 2875//3409 2980//3535
f 2979//3534 2980//3535 2981//3536
f 2981//3536 2980//3535 2982//3537
f 2981//3536 2982//3537 2983//3538
f 2983//3538 2982//3537 2984//3539
f 2180//2282 2178//2280 2875//3409
f 2875//3409 2178//2280 2897//3448
f 2875//3409 2897//3448 2980//3535
f 2980//3535 2897//3448 2985//3540
f 2980//3535 2985//3540 2982//3537
f 2982//3537 2985//3540 2986//3541
f 2982//3537 2986//3541 2984//3539
f 2984//3539 2986//3541 2987//3542
f 2174//2276 2172//2274 2988//3543
f 2988//3543 2172//2274 2874//3408
f 2988//3543 2874//3408 2989//3544
f 2989//3544 2874//3408 2990//3545
f 2989//3544 2990//3545 2991//3546
f 2991//3546 2990//3545 2992//3547
f 2991//3546 2992//3547 2993//3548
f 2993//3548 2992//3547 2994//3549
f 2162//2264 2160//2262 2898//3449
f 2898//3449 2160//2262 2995//3550
f 2898//3449 2995//3550 2996//3551
f 2996//3551 2995//3550 2997//3552
f 2996//3551 2997//3552 2998//3553
f 2998//3553 2997//3552 2999//3554
f 2998//3553 2999//3554 3000//3555
f 3000//3555 2999//3554 3001//3556
f 2160//2262 2158//2260 2995//3550
f 2995//3550 2158//2260 2872//3406
f 2995//3550 2872//3406 2997//3552
f 2997//3552 2872//3406 3002//3557
f 2997//3552 3002//3557 2999//3554
f 2999//3554 3002//3557 3003//3558
f 2999//3554 3003//3558 3001//3556
f 3001//3556 3003//3558 3004//3559
f 3001//3556 3004//3559 2072//2132
f 2072//2132 3004//3559 2071//2131
f 2152//2254 2150//2252 2899//3450
f 2899//3560 2150//3561 3005//3562
f 2899//3560 3005//3562 3006//3563
f 3006//3563 3005//3562 3007//3564
f 3006//3563 3007//3564 3008//3565
f 3008//3565 3007//3564 3009//3566
f 3008//3565 3009//3566 3010//3567
f 3010//3567 3009//3566 3011//3568
f 2150//2252 2148//2250 3005//3562
f 3005//3562 2148//2250 2871//3405
f 3005//3562 2871//3405 3007//3564
f 3007//3564 2871//3405 3012//3569
f 3007//3564 3012//3569 3009//3566
f 3009//3566 3012//3569 3013//3570
f 3009//3566 3013//3570 3011//3568
f 3011//3568 3013//3570 3014//3571
f 3011//3568 3014//3571 2053//2109
f 2053//2109 3014//3571 2049//2105
f 2066//2122 2511//3572 2065//2121
f 2065//2121 2511//3572 3015//3573
f 2065//2121 3015//3573 2045//2101
f 2044//2100 2045//2101 2909//3461
f 2909//3574 2045//3574 3015//3574
f 2909//3461 3015//3573 2886//3426
f 2886//3426 3015//3573 2511//3572
f 2886//3426 2511//3572 2510//3424
f 2912//3464 2915//3468 2911//3463
f 2911//3463 2915//3468 2914//3467
f 2911//3463 2914//3467 2910//3462
f 2910//3462 2914//3467 2925//3478
f 2910//3462 2925//3478 2909//3461
f 2909//3461 2925//3478 2041//2097
f 2909//3461 2041//2097 2044//2100
f 2120//2218 2121//2220 2927//3575
f 2927//3575 2121//2220 2122//2222
f 2927//3576 2122//3576 2926//3576
f 2926//3479 2122//2222 2123//2224
f 2926//3479 2123//2224 2925//3478
f 2925//3478 2123//2224 2046//2102
f 2925//3478 2046//2102 2041//2097
f 2254//2354 2252//2352 2912//3464
f 2912//3464 2252//2352 2883//3417
f 2912//3464 2883//3417 2915//3468
f 2915//3468 2883//3417 2928//3481
f 2915//3468 2928//3481 2913//3466
f 2913//3466 2928//3481 2930//3483
f 2913//3466 2930//3483 2927//3480
f 2927//3480 2930//3483 2932//3485
f 2927//3480 2932//3485 2120//3577
f 2115//2209 2116//2211 2936//3490
f 2936//3490 2116//2211 2117//2213
f 2936//3490 2117//2213 2933//3486
f 2933//3486 2117//2213 2118//2215
f 2933//3486 2118//2215 2932//3485
f 2932//3485 2118//2215 2119//2217
f 2932//3485 2119//2217 2120//2218
f 2242//2342 2240//2340 2891//3442
f 2891//3442 2240//2340 2937//3491
f 2891//3442 2937//3491 2934//3488
f 2934//3488 2937//3491 2938//3492
f 2934//3488 2938//3492 2935//3489
f 2935//3489 2938//3492 2940//3494
f 2935//3489 2940//3494 2936//3490
f 2936//3490 2940//3494 2942//3496
f 2936//3578 2942//3578 2115//3578
f 2111//2202 2112//2204 2943//3497
f 2943//3497 2112//2204 2113//2206
f 2943//3497 2113//2206 2942//3496
f 2942//3496 2113//2206 2114//2208
f 2942//3496 2114//2208 2115//2209
f 2236//2336 2234//2334 2881//3415
f 2881//3415 2234//3579 2892//3580
f 2881//3415 2892//3580 2939//3493
f 2939//3493 2892//3580 3016//3581
f 2939//3493 3016//3581 2941//3495
f 2941//3495 3016//3581 3017//3582
f 2941//3495 3017//3582 2943//3497
f 2943//3497 3017//3582 3018//3583
f 2943//3497 3018//3583 2111//2202
f 2111//2202 3018//3583 2110//2200
f 2232//2332 2230//2330 2892//3443
f 2892//3580 2230//3584 2944//3498
f 2892//3580 2944//3498 3016//3581
f 3016//3581 2944//3498 2945//3499
f 3016//3581 2945//3499 3017//3582
f 3017//3582 2945//3499 2947//3501
f 3017//3582 2947//3501 3018//3583
f 3018//3583 2947//3501 2949//3503
f 3018//3585 2949//3585 2110//3585
f 2106//2193 2107//2195 2950//3504
f 2950//3504 2107//2195 2108//2196
f 2950//3504 2108//2196 2949//3503
f 2949//3503 2108//2196 2109//2198
f 2949//3503 2109//2198 2110//2200
f 2222//2322 2220//2320 2879//3413
f 2879//3413 2220//3586 2893//3444
f 2879//3413 2893//3444 2951//3505
f 2951//3505 2893//3444 2955//3509
f 2951//3505 2955//3509 2952//3506
f 2952//3506 2955//3509 2957//3511
f 2952//3506 2957//3511 2953//3507
f 2953//3507 2957//3511 2959//3513
f 2953//3507 2959//3513 2105//3587
f 2101//2184 2102//2186 2960//3514
f 2960//3514 2102//2186 2103//2187
f 2960//3514 2103//3588 2959//3513
f 2959//3589 2103//2187 2104//2189
f 2959//3589 2104//2189 2105//2191
f 2212//2312 2210//2310 2878//3412
f 2878//3412 2210//3590 2868//3402
f 2878//3412 2868//3402 2961//3515
f 2961//3515 2868//3402 2870//3404
f 2961//3515 2870//3404 2962//3516
f 2962//3516 2870//3404 2901//3453
f 2962//3516 2901//3453 2963//3517
f 2963//3517 2901//3453 2916//3469
f 2963//3517 2916//3469 2100//2182
f 2100//2182 2916//3469 2099//2180
f 2196//3591 2905//3457 2895//3446
f 2895//3446 2905//3457 2904//3456
f 2895//3446 2904//3456 2918//3471
f 2918//3471 2904//3456 2919//3472
f 2918//3471 2919//3472 2917//3470
f 2917//3470 2919//3472 2964//3518
f 2917//3470 2964//3518 2916//3469
f 2916//3592 2964//3592 2098//3592
f 2916//3469 2098//2178 2099//2180
f 2091//2167 2092//2168 2967//3521
f 2967//3521 2092//2168 2093//2170
f 2967//3593 2093//3593 2966//3593
f 2966//3520 2093//2170 2094//2172
f 2966//3520 2094//2172 2965//3519
f 2965//3519 2094//2172 3019//3594
f 2965//3519 3019//3594 2964//3518
f 2964//3518 3019//3594 2097//2176
f 2964//3518 2097//2176 2098//2178
f 2196//2296 2194//2294 2905//3457
f 2905//3457 2194//2294 2968//3522
f 2905//3457 2968//3522 2903//3455
f 2903//3455 2968//3522 2969//3523
f 2903//3455 2969//3523 2921//3474
f 2921//3474 2969//3523 2971//3525
f 2921//3474 2971//3525 2967//3521
f 2967//3521 2971//3525 2973//3527
f 2967//3521 2973//3527 2091//2167
f 2086//2158 2087//2159 2977//3595
f 2977//3595 2087//2159 2088//2161
f 2977//3532 2088//3596 2974//3528
f 2974//3528 2088//2161 2089//2163
f 2974//3528 2089//2163 2973//3527
f 2973//3527 2089//2163 2090//2165
f 2973//3527 2090//2165 2091//2167
f 2186//2288 2184//2286 2896//3447
f 2896//3447 2184//2286 2978//3533
f 2896//3447 2978//3533 2975//3530
f 2975//3530 2978//3533 2979//3534
f 2975//3530 2979//3534 2976//3531
f 2976//3531 2979//3534 2981//3536
f 2976//3531 2981//3536 2977//3532
f 2977//3532 2981//3536 2983//3538
f 2977//3532 2983//3538 2086//3597
f 2081//2149 2082//2150 2987//3542
f 2987//3542 2082//2150 2083//2152
f 2987//3542 2083//2152 2984//3539
f 2984//3539 2083//2152 2084//2154
f 2984//3539 2084//2154 2983//3538
f 2983//3538 2084//2154 2085//2156
f 2983//3538 2085//2156 2086//2158
f 2176//2278 2174//2276 2897//3448
f 2897//3448 2174//3598 2988//3543
f 2897//3448 2988//3543 2985//3540
f 2985//3540 2988//3543 2989//3544
f 2985//3540 2989//3544 2986//3541
f 2986//3541 2989//3544 2991//3546
f 2986//3541 2991//3546 2987//3542
f 2987//3542 2991//3546 2993//3548
f 2987//3599 2993//3599 2081//3599
f 2077//2141 2078//2143 2994//3549
f 2994//3549 2078//2143 2079//2145
f 2994//3549 2079//2145 2993//3548
f 2993//3548 2079//2145 2080//2147
f 2993//3548 2080//2147 2081//2149
f 2170//2272 2168//2270 2874//3408
f 2874//3408 2168//2270 2873//3407
f 2874//3408 2873//3407 2990//3545
f 2990//3545 2873//3407 3020//3600
f 2990//3545 3020//3600 2992//3547
f 2992//3547 3020//3600 3021//3601
f 2992//3547 3021//3601 2994//3549
f 2994//3549 3021//3601 3022//3602
f 2994//3549 3022//3602 2077//2141
f 2077//2141 3022//3602 2076//2140
f 2166//2268 2164//2266 2873//3407
f 2873//3407 2164//3603 2898//3449
f 2873//3407 2898//3449 3020//3600
f 3020//3600 2898//3449 2996//3551
f 3020//3600 2996//3551 3021//3601
f 3021//3601 2996//3551 2998//3553
f 3021//3601 2998//3553 3022//3602
f 3022//3602 2998//3553 3000//3555
f 3022//3604 3000//3604 2076//3604
f 2072//2132 2073//2134 3001//3556
f 3001//3556 2073//2134 2074//2136
f 3001//3556 2074//2136 3000//3555
f 3000//3555 2074//2136 2075//2138
f 3000//3555 2075//2138 2076//2140
f 2156//2258 2154//2256 2872//3406
f 2872//3406 2154//3605 2899//3560
f 2872//3406 2899//3560 3002//3557
f 3002//3557 2899//3560 3006//3563
f 3002//3557 3006//3563 3003//3558
f 3003//3558 3006//3563 3008//3565
f 3003//3558 3008//3565 3004//3559
f 3004//3559 3008//3565 3010//3567
f 3004//3559 3010//3567 2071//3606
f 2053//2109 2068//2125 3011//3568
f 3011//3568 2068//2125 2069//2127
f 3011//3607 2069//3607 3010//3607
f 3010//3608 2069//2127 2070//2129
f 3010//3608 2070//2129 2071//2131
f 2146//2248 2144//2246 2871//3405
f 2871//3405 2144//2246 2865//3399
f 2871//3405 2865//3399 3012//3569
f 3012//3569 2865//3399 2867//3401
f 3012//3569 2867//3401 3013//3570
f 3013//3570 2867//3401 2906//3458
f 3013//3570 2906//3458 3014//3571
f 3014//3571 2906//3458 2922//3475
f 3014//3571 2922//3475 2049//2105
f 2049//2105 2922//3475 2057//2113
f 2535//3429 2062//2118 2887//3430
f 2887//3430 2062//2118 2061//2117
f 2887//3430 2061//2117 2059//2115
f 2130//3609 2890//3438 2900//3452
f 2900//3452 2890//3438 2889//3433
f 2900//3452 2889//3433 2924//3477
f 2924//3477 2889//3433 2888//3432
f 2924//3477 2888//3432 2923//3476
f 2923//3476 2888//3432 2887//3430
f 2923//3476 2887//3430 2922//3475
f 2922//3610 2887//3610 2059//3610
f 2922//3475 2059//2115 2057//2113
f 2159//2261 2161//2263 3023//3611
f 2239//2339 2241//2341 3024//3612
f 3025//3613 3026//3614 3027//3615
f 3028//3616 3029//3617 3030//3618
f 2343//2488 2266//2366 3031//3619
f 2338//2479 2339//2481 3032//3620
f 2333//2470 2334//2472 3033//3621
f 2328//2460 2329//2462 3034//3622
f 2326//2457 2327//2459 3035//3623
f 2321//2448 2322//2450 3036//3624
f 3037//3625 2317//2440 3038//3626
f 2304//2418 2305//2420 3039//3627
f 2299//2409 2300//2411 3040//3628
f 2297//2405 2298//2407 3041//3629
f 2292//2396 2293//2398 3042//3630
f 2273//2373 2288//2389 3043//3631
f 2282//2382 2281//2381 3044//3632
f 3045//3633 2514//3634 3044//3632
f 3044//3632 2514//3634 2513//3635
f 3044//3632 2513//3635 2282//2382
f 3046//3636 2516//3637 3045//3633
f 3045//3633 2516//3637 2515//3638
f 3045//3633 2515//3638 2514//3634
f 3047//3639 2507//3640 3046//3636
f 3046//3636 2507//3640 2506//3641
f 3046//3636 2506//3641 2516//3637
f 2257//2357 2520//3642 2255//2355
f 2255//2355 2520//3642 2519//3643
f 2255//2355 2519//3643 3047//3639
f 3047//3639 2519//3643 2518//3644
f 3047//3639 2518//3644 2507//3640
f 2125//2227 2127//2229 2543//3645
f 2543//3645 2127//2229 3048//3646
f 2543//3645 3048//3646 2544//3647
f 2544//3647 3048//3646 2545//3648
f 3049//3649 2531//3650 2546//3651
f 3027//3615 2526//3652 2525//3653
f 3026//3614 2533//3654 3027//3615
f 3027//3615 2533//3654 2532//3655
f 3027//3615 2532//3655 2526//3652
f 2279//2379 2277//2377 3050//3656
f 2289//2391 2290//2393 3051//3657
f 2294//2400 2295//2402 3052//3658
f 2301//2413 2302//2414 3053//3659
f 2306//2422 2307//2423 3028//3660
f 3028//3660 2307//2423 2308//2425
f 3028//3616 2308//3661 3029//3617
f 3029//3617 2308//2425 2309//2427
f 3054//3662 2310//2429 2311//2431
f 3055//3663 2312//2432 2313//2434
f 2318//2442 2319//2444 3056//3664
f 2323//2451 2324//2453 3057//3665
f 2331//2466 2332//2468 3058//3666
f 2335//2473 2336//2475 3059//3667
f 2340//2482 2341//2484 3060//3668
f 2261//2361 2264//2364 3025//3613
f 3025//3613 2264//2364 2265//2365
f 3025//3669 2265//3669 3026//3669
f 3026//3614 2265//2365 2285//2385
f 3026//3614 2285//2385 2533//3654
f 2533//3654 2285//2385 2286//2386
f 3061//3670 3030//3618 3062//3671
f 3062//3671 3030//3618 3029//3617
f 3062//3671 3029//3617 3054//3662
f 3054//3662 3029//3617 2309//2427
f 3054//3662 2309//2427 2310//2429
f 3063//3672 3064//3673 3065//3674
f 2266//2366 2261//2361 3031//3619
f 3031//3619 2261//2361 3025//3613
f 3031//3619 3025//3613 3066//3675
f 3066//3675 3025//3613 3027//3615
f 3066//3675 3027//3615 3049//3649
f 3049//3649 3027//3615 2525//3653
f 3049//3649 2525//3653 2531//3650
f 3067//3676 3068//3677 3069//3678
f 3070//3679 3061//3670 3071//3680
f 3071//3680 3061//3670 3062//3671
f 3071//3680 3062//3671 3072//3681
f 3072//3681 3062//3671 3054//3662
f 3072//3681 3054//3662 3055//3663
f 3055//3663 3054//3662 2311//2431
f 3055//3663 2311//2431 2312//2432
f 3073//3682 3064//3673 3074//3683
f 3074//3683 3064//3673 3063//3672
f 3074//3683 3063//3672 3075//3684
f 2342//2486 2343//2488 3076//3685
f 3076//3685 2343//2488 3031//3619
f 3076//3685 3031//3619 3077//3686
f 3077//3686 3031//3619 3066//3675
f 3077//3686 3066//3675 3078//3687
f 3078//3687 3066//3675 3049//3649
f 3078//3687 3049//3649 3048//3646
f 3048//3646 3049//3649 2546//3651
f 3048//3646 2546//3651 2545//3648
f 3079//3688 3068//3677 3080//3689
f 3080//3689 3068//3677 3067//3676
f 3080//3689 3067//3676 3081//3690
f 2269//2369 2273//2373 3082//3691
f 3082//3691 2273//2373 3043//3631
f 3082//3691 3043//3631 3083//3692
f 3083//3692 3043//3631 3084//3693
f 3083//3692 3084//3693 3085//3694
f 3085//3694 3084//3693 3086//3695
f 3085//3694 3086//3695 3087//3696
f 3087//3696 3086//3695 3088//3697
f 2288//2389 2289//2391 3043//3631
f 3043//3698 2289//3698 3051//3698
f 3043//3631 3051//3699 3084//3693
f 3084//3693 3051//3699 3089//3700
f 3084//3693 3089//3700 3086//3695
f 3086//3695 3089//3700 3090//3701
f 3086//3695 3090//3701 3088//3697
f 3088//3697 3090//3701 3091//3702
f 2291//2395 2292//2396 3092//3703
f 3092//3703 2292//2396 3042//3630
f 3092//3703 3042//3630 3093//3704
f 3093//3704 3042//3630 3094//3705
f 3093//3704 3094//3705 3095//3706
f 3095//3706 3094//3705 3096//3707
f 3095//3706 3096//3707 3097//3708
f 3097//3708 3096//3707 3098//3709
f 2293//2398 2294//2400 3042//3630
f 3042//3630 2294//2400 3052//3658
f 3042//3630 3052//3658 3094//3705
f 3094//3705 3052//3658 3099//3710
f 3094//3705 3099//3710 3096//3707
f 3096//3707 3099//3710 3100//3711
f 3096//3707 3100//3711 3098//3709
f 3098//3709 3100//3711 3101//3712
f 2296//2404 2297//2405 3102//3713
f 3102//3713 2297//2405 3041//3629
f 3102//3713 3041//3629 3103//3714
f 3103//3714 3041//3629 3104//3715
f 3103//3714 3104//3715 3105//3716
f 3105//3716 3104//3715 3106//3717
f 3105//3716 3106//3717 3107//3718
f 3107//3718 3106//3717 3108//3719
f 2302//2414 2303//2416 3053//3659
f 3053//3659 2303//2416 3109//3720
f 3053//3659 3109//3720 3110//3721
f 3110//3721 3109//3720 3111//3722
f 3110//3721 3111//3722 3112//3723
f 3112//3723 3111//3722 3113//3724
f 3112//3723 3113//3724 3114//3725
f 3114//3725 3113//3724 3115//3726
f 2303//2416 2304//2418 3109//3720
f 3109//3720 2304//2418 3039//3627
f 3109//3720 3039//3627 3111//3722
f 3111//3722 3039//3627 3116//3727
f 3111//3722 3116//3727 3113//3724
f 3113//3724 3116//3727 3117//3728
f 3113//3724 3117//3728 3115//3726
f 3115//3726 3117//3728 3118//3729
f 3115//3726 3118//3729 2201//2301
f 2201//2301 3118//3729 2199//2299
f 3119//3730 3073//3682 3120//3731
f 3120//3731 3073//3682 3074//3683
f 3120//3731 3074//3683 3121//3732
f 3121//3732 3074//3683 3075//3684
f 3121//3732 3075//3684 3122//3733
f 2314//2436 3037//3625 3123//3734
f 3123//3734 3037//3625 3038//3626
f 3123//3734 3038//3626 3124//3735
f 3124//3735 3038//3626 3125//3736
f 3124//3735 3125//3736 3126//3737
f 3126//3737 3125//3736 3127//3738
f 3126//3737 3127//3738 3128//3739
f 3128//3739 3127//3738 3129//3740
f 2317//2440 2318//2442 3038//3626
f 3038//3741 2318//3741 3056//3741
f 3038//3626 3056//3664 3125//3736
f 3125//3736 3056//3664 3130//3742
f 3125//3736 3130//3742 3127//3738
f 3127//3738 3130//3742 3131//3743
f 3127//3738 3131//3743 3129//3740
f 3129//3740 3131//3743 3132//3744
f 2320//2446 2321//2448 3133//3745
f 3133//3745 2321//2448 3036//3624
f 3133//3745 3036//3624 3134//3746
f 3134//3746 3036//3624 3135//3747
f 3134//3746 3135//3747 3136//3748
f 3136//3748 3135//3747 3137//3749
f 3136//3748 3137//3749 3138//3750
f 3138//3750 3137//3749 3139//3751
f 2322//2450 2323//2451 3036//3624
f 3036//3624 2323//3752 3057//3753
f 3036//3624 3057//3753 3135//3747
f 3135//3747 3057//3753 3140//3754
f 3135//3747 3140//3754 3137//3749
f 3137//3749 3140//3754 3141//3755
f 3137//3749 3141//3755 3139//3751
f 3139//3751 3141//3755 3142//3756
f 2327//2459 2328//2460 3035//3623
f 3035//3623 2328//2460 3034//3622
f 3035//3623 3034//3622 3143//3757
f 3143//3757 3034//3622 3144//3758
f 3143//3757 3144//3758 3145//3759
f 3145//3759 3144//3758 3146//3760
f 3145//3759 3146//3760 3147//3761
f 3147//3761 3146//3760 3148//3762
f 2329//2462 2330//2464 3034//3622
f 3034//3763 2330//3763 3149//3763
f 3034//3622 3149//3764 3144//3758
f 3144//3758 3149//3764 3150//3765
f 3144//3758 3150//3765 3146//3760
f 3146//3760 3150//3765 3151//3766
f 3146//3760 3151//3766 3148//3762
f 3148//3762 3151//3766 3152//3767
f 2332//2468 2333//2470 3058//3666
f 3058//3666 2333//2470 3033//3621
f 3058//3666 3033//3621 3153//3768
f 3153//3768 3033//3621 3154//3769
f 3153//3768 3154//3769 3155//3770
f 3155//3770 3154//3769 3156//3771
f 3155//3770 3156//3771 3157//3772
f 3157//3772 3156//3771 3158//3773
f 2334//2472 2335//2473 3033//3621
f 3033//3774 2335//3774 3059//3774
f 3033//3621 3059//3667 3154//3769
f 3154//3769 3059//3667 3159//3775
f 3154//3769 3159//3775 3156//3771
f 3156//3771 3159//3775 3160//3776
f 3156//3771 3160//3776 3158//3773
f 3158//3773 3160//3776 3161//3777
f 2337//2477 2338//2479 3162//3778
f 3162//3778 2338//2479 3032//3620
f 3162//3778 3032//3620 3163//3779
f 3163//3779 3032//3620 3164//3780
f 3163//3779 3164//3780 3165//3781
f 3165//3781 3164//3780 3166//3782
f 3165//3781 3166//3782 3167//3783
f 3167//3783 3166//3782 3168//3784
f 3044//3632 3069//3678 3045//3633
f 3045//3633 3069//3678 3068//3677
f 3045//3633 3068//3677 3046//3636
f 3046//3636 3068//3677 3079//3688
f 3046//3636 3079//3688 3047//3639
f 3047//3639 3079//3688 2253//3785
f 3047//3639 2253//2353 2255//2355
f 2243//2343 2245//2345 3081//3690
f 3081//3690 2245//2345 2247//2347
f 3081//3690 2247//2347 3080//3689
f 3080//3689 2247//2347 2249//2349
f 3080//3689 2249//2349 3079//3688
f 3079//3688 2249//2349 2251//2351
f 3079//3688 2251//2351 2253//2353
f 2281//2381 2279//2379 3044//3632
f 3044//3786 2279//3786 3050//3786
f 3044//3632 3050//3656 3069//3678
f 3069//3678 3050//3656 3169//3787
f 3069//3678 3169//3787 3067//3676
f 3067//3676 3169//3787 3170//3788
f 3067//3676 3170//3788 3081//3690
f 3081//3690 3170//3788 3024//3612
f 3081//3690 3024//3612 2243//3789
f 2243//2343 3024//3612 2241//2341
f 2277//2377 2269//2369 3050//3656
f 3050//3656 2269//2369 3082//3691
f 3050//3656 3082//3691 3169//3787
f 3169//3787 3082//3691 3083//3692
f 3169//3787 3083//3692 3170//3788
f 3170//3788 3083//3692 3085//3694
f 3170//3788 3085//3694 3024//3612
f 3024//3612 3085//3694 3087//3696
f 3024//3612 3087//3696 2239//2339
f 2229//2329 2231//2331 3091//3790
f 3091//3790 2231//2331 2233//2333
f 3091//3702 2233//3791 3088//3697
f 3088//3697 2233//2333 2235//2335
f 3088//3697 2235//2335 3087//3696
f 3087//3696 2235//2335 2237//2337
f 3087//3696 2237//2337 2239//2339
f 2290//2393 2291//2395 3051//3657
f 3051//3699 2291//3792 3092//3703
f 3051//3699 3092//3703 3089//3700
f 3089//3700 3092//3703 3093//3704
f 3089//3700 3093//3704 3090//3701
f 3090//3701 3093//3704 3095//3706
f 3090//3701 3095//3706 3091//3702
f 3091//3702 3095//3706 3097//3708
f 3091//3702 3097//3708 2229//3793
f 2219//2319 2221//2321 3101//3712
f 3101//3712 2221//2321 2223//2323
f 3101//3712 2223//2323 3098//3709
f 3098//3709 2223//2323 2225//2325
f 3098//3709 2225//2325 3097//3708
f 3097//3708 2225//2325 2227//2327
f 3097//3708 2227//2327 2229//2329
f 2295//2402 2296//2404 3052//3658
f 3052//3794 2296//3794 3102//3794
f 3052//3658 3102//3713 3099//3710
f 3099//3710 3102//3713 3103//3714
f 3099//3710 3103//3714 3100//3711
f 3100//3711 3103//3714 3105//3716
f 3100//3711 3105//3716 3101//3712
f 3101//3712 3105//3716 3107//3718
f 3101//3712 3107//3718 2219//3795
f 2211//2311 2213//2313 3108//3719
f 3108//3719 2213//2313 2215//2315
f 3108//3719 2215//2315 3107//3718
f 3107//3718 2215//2315 2217//2317
f 3107//3718 2217//2317 2219//2319
f 2298//2407 2299//2409 3041//3629
f 3041//3629 2299//2409 3040//3628
f 3041//3629 3040//3628 3104//3715
f 3104//3715 3040//3628 3171//3796
f 3104//3715 3171//3796 3106//3717
f 3106//3717 3171//3796 3172//3797
f 3106//3717 3172//3797 3108//3719
f 3108//3719 3172//3797 3173//3798
f 3108//3719 3173//3798 2211//2311
f 2211//2311 3173//3798 2209//2309
f 2300//2411 2301//2413 3040//3628
f 3040//3799 2301//3799 3053//3799
f 3040//3628 3053//3659 3171//3796
f 3171//3796 3053//3659 3110//3721
f 3171//3796 3110//3721 3172//3797
f 3172//3797 3110//3721 3112//3723
f 3172//3797 3112//3723 3173//3798
f 3173//3798 3112//3723 3114//3725
f 3173//3798 3114//3725 2209//3800
f 2201//2301 2203//2303 3115//3726
f 3115//3726 2203//2303 2205//2305
f 3115//3726 2205//2305 3114//3725
f 3114//3725 2205//2305 2207//2307
f 3114//3725 2207//2307 2209//2309
f 2305//2420 2306//2422 3039//3627
f 3039//3627 2306//3801 3028//3616
f 3039//3627 3028//3616 3116//3727
f 3116//3727 3028//3616 3030//3618
f 3116//3727 3030//3618 3117//3728
f 3117//3728 3030//3618 3061//3670
f 3117//3728 3061//3670 3118//3729
f 3118//3729 3061//3670 3070//3679
f 3118//3729 3070//3679 2199//2299
f 2199//2299 3070//3679 2197//2297
f 2313//3802 3065//3802 3055//3802
f 3055//3663 3065//3674 3064//3673
f 3055//3663 3064//3673 3072//3681
f 3072//3681 3064//3673 3073//3682
f 3072//3681 3073//3682 3071//3680
f 3071//3680 3073//3682 3119//3730
f 3071//3680 3119//3730 3070//3679
f 3070//3679 3119//3730 2195//3803
f 3070//3679 2195//2295 2197//2297
f 2183//2285 2185//2287 3122//3733
f 3122//3733 2185//2287 2187//2289
f 3122//3733 2187//3804 3121//3732
f 3121//3732 2187//2289 2189//2291
f 3121//3732 2189//2291 3120//3731
f 3120//3731 2189//2291 3174//3805
f 3120//3731 3174//3805 3119//3730
f 3119//3730 3174//3805 2193//2293
f 3119//3730 2193//2293 2195//2295
f 2313//2434 2314//2436 3065//3674
f 3065//3674 2314//2436 3123//3734
f 3065//3674 3123//3734 3063//3672
f 3063//3672 3123//3734 3124//3735
f 3063//3672 3124//3735 3075//3684
f 3075//3684 3124//3735 3126//3737
f 3075//3684 3126//3737 3122//3733
f 3122//3733 3126//3737 3128//3739
f 3122//3733 3128//3739 2183//2285
f 2173//2275 2175//2277 3132//3744
f 3132//3744 2175//2277 2177//2279
f 3132//3744 2177//2279 3129//3740
f 3129//3740 2177//2279 2179//2281
f 3129//3740 2179//2281 3128//3739
f 3128//3739 2179//2281 2181//2283
f 3128//3739 2181//2283 2183//2285
f 2319//2444 2320//2446 3056//3664
f 3056//3664 2320//2446 3133//3745
f 3056//3664 3133//3745 3130//3742
f 3130//3742 3133//3745 3134//3746
f 3130//3742 3134//3746 3131//3743
f 3131//3743 3134//3746 3136//3748
f 3131//3743 3136//3748 3132//3744
f 3132//3744 3136//3748 3138//3750
f 3132//3744 3138//3750 2173//3806
f 2163//2265 2165//2267 3142//3756
f 3142//3756 2165//2267 2167//2269
f 3142//3756 2167//2269 3139//3751
f 3139//3751 2167//2269 2169//2271
f 3139//3751 2169//2271 3138//3750
f 3138//3750 2169//2271 2171//2273
f 3138//3750 2171//2273 2173//2275
f 2324//2453 2325//2455 3057//3665
f 3057//3753 2325//3807 3175//3808
f 3057//3753 3175//3808 3140//3754
f 3140//3754 3175//3808 3176//3809
f 3140//3754 3176//3809 3141//3755
f 3141//3755 3176//3809 3177//3810
f 3141//3755 3177//3810 3142//3756
f 3142//3756 3177//3810 3023//3611
f 3142//3756 3023//3611 2163//3811
f 2163//2265 3023//3611 2161//2263
f 2325//2455 2326//2457 3175//3808
f 3175//3808 2326//2457 3035//3623
f 3175//3808 3035//3623 3176//3809
f 3176//3809 3035//3623 3143//3757
f 3176//3809 3143//3757 3177//3810
f 3177//3810 3143//3757 3145//3759
f 3177//3810 3145//3759 3023//3611
f 3023//3611 3145//3759 3147//3761
f 3023//3611 3147//3761 2159//2261
f 2149//2251 2151//2253 3152//3812
f 3152//3812 2151//2253 2153//2255
f 3152//3767 2153//3813 3148//3762
f 3148//3762 2153//2255 2155//2257
f 3148//3762 2155//2257 3147//3761
f 3147//3761 2155//2257 2157//2259
f 3147//3761 2157//2259 2159//2261
f 2330//2464 2331//2466 3149//3764
f 3149//3764 2331//2466 3058//3666
f 3149//3764 3058//3666 3150//3765
f 3150//3765 3058//3666 3153//3768
f 3150//3765 3153//3768 3151//3766
f 3151//3766 3153//3768 3155//3770
f 3151//3766 3155//3770 3152//3767
f 3152//3767 3155//3770 3157//3772
f 3152//3767 3157//3772 2149//3814
f 2139//2241 2141//2243 3161//3777
f 3161//3777 2141//2243 2143//2245
f 3161//3777 2143//2245 3158//3773
f 3158//3773 2143//2245 2145//2247
f 3158//3773 2145//2247 3157//3772
f 3157//3772 2145//2247 2147//2249
f 3157//3772 2147//2249 2149//2251
f 2336//2475 2337//2477 3059//3667
f 3059//3667 2337//2477 3162//3778
f 3059//3667 3162//3778 3159//3775
f 3159//3775 3162//3778 3163//3779
f 3159//3775 3163//3779 3160//3776
f 3160//3776 3163//3779 3165//3781
f 3160//3776 3165//3781 3161//3777
f 3161//3777 3165//3781 3167//3783
f 3161//3777 3167//3783 2139//3815
f 2131//2233 2133//2235 3168//3784
f 3168//3784 2133//2235 2135//2237
f 3168//3784 2135//2237 3167//3783
f 3167//3783 2135//2237 2137//2239
f 3167//3783 2137//2239 2139//2241
f 2339//2481 2340//2482 3032//3620
f 3032//3620 2340//3816 3060//3817
f 3032//3620 3060//3817 3164//3780
f 3164//3780 3060//3817 3178//3818
f 3164//3780 3178//3818 3166//3782
f 3166//3782 3178//3818 3179//3819
f 3166//3782 3179//3819 3168//3784
f 3168//3784 3179//3819 3180//3820
f 3168//3784 3180//3820 2131//2233
f 2131//2233 3180//3820 2129//2231
f 2341//2484 2342//2486 3060//3668
f 3060//3821 2342//3821 3076//3821
f 3060//3817 3076//3685 3178//3818
f 3178//3818 3076//3685 3077//3686
f 3178//3818 3077//3686 3179//3819
f 3179//3819 3077//3686 3078//3687
f 3179//3819 3078//3687 3180//3820
f 3180//3820 3078//3687 3048//3646
f 3180//3820 3048//3646 2129//3822
f 2129//2231 3048//3646 2127//2229
# Vertices: 3180, normals: 3822, texture coordinates: 0, faces: 6332

o obj2
v 0.01 -0.04332463 0.00071491
v 0.01 -0.04181819 0.0008718
v 0.01 -0.04322124 0.00106026
v 0.01 -0.04307845 0.00139128
v 0.01 -0.04181819 -0.0008718
v 0.01 -0.04332463 -0.00071491
v 0.01 -0.04322124 -0.00106026
v 0.01 -0.04307845 -0.00139128
v 0.01 -0.0428982 -0.00170348
v 0.01 -0.04268293 -0.00199264
v 0.01 -0.04338723 0.00035989
v 0.01 -0.04340819 -0
v 0.01 -0.04338723 -0.00035989
v 0.01 -0.03771818 0.00170348
v 0.01 -0.03793345 0.00199264
v 0.01 -0.03879819 0.0008718
v 0.01 -0.03818084 0.00225486
v 0.01 -0.04012794 0.00309476
v 0.01 -0.04030819 0.0017436
v 0.01 -0.03976988 0.0030529
v 0.01 -0.0394191 0.00296977
v 0.01 -0.03753792 -0.00139128
v 0.01 -0.03739514 -0.00106026
v 0.01 -0.03879819 -0.0008718
v 0.01 -0.03729175 -0.00071491
v 0.01 -0.04048844 0.00309476
v 0.01 -0.0408465 0.0030529
v 0.01 -0.04119728 0.00296977
v 0.01 -0.04243554 0.00225486
v 0.01 -0.04268293 0.00199264
v 0.01 -0.0428982 0.00170348
v 0.01 -0.03729175 0.00071491
v 0.01 -0.03739514 0.00106026
v 0.01 -0.03753792 0.00139128
v 0.01 -0.04048844 -0.00309476
v 0.01 -0.04012794 -0.00309476
v 0.01 -0.04030819 -0.0017436
v 0.01 -0.03976988 -0.0030529
v 0.01 -0.0394191 -0.00296977
v 0.01 -0.04243554 -0.00225486
v 0.01 -0.04215938 -0.00248658
v 0.01 -0.04185819 -0.00268468
v 0.01 -0.04153604 -0.00284647
v 0.01 -0.04153604 0.00284647
v 0.01 -0.04185819 0.00268468
v 0.01 -0.04215938 0.00248658
v 0.01 -0.038457 0.00248658
v 0.01 -0.03875819 0.00268468
v 0.01 -0.03908034 0.00284647
v 0.01 -0.03722915 -0.00035989
v 0.01 -0.03720819 -0
v 0.01 -0.03722915 0.00035989
v 0.01 -0.03908034 -0.00284647
v 0.01 -0.03875819 -0.00268468
v 0.01 -0.038457 -0.00248658
v 0.01 -0.03818084 -0.00225486
v 0.01 -0.04119728 -0.00296977
v 0.01 -0.0408465 -0.0030529
v 0.01 -0.03793345 -0.00199264
v 0.01 -0.03771818 -0.00170348
v 0.0096 -0.04378452 0.00040633
v 0.006 -0.04376286 0.00056144
v 0.006 -0.04380819 -0
v 0.0096 -0.04362807 0.00110834
v 0.006 -0.04362807 0.00110834
v 0.0096 -0.04371385 0.00080716
v 0.0096 -0.04376286 0.00056144
v 0.0096 -0.04359711 0.00119707
v 0.0096 -0.0434359 0.0015708
v 0.006 -0.04340728 0.00162653
v 0.0096 -0.04340728 0.00162653
v 0.0096 -0.0432324 0.00192328
v 0.006 -0.04310624 0.0021026
v 0.0096 -0.04273272 0.00252421
v 0.006 -0.04273272 0.00252421
v 0.0096 -0.04298934 0.00224976
v 0.0096 -0.04310624 0.0021026
v 0.0096 -0.04271003 0.00254581
v 0.0096 -0.04239824 0.00280743
v 0.006 -0.04229641 0.00288044
v 0.0096 -0.04180861 0.00316208
v 0.006 -0.04180861 0.00316208
v 0.0096 -0.04205819 0.00303109
v 0.0096 -0.04229641 0.00288044
v 0.0096 -0.04169447 0.00321376
v 0.0096 -0.041312 0.00335296
v 0.006 -0.04128195 0.00336181
v 0.0096 -0.04128195 0.00336181
v 0.0096 -0.04091595 0.00344683
v 0.006 -0.04073007 0.00347448
v 0.0096 -0.04016726 0.00349716
v 0.006 -0.04016726 0.00349716
v 0.0096 -0.04051169 0.00349408
v 0.0096 -0.04073007 0.00347448
v 0.0096 -0.04010468 0.00349408
v 0.0096 -0.03970042 0.00344683
v 0.006 -0.0396081 0.00342927
v 0.0096 -0.0396081 0.00342927
v 0.0096 -0.03930438 0.00335296
v 0.006 -0.03906707 0.00327256
v 0.0096 -0.03906707 0.00327256
v 0.0096 -0.03892191 0.00321376
v 0.006 -0.03855819 0.00303109
v 0.0096 -0.03855819 0.00303109
v 0.0096 -0.03821813 0.00280743
v 0.006 -0.03809463 0.00271112
v 0.0096 -0.0376884 0.00232093
v 0.006 -0.0376884 0.00232093
v 0.0096 -0.03790634 0.00254581
v 0.0096 -0.03809463 0.00271112
v 0.0096 -0.03762703 0.00224976
v 0.0096 -0.03738398 0.00192328
v 0.006 -0.03735002 0.00187063
v 0.0096 -0.03735002 0.00187063
v 0.0096 -0.03718047 0.0015708
v 0.006 -0.03708826 0.00137188
v 0.0096 -0.03690989 0.0008376
v 0.006 -0.03690989 0.0008376
v 0.0096 -0.03701926 0.00119707
v 0.0096 -0.03708826 0.00137188
v 0.0096 -0.03690253 0.00080716
v 0.0096 -0.03683185 0.00040633
v 0.006 -0.03681954 0.00028163
v 0.0096 -0.03681954 -0.00028163
v 0.006 -0.03681954 -0.00028163
v 0.0096 -0.03680819 -0
v 0.0096 -0.03681954 0.00028163
v 0.0096 -0.03683185 -0.00040633
v 0.0096 -0.03690253 -0.00080716
v 0.006 -0.03690989 -0.0008376
v 0.0096 -0.03690989 -0.0008376
v 0.0096 -0.03701926 -0.00119707
v 0.006 -0.03708826 -0.00137188
v 0.0096 -0.03735002 -0.00187063
v 0.006 -0.03735002 -0.00187063
v 0.0096 -0.03718047 -0.0015708
v 0.0096 -0.03708826 -0.00137188
v 0.0096 -0.03738398 -0.00192328
v 0.0096 -0.03762703 -0.00224976
v 0.006 -0.0376884 -0.00232093
v 0.0096 -0.0376884 -0.00232093
v 0.0096 -0.03790634 -0.00254581
v 0.006 -0.03809463 -0.00271112
v 0.0096 -0.03809463 -0.00271112
v 0.0096 -0.03821813 -0.00280743
v 0.006 -0.03855819 -0.00303109
v 0.0096 -0.03855819 -0.00303109
v 0.0096 -0.03892191 -0.00321376
v 0.006 -0.03906707 -0.00327256
v 0.0096 -0.0396081 -0.00342927
v 0.006 -0.0396081 -0.00342927
v 0.0096 -0.03930438 -0.00335296
v 0.0096 -0.03906707 -0.00327256
v 0.0096 -0.03970042 -0.00344683
v 0.0096 -0.04010468 -0.00349408
v 0.006 -0.04016726 -0.00349716
v 0.0096 -0.04016726 -0.00349716
v 0.0096 -0.04051169 -0.00349408
v 0.006 -0.04073007 -0.00347448
v 0.0096 -0.04128195 -0.00336181
v 0.006 -0.04128195 -0.00336181
v 0.0096 -0.04091595 -0.00344683
v 0.0096 -0.04073007 -0.00347448
v 0.0096 -0.041312 -0.00335296
v 0.0096 -0.04169447 -0.00321376
v 0.006 -0.04180861 -0.00316208
v 0.0096 -0.04229641 -0.00288044
v 0.006 -0.04229641 -0.00288044
v 0.0096 -0.04205819 -0.00303109
v 0.0096 -0.04180861 -0.00316208
v 0.0096 -0.04239824 -0.00280743
v 0.0096 -0.04271003 -0.00254581
v 0.006 -0.04273272 -0.00252421
v 0.0096 -0.04273272 -0.00252421
v 0.0096 -0.04298934 -0.00224976
v 0.006 -0.04310624 -0.0021026
v 0.0096 -0.04340728 -0.00162653
v 0.006 -0.04340728 -0.00162653
v 0.0096 -0.0432324 -0.00192328
v 0.0096 -0.04310624 -0.0021026
v 0.0096 -0.0434359 -0.0015708
v 0.0096 -0.04359711 -0.00119707
v 0.006 -0.04362807 -0.00110834
v 0.0096 -0.04362807 -0.00110834
v 0.0096 -0.04371385 -0.00080716
v 0.006 -0.04376286 -0.00056144
v 0.0096 -0.04376286 -0.00056144
v 0.0096 -0.04378452 -0.00040633
v 0.0096 -0.04380819 -0
v 0.006 -0.03813163 0.00032032
v 0.006 -0.03820147 0.00063382
v 0.006 -0.0383162 0.0009338
v 0.006 -0.03847339 0.00121389
v 0.006 -0.03866969 0.0014681
v 0.006 -0.03890091 0.00169102
v 0.006 -0.03916212 0.0018779
v 0.006 -0.03944776 0.00202476
v 0.006 -0.03975173 0.00212846
v 0.006 -0.04006757 0.0021868
v 0.006 -0.04038854 0.00219853
v 0.006 -0.04070779 0.0021634
v 0.006 -0.04101852 0.00208217
v 0.006 -0.04131412 0.00195655
v 0.006 -0.04158828 0.00178924
v 0.006 -0.04183515 0.00158379
v 0.006 -0.04204948 0.00134458
v 0.006 -0.0422267 0.00107672
v 0.006 -0.04236302 0.00078591
v 0.006 -0.04245555 0.00047835
v 0.006 -0.04006757 -0.0021868
v 0.006 -0.03975173 -0.00212846
v 0.006 -0.03944776 -0.00202476
v 0.006 -0.03916212 -0.0018779
v 0.006 -0.03890091 -0.00169102
v 0.006 -0.03866969 -0.0014681
v 0.006 -0.03847339 -0.00121389
v 0.006 -0.0383162 -0.0009338
v 0.006 -0.03820147 -0.00063382
v 0.006 -0.03813163 -0.00032032
v 0.006 -0.03810819 -0
v 0.006 -0.04250232 0.00016059
v 0.006 -0.04250232 -0.00016059
v 0.006 -0.04245555 -0.00047835
v 0.006 -0.04236302 -0.00078591
v 0.006 -0.0422267 -0.00107672
v 0.006 -0.04204948 -0.00134458
v 0.006 -0.04183515 -0.00158379
v 0.006 -0.04158828 -0.00178924
v 0.006 -0.04131412 -0.00195655
v 0.006 -0.04101852 -0.00208217
v 0.006 -0.04070779 -0.0021634
v 0.006 -0.04038854 -0.00219853
v -0.01361 -0.04230819 -0
v 0.0058 -0.04230285 0.00014599
v -0.01361 -0.0422778 0.0003473
v 0.0058 -0.0422778 0.0003473
v -0.01361 -0.04218757 0.00068404
v 0.0058 -0.04226034 0.00043486
v 0.0058 -0.04218757 0.00068404
v -0.01361 -0.04204024 0.001
v 0.0058 -0.04217622 0.00071446
v 0.0058 -0.04205229 0.00097884
v 0.0058 -0.04204024 0.001
v 0.0058 -0.04189118 0.00122235
v -0.01361 -0.04184028 0.00128558
v 0.0058 -0.04184028 0.00128558
v 0.0058 -0.04169634 0.00143981
v -0.01361 -0.04159376 0.00153209
v 0.0058 -0.04159376 0.00153209
v 0.0058 -0.04147191 0.00162658
v -0.01361 -0.04130819 0.00173205
v 0.0058 -0.04130819 0.00173205
v 0.0058 -0.04122267 0.00177868
v -0.01361 -0.04099223 0.00187939
v 0.0058 -0.04099223 0.00187939
v -0.01361 -0.04065548 0.00196962
v 0.0058 -0.04095395 0.00189288
v 0.0058 -0.04067146 0.00196673
v 0.0058 -0.04065548 0.00196962
v 0.0058 -0.04038123 0.00199867
v -0.01361 -0.04030819 0.002
v 0.0058 -0.04030819 0.002
v 0.0058 -0.04008945 0.001988
v -0.01361 -0.03996089 0.00196962
v 0.0058 -0.03996089 0.00196962
v 0.0058 -0.03980232 0.00193497
v -0.01361 -0.03962415 0.00187939
v 0.0058 -0.03962415 0.00187939
v 0.0058 -0.03952598 0.00184069
v -0.01361 -0.03930819 0.00173205
v 0.0058 -0.03930819 0.00173205
v -0.01361 -0.03902261 0.00153209
v 0.0058 -0.03926631 0.00170719
v 0.0058 -0.03902884 0.00153729
v 0.0058 -0.03902261 0.00153209
v 0.0058 -0.03881864 0.00133464
v -0.01361 -0.0387761 0.00128558
v 0.0058 -0.0387761 0.00128558
v 0.0058 -0.03864019 0.00110354
v -0.01361 -0.03857614 0.001
v 0.0058 -0.03857614 0.001
v 0.0058 -0.03849729 0.00084891
v -0.01361 -0.0384288 0.00068404
v 0.0058 -0.0384288 0.00068404
v 0.0058 -0.03839299 0.0005762
v -0.01361 -0.03833857 0.0003473
v 0.0058 -0.03833857 0.0003473
v -0.01361 -0.03830819 0
v 0.0058 -0.0383295 0.0002912
v 0.0058 -0.03830819 -0
v 0.0058 -0.0383295 -0.0002912
v -0.01361 -0.03833857 -0.0003473
v 0.0058 -0.03833857 -0.0003473
v 0.0058 -0.03839299 -0.0005762
v -0.01361 -0.0384288 -0.00068404
v 0.0058 -0.0384288 -0.00068404
v 0.0058 -0.03849729 -0.00084891
v -0.01361 -0.03857614 -0.001
v 0.0058 -0.03857614 -0.001
v 0.0058 -0.03864019 -0.00110354
v -0.01361 -0.0387761 -0.00128558
v 0.0058 -0.0387761 -0.00128558
v -0.01361 -0.03902261 -0.00153209
v 0.0058 -0.03881864 -0.00133464
v 0.0058 -0.03902261 -0.00153209
v -0.01361 -0.03930819 -0.00173205
v 0.0058 -0.03902884 -0.00153729
v 0.0058 -0.03926631 -0.00170719
v 0.0058 -0.03930819 -0.00173205
v 0.0058 -0.03952598 -0.00184069
v -0.01361 -0.03962415 -0.00187939
v 0.0058 -0.03962415 -0.00187939
v 0.0058 -0.03980232 -0.00193497
v -0.01361 -0.03996089 -0.00196962
v 0.0058 -0.03996089 -0.00196962
v 0.0058 -0.04008945 -0.001988
v -0.01361 -0.04030819 -0.002
v 0.0058 -0.04030819 -0.002
v -0.01361 -0.04065548 -0.00196962
v 0.0058 -0.04038123 -0.00199867
v 0.0058 -0.04065548 -0.00196962
v -0.01361 -0.04099223 -0.00187939
v 0.0058 -0.04067146 -0.00196673
v 0.0058 -0.04095395 -0.00189288
v 0.0058 -0.04099223 -0.00187939
v 0.0058 -0.04122267 -0.00177868
v -0.01361 -0.04130819 -0.00173205
v 0.0058 -0.04130819 -0.00173205
v 0.0058 -0.04147191 -0.00162658
v -0.01361 -0.04159376 -0.00153209
v 0.0058 -0.04159376 -0.00153209
v 0.0058 -0.04169634 -0.00143981
v -0.01361 -0.04184028 -0.00128558
v 0.0058 -0.04184028 -0.00128558
v -0.01361 -0.04204024 -0.001
v 0.0058 -0.04189118 -0.00122235
v 0.0058 -0.04204024 -0.001
v -0.01361 -0.04218757 -0.00068404
v 0.0058 -0.04205229 -0.00097884
v 0.0058 -0.04217622 -0.00071446
v 0.0058 -0.04218757 -0.00068404
v 0.0058 -0.04226034 -0.00043486
v -0.01361 -0.0422778 -0.0003473
v 0.0058 -0.0422778 -0.0003473
v 0.0058 -0.04230285 -0.00014599
v 0.0058 -0.04230819 -0
v -0.014 -0.04189373 -0.00027957
v -0.014 -0.04182109 -0.00055065
v -0.014 -0.04170249 -0.000805
v -0.014 -0.04154152 -0.00103489
v -0.014 -0.04134307 -0.00123333
v -0.014 -0.04111319 -0.0013943
v -0.014 -0.04085884 -0.00151291
v -0.014 -0.04058776 -0.00158554
v -0.014 -0.04030819 -0.00161
v -0.014 -0.04002861 -0.00158554
v -0.014 -0.03975753 -0.00151291
v -0.014 -0.03950319 -0.0013943
v -0.014 -0.0392733 -0.00123333
v -0.014 -0.03907486 -0.00103489
v -0.014 -0.03891389 -0.000805
v -0.014 -0.03879528 -0.00055065
v -0.014 -0.03872265 -0.00027957
v -0.014 -0.03869819 0
v -0.014 -0.03872265 0.00027957
v -0.014 -0.03879528 0.00055065
v -0.014 -0.03891389 0.000805
v -0.014 -0.03907486 0.00103489
v -0.014 -0.0392733 0.00123333
v -0.014 -0.03950319 0.0013943
v -0.014 -0.03975753 0.00151291
v -0.014 -0.04002861 0.00158554
v -0.014 -0.04030819 0.00161
v -0.014 -0.04058776 0.00158554
v -0.014 -0.04085884 0.00151291
v -0.014 -0.04111319 0.0013943
v -0.014 -0.04134307 0.00123333
v -0.014 -0.04154152 0.00103489
v -0.014 -0.04170249 0.000805
v -0.014 -0.04182109 0.00055065
v -0.014 -0.04189373 0.00027957
v -0.014 -0.04191819 -0
v -0.014 -0.04030819 0
v 0.00583473 -0.03839008 0.00057707
v 0.00583473 -0.03832649 0.00029164
v 0.00583473 -0.03849454 0.0008502
v 0.00583473 -0.03863766 0.00110521
v 0.00583473 -0.03881638 0.00133667
v 0.00583473 -0.0390269 0.00153963
v 0.00583473 -0.03926472 0.00170978
v 0.00583473 -0.03952479 0.00184349
v 0.00583473 -0.03980155 0.00193791
v 0.00583473 -0.04008911 0.00199102
v 0.00583473 -0.04038134 0.0020017
v 0.00583473 -0.04067201 0.00196972
v 0.00583473 -0.04095493 0.00189576
v 0.00583473 -0.04122406 0.00178139
v 0.00583473 -0.04147367 0.00162905
v 0.00583473 -0.04169844 0.00144199
v 0.00583473 -0.04189359 0.0012242
v 0.00583473 -0.04205494 0.00098032
v 0.00583473 -0.04217906 0.00071555
v 0.00583473 -0.04226331 0.00043552
v 0.00583473 -0.04230588 0.00014621
v 0.00583473 -0.04230588 -0.00014621
v 0.00583473 -0.04226331 -0.00043552
v 0.00583473 -0.04217906 -0.00071555
v 0.00583473 -0.04205494 -0.00098032
v 0.00583473 -0.04189359 -0.0012242
v 0.00583473 -0.04169844 -0.00144199
v 0.00583473 -0.04147367 -0.00162905
v 0.00583473 -0.04122406 -0.00178139
v 0.00583473 -0.04095493 -0.00189576
v 0.00583473 -0.04067201 -0.00196972
v 0.00583473 -0.04038134 -0.0020017
v 0.00583473 -0.04008911 -0.00199102
v 0.00583473 -0.03980155 -0.00193791
v 0.00583473 -0.03952479 -0.00184349
v 0.00583473 -0.03926472 -0.00170978
v 0.00583473 -0.0390269 -0.00153963
v 0.00583473 -0.03881638 -0.00133667
v 0.00583473 -0.03863766 -0.00110521
v 0.00583473 -0.03849454 -0.0008502
v 0.00583473 -0.03839008 -0.00057707
v 0.00583473 -0.03832649 -0.00029164
v 0.00583473 -0.03830515 -0
v 0.0058684 -0.03831757 -0.00029296
v 0.0058684 -0.03838143 -0.00057967
v 0.0058684 -0.03848637 -0.00085403
v 0.0058684 -0.03863013 -0.00111019
v 0.0058684 -0.03880966 -0.00134269
v 0.0058684 -0.03902113 -0.00154657
v 0.0058684 -0.03926002 -0.00171748
v 0.0058684 -0.03952126 -0.00185179
v 0.0058684 -0.03979927 -0.00194664
v 0.0058684 -0.04008812 -0.00199999
v 0.0058684 -0.04038167 -0.00201072
v 0.0058684 -0.04067365 -0.00197859
v 0.0058684 -0.04095784 -0.0019043
v 0.0058684 -0.04122819 -0.00178941
v 0.0058684 -0.04147892 -0.00163639
v 0.0058684 -0.04170471 -0.00144849
v 0.0058684 -0.04190073 -0.00122972
v 0.0058684 -0.0420628 -0.00098474
v 0.0058684 -0.04218749 -0.00071877
v 0.0058684 -0.04227211 -0.00043748
v 0.0058684 -0.04231488 -0.00014687
v 0.0058684 -0.04231488 0.00014687
v 0.0058684 -0.04227211 0.00043748
v 0.0058684 -0.04218749 0.00071877
v 0.0058684 -0.0420628 0.00098474
v 0.0058684 -0.04190073 0.00122972
v 0.0058684 -0.04170471 0.00144849
v 0.0058684 -0.04147892 0.00163639
v 0.0058684 -0.04122819 0.00178941
v 0.0058684 -0.04095784 0.0019043
v 0.0058684 -0.04067365 0.00197859
v 0.0058684 -0.04038167 0.00201072
v 0.0058684 -0.04008812 0.00199999
v 0.0058684 -0.03979927 0.00194664
v 0.0058684 -0.03952126 0.00185179
v 0.0058684 -0.03926002 0.00171748
v 0.0058684 -0.03902113 0.00154657
v 0.0058684 -0.03880966 0.00134269
v 0.0058684 -0.03863013 0.00111019
v 0.0058684 -0.03848637 0.00085403
v 0.0058684 -0.03838143 0.00057967
v 0.0058684 -0.03831757 0.00029296
v 0.0058684 -0.03829613 -0
v 0.0059 -0.03830299 -0.0002951
v 0.0059 -0.03836733 -0.00058392
v 0.0059 -0.03847303 -0.00086029
v 0.0059 -0.03861785 -0.00111832
v 0.0059 -0.03879869 -0.00135252
v 0.0059 -0.0390117 -0.00155789
v 0.0059 -0.03925235 -0.00173006
v 0.0059 -0.0395155 -0.00186535
v 0.0059 -0.03979554 -0.00196089
v 0.0059 -0.04008652 -0.00201464
v 0.0059 -0.04038221 -0.00202544
v 0.0059 -0.04067633 -0.00199308
v 0.0059 -0.0409626 -0.00191824
v 0.0059 -0.04123493 -0.00180251
v 0.0059 -0.0414875 -0.00164837
v 0.0059 -0.04171493 -0.0014591
v 0.0059 -0.04191239 -0.00123872
v 0.0059 -0.04207565 -0.00099195
v 0.0059 -0.04220125 -0.00072403
v 0.0059 -0.04228649 -0.00044069
v 0.0059 -0.04232958 -0.00014795
v 0.0059 -0.04232958 0.00014795
v 0.0059 -0.04228649 0.00044069
v 0.0059 -0.04220125 0.00072403
v 0.0059 -0.04207565 0.00099195
v 0.0059 -0.04191239 0.00123872
v 0.0059 -0.04171493 0.0014591
v 0.0059 -0.0414875 0.00164837
v 0.0059 -0.04123493 0.00180251
v 0.0059 -0.0409626 0.00191824
v 0.0059 -0.04067633 0.00199308
v 0.0059 -0.04038221 0.00202544
v 0.0059 -0.04008652 0.00201464
v 0.0059 -0.03979554 0.00196089
v 0.0059 -0.0395155 0.00186535
v 0.0059 -0.03925235 0.00173006
v 0.0059 -0.0390117 0.00155789
v 0.0059 -0.03879869 0.00135252
v 0.0059 -0.03861785 0.00111832
v 0.0059 -0.03847303 0.00086029
v 0.0059 -0.03836733 0.00058392
v 0.0059 -0.03830299 0.0002951
v 0.0059 -0.03828139 -0
v 0.00592856 -0.03828321 -0.00029802
v 0.00592856 -0.03834818 -0.00058968
v 0.00592856 -0.03845492 -0.00086877
v 0.00592856 -0.03860117 -0.00112935
v 0.00592856 -0.0387838 -0.00136586
v 0.00592856 -0.03899891 -0.00157326
v 0.00592856 -0.03924193 -0.00174713
v 0.00592856 -0.03950768 -0.00188376
v 0.00592856 -0.03979049 -0.00198024
v 0.00592856 -0.04008433 -0.00203451
v 0.00592856 -0.04038294 -0.00204543
v 0.00592856 -0.04067996 -0.00201274
v 0.00592856 -0.04096906 -0.00193716
v 0.00592856 -0.04124407 -0.0018203
v 0.00592856 -0.04149913 -0.00166463
v 0.00592856 -0.04172881 -0.00147349
v 0.00592856 -0.04192822 -0.00125094
v 0.00592856 -0.04209309 -0.00100174
v 0.00592856 -0.04221992 -0.00073118
v 0.00592856 -0.04230601 -0.00044503
v 0.00592856 -0.04234952 -0.00014941
v 0.00592856 -0.04234952 0.00014941
v 0.00592856 -0.04230601 0.00044503
v 0.00592856 -0.04221992 0.00073118
v 0.00592856 -0.04209309 0.00100174
v 0.00592856 -0.04192822 0.00125094
v 0.00592856 -0.04172881 0.00147349
v 0.00592856 -0.04149913 0.00166463
v 0.00592856 -0.04124407 0.0018203
v 0.00592856 -0.04096906 0.00193716
v 0.00592856 -0.04067996 0.00201274
v 0.00592856 -0.04038294 0.00204543
v 0.00592856 -0.04008433 0.00203451
v 0.00592856 -0.03979049 0.00198024
v 0.00592856 -0.03950768 0.00188376
v 0.00592856 -0.03924193 0.00174713
v 0.00592856 -0.03899891 0.00157326
v 0.00592856 -0.0387838 0.00136586
v 0.00592856 -0.03860117 0.00112935
v 0.00592856 -0.03845492 0.00086877
v 0.00592856 -0.03834818 0.00058968
v 0.00592856 -0.03828321 0.00029802
v 0.00592856 -0.03826139 -0
v 0.00595321 -0.03825882 -0.0003016
v 0.00595321 -0.03832457 -0.00059678
v 0.00595321 -0.03843261 -0.00087924
v 0.00595321 -0.03858061 -0.00114296
v 0.00595321 -0.03876543 -0.00138231
v 0.00595321 -0.03898314 -0.00159221
v 0.00595321 -0.03922909 -0.00176817
v 0.00595321 -0.03949804 -0.00190644
v 0.00595321 -0.03978425 -0.00200409
v 0.00595321 -0.04008163 -0.00205902
v 0.00595321 -0.04038384 -0.00207006
v 0.00595321 -0.04068444 -0.00203699
v 0.00595321 -0.04097702 -0.0019605
v 0.00595321 -0.04125534 -0.00184222
v 0.00595321 -0.04151348 -0.00168468
v 0.00595321 -0.04174592 -0.00149124
v 0.00595321 -0.04194773 -0.00126601
v 0.00595321 -0.04211459 -0.0010138
v 0.00595321 -0.04224295 -0.00073998
v 0.00595321 -0.04233007 -0.00045039
v 0.00595321 -0.0423741 -0.00015121
v 0.00595321 -0.0423741 0.00015121
v 0.00595321 -0.04233007 0.00045039
v 0.00595321 -0.04224295 0.00073998
v 0.00595321 -0.04211459 0.0010138
v 0.00595321 -0.04194773 0.00126601
v 0.00595321 -0.04174592 0.00149124
v 0.00595321 -0.04151348 0.00168468
v 0.00595321 -0.04125534 0.00184222
v 0.00595321 -0.04097702 0.0019605
v 0.00595321 -0.04068444 0.00203699
v 0.00595321 -0.04038384 0.00207006
v 0.00595321 -0.04008163 0.00205902
v 0.00595321 -0.03978425 0.00200409
v 0.00595321 -0.03949804 0.00190644
v 0.00595321 -0.03922909 0.00176817
v 0.00595321 -0.03898314 0.00159221
v 0.00595321 -0.03876543 0.00138231
v 0.00595321 -0.03858061 0.00114296
v 0.00595321 -0.03843261 0.00087924
v 0.00595321 -0.03832457 0.00059678
v 0.00595321 -0.03825882 0.0003016
v 0.00595321 -0.03823674 -0
v 0.0059732 -0.03823057 -0.00030576
v 0.0059732 -0.03829722 -0.00060501
v 0.0059732 -0.03840675 -0.00089136
v 0.0059732 -0.03855679 -0.00115871
v 0.0059732 -0.03874417 -0.00140137
v 0.0059732 -0.03896488 -0.00161416
v 0.0059732 -0.03921421 -0.00179255
v 0.0059732 -0.03948687 -0.00193273
v 0.0059732 -0.03977703 -0.00203172
v 0.0059732 -0.04007851 -0.0020874
v 0.0059732 -0.04038488 -0.0020986
v 0.0059732 -0.04068962 -0.00206507
v 0.0059732 -0.04098624 -0.00198752
v 0.0059732 -0.0412684 -0.00186762
v 0.0059732 -0.04153009 -0.00170791
v 0.0059732 -0.04176574 -0.0015118
v 0.0059732 -0.04197033 -0.00128346
v 0.0059732 -0.04213949 -0.00102778
v 0.0059732 -0.04226962 -0.00075018
v 0.0059732 -0.04235795 -0.0004566
v 0.0059732 -0.04240258 -0.00015329
v 0.0059732 -0.04240258 0.00015329
v 0.0059732 -0.04235795 0.0004566
v 0.0059732 -0.04226962 0.00075018
v 0.0059732 -0.04213949 0.00102778
v 0.0059732 -0.04197033 0.00128346
v 0.0059732 -0.04176574 0.0015118
v 0.0059732 -0.04153009 0.00170791
v 0.0059732 -0.0412684 0.00186762
v 0.0059732 -0.04098624 0.00198752
v 0.0059732 -0.04068962 0.00206507
v 0.0059732 -0.04038488 0.0020986
v 0.0059732 -0.04007851 0.0020874
v 0.0059732 -0.03977703 0.00203172
v 0.0059732 -0.03948687 0.00193273
v 0.0059732 -0.03921421 0.00179255
v 0.0059732 -0.03896488 0.00161416
v 0.0059732 -0.03874417 0.00140137
v 0.0059732 -0.03855679 0.00115871
v 0.0059732 -0.03840675 0.00089136
v 0.0059732 -0.03829722 0.00060501
v 0.0059732 -0.03823057 0.00030576
v 0.0059732 -0.03820819 -0
v 0.00598794 -0.03819931 -0.00031036
v 0.00598794 -0.03826697 -0.00061411
v 0.00598794 -0.03837814 -0.00090477
v 0.00598794 -0.03853044 -0.00117615
v 0.00598794 -0.03872063 -0.00142245
v 0.00598794 -0.03894466 -0.00163845
v 0.00598794 -0.03919775 -0.00181952
v 0.00598794 -0.03947451 -0.00196181
v 0.00598794 -0.03976903 -0.00206228
v 0.00598794 -0.04007505 -0.00211881
v 0.00598794 -0.04038604 -0.00213017
v 0.00598794 -0.04069537 -0.00209614
v 0.00598794 -0.04099644 -0.00201743
v 0.00598794 -0.04128284 -0.00189572
v 0.00598794 -0.04154848 -0.00173361
v 0.00598794 -0.04178767 -0.00153454
v 0.00598794 -0.04199534 -0.00130278
v 0.00598794 -0.04216705 -0.00104324
v 0.00598794 -0.04229913 -0.00076147
v 0.00598794 -0.04238879 -0.00046347
v 0.00598794 -0.0424341 -0.0001556
v 0.00598794 -0.0424341 0.0001556
v 0.00598794 -0.04238879 0.00046347
v 0.00598794 -0.04229913 0.00076147
v 0.00598794 -0.04216705 0.00104324
v 0.00598794 -0.04199534 0.00130278
v 0.00598794 -0.04178767 0.00153454
v 0.00598794 -0.04154848 0.00173361
v 0.00598794 -0.04128284 0.00189572
v 0.00598794 -0.04099644 0.00201743
v 0.00598794 -0.04069537 0.00209614
v 0.00598794 -0.04038604 0.00213017
v 0.00598794 -0.04007505 0.00211881
v 0.00598794 -0.03976903 0.00206228
v 0.00598794 -0.03947451 0.00196181
v 0.00598794 -0.03919775 0.00181952
v 0.00598794 -0.03894466 0.00163845
v 0.00598794 -0.03872063 0.00142245
v 0.00598794 -0.03853044 0.00117615
v 0.00598794 -0.03837814 0.00090477
v 0.00598794 -0.03826697 0.00061411
v 0.00598794 -0.03819931 0.00031036
v 0.00598794 -0.03817659 -0
v 0.00599696 -0.03816599 -0.00031527
v 0.00599696 -0.03823472 -0.00062381
v 0.00599696 -0.03834765 -0.00091906
v 0.00599696 -0.03850236 -0.00119473
v 0.00599696 -0.03869556 -0.00144493
v 0.00599696 -0.03892312 -0.00166433
v 0.00599696 -0.03918021 -0.00184826
v 0.00599696 -0.03946134 -0.0019928
v 0.00599696 -0.03976052 -0.00209486
v 0.00599696 -0.04007137 -0.00215228
v 0.00599696 -0.04038727 -0.00216383
v 0.00599696 -0.04070148 -0.00212925
v 0.00599696 -0.04100731 -0.0020493
v 0.00599696 -0.04129824 -0.00192567
v 0.00599696 -0.04156807 -0.00176099
v 0.00599696 -0.04181105 -0.00155879
v 0.00599696 -0.04202199 -0.00132336
v 0.00599696 -0.04219641 -0.00105972
v 0.00599696 -0.04233059 -0.0007735
v 0.00599696 -0.04242166 -0.0004708
v 0.00599696 -0.04246768 -0.00015805
v 0.00599696 -0.04246768 0.00015805
v 0.00599696 -0.04242166 0.0004708
v 0.00599696 -0.04233059 0.0007735
v 0.00599696 -0.04219641 0.00105972
v 0.00599696 -0.04202199 0.00132336
v 0.00599696 -0.04181105 0.00155879
v 0.00599696 -0.04156807 0.00176099
v 0.00599696 -0.04129824 0.00192567
v 0.00599696 -0.04100731 0.0020493
v 0.00599696 -0.04070148 0.00212925
v 0.00599696 -0.04038727 0.00216383
v 0.00599696 -0.04007137 0.00215228
v 0.00599696 -0.03976052 0.00209486
v 0.00599696 -0.03946134 0.0019928
v 0.00599696 -0.03918021 0.00184826
v 0.00599696 -0.03892312 0.00166433
v 0.00599696 -0.03869556 0.00144493
v 0.00599696 -0.03850236 0.00119473
v 0.00599696 -0.03834765 0.00091906
v 0.00599696 -0.03823472 0.00062381
v 0.00599696 -0.03816599 0.00031527
v 0.00599696 -0.03814292 -0
v 0.00966946 -0.04370793 -0.00080575
v 0.00966946 -0.04322732 -0.00191994
v 0.00966946 -0.04270586 -0.00254139
v 0.00966946 -0.04205515 -0.00302583
v 0.00966946 -0.0409149 -0.00344084
v 0.00966946 -0.04051134 -0.00348801
v 0.00966946 -0.03930612 -0.00334714
v 0.00966946 -0.03791051 -0.00254139
v 0.00966946 -0.0371859 -0.00156807
v 0.00966946 -0.03690844 -0.00080575
v 0.00966946 -0.03681426 -0
v 0.00966946 -0.03702497 0.00119499
v 0.00966946 -0.0371859 0.00156807
v 0.00966946 -0.03791051 0.00254139
v 0.00966946 -0.03930612 0.00334714
v 0.00966946 -0.04051134 0.00348801
v 0.00966946 -0.04131025 0.00334714
v 0.00966946 -0.04205515 0.00302583
v 0.00966946 -0.04298469 0.00224585
v 0.00966946 -0.04322732 0.00191994
v 0.00966946 -0.04370793 0.00080575
v 0.00999392 -0.04345622 0.00036795
v 0.00999392 -0.04339221 0.00073093
v 0.00997588 -0.04352311 0.00037577
v 0.00997588 -0.04345775 0.00074646
v 0.00994641 -0.04358587 0.00038311
v 0.00994641 -0.04351924 0.00076103
v 0.00990642 -0.0436426 0.00038974
v 0.00990642 -0.04357481 0.0007742
v 0.00985712 -0.04369157 0.00039546
v 0.00985712 -0.04362278 0.00078557
v 0.0098 -0.04373129 0.0004001
v 0.0098 -0.0436617 0.0007948
v 0.00973681 -0.04376056 0.00040352
v 0.00973681 -0.04369037 0.00080159
v 0.00966946 -0.04377849 0.00040562
v 0.00999392 -0.04314052 0.00142245
v 0.00999392 -0.04295623 0.00174165
v 0.00997588 -0.04320071 0.00145268
v 0.00997588 -0.0430125 0.00177866
v 0.00994641 -0.04325718 0.00148104
v 0.00994641 -0.0430653 0.00181338
v 0.00990642 -0.04330822 0.00150667
v 0.00990642 -0.04311302 0.00184476
v 0.00985712 -0.04335227 0.0015288
v 0.00985712 -0.04315421 0.00187186
v 0.0098 -0.04338801 0.00154675
v 0.0098 -0.04318762 0.00189383
v 0.00973681 -0.04341435 0.00155997
v 0.00973681 -0.04321224 0.00191003
v 0.00966946 -0.04343047 0.00156807
v 0.00999392 -0.04220086 0.0025423
v 0.00999392 -0.04189292 0.00274483
v 0.00997588 -0.04224107 0.00259632
v 0.00997588 -0.04192659 0.00280316
v 0.00994641 -0.04227881 0.00264701
v 0.00994641 -0.04195819 0.00285788
v 0.00990642 -0.04231292 0.00269282
v 0.00990642 -0.04198674 0.00290735
v 0.00985712 -0.04234236 0.00273237
v 0.00985712 -0.0420114 0.00295004
v 0.0098 -0.04236624 0.00276445
v 0.0098 -0.04203139 0.00298468
v 0.00973681 -0.04238384 0.00278808
v 0.00973681 -0.04204613 0.0030102
v 0.00966946 -0.04239462 0.00280256
v 0.00999392 -0.04085856 0.00312131
v 0.00999392 -0.04049248 0.0031641
v 0.00997588 -0.04087025 0.00318763
v 0.00997588 -0.04049639 0.00323133
v 0.00994641 -0.04088123 0.00324987
v 0.00994641 -0.04050007 0.00329442
v 0.00990642 -0.04089114 0.00330611
v 0.00990642 -0.04050339 0.00335144
v 0.00985712 -0.04089971 0.00335467
v 0.00985712 -0.04050625 0.00340065
v 0.0098 -0.04090665 0.00339405
v 0.0098 -0.04050858 0.00344058
v 0.00973681 -0.04091177 0.00342307
v 0.00973681 -0.04051029 0.00347
v 0.00966946 -0.0409149 0.00344084
v 0.00999392 -0.03975782 0.00312131
v 0.00999392 -0.03939918 0.00303631
v 0.00997588 -0.03974612 0.00318763
v 0.00997588 -0.03937986 0.00310083
v 0.00994641 -0.03973515 0.00324987
v 0.00994641 -0.03936174 0.00316137
v 0.00990642 -0.03972523 0.00330611
v 0.00990642 -0.03934536 0.00321608
v 0.00985712 -0.03971667 0.00335467
v 0.00985712 -0.03933122 0.00326331
v 0.0098 -0.03970972 0.00339405
v 0.0098 -0.03931975 0.00330162
v 0.00973681 -0.03970461 0.00342307
v 0.00973681 -0.03931129 0.00332985
v 0.00966946 -0.03970147 0.00344084
v 0.00999392 -0.03841552 0.0025423
v 0.00999392 -0.03813317 0.00230538
v 0.00997588 -0.0383753 0.00259632
v 0.00997588 -0.03808695 0.00235437
v 0.00994641 -0.03833757 0.00264701
v 0.00994641 -0.03804359 0.00240033
v 0.00990642 -0.03830346 0.00269282
v 0.00990642 -0.03800439 0.00244188
v 0.00985712 -0.03827402 0.00273237
v 0.00985712 -0.03797056 0.00247774
v 0.0098 -0.03825013 0.00276445
v 0.0098 -0.03794312 0.00250683
v 0.00973681 -0.03823254 0.00278808
v 0.00973681 -0.0379229 0.00252826
v 0.00966946 -0.03822176 0.00280256
v 0.00999392 -0.03766014 0.00174165
v 0.00999392 -0.03747585 0.00142245
v 0.00997588 -0.03760387 0.00177866
v 0.00997588 -0.03741567 0.00145268
v 0.00994641 -0.03755108 0.00181338
v 0.00994641 -0.0373592 0.00148104
v 0.00990642 -0.03750336 0.00184476
v 0.00990642 -0.03730816 0.00150667
v 0.00985712 -0.03746217 0.00187186
v 0.00985712 -0.0372641 0.0015288
v 0.0098 -0.03742876 0.00189383
v 0.0098 -0.03722836 0.00154675
v 0.00973681 -0.03740413 0.00191003
v 0.00973681 -0.03720203 0.00155997
v 0.00966946 -0.03738906 0.00191994
v 0.00999392 -0.03716016 0.00036795
v 0.00999392 -0.03713873 -0
v 0.00997588 -0.03709327 0.00037577
v 0.00997588 -0.03707138 -0
v 0.00994641 -0.0370305 0.00038311
v 0.00994641 -0.03700819 -0
v 0.00990642 -0.03697377 0.00038974
v 0.00990642 -0.03695107 -0
v 0.00985712 -0.0369248 0.00039546
v 0.00985712 -0.03690177 -0
v 0.0098 -0.03688508 0.0004001
v 0.0098 -0.03686178 -0
v 0.00973681 -0.03685581 0.00040352
v 0.00973681 -0.03683231 -0
v 0.00966946 -0.03683789 0.00040562
v 0.00999392 -0.03732987 -0.00108402
v 0.00999392 -0.03747585 -0.00142245
v 0.00997588 -0.03726658 -0.00110705
v 0.00997588 -0.03741567 -0.00145268
v 0.00994641 -0.0372072 -0.00112867
v 0.00994641 -0.0373592 -0.00148104
v 0.00990642 -0.03715353 -0.0011482
v 0.00990642 -0.03730816 -0.00150667
v 0.00985712 -0.0371072 -0.00116506
v 0.00985712 -0.0372641 -0.0015288
v 0.0098 -0.03706962 -0.00117874
v 0.0098 -0.03722836 -0.00154675
v 0.00973681 -0.03704193 -0.00118882
v 0.00973681 -0.03720203 -0.00155997
v 0.00966946 -0.03702497 -0.00119499
v 0.00999392 -0.03788024 -0.00203729
v 0.00999392 -0.03813317 -0.00230538
v 0.00997588 -0.03782865 -0.00208058
v 0.00997588 -0.03808695 -0.00235437
v 0.00994641 -0.03778024 -0.0021212
v 0.00994641 -0.03804359 -0.00240033
v 0.00990642 -0.03773649 -0.00215791
v 0.00990642 -0.03800439 -0.00244188
v 0.00985712 -0.03769872 -0.0021896
v 0.00985712 -0.03797056 -0.00247774
v 0.0098 -0.03766808 -0.00221531
v 0.0098 -0.03794312 -0.00250683
v 0.00973681 -0.03764551 -0.00223425
v 0.00973681 -0.0379229 -0.00252826
v 0.00966946 -0.03763169 -0.00224585
v 0.00999392 -0.03905283 -0.00291025
v 0.00999392 -0.03939918 -0.00303631
v 0.00997588 -0.03902615 -0.00297209
v 0.00997588 -0.03937986 -0.00310083
v 0.00994641 -0.03900113 -0.00303011
v 0.00994641 -0.03936174 -0.00316137
v 0.00990642 -0.0389785 -0.00308256
v 0.00990642 -0.03934536 -0.00321608
v 0.00985712 -0.03895897 -0.00312783
v 0.00985712 -0.03933122 -0.00326331
v 0.0098 -0.03894313 -0.00316455
v 0.0098 -0.03931975 -0.00330162
v 0.00973681 -0.03893146 -0.00319161
v 0.00973681 -0.03931129 -0.00332985
v 0.00966946 -0.03892431 -0.00320818
v 0.00999392 -0.0401239 -0.0031641
v 0.00999392 -0.04049248 -0.0031641
v 0.00997588 -0.04011998 -0.00323133
v 0.00997588 -0.04049639 -0.00323133
v 0.00994641 -0.04011631 -0.00329442
v 0.00994641 -0.04050007 -0.00329442
v 0.00990642 -0.04011299 -0.00335144
v 0.00990642 -0.04050339 -0.00335144
v 0.00985712 -0.04011012 -0.00340065
v 0.00985712 -0.04050625 -0.00340065
v 0.0098 -0.0401078 -0.00344058
v 0.0098 -0.04050858 -0.00344058
v 0.00973681 -0.04010608 -0.00347
v 0.00973681 -0.04051029 -0.00347
v 0.00966946 -0.04010503 -0.00348801
v 0.00999392 -0.04156355 -0.00291025
v 0.00999392 -0.04189292 -0.00274483
v 0.00997588 -0.04159022 -0.00297209
v 0.00997588 -0.04192659 -0.00280316
v 0.00994641 -0.04161525 -0.00303011
v 0.00994641 -0.04195819 -0.00285788
v 0.00990642 -0.04163787 -0.00308256
v 0.00990642 -0.04198674 -0.00290735
v 0.00985712 -0.0416574 -0.00312783
v 0.00985712 -0.0420114 -0.00295004
v 0.0098 -0.04167324 -0.00316455
v 0.0098 -0.04203139 -0.00298468
v 0.00973681 -0.04168491 -0.00319161
v 0.00973681 -0.04204613 -0.0030102
v 0.00966946 -0.04169206 -0.00320818
v 0.00999392 -0.04273614 -0.00203729
v 0.00999392 -0.04295623 -0.00174165
v 0.00997588 -0.04278773 -0.00208058
v 0.00997588 -0.0430125 -0.00177866
v 0.00994641 -0.04283613 -0.0021212
v 0.00994641 -0.0430653 -0.00181338
v 0.00990642 -0.04287989 -0.00215791
v 0.00990642 -0.04311302 -0.00184476
v 0.00985712 -0.04291765 -0.0021896
v 0.00985712 -0.04315421 -0.00187186
v 0.0098 -0.04294829 -0.00221531
v 0.0098 -0.04318762 -0.00189383
v 0.00973681 -0.04297087 -0.00223425
v 0.00973681 -0.04321224 -0.00191003
v 0.00966946 -0.04298469 -0.00224585
v 0.00999392 -0.04328651 -0.00108402
v 0.00999392 -0.04339221 -0.00073093
v 0.00997588 -0.04334979 -0.00110705
v 0.00997588 -0.04345775 -0.00074646
v 0.00994641 -0.04340917 -0.00112867
v 0.00994641 -0.04351924 -0.00076103
v 0.00990642 -0.04346284 -0.0011482
v 0.00990642 -0.04357481 -0.0007742
v 0.00985712 -0.04350917 -0.00116506
v 0.00985712 -0.04362278 -0.00078557
v 0.0098 -0.04354675 -0.00117874
v 0.0098 -0.0436617 -0.0007948
v 0.00973681 -0.04357444 -0.00118882
v 0.00973681 -0.04369037 -0.00080159
v 0.00966946 -0.0435914 -0.00119499
v 0.00999392 -0.04347765 -0
v 0.00997588 -0.043545 -0
v 0.00994641 -0.04360819 -0
v 0.00990642 -0.0436653 -0
v 0.00985712 -0.04371461 -0
v 0.0098 -0.0437546 -0
v 0.00973681 -0.04378406 -0
v 0.00966946 -0.04380211 -0
v 0.00966946 -0.0435914 0.00119499
v 0.00973681 -0.04357444 0.00118882
v 0.0098 -0.04354675 0.00117874
v 0.00985712 -0.04350917 0.00116506
v 0.00990642 -0.04346284 0.0011482
v 0.00994641 -0.04340917 0.00112867
v 0.00997588 -0.04334979 0.00110705
v 0.00999392 -0.04328651 0.00108402
v 0.00973681 -0.04297087 0.00223425
v 0.0098 -0.04294829 0.00221531
v 0.00985712 -0.04291765 0.0021896
v 0.00990642 -0.04287989 0.00215791
v 0.00994641 -0.04283613 0.0021212
v 0.00997588 -0.04278773 0.00208058
v 0.00999392 -0.04273614 0.00203729
v 0.00966946 -0.04270586 0.00254139
v 0.00973681 -0.04269348 0.00252826
v 0.0098 -0.04267326 0.00250683
v 0.00985712 -0.04264581 0.00247774
v 0.00990642 -0.04261198 0.00244188
v 0.00994641 -0.04257279 0.00240033
v 0.00997588 -0.04252942 0.00235437
v 0.00999392 -0.0424832 0.00230538
v 0.00966946 -0.04169206 0.00320818
v 0.00973681 -0.04168491 0.00319161
v 0.0098 -0.04167324 0.00316455
v 0.00985712 -0.0416574 0.00312783
v 0.00990642 -0.04163787 0.00308256
v 0.00994641 -0.04161525 0.00303011
v 0.00997588 -0.04159022 0.00297209
v 0.00999392 -0.04156355 0.00291025
v 0.00999392 -0.0412172 0.00303631
v 0.00997588 -0.04123652 0.00310083
v 0.00994641 -0.04125464 0.00316137
v 0.00990642 -0.04127102 0.00321608
v 0.00985712 -0.04128516 0.00326331
v 0.0098 -0.04129663 0.00330162
v 0.00973681 -0.04130508 0.00332985
v 0.00966946 -0.04010503 0.00348801
v 0.00973681 -0.04010608 0.00347
v 0.0098 -0.0401078 0.00344058
v 0.00985712 -0.04011012 0.00340065
v 0.00990642 -0.04011299 0.00335144
v 0.00994641 -0.04011631 0.00329442
v 0.00997588 -0.04011998 0.00323133
v 0.00999392 -0.0401239 0.0031641
v 0.00966946 -0.03892431 0.00320818
v 0.00973681 -0.03893146 0.00319161
v 0.0098 -0.03894313 0.00316455
v 0.00985712 -0.03895897 0.00312783
v 0.00990642 -0.0389785 0.00308256
v 0.00994641 -0.03900113 0.00303011
v 0.00997588 -0.03902615 0.00297209
v 0.00999392 -0.03905283 0.00291025
v 0.00999392 -0.03872346 0.00274483
v 0.00997588 -0.03868978 0.00280316
v 0.00994641 -0.03865819 0.00285788
v 0.00990642 -0.03862963 0.00290735
v 0.00985712 -0.03860498 0.00295004
v 0.0098 -0.03858498 0.00298468
v 0.00973681 -0.03857025 0.0030102
v 0.00966946 -0.03856122 0.00302583
v 0.00966946 -0.03763169 0.00224585
v 0.00973681 -0.03764551 0.00223425
v 0.0098 -0.03766808 0.00221531
v 0.00985712 -0.03769872 0.0021896
v 0.00990642 -0.03773649 0.00215791
v 0.00994641 -0.03778024 0.0021212
v 0.00997588 -0.03782865 0.00208058
v 0.00999392 -0.03788024 0.00203729
v 0.00973681 -0.03704193 0.00118882
v 0.0098 -0.03706962 0.00117874
v 0.00985712 -0.0371072 0.00116506
v 0.00990642 -0.03715353 0.0011482
v 0.00994641 -0.0372072 0.00112867
v 0.00997588 -0.03726658 0.00110705
v 0.00999392 -0.03732987 0.00108402
v 0.00966946 -0.03690844 0.00080575
v 0.00973681 -0.03692601 0.00080159
v 0.0098 -0.03695467 0.0007948
v 0.00985712 -0.03699359 0.00078557
v 0.00990642 -0.03704156 0.0007742
v 0.00994641 -0.03709714 0.00076103
v 0.00997588 -0.03715863 0.00074646
v 0.00999392 -0.03722416 0.00073093
v 0.00966946 -0.03683789 -0.00040562
v 0.00973681 -0.03685581 -0.00040352
v 0.0098 -0.03688508 -0.0004001
v 0.00985712 -0.0369248 -0.00039546
v 0.00990642 -0.03697377 -0.00038974
v 0.00994641 -0.0370305 -0.00038311
v 0.00997588 -0.03709327 -0.00037577
v 0.00999392 -0.03716016 -0.00036795
v 0.00999392 -0.03722416 -0.00073093
v 0.00997588 -0.03715863 -0.00074646
v 0.00994641 -0.03709714 -0.00076103
v 0.00990642 -0.03704156 -0.0007742
v 0.00985712 -0.03699359 -0.00078557
v 0.0098 -0.03695467 -0.0007948
v 0.00973681 -0.03692601 -0.00080159
v 0.00966946 -0.03738906 -0.00191994
v 0.00973681 -0.03740413 -0.00191003
v 0.0098 -0.03742876 -0.00189383
v 0.00985712 -0.03746217 -0.00187186
v 0.00990642 -0.03750336 -0.00184476
v 0.00994641 -0.03755108 -0.00181338
v 0.00997588 -0.03760387 -0.00177866
v 0.00999392 -0.03766014 -0.00174165
v 0.00966946 -0.03822176 -0.00280256
v 0.00973681 -0.03823254 -0.00278808
v 0.0098 -0.03825013 -0.00276445
v 0.00985712 -0.03827402 -0.00273237
v 0.00990642 -0.03830346 -0.00269282
v 0.00994641 -0.03833757 -0.00264701
v 0.00997588 -0.0383753 -0.00259632
v 0.00999392 -0.03841552 -0.0025423
v 0.00999392 -0.03872346 -0.00274483
v 0.00997588 -0.03868978 -0.00280316
v 0.00994641 -0.03865819 -0.00285788
v 0.00990642 -0.03862963 -0.00290735
v 0.00985712 -0.03860498 -0.00295004
v 0.0098 -0.03858498 -0.00298468
v 0.00973681 -0.03857025 -0.0030102
v 0.00966946 -0.03856122 -0.00302583
v 0.00966946 -0.03970147 -0.00344084
v 0.00973681 -0.03970461 -0.00342307
v 0.0098 -0.03970972 -0.00339405
v 0.00985712 -0.03971667 -0.00335467
v 0.00990642 -0.03972523 -0.00330611
v 0.00994641 -0.03973515 -0.00324987
v 0.00997588 -0.03974612 -0.00318763
v 0.00999392 -0.03975782 -0.00312131
v 0.00973681 -0.04091177 -0.00342307
v 0.0098 -0.04090665 -0.00339405
v 0.00985712 -0.04089971 -0.00335467
v 0.00990642 -0.04089114 -0.00330611
v 0.00994641 -0.04088123 -0.00324987
v 0.00997588 -0.04087025 -0.00318763
v 0.00999392 -0.04085856 -0.00312131
v 0.00966946 -0.04131025 -0.00334714
v 0.00973681 -0.04130508 -0.00332985
v 0.0098 -0.04129663 -0.00330162
v 0.00985712 -0.04128516 -0.00326331
v 0.00990642 -0.04127102 -0.00321608
v 0.00994641 -0.04125464 -0.00316137
v 0.00997588 -0.04123652 -0.00310083
v 0.00999392 -0.0412172 -0.00303631
v 0.00966946 -0.04239462 -0.00280256
v 0.00973681 -0.04238384 -0.00278808
v 0.0098 -0.04236624 -0.00276445
v 0.00985712 -0.04234236 -0.00273237
v 0.00990642 -0.04231292 -0.00269282
v 0.00994641 -0.04227881 -0.00264701
v 0.00997588 -0.04224107 -0.00259632
v 0.00999392 -0.04220086 -0.0025423
v 0.00999392 -0.0424832 -0.00230538
v 0.00997588 -0.04252942 -0.00235437
v 0.00994641 -0.04257279 -0.00240033
v 0.00990642 -0.04261198 -0.00244188
v 0.00985712 -0.04264581 -0.00247774
v 0.0098 -0.04267326 -0.00250683
v 0.00973681 -0.04269348 -0.00252826
v 0.00966946 -0.04343047 -0.00156807
v 0.00973681 -0.04341435 -0.00155997
v 0.0098 -0.04338801 -0.00154675
v 0.00985712 -0.04335227 -0.0015288
v 0.00990642 -0.04330822 -0.00150667
v 0.00994641 -0.04325718 -0.00148104
v 0.00997588 -0.04320071 -0.00145268
v 0.00999392 -0.04314052 -0.00142245
v 0.00966946 -0.04377849 -0.00040562
v 0.00973681 -0.04376056 -0.00040352
v 0.0098 -0.04373129 -0.0004001
v 0.00985712 -0.04369157 -0.00039546
v 0.00990642 -0.0436426 -0.00038974
v 0.00994641 -0.04358587 -0.00038311
v 0.00997588 -0.04352311 -0.00037577
v 0.00999392 -0.04345622 -0.00036795
v 0.008 -0.04181819 -0.0008718
v 0.008 -0.04106319 -0.0013077
v 0.008 -0.04030819 -0.0017436
v 0.008 -0.04181819 0.0008718
v 0.008 -0.04181819 -0
v 0.008 -0.04030819 0.0017436
v 0.008 -0.04106319 0.0013077
v 0.008 -0.03879819 0.0008718
v 0.008 -0.03955319 0.0013077
v 0.008 -0.03879819 -0.0008718
v 0.008 -0.03879819 -0
v 0.008 -0.03955319 -0.0013077
v 0.008 -0.03933758 0.00115673
v 0.008 -0.03915146 0.00097061
v 0.008 -0.03900049 0.000755
v 0.008 -0.03888925 0.00051645
v 0.008 -0.03882113 0.00026221
v 0.008 -0.03979174 0.00141894
v 0.008 -0.04082464 0.00141894
v 0.008 -0.0405704 0.00148706
v 0.008 -0.04030819 0.00151
v 0.008 -0.04004598 0.00148706
v 0.008 -0.04179525 0.00026221
v 0.008 -0.04172712 0.00051645
v 0.008 -0.04161588 0.000755
v 0.008 -0.04146491 0.00097061
v 0.008 -0.0412788 0.00115673
v 0.008 -0.0412788 -0.00115673
v 0.008 -0.04179525 -0.00026221
v 0.008 -0.04172712 -0.00051645
v 0.008 -0.04146491 -0.00097061
v 0.008 -0.04161588 -0.000755
v 0.008 -0.03979174 -0.00141894
v 0.008 -0.04004598 -0.00148706
v 0.008 -0.04030819 -0.00151
v 0.008 -0.0405704 -0.00148706
v 0.008 -0.04082464 -0.00141894
v 0.008 -0.03882113 -0.00026221
v 0.008 -0.03888925 -0.00051645
v 0.008 -0.03900049 -0.000755
v 0.008 -0.03915146 -0.00097061
v 0.008 -0.03933758 -0.00115673
v 0.0071282 -0.04030819 -0
v -0.01 0.04065929 0.00308005
v -0.01 0.04000052 0.00171624
v -0.01 0.04029934 0.00309999
v -0.01 0.03993952 0.003078
v -0.01 0.04164066 0.00112457
v -0.01 0.04200427 0.00259486
v -0.01 0.04229405 0.00238041
v -0.01 0.04255697 0.00213377
v -0.01 0.04278948 0.00185828
v -0.01 0.04298843 0.00155765
v -0.01 0.04101449 0.00301847
v -0.01 0.04136014 0.00291606
v -0.01 0.04169156 0.00277422
v -0.01 0.0378269 -0.00185828
v -0.01 0.03762794 -0.00155765
v -0.01 0.03897572 -0.00112457
v -0.01 0.03746523 -0.00123596
v -0.01 0.0373359 0.00088062
v -0.01 0.03866805 0.00059167
v -0.01 0.03725376 0.0005296
v -0.01 0.03721293 0.00017142
v -0.01 0.04067685 -0.003078
v -0.01 0.04031703 -0.00309999
v -0.01 0.04061586 -0.00171624
v -0.01 0.03995708 -0.00308005
v -0.01 0.03745823 0.00121972
v -0.01 0.0376191 0.00154234
v -0.01 0.03781634 0.00184409
v -0.01 0.03890901 0.00276628
v -0.01 0.03923962 0.00291001
v -0.01 0.03958468 0.00301439
v -0.01 0.0386121 -0.00259486
v -0.01 0.03832233 -0.00238041
v -0.01 0.03805941 -0.00213377
v -0.01 0.04328048 -0.00088062
v -0.01 0.04315815 -0.00121972
v -0.01 0.04194833 -0.00059167
v -0.01 0.04299727 -0.00154234
v -0.01 0.04280004 -0.00184409
v -0.01 0.04315114 0.00123596
v -0.01 0.04327541 0.00089756
v -0.01 0.04335954 0.00054701
v -0.01 0.04340241 0.00018907
v -0.01 0.03804727 0.00212091
v -0.01 0.03830878 0.00236905
v -0.01 0.03859733 0.00258514
v -0.01 0.03734097 -0.00089756
v -0.01 0.03725683 -0.00054701
v -0.01 0.03721396 -0.00018907
v -0.01 0.03960188 -0.00301847
v -0.01 0.03925624 -0.00291606
v -0.01 0.03892482 -0.00277422
v -0.01 0.0425691 -0.00212091
v -0.01 0.04230759 -0.00236905
v -0.01 0.04201905 -0.00258514
v -0.01 0.04170736 -0.00276628
v -0.01 0.04340344 -0.00017142
v -0.01 0.04336261 -0.0005296
v -0.01 0.04137675 -0.00291001
v -0.01 0.0410317 -0.00301439
v -0.0096 0.04110563 0.00340795
v -0.006 0.04095237 0.00344021
v -0.006 0.04149587 0.00329232
v -0.0096 0.04039218 0.00349899
v -0.006 0.04039218 0.00349899
v -0.0096 0.0407046 0.00347748
v -0.0096 0.04095237 0.00344021
v -0.0096 0.0402982 0.00349999
v -0.0096 0.03989195 0.00347516
v -0.006 0.03982981 0.00346715
v -0.0096 0.03982981 0.00346715
v -0.0096 0.03949132 0.00340334
v -0.006 0.03927984 0.00334552
v -0.0096 0.03875649 0.00313724
v -0.006 0.03875649 0.00313724
v -0.0096 0.03910174 0.0032855
v -0.0096 0.03927984 0.00334552
v -0.0096 0.03872848 0.00312322
v -0.0096 0.03837657 0.00291871
v -0.006 0.03827334 0.0028477
v -0.0096 0.03784289 0.00248441
v -0.006 0.03784289 0.00248441
v -0.0096 0.03805079 0.00267473
v -0.0096 0.03827334 0.0028477
v -0.0096 0.03775554 0.00239458
v -0.0096 0.03749481 0.00208204
v -0.006 0.03747629 0.00205678
v -0.0096 0.03747629 0.00205678
v -0.0096 0.03727212 0.00174135
v -0.006 0.03718303 0.00157587
v -0.0096 0.03697071 0.00105415
v -0.006 0.03697071 0.00105415
v -0.0096 0.03709049 0.00137711
v -0.0096 0.03718303 0.00157587
v -0.0096 0.03695238 0.00099424
v -0.0096 0.03685964 0.00059794
v -0.006 0.03684483 0.00050513
v -0.0096 0.03684483 0.00050513
v -0.0096 0.03681354 0.00019354
v -0.006 0.03680865 -5.697E-05
v -0.0096 0.03680865 -5.697E-05
v -0.0096 0.0368147 -0.00021347
v -0.006 0.03686311 -0.0006176
v -0.0096 0.03686311 -0.0006176
v -0.0096 0.0369581 -0.00101337
v -0.006 0.03700679 -0.00116223
v -0.0096 0.03723598 -0.00167676
v -0.006 0.03723598 -0.00167676
v -0.0096 0.0370984 -0.00139544
v -0.0096 0.03700679 -0.00116223
v -0.0096 0.0372821 -0.00175864
v -0.0096 0.03750673 -0.00209805
v -0.006 0.03754473 -0.00214786
v -0.0096 0.03754473 -0.00214786
v -0.0096 0.03776924 -0.0024091
v -0.006 0.03792506 -0.00256334
v -0.0096 0.03836711 -0.00291242
v -0.006 0.03836711 -0.00291242
v -0.0096 0.03806609 -0.00268756
v -0.0096 0.03792506 -0.00256334
v -0.0096 0.03839326 -0.00292968
v -0.0096 0.03874632 -0.00313218
v -0.006 0.03885943 -0.00318608
v -0.0096 0.03938928 -0.00337722
v -0.006 0.03938928 -0.00337722
v -0.0096 0.0391205 -0.00329232
v -0.0096 0.03885943 -0.00318608
v -0.0096 0.03951075 -0.00340795
v -0.0096 0.03991178 -0.00347748
v -0.006 0.03994292 -0.00348089
v -0.0096 0.03994292 -0.00348089
v -0.0096 0.04031817 -0.00349999
v -0.006 0.04050602 -0.0034944
v -0.0096 0.041064 -0.00341742
v -0.006 0.041064 -0.00341742
v -0.0096 0.04072443 -0.00347516
v -0.0096 0.04050602 -0.0034944
v -0.0096 0.04112505 -0.00340334
v -0.0096 0.04151464 -0.0032855
v -0.006 0.04160241 -0.00325192
v -0.0096 0.04160241 -0.00325192
v -0.0096 0.0418879 -0.00312322
v -0.006 0.04210729 -0.0030022
v -0.0096 0.04210729 -0.0030022
v -0.0096 0.0422398 -0.00291871
v -0.006 0.04256558 -0.00267473
v -0.0096 0.04256558 -0.00267473
v -0.0096 0.04286084 -0.00239458
v -0.006 0.0429654 -0.00227798
v -0.0096 0.04329641 -0.00182223
v -0.006 0.04329641 -0.00182223
v -0.0096 0.04312157 -0.00208204
v -0.0096 0.0429654 -0.00227798
v -0.0096 0.04334426 -0.00174135
v -0.0096 0.04352589 -0.00137711
v -0.006 0.04355002 -0.00131929
v -0.0096 0.04355002 -0.00131929
v -0.0096 0.043664 -0.00099424
v -0.006 0.04371967 -0.00078218
v -0.0096 0.04380096 -0.00022481
v -0.006 0.04380096 -0.00022481
v -0.0096 0.04375673 -0.00059794
v -0.0096 0.04371967 -0.00078218
v -0.0096 0.04380283 -0.00019354
v -0.0096 0.04380167 0.00021347
v -0.006 0.04379179 0.00033838
v -0.0096 0.0436924 0.00089281
v -0.006 0.0436924 0.00089281
v -0.0096 0.04375327 0.0006176
v -0.0096 0.04379179 0.00033838
v -0.0096 0.04365828 0.00101337
v -0.0096 0.04351798 0.00139544
v -0.006 0.04350536 0.00142411
v -0.0096 0.04350536 0.00142411
v -0.0096 0.04333427 0.00175864
v -0.006 0.04323551 0.00191853
v -0.0096 0.04288985 0.00236326
v -0.006 0.04288985 0.00236326
v -0.0096 0.04310965 0.00209805
v -0.0096 0.04323551 0.00191853
v -0.0096 0.04284713 0.0024091
v -0.0096 0.04255029 0.00268756
v -0.006 0.04247732 0.00274679
v -0.0096 0.04247732 0.00274679
v -0.0096 0.04222312 0.00292968
v -0.006 0.04200862 0.00305917
v -0.0096 0.04200862 0.00305917
v -0.0096 0.04187006 0.00313218
v -0.0096 0.04149587 0.00329232
v -0.006 0.03926828 -0.00193871
v -0.006 0.03899708 -0.00176664
v -0.006 0.03875383 -0.00155691
v -0.006 0.03854371 -0.00131401
v -0.006 0.03837119 -0.00104309
v -0.006 0.03823996 -0.00074995
v -0.006 0.0381528 -0.00044082
v -0.006 0.03811159 -0.0001223
v -0.006 0.03811719 0.00019883
v -0.006 0.03816949 0.00051573
v -0.006 0.03826737 0.00082163
v -0.006 0.03840875 0.00111002
v -0.006 0.03859061 0.00137475
v -0.006 0.03880908 0.00161018
v -0.006 0.0390595 0.00181129
v -0.006 0.03933653 0.0019738
v -0.006 0.03963428 0.00209424
v -0.006 0.03994638 0.00217005
v -0.006 0.0402662 0.0021996
v -0.006 0.04058691 0.00218227
v -0.006 0.04228358 -0.00096841
v -0.006 0.04212153 -0.00124571
v -0.006 0.04192083 -0.00149646
v -0.006 0.04168576 -0.00171531
v -0.006 0.04142133 -0.00189761
v -0.006 0.04113317 -0.00203946
v -0.006 0.04082743 -0.00213785
v -0.006 0.04051062 -0.00219067
v -0.006 0.0401895 -0.0021968
v -0.006 0.03987091 -0.00215611
v -0.006 0.03956164 -0.00206946
v -0.006 0.04090168 0.00211843
v -0.006 0.0412038 0.00200945
v -0.006 0.04148684 0.00185763
v -0.006 0.04174475 0.00166622
v -0.006 0.04197204 0.0014393
v -0.006 0.04216387 0.0011817
v -0.006 0.04231616 0.00089892
v -0.006 0.04242564 0.00059698
v -0.006 0.04249 0.00028231
v -0.006 0.04250785 -3.837E-05
v -0.006 0.04247883 -0.00035824
v -0.006 0.04240353 -0.00067047
v 0.01361 0.04098687 0.00188133
v -0.0058 0.04084773 0.00192585
v 0.01361 0.04064986 0.0019706
v -0.0058 0.04064986 0.0019706
v 0.01361 0.04030249 0.00199999
v -0.0058 0.04056157 0.00198388
v -0.0058 0.04030249 0.00199999
v 0.01361 0.03995528 0.00196862
v -0.0058 0.04027002 0.00199964
v -0.0058 0.03997927 0.00197277
v -0.0058 0.03995528 0.00196862
v -0.0058 0.03969554 0.00190385
v 0.01361 0.03961879 0.00187743
v -0.0058 0.03961879 0.00187743
v -0.0058 0.03942487 0.00179436
v 0.01361 0.03930325 0.00172919
v -0.0058 0.03930325 0.00172919
v -0.0058 0.03917302 0.00164663
v 0.01361 0.03901825 0.00152842
v -0.0058 0.03901825 0.00152842
v -0.0058 0.03894536 0.0014638
v 0.01361 0.03877244 0.0012812
v -0.0058 0.03877244 0.0012812
v 0.01361 0.03857329 0.00099506
v -0.0058 0.03874676 0.00124977
v -0.0058 0.03858143 0.00100911
v -0.0058 0.03857329 0.00099506
v -0.0058 0.0384529 0.00074693
v 0.01361 0.03842686 0.00067868
v -0.0058 0.03842686 0.00067868
v -0.0058 0.03836392 0.00046884
v 0.01361 0.03833759 0.00034168
v -0.0058 0.03833759 0.00034168
v -0.0058 0.03831637 0.00018076
v 0.01361 0.0383082 -5.7E-06
v -0.0058 0.0383082 -5.7E-06
v -0.0058 0.03831128 -0.00011118
v 0.01361 0.03833957 -0.00035291
v -0.0058 0.03833957 -0.00035291
v 0.01361 0.03843076 -0.0006894
v -0.0058 0.03834875 -0.00040075
v -0.0058 0.03842798 -0.00068177
v -0.0058 0.03843076 -0.0006894
v -0.0058 0.03854728 -0.00094827
v 0.01361 0.03857899 -0.00100494
v -0.0058 0.03857899 -0.00100494
v -0.0058 0.03870412 -0.00119455
v 0.01361 0.03877977 -0.00128994
v -0.0058 0.03877977 -0.00128994
v -0.0058 0.03889514 -0.00141538
v 0.01361 0.03902699 -0.00153575
v -0.0058 0.03902699 -0.00153575
v -0.0058 0.03911628 -0.00160603
v 0.01361 0.03931313 -0.0017349
v -0.0058 0.03931313 -0.0017349
v 0.01361 0.03962951 -0.00188133
v -0.0058 0.03936282 -0.00176246
v -0.0058 0.03962951 -0.00188133
v -0.0058 0.03991067 -0.0019601
v 0.01361 0.03996651 -0.0019706
v -0.0058 0.03996651 -0.0019706
v -0.0058 0.04020029 -0.00199709
v 0.01361 0.04031389 -0.00199999
v -0.0058 0.04031389 -0.00199999
v -0.0058 0.04049222 -0.00199151
v 0.01361 0.0406611 -0.00196862
v -0.0058 0.0406611 -0.00196862
v -0.0058 0.04078023 -0.0019435
v 0.01361 0.04099759 -0.00187743
v -0.0058 0.04099759 -0.00187743
v 0.01361 0.04131312 -0.00172919
v -0.0058 0.04105818 -0.00185406
v -0.0058 0.04131312 -0.00172919
v 0.01361 0.04159813 -0.00152842
v -0.0058 0.04132013 -0.0017251
v -0.0058 0.04156053 -0.00155937
v -0.0058 0.04159813 -0.00152842
v -0.0058 0.04177423 -0.00136041
v 0.01361 0.04184394 -0.0012812
v -0.0058 0.04184394 -0.0012812
v -0.0058 0.04195668 -0.00113246
v 0.01361 0.04204308 -0.00099506
v -0.0058 0.04204308 -0.00099506
v -0.0058 0.042104 -0.00088037
v 0.01361 0.04218952 -0.00067868
v -0.0058 0.04218952 -0.00067868
v 0.01361 0.04227879 -0.00034168
v -0.0058 0.04221305 -0.00060951
v -0.0058 0.04227879 -0.00034168
v 0.01361 0.04230818 5.7E-06
v -0.0058 0.04228149 -0.00032567
v -0.0058 0.04230788 -3.488E-05
v -0.0058 0.04230818 5.7E-06
v -0.0058 0.04229165 0.00025665
v 0.01361 0.0422768 0.00035291
v -0.0058 0.0422768 0.00035291
v -0.0058 0.04223315 0.00054271
v 0.01361 0.04218562 0.0006894
v -0.0058 0.04218562 0.0006894
v -0.0058 0.04213361 0.0008172
v 0.01361 0.04203738 0.00100494
v -0.0058 0.04203738 0.00100494
v 0.01361 0.0418366 0.00128994
v -0.0058 0.04199518 0.00107428
v -0.0058 0.0418366 0.00128994
v 0.01361 0.04158939 0.00153575
v -0.0058 0.04182078 0.00130845
v -0.0058 0.04161415 0.00151475
v -0.0058 0.04158939 0.00153575
v -0.0058 0.04137969 0.00168875
v 0.01361 0.04130324 0.0017349
v -0.0058 0.04130324 0.0017349
v -0.0058 0.04112238 0.00182677
v -0.0058 0.04098687 0.00188133
v 0.014 0.04110921 0.00139659
v 0.014 0.04133955 0.00123628
v 0.014 0.04153856 0.0010384
v 0.014 0.04170019 0.00080897
v 0.014 0.04181952 0.00055497
v 0.014 0.04189292 0.00028409
v 0.014 0.04191818 4.59E-06
v 0.014 0.04189452 -0.00027505
v 0.014 0.04182266 -0.00054634
v 0.014 0.04170478 -0.00080102
v 0.014 0.04154447 -0.00103137
v 0.014 0.04134659 -0.00123038
v 0.014 0.04111716 -0.001392
v 0.014 0.04086315 -0.00151133
v 0.014 0.04059228 -0.00158474
v 0.014 0.04031278 -0.00160999
v 0.014 0.04003314 -0.00158633
v 0.014 0.03976185 -0.00151447
v 0.014 0.03950717 -0.00139659
v 0.014 0.03927682 -0.00123628
v 0.014 0.03907781 -0.0010384
v 0.014 0.03891619 -0.00080897
v 0.014 0.03879686 -0.00055497
v 0.014 0.03872345 -0.00028409
v 0.014 0.03869819 -4.59E-06
v 0.014 0.03872186 0.00027505
v 0.014 0.03879372 0.00054634
v 0.014 0.0389116 0.00080102
v 0.014 0.03907191 0.00103137
v 0.014 0.03926979 0.00123038
v 0.014 0.03949922 0.001392
v 0.014 0.03975322 0.00151133
v 0.014 0.04002409 0.00158474
v 0.014 0.0403036 0.00160999
v 0.014 0.04058324 0.00158633
v 0.014 0.04085452 0.00151447
v 0.014 0.04030819 0
v -0.00583473 0.03911447 -0.00160847
v -0.00583473 0.03936138 -0.00176514
v -0.00583473 0.03889299 -0.00141753
v -0.00583473 0.03870168 -0.00119637
v -0.00583473 0.03854461 -0.00094971
v -0.00583473 0.03842512 -0.00068281
v -0.00583473 0.03834577 -0.00040135
v -0.00583473 0.03830825 -0.00011135
v -0.00583473 0.03831335 0.00018103
v -0.00583473 0.03836096 0.00046956
v -0.00583473 0.03845008 0.00074807
v -0.00583473 0.0385788 0.00101064
v -0.00583473 0.03874438 0.00125167
v -0.00583473 0.03894329 0.00146602
v -0.00583473 0.03917129 0.00164913
v -0.00583473 0.03942352 0.00179709
v -0.00583473 0.03969461 0.00190675
v -0.00583473 0.03997877 0.00197577
v -0.00583473 0.04026996 0.00200267
v -0.00583473 0.04056196 0.0019869
v -0.00583473 0.04084855 0.00192878
v -0.00583473 0.04112362 0.00182954
v -0.00583473 0.04138131 0.00169132
v -0.00583473 0.04161613 0.00151705
v -0.00583473 0.04182308 0.00131044
v -0.00583473 0.04199774 0.00107591
v -0.00583473 0.04213639 0.00081844
v -0.00583473 0.04223607 0.00054353
v -0.00583473 0.04229467 0.00025704
v -0.00583473 0.04231092 -3.494E-05
v -0.00583473 0.04228449 -0.00032616
v -0.00583473 0.04221594 -0.00061044
v -0.00583473 0.04210673 -0.00088171
v -0.00583473 0.04195919 -0.00113418
v -0.00583473 0.04177646 -0.00136248
v -0.00583473 0.04156243 -0.00156174
v -0.00583473 0.04132167 -0.00172772
v -0.00583473 0.04105931 -0.00185687
v -0.00583473 0.04078095 -0.00194645
v -0.00583473 0.0404925 -0.00199454
v -0.00583473 0.04020013 -0.00200012
v -0.00583473 0.03991006 -0.00196307
v -0.00583473 0.03962848 -0.00188419
v -0.0058684 0.03990827 -0.00197192
v -0.0058684 0.04019964 -0.00200913
v -0.0058684 0.04049333 -0.00200353
v -0.0058684 0.04078307 -0.00195522
v -0.0058684 0.0410627 -0.00186524
v -0.0058684 0.04132624 -0.0017355
v -0.0058684 0.04156808 -0.00156878
v -0.0058684 0.04178307 -0.00136862
v -0.0058684 0.04196662 -0.00113929
v -0.0058684 0.04211483 -0.00088568
v -0.0058684 0.04222453 -0.00061319
v -0.0058684 0.0422934 -0.00032763
v -0.0058684 0.04231994 -3.509E-05
v -0.0058684 0.04230361 0.00025819
v -0.0058684 0.04224475 0.00054598
v -0.0058684 0.04214462 0.00082213
v -0.0058684 0.04200535 0.00108075
v -0.0058684 0.04182991 0.00131635
v -0.0058684 0.04162203 0.00152388
v -0.0058684 0.04138615 0.00169894
v -0.0058684 0.04112729 0.00183779
v -0.0058684 0.04085098 0.00193746
v -0.0058684 0.0405631 0.00199585
v -0.0058684 0.04026978 0.00201169
v -0.0058684 0.03997729 0.00198467
v -0.0058684 0.03969185 0.00191534
v -0.0058684 0.03941954 0.00180519
v -0.0058684 0.03916617 0.00165656
v -0.0058684 0.03893714 0.00147263
v -0.0058684 0.03873734 0.00125731
v -0.0058684 0.03857101 0.00101519
v -0.0058684 0.03844171 0.00075144
v -0.0058684 0.03835219 0.00047167
v -0.0058684 0.03830436 0.00018185
v -0.0058684 0.03829924 -0.00011185
v -0.0058684 0.03833693 -0.00040316
v -0.0058684 0.03841664 -0.00068588
v -0.0058684 0.03853666 -0.00095399
v -0.0058684 0.03869444 -0.00120176
v -0.0058684 0.03888662 -0.00142391
v -0.0058684 0.03910909 -0.00161572
v -0.0058684 0.03935712 -0.00177309
v -0.0058684 0.03962542 -0.00189267
v -0.0059 0.03990534 -0.00198636
v -0.0059 0.04019885 -0.00202384
v -0.0059 0.04049469 -0.0020182
v -0.0059 0.04078655 -0.00196953
v -0.0059 0.04106822 -0.00187889
v -0.0059 0.04133369 -0.00174821
v -0.0059 0.04157731 -0.00158027
v -0.0059 0.04179387 -0.00137864
v -0.0059 0.04197877 -0.00114763
v -0.0059 0.04212806 -0.00089216
v -0.0059 0.04223857 -0.00061768
v -0.0059 0.04230793 -0.00033003
v -0.0059 0.04233468 -3.535E-05
v -0.0059 0.04231822 0.00026008
v -0.0059 0.04225894 0.00054998
v -0.0059 0.04215807 0.00082815
v -0.0059 0.04201778 0.00108867
v -0.0059 0.04184105 0.00132598
v -0.0059 0.04163165 0.00153504
v -0.0059 0.04139404 0.00171138
v -0.0059 0.04113329 0.00185124
v -0.0059 0.04085495 0.00195165
v -0.0059 0.04056497 0.00201046
v -0.0059 0.04026951 0.00202643
v -0.0059 0.03997486 0.0019992
v -0.0059 0.03968733 0.00192936
v -0.0059 0.03941303 0.0018184
v -0.0059 0.03915781 0.00166869
v -0.0059 0.0389271 0.00148341
v -0.0059 0.03872583 0.00126652
v -0.0059 0.03855829 0.00102263
v -0.0059 0.03842805 0.00075694
v -0.0059 0.03833787 0.00047512
v -0.0059 0.03828969 0.00018318
v -0.0059 0.03828453 -0.00011267
v -0.0059 0.0383225 -0.00040611
v -0.0059 0.03840279 -0.00069091
v -0.0059 0.03852369 -0.00096097
v -0.0059 0.03868262 -0.00121056
v -0.0059 0.03887621 -0.00143434
v -0.0059 0.03910031 -0.00162755
v -0.0059 0.03935015 -0.00178608
v -0.0059 0.03962042 -0.00190653
v -0.00592856 0.03990136 -0.00200595
v -0.00592856 0.04019777 -0.00204381
v -0.00592856 0.04049653 -0.00203811
v -0.00592856 0.04079127 -0.00198897
v -0.00592856 0.04107572 -0.00189743
v -0.00592856 0.04134381 -0.00176546
v -0.00592856 0.04158983 -0.00159586
v -0.00592856 0.04180853 -0.00139224
v -0.00592856 0.04199525 -0.00115895
v -0.00592856 0.04214602 -0.00090097
v -0.00592856 0.04225761 -0.00062377
v -0.00592856 0.04232766 -0.00033329
v -0.00592856 0.04235467 -3.57E-05
v -0.00592856 0.04233806 0.00026265
v -0.00592856 0.04227818 0.0005554
v -0.00592856 0.04217632 0.00083632
v -0.00592856 0.04203464 0.00109941
v -0.00592856 0.04185617 0.00133907
v -0.00592856 0.04164471 0.00155018
v -0.00592856 0.04140475 0.00172826
v -0.00592856 0.04114143 0.00186951
v -0.00592856 0.04086035 0.00197091
v -0.00592856 0.0405675 0.0020303
v -0.00592856 0.04026912 0.00204642
v -0.00592856 0.03997158 0.00201892
v -0.00592856 0.03968121 0.0019484
v -0.00592856 0.0394042 0.00183634
v -0.00592856 0.03914646 0.00168515
v -0.00592856 0.03891348 0.00149805
v -0.00592856 0.03871023 0.00127901
v -0.00592856 0.03854103 0.00103272
v -0.00592856 0.03840949 0.00076441
v -0.00592856 0.03831843 0.00047981
v -0.00592856 0.03826977 0.00018499
v -0.00592856 0.03826456 -0.00011378
v -0.00592856 0.03830291 -0.00041012
v -0.00592856 0.03838399 -0.00069772
v -0.00592856 0.03850608 -0.00097045
v -0.00592856 0.03866659 -0.0012225
v -0.00592856 0.03886208 -0.00144849
v -0.00592856 0.03908839 -0.00164361
v -0.00592856 0.0393407 -0.0018037
v -0.00592856 0.03961363 -0.00192534
v -0.00595321 0.03989647 -0.00203011
v -0.00595321 0.04019644 -0.00206843
v -0.00595321 0.0404988 -0.00206265
v -0.00595321 0.04079709 -0.00201292
v -0.00595321 0.04108496 -0.00192028
v -0.00595321 0.04135628 -0.00178672
v -0.00595321 0.04160526 -0.00161508
v -0.00595321 0.04182659 -0.00140901
v -0.00595321 0.04201557 -0.00117291
v -0.00595321 0.04216815 -0.00091182
v -0.00595321 0.04228109 -0.00063129
v -0.00595321 0.04235198 -0.0003373
v -0.00595321 0.04237932 -3.613E-05
v -0.00595321 0.0423625 0.00026581
v -0.00595321 0.04230191 0.00056209
v -0.00595321 0.04219882 0.00084639
v -0.00595321 0.04205544 0.00111265
v -0.00595321 0.04187481 0.00135519
v -0.00595321 0.0416608 0.00156886
v -0.00595321 0.04141796 0.00174908
v -0.00595321 0.04115147 0.00189202
v -0.00595321 0.040867 0.00199464
v -0.00595321 0.04057062 0.00205475
v -0.00595321 0.04026865 0.00207107
v -0.00595321 0.03996752 0.00204324
v -0.00595321 0.03967366 0.00197186
v -0.00595321 0.03939331 0.00185846
v -0.00595321 0.03913247 0.00170545
v -0.00595321 0.03889668 0.00151609
v -0.00595321 0.03869098 0.00129441
v -0.00595321 0.03851974 0.00104515
v -0.00595321 0.03838663 0.00077362
v -0.00595321 0.03829446 0.00048559
v -0.00595321 0.03824522 0.00018722
v -0.00595321 0.03823995 -0.00011515
v -0.00595321 0.03827875 -0.00041506
v -0.00595321 0.03836082 -0.00070613
v -0.00595321 0.03848438 -0.00098214
v -0.00595321 0.03864682 -0.00123722
v -0.00595321 0.03884466 -0.00146594
v -0.00595321 0.0390737 -0.0016634
v -0.00595321 0.03932905 -0.00182542
v -0.00595321 0.03960527 -0.00194853
v -0.0059732 0.03989079 -0.0020581
v -0.0059732 0.0401949 -0.00209694
v -0.0059732 0.04050142 -0.00209109
v -0.0059732 0.04080383 -0.00204067
v -0.0059732 0.04109567 -0.00194676
v -0.0059732 0.04137073 -0.00181135
v -0.0059732 0.04162314 -0.00163734
v -0.0059732 0.04184753 -0.00142844
v -0.0059732 0.04203911 -0.00118908
v -0.0059732 0.04219379 -0.00092439
v -0.0059732 0.04230829 -0.00063999
v -0.0059732 0.04238016 -0.00034195
v -0.0059732 0.04240787 -3.663E-05
v -0.0059732 0.04239083 0.00026948
v -0.0059732 0.0423294 0.00056984
v -0.0059732 0.04222489 0.00085806
v -0.0059732 0.04207953 0.00112799
v -0.0059732 0.04189641 0.00137388
v -0.0059732 0.04167945 0.00159048
v -0.0059732 0.04143326 0.00177319
v -0.0059732 0.04116309 0.00191811
v -0.0059732 0.0408747 0.00202214
v -0.0059732 0.04057424 0.00208308
v -0.0059732 0.0402681 0.00209962
v -0.0059732 0.03996283 0.00207141
v -0.0059732 0.03966491 0.00199905
v -0.0059732 0.0393807 0.00188408
v -0.0059732 0.03911626 0.00172896
v -0.0059732 0.03887722 0.00153699
v -0.0059732 0.03866868 0.00131226
v -0.0059732 0.03849509 0.00105956
v -0.0059732 0.03836014 0.00078428
v -0.0059732 0.0382667 0.00049229
v -0.0059732 0.03821678 0.0001898
v -0.0059732 0.03821144 -0.00011674
v -0.0059732 0.03825078 -0.00042078
v -0.0059732 0.03833397 -0.00071586
v -0.0059732 0.03845924 -0.00099568
v -0.0059732 0.03862391 -0.00125428
v -0.0059732 0.03882448 -0.00148615
v -0.0059732 0.03905668 -0.00168634
v -0.0059732 0.03931555 -0.00185059
v -0.0059732 0.03959558 -0.00197539
v -0.00598794 0.03988451 -0.00208907
v -0.00598794 0.0401932 -0.00212849
v -0.00598794 0.04050433 -0.00212255
v -0.00598794 0.04081129 -0.00207137
v -0.00598794 0.04110752 -0.00197605
v -0.00598794 0.04138672 -0.00183861
v -0.00598794 0.04164293 -0.00166198
v -0.00598794 0.04187069 -0.00144993
v -0.00598794 0.04206515 -0.00120697
v -0.00598794 0.04222216 -0.0009383
v -0.00598794 0.04233838 -0.00064962
v -0.00598794 0.04241133 -0.0003471
v -0.00598794 0.04243946 -3.718E-05
v -0.00598794 0.04242216 0.00027353
v -0.00598794 0.04235981 0.00057842
v -0.00598794 0.04225373 0.00087097
v -0.00598794 0.04210618 0.00114496
v -0.00598794 0.04192031 0.00139455
v -0.00598794 0.04170008 0.00161441
v -0.00598794 0.04145019 0.00179987
v -0.00598794 0.04117595 0.00194697
v -0.00598794 0.04088323 0.00205257
v -0.00598794 0.04057824 0.00211442
v -0.00598794 0.0402675 0.00213121
v -0.00598794 0.03995763 0.00210257
v -0.00598794 0.03965523 0.00202912
v -0.00598794 0.03936674 0.00191243
v -0.00598794 0.03909833 0.00175497
v -0.00598794 0.03885569 0.00156011
v -0.00598794 0.03864402 0.001332
v -0.00598794 0.03846781 0.0010755
v -0.00598794 0.03833083 0.00079608
v -0.00598794 0.03823599 0.00049969
v -0.00598794 0.03818532 0.00019265
v -0.00598794 0.03817989 -0.00011849
v -0.00598794 0.03821982 -0.00042711
v -0.00598794 0.03830427 -0.00072663
v -0.00598794 0.03843142 -0.00101066
v -0.00598794 0.03859857 -0.00127315
v -0.00598794 0.03880216 -0.00150851
v -0.00598794 0.03903785 -0.00171171
v -0.00598794 0.03930062 -0.00187843
v -0.00598794 0.03958486 -0.00200512
v -0.00599696 0.03987782 -0.00212207
v -0.00599696 0.04019138 -0.00216212
v -0.00599696 0.04050743 -0.00215608
v -0.00599696 0.04081924 -0.0021041
v -0.00599696 0.04112015 -0.00200727
v -0.00599696 0.04140376 -0.00186765
v -0.00599696 0.04166401 -0.00168823
v -0.00599696 0.04189537 -0.00147283
v -0.00599696 0.0420929 -0.00122604
v -0.00599696 0.0422524 -0.00095312
v -0.00599696 0.04237046 -0.00065988
v -0.00599696 0.04244456 -0.00035258
v -0.00599696 0.04247313 -3.777E-05
v -0.00599696 0.04245556 0.00027785
v -0.00599696 0.04239222 0.00058755
v -0.00599696 0.04228446 0.00088473
v -0.00599696 0.04213458 0.00116305
v -0.00599696 0.04194578 0.00141658
v -0.00599696 0.04172207 0.00163992
v -0.00599696 0.04146823 0.0018283
v -0.00599696 0.04118966 0.00197772
v -0.00599696 0.04089231 0.00208499
v -0.00599696 0.04058251 0.00214782
v -0.00599696 0.04026686 0.00216488
v -0.00599696 0.03995209 0.00213579
v -0.00599696 0.03964492 0.00206118
v -0.00599696 0.03935187 0.00194264
v -0.00599696 0.03907921 0.0017827
v -0.00599696 0.03883275 0.00158476
v -0.00599696 0.03861773 0.00135305
v -0.00599696 0.03843874 0.00109249
v -0.00599696 0.03829959 0.00080866
v -0.00599696 0.03820325 0.00050759
v -0.00599696 0.03815178 0.0001957
v -0.00599696 0.03814626 -0.00012037
v -0.00599696 0.03818683 -0.00043386
v -0.00599696 0.03827261 -0.00073811
v -0.00599696 0.03840177 -0.00102663
v -0.00599696 0.03857156 -0.00129326
v -0.00599696 0.03877837 -0.00153234
v -0.00599696 0.03901778 -0.00173875
v -0.00599696 0.0392847 -0.00190811
v -0.00599696 0.03957343 -0.00203679
v -0.00966946 0.0422198 0.00292459
v -0.00966946 0.04310478 0.00209441
v -0.00966946 0.0435124 0.00139302
v -0.00966946 0.04374729 0.00061652
v -0.00966946 0.04375075 -0.0005969
v -0.00966946 0.04365817 -0.00099252
v -0.00966946 0.04311669 -0.00207842
v -0.00966946 0.04188516 -0.0031178
v -0.00966946 0.0407237 -0.00346913
v -0.00966946 0.03991247 -0.00347144
v -0.00966946 0.03912256 -0.00328661
v -0.00966946 0.03806998 -0.00268289
v -0.00966946 0.03777365 -0.00240491
v -0.00966946 0.03710397 -0.00139302
v -0.00966946 0.03681961 0.0001932
v -0.00966946 0.03709608 0.00137472
v -0.00966946 0.03749969 0.00207842
v -0.00966946 0.03805471 0.00267008
v -0.00966946 0.03910384 0.00327979
v -0.00966946 0.03949274 0.00339743
v -0.00966946 0.04070391 0.00347144
v -0.00999392 0.04103032 0.0030861
v -0.00999392 0.04066716 0.00314907
v -0.00997588 0.04104566 0.00315168
v -0.00997588 0.04067479 0.00321598
v -0.00994641 0.04106006 0.00321321
v -0.00994641 0.04068194 0.00327877
v -0.00990642 0.04107307 0.00326882
v -0.00990642 0.04068841 0.00333551
v -0.00985712 0.0410843 0.00331682
v -0.00985712 0.040694 0.0033845
v -0.0098 0.04109342 0.00335577
v -0.0098 0.04069853 0.00342423
v -0.00973681 0.04110013 0.00338446
v -0.00973681 0.04070187 0.00345351
v -0.00966946 0.04110424 0.00340203
v -0.00999392 0.03993126 0.00314697
v -0.00999392 0.03956847 0.00308193
v -0.00997588 0.03992325 0.00321384
v -0.00997588 0.03955275 0.00314742
v -0.00994641 0.03991573 0.00327658
v -0.00994641 0.039538 0.00320886
v -0.00990642 0.03990894 0.00333329
v -0.00990642 0.03952467 0.0032644
v -0.00985712 0.03990308 0.00338224
v -0.00985712 0.03951316 0.00331234
v -0.0098 0.03989832 0.00342195
v -0.0098 0.03950383 0.00335123
v -0.00973681 0.03989482 0.00345121
v -0.00973681 0.03949695 0.00337988
v -0.00966946 0.03989267 0.00346913
v -0.00999392 0.038559 0.00264307
v -0.00999392 0.03826398 0.00242213
v -0.00997588 0.03852183 0.00269923
v -0.00997588 0.03822054 0.00247359
v -0.00994641 0.03848695 0.00275193
v -0.00994641 0.03817979 0.00252189
v -0.00990642 0.03845543 0.00279956
v -0.00990642 0.03814295 0.00256553
v -0.00985712 0.03842822 0.00284067
v -0.00985712 0.03811115 0.00260321
v -0.0098 0.03840615 0.00287402
v -0.0098 0.03808536 0.00263377
v -0.00973681 0.03838989 0.00289859
v -0.00973681 0.03806635 0.00265629
v -0.00966946 0.03837993 0.00291364
v -0.00999392 0.03755885 0.00157689
v -0.00999392 0.03739437 0.00124705
v -0.00997588 0.03750043 0.0016104
v -0.00997588 0.03733245 0.00127355
v -0.00994641 0.03744561 0.00164184
v -0.00994641 0.03727436 0.00129842
v -0.00990642 0.03739607 0.00167026
v -0.00990642 0.03722185 0.00132089
v -0.00985712 0.0373533 0.00169479
v -0.00985712 0.03717652 0.00134029
v -0.0098 0.03731861 0.00171469
v -0.0098 0.03713976 0.00135602
v -0.00973681 0.03729305 0.00172935
v -0.00973681 0.03711267 0.00136762
v -0.00966946 0.03727739 0.00173832
v -0.00999392 0.03718532 0.00054147
v -0.00999392 0.03714358 0.00017526
v -0.00997588 0.03711896 0.00055297
v -0.00997588 0.03707633 0.00017899
v -0.00994641 0.0370567 0.00056377
v -0.00994641 0.03701324 0.00018248
v -0.00990642 0.03700043 0.00057353
v -0.00990642 0.03695621 0.00018564
v -0.00985712 0.03695185 0.00058195
v -0.00985712 0.03690698 0.00018837
v -0.0098 0.03691244 0.00058878
v -0.0098 0.03686705 0.00019058
v -0.00973681 0.03688341 0.00059381
v -0.00973681 0.03683763 0.00019221
v -0.00966946 0.03686563 0.0005969
v -0.00999392 0.03727448 -0.00091767
v -0.00999392 0.03740153 -0.00126365
v -0.00997588 0.03721002 -0.00093717
v -0.00997588 0.03733977 -0.00129051
v -0.00994641 0.03714953 -0.00095546
v -0.00994641 0.03728181 -0.0013157
v -0.00990642 0.03709486 -0.000972
v -0.00990642 0.03722943 -0.00133847
v -0.00985712 0.03704767 -0.00098627
v -0.00985712 0.03718422 -0.00135813
v -0.0098 0.0370094 -0.00099785
v -0.0098 0.03714754 -0.00137407
v -0.00973681 0.03698119 -0.00100639
v -0.00973681 0.03712052 -0.00138582
v -0.00966946 0.03696392 -0.00101161
v -0.00999392 0.0377713 -0.00189991
v -0.00999392 0.03800902 -0.00218158
v -0.00997588 0.03771739 -0.00194028
v -0.00997588 0.03796016 -0.00222794
v -0.00994641 0.03766681 -0.00197816
v -0.00994641 0.03791432 -0.00227143
v -0.00990642 0.0376211 -0.0020124
v -0.00990642 0.03787289 -0.00231075
v -0.00985712 0.03758163 -0.00204196
v -0.00985712 0.03783713 -0.00234468
v -0.0098 0.03754962 -0.00206593
v -0.0098 0.03780812 -0.00237221
v -0.00973681 0.03752604 -0.00208359
v -0.00973681 0.03778674 -0.00239249
v -0.00966946 0.03751159 -0.00209441
v -0.00999392 0.03889382 -0.00283638
v -0.00999392 0.03923267 -0.0029814
v -0.00997588 0.03886377 -0.00289665
v -0.00997588 0.03920981 -0.00304475
v -0.00994641 0.03883557 -0.0029532
v -0.00994641 0.03918837 -0.00310419
v -0.00990642 0.03881008 -0.00300431
v -0.00990642 0.03916899 -0.00315792
v -0.00985712 0.03878808 -0.00304843
v -0.00985712 0.03915226 -0.0032043
v -0.0098 0.03877023 -0.00308422
v -0.0098 0.03913869 -0.00324191
v -0.00973681 0.03875708 -0.00311059
v -0.00973681 0.03912869 -0.00326963
v -0.00966946 0.03874903 -0.00312674
v -0.00999392 0.04031723 -0.00316945
v -0.00999392 0.04068512 -0.00314697
v -0.00997588 0.04031742 -0.00323679
v -0.00997588 0.04069313 -0.00321384
v -0.00994641 0.0403176 -0.00329999
v -0.00994641 0.04070064 -0.00327658
v -0.00990642 0.04031776 -0.0033571
v -0.00990642 0.04070743 -0.00333329
v -0.00985712 0.0403179 -0.0034064
v -0.00985712 0.0407133 -0.00338224
v -0.0098 0.04031802 -0.0034464
v -0.0098 0.04071805 -0.00342195
v -0.00973681 0.0403181 -0.00347586
v -0.00973681 0.04072156 -0.00345121
v -0.00966946 0.04031815 -0.00349391
v -0.00999392 0.0414007 -0.00297521
v -0.00999392 0.04173871 -0.00282826
v -0.00997588 0.04142391 -0.00303844
v -0.00997588 0.04176911 -0.00288836
v -0.00994641 0.04144569 -0.00309775
v -0.00994641 0.04179763 -0.00294475
v -0.00990642 0.04146538 -0.00315137
v -0.00990642 0.04182341 -0.00299572
v -0.00985712 0.04148237 -0.00319765
v -0.00985712 0.04184566 -0.00303971
v -0.0098 0.04149616 -0.00323519
v -0.0098 0.04186371 -0.0030754
v -0.00973681 0.04150632 -0.00326285
v -0.00973681 0.04187701 -0.0031017
v -0.00966946 0.04151254 -0.00327979
v -0.00999392 0.04261976 -0.00216843
v -0.00999392 0.04285587 -0.00188541
v -0.00997588 0.04266888 -0.00221451
v -0.00997588 0.04291001 -0.00192548
v -0.00994641 0.04271497 -0.00225774
v -0.00994641 0.0429608 -0.00196307
v -0.00990642 0.04275662 -0.00229682
v -0.00990642 0.04300671 -0.00199704
v -0.00985712 0.04279258 -0.00233055
v -0.00985712 0.04304634 -0.00202637
v -0.0098 0.04282175 -0.00235791
v -0.0098 0.04307849 -0.00205016
v -0.00973681 0.04284324 -0.00237807
v -0.00973681 0.04310218 -0.00206769
v -0.00966946 0.0428564 -0.00239042
v -0.00999392 0.04322201 -0.00124705
v -0.00999392 0.04334708 -0.00090035
v -0.00997588 0.04328392 -0.00127355
v -0.00997588 0.04341165 -0.00091948
v -0.00994641 0.04334202 -0.00129842
v -0.00994641 0.04347224 -0.00093743
v -0.00990642 0.04339452 -0.00132089
v -0.00990642 0.043527 -0.00095366
v -0.00985712 0.04343985 -0.00134029
v -0.00985712 0.04357427 -0.00096766
v -0.0098 0.04347662 -0.00135602
v -0.0098 0.04361262 -0.00097902
v -0.00973681 0.04350371 -0.00136762
v -0.00973681 0.04364087 -0.00098739
v -0.00966946 0.0435203 -0.00137472
v -0.00999392 0.04347175 0.00019331
v -0.00999392 0.04342791 0.00055927
v -0.00997588 0.04353897 0.00019742
v -0.00997588 0.04349421 0.00057115
v -0.00994641 0.04360205 0.00020127
v -0.00994641 0.04355641 0.00058231
v -0.00990642 0.04365905 0.00020476
v -0.00990642 0.04361263 0.00059238
v -0.00985712 0.04370826 0.00020776
v -0.00985712 0.04366115 0.00060108
v -0.0098 0.04374818 0.0002102
v -0.0098 0.04370052 0.00060814
v -0.00973681 0.04377759 0.000212
v -0.00973681 0.04372952 0.00061334
v -0.00966946 0.0437956 0.0002131
v -0.00999392 0.04304849 0.00159255
v -0.00999392 0.04284508 0.00189991
v -0.00997588 0.04310672 0.00162639
v -0.00997588 0.04289898 0.00194028
v -0.00994641 0.04316135 0.00165814
v -0.00994641 0.04294956 0.00197816
v -0.00990642 0.04321073 0.00168684
v -0.00990642 0.04299528 0.0020124
v -0.00985712 0.04325336 0.00171162
v -0.00985712 0.04303474 0.00204196
v -0.0098 0.04328794 0.00173171
v -0.0098 0.04306675 0.00206593
v -0.00973681 0.04331342 0.00174652
v -0.00973681 0.04309034 0.00208359
v -0.00966946 0.04332902 0.00175558
v -0.00999392 0.04233854 0.00243375
v -0.00999392 0.04204227 0.002653
v -0.00997588 0.04238169 0.00248546
v -0.00997588 0.04207912 0.00270938
v -0.00994641 0.04242217 0.00253399
v -0.00994641 0.0421137 0.00276227
v -0.00990642 0.04245876 0.00257784
v -0.00990642 0.04214495 0.00281008
v -0.00985712 0.04249034 0.0026157
v -0.00985712 0.04217192 0.00285135
v -0.0098 0.04251596 0.00264641
v -0.0098 0.0421938 0.00288482
v -0.00973681 0.04253484 0.00266904
v -0.00973681 0.04220992 0.00290949
v -0.00966946 0.0425464 0.00268289
v -0.00999392 0.04138371 0.0029814
v -0.00997588 0.04140656 0.00304475
v -0.00994641 0.04142801 0.00310419
v -0.00990642 0.04144739 0.00315792
v -0.00985712 0.04146412 0.0032043
v -0.0098 0.04147769 0.00324191
v -0.00973681 0.04148769 0.00326963
v -0.00966946 0.04149381 0.00328661
v -0.00966946 0.04029822 0.00349391
v -0.00973681 0.04029828 0.00347586
v -0.0098 0.04029836 0.0034464
v -0.00985712 0.04029847 0.0034064
v -0.00990642 0.04029861 0.0033571
v -0.00994641 0.04029877 0.00329999
v -0.00997588 0.04029896 0.00323679
v -0.00999392 0.04029915 0.00316945
v -0.00973681 0.03911006 0.00326285
v -0.0098 0.03912022 0.00323519
v -0.00985712 0.039134 0.00319765
v -0.00990642 0.03915099 0.00315137
v -0.00994641 0.03917068 0.00309775
v -0.00997588 0.03919246 0.00303844
v -0.00999392 0.03921568 0.00297521
v -0.00966946 0.03873122 0.0031178
v -0.00973681 0.03873936 0.0031017
v -0.0098 0.03875266 0.0030754
v -0.00985712 0.03877071 0.00303971
v -0.00990642 0.03879297 0.00299572
v -0.00994641 0.03881875 0.00294475
v -0.00997588 0.03884727 0.00288836
v -0.00999392 0.03887767 0.00282826
v -0.00966946 0.03775997 0.00239042
v -0.00973681 0.03777313 0.00237807
v -0.0098 0.03779462 0.00235791
v -0.00985712 0.03782379 0.00233055
v -0.00990642 0.03785975 0.00229682
v -0.00994641 0.03790141 0.00225774
v -0.00997588 0.03794749 0.00221451
v -0.00999392 0.03799661 0.00216843
v -0.00999392 0.0377605 0.00188541
v -0.00997588 0.03770637 0.00192548
v -0.00994641 0.03765557 0.00196307
v -0.00990642 0.03760966 0.00199704
v -0.00985712 0.03757003 0.00202637
v -0.0098 0.03753788 0.00205016
v -0.00973681 0.0375142 0.00206769
v -0.00966946 0.0369582 0.00099252
v -0.00973681 0.0369755 0.00098739
v -0.0098 0.03700376 0.00097902
v -0.00985712 0.0370421 0.00096766
v -0.00990642 0.03708937 0.00095366
v -0.00994641 0.03714414 0.00093743
v -0.00997588 0.03720472 0.00091948
v -0.00999392 0.0372693 0.00090035
v -0.00966946 0.03682077 -0.0002131
v -0.00973681 0.03683878 -0.000212
v -0.0098 0.03686819 -0.0002102
v -0.00985712 0.03690811 -0.00020776
v -0.00990642 0.03695732 -0.00020476
v -0.00994641 0.03701433 -0.00020127
v -0.00997588 0.0370774 -0.00019742
v -0.00999392 0.03714463 -0.00019331
v -0.00999392 0.03718846 -0.00055927
v -0.00997588 0.03712217 -0.00057115
v -0.00994641 0.03705997 -0.00058231
v -0.00990642 0.03700375 -0.00059238
v -0.00985712 0.03695522 -0.00060108
v -0.0098 0.03691586 -0.00060814
v -0.00973681 0.03688685 -0.00061334
v -0.00966946 0.03686909 -0.00061652
v -0.00966946 0.03728735 -0.00175558
v -0.00973681 0.03730296 -0.00174652
v -0.0098 0.03732844 -0.00173171
v -0.00985712 0.03736301 -0.00171162
v -0.00990642 0.03740564 -0.00168684
v -0.00994641 0.03745502 -0.00165814
v -0.00997588 0.03750966 -0.00162639
v -0.00999392 0.03756789 -0.00159255
v -0.00973681 0.03808154 -0.00266904
v -0.0098 0.03810042 -0.00264641
v -0.00985712 0.03812604 -0.0026157
v -0.00990642 0.03815762 -0.00257784
v -0.00994641 0.03819421 -0.00253399
v -0.00997588 0.03823469 -0.00248546
v -0.00999392 0.03827783 -0.00243375
v -0.00966946 0.03839658 -0.00292459
v -0.00973681 0.03840645 -0.00290949
v -0.0098 0.03842257 -0.00288482
v -0.00985712 0.03844446 -0.00285135
v -0.00990642 0.03847143 -0.00281008
v -0.00994641 0.03850268 -0.00276227
v -0.00997588 0.03853725 -0.00270938
v -0.00999392 0.0385741 -0.002653
v -0.00966946 0.03951213 -0.00340203
v -0.00973681 0.03951624 -0.00338446
v -0.0098 0.03952296 -0.00335577
v -0.00985712 0.03953207 -0.00331682
v -0.00990642 0.0395433 -0.00326882
v -0.00994641 0.03955632 -0.00321321
v -0.00997588 0.03957072 -0.00315168
v -0.00999392 0.03958606 -0.0030861
v -0.00999392 0.03994922 -0.00314907
v -0.00997588 0.03994159 -0.00321598
v -0.00994641 0.03993443 -0.00327877
v -0.00990642 0.03992796 -0.00333551
v -0.00985712 0.03992238 -0.0033845
v -0.0098 0.03991785 -0.00342423
v -0.00973681 0.03991451 -0.00345351
v -0.00966946 0.04112364 -0.00339743
v -0.00973681 0.04111942 -0.00337988
v -0.0098 0.04111255 -0.00335123
v -0.00985712 0.04110321 -0.00331234
v -0.00990642 0.04109171 -0.0032644
v -0.00994641 0.04107837 -0.00320886
v -0.00997588 0.04106363 -0.00314742
v -0.00999392 0.04104791 -0.00308193
v -0.00966946 0.04223645 -0.00291364
v -0.00973681 0.04222649 -0.00289859
v -0.0098 0.04221023 -0.00287402
v -0.00985712 0.04218815 -0.00284067
v -0.00990642 0.04216094 -0.00279956
v -0.00994641 0.04212942 -0.00275193
v -0.00997588 0.04209455 -0.00269923
v -0.00999392 0.04205738 -0.00264307
v -0.00999392 0.04235239 -0.00242213
v -0.00997588 0.04239583 -0.00247359
v -0.00994641 0.04243659 -0.00252189
v -0.00990642 0.04247342 -0.00256553
v -0.00985712 0.04250522 -0.00260321
v -0.0098 0.04253102 -0.00263377
v -0.00973681 0.04255002 -0.00265629
v -0.00966946 0.04256166 -0.00267008
v -0.00966946 0.04333898 -0.00173832
v -0.00973681 0.04332333 -0.00172935
v -0.0098 0.04329777 -0.00171469
v -0.00985712 0.04326308 -0.00169479
v -0.00990642 0.04322031 -0.00167026
v -0.00994641 0.04317077 -0.00164184
v -0.00997588 0.04311595 -0.0016104
v -0.00999392 0.04305753 -0.00157689
v -0.00973681 0.04373297 -0.00059381
v -0.0098 0.04370393 -0.00058878
v -0.00985712 0.04366453 -0.00058195
v -0.00990642 0.04361595 -0.00057353
v -0.00994641 0.04355967 -0.00056377
v -0.00997588 0.04349741 -0.00055297
v -0.00999392 0.04343105 -0.00054147
v -0.00966946 0.04379677 -0.0001932
v -0.00973681 0.04377875 -0.00019221
v -0.0098 0.04374932 -0.00019058
v -0.00985712 0.04370939 -0.00018837
v -0.00990642 0.04366017 -0.00018564
v -0.00994641 0.04360314 -0.00018248
v -0.00997588 0.04354004 -0.00017899
v -0.00999392 0.0434728 -0.00017526
v -0.00966946 0.04365246 0.00101161
v -0.00973681 0.04363519 0.00100639
v -0.0098 0.04360698 0.00099785
v -0.00985712 0.0435687 0.00098627
v -0.00990642 0.04352151 0.000972
v -0.00994641 0.04346684 0.00095546
v -0.00997588 0.04340636 0.00093717
v -0.00999392 0.04334189 0.00091767
v -0.00999392 0.04321484 0.00126365
v -0.00997588 0.04327661 0.00129051
v -0.00994641 0.04333456 0.0013157
v -0.00990642 0.04338694 0.00133847
v -0.00985712 0.04343215 0.00135813
v -0.0098 0.04346883 0.00137407
v -0.00973681 0.04349586 0.00138582
v -0.00966946 0.04284273 0.00240491
v -0.00973681 0.04282964 0.00239249
v -0.0098 0.04280826 0.00237221
v -0.00985712 0.04277925 0.00234468
v -0.00990642 0.04274349 0.00231075
v -0.00994641 0.04270205 0.00227143
v -0.00997588 0.04265621 0.00222794
v -0.00999392 0.04260736 0.00218158
v -0.00966946 0.04186735 0.00312674
v -0.00973681 0.0418593 0.00311059
v -0.0098 0.04184614 0.00308422
v -0.00985712 0.0418283 0.00304843
v -0.00990642 0.0418063 0.00300431
v -0.00994641 0.04178081 0.0029532
v -0.00997588 0.04175261 0.00289665
v -0.00999392 0.04172255 0.00283638
v -0.008 0.04164066 0.00112457
v -0.008 0.04179449 0.00026645
v -0.008 0.04194833 -0.00059167
v -0.008 0.04000052 0.00171624
v -0.008 0.04082059 0.0014204
v -0.008 0.03866805 0.00059167
v -0.008 0.03933428 0.00115395
v -0.008 0.03897572 -0.00112457
v -0.008 0.03882188 -0.00026645
v -0.008 0.04061586 -0.00171624
v -0.008 0.03979579 -0.0014204
v -0.008 0.04128209 -0.00115395
v -0.008 0.03889073 -0.0005205
v -0.008 0.03900265 -0.00075873
v -0.008 0.03915424 -0.0009739
v -0.008 0.03934088 -0.00115949
v -0.008 0.03955692 -0.00130985
v -0.008 0.03879819 -4.31E-06
v -0.008 0.0391487 0.00096731
v -0.008 0.03899834 0.00075127
v -0.008 0.03888778 0.0005124
v -0.008 0.03882039 0.00025797
v -0.008 0.04056615 0.0014878
v -0.008 0.04030388 0.00150999
v -0.008 0.04004174 0.00148631
v -0.008 0.03978769 0.00141746
v -0.008 0.03954946 0.00130554
v -0.008 0.04172565 0.0005205
v -0.008 0.04105946 0.00130985
v -0.008 0.04127549 0.00115949
v -0.008 0.04161373 0.00075873
v -0.008 0.04146214 0.0009739
v -0.008 0.04146768 -0.00096731
v -0.008 0.04161803 -0.00075127
v -0.008 0.04172859 -0.0005124
v -0.008 0.04179599 -0.00025797
v -0.008 0.04181818 4.31E-06
v -0.008 0.04005022 -0.0014878
v -0.008 0.0403125 -0.00150999
v -0.008 0.04057464 -0.00148631
v -0.008 0.04082868 -0.00141746
v -0.008 0.04106691 -0.00130554
v -0.0071282 0.04030819 0
vn 0.99898 -0.044 0.0104
vn 1 0 0
vn 0.99898 -0.0425 0.0155
vn 0.99898 -0.0404 0.0203
vn 0.99898 -0.044 -0.0104
vn 0.99898 -0.0425 -0.0155
vn 0.99898 -0.0404 -0.0203
vn 0.99898 -0.0378 -0.0249
vn 0.99898 -0.0346 -0.0291
vn 0.99898 -0.0449 0.0053
vn 0.99898 -0.0452 0
vn 0.99898 -0.0449 -0.0053
vn 0.99898 0.0378 0.0249
vn 0.99898 0.0346 0.0291
vn 0.99898 0.031 0.0329
vn 0.99897 0.0026 0.0452
vn 0.99898 0.0079 0.0445
vn 0.99898 0.013 0.0433
vn 0.99898 0.0404 -0.0203
vn 0.99898 0.0425 -0.0155
vn 0.99898 0.044 -0.0104
vn 0.99897 -0.0026 0.0452
vn 0.99898 -0.0079 0.0445
vn 0.99898 -0.013 0.0433
vn 0.99898 -0.031 0.0329
vn 0.99898 -0.0346 0.0291
vn 0.99898 -0.0378 0.0249
vn 0.99898 0.044 0.0104
vn 0.99898 0.0425 0.0155
vn 0.99898 0.0404 0.0203
vn 0.99897 -0.0026 -0.0452
vn 0.99897 0.0026 -0.0452
vn 0.99898 0.0079 -0.0445
vn 0.99898 0.013 -0.0433
vn 0.99898 -0.031 -0.0329
vn 0.99898 -0.027 -0.0363
vn 0.99898 -0.0226 -0.0392
vn 0.99898 -0.0179 -0.0415
vn 0.99898 -0.0179 0.0415
vn 0.99898 -0.0226 0.0392
vn 0.99898 -0.027 0.0363
vn 0.99898 0.027 0.0363
vn 0.99898 0.0226 0.0392
vn 0.99898 0.0179 0.0415
vn 0.99898 0.0449 -0.0053
vn 0.99898 0.0452 0
vn 0.99898 0.0449 0.0053
vn 0.99898 0.0179 -0.0415
vn 0.99898 0.0226 -0.0392
vn 0.99898 0.027 -0.0363
vn 0.99898 0.031 -0.0329
vn 0.99898 -0.013 -0.0433
vn 0.99898 -0.0079 -0.0445
vn 0.99898 0.0346 -0.0291
vn 0.99898 0.0378 -0.0249
vn 0.0435 -0.99422 0.0982
vn -0.0027 -0.98708 0.1602
vn -0.0024 -1 0
vn 0.0651 -0.95247 0.29759
vn -0.0021 -0.94835 0.31722
vn 0.047 -0.97208 0.2299
vn 0.0986 -0.97935 0.17649
vn 0.0431 -0.93083 0.36291
vn 0.0431 -0.9037 0.426
vn -0.002 -0.88572 0.46421
vn 0.0624 -0.871 0.4873
vn 0.0449 -0.8406 0.5398
vn -0.0028 -0.7994 0.6008
vn 0.0504 -0.71119 0.70119
vn -0.0023 -0.69261 0.72131
vn 0.0435 -0.75661 0.65241
vn 0.0762 -0.79882 0.59672
vn 0.0434 -0.66578 0.74488
vn 0.0434 -0.61266 0.78915
vn -0.0026 -0.56831 0.82281
vn 0.0706 -0.44041 0.89502
vn -0.0019 -0.42799 0.90378
vn 0.0463 -0.5029 0.8631
vn 0.0864 -0.54872 0.83153
vn 0.0429 -0.3768 0.9253
vn 0.043 -0.31251 0.94894
vn -0.0016 -0.27891 0.96032
vn 0.0504 -0.2517 0.96649
vn 0.0435 -0.18669 0.98146
vn -0.0028 -0.1206 0.9927
vn 0.0582 0.0164 0.99817
vn -0.0023 0.0407 0.99917
vn 0.0477 -0.0551 0.99734
vn 0.1108 -0.1067 0.9881
vn 0.0433 0.0828 0.99562
vn 0.0433 0.15131 0.98754
vn -0.0023 0.1996 0.97988
vn 0.0742 0.223 0.97199
vn 0.0456 0.2794 0.95909
vn -0.0027 0.35481 0.93493
vn 0.0744 0.34561 0.93542
vn 0.0435 0.41202 0.91014
vn -0.0024 0.50001 0.86602
vn 0.0435 0.49951 0.86522
vn 0.0435 0.58219 0.81189
vn -0.0027 0.63231 0.77471
vn 0.0651 0.73396 0.67606
vn -0.0021 0.74889 0.66269
vn 0.047 0.68512 0.72692
vn 0.0986 0.64251 0.75991
vn 0.0431 0.77968 0.62469
vn 0.0431 0.82079 0.5696
vn -0.002 0.84491 0.53491
vn 0.0624 0.85754 0.51062
vn 0.0449 0.88777 0.45809
vn -0.0028 0.92 0.3919
vn 0.0504 0.96284 0.26531
vn -0.0023 0.97099 0.2391
vn 0.0435 0.94329 0.3291
vn 0.0762 0.91617 0.39349
vn 0.0434 0.97797 0.20419
vn 0.0434 0.98976 0.13599
vn -0.0026 0.99673 0.0808
vn 0.0706 0.99531 -0.0662
vn -0.0019 0.99669 -0.0813
vn 0.0463 0.99892 0.004
vn 0.0864 0.99449 0.0594
vn 0.0429 0.98974 -0.13631
vn 0.0429 0.97805 -0.20391
vn -0.0016 0.97109 -0.2387
vn 0.0504 0.96284 -0.26531
vn 0.0435 0.94329 -0.3291
vn -0.0028 0.92 -0.3919
vn 0.0582 0.85622 -0.51331
vn -0.0023 0.84498 -0.53479
vn 0.0477 0.89126 -0.45098
vn 0.1108 0.90909 -0.4016
vn 0.0433 0.82083 -0.56952
vn 0.0432 0.77959 -0.62479
vn -0.0023 0.7488 -0.6628
vn 0.0742 0.73025 -0.67914
vn 0.0456 0.69091 -0.72151
vn -0.0027 0.63231 -0.77471
vn 0.0744 0.63731 -0.76701
vn 0.0435 0.58219 -0.81189
vn -0.0024 0.50001 -0.86602
vn 0.0435 0.49951 -0.86522
vn 0.0435 0.41202 -0.91014
vn -0.0027 0.35481 -0.93493
vn 0.0651 0.21849 -0.97366
vn -0.0021 0.1994 -0.97992
vn 0.047 0.28699 -0.95678
vn 0.0986 0.3368 -0.9364
vn 0.0431 0.15119 -0.98756
vn 0.0431 0.0829 -0.99563
vn -0.002 0.0408 -0.99917
vn 0.0624 0.0134 -0.99796
vn 0.0449 -0.0472 -0.99788
vn -0.0028 -0.1206 -0.9927
vn 0.0504 -0.2517 -0.96649
vn -0.0023 -0.27839 -0.96047
vn 0.0435 -0.18669 -0.98146
vn 0.0762 -0.1173 -0.99017
vn 0.0434 -0.31221 -0.94902
vn 0.0434 -0.37708 -0.92516
vn -0.0026 -0.42839 -0.90359
vn 0.0706 -0.55491 -0.82891
vn -0.0019 -0.56872 -0.82253
vn 0.0463 -0.49599 -0.86709
vn 0.0864 -0.44578 -0.89096
vn 0.0429 -0.6129 -0.789
vn 0.0429 -0.66559 -0.74509
vn -0.0016 -0.6922 -0.7217
vn 0.0504 -0.71119 -0.70119
vn 0.0435 -0.75661 -0.65241
vn -0.0028 -0.7994 -0.6008
vn 0.0582 -0.87262 -0.48491
vn -0.0023 -0.88562 -0.46441
vn 0.0477 -0.83618 -0.54638
vn 0.1109 -0.80231 -0.58651
vn 0.0433 -0.90363 -0.42612
vn 0.0433 -0.93087 -0.36279
vn -0.0023 -0.94839 -0.3171
vn 0.0742 -0.95329 -0.2928
vn 0.0456 -0.97029 -0.2376
vn -0.0027 -0.98708 -0.1602
vn 0.0743 -0.98291 -0.1684
vn 0.0435 -0.99422 -0.0982
vn 0.0435 -0.99905 0
vn -1 0 0
vn -0.99913 0.0412 0.0061
vn -0.99914 0.0398 0.012
vn -0.99913 0.0377 0.0177
vn -0.99913 0.0347 0.023
vn -0.99913 0.031 0.0278
vn -0.99913 0.0266 0.032
vn -0.99913 0.0217 0.0355
vn -0.99913 0.0163 0.0383
vn -0.99914 0.0105 0.0402
vn -0.99914 0.0046 0.0413
vn -0.99913 -0.0015 0.0416
vn -0.99913 -0.0076 0.0409
vn -0.99913 -0.0134 0.0394
vn -0.99913 -0.019 0.037
vn -0.99914 -0.0242 0.0338
vn -0.99913 -0.0289 0.0299
vn -0.99914 -0.0329 0.0254
vn -0.99913 -0.0363 0.0204
vn -0.99913 -0.0389 0.0149
vn -0.99913 -0.0406 0.009
vn -0.99914 0.0045 -0.0413
vn -0.99914 0.0105 -0.0402
vn -0.99913 0.0163 -0.0383
vn -0.99913 0.0217 -0.0355
vn -0.99913 0.0266 -0.032
vn -0.99913 0.031 -0.0278
vn -0.99913 0.0347 -0.023
vn -0.99913 0.0377 -0.0177
vn -0.99914 0.0398 -0.012
vn -0.99914 0.0411 -0.0061
vn -0.99913 0.0416 0
vn -0.99913 -0.0415 0.003
vn -0.99913 -0.0415 -0.003
vn -0.99913 -0.0406 -0.009
vn -0.99913 -0.0389 -0.0149
vn -0.99913 -0.0363 -0.0204
vn -0.99914 -0.0329 -0.0254
vn -0.99913 -0.0289 -0.0299
vn -0.99914 -0.0242 -0.0338
vn -0.99913 -0.019 -0.037
vn -0.99913 -0.0134 -0.0394
vn -0.99913 -0.0076 -0.0409
vn -0.99913 -0.0015 -0.0416
vn -0.0004 -1 0
vn -0.0437 -0.99584 0.08
vn -0.0002 -0.98478 0.1738
vn 0.01 -0.98785 0.15511
vn 0 -0.9397 0.342
vn -0.0439 -0.97032 0.2378
vn -0.0229 -0.95056 0.30969
vn -0.0001 -0.86609 0.49989
vn -0.044 -0.92111 0.3868
vn -0.0437 -0.88716 0.45938
vn -0.0258 -0.84637 0.53198
vn -0.0427 -0.80569 0.59079
vn -0.0003 -0.76606 0.64277
vn 0.0307 -0.74621 0.66501
vn -0.0405 -0.70342 0.70962
vn -0.0004 -0.64282 0.76602
vn 0.0215 -0.64053 0.76763
vn -0.0437 -0.57722 0.81542
vn -0.0004 -0.50001 0.86602
vn 0.0133 -0.51399 0.85769
vn -0.0437 -0.43961 0.89712
vn -0.0002 -0.34191 0.93973
vn -0.0171 -0.37232 0.92795
vn -0.0001 -0.1737 0.9848
vn -0.044 -0.29291 0.95513
vn -0.0437 -0.21529 0.97557
vn -0.0327 -0.1364 0.99011
vn -0.043 -0.0628 0.9971
vn -0.0003 0 1
vn 0.0223 0.0313 0.99926
vn -0.0408 0.094 0.99474
vn -0.0004 0.1736 0.98482
vn 0.0208 0.17901 0.98363
vn -0.0437 0.2556 0.96579
vn -0.0004 0.342 0.9397
vn 0.0159 0.32912 0.94415
vn -0.0437 0.40659 0.91257
vn -0.0002 0.50009 0.86598
vn -0.0116 0.47319 0.88088
vn -0.0001 0.64271 0.76611
vn -0.044 0.54601 0.83662
vn -0.0437 0.61141 0.79011
vn -0.0388 0.67034 0.74104
vn -0.0433 0.72519 0.68719
vn -0.0003 0.76602 0.64282
vn 0.014 0.78669 0.61719
vn -0.0411 0.82379 0.5654
vn -0.0004 0.86602 0.50001
vn 0.0196 0.86992 0.49281
vn -0.0437 0.90502 0.42311
vn -0.0004 0.9397 0.342
vn 0.018 0.93575 0.35222
vn -0.0437 0.96097 0.27319
vn -0.0002 0.98483 0.17351
vn -0.0065 0.97944 0.20161
vn -0.0001 1 0.0001
vn -0.044 0.99222 0.1165
vn -0.0437 0.99904 0
vn -0.0437 0.99225 -0.11629
vn -0.0003 0.98482 -0.1736
vn 0.0057 0.97828 -0.2072
vn -0.0414 0.96194 -0.27011
vn -0.0004 0.9397 -0.342
vn 0.018 0.93575 -0.35222
vn -0.0437 0.90502 -0.42311
vn -0.0004 0.86602 -0.50001
vn 0.0196 0.86992 -0.49281
vn -0.0437 0.82586 -0.56217
vn -0.0002 0.76597 -0.64288
vn -0.0017 0.78261 -0.62251
vn 0 0.64282 -0.76602
vn -0.044 0.7256 -0.6867
vn -0.0396 0.66969 -0.74159
vn -0.0002 0.50009 -0.86598
vn -0.0441 0.61151 -0.79001
vn -0.0437 0.54621 -0.83651
vn -0.0025 0.469 -0.8832
vn -0.0417 0.4092 -0.91149
vn -0.0004 0.342 -0.9397
vn 0.0159 0.32912 -0.94415
vn -0.0437 0.2556 -0.96579
vn -0.0004 0.1736 -0.98482
vn 0.0208 0.17901 -0.98363
vn -0.0437 0.0982 -0.99421
vn -0.0002 -0.0001 -1
vn 0.0026 0.0238 -0.99971
vn 0 -0.1736 -0.98482
vn -0.044 -0.0616 -0.99713
vn -0.0344 -0.13789 -0.98985
vn -0.0002 -0.34191 -0.93973
vn -0.0441 -0.2151 -0.9756
vn -0.0437 -0.29261 -0.95523
vn -0.0106 -0.37602 -0.92655
vn -0.0421 -0.43751 -0.89823
vn -0.0004 -0.50001 -0.86602
vn 0.0474 -0.52208 -0.85158
vn -0.0398 -0.5727 -0.8188
vn -0.0004 -0.64282 -0.76602
vn 0.0215 -0.64053 -0.76763
vn -0.0437 -0.7 -0.7128
vn -0.0002 -0.76611 -0.64271
vn 0.0066 -0.7522 -0.6589
vn 0 -0.86602 -0.50001
vn -0.044 -0.80468 -0.59208
vn -0.0287 -0.84751 -0.53001
vn -0.0001 -0.93967 -0.34209
vn -0.044 -0.88709 -0.45949
vn -0.0437 -0.921 -0.3871
vn -0.0184 -0.9516 -0.3068
vn -0.0424 -0.9699 -0.2398
vn -0.0003 -0.9848 -0.1737
vn 0.039 -0.98854 -0.14581
vn -0.0402 -0.99555 -0.0852
vn 0.0217 -0.99976 0
vn -0.70711 -0.70711 0
vn -0.70708 -0.69638 -0.1228
vn -0.70709 -0.66449 -0.2418
vn -0.7071 -0.6124 -0.3535
vn -0.70708 -0.61238 -0.35359
vn -0.7071 -0.5417 -0.4545
vn -0.7071 -0.4545 -0.5417
vn -0.70708 -0.35359 -0.61238
vn -0.70709 -0.2418 -0.66449
vn -0.70708 -0.1228 -0.69638
vn -0.70711 0 -0.70711
vn -0.70708 0.1228 -0.69638
vn -0.70709 0.2418 -0.66449
vn -0.7071 0.3535 -0.6124
vn -0.70708 0.35359 -0.61238
vn -0.7071 0.4545 -0.5417
vn -0.7071 0.5417 -0.4545
vn -0.70708 0.61238 -0.35359
vn -0.70708 0.66448 -0.24189
vn -0.70709 0.66449 -0.2418
vn -0.70708 0.69638 -0.1228
vn -0.70711 0.70711 0
vn -0.70708 0.69638 0.1228
vn -0.70709 0.66449 0.2418
vn -0.70708 0.61238 0.35359
vn -0.7071 0.6124 0.3535
vn -0.7071 0.5417 0.4545
vn -0.7071 0.4545 0.5417
vn -0.70708 0.35359 0.61238
vn -0.70709 0.2418 0.66449
vn -0.70708 0.1228 0.69638
vn -0.70711 0 0.70711
vn -0.70708 -0.1228 0.69638
vn -0.70709 -0.2418 0.66449
vn -0.70708 -0.35359 0.61238
vn -0.7071 -0.3535 0.6124
vn -0.7071 -0.4545 0.5417
vn -0.7071 -0.5417 0.4545
vn -0.70708 -0.61238 0.35359
vn -0.70709 -0.66449 0.2418
vn -0.70708 -0.69638 0.1228
vn -0.16539 0.94606 0.27859
vn -0.16611 0.97693 0.1342
vn -0.16519 0.89317 0.41828
vn -0.1679 0.8173 0.5512
vn -0.16639 0.72856 0.66446
vn -0.1711 0.62859 0.75869
vn -0.16609 0.52147 0.83695
vn -0.1654 0.3917 0.9051
vn -0.1652 0.2506 0.95389
vn -0.16811 0.0995 0.98073
vn -0.1665 -0.0448 0.98502
vn -0.169 -0.183 0.96848
vn -0.1662 -0.3103 0.936
vn -0.1654 -0.44461 0.88032
vn -0.1652 -0.5722 0.8033
vn -0.16841 -0.68992 0.70402
vn -0.1667 -0.7858 0.5956
vn -0.16759 -0.86246 0.47758
vn -0.1666 -0.91819 0.3594
vn -0.1655 -0.9609 0.222
vn -0.1653 -0.9834 0.0748
vn -0.16881 -0.98243 -0.0796
vn -0.1669 -0.96047 -0.22279
vn -0.1669 -0.91849 -0.3585
vn -0.1673 -0.86289 -0.4769
vn -0.16561 -0.78563 -0.59612
vn -0.1653 -0.6871 -0.7075
vn -0.16901 -0.56752 -0.80583
vn -0.1671 -0.4432 -0.88071
vn -0.16649 -0.31118 -0.93565
vn -0.1687 -0.1837 -0.9684
vn -0.16569 -0.0448 -0.98516
vn -0.1653 0.1036 -0.98079
vn -0.1652 0.2506 -0.95389
vn -0.1673 0.3941 -0.90371
vn -0.16631 0.52062 -0.83743
vn -0.1709 0.62828 -0.75898
vn -0.1658 0.7283 -0.6649
vn -0.1653 0.81971 -0.54841
vn -0.16519 0.89317 -0.41828
vn -0.1676 0.94661 -0.2754
vn -0.16629 0.97676 -0.1352
vn -0.1744 0.98468 0
vn -0.3433 0.92921 -0.1368
vn -0.3433 0.8994 -0.2706
vn -0.3433 0.8504 -0.3987
vn -0.34331 0.78332 -0.51821
vn -0.34332 0.69953 -0.62673
vn -0.34331 0.60081 -0.72192
vn -0.3433 0.4893 -0.8017
vn -0.34331 0.36731 -0.86442
vn -0.34329 0.23759 -0.90868
vn -0.3433 0.1027 -0.93359
vn -0.3433 -0.0343 -0.9386
vn -0.3433 -0.1706 -0.9236
vn -0.3433 -0.3033 -0.8889
vn -0.34331 -0.42941 -0.83531
vn -0.34332 -0.54653 -0.76384
vn -0.34331 -0.65192 -0.67612
vn -0.3433 -0.74341 -0.57401
vn -0.34331 -0.81902 -0.45971
vn -0.34332 -0.87725 -0.33552
vn -0.34329 -0.91677 -0.20419
vn -0.34331 -0.93672 -0.0686
vn -0.34331 -0.93672 0.0686
vn -0.34329 -0.91677 0.20419
vn -0.34332 -0.87725 0.33552
vn -0.34331 -0.81902 0.45971
vn -0.3433 -0.74341 0.57401
vn -0.34331 -0.65192 0.67612
vn -0.34329 -0.54648 0.76388
vn -0.34331 -0.42941 0.83531
vn -0.3433 -0.3033 0.8889
vn -0.3433 -0.1706 0.9236
vn -0.3433 -0.0343 0.9386
vn -0.3433 0.1027 0.93359
vn -0.34329 0.23759 0.90868
vn -0.34331 0.36731 0.86442
vn -0.3433 0.4893 0.8017
vn -0.34331 0.60081 0.72192
vn -0.34329 0.69949 0.62679
vn -0.34331 0.78332 0.51821
vn -0.3433 0.8504 0.3987
vn -0.3433 0.8994 0.2706
vn -0.34331 0.92922 0.1367
vn -0.34331 0.93922 0
vn -0.50179 0.85578 -0.1259
vn -0.50173 0.82835 -0.24921
vn -0.50179 0.78318 -0.36719
vn -0.50179 0.72139 -0.47729
vn -0.50181 0.64421 -0.57721
vn -0.50179 0.55329 -0.66489
vn -0.50171 0.45061 -0.73841
vn -0.50179 0.3383 -0.79609
vn -0.50178 0.21879 -0.83687
vn -0.5018 0.0946 -0.8598
vn -0.5018 -0.0316 -0.8644
vn -0.5018 -0.1571 -0.8506
vn -0.50178 -0.27929 -0.81867
vn -0.50179 -0.39549 -0.76928
vn -0.50179 -0.50329 -0.70349
vn -0.50179 -0.60039 -0.62269
vn -0.5018 -0.6846 -0.5287
vn -0.50181 -0.75432 -0.42331
vn -0.50173 -0.80795 -0.30902
vn -0.50172 -0.84433 -0.18811
vn -0.50172 -0.86273 -0.0631
vn -0.50172 -0.86273 0.0631
vn -0.50172 -0.84433 0.18811
vn -0.50173 -0.80795 0.30902
vn -0.50181 -0.75432 0.42331
vn -0.5018 -0.6846 0.5287
vn -0.50179 -0.60039 0.62269
vn -0.50179 -0.50329 0.70349
vn -0.50179 -0.39549 0.76928
vn -0.50178 -0.27929 0.81867
vn -0.5018 -0.1571 0.8506
vn -0.5018 -0.0316 0.8644
vn -0.5018 0.0946 0.8598
vn -0.50178 0.21879 0.83687
vn -0.50179 0.3383 0.79609
vn -0.50171 0.45061 0.73841
vn -0.50179 0.55329 0.66489
vn -0.50181 0.64421 0.57721
vn -0.50179 0.72139 0.47729
vn -0.50179 0.78318 0.36719
vn -0.50173 0.82835 0.24921
vn -0.50179 0.85578 0.1259
vn -0.50179 0.86499 0
vn -0.6448 0.7562 -0.1113
vn -0.64477 0.73197 -0.22019
vn -0.6448 0.6921 -0.3244
vn -0.6448 0.6375 -0.4217
vn -0.64478 0.56928 -0.51008
vn -0.64482 0.48891 -0.58752
vn -0.64477 0.39818 -0.65247
vn -0.64479 0.2989 -0.70349
vn -0.6448 0.1933 -0.7395
vn -0.64478 0.0836 -0.75978
vn -0.64477 -0.0279 -0.76387
vn -0.64482 -0.1388 -0.75162
vn -0.6448 -0.2468 -0.72341
vn -0.64479 -0.34949 -0.67978
vn -0.64483 -0.44472 -0.62163
vn -0.64479 -0.53049 -0.55029
vn -0.64478 -0.60498 -0.46718
vn -0.64482 -0.66652 -0.37411
vn -0.6448 -0.7139 -0.2731
vn -0.64478 -0.74608 -0.1662
vn -0.64481 -0.76231 -0.0558
vn -0.64481 -0.76231 0.0558
vn -0.64478 -0.74608 0.1662
vn -0.6448 -0.7139 0.2731
vn -0.64478 -0.66658 0.37409
vn -0.64478 -0.60498 0.46718
vn -0.64479 -0.53049 0.55029
vn -0.6448 -0.4448 0.6216
vn -0.64479 -0.34949 0.67978
vn -0.6448 -0.2468 0.72341
vn -0.64482 -0.1388 0.75162
vn -0.64482 -0.0279 0.76382
vn -0.64478 0.0836 0.75978
vn -0.6448 0.1933 0.7395
vn -0.64479 0.2989 0.70349
vn -0.64477 0.39818 0.65247
vn -0.64482 0.48891 0.58752
vn -0.64478 0.56928 0.51008
vn -0.6448 0.6375 0.4217
vn -0.6448 0.6921 0.3244
vn -0.64482 0.73192 0.22021
vn -0.6448 0.7562 0.1113
vn -0.64478 0.76437 0
vn -0.76802 0.63361 -0.0932
vn -0.76809 0.61319 -0.1845
vn -0.76801 0.5799 -0.2718
vn -0.76804 0.53412 -0.35332
vn -0.76806 0.47694 -0.42733
vn -0.76805 0.40963 -0.49224
vn -0.76804 0.33362 -0.54663
vn -0.76801 0.2505 -0.58941
vn -0.76801 0.162 -0.61961
vn -0.76801 0.07 -0.63661
vn -0.76801 -0.0234 -0.64001
vn -0.76805 -0.11631 -0.62974
vn -0.76802 -0.20681 -0.60612
vn -0.76804 -0.29282 -0.56953
vn -0.76804 -0.37262 -0.52083
vn -0.76803 -0.44452 -0.46102
vn -0.76801 -0.50691 -0.39141
vn -0.7681 -0.5584 -0.3134
vn -0.76804 -0.59813 -0.22881
vn -0.76802 -0.62512 -0.1392
vn -0.76802 -0.63872 -0.0467
vn -0.76802 -0.63872 0.0467
vn -0.76806 -0.62507 0.13919
vn -0.76808 -0.59808 0.22879
vn -0.76801 -0.55851 0.31341
vn -0.76801 -0.50691 0.39141
vn -0.76803 -0.44452 0.46102
vn -0.76804 -0.37262 0.52083
vn -0.76804 -0.29282 0.56953
vn -0.76802 -0.20681 0.60612
vn -0.76805 -0.11631 0.62974
vn -0.76801 -0.0234 0.64001
vn -0.76801 0.07 0.63661
vn -0.76801 0.162 0.61961
vn -0.76801 0.2505 0.58941
vn -0.76804 0.33362 0.54663
vn -0.76802 0.40971 0.49222
vn -0.7681 0.4769 0.4273
vn -0.76801 0.53411 0.3534
vn -0.76801 0.5799 0.2718
vn -0.76809 0.61319 0.1845
vn -0.76802 0.63361 0.0932
vn -0.76802 0.64042 0
vn -0.86776 0.49168 -0.0724
vn -0.86777 0.47588 -0.1432
vn -0.86778 0.44999 -0.21089
vn -0.86777 0.41448 -0.27419
vn -0.8678 0.3701 -0.3316
vn -0.86777 0.31789 -0.38199
vn -0.86778 0.25889 -0.42419
vn -0.86776 0.19439 -0.45738
vn -0.86778 0.1257 -0.48079
vn -0.86777 0.0544 -0.49398
vn -0.86779 -0.0181 -0.4966
vn -0.86777 -0.0903 -0.48869
vn -0.86779 -0.1605 -0.4703
vn -0.86777 -0.22719 -0.44199
vn -0.86776 -0.28919 -0.40418
vn -0.86778 -0.34489 -0.35779
vn -0.8678 -0.3933 -0.3037
vn -0.86777 -0.43339 -0.24319
vn -0.86777 -0.46418 -0.17749
vn -0.86776 -0.48508 -0.1081
vn -0.86779 -0.4956 -0.0363
vn -0.86779 -0.4956 0.0363
vn -0.86777 -0.48508 0.108
vn -0.86777 -0.46418 0.17749
vn -0.86777 -0.43339 0.24319
vn -0.8678 -0.3933 0.3037
vn -0.86778 -0.34489 0.35779
vn -0.86776 -0.28919 0.40418
vn -0.86777 -0.22719 0.44199
vn -0.86779 -0.1605 0.4703
vn -0.86777 -0.0903 0.48869
vn -0.86779 -0.0182 0.4966
vn -0.86777 0.0544 0.49398
vn -0.86778 0.1257 0.48079
vn -0.86776 0.19439 0.45738
vn -0.86778 0.25889 0.42419
vn -0.86777 0.31789 0.38199
vn -0.8678 0.3701 0.3316
vn -0.86777 0.41448 0.27419
vn -0.86778 0.44999 0.21089
vn -0.86777 0.47588 0.1432
vn -0.86776 0.49168 0.0724
vn -0.86776 0.49698 0
vn -0.941 0.3348 -0.0493
vn -0.94099 0.3241 -0.0975
vn -0.94101 0.3064 -0.1436
vn -0.94099 0.2823 -0.1867
vn -0.94099 0.2521 -0.2258
vn -0.941 0.2165 -0.2601
vn -0.94099 0.1763 -0.2889
vn -0.94098 0.1324 -0.31149
vn -0.941 0.0856 -0.3274
vn -0.94099 0.037 -0.3364
vn -0.94099 -0.0124 -0.3382
vn -0.94099 -0.0615 -0.3328
vn -0.94099 -0.1093 -0.3203
vn -0.94099 -0.1547 -0.301
vn -0.94101 -0.1969 -0.2752
vn -0.941 -0.2349 -0.2436
vn -0.94099 -0.2679 -0.2068
vn -0.94101 -0.2951 -0.1656
vn -0.94099 -0.3161 -0.1209
vn -0.941 -0.3303 -0.0736
vn -0.941 -0.3375 -0.0247
vn -0.941 -0.3375 0.0247
vn -0.941 -0.3303 0.0736
vn -0.94099 -0.3161 0.1209
vn -0.94101 -0.2951 0.1656
vn -0.94099 -0.2679 0.2068
vn -0.941 -0.2349 0.2436
vn -0.94101 -0.1969 0.2752
vn -0.94098 -0.1548 0.30099
vn -0.94099 -0.1093 0.3203
vn -0.94099 -0.0615 0.3328
vn -0.94099 -0.0124 0.3382
vn -0.94099 0.037 0.3364
vn -0.941 0.0856 0.3274
vn -0.94098 0.1324 0.31149
vn -0.94099 0.1763 0.2889
vn -0.941 0.2165 0.2601
vn -0.94099 0.2521 0.2258
vn -0.94099 0.2823 0.1867
vn -0.94101 0.3064 0.1436
vn -0.94099 0.3241 0.0975
vn -0.941 0.3348 0.0493
vn -0.941 0.3384 0
vn -0.98549 0.1679 -0.0247
vn -0.9855 0.1625 -0.0489
vn -0.98549 0.1537 -0.072
vn -0.9855 0.1415 -0.0936
vn -0.98549 0.1264 -0.1133
vn -0.9855 0.1086 -0.1304
vn -0.98549 0.0884 -0.1449
vn -0.98549 0.0664 -0.1562
vn -0.98549 0.0429 -0.1642
vn -0.98549 0.0186 -0.1687
vn -0.98549 -0.0062 -0.1696
vn -0.98549 -0.0308 -0.1669
vn -0.9855 -0.0548 -0.1606
vn -0.9855 -0.0776 -0.1509
vn -0.9855 -0.0987 -0.138
vn -0.98549 -0.1178 -0.1222
vn -0.9855 -0.1343 -0.1037
vn -0.98549 -0.148 -0.0831
vn -0.9855 -0.1585 -0.0606
vn -0.9855 -0.1656 -0.0369
vn -0.9855 -0.1692 -0.0124
vn -0.9855 -0.1692 0.0124
vn -0.9855 -0.1656 0.0369
vn -0.9855 -0.1585 0.0606
vn -0.98549 -0.148 0.0831
vn -0.9855 -0.1343 0.1037
vn -0.98549 -0.1178 0.1222
vn -0.9855 -0.0987 0.138
vn -0.9855 -0.0776 0.1509
vn -0.9855 -0.0548 0.1606
vn -0.98549 -0.0308 0.1669
vn -0.98549 -0.0062 0.1696
vn -0.98549 0.0186 0.1687
vn -0.98549 0.0429 0.1642
vn -0.98549 0.0664 0.1562
vn -0.98549 0.0884 0.1449
vn -0.9855 0.1086 0.1304
vn -0.98549 0.1264 0.1133
vn -0.9855 0.1415 0.0936
vn -0.98549 0.1537 0.072
vn -0.9855 0.1625 0.0489
vn -0.98549 0.1679 0.0247
vn -0.9855 0.1697 0
vn 0.1765 -0.95669 -0.2315
vn 0.1745 -0.8216 -0.5427
vn 0.1774 -0.67272 -0.71832
vn 0.17581 -0.48892 -0.85443
vn 0.1785 -0.1759 -0.96809
vn 0.1772 -0.0518 -0.98281
vn 0.1752 0.28521 -0.94232
vn 0.1765 0.6789 -0.7127
vn 0.1745 0.88082 -0.44011
vn 0.17741 0.95844 -0.22341
vn 0.1758 0.98442 0.0038
vn 0.17851 0.92634 0.33171
vn 0.1772 0.87701 0.4466
vn 0.1752 0.67351 0.71811
vn 0.1765 0.2778 0.94429
vn 0.1745 -0.0592 0.98288
vn 0.17741 -0.28572 0.94175
vn 0.1758 -0.49551 0.85062
vn 0.1785 -0.75041 0.63641
vn 0.17719 -0.82524 0.53626
vn 0.17519 -0.95867 0.22419
vn 0.98425 -0.17559 0.0205
vn 0.98425 -0.17201 0.0408
vn 0.93867 -0.34249 0.04
vn 0.93865 -0.33558 0.0795
vn 0.86463 -0.49902 0.0583
vn 0.8646 -0.4889 0.1159
vn 0.76449 -0.64029 0.0748
vn 0.76447 -0.62728 0.14869
vn 0.64119 -0.76219 0.0891
vn 0.64119 -0.74669 0.177
vn 0.49859 -0.86098 0.1006
vn 0.49859 -0.84348 0.19989
vn 0.341 -0.93371 0.1091
vn 0.34101 -0.91472 0.2168
vn 0.1782 -0.97799 0.1085
vn 0.98425 -0.15799 0.0793
vn 0.98426 -0.14769 0.0971
vn 0.93865 -0.30818 0.15479
vn 0.93867 -0.28809 0.18949
vn 0.86461 -0.449 0.2255
vn 0.8646 -0.4198 0.2761
vn 0.76448 -0.57609 0.28929
vn 0.7645 -0.5386 0.3542
vn 0.64122 -0.68572 0.34441
vn 0.64121 -0.64111 0.4217
vn 0.49862 -0.77463 0.38901
vn 0.49862 -0.72423 0.47632
vn 0.34099 -0.84008 0.42189
vn 0.341 -0.7854 0.5166
vn 0.1786 -0.8814 0.4373
vn 0.98425 -0.10559 0.14179
vn 0.98425 -0.0884 0.15309
vn 0.93867 -0.20589 0.27659
vn 0.93865 -0.17239 0.29868
vn 0.86463 -0.30001 0.40301
vn 0.86462 -0.25121 0.43511
vn 0.76447 -0.38499 0.51708
vn 0.76449 -0.32229 0.55829
vn 0.64122 -0.45822 0.61552
vn 0.64118 -0.38369 0.66458
vn 0.49861 -0.51761 0.69532
vn 0.4986 -0.4334 0.7507
vn 0.34101 -0.56141 0.75401
vn 0.34101 -0.47001 0.81412
vn 0.1786 -0.59229 0.78568
vn 0.98425 -0.0307 0.17409
vn 0.98425 -0.0103 0.17649
vn 0.93867 -0.0599 0.33959
vn 0.93865 -0.0201 0.34428
vn 0.86462 -0.0872 0.49481
vn 0.86461 -0.0292 0.5016
vn 0.76447 -0.1119 0.63487
vn 0.76447 -0.0375 0.64357
vn 0.6412 -0.1333 0.7557
vn 0.64119 -0.0446 0.76609
vn 0.49859 -0.1505 0.85368
vn 0.49859 -0.0504 0.86537
vn 0.341 -0.1632 0.92579
vn 0.34099 -0.0547 0.93847
vn 0.1783 -0.1751 0.96827
vn 0.98425 0.0307 0.17409
vn 0.98426 0.0507 0.16929
vn 0.93867 0.0599 0.33959
vn 0.93865 0.09889 0.33038
vn 0.86462 0.0872 0.49481
vn 0.86462 0.1441 0.48131
vn 0.76447 0.1119 0.63487
vn 0.76447 0.18489 0.61758
vn 0.6412 0.1333 0.7557
vn 0.64121 0.22011 0.73512
vn 0.49859 0.1505 0.85368
vn 0.49861 0.2486 0.83041
vn 0.341 0.1632 0.92579
vn 0.34099 0.26959 0.90058
vn 0.1789 0.1652 0.9699
vn 0.98425 0.10559 0.14179
vn 0.98425 0.12129 0.12859
vn 0.93867 0.20589 0.27659
vn 0.93866 0.23669 0.25079
vn 0.86463 0.30001 0.40301
vn 0.86463 0.34481 0.36541
vn 0.76447 0.38499 0.51708
vn 0.76448 0.44239 0.46889
vn 0.64122 0.45822 0.61552
vn 0.64119 0.52659 0.55819
vn 0.49861 0.51761 0.69532
vn 0.49859 0.59489 0.63049
vn 0.34101 0.56141 0.75401
vn 0.341 0.64509 0.68379
vn 0.1782 0.58299 0.79269
vn 0.98426 0.14769 0.0971
vn 0.98425 0.15799 0.0793
vn 0.93867 0.28809 0.18949
vn 0.93865 0.30818 0.15479
vn 0.8646 0.4198 0.2761
vn 0.86461 0.449 0.2255
vn 0.76447 0.53858 0.35429
vn 0.76448 0.57609 0.28929
vn 0.64121 0.64111 0.4217
vn 0.64118 0.68578 0.34439
vn 0.49862 0.72423 0.47632
vn 0.49862 0.77463 0.38901
vn 0.341 0.7854 0.5166
vn 0.34099 0.84008 0.42189
vn 0.1786 0.81939 0.5447
vn 0.98425 0.17559 0.0205
vn 0.98425 0.17679 0
vn 0.93867 0.34249 0.04
vn 0.93865 0.34488 0
vn 0.86463 0.49902 0.0583
vn 0.86463 0.50242 0
vn 0.76449 0.64029 0.0748
vn 0.76446 0.64467 0
vn 0.64119 0.76219 0.0891
vn 0.64119 0.76738 0
vn 0.49859 0.86098 0.1006
vn 0.49861 0.86682 0
vn 0.341 0.93371 0.1091
vn 0.34099 0.94007 0
vn 0.17859 0.97657 0.1201
vn 0.98425 0.16609 -0.0605
vn 0.98425 0.15799 -0.0793
vn 0.93865 0.32408 -0.11789
vn 0.93865 0.30818 -0.15479
vn 0.86463 0.47212 -0.17181
vn 0.86461 0.449 -0.2255
vn 0.76447 0.60578 -0.22049
vn 0.76448 0.57609 -0.28929
vn 0.64119 0.72109 -0.2625
vn 0.64118 0.68578 -0.34439
vn 0.49858 0.81456 -0.29649
vn 0.49862 0.77463 -0.38901
vn 0.34099 0.88338 -0.32149
vn 0.34099 0.84008 -0.42189
vn 0.1783 0.9261 -0.3325
vn 0.98426 0.13539 -0.1136
vn 0.98425 0.12129 -0.12859
vn 0.93865 0.26419 -0.22169
vn 0.93866 0.23669 -0.25079
vn 0.86462 0.38491 -0.32291
vn 0.86463 0.34481 -0.36541
vn 0.76449 0.49379 -0.41439
vn 0.76448 0.44239 -0.46889
vn 0.64123 0.58783 -0.49323
vn 0.64119 0.52659 -0.55819
vn 0.49861 0.66401 -0.55721
vn 0.49859 0.59489 -0.63049
vn 0.341 0.7201 -0.6043
vn 0.341 0.64509 -0.68379
vn 0.1788 0.75731 -0.62811
vn 0.98426 0.07 -0.16229
vn 0.98426 0.0507 -0.16929
vn 0.93865 0.13659 -0.31668
vn 0.93865 0.09889 -0.33038
vn 0.86463 0.19901 -0.46132
vn 0.86462 0.1441 -0.48131
vn 0.76451 0.2553 -0.5919
vn 0.76447 0.18489 -0.61758
vn 0.64121 0.30391 -0.70462
vn 0.64121 0.22011 -0.73512
vn 0.49862 0.34331 -0.79593
vn 0.49861 0.2486 -0.83041
vn 0.341 0.3723 -0.8632
vn 0.34099 0.26959 -0.90058
vn 0.17821 0.39501 -0.90123
vn 0.98425 0.0103 -0.17649
vn 0.98425 -0.0103 -0.17649
vn 0.93865 0.0201 -0.34428
vn 0.93865 -0.0201 -0.34428
vn 0.86461 0.0292 -0.5016
vn 0.86461 -0.0292 -0.5016
vn 0.76447 0.0375 -0.64357
vn 0.76447 -0.0375 -0.64357
vn 0.64119 0.0446 -0.76609
vn 0.64119 -0.0446 -0.76609
vn 0.49859 0.0504 -0.86537
vn 0.49859 -0.0504 -0.86537
vn 0.34099 0.0547 -0.93847
vn 0.34099 -0.0547 -0.93847
vn 0.17859 0.062 -0.98197
vn 0.98426 -0.07 -0.16229
vn 0.98425 -0.0884 -0.15309
vn 0.93865 -0.13659 -0.31668
vn 0.93865 -0.17239 -0.29868
vn 0.86463 -0.19901 -0.46132
vn 0.86462 -0.25121 -0.43511
vn 0.76446 -0.25529 -0.59197
vn 0.76449 -0.32229 -0.55829
vn 0.64121 -0.30391 -0.70462
vn 0.64118 -0.38369 -0.66458
vn 0.49862 -0.34331 -0.79593
vn 0.4986 -0.4334 -0.7507
vn 0.341 -0.3723 -0.8632
vn 0.34101 -0.47001 -0.81412
vn 0.17859 -0.38429 -0.90577
vn 0.98426 -0.13539 -0.1136
vn 0.98425 -0.14771 -0.09711
vn 0.93865 -0.26419 -0.22169
vn 0.93867 -0.28809 -0.18949
vn 0.86462 -0.38491 -0.32291
vn 0.8646 -0.4198 -0.2761
vn 0.76449 -0.49379 -0.41439
vn 0.76447 -0.53858 -0.35429
vn 0.6412 -0.5878 -0.4933
vn 0.64121 -0.64111 -0.4217
vn 0.49861 -0.66401 -0.55721
vn 0.49862 -0.72423 -0.47632
vn 0.341 -0.7201 -0.6043
vn 0.341 -0.7854 -0.5166
vn 0.1783 -0.75099 -0.63579
vn 0.98425 -0.16611 -0.0605
vn 0.98425 -0.17199 -0.0408
vn 0.93865 -0.32408 -0.11789
vn 0.93865 -0.33558 -0.0795
vn 0.86463 -0.47212 -0.17181
vn 0.8646 -0.4889 -0.1159
vn 0.76447 -0.60578 -0.22049
vn 0.76447 -0.62728 -0.14869
vn 0.64119 -0.72109 -0.2625
vn 0.64119 -0.74669 -0.177
vn 0.49858 -0.81456 -0.29649
vn 0.49859 -0.84348 -0.19989
vn 0.34099 -0.88338 -0.32149
vn 0.34101 -0.91472 -0.2168
vn 0.17889 -0.92256 -0.34188
vn 0.98425 -0.17679 0
vn 0.93865 -0.34488 0
vn 0.86463 -0.50242 0
vn 0.76446 -0.64467 0
vn 0.64119 -0.76738 0
vn 0.49861 -0.86682 0
vn 0.34099 -0.94007 0
vn 0.1731 -0.9849 0
vn 0.1791 -0.92218 0.34279
vn 0.34099 -0.88338 0.32149
vn 0.49858 -0.81456 0.29649
vn 0.64119 -0.72109 0.2625
vn 0.76447 -0.60578 0.22049
vn 0.86463 -0.47212 0.17181
vn 0.93865 -0.32408 0.11789
vn 0.98425 -0.16609 0.0605
vn 0.341 -0.7201 0.6043
vn 0.49861 -0.66401 0.55721
vn 0.6412 -0.5878 0.4933
vn 0.76445 -0.49387 0.41437
vn 0.86462 -0.38491 0.32291
vn 0.93865 -0.26419 0.22169
vn 0.98426 -0.13539 0.1136
vn 0.1774 -0.67272 0.71832
vn 0.341 -0.64509 0.68379
vn 0.49862 -0.59482 0.63053
vn 0.64119 -0.52659 0.55819
vn 0.76448 -0.44239 0.46889
vn 0.86463 -0.34481 0.36541
vn 0.93866 -0.23669 0.25079
vn 0.98425 -0.12131 0.12861
vn 0.1788 -0.3834 0.90611
vn 0.341 -0.3723 0.8632
vn 0.49862 -0.34331 0.79593
vn 0.64121 -0.30391 0.70462
vn 0.76446 -0.25529 0.59197
vn 0.86463 -0.19901 0.46132
vn 0.93865 -0.13659 0.31668
vn 0.98426 -0.07 0.16229
vn 0.98426 -0.0507 0.16929
vn 0.93865 -0.09889 0.33038
vn 0.86462 -0.1441 0.48131
vn 0.76447 -0.18489 0.61758
vn 0.64121 -0.22011 0.73512
vn 0.49861 -0.2486 0.83041
vn 0.34099 -0.26959 0.90058
vn 0.17891 0.063 0.98185
vn 0.34099 0.0547 0.93847
vn 0.49859 0.0504 0.86537
vn 0.64119 0.0446 0.76609
vn 0.76447 0.0375 0.64357
vn 0.86461 0.0292 0.5016
vn 0.93865 0.0201 0.34428
vn 0.98425 0.0103 0.17649
vn 0.17839 0.39578 0.90085
vn 0.341 0.3723 0.8632
vn 0.49862 0.34331 0.79593
vn 0.64121 0.30391 0.70462
vn 0.76451 0.2553 0.5919
vn 0.86463 0.19901 0.46132
vn 0.93865 0.13659 0.31668
vn 0.98426 0.07 0.16229
vn 0.98425 0.0884 0.15309
vn 0.93865 0.17239 0.29868
vn 0.86462 0.25121 0.43511
vn 0.76449 0.32229 0.55829
vn 0.64118 0.38369 0.66458
vn 0.4986 0.4334 0.7507
vn 0.34101 0.47001 0.81412
vn 0.17309 0.49247 0.85295
vn 0.17911 0.75795 0.62724
vn 0.341 0.7201 0.6043
vn 0.49861 0.66401 0.55721
vn 0.6412 0.5878 0.4933
vn 0.76449 0.49379 0.41439
vn 0.8646 0.3849 0.323
vn 0.93865 0.26419 0.22169
vn 0.98426 0.13539 0.1136
vn 0.34099 0.88338 0.32149
vn 0.49858 0.81456 0.29649
vn 0.64119 0.72109 0.2625
vn 0.76443 0.60582 0.22051
vn 0.86463 0.47212 0.17181
vn 0.93864 0.32408 0.11799
vn 0.98425 0.16609 0.0605
vn 0.17741 0.95844 0.22341
vn 0.34101 0.91472 0.2168
vn 0.49859 0.84348 0.19989
vn 0.64119 0.74669 0.177
vn 0.76447 0.62728 0.14869
vn 0.8646 0.4889 0.1159
vn 0.93865 0.33558 0.0795
vn 0.98425 0.17199 0.0408
vn 0.1788 0.97642 -0.121
vn 0.341 0.93371 -0.1091
vn 0.49859 0.86098 -0.1006
vn 0.64119 0.76219 -0.0891
vn 0.76449 0.64029 -0.0748
vn 0.86463 0.49902 -0.0583
vn 0.93867 0.34249 -0.04
vn 0.98425 0.17559 -0.0205
vn 0.98425 0.17199 -0.0408
vn 0.93865 0.33558 -0.0795
vn 0.8646 0.4889 -0.1159
vn 0.76447 0.62728 -0.14869
vn 0.64119 0.74669 -0.177
vn 0.49859 0.84348 -0.19989
vn 0.34101 0.91472 -0.2168
vn 0.1789 0.8188 -0.5455
vn 0.341 0.7854 -0.5166
vn 0.49862 0.72423 -0.47632
vn 0.64121 0.64111 -0.4217
vn 0.76447 0.53858 -0.35429
vn 0.8646 0.4198 -0.2761
vn 0.93867 0.28809 -0.18949
vn 0.98426 0.14769 -0.0971
vn 0.17839 0.58228 -0.79317
vn 0.34098 0.56137 -0.75406
vn 0.49861 0.51761 -0.69532
vn 0.64122 0.45822 -0.61552
vn 0.76447 0.38499 -0.51708
vn 0.86463 0.30001 -0.40301
vn 0.93867 0.20589 -0.27659
vn 0.98425 0.10559 -0.14179
vn 0.98425 0.0884 -0.15309
vn 0.93865 0.17239 -0.29868
vn 0.86462 0.25121 -0.43511
vn 0.76449 0.32229 -0.55829
vn 0.64118 0.38369 -0.66458
vn 0.4986 0.4334 -0.7507
vn 0.34101 0.47001 -0.81412
vn 0.17309 0.49247 -0.85295
vn 0.17911 0.16421 -0.97003
vn 0.341 0.1632 -0.92579
vn 0.49859 0.1505 -0.85368
vn 0.6412 0.1333 -0.7557
vn 0.76447 0.1119 -0.63487
vn 0.86462 0.0872 -0.49481
vn 0.93867 0.0599 -0.33959
vn 0.98425 0.0307 -0.17409
vn 0.341 -0.1632 -0.92579
vn 0.49859 -0.1505 -0.85368
vn 0.6412 -0.1333 -0.7557
vn 0.76447 -0.1119 -0.63487
vn 0.86462 -0.0872 -0.49481
vn 0.93867 -0.0599 -0.33959
vn 0.98425 -0.0307 -0.17409
vn 0.17741 -0.28572 -0.94175
vn 0.34099 -0.26959 -0.90058
vn 0.49861 -0.2486 -0.83041
vn 0.64121 -0.22011 -0.73512
vn 0.76447 -0.18489 -0.61758
vn 0.86462 -0.1441 -0.48131
vn 0.93865 -0.09889 -0.33038
vn 0.98426 -0.0507 -0.16929
vn 0.1788 -0.593 -0.7851
vn 0.34101 -0.56141 -0.75401
vn 0.49861 -0.51761 -0.69532
vn 0.64122 -0.45822 -0.61552
vn 0.76447 -0.38499 -0.51708
vn 0.86463 -0.30001 -0.40301
vn 0.93867 -0.20589 -0.27659
vn 0.98425 -0.10559 -0.14179
vn 0.98425 -0.12129 -0.12859
vn 0.93866 -0.23669 -0.25079
vn 0.86463 -0.34481 -0.36541
vn 0.76448 -0.44239 -0.46889
vn 0.64119 -0.52659 -0.55819
vn 0.49859 -0.59489 -0.63049
vn 0.341 -0.64509 -0.68379
vn 0.1789 -0.88179 -0.4364
vn 0.34099 -0.84008 -0.42189
vn 0.49862 -0.77463 -0.38901
vn 0.64118 -0.68578 -0.34439
vn 0.76444 -0.57613 -0.28932
vn 0.86461 -0.449 -0.2255
vn 0.93865 -0.30818 -0.15479
vn 0.98425 -0.15799 -0.0793
vn 0.17839 -0.97805 -0.10769
vn 0.341 -0.93371 -0.1091
vn 0.49859 -0.86098 -0.1006
vn 0.64119 -0.76219 -0.0891
vn 0.76449 -0.64029 -0.0748
vn 0.86463 -0.49902 -0.0583
vn 0.93867 -0.34249 -0.04
vn 0.98425 -0.17559 -0.0205
vn 0 0.50001 0.86602
vn 0 1 0
vn 0 0.50001 -0.86602
vn 0 -0.50001 -0.86602
vn 0 -1 0
vn 0 -0.50001 0.86602
vn 0.86602 0.49241 0.0868
vn 0.86604 0.46982 0.17101
vn 0.86602 0.50001 0
vn 0.86602 0.38301 0.32141
vn 0.86602 0.32141 0.38301
vn 0.86602 0.43301 0.25001
vn 0.86604 0.17101 0.46982
vn 0.86602 0.0868 0.49241
vn 0.86602 0.25001 0.43301
vn 0.86602 -0.0868 0.49241
vn 0.86604 -0.17101 0.46982
vn 0.86602 0 0.50001
vn 0.86602 -0.32141 0.38301
vn 0.86602 -0.38301 0.32141
vn 0.86602 -0.25001 0.43301
vn 0.86604 -0.46982 0.17101
vn 0.86602 -0.49241 0.0868
vn 0.86602 -0.43301 0.25001
vn 0.86602 -0.49241 -0.0868
vn 0.86604 -0.46982 -0.17101
vn 0.86602 -0.50001 0
vn 0.86602 -0.38301 -0.32141
vn 0.86602 -0.32141 -0.38301
vn 0.86602 -0.43301 -0.25001
vn 0.86604 -0.17101 -0.46982
vn 0.86602 -0.0868 -0.49241
vn 0.86602 -0.25001 -0.43301
vn 0.86602 0.0868 -0.49241
vn 0.86604 0.17101 -0.46982
vn 0.86602 0 -0.50001
vn 0.86602 0.32141 -0.38301
vn 0.86602 0.38301 -0.32141
vn 0.86602 0.25001 -0.43301
vn 0.86604 0.46982 -0.17101
vn 0.86602 0.49241 -0.0868
vn 0.86602 0.43301 -0.25001
vn -0.99898 0.0051 0.0449
vn -0.99898 -0.0001 0.0452
vn -0.99898 -0.0054 0.0449
vn -0.99898 0.0247 0.0379
vn -0.99898 0.029 0.0347
vn -0.99898 0.0328 0.0311
vn -0.99898 0.0362 0.0271
vn -0.99898 0.0391 0.0227
vn -0.99898 0.0103 0.044
vn -0.99898 0.0153 0.0425
vn -0.99898 0.0202 0.0405
vn -0.99898 -0.0362 -0.0271
vn -0.99898 -0.0391 -0.0227
vn -0.99898 -0.0415 -0.018
vn -0.99898 -0.0434 0.0128
vn -0.99898 -0.0446 0.0077
vn -0.99897 -0.0452 0.0025
vn -0.99898 0.0054 -0.0449
vn -0.99898 0.0001 -0.0452
vn -0.99898 -0.0051 -0.0449
vn -0.99898 -0.0416 0.0178
vn -0.99898 -0.0392 0.0225
vn -0.99898 -0.0364 0.0269
vn -0.99898 -0.0204 0.0404
vn -0.99897 -0.0156 0.0425
vn -0.99898 -0.0106 0.044
vn -0.99898 -0.0247 -0.0379
vn -0.99898 -0.029 -0.0347
vn -0.99898 -0.0328 -0.0311
vn -0.99898 0.0434 -0.0128
vn -0.99898 0.0416 -0.0178
vn -0.99898 0.0392 -0.0225
vn -0.99898 0.0364 -0.0269
vn -0.99898 0.0415 0.018
vn -0.99898 0.0433 0.0131
vn -0.99898 0.0445 0.008
vn -0.99898 0.0451 0.0028
vn -0.99898 -0.033 0.0309
vn -0.99897 -0.0292 0.0346
vn -0.99898 -0.025 0.0377
vn -0.99898 -0.0433 -0.0131
vn -0.99898 -0.0445 -0.008
vn -0.99898 -0.0451 -0.0028
vn -0.99898 -0.0103 -0.044
vn -0.99898 -0.0153 -0.0425
vn -0.99898 -0.0202 -0.0405
vn -0.99898 0.033 -0.0309
vn -0.99897 0.0292 -0.0346
vn -0.99898 0.025 -0.0377
vn -0.99898 0.0204 -0.0404
vn -0.99897 0.0452 -0.0025
vn -0.99898 0.0446 -0.0077
vn -0.99897 0.0156 -0.0425
vn -0.99898 0.0106 -0.044
vn -0.0435 0.24499 0.96855
vn 0.0027 0.1842 0.98289
vn 0.0024 0.33929 0.94068
vn -0.0651 0.0433 0.99694
vn 0.0021 0.0234 0.99972
vn -0.047 0.1136 0.99241
vn -0.0986 0.16631 0.98113
vn -0.0431 -0.0255 0.99875
vn -0.0431 -0.0941 0.99463
vn 0.002 -0.1361 0.99069
vn -0.0624 -0.16289 0.98467
vn -0.0449 -0.2225 0.9739
vn 0.0028 -0.29391 0.95583
vn -0.0504 -0.4183 0.90691
vn 0.0023 -0.44349 0.89628
vn -0.0435 -0.35691 0.93313
vn -0.0762 -0.29021 0.95392
vn -0.0434 -0.47469 0.87908
vn -0.0434 -0.53441 0.84411
vn 0.0026 -0.58111 0.81382
vn -0.0706 -0.69253 0.71793
vn 0.0019 -0.7049 0.7093
vn -0.0463 -0.64124 0.76594
vn -0.0864 -0.59601 0.79831
vn -0.0429 -0.74254 0.66843
vn -0.0429 -0.78659 0.61599
vn 0.0016 -0.80871 0.58821
vn -0.0504 -0.82374 0.56473
vn -0.0435 -0.8599 0.5086
vn 0.0028 -0.89288 0.45029
vn -0.0582 -0.9445 0.3233
vn 0.0023 -0.95369 0.3008
vn -0.0477 -0.91946 0.39028
vn -0.1108 -0.89324 0.43572
vn -0.0433 -0.96463 0.26001
vn -0.0432 -0.98029 0.1928
vn 0.0023 -0.98946 0.14479
vn -0.0742 -0.99 0.12
vn -0.0456 -0.99699 0.0627
vn 0.0027 -0.99986 -0.0165
vn -0.0744 -0.9972 -0.0076
vn -0.0435 -0.99594 -0.0788
vn 0.0024 -0.9843 -0.1765
vn -0.0436 -0.98337 -0.17629
vn -0.0435 -0.96129 -0.2721
vn 0.0027 -0.94331 -0.3319
vn -0.0651 -0.88501 -0.461
vn 0.0021 -0.87749 -0.47959
vn -0.047 -0.91627 -0.39779
vn -0.0986 -0.93285 -0.34652
vn -0.0431 -0.85217 -0.52148
vn -0.0431 -0.81432 -0.57881
vn 0.002 -0.78992 -0.61321
vn -0.0624 -0.7713 -0.6334
vn -0.0449 -0.73215 -0.67966
vn 0.0028 -0.68083 -0.73243
vn -0.0504 -0.57629 -0.81569
vn 0.0023 -0.55442 -0.83223
vn -0.0435 -0.6296 -0.7757
vn -0.0762 -0.681 -0.7283
vn -0.0434 -0.52389 -0.85068
vn -0.0434 -0.46379 -0.88488
vn 0.0026 -0.41419 -0.91019
vn -0.0706 -0.2755 -0.9587
vn 0.0019 -0.26181 -0.96512
vn -0.0463 -0.3427 -0.9383
vn -0.0864 -0.3934 -0.9153
vn -0.0429 -0.20759 -0.97727
vn -0.043 -0.1402 -0.98919
vn 0.0016 -0.105 -0.99447
vn -0.0504 -0.0772 -0.99574
vn -0.0435 -0.0106 -0.999
vn 0.0028 0.0565 -0.9984
vn -0.0582 0.1923 -0.97961
vn 0.0023 0.21631 -0.97632
vn -0.0477 0.1218 -0.99141
vn -0.1108 0.0693 -0.99142
vn -0.0433 0.2572 -0.96539
vn -0.0433 0.32309 -0.94538
vn 0.0023 0.36939 -0.92927
vn -0.0742 0.391 -0.9174
vn -0.0456 0.44419 -0.89477
vn 0.0027 0.51419 -0.85768
vn -0.0744 0.5052 -0.85979
vn -0.0435 0.56621 -0.82311
vn 0.0024 0.64499 -0.76419
vn -0.0436 0.64437 -0.76347
vn -0.0435 0.71632 -0.69642
vn 0.0027 0.75908 -0.65099
vn -0.0651 0.84175 -0.53593
vn 0.0021 0.8541 -0.5201
vn -0.047 0.80263 -0.59462
vn -0.0986 0.76651 -0.63461
vn -0.0431 0.87769 -0.47729
vn -0.0431 0.90843 -0.41581
vn 0.002 0.92601 -0.3775
vn -0.0624 0.93418 -0.35129
vn -0.0449 0.95469 -0.2942
vn 0.0028 0.97472 -0.2234
vn -0.0504 0.99456 -0.0912
vn 0.0023 0.99795 -0.064
vn -0.0435 0.98656 -0.15749
vn -0.0762 0.97123 -0.22561
vn -0.0434 0.99866 -0.0283
vn -0.0434 0.99822 0.0408
vn 0.0026 0.99534 0.0964
vn -0.0706 0.968 0.2408
vn 0.0019 0.9667 0.2559
vn -0.0463 0.98394 0.17241
vn -0.0864 0.98937 0.117
vn -0.0429 0.95015 0.30882
vn -0.0429 0.92676 0.37319
vn 0.0016 0.91375 0.40628
vn -0.0504 0.90094 0.43102
vn -0.0435 0.87041 0.4904
vn 0.0028 0.83641 0.5481
vn -0.0582 0.75227 0.65628
vn 0.0023 0.73733 0.67553
vn -0.0477 0.79768 0.60119
vn -0.11081 0.82395 0.55573
vn -0.0433 0.70749 0.70539
vn -0.0433 0.65713 0.75253
vn 0.0023 0.62011 0.78451
vn -0.0742 0.59894 0.79735
vn -0.0456 0.55278 0.83208
vn 0.0027 0.48571 0.87412
vn -0.0744 0.492 0.86741
vn -0.0435 0.42979 0.90188
vn -0.0436 0.33899 0.93978
vn 0.99913 -0.0197 -0.0367
vn 0.99913 -0.0248 -0.0334
vn 0.99914 -0.0294 -0.0294
vn 0.99913 -0.0334 -0.0248
vn 0.99914 -0.0366 -0.0197
vn 0.99913 -0.0391 -0.0142
vn 0.99913 -0.0408 -0.0083
vn 0.99914 -0.0415 -0.0023
vn 0.99914 -0.0414 0.0038
vn 0.99914 -0.0404 0.0098
vn 0.99913 -0.0386 0.0155
vn 0.99913 -0.0359 0.021
vn 0.99913 -0.0325 0.026
vn 0.99914 -0.0283 0.0304
vn 0.99914 -0.0236 0.0342
vn 0.99913 -0.0184 0.0373
vn 0.99913 -0.0127 0.0396
vn 0.99914 -0.0068 0.041
vn 0.99913 -0.0008 0.0416
vn 0.99913 0.0053 0.0413
vn 0.99914 0.0373 -0.0183
vn 0.99913 0.0343 -0.0236
vn 0.99913 0.0305 -0.0283
vn 0.99913 0.0261 -0.0324
vn 0.99913 0.021 -0.0359
vn 0.99913 0.0156 -0.0386
vn 0.99914 0.0098 -0.0404
vn 0.99914 0.0038 -0.0414
vn 0.99914 -0.0022 -0.0415
vn 0.99913 -0.0083 -0.0408
vn 0.99914 -0.0141 -0.0391
vn 0.99913 0.0112 0.0401
vn 0.99913 0.0169 0.038
vn 0.99913 0.0223 0.0351
vn 0.99913 0.0272 0.0315
vn 0.99913 0.0315 0.0272
vn 0.99913 0.0351 0.0223
vn 0.99913 0.038 0.017
vn 0.99914 0.04 0.0113
vn 0.99913 0.0413 0.0053
vn 0.99913 0.0416 -0.0007
vn 0.99914 0.041 -0.0068
vn 0.99913 0.0396 -0.0127
vn 0.0004 0.33929 0.94068
vn 0.0437 0.2627 0.96389
vn 0.0002 0.1707 0.98532
vn -0.01 0.18929 0.98187
vn 0 -0.0029 1
vn 0.044 0.1056 0.99343
vn 0.0228 0.0313 0.99925
vn 0.0001 -0.1764 0.98432
vn 0.044 -0.0513 0.99771
vn 0.0437 -0.1312 0.99039
vn 0.0259 -0.21319 0.97667
vn 0.0427 -0.28239 0.95835
vn 0.0003 -0.3447 0.93871
vn -0.0307 -0.3723 0.9276
vn 0.0405 -0.4288 0.90249
vn 0.0004 -0.50249 0.86458
vn -0.0215 -0.50471 0.86302
vn 0.0437 -0.57122 0.81963
vn 0.0004 -0.64499 0.76419
vn -0.0134 -0.63241 0.77452
vn 0.0436 -0.69479 0.71789
vn 0.0002 -0.76793 0.64053
vn 0.0171 -0.74653 0.66513
vn 0.0001 -0.8674 0.4976
vn 0.044 -0.79909 0.59959
vn 0.0437 -0.84468 0.53349
vn 0.0327 -0.88508 0.46429
vn 0.043 -0.91663 0.39741
vn 0.0003 -0.94064 0.33941
vn -0.0223 -0.9506 0.3096
vn 0.0408 -0.96759 0.2492
vn 0.0004 -0.98531 0.1708
vn -0.0208 -0.98601 0.1654
vn 0.0437 -0.99522 0.0873
vn 0.0004 -1 -0.0029
vn -0.0159 -0.99982 0.0108
vn 0.0436 -0.9964 -0.0727
vn 0.0002 -0.98428 -0.1766
vn 0.0116 -0.98917 -0.1463
vn 0.0001 -0.93874 -0.34462
vn 0.044 -0.97227 -0.22969
vn 0.0437 -0.95068 -0.30709
vn 0.0388 -0.9245 -0.3792
vn 0.0433 -0.89253 -0.44891
vn 0.0003 -0.86463 -0.50242
vn -0.014 -0.84755 -0.53053
vn 0.0411 -0.81137 -0.58308
vn 0.0004 -0.76419 -0.64499
vn -0.0196 -0.75872 -0.65112
vn 0.0437 -0.70513 -0.70773
vn 0.0004 -0.64059 -0.76789
vn -0.018 -0.64882 -0.76073
vn 0.0437 -0.58311 -0.81122
vn 0.0002 -0.49741 -0.86752
vn 0.0065 -0.52201 -0.85292
vn 0.0001 -0.33941 -0.94064
vn 0.044 -0.4463 -0.8938
vn 0.0437 -0.33899 -0.93977
vn 0.0437 -0.22731 -0.97284
vn 0.0003 -0.1709 -0.98529
vn -0.0057 -0.13699 -0.99056
vn 0.0414 -0.0724 -0.99652
vn 0.0004 0.0028 -1
vn -0.018 0.0138 -0.99974
vn 0.0437 0.0909 -0.9949
vn 0.0004 0.1765 -0.9843
vn -0.0196 0.16831 -0.98554
vn 0.0437 0.2486 -0.96762
vn 0.0002 0.34479 -0.93868
vn 0.0017 0.32 -0.94741
vn 0 0.50249 -0.86458
vn 0.044 0.3997 -0.91559
vn 0.0396 0.47031 -0.88161
vn 0.0002 0.64488 -0.76428
vn 0.0441 0.53561 -0.84331
vn 0.0437 0.60154 -0.79765
vn 0.0025 0.6716 -0.74091
vn 0.0417 0.71859 -0.69419
vn 0.0004 0.76789 -0.64059
vn -0.0159 0.77642 -0.63002
vn 0.0437 0.82172 -0.56821
vn 0.0004 0.86745 -0.49753
vn -0.0208 0.8645 -0.5022
vn 0.0437 0.90191 -0.42971
vn 0.0002 0.94071 -0.3392
vn -0.0026 0.93233 -0.36161
vn 0 0.98531 -0.1708
vn 0.044 0.95888 -0.28039
vn 0.0344 0.9779 -0.2062
vn 0.0002 1 0.0027
vn 0.0441 0.9907 -0.1287
vn 0.0437 0.99785 -0.0489
vn 0.0106 0.99917 0.0393
vn 0.0421 0.99339 0.1068
vn 0.0004 0.98432 0.1764
vn -0.0474 0.97822 0.2021
vn 0.0398 0.96457 0.26079
vn 0.0004 0.93871 0.3447
vn -0.0215 0.93945 0.34202
vn 0.0437 0.90809 0.41649
vn 0.0002 0.86451 0.50261
vn -0.0066 0.8751 0.4839
vn 0 0.76419 0.64499
vn 0.0439 0.83002 0.55601
vn 0.0287 0.7862 0.6173
vn 0.0001 0.6407 0.76779
vn 0.044 0.73339 0.67839
vn 0.0437 0.67658 0.73507
vn 0.0184 0.61151 0.79102
vn 0.0424 0.55469 0.83098
vn 0.0003 0.4976 0.8674
vn -0.039 0.47261 0.88041
vn 0.0401 0.4179 0.90761
vn -0.0217 0.33931 0.94042
vn 0.70709 0.2399 0.66519
vn 0.7071 0.3518 0.6134
vn 0.70708 0.45299 0.54299
vn 0.70708 0.54039 0.45609
vn 0.70709 0.61139 0.35529
vn 0.7071 0.6638 0.2437
vn 0.70711 0.69601 0.1248
vn 0.70711 0.70711 0.002
vn 0.70711 0.69671 -0.1208
vn 0.70712 0.66512 -0.24001
vn 0.70709 0.66519 -0.2399
vn 0.7071 0.6134 -0.3518
vn 0.70708 0.54299 -0.45299
vn 0.70708 0.45609 -0.54039
vn 0.70709 0.35529 -0.61139
vn 0.7071 0.2437 -0.6638
vn 0.70711 0.1248 -0.69601
vn 0.70711 0.002 -0.70711
vn 0.70711 -0.1208 -0.69671
vn 0.70712 -0.24001 -0.66512
vn 0.70709 -0.2399 -0.66519
vn 0.7071 -0.3518 -0.6134
vn 0.70708 -0.45299 -0.54299
vn 0.70708 -0.54039 -0.45609
vn 0.70709 -0.61139 -0.35529
vn 0.7071 -0.6638 -0.2437
vn 0.70711 -0.69601 -0.1248
vn 0.70711 -0.70711 -0.002
vn 0.70711 -0.69671 0.1208
vn 0.70714 -0.66513 0.23991
vn 0.70707 -0.66517 0.23999
vn 0.7071 -0.6134 0.3518
vn 0.70708 -0.54299 0.45299
vn 0.70708 -0.45609 0.54039
vn 0.70709 -0.35529 0.61139
vn 0.7071 -0.2437 0.6638
vn 0.70711 -0.1248 0.69601
vn 0.70711 -0.002 0.70711
vn 0.70711 0.1208 0.69671
vn 0.70712 0.24001 0.66512
vn 0.1653 -0.5831 -0.7954
vn 0.16611 -0.45772 -0.87344
vn 0.16521 -0.69654 -0.69824
vn 0.1678 -0.79582 -0.58182
vn 0.1664 -0.87229 -0.4598
vn 0.1711 -0.92699 -0.3338
vn 0.16611 -0.96424 -0.20651
vn 0.1654 -0.98432 -0.0613
vn 0.16521 -0.98233 0.0879
vn 0.1681 -0.95631 0.2392
vn 0.1665 -0.91138 0.37639
vn 0.169 -0.8489 0.5008
vn 0.1662 -0.77518 0.60949
vn 0.16541 -0.67723 0.71693
vn 0.1652 -0.56139 0.81089
vn 0.1684 -0.4281 0.8879
vn 0.16669 -0.29369 0.94126
vn 0.16761 -0.15661 0.97334
vn 0.16659 -0.0265 0.98567
vn 0.1655 0.1172 0.97922
vn 0.1653 0.2634 0.95042
vn 0.1687 0.40831 0.89712
vn 0.1669 0.53561 0.82781
vn 0.16691 0.64892 0.74232
vn 0.1673 0.74139 0.64989
vn 0.16559 0.82737 0.53668
vn 0.1653 0.89871 0.4062
vn 0.169 0.9506 0.2604
vn 0.16721 0.97883 0.118
vn 0.1665 0.98573 -0.0248
vn 0.1687 0.97328 -0.1558
vn 0.1657 0.94189 -0.2922
vn 0.1653 0.88742 -0.43031
vn 0.16521 0.81225 -0.55943
vn 0.16729 0.71637 -0.67737
vn 0.1663 0.61109 -0.77389
vn 0.1709 0.50069 -0.84859
vn 0.1658 0.3783 -0.91071
vn 0.1653 0.23769 -0.95717
vn 0.1652 0.0904 -0.98211
vn 0.1675 -0.0621 -0.98391
vn 0.1663 -0.2043 -0.96468
vn 0.1743 -0.33409 -0.92628
vn 0.34329 -0.1867 -0.92049
vn 0.34332 -0.0507 -0.93785
vn 0.34331 0.0864 -0.93524
vn 0.3433 0.2217 -0.91269
vn 0.3433 0.3522 -0.87069
vn 0.34331 0.47522 -0.81013
vn 0.3433 0.58811 -0.73231
vn 0.34329 0.68847 -0.63887
vn 0.34341 0.77411 -0.53181
vn 0.34332 0.84334 -0.41342
vn 0.34332 0.89455 -0.28621
vn 0.3433 0.9267 -0.1529
vn 0.34329 0.93908 -0.0164
vn 0.34329 0.93147 0.1205
vn 0.34329 0.90398 0.25489
vn 0.34331 0.85722 0.38381
vn 0.3434 0.79219 0.50449
vn 0.3433 0.7103 0.6145
vn 0.3434 0.6133 0.7113
vn 0.34329 0.50318 0.79307
vn 0.34329 0.38239 0.85787
vn 0.3433 0.2534 0.9044
vn 0.34332 0.11901 0.93165
vn 0.34332 -0.0179 0.93905
vn 0.34331 -0.1545 0.92643
vn 0.34329 -0.28769 0.89408
vn 0.34332 -0.41482 0.84265
vn 0.34329 -0.53309 0.77328
vn 0.3433 -0.64001 0.68741
vn 0.34329 -0.73329 0.58689
vn 0.3433 -0.8109 0.4739
vn 0.34329 -0.87127 0.35079
vn 0.3434 -0.91301 0.2202
vn 0.34329 -0.93538 0.0849
vn 0.34341 -0.93773 -0.0522
vn 0.34329 -0.92018 -0.1882
vn 0.34329 -0.88297 -0.32019
vn 0.34332 -0.82694 -0.44532
vn 0.34329 -0.75329 -0.56099
vn 0.34329 -0.66358 -0.66468
vn 0.34331 -0.55972 -0.75422
vn 0.3433 -0.4439 -0.8277
vn 0.3433 -0.3187 -0.8835
vn 0.50181 -0.1719 -0.84772
vn 0.50181 -0.0467 -0.86372
vn 0.50181 0.0796 -0.86131
vn 0.50177 0.20419 -0.84055
vn 0.50178 0.32439 -0.80187
vn 0.50179 0.43769 -0.74608
vn 0.50181 0.54161 -0.67442
vn 0.50177 0.63407 -0.58837
vn 0.50178 0.71297 -0.48978
vn 0.50178 0.77667 -0.38079
vn 0.50182 0.82383 -0.26361
vn 0.50177 0.85345 -0.14089
vn 0.50178 0.86486 -0.0151
vn 0.50181 0.85782 0.111
vn 0.50181 0.83252 0.23471
vn 0.5018 0.7895 0.3534
vn 0.50173 0.72965 0.46463
vn 0.50179 0.65419 0.56589
vn 0.50181 0.56481 0.65511
vn 0.50179 0.46339 0.73039
vn 0.50177 0.35218 0.79006
vn 0.50181 0.23331 0.83292
vn 0.50181 0.1096 0.85801
vn 0.50181 -0.0165 0.86482
vn 0.5018 -0.1423 0.8532
vn 0.5018 -0.265 0.82339
vn 0.50179 -0.38199 0.77608
vn 0.50177 -0.49097 0.71216
vn 0.50172 -0.58943 0.63313
vn 0.50173 -0.67534 0.54053
vn 0.50181 -0.74682 0.43641
vn 0.50179 -0.80238 0.32309
vn 0.50179 -0.84088 0.2028
vn 0.50177 -0.86146 0.0782
vn 0.50178 -0.86366 -0.0481
vn 0.50178 -0.84746 -0.17329
vn 0.50178 -0.81317 -0.29489
vn 0.5018 -0.76159 -0.4101
vn 0.50176 -0.69375 -0.51666
vn 0.50182 -0.61113 -0.61213
vn 0.5018 -0.5155 -0.6946
vn 0.50177 -0.40888 -0.76226
vn 0.50179 -0.29349 -0.81368
vn 0.6448 -0.1519 -0.7491
vn 0.64477 -0.0412 -0.76327
vn 0.64481 0.0703 -0.76111
vn 0.64478 0.18039 -0.74278
vn 0.64479 0.2866 -0.70859
vn 0.64481 0.3867 -0.65931
vn 0.64479 0.47859 -0.59599
vn 0.6448 0.5603 -0.5199
vn 0.64481 0.63001 -0.4328
vn 0.6448 0.6863 -0.3365
vn 0.6448 0.728 -0.2329
vn 0.64477 0.75417 -0.12449
vn 0.64477 0.76426 -0.0133
vn 0.64481 0.75802 0.0981
vn 0.64479 0.73569 0.2074
vn 0.64482 0.69762 0.31231
vn 0.6448 0.6447 0.4106
vn 0.64478 0.57808 0.50008
vn 0.6448 0.4991 0.5789
vn 0.6448 0.4095 0.6454
vn 0.64477 0.31119 0.69817
vn 0.64481 0.2062 0.73601
vn 0.6448 0.0968 0.7582
vn 0.64481 -0.0146 0.76421
vn 0.64477 -0.12569 0.75397
vn 0.64481 -0.2341 0.72761
vn 0.64478 -0.33759 0.68578
vn 0.64481 -0.43381 0.62931
vn 0.64482 -0.52082 0.55942
vn 0.64479 -0.59679 0.47759
vn 0.6448 -0.6599 0.3857
vn 0.64481 -0.70901 0.28551
vn 0.64478 -0.74307 0.17919
vn 0.64481 -0.76121 0.0691
vn 0.64478 -0.76318 -0.0425
vn 0.64477 -0.74887 -0.15319
vn 0.64478 -0.71858 -0.26059
vn 0.64479 -0.67299 -0.36239
vn 0.64478 -0.61308 -0.45649
vn 0.64482 -0.54002 -0.54092
vn 0.6448 -0.4555 -0.6138
vn 0.64479 -0.36129 -0.67359
vn 0.64479 -0.2594 -0.71899
vn 0.76808 -0.1273 -0.62758
vn 0.76801 -0.0345 -0.63951
vn 0.76802 0.0589 -0.63771
vn 0.76803 0.15111 -0.62233
vn 0.76802 0.24011 -0.59371
vn 0.76802 0.32401 -0.55241
vn 0.76803 0.40101 -0.49932
vn 0.76804 0.46942 -0.43562
vn 0.76805 0.52783 -0.36262
vn 0.76803 0.57502 -0.28191
vn 0.76804 0.60993 -0.19521
vn 0.76809 0.63179 -0.1043
vn 0.76803 0.64032 -0.0112
vn 0.76803 0.63512 0.0822
vn 0.76805 0.61636 0.17379
vn 0.76806 0.58447 0.26169
vn 0.76801 0.54021 0.344
vn 0.76803 0.48432 0.41901
vn 0.76802 0.41821 0.48501
vn 0.76804 0.34312 0.54073
vn 0.76804 0.26071 0.58493
vn 0.768 0.1728 0.6167
vn 0.76805 0.0811 0.63524
vn 0.76802 -0.0122 0.64031
vn 0.76802 -0.1053 0.63171
vn 0.76803 -0.19621 0.60962
vn 0.76801 -0.2828 0.57461
vn 0.76804 -0.36352 0.52723
vn 0.76802 -0.43641 0.46871
vn 0.76801 -0.5 0.4002
vn 0.76803 -0.55292 0.32311
vn 0.768 -0.5941 0.2392
vn 0.76801 -0.6226 0.1501
vn 0.76801 -0.63781 0.0579
vn 0.76803 -0.63942 -0.0356
vn 0.76803 -0.62743 -0.12831
vn 0.76805 -0.60204 -0.21831
vn 0.76805 -0.56384 -0.30362
vn 0.76803 -0.51362 -0.38252
vn 0.76809 -0.45239 -0.45319
vn 0.76803 -0.38172 -0.51422
vn 0.76804 -0.30272 -0.56433
vn 0.76803 -0.21731 -0.60242
vn 0.8678 -0.0988 -0.487
vn 0.8678 -0.0268 -0.4962
vn 0.8678 0.0457 -0.4948
vn 0.86779 0.1173 -0.48289
vn 0.86779 0.1863 -0.46069
vn 0.86781 0.2514 -0.4286
vn 0.86777 0.31119 -0.38748
vn 0.86778 0.36429 -0.33799
vn 0.86778 0.40959 -0.2814
vn 0.86778 0.44619 -0.2188
vn 0.86778 0.47329 -0.1515
vn 0.86779 0.4903 -0.0809
vn 0.86777 0.49688 -0.0087
vn 0.8678 0.4928 0.0638
vn 0.86779 0.4783 0.1348
vn 0.86777 0.45358 0.20309
vn 0.86778 0.41919 0.26689
vn 0.8678 0.3758 0.3251
vn 0.86778 0.32449 0.37639
vn 0.8678 0.2662 0.4196
vn 0.86779 0.2023 0.45389
vn 0.86779 0.1341 0.47849
vn 0.8678 0.063 0.4929
vn 0.86777 -0.0095 0.49688
vn 0.86778 -0.0817 0.49019
vn 0.86777 -0.1522 0.47308
vn 0.86776 -0.21949 0.44588
vn 0.86779 -0.2821 0.4091
vn 0.8678 -0.3386 0.3637
vn 0.86779 -0.38799 0.3105
vn 0.86778 -0.42909 0.25069
vn 0.86778 -0.46099 0.1856
vn 0.86778 -0.48309 0.1165
vn 0.86779 -0.4949 0.0449
vn 0.86778 -0.49619 -0.0276
vn 0.86777 -0.48688 -0.0996
vn 0.86778 -0.46719 -0.1694
vn 0.8678 -0.4375 -0.2356
vn 0.86778 -0.39859 -0.29679
vn 0.86778 -0.35109 -0.35169
vn 0.86776 -0.29619 -0.39908
vn 0.8678 -0.2349 -0.4379
vn 0.86777 -0.1686 -0.46749
vn 0.94098 -0.0673 -0.33169
vn 0.941 -0.0183 -0.3379
vn 0.94099 0.0311 -0.337
vn 0.94098 0.0799 -0.32889
vn 0.941 0.1269 -0.3137
vn 0.941 0.1712 -0.2919
vn 0.94099 0.2119 -0.2639
vn 0.94099 0.2481 -0.2302
vn 0.94101 0.2789 -0.1916
vn 0.94098 0.30389 -0.149
vn 0.94101 0.3223 -0.1031
vn 0.941 0.3339 -0.0551
vn 0.94099 0.33839 -0.0059
vn 0.941 0.3356 0.0434
vn 0.94101 0.3257 0.0918
vn 0.94099 0.3089 0.1383
vn 0.94098 0.28549 0.1818
vn 0.94098 0.256 0.2214
vn 0.94099 0.221 0.2563
vn 0.94098 0.1813 0.2858
vn 0.94099 0.1378 0.3091
vn 0.94099 0.0913 0.3259
vn 0.94099 0.0429 0.3357
vn 0.94098 -0.0065 0.33839
vn 0.941 -0.0557 0.3338
vn 0.94098 -0.1037 0.32219
vn 0.941 -0.1495 0.3036
vn 0.941 -0.1921 0.2786
vn 0.94099 -0.2306 0.2477
vn 0.94099 -0.2642 0.2115
vn 0.94098 -0.29219 0.1708
vn 0.941 -0.3139 0.1264
vn 0.941 -0.329 0.0793
vn 0.94101 -0.337 0.0306
vn 0.94099 -0.3379 -0.0188
vn 0.94098 -0.33159 -0.0678
vn 0.94098 -0.31819 -0.1154
vn 0.94098 -0.29799 -0.1605
vn 0.94101 -0.2714 -0.2021
vn 0.941 -0.2391 -0.2395
vn 0.94098 -0.2017 -0.27179
vn 0.941 -0.16 -0.2982
vn 0.94101 -0.1148 -0.3183
vn 0.9855 -0.0337 -0.1663
vn 0.98549 -0.0092 -0.1695
vn 0.98549 0.0156 -0.169
vn 0.98549 0.0401 -0.1649
vn 0.9855 0.0636 -0.1573
vn 0.98549 0.0859 -0.1464
vn 0.98549 0.1063 -0.1323
vn 0.9855 0.1244 -0.1154
vn 0.98549 0.1399 -0.0961
vn 0.98549 0.1524 -0.0747
vn 0.9855 0.1616 -0.0517
vn 0.9855 0.1674 -0.0276
vn 0.98549 0.1697 -0.003
vn 0.98549 0.1683 0.0218
vn 0.9855 0.1633 0.0461
vn 0.9855 0.1549 0.0693
vn 0.9855 0.1431 0.0912
vn 0.9855 0.1283 0.111
vn 0.9855 0.1108 0.1285
vn 0.9855 0.0909 0.1433
vn 0.9855 0.0691 0.155
vn 0.9855 0.0458 0.1634
vn 0.9855 0.0215 0.1683
vn 0.98549 -0.0032 0.1697
vn 0.98549 -0.0279 0.1674
vn 0.98549 -0.052 0.1616
vn 0.98548 -0.075 0.1523
vn 0.9855 -0.0963 0.1397
vn 0.9855 -0.1156 0.1242
vn 0.9855 -0.1325 0.106
vn 0.9855 -0.1465 0.0856
vn 0.9855 -0.1574 0.0634
vn 0.98549 -0.165 0.0398
vn 0.9855 -0.169 0.0153
vn 0.9855 -0.1694 -0.0094
vn 0.98549 -0.1663 -0.034
vn 0.9855 -0.1595 -0.0578
vn 0.98549 -0.1494 -0.0805
vn 0.98549 -0.1361 -0.1014
vn 0.9855 -0.1199 -0.1201
vn 0.9855 -0.1011 -0.1363
vn 0.9855 -0.0802 -0.1495
vn 0.9855 -0.0576 -0.1596
vn -0.17651 0.54243 0.82135
vn -0.1745 0.7893 0.5887
vn -0.1774 0.904 0.389
vn -0.17581 0.96965 0.16991
vn -0.1785 0.97033 -0.1631
vn -0.17719 0.94207 -0.28479
vn -0.17519 0.78967 -0.58798
vn -0.1765 0.44011 -0.88042
vn -0.1745 0.1151 -0.97791
vn -0.1774 -0.1151 -0.97739
vn -0.1758 -0.33761 -0.92472
vn -0.1785 -0.62639 -0.75879
vn -0.17719 -0.71767 -0.67347
vn -0.17519 -0.90405 -0.38988
vn -0.1765 -0.98252 0.0591
vn -0.1745 -0.90448 0.38919
vn -0.17741 -0.78893 0.58832
vn -0.1758 -0.63198 0.75478
vn -0.17849 -0.34398 0.92185
vn -0.17719 -0.22439 0.95825
vn -0.17519 0.1144 0.97787
vn -0.98426 0.0403 0.17209
vn -0.98426 0.02 0.17559
vn -0.93865 0.0786 0.33578
vn -0.93867 0.0391 0.34259
vn -0.86462 0.1145 0.48921
vn -0.86461 0.0569 0.49921
vn -0.76448 0.1469 0.62769
vn -0.76449 0.073 0.64049
vn -0.6412 0.1748 0.7472
vn -0.64122 0.0869 0.76242
vn -0.49861 0.19751 0.84402
vn -0.49862 0.0982 0.86124
vn -0.34101 0.21421 0.91533
vn -0.341 0.1065 0.93401
vn -0.1782 0.2298 0.95679
vn -0.98426 -0.021 0.17549
vn -0.98425 -0.0413 0.17189
vn -0.93866 -0.041 0.34239
vn -0.93867 -0.0805 0.33529
vn -0.86464 -0.0598 0.49882
vn -0.86463 -0.1173 0.48852
vn -0.76447 -0.0767 0.64008
vn -0.76446 -0.15049 0.62686
vn -0.64121 -0.0913 0.76191
vn -0.64119 -0.1791 0.74619
vn -0.49859 -0.1031 0.86068
vn -0.4986 -0.2023 0.8429
vn -0.341 -0.1118 0.93339
vn -0.341 -0.2194 0.9141
vn -0.1786 -0.1122 0.9775
vn -0.98425 -0.0976 0.14739
vn -0.98425 -0.11399 0.13509
vn -0.93866 -0.19029 0.28759
vn -0.93868 -0.22239 0.26349
vn -0.8646 -0.2773 0.419
vn -0.86465 -0.32402 0.38392
vn -0.76447 -0.35579 0.53758
vn -0.76446 -0.41578 0.49267
vn -0.64121 -0.42351 0.63991
vn -0.64122 -0.49492 0.58642
vn -0.49859 -0.47839 0.72288
vn -0.49861 -0.55911 0.66241
vn -0.34101 -0.51882 0.78393
vn -0.341 -0.60631 0.71841
vn -0.17861 -0.53812 0.82373
vn -0.98426 -0.15329 0.088
vn -0.98425 -0.16249 0.0696
vn -0.93867 -0.29909 0.17159
vn -0.93867 -0.31699 0.1357
vn -0.86462 -0.43581 0.25001
vn -0.86461 -0.46191 0.1977
vn -0.76449 -0.5592 0.3207
vn -0.76446 -0.59267 0.25369
vn -0.64122 -0.66562 0.38181
vn -0.6412 -0.7055 0.3019
vn -0.49861 -0.75191 0.43131
vn -0.4986 -0.7969 0.3411
vn -0.34099 -0.81547 0.46768
vn -0.34101 -0.86422 0.36991
vn -0.1783 -0.85139 0.4933
vn -0.98425 -0.17419 0.0302
vn -0.98425 -0.17649 0.0098
vn -0.93866 -0.33978 0.0589
vn -0.93867 -0.34429 0.0191
vn -0.86463 -0.49502 0.0858
vn -0.86464 -0.50162 0.0278
vn -0.76448 -0.63518 0.1101
vn -0.76447 -0.64368 0.0356
vn -0.6412 -0.7561 0.1311
vn -0.6412 -0.7662 0.0424
vn -0.49859 -0.85409 0.1481
vn -0.4986 -0.86551 0.0479
vn -0.34101 -0.92624 0.16061
vn -0.34101 -0.93862 0.052
vn -0.17881 -0.96843 0.17371
vn -0.98425 -0.16919 -0.0512
vn -0.98425 -0.16209 -0.0705
vn -0.93866 -0.33009 -0.0998
vn -0.93865 -0.31628 -0.13749
vn -0.86461 -0.48091 -0.1455
vn -0.8646 -0.4608 -0.2003
vn -0.76445 -0.61706 -0.18669
vn -0.76449 -0.59119 -0.257
vn -0.6412 -0.7345 -0.2222
vn -0.64121 -0.70371 -0.30601
vn -0.4986 -0.8297 -0.251
vn -0.49858 -0.79497 -0.34559
vn -0.341 -0.89979 -0.2722
vn -0.341 -0.86211 -0.37481
vn -0.1782 -0.94349 -0.2794
vn -0.98425 -0.14149 -0.10599
vn -0.98425 -0.12819 -0.12169
vn -0.93867 -0.27599 -0.20669
vn -0.93865 -0.25019 -0.23739
vn -0.86463 -0.40211 -0.30121
vn -0.86461 -0.36451 -0.34581
vn -0.76449 -0.51599 -0.3864
vn -0.76447 -0.46768 -0.44368
vn -0.64121 -0.61421 -0.46
vn -0.64118 -0.55669 -0.52819
vn -0.49861 -0.69382 -0.51961
vn -0.49859 -0.62879 -0.59669
vn -0.34099 -0.75247 -0.56348
vn -0.341 -0.6819 -0.6471
vn -0.17861 -0.79044 -0.58593
vn -0.98425 -0.0789 -0.15819
vn -0.98425 -0.06 -0.16629
vn -0.93866 -0.15389 -0.30859
vn -0.93866 -0.117 -0.32439
vn -0.86463 -0.22421 -0.44961
vn -0.86462 -0.1705 -0.47261
vn -0.76448 -0.28769 -0.57689
vn -0.76448 -0.21879 -0.60638
vn -0.64122 -0.34241 -0.68672
vn -0.64122 -0.26041 -0.72182
vn -0.49862 -0.38681 -0.77573
vn -0.49859 -0.2942 -0.81539
vn -0.34099 -0.41949 -0.84128
vn -0.341 -0.319 -0.88429
vn -0.1786 -0.4443 -0.8779
vn -0.98425 0.0005 -0.17679
vn -0.98426 0.021 -0.17549
vn -0.93865 0.001 -0.34488
vn -0.93866 0.041 -0.34239
vn -0.86463 0.0014 -0.50241
vn -0.86464 0.0598 -0.49882
vn -0.76446 0.0018 -0.64467
vn -0.76447 0.0767 -0.64008
vn -0.64119 0.0022 -0.76738
vn -0.64121 0.0913 -0.76191
vn -0.49861 0.0025 -0.86682
vn -0.49859 0.1031 -0.86068
vn -0.34099 0.0027 -0.94006
vn -0.341 0.1118 -0.93339
vn -0.1783 -0.0015 -0.98398
vn -0.98426 0.0609 -0.16589
vn -0.98426 0.0798 -0.15769
vn -0.93866 0.1189 -0.32369
vn -0.93866 0.15569 -0.30769
vn -0.86463 0.17321 -0.47161
vn -0.86462 0.22681 -0.44831
vn -0.76446 0.22219 -0.60517
vn -0.76446 0.29098 -0.57527
vn -0.64122 0.26451 -0.72033
vn -0.64117 0.34639 -0.68477
vn -0.4986 0.2988 -0.8137
vn -0.49861 0.39121 -0.77352
vn -0.34099 0.32399 -0.88247
vn -0.34099 0.42429 -0.83887
vn -0.1789 0.3338 -0.92551
vn -0.98426 0.12889 -0.1209
vn -0.98424 0.14211 -0.1052
vn -0.93867 0.25149 -0.23589
vn -0.93867 0.27719 -0.20509
vn -0.86464 0.36642 -0.34372
vn -0.8646 0.4039 -0.2989
vn -0.76446 0.47017 -0.44107
vn -0.76448 0.51818 -0.38349
vn -0.64119 0.55969 -0.52499
vn -0.64121 0.61681 -0.45651
vn -0.49859 0.63219 -0.59309
vn -0.49861 0.69681 -0.51561
vn -0.34099 0.68559 -0.64319
vn -0.34101 0.75563 -0.55922
vn -0.1782 0.7137 -0.6774
vn -0.98425 0.16249 -0.0696
vn -0.98425 0.16951 -0.0502
vn -0.93867 0.31699 -0.1357
vn -0.93864 0.33068 -0.09799
vn -0.86461 0.46191 -0.1977
vn -0.86463 0.48172 -0.1427
vn -0.76446 0.59267 -0.25369
vn -0.76449 0.61809 -0.1831
vn -0.6412 0.7055 -0.3019
vn -0.64118 0.73578 -0.21799
vn -0.4986 0.7969 -0.3411
vn -0.49861 0.83112 -0.24621
vn -0.34101 0.86422 -0.36991
vn -0.34102 0.90134 -0.26701
vn -0.17859 0.90265 -0.39158
vn -0.98424 0.17651 0.0108
vn -0.98425 0.17401 0.0312
vn -0.93867 0.34419 0.021
vn -0.93867 0.33939 0.0609
vn -0.86461 0.50151 0.0306
vn -0.86463 0.49452 0.0887
vn -0.76446 0.64347 0.0393
vn -0.76445 0.63456 0.11379
vn -0.64122 0.76593 0.0468
vn -0.64122 0.75532 0.1354
vn -0.49861 0.86521 0.0529
vn -0.49861 0.85322 0.153
vn -0.341 0.93831 0.0573
vn -0.341 0.92531 0.1659
vn -0.17861 0.98243 0.0541
vn -0.98426 0.15279 0.0888
vn -0.98425 0.14149 0.10599
vn -0.93865 0.29818 0.17329
vn -0.93867 0.27599 0.20669
vn -0.86462 0.43441 0.25241
vn -0.86463 0.40211 0.30121
vn -0.76447 0.55738 0.32389
vn -0.76449 0.51599 0.3864
vn -0.64118 0.66348 0.38559
vn -0.64121 0.61421 0.46
vn -0.49858 0.74946 0.43558
vn -0.49861 0.69382 0.51961
vn -0.34099 0.81276 0.47238
vn -0.34101 0.75243 0.56352
vn -0.1783 0.85289 0.4907
vn -0.98426 0.1132 0.13569
vn -0.98425 0.0967 0.14799
vn -0.93867 0.22089 0.26479
vn -0.93865 0.18869 0.28868
vn -0.86463 0.32181 0.38581
vn -0.86463 0.27491 0.42052
vn -0.76448 0.41299 0.49499
vn -0.76449 0.3527 0.53959
vn -0.64121 0.49161 0.58921
vn -0.64123 0.41982 0.64233
vn -0.4986 0.5553 0.66561
vn -0.49859 0.47429 0.72558
vn -0.34099 0.60218 0.72188
vn -0.341 0.5143 0.7869
vn -0.17881 0.63463 0.75184
vn -0.98425 0.06 0.16629
vn -0.93866 0.117 0.32439
vn -0.86462 0.1705 0.47261
vn -0.76448 0.21879 0.60638
vn -0.64122 0.26041 0.72182
vn -0.49861 0.2941 0.81541
vn -0.341 0.319 0.88429
vn -0.1731 0.33419 0.92647
vn -0.1791 -0.0095 0.98379
vn -0.34099 -0.0027 0.94006
vn -0.49861 -0.0025 0.86682
vn -0.64119 -0.0022 0.76738
vn -0.76446 -0.0018 0.64467
vn -0.86463 -0.0014 0.50241
vn -0.93865 -0.001 0.34488
vn -0.98425 -0.0005 0.17679
vn -0.34099 -0.32399 0.88247
vn -0.4986 -0.2988 0.8137
vn -0.64122 -0.26451 0.72033
vn -0.76446 -0.22219 0.60517
vn -0.86463 -0.17321 0.47161
vn -0.93866 -0.1189 0.32369
vn -0.98426 -0.0609 0.16589
vn -0.17741 -0.44742 0.87655
vn -0.34099 -0.42429 0.83887
vn -0.49861 -0.39121 0.77352
vn -0.64117 -0.34639 0.68477
vn -0.76446 -0.29098 0.57527
vn -0.86462 -0.22681 0.44831
vn -0.93866 -0.15569 0.30769
vn -0.98426 -0.0798 0.15769
vn -0.1788 -0.72228 0.66809
vn -0.34099 -0.68559 0.64319
vn -0.49859 -0.63219 0.59309
vn -0.64119 -0.55969 0.52499
vn -0.76446 -0.47017 0.44107
vn -0.86464 -0.36642 0.34372
vn -0.93867 -0.25149 0.23589
vn -0.98426 -0.12889 0.1209
vn -0.98425 -0.14209 0.10519
vn -0.93867 -0.27719 0.20509
vn -0.8646 -0.4039 0.2989
vn -0.76448 -0.51818 0.38349
vn -0.64121 -0.61681 0.45651
vn -0.49861 -0.69681 0.51561
vn -0.34101 -0.75563 0.55922
vn -0.1789 -0.94498 0.27389
vn -0.34102 -0.90134 0.26701
vn -0.49861 -0.83112 0.24621
vn -0.64123 -0.73573 0.21801
vn -0.76449 -0.61809 0.1831
vn -0.86463 -0.48172 0.1427
vn -0.93864 -0.33068 0.09799
vn -0.98425 -0.16951 0.0502
vn -0.1783 -0.98172 -0.0666
vn -0.341 -0.93831 -0.0573
vn -0.49861 -0.86521 -0.0529
vn -0.64122 -0.76593 -0.0468
vn -0.76446 -0.64347 -0.0393
vn -0.86461 -0.50151 -0.0306
vn -0.93865 -0.34422 -0.021
vn -0.98424 -0.17649 -0.0108
vn -0.98425 -0.17401 -0.0312
vn -0.93867 -0.33939 -0.0609
vn -0.86463 -0.49452 -0.0887
vn -0.76445 -0.63456 -0.11379
vn -0.64122 -0.75532 -0.1354
vn -0.49861 -0.85322 -0.153
vn -0.341 -0.92531 -0.1659
vn -0.17311 -0.96945 -0.17381
vn -0.17911 -0.84723 -0.50012
vn -0.34099 -0.81276 -0.47238
vn -0.49858 -0.74946 -0.43558
vn -0.64118 -0.66348 -0.38559
vn -0.76447 -0.55738 -0.32389
vn -0.86462 -0.43441 -0.25241
vn -0.93865 -0.29818 -0.17329
vn -0.98426 -0.15279 -0.0888
vn -0.34101 -0.60222 -0.72183
vn -0.4986 -0.5553 -0.66561
vn -0.64121 -0.49161 -0.58921
vn -0.76448 -0.41299 -0.49499
vn -0.86463 -0.32181 -0.38581
vn -0.93867 -0.22089 -0.26479
vn -0.98426 -0.1132 -0.13569
vn -0.17739 -0.53538 -0.82577
vn -0.341 -0.5143 -0.7869
vn -0.49859 -0.47429 -0.72558
vn -0.64123 -0.41982 -0.64233
vn -0.76449 -0.3527 -0.53959
vn -0.86463 -0.27491 -0.42052
vn -0.93865 -0.18869 -0.28868
vn -0.98425 -0.0967 -0.14799
vn -0.17881 -0.21751 -0.95954
vn -0.34101 -0.21421 -0.91533
vn -0.49861 -0.19751 -0.84402
vn -0.6412 -0.1748 -0.7472
vn -0.76448 -0.1469 -0.62769
vn -0.86462 -0.1145 -0.48921
vn -0.93865 -0.0786 -0.33578
vn -0.98426 -0.0403 -0.17209
vn -0.98426 -0.02 -0.17559
vn -0.93867 -0.0391 -0.34259
vn -0.86461 -0.0569 -0.49921
vn -0.76449 -0.073 -0.64049
vn -0.64122 -0.0869 -0.76242
vn -0.49858 -0.0982 -0.86126
vn -0.341 -0.1065 -0.93401
vn -0.17891 0.23521 -0.95534
vn -0.341 0.2194 -0.9141
vn -0.4986 0.2023 -0.8429
vn -0.64119 0.1791 -0.74619
vn -0.76446 0.15049 -0.62686
vn -0.86463 0.1173 -0.48852
vn -0.93867 0.0805 -0.33529
vn -0.98425 0.0413 -0.17189
vn -0.1783 0.54851 -0.81691
vn -0.34101 0.51882 -0.78393
vn -0.49859 0.47839 -0.72288
vn -0.64121 0.42351 -0.63991
vn -0.76447 0.35579 -0.53758
vn -0.8646 0.2773 -0.419
vn -0.93866 0.19029 -0.28759
vn -0.98425 0.0976 -0.14739
vn -0.98425 0.11401 -0.13511
vn -0.93868 0.22239 -0.26349
vn -0.86465 0.32402 -0.38392
vn -0.76446 0.41578 -0.49267
vn -0.64122 0.49492 -0.58642
vn -0.49861 0.55911 -0.66241
vn -0.341 0.60631 -0.71841
vn -0.1731 0.6352 -0.7527
vn -0.1791 0.85671 -0.48371
vn -0.34099 0.81547 -0.46768
vn -0.49861 0.75191 -0.43131
vn -0.64118 0.66568 -0.38179
vn -0.76449 0.5592 -0.3207
vn -0.86462 0.43581 -0.25001
vn -0.93864 0.29918 -0.17159
vn -0.98426 0.15329 -0.0879
vn -0.34101 0.92624 -0.16061
vn -0.49859 0.85409 -0.1481
vn -0.6412 0.7561 -0.1311
vn -0.76448 0.63518 -0.1101
vn -0.86463 0.49502 -0.0858
vn -0.93866 0.33978 -0.0589
vn -0.98425 0.17419 -0.0302
vn -0.1774 0.98283 -0.0508
vn -0.34101 0.93862 -0.052
vn -0.4986 0.86551 -0.0479
vn -0.6412 0.7662 -0.0424
vn -0.76447 0.64367 -0.0357
vn -0.86464 0.50162 -0.0278
vn -0.93867 0.34429 -0.0191
vn -0.98425 0.17649 -0.0098
vn -0.17881 0.93974 0.29141
vn -0.341 0.89979 0.2722
vn -0.4986 0.8297 0.251
vn -0.6412 0.7345 0.2222
vn -0.76445 0.61706 0.18669
vn -0.86461 0.48091 0.1455
vn -0.93865 0.33008 0.09989
vn -0.98425 0.16919 0.0512
vn -0.98425 0.16209 0.0705
vn -0.93865 0.31628 0.13749
vn -0.8646 0.4608 0.2003
vn -0.76449 0.59119 0.257
vn -0.64123 0.70373 0.30591
vn -0.49862 0.79494 0.34562
vn -0.341 0.86211 0.37481
vn -0.1789 0.70971 0.68141
vn -0.341 0.6819 0.6471
vn -0.49862 0.62882 0.59662
vn -0.64118 0.55669 0.52819
vn -0.76447 0.46768 0.44368
vn -0.86461 0.36451 0.34581
vn -0.93865 0.25019 0.23739
vn -0.98425 0.12819 0.12169
vn -0.1783 0.43319 0.88349
vn -0.34099 0.41949 0.84128
vn -0.49862 0.38681 0.77573
vn -0.64122 0.34241 0.68672
vn -0.76448 0.28769 0.57689
vn -0.86463 0.22421 0.44961
vn -0.93866 0.15389 0.30859
vn -0.98425 0.0789 0.15819
vn 0 -0.98432 -0.1764
vn 0 -0.9843 -0.1765
vn 0 -0.33929 -0.94068
vn 0 0.64499 -0.76419
vn 0 0.9843 0.1765
vn 0 0.98432 0.1764
vn 0 0.33929 0.94068
vn 0 -0.64499 0.76419
vn -0.86602 -0.24881 -0.43371
vn -0.86603 -0.32031 -0.38391
vn -0.86603 -0.16971 -0.47031
vn -0.86603 -0.43231 -0.25121
vn -0.86599 -0.4694 -0.1724
vn -0.86602 -0.38211 -0.32251
vn -0.86602 -0.50001 -0.0014
vn -0.86604 -0.49262 0.0854
vn -0.866 -0.4922 -0.0882
vn -0.86602 -0.43371 0.24881
vn -0.86603 -0.38391 0.32031
vn -0.86603 -0.47031 0.16971
vn -0.86603 -0.25121 0.43231
vn -0.86601 -0.1723 0.4694
vn -0.86602 -0.32251 0.38211
vn -0.86602 -0.0014 0.50001
vn -0.866 0.0854 0.4927
vn -0.86604 -0.0882 0.49213
vn -0.86602 0.24881 0.43371
vn -0.86603 0.32031 0.38391
vn -0.86603 0.16971 0.47031
vn -0.86603 0.43231 0.25121
vn -0.86599 0.4694 0.1724
vn -0.86602 0.38211 0.32251
vn -0.86602 0.50001 0.0014
vn -0.86604 0.49262 -0.0854
vn -0.866 0.4922 0.0882
vn -0.86602 0.43371 -0.24881
vn -0.86603 0.38391 -0.32031
vn -0.86603 0.47031 -0.16971
vn -0.86603 0.25121 -0.43231
vn -0.86601 0.1723 -0.4694
vn -0.86602 0.32251 -0.38211
vn -0.86602 0.0014 -0.50001
vn -0.86604 -0.0854 -0.49262
vn -0.866 0.0882 -0.4922
usemtl mat1
f 3181//3823 3182//3824 3183//3825
f 3183//3825 3182//3824 3184//3826
f 3185//3824 3186//3827 3187//3828
f 3187//3828 3188//3829 3185//3824
f 3185//3824 3188//3829 3189//3830
f 3185//3824 3189//3830 3190//3831
f 3181//3823 3191//3832 3182//3824
f 3182//3824 3191//3832 3192//3833
f 3182//3824 3192//3833 3185//3824
f 3185//3824 3192//3833 3193//3834
f 3185//3824 3193//3834 3186//3827
f 3194//3835 3195//3836 3196//3824
f 3196//3824 3195//3836 3197//3837
f 3198//3838 3199//3824 3200//3839
f 3200//3839 3199//3824 3201//3840
f 3202//3841 3203//3842 3204//3824
f 3204//3824 3203//3842 3205//3843
f 3198//3838 3206//3844 3199//3824
f 3199//3824 3206//3844 3207//3845
f 3199//3824 3207//3845 3208//3846
f 3209//3847 3210//3848 3182//3824
f 3182//3824 3210//3848 3211//3849
f 3182//3824 3211//3849 3184//3826
f 3212//3850 3213//3851 3196//3824
f 3196//3824 3213//3851 3214//3852
f 3196//3824 3214//3852 3194//3835
f 3215//3853 3216//3854 3217//3824
f 3217//3824 3216//3854 3218//3855
f 3217//3824 3218//3855 3219//3856
f 3190//3831 3220//3857 3185//3824
f 3185//3824 3220//3857 3221//3858
f 3185//3824 3221//3858 3217//3824
f 3217//3824 3221//3858 3222//3859
f 3217//3824 3222//3859 3223//3860
f 3208//3846 3224//3861 3199//3824
f 3199//3824 3224//3861 3225//3862
f 3199//3824 3225//3862 3182//3824
f 3182//3824 3225//3862 3226//3863
f 3182//3824 3226//3863 3209//3847
f 3197//3837 3227//3864 3196//3824
f 3196//3824 3227//3864 3228//3865
f 3196//3824 3228//3865 3199//3824
f 3199//3824 3228//3865 3229//3866
f 3199//3824 3229//3866 3201//3840
f 3205//3843 3230//3867 3204//3824
f 3204//3824 3230//3867 3231//3868
f 3204//3824 3231//3868 3196//3824
f 3196//3824 3231//3868 3232//3869
f 3196//3824 3232//3869 3212//3850
f 3219//3856 3233//3870 3217//3824
f 3217//3824 3233//3870 3234//3871
f 3217//3824 3234//3871 3204//3824
f 3204//3824 3234//3871 3235//3872
f 3204//3824 3235//3872 3236//3873
f 3223//3860 3237//3874 3217//3824
f 3217//3824 3237//3874 3238//3875
f 3217//3824 3238//3875 3215//3853
f 3236//3873 3239//3876 3204//3824
f 3204//3824 3239//3876 3240//3877
f 3204//3824 3240//3877 3202//3841
f 3241//3878 3242//3879 3243//3880
f 3244//3881 3245//3882 3246//3883
f 3246//3883 3245//3882 3242//3879
f 3246//3883 3242//3879 3247//3884
f 3247//3884 3242//3879 3241//3878
f 3244//3881 3248//3885 3245//3882
f 3245//3882 3248//3885 3249//3886
f 3245//3882 3249//3886 3250//3887
f 3249//3886 3251//3888 3250//3887
f 3250//3887 3251//3888 3252//3889
f 3250//3887 3252//3889 3253//3890
f 3254//3891 3255//3892 3256//3893
f 3256//3893 3255//3892 3253//3890
f 3256//3893 3253//3890 3257//3894
f 3257//3894 3253//3890 3252//3889
f 3254//3891 3258//3895 3255//3892
f 3255//3892 3258//3895 3259//3896
f 3255//3892 3259//3896 3260//3897
f 3261//3898 3262//3899 3263//3900
f 3263//3900 3262//3899 3260//3897
f 3263//3900 3260//3897 3264//3901
f 3264//3901 3260//3897 3259//3896
f 3261//3898 3265//3902 3262//3899
f 3262//3899 3265//3902 3266//3903
f 3262//3899 3266//3903 3267//3904
f 3266//3903 3268//3905 3267//3904
f 3267//3904 3268//3905 3269//3906
f 3267//3904 3269//3906 3270//3907
f 3271//3908 3272//3909 3273//3910
f 3273//3910 3272//3909 3270//3907
f 3273//3910 3270//3907 3274//3911
f 3274//3911 3270//3907 3269//3906
f 3271//3908 3275//3912 3272//3909
f 3272//3909 3275//3912 3276//3913
f 3272//3909 3276//3913 3277//3914
f 3276//3913 3278//3915 3277//3914
f 3277//3914 3278//3915 3279//3916
f 3277//3914 3279//3916 3280//3917
f 3279//3916 3281//3918 3280//3917
f 3280//3917 3281//3918 3282//3919
f 3280//3917 3282//3919 3283//3920
f 3282//3919 3284//3921 3283//3920
f 3283//3920 3284//3921 3285//3922
f 3283//3920 3285//3922 3286//3923
f 3287//3924 3288//3925 3289//3926
f 3289//3926 3288//3925 3286//3923
f 3289//3926 3286//3923 3290//3927
f 3290//3927 3286//3923 3285//3922
f 3287//3924 3291//3928 3288//3925
f 3288//3925 3291//3928 3292//3929
f 3288//3925 3292//3929 3293//3930
f 3292//3929 3294//3931 3293//3930
f 3293//3930 3294//3931 3295//3932
f 3293//3930 3295//3932 3296//3933
f 3297//3934 3298//3935 3299//3936
f 3299//3936 3298//3935 3296//3933
f 3299//3936 3296//3933 3300//3937
f 3300//3937 3296//3933 3295//3932
f 3297//3934 3301//3938 3298//3935
f 3298//3935 3301//3938 3302//3939
f 3298//3935 3302//3939 3303//3940
f 3304//3941 3305//3942 3306//3943
f 3306//3943 3305//3942 3303//3940
f 3306//3943 3303//3940 3307//3944
f 3307//3944 3303//3940 3302//3939
f 3304//3941 3308//3945 3305//3942
f 3305//3942 3308//3945 3309//3946
f 3305//3942 3309//3946 3310//3947
f 3309//3946 3311//3948 3310//3947
f 3310//3947 3311//3948 3312//3949
f 3310//3947 3312//3949 3313//3950
f 3314//3951 3315//3952 3316//3953
f 3316//3953 3315//3952 3313//3950
f 3316//3953 3313//3950 3317//3954
f 3317//3954 3313//3950 3312//3949
f 3314//3951 3318//3955 3315//3952
f 3315//3952 3318//3955 3319//3956
f 3315//3952 3319//3956 3320//3957
f 3319//3956 3321//3958 3320//3957
f 3320//3957 3321//3958 3322//3959
f 3320//3957 3322//3959 3323//3960
f 3322//3959 3324//3961 3323//3960
f 3323//3960 3324//3961 3325//3962
f 3323//3960 3325//3962 3326//3963
f 3325//3962 3327//3964 3326//3963
f 3326//3963 3327//3964 3328//3965
f 3326//3963 3328//3965 3329//3966
f 3330//3967 3331//3968 3332//3969
f 3332//3969 3331//3968 3329//3966
f 3332//3969 3329//3966 3333//3970
f 3333//3970 3329//3966 3328//3965
f 3330//3967 3334//3971 3331//3968
f 3331//3968 3334//3971 3335//3972
f 3331//3968 3335//3972 3336//3973
f 3335//3972 3337//3974 3336//3973
f 3336//3973 3337//3974 3338//3975
f 3336//3973 3338//3975 3339//3976
f 3340//3977 3341//3978 3342//3979
f 3342//3979 3341//3978 3339//3976
f 3342//3979 3339//3976 3343//3980
f 3343//3980 3339//3976 3338//3975
f 3340//3977 3344//3981 3341//3978
f 3341//3978 3344//3981 3345//3982
f 3341//3978 3345//3982 3346//3983
f 3347//3984 3348//3985 3349//3986
f 3349//3986 3348//3985 3346//3983
f 3349//3986 3346//3983 3350//3987
f 3350//3987 3346//3983 3345//3982
f 3347//3984 3351//3988 3348//3985
f 3348//3985 3351//3988 3352//3989
f 3348//3985 3352//3989 3353//3990
f 3352//3989 3354//3991 3353//3990
f 3353//3990 3354//3991 3355//3992
f 3353//3990 3355//3992 3356//3993
f 3357//3994 3358//3995 3359//3996
f 3359//3996 3358//3995 3356//3993
f 3359//3996 3356//3993 3360//3997
f 3360//3997 3356//3993 3355//3992
f 3357//3994 3361//3998 3358//3995
f 3358//3995 3361//3998 3362//3999
f 3358//3995 3362//3999 3363//4000
f 3362//3999 3364//4001 3363//4000
f 3363//4000 3364//4001 3365//4002
f 3363//4000 3365//4002 3366//4003
f 3365//4002 3367//4004 3366//4003
f 3366//4003 3367//4004 3368//4005
f 3366//4003 3368//4005 3243//3880
f 3243//3880 3368//4005 3369//4006
f 3243//3880 3369//4006 3241//3878
f 3303//4007 3370//4008 3298//4007
f 3298//4007 3370//4008 3371//4009
f 3298//4007 3371//4009 3296//4007
f 3296//4007 3371//4009 3372//4010
f 3296//4007 3372//4010 3293//4007
f 3293//4007 3372//4010 3373//4011
f 3293//4007 3373//4011 3288//4007
f 3288//4007 3373//4011 3374//4012
f 3288//4007 3374//4012 3286//4007
f 3286//4007 3374//4012 3375//4013
f 3286//4007 3375//4013 3283//4007
f 3283//4007 3375//4013 3376//4014
f 3283//4007 3376//4014 3280//4007
f 3280//4007 3376//4014 3377//4015
f 3280//4007 3377//4015 3277//4007
f 3277//4007 3377//4015 3378//4016
f 3277//4007 3378//4016 3272//4007
f 3378//4016 3379//4017 3272//4007
f 3272//4007 3379//4017 3380//4018
f 3272//4007 3380//4018 3270//4007
f 3270//4007 3380//4018 3381//4019
f 3270//4007 3381//4019 3267//4007
f 3267//4007 3381//4019 3382//4020
f 3267//4007 3382//4020 3262//4007
f 3262//4007 3382//4020 3383//4021
f 3262//4007 3383//4021 3260//4007
f 3260//4007 3383//4021 3384//4022
f 3260//4007 3384//4022 3255//4007
f 3255//4007 3384//4022 3385//4023
f 3255//4007 3385//4023 3253//4007
f 3253//4007 3385//4023 3386//4024
f 3253//4007 3386//4024 3250//4007
f 3250//4007 3386//4024 3387//4025
f 3250//4007 3387//4025 3245//4007
f 3245//4007 3387//4025 3388//4026
f 3245//4007 3388//4026 3242//4007
f 3242//4007 3388//4026 3389//4027
f 3242//4007 3389//4027 3243//4007
f 3336//4007 3390//4028 3331//4007
f 3331//4007 3390//4028 3391//4029
f 3331//4007 3391//4029 3329//4007
f 3329//4007 3391//4029 3392//4030
f 3329//4007 3392//4030 3326//4007
f 3326//4007 3392//4030 3393//4031
f 3326//4007 3393//4031 3323//4007
f 3323//4007 3393//4031 3394//4032
f 3323//4007 3394//4032 3320//4007
f 3320//4007 3394//4032 3395//4033
f 3320//4007 3395//4033 3315//4007
f 3315//4007 3395//4033 3396//4034
f 3315//4007 3396//4034 3313//4007
f 3313//4007 3396//4034 3397//4035
f 3313//4007 3397//4035 3310//4007
f 3310//4007 3397//4035 3398//4036
f 3310//4007 3398//4036 3305//4007
f 3305//4007 3398//4036 3399//4037
f 3305//4007 3399//4037 3303//4007
f 3303//4007 3399//4037 3400//4038
f 3303//4007 3400//4038 3370//4008
f 3389//4027 3401//4039 3243//4007
f 3243//4007 3401//4039 3402//4040
f 3243//4007 3402//4040 3366//4007
f 3366//4007 3402//4040 3403//4041
f 3366//4007 3403//4041 3363//4007
f 3363//4007 3403//4041 3404//4042
f 3363//4007 3404//4042 3358//4007
f 3358//4007 3404//4042 3405//4043
f 3358//4007 3405//4043 3356//4007
f 3356//4007 3405//4043 3406//4044
f 3356//4007 3406//4044 3353//4007
f 3353//4007 3406//4044 3407//4045
f 3353//4007 3407//4045 3348//4007
f 3348//4007 3407//4045 3408//4046
f 3348//4007 3408//4046 3346//4007
f 3346//4007 3408//4046 3409//4047
f 3346//4007 3409//4047 3341//4007
f 3341//4007 3409//4047 3410//4048
f 3341//4007 3410//4048 3339//4007
f 3339//4007 3410//4048 3411//4049
f 3339//4007 3411//4049 3336//4007
f 3336//4007 3411//4049 3412//4050
f 3336//4007 3412//4050 3390//4028
f 3413//4051 3414//4052 3415//4053
f 3415//4053 3414//4052 3416//4054
f 3415//4053 3416//4054 3417//4055
f 3416//4054 3418//4056 3417//4055
f 3417//4055 3418//4056 3419//4057
f 3417//4055 3419//4057 3420//4058
f 3420//4058 3419//4057 3421//4059
f 3420//4058 3421//4059 3422//4060
f 3422//4060 3423//4061 3420//4058
f 3420//4058 3423//4061 3424//4062
f 3420//4058 3424//4062 3425//4063
f 3424//4062 3426//4064 3425//4063
f 3425//4063 3426//4064 3427//4065
f 3425//4063 3427//4065 3428//4066
f 3427//4065 3429//4067 3428//4066
f 3428//4066 3429//4067 3430//4068
f 3428//4066 3430//4068 3431//4069
f 3430//4068 3432//4070 3431//4069
f 3431//4069 3432//4070 3433//4071
f 3431//4069 3433//4071 3434//4072
f 3434//4072 3433//4071 3435//4073
f 3434//4072 3435//4073 3436//4074
f 3436//4074 3435//4073 3437//4075
f 3436//4074 3437//4075 3438//4076
f 3438//4076 3439//4077 3436//4074
f 3436//4074 3439//4077 3440//4078
f 3436//4074 3440//4078 3441//4079
f 3440//4078 3442//4080 3441//4079
f 3441//4079 3442//4080 3443//4081
f 3441//4079 3443//4081 3444//4082
f 3443//4081 3445//4083 3444//4082
f 3444//4082 3445//4083 3446//4084
f 3444//4082 3446//4084 3447//4085
f 3446//4084 3448//4086 3447//4085
f 3447//4085 3448//4086 3449//4087
f 3447//4085 3449//4087 3450//4088
f 3450//4088 3449//4087 3451//4089
f 3450//4088 3451//4089 3452//4090
f 3452//4090 3451//4089 3453//4091
f 3452//4090 3453//4091 3454//4092
f 3454//4092 3455//4093 3452//4090
f 3452//4090 3455//4093 3456//4094
f 3452//4090 3456//4094 3457//4095
f 3456//4094 3458//4096 3457//4095
f 3457//4095 3458//4096 3459//4097
f 3457//4095 3459//4097 3460//4098
f 3459//4097 3461//4099 3460//4098
f 3460//4098 3461//4099 3462//4100
f 3460//4098 3462//4100 3463//4101
f 3462//4100 3464//4102 3463//4101
f 3463//4101 3464//4102 3465//4103
f 3463//4101 3465//4103 3466//4104
f 3466//4104 3465//4103 3467//4105
f 3466//4104 3467//4105 3468//4106
f 3468//4106 3467//4105 3469//4107
f 3469//4107 3470//4108 3468//4106
f 3468//4106 3470//4108 3471//4109
f 3468//4106 3471//4109 3472//4110
f 3471//4109 3473//4111 3472//4110
f 3472//4110 3473//4111 3474//4112
f 3472//4110 3474//4112 3475//4113
f 3474//4112 3476//4114 3475//4113
f 3475//4113 3476//4114 3477//4115
f 3475//4113 3477//4115 3478//4116
f 3477//4115 3479//4117 3478//4116
f 3478//4116 3479//4117 3480//4118
f 3478//4116 3480//4118 3481//4119
f 3481//4119 3480//4118 3482//4120
f 3481//4119 3482//4120 3483//4121
f 3482//4120 3484//4122 3483//4121
f 3483//4121 3484//4122 3485//4123
f 3483//4121 3485//4123 3486//4124
f 3486//4124 3485//4123 3487//4125
f 3486//4124 3487//4125 3488//4126
f 3488//4126 3489//4127 3486//4124
f 3486//4124 3489//4127 3490//4128
f 3486//4124 3490//4128 3491//4129
f 3490//4128 3492//4130 3491//4129
f 3491//4129 3492//4130 3493//4131
f 3491//4129 3493//4131 3494//4132
f 3493//4131 3495//4133 3494//4132
f 3494//4132 3495//4133 3496//4134
f 3494//4132 3496//4134 3497//4135
f 3497//4135 3496//4134 3498//4136
f 3497//4135 3498//4136 3499//4137
f 3498//4136 3500//4138 3499//4137
f 3499//4137 3500//4138 3501//4139
f 3499//4137 3501//4139 3502//4140
f 3502//4140 3501//4139 3503//4141
f 3502//4140 3503//4141 3504//4142
f 3504//4142 3505//4143 3502//4140
f 3502//4140 3505//4143 3506//4144
f 3502//4140 3506//4144 3507//4145
f 3506//4144 3508//4146 3507//4145
f 3507//4145 3508//4146 3509//4147
f 3507//4145 3509//4147 3510//4148
f 3509//4147 3511//4149 3510//4148
f 3510//4148 3511//4149 3512//4150
f 3510//4148 3512//4150 3513//4151
f 3513//4151 3512//4150 3514//4152
f 3513//4151 3514//4152 3515//4153
f 3514//4152 3516//4154 3515//4153
f 3515//4153 3516//4154 3517//4155
f 3515//4153 3517//4155 3518//4156
f 3518//4156 3517//4155 3519//4157
f 3518//4156 3519//4157 3520//4158
f 3520//4158 3521//4159 3518//4156
f 3518//4156 3521//4159 3522//4160
f 3518//4156 3522//4160 3523//4161
f 3522//4160 3524//4162 3523//4161
f 3523//4161 3524//4162 3525//4163
f 3523//4161 3525//4163 3413//4051
f 3413//4051 3525//4163 3526//4164
f 3413//4051 3526//4164 3414//4052
f 3413//4165 3527//4166 3523//4166
f 3523//4166 3527//4166 3528//4167
f 3523//4166 3528//4167 3518//4167
f 3518//4167 3528//4167 3529//4168
f 3518//4167 3529//4168 3515//4169
f 3515//4169 3529//4168 3530//4170
f 3515//4169 3530//4170 3513//4170
f 3513//4170 3530//4170 3531//4171
f 3513//4170 3531//4171 3510//4171
f 3510//4171 3531//4171 3532//4172
f 3510//4171 3532//4172 3507//4172
f 3507//4172 3532//4172 3533//4173
f 3507//4172 3533//4173 3502//4173
f 3502//4173 3533//4173 3534//4174
f 3502//4173 3534//4174 3499//4174
f 3499//4174 3534//4174 3535//4175
f 3499//4174 3535//4175 3497//4175
f 3497//4175 3535//4175 3536//4176
f 3497//4175 3536//4176 3494//4176
f 3494//4176 3536//4176 3537//4177
f 3494//4176 3537//4177 3491//4177
f 3491//4177 3537//4177 3538//4178
f 3491//4177 3538//4178 3486//4179
f 3486//4179 3538//4178 3539//4180
f 3486//4179 3539//4180 3483//4180
f 3483//4180 3539//4180 3540//4181
f 3483//4180 3540//4181 3481//4181
f 3481//4181 3540//4181 3541//4182
f 3481//4181 3541//4182 3478//4182
f 3478//4182 3541//4182 3542//4183
f 3478//4182 3542//4183 3475//4184
f 3475//4184 3542//4183 3543//4185
f 3475//4184 3543//4185 3472//4185
f 3472//4185 3543//4185 3544//4186
f 3472//4185 3544//4186 3468//4186
f 3468//4186 3544//4186 3545//4187
f 3468//4186 3545//4187 3466//4187
f 3466//4187 3545//4187 3546//4188
f 3466//4187 3546//4188 3463//4188
f 3463//4188 3546//4188 3547//4189
f 3463//4188 3547//4189 3460//4190
f 3460//4190 3547//4189 3548//4191
f 3460//4190 3548//4191 3457//4191
f 3457//4191 3548//4191 3549//4192
f 3457//4191 3549//4192 3452//4192
f 3452//4192 3549//4192 3550//4193
f 3452//4192 3550//4193 3450//4193
f 3450//4193 3550//4193 3551//4194
f 3450//4193 3551//4194 3447//4194
f 3447//4194 3551//4194 3552//4195
f 3447//4194 3552//4195 3444//4195
f 3444//4195 3552//4195 3553//4196
f 3444//4195 3553//4196 3441//4196
f 3441//4196 3553//4196 3554//4197
f 3441//4196 3554//4197 3436//4197
f 3436//4197 3554//4197 3555//4198
f 3436//4197 3555//4198 3434//4198
f 3434//4198 3555//4198 3556//4199
f 3434//4198 3556//4199 3431//4200
f 3431//4200 3556//4199 3557//4201
f 3431//4200 3557//4201 3428//4201
f 3428//4201 3557//4201 3558//4202
f 3428//4201 3558//4202 3425//4202
f 3425//4202 3558//4202 3559//4203
f 3425//4202 3559//4203 3420//4203
f 3420//4203 3559//4203 3560//4204
f 3420//4203 3560//4204 3417//4204
f 3417//4204 3560//4204 3561//4205
f 3417//4204 3561//4205 3415//4205
f 3415//4205 3561//4205 3562//4165
f 3415//4205 3562//4165 3413//4165
f 3413//4165 3562//4165 3527//4166
f 3528//4007 3527//4007 3563//4007
f 3563//4007 3527//4007 3562//4007
f 3563//4007 3562//4007 3561//4007
f 3531//4007 3530//4007 3563//4007
f 3563//4007 3530//4007 3529//4007
f 3563//4007 3529//4007 3528//4007
f 3534//4007 3533//4007 3563//4007
f 3563//4007 3533//4007 3532//4007
f 3563//4007 3532//4007 3531//4007
f 3537//4007 3536//4007 3563//4007
f 3563//4007 3536//4007 3535//4007
f 3563//4007 3535//4007 3534//4007
f 3540//4007 3539//4007 3563//4007
f 3563//4007 3539//4007 3538//4007
f 3563//4007 3538//4007 3537//4007
f 3543//4007 3542//4007 3563//4007
f 3563//4007 3542//4007 3541//4007
f 3563//4007 3541//4007 3540//4007
f 3546//4007 3545//4007 3563//4007
f 3563//4007 3545//4007 3544//4007
f 3563//4007 3544//4007 3543//4007
f 3549//4007 3548//4007 3563//4007
f 3563//4007 3548//4007 3547//4007
f 3563//4007 3547//4007 3546//4007
f 3552//4007 3551//4007 3563//4007
f 3563//4007 3551//4007 3550//4007
f 3563//4007 3550//4007 3549//4007
f 3555//4007 3554//4007 3563//4007
f 3563//4007 3554//4007 3553//4007
f 3563//4007 3553//4007 3552//4007
f 3558//4007 3557//4007 3563//4007
f 3563//4007 3557//4007 3556//4007
f 3563//4007 3556//4007 3555//4007
f 3561//4007 3560//4007 3563//4007
f 3563//4007 3560//4007 3559//4007
f 3563//4007 3559//4007 3558//4007
f 3564//4206 3565//4207 3467//4105
f 3467//4105 3465//4103 3564//4206
f 3564//4206 3465//4103 3464//4102
f 3564//4206 3464//4102 3566//4208
f 3464//4102 3462//4100 3566//4208
f 3566//4208 3462//4100 3461//4099
f 3566//4208 3461//4099 3567//4209
f 3567//4209 3461//4099 3459//4097
f 3567//4209 3459//4097 3568//4210
f 3459//4097 3458//4096 3568//4210
f 3568//4210 3458//4096 3456//4094
f 3568//4210 3456//4094 3569//4211
f 3456//4094 3455//4093 3569//4211
f 3569//4211 3455//4093 3454//4092
f 3569//4211 3454//4092 3570//4212
f 3454//4092 3453//4091 3570//4212
f 3570//4212 3453//4091 3451//4089
f 3570//4212 3451//4089 3571//4213
f 3451//4089 3449//4087 3571//4213
f 3571//4213 3449//4087 3448//4086
f 3571//4213 3448//4086 3572//4214
f 3448//4086 3446//4084 3572//4214
f 3572//4214 3446//4084 3445//4083
f 3572//4214 3445//4083 3573//4215
f 3573//4215 3445//4083 3443//4081
f 3573//4215 3443//4081 3574//4216
f 3443//4081 3442//4080 3574//4216
f 3574//4216 3442//4080 3440//4078
f 3574//4216 3440//4078 3575//4217
f 3440//4078 3439//4077 3575//4217
f 3575//4217 3439//4077 3438//4076
f 3575//4217 3438//4076 3576//4218
f 3438//4076 3437//4075 3576//4218
f 3576//4218 3437//4075 3435//4073
f 3576//4218 3435//4073 3577//4219
f 3435//4073 3433//4071 3577//4219
f 3577//4219 3433//4071 3432//4070
f 3577//4219 3432//4070 3578//4220
f 3432//4070 3430//4068 3578//4220
f 3578//4220 3430//4068 3429//4067
f 3578//4220 3429//4067 3579//4221
f 3579//4221 3429//4067 3427//4065
f 3579//4221 3427//4065 3580//4222
f 3427//4065 3426//4064 3580//4222
f 3580//4222 3426//4064 3424//4062
f 3580//4222 3424//4062 3581//4223
f 3424//4062 3423//4061 3581//4223
f 3581//4223 3423//4061 3422//4060
f 3581//4223 3422//4060 3582//4224
f 3422//4060 3421//4059 3582//4224
f 3582//4224 3421//4059 3419//4057
f 3582//4224 3419//4057 3583//4225
f 3419//4057 3418//4056 3583//4225
f 3583//4225 3418//4056 3416//4054
f 3583//4225 3416//4054 3584//4226
f 3416//4054 3414//4052 3584//4226
f 3584//4226 3414//4052 3526//4164
f 3584//4226 3526//4164 3585//4227
f 3585//4227 3526//4164 3525//4163
f 3585//4227 3525//4163 3586//4228
f 3525//4163 3524//4162 3586//4228
f 3586//4228 3524//4162 3522//4160
f 3586//4228 3522//4160 3587//4229
f 3522//4160 3521//4159 3587//4229
f 3587//4229 3521//4159 3520//4158
f 3587//4229 3520//4158 3588//4230
f 3520//4158 3519//4157 3588//4230
f 3588//4230 3519//4157 3517//4155
f 3588//4230 3517//4155 3589//4231
f 3517//4155 3516//4154 3589//4231
f 3589//4231 3516//4154 3514//4152
f 3589//4231 3514//4152 3590//4232
f 3514//4152 3512//4150 3590//4232
f 3590//4232 3512//4150 3511//4149
f 3590//4232 3511//4149 3591//4233
f 3591//4233 3511//4149 3509//4147
f 3591//4233 3509//4147 3592//4234
f 3509//4147 3508//4146 3592//4234
f 3592//4234 3508//4146 3506//4144
f 3592//4234 3506//4144 3593//4235
f 3506//4144 3505//4143 3593//4235
f 3593//4235 3505//4143 3504//4142
f 3593//4235 3504//4142 3594//4236
f 3504//4142 3503//4141 3594//4236
f 3594//4236 3503//4141 3501//4139
f 3594//4236 3501//4139 3595//4237
f 3501//4139 3500//4138 3595//4237
f 3595//4237 3500//4138 3498//4136
f 3595//4237 3498//4136 3596//4238
f 3498//4136 3496//4134 3596//4238
f 3596//4238 3496//4134 3495//4133
f 3596//4238 3495//4133 3597//4239
f 3495//4133 3493//4131 3597//4239
f 3597//4239 3493//4131 3492//4130
f 3597//4239 3492//4130 3598//4240
f 3598//4240 3492//4130 3490//4128
f 3598//4240 3490//4128 3599//4241
f 3490//4128 3489//4127 3599//4241
f 3599//4241 3489//4127 3488//4126
f 3599//4241 3488//4126 3600//4242
f 3488//4126 3487//4125 3600//4242
f 3600//4242 3487//4125 3485//4123
f 3600//4242 3485//4123 3601//4243
f 3485//4123 3484//4122 3601//4243
f 3601//4243 3484//4122 3482//4120
f 3601//4243 3482//4120 3602//4244
f 3482//4120 3480//4118 3602//4244
f 3602//4244 3480//4118 3479//4117
f 3602//4244 3479//4117 3603//4245
f 3479//4117 3477//4115 3603//4245
f 3603//4245 3477//4115 3476//4114
f 3603//4245 3476//4114 3604//4246
f 3604//4246 3476//4114 3474//4112
f 3604//4246 3474//4112 3605//4247
f 3474//4112 3473//4111 3605//4247
f 3605//4247 3473//4111 3471//4109
f 3605//4247 3471//4109 3606//4248
f 3606//4248 3471//4109 3470//4108
f 3606//4248 3470//4108 3565//4207
f 3565//4207 3470//4108 3469//4107
f 3565//4207 3469//4107 3467//4105
f 3605//4247 3607//4249 3604//4246
f 3604//4246 3607//4249 3608//4250
f 3604//4246 3608//4250 3603//4245
f 3603//4245 3608//4250 3609//4251
f 3603//4245 3609//4251 3602//4244
f 3602//4244 3609//4251 3610//4252
f 3602//4244 3610//4252 3601//4243
f 3601//4243 3610//4252 3611//4253
f 3601//4243 3611//4253 3600//4242
f 3600//4242 3611//4253 3612//4254
f 3600//4242 3612//4254 3599//4241
f 3599//4241 3612//4254 3613//4255
f 3599//4241 3613//4255 3598//4240
f 3598//4240 3613//4255 3614//4256
f 3598//4240 3614//4256 3597//4239
f 3597//4239 3614//4256 3615//4257
f 3597//4239 3615//4257 3596//4238
f 3596//4238 3615//4257 3616//4258
f 3596//4238 3616//4258 3595//4237
f 3595//4237 3616//4258 3617//4259
f 3595//4237 3617//4259 3594//4236
f 3594//4236 3617//4259 3618//4260
f 3594//4236 3618//4260 3593//4235
f 3593//4235 3618//4260 3619//4261
f 3593//4235 3619//4261 3592//4234
f 3592//4234 3619//4261 3620//4262
f 3592//4234 3620//4262 3591//4233
f 3591//4233 3620//4262 3621//4263
f 3591//4233 3621//4263 3590//4232
f 3590//4232 3621//4263 3622//4264
f 3590//4232 3622//4264 3589//4231
f 3589//4231 3622//4264 3623//4265
f 3589//4231 3623//4265 3588//4230
f 3588//4230 3623//4265 3624//4266
f 3588//4230 3624//4266 3587//4229
f 3587//4229 3624//4266 3625//4267
f 3587//4229 3625//4267 3586//4228
f 3586//4228 3625//4267 3626//4268
f 3586//4228 3626//4268 3585//4227
f 3585//4227 3626//4268 3627//4269
f 3585//4227 3627//4269 3584//4226
f 3584//4226 3627//4269 3628//4270
f 3584//4226 3628//4270 3583//4225
f 3583//4225 3628//4270 3629//4271
f 3583//4225 3629//4271 3582//4224
f 3582//4224 3629//4271 3630//4272
f 3582//4224 3630//4272 3581//4223
f 3581//4223 3630//4272 3631//4273
f 3581//4223 3631//4273 3580//4222
f 3580//4222 3631//4273 3632//4274
f 3580//4222 3632//4274 3579//4221
f 3579//4221 3632//4274 3633//4275
f 3579//4221 3633//4275 3578//4220
f 3578//4220 3633//4275 3634//4276
f 3578//4220 3634//4276 3577//4219
f 3577//4219 3634//4276 3635//4277
f 3577//4219 3635//4277 3576//4218
f 3576//4218 3635//4277 3636//4278
f 3576//4218 3636//4278 3575//4217
f 3575//4217 3636//4278 3637//4279
f 3575//4217 3637//4279 3574//4216
f 3574//4216 3637//4279 3638//4280
f 3574//4216 3638//4280 3573//4215
f 3573//4215 3638//4280 3639//4281
f 3573//4215 3639//4281 3572//4214
f 3572//4214 3639//4281 3640//4282
f 3572//4214 3640//4282 3571//4213
f 3571//4213 3640//4282 3641//4283
f 3571//4213 3641//4283 3570//4212
f 3570//4212 3641//4283 3642//4284
f 3570//4212 3642//4284 3569//4211
f 3569//4211 3642//4284 3643//4285
f 3569//4211 3643//4285 3568//4210
f 3568//4210 3643//4285 3644//4286
f 3568//4210 3644//4286 3567//4209
f 3567//4209 3644//4286 3645//4287
f 3567//4209 3645//4287 3566//4208
f 3566//4208 3645//4287 3646//4288
f 3566//4208 3646//4288 3564//4206
f 3564//4206 3646//4288 3647//4289
f 3564//4206 3647//4289 3565//4207
f 3565//4207 3647//4289 3648//4290
f 3565//4207 3648//4290 3606//4248
f 3606//4248 3648//4290 3649//4291
f 3606//4248 3649//4291 3605//4247
f 3605//4247 3649//4291 3607//4249
f 3607//4249 3650//4292 3608//4250
f 3608//4250 3650//4292 3651//4293
f 3608//4250 3651//4293 3609//4251
f 3609//4251 3651//4293 3652//4294
f 3609//4251 3652//4294 3610//4252
f 3610//4252 3652//4294 3653//4295
f 3610//4252 3653//4295 3611//4253
f 3611//4253 3653//4295 3654//4296
f 3611//4253 3654//4296 3612//4254
f 3612//4254 3654//4296 3655//4297
f 3612//4254 3655//4297 3613//4255
f 3613//4255 3655//4297 3656//4298
f 3613//4255 3656//4298 3614//4256
f 3614//4256 3656//4298 3657//4299
f 3614//4256 3657//4299 3615//4257
f 3615//4257 3657//4299 3658//4300
f 3615//4257 3658//4300 3616//4258
f 3616//4258 3658//4300 3659//4301
f 3616//4258 3659//4301 3617//4259
f 3617//4259 3659//4301 3660//4302
f 3617//4259 3660//4302 3618//4260
f 3618//4260 3660//4302 3661//4303
f 3618//4260 3661//4303 3619//4261
f 3619//4261 3661//4303 3662//4304
f 3619//4261 3662//4304 3620//4262
f 3620//4262 3662//4304 3663//4305
f 3620//4262 3663//4305 3621//4263
f 3621//4263 3663//4305 3664//4306
f 3621//4263 3664//4306 3622//4264
f 3622//4264 3664//4306 3665//4307
f 3622//4264 3665//4307 3623//4265
f 3623//4265 3665//4307 3666//4308
f 3623//4265 3666//4308 3624//4266
f 3624//4266 3666//4308 3667//4309
f 3624//4266 3667//4309 3625//4267
f 3625//4267 3667//4309 3668//4310
f 3625//4267 3668//4310 3626//4268
f 3626//4268 3668//4310 3669//4311
f 3626//4268 3669//4311 3627//4269
f 3627//4269 3669//4311 3670//4312
f 3627//4269 3670//4312 3628//4270
f 3628//4270 3670//4312 3671//4313
f 3628//4270 3671//4313 3629//4271
f 3629//4271 3671//4313 3672//4314
f 3629//4271 3672//4314 3630//4272
f 3630//4272 3672//4314 3673//4315
f 3630//4272 3673//4315 3631//4273
f 3631//4273 3673//4315 3674//4316
f 3631//4273 3674//4316 3632//4274
f 3632//4274 3674//4316 3675//4317
f 3632//4274 3675//4317 3633//4275
f 3633//4275 3675//4317 3676//4318
f 3633//4275 3676//4318 3634//4276
f 3634//4276 3676//4318 3677//4319
f 3634//4276 3677//4319 3635//4277
f 3635//4277 3677//4319 3678//4320
f 3635//4277 3678//4320 3636//4278
f 3636//4278 3678//4320 3679//4321
f 3636//4278 3679//4321 3637//4279
f 3637//4279 3679//4321 3680//4322
f 3637//4279 3680//4322 3638//4280
f 3638//4280 3680//4322 3681//4323
f 3638//4280 3681//4323 3639//4281
f 3639//4281 3681//4323 3682//4324
f 3639//4281 3682//4324 3640//4282
f 3640//4282 3682//4324 3683//4325
f 3640//4282 3683//4325 3641//4283
f 3641//4283 3683//4325 3684//4326
f 3641//4283 3684//4326 3642//4284
f 3642//4284 3684//4326 3685//4327
f 3642//4284 3685//4327 3643//4285
f 3643//4285 3685//4327 3686//4328
f 3643//4285 3686//4328 3644//4286
f 3644//4286 3686//4328 3687//4329
f 3644//4286 3687//4329 3645//4287
f 3645//4287 3687//4329 3688//4330
f 3645//4287 3688//4330 3646//4288
f 3646//4288 3688//4330 3689//4331
f 3646//4288 3689//4331 3647//4289
f 3647//4289 3689//4331 3690//4332
f 3647//4289 3690//4332 3648//4290
f 3648//4290 3690//4332 3691//4333
f 3648//4290 3691//4333 3649//4291
f 3649//4291 3691//4333 3692//4334
f 3649//4291 3692//4334 3607//4249
f 3607//4249 3692//4334 3650//4292
f 3650//4292 3693//4335 3651//4293
f 3651//4293 3693//4335 3694//4336
f 3651//4293 3694//4336 3652//4294
f 3652//4294 3694//4336 3695//4337
f 3652//4294 3695//4337 3653//4295
f 3653//4295 3695//4337 3696//4338
f 3653//4295 3696//4338 3654//4296
f 3654//4296 3696//4338 3697//4339
f 3654//4296 3697//4339 3655//4297
f 3655//4297 3697//4339 3698//4340
f 3655//4297 3698//4340 3656//4298
f 3656//4298 3698//4340 3699//4341
f 3656//4298 3699//4341 3657//4299
f 3657//4299 3699//4341 3700//4342
f 3657//4299 3700//4342 3658//4300
f 3658//4300 3700//4342 3701//4343
f 3658//4300 3701//4343 3659//4301
f 3659//4301 3701//4343 3702//4344
f 3659//4301 3702//4344 3660//4302
f 3660//4302 3702//4344 3703//4345
f 3660//4302 3703//4345 3661//4303
f 3661//4303 3703//4345 3704//4346
f 3661//4303 3704//4346 3662//4304
f 3662//4304 3704//4346 3705//4347
f 3662//4304 3705//4347 3663//4305
f 3663//4305 3705//4347 3706//4348
f 3663//4305 3706//4348 3664//4306
f 3664//4306 3706//4348 3707//4349
f 3664//4306 3707//4349 3665//4307
f 3665//4307 3707//4349 3708//4350
f 3665//4307 3708//4350 3666//4308
f 3666//4308 3708//4350 3709//4351
f 3666//4308 3709//4351 3667//4309
f 3667//4309 3709//4351 3710//4352
f 3667//4309 3710//4352 3668//4310
f 3668//4310 3710//4352 3711//4353
f 3668//4310 3711//4353 3669//4311
f 3669//4311 3711//4353 3712//4354
f 3669//4311 3712//4354 3670//4312
f 3670//4312 3712//4354 3713//4355
f 3670//4312 3713//4355 3671//4313
f 3671//4313 3713//4355 3714//4356
f 3671//4313 3714//4356 3672//4314
f 3672//4314 3714//4356 3715//4357
f 3672//4314 3715//4357 3673//4315
f 3673//4315 3715//4357 3716//4358
f 3673//4315 3716//4358 3674//4316
f 3674//4316 3716//4358 3717//4359
f 3674//4316 3717//4359 3675//4317
f 3675//4317 3717//4359 3718//4360
f 3675//4317 3718//4360 3676//4318
f 3676//4318 3718//4360 3719//4361
f 3676//4318 3719//4361 3677//4319
f 3677//4319 3719//4361 3720//4362
f 3677//4319 3720//4362 3678//4320
f 3678//4320 3720//4362 3721//4363
f 3678//4320 3721//4363 3679//4321
f 3679//4321 3721//4363 3722//4364
f 3679//4321 3722//4364 3680//4322
f 3680//4322 3722//4364 3723//4365
f 3680//4322 3723//4365 3681//4323
f 3681//4323 3723//4365 3724//4366
f 3681//4323 3724//4366 3682//4324
f 3682//4324 3724//4366 3725//4367
f 3682//4324 3725//4367 3683//4325
f 3683//4325 3725//4367 3726//4368
f 3683//4325 3726//4368 3684//4326
f 3684//4326 3726//4368 3727//4369
f 3684//4326 3727//4369 3685//4327
f 3685//4327 3727//4369 3728//4370
f 3685//4327 3728//4370 3686//4328
f 3686//4328 3728//4370 3729//4371
f 3686//4328 3729//4371 3687//4329
f 3687//4329 3729//4371 3730//4372
f 3687//4329 3730//4372 3688//4330
f 3688//4330 3730//4372 3731//4373
f 3688//4330 3731//4373 3689//4331
f 3689//4331 3731//4373 3732//4374
f 3689//4331 3732//4374 3690//4332
f 3690//4332 3732//4374 3733//4375
f 3690//4332 3733//4375 3691//4333
f 3691//4333 3733//4375 3734//4376
f 3691//4333 3734//4376 3692//4334
f 3692//4334 3734//4376 3735//4377
f 3692//4334 3735//4377 3650//4292
f 3650//4292 3735//4377 3693//4335
f 3693//4335 3736//4378 3694//4336
f 3694//4336 3736//4378 3737//4379
f 3694//4336 3737//4379 3695//4337
f 3695//4337 3737//4379 3738//4380
f 3695//4337 3738//4380 3696//4338
f 3696//4338 3738//4380 3739//4381
f 3696//4338 3739//4381 3697//4339
f 3697//4339 3739//4381 3740//4382
f 3697//4339 3740//4382 3698//4340
f 3698//4340 3740//4382 3741//4383
f 3698//4340 3741//4383 3699//4341
f 3699//4341 3741//4383 3742//4384
f 3699//4341 3742//4384 3700//4342
f 3700//4342 3742//4384 3743//4385
f 3700//4342 3743//4385 3701//4343
f 3701//4343 3743//4385 3744//4386
f 3701//4343 3744//4386 3702//4344
f 3702//4344 3744//4386 3745//4387
f 3702//4344 3745//4387 3703//4345
f 3703//4345 3745//4387 3746//4388
f 3703//4345 3746//4388 3704//4346
f 3704//4346 3746//4388 3747//4389
f 3704//4346 3747//4389 3705//4347
f 3705//4347 3747//4389 3748//4390
f 3705//4347 3748//4390 3706//4348
f 3706//4348 3748//4390 3749//4391
f 3706//4348 3749//4391 3707//4349
f 3707//4349 3749//4391 3750//4392
f 3707//4349 3750//4392 3708//4350
f 3708//4350 3750//4392 3751//4393
f 3708//4350 3751//4393 3709//4351
f 3709//4351 3751//4393 3752//4394
f 3709//4351 3752//4394 3710//4352
f 3710//4352 3752//4394 3753//4395
f 3710//4352 3753//4395 3711//4353
f 3711//4353 3753//4395 3754//4396
f 3711//4353 3754//4396 3712//4354
f 3712//4354 3754//4396 3755//4397
f 3712//4354 3755//4397 3713//4355
f 3713//4355 3755//4397 3756//4398
f 3713//4355 3756//4398 3714//4356
f 3714//4356 3756//4398 3757//4399
f 3714//4356 3757//4399 3715//4357
f 3715//4357 3757//4399 3758//4400
f 3715//4357 3758//4400 3716//4358
f 3716//4358 3758//4400 3759//4401
f 3716//4358 3759//4401 3717//4359
f 3717//4359 3759//4401 3760//4402
f 3717//4359 3760//4402 3718//4360
f 3718//4360 3760//4402 3761//4403
f 3718//4360 3761//4403 3719//4361
f 3719//4361 3761//4403 3762//4404
f 3719//4361 3762//4404 3720//4362
f 3720//4362 3762//4404 3763//4405
f 3720//4362 3763//4405 3721//4363
f 3721//4363 3763//4405 3764//4406
f 3721//4363 3764//4406 3722//4364
f 3722//4364 3764//4406 3765//4407
f 3722//4364 3765//4407 3723//4365
f 3723//4365 3765//4407 3766//4408
f 3723//4365 3766//4408 3724//4366
f 3724//4366 3766//4408 3767//4409
f 3724//4366 3767//4409 3725//4367
f 3725//4367 3767//4409 3768//4410
f 3725//4367 3768//4410 3726//4368
f 3726//4368 3768//4410 3769//4411
f 3726//4368 3769//4411 3727//4369
f 3727//4369 3769//4411 3770//4412
f 3727//4369 3770//4412 3728//4370
f 3728//4370 3770//4412 3771//4413
f 3728//4370 3771//4413 3729//4371
f 3729//4371 3771//4413 3772//4414
f 3729//4371 3772//4414 3730//4372
f 3730//4372 3772//4414 3773//4415
f 3730//4372 3773//4415 3731//4373
f 3731//4373 3773//4415 3774//4416
f 3731//4373 3774//4416 3732//4374
f 3732//4374 3774//4416 3775//4417
f 3732//4374 3775//4417 3733//4375
f 3733//4375 3775//4417 3776//4418
f 3733//4375 3776//4418 3734//4376
f 3734//4376 3776//4418 3777//4419
f 3734//4376 3777//4419 3735//4377
f 3735//4377 3777//4419 3778//4420
f 3735//4377 3778//4420 3693//4335
f 3693//4335 3778//4420 3736//4378
f 3736//4378 3779//4421 3737//4379
f 3737//4379 3779//4421 3780//4422
f 3737//4379 3780//4422 3738//4380
f 3738//4380 3780//4422 3781//4423
f 3738//4380 3781//4423 3739//4381
f 3739//4381 3781//4423 3782//4424
f 3739//4381 3782//4424 3740//4382
f 3740//4382 3782//4424 3783//4425
f 3740//4382 3783//4425 3741//4383
f 3741//4383 3783//4425 3784//4426
f 3741//4383 3784//4426 3742//4384
f 3742//4384 3784//4426 3785//4427
f 3742//4384 3785//4427 3743//4385
f 3743//4385 3785//4427 3786//4428
f 3743//4385 3786//4428 3744//4386
f 3744//4386 3786//4428 3787//4429
f 3744//4386 3787//4429 3745//4387
f 3745//4387 3787//4429 3788//4430
f 3745//4387 3788//4430 3746//4388
f 3746//4388 3788//4430 3789//4431
f 3746//4388 3789//4431 3747//4389
f 3747//4389 3789//4431 3790//4432
f 3747//4389 3790//4432 3748//4390
f 3748//4390 3790//4432 3791//4433
f 3748//4390 3791//4433 3749//4391
f 3749//4391 3791//4433 3792//4434
f 3749//4391 3792//4434 3750//4392
f 3750//4392 3792//4434 3793//4435
f 3750//4392 3793//4435 3751//4393
f 3751//4393 3793//4435 3794//4436
f 3751//4393 3794//4436 3752//4394
f 3752//4394 3794//4436 3795//4437
f 3752//4394 3795//4437 3753//4395
f 3753//4395 3795//4437 3796//4438
f 3753//4395 3796//4438 3754//4396
f 3754//4396 3796//4438 3797//4439
f 3754//4396 3797//4439 3755//4397
f 3755//4397 3797//4439 3798//4440
f 3755//4397 3798//4440 3756//4398
f 3756//4398 3798//4440 3799//4441
f 3756//4398 3799//4441 3757//4399
f 3757//4399 3799//4441 3800//4442
f 3757//4399 3800//4442 3758//4400
f 3758//4400 3800//4442 3801//4443
f 3758//4400 3801//4443 3759//4401
f 3759//4401 3801//4443 3802//4444
f 3759//4401 3802//4444 3760//4402
f 3760//4402 3802//4444 3803//4445
f 3760//4402 3803//4445 3761//4403
f 3761//4403 3803//4445 3804//4446
f 3761//4403 3804//4446 3762//4404
f 3762//4404 3804//4446 3805//4447
f 3762//4404 3805//4447 3763//4405
f 3763//4405 3805//4447 3806//4448
f 3763//4405 3806//4448 3764//4406
f 3764//4406 3806//4448 3807//4449
f 3764//4406 3807//4449 3765//4407
f 3765//4407 3807//4449 3808//4450
f 3765//4407 3808//4450 3766//4408
f 3766//4408 3808//4450 3809//4451
f 3766//4408 3809//4451 3767//4409
f 3767//4409 3809//4451 3810//4452
f 3767//4409 3810//4452 3768//4410
f 3768//4410 3810//4452 3811//4453
f 3768//4410 3811//4453 3769//4411
f 3769//4411 3811//4453 3812//4454
f 3769//4411 3812//4454 3770//4412
f 3770//4412 3812//4454 3813//4455
f 3770//4412 3813//4455 3771//4413
f 3771//4413 3813//4455 3814//4456
f 3771//4413 3814//4456 3772//4414
f 3772//4414 3814//4456 3815//4457
f 3772//4414 3815//4457 3773//4415
f 3773//4415 3815//4457 3816//4458
f 3773//4415 3816//4458 3774//4416
f 3774//4416 3816//4458 3817//4459
f 3774//4416 3817//4459 3775//4417
f 3775//4417 3817//4459 3818//4460
f 3775//4417 3818//4460 3776//4418
f 3776//4418 3818//4460 3819//4461
f 3776//4418 3819//4461 3777//4419
f 3777//4419 3819//4461 3820//4462
f 3777//4419 3820//4462 3778//4420
f 3778//4420 3820//4462 3821//4463
f 3778//4420 3821//4463 3736//4378
f 3736//4378 3821//4463 3779//4421
f 3779//4421 3822//4464 3780//4422
f 3780//4422 3822//4464 3823//4465
f 3780//4422 3823//4465 3781//4423
f 3781//4423 3823//4465 3824//4466
f 3781//4423 3824//4466 3782//4424
f 3782//4424 3824//4466 3825//4467
f 3782//4424 3825//4467 3783//4425
f 3783//4425 3825//4467 3826//4468
f 3783//4425 3826//4468 3784//4426
f 3784//4426 3826//4468 3827//4469
f 3784//4426 3827//4469 3785//4427
f 3785//4427 3827//4469 3828//4470
f 3785//4427 3828//4470 3786//4428
f 3786//4428 3828//4470 3829//4471
f 3786//4428 3829//4471 3787//4429
f 3787//4429 3829//4471 3830//4472
f 3787//4429 3830//4472 3788//4430
f 3788//4430 3830//4472 3831//4473
f 3788//4430 3831//4473 3789//4431
f 3789//4431 3831//4473 3832//4474
f 3789//4431 3832//4474 3790//4432
f 3790//4432 3832//4474 3833//4475
f 3790//4432 3833//4475 3791//4433
f 3791//4433 3833//4475 3834//4476
f 3791//4433 3834//4476 3792//4434
f 3792//4434 3834//4476 3835//4477
f 3792//4434 3835//4477 3793//4435
f 3793//4435 3835//4477 3836//4478
f 3793//4435 3836//4478 3794//4436
f 3794//4436 3836//4478 3837//4479
f 3794//4436 3837//4479 3795//4437
f 3795//4437 3837//4479 3838//4480
f 3795//4437 3838//4480 3796//4438
f 3796//4438 3838//4480 3839//4481
f 3796//4438 3839//4481 3797//4439
f 3797//4439 3839//4481 3840//4482
f 3797//4439 3840//4482 3798//4440
f 3798//4440 3840//4482 3841//4483
f 3798//4440 3841//4483 3799//4441
f 3799//4441 3841//4483 3842//4484
f 3799//4441 3842//4484 3800//4442
f 3800//4442 3842//4484 3843//4485
f 3800//4442 3843//4485 3801//4443
f 3801//4443 3843//4485 3844//4486
f 3801//4443 3844//4486 3802//4444
f 3802//4444 3844//4486 3845//4487
f 3802//4444 3845//4487 3803//4445
f 3803//4445 3845//4487 3846//4488
f 3803//4445 3846//4488 3804//4446
f 3804//4446 3846//4488 3847//4489
f 3804//4446 3847//4489 3805//4447
f 3805//4447 3847//4489 3848//4490
f 3805//4447 3848//4490 3806//4448
f 3806//4448 3848//4490 3849//4491
f 3806//4448 3849//4491 3807//4449
f 3807//4449 3849//4491 3850//4492
f 3807//4449 3850//4492 3808//4450
f 3808//4450 3850//4492 3851//4493
f 3808//4450 3851//4493 3809//4451
f 3809//4451 3851//4493 3852//4494
f 3809//4451 3852//4494 3810//4452
f 3810//4452 3852//4494 3853//4495
f 3810//4452 3853//4495 3811//4453
f 3811//4453 3853//4495 3854//4496
f 3811//4453 3854//4496 3812//4454
f 3812//4454 3854//4496 3855//4497
f 3812//4454 3855//4497 3813//4455
f 3813//4455 3855//4497 3856//4498
f 3813//4455 3856//4498 3814//4456
f 3814//4456 3856//4498 3857//4499
f 3814//4456 3857//4499 3815//4457
f 3815//4457 3857//4499 3858//4500
f 3815//4457 3858//4500 3816//4458
f 3816//4458 3858//4500 3859//4501
f 3816//4458 3859//4501 3817//4459
f 3817//4459 3859//4501 3860//4502
f 3817//4459 3860//4502 3818//4460
f 3818//4460 3860//4502 3861//4503
f 3818//4460 3861//4503 3819//4461
f 3819//4461 3861//4503 3862//4504
f 3819//4461 3862//4504 3820//4462
f 3820//4462 3862//4504 3863//4505
f 3820//4462 3863//4505 3821//4463
f 3821//4463 3863//4505 3864//4506
f 3821//4463 3864//4506 3779//4421
f 3779//4421 3864//4506 3822//4464
f 3822//4464 3865//4507 3823//4465
f 3823//4465 3865//4507 3866//4508
f 3823//4465 3866//4508 3824//4466
f 3824//4466 3866//4508 3867//4509
f 3824//4466 3867//4509 3825//4467
f 3825//4467 3867//4509 3868//4510
f 3825//4467 3868//4510 3826//4468
f 3826//4468 3868//4510 3869//4511
f 3826//4468 3869//4511 3827//4469
f 3827//4469 3869//4511 3870//4512
f 3827//4469 3870//4512 3828//4470
f 3828//4470 3870//4512 3871//4513
f 3828//4470 3871//4513 3829//4471
f 3829//4471 3871//4513 3872//4514
f 3829//4471 3872//4514 3830//4472
f 3830//4472 3872//4514 3873//4515
f 3830//4472 3873//4515 3831//4473
f 3831//4473 3873//4515 3874//4516
f 3831//4473 3874//4516 3832//4474
f 3832//4474 3874//4516 3875//4517
f 3832//4474 3875//4517 3833//4475
f 3833//4475 3875//4517 3876//4518
f 3833//4475 3876//4518 3834//4476
f 3834//4476 3876//4518 3877//4519
f 3834//4476 3877//4519 3835//4477
f 3835//4477 3877//4519 3878//4520
f 3835//4477 3878//4520 3836//4478
f 3836//4478 3878//4520 3879//4521
f 3836//4478 3879//4521 3837//4479
f 3837//4479 3879//4521 3880//4522
f 3837//4479 3880//4522 3838//4480
f 3838//4480 3880//4522 3881//4523
f 3838//4480 3881//4523 3839//4481
f 3839//4481 3881//4523 3882//4524
f 3839//4481 3882//4524 3840//4482
f 3840//4482 3882//4524 3883//4525
f 3840//4482 3883//4525 3841//4483
f 3841//4483 3883//4525 3884//4526
f 3841//4483 3884//4526 3842//4484
f 3842//4484 3884//4526 3885//4527
f 3842//4484 3885//4527 3843//4485
f 3843//4485 3885//4527 3886//4528
f 3843//4485 3886//4528 3844//4486
f 3844//4486 3886//4528 3887//4529
f 3844//4486 3887//4529 3845//4487
f 3845//4487 3887//4529 3888//4530
f 3845//4487 3888//4530 3846//4488
f 3846//4488 3888//4530 3889//4531
f 3846//4488 3889//4531 3847//4489
f 3847//4489 3889//4531 3890//4532
f 3847//4489 3890//4532 3848//4490
f 3848//4490 3890//4532 3891//4533
f 3848//4490 3891//4533 3849//4491
f 3849//4491 3891//4533 3892//4534
f 3849//4491 3892//4534 3850//4492
f 3850//4492 3892//4534 3893//4535
f 3850//4492 3893//4535 3851//4493
f 3851//4493 3893//4535 3894//4536
f 3851//4493 3894//4536 3852//4494
f 3852//4494 3894//4536 3895//4537
f 3852//4494 3895//4537 3853//4495
f 3853//4495 3895//4537 3896//4538
f 3853//4495 3896//4538 3854//4496
f 3854//4496 3896//4538 3897//4539
f 3854//4496 3897//4539 3855//4497
f 3855//4497 3897//4539 3898//4540
f 3855//4497 3898//4540 3856//4498
f 3856//4498 3898//4540 3899//4541
f 3856//4498 3899//4541 3857//4499
f 3857//4499 3899//4541 3900//4542
f 3857//4499 3900//4542 3858//4500
f 3858//4500 3900//4542 3901//4543
f 3858//4500 3901//4543 3859//4501
f 3859//4501 3901//4543 3902//4544
f 3859//4501 3902//4544 3860//4502
f 3860//4502 3902//4544 3903//4545
f 3860//4502 3903//4545 3861//4503
f 3861//4503 3903//4545 3904//4546
f 3861//4503 3904//4546 3862//4504
f 3862//4504 3904//4546 3905//4547
f 3862//4504 3905//4547 3863//4505
f 3863//4505 3905//4547 3906//4548
f 3863//4505 3906//4548 3864//4506
f 3864//4506 3906//4548 3907//4549
f 3864//4506 3907//4549 3822//4464
f 3822//4464 3907//4549 3865//4507
f 3865//4507 3399//4037 3866//4508
f 3866//4508 3399//4037 3398//4036
f 3866//4508 3398//4036 3867//4509
f 3867//4509 3398//4036 3397//4035
f 3867//4509 3397//4035 3868//4510
f 3868//4510 3397//4035 3396//4034
f 3868//4510 3396//4034 3869//4511
f 3869//4511 3396//4034 3395//4033
f 3869//4511 3395//4033 3870//4512
f 3870//4512 3395//4033 3394//4032
f 3870//4512 3394//4032 3871//4513
f 3871//4513 3394//4032 3393//4031
f 3871//4513 3393//4031 3872//4514
f 3872//4514 3393//4031 3392//4030
f 3872//4514 3392//4030 3873//4515
f 3873//4515 3392//4030 3391//4029
f 3873//4515 3391//4029 3874//4516
f 3874//4516 3391//4029 3390//4028
f 3874//4516 3390//4028 3875//4517
f 3875//4517 3390//4028 3412//4050
f 3875//4517 3412//4050 3876//4518
f 3876//4518 3412//4050 3411//4049
f 3876//4518 3411//4049 3877//4519
f 3877//4519 3411//4049 3410//4048
f 3877//4519 3410//4048 3878//4520
f 3878//4520 3410//4048 3409//4047
f 3878//4520 3409//4047 3879//4521
f 3879//4521 3409//4047 3408//4046
f 3879//4521 3408//4046 3880//4522
f 3880//4522 3408//4046 3407//4045
f 3880//4522 3407//4045 3881//4523
f 3881//4523 3407//4045 3406//4044
f 3881//4523 3406//4044 3882//4524
f 3882//4524 3406//4044 3405//4043
f 3882//4524 3405//4043 3883//4525
f 3883//4525 3405//4043 3404//4042
f 3883//4525 3404//4042 3884//4526
f 3884//4526 3404//4042 3403//4041
f 3884//4526 3403//4041 3885//4527
f 3885//4527 3403//4041 3402//4040
f 3885//4527 3402//4040 3886//4528
f 3886//4528 3402//4040 3401//4039
f 3886//4528 3401//4039 3887//4529
f 3887//4529 3401//4039 3389//4027
f 3887//4529 3389//4027 3888//4530
f 3888//4530 3389//4027 3388//4026
f 3888//4530 3388//4026 3889//4531
f 3889//4531 3388//4026 3387//4025
f 3889//4531 3387//4025 3890//4532
f 3890//4532 3387//4025 3386//4024
f 3890//4532 3386//4024 3891//4533
f 3891//4533 3386//4024 3385//4023
f 3891//4533 3385//4023 3892//4534
f 3892//4534 3385//4023 3384//4022
f 3892//4534 3384//4022 3893//4535
f 3893//4535 3384//4022 3383//4021
f 3893//4535 3383//4021 3894//4536
f 3894//4536 3383//4021 3382//4020
f 3894//4536 3382//4020 3895//4537
f 3895//4537 3382//4020 3381//4019
f 3895//4537 3381//4019 3896//4538
f 3896//4538 3381//4019 3380//4018
f 3896//4538 3380//4018 3897//4539
f 3897//4539 3380//4018 3379//4017
f 3897//4539 3379//4017 3898//4540
f 3898//4540 3379//4017 3378//4016
f 3898//4540 3378//4016 3899//4541
f 3899//4541 3378//4016 3377//4015
f 3899//4541 3377//4015 3900//4542
f 3900//4542 3377//4015 3376//4014
f 3900//4542 3376//4014 3901//4543
f 3901//4543 3376//4014 3375//4013
f 3901//4543 3375//4013 3902//4544
f 3902//4544 3375//4013 3374//4012
f 3902//4544 3374//4012 3903//4545
f 3903//4545 3374//4012 3373//4011
f 3903//4545 3373//4011 3904//4546
f 3904//4546 3373//4011 3372//4010
f 3904//4546 3372//4010 3905//4547
f 3905//4547 3372//4010 3371//4009
f 3905//4547 3371//4009 3906//4548
f 3906//4548 3371//4009 3370//4008
f 3906//4548 3370//4008 3907//4549
f 3907//4549 3370//4008 3400//4038
f 3907//4549 3400//4038 3865//4507
f 3865//4507 3400//4038 3399//4037
f 3367//4004 3365//4002 3908//4550
f 3357//3994 3359//3996 3909//4551
f 3354//3991 3352//3989 3910//4552
f 3347//3984 3349//3986 3911//4553
f 3340//3977 3342//3979 3912//4554
f 3343//3980 3338//3975 3913//4555
f 3330//3967 3332//3969 3914//4556
f 3324//3961 3322//3959 3915//4557
f 3314//3951 3316//3953 3916//4558
f 3311//3948 3309//3946 3917//4559
f 3304//3941 3306//3943 3918//4560
f 3297//3934 3299//3936 3919//4561
f 3300//3937 3295//3932 3920//4562
f 3287//3924 3289//3926 3921//4563
f 3281//3918 3279//3916 3922//4564
f 3271//3908 3273//3910 3923//4565
f 3268//3905 3266//3903 3924//4566
f 3261//3898 3263//3900 3925//4567
f 3254//3891 3256//3893 3926//4568
f 3257//3894 3252//3889 3927//4569
f 3244//3881 3246//3883 3928//4570
f 3191//3832 3181//3823 3929//4571
f 3929//4571 3181//3823 3930//4572
f 3929//4571 3930//4572 3931//4573
f 3931//4573 3930//4572 3932//4574
f 3931//4573 3932//4574 3933//4575
f 3933//4575 3932//4574 3934//4576
f 3933//4575 3934//4576 3935//4577
f 3935//4577 3934//4576 3936//4578
f 3935//4577 3936//4578 3937//4579
f 3937//4579 3936//4578 3938//4580
f 3937//4579 3938//4580 3939//4581
f 3939//4581 3938//4580 3940//4582
f 3939//4581 3940//4582 3941//4583
f 3941//4583 3940//4582 3942//4584
f 3941//4583 3942//4584 3943//4585
f 3943//4585 3942//4584 3928//4570
f 3184//3826 3211//3849 3944//4586
f 3944//4586 3211//3849 3945//4587
f 3944//4586 3945//4587 3946//4588
f 3946//4588 3945//4587 3947//4589
f 3946//4588 3947//4589 3948//4590
f 3948//4590 3947//4589 3949//4591
f 3948//4590 3949//4591 3950//4592
f 3950//4592 3949//4591 3951//4593
f 3950//4592 3951//4593 3952//4594
f 3952//4594 3951//4593 3953//4595
f 3952//4594 3953//4595 3954//4596
f 3954//4596 3953//4595 3955//4597
f 3954//4596 3955//4597 3956//4598
f 3956//4598 3955//4597 3957//4599
f 3956//4598 3957//4599 3958//4600
f 3958//4600 3957//4599 3927//4569
f 3226//3863 3225//3862 3959//4601
f 3959//4601 3225//3862 3960//4602
f 3959//4601 3960//4602 3961//4603
f 3961//4603 3960//4602 3962//4604
f 3961//4603 3962//4604 3963//4605
f 3963//4605 3962//4604 3964//4606
f 3963//4605 3964//4606 3965//4607
f 3965//4607 3964//4606 3966//4608
f 3965//4607 3966//4608 3967//4609
f 3967//4609 3966//4608 3968//4610
f 3967//4609 3968//4610 3969//4611
f 3969//4611 3968//4610 3970//4612
f 3969//4611 3970//4612 3971//4613
f 3971//4613 3970//4612 3972//4614
f 3971//4613 3972//4614 3973//4615
f 3973//4615 3972//4614 3925//4567
f 3207//3845 3206//3844 3974//4616
f 3974//4616 3206//3844 3975//4617
f 3974//4616 3975//4617 3976//4618
f 3976//4618 3975//4617 3977//4619
f 3976//4618 3977//4619 3978//4620
f 3978//4620 3977//4619 3979//4621
f 3978//4620 3979//4621 3980//4622
f 3980//4622 3979//4621 3981//4623
f 3980//4622 3981//4623 3982//4624
f 3982//4624 3981//4623 3983//4625
f 3982//4624 3983//4625 3984//4626
f 3984//4626 3983//4625 3985//4627
f 3984//4626 3985//4627 3986//4628
f 3986//4628 3985//4627 3987//4629
f 3986//4628 3987//4629 3988//4630
f 3988//4630 3987//4629 3923//4565
f 3200//3839 3201//3840 3989//4631
f 3989//4631 3201//3840 3990//4632
f 3989//4631 3990//4632 3991//4633
f 3991//4633 3990//4632 3992//4634
f 3991//4633 3992//4634 3993//4635
f 3993//4635 3992//4634 3994//4636
f 3993//4635 3994//4636 3995//4637
f 3995//4637 3994//4636 3996//4638
f 3995//4637 3996//4638 3997//4639
f 3997//4639 3996//4638 3998//4640
f 3997//4639 3998//4640 3999//4641
f 3999//4641 3998//4640 4000//4642
f 3999//4641 4000//4642 4001//4643
f 4001//4643 4000//4642 4002//4644
f 4001//4643 4002//4644 4003//4645
f 4003//4645 4002//4644 3922//4564
f 3227//3864 3197//3837 4004//4646
f 4004//4646 3197//3837 4005//4647
f 4004//4646 4005//4647 4006//4648
f 4006//4648 4005//4647 4007//4649
f 4006//4648 4007//4649 4008//4650
f 4008//4650 4007//4649 4009//4651
f 4008//4650 4009//4651 4010//4652
f 4010//4652 4009//4651 4011//4653
f 4010//4652 4011//4653 4012//4654
f 4012//4654 4011//4653 4013//4655
f 4012//4654 4013//4655 4014//4656
f 4014//4656 4013//4655 4015//4657
f 4014//4656 4015//4657 4016//4658
f 4016//4658 4015//4657 4017//4659
f 4016//4658 4017//4659 4018//4660
f 4018//4660 4017//4659 3921//4563
f 3194//3835 3214//3852 4019//4661
f 4019//4661 3214//3852 4020//4662
f 4019//4661 4020//4662 4021//4663
f 4021//4663 4020//4662 4022//4664
f 4021//4663 4022//4664 4023//4665
f 4023//4665 4022//4664 4024//4666
f 4023//4665 4024//4666 4025//4667
f 4025//4667 4024//4666 4026//4668
f 4025//4667 4026//4668 4027//4669
f 4027//4669 4026//4668 4028//4670
f 4027//4669 4028//4670 4029//4671
f 4029//4671 4028//4670 4030//4672
f 4029//4671 4030//4672 4031//4673
f 4031//4673 4030//4672 4032//4674
f 4031//4673 4032//4674 4033//4675
f 4033//4675 4032//4674 3920//4562
f 3232//3869 3231//3868 4034//4676
f 4034//4676 3231//3868 4035//4677
f 4034//4676 4035//4677 4036//4678
f 4036//4678 4035//4677 4037//4679
f 4036//4678 4037//4679 4038//4680
f 4038//4680 4037//4679 4039//4681
f 4038//4680 4039//4681 4040//4682
f 4040//4682 4039//4681 4041//4683
f 4040//4682 4041//4683 4042//4684
f 4042//4684 4041//4683 4043//4685
f 4042//4684 4043//4685 4044//4686
f 4044//4686 4043//4685 4045//4687
f 4044//4686 4045//4687 4046//4688
f 4046//4688 4045//4687 4047//4689
f 4046//4688 4047//4689 4048//4690
f 4048//4690 4047//4689 3918//4560
f 3203//3842 3202//3841 4049//4691
f 4049//4691 3202//3841 4050//4692
f 4049//4691 4050//4692 4051//4693
f 4051//4693 4050//4692 4052//4694
f 4051//4693 4052//4694 4053//4695
f 4053//4695 4052//4694 4054//4696
f 4053//4695 4054//4696 4055//4697
f 4055//4697 4054//4696 4056//4698
f 4055//4697 4056//4698 4057//4699
f 4057//4699 4056//4698 4058//4700
f 4057//4699 4058//4700 4059//4701
f 4059//4701 4058//4700 4060//4702
f 4059//4701 4060//4702 4061//4703
f 4061//4703 4060//4702 4062//4704
f 4061//4703 4062//4704 4063//4705
f 4063//4705 4062//4704 3916//4558
f 3239//3876 3236//3873 4064//4706
f 4064//4706 3236//3873 4065//4707
f 4064//4706 4065//4707 4066//4708
f 4066//4708 4065//4707 4067//4709
f 4066//4708 4067//4709 4068//4710
f 4068//4710 4067//4709 4069//4711
f 4068//4710 4069//4711 4070//4712
f 4070//4712 4069//4711 4071//4713
f 4070//4712 4071//4713 4072//4714
f 4072//4714 4071//4713 4073//4715
f 4072//4714 4073//4715 4074//4716
f 4074//4716 4073//4715 4075//4717
f 4074//4716 4075//4717 4076//4718
f 4076//4718 4075//4717 4077//4719
f 4076//4718 4077//4719 4078//4720
f 4078//4720 4077//4719 3915//4557
f 3233//3870 3219//3856 4079//4721
f 4079//4721 3219//3856 4080//4722
f 4079//4721 4080//4722 4081//4723
f 4081//4723 4080//4722 4082//4724
f 4081//4723 4082//4724 4083//4725
f 4083//4725 4082//4724 4084//4726
f 4083//4725 4084//4726 4085//4727
f 4085//4727 4084//4726 4086//4728
f 4085//4727 4086//4728 4087//4729
f 4087//4729 4086//4728 4088//4730
f 4087//4729 4088//4730 4089//4731
f 4089//4731 4088//4730 4090//4732
f 4089//4731 4090//4732 4091//4733
f 4091//4733 4090//4732 4092//4734
f 4091//4733 4092//4734 4093//4735
f 4093//4735 4092//4734 3914//4556
f 3216//3854 3215//3853 4094//4736
f 4094//4736 3215//3853 4095//4737
f 4094//4736 4095//4737 4096//4738
f 4096//4738 4095//4737 4097//4739
f 4096//4738 4097//4739 4098//4740
f 4098//4740 4097//4739 4099//4741
f 4098//4740 4099//4741 4100//4742
f 4100//4742 4099//4741 4101//4743
f 4100//4742 4101//4743 4102//4744
f 4102//4744 4101//4743 4103//4745
f 4102//4744 4103//4745 4104//4746
f 4104//4746 4103//4745 4105//4747
f 4104//4746 4105//4747 4106//4748
f 4106//4748 4105//4747 4107//4749
f 4106//4748 4107//4749 4108//4750
f 4108//4750 4107//4749 3913//4555
f 3223//3860 3222//3859 4109//4751
f 4109//4751 3222//3859 4110//4752
f 4109//4751 4110//4752 4111//4753
f 4111//4753 4110//4752 4112//4754
f 4111//4753 4112//4754 4113//4755
f 4113//4755 4112//4754 4114//4756
f 4113//4755 4114//4756 4115//4757
f 4115//4757 4114//4756 4116//4758
f 4115//4757 4116//4758 4117//4759
f 4117//4759 4116//4758 4118//4760
f 4117//4759 4118//4760 4119//4761
f 4119//4761 4118//4760 4120//4762
f 4119//4761 4120//4762 4121//4763
f 4121//4763 4120//4762 4122//4764
f 4121//4763 4122//4764 4123//4765
f 4123//4765 4122//4764 3911//4553
f 3190//3831 3189//3830 4124//4766
f 4124//4766 3189//3830 4125//4767
f 4124//4766 4125//4767 4126//4768
f 4126//4768 4125//4767 4127//4769
f 4126//4768 4127//4769 4128//4770
f 4128//4770 4127//4769 4129//4771
f 4128//4770 4129//4771 4130//4772
f 4130//4772 4129//4771 4131//4773
f 4130//4772 4131//4773 4132//4774
f 4132//4774 4131//4773 4133//4775
f 4132//4774 4133//4775 4134//4776
f 4134//4776 4133//4775 4135//4777
f 4134//4776 4135//4777 4136//4778
f 4136//4778 4135//4777 4137//4779
f 4136//4778 4137//4779 4138//4780
f 4138//4780 4137//4779 3909//4551
f 3187//3828 3186//3827 4139//4781
f 4139//4781 3186//3827 4140//4782
f 4139//4781 4140//4782 4141//4783
f 4141//4783 4140//4782 4142//4784
f 4141//4783 4142//4784 4143//4785
f 4143//4785 4142//4784 4144//4786
f 4143//4785 4144//4786 4145//4787
f 4145//4787 4144//4786 4146//4788
f 4145//4787 4146//4788 4147//4789
f 4147//4789 4146//4788 4148//4790
f 4147//4789 4148//4790 4149//4791
f 4149//4791 4148//4790 4150//4792
f 4149//4791 4150//4792 4151//4793
f 4151//4793 4150//4792 4152//4794
f 4151//4793 4152//4794 4153//4795
f 4153//4795 4152//4794 3908//4550
f 3192//3833 3191//3832 4154//4796
f 4154//4796 3191//3832 3929//4571
f 4154//4796 3929//4571 4155//4797
f 4155//4797 3929//4571 3931//4573
f 4155//4797 3931//4573 4156//4798
f 4156//4798 3931//4573 3933//4575
f 4156//4798 3933//4575 4157//4799
f 4157//4799 3933//4575 3935//4577
f 4157//4799 3935//4577 4158//4800
f 4158//4800 3935//4577 3937//4579
f 4158//4800 3937//4579 4159//4801
f 4159//4801 3937//4579 3939//4581
f 4159//4801 3939//4581 4160//4802
f 4160//4802 3939//4581 3941//4583
f 4160//4802 3941//4583 4161//4803
f 4161//4803 3941//4583 3943//4585
f 4161//4803 3943//4585 3369//4006
f 3369//4006 3943//4585 3241//3878
f 3928//4570 3246//3883 3943//4585
f 3943//4585 3246//3883 3247//3884
f 3943//4585 3247//3884 3241//3878
f 3248//3885 3244//3881 4162//4804
f 4162//4804 3244//3881 3928//4570
f 4162//4804 3928//4570 4163//4805
f 4163//4805 3928//4570 3942//4584
f 4163//4805 3942//4584 4164//4806
f 4164//4806 3942//4584 3940//4582
f 4164//4806 3940//4582 4165//4807
f 4165//4807 3940//4582 3938//4580
f 4165//4807 3938//4580 4166//4808
f 4166//4808 3938//4580 3936//4578
f 4166//4808 3936//4578 4167//4809
f 4167//4809 3936//4578 3934//4576
f 4167//4809 3934//4576 4168//4810
f 4168//4810 3934//4576 3932//4574
f 4168//4810 3932//4574 4169//4811
f 4169//4811 3932//4574 3930//4572
f 4169//4811 3930//4572 3183//3825
f 3183//3825 3930//4572 3181//3823
f 3183//3825 3184//3826 4169//4811
f 4169//4811 3184//3826 3944//4586
f 4169//4811 3944//4586 4168//4810
f 4168//4810 3944//4586 3946//4588
f 4168//4810 3946//4588 4167//4809
f 4167//4809 3946//4588 3948//4590
f 4167//4809 3948//4590 4166//4808
f 4166//4808 3948//4590 3950//4592
f 4166//4808 3950//4592 4165//4807
f 4165//4807 3950//4592 3952//4594
f 4165//4807 3952//4594 4164//4806
f 4164//4806 3952//4594 3954//4596
f 4164//4806 3954//4596 4163//4805
f 4163//4805 3954//4596 3956//4598
f 4163//4805 3956//4598 4162//4804
f 4162//4804 3956//4598 3958//4600
f 4162//4804 3958//4600 3248//3885
f 3248//3885 3958//4600 3249//3886
f 3927//4569 3252//3889 3958//4600
f 3958//4600 3252//3889 3251//3888
f 3958//4600 3251//3888 3249//3886
f 3256//3893 3257//3894 3926//4568
f 3926//4568 3257//3894 3927//4569
f 3926//4568 3927//4569 4170//4812
f 4170//4812 3927//4569 3957//4599
f 4170//4812 3957//4599 4171//4813
f 4171//4813 3957//4599 3955//4597
f 4171//4813 3955//4597 4172//4814
f 4172//4814 3955//4597 3953//4595
f 4172//4814 3953//4595 4173//4815
f 4173//4815 3953//4595 3951//4593
f 4173//4815 3951//4593 4174//4816
f 4174//4816 3951//4593 3949//4591
f 4174//4816 3949//4591 4175//4817
f 4175//4817 3949//4591 3947//4589
f 4175//4817 3947//4589 4176//4818
f 4176//4818 3947//4589 3945//4587
f 4176//4818 3945//4587 3210//3848
f 3210//3848 3945//4587 3211//3849
f 3258//3895 3254//3891 4177//4819
f 4177//4819 3254//3891 3926//4568
f 4177//4819 3926//4568 4178//4820
f 4178//4820 3926//4568 4170//4812
f 4178//4820 4170//4812 4179//4821
f 4179//4821 4170//4812 4171//4813
f 4179//4821 4171//4813 4180//4822
f 4180//4822 4171//4813 4172//4814
f 4180//4822 4172//4814 4181//4823
f 4181//4823 4172//4814 4173//4815
f 4181//4823 4173//4815 4182//4824
f 4182//4824 4173//4815 4174//4816
f 4182//4824 4174//4816 4183//4825
f 4183//4825 4174//4816 4175//4817
f 4183//4825 4175//4817 4184//4826
f 4184//4826 4175//4817 4176//4818
f 4184//4826 4176//4818 3209//3847
f 3209//3847 4176//4818 3210//3848
f 3209//3847 3226//3863 4184//4826
f 4184//4826 3226//3863 3959//4601
f 4184//4826 3959//4601 4183//4825
f 4183//4825 3959//4601 3961//4603
f 4183//4825 3961//4603 4182//4824
f 4182//4824 3961//4603 3963//4605
f 4182//4824 3963//4605 4181//4823
f 4181//4823 3963//4605 3965//4607
f 4181//4823 3965//4607 4180//4822
f 4180//4822 3965//4607 3967//4609
f 4180//4822 3967//4609 4179//4821
f 4179//4821 3967//4609 3969//4611
f 4179//4821 3969//4611 4178//4820
f 4178//4820 3969//4611 3971//4613
f 4178//4820 3971//4613 4177//4819
f 4177//4819 3971//4613 3973//4615
f 4177//4819 3973//4615 3258//3895
f 3258//3895 3973//4615 3259//3896
f 3925//4567 3263//3900 3973//4615
f 3973//4615 3263//3900 3264//3901
f 3973//4615 3264//3901 3259//3896
f 3265//3902 3261//3898 4185//4827
f 4185//4827 3261//3898 3925//4567
f 4185//4827 3925//4567 4186//4828
f 4186//4828 3925//4567 3972//4614
f 4186//4828 3972//4614 4187//4829
f 4187//4829 3972//4614 3970//4612
f 4187//4829 3970//4612 4188//4830
f 4188//4830 3970//4612 3968//4610
f 4188//4830 3968//4610 4189//4831
f 4189//4831 3968//4610 3966//4608
f 4189//4831 3966//4608 4190//4832
f 4190//4832 3966//4608 3964//4606
f 4190//4832 3964//4606 4191//4833
f 4191//4833 3964//4606 3962//4604
f 4191//4833 3962//4604 4192//4834
f 4192//4834 3962//4604 3960//4602
f 4192//4834 3960//4602 3224//3861
f 3224//3861 3960//4602 3225//3862
f 3224//3861 3208//3846 4192//4834
f 4192//4834 3208//3846 4193//4835
f 4192//4834 4193//4835 4191//4833
f 4191//4833 4193//4835 4194//4836
f 4191//4833 4194//4836 4190//4832
f 4190//4832 4194//4836 4195//4837
f 4190//4832 4195//4837 4189//4831
f 4189//4831 4195//4837 4196//4838
f 4189//4831 4196//4838 4188//4830
f 4188//4830 4196//4838 4197//4839
f 4188//4830 4197//4839 4187//4829
f 4187//4829 4197//4839 4198//4840
f 4187//4829 4198//4840 4186//4828
f 4186//4828 4198//4840 4199//4841
f 4186//4828 4199//4841 4185//4827
f 4185//4827 4199//4841 3924//4566
f 4185//4827 3924//4566 3265//3902
f 3265//3902 3924//4566 3266//3903
f 3269//3906 3268//3905 3988//4630
f 3988//4630 3268//3905 3924//4566
f 3988//4630 3924//4566 3986//4628
f 3986//4628 3924//4566 4199//4841
f 3986//4628 4199//4841 3984//4626
f 3984//4626 4199//4841 4198//4840
f 3984//4626 4198//4840 3982//4624
f 3982//4624 4198//4840 4197//4839
f 3982//4624 4197//4839 3980//4622
f 3980//4622 4197//4839 4196//4838
f 3980//4622 4196//4838 3978//4620
f 3978//4620 4196//4838 4195//4837
f 3978//4620 4195//4837 3976//4618
f 3976//4618 4195//4837 4194//4836
f 3976//4618 4194//4836 3974//4616
f 3974//4616 4194//4836 4193//4835
f 3974//4616 4193//4835 3207//3845
f 3207//3845 4193//4835 3208//3846
f 3923//4565 3273//3910 3988//4630
f 3988//4630 3273//3910 3274//3911
f 3988//4630 3274//3911 3269//3906
f 3275//3912 3271//3908 4200//4842
f 4200//4842 3271//3908 3923//4565
f 4200//4842 3923//4565 4201//4843
f 4201//4843 3923//4565 3987//4629
f 4201//4843 3987//4629 4202//4844
f 4202//4844 3987//4629 3985//4627
f 4202//4844 3985//4627 4203//4845
f 4203//4845 3985//4627 3983//4625
f 4203//4845 3983//4625 4204//4846
f 4204//4846 3983//4625 3981//4623
f 4204//4846 3981//4623 4205//4847
f 4205//4847 3981//4623 3979//4621
f 4205//4847 3979//4621 4206//4848
f 4206//4848 3979//4621 3977//4619
f 4206//4848 3977//4619 4207//4849
f 4207//4849 3977//4619 3975//4617
f 4207//4849 3975//4617 3198//3838
f 3198//3838 3975//4617 3206//3844
f 3198//3838 3200//3839 4207//4849
f 4207//4849 3200//3839 3989//4631
f 4207//4849 3989//4631 4206//4848
f 4206//4848 3989//4631 3991//4633
f 4206//4848 3991//4633 4205//4847
f 4205//4847 3991//4633 3993//4635
f 4205//4847 3993//4635 4204//4846
f 4204//4846 3993//4635 3995//4637
f 4204//4846 3995//4637 4203//4845
f 4203//4845 3995//4637 3997//4639
f 4203//4845 3997//4639 4202//4844
f 4202//4844 3997//4639 3999//4641
f 4202//4844 3999//4641 4201//4843
f 4201//4843 3999//4641 4001//4643
f 4201//4843 4001//4643 4200//4842
f 4200//4842 4001//4643 4003//4645
f 4200//4842 4003//4645 3275//3912
f 3275//3912 4003//4645 3276//3913
f 3922//4564 3279//3916 4003//4645
f 4003//4645 3279//3916 3278//3915
f 4003//4645 3278//3915 3276//3913
f 3282//3919 3281//3918 4208//4850
f 4208//4850 3281//3918 3922//4564
f 4208//4850 3922//4564 4209//4851
f 4209//4851 3922//4564 4002//4644
f 4209//4851 4002//4644 4210//4852
f 4210//4852 4002//4644 4000//4642
f 4210//4852 4000//4642 4211//4853
f 4211//4853 4000//4642 3998//4640
f 4211//4853 3998//4640 4212//4854
f 4212//4854 3998//4640 3996//4638
f 4212//4854 3996//4638 4213//4855
f 4213//4855 3996//4638 3994//4636
f 4213//4855 3994//4636 4214//4856
f 4214//4856 3994//4636 3992//4634
f 4214//4856 3992//4634 4215//4857
f 4215//4857 3992//4634 3990//4632
f 4215//4857 3990//4632 3229//3866
f 3229//3866 3990//4632 3201//3840
f 3229//3866 3228//3865 4215//4857
f 4215//4857 3228//3865 4216//4858
f 4215//4857 4216//4858 4214//4856
f 4214//4856 4216//4858 4217//4859
f 4214//4856 4217//4859 4213//4855
f 4213//4855 4217//4859 4218//4860
f 4213//4855 4218//4860 4212//4854
f 4212//4854 4218//4860 4219//4861
f 4212//4854 4219//4861 4211//4853
f 4211//4853 4219//4861 4220//4862
f 4211//4853 4220//4862 4210//4852
f 4210//4852 4220//4862 4221//4863
f 4210//4852 4221//4863 4209//4851
f 4209//4851 4221//4863 4222//4864
f 4209//4851 4222//4864 4208//4850
f 4208//4850 4222//4864 4223//4865
f 4208//4850 4223//4865 3282//3919
f 3282//3919 4223//4865 3284//3921
f 3228//3865 3227//3864 4216//4858
f 4216//4858 3227//3864 4004//4646
f 4216//4858 4004//4646 4217//4859
f 4217//4859 4004//4646 4006//4648
f 4217//4859 4006//4648 4218//4860
f 4218//4860 4006//4648 4008//4650
f 4218//4860 4008//4650 4219//4861
f 4219//4861 4008//4650 4010//4652
f 4219//4861 4010//4652 4220//4862
f 4220//4862 4010//4652 4012//4654
f 4220//4862 4012//4654 4221//4863
f 4221//4863 4012//4654 4014//4656
f 4221//4863 4014//4656 4222//4864
f 4222//4864 4014//4656 4016//4658
f 4222//4864 4016//4658 4223//4865
f 4223//4865 4016//4658 4018//4660
f 4223//4865 4018//4660 3284//3921
f 3284//3921 4018//4660 3285//3922
f 3921//4563 3289//3926 4018//4660
f 4018//4660 3289//3926 3290//3927
f 4018//4660 3290//3927 3285//3922
f 3291//3928 3287//3924 4224//4866
f 4224//4866 3287//3924 3921//4563
f 4224//4866 3921//4563 4225//4867
f 4225//4867 3921//4563 4017//4659
f 4225//4867 4017//4659 4226//4868
f 4226//4868 4017//4659 4015//4657
f 4226//4868 4015//4657 4227//4869
f 4227//4869 4015//4657 4013//4655
f 4227//4869 4013//4655 4228//4870
f 4228//4870 4013//4655 4011//4653
f 4228//4870 4011//4653 4229//4871
f 4229//4871 4011//4653 4009//4651
f 4229//4871 4009//4651 4230//4872
f 4230//4872 4009//4651 4007//4649
f 4230//4872 4007//4649 4231//4873
f 4231//4873 4007//4649 4005//4647
f 4231//4873 4005//4647 3195//3836
f 3195//3836 4005//4647 3197//3837
f 3195//3836 3194//3835 4231//4873
f 4231//4873 3194//3835 4019//4661
f 4231//4873 4019//4661 4230//4872
f 4230//4872 4019//4661 4021//4663
f 4230//4872 4021//4663 4229//4871
f 4229//4871 4021//4663 4023//4665
f 4229//4871 4023//4665 4228//4870
f 4228//4870 4023//4665 4025//4667
f 4228//4870 4025//4667 4227//4869
f 4227//4869 4025//4667 4027//4669
f 4227//4869 4027//4669 4226//4868
f 4226//4868 4027//4669 4029//4671
f 4226//4868 4029//4671 4225//4867
f 4225//4867 4029//4671 4031//4673
f 4225//4867 4031//4673 4224//4866
f 4224//4866 4031//4673 4033//4675
f 4224//4866 4033//4675 3291//3928
f 3291//3928 4033//4675 3292//3929
f 3920//4562 3295//3932 4033//4675
f 4033//4675 3295//3932 3294//3931
f 4033//4675 3294//3931 3292//3929
f 3299//3936 3300//3937 3919//4561
f 3919//4561 3300//3937 3920//4562
f 3919//4561 3920//4562 4232//4874
f 4232//4874 3920//4562 4032//4674
f 4232//4874 4032//4674 4233//4875
f 4233//4875 4032//4674 4030//4672
f 4233//4875 4030//4672 4234//4876
f 4234//4876 4030//4672 4028//4670
f 4234//4876 4028//4670 4235//4877
f 4235//4877 4028//4670 4026//4668
f 4235//4877 4026//4668 4236//4878
f 4236//4878 4026//4668 4024//4666
f 4236//4878 4024//4666 4237//4879
f 4237//4879 4024//4666 4022//4664
f 4237//4879 4022//4664 4238//4880
f 4238//4880 4022//4664 4020//4662
f 4238//4880 4020//4662 3213//3851
f 3213//3851 4020//4662 3214//3852
f 3301//3938 3297//3934 4239//4881
f 4239//4881 3297//3934 3919//4561
f 4239//4881 3919//4561 4240//4882
f 4240//4882 3919//4561 4232//4874
f 4240//4882 4232//4874 4241//4883
f 4241//4883 4232//4874 4233//4875
f 4241//4883 4233//4875 4242//4884
f 4242//4884 4233//4875 4234//4876
f 4242//4884 4234//4876 4243//4885
f 4243//4885 4234//4876 4235//4877
f 4243//4885 4235//4877 4244//4886
f 4244//4886 4235//4877 4236//4878
f 4244//4886 4236//4878 4245//4887
f 4245//4887 4236//4878 4237//4879
f 4245//4887 4237//4879 4246//4888
f 4246//4888 4237//4879 4238//4880
f 4246//4888 4238//4880 3212//3850
f 3212//3850 4238//4880 3213//3851
f 3212//3850 3232//3869 4246//4888
f 4246//4888 3232//3869 4034//4676
f 4246//4888 4034//4676 4245//4887
f 4245//4887 4034//4676 4036//4678
f 4245//4887 4036//4678 4244//4886
f 4244//4886 4036//4678 4038//4680
f 4244//4886 4038//4680 4243//4885
f 4243//4885 4038//4680 4040//4682
f 4243//4885 4040//4682 4242//4884
f 4242//4884 4040//4682 4042//4684
f 4242//4884 4042//4684 4241//4883
f 4241//4883 4042//4684 4044//4686
f 4241//4883 4044//4686 4240//4882
f 4240//4882 4044//4686 4046//4688
f 4240//4882 4046//4688 4239//4881
f 4239//4881 4046//4688 4048//4690
f 4239//4881 4048//4690 3301//3938
f 3301//3938 4048//4690 3302//3939
f 3918//4560 3306//3943 4048//4690
f 4048//4690 3306//3943 3307//3944
f 4048//4690 3307//3944 3302//3939
f 3308//3945 3304//3941 4247//4889
f 4247//4889 3304//3941 3918//4560
f 4247//4889 3918//4560 4248//4890
f 4248//4890 3918//4560 4047//4689
f 4248//4890 4047//4689 4249//4891
f 4249//4891 4047//4689 4045//4687
f 4249//4891 4045//4687 4250//4892
f 4250//4892 4045//4687 4043//4685
f 4250//4892 4043//4685 4251//4893
f 4251//4893 4043//4685 4041//4683
f 4251//4893 4041//4683 4252//4894
f 4252//4894 4041//4683 4039//4681
f 4252//4894 4039//4681 4253//4895
f 4253//4895 4039//4681 4037//4679
f 4253//4895 4037//4679 4254//4896
f 4254//4896 4037//4679 4035//4677
f 4254//4896 4035//4677 3230//3867
f 3230//3867 4035//4677 3231//3868
f 3230//3867 3205//3843 4254//4896
f 4254//4896 3205//3843 4255//4897
f 4254//4896 4255//4897 4253//4895
f 4253//4895 4255//4897 4256//4898
f 4253//4895 4256//4898 4252//4894
f 4252//4894 4256//4898 4257//4899
f 4252//4894 4257//4899 4251//4893
f 4251//4893 4257//4899 4258//4900
f 4251//4893 4258//4900 4250//4892
f 4250//4892 4258//4900 4259//4901
f 4250//4892 4259//4901 4249//4891
f 4249//4891 4259//4901 4260//4902
f 4249//4891 4260//4902 4248//4890
f 4248//4890 4260//4902 4261//4903
f 4248//4890 4261//4903 4247//4889
f 4247//4889 4261//4903 3917//4559
f 4247//4889 3917//4559 3308//3945
f 3308//3945 3917//4559 3309//3946
f 3312//3949 3311//3948 4063//4705
f 4063//4705 3311//3948 3917//4559
f 4063//4705 3917//4559 4061//4703
f 4061//4703 3917//4559 4261//4903
f 4061//4703 4261//4903 4059//4701
f 4059//4701 4261//4903 4260//4902
f 4059//4701 4260//4902 4057//4699
f 4057//4699 4260//4902 4259//4901
f 4057//4699 4259//4901 4055//4697
f 4055//4697 4259//4901 4258//4900
f 4055//4697 4258//4900 4053//4695
f 4053//4695 4258//4900 4257//4899
f 4053//4695 4257//4899 4051//4693
f 4051//4693 4257//4899 4256//4898
f 4051//4693 4256//4898 4049//4691
f 4049//4691 4256//4898 4255//4897
f 4049//4691 4255//4897 3203//3842
f 3203//3842 4255//4897 3205//3843
f 3916//4558 3316//3953 4063//4705
f 4063//4705 3316//3953 3317//3954
f 4063//4705 3317//3954 3312//3949
f 3318//3955 3314//3951 4262//4904
f 4262//4904 3314//3951 3916//4558
f 4262//4904 3916//4558 4263//4905
f 4263//4905 3916//4558 4062//4704
f 4263//4905 4062//4704 4264//4906
f 4264//4906 4062//4704 4060//4702
f 4264//4906 4060//4702 4265//4907
f 4265//4907 4060//4702 4058//4700
f 4265//4907 4058//4700 4266//4908
f 4266//4908 4058//4700 4056//4698
f 4266//4908 4056//4698 4267//4909
f 4267//4909 4056//4698 4054//4696
f 4267//4909 4054//4696 4268//4910
f 4268//4910 4054//4696 4052//4694
f 4268//4910 4052//4694 4269//4911
f 4269//4911 4052//4694 4050//4692
f 4269//4911 4050//4692 3240//3877
f 3240//3877 4050//4692 3202//3841
f 3240//3877 3239//3876 4269//4911
f 4269//4911 3239//3876 4064//4706
f 4269//4911 4064//4706 4268//4910
f 4268//4910 4064//4706 4066//4708
f 4268//4910 4066//4708 4267//4909
f 4267//4909 4066//4708 4068//4710
f 4267//4909 4068//4710 4266//4908
f 4266//4908 4068//4710 4070//4712
f 4266//4908 4070//4712 4265//4907
f 4265//4907 4070//4712 4072//4714
f 4265//4907 4072//4714 4264//4906
f 4264//4906 4072//4714 4074//4716
f 4264//4906 4074//4716 4263//4905
f 4263//4905 4074//4716 4076//4718
f 4263//4905 4076//4718 4262//4904
f 4262//4904 4076//4718 4078//4720
f 4262//4904 4078//4720 3318//3955
f 3318//3955 4078//4720 3319//3956
f 3915//4557 3322//3959 4078//4720
f 4078//4720 3322//3959 3321//3958
f 4078//4720 3321//3958 3319//3956
f 3325//3962 3324//3961 4270//4912
f 4270//4912 3324//3961 3915//4557
f 4270//4912 3915//4557 4271//4913
f 4271//4913 3915//4557 4077//4719
f 4271//4913 4077//4719 4272//4914
f 4272//4914 4077//4719 4075//4717
f 4272//4914 4075//4717 4273//4915
f 4273//4915 4075//4717 4073//4715
f 4273//4915 4073//4715 4274//4916
f 4274//4916 4073//4715 4071//4713
f 4274//4916 4071//4713 4275//4917
f 4275//4917 4071//4713 4069//4711
f 4275//4917 4069//4711 4276//4918
f 4276//4918 4069//4711 4067//4709
f 4276//4918 4067//4709 4277//4919
f 4277//4919 4067//4709 4065//4707
f 4277//4919 4065//4707 3235//3872
f 3235//3872 4065//4707 3236//3873
f 3235//3872 3234//3871 4277//4919
f 4277//4919 3234//3871 4278//4920
f 4277//4919 4278//4920 4276//4918
f 4276//4918 4278//4920 4279//4921
f 4276//4918 4279//4921 4275//4917
f 4275//4917 4279//4921 4280//4922
f 4275//4917 4280//4922 4274//4916
f 4274//4916 4280//4922 4281//4923
f 4274//4916 4281//4923 4273//4915
f 4273//4915 4281//4923 4282//4924
f 4273//4915 4282//4924 4272//4914
f 4272//4914 4282//4924 4283//4925
f 4272//4914 4283//4925 4271//4913
f 4271//4913 4283//4925 4284//4926
f 4271//4913 4284//4926 4270//4912
f 4270//4912 4284//4926 4285//4927
f 4270//4912 4285//4927 3325//3962
f 3325//3962 4285//4927 3327//3964
f 3234//3871 3233//3870 4278//4920
f 4278//4920 3233//3870 4079//4721
f 4278//4920 4079//4721 4279//4921
f 4279//4921 4079//4721 4081//4723
f 4279//4921 4081//4723 4280//4922
f 4280//4922 4081//4723 4083//4725
f 4280//4922 4083//4725 4281//4923
f 4281//4923 4083//4725 4085//4727
f 4281//4923 4085//4727 4282//4924
f 4282//4924 4085//4727 4087//4729
f 4282//4924 4087//4729 4283//4925
f 4283//4925 4087//4729 4089//4731
f 4283//4925 4089//4731 4284//4926
f 4284//4926 4089//4731 4091//4733
f 4284//4926 4091//4733 4285//4927
f 4285//4927 4091//4733 4093//4735
f 4285//4927 4093//4735 3327//3964
f 3327//3964 4093//4735 3328//3965
f 3914//4556 3332//3969 4093//4735
f 4093//4735 3332//3969 3333//3970
f 4093//4735 3333//3970 3328//3965
f 3334//3971 3330//3967 4286//4928
f 4286//4928 3330//3967 3914//4556
f 4286//4928 3914//4556 4287//4929
f 4287//4929 3914//4556 4092//4734
f 4287//4929 4092//4734 4288//4930
f 4288//4930 4092//4734 4090//4732
f 4288//4930 4090//4732 4289//4931
f 4289//4931 4090//4732 4088//4730
f 4289//4931 4088//4730 4290//4932
f 4290//4932 4088//4730 4086//4728
f 4290//4932 4086//4728 4291//4933
f 4291//4933 4086//4728 4084//4726
f 4291//4933 4084//4726 4292//4934
f 4292//4934 4084//4726 4082//4724
f 4292//4934 4082//4724 4293//4935
f 4293//4935 4082//4724 4080//4722
f 4293//4935 4080//4722 3218//3855
f 3218//3855 4080//4722 3219//3856
f 3218//3855 3216//3854 4293//4935
f 4293//4935 3216//3854 4094//4736
f 4293//4935 4094//4736 4292//4934
f 4292//4934 4094//4736 4096//4738
f 4292//4934 4096//4738 4291//4933
f 4291//4933 4096//4738 4098//4740
f 4291//4933 4098//4740 4290//4932
f 4290//4932 4098//4740 4100//4742
f 4290//4932 4100//4742 4289//4931
f 4289//4931 4100//4742 4102//4744
f 4289//4931 4102//4744 4288//4930
f 4288//4930 4102//4744 4104//4746
f 4288//4930 4104//4746 4287//4929
f 4287//4929 4104//4746 4106//4748
f 4287//4929 4106//4748 4286//4928
f 4286//4928 4106//4748 4108//4750
f 4286//4928 4108//4750 3334//3971
f 3334//3971 4108//4750 3335//3972
f 3913//4555 3338//3975 4108//4750
f 4108//4750 3338//3975 3337//3974
f 4108//4750 3337//3974 3335//3972
f 3342//3979 3343//3980 3912//4554
f 3912//4554 3343//3980 3913//4555
f 3912//4554 3913//4555 4294//4936
f 4294//4936 3913//4555 4107//4749
f 4294//4936 4107//4749 4295//4937
f 4295//4937 4107//4749 4105//4747
f 4295//4937 4105//4747 4296//4938
f 4296//4938 4105//4747 4103//4745
f 4296//4938 4103//4745 4297//4939
f 4297//4939 4103//4745 4101//4743
f 4297//4939 4101//4743 4298//4940
f 4298//4940 4101//4743 4099//4741
f 4298//4940 4099//4741 4299//4941
f 4299//4941 4099//4741 4097//4739
f 4299//4941 4097//4739 4300//4942
f 4300//4942 4097//4739 4095//4737
f 4300//4942 4095//4737 3238//3875
f 3238//3875 4095//4737 3215//3853
f 3344//3981 3340//3977 4301//4943
f 4301//4943 3340//3977 3912//4554
f 4301//4943 3912//4554 4302//4944
f 4302//4944 3912//4554 4294//4936
f 4302//4944 4294//4936 4303//4945
f 4303//4945 4294//4936 4295//4937
f 4303//4945 4295//4937 4304//4946
f 4304//4946 4295//4937 4296//4938
f 4304//4946 4296//4938 4305//4947
f 4305//4947 4296//4938 4297//4939
f 4305//4947 4297//4939 4306//4948
f 4306//4948 4297//4939 4298//4940
f 4306//4948 4298//4940 4307//4949
f 4307//4949 4298//4940 4299//4941
f 4307//4949 4299//4941 4308//4950
f 4308//4950 4299//4941 4300//4942
f 4308//4950 4300//4942 3237//3874
f 3237//3874 4300//4942 3238//3875
f 3237//3874 3223//3860 4308//4950
f 4308//4950 3223//3860 4109//4751
f 4308//4950 4109//4751 4307//4949
f 4307//4949 4109//4751 4111//4753
f 4307//4949 4111//4753 4306//4948
f 4306//4948 4111//4753 4113//4755
f 4306//4948 4113//4755 4305//4947
f 4305//4947 4113//4755 4115//4757
f 4305//4947 4115//4757 4304//4946
f 4304//4946 4115//4757 4117//4759
f 4304//4946 4117//4759 4303//4945
f 4303//4945 4117//4759 4119//4761
f 4303//4945 4119//4761 4302//4944
f 4302//4944 4119//4761 4121//4763
f 4302//4944 4121//4763 4301//4943
f 4301//4943 4121//4763 4123//4765
f 4301//4943 4123//4765 3344//3981
f 3344//3981 4123//4765 3345//3982
f 3911//4553 3349//3986 4123//4765
f 4123//4765 3349//3986 3350//3987
f 4123//4765 3350//3987 3345//3982
f 3351//3988 3347//3984 4309//4951
f 4309//4951 3347//3984 3911//4553
f 4309//4951 3911//4553 4310//4952
f 4310//4952 3911//4553 4122//4764
f 4310//4952 4122//4764 4311//4953
f 4311//4953 4122//4764 4120//4762
f 4311//4953 4120//4762 4312//4954
f 4312//4954 4120//4762 4118//4760
f 4312//4954 4118//4760 4313//4955
f 4313//4955 4118//4760 4116//4758
f 4313//4955 4116//4758 4314//4956
f 4314//4956 4116//4758 4114//4756
f 4314//4956 4114//4756 4315//4957
f 4315//4957 4114//4756 4112//4754
f 4315//4957 4112//4754 4316//4958
f 4316//4958 4112//4754 4110//4752
f 4316//4958 4110//4752 3221//3858
f 3221//3858 4110//4752 3222//3859
f 3221//3858 3220//3857 4316//4958
f 4316//4958 3220//3857 4317//4959
f 4316//4958 4317//4959 4315//4957
f 4315//4957 4317//4959 4318//4960
f 4315//4957 4318//4960 4314//4956
f 4314//4956 4318//4960 4319//4961
f 4314//4956 4319//4961 4313//4955
f 4313//4955 4319//4961 4320//4962
f 4313//4955 4320//4962 4312//4954
f 4312//4954 4320//4962 4321//4963
f 4312//4954 4321//4963 4311//4953
f 4311//4953 4321//4963 4322//4964
f 4311//4953 4322//4964 4310//4952
f 4310//4952 4322//4964 4323//4965
f 4310//4952 4323//4965 4309//4951
f 4309//4951 4323//4965 3910//4552
f 4309//4951 3910//4552 3351//3988
f 3351//3988 3910//4552 3352//3989
f 3355//3992 3354//3991 4138//4780
f 4138//4780 3354//3991 3910//4552
f 4138//4780 3910//4552 4136//4778
f 4136//4778 3910//4552 4323//4965
f 4136//4778 4323//4965 4134//4776
f 4134//4776 4323//4965 4322//4964
f 4134//4776 4322//4964 4132//4774
f 4132//4774 4322//4964 4321//4963
f 4132//4774 4321//4963 4130//4772
f 4130//4772 4321//4963 4320//4962
f 4130//4772 4320//4962 4128//4770
f 4128//4770 4320//4962 4319//4961
f 4128//4770 4319//4961 4126//4768
f 4126//4768 4319//4961 4318//4960
f 4126//4768 4318//4960 4124//4766
f 4124//4766 4318//4960 4317//4959
f 4124//4766 4317//4959 3190//3831
f 3190//3831 4317//4959 3220//3857
f 3909//4551 3359//3996 4138//4780
f 4138//4780 3359//3996 3360//3997
f 4138//4780 3360//3997 3355//3992
f 3361//3998 3357//3994 4324//4966
f 4324//4966 3357//3994 3909//4551
f 4324//4966 3909//4551 4325//4967
f 4325//4967 3909//4551 4137//4779
f 4325//4967 4137//4779 4326//4968
f 4326//4968 4137//4779 4135//4777
f 4326//4968 4135//4777 4327//4969
f 4327//4969 4135//4777 4133//4775
f 4327//4969 4133//4775 4328//4970
f 4328//4970 4133//4775 4131//4773
f 4328//4970 4131//4773 4329//4971
f 4329//4971 4131//4773 4129//4771
f 4329//4971 4129//4771 4330//4972
f 4330//4972 4129//4771 4127//4769
f 4330//4972 4127//4769 4331//4973
f 4331//4973 4127//4769 4125//4767
f 4331//4973 4125//4767 3188//3829
f 3188//3829 4125//4767 3189//3830
f 3188//3829 3187//3828 4331//4973
f 4331//4973 3187//3828 4139//4781
f 4331//4973 4139//4781 4330//4972
f 4330//4972 4139//4781 4141//4783
f 4330//4972 4141//4783 4329//4971
f 4329//4971 4141//4783 4143//4785
f 4329//4971 4143//4785 4328//4970
f 4328//4970 4143//4785 4145//4787
f 4328//4970 4145//4787 4327//4969
f 4327//4969 4145//4787 4147//4789
f 4327//4969 4147//4789 4326//4968
f 4326//4968 4147//4789 4149//4791
f 4326//4968 4149//4791 4325//4967
f 4325//4967 4149//4791 4151//4793
f 4325//4967 4151//4793 4324//4966
f 4324//4966 4151//4793 4153//4795
f 4324//4966 4153//4795 3361//3998
f 3361//3998 4153//4795 3362//3999
f 3908//4550 3365//4002 4153//4795
f 4153//4795 3365//4002 3364//4001
f 4153//4795 3364//4001 3362//3999
f 3368//4005 3367//4004 4332//4974
f 4332//4974 3367//4004 3908//4550
f 4332//4974 3908//4550 4333//4975
f 4333//4975 3908//4550 4152//4794
f 4333//4975 4152//4794 4334//4976
f 4334//4976 4152//4794 4150//4792
f 4334//4976 4150//4792 4335//4977
f 4335//4977 4150//4792 4148//4790
f 4335//4977 4148//4790 4336//4978
f 4336//4978 4148//4790 4146//4788
f 4336//4978 4146//4788 4337//4979
f 4337//4979 4146//4788 4144//4786
f 4337//4979 4144//4786 4338//4980
f 4338//4980 4144//4786 4142//4784
f 4338//4980 4142//4784 4339//4981
f 4339//4981 4142//4784 4140//4782
f 4339//4981 4140//4782 3193//3834
f 3193//3834 4140//4782 3186//3827
f 3193//3834 3192//3833 4339//4981
f 4339//4981 3192//3833 4154//4796
f 4339//4981 4154//4796 4338//4980
f 4338//4980 4154//4796 4155//4797
f 4338//4980 4155//4797 4337//4979
f 4337//4979 4155//4797 4156//4798
f 4337//4979 4156//4798 4336//4978
f 4336//4978 4156//4798 4157//4799
f 4336//4978 4157//4799 4335//4977
f 4335//4977 4157//4799 4158//4800
f 4335//4977 4158//4800 4334//4976
f 4334//4976 4158//4800 4159//4801
f 4334//4976 4159//4801 4333//4975
f 4333//4975 4159//4801 4160//4802
f 4333//4975 4160//4802 4332//4974
f 4332//4974 4160//4802 4161//4803
f 4332//4974 4161//4803 3368//4005
f 3368//4005 4161//4803 3369//4006
f 4340//4982 3185//4982 4341//4982
f 4341//4982 3185//4982 3217//4982
f 4341//4982 3217//4982 4342//4982
f 4343//4983 3182//4983 4344//4983
f 4344//4983 3182//4983 3185//4983
f 4344//4983 3185//4983 4340//4983
f 4345//4984 3199//4984 4346//4984
f 4346//4984 3199//4984 3182//4984
f 4346//4984 3182//4984 4343//4984
f 4347//4985 3196//4985 4348//4985
f 4348//4985 3196//4985 3199//4985
f 4348//4985 3199//4985 4345//4985
f 4349//4986 3204//4986 4350//4986
f 4350//4986 3204//4986 3196//4986
f 4350//4986 3196//4986 4347//4986
f 4342//4987 3217//4987 4351//4987
f 4351//4987 3217//4987 3204//4987
f 4351//4987 3204//4987 4349//4987
f 4348//3824 4352//3824 4347//3824
f 4347//3824 4352//3824 4353//3824
f 4347//3824 4353//3824 4354//3824
f 4354//3824 4355//3824 4347//3824
f 4347//3824 4355//3824 4356//3824
f 4347//3824 4356//3824 4350//3824
f 4357//3824 4348//3824 4345//3824
f 4346//3824 4358//3824 4345//3824
f 4345//3824 4358//3824 4359//3824
f 4359//3824 4360//3824 4345//3824
f 4345//3824 4360//3824 4361//3824
f 4345//3824 4361//3824 4357//3824
f 4344//3824 4362//3824 4343//3824
f 4343//3824 4362//3824 4363//3824
f 4343//3824 4363//3824 4364//3824
f 4364//3824 4365//3824 4343//3824
f 4343//3824 4365//3824 4366//3824
f 4343//3824 4366//3824 4346//3824
f 4340//3824 4341//3824 4367//3824
f 4344//3824 4340//3824 4368//3824
f 4368//3824 4340//3824 4369//3824
f 4367//3824 4370//3824 4340//3824
f 4340//3824 4370//3824 4371//3824
f 4340//3824 4371//3824 4369//3824
f 4351//3824 4372//3824 4342//3824
f 4342//3824 4372//3824 4373//3824
f 4342//3824 4373//3824 4374//3824
f 4374//3824 4375//3824 4342//3824
f 4342//3824 4375//3824 4376//3824
f 4342//3824 4376//3824 4341//3824
f 4350//3824 4377//3824 4349//3824
f 4349//3824 4377//3824 4378//3824
f 4349//3824 4378//3824 4379//3824
f 4379//3824 4380//3824 4349//3824
f 4349//3824 4380//3824 4381//3824
f 4349//3824 4381//3824 4351//3824
f 4382//3824 4368//4988 4369//4989
f 4344//4990 4368//4988 4382//3824
f 4382//3824 4370//4991 4367//4992
f 4371//4993 4370//4991 4382//3824
f 4369//4989 4371//4993 4382//3824
f 4382//3824 4376//4994 4375//4995
f 4341//4996 4376//4994 4382//3824
f 4367//4992 4341//4996 4382//3824
f 4382//3824 4373//4997 4372//4998
f 4374//4999 4373//4997 4382//3824
f 4375//4995 4374//4999 4382//3824
f 4382//3824 4381//5000 4380//5001
f 4351//5002 4381//5000 4382//3824
f 4372//4998 4351//5002 4382//3824
f 4382//3824 4378//5003 4377//5004
f 4379//5005 4378//5003 4382//3824
f 4380//5001 4379//5005 4382//3824
f 4382//3824 4356//5006 4355//5007
f 4350//5008 4356//5006 4382//3824
f 4377//5004 4350//5008 4382//3824
f 4382//3824 4353//5009 4352//5010
f 4354//5011 4353//5009 4382//3824
f 4355//5007 4354//5011 4382//3824
f 4382//3824 4357//5012 4361//5013
f 4348//5014 4357//5012 4382//3824
f 4352//5010 4348//5014 4382//3824
f 4382//3824 4359//5015 4358//5016
f 4360//5017 4359//5015 4382//3824
f 4361//5013 4360//5017 4382//3824
f 4382//3824 4366//5018 4365//5019
f 4346//5020 4366//5018 4382//3824
f 4358//5016 4346//5020 4382//3824
f 4382//3824 4363//5021 4362//5022
f 4364//5023 4363//5021 4382//3824
f 4365//5019 4364//5023 4382//3824
f 4362//5022 4344//4990 4382//3824
f 4383//5024 4384//4007 4385//5025
f 4385//5025 4384//4007 4386//5026
f 4387//4007 4388//5027 4389//5028
f 4389//5028 4390//5029 4387//4007
f 4387//4007 4390//5029 4391//5030
f 4387//4007 4391//5030 4392//5031
f 4383//5024 4393//5032 4384//4007
f 4384//4007 4393//5032 4394//5033
f 4384//4007 4394//5033 4387//4007
f 4387//4007 4394//5033 4395//5034
f 4387//4007 4395//5034 4388//5027
f 4396//5035 4397//5036 4398//4007
f 4398//4007 4397//5036 4399//5037
f 4400//5038 4401//4007 4402//5039
f 4402//5039 4401//4007 4403//5040
f 4404//5041 4405//5042 4406//4007
f 4406//4007 4405//5042 4407//5043
f 4400//5038 4408//5044 4401//4007
f 4401//4007 4408//5044 4409//5045
f 4401//4007 4409//5045 4410//5046
f 4411//5047 4412//5048 4384//4007
f 4384//4007 4412//5048 4413//5049
f 4384//4007 4413//5049 4386//5026
f 4414//5050 4415//5051 4398//4007
f 4398//4007 4415//5051 4416//5052
f 4398//4007 4416//5052 4396//5035
f 4417//5053 4418//5054 4419//4007
f 4419//4007 4418//5054 4420//5055
f 4419//4007 4420//5055 4421//5056
f 4392//5031 4422//5057 4387//4007
f 4387//4007 4422//5057 4423//5058
f 4387//4007 4423//5058 4419//4007
f 4419//4007 4423//5058 4424//5059
f 4419//4007 4424//5059 4425//5060
f 4410//5046 4426//5061 4401//4007
f 4401//4007 4426//5061 4427//5062
f 4401//4007 4427//5062 4384//4007
f 4384//4007 4427//5062 4428//5063
f 4384//4007 4428//5063 4411//5047
f 4399//5037 4429//5064 4398//4007
f 4398//4007 4429//5064 4430//5065
f 4398//4007 4430//5065 4401//4007
f 4401//4007 4430//5065 4431//5066
f 4401//4007 4431//5066 4403//5040
f 4407//5043 4432//5067 4406//4007
f 4406//4007 4432//5067 4433//5068
f 4406//4007 4433//5068 4398//4007
f 4398//4007 4433//5068 4434//5069
f 4398//4007 4434//5069 4414//5050
f 4421//5056 4435//5070 4419//4007
f 4419//4007 4435//5070 4436//5071
f 4419//4007 4436//5071 4406//4007
f 4406//4007 4436//5071 4437//5072
f 4406//4007 4437//5072 4438//5073
f 4425//5060 4439//5074 4419//4007
f 4419//4007 4439//5074 4440//5075
f 4419//4007 4440//5075 4417//5053
f 4438//5073 4441//5076 4406//4007
f 4406//4007 4441//5076 4442//5077
f 4406//4007 4442//5077 4404//5041
f 4443//5078 4444//5079 4445//5080
f 4446//5081 4447//5082 4448//5083
f 4448//5083 4447//5082 4444//5079
f 4448//5083 4444//5079 4449//5084
f 4449//5084 4444//5079 4443//5078
f 4446//5081 4450//5085 4447//5082
f 4447//5082 4450//5085 4451//5086
f 4447//5082 4451//5086 4452//5087
f 4451//5086 4453//5088 4452//5087
f 4452//5087 4453//5088 4454//5089
f 4452//5087 4454//5089 4455//5090
f 4456//5091 4457//5092 4458//5093
f 4458//5093 4457//5092 4455//5090
f 4458//5093 4455//5090 4459//5094
f 4459//5094 4455//5090 4454//5089
f 4456//5091 4460//5095 4457//5092
f 4457//5092 4460//5095 4461//5096
f 4457//5092 4461//5096 4462//5097
f 4463//5098 4464//5099 4465//5100
f 4465//5100 4464//5099 4462//5097
f 4465//5100 4462//5097 4466//5101
f 4466//5101 4462//5097 4461//5096
f 4463//5098 4467//5102 4464//5099
f 4464//5099 4467//5102 4468//5103
f 4464//5099 4468//5103 4469//5104
f 4468//5103 4470//5105 4469//5104
f 4469//5104 4470//5105 4471//5106
f 4469//5104 4471//5106 4472//5107
f 4473//5108 4474//5109 4475//5110
f 4475//5110 4474//5109 4472//5107
f 4475//5110 4472//5107 4476//5111
f 4476//5111 4472//5107 4471//5106
f 4473//5108 4477//5112 4474//5109
f 4474//5109 4477//5112 4478//5113
f 4474//5109 4478//5113 4479//5114
f 4478//5113 4480//5115 4479//5114
f 4479//5114 4480//5115 4481//5116
f 4479//5114 4481//5116 4482//5117
f 4481//5116 4483//5118 4482//5117
f 4482//5117 4483//5118 4484//5119
f 4482//5117 4484//5119 4485//5120
f 4484//5119 4486//5121 4485//5120
f 4485//5120 4486//5121 4487//5122
f 4485//5120 4487//5122 4488//5123
f 4489//5124 4490//5125 4491//5126
f 4491//5126 4490//5125 4488//5123
f 4491//5126 4488//5123 4492//5127
f 4492//5127 4488//5123 4487//5122
f 4489//5124 4493//5128 4490//5125
f 4490//5125 4493//5128 4494//5129
f 4490//5125 4494//5129 4495//5130
f 4494//5129 4496//5131 4495//5130
f 4495//5130 4496//5131 4497//5132
f 4495//5130 4497//5132 4498//5133
f 4499//5134 4500//5135 4501//5136
f 4501//5136 4500//5135 4498//5133
f 4501//5136 4498//5133 4502//5137
f 4502//5137 4498//5133 4497//5132
f 4499//5134 4503//5138 4500//5135
f 4500//5135 4503//5138 4504//5139
f 4500//5135 4504//5139 4505//5140
f 4506//5141 4507//5142 4508//5143
f 4508//5143 4507//5142 4505//5140
f 4508//5143 4505//5140 4509//5144
f 4509//5144 4505//5140 4504//5139
f 4506//5141 4510//5145 4507//5142
f 4507//5142 4510//5145 4511//5146
f 4507//5142 4511//5146 4512//5147
f 4511//5146 4513//5148 4512//5147
f 4512//5147 4513//5148 4514//5149
f 4512//5147 4514//5149 4515//5150
f 4516//5151 4517//5152 4518//5153
f 4518//5153 4517//5152 4515//5150
f 4518//5153 4515//5150 4519//5154
f 4519//5154 4515//5150 4514//5149
f 4516//5151 4520//5155 4517//5152
f 4517//5152 4520//5155 4521//5156
f 4517//5152 4521//5156 4522//5157
f 4521//5156 4523//5158 4522//5157
f 4522//5157 4523//5158 4524//5159
f 4522//5157 4524//5159 4525//5160
f 4524//5159 4526//5161 4525//5160
f 4525//5160 4526//5161 4527//5162
f 4525//5160 4527//5162 4528//5163
f 4527//5162 4529//5164 4528//5163
f 4528//5163 4529//5164 4530//5165
f 4528//5163 4530//5165 4531//5166
f 4532//5167 4533//5168 4534//5169
f 4534//5169 4533//5168 4531//5166
f 4534//5169 4531//5166 4535//5170
f 4535//5170 4531//5166 4530//5165
f 4532//5167 4536//5171 4533//5168
f 4533//5168 4536//5171 4537//5172
f 4533//5168 4537//5172 4538//5173
f 4537//5172 4539//5174 4538//5173
f 4538//5173 4539//5174 4540//5175
f 4538//5173 4540//5175 4541//5176
f 4542//5177 4543//5178 4544//5179
f 4544//5179 4543//5178 4541//5176
f 4544//5179 4541//5176 4545//5180
f 4545//5180 4541//5176 4540//5175
f 4542//5177 4546//5181 4543//5178
f 4543//5178 4546//5181 4547//5182
f 4543//5178 4547//5182 4548//5183
f 4549//5184 4550//5185 4551//5186
f 4551//5186 4550//5185 4548//5183
f 4551//5186 4548//5183 4552//5187
f 4552//5187 4548//5183 4547//5182
f 4549//5184 4553//5188 4550//5185
f 4550//5185 4553//5188 4554//5189
f 4550//5185 4554//5189 4555//5190
f 4554//5189 4556//5191 4555//5190
f 4555//5190 4556//5191 4557//5192
f 4555//5190 4557//5192 4558//5193
f 4559//5194 4560//5195 4561//5196
f 4561//5196 4560//5195 4558//5193
f 4561//5196 4558//5193 4562//5197
f 4562//5197 4558//5193 4557//5192
f 4559//5194 4563//5198 4560//5195
f 4560//5195 4563//5198 4564//5199
f 4560//5195 4564//5199 4565//5200
f 4564//5199 4566//5201 4565//5200
f 4565//5200 4566//5201 4567//5202
f 4565//5200 4567//5202 4568//5203
f 4567//5202 4569//5204 4568//5203
f 4568//5203 4569//5204 4570//5205
f 4568//5203 4570//5205 4445//5080
f 4445//5080 4570//5205 4571//5206
f 4445//5080 4571//5206 4443//5078
f 4505//3824 4572//5207 4500//3824
f 4500//3824 4572//5207 4573//5208
f 4500//3824 4573//5208 4498//3824
f 4498//3824 4573//5208 4574//5209
f 4498//3824 4574//5209 4495//3824
f 4495//3824 4574//5209 4575//5210
f 4495//3824 4575//5210 4490//3824
f 4490//3824 4575//5210 4576//5211
f 4490//3824 4576//5211 4488//3824
f 4488//3824 4576//5211 4577//5212
f 4488//3824 4577//5212 4485//3824
f 4485//3824 4577//5212 4578//5213
f 4485//3824 4578//5213 4482//3824
f 4482//3824 4578//5213 4579//5214
f 4482//3824 4579//5214 4479//3824
f 4479//3824 4579//5214 4580//5215
f 4479//3824 4580//5215 4474//3824
f 4580//5215 4581//5216 4474//3824
f 4474//3824 4581//5216 4582//5217
f 4474//3824 4582//5217 4472//3824
f 4472//3824 4582//5217 4583//5218
f 4472//3824 4583//5218 4469//3824
f 4469//3824 4583//5218 4584//5219
f 4469//3824 4584//5219 4464//3824
f 4464//3824 4584//5219 4585//5220
f 4464//3824 4585//5220 4462//3824
f 4462//3824 4585//5220 4586//5221
f 4462//3824 4586//5221 4457//3824
f 4457//3824 4586//5221 4587//5222
f 4457//3824 4587//5222 4455//3824
f 4455//3824 4587//5222 4588//5223
f 4455//3824 4588//5223 4452//3824
f 4452//3824 4588//5223 4589//5224
f 4452//3824 4589//5224 4447//3824
f 4447//3824 4589//5224 4590//5225
f 4447//3824 4590//5225 4444//3824
f 4444//3824 4590//5225 4591//5226
f 4444//3824 4591//5226 4445//3824
f 4538//3824 4592//5227 4533//3824
f 4533//3824 4592//5227 4593//5228
f 4533//3824 4593//5228 4531//3824
f 4531//3824 4593//5228 4594//5229
f 4531//3824 4594//5229 4528//3824
f 4528//3824 4594//5229 4595//5230
f 4528//3824 4595//5230 4525//3824
f 4525//3824 4595//5230 4596//5231
f 4525//3824 4596//5231 4522//3824
f 4522//3824 4596//5231 4597//5232
f 4522//3824 4597//5232 4517//3824
f 4517//3824 4597//5232 4598//5233
f 4517//3824 4598//5233 4515//3824
f 4515//3824 4598//5233 4599//5234
f 4515//3824 4599//5234 4512//3824
f 4512//3824 4599//5234 4600//5235
f 4512//3824 4600//5235 4507//3824
f 4507//3824 4600//5235 4601//5236
f 4507//3824 4601//5236 4505//3824
f 4505//3824 4601//5236 4602//5237
f 4505//3824 4602//5237 4572//5207
f 4591//5226 4603//5238 4445//3824
f 4445//3824 4603//5238 4604//5239
f 4445//3824 4604//5239 4568//3824
f 4568//3824 4604//5239 4605//5240
f 4568//3824 4605//5240 4565//3824
f 4565//3824 4605//5240 4606//5241
f 4565//3824 4606//5241 4560//3824
f 4560//3824 4606//5241 4607//5242
f 4560//3824 4607//5242 4558//3824
f 4558//3824 4607//5242 4608//5243
f 4558//3824 4608//5243 4555//3824
f 4555//3824 4608//5243 4609//5244
f 4555//3824 4609//5244 4550//3824
f 4550//3824 4609//5244 4610//5245
f 4550//3824 4610//5245 4548//3824
f 4548//3824 4610//5245 4611//5246
f 4548//3824 4611//5246 4543//3824
f 4543//3824 4611//5246 4612//5247
f 4543//3824 4612//5247 4541//3824
f 4541//3824 4612//5247 4613//5248
f 4541//3824 4613//5248 4538//3824
f 4538//3824 4613//5248 4614//5249
f 4538//3824 4614//5249 4592//5227
f 4615//5250 4616//5251 4617//5252
f 4617//5252 4616//5251 4618//5253
f 4617//5252 4618//5253 4619//5254
f 4618//5253 4620//5255 4619//5254
f 4619//5254 4620//5255 4621//5256
f 4619//5254 4621//5256 4622//5257
f 4622//5257 4621//5256 4623//5258
f 4622//5257 4623//5258 4624//5259
f 4624//5259 4625//5260 4622//5257
f 4622//5257 4625//5260 4626//5261
f 4622//5257 4626//5261 4627//5262
f 4626//5261 4628//5263 4627//5262
f 4627//5262 4628//5263 4629//5264
f 4627//5262 4629//5264 4630//5265
f 4629//5264 4631//5266 4630//5265
f 4630//5265 4631//5266 4632//5267
f 4630//5265 4632//5267 4633//5268
f 4632//5267 4634//5269 4633//5268
f 4633//5268 4634//5269 4635//5270
f 4633//5268 4635//5270 4636//5271
f 4636//5271 4635//5270 4637//5272
f 4636//5271 4637//5272 4638//5273
f 4638//5273 4637//5272 4639//5274
f 4638//5273 4639//5274 4640//5275
f 4640//5275 4641//5276 4638//5273
f 4638//5273 4641//5276 4642//5277
f 4638//5273 4642//5277 4643//5278
f 4642//5277 4644//5279 4643//5278
f 4643//5278 4644//5279 4645//5280
f 4643//5278 4645//5280 4646//5281
f 4645//5280 4647//5282 4646//5281
f 4646//5281 4647//5282 4648//5283
f 4646//5281 4648//5283 4649//5284
f 4648//5283 4650//5285 4649//5284
f 4649//5284 4650//5285 4651//5286
f 4649//5284 4651//5286 4652//5287
f 4652//5287 4651//5286 4653//5288
f 4652//5287 4653//5288 4654//5289
f 4654//5289 4653//5288 4655//5290
f 4654//5289 4655//5290 4656//5291
f 4656//5291 4657//5292 4654//5289
f 4654//5289 4657//5292 4658//5293
f 4654//5289 4658//5293 4659//5294
f 4658//5293 4660//5295 4659//5294
f 4659//5294 4660//5295 4661//5296
f 4659//5294 4661//5296 4662//5297
f 4661//5296 4663//5298 4662//5297
f 4662//5297 4663//5298 4664//5299
f 4662//5297 4664//5299 4665//5300
f 4664//5299 4666//5301 4665//5300
f 4665//5300 4666//5301 4667//5302
f 4665//5300 4667//5302 4668//5303
f 4668//5303 4667//5302 4669//5304
f 4668//5303 4669//5304 4670//5305
f 4670//5305 4669//5304 4671//5306
f 4671//5306 4672//5307 4670//5305
f 4670//5305 4672//5307 4673//5308
f 4670//5305 4673//5308 4674//5309
f 4673//5308 4675//5310 4674//5309
f 4674//5309 4675//5310 4676//5311
f 4674//5309 4676//5311 4677//5312
f 4676//5311 4678//5313 4677//5312
f 4677//5312 4678//5313 4679//5314
f 4677//5312 4679//5314 4680//5315
f 4679//5314 4681//5316 4680//5315
f 4680//5315 4681//5316 4682//5317
f 4680//5315 4682//5317 4683//5318
f 4683//5318 4682//5317 4684//5319
f 4683//5318 4684//5319 4685//5320
f 4684//5319 4686//5321 4685//5320
f 4685//5320 4686//5321 4687//5322
f 4685//5320 4687//5322 4688//5323
f 4688//5323 4687//5322 4689//5324
f 4688//5323 4689//5324 4690//5325
f 4690//5325 4691//5326 4688//5323
f 4688//5323 4691//5326 4692//5327
f 4688//5323 4692//5327 4693//5328
f 4692//5327 4694//5329 4693//5328
f 4693//5328 4694//5329 4695//5330
f 4693//5328 4695//5330 4696//5331
f 4695//5330 4697//5332 4696//5331
f 4696//5331 4697//5332 4698//5333
f 4696//5331 4698//5333 4699//5334
f 4699//5334 4698//5333 4700//5335
f 4699//5334 4700//5335 4701//5336
f 4700//5335 4702//5337 4701//5336
f 4701//5336 4702//5337 4703//5338
f 4701//5336 4703//5338 4704//5339
f 4704//5339 4703//5338 4705//5340
f 4704//5339 4705//5340 4706//5341
f 4706//5341 4707//5342 4704//5339
f 4704//5339 4707//5342 4708//5343
f 4704//5339 4708//5343 4709//5344
f 4708//5343 4710//5345 4709//5344
f 4709//5344 4710//5345 4711//5346
f 4709//5344 4711//5346 4712//5347
f 4711//5346 4713//5348 4712//5347
f 4712//5347 4713//5348 4714//5349
f 4712//5347 4714//5349 4715//5350
f 4715//5350 4714//5349 4716//5351
f 4715//5350 4716//5351 4717//5352
f 4716//5351 4718//5353 4717//5352
f 4717//5352 4718//5353 4719//5354
f 4717//5352 4719//5354 4720//5355
f 4720//5355 4719//5354 4721//5356
f 4720//5355 4721//5356 4722//5357
f 4722//5357 4723//5358 4720//5355
f 4720//5355 4723//5358 4724//5359
f 4720//5355 4724//5359 4725//5360
f 4724//5359 4726//5361 4725//5360
f 4725//5360 4726//5361 4727//5362
f 4725//5360 4727//5362 4615//5250
f 4615//5250 4727//5362 4728//5363
f 4615//5250 4728//5363 4616//5251
f 4615//5364 4729//5365 4725//5365
f 4725//5365 4729//5365 4730//5366
f 4725//5365 4730//5366 4720//5366
f 4720//5366 4730//5366 4731//5367
f 4720//5366 4731//5367 4717//5367
f 4717//5367 4731//5367 4732//5368
f 4717//5367 4732//5368 4715//5368
f 4715//5368 4732//5368 4733//5369
f 4715//5368 4733//5369 4712//5369
f 4712//5369 4733//5369 4734//5370
f 4712//5369 4734//5370 4709//5370
f 4709//5370 4734//5370 4735//5371
f 4709//5370 4735//5371 4704//5371
f 4704//5371 4735//5371 4736//5372
f 4704//5371 4736//5372 4701//5372
f 4701//5372 4736//5372 4737//5373
f 4701//5372 4737//5373 4699//5374
f 4699//5374 4737//5373 4738//5375
f 4699//5374 4738//5375 4696//5375
f 4696//5375 4738//5375 4739//5376
f 4696//5375 4739//5376 4693//5376
f 4693//5376 4739//5376 4740//5377
f 4693//5376 4740//5377 4688//5377
f 4688//5377 4740//5377 4741//5378
f 4688//5377 4741//5378 4685//5378
f 4685//5378 4741//5378 4742//5379
f 4685//5378 4742//5379 4683//5379
f 4683//5379 4742//5379 4743//5380
f 4683//5379 4743//5380 4680//5380
f 4680//5380 4743//5380 4744//5381
f 4680//5380 4744//5381 4677//5381
f 4677//5381 4744//5381 4745//5382
f 4677//5381 4745//5382 4674//5382
f 4674//5382 4745//5382 4746//5383
f 4674//5382 4746//5383 4670//5384
f 4670//5384 4746//5383 4747//5385
f 4670//5384 4747//5385 4668//5385
f 4668//5385 4747//5385 4748//5386
f 4668//5385 4748//5386 4665//5386
f 4665//5386 4748//5386 4749//5387
f 4665//5386 4749//5387 4662//5387
f 4662//5387 4749//5387 4750//5388
f 4662//5387 4750//5388 4659//5388
f 4659//5388 4750//5388 4751//5389
f 4659//5388 4751//5389 4654//5389
f 4654//5389 4751//5389 4752//5390
f 4654//5389 4752//5390 4652//5390
f 4652//5390 4752//5390 4753//5391
f 4652//5390 4753//5391 4649//5391
f 4649//5391 4753//5391 4754//5392
f 4649//5391 4754//5392 4646//5392
f 4646//5392 4754//5392 4755//5393
f 4646//5392 4755//5393 4643//5394
f 4643//5394 4755//5393 4756//5395
f 4643//5394 4756//5395 4638//5395
f 4638//5395 4756//5395 4757//5396
f 4638//5395 4757//5396 4636//5396
f 4636//5396 4757//5396 4758//5397
f 4636//5396 4758//5397 4633//5397
f 4633//5397 4758//5397 4759//5398
f 4633//5397 4759//5398 4630//5398
f 4630//5398 4759//5398 4760//5399
f 4630//5398 4760//5399 4627//5399
f 4627//5399 4760//5399 4761//5400
f 4627//5399 4761//5400 4622//5400
f 4622//5400 4761//5400 4762//5401
f 4622//5400 4762//5401 4619//5401
f 4619//5401 4762//5401 4763//5402
f 4619//5401 4763//5402 4617//5402
f 4617//5402 4763//5402 4764//5403
f 4617//5402 4764//5403 4615//5364
f 4615//5364 4764//5403 4729//5365
f 4730//3824 4729//3824 4765//3824
f 4765//3824 4729//3824 4764//3824
f 4765//3824 4764//3824 4763//3824
f 4733//3824 4732//3824 4765//3824
f 4765//3824 4732//3824 4731//3824
f 4765//3824 4731//3824 4730//3824
f 4736//3824 4735//3824 4765//3824
f 4765//3824 4735//3824 4734//3824
f 4765//3824 4734//3824 4733//3824
f 4739//3824 4738//3824 4765//3824
f 4765//3824 4738//3824 4737//3824
f 4765//3824 4737//3824 4736//3824
f 4742//3824 4741//3824 4765//3824
f 4765//3824 4741//3824 4740//3824
f 4765//3824 4740//3824 4739//3824
f 4745//3824 4744//3824 4765//3824
f 4765//3824 4744//3824 4743//3824
f 4765//3824 4743//3824 4742//3824
f 4748//3824 4747//3824 4765//3824
f 4765//3824 4747//3824 4746//3824
f 4765//3824 4746//3824 4745//3824
f 4751//3824 4750//3824 4765//3824
f 4765//3824 4750//3824 4749//3824
f 4765//3824 4749//3824 4748//3824
f 4754//3824 4753//3824 4765//3824
f 4765//3824 4753//3824 4752//3824
f 4765//3824 4752//3824 4751//3824
f 4757//3824 4756//3824 4765//3824
f 4765//3824 4756//3824 4755//3824
f 4765//3824 4755//3824 4754//3824
f 4760//3824 4759//3824 4765//3824
f 4765//3824 4759//3824 4758//3824
f 4765//3824 4758//3824 4757//3824
f 4763//3824 4762//3824 4765//3824
f 4765//3824 4762//3824 4761//3824
f 4765//3824 4761//3824 4760//3824
f 4766//5404 4767//5405 4669//5304
f 4669//5304 4667//5302 4766//5404
f 4766//5404 4667//5302 4666//5301
f 4766//5404 4666//5301 4768//5406
f 4666//5301 4664//5299 4768//5406
f 4768//5406 4664//5299 4663//5298
f 4768//5406 4663//5298 4769//5407
f 4769//5407 4663//5298 4661//5296
f 4769//5407 4661//5296 4770//5408
f 4661//5296 4660//5295 4770//5408
f 4770//5408 4660//5295 4658//5293
f 4770//5408 4658//5293 4771//5409
f 4658//5293 4657//5292 4771//5409
f 4771//5409 4657//5292 4656//5291
f 4771//5409 4656//5291 4772//5410
f 4656//5291 4655//5290 4772//5410
f 4772//5410 4655//5290 4653//5288
f 4772//5410 4653//5288 4773//5411
f 4653//5288 4651//5286 4773//5411
f 4773//5411 4651//5286 4650//5285
f 4773//5411 4650//5285 4774//5412
f 4650//5285 4648//5283 4774//5412
f 4774//5412 4648//5283 4647//5282
f 4774//5412 4647//5282 4775//5413
f 4775//5413 4647//5282 4645//5280
f 4775//5413 4645//5280 4776//5414
f 4645//5280 4644//5279 4776//5414
f 4776//5414 4644//5279 4642//5277
f 4776//5414 4642//5277 4777//5415
f 4642//5277 4641//5276 4777//5415
f 4777//5415 4641//5276 4640//5275
f 4777//5415 4640//5275 4778//5416
f 4640//5275 4639//5274 4778//5416
f 4778//5416 4639//5274 4637//5272
f 4778//5416 4637//5272 4779//5417
f 4637//5272 4635//5270 4779//5417
f 4779//5417 4635//5270 4634//5269
f 4779//5417 4634//5269 4780//5418
f 4634//5269 4632//5267 4780//5418
f 4780//5418 4632//5267 4631//5266
f 4780//5418 4631//5266 4781//5419
f 4781//5419 4631//5266 4629//5264
f 4781//5419 4629//5264 4782//5420
f 4629//5264 4628//5263 4782//5420
f 4782//5420 4628//5263 4626//5261
f 4782//5420 4626//5261 4783//5421
f 4626//5261 4625//5260 4783//5421
f 4783//5421 4625//5260 4624//5259
f 4783//5421 4624//5259 4784//5422
f 4624//5259 4623//5258 4784//5422
f 4784//5422 4623//5258 4621//5256
f 4784//5422 4621//5256 4785//5423
f 4621//5256 4620//5255 4785//5423
f 4785//5423 4620//5255 4618//5253
f 4785//5423 4618//5253 4786//5424
f 4618//5253 4616//5251 4786//5424
f 4786//5424 4616//5251 4728//5363
f 4786//5424 4728//5363 4787//5425
f 4787//5425 4728//5363 4727//5362
f 4787//5425 4727//5362 4788//5426
f 4727//5362 4726//5361 4788//5426
f 4788//5426 4726//5361 4724//5359
f 4788//5426 4724//5359 4789//5427
f 4724//5359 4723//5358 4789//5427
f 4789//5427 4723//5358 4722//5357
f 4789//5427 4722//5357 4790//5428
f 4722//5357 4721//5356 4790//5428
f 4790//5428 4721//5356 4719//5354
f 4790//5428 4719//5354 4791//5429
f 4719//5354 4718//5353 4791//5429
f 4791//5429 4718//5353 4716//5351
f 4791//5429 4716//5351 4792//5430
f 4716//5351 4714//5349 4792//5430
f 4792//5430 4714//5349 4713//5348
f 4792//5430 4713//5348 4793//5431
f 4793//5431 4713//5348 4711//5346
f 4793//5431 4711//5346 4794//5432
f 4711//5346 4710//5345 4794//5432
f 4794//5432 4710//5345 4708//5343
f 4794//5432 4708//5343 4795//5433
f 4708//5343 4707//5342 4795//5433
f 4795//5433 4707//5342 4706//5341
f 4795//5433 4706//5341 4796//5434
f 4706//5341 4705//5340 4796//5434
f 4796//5434 4705//5340 4703//5338
f 4796//5434 4703//5338 4797//5435
f 4703//5338 4702//5337 4797//5435
f 4797//5435 4702//5337 4700//5335
f 4797//5435 4700//5335 4798//5436
f 4700//5335 4698//5333 4798//5436
f 4798//5436 4698//5333 4697//5332
f 4798//5436 4697//5332 4799//5437
f 4697//5332 4695//5330 4799//5437
f 4799//5437 4695//5330 4694//5329
f 4799//5437 4694//5329 4800//5438
f 4800//5438 4694//5329 4692//5327
f 4800//5438 4692//5327 4801//5439
f 4692//5327 4691//5326 4801//5439
f 4801//5439 4691//5326 4690//5325
f 4801//5439 4690//5325 4802//5440
f 4690//5325 4689//5324 4802//5440
f 4802//5440 4689//5324 4687//5322
f 4802//5440 4687//5322 4803//5441
f 4687//5322 4686//5321 4803//5441
f 4803//5441 4686//5321 4684//5319
f 4803//5441 4684//5319 4804//5442
f 4684//5319 4682//5317 4804//5442
f 4804//5442 4682//5317 4681//5316
f 4804//5442 4681//5316 4805//5443
f 4681//5316 4679//5314 4805//5443
f 4805//5443 4679//5314 4678//5313
f 4805//5443 4678//5313 4806//5444
f 4806//5444 4678//5313 4676//5311
f 4806//5444 4676//5311 4807//5445
f 4676//5311 4675//5310 4807//5445
f 4807//5445 4675//5310 4673//5308
f 4807//5445 4673//5308 4808//5446
f 4808//5446 4673//5308 4672//5307
f 4808//5446 4672//5307 4767//5405
f 4767//5405 4672//5307 4671//5306
f 4767//5405 4671//5306 4669//5304
f 4807//5445 4809//5447 4806//5444
f 4806//5444 4809//5447 4810//5448
f 4806//5444 4810//5448 4805//5443
f 4805//5443 4810//5448 4811//5449
f 4805//5443 4811//5449 4804//5442
f 4804//5442 4811//5449 4812//5450
f 4804//5442 4812//5450 4803//5441
f 4803//5441 4812//5450 4813//5451
f 4803//5441 4813//5451 4802//5440
f 4802//5440 4813//5451 4814//5452
f 4802//5440 4814//5452 4801//5439
f 4801//5439 4814//5452 4815//5453
f 4801//5439 4815//5453 4800//5438
f 4800//5438 4815//5453 4816//5454
f 4800//5438 4816//5454 4799//5437
f 4799//5437 4816//5454 4817//5455
f 4799//5437 4817//5455 4798//5436
f 4798//5436 4817//5455 4818//5456
f 4798//5436 4818//5456 4797//5435
f 4797//5435 4818//5456 4819//5457
f 4797//5435 4819//5457 4796//5434
f 4796//5434 4819//5457 4820//5458
f 4796//5434 4820//5458 4795//5433
f 4795//5433 4820//5458 4821//5459
f 4795//5433 4821//5459 4794//5432
f 4794//5432 4821//5459 4822//5460
f 4794//5432 4822//5460 4793//5431
f 4793//5431 4822//5460 4823//5461
f 4793//5431 4823//5461 4792//5430
f 4792//5430 4823//5461 4824//5462
f 4792//5430 4824//5462 4791//5429
f 4791//5429 4824//5462 4825//5463
f 4791//5429 4825//5463 4790//5428
f 4790//5428 4825//5463 4826//5464
f 4790//5428 4826//5464 4789//5427
f 4789//5427 4826//5464 4827//5465
f 4789//5427 4827//5465 4788//5426
f 4788//5426 4827//5465 4828//5466
f 4788//5426 4828//5466 4787//5425
f 4787//5425 4828//5466 4829//5467
f 4787//5425 4829//5467 4786//5424
f 4786//5424 4829//5467 4830//5468
f 4786//5424 4830//5468 4785//5423
f 4785//5423 4830//5468 4831//5469
f 4785//5423 4831//5469 4784//5422
f 4784//5422 4831//5469 4832//5470
f 4784//5422 4832//5470 4783//5421
f 4783//5421 4832//5470 4833//5471
f 4783//5421 4833//5471 4782//5420
f 4782//5420 4833//5471 4834//5472
f 4782//5420 4834//5472 4781//5419
f 4781//5419 4834//5472 4835//5473
f 4781//5419 4835//5473 4780//5418
f 4780//5418 4835//5473 4836//5474
f 4780//5418 4836//5474 4779//5417
f 4779//5417 4836//5474 4837//5475
f 4779//5417 4837//5475 4778//5416
f 4778//5416 4837//5475 4838//5476
f 4778//5416 4838//5476 4777//5415
f 4777//5415 4838//5476 4839//5477
f 4777//5415 4839//5477 4776//5414
f 4776//5414 4839//5477 4840//5478
f 4776//5414 4840//5478 4775//5413
f 4775//5413 4840//5478 4841//5479
f 4775//5413 4841//5479 4774//5412
f 4774//5412 4841//5479 4842//5480
f 4774//5412 4842//5480 4773//5411
f 4773//5411 4842//5480 4843//5481
f 4773//5411 4843//5481 4772//5410
f 4772//5410 4843//5481 4844//5482
f 4772//5410 4844//5482 4771//5409
f 4771//5409 4844//5482 4845//5483
f 4771//5409 4845//5483 4770//5408
f 4770//5408 4845//5483 4846//5484
f 4770//5408 4846//5484 4769//5407
f 4769//5407 4846//5484 4847//5485
f 4769//5407 4847//5485 4768//5406
f 4768//5406 4847//5485 4848//5486
f 4768//5406 4848//5486 4766//5404
f 4766//5404 4848//5486 4849//5487
f 4766//5404 4849//5487 4767//5405
f 4767//5405 4849//5487 4850//5488
f 4767//5405 4850//5488 4808//5446
f 4808//5446 4850//5488 4851//5489
f 4808//5446 4851//5489 4807//5445
f 4807//5445 4851//5489 4809//5447
f 4809//5447 4852//5490 4810//5448
f 4810//5448 4852//5490 4853//5491
f 4810//5448 4853//5491 4811//5449
f 4811//5449 4853//5491 4854//5492
f 4811//5449 4854//5492 4812//5450
f 4812//5450 4854//5492 4855//5493
f 4812//5450 4855//5493 4813//5451
f 4813//5451 4855//5493 4856//5494
f 4813//5451 4856//5494 4814//5452
f 4814//5452 4856//5494 4857//5495
f 4814//5452 4857//5495 4815//5453
f 4815//5453 4857//5495 4858//5496
f 4815//5453 4858//5496 4816//5454
f 4816//5454 4858//5496 4859//5497
f 4816//5454 4859//5497 4817//5455
f 4817//5455 4859//5497 4860//5498
f 4817//5455 4860//5498 4818//5456
f 4818//5456 4860//5498 4861//5499
f 4818//5456 4861//5499 4819//5457
f 4819//5457 4861//5499 4862//5500
f 4819//5457 4862//5500 4820//5458
f 4820//5458 4862//5500 4863//5501
f 4820//5458 4863//5501 4821//5459
f 4821//5459 4863//5501 4864//5502
f 4821//5459 4864//5502 4822//5460
f 4822//5460 4864//5502 4865//5503
f 4822//5460 4865//5503 4823//5461
f 4823//5461 4865//5503 4866//5504
f 4823//5461 4866//5504 4824//5462
f 4824//5462 4866//5504 4867//5505
f 4824//5462 4867//5505 4825//5463
f 4825//5463 4867//5505 4868//5506
f 4825//5463 4868//5506 4826//5464
f 4826//5464 4868//5506 4869//5507
f 4826//5464 4869//5507 4827//5465
f 4827//5465 4869//5507 4870//5508
f 4827//5465 4870//5508 4828//5466
f 4828//5466 4870//5508 4871//5509
f 4828//5466 4871//5509 4829//5467
f 4829//5467 4871//5509 4872//5510
f 4829//5467 4872//5510 4830//5468
f 4830//5468 4872//5510 4873//5511
f 4830//5468 4873//5511 4831//5469
f 4831//5469 4873//5511 4874//5512
f 4831//5469 4874//5512 4832//5470
f 4832//5470 4874//5512 4875//5513
f 4832//5470 4875//5513 4833//5471
f 4833//5471 4875//5513 4876//5514
f 4833//5471 4876//5514 4834//5472
f 4834//5472 4876//5514 4877//5515
f 4834//5472 4877//5515 4835//5473
f 4835//5473 4877//5515 4878//5516
f 4835//5473 4878//5516 4836//5474
f 4836//5474 4878//5516 4879//5517
f 4836//5474 4879//5517 4837//5475
f 4837//5475 4879//5517 4880//5518
f 4837//5475 4880//5518 4838//5476
f 4838//5476 4880//5518 4881//5519
f 4838//5476 4881//5519 4839//5477
f 4839//5477 4881//5519 4882//5520
f 4839//5477 4882//5520 4840//5478
f 4840//5478 4882//5520 4883//5521
f 4840//5478 4883//5521 4841//5479
f 4841//5479 4883//5521 4884//5522
f 4841//5479 4884//5522 4842//5480
f 4842//5480 4884//5522 4885//5523
f 4842//5480 4885//5523 4843//5481
f 4843//5481 4885//5523 4886//5524
f 4843//5481 4886//5524 4844//5482
f 4844//5482 4886//5524 4887//5525
f 4844//5482 4887//5525 4845//5483
f 4845//5483 4887//5525 4888//5526
f 4845//5483 4888//5526 4846//5484
f 4846//5484 4888//5526 4889//5527
f 4846//5484 4889//5527 4847//5485
f 4847//5485 4889//5527 4890//5528
f 4847//5485 4890//5528 4848//5486
f 4848//5486 4890//5528 4891//5529
f 4848//5486 4891//5529 4849//5487
f 4849//5487 4891//5529 4892//5530
f 4849//5487 4892//5530 4850//5488
f 4850//5488 4892//5530 4893//5531
f 4850//5488 4893//5531 4851//5489
f 4851//5489 4893//5531 4894//5532
f 4851//5489 4894//5532 4809//5447
f 4809//5447 4894//5532 4852//5490
f 4852//5490 4895//5533 4853//5491
f 4853//5491 4895//5533 4896//5534
f 4853//5491 4896//5534 4854//5492
f 4854//5492 4896//5534 4897//5535
f 4854//5492 4897//5535 4855//5493
f 4855//5493 4897//5535 4898//5536
f 4855//5493 4898//5536 4856//5494
f 4856//5494 4898//5536 4899//5537
f 4856//5494 4899//5537 4857//5495
f 4857//5495 4899//5537 4900//5538
f 4857//5495 4900//5538 4858//5496
f 4858//5496 4900//5538 4901//5539
f 4858//5496 4901//5539 4859//5497
f 4859//5497 4901//5539 4902//5540
f 4859//5497 4902//5540 4860//5498
f 4860//5498 4902//5540 4903//5541
f 4860//5498 4903//5541 4861//5499
f 4861//5499 4903//5541 4904//5542
f 4861//5499 4904//5542 4862//5500
f 4862//5500 4904//5542 4905//5543
f 4862//5500 4905//5543 4863//5501
f 4863//5501 4905//5543 4906//5544
f 4863//5501 4906//5544 4864//5502
f 4864//5502 4906//5544 4907//5545
f 4864//5502 4907//5545 4865//5503
f 4865//5503 4907//5545 4908//5546
f 4865//5503 4908//5546 4866//5504
f 4866//5504 4908//5546 4909//5547
f 4866//5504 4909//5547 4867//5505
f 4867//5505 4909//5547 4910//5548
f 4867//5505 4910//5548 4868//5506
f 4868//5506 4910//5548 4911//5549
f 4868//5506 4911//5549 4869//5507
f 4869//5507 4911//5549 4912//5550
f 4869//5507 4912//5550 4870//5508
f 4870//5508 4912//5550 4913//5551
f 4870//5508 4913//5551 4871//5509
f 4871//5509 4913//5551 4914//5552
f 4871//5509 4914//5552 4872//5510
f 4872//5510 4914//5552 4915//5553
f 4872//5510 4915//5553 4873//5511
f 4873//5511 4915//5553 4916//5554
f 4873//5511 4916//5554 4874//5512
f 4874//5512 4916//5554 4917//5555
f 4874//5512 4917//5555 4875//5513
f 4875//5513 4917//5555 4918//5556
f 4875//5513 4918//5556 4876//5514
f 4876//5514 4918//5556 4919//5557
f 4876//5514 4919//5557 4877//5515
f 4877//5515 4919//5557 4920//5558
f 4877//5515 4920//5558 4878//5516
f 4878//5516 4920//5558 4921//5559
f 4878//5516 4921//5559 4879//5517
f 4879//5517 4921//5559 4922//5560
f 4879//5517 4922//5560 4880//5518
f 4880//5518 4922//5560 4923//5561
f 4880//5518 4923//5561 4881//5519
f 4881//5519 4923//5561 4924//5562
f 4881//5519 4924//5562 4882//5520
f 4882//5520 4924//5562 4925//5563
f 4882//5520 4925//5563 4883//5521
f 4883//5521 4925//5563 4926//5564
f 4883//5521 4926//5564 4884//5522
f 4884//5522 4926//5564 4927//5565
f 4884//5522 4927//5565 4885//5523
f 4885//5523 4927//5565 4928//5566
f 4885//5523 4928//5566 4886//5524
f 4886//5524 4928//5566 4929//5567
f 4886//5524 4929//5567 4887//5525
f 4887//5525 4929//5567 4930//5568
f 4887//5525 4930//5568 4888//5526
f 4888//5526 4930//5568 4931//5569
f 4888//5526 4931//5569 4889//5527
f 4889//5527 4931//5569 4932//5570
f 4889//5527 4932//5570 4890//5528
f 4890//5528 4932//5570 4933//5571
f 4890//5528 4933//5571 4891//5529
f 4891//5529 4933//5571 4934//5572
f 4891//5529 4934//5572 4892//5530
f 4892//5530 4934//5572 4935//5573
f 4892//5530 4935//5573 4893//5531
f 4893//5531 4935//5573 4936//5574
f 4893//5531 4936//5574 4894//5532
f 4894//5532 4936//5574 4937//5575
f 4894//5532 4937//5575 4852//5490
f 4852//5490 4937//5575 4895//5533
f 4895//5533 4938//5576 4896//5534
f 4896//5534 4938//5576 4939//5577
f 4896//5534 4939//5577 4897//5535
f 4897//5535 4939//5577 4940//5578
f 4897//5535 4940//5578 4898//5536
f 4898//5536 4940//5578 4941//5579
f 4898//5536 4941//5579 4899//5537
f 4899//5537 4941//5579 4942//5580
f 4899//5537 4942//5580 4900//5538
f 4900//5538 4942//5580 4943//5581
f 4900//5538 4943//5581 4901//5539
f 4901//5539 4943//5581 4944//5582
f 4901//5539 4944//5582 4902//5540
f 4902//5540 4944//5582 4945//5583
f 4902//5540 4945//5583 4903//5541
f 4903//5541 4945//5583 4946//5584
f 4903//5541 4946//5584 4904//5542
f 4904//5542 4946//5584 4947//5585
f 4904//5542 4947//5585 4905//5543
f 4905//5543 4947//5585 4948//5586
f 4905//5543 4948//5586 4906//5544
f 4906//5544 4948//5586 4949//5587
f 4906//5544 4949//5587 4907//5545
f 4907//5545 4949//5587 4950//5588
f 4907//5545 4950//5588 4908//5546
f 4908//5546 4950//5588 4951//5589
f 4908//5546 4951//5589 4909//5547
f 4909//5547 4951//5589 4952//5590
f 4909//5547 4952//5590 4910//5548
f 4910//5548 4952//5590 4953//5591
f 4910//5548 4953//5591 4911//5549
f 4911//5549 4953//5591 4954//5592
f 4911//5549 4954//5592 4912//5550
f 4912//5550 4954//5592 4955//5593
f 4912//5550 4955//5593 4913//5551
f 4913//5551 4955//5593 4956//5594
f 4913//5551 4956//5594 4914//5552
f 4914//5552 4956//5594 4957//5595
f 4914//5552 4957//5595 4915//5553
f 4915//5553 4957//5595 4958//5596
f 4915//5553 4958//5596 4916//5554
f 4916//5554 4958//5596 4959//5597
f 4916//5554 4959//5597 4917//5555
f 4917//5555 4959//5597 4960//5598
f 4917//5555 4960//5598 4918//5556
f 4918//5556 4960//5598 4961//5599
f 4918//5556 4961//5599 4919//5557
f 4919//5557 4961//5599 4962//5600
f 4919//5557 4962//5600 4920//5558
f 4920//5558 4962//5600 4963//5601
f 4920//5558 4963//5601 4921//5559
f 4921//5559 4963//5601 4964//5602
f 4921//5559 4964//5602 4922//5560
f 4922//5560 4964//5602 4965//5603
f 4922//5560 4965//5603 4923//5561
f 4923//5561 4965//5603 4966//5604
f 4923//5561 4966//5604 4924//5562
f 4924//5562 4966//5604 4967//5605
f 4924//5562 4967//5605 4925//5563
f 4925//5563 4967//5605 4968//5606
f 4925//5563 4968//5606 4926//5564
f 4926//5564 4968//5606 4969//5607
f 4926//5564 4969//5607 4927//5565
f 4927//5565 4969//5607 4970//5608
f 4927//5565 4970//5608 4928//5566
f 4928//5566 4970//5608 4971//5609
f 4928//5566 4971//5609 4929//5567
f 4929//5567 4971//5609 4972//5610
f 4929//5567 4972//5610 4930//5568
f 4930//5568 4972//5610 4973//5611
f 4930//5568 4973//5611 4931//5569
f 4931//5569 4973//5611 4974//5612
f 4931//5569 4974//5612 4932//5570
f 4932//5570 4974//5612 4975//5613
f 4932//5570 4975//5613 4933//5571
f 4933//5571 4975//5613 4976//5614
f 4933//5571 4976//5614 4934//5572
f 4934//5572 4976//5614 4977//5615
f 4934//5572 4977//5615 4935//5573
f 4935//5573 4977//5615 4978//5616
f 4935//5573 4978//5616 4936//5574
f 4936//5574 4978//5616 4979//5617
f 4936//5574 4979//5617 4937//5575
f 4937//5575 4979//5617 4980//5618
f 4937//5575 4980//5618 4895//5533
f 4895//5533 4980//5618 4938//5576
f 4938//5576 4981//5619 4939//5577
f 4939//5577 4981//5619 4982//5620
f 4939//5577 4982//5620 4940//5578
f 4940//5578 4982//5620 4983//5621
f 4940//5578 4983//5621 4941//5579
f 4941//5579 4983//5621 4984//5622
f 4941//5579 4984//5622 4942//5580
f 4942//5580 4984//5622 4985//5623
f 4942//5580 4985//5623 4943//5581
f 4943//5581 4985//5623 4986//5624
f 4943//5581 4986//5624 4944//5582
f 4944//5582 4986//5624 4987//5625
f 4944//5582 4987//5625 4945//5583
f 4945//5583 4987//5625 4988//5626
f 4945//5583 4988//5626 4946//5584
f 4946//5584 4988//5626 4989//5627
f 4946//5584 4989//5627 4947//5585
f 4947//5585 4989//5627 4990//5628
f 4947//5585 4990//5628 4948//5586
f 4948//5586 4990//5628 4991//5629
f 4948//5586 4991//5629 4949//5587
f 4949//5587 4991//5629 4992//5630
f 4949//5587 4992//5630 4950//5588
f 4950//5588 4992//5630 4993//5631
f 4950//5588 4993//5631 4951//5589
f 4951//5589 4993//5631 4994//5632
f 4951//5589 4994//5632 4952//5590
f 4952//5590 4994//5632 4995//5633
f 4952//5590 4995//5633 4953//5591
f 4953//5591 4995//5633 4996//5634
f 4953//5591 4996//5634 4954//5592
f 4954//5592 4996//5634 4997//5635
f 4954//5592 4997//5635 4955//5593
f 4955//5593 4997//5635 4998//5636
f 4955//5593 4998//5636 4956//5594
f 4956//5594 4998//5636 4999//5637
f 4956//5594 4999//5637 4957//5595
f 4957//5595 4999//5637 5000//5638
f 4957//5595 5000//5638 4958//5596
f 4958//5596 5000//5638 5001//5639
f 4958//5596 5001//5639 4959//5597
f 4959//5597 5001//5639 5002//5640
f 4959//5597 5002//5640 4960//5598
f 4960//5598 5002//5640 5003//5641
f 4960//5598 5003//5641 4961//5599
f 4961//5599 5003//5641 5004//5642
f 4961//5599 5004//5642 4962//5600
f 4962//5600 5004//5642 5005//5643
f 4962//5600 5005//5643 4963//5601
f 4963//5601 5005//5643 5006//5644
f 4963//5601 5006//5644 4964//5602
f 4964//5602 5006//5644 5007//5645
f 4964//5602 5007//5645 4965//5603
f 4965//5603 5007//5645 5008//5646
f 4965//5603 5008//5646 4966//5604
f 4966//5604 5008//5646 5009//5647
f 4966//5604 5009//5647 4967//5605
f 4967//5605 5009//5647 5010//5648
f 4967//5605 5010//5648 4968//5606
f 4968//5606 5010//5648 5011//5649
f 4968//5606 5011//5649 4969//5607
f 4969//5607 5011//5649 5012//5650
f 4969//5607 5012//5650 4970//5608
f 4970//5608 5012//5650 5013//5651
f 4970//5608 5013//5651 4971//5609
f 4971//5609 5013//5651 5014//5652
f 4971//5609 5014//5652 4972//5610
f 4972//5610 5014//5652 5015//5653
f 4972//5610 5015//5653 4973//5611
f 4973//5611 5015//5653 5016//5654
f 4973//5611 5016//5654 4974//5612
f 4974//5612 5016//5654 5017//5655
f 4974//5612 5017//5655 4975//5613
f 4975//5613 5017//5655 5018//5656
f 4975//5613 5018//5656 4976//5614
f 4976//5614 5018//5656 5019//5657
f 4976//5614 5019//5657 4977//5615
f 4977//5615 5019//5657 5020//5658
f 4977//5615 5020//5658 4978//5616
f 4978//5616 5020//5658 5021//5659
f 4978//5616 5021//5659 4979//5617
f 4979//5617 5021//5659 5022//5660
f 4979//5617 5022//5660 4980//5618
f 4980//5618 5022//5660 5023//5661
f 4980//5618 5023//5661 4938//5576
f 4938//5576 5023//5661 4981//5619
f 4981//5619 5024//5662 4982//5620
f 4982//5620 5024//5662 5025//5663
f 4982//5620 5025//5663 4983//5621
f 4983//5621 5025//5663 5026//5664
f 4983//5621 5026//5664 4984//5622
f 4984//5622 5026//5664 5027//5665
f 4984//5622 5027//5665 4985//5623
f 4985//5623 5027//5665 5028//5666
f 4985//5623 5028//5666 4986//5624
f 4986//5624 5028//5666 5029//5667
f 4986//5624 5029//5667 4987//5625
f 4987//5625 5029//5667 5030//5668
f 4987//5625 5030//5668 4988//5626
f 4988//5626 5030//5668 5031//5669
f 4988//5626 5031//5669 4989//5627
f 4989//5627 5031//5669 5032//5670
f 4989//5627 5032//5670 4990//5628
f 4990//5628 5032//5670 5033//5671
f 4990//5628 5033//5671 4991//5629
f 4991//5629 5033//5671 5034//5672
f 4991//5629 5034//5672 4992//5630
f 4992//5630 5034//5672 5035//5673
f 4992//5630 5035//5673 4993//5631
f 4993//5631 5035//5673 5036//5674
f 4993//5631 5036//5674 4994//5632
f 4994//5632 5036//5674 5037//5675
f 4994//5632 5037//5675 4995//5633
f 4995//5633 5037//5675 5038//5676
f 4995//5633 5038//5676 4996//5634
f 4996//5634 5038//5676 5039//5677
f 4996//5634 5039//5677 4997//5635
f 4997//5635 5039//5677 5040//5678
f 4997//5635 5040//5678 4998//5636
f 4998//5636 5040//5678 5041//5679
f 4998//5636 5041//5679 4999//5637
f 4999//5637 5041//5679 5042//5680
f 4999//5637 5042//5680 5000//5638
f 5000//5638 5042//5680 5043//5681
f 5000//5638 5043//5681 5001//5639
f 5001//5639 5043//5681 5044//5682
f 5001//5639 5044//5682 5002//5640
f 5002//5640 5044//5682 5045//5683
f 5002//5640 5045//5683 5003//5641
f 5003//5641 5045//5683 5046//5684
f 5003//5641 5046//5684 5004//5642
f 5004//5642 5046//5684 5047//5685
f 5004//5642 5047//5685 5005//5643
f 5005//5643 5047//5685 5048//5686
f 5005//5643 5048//5686 5006//5644
f 5006//5644 5048//5686 5049//5687
f 5006//5644 5049//5687 5007//5645
f 5007//5645 5049//5687 5050//5688
f 5007//5645 5050//5688 5008//5646
f 5008//5646 5050//5688 5051//5689
f 5008//5646 5051//5689 5009//5647
f 5009//5647 5051//5689 5052//5690
f 5009//5647 5052//5690 5010//5648
f 5010//5648 5052//5690 5053//5691
f 5010//5648 5053//5691 5011//5649
f 5011//5649 5053//5691 5054//5692
f 5011//5649 5054//5692 5012//5650
f 5012//5650 5054//5692 5055//5693
f 5012//5650 5055//5693 5013//5651
f 5013//5651 5055//5693 5056//5694
f 5013//5651 5056//5694 5014//5652
f 5014//5652 5056//5694 5057//5695
f 5014//5652 5057//5695 5015//5653
f 5015//5653 5057//5695 5058//5696
f 5015//5653 5058//5696 5016//5654
f 5016//5654 5058//5696 5059//5697
f 5016//5654 5059//5697 5017//5655
f 5017//5655 5059//5697 5060//5698
f 5017//5655 5060//5698 5018//5656
f 5018//5656 5060//5698 5061//5699
f 5018//5656 5061//5699 5019//5657
f 5019//5657 5061//5699 5062//5700
f 5019//5657 5062//5700 5020//5658
f 5020//5658 5062//5700 5063//5701
f 5020//5658 5063//5701 5021//5659
f 5021//5659 5063//5701 5064//5702
f 5021//5659 5064//5702 5022//5660
f 5022//5660 5064//5702 5065//5703
f 5022//5660 5065//5703 5023//5661
f 5023//5661 5065//5703 5066//5704
f 5023//5661 5066//5704 4981//5619
f 4981//5619 5066//5704 5024//5662
f 5024//5662 5067//5705 5025//5663
f 5025//5663 5067//5705 5068//5706
f 5025//5663 5068//5706 5026//5664
f 5026//5664 5068//5706 5069//5707
f 5026//5664 5069//5707 5027//5665
f 5027//5665 5069//5707 5070//5708
f 5027//5665 5070//5708 5028//5666
f 5028//5666 5070//5708 5071//5709
f 5028//5666 5071//5709 5029//5667
f 5029//5667 5071//5709 5072//5710
f 5029//5667 5072//5710 5030//5668
f 5030//5668 5072//5710 5073//5711
f 5030//5668 5073//5711 5031//5669
f 5031//5669 5073//5711 5074//5712
f 5031//5669 5074//5712 5032//5670
f 5032//5670 5074//5712 5075//5713
f 5032//5670 5075//5713 5033//5671
f 5033//5671 5075//5713 5076//5714
f 5033//5671 5076//5714 5034//5672
f 5034//5672 5076//5714 5077//5715
f 5034//5672 5077//5715 5035//5673
f 5035//5673 5077//5715 5078//5716
f 5035//5673 5078//5716 5036//5674
f 5036//5674 5078//5716 5079//5717
f 5036//5674 5079//5717 5037//5675
f 5037//5675 5079//5717 5080//5718
f 5037//5675 5080//5718 5038//5676
f 5038//5676 5080//5718 5081//5719
f 5038//5676 5081//5719 5039//5677
f 5039//5677 5081//5719 5082//5720
f 5039//5677 5082//5720 5040//5678
f 5040//5678 5082//5720 5083//5721
f 5040//5678 5083//5721 5041//5679
f 5041//5679 5083//5721 5084//5722
f 5041//5679 5084//5722 5042//5680
f 5042//5680 5084//5722 5085//5723
f 5042//5680 5085//5723 5043//5681
f 5043//5681 5085//5723 5086//5724
f 5043//5681 5086//5724 5044//5682
f 5044//5682 5086//5724 5087//5725
f 5044//5682 5087//5725 5045//5683
f 5045//5683 5087//5725 5088//5726
f 5045//5683 5088//5726 5046//5684
f 5046//5684 5088//5726 5089//5727
f 5046//5684 5089//5727 5047//5685
f 5047//5685 5089//5727 5090//5728
f 5047//5685 5090//5728 5048//5686
f 5048//5686 5090//5728 5091//5729
f 5048//5686 5091//5729 5049//5687
f 5049//5687 5091//5729 5092//5730
f 5049//5687 5092//5730 5050//5688
f 5050//5688 5092//5730 5093//5731
f 5050//5688 5093//5731 5051//5689
f 5051//5689 5093//5731 5094//5732
f 5051//5689 5094//5732 5052//5690
f 5052//5690 5094//5732 5095//5733
f 5052//5690 5095//5733 5053//5691
f 5053//5691 5095//5733 5096//5734
f 5053//5691 5096//5734 5054//5692
f 5054//5692 5096//5734 5097//5735
f 5054//5692 5097//5735 5055//5693
f 5055//5693 5097//5735 5098//5736
f 5055//5693 5098//5736 5056//5694
f 5056//5694 5098//5736 5099//5737
f 5056//5694 5099//5737 5057//5695
f 5057//5695 5099//5737 5100//5738
f 5057//5695 5100//5738 5058//5696
f 5058//5696 5100//5738 5101//5739
f 5058//5696 5101//5739 5059//5697
f 5059//5697 5101//5739 5102//5740
f 5059//5697 5102//5740 5060//5698
f 5060//5698 5102//5740 5103//5741
f 5060//5698 5103//5741 5061//5699
f 5061//5699 5103//5741 5104//5742
f 5061//5699 5104//5742 5062//5700
f 5062//5700 5104//5742 5105//5743
f 5062//5700 5105//5743 5063//5701
f 5063//5701 5105//5743 5106//5744
f 5063//5701 5106//5744 5064//5702
f 5064//5702 5106//5744 5107//5745
f 5064//5702 5107//5745 5065//5703
f 5065//5703 5107//5745 5108//5746
f 5065//5703 5108//5746 5066//5704
f 5066//5704 5108//5746 5109//5747
f 5066//5704 5109//5747 5024//5662
f 5024//5662 5109//5747 5067//5705
f 5067//5705 4601//5236 5068//5706
f 5068//5706 4601//5236 4600//5235
f 5068//5706 4600//5235 5069//5707
f 5069//5707 4600//5235 4599//5234
f 5069//5707 4599//5234 5070//5708
f 5070//5708 4599//5234 4598//5233
f 5070//5708 4598//5233 5071//5709
f 5071//5709 4598//5233 4597//5232
f 5071//5709 4597//5232 5072//5710
f 5072//5710 4597//5232 4596//5231
f 5072//5710 4596//5231 5073//5711
f 5073//5711 4596//5231 4595//5230
f 5073//5711 4595//5230 5074//5712
f 5074//5712 4595//5230 4594//5229
f 5074//5712 4594//5229 5075//5713
f 5075//5713 4594//5229 4593//5228
f 5075//5713 4593//5228 5076//5714
f 5076//5714 4593//5228 4592//5227
f 5076//5714 4592//5227 5077//5715
f 5077//5715 4592//5227 4614//5249
f 5077//5715 4614//5249 5078//5716
f 5078//5716 4614//5249 4613//5248
f 5078//5716 4613//5248 5079//5717
f 5079//5717 4613//5248 4612//5247
f 5079//5717 4612//5247 5080//5718
f 5080//5718 4612//5247 4611//5246
f 5080//5718 4611//5246 5081//5719
f 5081//5719 4611//5246 4610//5245
f 5081//5719 4610//5245 5082//5720
f 5082//5720 4610//5245 4609//5244
f 5082//5720 4609//5244 5083//5721
f 5083//5721 4609//5244 4608//5243
f 5083//5721 4608//5243 5084//5722
f 5084//5722 4608//5243 4607//5242
f 5084//5722 4607//5242 5085//5723
f 5085//5723 4607//5242 4606//5241
f 5085//5723 4606//5241 5086//5724
f 5086//5724 4606//5241 4605//5240
f 5086//5724 4605//5240 5087//5725
f 5087//5725 4605//5240 4604//5239
f 5087//5725 4604//5239 5088//5726
f 5088//5726 4604//5239 4603//5238
f 5088//5726 4603//5238 5089//5727
f 5089//5727 4603//5238 4591//5226
f 5089//5727 4591//5226 5090//5728
f 5090//5728 4591//5226 4590//5225
f 5090//5728 4590//5225 5091//5729
f 5091//5729 4590//5225 4589//5224
f 5091//5729 4589//5224 5092//5730
f 5092//5730 4589//5224 4588//5223
f 5092//5730 4588//5223 5093//5731
f 5093//5731 4588//5223 4587//5222
f 5093//5731 4587//5222 5094//5732
f 5094//5732 4587//5222 4586//5221
f 5094//5732 4586//5221 5095//5733
f 5095//5733 4586//5221 4585//5220
f 5095//5733 4585//5220 5096//5734
f 5096//5734 4585//5220 4584//5219
f 5096//5734 4584//5219 5097//5735
f 5097//5735 4584//5219 4583//5218
f 5097//5735 4583//5218 5098//5736
f 5098//5736 4583//5218 4582//5217
f 5098//5736 4582//5217 5099//5737
f 5099//5737 4582//5217 4581//5216
f 5099//5737 4581//5216 5100//5738
f 5100//5738 4581//5216 4580//5215
f 5100//5738 4580//5215 5101//5739
f 5101//5739 4580//5215 4579//5214
f 5101//5739 4579//5214 5102//5740
f 5102//5740 4579//5214 4578//5213
f 5102//5740 4578//5213 5103//5741
f 5103//5741 4578//5213 4577//5212
f 5103//5741 4577//5212 5104//5742
f 5104//5742 4577//5212 4576//5211
f 5104//5742 4576//5211 5105//5743
f 5105//5743 4576//5211 4575//5210
f 5105//5743 4575//5210 5106//5744
f 5106//5744 4575//5210 4574//5209
f 5106//5744 4574//5209 5107//5745
f 5107//5745 4574//5209 4573//5208
f 5107//5745 4573//5208 5108//5746
f 5108//5746 4573//5208 4572//5207
f 5108//5746 4572//5207 5109//5747
f 5109//5747 4572//5207 4602//5237
f 5109//5747 4602//5237 5067//5705
f 5067//5705 4602//5237 4601//5236
f 4569//5204 4567//5202 5110//5748
f 4559//5194 4561//5196 5111//5749
f 4556//5191 4554//5189 5112//5750
f 4549//5184 4551//5186 5113//5751
f 4542//5177 4544//5179 5114//5752
f 4545//5180 4540//5175 5115//5753
f 4532//5167 4534//5169 5116//5754
f 4526//5161 4524//5159 5117//5755
f 4516//5151 4518//5153 5118//5756
f 4513//5148 4511//5146 5119//5757
f 4506//5141 4508//5143 5120//5758
f 4499//5134 4501//5136 5121//5759
f 4502//5137 4497//5132 5122//5760
f 4489//5124 4491//5126 5123//5761
f 4483//5118 4481//5116 5124//5762
f 4473//5108 4475//5110 5125//5763
f 4470//5105 4468//5103 5126//5764
f 4463//5098 4465//5100 5127//5765
f 4456//5091 4458//5093 5128//5766
f 4459//5094 4454//5089 5129//5767
f 4446//5081 4448//5083 5130//5768
f 4393//5032 4383//5024 5131//5769
f 5131//5769 4383//5024 5132//5770
f 5131//5769 5132//5770 5133//5771
f 5133//5771 5132//5770 5134//5772
f 5133//5771 5134//5772 5135//5773
f 5135//5773 5134//5772 5136//5774
f 5135//5773 5136//5774 5137//5775
f 5137//5775 5136//5774 5138//5776
f 5137//5775 5138//5776 5139//5777
f 5139//5777 5138//5776 5140//5778
f 5139//5777 5140//5778 5141//5779
f 5141//5779 5140//5778 5142//5780
f 5141//5779 5142//5780 5143//5781
f 5143//5781 5142//5780 5144//5782
f 5143//5781 5144//5782 5145//5783
f 5145//5783 5144//5782 5130//5768
f 4386//5026 4413//5049 5146//5784
f 5146//5784 4413//5049 5147//5785
f 5146//5784 5147//5785 5148//5786
f 5148//5786 5147//5785 5149//5787
f 5148//5786 5149//5787 5150//5788
f 5150//5788 5149//5787 5151//5789
f 5150//5788 5151//5789 5152//5790
f 5152//5790 5151//5789 5153//5791
f 5152//5790 5153//5791 5154//5792
f 5154//5792 5153//5791 5155//5793
f 5154//5792 5155//5793 5156//5794
f 5156//5794 5155//5793 5157//5795
f 5156//5794 5157//5795 5158//5796
f 5158//5796 5157//5795 5159//5797
f 5158//5796 5159//5797 5160//5798
f 5160//5798 5159//5797 5129//5767
f 4428//5063 4427//5062 5161//5799
f 5161//5799 4427//5062 5162//5800
f 5161//5799 5162//5800 5163//5801
f 5163//5801 5162//5800 5164//5802
f 5163//5801 5164//5802 5165//5803
f 5165//5803 5164//5802 5166//5804
f 5165//5803 5166//5804 5167//5805
f 5167//5805 5166//5804 5168//5806
f 5167//5805 5168//5806 5169//5807
f 5169//5807 5168//5806 5170//5808
f 5169//5807 5170//5808 5171//5809
f 5171//5809 5170//5808 5172//5810
f 5171//5809 5172//5810 5173//5811
f 5173//5811 5172//5810 5174//5812
f 5173//5811 5174//5812 5175//5813
f 5175//5813 5174//5812 5127//5765
f 4409//5045 4408//5044 5176//5814
f 5176//5814 4408//5044 5177//5815
f 5176//5814 5177//5815 5178//5816
f 5178//5816 5177//5815 5179//5817
f 5178//5816 5179//5817 5180//5818
f 5180//5818 5179//5817 5181//5819
f 5180//5818 5181//5819 5182//5820
f 5182//5820 5181//5819 5183//5821
f 5182//5820 5183//5821 5184//5822
f 5184//5822 5183//5821 5185//5823
f 5184//5822 5185//5823 5186//5824
f 5186//5824 5185//5823 5187//5825
f 5186//5824 5187//5825 5188//5826
f 5188//5826 5187//5825 5189//5827
f 5188//5826 5189//5827 5190//5828
f 5190//5828 5189//5827 5125//5763
f 4402//5039 4403//5040 5191//5829
f 5191//5829 4403//5040 5192//5830
f 5191//5829 5192//5830 5193//5831
f 5193//5831 5192//5830 5194//5832
f 5193//5831 5194//5832 5195//5833
f 5195//5833 5194//5832 5196//5834
f 5195//5833 5196//5834 5197//5835
f 5197//5835 5196//5834 5198//5836
f 5197//5835 5198//5836 5199//5837
f 5199//5837 5198//5836 5200//5838
f 5199//5837 5200//5838 5201//5839
f 5201//5839 5200//5838 5202//5840
f 5201//5839 5202//5840 5203//5841
f 5203//5841 5202//5840 5204//5842
f 5203//5841 5204//5842 5205//5843
f 5205//5843 5204//5842 5124//5762
f 4429//5064 4399//5037 5206//5844
f 5206//5844 4399//5037 5207//5845
f 5206//5844 5207//5845 5208//5846
f 5208//5846 5207//5845 5209//5847
f 5208//5846 5209//5847 5210//5848
f 5210//5848 5209//5847 5211//5849
f 5210//5848 5211//5849 5212//5850
f 5212//5850 5211//5849 5213//5851
f 5212//5850 5213//5851 5214//5852
f 5214//5852 5213//5851 5215//5853
f 5214//5852 5215//5853 5216//5854
f 5216//5854 5215//5853 5217//5855
f 5216//5854 5217//5855 5218//5856
f 5218//5856 5217//5855 5219//5857
f 5218//5856 5219//5857 5220//5858
f 5220//5858 5219//5857 5123//5761
f 4396//5035 4416//5052 5221//5859
f 5221//5859 4416//5052 5222//5860
f 5221//5859 5222//5860 5223//5861
f 5223//5861 5222//5860 5224//5862
f 5223//5861 5224//5862 5225//5863
f 5225//5863 5224//5862 5226//5864
f 5225//5863 5226//5864 5227//5865
f 5227//5865 5226//5864 5228//5866
f 5227//5865 5228//5866 5229//5867
f 5229//5867 5228//5866 5230//5868
f 5229//5867 5230//5868 5231//5869
f 5231//5869 5230//5868 5232//5870
f 5231//5869 5232//5870 5233//5871
f 5233//5871 5232//5870 5234//5872
f 5233//5871 5234//5872 5235//5873
f 5235//5873 5234//5872 5122//5760
f 4434//5069 4433//5068 5236//5874
f 5236//5874 4433//5068 5237//5875
f 5236//5874 5237//5875 5238//5876
f 5238//5876 5237//5875 5239//5877
f 5238//5876 5239//5877 5240//5878
f 5240//5878 5239//5877 5241//5879
f 5240//5878 5241//5879 5242//5880
f 5242//5880 5241//5879 5243//5881
f 5242//5880 5243//5881 5244//5882
f 5244//5882 5243//5881 5245//5883
f 5244//5882 5245//5883 5246//5884
f 5246//5884 5245//5883 5247//5885
f 5246//5884 5247//5885 5248//5886
f 5248//5886 5247//5885 5249//5887
f 5248//5886 5249//5887 5250//5888
f 5250//5888 5249//5887 5120//5758
f 4405//5042 4404//5041 5251//5889
f 5251//5889 4404//5041 5252//5890
f 5251//5889 5252//5890 5253//5891
f 5253//5891 5252//5890 5254//5892
f 5253//5891 5254//5892 5255//5893
f 5255//5893 5254//5892 5256//5894
f 5255//5893 5256//5894 5257//5895
f 5257//5895 5256//5894 5258//5896
f 5257//5895 5258//5896 5259//5897
f 5259//5897 5258//5896 5260//5898
f 5259//5897 5260//5898 5261//5899
f 5261//5899 5260//5898 5262//5900
f 5261//5899 5262//5900 5263//5901
f 5263//5901 5262//5900 5264//5902
f 5263//5901 5264//5902 5265//5903
f 5265//5903 5264//5902 5118//5756
f 4441//5076 4438//5073 5266//5904
f 5266//5904 4438//5073 5267//5905
f 5266//5904 5267//5905 5268//5906
f 5268//5906 5267//5905 5269//5907
f 5268//5906 5269//5907 5270//5908
f 5270//5908 5269//5907 5271//5909
f 5270//5908 5271//5909 5272//5910
f 5272//5910 5271//5909 5273//5911
f 5272//5910 5273//5911 5274//5912
f 5274//5912 5273//5911 5275//5913
f 5274//5912 5275//5913 5276//5914
f 5276//5914 5275//5913 5277//5915
f 5276//5914 5277//5915 5278//5916
f 5278//5916 5277//5915 5279//5917
f 5278//5916 5279//5917 5280//5918
f 5280//5918 5279//5917 5117//5755
f 4435//5070 4421//5056 5281//5919
f 5281//5919 4421//5056 5282//5920
f 5281//5919 5282//5920 5283//5921
f 5283//5921 5282//5920 5284//5922
f 5283//5921 5284//5922 5285//5923
f 5285//5923 5284//5922 5286//5924
f 5285//5923 5286//5924 5287//5925
f 5287//5925 5286//5924 5288//5926
f 5287//5925 5288//5926 5289//5927
f 5289//5927 5288//5926 5290//5928
f 5289//5927 5290//5928 5291//5929
f 5291//5929 5290//5928 5292//5930
f 5291//5929 5292//5930 5293//5931
f 5293//5931 5292//5930 5294//5932
f 5293//5931 5294//5932 5295//5933
f 5295//5933 5294//5932 5116//5754
f 4418//5054 4417//5053 5296//5934
f 5296//5934 4417//5053 5297//5935
f 5296//5934 5297//5935 5298//5936
f 5298//5936 5297//5935 5299//5937
f 5298//5936 5299//5937 5300//5938
f 5300//5938 5299//5937 5301//5939
f 5300//5938 5301//5939 5302//5940
f 5302//5940 5301//5939 5303//5941
f 5302//5940 5303//5941 5304//5942
f 5304//5942 5303//5941 5305//5943
f 5304//5942 5305//5943 5306//5944
f 5306//5944 5305//5943 5307//5945
f 5306//5944 5307//5945 5308//5946
f 5308//5946 5307//5945 5309//5947
f 5308//5946 5309//5947 5310//5948
f 5310//5948 5309//5947 5115//5753
f 4425//5060 4424//5059 5311//5949
f 5311//5949 4424//5059 5312//5950
f 5311//5949 5312//5950 5313//5951
f 5313//5951 5312//5950 5314//5952
f 5313//5951 5314//5952 5315//5953
f 5315//5953 5314//5952 5316//5954
f 5315//5953 5316//5954 5317//5955
f 5317//5955 5316//5954 5318//5956
f 5317//5955 5318//5956 5319//5957
f 5319//5957 5318//5956 5320//5958
f 5319//5957 5320//5958 5321//5959
f 5321//5959 5320//5958 5322//5960
f 5321//5959 5322//5960 5323//5961
f 5323//5961 5322//5960 5324//5962
f 5323//5961 5324//5962 5325//5963
f 5325//5963 5324//5962 5113//5751
f 4392//5031 4391//5030 5326//5964
f 5326//5964 4391//5030 5327//5965
f 5326//5964 5327//5965 5328//5966
f 5328//5966 5327//5965 5329//5967
f 5328//5966 5329//5967 5330//5968
f 5330//5968 5329//5967 5331//5969
f 5330//5968 5331//5969 5332//5970
f 5332//5970 5331//5969 5333//5971
f 5332//5970 5333//5971 5334//5972
f 5334//5972 5333//5971 5335//5973
f 5334//5972 5335//5973 5336//5974
f 5336//5974 5335//5973 5337//5975
f 5336//5974 5337//5975 5338//5976
f 5338//5976 5337//5975 5339//5977
f 5338//5976 5339//5977 5340//5978
f 5340//5978 5339//5977 5111//5749
f 4389//5028 4388//5027 5341//5979
f 5341//5979 4388//5027 5342//5980
f 5341//5979 5342//5980 5343//5981
f 5343//5981 5342//5980 5344//5982
f 5343//5981 5344//5982 5345//5983
f 5345//5983 5344//5982 5346//5984
f 5345//5983 5346//5984 5347//5985
f 5347//5985 5346//5984 5348//5986
f 5347//5985 5348//5986 5349//5987
f 5349//5987 5348//5986 5350//5988
f 5349//5987 5350//5988 5351//5989
f 5351//5989 5350//5988 5352//5990
f 5351//5989 5352//5990 5353//5991
f 5353//5991 5352//5990 5354//5992
f 5353//5991 5354//5992 5355//5993
f 5355//5993 5354//5992 5110//5748
f 4394//5033 4393//5032 5356//5994
f 5356//5994 4393//5032 5131//5769
f 5356//5994 5131//5769 5357//5995
f 5357//5995 5131//5769 5133//5771
f 5357//5995 5133//5771 5358//5996
f 5358//5996 5133//5771 5135//5773
f 5358//5996 5135//5773 5359//5997
f 5359//5997 5135//5773 5137//5775
f 5359//5997 5137//5775 5360//5998
f 5360//5998 5137//5775 5139//5777
f 5360//5998 5139//5777 5361//5999
f 5361//5999 5139//5777 5141//5779
f 5361//5999 5141//5779 5362//6000
f 5362//6000 5141//5779 5143//5781
f 5362//6000 5143//5781 5363//6001
f 5363//6001 5143//5781 5145//5783
f 5363//6001 5145//5783 4571//5206
f 4571//5206 5145//5783 4443//5078
f 5130//5768 4448//5083 5145//5783
f 5145//5783 4448//5083 4449//5084
f 5145//5783 4449//5084 4443//5078
f 4450//5085 4446//5081 5364//6002
f 5364//6002 4446//5081 5130//5768
f 5364//6002 5130//5768 5365//6003
f 5365//6003 5130//5768 5144//5782
f 5365//6003 5144//5782 5366//6004
f 5366//6004 5144//5782 5142//5780
f 5366//6004 5142//5780 5367//6005
f 5367//6005 5142//5780 5140//5778
f 5367//6005 5140//5778 5368//6006
f 5368//6006 5140//5778 5138//5776
f 5368//6006 5138//5776 5369//6007
f 5369//6007 5138//5776 5136//5774
f 5369//6007 5136//5774 5370//6008
f 5370//6008 5136//5774 5134//5772
f 5370//6008 5134//5772 5371//6009
f 5371//6009 5134//5772 5132//5770
f 5371//6009 5132//5770 4385//5025
f 4385//5025 5132//5770 4383//5024
f 4385//5025 4386//5026 5371//6009
f 5371//6009 4386//5026 5146//5784
f 5371//6009 5146//5784 5370//6008
f 5370//6008 5146//5784 5148//5786
f 5370//6008 5148//5786 5369//6007
f 5369//6007 5148//5786 5150//5788
f 5369//6007 5150//5788 5368//6006
f 5368//6006 5150//5788 5152//5790
f 5368//6006 5152//5790 5367//6005
f 5367//6005 5152//5790 5154//5792
f 5367//6005 5154//5792 5366//6004
f 5366//6004 5154//5792 5156//5794
f 5366//6004 5156//5794 5365//6003
f 5365//6003 5156//5794 5158//5796
f 5365//6003 5158//5796 5364//6002
f 5364//6002 5158//5796 5160//5798
f 5364//6002 5160//5798 4450//5085
f 4450//5085 5160//5798 4451//5086
f 5129//5767 4454//5089 5160//5798
f 5160//5798 4454//5089 4453//5088
f 5160//5798 4453//5088 4451//5086
f 4458//5093 4459//5094 5128//5766
f 5128//5766 4459//5094 5129//5767
f 5128//5766 5129//5767 5372//6010
f 5372//6010 5129//5767 5159//5797
f 5372//6010 5159//5797 5373//6011
f 5373//6011 5159//5797 5157//5795
f 5373//6011 5157//5795 5374//6012
f 5374//6012 5157//5795 5155//5793
f 5374//6012 5155//5793 5375//6013
f 5375//6013 5155//5793 5153//5791
f 5375//6013 5153//5791 5376//6014
f 5376//6014 5153//5791 5151//5789
f 5376//6014 5151//5789 5377//6015
f 5377//6015 5151//5789 5149//5787
f 5377//6015 5149//5787 5378//6016
f 5378//6016 5149//5787 5147//5785
f 5378//6016 5147//5785 4412//5048
f 4412//5048 5147//5785 4413//5049
f 4460//5095 4456//5091 5379//6017
f 5379//6017 4456//5091 5128//5766
f 5379//6017 5128//5766 5380//6018
f 5380//6018 5128//5766 5372//6010
f 5380//6018 5372//6010 5381//6019
f 5381//6019 5372//6010 5373//6011
f 5381//6019 5373//6011 5382//6020
f 5382//6020 5373//6011 5374//6012
f 5382//6020 5374//6012 5383//6021
f 5383//6021 5374//6012 5375//6013
f 5383//6021 5375//6013 5384//6022
f 5384//6022 5375//6013 5376//6014
f 5384//6022 5376//6014 5385//6023
f 5385//6023 5376//6014 5377//6015
f 5385//6023 5377//6015 5386//6024
f 5386//6024 5377//6015 5378//6016
f 5386//6024 5378//6016 4411//5047
f 4411//5047 5378//6016 4412//5048
f 4411//5047 4428//5063 5386//6024
f 5386//6024 4428//5063 5161//5799
f 5386//6024 5161//5799 5385//6023
f 5385//6023 5161//5799 5163//5801
f 5385//6023 5163//5801 5384//6022
f 5384//6022 5163//5801 5165//5803
f 5384//6022 5165//5803 5383//6021
f 5383//6021 5165//5803 5167//5805
f 5383//6021 5167//5805 5382//6020
f 5382//6020 5167//5805 5169//5807
f 5382//6020 5169//5807 5381//6019
f 5381//6019 5169//5807 5171//5809
f 5381//6019 5171//5809 5380//6018
f 5380//6018 5171//5809 5173//5811
f 5380//6018 5173//5811 5379//6017
f 5379//6017 5173//5811 5175//5813
f 5379//6017 5175//5813 4460//5095
f 4460//5095 5175//5813 4461//5096
f 5127//5765 4465//5100 5175//5813
f 5175//5813 4465//5100 4466//5101
f 5175//5813 4466//5101 4461//5096
f 4467//5102 4463//5098 5387//6025
f 5387//6025 4463//5098 5127//5765
f 5387//6025 5127//5765 5388//6026
f 5388//6026 5127//5765 5174//5812
f 5388//6026 5174//5812 5389//6027
f 5389//6027 5174//5812 5172//5810
f 5389//6027 5172//5810 5390//6028
f 5390//6028 5172//5810 5170//5808
f 5390//6028 5170//5808 5391//6029
f 5391//6029 5170//5808 5168//5806
f 5391//6029 5168//5806 5392//6030
f 5392//6030 5168//5806 5166//5804
f 5392//6030 5166//5804 5393//6031
f 5393//6031 5166//5804 5164//5802
f 5393//6031 5164//5802 5394//6032
f 5394//6032 5164//5802 5162//5800
f 5394//6032 5162//5800 4426//5061
f 4426//5061 5162//5800 4427//5062
f 4426//5061 4410//5046 5394//6032
f 5394//6032 4410//5046 5395//6033
f 5394//6032 5395//6033 5393//6031
f 5393//6031 5395//6033 5396//6034
f 5393//6031 5396//6034 5392//6030
f 5392//6030 5396//6034 5397//6035
f 5392//6030 5397//6035 5391//6029
f 5391//6029 5397//6035 5398//6036
f 5391//6029 5398//6036 5390//6028
f 5390//6028 5398//6036 5399//6037
f 5390//6028 5399//6037 5389//6027
f 5389//6027 5399//6037 5400//6038
f 5389//6027 5400//6038 5388//6026
f 5388//6026 5400//6038 5401//6039
f 5388//6026 5401//6039 5387//6025
f 5387//6025 5401//6039 5126//5764
f 5387//6025 5126//5764 4467//5102
f 4467//5102 5126//5764 4468//5103
f 4471//5106 4470//5105 5190//5828
f 5190//5828 4470//5105 5126//5764
f 5190//5828 5126//5764 5188//5826
f 5188//5826 5126//5764 5401//6039
f 5188//5826 5401//6039 5186//5824
f 5186//5824 5401//6039 5400//6038
f 5186//5824 5400//6038 5184//5822
f 5184//5822 5400//6038 5399//6037
f 5184//5822 5399//6037 5182//5820
f 5182//5820 5399//6037 5398//6036
f 5182//5820 5398//6036 5180//5818
f 5180//5818 5398//6036 5397//6035
f 5180//5818 5397//6035 5178//5816
f 5178//5816 5397//6035 5396//6034
f 5178//5816 5396//6034 5176//5814
f 5176//5814 5396//6034 5395//6033
f 5176//5814 5395//6033 4409//5045
f 4409//5045 5395//6033 4410//5046
f 5125//5763 4475//5110 5190//5828
f 5190//5828 4475//5110 4476//5111
f 5190//5828 4476//5111 4471//5106
f 4477//5112 4473//5108 5402//6040
f 5402//6040 4473//5108 5125//5763
f 5402//6040 5125//5763 5403//6041
f 5403//6041 5125//5763 5189//5827
f 5403//6041 5189//5827 5404//6042
f 5404//6042 5189//5827 5187//5825
f 5404//6042 5187//5825 5405//6043
f 5405//6043 5187//5825 5185//5823
f 5405//6043 5185//5823 5406//6044
f 5406//6044 5185//5823 5183//5821
f 5406//6044 5183//5821 5407//6045
f 5407//6045 5183//5821 5181//5819
f 5407//6045 5181//5819 5408//6046
f 5408//6046 5181//5819 5179//5817
f 5408//6046 5179//5817 5409//6047
f 5409//6047 5179//5817 5177//5815
f 5409//6047 5177//5815 4400//5038
f 4400//5038 5177//5815 4408//5044
f 4400//5038 4402//5039 5409//6047
f 5409//6047 4402//5039 5191//5829
f 5409//6047 5191//5829 5408//6046
f 5408//6046 5191//5829 5193//5831
f 5408//6046 5193//5831 5407//6045
f 5407//6045 5193//5831 5195//5833
f 5407//6045 5195//5833 5406//6044
f 5406//6044 5195//5833 5197//5835
f 5406//6044 5197//5835 5405//6043
f 5405//6043 5197//5835 5199//5837
f 5405//6043 5199//5837 5404//6042
f 5404//6042 5199//5837 5201//5839
f 5404//6042 5201//5839 5403//6041
f 5403//6041 5201//5839 5203//5841
f 5403//6041 5203//5841 5402//6040
f 5402//6040 5203//5841 5205//5843
f 5402//6040 5205//5843 4477//5112
f 4477//5112 5205//5843 4478//5113
f 5124//5762 4481//5116 5205//5843
f 5205//5843 4481//5116 4480//5115
f 5205//5843 4480//5115 4478//5113
f 4484//5119 4483//5118 5410//6048
f 5410//6048 4483//5118 5124//5762
f 5410//6048 5124//5762 5411//6049
f 5411//6049 5124//5762 5204//5842
f 5411//6049 5204//5842 5412//6050
f 5412//6050 5204//5842 5202//5840
f 5412//6050 5202//5840 5413//6051
f 5413//6051 5202//5840 5200//5838
f 5413//6051 5200//5838 5414//6052
f 5414//6052 5200//5838 5198//5836
f 5414//6052 5198//5836 5415//6053
f 5415//6053 5198//5836 5196//5834
f 5415//6053 5196//5834 5416//6054
f 5416//6054 5196//5834 5194//5832
f 5416//6054 5194//5832 5417//6055
f 5417//6055 5194//5832 5192//5830
f 5417//6055 5192//5830 4431//5066
f 4431//5066 5192//5830 4403//5040
f 4431//5066 4430//5065 5417//6055
f 5417//6055 4430//5065 5418//6056
f 5417//6055 5418//6056 5416//6054
f 5416//6054 5418//6056 5419//6057
f 5416//6054 5419//6057 5415//6053
f 5415//6053 5419//6057 5420//6058
f 5415//6053 5420//6058 5414//6052
f 5414//6052 5420//6058 5421//6059
f 5414//6052 5421//6059 5413//6051
f 5413//6051 5421//6059 5422//6060
f 5413//6051 5422//6060 5412//6050
f 5412//6050 5422//6060 5423//6061
f 5412//6050 5423//6061 5411//6049
f 5411//6049 5423//6061 5424//6062
f 5411//6049 5424//6062 5410//6048
f 5410//6048 5424//6062 5425//6063
f 5410//6048 5425//6063 4484//5119
f 4484//5119 5425//6063 4486//5121
f 4430//5065 4429//5064 5418//6056
f 5418//6056 4429//5064 5206//5844
f 5418//6056 5206//5844 5419//6057
f 5419//6057 5206//5844 5208//5846
f 5419//6057 5208//5846 5420//6058
f 5420//6058 5208//5846 5210//5848
f 5420//6058 5210//5848 5421//6059
f 5421//6059 5210//5848 5212//5850
f 5421//6059 5212//5850 5422//6060
f 5422//6060 5212//5850 5214//5852
f 5422//6060 5214//5852 5423//6061
f 5423//6061 5214//5852 5216//5854
f 5423//6061 5216//5854 5424//6062
f 5424//6062 5216//5854 5218//5856
f 5424//6062 5218//5856 5425//6063
f 5425//6063 5218//5856 5220//5858
f 5425//6063 5220//5858 4486//5121
f 4486//5121 5220//5858 4487//5122
f 5123//5761 4491//5126 5220//5858
f 5220//5858 4491//5126 4492//5127
f 5220//5858 4492//5127 4487//5122
f 4493//5128 4489//5124 5426//6064
f 5426//6064 4489//5124 5123//5761
f 5426//6064 5123//5761 5427//6065
f 5427//6065 5123//5761 5219//5857
f 5427//6065 5219//5857 5428//6066
f 5428//6066 5219//5857 5217//5855
f 5428//6066 5217//5855 5429//6067
f 5429//6067 5217//5855 5215//5853
f 5429//6067 5215//5853 5430//6068
f 5430//6068 5215//5853 5213//5851
f 5430//6068 5213//5851 5431//6069
f 5431//6069 5213//5851 5211//5849
f 5431//6069 5211//5849 5432//6070
f 5432//6070 5211//5849 5209//5847
f 5432//6070 5209//5847 5433//6071
f 5433//6071 5209//5847 5207//5845
f 5433//6071 5207//5845 4397//5036
f 4397//5036 5207//5845 4399//5037
f 4397//5036 4396//5035 5433//6071
f 5433//6071 4396//5035 5221//5859
f 5433//6071 5221//5859 5432//6070
f 5432//6070 5221//5859 5223//5861
f 5432//6070 5223//5861 5431//6069
f 5431//6069 5223//5861 5225//5863
f 5431//6069 5225//5863 5430//6068
f 5430//6068 5225//5863 5227//5865
f 5430//6068 5227//5865 5429//6067
f 5429//6067 5227//5865 5229//5867
f 5429//6067 5229//5867 5428//6066
f 5428//6066 5229//5867 5231//5869
f 5428//6066 5231//5869 5427//6065
f 5427//6065 5231//5869 5233//5871
f 5427//6065 5233//5871 5426//6064
f 5426//6064 5233//5871 5235//5873
f 5426//6064 5235//5873 4493//5128
f 4493//5128 5235//5873 4494//5129
f 5122//5760 4497//5132 5235//5873
f 5235//5873 4497//5132 4496//5131
f 5235//5873 4496//5131 4494//5129
f 4501//5136 4502//5137 5121//5759
f 5121//5759 4502//5137 5122//5760
f 5121//5759 5122//5760 5434//6072
f 5434//6072 5122//5760 5234//5872
f 5434//6072 5234//5872 5435//6073
f 5435//6073 5234//5872 5232//5870
f 5435//6073 5232//5870 5436//6074
f 5436//6074 5232//5870 5230//5868
f 5436//6074 5230//5868 5437//6075
f 5437//6075 5230//5868 5228//5866
f 5437//6075 5228//5866 5438//6076
f 5438//6076 5228//5866 5226//5864
f 5438//6076 5226//5864 5439//6077
f 5439//6077 5226//5864 5224//5862
f 5439//6077 5224//5862 5440//6078
f 5440//6078 5224//5862 5222//5860
f 5440//6078 5222//5860 4415//5051
f 4415//5051 5222//5860 4416//5052
f 4503//5138 4499//5134 5441//6079
f 5441//6079 4499//5134 5121//5759
f 5441//6079 5121//5759 5442//6080
f 5442//6080 5121//5759 5434//6072
f 5442//6080 5434//6072 5443//6081
f 5443//6081 5434//6072 5435//6073
f 5443//6081 5435//6073 5444//6082
f 5444//6082 5435//6073 5436//6074
f 5444//6082 5436//6074 5445//6083
f 5445//6083 5436//6074 5437//6075
f 5445//6083 5437//6075 5446//6084
f 5446//6084 5437//6075 5438//6076
f 5446//6084 5438//6076 5447//6085
f 5447//6085 5438//6076 5439//6077
f 5447//6085 5439//6077 5448//6086
f 5448//6086 5439//6077 5440//6078
f 5448//6086 5440//6078 4414//5050
f 4414//5050 5440//6078 4415//5051
f 4414//5050 4434//5069 5448//6086
f 5448//6086 4434//5069 5236//5874
f 5448//6086 5236//5874 5447//6085
f 5447//6085 5236//5874 5238//5876
f 5447//6085 5238//5876 5446//6084
f 5446//6084 5238//5876 5240//5878
f 5446//6084 5240//5878 5445//6083
f 5445//6083 5240//5878 5242//5880
f 5445//6083 5242//5880 5444//6082
f 5444//6082 5242//5880 5244//5882
f 5444//6082 5244//5882 5443//6081
f 5443//6081 5244//5882 5246//5884
f 5443//6081 5246//5884 5442//6080
f 5442//6080 5246//5884 5248//5886
f 5442//6080 5248//5886 5441//6079
f 5441//6079 5248//5886 5250//5888
f 5441//6079 5250//5888 4503//5138
f 4503//5138 5250//5888 4504//5139
f 5120//5758 4508//5143 5250//5888
f 5250//5888 4508//5143 4509//5144
f 5250//5888 4509//5144 4504//5139
f 4510//5145 4506//5141 5449//6087
f 5449//6087 4506//5141 5120//5758
f 5449//6087 5120//5758 5450//6088
f 5450//6088 5120//5758 5249//5887
f 5450//6088 5249//5887 5451//6089
f 5451//6089 5249//5887 5247//5885
f 5451//6089 5247//5885 5452//6090
f 5452//6090 5247//5885 5245//5883
f 5452//6090 5245//5883 5453//6091
f 5453//6091 5245//5883 5243//5881
f 5453//6091 5243//5881 5454//6092
f 5454//6092 5243//5881 5241//5879
f 5454//6092 5241//5879 5455//6093
f 5455//6093 5241//5879 5239//5877
f 5455//6093 5239//5877 5456//6094
f 5456//6094 5239//5877 5237//5875
f 5456//6094 5237//5875 4432//5067
f 4432//5067 5237//5875 4433//5068
f 4432//5067 4407//5043 5456//6094
f 5456//6094 4407//5043 5457//6095
f 5456//6094 5457//6095 5455//6093
f 5455//6093 5457//6095 5458//6096
f 5455//6093 5458//6096 5454//6092
f 5454//6092 5458//6096 5459//6097
f 5454//6092 5459//6097 5453//6091
f 5453//6091 5459//6097 5460//6098
f 5453//6091 5460//6098 5452//6090
f 5452//6090 5460//6098 5461//6099
f 5452//6090 5461//6099 5451//6089
f 5451//6089 5461//6099 5462//6100
f 5451//6089 5462//6100 5450//6088
f 5450//6088 5462//6100 5463//6101
f 5450//6088 5463//6101 5449//6087
f 5449//6087 5463//6101 5119//5757
f 5449//6087 5119//5757 4510//5145
f 4510//5145 5119//5757 4511//5146
f 4514//5149 4513//5148 5265//5903
f 5265//5903 4513//5148 5119//5757
f 5265//5903 5119//5757 5263//5901
f 5263//5901 5119//5757 5463//6101
f 5263//5901 5463//6101 5261//5899
f 5261//5899 5463//6101 5462//6100
f 5261//5899 5462//6100 5259//5897
f 5259//5897 5462//6100 5461//6099
f 5259//5897 5461//6099 5257//5895
f 5257//5895 5461//6099 5460//6098
f 5257//5895 5460//6098 5255//5893
f 5255//5893 5460//6098 5459//6097
f 5255//5893 5459//6097 5253//5891
f 5253//5891 5459//6097 5458//6096
f 5253//5891 5458//6096 5251//5889
f 5251//5889 5458//6096 5457//6095
f 5251//5889 5457//6095 4405//5042
f 4405//5042 5457//6095 4407//5043
f 5118//5756 4518//5153 5265//5903
f 5265//5903 4518//5153 4519//5154
f 5265//5903 4519//5154 4514//5149
f 4520//5155 4516//5151 5464//6102
f 5464//6102 4516//5151 5118//5756
f 5464//6102 5118//5756 5465//6103
f 5465//6103 5118//5756 5264//5902
f 5465//6103 5264//5902 5466//6104
f 5466//6104 5264//5902 5262//5900
f 5466//6104 5262//5900 5467//6105
f 5467//6105 5262//5900 5260//5898
f 5467//6105 5260//5898 5468//6106
f 5468//6106 5260//5898 5258//5896
f 5468//6106 5258//5896 5469//6107
f 5469//6107 5258//5896 5256//5894
f 5469//6107 5256//5894 5470//6108
f 5470//6108 5256//5894 5254//5892
f 5470//6108 5254//5892 5471//6109
f 5471//6109 5254//5892 5252//5890
f 5471//6109 5252//5890 4442//5077
f 4442//5077 5252//5890 4404//5041
f 4442//5077 4441//5076 5471//6109
f 5471//6109 4441//5076 5266//5904
f 5471//6109 5266//5904 5470//6108
f 5470//6108 5266//5904 5268//5906
f 5470//6108 5268//5906 5469//6107
f 5469//6107 5268//5906 5270//5908
f 5469//6107 5270//5908 5468//6106
f 5468//6106 5270//5908 5272//5910
f 5468//6106 5272//5910 5467//6105
f 5467//6105 5272//5910 5274//5912
f 5467//6105 5274//5912 5466//6104
f 5466//6104 5274//5912 5276//5914
f 5466//6104 5276//5914 5465//6103
f 5465//6103 5276//5914 5278//5916
f 5465//6103 5278//5916 5464//6102
f 5464//6102 5278//5916 5280//5918
f 5464//6102 5280//5918 4520//5155
f 4520//5155 5280//5918 4521//5156
f 5117//5755 4524//5159 5280//5918
f 5280//5918 4524//5159 4523//5158
f 5280//5918 4523//5158 4521//5156
f 4527//5162 4526//5161 5472//6110
f 5472//6110 4526//5161 5117//5755
f 5472//6110 5117//5755 5473//6111
f 5473//6111 5117//5755 5279//5917
f 5473//6111 5279//5917 5474//6112
f 5474//6112 5279//5917 5277//5915
f 5474//6112 5277//5915 5475//6113
f 5475//6113 5277//5915 5275//5913
f 5475//6113 5275//5913 5476//6114
f 5476//6114 5275//5913 5273//5911
f 5476//6114 5273//5911 5477//6115
f 5477//6115 5273//5911 5271//5909
f 5477//6115 5271//5909 5478//6116
f 5478//6116 5271//5909 5269//5907
f 5478//6116 5269//5907 5479//6117
f 5479//6117 5269//5907 5267//5905
f 5479//6117 5267//5905 4437//5072
f 4437//5072 5267//5905 4438//5073
f 4437//5072 4436//5071 5479//6117
f 5479//6117 4436//5071 5480//6118
f 5479//6117 5480//6118 5478//6116
f 5478//6116 5480//6118 5481//6119
f 5478//6116 5481//6119 5477//6115
f 5477//6115 5481//6119 5482//6120
f 5477//6115 5482//6120 5476//6114
f 5476//6114 5482//6120 5483//6121
f 5476//6114 5483//6121 5475//6113
f 5475//6113 5483//6121 5484//6122
f 5475//6113 5484//6122 5474//6112
f 5474//6112 5484//6122 5485//6123
f 5474//6112 5485//6123 5473//6111
f 5473//6111 5485//6123 5486//6124
f 5473//6111 5486//6124 5472//6110
f 5472//6110 5486//6124 5487//6125
f 5472//6110 5487//6125 4527//5162
f 4527//5162 5487//6125 4529//5164
f 4436//5071 4435//5070 5480//6118
f 5480//6118 4435//5070 5281//5919
f 5480//6118 5281//5919 5481//6119
f 5481//6119 5281//5919 5283//5921
f 5481//6119 5283//5921 5482//6120
f 5482//6120 5283//5921 5285//5923
f 5482//6120 5285//5923 5483//6121
f 5483//6121 5285//5923 5287//5925
f 5483//6121 5287//5925 5484//6122
f 5484//6122 5287//5925 5289//5927
f 5484//6122 5289//5927 5485//6123
f 5485//6123 5289//5927 5291//5929
f 5485//6123 5291//5929 5486//6124
f 5486//6124 5291//5929 5293//5931
f 5486//6124 5293//5931 5487//6125
f 5487//6125 5293//5931 5295//5933
f 5487//6125 5295//5933 4529//5164
f 4529//5164 5295//5933 4530//5165
f 5116//5754 4534//5169 5295//5933
f 5295//5933 4534//5169 4535//5170
f 5295//5933 4535//5170 4530//5165
f 4536//5171 4532//5167 5488//6126
f 5488//6126 4532//5167 5116//5754
f 5488//6126 5116//5754 5489//6127
f 5489//6127 5116//5754 5294//5932
f 5489//6127 5294//5932 5490//6128
f 5490//6128 5294//5932 5292//5930
f 5490//6128 5292//5930 5491//6129
f 5491//6129 5292//5930 5290//5928
f 5491//6129 5290//5928 5492//6130
f 5492//6130 5290//5928 5288//5926
f 5492//6130 5288//5926 5493//6131
f 5493//6131 5288//5926 5286//5924
f 5493//6131 5286//5924 5494//6132
f 5494//6132 5286//5924 5284//5922
f 5494//6132 5284//5922 5495//6133
f 5495//6133 5284//5922 5282//5920
f 5495//6133 5282//5920 4420//5055
f 4420//5055 5282//5920 4421//5056
f 4420//5055 4418//5054 5495//6133
f 5495//6133 4418//5054 5296//5934
f 5495//6133 5296//5934 5494//6132
f 5494//6132 5296//5934 5298//5936
f 5494//6132 5298//5936 5493//6131
f 5493//6131 5298//5936 5300//5938
f 5493//6131 5300//5938 5492//6130
f 5492//6130 5300//5938 5302//5940
f 5492//6130 5302//5940 5491//6129
f 5491//6129 5302//5940 5304//5942
f 5491//6129 5304//5942 5490//6128
f 5490//6128 5304//5942 5306//5944
f 5490//6128 5306//5944 5489//6127
f 5489//6127 5306//5944 5308//5946
f 5489//6127 5308//5946 5488//6126
f 5488//6126 5308//5946 5310//5948
f 5488//6126 5310//5948 4536//5171
f 4536//5171 5310//5948 4537//5172
f 5115//5753 4540//5175 5310//5948
f 5310//5948 4540//5175 4539//5174
f 5310//5948 4539//5174 4537//5172
f 4544//5179 4545//5180 5114//5752
f 5114//5752 4545//5180 5115//5753
f 5114//5752 5115//5753 5496//6134
f 5496//6134 5115//5753 5309//5947
f 5496//6134 5309//5947 5497//6135
f 5497//6135 5309//5947 5307//5945
f 5497//6135 5307//5945 5498//6136
f 5498//6136 5307//5945 5305//5943
f 5498//6136 5305//5943 5499//6137
f 5499//6137 5305//5943 5303//5941
f 5499//6137 5303//5941 5500//6138
f 5500//6138 5303//5941 5301//5939
f 5500//6138 5301//5939 5501//6139
f 5501//6139 5301//5939 5299//5937
f 5501//6139 5299//5937 5502//6140
f 5502//6140 5299//5937 5297//5935
f 5502//6140 5297//5935 4440//5075
f 4440//5075 5297//5935 4417//5053
f 4546//5181 4542//5177 5503//6141
f 5503//6141 4542//5177 5114//5752
f 5503//6141 5114//5752 5504//6142
f 5504//6142 5114//5752 5496//6134
f 5504//6142 5496//6134 5505//6143
f 5505//6143 5496//6134 5497//6135
f 5505//6143 5497//6135 5506//6144
f 5506//6144 5497//6135 5498//6136
f 5506//6144 5498//6136 5507//6145
f 5507//6145 5498//6136 5499//6137
f 5507//6145 5499//6137 5508//6146
f 5508//6146 5499//6137 5500//6138
f 5508//6146 5500//6138 5509//6147
f 5509//6147 5500//6138 5501//6139
f 5509//6147 5501//6139 5510//6148
f 5510//6148 5501//6139 5502//6140
f 5510//6148 5502//6140 4439//5074
f 4439//5074 5502//6140 4440//5075
f 4439//5074 4425//5060 5510//6148
f 5510//6148 4425//5060 5311//5949
f 5510//6148 5311//5949 5509//6147
f 5509//6147 5311//5949 5313//5951
f 5509//6147 5313//5951 5508//6146
f 5508//6146 5313//5951 5315//5953
f 5508//6146 5315//5953 5507//6145
f 5507//6145 5315//5953 5317//5955
f 5507//6145 5317//5955 5506//6144
f 5506//6144 5317//5955 5319//5957
f 5506//6144 5319//5957 5505//6143
f 5505//6143 5319//5957 5321//5959
f 5505//6143 5321//5959 5504//6142
f 5504//6142 5321//5959 5323//5961
f 5504//6142 5323//5961 5503//6141
f 5503//6141 5323//5961 5325//5963
f 5503//6141 5325//5963 4546//5181
f 4546//5181 5325//5963 4547//5182
f 5113//5751 4551//5186 5325//5963
f 5325//5963 4551//5186 4552//5187
f 5325//5963 4552//5187 4547//5182
f 4553//5188 4549//5184 5511//6149
f 5511//6149 4549//5184 5113//5751
f 5511//6149 5113//5751 5512//6150
f 5512//6150 5113//5751 5324//5962
f 5512//6150 5324//5962 5513//6151
f 5513//6151 5324//5962 5322//5960
f 5513//6151 5322//5960 5514//6152
f 5514//6152 5322//5960 5320//5958
f 5514//6152 5320//5958 5515//6153
f 5515//6153 5320//5958 5318//5956
f 5515//6153 5318//5956 5516//6154
f 5516//6154 5318//5956 5316//5954
f 5516//6154 5316//5954 5517//6155
f 5517//6155 5316//5954 5314//5952
f 5517//6155 5314//5952 5518//6156
f 5518//6156 5314//5952 5312//5950
f 5518//6156 5312//5950 4423//5058
f 4423//5058 5312//5950 4424//5059
f 4423//5058 4422//5057 5518//6156
f 5518//6156 4422//5057 5519//6157
f 5518//6156 5519//6157 5517//6155
f 5517//6155 5519//6157 5520//6158
f 5517//6155 5520//6158 5516//6154
f 5516//6154 5520//6158 5521//6159
f 5516//6154 5521//6159 5515//6153
f 5515//6153 5521//6159 5522//6160
f 5515//6153 5522//6160 5514//6152
f 5514//6152 5522//6160 5523//6161
f 5514//6152 5523//6161 5513//6151
f 5513//6151 5523//6161 5524//6162
f 5513//6151 5524//6162 5512//6150
f 5512//6150 5524//6162 5525//6163
f 5512//6150 5525//6163 5511//6149
f 5511//6149 5525//6163 5112//5750
f 5511//6149 5112//5750 4553//5188
f 4553//5188 5112//5750 4554//5189
f 4557//5192 4556//5191 5340//5978
f 5340//5978 4556//5191 5112//5750
f 5340//5978 5112//5750 5338//5976
f 5338//5976 5112//5750 5525//6163
f 5338//5976 5525//6163 5336//5974
f 5336//5974 5525//6163 5524//6162
f 5336//5974 5524//6162 5334//5972
f 5334//5972 5524//6162 5523//6161
f 5334//5972 5523//6161 5332//5970
f 5332//5970 5523//6161 5522//6160
f 5332//5970 5522//6160 5330//5968
f 5330//5968 5522//6160 5521//6159
f 5330//5968 5521//6159 5328//5966
f 5328//5966 5521//6159 5520//6158
f 5328//5966 5520//6158 5326//5964
f 5326//5964 5520//6158 5519//6157
f 5326//5964 5519//6157 4392//5031
f 4392//5031 5519//6157 4422//5057
f 5111//5749 4561//5196 5340//5978
f 5340//5978 4561//5196 4562//5197
f 5340//5978 4562//5197 4557//5192
f 4563//5198 4559//5194 5526//6164
f 5526//6164 4559//5194 5111//5749
f 5526//6164 5111//5749 5527//6165
f 5527//6165 5111//5749 5339//5977
f 5527//6165 5339//5977 5528//6166
f 5528//6166 5339//5977 5337//5975
f 5528//6166 5337//5975 5529//6167
f 5529//6167 5337//5975 5335//5973
f 5529//6167 5335//5973 5530//6168
f 5530//6168 5335//5973 5333//5971
f 5530//6168 5333//5971 5531//6169
f 5531//6169 5333//5971 5331//5969
f 5531//6169 5331//5969 5532//6170
f 5532//6170 5331//5969 5329//5967
f 5532//6170 5329//5967 5533//6171
f 5533//6171 5329//5967 5327//5965
f 5533//6171 5327//5965 4390//5029
f 4390//5029 5327//5965 4391//5030
f 4390//5029 4389//5028 5533//6171
f 5533//6171 4389//5028 5341//5979
f 5533//6171 5341//5979 5532//6170
f 5532//6170 5341//5979 5343//5981
f 5532//6170 5343//5981 5531//6169
f 5531//6169 5343//5981 5345//5983
f 5531//6169 5345//5983 5530//6168
f 5530//6168 5345//5983 5347//5985
f 5530//6168 5347//5985 5529//6167
f 5529//6167 5347//5985 5349//5987
f 5529//6167 5349//5987 5528//6166
f 5528//6166 5349//5987 5351//5989
f 5528//6166 5351//5989 5527//6165
f 5527//6165 5351//5989 5353//5991
f 5527//6165 5353//5991 5526//6164
f 5526//6164 5353//5991 5355//5993
f 5526//6164 5355//5993 4563//5198
f 4563//5198 5355//5993 4564//5199
f 5110//5748 4567//5202 5355//5993
f 5355//5993 4567//5202 4566//5201
f 5355//5993 4566//5201 4564//5199
f 4570//5205 4569//5204 5534//6172
f 5534//6172 4569//5204 5110//5748
f 5534//6172 5110//5748 5535//6173
f 5535//6173 5110//5748 5354//5992
f 5535//6173 5354//5992 5536//6174
f 5536//6174 5354//5992 5352//5990
f 5536//6174 5352//5990 5537//6175
f 5537//6175 5352//5990 5350//5988
f 5537//6175 5350//5988 5538//6176
f 5538//6176 5350//5988 5348//5986
f 5538//6176 5348//5986 5539//6177
f 5539//6177 5348//5986 5346//5984
f 5539//6177 5346//5984 5540//6178
f 5540//6178 5346//5984 5344//5982
f 5540//6178 5344//5982 5541//6179
f 5541//6179 5344//5982 5342//5980
f 5541//6179 5342//5980 4395//5034
f 4395//5034 5342//5980 4388//5027
f 4395//5034 4394//5033 5541//6179
f 5541//6179 4394//5033 5356//5994
f 5541//6179 5356//5994 5540//6178
f 5540//6178 5356//5994 5357//5995
f 5540//6178 5357//5995 5539//6177
f 5539//6177 5357//5995 5358//5996
f 5539//6177 5358//5996 5538//6176
f 5538//6176 5358//5996 5359//5997
f 5538//6176 5359//5997 5537//6175
f 5537//6175 5359//5997 5360//5998
f 5537//6175 5360//5998 5536//6174
f 5536//6174 5360//5998 5361//5999
f 5536//6174 5361//5999 5535//6173
f 5535//6173 5361//5999 5362//6000
f 5535//6173 5362//6000 5534//6172
f 5534//6172 5362//6000 5363//6001
f 5534//6172 5363//6001 4570//5205
f 4570//5205 5363//6001 4571//5206
f 5542//6180 4387//6181 5543//6181
f 5543//6181 4387//6181 4419//6181
f 5543//6181 4419//6181 5544//6181
f 5545//6182 4384//6182 5546//6182
f 5546//6182 4384//6182 4387//6182
f 5546//6182 4387//6182 5542//6182
f 5547//6183 4401//6183 5548//6183
f 5548//6183 4401//6183 4384//6183
f 5548//6183 4384//6183 5545//6183
f 5549//6184 4398//6184 5550//6184
f 5550//6184 4398//6184 4401//6184
f 5550//6184 4401//6184 5547//6185
f 5551//6186 4406//6186 5552//6186
f 5552//6186 4406//6186 4398//6186
f 5552//6186 4398//6186 5549//6186
f 5544//6187 4419//6187 5553//6187
f 5553//6187 4419//6187 4406//6187
f 5553//6187 4406//6187 5551//6187
f 5550//4007 5554//4007 5549//4007
f 5549//4007 5554//4007 5555//4007
f 5549//4007 5555//4007 5556//4007
f 5556//4007 5557//4007 5549//4007
f 5549//4007 5557//4007 5558//4007
f 5549//4007 5558//4007 5552//4007
f 5559//4007 5550//4007 5547//4007
f 5548//4007 5560//4007 5547//4007
f 5547//4007 5560//4007 5561//4007
f 5561//4007 5562//4007 5547//4007
f 5547//4007 5562//4007 5563//4007
f 5547//4007 5563//4007 5559//4007
f 5546//4007 5564//4007 5545//4007
f 5545//4007 5564//4007 5565//4007
f 5545//4007 5565//4007 5566//4007
f 5566//4007 5567//4007 5545//4007
f 5545//4007 5567//4007 5568//4007
f 5545//4007 5568//4007 5548//4007
f 5542//4007 5543//4007 5569//4007
f 5546//4007 5542//4007 5570//4007
f 5570//4007 5542//4007 5571//4007
f 5569//4007 5572//4007 5542//4007
f 5542//4007 5572//4007 5573//4007
f 5542//4007 5573//4007 5571//4007
f 5553//4007 5574//4007 5544//4007
f 5544//4007 5574//4007 5575//4007
f 5544//4007 5575//4007 5576//4007
f 5576//4007 5577//4007 5544//4007
f 5544//4007 5577//4007 5578//4007
f 5544//4007 5578//4007 5543//4007
f 5552//4007 5579//4007 5551//4007
f 5551//4007 5579//4007 5580//4007
f 5551//4007 5580//4007 5581//4007
f 5581//4007 5582//4007 5551//4007
f 5551//4007 5582//4007 5583//4007
f 5551//4007 5583//4007 5553//4007
f 5584//4007 5570//6188 5571//6189
f 5546//6190 5570//6188 5584//4007
f 5584//4007 5572//6191 5569//6192
f 5573//6193 5572//6191 5584//4007
f 5571//6189 5573//6193 5584//4007
f 5584//4007 5578//6194 5577//6195
f 5543//6196 5578//6194 5584//4007
f 5569//6192 5543//6196 5584//4007
f 5584//4007 5575//6197 5574//6198
f 5576//6199 5575//6197 5584//4007
f 5577//6195 5576//6199 5584//4007
f 5584//4007 5583//6200 5582//6201
f 5553//6202 5583//6200 5584//4007
f 5574//6198 5553//6202 5584//4007
f 5584//4007 5580//6203 5579//6204
f 5581//6205 5580//6203 5584//4007
f 5582//6201 5581//6205 5584//4007
f 5584//4007 5558//6206 5557//6207
f 5552//6208 5558//6206 5584//4007
f 5579//6204 5552//6208 5584//4007
f 5584//4007 5555//6209 5554//6210
f 5556//6211 5555//6209 5584//4007
f 5557//6207 5556//6211 5584//4007
f 5584//4007 5559//6212 5563//6213
f 5550//6214 5559//6212 5584//4007
f 5554//6210 5550//6214 5584//4007
f 5584//4007 5561//6215 5560//6216
f 5562//6217 5561//6215 5584//4007
f 5563//6213 5562//6217 5584//4007
f 5584//4007 5568//6218 5567//6219
f 5548//6220 5568//6218 5584//4007
f 5560//6216 5548//6220 5584//4007
f 5584//4007 5565//6221 5564//6222
f 5566//6223 5565//6221 5584//4007
f 5567//6219 5566//6223 5584//4007
f 5564//6222 5546//6190 5584//4007
# Vertices: 2404, normals: 2401, texture coordinates: 0, faces: 4800

