# File generated by ImageToStl.com - Free Image and 3D model conversion tools

mtllib D116-G-proximal.mtl

o obj1
v -0.01382362 -0.04025096 0.00894343
v -0.01380459 -0.04019556 0.010702
v -0.01821826 -0.0383972 0.010702
v -0.01824338 -0.03845012 0.00894343
v 0.04019556 -0.01380459 0.010702
v 0.03839719 -0.01821826 0.010702
v 0.03845012 -0.01824337 0.00894342
v 0.04025096 -0.01382362 0.00894342
v 0.00024583 -0.04249929 0.010702
v 0.00024617 -0.04255787 0.00894343
v 0.00500959 -0.04226271 0.00894343
v 0.00500269 -0.04220454 0.010702
v -0.02281914 0.03585439 0.010702
v -0.01866124 0.03818388 0.010702
v -0.01868696 0.0382365 0.00894343
v -0.0228506 0.0359038 0.00894343
v -0.02991889 -0.03026702 0.00894343
v -0.02987771 -0.03022536 0.010702
v -0.03307401 -0.02669007 0.010702
v -0.0331196 -0.02672686 0.00894343
v 0.04220454 0.0050027 0.010702
v 0.04226271 0.00500959 0.00894342
v 0.04143607 0.00971001 0.00894342
v 0.04137904 0.00969665 0.010702
v 0.02669007 -0.03307401 0.010702
v 0.02672686 -0.0331196 0.00894343
v 0.03026702 -0.02991889 0.00894343
v 0.03022536 -0.02987771 0.010702
v 0.01380459 0.04019556 0.010702
v 0.01821826 0.0383972 0.010702
v 0.01824337 0.03845012 0.00894343
v 0.01382361 0.04025096 0.00894343
v -0.02243371 -0.03616574 0.00894343
v -0.02240284 -0.03611597 0.010702
v -0.02630568 -0.03338056 0.010702
v -0.02634194 -0.03342656 0.00894343
v -0.04255787 -0.00024617 0.00894343
v -0.0424993 -0.00024583 0.010702
v -0.04225959 0.00451413 0.010702
v -0.04231784 0.00452035 0.00894343
v -0.03338056 0.02630568 0.010702
v -0.03342657 0.02634193 0.00894343
v -0.03616575 0.02243371 0.00894343
v -0.03611597 0.02240283 0.010702
v -0.00452035 -0.04231783 0.00894343
v -0.00451413 -0.04225959 0.010702
v -0.00921731 -0.04148845 0.010702
v -0.00923002 -0.04154563 0.00894343
v 0.00451412 0.04225959 0.010702
v 0.00921732 0.04148845 0.010702
v 0.00923002 0.04154563 0.00894343
v 0.00452034 0.04231783 0.00894343
v -0.04019556 0.01380459 0.010702
v -0.04025096 0.01382362 0.00894343
v -0.04154564 0.00923002 0.00894343
v -0.04148845 0.00921731 0.010702
v 0.01866123 -0.03818388 0.010702
v 0.01868696 -0.0382365 0.00894343
v 0.02285059 -0.0359038 0.00894343
v 0.02281913 -0.03585439 0.010702
v 0.01426866 -0.04003318 0.010702
v 0.00969665 -0.04137904 0.010702
v 0.00971001 -0.04143607 0.00894343
v 0.01428833 -0.04008836 0.00894343
v -0.00024583 0.04249929 0.010702
v -0.00024617 0.04255787 0.00894343
v -0.02672686 0.0331196 0.00894343
v -0.02669007 0.03307401 0.010702
v -0.03818388 -0.01866124 0.010702
v -0.04003318 -0.01426866 0.010702
v -0.04008836 -0.01428833 0.00894343
v -0.03823651 -0.01868696 0.00894343
v 0.02987771 0.03022536 0.010702
v 0.03307401 0.02669007 0.010702
v 0.0331196 0.02672686 0.00894342
v 0.02991889 0.03026702 0.00894343
v 0.03611597 -0.02240283 0.010702
v 0.03616574 -0.02243371 0.00894342
v 0.04249929 0.00024583 0.010702
v 0.04255787 0.00024617 0.00894342
v 0.02630568 0.03338056 0.010702
v 0.02634193 0.03342656 0.00894343
v 0.02240283 0.03611597 0.010702
v 0.02243371 0.03616574 0.00894343
v 0.03585438 0.02281914 0.010702
v 0.0359038 0.02285059 0.00894342
v 0.03818388 0.01866124 0.010702
v 0.0382365 0.01868696 0.00894342
v 0.04225958 -0.00451413 0.010702
v 0.04231783 -0.00452035 0.00894342
v -0.04137904 -0.00969665 0.010702
v -0.04143608 -0.00971001 0.00894343
v -0.04220454 -0.0050027 0.010702
v -0.04226271 -0.00500959 0.00894343
v 0.04003318 0.01426866 0.010702
v 0.04008836 0.01428833 0.00894342
v 0.04148845 -0.00921731 0.010702
v 0.04154563 -0.00923002 0.00894342
v -0.01426867 0.04003318 0.010702
v -0.01428833 0.04008836 0.00894343
v -0.00969665 0.04137904 0.010702
v -0.00971001 0.04143607 0.00894343
v -0.0050027 0.04220454 0.010702
v -0.00500959 0.04226271 0.00894343
v 0.03338055 -0.02630568 0.010702
v 0.03342656 -0.02634193 0.00894342
v -0.03585439 -0.02281914 0.010702
v -0.0359038 -0.02285059 0.00894343
v -0.0383972 0.01821826 0.010702
v -0.03845013 0.01824337 0.00894343
v -0.03022537 0.02987771 0.010702
v -0.03026702 0.02991889 0.00894343
v 0.0535 -0.00531861 0.02424437
v 0.0535 -0 0.024
v 0.0547 -0 0.024
v 0.0547 -0.00789767 0.02454022
v 0.0535 -0.0105924 0.02497543
v 0.0547 -0.01564821 0.0261508
v 0.0535 -0.01577693 0.02618702
v 0.05141708 -0.02027839 0.02766045
v 0.0547 -0.02310726 0.02880174
v 0.0487814 -0.02448131 0.02941991
v 0.0547 -0.03013587 0.03244368
v 0.04530511 -0.02874197 0.03162243
v 0.04530525 0.02874182 0.03162235
v 0.04126314 0.03265931 0.03406912
v 0.0547 0.0366031 0.03700874
v 0.0547 0.03013587 0.03244368
v 0.0372732 -0.03581804 0.03638127
v 0.04126314 -0.03265931 0.03406912
v 0.0547 -0.0366031 0.03700874
v 0.03307804 -0.03860521 0.03871446
v 0.0547 -0.04238849 0.04241192
v 0.02578716 -0.04241619 0.04244163
v 0.01867239 -0.04508824 0.04551644
v 0.0547 -0.04738425 0.04855254
v 0.01201567 -0.04676894 0.04769743
v 0.0059645 -0.04765318 0.04893681
v 0.0547 -0.05149734 0.05531623
v -0.00294208 -0.05120341 0.05475646
v -0.00025887 -0.04794044 0.04935473
v -0.00294208 0.05120341 0.05475646
v -0.00607883 0.05393464 0.06066802
v 0.0547 0.05465113 0.06257698
v 0.0547 0.05149734 0.05531623
v -0.00695729 0.05092005 0.05360168
v -0.00025887 0.04794044 0.04935473
v -0.00355308 0.04787872 0.04894906
v -0.01320833 -0.0569193 0.07085586
v -0.01005269 -0.05599871 0.06689594
v 0.0547 -0.05678688 0.07019955
v -0.01692425 -0.05750261 0.07442045
v 0.0547 -0.05786479 0.07804194
v -0.0207235 -0.05779212 0.0770937
v -0.02479863 -0.05793651 0.07928643
v 0.0547 -0.05786479 0.08595806
v -0.03175081 -0.058 0.082
v -0.0503 -0.0575038 0.08957052
v 0.04945 -0.05784674 0.08613869
v -0.0503 -0.058 0.082
v -0.0503 -0.05756768 0.06343161
v -0.0503 -0.05627717 0.0564686
v -0.02641052 -0.05588961 0.05499672
v -0.02641052 -0.05746998 0.06267687
v 0.04945 -0.05459783 0.10156165
v 0.04945 -0.05674872 0.093961
v 0.0547 -0.05678688 0.09380045
v 0.0547 -0.05465113 0.10142302
v -0.0503 0.05022947 0.0415
v -0.0503 0.05358501 0.04830436
v -0.02641052 0.05328777 0.04759992
v -0.02641052 0.04971201 0.04062165
v -0.02688834 0.0450513 0.03397083
v -0.0503 0.0460145 0.03519184
v 0.04945 0.0567614 0.09391198
v 0.04945 0.05462597 0.1014911
v 0.0547 0.05465113 0.10142302
v 0.0547 0.05678688 0.09380045
v -0.0503 0.0560237 0.0554885
v -0.02641052 0.05588961 0.05499672
v 0.04945 -0.03007908 0.13158999
v 0.04945 -0.03653836 0.12704241
v 0.0547 -0.0366031 0.12699126
v 0.0547 -0.03013587 0.13155633
v -0.01996032 -0.05405196 0.05148712
v -0.01996032 -0.05156972 0.04552665
v -0.01640585 -0.05065551 0.04596936
v -0.01640585 -0.05309375 0.05182417
v -0.01996032 -0.05584785 0.05768901
v -0.01996032 -0.05693459 0.06405358
v -0.02324103 -0.05746493 0.06399353
v -0.02324103 -0.05636806 0.05756968
v 0.04945 0.00789923 0.13945958
v 0.04951553 -0.00036054 0.13999885
v 0.0547 -0.00032228 0.13997796
v 0.0547 0.00789767 0.13945979
v -0.0503 0.00792897 0.13945547
v -0.0503 -0 0.14
v -0.0503 -0.00757052 0.13950381
v 0.04945 -0.00788131 0.13946199
v 0.04945 0.01565125 0.13784835
v 0.0547 0.01564821 0.1378492
v 0.0547 -0.00789767 0.13945979
v -0.00821502 -0.04772203 0.04699351
v -0.00478623 -0.04784074 0.04859635
v -0.00695729 -0.05092005 0.05360168
v -0.01089427 -0.05115824 0.05219485
v 0.04945 0.02311161 0.13519636
v 0.0547 0.02310726 0.13519825
v 0.04945 0.03014127 0.13155304
v 0.0547 0.03013587 0.13155633
v 0.04945 0.03660922 0.12698627
v 0.0547 0.0366031 0.12699126
v 0.04945 0.04239495 0.12158114
v 0.0547 0.04238849 0.12158808
v 0.04945 0.04739061 0.11543842
v 0.0547 0.04738425 0.11544746
v 0.04945 0.05148305 0.10871101
v 0.0547 0.05149734 0.10868377
v -0.02641052 0.058 0.0705
v -0.02641052 0.05746998 0.06267687
v -0.0503 0.0575038 0.06292948
v -0.0503 0.058 0.0705
v -0.0503 -0.058 0.0705
v -0.02641052 -0.058 0.0705
v 0.04945 -0.04231967 0.12165929
v 0.04945 -0.04731577 0.1155405
v 0.0547 -0.04738425 0.11544746
v 0.0547 -0.04238849 0.12158808
v 0.04945 -0.05143395 0.10879958
v 0.0547 -0.05149734 0.10868377
v -0.03175081 0.058 0.082
v -0.0503 0.0575677 0.0890682
v 0.04945 0.05784994 0.08611357
v 0.0547 0.05786479 0.08595806
v -0.02650418 0.05796716 0.08004791
v 0.0547 0.05786479 0.07804194
v -0.0503 0.058 0.082
v -0.02151177 0.05783027 0.07756563
v -0.01692425 0.05750261 0.07442045
v 0.0547 0.05678688 0.07019955
v -0.01306582 0.05688768 0.07069553
v -0.00618515 -0.05400733 0.06085272
v 0.0547 -0.05465113 0.06257698
v -0.00978563 0.05589611 0.06652022
v -0.01089427 0.05115824 0.05219485
v -0.00666039 0.04777554 0.04783638
v -0.00924186 0.04769132 0.04632781
v 0.00367908 0.04783159 0.04919526
v 0.0547 0.04738425 0.04855254
v 0.00753643 0.04748124 0.04869028
v 0.01392572 0.04636393 0.04715196
v 0.0209065 0.04435081 0.04462349
v 0.0547 0.04238849 0.04241192
v 0.02794866 0.04140852 0.041388
v -0.04123288 0.03730119 0.02608559
v -0.0503 0.04101219 0.02948781
v -0.0359459 0.04084533 0.02932162
v 0.03488532 0.03746444 0.0377234
v -0.02324103 0.05746493 0.06399353
v -0.01955411 0.0557578 0.05770967
v -0.02324103 0.05636806 0.05756968
v 0.0487814 0.02448131 0.02941991
v 0.0547 0.02310726 0.02880174
v 0.05141708 0.02027839 0.02766045
v 0.0547 0.01564821 0.0261508
v 0.0535 0.01577693 0.02618702
v 0.0535 0.0105924 0.02497543
v 0.0547 0.00789767 0.02454022
v 0.0535 0.00531861 0.02424437
v -0.0503 -0 0.0125
v -0.0503 0.00757052 0.0129962
v -0.0498 0.00725356 0.01295536
v -0.0498 -0 0.0125
v -0.01102561 0.05351915 0.05826453
v -0.0146763 0.05191334 0.05056337
v -0.01594469 0.05408031 0.05552539
v -0.01292519 0.05616811 0.06719469
v -0.0111528 0.05490121 0.06268217
v -0.01349484 0.05545165 0.06364358
v -0.01559837 -0.05647118 0.06744891
v -0.01851524 -0.05740269 0.0731239
v -0.024406 0.0578829 0.07482718
v -0.02295364 0.05778126 0.07272276
v -0.00821774 -0.05243913 0.05659613
v -0.01067536 -0.05458168 0.06176758
v -0.01140671 -0.05388302 0.05916051
v -0.01741545 0.05703478 0.07017426
v -0.02009876 0.05744277 0.07181504
v -0.01851524 0.05740269 0.0731239
v -0.01210184 0.05448022 0.06073276
v -0.02482355 0.057958 0.0705
v -0.01330634 0.05424393 0.05903755
v -0.0146763 -0.0475913 0.04173313
v -0.0146763 -0.04920492 0.04458977
v -0.01996032 -0.04843264 0.03988329
v -0.01838413 -0.04725547 0.03879395
v -0.01744084 0.05575324 0.06058679
v -0.01955411 0.05705416 0.06633469
v -0.02660469 0.058 0.07265135
v -0.02746545 -0.05796425 0.07951697
v -0.02602554 -0.05794413 0.07680583
v -0.02431457 -0.0578654 0.07726807
v -0.02166739 0.05762267 0.0705
v -0.02009876 -0.05744277 0.07181504
v -0.0199603 -0.05720652 0.06725657
v -0.0260287 0.05794421 0.07680938
v -0.02781629 0.05797868 0.07866856
v -0.02973195 0.05799531 0.08039362
v -0.02716071 0.058 0.0747373
v -0.02909918 0.058 0.07858089
v -0.02953844 -0.058 0.07922997
v 0.04945 -0.01561638 0.13785791
v 0.0547 -0.01564821 0.1378492
v 0.04945 -0.02306168 0.13521759
v 0.0547 -0.02310726 0.13519825
v -0.02641052 0.0452277 0.03418946
v -0.03150732 0.04312551 0.03171606
v -0.02324103 0.04888379 0.0395981
v -0.02234347 0.04648673 0.03628066
v -0.0503 0.029 0.02027053
v -0.0503 0.03530816 0.02448551
v -0.04585452 0.03300056 0.0228034
v -0.0498 0.02788601 0.01964363
v -0.0503 0.02219564 0.01691499
v -0.0498 0.0213069 0.01655544
v -0.0503 0.0150115 0.0144763
v -0.0498 0.01439323 0.01431428
v -0.01744084 0.05341927 0.05170966
v -0.01955411 0.0539648 0.05151777
v -0.01445591 -0.05597547 0.06546994
v -0.02775925 -0.058 0.07619464
v -0.02676699 -0.058 0.07341667
v -0.02295693 -0.05778157 0.07272796
v -0.02166739 -0.05762267 0.0705
v -0.01859314 -0.05658262 0.06392204
v -0.02440875 -0.05788304 0.07483084
v -0.02780309 -0.05797854 0.0786557
v -0.01640588 -0.05468263 0.05717582
v -0.01277125 -0.0549815 0.06217084
v -0.02972488 -0.05799527 0.08038766
v -0.0146763 -0.05191334 0.05056337
v -0.01955411 0.04835455 0.03993266
v -0.01840802 0.04725217 0.03877745
v -0.02324103 0.0578321 0.0705
v -0.01158755 -0.04765346 0.04447435
v -0.00255953 -0.04790432 0.04915145
v -0.0503 -0.05414771 0.04971476
v -0.02641052 -0.05328777 0.04759992
v -0.01158755 0.04765346 0.04447435
v -0.0146763 0.05064727 0.0475366
v -0.0146763 0.04920492 0.04458977
v -0.0146763 0.0475913 0.04173313
v -0.02641052 -0.0452277 0.03418946
v -0.02231876 -0.0464928 0.03629505
v -0.02324103 -0.04888379 0.0395981
v -0.02641052 -0.04971201 0.04062165
v -0.01744084 0.05096609 0.04581896
v -0.01744084 0.04786573 0.04024166
v -0.02324103 -0.05205008 0.04529402
v -0.01955411 0.05148656 0.04556692
v -0.02324103 0.05205008 0.04529402
v -0.02324103 0.05455545 0.05131001
v -0.02482355 -0.057958 0.0705
v -0.0498 -0.00725356 0.01295536
v -0.0503 -0.00792884 0.01304451
v -0.0498 -0.01439323 0.01431428
v -0.0503 -0.0157088 0.01466781
v -0.0498 -0.0213069 0.01655544
v -0.0503 -0.02319381 0.01733942
v -0.0503 -0.03024333 0.02100918
v -0.0498 -0.02788601 0.01964363
v -0.04585452 -0.03300056 0.0228034
v -0.0503 -0.036725 0.02560819
v -0.04123288 -0.03730119 0.02608559
v -0.0503 -0.04251712 0.0310501
v -0.0359459 -0.04084533 0.02932162
v -0.03150732 -0.04312551 0.03171606
v -0.02688834 -0.0450513 0.03397083
v -0.0503 -0.04751093 0.03723272
v -0.0503 -0.05121103 0.04327078
v -0.02324103 -0.0578321 0.0705
v -0.02324103 -0.05455545 0.05131001
v -0.0146763 -0.05064727 0.0475366
v -0.0503 -0.0150115 0.1380237
v -0.0503 -0.02219564 0.13558501
v -0.0503 -0.0460145 0.11730816
v -0.0503 -0.05022947 0.111
v -0.0503 -0.03530816 0.12801449
v -0.0503 -0.04101219 0.12301219
v -0.0503 -0.029 0.13222948
v -0.0503 -0.05358501 0.10419564
v -0.0503 -0.0560237 0.09701151
v -0.0503 0.05414791 0.10278472
v -0.0503 0.05121138 0.10922856
v -0.0503 0.05627726 0.09603103
v -0.0503 0.04751146 0.11526652
v -0.0503 0.04251766 0.12144931
v -0.0503 0.03672552 0.12689139
v -0.0503 0.03024379 0.13149054
v -0.0503 0.02319418 0.13516042
v -0.0503 0.01570906 0.13783212
v 0.01546223 -0.04385396 2E-06
v 0.01989488 -0.04202908 0.005002
v 0.01546223 -0.04385396 0.005002
v -0.03131393 0.03437568 0.005002
v -0.02754916 0.03746057 2E-06
v -0.03131393 0.03437568 2E-06
v 0.04542717 0.00993082 2E-06
v 0.04414026 0.01462485 0.005002
v 0.04542717 0.00993082 0.005002
v -0.03135239 -0.03434061 0.005002
v -0.0276504 -0.0373859 0.005002
v -0.04258855 0.01866722 2E-06
v -0.04430651 0.01411325 0.005002
v -0.04258855 0.01866722 0.005002
v -0.03777676 0.02711396 2E-06
v -0.040404 0.02301668 0.005002
v -0.03777676 0.02711396 0.005002
v -0.01462486 0.04414027 0.005002
v -0.00993083 0.04542718 2E-06
v -0.01462486 0.04414027 2E-06
v 0.00459299 0.04627261 2E-06
v -0.00026897 0.04649922 0.005002
v 0.00459299 0.04627261 0.005002
v -0.02365456 -0.04003388 2E-06
v -0.01940734 -0.04225642 0.005002
v -0.02365456 -0.04003388 0.005002
v -0.03772102 -0.02719144 2E-06
v -0.0347212 -0.03093038 0.005002
v -0.03772102 -0.02719144 0.005002
v 0.02808104 -0.03706353 2E-06
v 0.03174756 -0.03397562 0.005002
v 0.02808104 -0.03706353 0.005002
v -0.04420936 -0.01441467 2E-06
v -0.04249045 -0.01888948 0.005002
v -0.04420936 -0.01441467 0.005002
v -0.00993083 0.04542718 0.005002
v -0.02348255 0.04013502 0.005002
v -0.01915865 0.04236975 0.005002
v -0.02754916 0.03746057 0.005002
v 0.03091417 0.03473563 0.005002
v 0.02711395 0.03777676 0.005002
v 0.03437568 0.03131393 0.005002
v 0.04621638 0.00512799 0.005002
v -0.04627261 0.004593 0.005002
v -0.04649922 -0.00026897 0.005002
v 0.04649922 0.00026897 0.005002
v 0.00940464 0.04553903 0.005002
v -0.04553903 0.00940464 0.005002
v 0.04236975 0.01915865 0.005002
v 0.02301668 0.04040399 0.005002
v -0.03473563 0.03091417 0.005002
v 0.03746057 0.02754916 0.005002
v 0.04013502 0.02348254 0.005002
v 0.01866722 0.04258855 0.005002
v 0.01411325 0.04430651 0.005002
v -0.00512799 0.04621638 0.005002
v 0.04270612 -0.01839667 0.005002
v 0.04437315 -0.01390228 0.005002
v -0.04031998 -0.02316354 0.005002
v 0.03091417 0.03473563 2E-06
v 0.04627983 -0.0045196 0.005002
v 0.04556863 -0.00926015 0.005002
v 0.03803305 -0.02675325 0.005002
v 0.04058523 -0.02269556 0.005002
v 0.03507669 -0.03052664 0.005002
v 0.0241161 -0.03975756 0.005002
v 0.001375 -0.04647966 0.005002
v 0.00615282 -0.04609114 0.005002
v -0.00026263 -0.04606136 0.00526774
v 0.00069809 -0.04602148 0.00530309
v 0.00021774 -0.0459326 0.00537148
v -0.00020674 -0.04601102 2E-06
v -0.00083721 -0.04649246 0.005002
v -0.00083721 -0.04649246 2E-06
v -0.00561921 -0.04615923 0.005002
v -0.0103415 -0.04533546 0.005002
v 0.001375 -0.04647966 2E-06
v 0.00073997 -0.04600555 2E-06
v 0.00172797 -0.04235782 2E-06
v -0.01495388 -0.0440299 0.005002
v -0.04545846 -0.00978668 0.005002
v -0.04622445 -0.00505468 0.005002
v 0.03803305 -0.02675325 2E-06
v 0.04556863 -0.00926015 2E-06
v -0.00512799 0.04621638 2E-06
v -0.00026897 0.04649922 2E-06
v 0.00940464 0.04553903 2E-06
v 0.01411325 0.04430651 2E-06
v 0.01866722 0.04258855 2E-06
v -0.04430651 0.01411325 2E-06
v -0.040404 0.02301668 2E-06
v -0.03473563 0.03091417 2E-06
v -0.02348255 0.04013502 2E-06
v -0.01915865 0.04236975 2E-06
v 0.04621638 0.00512799 2E-06
v -0.04249045 -0.01888948 2E-06
v -0.04627261 0.004593 2E-06
v 0.03174756 -0.03397562 2E-06
v 0.00026661 -0.04589946 2E-06
v 0.03746057 0.02754916 2E-06
v 0.04058523 -0.02269556 2E-06
v 0.04236975 0.01915865 2E-06
v 0.01989488 -0.04202908 2E-06
v -0.0103415 -0.04533546 2E-06
v -0.04553903 0.00940464 2E-06
v 0.02711395 0.03777676 2E-06
v -0.00123785 -0.04237497 2E-06
v -0.04031998 -0.02316354 2E-06
v -0.00561921 -0.04615923 2E-06
v -0.01495388 -0.0440299 2E-06
v -0.01940734 -0.04225642 2E-06
v -0.0276504 -0.0373859 2E-06
v -0.04649922 -0.00026897 2E-06
v 0.04627983 -0.0045196 2E-06
v 0.04649922 0.00026897 2E-06
v 0.04437315 -0.01390228 2E-06
v 0.01086526 -0.04521279 2E-06
v 0.01086526 -0.04521279 0.005002
v 0.04013502 0.02348254 2E-06
v 0.04270612 -0.01839667 2E-06
v 0.03507669 -0.03052664 2E-06
v 0.0241161 -0.03975756 2E-06
v 0.04414026 0.01462485 2E-06
v -0.04622445 -0.00505468 2E-06
v 0.02301668 0.04040399 2E-06
v -0.0347212 -0.03093038 2E-06
v -0.03135239 -0.03434061 2E-06
v 0.00615282 -0.04609114 2E-06
v -0.04545846 -0.00978668 2E-06
v -0.03895853 -0.00419625 0.004402
v -0.03989612 -0.0039709 0.004402
v -0.04075254 -0.00352772 0.004402
v -0.04147801 -0.00289246 0.004402
v -0.04203037 -0.00210204 0.004402
v -0.04237752 -0.00120241 0.004402
v -0.0424993 -0.00024583 0.004402
v -0.0423886 0.00071209 0.004402
v -0.04205187 0.00161568 0.004402
v -0.0415087 0.00241243 0.004402
v -0.04079062 0.00305604 0.004402
v -0.03993939 0.0035091 0.004402
v -0.03900447 0.00374529 0.004402
v -0.03804018 0.00375086 0.004402
v -0.03710259 0.00352551 0.004402
v -0.03624617 0.00308233 0.004402
v -0.03552071 0.00244707 0.004402
v -0.03496835 0.00165665 0.004402
v -0.03462119 0.00075702 0.004402
v -0.03449943 -0.00019956 0.004402
v -0.03461011 -0.00115748 0.004402
v -0.03494684 -0.00206107 0.004402
v -0.03549002 -0.00285782 0.004402
v -0.0362081 -0.00350143 0.004402
v -0.03705933 -0.00395449 0.004402
v -0.03799425 -0.00419067 0.004402
v -0.03061821 -0.02554225 0.004402
v -0.03007502 -0.0247455 0.004402
v -0.02935695 -0.02410189 0.004402
v -0.02850572 -0.02364883 0.004402
v -0.02757079 -0.02341264 0.004402
v -0.02660652 -0.02340707 0.004402
v -0.02566893 -0.02363242 0.004402
v -0.02481251 -0.0240756 0.004402
v -0.02408703 -0.02471086 0.004402
v -0.02353468 -0.02550128 0.004402
v -0.02318753 -0.02640091 0.004402
v -0.02306575 -0.02735749 0.004402
v -0.02317645 -0.02831541 0.004402
v -0.02351318 -0.029219 0.004402
v -0.02405635 -0.03001575 0.004402
v -0.02477442 -0.03065936 0.004402
v -0.02562566 -0.03111242 0.004402
v -0.02656058 -0.0313486 0.004402
v -0.02752486 -0.03135418 0.004402
v -0.02846245 -0.03112883 0.004402
v -0.02931887 -0.03068565 0.004402
v -0.03004434 -0.03005039 0.004402
v -0.0305967 -0.02925997 0.004402
v -0.03094386 -0.02836034 0.004402
v -0.03106562 -0.02740376 0.004402
v -0.03095493 -0.02644584 0.004402
v -0.02967189 0.03034442 0.004402
v -0.02882066 0.03079749 0.004402
v -0.02788574 0.03103367 0.004402
v -0.02692146 0.03103925 0.004402
v -0.02598386 0.03081389 0.004402
v -0.02512745 0.03037071 0.004402
v -0.02440198 0.02973545 0.004402
v -0.02384961 0.02894504 0.004402
v -0.02350246 0.0280454 0.004402
v -0.02338069 0.02708882 0.004402
v -0.02349139 0.02613091 0.004402
v -0.02382811 0.02522731 0.004402
v -0.02437129 0.02443056 0.004402
v -0.02508936 0.02378695 0.004402
v -0.0259406 0.02333389 0.004402
v -0.02687552 0.02309771 0.004402
v -0.0278398 0.02309213 0.004402
v -0.02877738 0.02331748 0.004402
v -0.02963381 0.02376066 0.004402
v -0.03035928 0.02439592 0.004402
v -0.03091164 0.02518634 0.004402
v -0.03125879 0.02608598 0.004402
v -0.03138056 0.02704255 0.004402
v -0.03126987 0.02800047 0.004402
v -0.03093315 0.02890406 0.004402
v -0.03038996 0.02970082 0.004402
v -0.00832667 -0.03058158 2E-06
v -0.00345697 -0.03659065 2E-06
v -0.01051105 -0.0346399 2E-06
v -0.0071607 -0.02905223 0.005002
v -0.00732906 -0.02950403 0.00014322
v -0.00732906 -0.02950403 0.005002
v -0.01110529 -0.02859641 0.005002
v -0.01104994 -0.02811745 0.00014322
v -0.01104994 -0.02811745 0.005002
v -0.00935788 -0.02660085 0.00014322
v -0.00982533 -0.02671894 0.005002
v -0.00982533 -0.02671894 0.00014322
v -0.007616 -0.02724996 0.005002
v -0.00733981 -0.02764517 0.00014322
v -0.00733981 -0.02764517 0.005002
v -0.0098037 -0.03045894 0.005002
v -0.01023191 -0.03023735 0.00014322
v -0.01023191 -0.03023735 0.005002
v 0.00121734 0.03476756 0.004402
v 0.00028241 0.03453138 0.00014322
v 0.00028241 0.03453138 0.004402
v -0.03004434 -0.03005039 0.00014322
v -0.02931887 -0.03068565 0.00014322
v 0.03093314 -0.02890406 0.004402
v 0.03038996 -0.02970082 0.00014322
v 0.03038996 -0.02970082 0.004402
v 0.02882065 -0.03079749 0.00014322
v 0.02967189 -0.03034442 0.004402
v 0.02967189 -0.03034442 0.00014322
v 0.03093314 -0.02890406 0.00014322
v 0.03126986 -0.02800047 0.004402
v 0.03126986 -0.02800047 0.00014322
v 0.03138056 -0.02704255 0.00014322
v 0.03125878 -0.02608598 0.004402
v 0.03125878 -0.02608598 0.00014322
v 0.03138056 -0.02704255 0.004402
v 0.02882065 -0.03079749 0.004402
v 0.02788573 -0.03103367 0.00014322
v 0.02788573 -0.03103367 0.004402
v 0.03152659 -0.02702651 2E-06
v 0.02598386 -0.03081389 0.00014322
v 0.02692145 -0.03103925 0.004402
v 0.02692145 -0.03103925 0.00014322
v 0.03091163 -0.02518634 0.004402
v 0.03091163 -0.02518634 0.00014322
v 0.01794814 -0.03811868 0.004402
v 0.01723007 -0.03876228 0.00014322
v 0.01723007 -0.03876228 0.004402
v -0.01882805 0.03641833 0.004402
v -0.01849133 0.03732192 0.00014322
v -0.01849133 0.03732192 0.004402
v 0.03954323 -0.01546211 0.004402
v 0.0392065 -0.0163657 0.00014322
v 0.0392065 -0.0163657 0.004402
v 0.03866332 -0.01716245 0.004402
v 0.03794525 -0.01780606 0.00014322
v 0.03794525 -0.01780606 0.004402
v 0.01849132 -0.03732192 0.00014322
v 0.01882804 -0.03641833 0.004402
v 0.01882804 -0.03641833 0.00014322
v 0.01637883 -0.03921534 0.004402
v 0.01544391 -0.03945152 0.00014322
v 0.01544391 -0.03945152 0.004402
v 0.03709401 -0.01825912 0.004402
v 0.03615909 -0.0184953 0.00014322
v 0.03615909 -0.0184953 0.004402
v 0.03709401 -0.01825912 0.00014322
v 0.01893874 -0.03546041 0.00014322
v 0.01881697 -0.03450383 0.004402
v 0.01881697 -0.03450383 0.00014322
v 0.02657305 0.0314935 2E-06
v 0.025593 0.03124607 2E-06
v 0.03969227 -0.01355934 2E-06
v 0.03981093 -0.01448416 2E-06
v 0.01447964 -0.03945711 0.00014322
v 0.01447964 -0.03945711 0.004402
v -0.03594138 -0.01904153 2E-06
v 0.03965392 -0.01450419 0.00014322
v 0.03953215 -0.01354761 0.004402
v 0.03953215 -0.01354761 0.00014322
v 0.01348358 -0.03936644 2E-06
v 0.0145148 -0.03961444 2E-06
v 0.01544457 -0.03960997 2E-06
v 0.01807984 0.03381561 0.00014322
v 0.01841656 0.03471921 0.004402
v 0.01841656 0.03471921 0.00014322
v 0.03790717 -0.0112223 0.004402
v 0.03863264 -0.01185756 0.00014322
v 0.03863264 -0.01185756 0.004402
v 0.03918499 -0.01264797 0.00014322
v 0.01354204 -0.03923175 0.00014322
v 0.01354204 -0.03923175 0.004402
v -0.03965392 0.01450419 0.00014322
v -0.03953215 0.01354761 0.004402
v -0.03953215 0.01354761 0.00014322
v 0.03931042 -0.01257023 2E-06
v 0.01268563 -0.03878857 0.004402
v 0.01196016 -0.03815331 0.00014322
v 0.01196016 -0.03815331 0.004402
v 0.03176475 -0.01359254 0.004402
v 0.03210147 -0.01268895 0.00014322
v 0.03210147 -0.01268895 0.004402
v 0.02338069 -0.02708882 0.00014322
v 0.02350245 -0.0280454 0.004402
v 0.02350245 -0.0280454 0.00014322
v 0.02349138 -0.02613091 0.004402
v 0.0238281 -0.02522731 0.00014322
v 0.0238281 -0.02522731 0.004402
v 0.00323202 -0.04113448 0.004402
v 0.00251395 -0.04177809 0.00014322
v 0.00251395 -0.04177809 0.004402
v 0.04216805 -0.00169548 2E-06
v 0.04164045 -0.00247063 2E-06
v 0.04150869 -0.00241243 0.004402
v 0.04079062 -0.00305604 0.00014322
v 0.04079062 -0.00305604 0.004402
v 0.00377521 -0.04033773 0.004402
v 0.00411193 -0.03943414 0.00014322
v 0.00377521 -0.04033773 0.00014322
v -0.01052739 -0.03563085 0.00014322
v -0.01064916 -0.03467428 0.004402
v -0.01064916 -0.03467428 0.00014322
v 0.04150869 -0.00241243 0.00014322
v 0.04205187 -0.00161568 0.004402
v 0.04205187 -0.00161568 0.00014322
v 0.00166272 -0.04223115 0.00014322
v 0.00166272 -0.04223115 0.004402
v 0.04004886 -0.00362095 2E-06
v 0.03796211 -0.01109164 2E-06
v 0.03898311 -0.00389074 2E-06
v -0.00330832 -0.0403787 0.004402
v -0.00365547 -0.03947907 0.00014322
v -0.00365547 -0.03947907 0.004402
v 0.03611316 -0.01055377 0.00014322
v 0.03514888 -0.01055934 0.004402
v 0.03514888 -0.01055934 0.00014322
v 0.0423886 -0.00071209 0.00014322
v 0.04249929 0.00024583 0.004402
v 0.04249929 0.00024583 0.00014322
v 0.0007278 -0.04246734 0.00014322
v 0.0007278 -0.04246734 0.004402
v 0.01140779 -0.0373629 0.00014322
v 0.01140779 -0.0373629 0.004402
v 0.04265358 0.00024672 2E-06
v 0.04254768 -0.00067412 2E-06
v -0.0423886 0.00071209 0.00014322
v -0.00023648 -0.04247291 0.004402
v -0.00117407 -0.04224756 0.00014322
v -0.00117407 -0.04224756 0.004402
v 0.01807984 0.03381561 0.004402
v 0.01753666 0.03301886 0.00014322
v 0.01753666 0.03301886 0.004402
v -0.0043733 0.03845287 2E-06
v -0.01090952 0.0364862 2E-06
v -0.01125687 0.03738628 2E-06
v -0.03773673 -0.01824383 0.004402
v -0.0384622 -0.01760857 0.00014322
v -0.0384622 -0.01760857 0.004402
v -0.00161946 0.03475115 0.004402
v -0.00247587 0.03519433 0.00014322
v -0.00247587 0.03519433 0.004402
v 0.04203036 0.00210204 0.00014322
v 0.041478 0.00289246 0.004402
v 0.041478 0.00289246 0.00014322
v -0.00203048 -0.04180438 0.00014322
v -0.00203048 -0.04180438 0.004402
v 0.02234229 -0.00675874 2E-06
v 0.03323928 -0.01117476 2E-06
v 0.03251236 -0.0118265 2E-06
v 0.00068186 -0.0345258 0.004402
v 0.00161945 -0.03475115 0.00014322
v 0.00161945 -0.03475115 0.004402
v 0.04077404 0.00368478 2E-06
v -0.00341581 -0.04046053 2E-06
v 0.03336272 -0.01124859 0.00014322
v 0.03264465 -0.01189219 0.004402
v 0.03264465 -0.01189219 0.00014322
v 0.03895853 0.00419625 0.00014322
v 0.03799424 0.00419067 0.004402
v 0.03799424 0.00419067 0.00014322
v 0.03895853 0.00419625 0.004402
v 0.03989612 0.0039709 0.00014322
v 0.03989612 0.0039709 0.004402
v -0.00380264 -0.03945679 2E-06
v -0.01142444 -0.03838724 2E-06
v -0.02498523 0.02368134 2E-06
v -0.02427655 0.02431659 2E-06
v -0.01720216 0.01577709 2E-06
v 0.01935644 -0.01304341 2E-06
v 0.02682395 -0.02297074 2E-06
v 0.02586303 -0.02321371 2E-06
v 0.02408703 0.02471086 0.00014322
v 0.0248125 0.0240756 0.004402
v 0.0248125 0.0240756 0.00014322
v 0.01543055 -0.03137257 2E-06
v 0.0233815 -0.02603423 2E-06
v 0.01634346 -0.03159199 2E-06
v 0.03165405 -0.01455046 0.004402
v 0.03176475 -0.01359254 0.00014322
v 0.03267533 -0.01719709 0.004402
v 0.03212298 -0.01640667 0.00014322
v 0.03212298 -0.01640667 0.004402
v 0.03182808 0.01298227 2E-06
v 0.02097846 0.01023401 2E-06
v 0.03146932 0.0139114 2E-06
v -0.03151386 0.01453247 2E-06
v -0.02109545 0.00999064 2E-06
v -0.03162814 0.01354642 2E-06
v 0.03336272 -0.01124859 0.004402
v 0.03421396 -0.01079553 0.00014322
v 0.03421396 -0.01079553 0.004402
v 0.00533325 -0.02272282 2E-06
v 0.01191067 -0.03267174 2E-06
v 0.00248325 -0.03504081 2E-06
v 0.01720216 -0.01577709 2E-06
v 0.00166053 -0.03461514 2E-06
v -0.01151799 -0.03828911 0.004402
v -0.01223607 -0.03893273 0.00014322
v -0.01223607 -0.03893273 0.004402
v 0.03849288 0.01230368 0.004402
v 0.03777481 0.01166007 0.00014322
v 0.03777481 0.01166007 0.004402
v -0.03707163 0.01063083 2E-06
v -0.0389831 0.00389088 2E-06
v -0.03796078 0.01109096 2E-06
v -0.03237338 -0.01220182 2E-06
v -0.02226263 -0.00701673 2E-06
v -0.03182808 -0.01298227 2E-06
v 0.0355207 -0.00244707 0.004402
v 0.03496834 -0.00165665 0.00014322
v 0.03496834 -0.00165665 0.004402
v 0.03159431 0.01587359 0.004402
v 0.03193103 0.01677718 0.00014322
v 0.03193103 0.01677718 0.004402
v 0.03782994 0.01152935 2E-06
v 0.03863801 0.01225402 2E-06
v 0.03953092 0.01402462 2E-06
v 0.03915251 0.01300915 2E-06
v -0.01308729 -0.03938578 0.00014322
v -0.01219358 -0.03907631 2E-06
v 0.03790717 -0.0112223 0.00014322
v 0.03705075 -0.01077912 0.004402
v 0.03705075 -0.01077912 0.00014322
v 0.03903606 0.01310043 0.00014322
v 0.03937278 0.01400403 0.004402
v 0.03937278 0.01400403 0.00014322
v -0.01308729 -0.03938578 0.004402
v -0.01402222 -0.03962197 0.00014322
v -0.01402222 -0.03962197 0.004402
v 0.03611316 -0.01055377 0.004402
v -0.00068187 0.0345258 0.00014322
v -0.00068187 0.0345258 0.004402
v 0.03408678 0.0111906 0.004402
v 0.03323036 0.01163378 0.00014322
v 0.03323036 0.01163378 0.004402
v -0.01498649 -0.03962754 0.00014322
v -0.01498649 -0.03962754 0.004402
v -0.03948348 -0.01496194 0.00014322
v -0.03936171 -0.01591852 0.004402
v -0.03936171 -0.01591852 0.00014322
v 0.03948348 0.01496194 0.00014322
v 0.03936171 0.01591852 0.004402
v 0.03936171 0.01591852 0.00014322
v -0.03449943 -0.00019956 0.00014322
v -0.03462119 0.00075702 0.00014322
v -0.03106562 -0.02740376 0.00014322
v -0.03094386 -0.02836034 0.00014322
v 0.03462119 -0.00075702 0.00014322
v 0.03462119 -0.00075702 0.004402
v -0.01592409 -0.03940219 0.00014322
v -0.01592409 -0.03940219 0.004402
v 0.01634538 -0.03938462 2E-06
v 0.03461011 0.00115748 0.004402
v 0.03494684 0.00206107 0.00014322
v 0.03494684 0.00206107 0.004402
v 0.03310777 0.01155854 2E-06
v 0.03411222 0.01103956 2E-06
v 0.03534703 0.00289878 2E-06
v -0.00710536 -0.02857327 0.00014322
v -0.00716624 -0.02809499 0.005002
v -0.00716624 -0.02809499 0.00014322
v 0.02306575 0.02735749 0.004402
v 0.02317645 0.02831541 0.00014322
v 0.02317645 0.02831541 0.004402
v -0.00877673 -0.03069528 2E-06
v -0.01086553 -0.03372126 2E-06
v -0.00885277 -0.03056883 0.00014322
v -0.00838531 -0.03045074 0.005002
v -0.00838531 -0.03045074 0.00014322
v 0.03901456 0.01681816 0.00014322
v 0.03846219 0.01760857 0.004402
v 0.03846219 0.01760857 0.00014322
v -0.00719605 -0.02760323 2E-06
v -0.00159725 -0.02328785 2E-06
v -0.0070469 -0.02798886 2E-06
v -0.0167805 -0.03895901 0.004402
v -0.01750597 -0.03832375 0.00014322
v -0.01750597 -0.03832375 0.004402
v 0.01185295 -0.03823954 2E-06
v 0.01264481 -0.03893263 2E-06
v 0.03148361 0.01491567 0.00014322
v 0.03160538 0.0139591 0.004402
v 0.03160538 0.0139591 0.00014322
v -0.03323928 0.01117475 2E-06
v -0.03484398 0.00172523 2E-06
v -0.0353782 0.00248968 2E-06
v 0.01849132 -0.03732192 0.004402
v 0.01794814 -0.03811868 0.00014322
v -0.01115911 -0.02917355 2E-06
v -0.01308629 -0.03177118 2E-06
v -0.01405182 -0.03153911 2E-06
v -0.00710536 -0.02857327 0.005002
v -0.0071607 -0.02905223 0.00014322
v -0.00506227 -0.02278606 2E-06
v -0.00789046 -0.02680401 2E-06
v -0.00830478 -0.02658776 2E-06
v -0.00753888 -0.02711262 2E-06
v -0.00840183 -0.02177706 2E-06
v -0.00886022 -0.02645167 2E-06
v -0.00932752 -0.02645146 2E-06
v -0.00697554 -0.02854664 2E-06
v -0.00023472 -0.03438899 2E-06
v -0.01110529 -0.02859641 0.00014322
v -0.01104441 -0.0290747 0.005002
v -0.01104441 -0.0290747 0.00014322
v 0.03688031 0.01868702 0.00014322
v 0.03594271 0.01891237 0.004402
v 0.03594271 0.01891237 0.00014322
v 0.03596328 0.01904165 2E-06
v 0.00422262 -0.03847622 0.004402
v 0.00422262 -0.03847622 0.00014322
v -0.01088158 -0.02766565 0.00014322
v -0.0150504 -0.03154489 2E-06
v -0.01099743 -0.0276501 2E-06
v -0.01123082 -0.02827953 2E-06
v -0.01852726 -0.03567712 0.00014322
v -0.01840549 -0.0366337 0.004402
v -0.01840549 -0.0366337 0.00014322
v -0.01805834 -0.03753334 0.004402
v 0.03250489 0.01226904 0.00014322
v 0.03250489 0.01226904 0.004402
v 0.02226262 0.00701675 2E-06
v 0.03237337 0.01220182 2E-06
v -0.00985983 -0.02658248 2E-06
v -0.0115537 -0.02028159 2E-06
v 0.02351317 0.029219 0.004402
v 0.02405635 0.03001575 0.00014322
v 0.02405635 0.03001575 0.004402
v -0.0102772 -0.02680093 2E-06
v -0.01062904 -0.02711233 2E-06
v -0.01060999 -0.02726728 0.005002
v -0.01025096 -0.02694547 0.00014322
v -0.01025096 -0.02694547 0.005002
v 0.00185262 -0.02326797 2E-06
v 0.0159769 0.03177895 2E-06
v 0.02293465 0.0274418 2E-06
v 0.02307877 0.02630296 2E-06
v 0.03620809 0.00350143 0.004402
v 0.03705932 0.00395449 0.00014322
v 0.03705932 0.00395449 0.004402
v -0.02963381 0.02376066 0.00014322
v -0.02877738 0.02331748 0.00014322
v -0.01539798 0.03150999 0.004402
v -0.01633557 0.03173534 0.00014322
v -0.01633557 0.03173534 0.004402
v 0.02591034 -0.03092596 2E-06
v 0.02694751 -0.03117463 2E-06
v 0.03095493 0.02644584 0.00014322
v 0.03106562 0.02740376 0.004402
v 0.03106562 0.02740376 0.00014322
v -0.02656058 -0.0313486 0.00014322
v 0.0334008 -0.01783235 0.004402
v 0.03267533 -0.01719709 0.00014322
v 0.03437568 0.03131393 2E-06
v 0.03120428 0.02740691 2E-06
v 0.03106778 0.028467 2E-06
v -0.02658507 -0.03148428 2E-06
v -0.02555084 -0.03122363 2E-06
v 0.03148361 0.01491567 0.004402
v 0.03159431 0.01587359 0.00014322
v -0.03165405 0.01455046 0.00014322
v -0.03177582 0.01550703 0.004402
v -0.03177582 0.01550703 0.00014322
v -0.02353468 -0.02550128 0.00014322
v -0.02408703 -0.02471086 0.00014322
v -0.02306575 -0.02735749 0.00014322
v -0.02318753 -0.02640091 0.00014322
v 0.02892008 -0.03090545 2E-06
v 0.02974125 -0.03046577 2E-06
v 0.02566892 0.02363242 0.00014322
v 0.02660652 0.02340707 0.004402
v 0.02660652 0.02340707 0.00014322
v 0.03094385 0.02836034 0.00014322
v 0.0305967 0.02925997 0.004402
v 0.0305967 0.02925997 0.00014322
v 0.02498523 -0.02368134 2E-06
v 0.02427655 -0.02431659 2E-06
v -0.02846245 -0.03112883 0.00014322
v -0.02752486 -0.03135418 0.00014322
v 0.03004433 0.03005039 0.004402
v 0.03004433 0.03005039 0.00014322
v -0.0167805 -0.03895901 0.00014322
v 0.02566892 0.02363242 0.004402
v 0.02750739 0.03149876 2E-06
v 0.02854436 0.03124934 2E-06
v 0.02846245 0.03112883 0.00014322
v 0.02752486 0.03135418 0.004402
v 0.02752486 0.03135418 0.00014322
v 0.02353467 0.02550128 0.00014322
v 0.02408703 0.02471086 0.004402
v -0.02307878 -0.02630297 2E-06
v -0.01444747 -0.01833308 2E-06
v -0.03121183 -0.0273894 2E-06
v -0.0305967 -0.02925997 0.00014322
v 0.01465856 -0.01816474 2E-06
v 0.02371503 -0.02513971 2E-06
v 0.02656057 0.0313486 0.00014322
v 0.02562565 0.03111242 0.004402
v 0.02656057 0.0313486 0.004402
v -0.03110493 -0.02646237 2E-06
v -0.01099631 -0.03377464 0.004402
v -0.01099631 -0.03377464 0.00014322
v -0.03095493 -0.02644584 0.00014322
v -0.03404351 -0.01867061 0.004402
v -0.03497844 -0.01890679 0.00014322
v -0.03497844 -0.01890679 0.004402
v -0.02317645 -0.02831541 0.00014322
v -0.01597691 -0.03177895 2E-06
v -0.02293465 -0.0274418 2E-06
v 0.02655642 0.02327951 2E-06
v 0.03145433 0.01585549 2E-06
v 0.01920427 0.01326646 2E-06
v 0.02306575 0.02735749 0.00014322
v 0.02318752 0.02640091 0.004402
v 0.02318752 0.02640091 0.00014322
v -0.0278398 0.02309213 0.00014322
v -0.03421396 0.01079553 0.004402
v -0.03514888 0.01055934 0.00014322
v -0.03514888 0.01055934 0.004402
v 0.01444747 0.01833308 2E-06
v 0.02342262 0.02541238 2E-06
v -0.03148361 -0.01491567 0.004402
v -0.03159431 -0.01587359 0.00014322
v -0.03159431 -0.01587359 0.004402
v -0.03176475 0.01359254 0.00014322
v -0.03165405 0.01455046 0.004402
v -0.03549002 -0.00285782 0.00014322
v 0.01596735 0.03192219 0.004402
v 0.01503243 0.03168601 0.00014322
v 0.01503243 0.03168601 0.004402
v -0.03247421 -0.01757394 0.004402
v -0.03319228 -0.01821755 0.00014322
v -0.03319228 -0.01821755 0.004402
v 0.01852725 0.03567712 0.00014322
v 0.01840549 0.0366337 0.004402
v 0.01840549 0.0366337 0.00014322
v -0.03594272 -0.01891237 0.00014322
v -0.03594272 -0.01891237 0.004402
v 0.03195253 0.01305946 0.004402
v 0.01805833 0.03753334 0.004402
v 0.01805833 0.03753334 0.00014322
v -0.03688031 -0.01868702 0.004402
v -0.03773673 -0.01824383 0.00014322
v 0.01255967 -0.03208989 2E-06
v -0.03310778 -0.01155853 2E-06
v 0.01227414 0.03234896 0.004402
v 0.01154867 0.03298422 0.00014322
v 0.01154867 0.03298422 0.004402
v 0.0230604 0.00361231 2E-06
v 0.0348217 0.00212821 2E-06
v 0.03447077 0.00118648 2E-06
v 0.01592408 0.03940219 0.00014322
v 0.0167805 0.03895901 0.004402
v 0.01592408 0.03940219 0.004402
v 0.01498649 0.03962754 0.004402
v 0.01498649 0.03962754 0.00014322
v 0.03866332 -0.01716245 0.00014322
v 0.03965392 -0.01450419 0.004402
v 0.03954323 -0.01546211 0.00014322
v -0.03901456 -0.01681816 0.00014322
v -0.03901456 -0.01681816 0.004402
v 0.04000179 0.00408477 2E-06
v 0.01308729 0.03938578 0.004402
v 0.01402222 0.03962197 0.00014322
v 0.01402222 0.03962197 0.004402
v 0.01312152 0.03954994 2E-06
v -0.03688031 -0.01868702 0.00014322
v -0.03916238 -0.01302414 2E-06
v -0.03964071 -0.01494374 2E-06
v -0.03952526 -0.01586778 2E-06
v -0.03411222 -0.01103956 2E-06
v -0.03618474 -0.0036487 2E-06
v -0.03534686 -0.00289853 2E-06
v -0.03421396 0.01079553 0.00014322
v -0.03336272 0.01124859 0.004402
v -0.03336272 0.01124859 0.00014322
v 0.00641783 0.0297075 6.03E-06
v 0.00506463 0.02278456 -1.82E-06
v 0.00207721 0.03506674 2E-06
v 0.00866211 -0.02167485 2E-06
v 0.00278664 0.03586423 0.004402
v 0.00206856 0.03522062 0.00014322
v 0.00206856 0.03522062 0.004402
v -0.03461011 -0.00115748 0.00014322
v -0.03611317 0.01055377 0.00014322
v -0.03611317 0.01055377 0.004402
v 0.03449942 0.00019956 0.00014322
v 0.01078702 -0.03553021 2E-06
v 0.00425193 -0.03749672 2E-06
v 0.00390576 -0.03659645 2E-06
v -0.01354205 0.03923175 0.00014322
v -0.01447964 0.03945711 0.004402
v -0.01447964 0.03945711 0.00014322
v 0.0109748 0.03749236 0.004402
v 0.01151799 0.03828911 0.00014322
v 0.01151799 0.03828911 0.004402
v -0.00390039 0.04038372 2E-06
v -0.03903607 -0.01310043 0.004402
v -0.03849288 -0.01230368 0.00014322
v -0.03849288 -0.01230368 0.004402
v -0.03937279 -0.01400403 0.004402
v -0.03903607 -0.01310043 0.00014322
v 0.03993938 -0.0035091 0.004402
v 0.03900446 -0.00374529 0.00014322
v 0.03900446 -0.00374529 0.004402
v -0.04077014 -0.00368731 2E-06
v -0.00161946 0.03475115 0.00014322
v 0.00203048 0.04180438 0.004402
v 0.00275595 0.04116912 0.00014322
v 0.00275596 0.04116912 0.004402
v 0.00343293 0.04042616 2E-06
v 0.0028094 0.04131759 2E-06
v 0.00117406 0.04224756 0.00014322
v 0.00023647 0.04247291 0.004402
v 0.00023647 0.04247291 0.00014322
v 0.00203048 0.04180438 0.00014322
v 0.00117406 0.04224756 0.004402
v 0.04075253 0.00352772 0.004402
v -0.04203037 -0.00210204 0.00014322
v -0.04075254 -0.00352772 0.00014322
v -0.03799425 -0.00419067 0.00014322
v -0.00248273 0.03504036 2E-06
v -0.00166059 0.03461497 2E-06
v -0.00532935 0.02272405 2E-06
v -0.02349139 0.02613091 0.00014322
v -0.02338069 0.02708882 0.00014322
v -0.02310065 0.00334532 2E-06
v -0.03210147 0.01268895 0.004402
v -0.03264465 0.01189219 0.00014322
v -0.03264465 0.01189219 0.004402
v -0.02682395 0.02297074 2E-06
v -0.01935645 0.01304341 2E-06
v -0.03163566 0.01549057 2E-06
v -0.03210147 0.01268895 0.00014322
v -0.03176475 0.01359254 0.004402
v -0.01191068 0.03267173 2E-06
v 0.03620809 0.00350143 0.00014322
v 0.03549002 0.00285782 0.004402
v 0.03549002 0.00285782 0.00014322
v 0.00426309 -0.03940947 2E-06
v 0.00389212 -0.04040586 2E-06
v 0.01406815 0.03168043 0.004402
v 0.01313056 0.03190578 0.00014322
v 0.01313056 0.03190578 0.004402
v 0.03151386 -0.01453247 2E-06
v 0.03163565 -0.01549056 2E-06
v -0.04265358 -0.00024672 2E-06
v -0.04253703 -0.00116628 2E-06
v -0.0007278 0.04246734 0.004402
v -0.00377522 0.04033773 0.004402
v -0.00323203 0.04113448 0.00014322
v -0.00323203 0.04113448 0.004402
v -0.0424993 -0.00024583 0.00014322
v -0.04237752 -0.00120241 0.00014322
v -0.03148361 -0.01491567 0.00014322
v -0.03160539 -0.0139591 0.004402
v -0.03160539 -0.0139591 0.00014322
v 0.03692357 0.01120701 0.004402
v 0.03598865 0.01097083 0.00014322
v 0.03598865 0.01097083 0.004402
v -0.00866211 0.02167485 2E-06
v -0.01440133 0.03137869 2E-06
v -0.01343684 0.03162269 2E-06
v -0.00320134 0.03582959 0.004402
v -0.00375371 0.03662001 0.00014322
v -0.00375371 0.03662001 0.004402
v -0.02405635 -0.03001575 0.00014322
v -0.00320134 0.03582959 0.00014322
v -0.03038996 0.02970082 0.00014322
v -0.0170185 -0.01597504 2E-06
v -0.02399362 -0.0245958 2E-06
v -0.0247096 -0.02396879 2E-06
v 0.01506658 0.03154898 2E-06
v -0.01178376 0.0201492 2E-06
v -0.02338151 0.02603422 2E-06
v -0.01543055 0.03137257 2E-06
v -0.01465856 0.01816474 2E-06
v -0.02371504 0.02513971 2E-06
v -0.02586304 0.02321371 2E-06
v -0.01634346 0.03159199 2E-06
v 0.02384961 -0.02894504 0.004402
v 0.02384961 -0.02894504 0.00014322
v -0.00885277 -0.03056883 0.005002
v -0.00933491 -0.03057162 0.00014322
v -0.00933491 -0.03057162 0.005002
v -0.04081395 0.00321284 2E-06
v -0.04205187 0.00161568 0.00014322
v -0.00251396 0.04177809 0.00014322
v -0.00176304 0.04234652 2E-06
v -0.00258968 0.04190666 2E-06
v -0.00411194 0.03943414 0.004402
v -0.00377522 0.04033773 0.00014322
v 0.02440197 -0.02973545 0.004402
v 0.02440197 -0.02973545 0.00014322
v 0.02512744 -0.03037071 0.004402
v 0.02512744 -0.03037071 0.00014322
v 0.02598386 -0.03081389 0.004402
v -0.02655642 -0.02327951 2E-06
v -0.03184646 -0.01690588 2E-06
v -0.03145435 -0.01585551 2E-06
v -0.01268563 0.03878857 0.00014322
v -0.01354205 0.03923175 0.004402
v -0.01106065 0.03646326 0.00014322
v -0.0114078 0.0373629 0.004402
v -0.0114078 0.0373629 0.00014322
v -0.04079062 0.00305604 0.00014322
v -0.0415087 0.00241243 0.00014322
v -0.0393004 0.01255537 2E-06
v -0.03705075 0.01077912 0.004402
v -0.03790717 0.0112223 0.00014322
v -0.03790717 0.0112223 0.004402
v -0.01059464 -0.02991972 0.00014322
v -0.01059464 -0.02991972 0.005002
v -0.01544392 0.03945152 0.004402
v -0.01637884 0.03921534 0.00014322
v -0.01544392 0.03945152 0.00014322
v -0.03980877 0.01449117 2E-06
v -0.03969052 0.01356637 2E-06
v -0.03125879 0.02608598 0.00014322
v -0.03091164 0.02518634 0.00014322
v -0.039185 0.01264797 0.004402
v 0.03773672 0.01824383 0.00014322
v 0.03688031 0.01868702 0.004402
v -0.03954323 0.01546211 0.004402
v -0.03920651 0.0163657 0.00014322
v -0.03920651 0.0163657 0.004402
v -0.01723007 0.03876228 0.00014322
v -0.01794814 0.03811868 0.004402
v -0.01794814 0.03811868 0.00014322
v -0.03618116 0.01862434 2E-06
v -0.03794525 0.01780606 0.00014322
v -0.03866333 0.01716245 0.004402
v -0.03866333 0.01716245 0.00014322
v 0.01750597 0.03832375 0.004402
v 0.01750597 0.03832375 0.00014322
v -0.02350246 0.0280454 0.00014322
v -0.01893874 0.03546041 0.004402
v -0.01882805 0.03641833 0.00014322
v 0.02562565 0.03111242 0.00014322
v 0.02477442 0.03065936 0.004402
v 0.02477442 0.03065936 0.00014322
v -0.02692146 0.03103925 0.00014322
v -0.02788574 0.03103367 0.00014322
v -0.03709402 0.01825912 0.00014322
v -0.03794525 0.01780606 0.004402
v 0.03404351 0.01867061 0.004402
v 0.03497843 0.01890679 0.00014322
v 0.03497843 0.01890679 0.004402
v -0.0314014 0.02610847 2E-06
v -0.03100464 0.02507851 2E-06
v -0.03035928 0.02439592 0.00014322
v -0.03093315 0.02890406 0.00014322
v -0.03126987 0.02800047 0.00014322
v -0.02786993 0.03117844 2E-06
v -0.02967189 0.03034442 0.00014322
v 0.02931886 0.03068565 0.00014322
v 0.02846245 0.03112883 0.004402
v -0.02882066 0.03079749 0.00014322
v 0.01308729 0.03938578 0.00014322
v 0.01223606 0.03893273 0.004402
v 0.01223606 0.03893273 0.00014322
v -0.01255967 0.03208989 2E-06
v -0.0344822 0.00078763 2E-06
v 0.00323202 -0.04113448 0.00014322
v 0.03094385 0.02836034 0.004402
v 0.02559275 0.02351135 2E-06
v 0.00121734 0.03476756 0.00014322
v -0.01893874 0.03546041 0.00014322
v -0.01881698 0.03450383 0.004402
v -0.01881698 0.03450383 0.00014322
v -0.02342263 -0.02541238 2E-06
v -0.01052739 -0.03563085 0.004402
v -0.01063809 -0.03658877 0.00014322
v -0.01063809 -0.03658877 0.004402
v 0.03404351 0.01867061 0.00014322
v 0.03319228 0.01821755 0.004402
v 0.03319228 0.01821755 0.00014322
v -0.04147801 -0.00289246 0.00014322
v -0.01088158 -0.02766565 0.005002
v -0.01060999 -0.02726728 0.00014322
v -0.02687552 0.02309771 0.00014322
v 0.03484397 -0.00172524 2E-06
v 0.03537801 -0.00248942 2E-06
v -0.00166272 0.04223115 0.004402
v -0.0007278 0.04246734 0.00014322
v -0.00217649 -0.03511687 2E-06
v -0.0072166 -0.02960088 2E-06
v -0.0013338 -0.03466725 2E-06
v -0.00840694 -0.02671074 0.005002
v -0.00797873 -0.02693233 0.00014322
v -0.00797873 -0.02693233 0.005002
v -0.02351318 -0.029219 0.00014322
v -0.03705933 -0.00395449 0.00014322
v -0.0362081 -0.00350143 0.00014322
v -0.01723007 0.03876228 0.004402
v -0.02562566 -0.03111242 0.00014322
v -0.02477442 -0.03065936 0.00014322
v -0.03043947 0.02427 2E-06
v -0.03511207 0.01863005 2E-06
v 0.00210471 0.04193382 2E-06
v -0.03989612 -0.0039709 0.00014322
v -0.02437129 0.02443056 0.00014322
v -0.01349878 0.03175175 0.004402
v -0.0144337 0.03151556 0.00014322
v -0.0144337 0.03151556 0.004402
v -0.02382811 0.02522731 0.00014322
v -0.04000429 -0.00408401 2E-06
v -0.03783125 -0.01153006 2E-06
v 0.00247587 -0.03519433 0.00014322
v -0.01920427 -0.01326646 2E-06
v -0.02559276 -0.02351135 2E-06
v 0.0423886 -0.00071209 0.004402
v -0.01719199 0.03217852 0.00014322
v -0.01719199 0.03217852 0.004402
v 0.01906893 -0.03541706 2E-06
v 0.00381786 0.03754339 2E-06
v 0.01037526 0.03565262 2E-06
v 0.00348213 0.03663918 2E-06
v -0.01349878 0.03175175 0.00014322
v -0.01264755 0.03220481 0.004402
v -0.01264755 0.03220481 0.00014322
v -0.03193104 -0.01677718 0.004402
v -0.03247421 -0.01757394 0.00014322
v 0.00365547 0.03947907 0.00014322
v 0.00330832 0.0403787 0.004402
v 0.00330832 0.0403787 0.00014322
v 0.01093888 -0.03550668 0.004402
v 0.01104957 -0.03454876 0.00014322
v 0.01104957 -0.03454876 0.004402
v -0.01097874 -0.02963824 2E-06
v -0.01071544 -0.03001432 2E-06
v -0.00940062 -0.03069831 2E-06
v -0.01087083 -0.02952452 0.005002
v -0.0098037 -0.03045894 0.00014322
v -0.0070452 -0.02914424 2E-06
v -0.01756994 -0.03845605 2E-06
v -0.01686727 -0.03906792 2E-06
v -0.00422263 0.03847622 0.004402
v -0.00411194 0.03943414 0.00014322
v 0.0416082 0.00295388 2E-06
v 0.04214486 0.00218481 2E-06
v -0.01125073 -0.02845846 2E-06
v -0.01097481 -0.03749236 0.00014322
v 0.03952236 0.01587502 2E-06
v 0.03963847 0.01495073 2E-06
v 0.03615925 -0.01862447 2E-06
v -0.0074935 -0.03000542 2E-06
v -0.00288717 -0.03575462 2E-06
v -0.00785977 -0.03033316 2E-06
v 0.03519481 -0.01850088 0.00014322
v 0.03519481 -0.01850088 0.004402
v 0.01099631 0.03377464 0.00014322
v 0.01099631 0.03377464 0.004402
v 0.03489419 0.01903499 2E-06
v 0.03071244 0.02543551 2E-06
v -0.01893887 0.03650682 2E-06
v -0.01906718 0.03540338 2E-06
v -0.00760066 -0.02990241 0.00014322
v -0.03705075 0.01077912 0.00014322
v -0.01791746 0.03281378 0.004402
v -0.01846983 0.0336042 0.00014322
v -0.01846983 0.0336042 0.004402
v -0.007616 -0.02724996 0.00014322
v -0.00935788 -0.02660085 0.005002
v -0.00887574 -0.02659806 0.00014322
v -0.00887574 -0.02659806 0.005002
v 0.03197613 -0.0126132 2E-06
v 0.02109545 -0.00999064 2E-06
v 0.03425723 -0.01827553 0.004402
v 0.0334008 -0.01783235 0.00014322
v -0.0114652 -0.03286341 2E-06
v -0.01033717 -0.03034618 2E-06
v -0.00988743 -0.0305801 2E-06
v -0.01217266 -0.03224403 2E-06
v 0.01052739 0.03563085 0.004402
v 0.01063808 0.03658877 0.00014322
v 0.01063808 0.03658877 0.004402
v -0.00795969 -0.03022421 0.005002
v -0.00795969 -0.03022421 0.00014322
v -0.00840694 -0.02671074 0.00014322
v 0.03425723 -0.01827553 0.00014322
v 0.0038069 0.03945615 2E-06
v 0.01082361 0.037514 2E-06
v 0.00392816 0.03850089 2E-06
v -0.03489421 -0.01903499 2E-06
v -0.03015667 -0.02462051 2E-06
v -0.0307347 -0.02546815 2E-06
v -0.02792128 0.02296495 2E-06
v -0.03259318 0.0173261 2E-06
v -0.02885791 0.02319105 2E-06
v -0.00760066 -0.02990241 0.005002
v 0.02943849 0.02397679 2E-06
v 0.03396012 0.01879827 2E-06
v 0.03310911 0.01834516 2E-06
v 0.03134364 0.01489606 2E-06
v -0.00206857 -0.03522062 0.004402
v -0.00121734 -0.03476756 0.00014322
v -0.00121734 -0.03476756 0.004402
v -0.00166272 0.04223115 0.00014322
v -0.00251396 0.04177809 0.004402
v 0.01817486 0.0376008 2E-06
v 0.01851527 0.03672346 2E-06
v 0.01755107 0.03848939 2E-06
v 0.01685294 0.03909835 2E-06
v -0.00335427 0.03580463 2E-06
v -0.01122975 0.03367239 2E-06
v -0.01089589 0.03457384 2E-06
v 0.03195253 0.01305946 0.00014322
v 0.04237752 0.00120241 0.00014322
v 0.04203036 0.00210204 0.004402
v -0.01730411 0.03890078 2E-06
v -0.01799516 0.03828378 2E-06
v -0.00275595 -0.04116912 0.00014322
v 0.03859797 0.01766244 2E-06
v 0.03912967 0.01689846 2E-06
v 0.03184646 0.01690588 2E-06
v 0.02765374 0.02328641 2E-06
v -0.03970338 0.01541676 2E-06
v 0.0305578 -0.02973039 2E-06
v 0.03140385 -0.02808938 2E-06
v -0.02890395 0.03091703 2E-06
v -0.0305458 0.02974433 2E-06
v -0.03106955 0.02897617 2E-06
v -0.03139503 0.02810569 2E-06
v -0.03151924 0.0270441 2E-06
v 0.01893874 -0.03546041 0.004402
v -0.00283007 -0.04129828 2E-06
v -0.00212319 -0.04191688 2E-06
v 0.00330763 -0.04126278 2E-06
v 0.03417531 -0.01840415 2E-06
v 0.02971389 -0.02363463 2E-06
v 0.03331911 -0.01796091 2E-06
v -0.01302728 -0.03951979 2E-06
v -0.01049268 -0.03660912 2E-06
v -0.00392347 -0.03850156 2E-06
v -0.01082902 -0.03751323 2E-06
v -0.03197614 0.0126132 2E-06
v -0.02234232 0.00675872 2E-06
v -0.03251236 0.0118265 2E-06
v -0.02464574 -0.03074154 2E-06
v -0.01865793 -0.03563527 2E-06
v -0.02304669 -0.02839826 2E-06
v -0.01766262 -0.03293877 2E-06
v -0.02338428 -0.02930095 2E-06
v -0.02440198 0.02973545 0.00014322
v -0.02334123 -0.00013501 2E-06
v -0.03447078 -0.00118648 2E-06
v -0.03435666 -0.00019873 2E-06
v -0.03195254 -0.01305946 0.004402
v -0.03195254 -0.01305946 0.00014322
v -0.03323037 -0.01163378 0.004402
v -0.03250489 -0.01226904 0.00014322
v -0.03250489 -0.01226904 0.004402
v -0.03423765 0.0106442 2E-06
v -0.01817971 -0.03758757 2E-06
v -0.03717341 0.01837324 2E-06
v -0.02508936 0.02378695 0.00014322
v -0.02752765 -0.03148836 2E-06
v -0.01192947 0.03284842 0.004402
v -0.03863264 0.01185756 0.004402
v -0.039185 0.01264797 0.00014322
v 0.04081006 -0.00321542 2E-06
v 0.02310064 -0.00334532 2E-06
v 0.0344822 -0.00078763 2E-06
v -0.03993939 0.0035091 0.00014322
v 0.00377724 0.03852249 0.004402
v 0.00366654 0.03756458 0.00014322
v 0.00366654 0.03756458 0.004402
v 0.02499971 -0.03045437 2E-06
v 0.01894198 -0.03442195 2E-06
v -0.01503243 -0.03168601 0.004402
v -0.01406816 -0.03168043 0.00014322
v -0.01406816 -0.03168043 0.004402
v -0.04160909 -0.00295217 2E-06
v -0.01596735 -0.03192219 0.00014322
v -0.01681859 -0.03237525 0.004402
v -0.01681859 -0.03237525 0.00014322
v 0.04075253 0.00352772 0.00014322
v 0.01852725 0.03567712 0.004402
v 0.03007502 0.0247455 0.004402
v 0.02935695 0.02410189 0.00014322
v 0.02935695 0.02410189 0.004402
v 0.03109727 0.02646998 2E-06
v 0.01122975 -0.03367239 2E-06
v 0.00335427 -0.03580463 2E-06
v 0.00068186 -0.0345258 0.00014322
v -0.00028241 -0.03453138 0.004402
v -0.00028241 -0.03453138 0.00014322
v 0.03893548 0.00434158 2E-06
v 0.03694616 0.01105898 2E-06
v 0.03901456 0.01681816 0.004402
v 0.03877535 -0.01180412 2E-06
v 0.03710259 -0.00352551 0.004402
v 0.03624617 -0.00308233 0.00014322
v 0.03624617 -0.00308233 0.004402
v -0.03948348 -0.01496194 0.004402
v -0.03937279 -0.01400403 0.00014322
v 0.04237752 0.00120241 0.004402
v -0.03779848 -0.01836143 2E-06
v -0.03696346 -0.01879522 2E-06
v 0.01106064 -0.03646326 0.00014322
v 0.01106064 -0.03646326 0.004402
v -0.00390576 0.03659645 2E-06
v -0.01078702 0.03553021 2E-06
v 0.02353467 0.02550128 0.004402
v 0.02334122 0.00013501 2E-06
v 0.01349878 -0.03175175 0.00014322
v 0.01264755 -0.03220481 0.004402
v 0.01264755 -0.03220481 0.00014322
v 0.01719198 -0.03217852 0.00014322
v 0.01633557 -0.03173534 0.004402
v 0.01633557 -0.03173534 0.00014322
v 0.02963381 -0.02376066 0.00014322
v 0.02877738 -0.02331748 0.004402
v 0.02877738 -0.02331748 0.00014322
v -0.01588868 -0.03957107 2E-06
v -0.03953275 -0.01401761 2E-06
v -0.0310768 -0.02845079 2E-06
v -0.03074258 -0.02931905 2E-06
v 0.03695837 0.01880204 2E-06
v 0.03707162 -0.01063083 2E-06
v 0.03801964 -0.00389678 2E-06
v 0.02858769 0.02352333 2E-06
v 0.02789007 -0.03116781 2E-06
v 0.0355207 -0.00244707 0.00014322
v -0.01805834 -0.03753334 0.00014322
v -0.0042631 0.03940947 2E-06
v -0.01182725 0.03820275 2E-06
v 0.03804018 -0.00375086 0.004402
v 0.03710259 -0.00352551 0.00014322
v 0.03703695 0.00410111 2E-06
v 0.03504805 0.01081597 2E-06
v 0.03601129 0.01082248 2E-06
v -0.01357817 0.0393955 2E-06
v -0.01448444 0.03961178 2E-06
v -0.03804018 0.00375086 0.00014322
v 0.03779385 0.01836863 2E-06
v -0.01852066 -0.0367083 2E-06
v 0.0324742 0.01757394 0.00014322
v 0.0324742 0.01757394 0.004402
v -0.04163959 0.00247235 2E-06
v -0.04216731 0.00169711 2E-06
v -0.03494684 -0.00206107 0.00014322
v 0.02937208 0.03082075 2E-06
v 0.02464573 0.03074154 2E-06
v 0.01865635 0.03562161 2E-06
v 0.02885791 -0.02319105 2E-06
v 0.03259317 -0.0173261 2E-06
v 0.03511206 -0.01863005 2E-06
v 0.03043947 -0.02427 2E-06
v -0.02971389 0.02363463 2E-06
v -0.03417531 0.01840415 2E-06
v 0.04253697 0.00116629 2E-06
v 0.01602896 0.03952401 2E-06
v 0.03970617 -0.01540948 2E-06
v -0.00422263 0.03847622 0.00014322
v -0.00410086 0.03751964 0.004402
v -0.00410086 0.03751964 0.00014322
v -0.03134364 -0.01489606 2E-06
v 0.00127304 0.04236408 2E-06
v -0.01648512 0.03933594 2E-06
v 0.02337367 -0.02812975 2E-06
v 0.01804248 -0.03273224 2E-06
v 0.01731733 -0.03209642 2E-06
v -0.03061821 -0.02554225 0.00014322
v -0.02598386 0.03081389 0.00014322
v 0.02594059 -0.02333389 0.00014322
v 0.02508936 -0.02378695 0.004402
v 0.02508936 -0.02378695 0.00014322
v 0.03019965 0.0300957 2E-06
v -0.03425723 0.01827553 0.00014322
v -0.03519482 0.01850088 0.004402
v -0.03519482 0.01850088 0.00014322
v -0.03800382 0.01793018 2E-06
v -0.04004638 0.00362175 2E-06
v -0.04214562 -0.00218318 2E-06
v -0.03408679 -0.0111906 0.00014322
v -0.03502438 -0.01096525 0.004402
v -0.03502438 -0.01096525 0.00014322
v -0.03777481 -0.01166007 0.00014322
v 0.02963381 -0.02376066 0.004402
v 0.03035928 -0.02439592 0.00014322
v 0.03035928 -0.02439592 0.004402
v 0.03948348 0.01496194 0.004402
v -0.02566893 -0.02363242 0.00014322
v -0.02660652 -0.02340707 0.00014322
v 0.00841078 0.0217736 2E-06
v 0.01079833 0.0225857 7.03E-06
v 0.01406815 0.03168043 0.00014322
v 0.01403736 0.03154319 2E-06
v 0.01154986 0.02028418 2E-06
v -0.01313056 -0.03190578 0.00014322
v -0.01753666 -0.03301886 0.004402
v -0.01753666 -0.03301886 0.00014322
v 0.0320399 -0.01653634 2E-06
v -0.03895853 -0.00419625 0.00014322
v -0.00278664 -0.03586423 0.00014322
v -0.00332983 -0.03666098 0.004402
v -0.00332983 -0.03666098 0.00014322
v 0.01539797 -0.03150999 0.00014322
v 0.01539797 -0.03150999 0.004402
v 0.01192947 -0.03284842 0.004402
v 0.01192947 -0.03284842 0.00014322
v -0.01038226 -0.03565162 2E-06
v 0.02687552 -0.02309771 0.004402
v 0.02687552 -0.02309771 0.00014322
v 0.02437129 -0.02443056 0.004402
v 0.02437129 -0.02443056 0.00014322
v 0.03073227 0.02933366 2E-06
v 0.0104867 0.03660996 2E-06
v -0.00377724 -0.03852249 0.00014322
v 0.03708193 -0.00367229 2E-06
v 0.03517083 -0.01040979 2E-06
v 0.03622452 -0.00322986 2E-06
v 0.03423765 -0.0106442 2E-06
v 0.01596735 0.03192219 0.00014322
v 0.01681858 0.03237525 0.004402
v 0.01681858 0.03237525 0.00014322
v -0.03193104 -0.01677718 0.00014322
v 0.03140897 -0.02610077 2E-06
v 0.02372167 -0.02902847 2E-06
v 0.01859468 -0.03352277 2E-06
v 0.0242743 -0.02981871 2E-06
v 0.00260796 -0.04188951 2E-06
v -0.03496835 0.00165665 0.00014322
v -0.03552071 0.00244707 0.00014322
v -0.03900447 0.00374529 0.00014322
v -0.02499972 0.03045437 2E-06
v -0.02595275 0.03094791 2E-06
v -0.03021183 -0.0300819 2E-06
v -0.01539798 0.03150999 0.00014322
v -0.02392773 -0.03009753 2E-06
v -0.01854251 -0.03463878 2E-06
v -0.00425193 0.03749672 2E-06
v -0.01791746 0.03281378 0.00014322
v -0.00328719 0.04128233 2E-06
v -0.03877719 0.01180622 2E-06
v 0.01218446 0.03905313 2E-06
v 0.01138451 0.03833702 2E-06
v -0.01841656 -0.03471921 0.004402
v -0.01807984 -0.03381561 0.00014322
v -0.01807984 -0.03381561 0.004402
v 0.00410086 -0.03751964 0.00014322
v 0.00375371 -0.03662001 0.004402
v 0.00375371 -0.03662001 0.00014322
v -0.00185256 0.02326862 2E-06
v 0.00029887 0.03438913 2E-06
v 0.00158326 0.02328849 2E-06
v -0.0269356 0.03118399 2E-06
v 0.00332982 0.03666098 0.004402
v 0.01268563 -0.03878857 0.00014322
v 0.01731809 -0.03887019 2E-06
v 0.01801363 -0.03825022 2E-06
v 0.03177582 -0.01550703 0.00014322
v 0.03177582 -0.01550703 0.004402
v 0.0104952 0.03469758 2E-06
v 0.02338428 0.02930095 2E-06
v 0.01820564 0.03373563 2E-06
v 0.02392773 0.03009753 2E-06
v 0.01052739 0.03563085 0.00014322
v 0.01064915 0.03467428 0.004402
v 0.01064915 0.03467428 0.00014322
v 0.01495776 0.03978149 2E-06
v 0.01402523 0.03977669 2E-06
v 0.02325056 -0.02717464 2E-06
v -0.01268563 0.03878857 0.004402
v -0.01196016 0.03815331 0.00014322
v -0.01196016 0.03815331 0.004402
v 0.01894407 -0.03649159 2E-06
v 0.01861332 -0.03737475 2E-06
v -0.02765375 -0.02328641 2E-06
v -0.03239056 -0.01770199 2E-06
v -0.0386034 -0.01765347 2E-06
v -0.03517083 0.01040979 2E-06
v -0.03708192 0.00367238 2E-06
v -0.03613409 0.01040516 2E-06
v -0.01498532 -0.03978599 2E-06
v -0.01405556 -0.0397797 2E-06
v 0.03107969 -0.02896145 2E-06
v 0.01854251 0.03463878 2E-06
v -0.01263542 0.03890956 2E-06
v -0.01860864 0.03738804 2E-06
v 0.03102726 -0.02511089 2E-06
v -0.04254762 0.00067413 2E-06
v 0.01083947 0.03380004 2E-06
v 0.0115319 0.03280735 2E-06
v -0.03913414 -0.01688942 2E-06
v 0.03015667 0.02462051 2E-06
v 0.03502437 0.01096525 0.004402
v 0.03408678 0.0111906 0.00014322
v -0.01694488 -0.03229461 2E-06
v -0.01093888 0.03550668 0.004402
v -0.01104957 0.03454876 0.00014322
v -0.01104957 0.03454876 0.004402
v 0.03502437 0.01096525 0.00014322
v -0.02856062 -0.03123794 2E-06
v -0.03863264 0.01185756 0.00014322
v 0.03993938 -0.0035091 0.00014322
v -0.03703697 -0.00410102 2E-06
v -0.03504805 -0.01081597 2E-06
v -0.03601129 -0.01082248 2E-06
v -0.03797203 -0.00433634 2E-06
v -0.03694617 -0.01105898 2E-06
v -0.03482169 -0.0021282 2E-06
v -0.03138056 0.02704255 0.00014322
v 0.03449942 0.00019956 0.004402
v 0.03461011 0.00115748 0.00014322
v -0.01804249 0.03273224 2E-06
v -0.02337368 0.02812975 2E-06
v -0.02372168 0.02902847 2E-06
v -0.01894199 0.03442195 2E-06
v -0.02427431 0.02981871 2E-06
v 0.01846982 -0.0336042 0.00014322
v 0.01791745 -0.03281378 0.004402
v 0.01791745 -0.03281378 0.00014322
v 0.03804018 -0.00375086 0.00014322
v 0.00293984 0.03584104 2E-06
v -0.01596735 -0.03192219 0.004402
v -0.01503243 -0.03168601 0.00014322
v 0.00320134 -0.03582959 0.004402
v 0.00320134 -0.03582959 0.00014322
v -0.00023648 -0.04247291 0.00014322
v -0.02938683 -0.03080779 2E-06
v -0.00206857 -0.03522062 0.00014322
v -0.00278664 -0.03586423 0.004402
v 0.01138629 -0.03364517 0.00014322
v 0.01138629 -0.03364517 0.004402
v 0.01349878 -0.03175175 0.004402
v 0.0144337 -0.03151556 0.00014322
v 0.0144337 -0.03151556 0.004402
v 0.01694487 0.03229461 2E-06
v -0.03007502 -0.0247455 0.00014322
v -0.02943849 -0.02397679 2E-06
v -0.03396012 -0.01879827 2E-06
v -0.03310911 -0.01834516 2E-06
v -0.0285877 -0.02352333 2E-06
v -0.01820564 -0.03373563 2E-06
v -0.0230604 -0.00361233 2E-06
v 0.00021831 0.04261763 2E-06
v -0.00071131 0.04261225 2E-06
v -0.03801963 0.00389689 2E-06
v -0.03622451 0.00322994 2E-06
v 0.02351317 0.029219 0.00014322
v -0.03624617 0.00308233 0.00014322
v -0.03710259 0.00352551 0.00014322
v -0.03331912 0.01796091 2E-06
v -0.0320399 0.01653634 2E-06
v -0.0259406 0.02333389 0.00014322
v -0.01093888 0.03550668 0.00014322
v -0.01106065 0.03646326 0.004402
v -0.02325057 0.02717464 2E-06
v 0.0371784 -0.01836635 2E-06
v -0.01731734 0.03209642 2E-06
v -0.01138629 0.03364517 0.004402
v -0.01192947 0.03284842 0.00014322
v -0.01138629 0.03364517 0.00014322
v -0.02481251 -0.0240756 0.00014322
v -0.02757079 -0.02341264 0.00014322
v -0.02850572 -0.02364883 0.00014322
v -0.02935695 -0.02410189 0.00014322
v 0.03239055 0.01770199 2E-06
v -0.02512745 0.03037071 0.00014322
v -0.00069668 0.03438337 2E-06
v 0.01089589 -0.03457384 2E-06
v 0.00278664 0.03586423 0.00014322
v 0.01125686 -0.03738628 2E-06
v 0.00437329 -0.03845287 2E-06
v 0.01637883 -0.03921534 0.00014322
v -0.02384961 0.02894504 0.00014322
v -0.01154868 -0.03298422 0.004402
v -0.01154868 -0.03298422 0.00014322
v -0.00377724 -0.03852249 0.004402
v -0.00366655 -0.03756458 0.00014322
v -0.00366655 -0.03756458 0.004402
v 0.01766261 0.03293877 2E-06
v 0.02304669 0.02839826 2E-06
v -0.03965392 0.01450419 0.004402
v -0.03954323 0.01546211 0.00014322
v 0.03061821 0.02554225 0.004402
v 0.03007502 0.0247455 0.00014322
v 0.03061821 0.02554225 0.00014322
v 0.03095493 0.02644584 0.004402
v 0.03692357 0.01120701 0.00014322
v -0.03340081 0.01783235 0.004402
v -0.03267534 0.01719709 0.00014322
v -0.03267534 0.01719709 0.004402
v -0.03340081 0.01783235 0.00014322
v -0.03425723 0.01827553 0.004402
v 0.02783979 -0.02309213 0.00014322
v 0.02783979 -0.02309213 0.004402
v 0.01090951 -0.0364862 2E-06
v 0.01719198 -0.03217852 0.004402
v 0.01846982 -0.0336042 0.004402
v -0.03323037 -0.01163378 0.00014322
v -0.03408679 -0.0111906 0.004402
v 0.03903606 0.01310043 0.004402
v 0.03849288 0.01230368 0.00014322
v 0.03800835 -0.01792294 2E-06
v -0.01097481 -0.03749236 0.004402
v -0.01151799 -0.03828911 0.00014322
v -0.01541697 0.03960579 2E-06
v 0.01178376 -0.0201492 2E-06
v -0.00275595 -0.04116912 0.004402
v -0.00330832 -0.0403787 0.00014322
v 0.03162814 -0.01354642 2E-06
v -0.03598865 -0.01097083 0.004402
v -0.03692358 -0.01120701 0.004402
v -0.03598865 -0.01097083 0.00014322
v -0.0386362 -0.01225189 2E-06
v 0.0109748 0.03749236 0.00014322
v -0.03404351 -0.01867061 0.00014322
v 0.02338069 -0.02708882 0.004402
v 0.02349138 -0.02613091 0.00014322
v -0.0389355 -0.00434145 2E-06
v 0.03613408 -0.01040516 2E-06
v -0.01227415 -0.03234896 0.00014322
v -0.01313056 -0.03190578 0.004402
v 0.00377724 0.03852249 0.00014322
v 0.00365547 0.03947907 0.004402
v 0.01227414 0.03234896 0.00014322
v 0.00410086 -0.03751964 0.004402
v -0.03212298 0.01640667 0.004402
v -0.03212298 0.01640667 0.00014322
v -0.01227415 -0.03234896 0.004402
v -0.03709402 0.01825912 0.004402
v -0.0361591 0.0184953 0.00014322
v -0.0361591 0.0184953 0.004402
v 0.03618472 0.00364879 2E-06
v 0.03773672 0.01824383 0.004402
v -0.0038124 -0.03754416 2E-06
v -0.03777481 -0.01166007 0.004402
v 0.02399361 0.0245958 2E-06
v 0.0170185 0.01597504 2E-06
v 0.0247096 0.02396879 2E-06
v 0.02757079 0.02341264 0.004402
v 0.02850571 0.02364883 0.004402
v 0.02757079 0.02341264 0.00014322
v 0.02850571 0.02364883 0.00014322
v 0.02792127 -0.02296495 2E-06
v -0.02972666 0.0304789 2E-06
v 0.02931886 0.03068565 0.004402
v -0.03879973 0.01721474 2E-06
v -0.03932255 0.01644466 2E-06
v 0.01093888 -0.03550668 0.00014322
v -0.01852726 -0.03567712 0.004402
v -0.01841656 -0.03471921 0.00014322
v -0.01859469 0.03352277 2E-06
v 0.03932691 -0.01643557 2E-06
v 0.03880503 -0.01720571 2E-06
v 0.03918499 -0.01264797 0.004402
v 0.037972 0.00433645 2E-06
v 0.00247587 -0.03519433 0.004402
v 0.01440132 -0.03137869 2E-06
v 0.01343683 -0.03162269 2E-06
v -0.02097847 -0.01023401 2E-06
v -0.03146932 -0.0139114 2E-06
v 0.03165405 -0.01455046 0.00014322
v 0.0167805 0.03895901 0.00014322
v 0.00126004 0.03463186 2E-06
v 0.03435666 0.00019873 2E-06
v 0.01218759 0.03223304 2E-06
v 0.00332982 0.03666098 0.00014322
v 0.01307011 0.03177602 2E-06
v -0.03692358 -0.01120701 0.00014322
v 0.00071608 -0.04261335 2E-06
v -0.00022307 -0.04261878 2E-06
v 0.00069665 -0.03438356 2E-06
v -0.01087083 -0.02952452 0.00014322
v -0.00240415 -0.022874 0.00039954
v -0.00710739 -0.0218743 0.00739954
v -0.00240415 -0.022874 0.00739954
v 0.01860739 -0.01351906 0.00039954
v 0.02101155 -0.00935494 0.00039954
v 0.0224974 -0.00478197 0.00039954
v 0.023 -0 0.00039954
v 0.0224974 0.00478197 0.00039954
v 0.02101155 0.00935494 0.00039954
v 0.01860739 0.01351906 0.00039954
v 0.01539 0.01709233 0.00039954
v 0.0115 0.01991859 0.00039954
v 0.00710739 -0.0218743 0.00739954
v 0.00240415 -0.022874 0.00039954
v 0.00240415 -0.022874 0.00739954
v 0.01539 -0.01709233 0.00039954
v 0.0115 -0.01991859 0.00739954
v 0.01539 -0.01709233 0.00739954
v -0.01539 -0.01709233 0.00739954
v -0.0115 -0.01991859 0.00039954
v -0.01539 -0.01709233 0.00039954
v 0.01539 0.01709233 0.00739954
v 0.0115 0.01991859 0.00739954
v -0.0115 -0.01991859 0.00739954
v -0.00710739 -0.0218743 0.00039954
v 0.00710739 -0.0218743 0.00039954
v 0.0115 -0.01991859 0.00039954
v 0.00710739 0.0218743 0.00039954
v 0.00506609 0.02278418 2E-06
v 0.00240415 0.022874 0.00039954
v 0.00240415 0.022874 0.00739954
v -0.00240415 0.022874 0.00039954
v 0.00710739 0.0218743 0.00739954
v -0.00710739 0.0218743 0.00039954
v -0.0115 0.01991859 0.00739954
v -0.0115 0.01991859 0.00039954
v 0.023 -0 0.00739954
v 0.0224974 0.00478197 0.00739954
v -0.01539 0.01709233 0.00039954
v 0.02101155 0.00935494 0.00739954
v 0.01860739 0.01351906 0.00739954
v -0.0224974 -0.00478197 0.00739954
v -0.02101155 -0.00935494 0.00039954
v -0.0224974 -0.00478197 0.00039954
v -0.01860739 -0.01351906 0.00739954
v -0.01860739 -0.01351906 0.00039954
v -0.01860739 0.01351906 0.00039954
v -0.02101155 0.00935494 0.00039954
v -0.0224974 0.00478197 0.00039954
v -0.023 0 0.00039954
v 0.0224974 -0.00478197 0.00739954
v -0.023 0 0.00739954
v 0.01860739 -0.01351906 0.00739954
v 0.02101155 -0.00935494 0.00739954
v -0.0224974 0.00478197 0.00739954
v -0.01539 0.01709233 0.00739954
v -0.00710739 0.0218743 0.00739954
v -0.00240415 0.022874 0.00739954
v -0.02101155 -0.00935494 0.00739954
v -0.01860739 0.01351906 0.00739954
v -0.02101155 0.00935494 0.00739954
v 0.01975295 -0.00879458 0.00739954
v 0.01446814 -0.01606849 0.00739954
v -0.01446814 -0.01606849 0.00739954
v -0.01446814 0.01606849 0.00739954
v -0.01081114 0.01872545 0.00739954
v 0.0174928 0.01270926 0.00739954
v -0.01975295 0.00879458 0.00739954
v 0.01446814 0.01606849 0.00739954
v 0.01975295 0.00879458 0.00739954
v 0.01081114 -0.01872545 0.00739954
v 0.0174928 -0.01270926 0.00739954
v 0.00226014 -0.02150384 0.00739954
v 0.00226014 0.02150384 0.00739954
v 0.00668166 -0.02056402 0.00739954
v -0.02114979 -0.00449553 0.00739954
v -0.00668166 0.02056402 0.00739954
v 0.02162229 -0 0.00739954
v -0.00226014 0.02150384 0.00739954
v -0.00226014 -0.02150384 0.00739954
v 0.00668166 0.02056402 0.00739954
v -0.02162229 0 0.00739954
v 0.02114979 -0.00449553 0.00739954
v 0.01081114 0.01872545 0.00739954
v 0.02114979 0.00449553 0.00739954
v -0.01081114 -0.01872545 0.00739954
v -0.02114979 0.00449553 0.00739954
v -0.00668166 -0.02056402 0.00739954
v -0.0174928 -0.01270926 0.00739954
v -0.01975295 -0.00879458 0.00739954
v -0.0174928 0.01270926 0.00739954
v 0.01222922 0.02782889 2.31E-06
v 0.00917479 0.02691301 0.00693686
v 0.0088546 0.02708106 0.00018393
v 0.00917479 0.02691301 0.00018393
v 0.00814189 0.02418947 0.00018393
v 0.00779079 0.02427601 0.00693686
v 0.00814189 0.02418947 0.00693686
v 0.0098227 0.02567853 0.00693686
v 0.00977911 0.0260375 0.00018393
v 0.00982269 0.02567853 0.00018393
v 0.00977911 0.02531956 0.00018393
v 0.00965088 0.02498144 0.00693686
v 0.00977911 0.02531956 0.00693686
v 0.0088546 0.02708105 0.00693686
v 0.0085035 0.02716759 0.00018393
v 0.00779079 0.02708106 0.00018393
v 0.00814189 0.02716759 0.00693686
v 0.00779079 0.02708105 0.00693686
v 0.0088546 0.02427601 0.00018393
v 0.0085035 0.02418947 0.00693686
v 0.0088546 0.02427601 0.00693686
v 0.00944546 0.02468385 0.00018393
v 0.00917479 0.02444405 0.00693686
v 0.00944546 0.02468385 0.00693686
v 0.00686628 0.0260375 0.00018393
v 0.00699451 0.02637561 0.00693686
v 0.00686628 0.0260375 0.00693686
v 0.00699451 0.02637562 0.00018393
v 0.00719993 0.02667321 0.00693686
v 0.0074706 0.02691301 0.00693686
v 0.00719993 0.02667322 0.00018393
v 0.0074706 0.02691301 0.00018393
v 0.0068227 0.02567853 0.00693686
v 0.00686628 0.02531956 0.00018393
v 0.00682269 0.02567853 0.00018393
v 0.00699451 0.02498145 0.00018393
v 0.00686628 0.02531956 0.00693686
v 0.00699451 0.02498144 0.00693686
v 0.00965088 0.02498145 0.00018393
v 0.0074706 0.02444405 0.00018393
v 0.00719993 0.02468385 0.00693686
v 0.0074706 0.02444405 0.00693686
v 0.00965088 0.02637562 0.00018393
v 0.00944546 0.02667321 0.00693686
v 0.00944546 0.02667322 0.00018393
v 0.00814189 0.02716759 0.00018393
v 0.0085035 0.02716759 0.00693686
v 0.00977911 0.0260375 0.00693686
v 0.00965088 0.02637561 0.00693686
v 0.00779079 0.02427601 0.00018393
v 0.00917479 0.02444405 0.00018393
v 0.00719993 0.02468385 0.00018393
v 0.0085035 0.02418947 0.00018393
v 0.00783492 0.02439236 0.0070604
v 0.00754129 0.02454647 0.0070604
v 0.00729308 0.02476637 0.0070604
v 0.0071047 0.02503927 0.0070604
v 0.00698711 0.02534934 0.0070604
v 0.00694714 0.02567853 0.0070604
v 0.00698711 0.02600772 0.0070604
v 0.0071047 0.02631778 0.0070604
v 0.00729308 0.0265907 0.0070604
v 0.00754129 0.02681059 0.0070604
v 0.00783492 0.0269647 0.0070604
v 0.00815688 0.02704406 0.0070604
v 0.00848851 0.02704406 0.0070604
v 0.00881047 0.0269647 0.0070604
v 0.0091041 0.02681059 0.0070604
v 0.00935232 0.0265907 0.0070604
v 0.00954069 0.02631778 0.0070604
v 0.00965828 0.02600772 0.0070604
v 0.00969825 0.02567853 0.0070604
v 0.00965828 0.02534934 0.0070604
v 0.00954069 0.02503928 0.0070604
v 0.00935232 0.02476637 0.0070604
v 0.0091041 0.02454647 0.0070604
v 0.00881047 0.02439236 0.0070604
v 0.00848851 0.024313 0.0070604
v 0.00815688 0.024313 0.0070604
v 0.00810192 0.02406793 6.04E-05
v 0.00775053 0.02415452 6.04E-05
v 0.00743003 0.02432241 6.04E-05
v 0.00709405 0.02461978 6.04E-05
v 0.00688432 0.02492362 6.04E-05
v 0.00676963 0.02522604 6.04E-05
v 0.00675116 0.02611717 6.04E-05
v 0.00670608 0.02575485 6.04E-05
v 0.00683695 0.02634205 6E-05
v 0.00714888 0.02679304 6.04E-05
v 0.00774229 0.02720184 6.04E-05
v 0.00742402 0.02703554 6.04E-05
v 0.0081051 0.02729106 6.04E-05
v 0.00891506 0.02720329 6.04E-05
v 0.00855747 0.02729105 6.04E-05
v 0.00924195 0.02703313 6.04E-05
v 0.00989448 0.0253551 6.039E-05
v 0.00993608 0.02571808 6.04E-05
v 0.00958163 0.02465066 6.039E-05
v 0.00968603 0.02480241 6.039E-05
v 0.00921561 0.02432596 6.04E-05
v 0.00889873 0.02415965 6.04E-05
v 0.00852626 0.02406785 6.04E-05
v 0.00972935 0.02649144 6.04E-05
v 0.00951877 0.02679094 6.04E-05
v 0.00988897 0.0260806 6.04E-05
v 0.02594059 -0.02333389 0.004402
v 0.00411193 -0.03943414 0.004402
v -0.01637884 0.03921534 0.004402
vn -0.32459 -0.94527 0.0333
vn -0.42839 -0.90298 0.0333
vn 0.94527 -0.32459 0.0333
vn 0.90298 -0.42839 0.0333
vn 0.0058 -0.99943 0.0333
vn 0.1176 -0.9925 0.0333
vn -0.53659 0.84319 0.0333
vn -0.43883 0.89795 0.0333
vn -0.7026 -0.7108 0.0333
vn -0.77777 -0.62767 0.0333
vn 0.9925 0.1176 0.0333
vn 0.97309 0.228 0.0333
vn 0.62767 -0.77777 0.0333
vn 0.7108 -0.7026 0.0333
vn 0.32459 0.94527 0.0333
vn 0.42839 0.90298 0.0333
vn -0.52682 -0.84933 0.0333
vn -0.6186 -0.785 0.0333
vn -0.99943 -0.0058 0.0333
vn -0.99379 0.1062 0.0333
vn -0.785 0.6186 0.0333
vn -0.84933 0.52682 0.0333
vn -0.1062 -0.99379 0.0333
vn -0.21679 -0.97565 0.0333
vn 0.1062 0.99379 0.0333
vn 0.21679 0.97565 0.0333
vn -0.94527 0.32459 0.0333
vn -0.97565 0.21679 0.0333
vn 0.43883 -0.89795 0.0333
vn 0.53659 -0.84319 0.0333
vn 0.33552 -0.94145 0.0333
vn 0.228 -0.97309 0.0333
vn -0.0058 0.99943 0.0333
vn -0.62767 0.77777 0.0333
vn -0.89795 -0.43883 0.0333
vn -0.94145 -0.33552 0.0333
vn 0.7026 0.7108 0.0333
vn 0.77777 0.62767 0.0333
vn 0.84933 -0.52682 0.0333
vn 0.99943 0.0058 0.0333
vn 0.6186 0.785 0.0333
vn 0.52682 0.84933 0.0333
vn 0.84319 0.53659 0.0333
vn 0.89795 0.43883 0.0333
vn 0.99379 -0.1062 0.0333
vn -0.97309 -0.228 0.0333
vn -0.9925 -0.1176 0.0333
vn 0.94145 0.33552 0.0333
vn 0.97565 -0.21679 0.0333
vn -0.33552 0.94145 0.0333
vn -0.228 0.97309 0.0333
vn -0.1176 0.9925 0.0333
vn 0.785 -0.6186 0.0333
vn -0.84319 -0.53659 0.0333
vn -0.90298 0.42839 0.0333
vn -0.7108 0.7026 0.0333
vn 0.0713 -0.0761 -0.99455
vn 0 0 -1
vn 0.014 0 -0.9999
vn -0.01 -0.1366 -0.99058
vn 0.0736 -0.19601 -0.97784
vn 0.0138 -0.26999 -0.96276
vn 0.0009 -0.2783 -0.96049
vn 0.0177 -0.35328 -0.93535
vn 0.0137 -0.40312 -0.91504
vn 0.0063 -0.44312 -0.89644
vn 0.008 -0.51778 -0.85547
vn 0.0063 -0.5285 -0.84891
vn 0.0063 0.5285 -0.84891
vn 0.0025 0.61799 -0.78618
vn 0.0026 0.61648 -0.78737
vn 0.008 0.51778 -0.85547
vn -0.0003 -0.6285 -0.77781
vn 0.0034 -0.58088 -0.81398
vn 0.0047 -0.62622 -0.77963
vn 0.0003 -0.68688 -0.72677
vn 0.0041 -0.73123 -0.68212
vn 0 -0.74446 -0.66767
vn 0.0009 -0.78742 -0.61642
vn 0.0021 -0.81751 -0.57591
vn 0 -0.81127 -0.58468
vn 0.0014 -0.85195 -0.52363
vn 0.0006 -0.88585 -0.46397
vn 0.0377 -0.89061 -0.4532
vn 0.0149 -0.8591 -0.5116
vn 0.038 0.8908 -0.4528
vn 0.0411 0.93967 -0.33959
vn 0.0007 0.93723 -0.34871
vn 0.0008 0.88579 -0.46409
vn 0.1348 0.89261 -0.4302
vn 0.0274 0.8595 -0.5104
vn 0.0953 0.86736 -0.48848
vn 0.0215 -0.98518 -0.1702
vn 0.0375 -0.9697 -0.2414
vn 0.0012 -0.9771 -0.2128
vn 0.0107 -0.99278 -0.1195
vn 0.0014 -0.99769 -0.0679
vn 0.0212 -0.99822 -0.0558
vn 0.0115 -0.99975 -0.0191
vn 0 -0.99763 0.0688
vn 0.0007 -0.99953 0.0307
vn -0.0001 -0.99314 0.11691
vn -0.0008 -0.99425 0.10711
vn 0 -0.99947 0.0327
vn 0.001 -0.99185 -0.12741
vn 0.001 -0.96754 -0.25271
vn 0.0277 -0.96494 -0.26101
vn 0.0187 -0.99052 -0.1361
vn -0.0002 -0.93753 0.34791
vn -0.0003 -0.97586 0.21841
vn -0.0008 -0.97908 0.20349
vn -0.0006 -0.94226 0.33489
vn 0.0005 0.86207 -0.50678
vn 0.0004 0.92182 -0.38761
vn 0.0274 0.91883 -0.39371
vn 0.0195 0.86001 -0.50991
vn -0.0128 0.81172 -0.58391
vn -0.0006 0.78159 -0.62379
vn 0 0.97694 0.21351
vn 0.0002 0.94007 0.34099
vn 0.0001 0.94229 0.3348
vn -0.0002 0.9791 0.2034
vn 0.0004 0.96499 -0.2623
vn 0.0238 0.96362 -0.26621
vn 0 -0.5143 0.85761
vn 0 -0.62512 0.78053
vn -0.0001 -0.6311 0.7757
vn -0 -0.5196 0.85441
vn 0.21629 -0.92076 -0.32469
vn 0.21759 -0.87847 -0.42538
vn 0.31278 -0.85316 -0.41748
vn 0.3298 -0.89329 -0.3054
vn 0.2051 -0.95302 -0.2229
vn 0.1986 -0.9724 -0.1225
vn 0.0954 -0.98876 -0.1151
vn 0.1063 -0.97043 -0.21671
vn 0.0005 0.13489 0.99086
vn 0.0011 -0.002 1
vn 0.0021 -0.0025 0.99999
vn 0.0009 0.1341 0.99097
vn 0.0001 0.13569 0.99075
vn 0.0001 -0.0006 1
vn 0 -0.1339 0.99099
vn 0.0006 -0.1354 0.99079
vn -0 0.27011 0.96283
vn -0 0.2698 0.96292
vn 0.0012 -0.1369 0.99058
vn 0.26471 -0.85993 -0.43641
vn 0.1434 -0.86608 -0.47889
vn 0.13531 -0.88634 -0.44282
vn 0.25791 -0.88584 -0.38572
vn -0 0.39881 0.91703
vn -0 0.3984 0.91721
vn -0 0.5201 0.8541
vn -0 0.5196 0.85441
vn -0 0.63171 0.77521
vn -0 0.6311 0.7757
vn -0 0.73147 0.68187
vn -0 0.7308 0.6826
vn 0.0001 0.81702 0.57661
vn 0.0001 0.81694 0.57673
vn 0.0002 0.88662 0.46251
vn 0.0002 0.88787 0.46009
vn 0.0143 0.99935 -0.033
vn 0.0348 0.99026 -0.13479
vn 0.0004 0.99121 -0.1323
vn 0.0002 0.99945 -0.0333
vn 0.0005 -0.99948 -0.0323
vn 0.0146 -0.99937 -0.0323
vn -0 -0.72454 0.68924
vn -0.0001 -0.81073 0.58542
vn -0.0003 -0.81697 0.57668
vn -0.0002 -0.7308 0.6826
vn -0.0002 -0.88219 0.47089
vn -0.0004 -0.88787 0.46009
vn 0.0004 0.99959 0.0288
vn 0 0.99384 0.1108
vn -0.0006 0.99466 0.1032
vn 0.0004 0.99763 0.0688
vn 0.0085 0.99992 -0.0095
vn 0.0015 0.99768 -0.068
vn 0 0.99953 0.0305
vn 0.0191 0.99894 -0.0418
vn 0.0253 0.9937 -0.1092
vn 0.0012 0.9769 -0.2137
vn 0.0238 0.98372 -0.1781
vn 0.0402 -0.94168 -0.33409
vn 0.0006 -0.93764 -0.34761
vn 0.0319 0.96847 -0.24709
vn 0.2657 0.88261 -0.38781
vn 0.1901 0.86749 -0.4597
vn 0.2893 0.85471 -0.43101
vn 0.0011 0.85422 -0.51991
vn 0.0022 0.81746 -0.57597
vn 0 0.8206 -0.5715
vn 0.0002 0.80555 -0.59253
vn 0.0014 0.77758 -0.62878
vn 0.0023 0.719 -0.695
vn -0.0003 0.72677 -0.68688
vn -0.0018 0.68877 -0.72497
vn -0.0013 0.69541 -0.71861
vn -0.0074 0.73058 -0.68278
vn 0.0022 0.67239 -0.74019
vn 0.1185 0.98651 -0.1129
vn 0.20761 0.95303 -0.22051
vn 0.099 0.9706 -0.2194
vn 0.0063 0.44312 -0.89644
vn 0.0137 0.40312 -0.91504
vn 0.0177 0.35328 -0.93535
vn 0.0138 0.26999 -0.96276
vn 0.0009 0.2783 -0.96049
vn 0.0736 0.19601 -0.97784
vn -0.01 0.1366 -0.99058
vn 0.0713 0.0761 -0.99455
vn -0.0121 0.0006 -0.99993
vn 0.0169 0.1481 -0.98883
vn -0.0017 0.1035 -0.99463
vn -0.0102 0.0007 -0.99995
vn 0.1695 0.92959 -0.3273
vn 0.33608 0.87156 -0.35698
vn 0.28569 0.91838 -0.27379
vn 0.0863 0.97734 -0.19331
vn 0.0869 0.96218 -0.25819
vn 0.1489 0.96642 -0.20941
vn 0.11129 -0.98436 -0.13659
vn 0.0645 -0.99386 -0.0899
vn 0.0444 0.999 -0.0045
vn 0.0759 0.99702 -0.0139
vn 0.1376 -0.91911 -0.3692
vn 0.094 -0.95142 -0.29321
vn 0.1758 -0.93361 -0.3122
vn 0.0987 0.98852 -0.1144
vn 0.1093 0.99204 -0.0626
vn 0.082 0.98671 -0.1403
vn 0.1573 0.95063 -0.26751
vn 0.053 0.99823 -0.0269
vn 0.23409 0.94276 -0.23749
vn 0.3242 -0.8237 -0.4652
vn 0.3573 -0.82251 -0.44251
vn 0.2196 -0.83308 -0.50769
vn 0.25819 -0.81927 -0.51198
vn 0.2254 0.9564 -0.1857
vn 0.16151 0.98074 -0.1098
vn 0.0253 0.99967 0.0052
vn 0.0168 -0.99985 0.004
vn 0.0333 -0.99944 0.0028
vn 0.026 -0.99962 -0.0087
vn 0.1322 0.9906 -0.0351
vn 0.1239 -0.99052 -0.0593
vn 0.15699 -0.98465 -0.0763
vn 0.0272 0.99963 0.0007
vn 0.0164 0.99986 0.0031
vn 0.0086 0.99994 0.0064
vn 0.0196 0.9998 0.0045
vn 0.0094 0.99995 0.0044
vn 0.0075 -0.99996 0.0041
vn 0.0001 -0.26681 0.96375
vn 0.0001 -0.2698 0.96292
vn 0.0001 -0.39421 0.91902
vn 0 -0.3984 0.91721
vn -0.0157 0.81961 -0.57271
vn -0.0051 0.75542 -0.65522
vn 0.101 0.84309 -0.5282
vn 0.0932 0.81809 -0.56749
vn 0.0022 0.50922 -0.86063
vn -0.0116 0.61317 -0.78986
vn -0.0116 0.59738 -0.80187
vn -0.0876 0.45622 -0.88554
vn 0.0652 0.40888 -0.91026
vn -0.0721 0.33651 -0.93892
vn 0.037 0.28479 -0.95787
vn -0.0422 0.219 -0.97481
vn 0.3012 0.89911 -0.3176
vn 0.2164 0.92108 -0.32369
vn 0.137 -0.97239 -0.1889
vn 0.0165 -0.99985 0.0046
vn 0.0247 -0.99968 0.0048
vn 0.0811 -0.99662 -0.0131
vn 0.13421 -0.99044 -0.0319
vn 0.21819 -0.96466 -0.14769
vn 0.0494 -0.99878 -0.0027
vn 0.0206 -0.99976 0.008
vn 0.25789 -0.93148 -0.25659
vn 0.1679 -0.95659 -0.2382
vn 0.0161 -0.99974 0.0159
vn 0.34101 -0.87311 -0.34841
vn 0.21039 0.83455 -0.50917
vn 0.2392 0.80642 -0.54081
vn 0.10719 0.99395 -0.024
vn 0.36712 -0.83105 -0.41783
vn 0.0614 -0.86303 -0.50141
vn 0.0009 -0.92742 -0.37401
vn 0.0277 -0.92073 -0.38921
vn 0.37269 0.82878 -0.41739
vn 0.38952 0.84355 -0.36972
vn 0.36399 0.82338 -0.43539
vn 0.34811 0.81302 -0.46671
vn -0.0156 -0.81961 -0.57271
vn 0.0926 -0.8176 -0.5683
vn 0.095 -0.84441 -0.52721
vn 0.0198 -0.86312 -0.50461
vn 0.2992 0.85879 -0.41589
vn 0.32059 0.79699 -0.51189
vn 0.1063 -0.89242 -0.43851
vn 0.21559 0.87886 -0.42558
vn 0.10979 0.89206 -0.43838
vn 0.1043 0.9382 -0.33
vn 0.0524 -0.99826 -0.0269
vn -0.0505 -0.0924 -0.99444
vn 0.0389 -0.1635 -0.98578
vn -0.1151 -0.21429 -0.96996
vn 0.0958 -0.2962 -0.95031
vn -0.16571 -0.33772 -0.92655
vn 0.1391 -0.41521 -0.89903
vn -0.0013 -0.52592 -0.85053
vn -0.173 -0.4632 -0.8692
vn -0.0079 -0.58272 -0.81263
vn -0.0087 -0.63739 -0.77049
vn -0.005 -0.66432 -0.74743
vn -0.0042 -0.73363 -0.67953
vn -0.0017 -0.71179 -0.70239
vn -0.0059 -0.76179 -0.64779
vn -0.0141 -0.8157 -0.5783
vn -0.001 -0.81001 -0.58641
vn 0.001 -0.87183 -0.48981
vn 0.1047 -0.99422 -0.0236
vn 0.1009 -0.93853 -0.33011
vn 0.3945 -0.84221 -0.3675
vn 0.0001 -0.26389 0.96455
vn 0.0001 -0.39001 0.92081
vn 0.0001 -0.80439 0.5941
vn 0.0001 -0.87635 0.48167
vn 0.0001 -0.61911 0.78531
vn 0.0001 -0.71817 0.69587
vn 0.0001 -0.5091 0.86071
vn 0.0001 -0.93268 0.36069
vn 0.0001 -0.9724 0.2333
vn 0.0003 0.93782 0.34711
vn 0.0003 0.88531 0.465
vn 0.0003 0.9747 0.2235
vn 0.0001 0.8171 0.5765
vn -0 0.7321 0.6812
vn -0 0.6322 0.7748
vn -0 0.5206 0.8538
vn -0 0.39919 0.91687
vn -0 0.27039 0.96275
vn 0.3325 -0.9431 0
vn 0.42779 -0.90388 0
vn -0.67339 0.73929 0
vn -0.59249 0.80558 0
vn 0.97692 0.2136 0
vn 0.94926 0.31449 0
vn -0.43581 -0.55301 0.71011
vn -0.47771 -0.52402 0.70512
vn -0.4209 -0.5703 0.7054
vn -0.9159 0.4014 0
vn -0.95283 0.30351 0
vn -0.8124 0.5831 0
vn -0.86889 0.495 0
vn -0.31449 0.94926 0
vn -0.2136 0.97692 0
vn 0.0988 0.99511 0
vn -0.0058 0.99998 -0
vn -0.50872 -0.86093 0
vn -0.41741 -0.90872 0
vn -0.81119 -0.58479 0
vn -0.74668 -0.66518 0
vn 0.60388 -0.79707 0
vn 0.6827 -0.7307 0
vn -0.95073 -0.31001 0
vn -0.91379 -0.40619 0
vn -0.0041 0.7062 0.708
vn 0.0692 0.70401 0.70681
vn -0.0041 0.7071 0.7071
vn -0.2221 0.6728 0.7057
vn -0.16079 0.68657 0.70906
vn -0.15049 0.69187 0.70617
vn -0.3577 0.61229 0.70509
vn -0.30929 0.63268 0.70997
vn -0.2915 0.6462 0.7053
vn -0.42 0.5716 0.7049
vn -0.37811 0.59382 0.71022
vn 0.43568 0.55278 0.71037
vn 0.47151 0.53001 0.70482
vn 0.41331 0.57642 0.70492
vn 0.4948 0.5005 0.7104
vn 0.52451 0.47761 0.70482
vn -0.66639 0.2289 0.70959
vn -0.64951 0.28401 0.70532
vn -0.67531 0.2143 0.70571
vn 0.69187 0.15049 0.70617
vn 0.70097 0.0828 0.70837
vn 0.70319 0.0773 0.70679
vn -0.7061 -0.004 0.7081
vn -0.70401 0.0692 0.70681
vn -0.7071 -0.0038 0.7071
vn 0.7061 0.0042 0.7081
vn 0.7071 0.0044 0.7071
vn 0.0747 0.70187 0.70837
vn 0.14249 0.69356 0.70616
vn -0.68838 0.1528 0.70908
vn -0.69356 0.14249 0.70616
vn 0.6462 0.2915 0.7053
vn 0.6637 0.2366 0.7096
vn 0.6728 0.2221 0.7057
vn -0.63618 0.30199 0.70998
vn -0.61639 0.35059 0.70509
vn 0.3712 0.5982 0.71019
vn 0.35059 0.61639 0.70509
vn -0.55278 0.43568 0.71037
vn -0.53001 0.47151 0.70482
vn -0.57642 0.41331 0.70492
vn 0.5477 0.442 0.7104
vn 0.5716 0.42 0.7049
vn -0.5005 0.4948 0.7104
vn -0.47761 0.52451 0.70482
vn 0.59382 0.37811 0.71022
vn 0.61229 0.3577 0.70509
vn 0.30199 0.63618 0.70998
vn 0.28401 0.64951 0.70532
vn -0.2366 0.6637 0.7096
vn 0.1528 0.68838 0.70908
vn 0.2143 0.67531 0.70571
vn -0.0828 0.70097 0.70837
vn -0.0773 0.70319 0.70679
vn 0.63268 0.30929 0.70997
vn 0.6661 -0.2288 0.7099
vn 0.65139 -0.28 0.70519
vn 0.67647 -0.21109 0.70557
vn -0.57542 -0.41471 0.70492
vn -0.59367 -0.37788 0.71047
vn -0.61511 -0.353 0.70501
vn -0.37131 -0.59881 0.70962
vn -0.35959 -0.61028 0.70587
vn 0.73929 0.67339 0
vn 0.66481 0.74701 0
vn 0.70422 -0.0679 0.70672
vn 0.68808 -0.1527 0.70938
vn 0.6941 -0.1402 0.7061
vn 0.59798 -0.37099 0.71048
vn 0.58021 -0.408 0.70491
vn 0.61918 -0.34589 0.70497
vn -0.52941 -0.4719 0.70501
vn -0.54761 -0.44191 0.71052
vn 0.53487 -0.46577 0.70496
vn 0.50058 -0.49478 0.71037
vn 0.48381 -0.51841 0.70511
vn 0.44221 -0.54791 0.71011
vn 0.4275 -0.56539 0.70539
vn 0.37822 -0.59444 0.70964
vn 0.3667 -0.60611 0.70581
vn 0.30199 -0.64008 0.70647
vn 0.23669 -0.66518 0.70818
vn 0.23461 -0.66703 0.70713
vn 0.0782 -0.70309 0.70679
vn -0.0324 -0.6674 0.744
vn 0.0945 -0.70159 0.70629
vn 0.059 -0.6826 0.7284
vn 0.0044 -0.72179 0.69209
vn -0.0702 -0.70391 0.70681
vn -0.0426 -0.68859 0.72389
vn 0.0063 -0.72691 0.68671
vn 0.4256 -0.9049 -0.0036
vn 0.60102 -0.79923 -0.0012
vn 0.60689 -0.79479 0
vn -0.0864 -0.70261 0.70631
vn -0.1536 -0.689 0.7083
vn -0.15799 -0.68927 0.70707
vn -0.2289 -0.66789 0.70819
vn -0.22681 -0.66972 0.70713
vn -0.30209 -0.63727 0.70897
vn -0.2946 -0.64349 0.70649
vn 0.2289 0.66639 0.70959
vn 0.55271 -0.43551 0.71052
vn -0.6324 -0.3091 0.7103
vn -0.6481 -0.2875 0.7052
vn -0.66342 -0.23641 0.70992
vn -0.67396 -0.21899 0.70556
vn -0.69247 -0.14819 0.70607
vn -0.70072 -0.0827 0.70862
vn -0.7034 -0.0761 0.7067
vn 0.81793 -0.57532 0
vn 0.87279 -0.48809 0
vn 0.97998 -0.1991 0
vn 0.99527 -0.0972 0
vn -0.1103 0.9939 0
vn 0.2023 0.97932 0
vn 0.30351 0.95283 0
vn 0.4014 0.9159 0
vn -0.97934 0.20221 0
vn -0.74701 0.66481 0
vn -0.50501 0.86311 0
vn -0.41199 0.91119 0
vn 0.9939 0.1103 0
vn 0.30938 -0.63376 0.70896
vn -0.86711 -0.49811 0
vn -0.68627 -0.16069 0.70937
vn -0.99511 0.0988 0
vn -0.99891 0.0466 0
vn 0.75431 -0.65651 0
vn 0.049 -0.66248 0.74748
vn 0.0062 -0.99996 -0.0059
vn 0.40599 -0.91387 -0.0028
vn 0.63591 -0.3018 0.71031
vn 0.80558 0.59249 0
vn 0.0811 -0.99671 0
vn 0.1323 -0.99121 0
vn -0.5982 0.3712 0.71019
vn -0.442 0.5477 0.7104
vn 0.91842 -0.39561 0
vn 0.91119 0.41199 0
vn 0.86311 0.50501 0
vn -0.4948 -0.5005 0.7104
vn 0.51861 -0.85501 0
vn -0.22239 -0.97496 0
vn -0.1208 -0.99268 0
vn -0.97932 0.2023 0
vn 0.5831 0.8124 0
vn 0.495 0.86889 0
vn -0.0695 -0.99758 -0
vn -0.32159 -0.94688 0
vn -0.59461 -0.80401 0
vn -0.99836 -0.0573 0
vn -0.99408 -0.1087 0
vn 0.99998 0.0062 0
vn 0.95426 -0.29899 0
vn 0.2337 -0.97231 0
vn -0.97759 -0.2105 0
vn -0.67422 -0.73853 0
vn 0.70163 -0.0746 0.70863
vn 0.1616 -0.68718 0.70828
vn 0.16599 -0.68738 0.70708
vn -0.70187 0.0747 0.70837
vn 0.68657 0.16079 0.70906
vn -0.97231 0.2337 0
vn -0.88812 0.45961 0
vn 0.99998 0.0058 0
vn 0.97231 -0.2337 0
vn 0.1263 -0.99199 0
vn 0.36002 -0.93295 0
vn -0.7447 -0.6674 0
vn -0.88278 -0.46979 0
vn 0.34918 0.93705 0
vn 0.56328 0.82627 0
vn -0.36002 0.93295 0
vn -0.1263 0.99199 -0
vn 0.7447 0.6674 0
vn -0.75231 0.65881 0
vn -0.5728 0.8197 0
vn -0.99998 -0.0058 0
vn -0.96955 -0.24491 0
vn 0.1148 0.99339 0
vn 0.88812 -0.45961 0
vn -0.35998 0.93296 0
vn -0.56328 -0.82627 0
vn 0.96955 0.24491 0
vn 0.88278 0.46979 0
vn -0.1148 -0.99339 0
vn -0.34918 -0.93705 -0
vn 0.5728 -0.8197 0
vn 0.75231 -0.65881 0
vn 0.88276 0.46983 0
vn 0.35998 -0.93296 0
vn 0.0032 -0.0049 -0.99998
vn 0.0092 0.0078 -0.99993
vn 0.0001 0 -1
vn 0.0009 0.0013 -1
vn -0.0071 0.0094 -0.99993
vn -0.0006 0.0003 -1
vn -0.0005 0.0003 -1
vn -0.0001 0.0001 -1
vn -0.0006 -0.0001 -1
vn -0.0003 -0.0005 -1
vn -0.53782 0.45202 -0.71163
vn -0.62308 0.31349 -0.71658
vn -0.6152 0.3258 -0.7179
vn 0.39242 0.60553 -0.69234
vn 0.2523 0.65201 -0.71501
vn 0.2359 0.6565 -0.7165
vn -0.6823 0.1501 -0.7155
vn -0.72773 0.0177 -0.68563
vn -0.67217 0.17439 -0.71957
vn 0.0853 0.70518 -0.70388
vn -0.0847 0.70482 -0.70432
vn -0.0937 0.7031 -0.7049
vn 0.71022 0.0096 -0.70392
vn 0.70963 0.16561 -0.68483
vn 0.7097 -0.0007 -0.7045
vn -0.27429 0.68019 -0.67979
vn -0.4229 0.59589 -0.68269
vn -0.41582 0.60103 -0.68254
vn 0.39239 0.61229 -0.68639
vn 0.2487 0.66 -0.7089
vn 0.24409 0.66156 -0.70906
vn 0.74117 0.0295 -0.67067
vn 0.70619 0.1969 -0.68009
vn 0.72773 -0.0177 -0.68563
vn 0.0966 0.7184 -0.6889
vn -0.0737 0.7231 -0.6868
vn -0.1056 0.7119 -0.6943
vn -0.2568 0.6437 -0.7209
vn -0.39492 0.56243 -0.72644
vn -0.3929 0.5639 -0.7264
vn -0.50842 -0.48162 -0.71383
vn -0.39079 -0.58718 -0.70888
vn -0.5257 -0.4492 -0.7224
vn 0.3864 0.58751 -0.71101
vn 0.24011 0.65084 -0.72024
vn 0.24391 0.64933 -0.72033
vn -0.72061 0.1592 -0.67481
vn -0.73293 -0.0156 -0.68013
vn -0.71108 0.18339 -0.67878
vn -0.2856 0.6773 -0.678
vn -0.43042 0.58903 -0.68394
vn -0.2422 0.68219 -0.68989
vn 0.0727 0.72689 -0.68289
vn -0.0961 0.71999 -0.68729
vn -0.089 0.7211 -0.6871
vn -0.68261 -0.1875 -0.70631
vn -0.6309 -0.3394 -0.6977
vn -0.68457 -0.15999 -0.71117
vn 0.4048 0.5857 -0.7022
vn 0.26368 0.66646 -0.69736
vn 0.39951 0.58991 -0.70171
vn 0.6446 0.3411 -0.6842
vn 0.54902 0.47091 -0.69052
vn 0.5246 0.4903 -0.69599
vn 0.63885 0.34657 -0.68685
vn 0.53681 0.46301 -0.70531
vn 0.51708 0.47898 -0.70937
vn 0.078 0.68759 -0.72189
vn 0.0799 0.68739 -0.72188
vn -0.675 -0.0039 -0.7378
vn -0.67449 -0.1524 -0.72239
vn -0.67516 -0.0039 -0.73766
vn -0.2476 0.67181 -0.69811
vn -0.63842 -0.34201 -0.68952
vn -0.54313 -0.45382 -0.70644
vn -0.50122 -0.47872 -0.72083
vn 0.65512 0.32361 -0.68272
vn 0.62631 0.3551 -0.69401
vn -0.5347 0.4911 -0.68769
vn -0.55198 0.46169 -0.69438
vn 0.0811 0.69749 -0.71199
vn 0.0802 0.69759 -0.71199
vn -0.2508 0.65599 -0.71189
vn -0.25451 0.65442 -0.71202
vn 0.62949 0.32649 -0.70509
vn 0.6218 0.3384 -0.7063
vn -0.51963 0.46812 -0.71474
vn -0.4061 -0.579 -0.707
vn -0.25439 -0.65787 -0.70887
vn 0.0926 0.6765 -0.7306
vn 0.0659 0.67446 -0.73536
vn -0.52289 0.47229 -0.70959
vn -0.5342 0.4554 -0.7122
vn 0.3896 0.5784 -0.7167
vn 0.39529 0.57429 -0.71689
vn -0.24549 0.67858 -0.69228
vn -0.27138 0.66336 -0.69736
vn -0.53068 -0.46018 -0.71177
vn -0.51421 -0.47411 -0.71471
vn 0.2376 0.68139 -0.69229
vn 0.0807 0.72208 -0.68708
vn 0.39819 0.59119 -0.70139
vn 0.40312 0.58862 -0.70073
vn -0.6746 -0.1912 -0.713
vn -0.62468 -0.33769 -0.70408
vn -0.39722 0.59753 -0.69654
vn -0.41921 0.57472 -0.70282
vn 0.43361 -0.58661 -0.68401
vn 0.55253 -0.46243 -0.69344
vn 0.39928 -0.60077 -0.69257
vn -0.3816 -0.5524 -0.7411
vn -0.3738 -0.55719 -0.74149
vn 0.5238 0.4546 -0.7204
vn 0.50752 0.46852 -0.72313
vn -0.0882 0.69661 -0.71201
vn -0.63388 0.32469 -0.70198
vn -0.63291 0.32821 -0.70121
vn 0.52177 0.45887 -0.71916
vn 0.51288 0.46738 -0.72007
vn -0.53598 0.45398 -0.71177
vn -0.63881 0.34571 -0.68732
vn -0.2376 -0.66651 -0.70661
vn -0.0726 -0.70138 -0.70908
vn 0.6808 0.0096 -0.7324
vn 0.68069 0.1564 -0.71569
vn 0.68032 -0.0019 -0.73292
vn 0.61939 0.3207 -0.71659
vn 0.5326 0.4582 -0.71161
vn 0.6114 0.3329 -0.7179
vn -0.6185 0.317 -0.719
vn -0.61598 0.32149 -0.71918
vn 0.74142 -0.021 -0.67072
vn 0.70841 -0.1887 -0.68011
vn 0.72647 -0.15289 -0.66997
vn -0.23501 -0.65272 -0.72023
vn -0.0781 -0.6809 -0.7282
vn -0.08 -0.68069 -0.72819
vn 0.72751 0.0261 -0.68561
vn 0.68057 0.15789 -0.71547
vn 0.67013 0.18221 -0.71953
vn -0.41162 0.58102 -0.70213
vn -0.40629 0.58529 -0.70169
vn 0.0877 0.72108 -0.68728
vn -0.0811 0.726 -0.6829
vn 0.26759 0.65009 -0.71118
vn 0.2202 0.65291 -0.72472
vn 0.25001 0.66002 -0.70842
vn 0.63008 0.33199 -0.70198
vn 0.54658 0.46808 -0.69437
vn 0.6291 0.3355 -0.7012
vn 0.62661 -0.32351 -0.70901
vn 0.62598 -0.32459 -0.70908
vn -0.40099 0.56579 -0.72048
vn -0.51921 0.45301 -0.72471
vn -0.51677 0.45587 -0.72466
vn -0.6755 -0.1891 -0.7127
vn -0.60899 -0.33409 -0.71939
vn -0.61502 -0.31941 -0.72092
vn -0.51642 0.46042 -0.72203
vn -0.5236 0.451 -0.7228
vn -0.24971 -0.63363 -0.73223
vn 0.384 0.56109 -0.73329
vn 0.382 0.56259 -0.73319
vn -0.0891 0.6965 -0.712
vn -0.25171 0.65873 -0.70903
vn -0.6767 0.1863 -0.7123
vn -0.6744 0.1404 -0.7249
vn 0.3961 0.57009 -0.71979
vn -0.70758 0.18759 -0.68128
vn -0.70912 0.1551 -0.68782
vn 0.67889 0.1883 -0.70969
vn 0.66172 0.32401 -0.67612
vn 0.51658 0.48538 -0.70537
vn 0.39521 0.59302 -0.70152
vn -0.68084 0.16701 -0.71314
vn 0.0776 -0.69063 -0.71903
vn 0.60209 0.3168 -0.73289
vn 0.5987 0.3227 -0.7331
vn 0.23981 0.67462 -0.69812
vn 0.0765 0.70573 -0.70433
vn 0.0855 0.70412 -0.70492
vn -0.51331 0.48001 -0.71141
vn -0.53247 0.43858 -0.72396
vn -0.1052 0.7261 -0.6795
vn -0.27141 0.68122 -0.67992
vn -0.65882 0.31601 -0.68272
vn -0.71151 0.1574 -0.68481
vn -0.6304 0.3478 -0.694
vn 0.6744 0.1911 -0.7132
vn 0.62518 0.33739 -0.70378
vn 0.67433 0.15241 -0.72253
vn 0.52891 0.49731 -0.68771
vn 0.4089 0.6058 -0.6825
vn 0.60033 0.33342 -0.72694
vn 0.50298 0.45448 -0.73516
vn 0.50641 0.45071 -0.73512
vn 0.6847 -0.1659 -0.7097
vn 0.68522 -0.16361 -0.70972
vn 0.70324 0.0041 -0.71094
vn -0.61598 0.32919 -0.71568
vn 0.0696 0.69151 -0.71901
vn -0.0859 0.67993 -0.72823
vn -0.0878 0.67971 -0.72821
vn -0.67648 -0.19319 -0.71067
vn -0.62678 -0.33759 -0.70227
vn -0.67566 -0.15069 -0.72165
vn 0.39039 -0.55668 -0.73328
vn 0.51292 -0.46261 -0.72312
vn 0.38848 -0.55817 -0.73316
vn 0.68331 0.1715 -0.70971
vn -0.2375 0.66339 -0.70959
vn -0.3868 0.58459 -0.71319
vn -0.26511 0.64522 -0.71652
vn -0.61382 0.31351 -0.72452
vn -0.61051 0.3195 -0.72471
vn -0.52327 -0.45017 -0.72356
vn -0.5026 -0.4661 -0.72811
vn -0.22559 -0.64857 -0.72696
vn -0.0679 -0.68117 -0.72897
vn 0.60986 -0.49117 -0.62196
vn 0.70519 -0.35109 -0.61599
vn 0.55362 -0.52402 -0.64723
vn 0.247 0.64079 -0.72689
vn 0.68298 0.0093 -0.73038
vn 0.65892 0.17011 -0.73272
vn 0.66048 0.1628 -0.73298
vn -0.66851 0.0001 -0.74371
vn -0.66811 -0.0092 -0.74401
vn -0.25639 0.65708 -0.70888
vn -0.39949 0.60769 -0.68638
vn 0.38592 0.57833 -0.71874
vn 0.25461 0.66212 -0.70482
vn -0.71332 -0.0039 -0.70082
vn -0.71372 -0.0052 -0.70042
vn 0.58108 0.47358 -0.66187
vn 0.51831 0.50301 -0.69162
vn 0.68028 0.0097 -0.73288
vn 0.65863 0.17081 -0.73283
vn 0.66019 0.1635 -0.73309
vn -0.2751 0.64691 -0.71121
vn -0.40988 0.58388 -0.70077
vn -0.22771 0.65032 -0.72473
vn 0.2515 0.64869 -0.71829
vn 0.23501 0.65272 -0.72023
vn 0.51261 0.45201 -0.73001
vn -0.59337 0.31089 -0.74247
vn -0.5968 0.3037 -0.7427
vn -0.09349 0.70416 -0.70386
vn -0.39341 0.59221 -0.70322
vn -0.4153 0.5692 -0.7096
vn 0.6947 0.0004 -0.7193
vn 0.6686 0.1535 -0.7276
vn 0.65651 0.1788 -0.73282
vn 0.39252 0.56373 -0.72673
vn -0.62578 0.31359 -0.71418
vn -0.6987 0.1849 -0.6911
vn 0.52901 -0.44851 -0.72041
vn 0.6304 -0.3478 -0.694
vn 0.68277 0.17379 -0.70967
vn 0.62219 0.33179 -0.70908
vn -0.42512 0.57072 -0.70253
vn -0.54511 0.46271 -0.69911
vn -0.68258 0.17649 -0.70918
vn 0.091 -0.67218 -0.73478
vn 0.0797 -0.67281 -0.73551
vn 0.23229 0.64808 -0.72528
vn 0.0984 0.70502 -0.70232
vn -0.54133 0.50703 -0.67074
vn -0.56191 0.46341 -0.68521
vn 0.2402 0.66909 -0.70329
vn 0.0928 0.72241 -0.68521
vn -0.0815 -0.68658 -0.72248
vn 0.0741 -0.69403 -0.71613
vn -0.0816 -0.68811 -0.72101
vn -0.68268 -0.15229 -0.71467
vn -0.66487 -0.18589 -0.72346
vn 0.25449 -0.67238 -0.69508
vn 0.39341 -0.59221 -0.70322
vn 0.4153 -0.5692 -0.7096
vn 0.39228 0.57837 -0.71526
vn 0.39499 0.57649 -0.71529
vn 0.62129 0.317 -0.71659
vn -0.40501 0.58651 -0.70141
vn -0.53021 0.48421 -0.69601
vn 0.0781 0.6809 -0.7282
vn 0.08 0.68069 -0.72819
vn 0.5054 0.4615 -0.7291
vn 0.40869 0.57399 -0.70958
vn -0.65852 0.17121 -0.73283
vn -0.51071 0.45561 -0.72911
vn -0.51779 0.4461 -0.72999
vn 0.61931 0.3154 -0.71901
vn -0.6332 0.3192 -0.7051
vn -0.70841 0.1887 -0.68011
vn -0.62568 0.33119 -0.70628
vn -0.1004 0.67539 -0.73059
vn -0.2514 0.6465 -0.7203
vn -0.0737 0.67366 -0.73536
vn 0.58969 0.31779 -0.74248
vn 0.59321 0.31061 -0.74271
vn 0.65882 -0.31601 -0.68272
vn 0.71151 -0.1574 -0.68481
vn 0.62276 0.33078 -0.70905
vn 0.54727 0.46877 -0.69336
vn -0.69296 0.15209 -0.70476
vn -0.73609 0.0108 -0.67679
vn 0.232 -0.662 -0.7127
vn 0.61071 0.3405 -0.71491
vn 0.5565 0.4699 -0.6852
vn 0.0633 0.71759 -0.69359
vn -0.0891 0.73509 -0.67209
vn -0.61459 0.33349 -0.71489
vn -0.62291 0.30821 -0.71902
vn -0.0723 0.7221 -0.688
vn -0.1073 0.7093 -0.6967
vn -0.5959 -0.3171 -0.7378
vn -0.59568 -0.31779 -0.73768
vn 0.1001 -0.69318 -0.71378
vn 0.2495 -0.6662 -0.7028
vn 0.24839 0.65799 -0.71088
vn 0.61308 0.34239 -0.71197
vn 0.53501 0.477 -0.69731
vn -0.0776 0.69068 -0.71898
vn -0.55443 0.46452 -0.69053
vn -0.64847 0.33358 -0.68426
vn 0.43042 -0.58903 -0.68394
vn 0.52289 -0.47229 -0.70959
vn 0.5342 -0.4554 -0.7122
vn 0.73591 0.0193 -0.67681
vn 0.69115 0.16009 -0.70475
vn 0.68048 0.1844 -0.70918
vn 0.38651 0.59672 -0.70323
vn 0.2635 0.68431 -0.67991
vn -0.67027 0.14569 -0.72767
vn -0.69468 -0.0076 -0.71928
vn -0.6057 0.3098 -0.7329
vn -0.60238 0.31579 -0.73308
vn 0.73309 -0.0072 -0.68009
vn 0.71872 0.1675 -0.67482
vn 0.70889 0.1916 -0.67879
vn -0.24761 0.64803 -0.72024
vn -0.3932 0.583 -0.71099
vn -0.2576 0.65711 -0.70841
vn -0.39629 0.57388 -0.71667
vn -0.40189 0.56958 -0.71698
vn 0.52738 0.44468 -0.72397
vn 0.2368 0.66309 -0.71009
vn 0.2544 0.6547 -0.7118
vn 0.42689 0.59178 -0.68378
vn 0.53537 0.51327 -0.67077
vn -0.25351 0.69132 -0.67662
vn -0.66083 0.16251 -0.73273
vn -0.66229 0.1552 -0.73299
vn -0.24211 0.65102 -0.71942
vn 0.25829 -0.66128 -0.70427
vn 0.39961 -0.60371 -0.68981
vn 0.2427 0.6603 -0.7107
vn 0.4097 0.5767 -0.7068
vn -0.099 0.69061 -0.71641
vn -0.6457 0.338 -0.6847
vn 0.61019 0.3206 -0.72449
vn 0.60669 0.3265 -0.72479
vn 0.0968 0.72723 -0.67953
vn -0.69511 0.0004 -0.71891
vn 0.64179 0.3454 -0.68469
vn 0.2346 0.65379 -0.71939
vn 0.0991 0.71049 -0.69669
vn 0.24931 0.64662 -0.72092
vn -0.41631 0.57192 -0.70682
vn -0.54162 0.47852 -0.69113
vn 0.50771 0.48591 -0.71142
vn 0.39751 -0.58261 -0.70891
vn 0.51396 -0.47567 -0.71385
vn 0.53089 -0.44309 -0.72238
vn -0.23981 -0.67462 -0.69812
vn -0.0765 -0.70573 -0.70433
vn -0.0855 -0.70412 -0.70492
vn 0.42351 -0.57071 -0.70351
vn 0.54399 -0.46239 -0.70019
vn 0.3878 -0.58429 -0.71289
vn -0.24339 -0.68168 -0.68998
vn -0.0857 -0.72877 -0.67937
vn -0.26031 -0.67332 -0.69202
vn -0.68277 -0.17379 -0.70967
vn -0.62219 -0.33179 -0.70908
vn -0.68331 -0.1715 -0.70971
vn -0.5421 0.4568 -0.7053
vn -0.64088 0.33359 -0.69137
vn -0.52261 0.47301 -0.70932
vn -0.23431 -0.68492 -0.68992
vn -0.091 -0.69171 -0.71641
vn -0.0696 -0.69151 -0.71901
vn -0.24529 -0.66217 -0.70807
vn -0.0809 -0.69987 -0.70967
vn -0.67013 -0.18221 -0.71953
vn -0.60209 -0.3168 -0.73289
vn -0.5987 -0.3227 -0.7331
vn -0.65892 -0.17011 -0.73272
vn -0.61931 -0.3154 -0.71901
vn -0.66048 -0.1628 -0.73298
vn -0.23229 -0.64808 -0.72528
vn -0.0984 -0.70502 -0.70232
vn -0.247 -0.64079 -0.72689
vn 0.63471 0.353 -0.68741
vn 0.53068 0.46018 -0.71177
vn 0.51421 0.47411 -0.71471
vn 0.4026 -0.5655 -0.7198
vn 0.52711 -0.45281 -0.71911
vn 0.51828 -0.46138 -0.72008
vn -0.70619 -0.1969 -0.68009
vn -0.62949 -0.32649 -0.70509
vn -0.6218 -0.3384 -0.7063
vn 0.39492 -0.56243 -0.72644
vn 0.51963 -0.46812 -0.71474
vn 0.3929 -0.5639 -0.7264
vn -0.22431 -0.66462 -0.71272
vn -0.0832 -0.67318 -0.73478
vn -0.0719 -0.6737 -0.7355
vn 0.40262 -0.56342 -0.72143
vn 0.52299 -0.45159 -0.72288
vn 0.51709 -0.45769 -0.72328
vn 0.59951 -0.3102 -0.73781
vn 0.59929 -0.3109 -0.73769
vn 0.09349 -0.70416 -0.70386
vn 0.6338 -0.3213 -0.7036
vn 0.62852 -0.33041 -0.70412
vn -0.629 0.3302 -0.7038
vn -0.67659 0.1833 -0.71319
vn -0.67609 0.1446 -0.72249
vn -0.62276 -0.33078 -0.70905
vn -0.5472 -0.4688 -0.6934
vn 0.0859 -0.67993 -0.72823
vn 0.0878 -0.67971 -0.72821
vn -0.68688 0.1825 -0.70348
vn -0.68798 0.1504 -0.70998
vn 0.55461 -0.45711 -0.69531
vn 0.65003 -0.33142 -0.68383
vn 0.5206 -0.4803 -0.7059
vn 0.53971 0.46901 -0.69911
vn 0.41843 0.57563 -0.70254
vn 0.37998 0.58907 -0.71317
vn 0.089 -0.69888 -0.70968
vn -0.51261 -0.45201 -0.73001
vn -0.61071 -0.3405 -0.71491
vn -0.5565 -0.4699 -0.6852
vn 0.3884 0.567 -0.7264
vn 0.38639 0.56839 -0.72639
vn -0.0633 -0.71759 -0.69359
vn 0.0942 -0.7277 -0.6794
vn 0.51779 -0.4461 -0.72999
vn 0.6057 -0.3098 -0.7329
vn 0.60238 -0.31579 -0.73308
vn 0.62568 -0.33119 -0.70628
vn 0.51109 0.46639 -0.72199
vn 0.41252 0.57953 -0.70283
vn 0.51839 0.45699 -0.72279
vn -0.52181 -0.45891 -0.71911
vn -0.51288 -0.46738 -0.72007
vn 0.53598 -0.45398 -0.71177
vn 0.63481 -0.332 -0.69771
vn 0.0758 -0.68041 -0.72891
vn 0.61862 -0.32121 -0.71703
vn 0.2425 -0.65 -0.7202
vn 0.66697 -0.17819 -0.72347
vn 0.25031 -0.65743 -0.71073
vn 0.2559 -0.65509 -0.71089
vn 0.67672 -0.18341 -0.71303
vn 0.67619 -0.1446 -0.72239
vn -0.42672 -0.59162 -0.68403
vn -0.39231 -0.60541 -0.69251
vn 0.67378 -0.16629 -0.71998
vn 0.67521 -0.1589 -0.72031
vn 0.68688 -0.1825 -0.70348
vn 0.68798 -0.1504 -0.70998
vn 0.2476 -0.67181 -0.69811
vn 0.22989 0.66607 -0.70957
vn 0.25761 0.64823 -0.71654
vn -0.53861 -0.46861 -0.70022
vn -0.41689 -0.57559 -0.70349
vn -0.38101 -0.58871 -0.71292
vn -0.53537 -0.51327 -0.67077
vn -0.3927 -0.61241 -0.68611
vn -0.5054 -0.4615 -0.7291
vn -0.40869 -0.57399 -0.70958
vn 0.2513 -0.67879 -0.68999
vn 0.26809 -0.67029 -0.69198
vn 0.67222 -0.1744 -0.71952
vn -0.3961 -0.57009 -0.71979
vn 0.68472 -0.17961 -0.70632
vn 0.68638 -0.152 -0.71118
vn 0.233 -0.6459 -0.727
vn 0.25701 -0.63072 -0.73222
vn 0.42357 0.59396 -0.68396
vn 0.27781 0.68052 -0.67802
vn 0.23429 0.68497 -0.68987
vn 0.68443 -0.14441 -0.71463
vn 0.71372 0.003 -0.70042
vn 0.39898 -0.57377 -0.71526
vn 0.40168 -0.57188 -0.71527
vn 0.675 0.0039 -0.7378
vn 0.67516 0.0039 -0.73766
vn 0.2455 0.69421 -0.67661
vn 0.0806 0.73608 -0.67208
vn 0.2664 0.6833 -0.6798
vn -0.25221 -0.65181 -0.71521
vn -0.23591 -0.65623 -0.71673
vn -0.70962 -0.0089 -0.70452
vn -0.6808 -0.1682 -0.7129
vn -0.6789 -0.1749 -0.7131
vn 0.259 -0.64571 -0.71831
vn 0.40211 -0.58791 -0.70191
vn 0.39722 -0.59753 -0.69654
vn 0.41921 -0.57472 -0.70282
vn -0.39031 -0.56721 -0.72521
vn -0.25559 -0.65009 -0.71558
vn -0.3853 -0.5704 -0.72539
vn -0.24889 -0.66038 -0.70848
vn -0.2443 -0.66199 -0.70859
vn -0.38651 -0.59672 -0.70323
vn -0.2468 -0.67531 -0.69501
vn 0.41991 -0.58801 -0.69132
vn 0.40891 -0.59491 -0.69201
vn -0.3884 -0.567 -0.7264
vn -0.24931 -0.64662 -0.72092
vn -0.38639 -0.56839 -0.72639
vn -0.3859 -0.57829 -0.71879
vn -0.25461 -0.66212 -0.70482
vn -0.71022 -0.0096 -0.70392
vn -0.70967 -0.16569 -0.68477
vn -0.7097 0.0007 -0.7045
vn 0.38792 -0.54793 -0.74114
vn 0.38021 -0.55281 -0.74151
vn -0.0898 -0.69999 -0.70849
vn -0.0732 -0.70009 -0.71029
vn -0.68048 -0.1844 -0.70918
vn -0.61019 -0.3206 -0.72449
vn -0.60669 -0.3265 -0.72479
vn 0.5241 -0.497 -0.6916
vn -0.0716 0.7168 -0.6936
vn -0.1066 0.70388 -0.70228
vn -0.0779 -0.68729 -0.72219
vn -0.0798 -0.68713 -0.72214
vn 0.0893 0.69699 -0.71149
vn -0.0812 0.69632 -0.71312
vn 0.0731 0.69717 -0.71317
vn -0.61481 -0.3241 -0.71901
vn -0.61226 -0.32858 -0.71915
vn 0.5224 -0.4785 -0.70579
vn 0.53754 -0.45264 -0.71146
vn 0.51649 -0.46039 -0.72199
vn 0.5236 -0.451 -0.7228
vn -0.2318 -0.66431 -0.71061
vn -0.0724 -0.70119 -0.70929
vn -0.68285 -0.17269 -0.70985
vn -0.6273 -0.3298 -0.7055
vn -0.68289 -0.1724 -0.70989
vn -0.0811 -0.698 -0.7115
vn -0.0802 -0.6981 -0.7115
vn 0.532 -0.4851 -0.69401
vn 0.54702 -0.46132 -0.69853
vn -0.65801 -0.1803 -0.73111
vn -0.60989 -0.32719 -0.72179
vn -0.6597 -0.1549 -0.7354
vn -0.2402 -0.66909 -0.70329
vn -0.0928 -0.72241 -0.68521
vn 0.4176 -0.61059 -0.67289
vn 0.5412 -0.4955 -0.6794
vn 0.55664 -0.46953 -0.68534
vn 0.50668 -0.47288 -0.72087
vn -0.65512 -0.32361 -0.68272
vn -0.62631 -0.3551 -0.69401
vn -0.65863 -0.17081 -0.73283
vn -0.62129 -0.317 -0.71659
vn -0.66019 -0.1635 -0.73309
vn 0.0807 -0.70049 -0.70909
vn -0.51839 -0.45699 -0.72279
vn 0.5865 -0.4668 -0.6619
vn 0.66541 -0.3164 -0.67611
vn 0.0793 -0.70001 -0.70971
vn -0.52891 -0.46151 -0.71222
vn 0.61609 -0.31559 -0.72169
vn 0.61361 -0.32011 -0.72181
vn -0.0859 0.68662 -0.72192
vn -0.2435 0.6537 -0.7165
vn -0.0878 0.6864 -0.7219
vn 0.61382 -0.31351 -0.72452
vn 0.61051 -0.3195 -0.72471
vn -0.68399 0.0021 -0.72949
vn -0.53111 -0.46271 -0.70981
vn -0.51721 -0.47491 -0.71201
vn -0.0712 -0.7009 -0.7097
vn 0.0859 -0.68637 -0.72217
vn 0.0878 -0.6862 -0.7221
vn 0.0744 -0.71473 -0.69543
vn -0.1012 0.72129 -0.6852
vn -0.24799 0.66627 -0.70327
vn -0.26231 0.65911 -0.70482
vn 0.6348 -0.3222 -0.7023
vn 0.63067 -0.33028 -0.70226
vn -0.68089 0.0017 -0.73239
vn -0.68242 0.1485 -0.71572
vn -0.68101 0.1804 -0.70971
vn -0.61239 -0.3227 -0.72169
vn -0.53232 -0.45882 -0.71142
vn 0.0723 -0.7221 -0.688
vn 0.1073 -0.7093 -0.6967
vn 0.61698 -0.33529 -0.71198
vn 0.62498 -0.30969 -0.71658
vn 0.54829 -0.44749 -0.70649
vn 0.64233 -0.33461 -0.68953
vn -0.67358 -0.0064 -0.73908
vn -0.66931 0.1474 -0.72821
vn -0.6683 0.1767 -0.7226
vn -0.5238 -0.4546 -0.7204
vn -0.50752 -0.46852 -0.72313
vn -0.61308 -0.34239 -0.71197
vn -0.55122 -0.47591 -0.68532
vn 0.24531 -0.66372 -0.70662
vn 0.26199 -0.65487 -0.70887
vn -0.51109 -0.46639 -0.72199
vn -0.41252 -0.57953 -0.70283
vn 0.68101 -0.1804 -0.70971
vn 0.68242 -0.1485 -0.71572
vn 0.66849 0.0079 -0.74368
vn 0.67271 0.1482 -0.72491
vn 0.66809 -0.0014 -0.74408
vn 0.6185 -0.317 -0.719
vn 0.68089 -0.167 -0.71309
vn 0.61598 -0.32149 -0.71918
vn -0.5264 -0.4912 -0.694
vn -0.402 -0.5996 -0.692
vn -0.5417 -0.4676 -0.6985
vn 0.2382 -0.66321 -0.70951
vn 0.26481 -0.64602 -0.71592
vn -0.5174 -0.4783 -0.7096
vn -0.42357 -0.59396 -0.68396
vn 0.66008 -0.17269 -0.73108
vn 0.66141 -0.1473 -0.73541
vn 0.6736 0.0014 -0.7391
vn 0.66759 0.1551 -0.72819
vn 0.67348 0.0074 -0.73917
vn 0.68258 -0.17649 -0.70918
vn -0.25979 0.64908 -0.71498
vn -0.39942 0.60094 -0.69234
vn -0.38901 -0.58332 -0.71303
vn -0.39929 -0.57489 -0.71419
vn 0.69528 0.0099 -0.71867
vn 0.69607 0.16069 -0.69977
vn 0.6946 -0.0015 -0.7194
vn 0.24181 -0.68562 -0.68662
vn 0.27519 -0.66218 -0.69698
vn 0.67862 -0.18531 -0.71073
vn 0.67736 -0.14279 -0.72166
vn -0.39259 0.57378 -0.71878
vn -0.4026 0.5655 -0.7198
vn 0.1012 -0.72129 -0.6852
vn 0.24799 -0.66627 -0.70327
vn 0.26231 -0.65911 -0.70482
vn -0.51688 -0.48448 -0.70577
vn -0.3953 -0.59251 -0.70191
vn -0.2559 0.65509 -0.71089
vn -0.39898 0.57377 -0.71526
vn -0.40168 0.57188 -0.71527
vn 0.24211 -0.65102 -0.71942
vn 0.2568 -0.6437 -0.7209
vn 0.66059 -0.1632 -0.73279
vn 0.66201 -0.1559 -0.73311
vn 0.64313 -0.33182 -0.69013
vn 0.71231 -0.188 -0.67621
vn -0.53542 -0.50171 -0.67942
vn -0.4105 -0.61539 -0.67289
vn -0.259 0.64571 -0.71831
vn -0.40202 0.58842 -0.70153
vn -0.2425 0.65 -0.7202
vn -0.384 -0.56109 -0.73329
vn -0.382 -0.56259 -0.73319
vn 0.2434 -0.65351 -0.71671
vn 0.41281 -0.57421 -0.70701
vn -0.39028 -0.60207 -0.69656
vn -0.72751 -0.0261 -0.68561
vn -0.68056 -0.15799 -0.71546
vn -0.39039 0.55668 -0.73328
vn -0.51292 0.46261 -0.72312
vn -0.38848 0.55817 -0.73316
vn -0.70319 -0.0041 -0.71099
vn -0.41311 -0.59281 -0.69131
vn -0.27781 -0.68052 -0.67802
vn -0.5241 0.497 -0.6916
vn 0.391 -0.5731 -0.7202
vn 0.70532 0.1958 -0.68132
vn 0.70731 0.1632 -0.68781
vn -0.52711 0.45281 -0.71911
vn -0.51828 0.46138 -0.72008
vn 0.39259 -0.57378 -0.71878
vn -0.27309 -0.66189 -0.69809
vn -0.69811 -0.0102 -0.71591
vn -0.69724 0.0012 -0.71684
vn -0.68028 -0.0097 -0.73288
vn 0.71327 0.0044 -0.70087
vn -0.68298 -0.0093 -0.73038
vn 0.61481 0.3241 -0.71901
vn 0.52891 0.46151 -0.71222
vn 0.6123 0.3286 -0.7191
vn -0.6283 0.3411 -0.6992
vn -0.63663 0.31561 -0.70363
vn -0.71009 -0.1963 -0.67619
vn -0.63922 -0.33931 -0.69012
vn 0.68269 -0.1604 -0.71289
vn 0.6823 -0.1501 -0.7155
vn 0.43089 -0.58829 -0.68429
vn -0.68306 0.0014 -0.73036
vn 0.0805 -0.7003 -0.7093
vn 0.2394 -0.66161 -0.71061
vn 0.26309 -0.64709 -0.71558
vn -0.58647 0.46688 -0.66187
vn -0.66541 0.3164 -0.67611
vn -0.2544 0.63789 -0.72689
vn 0.0639 0.72285 -0.68805
vn 0.0712 0.7012 -0.7094
vn -0.73532 -0.0113 -0.67762
vn -0.71381 0.1526 -0.68351
vn -0.73656 0.0039 -0.67636
vn 0.2597 -0.64889 -0.71519
vn 0.5174 0.4783 -0.7096
vn 0.0716 -0.7168 -0.6936
vn 0.1066 -0.70388 -0.70228
vn -0.67489 0.1661 -0.71899
vn -0.6763 0.1588 -0.7193
vn 0.66621 0.1844 -0.72261
vn -0.6911 -0.1601 -0.7048
vn -0.2515 -0.64869 -0.71829
vn -0.6839 -0.01 -0.7295
vn -0.68619 -0.1583 -0.70999
vn 0.3968 -0.5627 -0.7252
vn 0.39179 -0.56598 -0.72538
vn -0.74117 -0.0295 -0.67067
vn 0.67449 0.1942 -0.71229
vn -0.3931 0.57229 -0.71969
vn 0.2398 -0.64531 -0.72531
vn 0.2544 -0.63789 -0.72689
vn 0.71546 0.0407 -0.69746
vn 0.69161 0.1926 -0.69611
vn 0.68493 -0.0234 -0.72823
vn 0.67727 -0.12189 -0.72557
vn 0.71532 -0.22131 -0.66282
vn -0.0793 0.70037 -0.70937
vn -0.37911 -0.55411 -0.74111
vn -0.3797 -0.5541 -0.74081
vn 0.6332 -0.3192 -0.7051
vn -0.0884 0.6623 -0.744
vn -0.079 0.66308 -0.74437
vn -0.68469 -0.1905 -0.70349
vn -0.6462 -0.3389 -0.6838
vn 0.39028 0.60207 -0.69656
vn -0.52901 0.44851 -0.72041
vn 0.6157 0.3129 -0.7232
vn 0.091 0.69171 -0.71641
vn -0.67349 -0.0004 -0.73919
vn -0.63002 -0.32861 -0.70362
vn -0.2507 -0.63361 -0.73191
vn 0.0979 -0.69889 -0.70849
vn 0.0812 -0.6992 -0.7103
vn -0.54923 -0.46352 -0.69534
vn -0.515 -0.4863 -0.7059
vn 0.0807 0.66329 -0.74399
vn 0.0713 0.66396 -0.74436
vn -0.4337 0.5868 -0.6838
vn -0.5526 0.4624 -0.69341
vn 0.69508 0.0084 -0.71888
vn 0.68399 -0.0021 -0.72949
vn -0.22721 -0.64623 -0.72853
vn 0.68089 -0.0017 -0.73239
vn -0.6827 0.1603 -0.7129
vn 0.099 -0.69061 -0.71641
vn 0.2422 -0.68219 -0.68989
vn -0.2346 -0.65379 -0.71939
vn -0.0991 -0.71049 -0.69669
vn -0.7103 0.0014 -0.7039
vn 0.63001 0.3291 -0.70341
vn -0.62661 0.32351 -0.70901
vn -0.62598 0.32459 -0.70908
vn 0.41598 0.60077 -0.68267
vn -0.63101 -0.32951 -0.70232
vn -0.23051 -0.66592 -0.70952
vn -0.25731 -0.64903 -0.71593
vn 0.2856 -0.6773 -0.678
vn -0.25031 0.65743 -0.71073
vn -0.0639 -0.72285 -0.68805
vn -0.6944 -0.1541 -0.7029
vn -0.0973 0.69591 -0.71151
vn -0.6847 0.1659 -0.7097
vn -0.68527 0.16359 -0.70967
vn 0.38201 0.57181 -0.72602
vn 0.70962 0.0089 -0.70452
vn 0.6808 0.1682 -0.7129
vn 0.6789 0.1749 -0.7131
vn 0.7103 -0.0014 -0.7039
vn 0.70959 -0.1865 -0.67949
vn -0.63373 0.32182 -0.70343
vn 0.51071 -0.45561 -0.72911
vn 0.72722 -0.1557 -0.66852
vn 0.74241 -0.0133 -0.66981
vn 0.69296 -0.15209 -0.70476
vn 0.7365 0.0176 -0.6762
vn -0.74146 0.021 -0.67067
vn -0.52221 0.47941 -0.70531
vn -0.72538 -0.1642 -0.66848
vn 0.28072 -0.65864 -0.69814
vn 0.69434 0.19281 -0.69334
vn 0.0993 -0.7002 -0.707
vn -0.2398 0.64531 -0.72531
vn -0.56558 -0.82467 -0.0064
vn -0.41639 -0.90918 -0.0027
vn -0.59829 -0.80128 0
vn -0.34841 -0.93731 -0.0075
vn 0.1045 0.99452 0
vn 0.30899 0.95107 0
vn -0.61811 0.4665 -0.63271
vn -0.60993 0.37532 -0.69794
vn -0.49822 0.45082 -0.74063
vn -0.703 0.2979 -0.6458
vn -0.6515 0.3386 -0.6789
vn -0.64267 0.20479 -0.73827
vn -0.77144 0.16831 -0.61363
vn -0.68061 0.0796 -0.72831
vn -0.75052 0.0054 -0.66082
vn -0.75658 -0.0129 -0.65378
vn -0.6898 -0.0841 -0.7191
vn -0.76671 -0.1724 -0.61841
vn -0.63902 -0.20591 -0.74112
vn -0.71193 -0.30171 -0.63413
vn -0.63001 -0.3404 -0.69801
vn -0.61021 -0.46071 -0.64451
vn -0.61921 -0.39471 -0.67881
vn -0.49911 -0.45461 -0.73771
vn -0.53152 -0.58392 -0.61362
vn -0.4093 -0.5496 -0.7283
vn -0.3801 -0.6469 -0.6611
vn -0.36661 -0.66142 -0.65432
vn -0.30899 0.95107 0
vn -0.1045 0.99452 0
vn -0.66914 0.74314 0
vn -0.50001 0.86602 0
vn -0.809 0.5878 0
vn 0.66914 0.74314 0
vn 0.50001 0.86602 0
vn -0.50001 -0.86602 0
vn -0.66914 -0.74314 0
vn -0.272 -0.639 -0.71951
vn -0.23418 -0.75085 -0.61756
vn -0.14151 -0.65773 -0.73984
vn -0.0957 -0.7697 -0.6312
vn -0.0194 -0.7129 -0.701
vn -0.1045 -0.99452 0
vn 0.1045 -0.99452 0
vn -0.30899 -0.95107 0
vn 0.30899 -0.95107 0
vn 0.50001 -0.86602 0
vn -0.97815 -0.20791 0
vn -1 0 0
vn 0.66914 -0.74314 0
vn -0.809 -0.5878 0
vn -0.91355 -0.40672 0
vn 0.97815 0.20791 0
vn 0.91355 0.40672 0
vn 0.809 0.5878 0
vn 0.0951 -0.7596 -0.6434
vn 0.0311 -0.7306 -0.6821
vn 0.1443 -0.66041 -0.73691
vn 0.24011 -0.75293 -0.61273
vn 0.2713 -0.62891 -0.72861
vn 0.3706 -0.65219 -0.66129
vn 0.38909 -0.64868 -0.65408
vn 0.41769 -0.55539 -0.71908
vn 0.53269 -0.57779 -0.61839
vn 0.49822 -0.45082 -0.74063
vn 0.61811 -0.4665 -0.63271
vn 0.60993 -0.37532 -0.69794
vn 0.7029 -0.2979 -0.6459
vn 0.6515 -0.3386 -0.6789
vn 0.64261 -0.2048 -0.73831
vn 0.7714 -0.1683 -0.6137
vn 0.68061 -0.0796 -0.72831
vn 0.75052 -0.0054 -0.66082
vn 0.75658 0.0129 -0.65378
vn 0.6898 0.0841 -0.7191
vn 0.76666 0.17239 -0.61847
vn 0.63902 0.20591 -0.74112
vn 0.71193 0.30171 -0.63413
vn 0.63001 0.3404 -0.69801
vn 0.61021 0.46071 -0.64451
vn 0.61921 0.39471 -0.67881
vn -0.97815 0.20791 0
vn 1 -0 0
vn -0.91355 0.40672 0
vn 0.97815 -0.20791 0
vn 0.809 -0.5878 0
vn 0.91355 -0.40672 0
vn -0.53269 0.57779 -0.61839
vn -0.41769 0.55539 -0.71908
vn -0.3706 0.65219 -0.66129
vn -0.38909 0.64868 -0.65408
vn -0.2713 0.62891 -0.72861
vn -0.24011 0.75293 -0.61273
vn -0.1444 0.66071 -0.73662
vn -0.0952 0.76024 -0.64263
vn -0.0311 0.73123 -0.68143
vn 0.0197 0.71339 -0.70049
vn 0.0953 0.76842 -0.63281
vn 0.1413 0.65691 -0.74061
vn 0.234 0.75021 -0.61841
vn 0.2721 0.63941 -0.71911
vn 0.37999 0.64728 -0.66078
vn 0.36709 0.66168 -0.65378
vn 0.4093 0.5496 -0.7283
vn 0.53152 0.58392 -0.61362
vn 0.49911 0.45461 -0.73771
vn -0 0 1
vn -0.0062 -0.0027 -0.99998
vn -0.0004 -0.0002 -1
vn -0.56808 -0.82297 -0
vn -0.35461 -0.93502 -0
vn 0.1205 0.99271 -0
vn 0.35461 0.93502 0
vn -0.97094 -0.23931 0
vn -0.97094 0.23931 0
vn -0.88548 0.46469 0
vn -0.1205 -0.99271 -0
vn 0.35461 -0.93502 -0
vn 0.1205 -0.99271 0
vn -0.35461 0.93502 0
vn -0.1205 0.99271 0
vn -0.74852 0.66312 0
vn -0.56808 0.82297 0
vn 0.97094 -0.23931 -0
vn 0.88548 -0.46469 -0
vn 0.74852 -0.66312 -0
vn 0.56808 -0.82297 -0
vn 0.97094 0.23931 -0
vn 0.88548 0.46469 -0
vn 0.56808 0.82297 -0
vn 0.74852 0.66312 -0
vn -0.88548 -0.46469 -0
vn -0.74852 -0.66312 0
vn -0.5273 -0.4672 -0.7097
vn -0.4002 -0.5798 -0.7097
vn -0.24981 0.65871 -0.70971
vn -0.0849 0.69939 -0.70968
vn -0.68402 -0.1686 -0.70972
vn -0.7045 -0 -0.7097
vn -0.24981 -0.65871 -0.70971
vn -0.4002 0.5798 -0.7097
vn -0.68402 0.1686 -0.70972
vn 0.7045 -0 -0.7097
vn 0.68402 -0.1686 -0.70972
vn 0.24981 0.65871 -0.70971
vn 0.4002 0.5798 -0.7097
vn 0.68402 0.1686 -0.70972
vn 0.24981 -0.65871 -0.70971
vn 0.0849 -0.69939 -0.70968
vn 0.5273 -0.4672 -0.7097
vn 0.6238 -0.3274 -0.7097
vn -0.0849 -0.69939 -0.70968
vn -0.6238 0.3274 -0.7097
vn -0.5273 0.4672 -0.7097
vn 0.5273 0.4672 -0.7097
vn 0.6238 0.3274 -0.7097
vn 0.4002 -0.5798 -0.7097
vn -0.6238 -0.3274 -0.7097
vn 0.0849 0.69939 -0.70968
vn 0.0137 0.0608 -0.99806
vn 0.0063 0.0366 -0.99931
vn 0.0131 0.0204 -0.99971
vn 0.017 0.0151 -0.99974
vn 0.0218 0.0105 -0.99971
vn 0.029 0.0052 -0.99957
vn 0.1501 -0.0576 -0.98699
vn 0.0456 -0.0043 -0.99895
vn 0.0497 -0.0118 -0.99869
vn 0.0184 -0.014 -0.99973
vn 0.0066 -0.0182 -0.99981
vn 0.0115 -0.016 -0.99981
vn 0.0017 -0.0213 -0.99977
vn -0.0208 -0.0424 -0.99888
vn -0.0053 -0.0272 -0.99962
vn -0.0131 -0.0287 -0.9995
vn -0.0314 0.0077 -0.99948
vn -0.0267 0.0015 -0.99964
vn -0.0181 0.0152 -0.99972
vn -0.0251 0.0115 -0.99962
vn -0.0128 0.019 -0.99974
vn -0.008 0.0243 -0.99967
vn -0.0016 0.0336 -0.99943
vn -0.0181 -0.0097 -0.99979
vn -0.0157 -0.015 -0.99976
vn -0.0213 -0.0047 -0.99976
vn -0.61461 0.3623 -0.70071
vn -0.51868 0.48719 -0.70258
vn -0.69273 0.31281 -0.64983
vn -0.7037 -0.182 -0.6868
vn -0.63822 -0.31421 -0.70282
vn -0.61295 -0.34577 -0.71044
vn 0.537 0.4672 -0.7024
vn 0.52861 0.47841 -0.70121
vn -0.0875 0.70179 -0.70699
vn 0.0765 0.6982 -0.7118
vn -0.0826 0.70249 -0.70689
vn -0.0934 -0.68337 -0.72407
vn -0.2348 -0.63121 -0.73921
vn -0.0713 -0.68979 -0.72049
vn 0.5284 -0.4903 -0.6931
vn 0.4037 -0.5684 -0.7169
vn 0.55781 -0.46861 -0.68502
vn -0.3982 0.59389 -0.69909
vn -0.53701 0.45081 -0.71301
vn -0.73562 -0.0151 -0.67722
vn -0.70464 -0.17061 -0.68874
vn 0.69731 0.1919 -0.69061
vn 0.0915 0.69488 -0.71328
vn 0.2478 0.649 -0.7193
vn 0.72059 -0.0224 -0.69299
vn 0.67247 -0.15139 -0.72447
vn 0.73447 0.0252 -0.67817
vn -0.24099 -0.62777 -0.74016
vn -0.3814 -0.55 -0.74299
vn 0.3872 -0.57779 -0.71849
vn 0.2427 -0.64411 -0.72541
vn -0.41711 0.58421 -0.69622
vn -0.74492 0.1619 -0.64721
vn -0.73747 0.0119 -0.67527
vn 0.39289 0.58758 -0.70738
vn 0.24471 0.65024 -0.71924
vn 0.62768 -0.30039 -0.71818
vn 0.65977 -0.17849 -0.72996
vn -0.49971 -0.46071 -0.73351
vn -0.37499 -0.55439 -0.74299
vn 0.0899 -0.69087 -0.71737
vn 0.24399 -0.64378 -0.72527
vn -0.74402 0.20751 -0.63512
vn 0.41292 0.57742 -0.70433
vn 0.62269 -0.36279 -0.69328
vn -0.51591 -0.44431 -0.73241
vn 0.0771 -0.69361 -0.71621
vn 0.0354 -0.99936 -0.0058
vn -0.0001 0.0003 -1
vn 0.0772 0.70649 -0.70349
vn 0.70743 0.19471 -0.67943
vn 0.43678 0.59738 -0.67258
vn 0.72471 0.1613 -0.66991
vn 0.0684 0.72657 -0.68368
vn -0.73658 0.0091 -0.67629
vn -0.40682 0.61383 -0.67654
vn -0.6343 -0.3334 -0.6975
vn 0.64551 0.33591 -0.68591
vn -0.27089 0.66658 -0.69447
vn 0.53521 -0.49401 -0.68521
vn -0.6568 0.3221 -0.6818
vn -0.091 -0.70142 -0.70692
vn 0.24239 0.66336 -0.70796
vn 0.65208 0.38029 -0.65588
vn 0.40969 0.58519 -0.69979
vn 0.26319 0.66967 -0.69446
vn -0.2558 0.68901 -0.67811
vn -0.70964 0.18651 -0.67943
vn -0.0916 -0.68241 -0.72521
vn 0.69571 -0.37591 -0.61211
vn -0.44371 0.59232 -0.67252
vn -0.0854 0.70557 -0.70347
vn -0.53206 0.48297 -0.69545
vn 0.073 0.72707 -0.68267
vn 0.264 -0.6693 -0.6945
vn -0.72647 0.15289 -0.66997
vn 0.52949 0.50029 -0.68509
vn -0.74216 -0.0219 -0.66986
vn -0.0987 0.73421 -0.67171
vn 0.53228 0.48008 -0.69728
vn 0.40682 -0.61383 -0.67654
vn 0.24781 0.69192 -0.67812
vn -0.25009 0.66048 -0.70797
vn -0.5464 0.4734 -0.6909
vn -0.26319 -0.66967 -0.69446
vn 0.5314 -0.4816 -0.6969
vn -0.0825 -0.72906 -0.67946
vn -0.6426 0.3302 -0.6914
vn -0.2481 -0.6612 -0.708
vn 0.65301 0.32971 -0.68181
vn -0.72471 -0.1613 -0.66991
vn 0.0854 -0.70557 -0.70347
vn -0.52951 -0.50011 -0.68521
vn 0.64597 -0.34019 -0.68337
vn 0.52643 0.48913 -0.69544
vn 0.0909 -0.72801 -0.67951
vn 0.63811 -0.32601 -0.69752
vn 0.0995 -0.68131 -0.72521
vn 0.6197 -0.3194 -0.7169
vn 0.27089 -0.66658 -0.69447
vn -0.5258 -0.4877 -0.6969
vn -0.43671 -0.59761 -0.67242
vn 0.39971 0.61851 -0.67652
vn 0.0902 0.73531 -0.67171
vn 0.4157 -0.5802 -0.7004
vn -0.2563 -0.6723 -0.6945
vn -0.70743 -0.19471 -0.67943
vn -0.0912 -0.7013 -0.707
vn -0.62393 -0.33691 -0.70513
vn -0.073 -0.72707 -0.68267
vn 0.43151 -0.60251 -0.67141
vn 0.0991 -0.70032 -0.70692
vn 0.65651 -0.37271 -0.65581
vn 0.1008 -0.7003 -0.7067
vn -0.0926 -0.70141 -0.70671
vn 0.1111 -0.7183 -0.6868
vn -0.0815 0.72617 -0.68267
vn -0.39968 -0.61847 -0.67657
vn 0.0815 -0.72617 -0.68267
vn -0.40899 -0.58498 -0.70038
vn -0.42449 -0.60749 -0.67139
vn -0.41641 0.58041 -0.69981
vn -0.65651 0.37271 -0.65581
vn 0.0927 0.70171 -0.70641
vn 0.70919 0.1584 -0.68699
vn -0.1008 0.7006 -0.7064
vn -0.64204 -0.34762 -0.68334
vn -0.53529 0.49409 -0.68509
vn 0.71861 0.1533 -0.67831
usemtl mat0
f 1//1 2//1 3//2
f 1//1 3//2 4//2
f 5//3 6//4 7//4
f 5//3 7//4 8//3
f 9//5 10//5 11//6
f 9//5 11//6 12//6
f 13//7 14//8 15//8
f 13//7 15//8 16//7
f 17//9 18//9 19//10
f 17//9 19//10 20//10
f 21//11 22//11 23//12
f 21//11 23//12 24//12
f 25//13 26//13 27//14
f 25//13 27//14 28//14
f 29//15 30//16 31//16
f 29//15 31//16 32//15
f 33//17 34//17 35//18
f 33//17 35//18 36//18
f 37//19 38//19 39//20
f 37//19 39//20 40//20
f 41//21 42//21 43//22
f 41//21 43//22 44//22
f 45//23 46//23 47//24
f 45//23 47//24 48//24
f 49//25 50//26 51//26
f 49//25 51//26 52//25
f 4//2 3//2 34//17
f 4//2 34//17 33//17
f 36//18 35//18 18//9
f 36//18 18//9 17//9
f 53//27 54//27 55//28
f 53//27 55//28 56//28
f 57//29 58//29 59//30
f 57//29 59//30 60//30
f 61//31 62//32 63//32
f 61//31 63//32 64//31
f 65//33 49//25 52//25
f 65//33 52//25 66//33
f 13//7 16//7 67//34
f 13//7 67//34 68//34
f 69//35 70//36 71//36
f 69//35 71//36 72//35
f 73//37 74//38 75//38
f 73//37 75//38 76//37
f 6//4 77//39 78//39
f 6//4 78//39 7//4
f 21//11 79//40 80//40
f 21//11 80//40 22//11
f 81//41 73//37 76//37
f 81//41 76//37 82//41
f 61//31 64//31 58//29
f 61//31 58//29 57//29
f 30//16 83//42 84//42
f 30//16 84//42 31//16
f 83//42 81//41 82//41
f 83//42 82//41 84//42
f 85//43 86//43 75//38
f 85//43 75//38 74//38
f 87//44 88//44 86//43
f 87//44 86//43 85//43
f 89//45 90//45 80//40
f 89//45 80//40 79//40
f 91//46 92//46 71//36
f 91//46 71//36 70//36
f 93//47 94//47 92//46
f 93//47 92//46 91//46
f 10//5 9//5 46//23
f 10//5 46//23 45//23
f 95//48 24//12 23//12
f 95//48 23//12 96//48
f 89//45 97//49 98//49
f 89//45 98//49 90//45
f 97//49 5//3 8//3
f 97//49 8//3 98//49
f 51//26 50//26 29//15
f 51//26 29//15 32//15
f 14//8 99//50 100//50
f 14//8 100//50 15//8
f 99//50 101//51 102//51
f 99//50 102//51 100//50
f 101//51 103//52 104//52
f 101//51 104//52 102//51
f 103//52 65//33 66//33
f 103//52 66//33 104//52
f 38//19 37//19 94//47
f 38//19 94//47 93//47
f 77//39 105//53 106//53
f 77//39 106//53 78//39
f 28//14 27//14 106//53
f 28//14 106//53 105//53
f 2//1 1//1 48//24
f 2//1 48//24 47//24
f 87//44 95//48 96//48
f 87//44 96//48 88//44
f 107//54 108//54 20//10
f 107//54 20//10 19//10
f 39//20 56//28 55//28
f 39//20 55//28 40//20
f 109//55 110//55 54//27
f 109//55 54//27 53//27
f 44//22 43//22 110//55
f 44//22 110//55 109//55
f 41//21 111//56 112//56
f 41//21 112//56 42//21
f 111//56 68//34 67//34
f 111//56 67//34 112//56
f 25//13 60//30 59//30
f 25//13 59//30 26//13
f 12//6 11//6 63//32
f 12//6 63//32 62//32
f 69//35 72//35 108//54
f 69//35 108//54 107//54
f 113//57 114//58 115//59
f 116//60 113//57 115//59
f 117//61 113//57 116//60
f 118//62 117//61 116//60
f 119//63 117//61 118//62
f 120//64 119//63 118//62
f 121//65 120//64 118//62
f 122//66 120//64 121//65
f 123//67 124//68 122//66
f 123//67 122//66 121//65
f 125//69 126//70 127//71
f 125//69 127//71 128//72
f 129//73 130//74 131//75
f 132//76 129//73 131//75
f 133//77 132//76 131//75
f 134//78 132//76 133//77
f 135//79 134//78 133//77
f 135//79 133//77 136//80
f 137//81 135//79 136//80
f 138//82 137//81 136//80
f 139//83 138//82 136//80
f 140//84 138//82 139//83
f 140//84 141//85 138//82
f 142//86 143//87 144//88
f 142//86 144//88 145//89
f 146//90 142//86 147//91
f 146//90 147//91 148//92
f 149//93 150//94 151//95
f 152//96 151//95 153//97
f 152//96 149//93 151//95
f 154//98 152//96 153//97
f 155//99 153//97 156//100
f 155//99 154//98 153//97
f 157//101 155//99 156//100
f 158//102 157//101 156//100
f 158//102 156//100 159//103
f 158//102 160//104 157//101
f 161//105 162//106 163//107
f 161//105 163//107 164//108
f 165//109 166//110 167//111
f 165//109 167//111 168//112
f 169//113 170//114 171//115
f 169//113 171//115 172//116
f 172//116 173//117 174//118
f 172//116 174//118 169//113
f 175//119 176//120 177//121
f 175//119 177//121 178//122
f 170//114 179//123 180//124
f 170//114 180//124 171//115
f 181//125 182//126 183//127
f 181//125 183//127 184//128
f 185//129 186//130 187//131
f 185//129 187//131 188//132
f 189//133 190//134 191//135
f 189//133 191//135 192//136
f 193//137 194//138 195//139
f 193//137 195//139 196//140
f 194//138 193//137 197//141
f 194//138 197//141 198//142
f 198//142 199//143 200//144
f 198//142 200//144 194//138
f 166//110 159//103 156//100
f 166//110 156//100 167//111
f 201//145 193//137 196//140
f 201//145 196//140 202//146
f 194//138 200//144 203//147
f 194//138 203//147 195//139
f 204//148 205//149 206//150
f 204//148 206//150 207//151
f 208//152 201//145 202//146
f 208//152 202//146 209//153
f 210//154 208//152 209//153
f 210//154 209//153 211//155
f 212//156 210//154 211//155
f 212//156 211//155 213//157
f 214//158 212//156 213//157
f 214//158 213//157 215//159
f 216//160 214//158 215//159
f 216//160 215//159 217//161
f 218//162 216//160 217//161
f 218//162 217//161 219//163
f 220//164 221//165 222//166
f 220//164 222//166 223//167
f 224//168 161//105 164//108
f 224//168 164//108 225//169
f 226//170 227//171 228//172
f 226//170 228//172 229//173
f 230//174 165//109 168//112
f 230//174 168//112 231//175
f 232//176 233//177 234//178
f 232//176 234//178 235//179
f 236//180 235//179 237//181
f 236//180 232//176 235//179
f 238//182 233//177 232//176
f 239//183 236//180 237//181
f 240//184 237//181 241//185
f 240//184 239//183 237//181
f 242//186 240//184 241//185
f 150//94 243//187 244//188
f 150//94 244//188 151//95
f 245//189 242//186 241//185
f 246//190 146//90 247//191
f 246//190 247//191 248//192
f 249//193 145//89 250//194
f 249//193 142//86 145//89
f 251//195 249//193 250//194
f 147//91 142//86 249//193
f 252//196 251//195 250//194
f 253//197 250//194 254//198
f 253//197 252//196 250//194
f 255//199 253//197 254//198
f 256//200 257//201 174//118
f 256//200 174//118 258//202
f 259//203 255//199 254//198
f 260//204 261//205 262//206
f 260//204 262//206 221//165
f 263//207 125//69 128//72
f 264//208 263//207 128//72
f 265//209 263//207 264//208
f 266//210 267//211 265//209
f 266//210 265//209 264//208
f 268//212 267//211 266//210
f 269//213 268//212 266//210
f 270//214 268//212 269//213
f 115//59 270//214 269//213
f 114//58 270//214 115//59
f 271//215 272//216 273//217
f 271//215 273//217 274//218
f 146//90 148//92 247//191
f 275//219 246//190 276//220
f 275//219 276//220 277//221
f 278//222 245//189 279//223
f 278//222 279//223 280//224
f 243//187 140//84 139//83
f 243//187 139//83 244//188
f 281//225 149//93 152//96
f 281//225 152//96 282//226
f 283//227 239//183 240//184
f 283//227 240//184 284//228
f 285//229 243//187 286//230
f 285//229 286//230 287//231
f 288//232 289//233 290//234
f 275//219 146//90 246//190
f 279//223 245//189 143//87
f 291//235 279//223 143//87
f 291//235 143//87 275//219
f 220//164 292//236 260//204
f 220//164 260//204 221//165
f 293//237 275//219 277//221
f 294//238 295//239 296//240
f 294//238 296//240 297//241
f 293//237 291//235 275//219
f 280//224 298//242 299//243
f 283//227 284//228 292//236
f 283//227 292//236 300//244
f 280//224 279//223 291//235
f 278//222 242//186 245//189
f 301//245 302//246 303//247
f 301//245 303//247 155//99
f 278//222 288//232 242//186
f 284//228 240//184 290//234
f 284//228 290//234 289//233
f 284//228 289//233 304//248
f 305//249 306//250 281//225
f 305//249 281//225 282//226
f 307//251 236//180 239//183
f 307//251 239//183 283//227
f 308//252 236//180 307//251
f 309//253 232//176 236//180
f 309//253 236//180 308//252
f 300//244 220//164 223//167
f 310//254 300//244 223//167
f 311//255 310//254 223//167
f 312//256 157//101 160//104
f 312//256 160//104 224//168
f 200//144 313//257 314//258
f 200//144 314//258 203//147
f 315//259 181//125 184//128
f 315//259 184//128 316//260
f 182//126 226//170 229//173
f 182//126 229//173 183//127
f 173//117 172//116 317//261
f 234//178 175//119 178//122
f 234//178 178//122 235//179
f 174//118 173//117 318//262
f 227//171 230//174 231//175
f 227//171 231//175 228//172
f 258//202 174//118 318//262
f 317//261 172//116 319//263
f 317//261 319//263 320//264
f 280//224 291//235 293//237
f 280//224 293//237 298//242
f 321//265 322//266 323//267
f 324//268 321//265 323//267
f 325//269 321//265 324//268
f 326//270 325//269 324//268
f 327//271 325//269 326//270
f 328//272 327//271 326//270
f 272//216 327//271 328//272
f 273//217 272//216 328//272
f 261//205 277//221 329//273
f 261//205 329//273 330//274
f 331//275 150//94 149//93
f 331//275 149//93 281//225
f 332//276 312//256 224//168
f 333//277 332//276 224//168
f 225//169 333//277 224//168
f 334//278 335//279 305//249
f 334//278 305//249 282//226
f 331//275 281//225 306//250
f 331//275 306//250 336//280
f 154//98 282//226 152//96
f 303//247 302//246 337//281
f 303//247 154//98 155//99
f 303//247 337//281 154//98
f 288//232 299//243 304//248
f 288//232 304//248 289//233
f 301//245 338//282 302//246
f 189//133 339//283 340//284
f 189//133 340//284 336//280
f 301//245 155//99 157//101
f 301//245 157//101 341//285
f 341//285 312//256 338//282
f 341//285 338//282 301//245
f 306//250 305//249 335//279
f 342//286 207//151 339//283
f 143//87 245//189 241//185
f 143//87 241//185 144//88
f 150//94 331//275 340//284
f 150//94 340//284 286//230
f 320//264 319//263 343//287
f 320//264 343//287 344//288
f 286//230 243//187 150//94
f 260//204 345//289 304//248
f 260//204 304//248 299//243
f 131//75 130//74 124//68
f 131//75 124//68 123//67
f 340//284 331//275 336//280
f 232//176 311//255 223//167
f 232//176 223//167 238//182
f 287//231 286//230 340//284
f 287//231 340//284 339//283
f 285//229 140//84 243//187
f 285//229 207//151 206//150
f 285//229 206//150 140//84
f 126//70 259//203 254//198
f 126//70 254//198 127//71
f 346//290 204//148 207//151
f 346//290 207//151 342//286
f 347//291 141//85 140//84
f 162//106 348//292 349//293
f 162//106 349//293 163//107
f 332//276 333//277 337//281
f 332//276 337//281 302//246
f 350//294 351//295 276//220
f 352//296 351//295 350//294
f 353//297 352//296 350//294
f 298//242 261//205 260//204
f 298//242 260//204 299//243
f 354//298 355//299 356//300
f 354//298 356//300 357//301
f 288//232 290//234 240//184
f 288//232 240//184 242//186
f 329//273 276//220 351//295
f 329//273 351//295 358//302
f 359//303 353//297 344//288
f 359//303 344//288 343//287
f 356//300 360//304 349//293
f 356//300 349//293 357//301
f 313//257 315//259 316//260
f 313//257 316//260 314//258
f 330//274 361//305 362//306
f 330//274 362//306 363//307
f 358//302 351//295 352//296
f 308//252 307//251 310//254
f 308//252 310//254 311//255
f 363//307 171//115 180//124
f 363//307 362//306 171//115
f 363//307 262//206 261//205
f 363//307 261//205 330//274
f 329//273 277//221 276//220
f 358//302 359//303 343//287
f 358//302 343//287 361//305
f 299//243 288//232 278//222
f 299//243 278//222 280//224
f 262//206 180//124 221//165
f 262//206 363//307 180//124
f 329//273 358//302 361//305
f 329//273 361//305 330//274
f 191//135 364//308 225//169
f 191//135 225//169 164//108
f 260//204 292//236 345//289
f 334//278 282//226 154//98
f 334//278 154//98 337//281
f 323//267 322//266 257//201
f 323//267 257//201 256//200
f 300//244 292//236 220//164
f 284//228 304//248 345//289
f 284//228 345//289 292//236
f 261//205 298//242 293//237
f 261//205 293//237 277//221
f 283//227 300//244 310//254
f 307//251 283//227 310//254
f 192//136 191//135 164//108
f 192//136 164//108 163//107
f 309//253 308//252 311//255
f 232//176 309//253 311//255
f 365//309 271//215 274//218
f 366//310 271//215 365//309
f 367//311 366//310 365//309
f 368//312 366//310 367//311
f 369//313 368//312 367//311
f 370//314 368//312 369//313
f 371//315 370//314 372//316
f 373//317 371//315 372//316
f 374//318 373//317 375//319
f 374//318 371//315 373//317
f 376//320 375//319 377//321
f 376//320 377//321 378//322
f 376//320 374//318 375//319
f 357//301 379//323 354//298
f 380//324 378//322 379//323
f 380//324 376//320 378//322
f 205//149 347//291 140//84
f 205//149 140//84 206//150
f 381//325 380//324 379//323
f 381//325 379//323 357//301
f 188//132 339//283 189//133
f 188//132 189//133 185//129
f 179//123 222//166 221//165
f 179//123 221//165 180//124
f 369//313 372//316 370//314
f 334//278 382//326 335//279
f 364//308 382//326 334//278
f 276//220 246//190 248//192
f 276//220 248//192 350//294
f 333//277 225//169 364//308
f 333//277 364//308 334//278
f 333//277 334//278 337//281
f 338//282 332//276 302//246
f 312//256 332//276 338//282
f 157//101 312//256 341//285
f 306//250 335//279 382//326
f 275//219 143//87 142//86
f 275//219 142//86 146//90
f 191//135 382//326 364//308
f 191//135 306//250 382//326
f 190//134 336//280 306//250
f 190//134 306//250 191//135
f 362//306 319//263 172//116
f 362//306 172//116 171//115
f 360//304 356//300 296//240
f 360//304 296//240 186//130
f 189//133 336//280 190//134
f 383//327 163//107 349//293
f 383//327 192//136 163//107
f 383//327 360//304 186//130
f 383//327 186//130 185//129
f 348//292 381//325 357//301
f 348//292 357//301 349//293
f 360//304 383//327 349//293
f 188//132 342//286 339//283
f 361//305 343//287 319//263
f 361//305 319//263 362//306
f 358//302 352//296 353//297
f 358//302 353//297 359//303
f 187//131 384//328 342//286
f 187//131 295//239 384//328
f 176//120 218//162 219//163
f 176//120 219//163 177//121
f 187//131 342//286 188//132
f 296//240 355//299 297//241
f 285//229 287//231 339//283
f 285//229 339//283 207//151
f 296//240 295//239 187//131
f 296//240 356//300 355//299
f 185//129 189//133 192//136
f 185//129 192//136 383//327
f 296//240 187//131 186//130
f 295//239 294//238 346//290
f 384//328 295//239 346//290
f 342//286 384//328 346//290
f 385//329 386//330 315//259
f 385//329 315//259 313//257
f 387//331 388//332 230//174
f 387//331 230//174 227//171
f 389//333 390//334 226//170
f 389//333 226//170 182//126
f 386//330 391//335 181//125
f 386//330 181//125 315//259
f 199//143 385//329 313//257
f 199//143 313//257 200//144
f 388//332 392//336 165//109
f 388//332 165//109 230//174
f 390//334 387//331 227//171
f 390//334 227//171 226//170
f 393//337 158//102 159//103
f 393//337 159//103 166//110
f 391//335 389//333 182//126
f 391//335 182//126 181//125
f 392//336 393//337 166//110
f 392//336 166//110 165//109
f 394//338 395//339 218//162
f 394//338 218//162 176//120
f 233//177 396//340 175//119
f 233//177 175//119 234//178
f 395//339 397//341 216//160
f 395//339 216//160 218//162
f 397//341 398//342 214//158
f 397//341 214//158 216//160
f 398//342 399//343 212//156
f 398//342 212//156 214//158
f 399//343 400//344 210//154
f 399//343 210//154 212//156
f 400//344 401//345 208//152
f 400//344 208//152 210//154
f 401//345 402//346 201//145
f 401//345 201//145 208//152
f 402//346 197//141 193//137
f 402//346 193//137 201//145
f 396//340 394//338 176//120
f 396//340 176//120 175//119
f 1//1 3//2 4//2
f 5//3 7//4 8//3
f 10//5 12//6 9//5
f 403//347 404//348 405//347
f 13//7 15//8 16//7
f 18//9 20//10 17//9
f 22//11 24//12 21//11
f 26//13 28//14 25//13
f 406//349 407//350 408//349
f 409//351 410//352 411//351
f 29//15 31//16 32//15
f 33//17 35//18 36//18
f 38//19 40//20 37//19
f 42//21 44//22 41//21
f 36//353 412//354 413//355
f 46//23 48//24 45//23
f 414//356 415//357 416//356
f 417//358 418//359 419//358
f 420//360 421//361 422//360
f 423//362 424//363 425//362
f 426//364 427//365 428//364
f 429//366 430//367 431//366
f 432//368 433//369 434//368
f 435//370 436//371 437//370
f 66//372 425//373 424//374
f 420//375 102//376 438//377
f 439//378 15//379 440//380
f 441//381 16//382 439//378
f 82//383 442//384 443//385
f 442//384 76//386 444//387
f 54//388 416//389 415//390
f 411//391 22//392 445//393
f 37//394 446//395 447//396
f 445//393 80//397 448//398
f 52//399 449//400 425//373
f 55//401 415//390 450//402
f 451//403 96//404 410//405
f 110//406 418//407 416//389
f 84//408 443//385 452//409
f 42//410 453//411 419//412
f 444//387 75//413 454//414
f 453//411 112//415 406//416
f 454//414 86//417 455//418
f 31//419 452//409 456//420
f 440//380 100//421 420//375
f 51//422 457//423 449//400
f 438//377 104//424 458//425
f 49//25 51//26 52//25
f 455//418 88//426 451//403
f 8//427 459//428 460//429
f 431//430 108//431 461//432
f 33//433 413//355 428//434
f 4//2 34//17 33//17
f 36//18 18//9 17//9
f 54//27 56//28 53//27
f 58//29 60//30 57//29
f 61//31 63//32 64//31
f 444//435 462//436 442//436
f 80//397 463//437 448//398
f 98//438 460//429 464//439
f 78//440 465//441 466//442
f 430//443 20//444 431//430
f 467//445 27//446 433//447
f 433//447 26//448 434//449
f 434//449 59//450 468//451
f 404//452 64//453 405//454
f 11//455 469//456 470//457
f 471//458 10//459 45//460
f 472//461 11//455 10//459
f 472//461 10//459 473//462
f 474//463 475//464 476//465
f 477//466 48//467 478//468
f 479//58 480//58 481//58
f 478//468 1//469 482//470
f 4//471 428//434 427//472
f 32//473 456//420 457//423
f 465//441 106//474 467//445
f 461//432 72//475 436//476
f 436//476 71//477 437//478
f 483//479 94//480 484//481
f 485//482 466//483 465//482
f 486//484 463//485 464//484
f 487//486 438//361 458//486
f 488//363 458//486 424//363
f 489//487 425//362 449//487
f 490//488 449//487 457//488
f 491//489 457//488 456//489
f 492//357 450//490 415//357
f 493//359 416//356 418//359
f 494//491 419//358 453//491
f 408//349 453//491 406//349
f 441//350 495//492 407//350
f 496//493 439//492 440//493
f 497//494 411//351 445//494
f 468//451 58//495 404//452
f 65//33 52//25 66//33
f 16//7 68//34 13//7
f 70//36 72//35 69//35
f 74//38 76//37 73//37
f 77//39 7//4 6//4
f 498//371 461//496 436//371
f 79//40 22//11 21//11
f 81//41 76//37 82//41
f 64//31 57//29 61//31
f 422//360 440//493 420//360
f 437//478 92//497 483//479
f 83//42 31//16 30//16
f 81//41 84//42 83//42
f 85//43 75//38 74//38
f 88//44 85//43 87//44
f 90//45 79//40 89//45
f 92//46 70//36 91//46
f 94//47 91//46 93//47
f 499//498 447//499 446//498
f 500//369 467//500 433//369
f 1//469 427//472 482//470
f 10//5 46//23 45//23
f 24//12 96//48 95//48
f 97//49 90//45 89//45
f 5//3 98//49 97//49
f 50//26 32//15 51//26
f 99//50 15//8 14//8
f 101//51 100//50 99//50
f 103//52 102//51 101//51
f 103//52 66//33 104//52
f 37//19 93//47 38//19
f 105//53 78//39 77//39
f 27//14 105//53 28//14
f 2//1 48//24 47//24
f 87//44 96//48 88//44
f 108//54 19//10 107//54
f 39//20 55//28 40//20
f 110//55 53//27 109//55
f 43//22 109//55 44//22
f 111//56 42//21 41//21
f 111//56 67//34 112//56
f 25//13 59//30 26//13
f 475//501 45//460 477//466
f 501//502 471//503 474//463
f 7//504 466//442 459//428
f 502//505 444//435 454//505
f 479//506 470//507 469//506
f 43//508 419//412 418//407
f 406//416 67//509 441//381
f 503//483 459//510 466//483
f 37//394 484//481 94//480
f 504//511 455//512 451//511
f 17//513 430//443 412//354
f 505//348 468//514 404//348
f 506//515 477//516 478//515
f 507//517 446//498 450//490
f 508//518 452//519 443//518
f 476//58 509//58 474//58
f 510//496 431//366 461//496
f 511//516 475//520 477//516
f 512//521 478//515 482//521
f 513//365 482//521 427//365
f 11//6 62//32 12//6
f 514//522 428//364 413//522
f 515//523 484//524 447//523
f 448//525 516//485 517//525
f 517//525 445//494 448//525
f 518//526 464//484 460//526
f 462//436 443//518 442//436
f 519//527 405//347 520//527
f 521//512 454//505 455//512
f 522//510 460//526 459//510
f 523//500 465//482 467//500
f 524//514 434//368 468//514
f 525//352 451//511 410//352
f 526//524 483//528 484//524
f 527//519 456//489 452//519
f 528//367 412//529 430//367
f 529//529 413//522 412//529
f 90//530 464//439 463//437
f 63//531 470//457 520//532
f 530//507 520//527 470//507
f 531//528 437//370 483//528
f 458//425 66//372 424//374
f 64//453 520//532 405//454
f 40//533 450//402 446//395
f 410//405 23//534 411//391
f 72//35 107//54 69//35
f 532//58 533//58 534//58
f 534//58 535//58 536//58
f 536//58 537//58 538//58
f 538//58 539//58 540//58
f 540//58 541//58 542//58
f 542//58 543//58 544//58
f 544//58 545//58 546//58
f 546//58 547//58 548//58
f 548//58 549//58 550//58
f 550//58 551//58 552//58
f 552//58 553//58 554//58
f 554//58 555//58 556//58
f 556//58 557//58 532//58
f 532//58 534//58 536//58
f 536//58 538//58 540//58
f 540//58 542//58 544//58
f 544//58 546//58 548//58
f 548//58 550//58 552//58
f 552//58 554//58 556//58
f 556//58 532//58 536//58
f 536//58 540//58 544//58
f 544//58 548//58 552//58
f 552//58 556//58 536//58
f 536//58 544//58 552//58
f 558//58 559//58 560//58
f 560//58 561//58 562//58
f 562//58 563//58 564//58
f 564//58 565//58 566//58
f 566//58 567//58 568//58
f 568//58 569//58 570//58
f 570//58 571//58 572//58
f 572//58 573//58 574//58
f 574//58 575//58 576//58
f 576//58 577//58 578//58
f 578//58 579//58 580//58
f 580//58 581//58 582//58
f 582//58 583//58 558//58
f 558//58 560//58 562//58
f 562//58 564//58 566//58
f 566//58 568//58 570//58
f 570//58 572//58 574//58
f 574//58 576//58 578//58
f 578//58 580//58 582//58
f 582//58 558//58 562//58
f 562//58 566//58 570//58
f 570//58 574//58 578//58
f 578//58 582//58 562//58
f 562//58 570//58 578//58
f 584//58 585//58 586//58
f 586//58 587//58 588//58
f 588//58 589//58 590//58
f 590//58 591//58 592//58
f 592//58 593//58 594//58
f 594//58 595//58 596//58
f 596//58 597//58 598//58
f 598//58 599//58 600//58
f 600//58 601//58 602//58
f 602//58 603//58 604//58
f 604//58 605//58 606//58
f 606//58 607//58 608//58
f 608//58 609//58 584//58
f 584//58 586//58 588//58
f 588//58 590//58 592//58
f 592//58 594//58 596//58
f 596//58 598//58 600//58
f 600//58 602//58 604//58
f 604//58 606//58 608//58
f 608//58 584//58 588//58
f 588//58 592//58 596//58
f 596//58 600//58 604//58
f 604//58 608//58 588//58
f 588//58 596//58 604//58
f 610//58 611//58 612//58
f 613//535 614//536 615//536
f 616//537 617//538 618//538
f 619//539 620//540 621//540
f 622//541 623//542 624//542
f 625//543 626//544 627//544
f 628//545 629//546 630//546
f 631//547 578//544 632//544
f 633//536 634//548 635//548
f 636//545 637//549 638//549
f 639//536 640//535 641//535
f 642//550 643//551 644//551
f 641//535 645//550 642//550
f 646//545 647//546 648//546
f 649//58 485//58 523//58
f 650//543 651//552 652//552
f 644//551 653//542 654//542
f 655//548 656//549 657//549
f 658//538 659//553 660//553
f 661//535 662//536 663//536
f 664//548 665//549 666//549
f 667//536 668//535 669//535
f 670//554 671//546 672//546
f 673//545 674//546 675//546
f 666//549 676//554 673//545
f 677//550 678//551 679//551
f 508//58 680//58 681//58
f 682//58 518//58 683//58
f 672//546 684//552 685//552
f 510//58 686//58 429//58
f 687//550 688//551 689//551
f 690//58 403//58 519//58
f 691//58 692//58 403//58
f 693//536 694//535 695//535
f 696//555 697//541 698//541
f 699//542 698//541 697//541
f 685//552 700//543 701//543
f 702//537 703//556 704//556
f 705//58 486//58 518//58
f 706//544 707//547 708//547
f 709//538 710//553 711//553
f 712//537 713//556 714//556
f 715//538 716//553 717//553
f 718//548 719//549 720//549
f 721//58 516//58 722//58
f 723//548 724//549 725//549
f 726//536 727//535 728//536
f 729//550 730//551 731//551
f 732//548 733//536 734//536
f 720//549 735//545 736//545
f 737//58 738//58 739//58
f 740//557 741//556 742//556
f 743//558 744//539 745//539
f 746//535 747//550 748//550
f 736//545 749//546 750//546
f 708//547 751//557 752//557
f 753//58 517//58 754//58
f 538//537 755//538 539//538
f 756//552 757//543 758//543
f 759//536 760//548 761//548
f 762//58 763//58 764//58
f 765//544 766//547 767//547
f 768//543 769//544 770//544
f 771//542 772//541 773//541
f 758//543 774//544 775//544
f 776//58 777//58 778//58
f 779//558 780//559 781//559
f 409//58 497//58 782//58
f 506//58 783//58 511//58
f 784//560 785//561 786//561
f 787//558 788//539 789//539
f 790//558 791//559 792//559
f 793//58 506//58 794//58
f 795//58 796//58 797//58
f 798//58 799//58 800//58
f 801//547 802//544 803//544
f 804//58 805//58 806//58
f 807//537 808//538 709//538
f 809//547 810//562 811//557
f 812//58 813//58 814//58
f 815//58 816//58 817//58
f 818//560 819//540 820//540
f 786//561 711//553 710//553
f 821//58 822//58 823//58
f 800//58 824//58 798//58
f 821//58 823//58 825//58
f 826//548 827//549 828//549
f 829//548 830//549 831//549
f 832//58 833//58 834//58
f 835//58 836//58 837//58
f 838//547 839//557 840//557
f 841//538 842//553 843//553
f 844//58 845//58 409//58
f 846//58 525//58 847//58
f 848//545 828//549 827//549
f 849//58 794//58 506//58
f 850//555 851//559 852//559
f 853//536 854//535 855//535
f 856//545 857//546 858//546
f 859//558 852//559 851//559
f 630//546 860//552 861//552
f 862//543 863//544 864//544
f 858//546 865//552 866//552
f 867//537 868//556 869//556
f 870//550 871//551 872//551
f 873//550 550//551 874//551
f 875//537 581//556 876//556
f 840//557 877//556 878//556
f 866//552 879//543 880//543
f 692//58 881//58 403//58
f 882//538 883//553 884//553
f 885//58 886//58 887//58
f 888//550 889//551 890//551
f 891//537 892//538 893//538
f 894//58 612//58 895//58
f 896//546 897//545 898//545
f 899//542 900//541 901//541
f 894//58 610//58 612//58
f 902//58 903//58 904//58
f 905//544 906//547 907//547
f 908//58 909//58 519//58
f 910//537 911//556 912//556
f 913//58 914//58 915//58
f 916//536 917//548 655//548
f 918//58 919//58 920//58
f 921//550 922//535 613//535
f 923//58 924//58 925//58
f 923//58 902//58 926//58
f 927//58 928//58 929//58
f 930//58 903//58 931//58
f 932//537 933//556 934//556
f 935//559 936//558 937//558
f 502//58 521//58 938//58
f 727//535 939//550 940//550
f 941//553 618//538 617//538
f 942//58 943//58 944//58
f 945//537 946//556 947//556
f 948//557 947//556 946//556
f 864//544 949//547 950//547
f 951//58 812//58 952//58
f 927//58 953//58 954//58
f 955//553 956//561 957//561
f 954//58 958//58 959//58
f 960//561 961//560 962//560
f 825//58 963//58 821//58
f 964//58 965//58 966//58
f 967//560 968//540 969//540
f 970//544 601//543 971//543
f 972//552 973//543 974//543
f 975//58 976//58 432//58
f 977//535 978//550 979//550
f 574//545 980//546 575//546
f 981//544 982//547 809//547
f 983//58 984//58 985//58
f 986//58 987//58 514//58
f 988//537 989//538 841//538
f 990//550 991//551 992//551
f 993//542 566//541 994//541
f 995//550 568//551 996//551
f 997//58 998//58 500//58
f 999//543 1000//552 1001//552
f 1002//551 1003//542 1004//542
f 824//58 1005//58 1006//58
f 1007//543 576//552 1008//552
f 1004//542 1009//541 1010//541
f 880//543 1011//544 905//544
f 803//544 1012//543 999//543
f 1013//58 462//58 1014//58
f 1015//559 1016//558 1017//558
f 1018//557 1019//547 801//547
f 943//58 1020//58 1021//58
f 429//58 1022//58 528//58
f 876//556 580//557 1023//557
f 1023//557 579//547 631//547
f 1024//58 1025//58 805//58
f 1016//558 1026//539 1017//558
f 508//58 462//58 1013//58
f 1027//540 1026//539 1028//539
f 429//58 1029//58 1022//58
f 731//551 1030//542 1031//542
f 582//537 1032//538 583//538
f 1033//545 1034//546 1035//546
f 1036//535 569//550 995//550
f 1020//58 1037//58 1038//58
f 1039//58 1040//58 1041//58
f 1042//537 1043//556 1044//556
f 971//543 600//552 1045//552
f 1046//545 1047//546 1048//546
f 1049//58 966//58 1050//58
f 1051//550 1052//535 1053//535
f 1054//535 1055//550 990//550
f 553//536 1056//548 554//548
f 1057//545 1058//546 1059//546
f 1060//548 1061//549 1062//549
f 1063//550 1064//551 1065//551
f 1035//546 1066//552 1067//552
f 1068//557 912//556 911//556
f 1065//551 1069//542 1070//542
f 1071//543 1072//544 765//544
f 821//58 1073//58 822//58
f 1074//58 836//58 835//58
f 1075//544 1076//547 1077//547
f 1078//58 1079//58 1080//58
f 1081//559 1082//555 1083//559
f 1081//559 1084//558 1085//558
f 663//536 1086//548 664//548
f 1087//550 1088//535 661//535
f 767//547 1089//557 1090//557
f 409//58 782//58 1091//58
f 1092//563 1093//539 1094//539
f 1095//58 489//58 490//58
f 1067//552 1096//543 1071//543
f 531//58 1097//58 435//58
f 435//58 1098//58 1099//58
f 1100//58 1101//58 1102//58
f 1103//554 1104//549 1105//549
f 1106//564 1107//565 1108//566
f 1102//58 1074//58 1100//58
f 1109//58 1073//58 821//58
f 1110//548 1111//549 1112//549
f 551//550 1113//535 552//535
f 1048//546 1114//552 1115//552
f 904//58 903//58 930//58
f 1116//537 878//556 877//556
f 1117//58 1118//58 1119//58
f 1120//559 1121//558 1122//558
f 1123//553 1124//561 1125//561
f 421//58 487//58 1126//58
f 996//551 567//542 993//542
f 1127//553 1128//561 1129//561
f 1130//538 1131//553 1127//553
f 1132//545 1133//546 1134//546
f 954//58 959//58 943//58
f 526//58 1135//58 531//58
f 861//552 1136//543 768//543
f 1137//555 1138//541 1139//541
f 423//58 1140//58 1141//58
f 1142//559 1143//558 1144//558
f 1145//555 1146//559 1142//559
f 1147//555 773//541 772//541
f 535//547 1148//557 536//557
f 533//543 1149//544 534//544
f 556//545 1150//546 557//546
f 1151//58 1152//58 1153//58
f 1154//535 593//550 1155//550
f 913//58 1156//58 914//58
f 1157//536 1158//548 1159//548
f 1160//58 1161//58 1162//58
f 1163//536 1164//535 1054//535
f 1165//58 1151//58 1153//58
f 1166//560 1167//561 1168//561
f 1159//548 1105//549 1104//549
f 1169//58 519//58 1170//58
f 1171//552 1172//543 1173//543
f 798//58 1174//58 1175//58
f 515//58 1176//58 1177//58
f 1178//539 1144//558 1143//558
f 1179//553 1180//561 1181//561
f 1182//537 537//556 1183//556
f 1184//550 1185//551 1186//551
f 1187//545 1188//546 1189//546
f 1190//58 1191//58 1192//58
f 1193//547 1194//557 1195//557
f 571//536 1196//548 572//548
f 770//544 1197//547 1193//547
f 608//553 1198//561 609//561
f 1199//58 1200//58 1201//58
f 1202//58 964//58 966//58
f 1203//58 1204//58 1205//58
f 1206//58 796//58 1207//58
f 1162//58 1161//58 815//58
f 1160//58 1208//58 1161//58
f 1204//58 1209//58 1205//58
f 714//556 1210//557 1211//557
f 1212//546 1213//552 1214//552
f 507//58 1215//58 499//58
f 539//538 1216//553 540//553
f 1217//560 1181//561 1180//561
f 487//58 1218//58 1219//58
f 1220//538 1221//553 1179//553
f 1211//557 1222//547 1223//547
f 1223//547 1224//544 1225//544
f 1225//544 1226//543 650//543
f 1227//58 1228//58 1229//58
f 1230//555 1231//559 1120//559
f 1232//551 1233//542 1234//542
f 1235//560 541//561 1236//561
f 492//58 1237//58 507//58
f 1238//543 1239//544 1240//544
f 540//553 1236//561 541//561
f 627//544 1241//547 1242//547
f 1243//539 1122//558 1121//558
f 1243//539 1244//540 1245//539
f 492//58 1246//58 1247//58
f 1248//556 604//557 1249//557
f 1250//557 704//556 703//556
f 492//58 1247//58 1237//58
f 635//548 638//549 637//549
f 1251//555 1252//559 935//559
f 1253//538 1254//553 1255//553
f 1094//539 1085//558 1084//558
f 1256//560 1257//561 1258//561
f 660//553 1258//561 1257//561
f 417//58 1259//58 493//58
f 1260//560 1261//561 1262//561
f 1070//542 1263//541 1264//541
f 1155//550 592//551 1265//551
f 1266//537 1267//538 658//538
f 1268//540 1269//560 1270//560
f 586//539 1271//558 587//558
f 585//540 1272//539 586//539
f 1273//540 1274//560 1260//560
f 1275//540 1276//539 1277//539
f 417//58 1278//58 1279//58
f 1249//557 603//547 1280//547
f 607//538 1281//553 608//553
f 606//537 1282//538 607//538
f 408//58 407//58 1283//58
f 1284//560 609//561 1198//561
f 1285//555 1286//559 1015//559
f 1287//540 584//560 1284//560
f 1288//540 1289//560 1290//560
f 575//546 1008//552 576//552
f 1291//58 1165//58 1153//58
f 914//58 1156//58 1292//58
f 1293//548 726//536 728//536
f 979//550 1294//551 1002//551
f 1295//58 1039//58 1041//58
f 1296//545 1112//549 1111//549
f 1297//537 1298//556 1299//556
f 1255//553 1262//561 1261//561
f 1300//58 1021//58 1020//58
f 1301//550 1302//535 1303//535
f 1304//540 1305//560 1306//560
f 534//544 1307//547 535//547
f 1308//553 1309//561 960//561
f 598//545 1310//546 599//546
f 624//542 890//551 889//551
f 1311//58 1312//58 777//58
f 1313//540 1314//539 1178//539
f 1315//58 1316//58 1317//58
f 1318//559 1319//555 1320//555
f 962//560 621//540 620//540
f 1321//536 570//535 1036//535
f 1322//545 555//549 1323//549
f 1244//540 1324//560 1256//560
f 1325//545 573//549 1326//549
f 572//548 1326//549 573//549
f 923//58 926//58 924//58
f 1327//58 1328//58 1279//58
f 423//58 1141//58 1329//58
f 532//552 1330//543 533//543
f 595//536 1331//548 596//548
f 1332//554 1333//546 1334//546
f 1335//536 594//535 1154//535
f 820//540 745//539 744//539
f 1336//58 1337//58 531//58
f 1338//555 781//559 780//559
f 1339//58 1340//58 1227//58
f 1341//535 734//536 733//536
f 974//543 1342//544 1343//544
f 798//58 1175//58 799//58
f 975//58 524//58 1344//58
f 1345//58 1346//58 1347//58
f 1348//545 1349//549 1350//549
f 1351//536 1352//548 1060//548
f 1353//551 1354//542 1355//542
f 1356//537 1357//538 1358//538
f 1359//58 1360//58 919//58
f 1361//58 894//58 895//58
f 1362//557 934//556 933//556
f 1214//552 1363//543 625//543
f 930//58 931//58 1364//58
f 1365//58 1366//58 513//58
f 1367//537 1368//538 1220//538
f 1369//58 497//58 1370//58
f 1280//547 602//544 970//544
f 942//58 944//58 1371//58
f 1090//557 869//556 868//556
f 1372//536 1303//535 1302//535
f 1373//58 525//58 1374//58
f 1375//58 503//58 485//58
f 1270//560 957//561 956//561
f 1376//58 1377//58 1378//58
f 675//546 1379//552 1380//552
f 1077//547 1381//557 1382//557
f 502//58 1383//58 1384//58
f 495//58 1385//58 1386//58
f 1387//548 615//536 614//536
f 1115//552 1388//543 1238//543
f 1389//547 1390//557 1391//557
f 1317//58 1364//58 931//58
f 610//58 1377//58 611//58
f 1392//541 1320//555 1319//555
f 1393//539 1394//558 1395//558
f 1396//58 1397//58 776//58
f 1398//543 1399//544 981//544
f 1400//58 1401//58 1402//58
f 1360//58 1403//58 919//58
f 1404//537 1405//538 1406//538
f 1361//58 1400//58 1402//58
f 898//545 1407//549 1408//549
f 954//58 953//58 958//58
f 942//58 1371//58 920//58
f 1395//558 1409//559 1318//559
f 1380//552 1410//543 1398//543
f 1411//58 1412//58 1413//58
f 1291//58 1190//58 1192//58
f 1414//58 1415//58 1416//58
f 1417//58 1418//58 1419//58
f 1420//548 1408//549 1407//549
f 1421//58 1422//58 1423//58
f 1041//58 1040//58 1424//58
f 1425//560 1426//540 1427//563
f 1428//540 1429//560 1217//560
f 1082//555 1264//541 1263//541
f 1430//58 527//58 1431//58
f 491//58 1432//58 1433//58
f 1391//557 1299//556 1298//556
f 1434//58 1435//58 1436//58
f 950//547 1437//557 1068//557
f 1438//551 1439//542 771//542
f 496//58 1440//58 1441//58
f 1442//547 775//544 774//544
f 1443//58 504//58 1444//58
f 1277//539 937//558 936//558
f 1445//58 1039//58 1446//58
f 492//58 1447//58 1246//58
f 1290//560 1125//561 1124//561
f 1448//58 500//58 998//58
f 649//58 523//58 1449//58
f 408//58 1283//58 1450//58
f 408//58 1451//58 494//58
f 494//58 1451//58 1452//58
f 494//58 1452//58 1453//58
f 494//58 1454//58 417//58
f 881//58 505//58 403//58
f 1455//550 669//535 668//535
f 1456//58 1457//58 511//58
f 1170//58 530//58 1458//58
f 1459//58 1460//58 1461//58
f 1462//58 849//58 506//58
f 1463//58 1464//58 1465//58
f 1466//58 1467//58 1468//58
f 1469//58 1470//58 987//58
f 1471//58 1472//58 1473//58
f 589//555 1474//541 590//541
f 1475//58 1476//58 1477//58
f 1186//551 1478//542 1479//542
f 1480//555 1481//541 1482//541
f 1483//58 913//58 915//58
f 1484//58 513//58 426//58
f 493//58 1259//58 1485//58
f 596//548 1486//549 597//549
f 1204//58 1206//58 1207//58
f 632//544 577//543 1007//543
f 1487//58 986//58 514//58
f 1488//548 1350//549 1349//549
f 1489//547 1490//557 1250//557
f 1491//58 516//58 486//58
f 1492//58 1493//58 1311//58
f 1494//563 542//560 1235//560
f 1495//550 1496//535 1497//535
f 1498//58 1344//58 1499//58
f 1500//539 1501//558 1502//558
f 526//58 1503//58 1135//58
f 1504//540 1505//560 1506//560
f 1507//555 792//559 791//559
f 1508//550 695//535 694//535
f 1509//548 1510//549 1511//549
f 1512//58 502//58 1384//58
f 1513//58 1514//58 823//58
f 1515//558 1516//539 1517//539
f 1518//58 1519//58 844//58
f 872//551 1520//542 899//542
f 1521//58 486//58 705//58
f 1522//543 1523//544 1524//544
f 1525//537 1526//538 1130//538
f 748//550 1527//551 1438//551
f 1528//58 1529//58 510//58
f 752//557 1530//556 1531//556
f 1532//58 1436//58 1533//58
f 1435//58 1151//58 1165//58
f 1044//556 1534//557 1018//557
f 1080//58 1535//58 1078//58
f 705//58 518//58 682//58
f 1414//58 429//58 686//58
f 1536//540 1537//560 1538//560
f 1539//555 1540//559 1541//559
f 1542//555 1543//559 1544//559
f 1545//58 513//58 1366//58
f 435//58 1097//58 1546//58
f 528//58 1547//58 1548//58
f 521//58 1549//58 938//58
f 739//58 1550//58 1551//58
f 1492//58 777//58 776//58
f 1423//58 1552//58 1421//58
f 500//58 1553//58 997//58
f 1491//58 722//58 516//58
f 754//58 516//58 721//58
f 776//58 778//58 1396//58
f 1554//547 1524//544 1523//544
f 1462//58 506//58 512//58
f 907//547 1555//557 948//557
f 1556//58 764//58 1557//58
f 1558//552 1559//543 1522//543
f 969//540 789//539 788//539
f 1560//58 1561//58 1562//58
f 422//58 1563//58 1564//58
f 544//539 1565//558 545//558
f 521//58 1566//58 1549//58
f 426//58 1470//58 1567//58
f 843//553 1568//561 1569//561
f 499//58 1570//58 1571//58
f 1572//536 552//535 1113//535
f 462//58 1573//58 1014//58
f 1574//58 1575//58 681//58
f 1461//58 1576//58 1577//58
f 1578//58 1579//58 1459//58
f 1580//58 1581//58 1327//58
f 1582//58 517//58 753//58
f 491//58 1433//58 1583//58
f 522//58 1584//58 518//58
f 1585//537 1586//556 1587//556
f 1588//58 1339//58 1229//58
f 423//58 1329//58 1589//58
f 1386//58 407//58 495//58
f 421//58 1563//58 422//58
f 496//58 1590//58 1440//58
f 1591//58 1592//58 1593//58
f 583//538 1594//553 558//553
f 1595//559 587//558 1271//558
f 1596//540 1597//560 1598//560
f 462//58 1599//58 1573//58
f 1600//559 1601//558 1602//558
f 493//58 1485//58 1603//58
f 1565//558 546//559 545//558
f 507//58 1604//58 1215//58
f 526//58 1605//58 1503//58
f 1606//559 1607//558 1608//558
f 1609//560 1129//561 1128//561
f 1610//555 1611//541 1612//541
f 1613//550 855//535 854//535
f 1614//559 563//558 1615//558
f 648//546 652//552 651//552
f 423//58 489//58 1140//58
f 1616//567 1107//565 1617//568
f 1059//546 1618//552 1171//552
f 1619//569 1202//58 1620//570
f 1621//559 1502//558 1501//558
f 1506//560 1622//561 1623//561
f 1624//58 799//58 1175//58
f 557//546 1625//552 532//552
f 823//58 822//58 1513//58
f 1427//563 1517//539 1516//539
f 1626//561 1627//553 1628//553
f 847//58 525//58 409//58
f 847//58 409//58 845//58
f 1629//558 1540//559 1630//558
f 1538//560 1631//561 1632//561
f 612//58 611//58 1633//58
f 565//555 994//541 566//541
f 1634//539 1596//540 1635//539
f 1598//560 1636//561 1637//561
f 1599//58 983//58 1638//58
f 690//58 691//58 403//58
f 782//58 497//58 1369//58
f 1413//58 1639//58 1345//58
f 1640//537 742//556 741//556
f 1641//58 1642//58 1643//58
f 1312//58 1644//58 777//58
f 737//58 1491//58 486//58
f 1091//58 844//58 409//58
f 1645//545 1646//549 1647//549
f 1648//536 1053//535 1052//535
f 1649//58 485//58 649//58
f 1650//58 1651//58 1592//58
f 1652//58 1499//58 1651//58
f 476//58 1457//58 509//58
f 1653//58 479//58 481//58
f 1099//58 498//58 435//58
f 1431//58 527//58 1575//58
f 1355//542 1139//541 1138//541
f 1654//542 548//541 1655//541
f 543//540 1656//539 544//539
f 1386//58 1657//58 1658//58
f 1659//58 529//58 528//58
f 1334//546 1660//552 972//552
f 976//58 1553//58 432//58
f 1661//58 1662//58 1469//58
f 417//58 1328//58 1259//58
f 1663//58 1533//58 763//58
f 1343//544 1664//547 1389//547
f 487//58 1665//58 1126//58
f 507//58 1666//58 834//58
f 489//58 1667//58 1668//58
f 1669//538 1670//553 1671//553
f 1672//551 1673//542 1674//542
f 1168//561 884//553 883//553
f 599//546 1045//552 600//552
f 508//58 1575//58 527//58
f 1675//58 1676//571 1677//572
f 407//58 1678//58 1283//58
f 1496//535 1679//536 1497//535
f 701//543 1680//544 706//544
f 1681//58 1682//58 505//58
f 811//557 1683//556 1684//556
f 1306//560 1569//561 1568//561
f 536//557 1183//556 537//556
f 1685//58 1347//58 1346//58
f 1686//58 1687//58 1688//58
f 885//58 1078//58 951//58
f 1689//537 1690//556 1691//556
f 490//58 1692//58 1693//58
f 1694//58 1593//58 806//58
f 1695//555 1696//541 1697//541
f 1698//58 524//58 1699//58
f 1700//58 1701//58 1228//58
f 1229//58 1339//58 1227//58
f 1528//58 498//58 1702//58
f 1703//58 1704//58 1705//58
f 554//548 1323//549 555//549
f 1706//58 1707//58 512//58
f 1708//58 523//58 1448//58
f 1688//58 1709//58 1574//58
f 421//58 1557//58 1710//58
f 1234//542 1697//541 1696//541
f 495//58 1711//58 1385//58
f 495//58 1441//58 1711//58
f 806//58 805//58 1694//58
f 1699//58 505//58 1682//58
f 1712//58 485//58 1649//58
f 407//58 1658//58 1678//58
f 515//58 1713//58 1176//58
f 1108//566 1714//58 1715//573
f 498//58 1716//58 1702//58
f 504//58 1566//58 521//58
f 1383//58 1717//58 1384//58
f 1638//58 983//58 985//58
f 528//58 1548//58 1659//58
f 528//58 1022//58 1547//58
f 1718//552 1719//543 862//543
f 1038//58 1720//58 1471//58
f 1721//550 1722//535 1723//535
f 1189//546 1724//552 1718//552
f 426//58 987//58 1470//58
f 1487//58 529//58 1725//58
f 1240//544 1726//547 1489//547
f 725//549 1727//545 1132//545
f 1728//58 1729//58 1730//58
f 1731//58 1730//58 1732//58
f 1733//58 1074//58 1102//58
f 1135//58 1336//58 531//58
f 1177//58 526//58 515//58
f 1734//537 605//556 1248//556
f 417//58 1454//58 1278//58
f 1735//537 1736//538 882//538
f 816//58 1466//58 817//58
f 913//58 1468//58 1467//58
f 1737//58 1738//58 1739//58
f 1740//58 1741//58 1657//58
f 1742//542 1743//541 1744//541
f 654//542 1612//541 1611//541
f 1134//546 1745//552 1558//552
f 1746//58 1714//58 1108//566
f 1671//553 1623//561 1622//561
f 1747//540 1748//539 1500//539
f 497//58 1582//58 1370//58
f 1603//58 414//58 493//58
f 1674//542 1749//541 1750//541
f 984//58 502//58 1512//58
f 750//546 1751//552 756//552
f 1752//58 1725//58 529//58
f 1753//560 1754//561 1626//561
f 1358//538 1755//553 1756//553
f 1756//553 1632//561 1631//561
f 1757//540 1758//539 1759//539
f 1759//539 1629//558 1630//558
f 1424//58 813//58 1041//58
f 1374//58 525//58 846//58
f 1760//58 965//58 964//58
f 488//58 1218//58 487//58
f 1653//58 1458//58 530//58
f 558//553 1761//561 559//561
f 490//58 1693//58 1095//58
f 1529//58 686//58 510//58
f 1762//58 1763//58 1764//58
f 1765//58 1764//58 1701//58
f 1766//58 1473//58 1472//58
f 1476//58 1767//58 1733//58
f 488//58 1768//58 1769//58
f 1479//542 1482//541 1481//541
f 834//58 1604//58 507//58
f 1705//58 1770//58 832//58
f 1483//58 1771//58 1703//58
f 893//538 1772//553 955//553
f 1773//555 546//559 1774//559
f 1545//58 1706//58 512//58
f 1707//58 1462//58 512//58
f 1419//58 1775//58 1580//58
f 1160//58 1776//58 1417//58
f 1777//545 597//549 1486//549
f 1778//550 1779//551 1232//551
f 1780//58 1209//58 1204//58
f 1375//58 1781//58 503//58
f 1782//58 1780//58 1738//58
f 1205//58 1191//58 1203//58
f 1783//536 1784//548 1488//548
f 1020//58 942//58 1037//58
f 1785//536 1723//535 1722//535
f 1786//555 564//559 1614//559
f 563//558 1787//539 1615//558
f 561//540 1787//539 562//539
f 1788//540 560//560 1789//560
f 1790//58 1446//58 1552//58
f 1791//555 588//559 1595//559
f 1675//58 1152//58 1792//58
f 1344//58 524//58 1698//58
f 1793//58 1119//58 1514//58
f 1679//536 1794//548 1110//548
f 1795//58 1169//58 1796//58
f 909//58 690//58 519//58
f 1797//545 657//549 656//549
f 1265//551 591//542 1798//542
f 1031//542 1799//541 1800//541
f 1801//537 1802//538 1803//538
f 1804//58 1805//58 1760//58
f 783//58 1456//58 511//58
f 1806//537 1807//538 1253//538
f 1808//536 1809//548 1509//548
f 1810//536 1811//535 977//535
f 885//58 887//58 1079//58
f 429//58 1416//58 1029//58
f 499//58 1713//58 515//58
f 1535//58 1493//58 1492//58
f 1812//545 831//549 830//549
f 1789//560 559//561 1761//561
f 1382//557 1691//556 1690//556
f 1813//555 1814//541 1815//541
f 1816//555 1817//559 1600//559
f 1634//539 1818//558 1819//558
f 1820//58 1796//58 1118//58
f 1821//555 1744//541 1743//541
f 679//551 1822//542 1742//542
f 1823//555 1824//559 1606//559
f 1825//536 1826//548 829//548
f 487//58 1219//58 1665//58
f 414//58 1447//58 492//58
f 1781//58 1827//58 503//58
f 1828//536 1829//548 826//548
f 1830//58 496//58 422//58
f 966//58 1620//570 1202//58
f 1544//559 1819//558 1818//558
f 1831//58 805//58 804//58
f 717//553 1637//561 1636//561
f 1643//58 1644//58 1312//58
f 1832//547 1833//557 740//557
f 1174//58 1397//58 1834//58
f 499//58 1215//58 1570//58
f 1170//58 519//58 530//58
f 527//58 1432//58 491//58
f 1835//539 1608//558 1607//558
f 1836//540 1837//539 1835//539
f 1556//58 421//58 1126//58
f 531//58 1337//58 1838//58
f 531//58 1838//58 1097//58
f 1406//538 1839//553 1123//553
f 874//551 549//542 1654//542
f 1840//545 1062//549 1061//549
f 1841//537 1842//538 715//538
f 1843//58 1732//58 1337//58
f 1551//58 1844//58 1641//58
f 504//58 1373//58 1444//58
f 1845//555 1846//559 1621//559
f 1847//550 1848//551 1353//551
f 1173//543 1849//544 1075//544
f 940//550 1850//551 1672//551
f 1589//58 488//58 423//58
f 992//551 1851//542 1852//542
f 1852//542 1815//541 1814//541
f 435//58 1546//58 1098//58
f 489//58 1411//58 1140//58
f 1853//555 1800//541 1799//541
f 1854//540 1855//539 1856//539
f 1449//58 523//58 1708//58
f 886//58 1857//58 887//58
f 1858//555 901//541 900//541
f 1195//557 1587//556 1586//556
f 507//58 1237//58 1666//58
f 738//58 486//58 1521//58
f 1859//58 1633//58 611//58
f 1609//560 1836//540 1860//560
f 1049//58 1861//58 1862//58
f 1861//58 1863//58 1862//58
f 1295//58 1862//58 1863//58
f 1864//546 1001//552 1000//552
f 1865//545 1866//546 1864//546
f 1867//545 1511//549 1510//549
f 1577//58 1868//58 1624//58
f 485//58 1578//58 1375//58
f 408//58 1450//58 1869//58
f 1870//555 1010//541 1009//541
f 508//58 1013//58 680//58
f 683//58 518//58 1584//58
f 761//548 1647//549 1646//549
f 1465//58 793//58 794//58
f 414//58 1871//58 1872//58
f 1873//537 1531//556 1530//556
f 547//555 1655//541 548//541
f 1803//538 1628//553 1627//553
f 1874//537 1875//538 1669//538
f 1856//539 1602//558 1601//558
f 426//58 1567//58 1484//58
f 1876//58 1739//58 1741//58
f 951//58 952//58 885//58
f 1877//58 522//58 1878//58
f 689//551 1879//542 699//542
f 1562//58 1880//58 1560//58
f 422//58 1564//58 1830//58
f 522//58 1827//58 1878//58
f 1881//555 1750//541 1749//541
f 491//58 1692//58 490//58
f 1798//542 590//541 1474//541
f 1109//58 1882//58 1883//58
f 1006//58 1024//58 824//58
f 1831//58 804//58 1882//58
f 963//58 931//58 903//58
f 923//58 903//58 902//58
f 927//58 925//58 928//58
f 1021//58 954//58 943//58
f 1021//58 1200//58 1199//58
f 1199//58 1340//58 1339//58
f 1884//58 1588//58 1885//58
f 1884//58 837//58 836//58
f 1767//58 1074//58 1733//58
f 1292//58 1475//58 1477//58
f 1886//537 1684//556 1683//556
f 797//58 1208//58 795//58
f 1371//58 918//58 920//58
f 845//574 853//575 847//576
f 1643//577 1559//578 1641//579
f 1036//580 1038//581 1471//582
f 1619//583 1058//584 1202//585
f 1886//586 1175//587 1174//588
f 1781//589 665//590 1827//591
f 1151//592 1136//593 1152//594
f 1042//595 966//596 965//597
f 1361//598 896//599 894//600
f 1552//601 1510//602 1421//603
f 1010//604 1573//605 1599//606
f 909//607 700//608 690//609
f 669//610 1344//611 1698//612
f 1103//613 913//614 1483//615
f 976//616 647//617 1553//618
f 644//619 1712//620 1649//621
f 632//622 1725//623 1752//624
f 1484//625 906//626 1365//627
f 783//628 1442//629 1456//630
f 1641//579 1745//631 1551//632
f 748//633 1582//634 753//635
f 1058//584 964//636 1202//585
f 1430//637 1264//638 1432//639
f 1175//587 810//640 1624//641
f 1827//591 1086//642 1878//643
f 1152//594 860//644 1792//645
f 894//600 898//646 610//647
f 966//596 1018//648 1050//649
f 1510//602 1717//650 1421//603
f 1285//651 1014//652 1573//605
f 690//609 684//653 691//654
f 913//614 1158//655 1468//656
f 1456//630 774//657 1457//658
f 1553//618 636//659 997//660
f 1712//620 1611//661 1579//662
f 1007//663 1487//664 1725//623
f 1365//627 1011//665 1366//666
f 1438//667 1370//668 1582//634
f 964//636 1647//669 1760//670
f 1166//671 887//672 1857//673
f 1432//639 1887//674 1433//675
f 1624//641 982//676 1577//677
f 860//644 1676//678 1792//645
f 1878//643 662//679 1877//680
f 1050//649 801//681 1861//682
f 1809//683 1384//684 1717//650
f 1015//685 1013//686 1014//652
f 1689//687 1685//688 1346//689
f 1490//690 1666//691 1237//692
f 1468//656 1163//693 1466//694
f 712//695 805//696 1842//697
f 1550//698 743//699 1844//700
f 1694//701 714//702 1591//703
f 997//660 638//704 998//705
f 1008//706 986//707 1487//664
f 1366//666 879//708 1545//709
f 774//657 509//710 1457//658
f 1089//711 1702//712 1716//713
f 887//672 883//714 1079//715
f 1378//716 1387//717 1376//718
f 904//719 623//720 902//721
f 1760//670 760//722 1804//723
f 1887//674 1583//724 1433//675
f 1577//677 1399//725 1461//726
f 629//727 1888//728 1676//678
f 1877//680 1088//729 1584//730
f 801//681 1863//731 1861//682
f 1384//684 977//732 1512//733
f 1691//734 1714//735 1685//688
f 1726//736 834//737 1666//691
f 1163//693 817//738 1466//694
f 743//699 1642//739 1844//700
f 1591//703 1211//740 1650//741
f 1209//742 1660//743 1205//744
f 998//705 634//745 1448//746
f 980//747 987//748 986//707
f 1648//749 1229//750 1228//751
f 1183//752 1605//753 1177//754
f 766//755 1528//756 1702//712
f 1359//757 1241//758 1360//759
f 1079//715 1736//760 1080//761
f 1116//762 1080//761 1736//760
f 1387//717 1316//763 1376//718
f 1561//764 1188//765 1562//766
f 872//767 1444//768 1373//769
f 1306//770 1790//771 1423//772
f 1116//762 1493//773 1889//762
f 1727//774 1491//775 737//776
f 1804//723 693//777 1687//778
f 902//721 1392//779 926//780
f 1081//781 1692//782 1583//724
f 1309//783 943//784 959//785
f 1399//725 1459//786 1461//726
f 762//787 1587//788 1663//789
f 1584//730 687//790 683//791
f 1296//792 1108//793 1888//728
f 803//794 1295//795 1863//731
f 1512//733 979//796 984//797
f 1714//735 1076//798 1715//799
f 1117//800 1530//801 1820//802
f 1797//803 1681//804 881//805
f 834//737 1388//806 832//807
f 1211//740 1652//808 1650//741
f 1448//746 639//809 1708//810
f 1660//743 1191//811 1205//744
f 987//748 1326//812 1469//813
f 1022//814 876//815 1547//816
f 1241//758 1401//817 1360//759
f 614//818 1364//819 1316//763
f 1568//820 1445//821 1790//771
f 877//822 1311//823 1493//773
f 724//824 722//825 1491//775
f 693//777 1709//826 1687//778
f 1692//782 1093//827 1693//828
f 1410//829 1578//830 1459//786
f 1108//793 1794//831 1746//832
f 999//833 1039//834 1295//795
f 1394//835 929//836 928//837
f 984//797 1002//838 985//839
f 681//840 1270//841 1574//842
f 1715//799 1849//843 1890//844
f 1530//801 1795//845 1820//802
f 656//846 1682//847 1681//804
f 832//807 1114//848 1705//849
f 1223//850 1498//851 1652//808
f 639//809 1449//852 1708//810
f 1469//813 1196//853 1661//854
f 1587//788 1532//855 1663//789
f 1335//856 1204//857 1207//858
f 857//859 1462//860 1707//861
f 1547//816 1023//862 1548//863
f 842//864 1040//865 1445//821
f 839//866 1312//867 1311//823
f 695//868 1575//869 1709//826
f 1093//827 1095//870 1693//828
f 1194//871 1434//872 1532//855
f 1379//873 1375//874 1578//830
f 1746//832 1891//875 1347//876
f 1039//834 1866//877 1446//878
f 985//839 1004//879 1638//880
f 619//881 953//882 929//836
f 1849//843 1892//883 1890//844
f 751//884 908//885 1795//845
f 1114//848 1703//886 1705//849
f 917//887 1699//888 1682//847
f 777//889 786//890 778//891
f 1386//892 1299//893 1740//894
f 1225//895 975//896 1498//851
f 641//897 649//898 1449//852
f 1661//854 1321//899 1473//900
f 1470//901 947//902 1567//903
f 848//904 849//905 1462//860
f 481//906 719//907 1653//908
f 1023//862 1659//909 1548//863
f 1363//910 1361//598 1402//911
f 1312//867 1523//912 1643//577
f 1197//913 1151//592 1434//872
f 1375//874 676//914 1781//589
f 1347//876 1496//915 1345//916
f 1446//878 1867//917 1552//601
f 621//918 958//919 953//882
f 1004//879 1599//606 1638//880
f 1172//920 1619//583 1892//883
f 908//885 1680//921 909//607
f 1047//922 1483//615 1703//886
f 667//923 1698//612 1699//888
f 1740//894 1390//924 1876//925
f 975//896 652//926 976//616
f 642//927 1649//621 649//898
f 1321//899 1471//582 1473//900
f 1567//903 1555//928 1484//625
f 971//929 1417//930 1419//931
f 827//932 794//933 849//905
f 631//934 1752//624 1659//909
f 1869//935 1198//936 1451//937
f 806//938 1629//939 804//940
f 1235//941 1570//942 1215//943
f 935//944 938//945 1549//946
f 874//947 914//948 1292//949
f 1293//950 1170//951 1458//952
f 1100//953 1608//954 1729//955
f 919//956 1501//957 920//957
f 1738//958 1798//959 1739//960
f 1672//961 1119//962 1118//963
f 1600//964 1328//965 1581//966
f 1279//967 1280//968 1327//969
f 1005//970 1637//971 1006//972
f 1020//973 993//974 1300//975
f 1789//976 1415//977 1762//978
f 1563//979 1122//980 1564//981
f 1315//982 1626//983 1377//984
f 1451//937 1281//985 1452//986
f 1629//939 1882//987 804//940
f 1570//942 1216//988 1571//989
f 721//990 746//991 754//992
f 1654//993 915//994 914//948
f 1729//955 1837//995 1730//996
f 1170//951 727//997 1169//998
f 1180//999 1126//1000 1665//1001
f 1503//1002 1149//1003 1135//1004
f 1501//957 942//1005 920//957
f 1798//959 1741//1006 1739//960
f 1674//1007 1514//1008 1119//962
f 1327//969 970//1009 1580//1010
f 1602//1011 1259//1012 1328//965
f 1688//1013 1772//1014 1686//1015
f 1637//971 1025//1016 1006//972
f 1664//1017 1782//1018 1737//1019
f 1300//975 994//1020 1200//1021
f 1761//1022 1416//1023 1415//977
f 1122//980 1830//1024 1564//981
f 1626//983 611//1025 1377//984
f 1837//995 1732//1026 1730//996
f 1281//985 1453//1027 1452//986
f 1882//987 1536//1028 1883//1029
f 1571//989 755//1030 1713//1031
f 915//994 1773//1032 1771//1033
f 611//1025 1802//1034 1859//1035
f 1126//1000 1368//1036 1556//1037
f 1748//1005 1037//1038 942//1005
f 1135//1004 1330//1039 1336//1040
f 1369//1041 1507//1042 782//1043
f 1750//1044 823//1045 1514//1008
f 1474//1046 1657//1047 1741//1006
f 1259//1012 1273//1048 1485//1049
f 1772//1014 1805//1050 1686//1015
f 994//1020 1201//1051 1200//1021
f 1416//1023 1032//1052 1029//1053
f 1830//1024 1244//1054 1590//1055
f 885//1056 1719//1057 886//1058
f 1282//1059 1454//1060 1453//1027
f 1883//1029 1538//1061 1073//1062
f 1713//1031 1182//1063 1176//1064
f 1096//1065 686//1066 1529//1067
f 1771//1033 1774//1068 1704//1069
f 1588//1070 1186//1071 1885//1072
f 1893//1073 1337//1074 1732//1026
f 1037//1038 1506//1075 1720//1076
f 1145//1077 1589//1078 1329//1079
f 823//1045 780//1080 825//1081
f 1791//1082 1658//1083 1657//1047
f 1485//1049 1260//1084 1603//1085
f 1542//1086 1576//1087 1460//1088
f 1786//1089 1340//1090 1201//1051
f 990//1091 1162//1092 815//1093
f 1590//1055 1256//1094 1440//1095
f 1658//1083 1271//1096 1678//1097
f 1499//1098 1742//1099 1651//1100
f 1538//1061 822//1101 1073//1062
f 686//1066 1034//1102 1414//1103
f 1704//1069 1565//1104 1770//1105
f 1751//1106 1894//1107 1895//1108
f 1885//1072 1479//1109 837//1110
f 1337//1074 1128//1111 1838//1112
f 1720//1076 1623//1113 1472//1114
f 1142//1115 1768//1116 1589//1078
f 731//1117 895//1118 612//1119
f 825//1081 1515//1120 1896//1121
f 1603//1085 1262//1122 1871//1123
f 689//1124 705//1125 682//1126
f 1614//1127 1227//1128 1340//1090
f 1667//1129 1124//1130 1668//1131
f 1256//1094 1441//1132 1440//1095
f 1162//1092 1852//1133 1776//1134
f 1232//1135 764//1136 763//1137
f 1271//1096 1283//1138 1678//1097
f 1742//1099 1592//1139 1651//1100
f 1632//1140 1513//1141 822//1101
f 1565//1104 833//1142 1770//1105
f 1479//1109 835//1143 837//1110
f 1838//1112 1131//1144 1097//1145
f 1150//1146 1728//1147 1731//1148
f 1472//1114 1670//1149 1766//1150
f 940//1151 1169//998 727//997
f 895//1118 1800//1152 1400//1153
f 1518//1154 789//1155 1880//1156
f 1515//1120 931//1157 1896//1121
f 1160//1158 1777//1159 1208//1160
f 1871//1123 1254//1161 1872//1162
f 1778//1163 1436//1164 1722//1165
f 699//1166 1521//1167 705//1125
f 1227//1128 1787//1168 1700//1169
f 1668//1131 1839//1170 1412//1171
f 1258//1172 1711//1173 1441//1132
f 870//1174 846//1175 855//1176
f 1776//1134 1814//1177 1418//1178
f 1234//1179 1557//1180 764//1136
f 1283//1138 1287//1181 1450//1182
f 1744//1183 1593//1184 1592//1139
f 1513//1141 1357//1185 1793//1186
f 867//1187 1099//1188 1098//1189
f 710//1190 1834//1191 1396//1192
f 901//1193 1566//1194 1443//1195
f 833//1142 1494//1196 1604//1197
f 1481//1198 1074//1199 835//1143
f 1097//1145 1526//1200 1546//1201
f 702//1202 1247//1203 1246//1204
f 1670//1149 1662//1205 1766//1150
f 1322//1206 1101//1207 1728//1147
f 1400//1153 1845//1208 1403//1209
f 1640//1210 793//1211 1464//1212
f 931//1157 1426//1213 1317//1214
f 1872//1162 1807//1215 1447//1216
f 1208//1160 1486//1217 795//1218
f 799//1219 1596//1220 800//1221
f 697//1222 738//1223 1521//1167
f 1192//1224 1350//1225 1291//1226
f 1700//1169 1788//1227 1765//1228
f 1412//1171 1405//1229 1639//1230
f 659//1231 1385//1232 1711//1173
f 1696//1233 1710//1234 1557//1180
f 1812//1235 844//1236 1519//1237
f 1418//1178 1816//1238 1775//1239
f 789//1155 1560//1240 1880//1156
f 1450//1182 1284//1241 1869//935
f 1539//1242 806//938 1593//1184
f 1780//1243 1265//1244 1738//958
f 1061//1245 1701//1246 1764//1247
f 873//1248 1292//949 1477//1248
f 1251//1249 1549//946 1566//1194
f 1494//1196 1215//943 1604//1197
f 1074//1199 1606//1250 1100//953
f 1845//1208 919//956 1403//1209
f 1350//1225 1165//1251 1291//1226
f 1317//1214 1753//1252 1315//982
f 1248//1253 1279//967 1278//1254
f 795//1218 1331//1255 796//1256
f 800//1221 1598//1257 1005//970
f 1765//1228 1789//976 1762//978
f 1710//1234 1120//1258 1563//979
f 1816//1238 1581//966 1775//1239
f 729//1259 612//1119 1633//1260
f 1533//1261 1232//1135 763//1137
f 1802//1034 1464//1212 1859//1035
f 1734//1262 1278//1254 1454//1060
f 1546//1201 867//1187 1098//1189
f 1796//1263 1672//961 1118//963
f 1447//1216 702//1202 1246//1204
f 1437//1264 952//1265 812//1266
f 794//933 1372//1267 1465//1268
f 754//992 748//633 753//635
f 1431//1269 1070//1270 1430//637
f 1174//588 808//1271 1886//586
f 965//597 892//1272 1042//595
f 961//1273 959//785 958//919
f 1496//915 1413//1274 1345//916
f 1769//1275 1428//1276 1218//1277
f 1390//924 1737//1019 1876//925
f 1784//1278 1435//1279 1165//1251
f 1763//1280 1061//1245 1764//1247
f 1045//1281 1160//1158 1417//930
f 1843//1282 1150//1146 1731//1148
f 930//1283 922//1284 888//1285
f 968//1286 1857//673 1560//1240
f 949//1287 885//1056 952//1265
f 847//576 855//1176 846//1175
f 938//945 1276//1288 1383//1289
f 1465//1268 1302//1290 1463//1291
f 704//1292 1237//692 1247//1203
f 1344//611 679//1293 1499//1098
f 738//1223 852//1294 1550//698
f 1847//1295 1411//1296 1413//1274
f 1218//1277 1217//1297 1219//1298
f 1435//1279 1722//1165 1436//1164
f 995//1299 1020//973 1038//581
f 869//1300 1716//713 1099//1188
f 610//647 1408//1301 1378//716
f 1383//1289 1304//1302 1422//1303
f 932//1304 918//1305 1371//1306
f 932//1304 944//1307 617//1308
f 1302//1290 1633//1260 1463//1291
f 1745//631 739//1309 1551//632
f 926//780 1319//1310 924//1311
f 943//784 617//1308 944//1307
f 716//1312 805//696 1025//1016
f 691//654 671//1313 692//1314
f 1346//689 1405//1229 1689//687
f 1353//1315 1140//1316 1411//1296
f 1217//1297 1665//1001 1219//1298
f 1342//1317 1209//742 1782//1018
f 1579//662 1542//1086 1460//1088
f 1352//1318 1228//751 1701//1246
f 1182//1063 1177//754 1176//1064
f 918//1305 1897//1319 1359//757
f 886//1058 1724//1320 1561//764
f 870//1174 1373//769 1374//1321
f 1422//1303 1306//770 1423//772
f 739//1309 1727//774 737//776
f 771//1322 1369//1041 1370//668
f 1319//1310 925//1323 924//1311
f 1013//686 1026//1324 680//1325
f 671//1313 881//805 692//1314
f 1140//1316 1138//1326 1141//1327
f 1545//709 865//1328 1706//1329
f 509//710 1751//1106 1895//1108
f 1323//1330 1102//1331 1101//1207
f 875//1332 1029//1053 1032//1052
f 1585//1333 1556//1037 1368//1036
f 1409//1334 928//837 925//1323
f 1026//1324 681//840 680//1325
f 1873//1335 1793//1186 1357//1185
f 1054//1336 815//1093 817//738
f 745//1337 1644//1338 1642//739
f 1141//1327 1145//1077 1329//1079
f 1544//1339 1868//1340 1576//1087
f 1229//750 1184//1341 1588//1070
f 1331//1255 1207//858 796//1256
f 865//1328 1707//861 1706//1329
f 1148//1342 1503//1002 1605//753
f 1102//1331 1572//1343 1733//1344
f 1072//1345 1529//1067 1528//756
f 1188//765 1519//1237 1562//766
f 899//1346 1443//1195 1444//768
f 782//1043 791//1347 1091//1348
f 687//790 682//1126 683//791
f 819//1349 777//889 1644//1338
f 1191//811 1348//1350 1192//1224
f 1818//1351 799//1219 1868//1340
f 930//1283 890//1352 904//719
f 749//1353 481//906 1894//1107
f 1733//1344 1113//1354 1476//1355
f 626//1356 1402//911 1401//817
f 1424//1357 912//1358 814//1359
f 910//1360 1040//865 989//1361
f 722//825 734//1362 721//990
f 791//1347 1518//1154 1091//1348
f 1574//842 956//1363 1688//1013
f 1386//892 1267//1364 1297//1365
f 1470//901 1875//1366 945//1367
f 970//1009 1419//931 1580//1010
f 1204//857 1155//1368 1780//1243
f 1476//1355 873//1248 1477//1248
f 814//1359 1437//1264 812//1266
f 844//1236 1826//1369 845//574
f 1575//869 1065//1370 1431//1269
f 1288//1371 1667//1129 1095//870
f 741//1372 783//628 793//1211
f 1768//1116 1314//1373 1769//1275
f 778//891 710//1190 1396//1192
f 1330//1039 1843//1282 1336//1040
f 719//907 1458//952 1653//908
f 1414//1103 1840//1374 1763//1280
f 1242//547 1897//557 1362//557
f 469//1375 480//1376 479//1377
f 472//1378 501//502 480//1376
f 1894//58 480//58 501//58
f 10//459 471//458 473//462
f 1898//1379 1899//1380 1900//1379
f 1901//1381 798//1382 824//1383
f 1902//1384 1397//1385 798//1382
f 1902//1384 776//1386 1397//1385
f 1903//1387 1492//1388 776//1386
f 1904//1389 1535//1390 1492//1388
f 1904//1389 1078//1391 1535//1390
f 1905//1392 951//1393 1078//1391
f 1906//1394 813//1395 951//1393
f 1907//1396 1041//1397 813//1395
f 1907//1396 1862//1398 1041//1397
f 1908//1399 1049//1400 1862//1398
f 1909//1401 1620//1402 1049//1400
f 1910//1403 1911//1404 1912//1404
f 1913//1405 1914//1406 1915//1405
f 1915//1405 1901//1407 1913//1405
f 1916//1408 1917//1409 1918//1408
f 1909//1410 1919//1411 1920//1410
f 1921//1409 1922//1380 1917//1409
f 1923//1403 1914//1406 1924//1406
f 1909//1401 1616//1412 1620//1402
f 1925//1413 1926//1414 1616//1412
f 1927//1415 1677//1416 1926//1414
f 1928//1417 1929//1418 1927//1417
f 1927//1417 1930//1419 1928//1417
f 1931//1420 1932//1421 1933//1421
f 1905//1422 1934//1423 1935//1422
f 1932//1421 1936//1424 1933//1421
f 1907//1425 1937//1426 1938//1425
f 1939//1427 1940//1428 1941//1427
f 1942//1429 1918//1408 1943//1429
f 1906//1426 1935//1422 1937//1426
f 1908//1411 1938//1425 1919//1411
f 1925//1419 1920//1410 1930//1419
f 1929//1430 1675//1431 1677//1416
f 1929//1430 1153//1432 1675//1431
f 1931//1433 1190//1434 1153//1432
f 1933//1435 1203//1436 1190//1434
f 1933//1435 1206//1437 1203//1436
f 1936//1438 797//1439 1206//1437
f 1944//1440 1161//1441 797//1439
f 1945//1442 816//1443 1161//1441
f 1945//1442 1467//1444 816//1443
f 1946//1445 1156//1446 1467//1444
f 1947//1447 1475//1448 1156//1446
f 1947//1447 1767//1449 1475//1448
f 1941//1450 836//1451 1767//1449
f 1940//1452 1884//1453 836//1451
f 1943//1454 1339//1455 1884//1453
f 1948//1456 1904//1423 1903//1456
f 1941//1427 1949//1457 1939//1427
f 1902//1458 1950//1407 1951//1458
f 1947//1457 1952//1459 1949//1457
f 1903//1456 1951//1458 1948//1456
f 1911//1404 1900//1379 1912//1404
f 1953//1424 1944//1460 1936//1424
f 1954//1420 1929//1418 1955//1418
f 1956//1428 1943//1429 1940//1428
f 1945//1461 1957//1460 1958//1461
f 1958//1461 1946//1459 1945//1461
f 1913//1462 824//1383 1024//1463
f 1924//1464 1024//1463 1831//1465
f 1924//1464 1831//1465 1109//1466
f 1923//1467 1109//1466 821//1468
f 1911//1469 821//1468 963//1470
f 1911//1469 963//1470 903//1471
f 1898//1472 903//1471 923//1473
f 1922//1474 923//1473 927//1475
f 1917//1476 927//1475 954//1477
f 1917//1476 954//1477 1021//1478
f 1918//1479 1021//1478 1199//1480
f 1943//1454 1199//1480 1339//1455
f 1901//1381 824//1383 1913//1462
f 1902//1384 798//1382 1901//1381
f 1903//1387 776//1386 1902//1384
f 1904//1389 1492//1388 1903//1387
f 1905//1392 1078//1391 1904//1389
f 1906//1394 951//1393 1905//1392
f 1907//1396 813//1395 1906//1394
f 1908//1399 1862//1398 1907//1396
f 1909//1401 1049//1400 1908//1399
f 1925//1413 1616//1412 1909//1401
f 1927//1415 1926//1414 1925//1413
f 1929//1430 1677//1416 1927//1415
f 1931//1433 1153//1432 1929//1430
f 1933//1435 1190//1434 1931//1433
f 1936//1438 1206//1437 1933//1435
f 1944//1440 797//1439 1936//1438
f 1945//1442 1161//1441 1944//1440
f 1946//1445 1467//1444 1945//1442
f 1947//1447 1156//1446 1946//1445
f 1941//1450 1767//1449 1947//1447
f 1940//1452 836//1451 1941//1450
f 1943//1454 1884//1453 1940//1452
f 1913//1462 1024//1463 1924//1464
f 1924//1464 1109//1466 1923//1467
f 1923//1467 821//1468 1911//1469
f 1911//1469 903//1471 1898//1472
f 1898//1472 923//1473 1922//1474
f 1922//1474 927//1475 1917//1476
f 1917//1476 1021//1478 1918//1479
f 1918//1479 1199//1480 1943//1454
f 1948//1481 1959//1481 1951//1481
f 1950//1481 1960//1481 1915//1481
f 1921//1481 1961//1481 1916//1481
f 1932//1481 1962//1481 1963//1481
f 1919//1481 1964//1481 1938//1481
f 1952//1481 1965//1481 1958//1481
f 1920//1481 1966//1481 1919//1481
f 1938//1481 1967//1481 1937//1481
f 1914//1481 1960//1481 1968//1481
f 1950//1481 1959//1481 1969//1481
f 1910//1481 1970//1481 1912//1481
f 1955//1481 1971//1481 1928//1481
f 1914//1481 1972//1481 1910//1481
f 1956//1481 1973//1481 1939//1481
f 1932//1481 1974//1481 1954//1481
f 1935//1481 1975//1481 1934//1481
f 1954//1481 1976//1481 1955//1481
f 1912//1481 1977//1481 1900//1481
f 1930//1481 1971//1481 1978//1481
f 1939//1481 1979//1481 1949//1481
f 1934//1481 1980//1481 1948//1481
f 1930//1481 1981//1481 1920//1481
f 1937//1481 1982//1481 1935//1481
f 1899//1481 1983//1481 1921//1481
f 1949//1481 1984//1481 1952//1481
f 1899//1481 1977//1481 1985//1481
f 1916//1481 1986//1481 1942//1481
f 1957//1481 1962//1481 1953//1481
f 1942//1481 1987//1481 1956//1481
f 1957//1481 1965//1481 1988//1481
f 1989//1482 1890//1483 1892//569
f 1990//1484 1991//1485 1992//1484
f 1993//1486 1994//1487 1995//1486
f 1996//1423 1997//1488 1998//1423
f 1999//1489 2000//1490 2001//1489
f 2002//1485 2003//1491 1991//1485
f 2004//1492 2005//1493 2006//1492
f 2007//1494 2008//1495 2009//1494
f 2010//1496 2011//1497 2012//1496
f 2013//1498 2014//1499 2015//1498
f 2016//1499 2017//1500 2014//1499
f 2018//1501 2019//1500 2020//1501
f 2021//1457 2022//1502 2023//1457
f 2024//1503 2025//1502 2026//1503
f 2010//1496 2000//1490 2027//1490
f 2028//1504 2029//1505 2030//1504
f 2015//1498 2023//1457 2013//1498
f 2020//1501 2006//1492 2018//1501
f 2031//1506 2032//1507 2033//1507
f 2001//1489 1998//1423 1999//1489
f 2034//1493 2035//1491 2005//1493
f 2031//1506 2036//1488 2037//1506
f 2030//1504 2038//1487 2028//1504
f 2009//1494 2039//1497 2007//1494
f 2040//1505 2026//1503 2029//1505
f 1992//1484 2032//1507 1990//1484
f 2041//1495 1995//1486 2008//1495
f 2042//58 2043//58 2044//58
f 2044//58 2045//58 2046//58
f 2046//58 2047//58 2048//58
f 2048//58 2049//58 2050//58
f 2050//58 2051//58 2052//58
f 2052//58 2053//58 2054//58
f 2054//58 2055//58 2056//58
f 2056//58 2057//58 2058//58
f 2058//58 2059//58 2060//58
f 2060//58 2061//58 2062//58
f 2062//58 2063//58 2064//58
f 2064//58 2065//58 2066//58
f 2066//58 2067//58 2042//58
f 2042//58 2044//58 2046//58
f 2046//58 2048//58 2050//58
f 2050//58 2052//58 2054//58
f 2054//58 2056//58 2058//58
f 2058//58 2060//58 2062//58
f 2062//58 2064//58 2066//58
f 2066//58 2042//58 2046//58
f 2046//58 2050//58 2054//58
f 2054//58 2058//58 2062//58
f 2062//58 2066//58 2046//58
f 2046//58 2054//58 2062//58
f 2032//1508 2056//1509 1990//1509
f 2009//1510 2066//1511 2065//1510
f 2059//1512 1996//1513 2060//1513
f 2002//1514 2056//1509 2055//1514
f 2009//1510 2064//1515 2011//1515
f 2001//1516 2060//1513 1996//1513
f 2021//1517 2048//1518 2047//1517
f 1994//1519 2043//1520 2042//1519
f 2021//1517 2046//1521 2025//1521
f 2006//1522 2053//1523 2052//1522
f 2017//1524 2049//1525 2014//1525
f 2005//1523 2054//1526 2053//1523
f 2000//1527 2063//1528 2062//1527
f 2029//1529 2045//1530 2044//1529
f 2018//1531 2050//1524 2017//1524
f 2006//1522 2051//1531 2018//1531
f 2015//1518 2049//1525 2048//1518
f 2001//1516 2062//1527 2061//1516
f 2029//1529 2043//1520 2030//1520
f 2032//1508 2058//1532 2057//1508
f 1995//1533 2066//1511 2008//1511
f 2002//1514 2054//1526 2035//1526
f 2012//1528 2064//1515 2063//1528
f 2037//1532 2059//1512 2058//1532
f 1994//1519 2067//1533 1995//1533
f 2025//1521 2045//1530 2026//1530
f 2068//1534 1617//568 2069//1535
f 1107//565 2070//1536 2069//1535
f 2070//1536 1107//565 2071//1537
f 2071//1537 1107//565 2072//1538
f 1107//565 2073//1539 2072//1538
f 1107//565 2074//1540 2075//1541
f 1107//565 2076//1542 2074//1540
f 1106//564 2077//1543 2076//1542
f 1106//564 2078//1544 2079//1545
f 1106//564 2080//1546 2078//1544
f 1106//564 2081//1547 2082//1548
f 1106//564 1989//1482 2083//1549
f 1617//568 1107//565 2069//1535
f 1989//1482 2084//1550 2085//1551
f 1617//568 2084//1550 1989//1482
f 1617//568 2086//1552 2087//1553
f 1617//568 2088//1554 2086//1552
f 2088//1554 1617//568 2089//1555
f 1617//568 2090//1556 2089//1555
f 1617//568 2068//1534 2090//1556
f 1107//565 2075//1541 2073//1539
f 1107//565 1106//564 2076//1542
f 1106//564 2079//1545 2077//1543
f 1106//564 2082//1548 2080//1546
f 1106//564 2083//1549 2081//1547
f 1989//1482 2091//1557 2092//1558
f 1989//1482 2085//1551 2093//1559
f 1617//568 2087//1553 2084//1550
f 1989//1482 2093//1559 2091//1557
f 1989//1482 2092//1558 2083//1549
f 2087//1560 2010//1561 2027//1562
f 2093//1563 2031//1564 2091//1565
f 2071//1566 2024//1530 2040//1567
f 2090//1568 1993//1569 2041//1570
f 2082//1571 1991//1572 2003//1573
f 2077//1574 2020//1575 2019//1576
f 2088//1577 2010//1561 2086//1578
f 2085//1579 1997//1580 2093//1563
f 2073//1581 2024//1530 2072//1530
f 2068//1582 2038//1583 1993//1569
f 2075//1584 2013//1585 2023//1586
f 2023//1586 2073//1581 2075//1584
f 2081//1587 1992//1588 1991//1572
f 2079//1589 2004//1590 2020//1575
f 2088//1577 2007//1510 2039//1591
f 2084//1592 1998//1593 2085//1579
f 2070//1594 2038//1583 2069//1595
f 2076//1596 2013//1585 2074//1597
f 2092//1598 1992//1588 2083//1599
f 2080//1600 2004//1590 2078//1601
f 2090//1568 2007//1510 2089//1510
f 2084//1592 2027//1562 1999//1602
f 2071//1566 2028//1603 2070//1594
f 2077//1574 2016//1604 2076//1596
f 2091//1565 2033//1605 2092//1598
f 2080//1600 2003//1573 2034//1606
f 1//1 2//1 3//2
f 5//3 6//4 7//4
f 10//5 11//6 12//6
f 403//347 505//348 404//348
f 13//7 14//8 15//8
f 18//9 19//10 20//10
f 22//11 23//12 24//12
f 26//13 27//14 28//14
f 406//349 441//350 407//350
f 409//351 525//352 410//352
f 29//15 30//16 31//16
f 33//17 34//17 35//18
f 38//19 39//20 40//20
f 42//21 43//22 44//22
f 36//353 17//513 412//354
f 46//23 47//24 48//24
f 414//356 492//357 415//357
f 417//358 493//359 418//359
f 420//360 438//361 421//361
f 423//362 488//363 424//363
f 426//364 513//365 427//365
f 429//366 528//367 430//367
f 432//368 500//369 433//369
f 435//370 498//371 436//371
f 66//372 52//399 425//373
f 420//375 100//421 102//376
f 439//378 16//382 15//379
f 441//381 67//509 16//382
f 82//383 76//386 442//384
f 54//388 110//406 416//389
f 411//391 23//534 22//392
f 37//394 40//533 446//395
f 445//393 22//392 80//397
f 52//399 51//422 449//400
f 55//401 54//388 415//390
f 451//403 88//426 96//404
f 110//406 43//508 418//407
f 84//408 82//383 443//385
f 42//410 112//415 453//411
f 444//387 76//386 75//413
f 454//414 75//413 86//417
f 31//419 84//408 452//409
f 440//380 15//379 100//421
f 51//422 32//473 457//423
f 438//377 102//376 104//424
f 49//25 50//26 51//26
f 455//418 86//417 88//426
f 8//427 7//504 459//428
f 431//430 20//444 108//431
f 33//433 36//353 413//355
f 4//2 3//2 34//17
f 36//18 35//18 18//9
f 54//27 55//28 56//28
f 58//29 59//30 60//30
f 61//31 62//32 63//32
f 444//435 983//435 462//436
f 80//397 90//530 463//437
f 98//438 8//427 460//429
f 78//440 106//474 465//441
f 467//445 106//474 27//446
f 433//447 27//446 26//448
f 434//449 26//448 59//450
f 404//452 58//495 64//453
f 11//455 472//461 469//456
f 474//463 471//503 475//464
f 477//466 45//460 48//467
f 478//468 48//467 1//469
f 4//471 33//433 428//434
f 32//473 31//419 456//420
f 461//432 108//431 72//475
f 436//476 72//475 71//477
f 483//479 92//497 94//480
f 485//482 503//483 466//483
f 486//484 516//485 463//485
f 487//486 421//361 438//361
f 488//363 487//486 458//486
f 489//487 423//362 425//362
f 490//488 489//487 449//487
f 491//489 490//488 457//488
f 492//357 507//517 450//490
f 493//359 414//356 416//356
f 494//491 417//358 419//358
f 408//349 494//491 453//491
f 441//350 439//492 495//492
f 496//493 495//492 439//492
f 497//494 409//351 411//351
f 468//451 59//450 58//495
f 65//33 49//25 52//25
f 16//7 67//34 68//34
f 70//36 71//36 72//35
f 74//38 75//38 76//37
f 77//39 78//39 7//4
f 498//371 510//496 461//496
f 79//40 80//40 22//11
f 81//41 73//37 76//37
f 64//31 58//29 57//29
f 422//360 496//493 440//493
f 437//478 71//477 92//497
f 83//42 84//42 31//16
f 81//41 82//41 84//42
f 85//43 86//43 75//38
f 88//44 86//43 85//43
f 90//45 80//40 79//40
f 92//46 71//36 70//36
f 94//47 92//46 91//46
f 499//498 515//499 447//499
f 500//369 523//500 467//500
f 1//469 4//471 427//472
f 10//5 9//5 46//23
f 24//12 23//12 96//48
f 97//49 98//49 90//45
f 5//3 8//3 98//49
f 50//26 29//15 32//15
f 99//50 100//50 15//8
f 101//51 102//51 100//50
f 103//52 104//52 102//51
f 103//52 65//33 66//33
f 37//19 94//47 93//47
f 105//53 106//53 78//39
f 27//14 106//53 105//53
f 2//1 1//1 48//24
f 87//44 95//48 96//48
f 108//54 20//10 19//10
f 39//20 56//28 55//28
f 110//55 54//27 53//27
f 43//22 110//55 109//55
f 111//56 112//56 42//21
f 111//56 68//34 67//34
f 25//13 60//30 59//30
f 475//501 471//458 45//460
f 501//502 473//1607 471//503
f 7//504 78//440 466//442
f 502//505 983//435 444//435
f 479//506 530//507 470//507
f 43//508 42//410 419//412
f 406//416 112//415 67//509
f 503//483 522//510 459//510
f 37//394 447//396 484//481
f 504//511 521//512 455//512
f 17//513 20//444 430//443
f 505//348 524//514 468//514
f 506//515 511//516 477//516
f 507//517 499//498 446//498
f 508//518 527//519 452//519
f 510//496 429//366 431//366
f 511//516 476//520 475//520
f 512//521 506//515 478//515
f 513//365 512//521 482//521
f 11//6 63//32 62//32
f 514//522 426//364 428//364
f 515//523 526//524 484//524
f 448//525 463//485 516//485
f 517//525 497//494 445//494
f 518//526 486//484 464//484
f 462//436 508//518 443//518
f 519//527 403//347 405//347
f 521//512 502//505 454//505
f 522//510 518//526 460//526
f 523//500 485//482 465//482
f 524//514 432//368 434//368
f 525//352 504//511 451//511
f 526//524 531//528 483//528
f 527//519 491//489 456//489
f 528//367 529//529 412//529
f 529//529 514//522 413//522
f 90//530 98//438 464//439
f 63//531 11//455 470//457
f 530//507 519//527 520//527
f 531//528 435//370 437//370
f 458//425 104//424 66//372
f 64//453 63//531 520//532
f 40//533 55//401 450//402
f 410//405 96//404 23//534
f 72//35 108//54 107//54
f 616//58 618//58 1308//58
f 1308//58 960//58 962//58
f 962//58 620//58 1393//58
f 1393//58 1395//58 1318//58
f 1318//58 1320//58 622//58
f 622//58 624//58 889//58
f 889//58 921//58 613//58
f 613//58 615//58 1420//58
f 1420//58 1407//58 897//58
f 897//58 1212//58 1214//58
f 1214//58 625//58 627//58
f 627//58 1242//58 1362//58
f 1362//58 933//58 616//58
f 616//58 1308//58 962//58
f 962//58 1393//58 1318//58
f 1318//58 622//58 889//58
f 889//58 613//58 1420//58
f 1420//58 897//58 1214//58
f 1214//58 627//58 1362//58
f 1362//58 616//58 962//58
f 962//58 1318//58 889//58
f 889//58 1420//58 1214//58
f 1214//58 1362//58 962//58
f 962//58 889//58 1214//58
f 1540//58 1821//58 1743//58
f 1743//58 1822//58 678//58
f 678//58 1455//58 668//58
f 668//58 916//58 655//58
f 655//58 657//58 670//58
f 670//58 672//58 685//58
f 685//58 701//58 706//58
f 706//58 708//58 752//58
f 752//58 1531//58 1356//58
f 1356//58 1358//58 1756//58
f 1756//58 1631//58 1537//58
f 1537//58 1757//58 1759//58
f 1759//58 1630//58 1540//58
f 1540//58 1743//58 678//58
f 678//58 668//58 655//58
f 655//58 670//58 685//58
f 685//58 706//58 752//58
f 752//58 1356//58 1756//58
f 1756//58 1537//58 1759//58
f 1759//58 1540//58 678//58
f 678//58 655//58 685//58
f 685//58 752//58 1756//58
f 1756//58 1759//58 678//58
f 678//58 685//58 1756//58
f 2094//58 1634//58 1819//58
f 1819//58 1543//58 1610//58
f 1610//58 1612//58 653//58
f 653//58 643//58 645//58
f 645//58 640//58 633//58
f 633//58 635//58 637//58
f 637//58 646//58 648//58
f 648//58 651//58 1226//58
f 1226//58 1224//58 1222//58
f 1222//58 1210//58 713//58
f 713//58 1841//58 715//58
f 715//58 717//58 1636//58
f 1636//58 1597//58 2094//58
f 2094//58 1819//58 1610//58
f 1610//58 653//58 645//58
f 645//58 633//58 637//58
f 637//58 648//58 1226//58
f 1226//58 1222//58 713//58
f 713//58 715//58 1636//58
f 1636//58 2094//58 1610//58
f 1610//58 645//58 637//58
f 637//58 1226//58 713//58
f 713//58 1636//58 1610//58
f 1610//58 637//58 713//58
f 711//58 785//58 818//58
f 818//58 820//58 744//58
f 744//58 859//58 851//58
f 851//58 696//58 698//58
f 698//58 1879//58 688//58
f 688//58 1087//58 661//58
f 661//58 663//58 664//58
f 664//58 666//58 673//58
f 673//58 675//58 1380//58
f 1380//58 1398//58 981//58
f 981//58 809//58 811//58
f 811//58 1684//58 807//58
f 807//58 709//58 711//58
f 711//58 818//58 744//58
f 744//58 851//58 698//58
f 698//58 688//58 661//58
f 661//58 664//58 673//58
f 673//58 1380//58 981//58
f 981//58 811//58 807//58
f 807//58 711//58 744//58
f 744//58 698//58 661//58
f 661//58 673//58 981//58
f 981//58 807//58 744//58
f 744//58 661//58 981//58
f 1832//58 740//58 742//58
f 742//58 1801//58 1803//58
f 1803//58 1627//58 1754//58
f 1754//58 1425//58 1427//58
f 1427//58 1516//58 779//58
f 779//58 781//58 1881//58
f 1881//58 1749//58 1673//58
f 1673//58 1850//58 939//58
f 939//58 2095//58 726//58
f 726//58 718//58 720//58
f 720//58 736//58 750//58
f 750//58 756//58 758//58
f 758//58 775//58 1832//58
f 1832//58 742//58 1803//58
f 1803//58 1754//58 1427//58
f 1427//58 779//58 1881//58
f 1881//58 1673//58 939//58
f 939//58 726//58 720//58
f 720//58 750//58 758//58
f 758//58 1832//58 1803//58
f 1803//58 1427//58 1881//58
f 1881//58 939//58 720//58
f 720//58 758//58 1803//58
f 1803//58 1881//58 720//58
f 1718//58 862//58 864//58
f 864//58 950//58 1068//58
f 1068//58 911//58 988//58
f 988//58 841//58 843//58
f 843//58 1569//58 1305//58
f 1305//58 1275//58 1277//58
f 1277//58 936//58 1252//58
f 1252//58 1858//58 900//58
f 900//58 1520//58 871//58
f 871//58 1613//58 854//58
f 854//58 1825//58 829//58
f 829//58 831//58 1187//58
f 1187//58 1189//58 1718//58
f 1718//58 864//58 1068//58
f 1068//58 988//58 843//58
f 843//58 1305//58 1277//58
f 1277//58 1252//58 900//58
f 900//58 871//58 854//58
f 854//58 829//58 1187//58
f 1187//58 1718//58 1068//58
f 1068//58 843//58 1277//58
f 1277//58 900//58 854//58
f 854//58 1187//58 1068//58
f 1068//58 1277//58 854//58
f 1193//58 1195//58 1586//58
f 1586//58 1367//58 1220//58
f 1220//58 1179//58 1181//58
f 1181//58 1429//58 1313//58
f 1313//58 1178//58 1143//58
f 1143//58 1146//58 1137//58
f 1137//58 1139//58 1354//58
f 1354//58 1848//58 1495//58
f 1495//58 1497//58 1679//58
f 1679//58 1110//58 1112//58
f 1112//58 628//58 630//58
f 630//58 861//58 768//58
f 768//58 770//58 1193//58
f 1193//58 1586//58 1220//58
f 1220//58 1181//58 1313//58
f 1313//58 1143//58 1137//58
f 1137//58 1354//58 1495//58
f 1495//58 1679//58 1112//58
f 1112//58 630//58 768//58
f 768//58 1193//58 1220//58
f 1220//58 1313//58 1137//58
f 1137//58 1495//58 1112//58
f 1112//58 768//58 1220//58
f 1220//58 1137//58 1112//58
f 761//58 1646//58 1057//58
f 1057//58 1059//58 1171//58
f 1171//58 1173//58 1075//58
f 1075//58 1077//58 1382//58
f 1382//58 1690//58 1404//58
f 1404//58 1406//58 1123//58
f 1123//58 1125//58 1289//58
f 1289//58 1092//58 1094//58
f 1094//58 1084//58 1083//58
f 1083//58 1082//58 1263//58
f 1263//58 1069//58 1064//58
f 1064//58 1508//58 694//58
f 694//58 759//58 761//58
f 761//58 1057//58 1171//58
f 1171//58 1075//58 1382//58
f 1382//58 1404//58 1123//58
f 1123//58 1289//58 1094//58
f 1094//58 1083//58 1263//58
f 1263//58 1064//58 694//58
f 694//58 761//58 1171//58
f 1171//58 1382//58 1123//58
f 1123//58 1094//58 1263//58
f 1263//58 694//58 1171//58
f 1171//58 1123//58 1263//58
f 725//58 1132//58 1134//58
f 1134//58 1558//58 1522//58
f 1522//58 1524//58 838//58
f 838//58 840//58 878//58
f 878//58 1735//58 882//58
f 882//58 884//58 1167//58
f 1167//58 967//58 969//58
f 969//58 788//58 790//58
f 790//58 792//58 1147//58
f 1147//58 772//58 1439//58
f 1439//58 1527//58 747//58
f 747//58 1341//58 733//58
f 733//58 723//58 725//58
f 725//58 1134//58 1522//58
f 1522//58 838//58 878//58
f 878//58 882//58 1167//58
f 1167//58 969//58 790//58
f 790//58 1147//58 1439//58
f 1439//58 747//58 733//58
f 733//58 725//58 1522//58
f 1522//58 878//58 1167//58
f 1167//58 790//58 1439//58
f 1439//58 733//58 1522//58
f 1522//58 1167//58 1439//58
f 1051//58 1053//58 1351//58
f 1351//58 1060//58 1062//58
f 1062//58 1033//58 1035//58
f 1035//58 1067//58 1071//58
f 1071//58 765//58 767//58
f 767//58 1090//58 868//58
f 868//58 1525//58 1130//58
f 1130//58 1127//58 1129//58
f 1129//58 1860//58 1836//58
f 1836//58 1835//58 1607//58
f 1607//58 1824//58 1480//58
f 1480//58 1482//58 1478//58
f 1478//58 1185//58 1051//58
f 1051//58 1351//58 1062//58
f 1062//58 1035//58 1071//58
f 1071//58 767//58 868//58
f 868//58 1130//58 1129//58
f 1129//58 1836//58 1607//58
f 1607//58 1480//58 1478//58
f 1478//58 1051//58 1062//58
f 1062//58 1071//58 868//58
f 868//58 1129//58 1607//58
f 1607//58 1478//58 1062//58
f 1062//58 868//58 1607//58
f 1846//58 1853//58 1799//58
f 1799//58 1030//58 730//58
f 730//58 1301//58 1303//58
f 1303//58 1828//58 826//58
f 826//58 828//58 856//58
f 856//58 858//58 866//58
f 866//58 880//58 905//58
f 905//58 907//58 948//58
f 948//58 946//58 1874//58
f 1874//58 1669//58 1671//58
f 1671//58 1622//58 1505//58
f 1505//58 1747//58 1500//58
f 1500//58 1502//58 1846//58
f 1846//58 1799//58 730//58
f 730//58 1303//58 826//58
f 826//58 856//58 866//58
f 866//58 905//58 948//58
f 948//58 1874//58 1671//58
f 1671//58 1505//58 1500//58
f 1500//58 1846//58 730//58
f 730//58 826//58 866//58
f 866//58 948//58 1671//58
f 1671//58 1500//58 730//58
f 730//58 866//58 1671//58
f 1159//58 1104//58 1046//58
f 1046//58 1048//58 1115//58
f 1115//58 1238//58 1240//58
f 1240//58 1489//58 1250//58
f 1250//58 703//58 1806//58
f 1806//58 1253//58 1255//58
f 1255//58 1261//58 1274//58
f 1274//58 1854//58 1856//58
f 1856//58 1601//58 1817//58
f 1817//58 1813//58 1815//58
f 1815//58 1851//58 991//58
f 991//58 1055//58 1164//58
f 1164//58 1157//58 1159//58
f 1159//58 1046//58 1115//58
f 1115//58 1240//58 1250//58
f 1250//58 1806//58 1255//58
f 1255//58 1274//58 1856//58
f 1856//58 1817//58 1815//58
f 1815//58 991//58 1164//58
f 1164//58 1159//58 1115//58
f 1115//58 1250//58 1255//58
f 1255//58 1856//58 1815//58
f 1815//58 1164//58 1115//58
f 1115//58 1255//58 1815//58
f 1027//58 1028//58 1016//58
f 1016//58 1286//58 1870//58
f 1870//58 1009//58 1003//58
f 1003//58 1294//58 978//58
f 978//58 1811//58 1808//58
f 1808//58 1509//58 1511//58
f 1511//58 1865//58 1864//58
f 1864//58 1000//58 1012//58
f 1012//58 802//58 1019//58
f 1019//58 1534//58 1043//58
f 1043//58 891//58 893//58
f 893//58 955//58 957//58
f 957//58 1269//58 1027//58
f 1027//58 1016//58 1870//58
f 1870//58 1003//58 978//58
f 978//58 1808//58 1511//58
f 1511//58 1864//58 1012//58
f 1012//58 1019//58 1043//58
f 1043//58 893//58 957//58
f 957//58 1027//58 1870//58
f 1870//58 978//58 1511//58
f 1511//58 1012//58 1043//58
f 1043//58 957//58 1870//58
f 1870//58 1511//58 1043//58
f 1349//58 1332//58 1334//58
f 1334//58 972//58 974//58
f 974//58 1343//58 1389//58
f 1389//58 1391//58 1298//58
f 1298//58 1266//58 658//58
f 658//58 660//58 1257//58
f 1257//58 1324//58 2096//58
f 2096//58 1243//58 1121//58
f 1121//58 1231//58 1695//58
f 1695//58 1697//58 1233//58
f 1233//58 1779//58 1721//58
f 1721//58 1723//58 1783//58
f 1783//58 1488//58 1349//58
f 1349//58 1334//58 974//58
f 974//58 1389//58 1298//58
f 1298//58 658//58 1257//58
f 1257//58 2096//58 1121//58
f 1121//58 1695//58 1233//58
f 1233//58 1721//58 1783//58
f 1783//58 1349//58 974//58
f 974//58 1298//58 1257//58
f 1257//58 1121//58 1233//58
f 1233//58 1783//58 974//58
f 974//58 1257//58 1233//58
f 613//535 922//535 614//536
f 616//537 932//537 617//538
f 619//539 1393//539 620//540
f 622//541 1392//541 623//542
f 625//543 1363//543 626//544
f 628//545 1296//545 629//546
f 631//547 579//547 578//544
f 633//536 639//536 634//548
f 636//545 646//545 637//549
f 639//536 633//536 640//535
f 642//550 645//550 643//551
f 641//535 640//535 645//550
f 646//545 636//545 647//546
f 650//543 1226//543 651//552
f 644//551 643//551 653//542
f 655//548 917//548 656//549
f 658//538 1267//538 659//553
f 661//535 1088//535 662//536
f 664//548 1086//548 665//549
f 667//536 916//536 668//535
f 670//554 1797//545 671//546
f 673//545 676//554 674//546
f 666//549 665//549 676//554
f 677//550 1455//550 678//551
f 672//546 671//546 684//552
f 687//550 1087//550 688//551
f 693//536 759//536 694//535
f 696//555 850//555 697//541
f 699//542 1879//542 698//541
f 685//552 684//552 700//543
f 702//537 1806//537 703//556
f 706//544 1680//544 707//547
f 709//538 808//538 710//553
f 712//537 1841//537 713//556
f 715//538 1842//538 716//553
f 718//548 1293//548 719//549
f 723//548 732//548 724//549
f 726//536 2095//535 727//535
f 729//550 1301//550 730//551
f 732//548 723//548 733//536
f 720//549 719//549 735//545
f 737//58 486//58 738//58
f 740//557 1833//557 741//556
f 743//558 859//558 744//539
f 746//535 1341//535 747//550
f 736//545 735//545 749//546
f 708//547 707//547 751//557
f 538//537 1182//537 755//538
f 756//552 1751//552 757//543
f 759//536 693//536 760//548
f 762//58 1663//58 763//58
f 765//544 1072//544 766//547
f 768//543 1136//543 769//544
f 771//542 1439//542 772//541
f 758//543 757//543 774//544
f 779//558 1515//558 780//559
f 784//560 818//560 785//561
f 787//558 790//558 788//539
f 790//558 787//558 791//559
f 793//58 783//58 506//58
f 801//547 1019//547 802//544
f 807//537 1886//537 808//538
f 809//547 982//547 810//562
f 812//58 951//58 813//58
f 815//58 1161//58 816//58
f 818//560 784//560 819//540
f 786//561 785//561 711//553
f 800//58 1005//58 824//58
f 826//548 1829//548 827//549
f 829//548 1826//548 830//549
f 832//58 1770//58 833//58
f 838//547 1554//547 839//557
f 841//538 989//538 842//553
f 848//545 856//545 828//549
f 850//555 696//555 851//559
f 853//536 1825//536 854//535
f 856//545 848//545 857//546
f 859//558 743//558 852//559
f 630//546 629//546 860//552
f 862//543 1719//543 863//544
f 858//546 857//546 865//552
f 867//537 1525//537 868//556
f 870//550 1613//550 871//551
f 873//550 551//550 550//551
f 875//537 582//537 581//556
f 840//557 839//557 877//556
f 866//552 865//552 879//543
f 882//538 1736//538 883//553
f 888//550 921//550 889//551
f 891//537 1042//537 892//538
f 896//546 1212//546 897//545
f 899//542 1520//542 900//541
f 905//544 1011//544 906//547
f 910//537 988//537 911//556
f 916//536 667//536 917//548
f 918//58 1359//58 919//58
f 921//550 888//550 922//535
f 932//537 616//537 933//556
f 935//559 1252//559 936//558
f 727//535 2095//535 939//550
f 941//553 1308//553 618//538
f 945//537 1874//537 946//556
f 948//557 1555//557 947//556
f 864//544 863//544 949//547
f 927//58 929//58 953//58
f 955//553 1772//553 956//561
f 960//561 1309//561 961//560
f 825//58 1896//58 963//58
f 967//560 1166//560 968//540
f 970//544 602//544 601//543
f 972//552 1660//552 973//543
f 977//535 1811//535 978//550
f 574//545 1325//545 980//546
f 981//544 1399//544 982//547
f 983//58 502//58 984//58
f 988//537 910//537 989//538
f 990//550 1055//550 991//551
f 993//542 567//542 566//541
f 995//550 569//550 568//551
f 999//543 1012//543 1000//552
f 1002//551 1294//551 1003//542
f 1007//543 577//543 576//552
f 1004//542 1003//542 1009//541
f 880//543 879//543 1011//544
f 803//544 802//544 1012//543
f 1015//559 1286//559 1016//558
f 1018//557 1534//557 1019//547
f 943//58 942//58 1020//58
f 876//556 581//556 580//557
f 1023//557 580//557 579//547
f 1016//558 1028//539 1026//539
f 1027//540 1268//540 1026//539
f 731//551 730//551 1030//542
f 582//537 875//537 1032//538
f 1033//545 1840//545 1034//546
f 1036//535 570//535 569//550
f 1042//537 891//537 1043//556
f 971//543 601//543 600//552
f 1046//545 1103//554 1047//546
f 1051//550 1184//550 1052//535
f 1054//535 1164//535 1055//550
f 553//536 1572//536 1056//548
f 1057//545 1645//545 1058//546
f 1060//548 1352//548 1061//549
f 1063//550 1508//550 1064//551
f 1035//546 1034//546 1066//552
f 1068//557 1437//557 912//556
f 1065//551 1064//551 1069//542
f 1071//543 1096//543 1072//544
f 1075//544 1849//544 1076//547
f 1081//559 1887//555 1082//555
f 1081//559 1083//559 1084//558
f 663//536 662//536 1086//548
f 1087//550 687//550 1088//535
f 767//547 766//547 1089//557
f 1092//563 1288//540 1093//539
f 1095//58 1667//58 489//58
f 1067//552 1066//552 1096//543
f 1100//58 1729//58 1101//58
f 1103//554 1046//545 1104//549
f 1108//566 1715//573 1106//564
f 1715//573 1890//1483 1106//564
f 1109//58 1883//58 1073//58
f 1110//548 1794//548 1111//549
f 551//550 873//550 1113//535
f 1048//546 1047//546 1114//552
f 1116//537 1735//537 878//556
f 1117//58 1820//58 1118//58
f 1120//559 1231//559 1121//558
f 1123//553 1839//553 1124//561
f 996//551 568//551 567//542
f 1127//553 1131//553 1128//561
f 1130//538 1526//538 1131//553
f 1132//545 1727//545 1133//546
f 861//552 860//552 1136//543
f 1137//555 1145//555 1138//541
f 1142//559 1146//559 1143//558
f 1145//555 1137//555 1146//559
f 1147//555 1507//555 773//541
f 535//547 1307//547 1148//557
f 533//543 1330//543 1149//544
f 556//545 1322//545 1150//546
f 1154//535 594//535 593//550
f 913//58 1467//58 1156//58
f 1157//536 1163//536 1158//548
f 1989//1482 1892//569 1619//569
f 1620//570 1616//567 1617//568
f 1617//568 1989//1482 1619//569
f 1617//568 1619//569 1620//570
f 1163//536 1157//536 1164//535
f 1166//560 967//560 1167//561
f 1159//548 1158//548 1105//549
f 1169//58 908//58 519//58
f 1171//552 1618//552 1172//543
f 1178//539 1314//539 1144//558
f 1179//553 1221//553 1180//561
f 1182//537 538//537 537//556
f 1184//550 1051//550 1185//551
f 1187//545 1812//545 1188//546
f 1190//58 1203//58 1191//58
f 1193//547 1197//547 1194//557
f 571//536 1321//536 1196//548
f 770//544 769//544 1197//547
f 608//553 1281//553 1198//561
f 1203//58 1206//58 1204//58
f 1206//58 797//58 796//58
f 714//556 713//556 1210//557
f 1212//546 896//546 1213//552
f 539//538 755//538 1216//553
f 1217//560 1429//560 1181//561
f 1220//538 1368//538 1221//553
f 1211//557 1210//557 1222//547
f 1223//547 1222//547 1224//544
f 1225//544 1224//544 1226//543
f 1227//58 1700//58 1228//58
f 1230//555 1695//555 1231//559
f 1232//551 1779//551 1233//542
f 1235//560 542//560 541//561
f 1238//543 1388//543 1239//544
f 540//553 1216//553 1236//561
f 627//544 626//544 1241//547
f 1243//539 1245//539 1122//558
f 1243//539 2096//540 1244//540
f 1248//556 605//556 604//557
f 1250//557 1490//557 704//556
f 635//548 634//548 638//549
f 1251//555 1858//555 1252//559
f 1253//538 1807//538 1254//553
f 1094//539 1093//539 1085//558
f 1256//560 1324//560 1257//561
f 660//553 659//553 1258//561
f 1260//560 1274//560 1261//561
f 1070//542 1069//542 1263//541
f 1155//550 593//550 592//551
f 1266//537 1297//537 1267//538
f 1268//540 1027//540 1269//560
f 586//539 1272//539 1271//558
f 585//540 1287//540 1272//539
f 1273//540 1854//540 1274//560
f 1275//540 1304//540 1276//539
f 1249//557 604//557 603//547
f 607//538 1282//538 1281//553
f 606//537 1734//537 1282//538
f 1284//560 584//560 609//561
f 1285//555 1870//555 1286//559
f 1287//540 585//540 584//560
f 1288//540 1092//563 1289//560
f 575//546 980//546 1008//552
f 1293//548 718//548 726//536
f 979//550 978//550 1294//551
f 1296//545 628//545 1112//549
f 1297//537 1266//537 1298//556
f 1255//553 1254//553 1262//561
f 1301//550 729//550 1302//535
f 1304//540 1275//540 1305//560
f 534//544 1149//544 1307//547
f 1308//553 941//553 1309//561
f 598//545 1777//545 1310//546
f 624//542 623//542 890//551
f 1313//540 1428//540 1314//539
f 1315//58 1376//58 1316//58
f 1318//559 1409//559 1319//555
f 962//560 961//560 621//540
f 1321//536 571//536 570//535
f 1322//545 556//545 555//549
f 1244//540 2096//540 1324//560
f 1325//545 574//545 573//549
f 572//548 1196//548 1326//549
f 1327//58 1581//58 1328//58
f 532//552 1625//552 1330//543
f 595//536 1335//536 1331//548
f 1332//554 1348//545 1333//546
f 1335//536 595//536 594//535
f 820//540 819//540 745//539
f 1336//58 1843//58 1337//58
f 1338//555 1881//555 781//559
f 1341//535 746//535 734//536
f 974//543 973//543 1342//544
f 975//58 432//58 524//58
f 1345//58 1639//58 1346//58
f 1348//545 1332//554 1349//549
f 1351//536 1648//536 1352//548
f 1353//551 1848//551 1354//542
f 1356//537 1873//537 1357//538
f 1362//557 1897//557 934//556
f 1214//552 1213//552 1363//543
f 1367//537 1585//537 1368//538
f 1280//547 603//547 602//544
f 1090//557 1089//557 869//556
f 1372//536 1828//536 1303//535
f 1270//560 1269//560 957//561
f 1376//58 1315//58 1377//58
f 675//546 674//546 1379//552
f 1077//547 1076//547 1381//557
f 502//58 938//58 1383//58
f 1387//548 1420//548 615//536
f 1115//552 1114//552 1388//543
f 1389//547 1664//547 1390//557
f 1317//58 1316//58 1364//58
f 610//58 1378//58 1377//58
f 1392//541 622//541 1320//555
f 1393//539 619//539 1394//558
f 1396//58 1834//58 1397//58
f 1398//543 1410//543 1399//544
f 1400//58 1403//58 1401//58
f 1360//58 1401//58 1403//58
f 1404//537 1689//537 1405//538
f 1361//58 895//58 1400//58
f 898//545 897//545 1407//549
f 1395//558 1394//558 1409//559
f 1380//552 1379//552 1410//543
f 1411//58 1668//58 1412//58
f 1291//58 1153//58 1190//58
f 1414//58 1763//58 1415//58
f 1417//58 1776//58 1418//58
f 1420//548 1387//548 1408//549
f 1421//58 1717//58 1422//58
f 1425//560 1753//560 1426//540
f 1428//540 1313//540 1429//560
f 1082//555 1887//555 1264//541
f 1391//557 1390//557 1299//556
f 1434//58 1151//58 1435//58
f 950//547 949//547 1437//557
f 1438//551 1527//551 1439//542
f 1442//547 1832//547 775//544
f 1277//539 1276//539 937//558
f 1445//58 1040//58 1039//58
f 1290//560 1289//560 1125//561
f 1448//58 523//58 500//58
f 408//58 1869//58 1451//58
f 494//58 1453//58 1454//58
f 881//58 1681//58 505//58
f 1455//550 677//550 669//535
f 1459//58 1579//58 1460//58
f 1463//58 1859//58 1464//58
f 1469//58 1662//58 1470//58
f 1471//58 1720//58 1472//58
f 589//555 1791//555 1474//541
f 1475//58 1767//58 1476//58
f 1186//551 1185//551 1478//542
f 1480//555 1823//555 1481//541
f 1484//58 1365//58 513//58
f 596//548 1331//548 1486//549
f 632//544 578//544 577//543
f 1488//548 1784//548 1350//549
f 1489//547 1726//547 1490//557
f 1494//563 543//540 542//560
f 1888//1608 1108//566 1107//565
f 1495//550 1847//550 1496//535
f 1498//58 975//58 1344//58
f 1500//539 1748//539 1501//558
f 1504//540 1747//540 1505//560
f 1507//555 1147//555 792//559
f 1508//550 1063//550 695//535
f 1509//548 1809//548 1510//549
f 1513//58 1793//58 1514//58
f 1515//558 779//558 1516//539
f 1518//58 1880//58 1519//58
f 872//551 871//551 1520//542
f 1522//543 1559//543 1523//544
f 1525//537 867//537 1526//538
f 748//550 747//550 1527//551
f 752//557 751//557 1530//556
f 1532//58 1434//58 1436//58
f 1044//556 1043//556 1534//557
f 1080//58 1889//58 1535//58
f 1414//58 1416//58 429//58
f 1536//540 1757//540 1537//560
f 1539//555 1821//555 1540//559
f 1542//555 1610//555 1543//559
f 1545//58 512//58 513//58
f 739//58 738//58 1550//58
f 1492//58 1311//58 777//58
f 1423//58 1790//58 1552//58
f 500//58 432//58 1553//58
f 754//58 517//58 516//58
f 1554//547 838//547 1524//544
f 907//547 906//547 1555//557
f 1556//58 762//58 764//58
f 1558//552 1745//552 1559//543
f 969//540 968//540 789//539
f 1560//58 1857//58 1561//58
f 544//539 1656//539 1565//558
f 843//553 842//553 1568//561
f 1572//536 553//536 552//535
f 1574//58 1709//58 1575//58
f 1461//58 1460//58 1576//58
f 1578//58 1712//58 1579//58
f 1580//58 1775//58 1581//58
f 522//58 1877//58 1584//58
f 1585//537 1367//537 1586//556
f 1386//58 1658//58 407//58
f 421//58 1710//58 1563//58
f 1591//58 1650//58 1592//58
f 583//538 1032//538 1594//553
f 1595//559 588//559 587//558
f 1596//540 2094//540 1597//560
f 462//58 983//58 1599//58
f 1600//559 1817//559 1601//558
f 1565//558 1774//559 546//559
f 1606//559 1824//559 1607//558
f 1609//560 1860//560 1129//561
f 1610//555 1542//555 1611//541
f 1613//550 870//550 855//535
f 1614//559 564//559 563//558
f 648//546 647//546 652//552
f 1059//546 1058//546 1618//552
f 1621//559 1846//559 1502//558
f 1506//560 1505//560 1622//561
f 1624//58 1868//58 799//58
f 557//546 1150//546 1625//552
f 1427//563 1426//540 1517//539
f 1626//561 1754//561 1627//553
f 1629//558 1541//559 1540//559
f 1538//560 1537//560 1631//561
f 565//555 1786//555 994//541
f 1634//539 2094//540 1596//540
f 1598//560 1597//560 1636//561
f 1413//58 1412//58 1639//58
f 1640//537 1801//537 742//556
f 1641//58 1844//58 1642//58
f 1091//58 1518//58 844//58
f 1645//545 1057//545 1646//549
f 1648//536 1351//536 1053//535
f 1650//58 1652//58 1651//58
f 1652//58 1498//58 1499//58
f 476//58 511//58 1457//58
f 1653//58 530//58 479//58
f 1099//58 1716//58 498//58
f 1355//542 1354//542 1139//541
f 1654//542 549//542 548//541
f 543//540 1494//563 1656//539
f 1386//58 1740//58 1657//58
f 1659//58 1752//58 529//58
f 1334//546 1333//546 1660//552
f 1661//58 1766//58 1662//58
f 417//58 1279//58 1328//58
f 1663//58 1532//58 1533//58
f 1343//544 1342//544 1664//547
f 1669//538 1875//538 1670//553
f 1672//551 1850//551 1673//542
f 1168//561 1167//561 884//553
f 599//546 1310//546 1045//552
f 508//58 681//58 1575//58
f 1675//58 1792//58 1676//571
f 1496//535 1891//536 1679//536
f 701//543 700//543 1680//544
f 811//557 810//562 1683//556
f 1306//560 1305//560 1569//561
f 536//557 1148//557 1183//556
f 1685//58 1746//58 1347//58
f 1686//58 1804//58 1687//58
f 885//58 1079//58 1078//58
f 1689//537 1404//537 1690//556
f 1694//58 1591//58 1593//58
f 1695//555 1230//555 1696//541
f 1700//58 1765//58 1701//58
f 1528//58 510//58 498//58
f 1703//58 1771//58 1704//58
f 554//548 1056//548 1323//549
f 1688//58 1687//58 1709//58
f 1234//542 1233//542 1697//541
f 495//58 496//58 1441//58
f 1699//58 524//58 505//58
f 504//58 1443//58 1566//58
f 1383//58 1422//58 1717//58
f 1718//552 1724//552 1719//543
f 1038//58 1037//58 1720//58
f 1721//550 1778//550 1722//535
f 1189//546 1188//546 1724//552
f 426//58 514//58 987//58
f 1487//58 514//58 529//58
f 1240//544 1239//544 1726//547
f 725//549 724//549 1727//545
f 1728//58 1101//58 1729//58
f 1731//58 1728//58 1730//58
f 1177//58 1605//58 526//58
f 1734//537 606//537 605//556
f 1735//537 1116//537 1736//538
f 816//58 1467//58 1466//58
f 1737//58 1782//58 1738//58
f 1740//58 1876//58 1741//58
f 1742//542 1822//542 1743//541
f 654//542 653//542 1612//541
f 1134//546 1133//546 1745//552
f 1746//58 1685//58 1714//58
f 1671//553 1670//553 1623//561
f 1747//540 1504//540 1748//539
f 497//58 517//58 1582//58
f 1603//58 1871//58 414//58
f 1674//542 1673//542 1749//541
f 750//546 749//546 1751//552
f 1753//560 1425//560 1754//561
f 1358//538 1357//538 1755//553
f 1756//553 1755//553 1632//561
f 1757//540 1536//540 1758//539
f 1759//539 1758//539 1629//558
f 1424//58 814//58 813//58
f 1760//58 1805//58 965//58
f 488//58 1769//58 1218//58
f 558//553 1594//553 1761//561
f 1762//58 1415//58 1763//58
f 1765//58 1762//58 1764//58
f 1766//58 1661//58 1473//58
f 1479//542 1478//542 1482//541
f 834//58 833//58 1604//58
f 1705//58 1704//58 1770//58
f 1483//58 915//58 1771//58
f 893//538 892//538 1772//553
f 1773//555 547//555 546//559
f 1419//58 1418//58 1775//58
f 1160//58 1162//58 1776//58
f 1777//545 598//545 597//549
f 1778//550 1721//550 1779//551
f 1782//58 1209//58 1780//58
f 1783//536 1785//536 1784//548
f 1785//536 1783//536 1723//535
f 1786//555 565//555 564//559
f 563//558 562//539 1787//539
f 561//540 1788//540 1787//539
f 1788//540 561//540 560//560
f 1790//58 1445//58 1446//58
f 1791//555 589//555 588//559
f 1675//58 1153//58 1152//58
f 1793//58 1117//58 1119//58
f 1679//536 1891//536 1794//548
f 1795//58 908//58 1169//58
f 1797//545 670//554 657//549
f 1265//551 592//551 591//542
f 1031//542 1030//542 1799//541
f 1801//537 1640//537 1802//538
f 1804//58 1686//58 1805//58
f 1806//537 702//537 1807//538
f 1808//536 1810//536 1809//548
f 1810//536 1808//536 1811//535
f 499//58 1571//58 1713//58
f 1535//58 1889//58 1493//58
f 1812//545 1187//545 831//549
f 1789//560 560//560 559//561
f 1382//557 1381//557 1691//556
f 1813//555 1816//555 1814//541
f 1816//555 1813//555 1817//559
f 1634//539 1635//539 1818//558
f 1820//58 1795//58 1796//58
f 1821//555 1539//555 1744//541
f 679//551 678//551 1822//542
f 1823//555 1480//555 1824//559
f 1825//536 853//536 1826//548
f 414//58 1872//58 1447//58
f 1828//536 1372//536 1829//548
f 1830//58 1590//58 496//58
f 966//58 1049//58 1620//570
f 1544//559 1543//559 1819//558
f 1831//58 1024//58 805//58
f 717//553 716//553 1637//561
f 1643//58 1642//58 1644//58
f 1677//572 1676//571 1107//565
f 1676//571 1888//1608 1107//565
f 1832//547 1442//547 1833//557
f 1174//58 798//58 1397//58
f 527//58 1430//58 1432//58
f 1835//539 1837//539 1608//558
f 1836//540 1893//540 1837//539
f 1556//58 1557//58 421//58
f 1406//538 1405//538 1839//553
f 874//551 550//551 549//542
f 1840//545 1033//545 1062//549
f 1841//537 712//537 1842//538
f 1843//58 1731//58 1732//58
f 1551//58 1550//58 1844//58
f 504//58 525//58 1373//58
f 1845//555 1853//555 1846//559
f 1847//550 1495//550 1848//551
f 1173//543 1172//543 1849//544
f 940//550 939//550 1850//551
f 1589//58 1768//58 488//58
f 992//551 991//551 1851//542
f 1852//542 1851//542 1815//541
f 489//58 1668//58 1411//58
f 1853//555 1845//555 1800//541
f 1854//540 1273//540 1855//539
f 886//58 1561//58 1857//58
f 1858//555 1251//555 901//541
f 1195//557 1194//557 1587//556
f 1859//58 1463//58 1633//58
f 1609//560 1893//540 1836//540
f 1049//58 1050//58 1861//58
f 1295//58 1041//58 1862//58
f 1864//546 1866//546 1001//552
f 1865//545 1867//545 1866//546
f 1867//545 1865//545 1511//549
f 1577//58 1576//58 1868//58
f 485//58 1712//58 1578//58
f 1870//555 1285//555 1010//541
f 761//548 760//548 1647//549
f 1465//58 1464//58 793//58
f 1873//537 1356//537 1531//556
f 547//555 1773//555 1655//541
f 1803//538 1802//538 1628//553
f 1874//537 945//537 1875//538
f 1856//539 1855//539 1602//558
f 1876//58 1737//58 1739//58
f 689//551 688//551 1879//542
f 1562//58 1519//58 1880//58
f 522//58 503//58 1827//58
f 1881//555 1338//555 1750//541
f 491//58 1583//58 1692//58
f 1798//542 591//542 590//541
f 1109//58 1831//58 1882//58
f 1006//58 1025//58 1024//58
f 963//58 1896//58 931//58
f 927//58 923//58 925//58
f 1021//58 1300//58 1200//58
f 1199//58 1201//58 1340//58
f 1884//58 1339//58 1588//58
f 1884//58 1885//58 837//58
f 1767//58 836//58 1074//58
f 1292//58 1156//58 1475//58
f 1886//537 807//537 1684//556
f 797//58 1161//58 1208//58
f 845//574 1826//1369 853//575
f 1643//577 1523//912 1559//578
f 1036//580 995//1299 1038//581
f 1619//583 1618//1609 1058//584
f 1886//586 1683//1610 1175//587
f 1781//589 676//914 665//590
f 1151//592 769//1611 1136//593
f 1042//595 1044//1612 966//596
f 1361//598 1213//1613 896//599
f 1552//601 1867//917 1510//602
f 1010//604 1285//651 1573//605
f 909//607 1680//921 700//608
f 669//610 677//1614 1344//611
f 1103//613 1105//1615 913//614
f 976//616 652//926 647//617
f 644//619 654//1616 1712//620
f 632//622 1007//663 1725//623
f 1484//625 1555//928 906//626
f 783//628 1833//1617 1442//629
f 1641//579 1559//578 1745//631
f 748//633 1438//667 1582//634
f 1058//584 1645//1618 964//636
f 1430//637 1070//1270 1264//638
f 1175//587 1683//1610 810//640
f 1827//591 665//590 1086//642
f 1152//594 1136//593 860//644
f 894//600 896//599 898//646
f 966//596 1044//1612 1018//648
f 1510//602 1809//683 1717//650
f 1285//651 1015//685 1014//652
f 690//609 700//608 684//653
f 913//614 1105//1615 1158//655
f 1456//630 1442//629 774//657
f 1553//618 647//617 636//659
f 1712//620 654//1616 1611//661
f 1007//663 1008//706 1487//664
f 1365//627 906//626 1011//665
f 1438//667 771//1322 1370//668
f 964//636 1645//1618 1647//669
f 1166//671 1168//1619 887//672
f 1432//639 1264//638 1887//674
f 1624//641 810//640 982//676
f 860//644 629//727 1676//678
f 1878//643 1086//642 662//679
f 1050//649 1018//648 801//681
f 1809//683 1810//1620 1384//684
f 1015//685 1017//1621 1013//686
f 1689//687 1691//734 1685//688
f 1490//690 1726//736 1666//691
f 1468//656 1158//655 1163//693
f 712//695 1694//701 805//696
f 1550//698 852//1294 743//699
f 1694//701 712//695 714//702
f 997//660 636//659 638//704
f 1008//706 980//747 986//707
f 1366//666 1011//665 879//708
f 774//657 757//1622 509//710
f 1089//711 766//755 1702//712
f 887//672 1168//1619 883//714
f 1378//716 1408//1301 1387//717
f 904//719 890//1352 623//720
f 1760//670 1647//669 760//722
f 1887//674 1081//781 1583//724
f 1577//677 982//676 1399//725
f 629//727 1296//792 1888//728
f 1877//680 662//679 1088//729
f 801//681 803//794 1863//731
f 1384//684 1810//1620 977//732
f 1691//734 1381//1623 1714//735
f 1726//736 1239//1624 834//737
f 1163//693 1054//1336 817//738
f 743//699 745//1337 1642//739
f 1591//703 714//702 1211//740
f 1209//742 973//1625 1660//743
f 998//705 638//704 634//745
f 980//747 1325//1626 987//748
f 1648//749 1052//1627 1229//750
f 1183//752 1148//1342 1605//753
f 766//755 1072//1345 1528//756
f 1359//757 1897//1319 1241//758
f 1079//715 883//714 1736//760
f 1116//762 1889//762 1080//761
f 1387//717 614//818 1316//763
f 1561//764 1724//1320 1188//765
f 872//767 899//1346 1444//768
f 1306//770 1568//820 1790//771
f 1116//762 877//822 1493//773
f 1727//774 724//824 1491//775
f 1804//723 760//722 693//777
f 902//721 623//720 1392//779
f 1081//781 1085//1628 1692//782
f 1309//783 941//1629 943//784
f 1399//725 1410//829 1459//786
f 762//787 1585//1333 1587//788
f 1584//730 1088//729 687//790
f 1296//792 1111//1630 1108//793
f 803//794 999//833 1295//795
f 1512//733 977//732 979//796
f 1714//735 1381//1623 1076//798
f 1117//800 1873//1335 1530//801
f 1797//803 656//846 1681//804
f 834//737 1239//1624 1388//806
f 1211//740 1223//850 1652//808
f 1448//746 634//745 639//809
f 1660//743 1333//1631 1191//811
f 987//748 1325//1626 1326//812
f 1022//814 875//1332 876//815
f 1241//758 626//1356 1401//817
f 614//818 922//1284 1364//819
f 1568//820 842//864 1445//821
f 877//822 839//866 1311//823
f 724//824 732//1632 722//825
f 693//777 695//868 1709//826
f 1692//782 1085//1628 1093//827
f 1410//829 1379//873 1578//830
f 1108//793 1111//1630 1794//831
f 999//833 1001//1633 1039//834
f 1394//835 619//881 929//836
f 984//797 979//796 1002//838
f 681//840 1268//1634 1270//841
f 1715//799 1076//798 1849//843
f 1530//801 751//884 1795//845
f 656//846 917//887 1682//847
f 832//807 1388//806 1114//848
f 1223//850 1225//895 1498//851
f 639//809 641//897 1449//852
f 1469//813 1326//812 1196//853
f 1587//788 1194//871 1532//855
f 1335//856 1154//1635 1204//857
f 857//859 848//904 1462//860
f 1547//816 876//815 1023//862
f 842//864 989//1361 1040//865
f 839//866 1554//1636 1312//867
f 695//868 1063//1637 1575//869
f 1093//827 1288//1371 1095//870
f 1194//871 1197//913 1434//872
f 1379//873 674//1638 1375//874
f 1746//832 1794//831 1891//875
f 1039//834 1001//1633 1866//877
f 985//839 1002//838 1004//879
f 619//881 621//918 953//882
f 1849//843 1172//920 1892//883
f 751//884 707//1639 908//885
f 1114//848 1047//922 1703//886
f 917//887 667//923 1699//888
f 777//889 784//1640 786//890
f 1386//892 1297//1365 1299//893
f 1225//895 650//1641 975//896
f 641//897 642//927 649//898
f 1661//854 1196//853 1321//899
f 1470//901 945//1367 947//902
f 848//904 827//932 849//905
f 481//906 735//1642 719//907
f 1023//862 631//934 1659//909
f 1363//910 1213//1613 1361//598
f 1312//867 1554//1636 1523//912
f 1197//913 769//1611 1151//592
f 1375//874 674//1638 676//914
f 1347//876 1891//875 1496//915
f 1446//878 1866//877 1867//917
f 621//918 961//1273 958//919
f 1004//879 1010//604 1599//606
f 1172//920 1618//1609 1619//583
f 908//885 707//1639 1680//921
f 1047//922 1103//613 1483//615
f 667//923 669//610 1698//612
f 1740//894 1299//893 1390//924
f 975//896 650//1641 652//926
f 642//927 644//619 1649//621
f 1321//899 1036//580 1471//582
f 1567//903 947//902 1555//928
f 971//929 1045//1281 1417//930
f 827//932 1829//1643 794//933
f 631//934 632//622 1752//624
f 1869//935 1284//1241 1198//936
f 806//938 1541//1644 1629//939
f 1235//941 1236//1645 1570//942
f 935//944 937//1646 938//945
f 874//947 1654//993 914//948
f 1293//950 728//1647 1170//951
f 1100//953 1606//1250 1608//954
f 919//956 1621//1648 1501//957
f 1738//958 1265//1244 1798//959
f 1672//961 1674//1007 1119//962
f 1600//964 1602//1011 1328//965
f 1279//967 1249//1649 1280//968
f 1005//970 1598//1257 1637//971
f 1020//973 996//1650 993//974
f 1789//976 1761//1022 1415//977
f 1563//979 1120//1258 1122//980
f 1315//982 1753//1252 1626//983
f 1451//937 1198//936 1281//985
f 1629//939 1758//1651 1882//987
f 1570//942 1236//1645 1216//988
f 721//990 734//1362 746//991
f 1654//993 1655//1652 915//994
f 1729//955 1608//954 1837//995
f 1170//951 728//1647 727//997
f 1180//999 1221//1653 1126//1000
f 1503//1002 1307//1654 1149//1003
f 1501//957 1748//1005 942//1005
f 1798//959 1474//1046 1741//1006
f 1674//1007 1750//1044 1514//1008
f 1327//969 1280//968 970//1009
f 1602//1011 1855//1655 1259//1012
f 1688//1013 956//1363 1772//1014
f 1637//971 716//1312 1025//1016
f 1664//1017 1342//1317 1782//1018
f 1300//975 993//974 994//1020
f 1761//1022 1594//1656 1416//1023
f 1122//980 1245//1657 1830//1024
f 1626//983 1628//1658 611//1025
f 1837//995 1893//1073 1732//1026
f 1281//985 1282//1059 1453//1027
f 1882//987 1758//1651 1536//1028
f 1571//989 1216//988 755//1030
f 915//994 1655//1652 1773//1032
f 611//1025 1628//1658 1802//1034
f 1126//1000 1221//1653 1368//1036
f 1748//1005 1504//1659 1037//1038
f 1135//1004 1149//1003 1330//1039
f 1369//1041 773//1660 1507//1042
f 1750//1044 1338//1661 823//1045
f 1474//1046 1791//1082 1657//1047
f 1259//1012 1855//1655 1273//1048
f 1772//1014 892//1272 1805//1050
f 994//1020 1786//1089 1201//1051
f 1416//1023 1594//1656 1032//1052
f 1830//1024 1245//1657 1244//1054
f 885//1056 863//1662 1719//1057
f 1282//1059 1734//1262 1454//1060
f 1883//1029 1536//1028 1538//1061
f 1713//1031 755//1030 1182//1063
f 1096//1065 1066//1663 686//1066
f 1771//1033 1773//1032 1774//1068
f 1588//1070 1184//1341 1186//1071
f 1893//1073 1609//1664 1337//1074
f 1037//1038 1504//1659 1506//1075
f 1145//1077 1142//1115 1589//1078
f 823//1045 1338//1661 780//1080
f 1791//1082 1595//1665 1658//1083
f 1485//1049 1273//1048 1260//1084
f 1542//1086 1544//1339 1576//1087
f 1786//1089 1614//1127 1340//1090
f 990//1091 992//1666 1162//1092
f 1590//1055 1244//1054 1256//1094
f 1658//1083 1595//1665 1271//1096
f 1499//1098 679//1293 1742//1099
f 1538//1061 1632//1140 822//1101
f 686//1066 1066//1663 1034//1102
f 1704//1069 1774//1068 1565//1104
f 1751//1106 749//1353 1894//1107
f 1885//1072 1186//1071 1479//1109
f 1337//1074 1609//1664 1128//1111
f 1720//1076 1506//1075 1623//1113
f 1142//1115 1144//1667 1768//1116
f 731//1117 1031//1668 895//1118
f 825//1081 780//1080 1515//1120
f 1603//1085 1260//1084 1262//1122
f 689//1124 699//1166 705//1125
f 1614//1127 1615//1669 1227//1128
f 1667//1129 1290//1670 1124//1130
f 1256//1094 1258//1172 1441//1132
f 1162//1092 992//1666 1852//1133
f 1232//1135 1234//1179 764//1136
f 1271//1096 1272//1671 1283//1138
f 1742//1099 1744//1183 1592//1139
f 1632//1140 1755//1672 1513//1141
f 1565//1104 1656//1673 833//1142
f 1479//1109 1481//1198 835//1143
f 1838//1112 1128//1111 1131//1144
f 1150//1146 1322//1206 1728//1147
f 1472//1114 1623//1113 1670//1149
f 940//1151 1796//1263 1169//998
f 895//1118 1031//1668 1800//1152
f 1518//1154 787//1674 789//1155
f 1515//1120 1517//1675 931//1157
f 1160//1158 1310//1676 1777//1159
f 1871//1123 1262//1122 1254//1161
f 1778//1163 1533//1261 1436//1164
f 699//1166 697//1222 1521//1167
f 1227//1128 1615//1669 1787//1168
f 1668//1131 1124//1130 1839//1170
f 1258//1172 659//1231 1711//1173
f 870//1174 1374//1321 846//1175
f 1776//1134 1852//1133 1814//1177
f 1234//1179 1696//1233 1557//1180
f 1283//1138 1272//1671 1287//1181
f 1744//1183 1539//1242 1593//1184
f 1513//1141 1755//1672 1357//1185
f 867//1187 869//1300 1099//1188
f 710//1190 808//1271 1834//1191
f 901//1193 1251//1249 1566//1194
f 833//1142 1656//1673 1494//1196
f 1481//1198 1823//1677 1074//1199
f 1097//1145 1131//1144 1526//1200
f 702//1202 704//1292 1247//1203
f 1670//1149 1875//1366 1662//1205
f 1322//1206 1323//1330 1101//1207
f 1400//1153 1800//1152 1845//1208
f 1640//1210 741//1372 793//1211
f 931//1157 1517//1675 1426//1213
f 1872//1162 1254//1161 1807//1215
f 1208//1160 1777//1159 1486//1217
f 799//1219 1635//1678 1596//1220
f 697//1222 850//1679 738//1223
f 1192//1224 1348//1350 1350//1225
f 1700//1169 1787//1168 1788//1227
f 1412//1171 1839//1170 1405//1229
f 659//1231 1267//1364 1385//1232
f 1696//1233 1230//1680 1710//1234
f 1812//1235 830//1681 844//1236
f 1418//1178 1814//1177 1816//1238
f 789//1155 968//1286 1560//1240
f 1450//1182 1287//1181 1284//1241
f 1539//1242 1541//1644 806//938
f 1780//1243 1155//1368 1265//1244
f 1061//1245 1352//1318 1701//1246
f 873//1248 874//947 1292//949
f 1251//1249 935//944 1549//946
f 1494//1196 1235//941 1215//943
f 1074//1199 1823//1677 1606//1250
f 1845//1208 1621//1648 919//956
f 1350//1225 1784//1278 1165//1251
f 1317//1214 1426//1213 1753//1252
f 1248//1253 1249//1649 1279//967
f 795//1218 1486//1217 1331//1255
f 800//1221 1596//1220 1598//1257
f 1765//1228 1788//1227 1789//976
f 1710//1234 1230//1680 1120//1258
f 1816//1238 1600//964 1581//966
f 729//1259 731//1117 612//1119
f 1533//1261 1778//1163 1232//1135
f 1802//1034 1640//1210 1464//1212
f 1734//1262 1248//1253 1278//1254
f 1546//1201 1526//1200 867//1187
f 1796//1263 940//1151 1672//961
f 1447//1216 1807//1215 702//1202
f 1437//1264 949//1287 952//1265
f 794//933 1829//1643 1372//1267
f 754//992 746//991 748//633
f 1431//1269 1065//1370 1070//1270
f 1174//588 1834//1191 808//1271
f 965//597 1805//1050 892//1272
f 961//1273 1309//783 959//785
f 1496//915 1847//1295 1413//1274
f 1769//1275 1314//1373 1428//1276
f 1390//924 1664//1017 1737//1019
f 1784//1278 1785//1682 1435//1279
f 1763//1280 1840//1374 1061//1245
f 1045//1281 1310//1676 1160//1158
f 1843//1282 1625//1683 1150//1146
f 930//1283 1364//819 922//1284
f 968//1286 1166//671 1857//673
f 949//1287 863//1662 885//1056
f 847//576 853//575 855//1176
f 938//945 937//1646 1276//1288
f 1465//1268 1372//1267 1302//1290
f 704//1292 1490//690 1237//692
f 1344//611 677//1614 679//1293
f 738//1223 850//1679 852//1294
f 1847//1295 1353//1315 1411//1296
f 1218//1277 1428//1276 1217//1297
f 1435//1279 1785//1682 1722//1165
f 995//1299 996//1650 1020//973
f 869//1300 1089//711 1716//713
f 610//647 898//646 1408//1301
f 1383//1289 1276//1288 1304//1302
f 932//1304 934//1684 918//1305
f 932//1304 1371//1306 944//1307
f 1302//1290 729//1259 1633//1260
f 1745//631 1133//1685 739//1309
f 926//780 1392//779 1319//1310
f 943//784 941//1629 617//1308
f 716//1312 1842//697 805//696
f 691//654 684//653 671//1313
f 1346//689 1639//1230 1405//1229
f 1353//1315 1355//1686 1140//1316
f 1217//1297 1180//999 1665//1001
f 1342//1317 973//1625 1209//742
f 1579//662 1611//661 1542//1086
f 1352//1318 1648//749 1228//751
f 1182//1063 1183//752 1177//754
f 918//1305 934//1684 1897//1319
f 886//1058 1719//1057 1724//1320
f 870//1174 872//767 1373//769
f 1422//1303 1304//1302 1306//770
f 739//1309 1133//1685 1727//774
f 771//1322 773//1660 1369//1041
f 1319//1310 1409//1334 925//1323
f 1013//686 1017//1621 1026//1324
f 671//1313 1797//803 881//805
f 1140//1316 1355//1686 1138//1326
f 1545//709 879//708 865//1328
f 509//710 757//1622 1751//1106
f 1323//1330 1056//1687 1102//1331
f 875//1332 1022//814 1029//1053
f 1585//1333 762//787 1556//1037
f 1409//1334 1394//835 928//837
f 1026//1324 1268//1634 681//840
f 1873//1335 1117//800 1793//1186
f 1054//1336 990//1091 815//1093
f 745//1337 819//1349 1644//1338
f 1141//1327 1138//1326 1145//1077
f 1544//1339 1818//1351 1868//1340
f 1229//750 1052//1627 1184//1341
f 1331//1255 1335//856 1207//858
f 865//1328 857//859 1707//861
f 1148//1342 1307//1654 1503//1002
f 1102//1331 1056//1687 1572//1343
f 1072//1345 1096//1065 1529//1067
f 1188//765 1812//1235 1519//1237
f 899//1346 901//1193 1443//1195
f 782//1043 1507//1042 791//1347
f 687//790 689//1124 682//1126
f 819//1349 784//1640 777//889
f 1191//811 1333//1631 1348//1350
f 1818//1351 1635//1678 799//1219
f 930//1283 888//1285 890//1352
f 749//1353 735//1642 481//906
f 1733//1344 1572//1343 1113//1354
f 626//1356 1363//910 1402//911
f 1424//1357 910//1360 912//1358
f 910//1360 1424//1357 1040//865
f 722//825 732//1632 734//1362
f 791//1347 787//1674 1518//1154
f 1574//842 1270//841 956//1363
f 1386//892 1385//1232 1267//1364
f 1470//901 1662//1205 1875//1366
f 970//1009 971//929 1419//931
f 1204//857 1154//1635 1155//1368
f 1476//1355 1113//1354 873//1248
f 814//1359 912//1358 1437//1264
f 844//1236 830//1681 1826//1369
f 1575//869 1063//1637 1065//1370
f 1288//1371 1290//1670 1667//1129
f 741//1372 1833//1617 783//628
f 1768//1116 1144//1667 1314//1373
f 778//891 786//890 710//1190
f 1330//1039 1625//1683 1843//1282
f 719//907 1293//950 1458//952
f 1414//1103 1034//1102 1840//1374
f 1242//547 1241//547 1897//557
f 469//1375 472//1378 480//1376
f 1895//58 1894//58 501//58
f 501//58 474//58 509//58
f 1895//58 501//58 509//58
f 472//1378 473//1607 501//502
f 1894//58 481//58 480//58
f 1898//1379 1922//1380 1899//1380
f 1910//1403 1923//1403 1911//1404
f 1913//1405 1924//1406 1914//1406
f 1915//1405 1950//1407 1901//1407
f 1916//1408 1921//1409 1917//1409
f 1909//1410 1908//1411 1919//1411
f 1921//1409 1899//1380 1922//1380
f 1923//1403 1910//1403 1914//1406
f 1928//1417 1955//1418 1929//1418
f 1927//1417 1925//1419 1930//1419
f 1931//1420 1954//1420 1932//1421
f 1905//1422 1904//1423 1934//1423
f 1932//1421 1953//1424 1936//1424
f 1907//1425 1906//1426 1937//1426
f 1939//1427 1956//1428 1940//1428
f 1942//1429 1916//1408 1918//1408
f 1906//1426 1905//1422 1935//1422
f 1908//1411 1907//1425 1938//1425
f 1925//1419 1909//1410 1920//1410
f 1948//1456 1934//1423 1904//1423
f 1941//1427 1947//1457 1949//1457
f 1902//1458 1901//1407 1950//1407
f 1947//1457 1946//1459 1952//1459
f 1903//1456 1902//1458 1951//1458
f 1911//1404 1898//1379 1900//1379
f 1953//1424 1957//1460 1944//1460
f 1954//1420 1931//1420 1929//1418
f 1956//1428 1942//1429 1943//1429
f 1945//1461 1944//1460 1957//1460
f 1958//1461 1952//1459 1946//1459
f 1948//1481 1980//1481 1959//1481
f 1950//1481 1969//1481 1960//1481
f 1921//1481 1983//1481 1961//1481
f 1932//1481 1953//1481 1962//1481
f 1919//1481 1966//1481 1964//1481
f 1952//1481 1984//1481 1965//1481
f 1920//1481 1981//1481 1966//1481
f 1938//1481 1964//1481 1967//1481
f 1914//1481 1915//1481 1960//1481
f 1950//1481 1951//1481 1959//1481
f 1910//1481 1972//1481 1970//1481
f 1955//1481 1976//1481 1971//1481
f 1914//1481 1968//1481 1972//1481
f 1956//1481 1987//1481 1973//1481
f 1932//1481 1963//1481 1974//1481
f 1935//1481 1982//1481 1975//1481
f 1954//1481 1974//1481 1976//1481
f 1912//1481 1970//1481 1977//1481
f 1930//1481 1928//1481 1971//1481
f 1939//1481 1973//1481 1979//1481
f 1934//1481 1975//1481 1980//1481
f 1930//1481 1978//1481 1981//1481
f 1937//1481 1967//1481 1982//1481
f 1899//1481 1985//1481 1983//1481
f 1949//1481 1979//1481 1984//1481
f 1899//1481 1900//1481 1977//1481
f 1916//1481 1961//1481 1986//1481
f 1957//1481 1988//1481 1962//1481
f 1942//1481 1986//1481 1987//1481
f 1957//1481 1958//1481 1965//1481
f 1989//1482 1106//564 1890//1483
f 1990//1484 2002//1485 1991//1485
f 1993//1486 2038//1487 1994//1487
f 1996//1423 2036//1488 1997//1488
f 1999//1489 2027//1490 2000//1490
f 2002//1485 2035//1491 2003//1491
f 2004//1492 2034//1493 2005//1493
f 2007//1494 2041//1495 2008//1495
f 2010//1496 2039//1497 2011//1497
f 2013//1498 2016//1499 2014//1499
f 2016//1499 2019//1500 2017//1500
f 2018//1501 2017//1500 2019//1500
f 2021//1457 2025//1502 2022//1502
f 2024//1503 2022//1502 2025//1502
f 2010//1496 2012//1496 2000//1490
f 2028//1504 2040//1505 2029//1505
f 2015//1498 2021//1457 2023//1457
f 2020//1501 2004//1492 2006//1492
f 2031//1506 2037//1506 2032//1507
f 2001//1489 1996//1423 1998//1423
f 2034//1493 2003//1491 2035//1491
f 2031//1506 1997//1488 2036//1488
f 2030//1504 1994//1487 2038//1487
f 2009//1494 2011//1497 2039//1497
f 2040//1505 2024//1503 2026//1503
f 1992//1484 2033//1507 2032//1507
f 2041//1495 1993//1486 1995//1486
f 2032//1508 2057//1508 2056//1509
f 2009//1510 2008//1511 2066//1511
f 2059//1512 2036//1512 1996//1513
f 2002//1514 1990//1509 2056//1509
f 2009//1510 2065//1510 2064//1515
f 2001//1516 2061//1516 2060//1513
f 2021//1517 2015//1518 2048//1518
f 1994//1519 2030//1520 2043//1520
f 2021//1517 2047//1517 2046//1521
f 2006//1522 2005//1523 2053//1523
f 2017//1524 2050//1524 2049//1525
f 2005//1523 2035//1526 2054//1526
f 2000//1527 2012//1528 2063//1528
f 2029//1529 2026//1530 2045//1530
f 2018//1531 2051//1531 2050//1524
f 2006//1522 2052//1522 2051//1531
f 2015//1518 2014//1525 2049//1525
f 2001//1516 2000//1527 2062//1527
f 2029//1529 2044//1529 2043//1520
f 2032//1508 2037//1532 2058//1532
f 1995//1533 2067//1533 2066//1511
f 2002//1514 2055//1514 2054//1526
f 2012//1528 2011//1515 2064//1515
f 2037//1532 2036//1512 2059//1512
f 1994//1519 2042//1519 2067//1533
f 2025//1521 2046//1521 2045//1530
f 2087//1560 2086//1578 2010//1561
f 2093//1563 1997//1580 2031//1564
f 2071//1566 2072//1530 2024//1530
f 2090//1568 2068//1582 1993//1569
f 2082//1571 2081//1587 1991//1572
f 2077//1574 2079//1589 2020//1575
f 2088//1577 2039//1591 2010//1561
f 2085//1579 1998//1593 1997//1580
f 2073//1581 2022//1688 2024//1530
f 2068//1582 2069//1595 2038//1583
f 2075//1584 2074//1597 2013//1585
f 2023//1586 2022//1688 2073//1581
f 2081//1587 2083//1599 1992//1588
f 2079//1589 2078//1601 2004//1590
f 2088//1577 2089//1510 2007//1510
f 2084//1592 1999//1602 1998//1593
f 2070//1594 2028//1603 2038//1583
f 2076//1596 2016//1604 2013//1585
f 2092//1598 2033//1605 1992//1588
f 2080//1600 2034//1606 2004//1590
f 2090//1568 2041//1570 2007//1510
f 2084//1592 2087//1560 2027//1562
f 2071//1566 2040//1567 2028//1603
f 2077//1574 2019//1576 2016//1604
f 2091//1565 2031//1564 2033//1605
f 2080//1600 2082//1571 2003//1573
# Vertices: 2096, normals: 1688, texture coordinates: 0, faces: 4058

o obj2
v -0.0503 -0.04252088 0.03104609
v -0.05074663 -0.04242338 0.03114974
v -0.05074663 -0.03664404 0.02571984
v -0.0503 -0.03672826 0.02560371
v -0.0503 0.01501283 0.01447083
v -0.05074663 0.01497841 0.01461248
v -0.05074663 0.02214671 0.01704579
v -0.0503 0.02219761 0.01690973
v -0.0503 0.03531129 0.02448092
v -0.05074663 0.03523032 0.02459962
v -0.05074663 0.04092178 0.0295909
v -0.0503 0.04101583 0.02948366
v -0.0503 -0.05023392 0.11100309
v -0.05074663 -0.05011874 0.11092339
v -0.05074663 -0.05346689 0.10413403
v -0.0503 -0.05358976 0.10419811
v -0.0503 0.05602866 0.05548666
v -0.05074663 0.05590019 0.05553427
v -0.05074663 0.05737703 0.06295884
v -0.0503 0.0575089 0.0629283
v -0.0503 0.05628225 0.09603278
v -0.05074663 0.0561532 0.09598742
v -0.05074663 0.05402854 0.10272622
v -0.0503 0.05415271 0.10278707
v -0.0503 0.05800514 0.07049949
v -0.05074663 0.05787214 0.07051267
v -0.05074663 0.05787214 0.08198733
v -0.0503 0.05800514 0.08200052
v -0.0503 -0.03024601 0.02100429
v -0.05074663 -0.03017666 0.02113096
v -0.05074663 -0.02314268 0.01746929
v -0.0503 -0.02319587 0.0173342
v -0.0503 0.05358976 0.04830188
v -0.05074663 0.05346688 0.04836597
v -0.0503 0.04252143 0.12145332
v -0.05074663 0.04242393 0.12134967
v -0.05074663 0.03664456 0.12677975
v -0.0503 0.03672878 0.12689587
v -0.0503 0.04601857 0.0351882
v -0.05074663 0.04591306 0.03528235
v -0.05074663 0.05011874 0.04157661
v -0.0503 0.05023393 0.04149692
v -0.0503 -0.05800514 0.07049949
v -0.05074663 -0.05787213 0.07051267
v -0.05074663 -0.05744077 0.06345987
v -0.0503 -0.05757279 0.06343048
v -0.0503 0.00757119 0.01299059
v -0.05074663 0.00755383 0.01313564
v -0.0503 -0.03531129 0.12801908
v -0.05074663 -0.03523032 0.12790038
v -0.05074663 -0.04092178 0.1229091
v -0.0503 -0.04101583 0.12301633
v -0.0503 0.05121592 0.10923149
v -0.05074663 0.05109848 0.10915586
v -0.05074663 0.04740672 0.11518051
v -0.0503 0.04751567 0.11526997
v -0.0503 -0.05602866 0.09701335
v -0.05074663 -0.05590019 0.09696574
v -0.05074663 -0.05737703 0.08954116
v -0.0503 -0.0575089 0.08957171
v -0.0503 0.01571045 0.13783757
v -0.05074663 0.01567443 0.13769636
v -0.05074663 0.00791149 0.13931613
v -0.0503 0.00792967 0.13946107
v -0.0503 0.02900257 0.02026556
v -0.05074663 0.02893607 0.02039393
v -0.0503 -0.01501284 0.13802919
v -0.05074663 -0.01497841 0.13788752
v -0.05074663 -0.02214671 0.13545421
v -0.0503 -0.02219761 0.13559027
v -0.0503 -0.05121557 0.04326786
v -0.05074663 -0.05109813 0.04334348
v -0.05074663 -0.04740619 0.03731873
v -0.0503 -0.04751514 0.03722926
v -0.0503 -0 0.01249436
v -0.05074663 0 0.01264054
v -0.0503 0.03024647 0.13149543
v -0.05074663 0.03017712 0.13136876
v -0.05074663 0.02314305 0.13503054
v -0.0503 0.02319624 0.13516563
v -0.05074663 0.0574408 0.08903994
v -0.0503 0.05757281 0.08906933
v -0.0503 -0.05628216 0.05646685
v -0.05074663 -0.0561531 0.05651221
v -0.05074663 -0.05402833 0.04977326
v -0.0503 -0.0541525 0.04971241
v -0.0503 -0.01571019 0.01466235
v -0.05074663 -0.01567417 0.01480357
v -0.05074663 -0.00791136 0.01318385
v -0.0503 -0.00792954 0.0130389
v -0.0503 -0.04601857 0.1173118
v -0.05074663 -0.04591306 0.11721765
v -0.05074663 -0.05787213 0.08198733
v -0.0503 -0.05800514 0.08200052
v -0.0503 -0 0.14000565
v -0.05074663 0 0.13985947
v -0.05074663 -0.00755383 0.13936436
v -0.0503 -0.00757119 0.13950941
v -0.0503 -0.02900257 0.13223444
v -0.05074663 -0.02893607 0.13210607
v -0.05073941 0.05800054 0.08199923
v -0.05073941 0.05771184 0.08197062
v -0.05073941 0.05771184 0.07052785
v -0.05073941 0.05800054 0.07049923
v -0.05073941 -0.02319364 0.01733881
v -0.05073941 -0.02307819 0.01763204
v -0.05073941 -0.03009271 0.02128366
v -0.05073941 -0.03024325 0.0210087
v -0.05073941 -0.01501097 0.13802293
v -0.05073941 -0.01493625 0.13771546
v -0.05073941 -0.0075323 0.13918819
v -0.05073941 -0.00756998 0.13950303
v -0.05073941 5.4E-07 0.01249923
v -0.05073941 5.4E-07 0.01281655
v -0.05073941 -0.00788897 0.01335836
v -0.05073941 -0.00792843 0.01304376
v -0.05073941 -0.05799946 0.07049923
v -0.05073941 -0.05771077 0.07052785
v -0.05073941 -0.05771077 0.08197062
v -0.05073941 -0.05799946 0.08199923
v -0.05073941 0.04751146 0.11526652
v -0.05073941 0.04727498 0.11507231
v -0.05073941 0.05095666 0.1090643
v -0.05073941 0.05121157 0.10922845
v -0.05073941 0.03672554 0.12689103
v -0.05073941 0.03654274 0.12663896
v -0.05073941 0.04230603 0.12122415
v -0.05073941 0.04251765 0.12144914
v -0.05073941 0.05750434 0.06292871
v -0.05073941 0.05721811 0.06299502
v -0.05073941 0.05574538 0.05559107
v -0.05073941 0.05602423 0.05548773
v -0.05073941 0.04601503 0.03519107
v -0.05073941 0.045786 0.03539544
v -0.05073941 0.04080859 0.0297198
v -0.05073941 0.04101273 0.02948704
v -0.05073941 0.02319435 0.13515981
v -0.05073941 0.0230789 0.13486658
v -0.05073941 0.03009333 0.1312151
v -0.05073941 0.03024387 0.13149005
v -0.05073941 0.02219618 0.01691422
v -0.05073941 0.0220857 0.01720956
v -0.05073941 0.01493732 0.01478301
v -0.05073941 0.01501204 0.01447553
v -0.05073941 -0.05358448 0.10419487
v -0.05073941 -0.05331776 0.10405578
v -0.05073941 -0.04997892 0.11082627
v -0.05073941 -0.05022893 0.11099923
v -0.05073941 -0.01563033 0.01497364
v -0.05073941 -0.01570852 0.01466711
v -0.05073941 -0.05602316 0.09701074
v -0.05073941 -0.05574431 0.0969074
v -0.05073941 0.03513296 0.02474239
v -0.05073941 0.0353087 0.02448474
v -0.05073941 -0.04101166 0.12301143
v -0.05073941 -0.04080752 0.12277867
v -0.05073941 -0.03513188 0.12775607
v -0.05073941 -0.03530763 0.12801373
v -0.05073941 0.05756822 0.08906762
v -0.05073941 0.05728168 0.08900382
v -0.05073941 -0.05756717 0.06343103
v -0.05073941 -0.05728063 0.06349483
v -0.05073941 0.01570933 0.13783142
v -0.05073941 0.01563114 0.1375249
v -0.05073941 -0.04251713 0.03104992
v -0.05073941 -0.0423055 0.0312749
v -0.05073941 -0.04727444 0.03742692
v -0.05073941 -0.04751093 0.03723272
v -0.05073941 0.05627771 0.09603063
v -0.05073941 0.05599759 0.09593217
v -0.05073941 0.00792937 0.13945472
v -0.05073941 0.00788991 0.13914013
v -0.05073941 0.00753337 0.01331028
v -0.05073941 0.00757106 0.01299543
v -0.05073941 0.05387872 0.10265239
v -0.05073941 0.05414824 0.10278447
v -0.05073941 -0.04601396 0.11730739
v -0.05073941 -0.04578492 0.11710303
v -0.05073941 0.05023001 0.04149923
v -0.05073941 0.04998 0.0416722
v -0.05073941 0.02900054 0.02026976
v -0.05073941 0.02885619 0.0205484
v -0.05073941 -0.05750326 0.08956975
v -0.05073941 -0.05721704 0.08950345
v -0.05073941 -0.02899946 0.1322287
v -0.05073941 -0.02885512 0.13195007
v -0.05073941 -0.02208463 0.13528891
v -0.05073941 -0.0221951 0.13558425
v -0.05073941 -0.03654218 0.02585991
v -0.05073941 -0.03672498 0.02560785
v -0.05073941 5.4E-07 0.13968191
v -0.05073941 5.4E-07 0.13999923
v -0.05073941 -0.05121085 0.04327067
v -0.05073941 -0.05095594 0.04343482
v -0.05073941 -0.05387785 0.0498466
v -0.05073941 -0.05414737 0.04971452
v -0.05073941 -0.0559966 0.05656666
v -0.05073941 -0.05627672 0.0564682
v -0.05073941 0.05331883 0.04844269
v -0.05073941 0.05358555 0.04830359
v 0.03283781 0.01726847 0.000802
v 0.03346571 0.01783208 0.004402
v 0.03346571 0.01783208 0.000802
v 0.03858228 0.01335834 0.000802
v 0.0381075 0.01266083 0.004402
v 0.0381075 0.01266083 0.000802
v 0.03507341 0.01148749 0.000802
v 0.03425287 0.01168408 0.004402
v 0.03425287 0.01168408 0.000802
v 0.0374796 0.01209722 0.004402
v 0.0374796 0.01209722 0.000802
v 0.03887634 0.01414919 0.000802
v 0.03858228 0.01335834 0.004402
v 0.03421025 0.01822905 0.004402
v 0.03421025 0.01822905 0.000802
v 0.03207989 0.01410493 0.000802
v 0.03197273 0.01494185 0.004402
v 0.03197273 0.01494185 0.000802
v 0.03238422 0.01331797 0.000802
v 0.03207989 0.01410493 0.004402
v 0.03350323 0.01207132 0.004402
v 0.03350323 0.01207132 0.000802
v 0.03591715 0.01149299 0.000802
v 0.03507341 0.01148749 0.004402
v 0.03673505 0.01170024 0.000802
v 0.03591715 0.01149299 0.004402
v 0.03673505 0.01170024 0.004402
v 0.03886542 0.01582437 0.000802
v 0.03897258 0.01498744 0.004402
v 0.03897258 0.01498744 0.000802
v 0.03807727 0.01730259 0.000802
v 0.03856109 0.01661133 0.004402
v 0.03856109 0.01661133 0.000802
v 0.03744208 0.01785798 0.000802
v 0.03807727 0.01730259 0.004402
v 0.0358719 0.01844181 0.000802
v 0.03669243 0.01824522 0.004402
v 0.03669243 0.01824522 0.000802
v 0.03502816 0.01843631 0.000802
v 0.0358719 0.01844181 0.004402
v 0.03887634 0.01414919 0.004402
v 0.03216448 0.01412637 0.0005526
v 0.037217 0.01752731 0.000402
v 0.03666202 0.01816342 0.0005526
v 0.03739298 0.01778584 0.0005526
v 0.0329035 0.01721103 0.0005526
v 0.03271842 0.01638738 0.000402
v 0.03244057 0.01653091 0.0005526
v 0.03428329 0.01176587 0.0005526
v 0.03508336 0.01157419 0.0005526
v 0.03351575 0.01776059 0.0005526
v 0.03857259 0.01498484 0.000402
v 0.03878083 0.01580293 0.0005526
v 0.03888532 0.01498687 0.0005526
v 0.03848734 0.01424239 0.000402
v 0.03879147 0.01416953 0.0005526
v 0.03507896 0.01803955 0.000402
v 0.03586194 0.01835511 0.0005526
v 0.03582627 0.01804441 0.000402
v 0.03286804 0.01262671 0.000802
v 0.03238422 0.01331797 0.004402
v 0.03206897 0.0157801 0.000802
v 0.03215384 0.01575977 0.0005526
v 0.03237272 0.01494446 0.000402
v 0.03205999 0.01494242 0.0005526
v 0.03742956 0.01216871 0.0005526
v 0.03659078 0.01207332 0.000402
v 0.03725023 0.01242492 0.000402
v 0.03586635 0.01188975 0.000402
v 0.03511904 0.01188488 0.000402
v 0.03236303 0.01657096 0.000802
v 0.03283781 0.01726847 0.004402
v 0.03502816 0.01843631 0.004402
v 0.03744208 0.01785798 0.004402
v 0.03886542 0.01582437 0.004402
v 0.03343773 0.0161219 0.000402
v 0.03313893 0.01700517 0.000402
v 0.03369508 0.01750438 0.000402
v 0.03545741 0.01730557 0.000402
v 0.03749233 0.01614831 0.000402
v 0.03655303 0.0178703 0.000402
v 0.03780637 0.01292412 0.000402
v 0.03750758 0.0138074 0.000402
v 0.03822689 0.01354191 0.000402
v 0.03345298 0.01378099 0.000402
v 0.03246763 0.01420318 0.000402
v 0.033957 0.0158266 0.00091934
v 0.03396836 0.01408303 0.002402
v 0.03396836 0.01408303 0.00091934
v 0.03435453 0.01785598 0.000402
v 0.03820813 0.01642314 0.000402
v 0.0377796 0.0170354 0.000402
v 0.03273718 0.01350616 0.000402
v 0.03847768 0.01572611 0.000402
v 0.0369883 0.0141027 0.00091934
v 0.03548401 0.01322109 0.002402
v 0.0369883 0.0141027 0.002402
v 0.0354879 0.01262373 0.000402
v 0.03439228 0.012059 0.000402
v 0.03697694 0.01584626 0.002402
v 0.03697694 0.01584626 0.00091934
v 0.03372831 0.01240198 0.000402
v 0.03316571 0.0128939 0.000402
v 0.03245797 0.01568691 0.000402
v 0.03355233 0.01214346 0.0005526
v 0.03293298 0.012685 0.0005526
v 0.03850474 0.01339839 0.0005526
v 0.03424173 0.01814766 0.0005526
v 0.03246122 0.01335903 0.0005526
v 0.03801233 0.0172443 0.0005526
v 0.0380418 0.01271827 0.0005526
v 0.03848409 0.01657027 0.0005526
v 0.03670358 0.01178164 0.0005526
v 0.03590607 0.01157955 0.0005526
v 0.03548401 0.01322109 0.00091934
v 0.03236303 0.01657096 0.004402
v 0.0354613 0.01670821 0.002402
v 0.03503924 0.01834975 0.0005526
v 0.03286804 0.01262671 0.004402
v 0.03206897 0.0157801 0.004402
v 0.0354613 0.01670821 0.00091934
v 0.03548535 0.0130152 0.00055353
v 0.03379074 0.01397893 0.00055353
v 0.03715457 0.01595036 0.00055353
v 0.03545996 0.0169141 0.00055353
v 0.03716729 0.01400092 0.00055353
v 0.03377802 0.01592838 0.00055353
v 0.03694654 0.0033875 0.000802
v 0.03774232 0.00366792 0.004402
v 0.03774232 0.00366792 0.000802
v 0.0407574 -0.00242331 0.000802
v 0.04005183 -0.00288603 0.004402
v 0.04005183 -0.00288603 0.000802
v 0.03679968 -0.00280896 0.000802
v 0.03611683 -0.00231333 0.004402
v 0.03611683 -0.00231333 0.000802
v 0.03925604 -0.00316645 0.004402
v 0.03925604 -0.00316645 0.000802
v 0.04133172 -0.00180518 0.000802
v 0.0407574 -0.00242331 0.004402
v 0.03858211 0.00374975 0.004402
v 0.03858211 0.00374975 0.000802
v 0.03503567 0.00075481 0.000802
v 0.03525695 0.00156904 0.004402
v 0.03525695 0.00156904 0.000802
v 0.03501568 -8.871E-05 0.000802
v 0.03503567 0.00075481 0.004402
v 0.03557244 -0.00166869 0.004402
v 0.03557244 -0.00166869 0.000802
v 0.03758129 -0.00312676 0.004402
v 0.03679968 -0.00280896 0.004402
v 0.03841625 -0.00324828 0.000802
v 0.03758129 -0.00312676 0.000802
v 0.03841625 -0.00324828 0.004402
v 0.04196269 -0.00025335 0.000802
v 0.04174141 -0.00106757 0.004402
v 0.04174141 -0.00106757 0.000802
v 0.04180023 0.00141397 0.000802
v 0.04198268 0.00059018 0.004402
v 0.04198268 0.00059018 0.000802
v 0.04142592 0.00217016 0.000802
v 0.04180023 0.00141397 0.004402
v 0.04019868 0.00331042 0.000802
v 0.04088153 0.0028148 0.004402
v 0.04088153 0.0028148 0.000802
v 0.03941707 0.00362823 0.000802
v 0.04019868 0.00331042 0.004402
v 0.04133172 -0.00180518 0.004402
v 0.03512203 0.00074225 0.0005526
v 0.04109144 0.0019508 0.000402
v 0.04082213 0.00275087 0.0005526
v 0.04135295 0.0021223 0.0005526
v 0.03698525 0.00330929 0.0005526
v 0.03649906 0.00261917 0.000402
v 0.03629728 0.0028581 0.0005526
v 0.03617623 -0.0022494 0.0005526
v 0.03684206 -0.00273267 0.0005526
v 0.0377612 0.00358272 0.0005526
v 0.04137088 -0.00091691 0.000402
v 0.04187633 -0.00024078 0.0005526
v 0.04166058 -0.0010347 0.0005526
v 0.04100799 -0.00157022 0.000402
v 0.04126108 -0.00175392 0.0005526
v 0.03931217 0.00324223 0.000402
v 0.04015631 0.00323413 0.0005526
v 0.04000446 0.00296074 0.000402
v 0.03519813 -0.0009125 0.000802
v 0.03501568 -8.871E-05 0.004402
v 0.03566665 0.00230665 0.000802
v 0.03573727 0.00225539 0.0005526
v 0.0354315 0.00069721 0.000402
v 0.03533779 0.00153617 0.0005526
v 0.03562749 0.00141838 0.000402
v 0.03916954 -0.00277592 0.000402
v 0.03841832 -0.00316104 0.0005526
v 0.03842573 -0.0028484 0.000402
v 0.0376862 -0.00274076 0.000402
v 0.03699391 -0.00245928 0.000402
v 0.03624097 0.00292478 0.000802
v 0.03694654 0.0033875 0.004402
v 0.03941707 0.00362823 0.004402
v 0.04142592 0.00217016 0.004402
v 0.04196269 -0.00025335 0.004402
v 0.03706202 0.00209863 0.000402
v 0.03712398 0.00302901 0.000402
v 0.03782883 0.00327739 0.000402
v 0.03938093 0.00241929 0.000402
v 0.04081808 0.0005714 0.000402
v 0.04060926 0.00252176 0.000402
v 0.03987438 -0.00252754 0.000402
v 0.03993635 -0.00159716 0.000402
v 0.04049931 -0.0021177 0.000402
v 0.03618028 -6.993E-05 0.000402
v 0.03742876 0.00162708 0.00091934
v 0.03677202 1.19E-05 0.002402
v 0.03677202 1.19E-05 0.00091934
v 0.03857263 0.00334986 0.000402
v 0.04158457 0.00055138 0.000402
v 0.04142296 0.00128103 0.000402
v 0.0354138 -4.991E-05 0.000402
v 0.04156686 -0.00019574 0.000402
v 0.03956961 -0.00112561 0.00091934
v 0.03784244 -0.00136445 0.002402
v 0.03956961 -0.00112561 0.002402
v 0.03761743 -0.00191782 0.000402
v 0.0363891 -0.00202029 0.000402
v 0.04022634 0.00048957 0.002402
v 0.04022634 0.00048957 0.00091934
v 0.03590693 -0.00144933 0.000402
v 0.0355754 -0.00077956 0.000402
v 0.03599037 0.00207169 0.000402
v 0.03528045 -0.00088349 0.0005526
v 0.03564541 -0.00162083 0.0005526
v 0.04070108 -0.00235663 0.0005526
v 0.03858004 0.00366251 0.0005526
v 0.03510254 -8.024E-05 0.0005526
v 0.03923717 -0.00308125 0.0005526
v 0.04001312 -0.00280782 0.0005526
v 0.04189583 0.00058171 0.0005526
v 0.04171792 0.00138496 0.0005526
v 0.03760419 -0.00304255 0.0005526
v 0.03784244 -0.00136445 0.00091934
v 0.03624097 0.00292478 0.004402
v 0.03915593 0.00186592 0.00091934
v 0.03939418 0.00354402 0.0005526
v 0.03519813 -0.0009125 0.004402
v 0.03566665 0.00230665 0.004402
v 0.03742876 0.00162708 0.002402
v 0.03915593 0.00186592 0.002402
v 0.03656808 -1.631E-05 0.00055353
v 0.03776488 -0.00155518 0.00055353
v 0.04043029 0.00051777 0.00055353
v 0.03969602 -0.00128814 0.00055353
v 0.03730235 0.00178961 0.00055353
v 0.03923348 0.00205665 0.00055353
v 0.03543049 -0.01100919 0.000802
v 0.03627301 -0.01105464 0.004402
v 0.03627301 -0.01105464 0.000802
v 0.03672756 -0.01783602 0.000802
v 0.03589863 -0.01799352 0.004402
v 0.03589863 -0.01799352 0.000802
v 0.03292353 -0.01667777 0.000802
v 0.03248233 -0.01595855 0.004402
v 0.03248233 -0.01595855 0.000802
v 0.0350561 -0.01794806 0.004402
v 0.0350561 -0.01794806 0.000802
v 0.03749471 -0.01748473 0.004402
v 0.03672756 -0.01783602 0.004402
v 0.03708019 -0.01130042 0.004402
v 0.03708019 -0.01130042 0.000802
v 0.0326576 -0.01271022 0.000802
v 0.03317362 -0.01204265 0.004402
v 0.03317362 -0.01204265 0.000802
v 0.03231633 -0.01348188 0.000802
v 0.0326576 -0.01271022 0.004402
v 0.03222607 -0.01515465 0.004402
v 0.03222607 -0.01515465 0.000802
v 0.03352403 -0.01727049 0.000802
v 0.03292353 -0.01667777 0.004402
v 0.03424893 -0.01770229 0.000802
v 0.03352403 -0.01727049 0.004402
v 0.03424893 -0.01770229 0.004402
v 0.03867152 -0.01629249 0.000802
v 0.03815549 -0.01696006 0.004402
v 0.03815549 -0.01696006 0.000802
v 0.03915947 -0.01468992 0.000802
v 0.03901279 -0.01552083 0.004402
v 0.03901279 -0.01552083 0.000802
v 0.03910304 -0.01384805 0.000802
v 0.03915947 -0.01468992 0.004402
v 0.03840559 -0.01232494 0.000802
v 0.03884678 -0.01304416 0.004402
v 0.03884678 -0.01304416 0.000802
v 0.03780509 -0.01173221 0.000802
v 0.03840559 -0.01232494 0.004402
v 0.03749471 -0.01748473 0.000802
v 0.03323572 -0.01210395 0.0005526
v 0.03273256 -0.01275487 0.0005526
v 0.03901731 -0.01386434 0.0005526
v 0.0384831 -0.01321069 0.000402
v 0.03876744 -0.01308049 0.0005526
v 0.03545724 -0.0114083 0.000402
v 0.03462806 -0.01124983 0.0005526
v 0.03543632 -0.01109626 0.0005526
v 0.03256167 -0.01592222 0.0005526
v 0.03299187 -0.0166235 0.0005526
v 0.03787082 -0.01667906 0.000402
v 0.03859654 -0.01624784 0.0005526
v 0.03809339 -0.01689875 0.0005526
v 0.03728555 -0.01714377 0.000402
v 0.03744908 -0.01741035 0.0005526
v 0.03756045 -0.01204869 0.000402
v 0.03833724 -0.01237921 0.0005526
v 0.03809233 -0.01257368 0.000402
v 0.03216964 -0.01431278 0.000802
v 0.03231633 -0.01348188 0.004402
v 0.03388004 -0.01159236 0.0005526
v 0.03460156 -0.01116668 0.000802
v 0.03300124 -0.01291491 0.000402
v 0.03345829 -0.01232364 0.000402
v 0.03512564 -0.01755415 0.000402
v 0.03428422 -0.01762248 0.0005526
v 0.03441071 -0.01733647 0.000402
v 0.03376866 -0.01695402 0.000402
v 0.03323679 -0.01642903 0.000402
v 0.03543049 -0.01100919 0.004402
v 0.03780509 -0.01173221 0.004402
v 0.03910304 -0.01384805 0.004402
v 0.03867152 -0.01629249 0.004402
v 0.03504395 -0.01224414 0.000402
v 0.03472304 -0.01154779 0.000402
v 0.03620348 -0.01144856 0.000402
v 0.03730906 -0.0128353 0.000402
v 0.03871008 -0.01392271 0.000402
v 0.03792965 -0.0150925 0.000402
v 0.03587188 -0.01759441 0.000402
v 0.03628516 -0.01675856 0.000402
v 0.03660607 -0.01745492 0.000402
v 0.03339946 -0.0139102 0.000402
v 0.03520232 -0.01282014 0.00091934
v 0.03397747 -0.01406106 0.002402
v 0.03397747 -0.01406106 0.00091934
v 0.0369184 -0.01166624 0.000402
v 0.03863013 -0.01540432 0.000402
v 0.03876005 -0.01466837 0.000402
v 0.03269898 -0.01359839 0.000402
v 0.03832787 -0.01608779 0.000402
v 0.0361268 -0.01618257 0.00091934
v 0.0344397 -0.01574226 0.002402
v 0.0361268 -0.01618257 0.002402
v 0.03402006 -0.01616741 0.000402
v 0.03284601 -0.01579202 0.000402
v 0.03735164 -0.01494165 0.002402
v 0.03735164 -0.01494165 0.00091934
v 0.03261904 -0.01507999 0.000402
v 0.03256906 -0.01433434 0.000402
v 0.03404356 -0.01185893 0.000402
v 0.03225678 -0.01431749 0.0005526
v 0.0323118 -0.01513836 0.0005526
v 0.03670105 -0.01775288 0.0005526
v 0.03704489 -0.01138023 0.0005526
v 0.03625784 -0.01114058 0.0005526
v 0.0323998 -0.0135073 0.0005526
v 0.03383441 -0.01151797 0.000802
v 0.03507127 -0.01786212 0.0005526
v 0.03589279 -0.01790645 0.0005526
v 0.03892931 -0.01549541 0.0005526
v 0.03907233 -0.01468522 0.0005526
v 0.0335774 -0.01720145 0.0005526
v 0.0344397 -0.01574226 0.00091934
v 0.03460156 -0.01116668 0.004402
v 0.03688942 -0.01326044 0.002402
v 0.03775171 -0.01180125 0.0005526
v 0.03216964 -0.01431278 0.004402
v 0.03383441 -0.01151797 0.004402
v 0.03520232 -0.01282014 0.002402
v 0.03688942 -0.01326044 0.00091934
v 0.03377825 -0.01400906 0.00055353
v 0.03429506 -0.0158888 0.00055353
v 0.03755086 -0.01499364 0.00055353
v 0.03618138 -0.0163811 0.00055353
v 0.03514773 -0.01262161 0.00055353
v 0.03703406 -0.0131139 0.00055353
v 0.02852047 -0.02372983 0.000802
v 0.02928146 -0.02409424 0.004402
v 0.02928146 -0.02409424 0.000802
v 0.02628019 -0.03036165 0.000802
v 0.02710629 -0.03053337 0.004402
v 0.02628019 -0.03036165 0.004402
v 0.02403507 -0.02800754 0.000802
v 0.02390268 -0.02717423 0.004402
v 0.02390268 -0.02717423 0.000802
v 0.02551919 -0.02999724 0.004402
v 0.02551919 -0.02999724 0.000802
v 0.02794947 -0.03050239 0.000802
v 0.02710629 -0.03053337 0.000802
v 0.02993315 -0.0246302 0.004402
v 0.02993315 -0.0246302 0.000802
v 0.02530769 -0.02424023 0.000802
v 0.0260399 -0.02382095 0.004402
v 0.0260399 -0.02382095 0.000802
v 0.0246971 -0.02482256 0.000802
v 0.02530769 -0.02424023 0.004402
v 0.02397357 -0.02633346 0.004402
v 0.02397357 -0.02633346 0.000802
v 0.02436303 -0.02878495 0.000802
v 0.02403507 -0.02800754 0.004402
v 0.02486751 -0.02946128 0.000802
v 0.02436303 -0.02878495 0.004402
v 0.02486751 -0.02946128 0.004402
v 0.02949296 -0.02985124 0.000802
v 0.02876075 -0.03027052 0.004402
v 0.02876075 -0.03027052 0.000802
v 0.03055705 -0.0285574 0.000802
v 0.03010355 -0.02926892 0.004402
v 0.03010355 -0.02926892 0.000802
v 0.03082708 -0.02775802 0.000802
v 0.03055705 -0.0285574 0.004402
v 0.03076558 -0.02608394 0.000802
v 0.03089797 -0.02691725 0.004402
v 0.03089797 -0.02691725 0.000802
v 0.03043762 -0.02530653 0.000802
v 0.03076558 -0.02608394 0.004402
v 0.02794947 -0.03050239 0.004402
v 0.02535987 -0.02431018 0.0005526
v 0.03043545 -0.02767662 0.000402
v 0.03081076 -0.02692045 0.0005526
v 0.03074164 -0.02774026 0.0005526
v 0.02849254 -0.0238125 0.0005526
v 0.02766076 -0.0239567 0.000402
v 0.02768703 -0.02364508 0.0005526
v 0.02411898 -0.02798356 0.0005526
v 0.02923456 -0.02416784 0.0005526
v 0.02860527 -0.02990198 0.000402
v 0.02944078 -0.0297813 0.0005526
v 0.02872683 -0.03019012 0.0005526
v 0.02788671 -0.03010735 0.000402
v 0.02793578 -0.03041621 0.0005526
v 0.0300905 -0.0255053 0.000402
v 0.03068167 -0.02610792 0.0005526
v 0.03038098 -0.02619386 0.000402
v 0.02424361 -0.02553408 0.000802
v 0.0246971 -0.02482256 0.004402
v 0.02685118 -0.02358909 0.000802
v 0.02686487 -0.02367527 0.0005526
v 0.02619538 -0.0241895 0.000402
v 0.02607382 -0.02390135 0.0005526
v 0.02573417 -0.02965992 0.000402
v 0.02493066 -0.02940105 0.0005526
v 0.02515697 -0.02918522 0.00040201
v 0.02471015 -0.02858618 0.00040201
v 0.02441967 -0.02789761 0.00040201
v 0.02769437 -0.02355811 0.000802
v 0.02852047 -0.02372983 0.004402
v 0.03043762 -0.02530653 0.004402
v 0.03082708 -0.02775802 0.004402
v 0.02949296 -0.02985124 0.004402
v 0.02769076 -0.02472286 0.000402
v 0.02839245 -0.02410879 0.000402
v 0.02906648 -0.02443156 0.000402
v 0.02955722 -0.02613583 0.000402
v 0.02926678 -0.02845871 0.000402
v 0.03049823 -0.02693193 0.000402
v 0.0264082 -0.02998269 0.000402
v 0.02710989 -0.02936862 0.000402
v 0.02713989 -0.03013478 0.000402
v 0.02553387 -0.02563277 0.000402
v 0.02554685 -0.02456086 0.000402
v 0.02601016 -0.02599334 0.00091934
v 0.02761665 -0.02531561 0.002402
v 0.02601016 -0.02599334 0.002402
v 0.02964368 -0.02490626 0.000402
v 0.02979461 -0.02901485 0.000402
v 0.03019628 -0.02838464 0.000402
v 0.02500604 -0.02507663 0.00040201
v 0.0292538 -0.02953062 0.000402
v 0.027184 -0.02877587 0.00091934
v 0.02579383 -0.02772346 0.002402
v 0.027184 -0.02877587 0.002402
v 0.02524344 -0.02795565 0.00040201
v 0.02430242 -0.02715955 0.00040201
v 0.0287905 -0.02809814 0.002402
v 0.0287905 -0.02809814 0.00091934
v 0.0243652 -0.02641486 0.00040201
v 0.02460438 -0.02570684 0.00040201
v 0.02691394 -0.02398413 0.000402
v 0.02405901 -0.02635122 0.0005526
v 0.02432231 -0.02557177 0.0005526
v 0.02711362 -0.0304464 0.0005526
v 0.02986999 -0.02469043 0.0005526
v 0.0247645 -0.02487798 0.0005526
v 0.0239899 -0.02717103 0.0005526
v 0.02630812 -0.03027898 0.0005526
v 0.02556609 -0.02992364 0.0005526
v 0.03003615 -0.0292135 0.0005526
v 0.03047834 -0.02851971 0.0005526
v 0.02443876 -0.02874159 0.0005526
v 0.02579383 -0.02772346 0.00091934
v 0.02769437 -0.02355811 0.004402
v 0.02900682 -0.02636802 0.002402
v 0.03036189 -0.02534989 0.0005526
v 0.02424361 -0.02553408 0.004402
v 0.02685118 -0.02358909 0.004402
v 0.02900682 -0.02636802 0.00091934
v 0.02560412 -0.02780349 0.00055353
v 0.025846 -0.02586907 0.00055353
v 0.02895465 -0.02822241 0.00055353
v 0.02715847 -0.02898018 0.00055353
v 0.02764219 -0.0251113 0.00055353
v 0.02761665 -0.02531561 0.00091934
v 0.02919653 -0.02628799 0.00055353
v 0.01726846 -0.03283782 0.000802
v 0.01783208 -0.03346571 0.004402
v 0.01783208 -0.03346571 0.000802
v 0.01335833 -0.03858228 0.000802
v 0.01266082 -0.0381075 0.004402
v 0.01266082 -0.0381075 0.000802
v 0.01148749 -0.03507341 0.000802
v 0.01168407 -0.03425287 0.004402
v 0.01168407 -0.03425287 0.000802
v 0.01209721 -0.0374796 0.004402
v 0.01209721 -0.0374796 0.000802
v 0.01414919 -0.03887634 0.000802
v 0.01335833 -0.03858228 0.004402
v 0.01822905 -0.03421026 0.004402
v 0.01822905 -0.03421026 0.000802
v 0.01410493 -0.03207989 0.000802
v 0.01494185 -0.03197274 0.004402
v 0.01494185 -0.03197274 0.000802
v 0.01331796 -0.03238422 0.000802
v 0.01410493 -0.03207989 0.004402
v 0.01207131 -0.03350323 0.004402
v 0.01207131 -0.03350323 0.000802
v 0.01149298 -0.03591715 0.000802
v 0.01148749 -0.03507341 0.004402
v 0.01170024 -0.03673505 0.000802
v 0.01149298 -0.03591715 0.004402
v 0.01170024 -0.03673505 0.004402
v 0.01498744 -0.03897258 0.000802
v 0.01582436 -0.03886543 0.004402
v 0.01498744 -0.03897258 0.004402
v 0.01730258 -0.03807728 0.000802
v 0.01661132 -0.03856109 0.004402
v 0.01661132 -0.03856109 0.000802
v 0.01785797 -0.03744208 0.000802
v 0.01730258 -0.03807728 0.004402
v 0.0184418 -0.0358719 0.000802
v 0.01824521 -0.03669244 0.004402
v 0.01824521 -0.03669244 0.000802
v 0.0184363 -0.03502816 0.000802
v 0.0184418 -0.0358719 0.004402
v 0.01414919 -0.03887634 0.004402
v 0.01412636 -0.03216448 0.0005526
v 0.01752731 -0.03721701 0.00040201
v 0.01816342 -0.03666202 0.0005526
v 0.01778583 -0.03739298 0.0005526
v 0.01700517 -0.03313894 0.00040201
v 0.0165309 -0.03244057 0.0005526
v 0.01721102 -0.03290351 0.0005526
v 0.01157419 -0.03508336 0.0005526
v 0.01498483 -0.03857259 0.00040201
v 0.01580293 -0.03878083 0.0005526
v 0.01498687 -0.03888532 0.0005526
v 0.01424238 -0.03848735 0.00040201
v 0.01416952 -0.03879148 0.0005526
v 0.01803954 -0.03507897 0.00040201
v 0.0183551 -0.03586195 0.0005526
v 0.01804441 -0.03582628 0.00040201
v 0.0126267 -0.03286804 0.000802
v 0.01331796 -0.03238422 0.004402
v 0.0157801 -0.03206898 0.000802
v 0.01575977 -0.03215384 0.0005526
v 0.01420318 -0.03246763 0.00040201
v 0.01494242 -0.03205999 0.0005526
v 0.01494446 -0.03237272 0.00040201
v 0.0121687 -0.03742956 0.0005526
v 0.01207331 -0.03659078 0.00040201
v 0.01242492 -0.03725023 0.00040201
v 0.01157954 -0.03590607 0.0005526
v 0.01188488 -0.03511904 0.00040201
v 0.01188974 -0.03586635 0.00040201
v 0.01657096 -0.03236303 0.000802
v 0.01726846 -0.03283782 0.004402
v 0.0184363 -0.03502816 0.004402
v 0.01785797 -0.03744208 0.004402
v 0.01582436 -0.03886543 0.000802
v 0.0161219 -0.03343774 0.00040201
v 0.01638738 -0.03271842 0.00040201
v 0.01750437 -0.03369508 0.00040201
v 0.01730556 -0.03545741 0.00040201
v 0.0161483 -0.03749233 0.00040201
v 0.01787029 -0.03655303 0.00040201
v 0.01292412 -0.03780637 0.00040201
v 0.01380739 -0.03750758 0.00040201
v 0.01354191 -0.03822689 0.00040201
v 0.01378098 -0.03345298 0.00040201
v 0.01582659 -0.03395701 0.00091934
v 0.01408303 -0.03396837 0.002402
v 0.01408303 -0.03396837 0.00091934
v 0.01785597 -0.03435453 0.00040201
v 0.01642313 -0.03820813 0.00040201
v 0.01703539 -0.0377796 0.00040201
v 0.01350616 -0.03273719 0.00040201
v 0.01572611 -0.03847769 0.00040201
v 0.0141027 -0.03698831 0.00091934
v 0.01322108 -0.03548401 0.002402
v 0.0141027 -0.03698831 0.002402
v 0.01262373 -0.0354879 0.00040201
v 0.01205899 -0.03439228 0.00040201
v 0.01584626 -0.03697695 0.002402
v 0.01584626 -0.03697695 0.00091934
v 0.01240198 -0.03372831 0.00040201
v 0.0128939 -0.03316571 0.00040201
v 0.0156869 -0.03245797 0.00040201
v 0.012685 -0.03293298 0.0005526
v 0.01214345 -0.03355233 0.0005526
v 0.01339838 -0.03850475 0.0005526
v 0.01814765 -0.03424174 0.0005526
v 0.01776058 -0.03351576 0.0005526
v 0.01335902 -0.03246123 0.0005526
v 0.01176587 -0.03428329 0.0005526
v 0.01271827 -0.0380418 0.0005526
v 0.01657026 -0.03848409 0.0005526
v 0.01724429 -0.03801233 0.0005526
v 0.01178163 -0.03670358 0.0005526
v 0.01322108 -0.03548401 0.00091934
v 0.01657096 -0.03236303 0.004402
v 0.0167082 -0.0354613 0.002402
v 0.01834974 -0.03503924 0.0005526
v 0.0126267 -0.03286804 0.004402
v 0.0157801 -0.03206898 0.004402
v 0.01582659 -0.03395701 0.002402
v 0.0167082 -0.0354613 0.00091934
v 0.01397893 -0.03379074 0.00055353
v 0.01301519 -0.03548535 0.00055353
v 0.01595036 -0.03715457 0.00055353
v 0.0169141 -0.03545997 0.00055353
v 0.01400091 -0.03716729 0.00055353
v 0.01592838 -0.03377803 0.00055353
v 0.00338749 -0.03694654 0.00080201
v 0.00366792 -0.03774232 0.004402
v 0.00366792 -0.03774232 0.00080201
v -0.00242331 -0.04075739 0.00080201
v -0.00288603 -0.04005183 0.004402
v -0.00288603 -0.04005183 0.00080201
v -0.00280896 -0.03679968 0.00080201
v -0.00231333 -0.03611683 0.004402
v -0.00231333 -0.03611683 0.00080201
v -0.00316646 -0.03925604 0.004402
v -0.00316646 -0.03925604 0.00080201
v -0.00180519 -0.04133171 0.00080201
v -0.00242331 -0.04075739 0.004402
v 0.00374975 -0.03858211 0.004402
v 0.00374975 -0.03858211 0.00080201
v 0.00075481 -0.03503567 0.00080201
v 0.00156903 -0.03525695 0.004402
v 0.00156903 -0.03525695 0.00080201
v -8.871E-05 -0.03501568 0.00080201
v 0.00075481 -0.03503567 0.004402
v -0.00166869 -0.03557244 0.004402
v -0.00166869 -0.03557244 0.00080201
v -0.00312677 -0.03758129 0.00080201
v -0.00280896 -0.03679968 0.004402
v -0.00324829 -0.03841626 0.00080201
v -0.00312677 -0.03758129 0.004402
v -0.00324829 -0.03841626 0.004402
v -0.00025335 -0.04196269 0.00080201
v -0.00106758 -0.04174141 0.004402
v -0.00106758 -0.04174141 0.00080201
v 0.00059017 -0.04198268 0.00080201
v 0.00141396 -0.04180023 0.004402
v 0.00059017 -0.04198268 0.004402
v 0.00217015 -0.04142592 0.00080201
v 0.00141396 -0.04180023 0.00080201
v 0.00331042 -0.04019868 0.00080201
v 0.00281479 -0.04088153 0.004402
v 0.00281479 -0.04088153 0.00080201
v 0.00362822 -0.03941707 0.00080201
v 0.00331042 -0.04019868 0.004402
v -0.00180519 -0.04133171 0.004402
v 0.00074224 -0.03512203 0.0005526
v 0.00212229 -0.04135295 0.0005526
v 0.00252176 -0.04060927 0.00040201
v 0.00275086 -0.04082213 0.0005526
v 0.00330928 -0.03698525 0.0005526
v 0.00261916 -0.03649906 0.00040201
v 0.0028581 -0.03629728 0.0005526
v -0.0022494 -0.03617624 0.0005526
v -0.00273267 -0.03684206 0.0005526
v -0.00103471 -0.04166058 0.0005526
v -0.00019574 -0.04156686 0.00040201
v -0.00024078 -0.04187634 0.0005526
v -0.00175393 -0.04126109 0.0005526
v -0.00091691 -0.04137088 0.00040201
v 0.00324222 -0.03931217 0.00040201
v 0.00323413 -0.04015631 0.0005526
v 0.00296074 -0.04000446 0.00040201
v -0.0009125 -0.03519814 0.00080201
v -8.871E-05 -0.03501568 0.004402
v 0.00230664 -0.03566665 0.00080201
v 0.00225538 -0.03573727 0.0005526
v 0.0006972 -0.0354315 0.00040201
v 0.00153617 -0.03533779 0.0005526
v 0.00141837 -0.03562749 0.00040201
v -0.00277592 -0.03916954 0.00040201
v -0.00316105 -0.03841832 0.0005526
v -0.0028484 -0.03842573 0.00040201
v -0.00274077 -0.0376862 0.00040201
v -0.00245928 -0.03699391 0.00040201
v 0.00292477 -0.03624098 0.00080201
v 0.00338749 -0.03694654 0.004402
v 0.00362822 -0.03941707 0.004402
v 0.00217015 -0.04142592 0.004402
v -0.00025335 -0.04196269 0.004402
v 0.00209862 -0.03706202 0.00040201
v 0.003029 -0.03712398 0.00040201
v 0.00327738 -0.03782883 0.00040201
v 0.00241929 -0.03938093 0.00040201
v 0.00195079 -0.04109144 0.00040201
v 0.00057139 -0.04081808 0.00040201
v -0.00252755 -0.03987438 0.00040201
v -0.00159717 -0.03993634 0.00040201
v -0.00211771 -0.04049931 0.00040201
v -6.993E-05 -0.03618028 0.00040201
v 0.00162708 -0.03742876 0.00091934
v 1.189E-05 -0.03677202 0.002402
v 1.189E-05 -0.03677202 0.00091934
v 0.00334986 -0.03857264 0.00040201
v 0.00055138 -0.04158456 0.00040201
v 0.00128102 -0.04142296 0.00040201
v -4.992E-05 -0.0354138 0.00040201
v -0.00157022 -0.04100799 0.00040201
v -0.00112562 -0.03956961 0.00091934
v -0.00136446 -0.03784244 0.002402
v -0.00112562 -0.03956961 0.002402
v -0.00191783 -0.03761743 0.00040201
v -0.0020203 -0.0363891 0.00040201
v 0.00048957 -0.04022634 0.002402
v 0.00048957 -0.04022634 0.00091934
v -0.00144933 -0.03590693 0.00040201
v -0.00077956 -0.0355754 0.00040201
v 0.00207168 -0.03599037 0.00040201
v -0.00162084 -0.03564541 0.0005526
v -0.0008835 -0.03528045 0.0005526
v -0.00235664 -0.04070108 0.0005526
v 0.0036625 -0.03858004 0.0005526
v 0.00358271 -0.0377612 0.0005526
v -8.025E-05 -0.03510254 0.0005526
v -0.00308126 -0.03923717 0.0005526
v -0.00280782 -0.04001312 0.0005526
v 0.0005817 -0.04189583 0.0005526
v 0.00138496 -0.04171792 0.0005526
v -0.00304256 -0.03760419 0.0005526
v -0.00136446 -0.03784244 0.00091934
v 0.00292477 -0.03624098 0.004402
v 0.00186591 -0.03915593 0.002402
v 0.00354401 -0.03939418 0.0005526
v -0.0009125 -0.03519814 0.004402
v 0.00230664 -0.03566665 0.004402
v 0.00162708 -0.03742876 0.002402
v 0.00186591 -0.03915593 0.00091934
v -1.631E-05 -0.03656807 0.00055353
v -0.00155519 -0.03776488 0.00055353
v 0.00051777 -0.04043029 0.00055353
v -0.00128815 -0.03969601 0.00055353
v 0.00178961 -0.03730235 0.00055353
v 0.00205665 -0.03923348 0.00055353
v -0.01100919 -0.03543048 0.00080201
v -0.01105465 -0.03627301 0.004402
v -0.01105465 -0.03627301 0.00080201
v -0.01783603 -0.03672755 0.00080201
v -0.01799352 -0.03589863 0.004402
v -0.01799352 -0.03589863 0.00080201
v -0.01667777 -0.03292353 0.00080201
v -0.01595856 -0.03248233 0.004402
v -0.01595856 -0.03248233 0.00080201
v -0.01794807 -0.0350561 0.004402
v -0.01794807 -0.0350561 0.00080201
v -0.01748474 -0.03749471 0.00080201
v -0.01783603 -0.03672755 0.004402
v -0.01130042 -0.03708019 0.004402
v -0.01130042 -0.03708019 0.00080201
v -0.01271022 -0.03265759 0.00080201
v -0.01204266 -0.03317361 0.004402
v -0.01204266 -0.03317361 0.00080201
v -0.01348188 -0.03231632 0.00080201
v -0.01271022 -0.03265759 0.004402
v -0.01515466 -0.03222607 0.004402
v -0.01515466 -0.03222607 0.00080201
v -0.0172705 -0.03352403 0.00080201
v -0.01667777 -0.03292353 0.004402
v -0.01770229 -0.03424893 0.00080201
v -0.0172705 -0.03352403 0.004402
v -0.01770229 -0.03424893 0.004402
v -0.0162925 -0.03867152 0.00080201
v -0.01696006 -0.03815549 0.004402
v -0.01696006 -0.03815549 0.00080201
v -0.01552083 -0.03901279 0.00080201
v -0.01468993 -0.03915947 0.004402
v -0.01552083 -0.03901279 0.004402
v -0.01384806 -0.03910304 0.00080201
v -0.01468993 -0.03915947 0.00080201
v -0.01232495 -0.03840558 0.00080201
v -0.01304416 -0.03884678 0.004402
v -0.01304416 -0.03884678 0.00080201
v -0.01173222 -0.03780508 0.00080201
v -0.01232495 -0.03840558 0.004402
v -0.01748474 -0.03749471 0.004402
v -0.01275488 -0.03273256 0.00055261
v -0.01392272 -0.03871007 0.00040201
v -0.01308049 -0.03876743 0.00055261
v -0.01386435 -0.03901731 0.00055261
v -0.0114083 -0.03545723 0.00040201
v -0.01124984 -0.03462806 0.00055261
v -0.01109627 -0.03543632 0.00055261
v -0.01592222 -0.03256167 0.00055261
v -0.01662351 -0.03299187 0.00055261
v -0.01667907 -0.03787082 0.00040201
v -0.01624784 -0.03859654 0.00055261
v -0.01689876 -0.03809338 0.00055261
v -0.01714378 -0.03728554 0.00040201
v -0.01741035 -0.03744908 0.00055261
v -0.01204869 -0.03756045 0.00040201
v -0.01237921 -0.03833724 0.00055261
v -0.01257368 -0.03809232 0.00040201
v -0.01431279 -0.03216964 0.00080201
v -0.01348188 -0.03231632 0.004402
v -0.01151798 -0.03383441 0.00080201
v -0.01159236 -0.03388004 0.00055261
v -0.01291492 -0.03300124 0.00040201
v -0.01210396 -0.03323572 0.00055261
v -0.01232365 -0.0334583 0.00040201
v -0.01786213 -0.03507126 0.00055261
v -0.01733647 -0.0344107 0.00040201
v -0.01755416 -0.03512564 0.00040201
v -0.01695402 -0.03376865 0.00040201
v -0.01642904 -0.03323679 0.00040201
v -0.01116669 -0.03460155 0.00080201
v -0.01100919 -0.03543048 0.004402
v -0.01173222 -0.03780508 0.004402
v -0.01384806 -0.03910304 0.004402
v -0.0162925 -0.03867152 0.004402
v -0.01224415 -0.03504395 0.00040201
v -0.01154779 -0.03472304 0.00040201
v -0.01144856 -0.03620347 0.00040201
v -0.0128353 -0.03730906 0.00040201
v -0.01509251 -0.03792965 0.00040201
v -0.0132107 -0.0384831 0.00040201
v -0.01759442 -0.03587187 0.00040201
v -0.01675857 -0.03628516 0.00040201
v -0.01745492 -0.03660607 0.00040201
v -0.01391021 -0.03339946 0.00040201
v -0.01406106 -0.03397747 0.00091935
v -0.01282015 -0.03520232 0.002402
v -0.01406106 -0.03397747 0.002402
v -0.01166624 -0.0369184 0.00040201
v -0.01540432 -0.03863013 0.00040201
v -0.01466837 -0.03876005 0.00040201
v -0.0135984 -0.03269898 0.00040201
v -0.0160878 -0.03832786 0.00040201
v -0.01618257 -0.03612679 0.00091935
v -0.01574227 -0.0344397 0.002402
v -0.01618257 -0.03612679 0.002402
v -0.01616741 -0.03402006 0.00040201
v -0.01579202 -0.03284601 0.00040201
v -0.01494166 -0.03735165 0.002402
v -0.01494166 -0.03735165 0.00091935
v -0.01508 -0.03261904 0.00040201
v -0.01433434 -0.03256906 0.00040201
v -0.01185894 -0.03404356 0.00040201
v -0.01431749 -0.03225678 0.00055261
v -0.01513837 -0.0323118 0.00055261
v -0.01775288 -0.03670105 0.00055261
v -0.01138024 -0.03704489 0.00055261
v -0.01114059 -0.03625784 0.00055261
v -0.0135073 -0.0323998 0.00055261
v -0.01468522 -0.03907233 0.00055261
v -0.01790645 -0.03589279 0.00055261
v -0.01549542 -0.03892931 0.00055261
v -0.01720146 -0.0335774 0.00055261
v -0.01762248 -0.03428422 0.00055261
v -0.01574227 -0.0344397 0.00091935
v -0.01116669 -0.03460155 0.004402
v -0.01326045 -0.03688941 0.002402
v -0.01180126 -0.03775171 0.00055261
v -0.01431279 -0.03216964 0.004402
v -0.01151798 -0.03383441 0.004402
v -0.01326045 -0.03688941 0.00091935
v -0.01400907 -0.03377825 0.00055353
v -0.0158888 -0.03429506 0.00055353
v -0.01499365 -0.03755086 0.00055353
v -0.01638111 -0.03618138 0.00055353
v -0.01262161 -0.03514773 0.00055353
v -0.01282015 -0.03520232 0.00091935
v -0.01311391 -0.03703405 0.00055353
v -0.02372983 -0.02852046 0.00080201
v -0.02409425 -0.02928146 0.004402
v -0.02409425 -0.02928146 0.00080201
v -0.03053337 -0.02710628 0.00080201
v -0.03036166 -0.02628018 0.004402
v -0.03036166 -0.02628018 0.00080201
v -0.02800754 -0.02403506 0.00080201
v -0.02717423 -0.02390268 0.004402
v -0.02717423 -0.02390268 0.00080201
v -0.02999724 -0.02551918 0.004402
v -0.02999724 -0.02551918 0.00080201
v -0.0305024 -0.02794947 0.00080201
v -0.03053337 -0.02710628 0.004402
v -0.02463021 -0.02993314 0.004402
v -0.02463021 -0.02993314 0.00080201
v -0.02424023 -0.02530769 0.00080201
v -0.02382096 -0.0260399 0.004402
v -0.02382096 -0.0260399 0.00080201
v -0.02482256 -0.0246971 0.00080201
v -0.02424023 -0.02530769 0.004402
v -0.02633346 -0.02397356 0.004402
v -0.02633346 -0.02397356 0.00080201
v -0.02878495 -0.02436303 0.00080201
v -0.02800754 -0.02403506 0.004402
v -0.02946128 -0.0248675 0.00080201
v -0.02878495 -0.02436303 0.004402
v -0.02946128 -0.0248675 0.004402
v -0.02985125 -0.02949295 0.00080201
v -0.03027053 -0.02876074 0.004402
v -0.03027053 -0.02876074 0.00080201
v -0.02855741 -0.03055704 0.00080201
v -0.02926893 -0.03010355 0.004402
v -0.02926893 -0.03010355 0.00080201
v -0.02775803 -0.03082708 0.00080201
v -0.02855741 -0.03055704 0.004402
v -0.02608395 -0.03076558 0.00080201
v -0.02691725 -0.03089796 0.004402
v -0.02691725 -0.03089796 0.00080201
v -0.02530654 -0.03043761 0.00080201
v -0.02608395 -0.03076558 0.004402
v -0.0305024 -0.02794947 0.004402
v -0.02431018 -0.02535986 0.00055261
v -0.02767662 -0.03043545 0.00040201
v -0.02692045 -0.03081075 0.00055261
v -0.02774027 -0.03074164 0.00055261
v -0.02381251 -0.02849253 0.00055261
v -0.02395671 -0.02766076 0.00040201
v -0.02364508 -0.02768703 0.00055261
v -0.02717103 -0.02398989 0.00055261
v -0.02798356 -0.02411897 0.00055261
v -0.02990198 -0.02860527 0.00040201
v -0.02978131 -0.02944078 0.00055261
v -0.03019013 -0.02872683 0.00055261
v -0.03010735 -0.02788671 0.00040201
v -0.03041621 -0.02793578 0.00055261
v -0.02550531 -0.0300905 0.00040201
v -0.02610793 -0.03068167 0.00055261
v -0.02619387 -0.03038098 0.00040201
v -0.02553408 -0.0242436 0.00080201
v -0.02482256 -0.0246971 0.004402
v -0.02367528 -0.02686486 0.00055261
v -0.02355812 -0.02769436 0.00080201
v -0.0241895 -0.02619538 0.00040201
v -0.02390136 -0.02607382 0.00055261
v -0.02965992 -0.02573417 0.00040201
v -0.02940105 -0.02493065 0.00055261
v -0.02918522 -0.02515697 0.00040201
v -0.02858618 -0.02471014 0.00040201
v -0.02789762 -0.02441966 0.00040201
v -0.02372983 -0.02852046 0.004402
v -0.02530654 -0.03043761 0.004402
v -0.02775803 -0.03082708 0.004402
v -0.02985125 -0.02949295 0.004402
v -0.02472286 -0.02769075 0.00040201
v -0.0241088 -0.02839245 0.00040201
v -0.02443156 -0.02906647 0.00040201
v -0.02613583 -0.02955722 0.00040201
v -0.02845871 -0.02926677 0.00040201
v -0.02693194 -0.03049823 0.00040201
v -0.02998269 -0.0264082 0.00040201
v -0.02936863 -0.02710989 0.00040201
v -0.03013478 -0.02713989 0.00040201
v -0.02563277 -0.02553387 0.00040201
v -0.02456086 -0.02554685 0.00040201
v -0.02531562 -0.02761664 0.00091935
v -0.02599334 -0.02601015 0.002402
v -0.02599334 -0.02601015 0.00091935
v -0.02490627 -0.02964367 0.00040201
v -0.02901485 -0.02979461 0.00040201
v -0.02838464 -0.03019627 0.00040201
v -0.02507664 -0.02500603 0.00040201
v -0.02953063 -0.0292538 0.00040201
v -0.02877587 -0.027184 0.00091935
v -0.02772346 -0.02579382 0.002402
v -0.02877587 -0.027184 0.002402
v -0.02795566 -0.02524343 0.00040201
v -0.02715955 -0.02430241 0.00040201
v -0.02809815 -0.02879049 0.00091935
v -0.02809815 -0.02879049 0.002402
v -0.02641487 -0.0243652 0.00040201
v -0.02570685 -0.02460437 0.00040201
v -0.02398414 -0.02691393 0.00040201
v -0.02635122 -0.02405901 0.00055261
v -0.02557177 -0.02432231 0.00055261
v -0.03044641 -0.02711361 0.00055261
v -0.02469043 -0.02986998 0.00055261
v -0.02416784 -0.02923456 0.00055261
v -0.02487799 -0.02476449 0.00055261
v -0.02851971 -0.03047833 0.00055261
v -0.02358909 -0.02685117 0.00080201
v -0.03027898 -0.02630811 0.00055261
v -0.02992365 -0.02556608 0.00055261
v -0.0292135 -0.03003614 0.00055261
v -0.02874159 -0.02443876 0.00055261
v -0.02772346 -0.02579382 0.00091935
v -0.02355812 -0.02769436 0.004402
v -0.02636802 -0.02900682 0.002402
v -0.0253499 -0.03036188 0.00055261
v -0.02553408 -0.0242436 0.004402
v -0.02358909 -0.02685117 0.004402
v -0.02531562 -0.02761664 0.002402
v -0.02636802 -0.02900682 0.00091935
v -0.02586907 -0.025846 0.00055353
v -0.02780349 -0.02560412 0.00055353
v -0.02822242 -0.02895464 0.00055353
v -0.02898018 -0.02715846 0.00055353
v -0.0251113 -0.02764219 0.00055353
v -0.02628799 -0.02919652 0.00055353
v -0.03283782 -0.01726846 0.00080201
v -0.03346572 -0.01783207 0.004402
v -0.03346572 -0.01783207 0.00080201
v -0.03858228 -0.01335832 0.00080201
v -0.0381075 -0.01266082 0.004402
v -0.0381075 -0.01266082 0.00080201
v -0.03507342 -0.01148748 0.00080201
v -0.03425288 -0.01168407 0.004402
v -0.03425288 -0.01168407 0.00080201
v -0.03747961 -0.0120972 0.004402
v -0.03747961 -0.0120972 0.00080201
v -0.03887634 -0.01414918 0.00080201
v -0.03858228 -0.01335832 0.004402
v -0.03421026 -0.01822904 0.004402
v -0.03421026 -0.01822904 0.00080201
v -0.03207989 -0.01410492 0.00080201
v -0.03197274 -0.01494184 0.004402
v -0.03197274 -0.01494184 0.00080201
v -0.03238422 -0.01331796 0.00080201
v -0.03207989 -0.01410492 0.004402
v -0.03350323 -0.01207131 0.004402
v -0.03350323 -0.01207131 0.00080201
v -0.03591716 -0.01149298 0.00080201
v -0.03507342 -0.01148748 0.004402
v -0.03673506 -0.01170023 0.00080201
v -0.03591716 -0.01149298 0.004402
v -0.03673506 -0.01170023 0.004402
v -0.03886543 -0.01582436 0.00080201
v -0.03897258 -0.01498743 0.004402
v -0.03897258 -0.01498743 0.00080201
v -0.03807728 -0.01730258 0.00080201
v -0.0385611 -0.01661132 0.004402
v -0.0385611 -0.01661132 0.00080201
v -0.03744209 -0.01785797 0.00080201
v -0.03807728 -0.01730258 0.004402
v -0.0358719 -0.01844179 0.00080201
v -0.03669244 -0.01824521 0.004402
v -0.03669244 -0.01824521 0.00080201
v -0.03502817 -0.0184363 0.00080201
v -0.0358719 -0.01844179 0.004402
v -0.03887634 -0.01414918 0.004402
v -0.03216448 -0.01412635 0.00055261
v -0.03721701 -0.0175273 0.00040201
v -0.03666203 -0.01816341 0.00055261
v -0.03739299 -0.01778582 0.00055261
v -0.03313894 -0.01700516 0.00040201
v -0.03244058 -0.0165309 0.00055261
v -0.03290351 -0.01721101 0.00055261
v -0.03508337 -0.01157418 0.00055261
v -0.03888532 -0.01498686 0.00055261
v -0.03847769 -0.0157261 0.00040201
v -0.03878083 -0.01580292 0.00055261
v -0.03848735 -0.01424238 0.00040201
v -0.03879148 -0.01416951 0.00055261
v -0.03507897 -0.01803954 0.00040201
v -0.03586195 -0.01835509 0.00055261
v -0.03582628 -0.0180444 0.00040201
v -0.03286804 -0.01262669 0.00080201
v -0.03238422 -0.01331796 0.004402
v -0.03215384 -0.01575976 0.00055261
v -0.03236304 -0.01657095 0.00080201
v -0.03246763 -0.01420317 0.00040201
v -0.03205999 -0.01494241 0.00055261
v -0.03237272 -0.01494445 0.00040201
v -0.03725024 -0.01242491 0.00040201
v -0.03670358 -0.01178162 0.00055261
v -0.03659078 -0.01207331 0.00040201
v -0.03586635 -0.01188974 0.00040201
v -0.03511904 -0.01188487 0.00040201
v -0.03283782 -0.01726846 0.004402
v -0.03502817 -0.0184363 0.004402
v -0.03744209 -0.01785797 0.004402
v -0.03886543 -0.01582436 0.004402
v -0.03343774 -0.01612189 0.00040201
v -0.03271843 -0.01638737 0.00040201
v -0.03369508 -0.01750436 0.00040201
v -0.03545742 -0.01730555 0.00040201
v -0.03749233 -0.0161483 0.00040201
v -0.03655304 -0.01787028 0.00040201
v -0.03780638 -0.01292411 0.00040201
v -0.03750758 -0.01380738 0.00040201
v -0.03822689 -0.0135419 0.00040201
v -0.03345298 -0.01378098 0.00040201
v -0.03395701 -0.01582658 0.00091935
v -0.03396837 -0.01408302 0.002402
v -0.03396837 -0.01408302 0.00091935
v -0.03435454 -0.01785597 0.00040201
v -0.03820813 -0.01642312 0.00040201
v -0.0377796 -0.01703539 0.00040201
v -0.03273719 -0.01350615 0.00040201
v -0.03857259 -0.01498482 0.00040201
v -0.03698831 -0.01410269 0.00091935
v -0.03548401 -0.01322108 0.002402
v -0.03698831 -0.01410269 0.002402
v -0.0354879 -0.01262372 0.00040201
v -0.03439228 -0.01205899 0.00040201
v -0.03697695 -0.01584625 0.002402
v -0.03697695 -0.01584625 0.00091935
v -0.03372831 -0.01240197 0.00040201
v -0.03316572 -0.01289389 0.00040201
v -0.03245797 -0.0156869 0.00040201
v -0.03293299 -0.01268499 0.00055261
v -0.03355233 -0.01214345 0.00055261
v -0.03850475 -0.01339837 0.00055261
v -0.03351576 -0.01776058 0.00055261
v -0.03424174 -0.01814765 0.00055261
v -0.03246123 -0.01335901 0.00055261
v -0.0342833 -0.01176586 0.00055261
v -0.03742956 -0.0121687 0.00055261
v -0.03804181 -0.01271826 0.00055261
v -0.03801234 -0.01724428 0.00055261
v -0.03848409 -0.01657026 0.00055261
v -0.03590608 -0.01157954 0.00055261
v -0.03548401 -0.01322108 0.00091935
v -0.03206898 -0.01578009 0.00080201
v -0.03236304 -0.01657095 0.004402
v -0.03546131 -0.0167082 0.002402
v -0.03503925 -0.01834974 0.00055261
v -0.03286804 -0.01262669 0.004402
v -0.03206898 -0.01578009 0.004402
v -0.03395701 -0.01582658 0.002402
v -0.03546131 -0.0167082 0.00091935
v -0.03548535 -0.01301518 0.00055353
v -0.03379074 -0.01397892 0.00055353
v -0.03715457 -0.01595035 0.00055353
v -0.03716729 -0.01400091 0.00055353
v -0.03377803 -0.01592837 0.00055353
v -0.03545997 -0.01691409 0.00055353
v -0.03774232 -0.00366791 0.00080201
v -0.03694654 -0.00338748 0.004402
v -0.03774232 -0.00366791 0.004402
v -0.04075739 0.00242332 0.00080201
v -0.04005183 0.00288604 0.004402
v -0.04005183 0.00288604 0.00080201
v -0.03679968 0.00280897 0.00080201
v -0.03611683 0.00231334 0.004402
v -0.03611683 0.00231334 0.00080201
v -0.03925604 0.00316647 0.004402
v -0.03925604 0.00316647 0.00080201
v -0.04133171 0.0018052 0.00080201
v -0.04075739 0.00242332 0.004402
v -0.03858211 -0.00374974 0.00080201
v -0.03858211 -0.00374974 0.004402
v -0.03503567 -0.0007548 0.00080201
v -0.03525695 -0.00156903 0.004402
v -0.03525695 -0.00156903 0.00080201
v -0.03501568 8.872E-05 0.00080201
v -0.03503567 -0.0007548 0.004402
v -0.03557244 0.0016687 0.004402
v -0.03557244 0.0016687 0.00080201
v -0.03758129 0.00312678 0.00080201
v -0.03679968 0.00280897 0.004402
v -0.03841625 0.0032483 0.00080201
v -0.03758129 0.00312678 0.004402
v -0.03841625 0.0032483 0.004402
v -0.04196269 0.00025336 0.00080201
v -0.04174141 0.00106758 0.004402
v -0.04174141 0.00106758 0.00080201
v -0.04198268 -0.00059016 0.00080201
v -0.04180023 -0.00141395 0.004402
v -0.04198268 -0.00059016 0.004402
v -0.04142592 -0.00217014 0.00080201
v -0.04180023 -0.00141395 0.00080201
v -0.04019868 -0.00331041 0.00080201
v -0.04088153 -0.00281478 0.004402
v -0.04088153 -0.00281478 0.00080201
v -0.03941707 -0.00362822 0.00080201
v -0.04019868 -0.00331041 0.004402
v -0.04133171 0.0018052 0.004402
v -0.03512203 -0.00074223 0.00055261
v -0.04109144 -0.00195078 0.00040201
v -0.04082213 -0.00275085 0.00055261
v -0.04135296 -0.00212228 0.00055261
v -0.03712398 -0.003029 0.00040201
v -0.03629728 -0.00285809 0.00055261
v -0.03698525 -0.00330927 0.00055261
v -0.03617623 0.00224941 0.00055261
v -0.03684206 0.00273268 0.00055261
v -0.03694654 -0.00338748 0.00080201
v -0.04137088 0.00091692 0.00040201
v -0.04187633 0.00024079 0.00055261
v -0.04166057 0.00103472 0.00055261
v -0.04100799 0.00157023 0.00040201
v -0.04126108 0.00175393 0.00055261
v -0.03931217 -0.00324222 0.00040201
v -0.04015631 -0.00323412 0.00055261
v -0.04000446 -0.00296073 0.00040201
v -0.03519813 0.00091251 0.00080201
v -0.03501568 8.872E-05 0.004402
v -0.03573728 -0.00225538 0.00055261
v -0.03624098 -0.00292476 0.00080201
v -0.03562749 -0.00141836 0.00040201
v -0.03533779 -0.00153616 0.00055261
v -0.03923717 0.00308127 0.00055261
v -0.03842573 0.00284841 0.00040201
v -0.03916954 0.00277593 0.00040201
v -0.0376862 0.00274078 0.00040201
v -0.03699391 0.00245929 0.00040201
v -0.03941707 -0.00362822 0.004402
v -0.04142592 -0.00217014 0.004402
v -0.04196269 0.00025336 0.004402
v -0.03706203 -0.00209862 0.00040201
v -0.03649906 -0.00261916 0.00040201
v -0.03782883 -0.00327737 0.00040201
v -0.03938093 -0.00241928 0.00040201
v -0.04081808 -0.00057138 0.00040201
v -0.04060926 -0.00252175 0.00040201
v -0.03987439 0.00252755 0.00040201
v -0.03993635 0.00159717 0.00040201
v -0.0404993 0.00211772 0.00040201
v -0.03618028 6.994E-05 0.00040201
v -0.0354315 -0.00069719 0.00040201
v -0.03742876 -0.00162707 0.00091935
v -0.03677202 -1.188E-05 0.002402
v -0.03677202 -1.188E-05 0.00091935
v -0.03857264 -0.00334985 0.00040201
v -0.04158457 -0.00055137 0.00040201
v -0.04142296 -0.00128101 0.00040201
v -0.0354138 4.993E-05 0.00040201
v -0.04156686 0.00019575 0.00040201
v -0.03956961 0.00112563 0.00091935
v -0.03784244 0.00136446 0.002402
v -0.03956961 0.00112563 0.002402
v -0.03761743 0.00191784 0.00040201
v -0.0363891 0.00202031 0.00040201
v -0.04022634 -0.00048956 0.002402
v -0.04022634 -0.00048956 0.00091935
v -0.03590693 0.00144934 0.00040201
v -0.0355754 0.00077957 0.00040201
v -0.03599037 -0.00207168 0.00040201
v -0.03528045 0.00088351 0.00055261
v -0.03564541 0.00162084 0.00055261
v -0.04070108 0.00235665 0.00055261
v -0.03858005 -0.00366249 0.00055261
v -0.0377612 -0.00358271 0.00055261
v -0.03510254 8.025E-05 0.00055261
v -0.04001312 0.00280783 0.00055261
v -0.04189583 -0.0005817 0.00055261
v -0.04171792 -0.00138495 0.00055261
v -0.03760419 0.00304256 0.00055261
v -0.03841832 0.00316105 0.00055261
v -0.03784244 0.00136446 0.00091935
v -0.03566665 -0.00230664 0.00080201
v -0.03624098 -0.00292476 0.004402
v -0.03915593 -0.00186591 0.002402
v -0.03939418 -0.00354401 0.00055261
v -0.03519813 0.00091251 0.004402
v -0.03566665 -0.00230664 0.004402
v -0.03742876 -0.00162707 0.002402
v -0.03915593 -0.00186591 0.00091935
v -0.03656808 1.632E-05 0.00055353
v -0.03776488 0.0015552 0.00055353
v -0.04043029 -0.00051776 0.00055353
v -0.03923348 -0.00205664 0.00055353
v -0.03969602 0.00128816 0.00055353
v -0.03730235 -0.0017896 0.00055353
v -0.03543048 0.0110092 0.00080201
v -0.03627301 0.01105466 0.004402
v -0.03627301 0.01105466 0.00080201
v -0.03672755 0.01783604 0.00080201
v -0.03589862 0.01799353 0.004402
v -0.03589862 0.01799353 0.00080201
v -0.03292352 0.01667778 0.00080201
v -0.03248232 0.01595856 0.004402
v -0.03248232 0.01595856 0.00080201
v -0.03505609 0.01794807 0.004402
v -0.03505609 0.01794807 0.00080201
v -0.0374947 0.01748475 0.00080201
v -0.03672755 0.01783604 0.004402
v -0.03708018 0.01130043 0.004402
v -0.03708018 0.01130043 0.00080201
v -0.03265759 0.01271023 0.00080201
v -0.03317361 0.01204266 0.004402
v -0.03317361 0.01204266 0.00080201
v -0.03231632 0.01348189 0.00080201
v -0.03265759 0.01271023 0.004402
v -0.03222606 0.01515466 0.004402
v -0.03222606 0.01515466 0.00080201
v -0.03352402 0.01727051 0.00080201
v -0.03292352 0.01667778 0.004402
v -0.03424892 0.0177023 0.00080201
v -0.03352402 0.01727051 0.004402
v -0.03424892 0.0177023 0.004402
v -0.03867152 0.0162925 0.00080201
v -0.03815549 0.01696007 0.004402
v -0.03815549 0.01696007 0.00080201
v -0.03915947 0.01468994 0.00080201
v -0.03901278 0.01552084 0.004402
v -0.03901278 0.01552084 0.00080201
v -0.03910304 0.01384807 0.00080201
v -0.03915947 0.01468994 0.004402
v -0.03840558 0.01232495 0.00080201
v -0.03884678 0.01304417 0.004402
v -0.03884678 0.01304417 0.00080201
v -0.03780508 0.01173222 0.00080201
v -0.03840558 0.01232495 0.004402
v -0.0374947 0.01748475 0.004402
v -0.03273256 0.01275488 0.00055261
v -0.0390173 0.01386436 0.00055261
v -0.0384831 0.0132107 0.00040201
v -0.03876743 0.0130805 0.00055261
v -0.03545723 0.01140831 0.00040201
v -0.03462806 0.01124984 0.00055261
v -0.03543632 0.01109627 0.00055261
v -0.03256167 0.01592223 0.00055261
v -0.03299187 0.01662351 0.00055261
v -0.03809338 0.01689877 0.00055261
v -0.03832786 0.0160878 0.00040201
v -0.03859654 0.01624784 0.00055261
v -0.03728554 0.01714379 0.00040201
v -0.03744907 0.01741036 0.00055261
v -0.03756045 0.0120487 0.00040201
v -0.03833723 0.01237922 0.00055261
v -0.03809232 0.01257369 0.00040201
v -0.03216964 0.01431279 0.00080201
v -0.03231632 0.01348189 0.004402
v -0.03388004 0.01159237 0.00055261
v -0.03460155 0.01116669 0.00080201
v -0.03345829 0.01232366 0.00040201
v -0.03323572 0.01210396 0.00055261
v -0.03507126 0.01786213 0.00055261
v -0.0344107 0.01733648 0.00040201
v -0.03512563 0.01755416 0.00040201
v -0.03376865 0.01695403 0.00040201
v -0.03323678 0.01642904 0.00040201
v -0.03543048 0.0110092 0.004402
v -0.03780508 0.01173222 0.004402
v -0.03910304 0.01384807 0.004402
v -0.03867152 0.0162925 0.004402
v -0.03504394 0.01224415 0.00040201
v -0.03472304 0.0115478 0.00040201
v -0.03620347 0.01144857 0.00040201
v -0.03730905 0.01283531 0.00040201
v -0.03871007 0.01392273 0.00040201
v -0.03792965 0.01509252 0.00040201
v -0.03587187 0.01759442 0.00040201
v -0.03628515 0.01675857 0.00040201
v -0.03660607 0.01745493 0.00040201
v -0.03339946 0.01391021 0.00040201
v -0.03300124 0.01291493 0.00040201
v -0.03520232 0.01282015 0.00091935
v -0.03397746 0.01406107 0.002402
v -0.03397746 0.01406107 0.00091935
v -0.0369184 0.01166625 0.00040201
v -0.03863012 0.01540433 0.00040201
v -0.03876005 0.01466838 0.00040201
v -0.03269897 0.0135984 0.00040201
v -0.03787081 0.01667907 0.00040201
v -0.03612679 0.01618258 0.00091935
v -0.03443969 0.01574227 0.002402
v -0.03612679 0.01618258 0.002402
v -0.03402005 0.01616742 0.00040201
v -0.03284601 0.01579203 0.00040201
v -0.03735164 0.01494166 0.002402
v -0.03735164 0.01494166 0.00091935
v -0.03261904 0.01508 0.00040201
v -0.03256906 0.01433435 0.00040201
v -0.03404356 0.01185894 0.00040201
v -0.03225678 0.0143175 0.00055261
v -0.03231179 0.01513837 0.00055261
v -0.03670105 0.01775289 0.00055261
v -0.03704488 0.01138024 0.00055261
v -0.03625784 0.0111406 0.00055261
v -0.0323998 0.01350731 0.00055261
v -0.0338344 0.01151798 0.00080201
v -0.03589278 0.01790646 0.00055261
v -0.0389293 0.01549543 0.00055261
v -0.03907233 0.01468523 0.00055261
v -0.03357739 0.01720146 0.00055261
v -0.03428422 0.01762249 0.00055261
v -0.03443969 0.01574227 0.00091935
v -0.03460155 0.01116669 0.004402
v -0.03688941 0.01326045 0.002402
v -0.03775171 0.01180127 0.00055261
v -0.03216964 0.01431279 0.004402
v -0.0338344 0.01151798 0.004402
v -0.03520232 0.01282015 0.002402
v -0.03688941 0.01326045 0.00091935
v -0.03377825 0.01400908 0.00055353
v -0.03429506 0.01588881 0.00055353
v -0.03755085 0.01499366 0.00055353
v -0.03703405 0.01311392 0.00055353
v -0.03618138 0.01638111 0.00055353
v -0.03514773 0.01262162 0.00055353
v -0.02852046 0.02372983 0.00080201
v -0.02928146 0.02409425 0.004402
v -0.02928146 0.02409425 0.00080201
v -0.02710627 0.03053338 0.00080201
v -0.02628018 0.03036166 0.004402
v -0.02628018 0.03036166 0.00080201
v -0.02403506 0.02800754 0.00080201
v -0.02390268 0.02717424 0.004402
v -0.02390268 0.02717424 0.00080201
v -0.02551918 0.02999724 0.004402
v -0.02551918 0.02999724 0.00080201
v -0.02794946 0.0305024 0.00080201
v -0.02710627 0.03053338 0.004402
v -0.02993314 0.02463021 0.004402
v -0.02993314 0.02463021 0.00080201
v -0.02530769 0.02424024 0.00080201
v -0.02603989 0.02382096 0.004402
v -0.02603989 0.02382096 0.00080201
v -0.02469709 0.02482256 0.00080201
v -0.02530769 0.02424024 0.004402
v -0.02397356 0.02633346 0.004402
v -0.02397356 0.02633346 0.00080201
v -0.02436302 0.02878496 0.00080201
v -0.02403506 0.02800754 0.004402
v -0.0248675 0.02946128 0.00080201
v -0.02436302 0.02878496 0.004402
v -0.0248675 0.02946128 0.004402
v -0.02949295 0.02985126 0.00080201
v -0.02876074 0.03027053 0.004402
v -0.02876074 0.03027053 0.00080201
v -0.03055703 0.02855741 0.00080201
v -0.03010354 0.02926893 0.004402
v -0.03010354 0.02926893 0.00080201
v -0.03082707 0.02775803 0.00080201
v -0.03055703 0.02855741 0.004402
v -0.03076557 0.02608395 0.00080201
v -0.03089796 0.02691726 0.004402
v -0.03089796 0.02691726 0.00080201
v -0.03043761 0.02530655 0.00080201
v -0.03076557 0.02608395 0.004402
v -0.02794946 0.0305024 0.004402
v -0.02535986 0.02431019 0.00055261
v -0.03043544 0.02767663 0.00040201
v -0.03081075 0.02692046 0.00055261
v -0.03074163 0.02774028 0.00055261
v -0.02849253 0.02381251 0.00055261
v -0.02766075 0.02395671 0.00040201
v -0.02768702 0.02364508 0.00055261
v -0.02398988 0.02717104 0.00055261
v -0.02411897 0.02798357 0.00055261
v -0.02860526 0.02990199 0.00040201
v -0.02944077 0.02978131 0.00055261
v -0.02872682 0.03019013 0.00055261
v -0.02793577 0.03041621 0.00055261
v -0.03009049 0.02550531 0.00040201
v -0.03068166 0.02610793 0.00055261
v -0.03038097 0.02619387 0.00040201
v -0.0242436 0.02553409 0.00080201
v -0.02469709 0.02482256 0.004402
v -0.02685117 0.0235891 0.00080201
v -0.02686486 0.02367528 0.00055261
v -0.02554684 0.02456087 0.00040201
v -0.02607381 0.02390136 0.00055261
v -0.02619537 0.02418951 0.00040201
v -0.02573416 0.02965993 0.00040201
v -0.02493065 0.02940106 0.00055261
v -0.02515696 0.02918522 0.00040201
v -0.02471014 0.02858619 0.00040201
v -0.02441966 0.02789762 0.00040201
v -0.02769436 0.02355812 0.00080201
v -0.02852046 0.02372983 0.004402
v -0.03043761 0.02530655 0.004402
v -0.03082707 0.02775803 0.004402
v -0.02949295 0.02985126 0.004402
v -0.02769075 0.02472286 0.00040201
v -0.02839244 0.0241088 0.00040201
v -0.02906647 0.02443157 0.00040201
v -0.02955721 0.02613584 0.00040201
v -0.02926677 0.02845872 0.00040201
v -0.03049823 0.02693194 0.00040201
v -0.02640819 0.0299827 0.00040201
v -0.02710988 0.02936863 0.00040201
v -0.02713988 0.03013479 0.00040201
v -0.02553386 0.02563278 0.00040201
v -0.02761664 0.02531562 0.00091935
v -0.02601015 0.02599334 0.002402
v -0.02601015 0.02599334 0.00091935
v -0.02964367 0.02490627 0.00040201
v -0.0297946 0.02901486 0.00040201
v -0.03019627 0.02838465 0.00040201
v -0.02500603 0.02507664 0.00040201
v -0.02925379 0.02953063 0.00040201
v -0.0278867 0.03010735 0.00040201
v -0.02718399 0.02877588 0.00091935
v -0.02579382 0.02772347 0.002402
v -0.02718399 0.02877588 0.002402
v -0.02524342 0.02795566 0.00040201
v -0.0243024 0.02715955 0.00040201
v -0.02879049 0.02809815 0.002402
v -0.02879049 0.02809815 0.00091935
v -0.02436519 0.02641487 0.00040201
v -0.02460437 0.02570685 0.00040201
v -0.02691393 0.02398414 0.00040201
v -0.024059 0.02635122 0.00055261
v -0.0243223 0.02557177 0.00055261
v -0.02711361 0.03044641 0.00055261
v -0.02986998 0.02469044 0.00055261
v -0.02923455 0.02416785 0.00055261
v -0.02476449 0.02487799 0.00055261
v -0.02556608 0.02992365 0.00055261
v -0.02630811 0.03027898 0.00055261
v -0.03003614 0.02921351 0.00055261
v -0.03047833 0.02851972 0.00055261
v -0.02443875 0.02874159 0.00055261
v -0.02579382 0.02772347 0.00091935
v -0.02685117 0.0235891 0.004402
v -0.02769436 0.02355812 0.004402
v -0.02900681 0.02636803 0.002402
v -0.03036188 0.0253499 0.00055261
v -0.0242436 0.02553409 0.004402
v -0.02761664 0.02531562 0.002402
v -0.02900681 0.02636803 0.00091935
v -0.02584599 0.02586907 0.00055353
v -0.02560411 0.0278035 0.00055353
v -0.02895464 0.02822242 0.00055353
v -0.02919652 0.026288 0.00055353
v -0.02715845 0.02898019 0.00055353
v -0.02764218 0.02511131 0.00055353
v -0.01726845 0.03283782 0.00080201
v -0.01783206 0.03346571 0.004402
v -0.01783206 0.03346571 0.00080201
v -0.01335831 0.03858228 0.00080201
v -0.01266081 0.0381075 0.004402
v -0.01266081 0.0381075 0.00080201
v -0.01148747 0.03507342 0.00080201
v -0.01168406 0.03425288 0.004402
v -0.01168406 0.03425288 0.00080201
v -0.0120972 0.03747961 0.004402
v -0.0120972 0.03747961 0.00080201
v -0.01414917 0.03887634 0.00080201
v -0.01335831 0.03858228 0.004402
v -0.01822903 0.03421026 0.004402
v -0.01822903 0.03421026 0.00080201
v -0.01410491 0.03207989 0.00080201
v -0.01494184 0.03197274 0.004402
v -0.01494184 0.03197274 0.00080201
v -0.01331795 0.03238422 0.00080201
v -0.01410491 0.03207989 0.004402
v -0.0120713 0.03350323 0.004402
v -0.0120713 0.03350323 0.00080201
v -0.01149297 0.03591716 0.00080201
v -0.01148747 0.03507342 0.004402
v -0.01170022 0.03673506 0.00080201
v -0.01149297 0.03591716 0.004402
v -0.01170022 0.03673506 0.004402
v -0.01582435 0.03886543 0.00080201
v -0.01498742 0.03897258 0.004402
v -0.01498742 0.03897258 0.00080201
v -0.01730257 0.03807728 0.00080201
v -0.01661131 0.03856109 0.004402
v -0.01661131 0.03856109 0.00080201
v -0.01785796 0.03744208 0.00080201
v -0.01730257 0.03807728 0.004402
v -0.01844179 0.0358719 0.00080201
v -0.0182452 0.03669244 0.004402
v -0.0182452 0.03669244 0.00080201
v -0.01843629 0.03502816 0.00080201
v -0.01844179 0.0358719 0.004402
v -0.01414917 0.03887634 0.004402
v -0.01412635 0.03216448 0.00055261
v -0.01752729 0.03721701 0.00040201
v -0.0181634 0.03666202 0.00055261
v -0.01778582 0.03739298 0.00055261
v -0.01700515 0.03313894 0.00040201
v -0.01653089 0.03244057 0.00055261
v -0.01721101 0.03290351 0.00055261
v -0.01176586 0.0342833 0.00055261
v -0.01157417 0.03508337 0.00055261
v -0.01776057 0.03351576 0.00055261
v -0.01498482 0.03857259 0.00040201
v -0.01580291 0.03878083 0.00055261
v -0.01498685 0.03888532 0.00055261
v -0.01424237 0.03848735 0.00040201
v -0.0141695 0.03879148 0.00055261
v -0.01803953 0.03507897 0.00040201
v -0.01835508 0.03586195 0.00055261
v -0.01804439 0.03582628 0.00040201
v -0.01262669 0.03286804 0.00080201
v -0.01331795 0.03238422 0.004402
v -0.01578009 0.03206898 0.00080201
v -0.01575975 0.03215384 0.00055261
v -0.01420317 0.03246763 0.00040201
v -0.0149424 0.03205999 0.00055261
v -0.01494444 0.03237272 0.00040201
v -0.0124249 0.03725024 0.00040201
v -0.01178162 0.03670358 0.00055261
v -0.0120733 0.03659078 0.00040201
v -0.01188973 0.03586635 0.00040201
v -0.01188486 0.03511904 0.00040201
v -0.01657094 0.03236303 0.00080201
v -0.01726845 0.03283782 0.004402
v -0.01843629 0.03502816 0.004402
v -0.01785796 0.03744208 0.004402
v -0.01582435 0.03886543 0.004402
v -0.01612188 0.03343774 0.00040201
v -0.01638736 0.03271842 0.00040201
v -0.01750436 0.03369508 0.00040201
v -0.01730555 0.03545741 0.00040201
v -0.01614829 0.03749233 0.00040201
v -0.01787028 0.03655303 0.00040201
v -0.0129241 0.03780638 0.00040201
v -0.01380738 0.03750758 0.00040201
v -0.01354189 0.03822689 0.00040201
v -0.01378097 0.03345298 0.00040201
v -0.01582658 0.03395701 0.00091935
v -0.01408302 0.03396837 0.002402
v -0.01408302 0.03396837 0.00091935
v -0.01785596 0.03435453 0.00040201
v -0.01642312 0.03820813 0.00040201
v -0.01703538 0.0377796 0.00040201
v -0.01350614 0.03273719 0.00040201
v -0.01572609 0.03847769 0.00040201
v -0.01410268 0.03698831 0.00091935
v -0.01322107 0.03548401 0.002402
v -0.01410268 0.03698831 0.002402
v -0.01262371 0.0354879 0.00040201
v -0.01205898 0.03439228 0.00040201
v -0.01584624 0.03697695 0.002402
v -0.01584624 0.03697695 0.00091935
v -0.01240197 0.03372831 0.00040201
v -0.01289388 0.03316572 0.00040201
v -0.01568689 0.03245797 0.00040201
v -0.01268498 0.03293299 0.00055261
v -0.01214344 0.03355233 0.00055261
v -0.01339837 0.03850475 0.00055261
v -0.01814764 0.03424174 0.00055261
v -0.01335901 0.03246123 0.00055261
v -0.01724428 0.03801233 0.00055261
v -0.01271825 0.03804181 0.00055261
v -0.01216869 0.03742956 0.00055261
v -0.01657025 0.03848409 0.00055261
v -0.01157953 0.03590608 0.00055261
v -0.01322107 0.03548401 0.00091935
v -0.01578009 0.03206898 0.004402
v -0.01657094 0.03236303 0.004402
v -0.01670819 0.0354613 0.002402
v -0.01834973 0.03503924 0.00055261
v -0.01262669 0.03286804 0.004402
v -0.01582658 0.03395701 0.002402
v -0.01670819 0.0354613 0.00091935
v -0.01397891 0.03379074 0.00055353
v -0.01301518 0.03548535 0.00055353
v -0.01595035 0.03715457 0.00055353
v -0.0140009 0.03716729 0.00055353
v -0.01592836 0.03377803 0.00055353
v -0.01691408 0.03545997 0.00055353
v -0.00338748 0.03694654 0.00080201
v -0.0036679 0.03774232 0.004402
v -0.0036679 0.03774232 0.00080201
v 0.00242333 0.04075739 0.00080201
v 0.00288605 0.04005182 0.004402
v 0.00288605 0.04005182 0.00080201
v 0.00280897 0.03679968 0.00080201
v 0.00231335 0.03611683 0.004402
v 0.00231335 0.03611683 0.00080201
v 0.00316647 0.03925604 0.004402
v 0.00316647 0.03925604 0.00080201
v 0.0018052 0.04133171 0.00080201
v 0.00242333 0.04075739 0.004402
v -0.00374973 0.03858211 0.004402
v -0.00374973 0.03858211 0.00080201
v -0.0007548 0.03503567 0.00080201
v -0.00156902 0.03525694 0.004402
v -0.00156902 0.03525694 0.00080201
v 8.872E-05 0.03501568 0.00080201
v -0.0007548 0.03503567 0.004402
v 0.00166871 0.03557244 0.004402
v 0.00166871 0.03557244 0.00080201
v 0.00312678 0.03758129 0.00080201
v 0.00280897 0.03679968 0.004402
v 0.0032483 0.03841625 0.00080201
v 0.00312678 0.03758129 0.004402
v 0.0032483 0.03841625 0.004402
v 0.00025337 0.04196269 0.00080201
v 0.00106759 0.04174141 0.004402
v 0.00106759 0.04174141 0.00080201
v -0.00141394 0.04180023 0.00080201
v -0.00059015 0.04198268 0.004402
v -0.00059015 0.04198268 0.00080201
v -0.00217014 0.04142592 0.00080201
v -0.00141394 0.04180023 0.004402
v -0.0033104 0.04019868 0.00080201
v -0.00281478 0.04088153 0.004402
v -0.00281478 0.04088153 0.00080201
v -0.00362821 0.03941707 0.00080201
v -0.0033104 0.04019868 0.004402
v 0.0018052 0.04133171 0.004402
v -0.00153615 0.03533779 0.0005526
v -0.00074223 0.03512203 0.0005526
v -0.00195078 0.04109144 0.00040201
v -0.00275084 0.04082213 0.0005526
v -0.00212228 0.04135295 0.0005526
v -0.00330927 0.03698525 0.0005526
v -0.00261915 0.03649906 0.00040201
v -0.00285808 0.03629728 0.0005526
v 0.00224942 0.03617623 0.0005526
v 0.00273268 0.03684205 0.0005526
v 0.00091693 0.04137087 0.00040201
v 0.0002408 0.04187633 0.0005526
v 0.00103472 0.04166057 0.0005526
v 0.00157024 0.04100799 0.00040201
v 0.00175394 0.04126108 0.0005526
v -0.00324221 0.03931217 0.00040201
v -0.00323411 0.0401563 0.0005526
v -0.00296072 0.04000446 0.00040201
v 0.00091252 0.03519813 0.00080201
v 8.872E-05 0.03501568 0.004402
v -0.00230663 0.03566665 0.00080201
v -0.00225537 0.03573727 0.0005526
v -0.00069719 0.0354315 0.00040201
v -0.00141836 0.03562749 0.00040201
v 0.00277594 0.03916954 0.00040201
v 0.00316106 0.03841832 0.0005526
v 0.00284841 0.03842572 0.00040201
v 0.00274078 0.03768619 0.00040201
v 0.00245929 0.0369939 0.00040201
v -0.00292476 0.03624097 0.00080201
v -0.00338748 0.03694654 0.004402
v -0.00362821 0.03941707 0.004402
v -0.00217014 0.04142592 0.004402
v 0.00025337 0.04196269 0.004402
v -0.00209861 0.03706202 0.00040201
v -0.00302899 0.03712398 0.00040201
v -0.00327737 0.03782882 0.00040201
v -0.00241927 0.03938093 0.00040201
v -0.00057138 0.04081808 0.00040201
v -0.00252174 0.04060926 0.00040201
v 0.00252756 0.03987438 0.00040201
v 0.00159718 0.03993634 0.00040201
v 0.00211772 0.0404993 0.00040201
v 6.995E-05 0.03618028 0.00040201
v -0.00162706 0.03742876 0.00091934
v -1.188E-05 0.03677202 0.002402
v -1.188E-05 0.03677202 0.00091934
v -0.00334984 0.03857263 0.00040201
v -0.00055136 0.04158457 0.00040201
v -0.00128101 0.04142296 0.00040201
v 4.993E-05 0.03541379 0.00040201
v 0.00019576 0.04156686 0.00040201
v 0.00112563 0.03956961 0.00091934
v 0.00136447 0.03784244 0.002402
v 0.00112563 0.03956961 0.002402
v 0.00191784 0.03761743 0.00040201
v 0.00202031 0.0363891 0.00040201
v -0.00048955 0.04022634 0.00091934
v -0.00048955 0.04022634 0.002402
v 0.00144935 0.03590692 0.00040201
v 0.00077958 0.0355754 0.00040201
v -0.00207167 0.03599037 0.00040201
v 0.00088351 0.03528044 0.0005526
v 0.00162085 0.03564541 0.0005526
v 0.00235665 0.04070108 0.0005526
v -0.0035827 0.0377612 0.0005526
v -0.00366249 0.03858005 0.0005526
v 8.026E-05 0.03510254 0.0005526
v 0.00308127 0.03923716 0.0005526
v 0.00280784 0.04001312 0.0005526
v -0.00058169 0.04189583 0.0005526
v -0.00138494 0.04171792 0.0005526
v 0.00304257 0.03760418 0.0005526
v 0.00136447 0.03784244 0.00091934
v -0.00292476 0.03624097 0.004402
v -0.0018659 0.03915592 0.002402
v -0.003544 0.03939418 0.0005526
v 0.00091252 0.03519813 0.004402
v -0.00230663 0.03566665 0.004402
v -0.00162706 0.03742876 0.002402
v -0.0018659 0.03915592 0.00091934
v 1.633E-05 0.03656807 0.00055353
v 0.0015552 0.03776488 0.00055353
v -0.00051775 0.04043029 0.00055353
v -0.00205663 0.03923348 0.00055353
v 0.00128816 0.03969602 0.00055353
v -0.0017896 0.03730235 0.00055353
v 0.01100921 0.03543048 0.000802
v 0.01105466 0.03627301 0.004402
v 0.01105466 0.03627301 0.000802
v 0.01783604 0.03672754 0.000802
v 0.01799353 0.03589862 0.004402
v 0.01799353 0.03589862 0.000802
v 0.01667778 0.03292352 0.000802
v 0.01595856 0.03248232 0.004402
v 0.01595856 0.03248232 0.000802
v 0.01794808 0.03505609 0.004402
v 0.01794808 0.03505609 0.000802
v 0.01748475 0.0374947 0.000802
v 0.01783604 0.03672754 0.004402
v 0.01130043 0.03708018 0.004402
v 0.01130043 0.03708018 0.000802
v 0.01271023 0.03265759 0.000802
v 0.01204267 0.03317361 0.004402
v 0.01204267 0.03317361 0.000802
v 0.01348189 0.03231632 0.000802
v 0.01271023 0.03265759 0.004402
v 0.01515467 0.03222606 0.000802
v 0.01515467 0.03222606 0.004402
v 0.01727051 0.03352402 0.000802
v 0.01667778 0.03292352 0.004402
v 0.0177023 0.03424892 0.000802
v 0.01727051 0.03352402 0.004402
v 0.0177023 0.03424892 0.004402
v 0.0162925 0.03867151 0.000802
v 0.01696007 0.03815548 0.004402
v 0.01696007 0.03815548 0.000802
v 0.01468994 0.03915947 0.000802
v 0.01552084 0.03901278 0.004402
v 0.01552084 0.03901278 0.000802
v 0.01384807 0.03910303 0.000802
v 0.01468994 0.03915947 0.004402
v 0.01232496 0.03840558 0.000802
v 0.01304417 0.03884678 0.004402
v 0.01304417 0.03884678 0.000802
v 0.01173223 0.03780508 0.000802
v 0.01232496 0.03840558 0.004402
v 0.01748475 0.0374947 0.004402
v 0.01275489 0.03273256 0.0005526
v 0.01386436 0.0390173 0.0005526
v 0.01321071 0.03848309 0.00040201
v 0.0130805 0.03876743 0.0005526
v 0.01140831 0.03545723 0.00040201
v 0.01124984 0.03462806 0.0005526
v 0.01109628 0.03543632 0.0005526
v 0.01592224 0.03256167 0.0005526
v 0.01662351 0.03299187 0.0005526
v 0.01667908 0.03787081 0.00040201
v 0.01624785 0.03859654 0.0005526
v 0.01689877 0.03809338 0.0005526
v 0.01714379 0.03728554 0.00040201
v 0.01741037 0.03744907 0.0005526
v 0.0120487 0.03756044 0.00040201
v 0.01237922 0.03833723 0.0005526
v 0.01257369 0.03809232 0.00040201
v 0.0143128 0.03216963 0.000802
v 0.01348189 0.03231632 0.004402
v 0.01159237 0.03388003 0.0005526
v 0.0111667 0.03460155 0.000802
v 0.01291493 0.03300124 0.00040201
v 0.01210397 0.03323572 0.0005526
v 0.01232366 0.03345829 0.00040201
v 0.01755417 0.03512563 0.00040201
v 0.01762249 0.03428421 0.0005526
v 0.01733648 0.0344107 0.00040201
v 0.01695403 0.03376865 0.00040201
v 0.01642905 0.03323678 0.00040201
v 0.01100921 0.03543048 0.004402
v 0.01173223 0.03780508 0.004402
v 0.01384807 0.03910303 0.004402
v 0.0162925 0.03867151 0.004402
v 0.01224416 0.03504394 0.00040201
v 0.0115478 0.03472304 0.00040201
v 0.01144857 0.03620347 0.00040201
v 0.01283531 0.03730905 0.00040201
v 0.01392273 0.03871007 0.00040201
v 0.01509252 0.03792965 0.00040201
v 0.01759443 0.03587187 0.00040201
v 0.01675858 0.03628515 0.00040201
v 0.01745493 0.03660606 0.00040201
v 0.01391022 0.03339945 0.00040201
v 0.01406107 0.03397746 0.00091934
v 0.01282016 0.03520231 0.002402
v 0.01406107 0.03397746 0.002402
v 0.01166626 0.03691839 0.00040201
v 0.01540434 0.03863012 0.00040201
v 0.01466839 0.03876004 0.00040201
v 0.0135984 0.03269897 0.00040201
v 0.01608781 0.03832786 0.00040201
v 0.01618258 0.03612678 0.00091934
v 0.01574228 0.03443969 0.002402
v 0.01618258 0.03612678 0.002402
v 0.01616742 0.03402005 0.00040201
v 0.01579203 0.032846 0.00040201
v 0.01494167 0.03735164 0.002402
v 0.01494167 0.03735164 0.00091934
v 0.01508001 0.03261903 0.00040201
v 0.01433435 0.03256905 0.00040201
v 0.01185895 0.03404355 0.00040201
v 0.01513838 0.03231179 0.0005526
v 0.0143175 0.03225677 0.0005526
v 0.01775289 0.03670104 0.0005526
v 0.01138025 0.03704488 0.0005526
v 0.0111406 0.03625784 0.0005526
v 0.01350731 0.0323998 0.0005526
v 0.01468524 0.03907232 0.0005526
v 0.01151799 0.0338344 0.000802
v 0.01786214 0.03507126 0.0005526
v 0.01790646 0.03589278 0.0005526
v 0.01549543 0.0389293 0.0005526
v 0.01720146 0.03357739 0.0005526
v 0.01574228 0.03443969 0.00091934
v 0.0111667 0.03460155 0.004402
v 0.01326046 0.03688941 0.00091934
v 0.01180127 0.0377517 0.0005526
v 0.0143128 0.03216963 0.004402
v 0.01151799 0.0338344 0.004402
v 0.01326046 0.03688941 0.002402
v 0.01400908 0.03377824 0.00055353
v 0.01588881 0.03429505 0.00055353
v 0.01499366 0.03755085 0.00055353
v 0.01311392 0.03703405 0.00055353
v 0.01638111 0.03618138 0.00055353
v 0.01262162 0.03514773 0.00055353
v 0.01282016 0.03520231 0.00091934
v 0.02372984 0.02852046 0.000802
v 0.02409426 0.02928145 0.004402
v 0.02409426 0.02928145 0.000802
v 0.03053338 0.02710627 0.000802
v 0.03036167 0.02628017 0.004402
v 0.03036167 0.02628017 0.000802
v 0.02800755 0.02403506 0.000802
v 0.02717424 0.02390267 0.004402
v 0.02717424 0.02390267 0.000802
v 0.02999725 0.02551917 0.004402
v 0.02999725 0.02551917 0.000802
v 0.0305024 0.02794946 0.000802
v 0.03053338 0.02710627 0.004402
v 0.02463022 0.02993313 0.004402
v 0.02463022 0.02993313 0.000802
v 0.02424024 0.02530768 0.000802
v 0.02382097 0.02603989 0.004402
v 0.02382097 0.02603989 0.000802
v 0.02482257 0.02469709 0.000802
v 0.02424024 0.02530768 0.004402
v 0.02633347 0.02397356 0.000802
v 0.02633347 0.02397356 0.004402
v 0.02878496 0.02436302 0.000802
v 0.02800755 0.02403506 0.004402
v 0.02946129 0.0248675 0.000802
v 0.02878496 0.02436302 0.004402
v 0.02946129 0.0248675 0.004402
v 0.02985126 0.02949294 0.000802
v 0.03027054 0.02876073 0.004402
v 0.03027054 0.02876073 0.000802
v 0.02855741 0.03055703 0.000802
v 0.02926894 0.03010354 0.004402
v 0.02926894 0.03010354 0.000802
v 0.02775804 0.03082707 0.000802
v 0.02855741 0.03055703 0.004402
v 0.02608396 0.03076557 0.000802
v 0.02691726 0.03089795 0.004402
v 0.02691726 0.03089795 0.000802
v 0.02530655 0.03043761 0.000802
v 0.02608396 0.03076557 0.004402
v 0.0305024 0.02794946 0.004402
v 0.02431019 0.02535986 0.0005526
v 0.02767663 0.03043544 0.000402
v 0.02692047 0.03081075 0.0005526
v 0.02774028 0.03074163 0.0005526
v 0.02381252 0.02849253 0.0005526
v 0.02395671 0.02766075 0.00040201
v 0.02364509 0.02768702 0.0005526
v 0.02798357 0.02411896 0.0005526
v 0.02990199 0.02860526 0.000402
v 0.02978131 0.02944077 0.0005526
v 0.03019014 0.02872682 0.0005526
v 0.03010736 0.0278867 0.000402
v 0.03041622 0.02793577 0.0005526
v 0.02550531 0.03009049 0.000402
v 0.02610794 0.03068166 0.0005526
v 0.02619388 0.03038097 0.000402
v 0.02553409 0.0242436 0.000802
v 0.02482257 0.02469709 0.004402
v 0.02367529 0.02686486 0.0005526
v 0.02355812 0.02769436 0.000802
v 0.02456087 0.02554684 0.00040201
v 0.02390137 0.02607381 0.0005526
v 0.02418951 0.02619537 0.00040201
v 0.02965993 0.02573416 0.000402
v 0.02940106 0.02493065 0.0005526
v 0.02918523 0.02515696 0.000402
v 0.02858619 0.02471014 0.000402
v 0.02789763 0.02441966 0.000402
v 0.02372984 0.02852046 0.004402
v 0.02530655 0.03043761 0.004402
v 0.02775804 0.03082707 0.004402
v 0.02985126 0.02949294 0.004402
v 0.02472287 0.02769075 0.000402
v 0.0241088 0.02839244 0.00040201
v 0.02443157 0.02906647 0.00040201
v 0.02613584 0.02955721 0.000402
v 0.02845872 0.02926677 0.000402
v 0.02693195 0.03049822 0.000402
v 0.0299827 0.02640819 0.000402
v 0.02936863 0.02710988 0.000402
v 0.03013479 0.02713988 0.000402
v 0.02563278 0.02553386 0.000402
v 0.02531562 0.02761663 0.00091934
v 0.02599335 0.02601014 0.002402
v 0.02599335 0.02601014 0.00091934
v 0.02490628 0.02964367 0.000402
v 0.02901486 0.0297946 0.000402
v 0.02838465 0.03019626 0.000402
v 0.02507664 0.02500603 0.000402
v 0.02953063 0.02925379 0.000402
v 0.02877588 0.02718399 0.00091934
v 0.02772347 0.02579382 0.002402
v 0.02877588 0.02718399 0.002402
v 0.02795566 0.02524342 0.000402
v 0.02715956 0.0243024 0.000402
v 0.02809816 0.02879049 0.002402
v 0.02809816 0.02879049 0.00091934
v 0.02641487 0.02436519 0.000402
v 0.02570685 0.02460436 0.000402
v 0.02398415 0.02691393 0.00040201
v 0.02635123 0.024059 0.0005526
v 0.02557178 0.0243223 0.0005526
v 0.03044642 0.0271136 0.0005526
v 0.02469044 0.02986998 0.0005526
v 0.02416785 0.02923455 0.0005526
v 0.02487799 0.02476449 0.0005526
v 0.0235891 0.02685117 0.000802
v 0.02717104 0.02398988 0.0005526
v 0.03027899 0.0263081 0.0005526
v 0.02992365 0.02556608 0.0005526
v 0.02921351 0.03003614 0.0005526
v 0.02851973 0.03047832 0.0005526
v 0.0287416 0.02443875 0.0005526
v 0.02772347 0.02579382 0.00091934
v 0.02355812 0.02769436 0.004402
v 0.02636804 0.02900681 0.00091934
v 0.02534991 0.03036188 0.0005526
v 0.02553409 0.0242436 0.004402
v 0.0235891 0.02685117 0.004402
v 0.02531562 0.02761663 0.002402
v 0.02636804 0.02900681 0.002402
v 0.02586908 0.02584599 0.00055353
v 0.0278035 0.02560411 0.00055353
v 0.02822242 0.02895464 0.00055353
v 0.02898019 0.02715845 0.00055353
v 0.02511131 0.02764218 0.00055353
v 0.026288 0.02919652 0.00055353
v 0.033957 0.0158266 0.002402
vn -0.30301 -0.69802 -0.64881
vn -0.3029 -0.69919 -0.6476
vn -0.3053 -0.6035 -0.7366
vn -0.3053 -0.6024 -0.7375
vn -0.31021 0.24581 -0.91834
vn -0.3102 0.2463 -0.91821
vn -0.3091 0.3643 -0.87849
vn -0.30918 0.36358 -0.87876
vn -0.30581 0.57911 -0.75572
vn -0.30581 0.58013 -0.75494
vn -0.30359 0.67428 -0.67318
vn -0.30359 0.67318 -0.67428
vn -0.2983 -0.8261 0.4781
vn -0.29829 -0.82709 0.47639
vn -0.2953 -0.8831 0.3646
vn -0.29529 -0.88228 0.36659
vn -0.2921 0.92351 -0.2486
vn -0.29209 0.92408 -0.24649
vn -0.28879 0.94936 -0.12379
vn -0.28881 0.94904 -0.12611
vn -0.29169 0.92786 0.23239
vn -0.29159 0.92838 0.2304
vn -0.2947 0.89249 0.3415
vn -0.2947 0.8918 0.3433
vn -0.28609 0.95768 -0.0317
vn -0.2861 0.9577 -0.031
vn -0.28609 0.95777 0.0289
vn -0.28611 0.95774 0.0296
vn -0.30739 -0.49569 -0.81228
vn -0.3073 -0.4967 -0.8117
vn -0.309 -0.3808 -0.8715
vn -0.309 -0.3799 -0.87189
vn -0.29529 0.88228 -0.36659
vn -0.2953 0.8831 -0.3646
vn -0.30292 0.69804 0.64883
vn -0.3029 0.69919 0.6476
vn -0.3053 0.6035 0.7366
vn -0.3053 0.6024 0.7375
vn -0.3011 0.756 -0.5812
vn -0.3011 0.75709 -0.57979
vn -0.29829 0.82709 -0.47639
vn -0.2983 0.8261 -0.4781
vn -0.28611 -0.95774 -0.0296
vn -0.28609 -0.95777 -0.0289
vn -0.28849 -0.95048 -0.1156
vn -0.2886 -0.95019 -0.1177
vn -0.31091 0.1239 -0.94233
vn -0.3109 0.1242 -0.94229
vn -0.30581 -0.57911 0.75572
vn -0.30581 -0.58013 0.75494
vn -0.30359 -0.67428 0.67318
vn -0.30359 -0.67318 0.67428
vn -0.2976 0.84251 0.44901
vn -0.2975 0.8434 0.4474
vn -0.3003 0.7798 0.5493
vn -0.3003 0.77881 0.55071
vn -0.2921 -0.92351 0.2486
vn -0.29209 -0.92408 0.24649
vn -0.28879 -0.94936 0.12379
vn -0.28881 -0.94904 0.12611
vn -0.31011 0.25721 0.91524
vn -0.3101 0.2578 0.91509
vn -0.31081 0.1301 0.94153
vn -0.31079 0.1298 0.94157
vn -0.30769 0.47529 -0.82428
vn -0.30771 0.47622 -0.82373
vn -0.31021 -0.24581 0.91834
vn -0.3102 -0.2463 0.91821
vn -0.30919 -0.36429 0.87846
vn -0.3092 -0.3635 0.87879
vn -0.2976 -0.84251 -0.44901
vn -0.2975 -0.8434 -0.4474
vn -0.3003 -0.7798 -0.5493
vn -0.3003 -0.77881 -0.55071
vn -0.31109 -0.0015 -0.95038
vn -0.30739 0.49569 0.81228
vn -0.30739 0.49668 0.81167
vn -0.30891 0.38081 0.87153
vn -0.309 0.3799 0.87189
vn -0.28849 0.95048 0.1156
vn -0.2886 0.95019 0.1177
vn -0.29169 -0.92786 -0.23239
vn -0.29159 -0.92838 -0.2304
vn -0.2947 -0.89249 -0.3415
vn -0.2947 -0.8918 -0.3433
vn -0.31011 -0.25721 -0.91524
vn -0.3101 -0.2578 -0.91509
vn -0.31081 -0.1301 -0.94153
vn -0.31079 -0.1298 -0.94157
vn -0.3011 -0.756 0.5812
vn -0.3011 -0.75709 0.57979
vn -0.2861 -0.9577 0.031
vn -0.28609 -0.95768 0.0317
vn -0.31109 0.0015 0.95038
vn -0.3109 -0.1242 0.94229
vn -0.31091 -0.1239 0.94233
vn -0.30769 -0.47529 0.82428
vn -0.30771 -0.47622 0.82373
vn 1 0 0
vn -0.74241 0.64921 -0.1654
vn -0.57339 0.81928 0
vn -0.5655 0.808 -0.1654
vn 0.87623 -0.45262 -0.16541
vn 0.75282 -0.65822 0
vn 0.74241 -0.64921 -0.1654
vn -0.1125 -0.97979 -0.1654
vn -0.3485 -0.93731 0
vn -0.3437 -0.9244 -0.1654
vn 0.57339 -0.81928 0
vn 0.5655 -0.808 -0.1654
vn 0.95908 -0.2298 -0.1654
vn 0.88849 -0.4589 0
vn -0.36069 0.93268 0
vn -0.35572 0.91984 -0.16541
vn -0.956 -0.2423 -0.1654
vn -0.99998 -0.0065 0
vn -0.98621 -0.0064 -0.1654
vn -0.87027 -0.46398 -0.16539
vn -0.96937 -0.24559 0
vn -0.56268 -0.82667 0
vn -0.5549 -0.81531 -0.1654
vn 0.12521 -0.97825 -0.16541
vn -0.1141 -0.99347 0
vn 0.35572 -0.91984 -0.16541
vn 0.127 -0.9919 0
vn 0.36069 -0.93268 0
vn 0.95602 0.24221 -0.1654
vn 0.99998 0.0065 0
vn 0.98621 0.0064 -0.1654
vn 0.73391 0.65881 -0.1654
vn 0.8824 0.4705 0
vn 0.87027 0.46398 -0.16539
vn 0.5549 0.81531 -0.1654
vn 0.74418 0.66798 0
vn 0.1125 0.97979 -0.1654
vn 0.3485 0.93731 0
vn 0.3437 0.9244 -0.1654
vn -0.1253 0.97823 -0.16541
vn 0.1141 0.99347 0
vn 0.97248 -0.23299 0
vn -0.73491 -0.1862 -0.65211
vn 0.1343 0.1973 -0.9711
vn 0.2642 0.7106 -0.6521
vn 0.42661 0.62671 -0.65211
vn -0.57072 0.49902 -0.65212
vn -0.212 0.1095 -0.97111
vn -0.6736 0.3479 -0.6521
vn -0.2642 -0.7106 -0.6521
vn -0.0865 -0.75319 -0.65209
vn -0.43471 0.62111 -0.65211
vn 0.2387 0.0016 -0.97109
vn 0.73491 0.1862 -0.65211
vn 0.75811 0.0049 -0.65211
vn 0.2321 -0.0556 -0.9711
vn 0.73729 -0.1766 -0.65209
vn -0.0303 0.2367 -0.97111
vn 0.0865 0.75319 -0.65209
vn 0.0272 0.2371 -0.9711
vn -0.73391 -0.65881 -0.1654
vn -0.8824 -0.4705 0
vn -0.95908 0.2298 -0.1654
vn -0.73729 0.1766 -0.65209
vn -0.2386 -0.0016 -0.97112
vn -0.75811 -0.0049 -0.65211
vn 0.43471 -0.62111 -0.65211
vn 0.0861 -0.2226 -0.9711
vn 0.1368 -0.1955 -0.97111
vn 0.0303 -0.2367 -0.97111
vn -0.0272 -0.2371 -0.9711
vn -0.87623 0.45262 -0.16541
vn -0.75282 0.65822 0
vn -0.127 0.9919 0
vn 0.56268 0.82667 0
vn 0.96937 0.24559 0
vn 0.1073 -0.061 -0.99235
vn -0.1797 0.1571 -0.9711
vn -0.1368 0.1955 -0.97111
vn 0.0008 -0.12339 -0.99236
vn -0.1064 -0.0624 -0.99236
vn 0.0832 0.2237 -0.9711
vn 0.1797 -0.1571 -0.9711
vn -0.1073 0.061 -0.99235
vn 0.212 -0.1095 -0.97111
vn 0.1064 0.0624 -0.99236
vn -0.2313 -0.0586 -0.97112
vn 0.97045 0.0063 -0.24121
vn -0.0861 0.2226 -0.9711
vn 0.2106 0.1123 -0.9711
vn 0.1776 0.1594 -0.97111
vn -0.2106 -0.1123 -0.9711
vn 0.2313 0.0586 -0.97112
vn -0.49069 0.83729 -0.2412
vn -0.50559 0.86278 0
vn -0.0008 0.12339 -0.99236
vn -0.0832 -0.2237 -0.9711
vn -0.97045 -0.0063 -0.24121
vn -0.1343 -0.1973 -0.9711
vn -0.1776 -0.1594 -0.97111
vn -0.2321 0.0556 -0.9711
vn -0.42661 -0.62671 -0.65211
vn -0.5642 -0.5064 -0.6521
vn 0.67357 -0.34799 -0.65208
vn -0.2735 0.70709 -0.65209
vn -0.66899 -0.35669 -0.65209
vn 0.5642 0.5064 -0.6521
vn 0.57072 -0.49902 -0.65212
vn 0.66899 0.35669 -0.65209
vn 0.2735 -0.70709 -0.65209
vn 0.0963 -0.752 -0.6521
vn 0.47979 0.84358 -0.24119
vn 0.4943 0.86929 0
vn -0.88849 0.4589 0
vn -0.49437 -0.86925 0
vn -0.47979 -0.84358 -0.24119
vn -0.4943 -0.86929 0
vn -0.0963 0.752 -0.6521
vn -0.74418 -0.66798 0
vn -0.97248 0.23299 0
vn 0.50559 -0.86278 0
vn 0.49069 -0.83729 -0.2412
vn -0.0038 0.58158 -0.81348
vn 0.50178 0.29409 -0.81347
vn -0.50178 -0.29409 -0.81347
vn 0.0038 -0.58158 -0.81348
vn -0.50558 0.28749 -0.81347
vn 0.50558 -0.28749 -0.81347
vn -0.43749 0.88388 -0.1654
vn -0.21621 0.97635 0
vn -0.2133 0.96289 -0.1654
vn 0.6363 -0.7535 -0.1654
vn 0.44361 -0.89622 0
vn 0.43749 -0.88388 -0.1654
vn -0.47888 -0.86216 -0.16539
vn -0.68068 -0.73258 0
vn -0.6713 -0.7225 -0.1654
vn 0.21621 -0.97635 0
vn 0.2133 -0.96289 -0.1654
vn 0.79814 -0.57933 -0.16541
vn 0.64521 -0.76401 0
vn 0.0237 0.99972 0
vn 0.0234 0.98595 -0.16541
vn -0.97595 0.14201 -0.16541
vn -0.92634 0.37668 0
vn -0.91358 0.37149 -0.1654
vn -0.98158 -0.0956 -0.1654
vn -0.98958 0.144 0
vn -0.83621 -0.54841 0
vn -0.82468 -0.54088 -0.1654
vn -0.2623 -0.96499 0
vn -0.48559 -0.87419 0
vn -0.0234 -0.98595 -0.16541
vn -0.2586 -0.95172 -0.1654
vn -0.0237 -0.99972 0
vn 0.97595 -0.14201 -0.16541
vn 0.92634 -0.37668 0
vn 0.91358 -0.37149 -0.1654
vn 0.93016 0.32779 -0.16539
vn 0.99528 0.097 0
vn 0.98158 0.0956 -0.1654
vn 0.82468 0.54088 -0.1654
vn 0.94315 0.33238 0
vn 0.47888 0.86216 -0.16539
vn 0.68068 0.73258 0
vn 0.6713 0.7225 -0.1654
vn 0.2586 0.95172 -0.1654
vn 0.48559 0.87419 0
vn 0.8093 -0.5874 0
vn -0.75022 0.1092 -0.65211
vn 0.1996 0.1309 -0.9711
vn 0.51601 0.55541 -0.65211
vn 0.63397 0.41578 -0.65207
vn -0.33629 0.67948 -0.65208
vn -0.154 0.1823 -0.97111
vn -0.48919 0.57919 -0.65209
vn -0.51601 -0.55541 -0.65211
vn -0.36809 -0.66279 -0.65209
vn -0.1639 0.7402 -0.6521
vn 0.2211 -0.0899 -0.9711
vn 0.75022 -0.1092 -0.65211
vn 0.70229 -0.2856 -0.65209
vn 0.1931 -0.1402 -0.97111
vn 0.61359 -0.44529 -0.65209
vn 0.0626 0.2303 -0.9711
vn 0.36809 0.66279 -0.65209
vn 0.1159 0.2086 -0.97111
vn -0.93016 -0.32779 -0.16539
vn -0.99528 -0.097 0
vn -0.79814 0.57933 -0.16541
vn -0.61359 0.44529 -0.65209
vn -0.2362 0.0344 -0.9711
vn -0.70229 0.2856 -0.65209
vn -0.2211 0.0899 -0.9711
vn 0.0516 -0.233 -0.97111
vn -0.018 -0.75791 -0.65211
vn -0.0057 -0.2386 -0.9711
vn -0.0626 -0.2303 -0.9711
vn -0.1159 -0.2086 -0.97111
vn -0.6363 0.7535 -0.1654
vn -0.44361 0.89622 0
vn 0.2623 0.96499 0
vn 0.83621 0.54841 0
vn 0.98958 -0.144 0
vn 0.0758 -0.0974 -0.99236
vn -0.1059 0.2139 -0.9711
vn -0.0516 0.233 -0.97111
vn -0.0465 -0.1143 -0.99236
vn -0.1222 -0.0169 -0.99236
vn 0.1624 0.1748 -0.97112
vn 0.1059 -0.2139 -0.9711
vn -0.0757 0.0974 -0.99236
vn 0.154 -0.1823 -0.97111
vn 0.1222 0.0169 -0.99236
vn 0.89901 -0.36551 -0.2412
vn 0.0057 0.2386 -0.9711
vn 0.2375 0.0231 -0.97111
vn 0.2251 0.0793 -0.9711
vn -0.2375 -0.0231 -0.97111
vn 0.2362 -0.0344 -0.9711
vn -0.1329 0.96133 -0.24121
vn -0.137 0.99057 0
vn 0.0465 0.1143 -0.99236
vn -0.1624 -0.1748 -0.97112
vn -0.89901 0.36551 -0.2412
vn -0.1996 -0.1309 -0.9711
vn -0.2251 -0.0793 -0.9711
vn -0.1931 0.1402 -0.97111
vn -0.71501 -0.252 -0.65211
vn -0.63397 -0.41578 -0.65207
vn 0.48919 -0.57919 -0.65209
vn 0.018 0.75791 -0.65211
vn -0.75458 -0.0735 -0.65208
vn 0.1639 -0.7402 -0.6521
vn 0.33629 -0.67948 -0.65208
vn 0.75458 0.0735 -0.65208
vn 0.71501 0.252 -0.65211
vn -0.1988 -0.7316 -0.6521
vn 0.76608 0.59578 -0.24119
vn 0.78939 0.61389 0
vn -0.64521 0.76401 0
vn -0.78939 -0.61389 0
vn -0.76608 -0.59578 -0.24119
vn 0.1988 0.7316 -0.6521
vn -0.94315 -0.33238 0
vn -0.8093 0.5874 0
vn 0.137 -0.99057 0
vn 0.1329 -0.96133 -0.24121
vn 0.57609 0.0797 -0.81349
vn 0.21909 0.53878 -0.81346
vn -0.57609 -0.0797 -0.81349
vn -0.35709 0.45908 -0.81347
vn 0.35709 -0.45908 -0.81347
vn -0.21909 -0.53878 -0.81346
vn -0.066 0.98402 -0.1654
vn 0.1738 0.98478 0
vn 0.1715 0.9712 -0.1654
vn 0.29951 -0.93964 -0.16541
vn 0.0669 -0.99776 0
vn 0.066 -0.98402 -0.1654
vn -0.77236 -0.61327 -0.16539
vn -0.90922 -0.41631 0
vn -0.89669 -0.4106 -0.1654
vn -0.1738 -0.98478 0
vn -0.1715 -0.9712 -0.1654
vn 0.5229 -0.8524 0
vn 0.30369 -0.95277 0
vn 0.40448 0.91455 0
vn 0.39888 0.90196 -0.16539
vn -0.8473 0.5047 -0.1654
vn -0.71169 0.70249 0
vn -0.7019 0.6928 -0.1654
vn -0.94346 0.28729 -0.16539
vn -0.8591 0.5118 0
vn -0.98242 -0.1867 0
vn -0.96889 -0.1841 -0.1654
vn -0.60318 -0.78027 -0.16539
vn -0.78315 -0.62184 0
vn -0.39888 -0.90196 -0.16539
vn -0.61158 -0.79118 0
vn -0.40448 -0.91455 0
vn 0.8473 -0.5047 -0.1654
vn 0.71169 -0.70249 0
vn 0.7019 -0.6928 -0.1654
vn 0.9848 -0.0531 -0.1654
vn 0.95663 -0.29131 0
vn 0.94346 -0.28729 -0.16539
vn 0.96889 0.1841 -0.1654
vn 0.99855 -0.0539 0
vn 0.77236 0.61327 -0.16539
vn 0.90922 0.41631 0
vn 0.89669 0.4106 -0.1654
vn 0.60318 0.78027 -0.16539
vn 0.78315 0.62184 0
vn 0.51568 -0.84067 -0.16539
vn -0.53958 0.53258 -0.65208
vn -0.65137 0.38798 -0.65207
vn 0.74481 0.1415 -0.65211
vn 0.217 0.0994 -0.9711
vn 0.68929 0.31569 -0.65209
vn -0.016 0.2381 -0.97111
vn -0.2303 0.7223 -0.6521
vn -0.0507 0.75642 -0.65212
vn -0.68931 -0.3156 -0.65211
vn -0.59372 -0.47142 -0.65212
vn 0.1698 -0.1677 -0.9711
vn 0.65131 -0.38801 -0.65211
vn 0.53958 -0.53258 -0.65208
vn 0.1248 -0.2034 -0.97111
vn 0.39641 -0.64622 -0.65212
vn 0.146 0.1888 -0.9711
vn 0.59372 0.47142 -0.65212
vn 0.1869 0.1484 -0.97111
vn -0.9848 0.0531 -0.1654
vn -0.95663 0.29131 0
vn -0.39641 0.64622 -0.65212
vn -0.29951 0.93964 -0.16541
vn -0.205 0.1221 -0.97112
vn -0.1699 0.1677 -0.97109
vn -0.0415 -0.235 -0.97111
vn -0.30659 -0.69339 -0.65209
vn -0.0965 -0.2183 -0.9711
vn -0.146 -0.1888 -0.9711
vn -0.1869 -0.1484 -0.97111
vn -0.0669 0.99776 0
vn 0.61158 0.79118 0
vn 0.98242 0.1867 0
vn 0.8591 -0.5118 0
vn 0.0327 -0.11899 -0.99236
vn -0.0725 0.2274 -0.9711
vn 0.0415 0.235 -0.97111
vn -0.0867 -0.0878 -0.99236
vn 0.2345 0.0445 -0.9711
vn -0.11939 0.0312 -0.99236
vn 0.016 -0.2381 -0.97111
vn -0.0327 0.11899 -0.99236
vn 0.0725 -0.2274 -0.9711
vn 0.11939 -0.0312 -0.99236
vn 0.69071 -0.68171 -0.2412
vn 0.0965 0.2183 -0.9711
vn 0.2283 -0.0695 -0.97111
vn 0.2383 -0.0129 -0.97111
vn -0.2283 0.0695 -0.97111
vn 0.205 -0.1221 -0.97112
vn 0.2451 0.93901 -0.2412
vn 0.2525 0.9676 0
vn 0.0867 0.0878 -0.99236
vn -0.217 -0.0994 -0.9711
vn -0.69071 0.68171 -0.2412
vn -0.2345 -0.0445 -0.9711
vn -0.2383 0.0129 -0.97111
vn -0.1248 0.2034 -0.97111
vn -0.75702 0.0408 -0.65212
vn -0.74481 -0.1415 -0.65211
vn 0.2303 -0.7223 -0.6521
vn 0.30659 0.69339 -0.65209
vn 0.1318 0.74659 -0.65209
vn -0.72528 0.22079 -0.65208
vn -0.51568 0.84067 -0.16539
vn -0.1318 -0.74659 -0.65209
vn 0.0507 -0.75646 -0.65207
vn 0.72528 -0.22079 -0.65208
vn 0.75702 -0.0408 -0.65212
vn -0.4637 -0.5998 -0.6521
vn 0.93574 0.25731 -0.24121
vn 0.96422 0.26511 0
vn -0.30369 0.95277 0
vn -0.96422 -0.26511 0
vn -0.93574 -0.25731 -0.24121
vn 0.4637 0.5998 -0.6521
vn -0.99855 0.0539 0
vn -0.5229 0.8524 0
vn -0.2525 -0.9676 0
vn -0.2451 -0.93901 -0.2412
vn 0.56277 -0.14689 -0.81346
vn 0.40859 0.41389 -0.81348
vn -0.56277 0.14689 -0.81346
vn -0.1542 0.56078 -0.81348
vn 0.1542 -0.56078 -0.81348
vn -0.40859 -0.41389 -0.81348
vn 0.31559 0.93437 -0.16539
vn 0.53748 0.84327 0
vn 0.53008 0.83166 -0.16539
vn -0.31559 -0.93437 -0.16539
vn -0.084 -0.99647 0
vn -0.32001 -0.94742 0
vn -0.94827 -0.27099 -0.16539
vn -0.99933 -0.0367 0
vn -0.98556 -0.0362 -0.16539
vn -0.53748 -0.84327 0
vn -0.53008 -0.83166 -0.16539
vn 0.1547 -0.97402 -0.1654
vn -0.0829 -0.98273 -0.16541
vn 0.72366 0.69016 0
vn 0.71372 0.68062 -0.1654
vn -0.5897 0.7905 -0.1654
vn -0.38869 0.92137 0
vn -0.3833 0.90869 -0.1654
vn -0.76173 0.62642 -0.16541
vn -0.59789 0.80158 0
vn -0.97908 0.2035 0
vn -0.96559 0.2007 -0.1654
vn -0.85582 -0.49011 -0.1654
vn -0.9615 -0.2748 0
vn -0.71372 -0.68062 -0.1654
vn -0.86781 -0.4969 0
vn -0.72366 -0.69016 0
vn 0.5897 -0.7905 -0.1654
vn 0.38869 -0.92137 0
vn 0.3833 -0.90869 -0.1654
vn 0.88948 -0.42599 -0.1654
vn 0.77233 -0.63522 0
vn 0.76173 -0.62642 -0.16541
vn 0.96559 -0.2007 -0.1654
vn 0.90192 -0.43191 0
vn 0.94827 0.27099 -0.16539
vn 0.99933 0.0367 0
vn 0.98556 0.0362 -0.16539
vn 0.85582 0.49011 -0.1654
vn 0.9615 0.2748 0
vn 0.1569 -0.98761 0
vn -0.4533 0.6077 -0.6521
vn 0.2337 -0.0486 -0.97109
vn 0.75761 0.0278 -0.65211
vn 0.74228 -0.1543 -0.65208
vn 0.24259 0.71828 -0.65209
vn 0.02 0.2378 -0.97111
vn 0.0637 0.75547 -0.65208
vn -0.72898 -0.20829 -0.65208
vn 0.4075 0.6393 -0.6521
vn 0.0928 -0.2199 -0.9711
vn 0.4533 -0.6077 -0.6521
vn 0.2947 -0.69851 -0.6521
vn 0.0374 -0.2357 -0.97111
vn 0.11899 -0.74876 -0.65207
vn 0.2071 0.1186 -0.9711
vn 0.72898 0.20829 -0.65208
vn 0.2295 0.0656 -0.9711
vn -0.88948 0.42599 -0.1654
vn -0.77237 0.63517 0
vn -0.1547 0.97402 -0.1654
vn -0.1189 0.74877 -0.65208
vn -0.0928 0.2199 -0.9711
vn -0.2947 0.69851 -0.6521
vn -0.1283 -0.2013 -0.97109
vn -0.54862 -0.52322 -0.65212
vn -0.1727 -0.1647 -0.97111
vn -0.2071 -0.1186 -0.9711
vn -0.2295 -0.0656 -0.9711
vn 0.0829 0.98273 -0.16541
vn 0.32001 0.94742 0
vn 0.86781 0.4969 0
vn 0.97908 -0.2035 0
vn 0.59789 -0.80158 0
vn -0.0153 -0.1224 -0.99236
vn 0.0764 0.2261 -0.9711
vn 0.1283 0.2013 -0.97109
vn -0.11369 -0.048 -0.99236
vn -0.0984 0.0745 -0.99236
vn 0.2385 0.0088 -0.9711
vn -0.0764 -0.2261 -0.9711
vn 0.0153 0.1224 -0.99236
vn -0.0201 -0.2378 -0.97111
vn 0.0984 -0.0745 -0.99236
vn -0.1427 0.1913 -0.9711
vn 0.37719 -0.89418 -0.24119
vn 0.1727 0.1647 -0.97111
vn 0.1843 -0.1516 -0.97111
vn 0.2152 -0.1031 -0.97111
vn -0.1843 0.1516 -0.97111
vn 0.1427 -0.1913 -0.9711
vn 0.58577 0.77376 -0.24119
vn 0.60359 0.79729 0
vn 0.11369 0.048 -0.99236
vn -0.2385 -0.0088 -0.9711
vn -0.37719 0.89418 -0.24119
vn -0.2337 0.0486 -0.97109
vn -0.2152 0.1031 -0.97111
vn -0.0374 0.2357 -0.97111
vn -0.74228 0.1543 -0.65208
vn -0.6838 0.3274 -0.6521
vn -0.0637 -0.75547 -0.65208
vn 0.54862 0.52322 -0.65212
vn -0.58557 0.48158 -0.65207
vn -0.75761 -0.0278 -0.65211
vn -0.24259 -0.71828 -0.65209
vn -0.4075 -0.6393 -0.6521
vn 0.58557 -0.48158 -0.65207
vn 0.6838 -0.3274 -0.6521
vn -0.65791 -0.37671 -0.65211
vn 0.96298 -0.1204 -0.24119
vn 0.99227 -0.1241 0
vn 0.084 0.99647 0
vn -0.99227 0.1241 0
vn -0.96298 0.1204 -0.24119
vn 0.65791 0.37671 -0.65211
vn -0.90192 0.43191 0
vn -0.1569 0.98761 0
vn -0.60359 -0.79729 0
vn -0.58577 -0.77376 -0.24119
vn 0.53588 0.22609 -0.81346
vn 0.4637 -0.351 -0.8135
vn -0.4637 0.351 -0.8135
vn 0.0722 0.57709 -0.81348
vn -0.0722 -0.57709 -0.81348
vn -0.53588 -0.22609 -0.81346
vn 0.64921 0.74241 -0.1654
vn 0.81928 0.57339 0
vn 0.808 0.5655 -0.1654
vn -0.45262 -0.87623 -0.16541
vn -0.65822 -0.75282 0
vn -0.64921 -0.74241 -0.1654
vn -0.97979 0.1125 -0.1654
vn -0.93731 0.3485 0
vn -0.9244 0.3437 -0.1654
vn -0.81928 -0.57339 0
vn -0.808 -0.5655 -0.1654
vn -0.2298 -0.95908 -0.1654
vn -0.45897 -0.88845 0
vn 0.93268 0.36069 0
vn 0.91984 0.35572 -0.16541
vn -0.2423 0.956 -0.1654
vn -0.0065 0.99998 0
vn -0.0064 0.98621 -0.1654
vn -0.46398 0.87027 -0.16539
vn -0.24559 0.96937 0
vn -0.82667 0.56268 0
vn -0.81531 0.5549 -0.1654
vn -0.97823 -0.1253 -0.16541
vn -0.99347 0.1141 0
vn -0.91984 -0.35572 -0.16541
vn -0.9919 -0.127 0
vn -0.93268 -0.36069 0
vn 0.0064 -0.98621 -0.1654
vn 0.24559 -0.96937 0
vn 0.0065 -0.99998 0
vn 0.65881 -0.73391 -0.1654
vn 0.4705 -0.8824 0
vn 0.46398 -0.87027 -0.16539
vn 0.81531 -0.5549 -0.1654
vn 0.66798 -0.74418 0
vn 0.97979 -0.1125 -0.1654
vn 0.93731 -0.3485 0
vn 0.9244 -0.3437 -0.1654
vn 0.97825 0.12521 -0.16541
vn 0.99347 -0.1141 0
vn -0.23299 -0.97248 0
vn -0.1862 0.73491 -0.65211
vn 0.1973 -0.1343 -0.9711
vn 0.7106 -0.2642 -0.6521
vn 0.62671 -0.42661 -0.65211
vn 0.1571 0.1797 -0.9711
vn 0.3479 0.6736 -0.6521
vn 0.49902 0.57072 -0.65212
vn -0.75319 0.0865 -0.65209
vn 0.0016 -0.2387 -0.97109
vn 0.1862 -0.73491 -0.65211
vn 0.0049 -0.75811 -0.65211
vn -0.0556 -0.2321 -0.9711
vn -0.1766 -0.73729 -0.65209
vn 0.2367 0.0303 -0.97111
vn 0.75319 -0.0865 -0.65209
vn 0.2371 -0.0272 -0.9711
vn -0.65881 0.73391 -0.1654
vn -0.4705 0.8824 0
vn 0.2298 0.95908 -0.1654
vn 0.1766 0.73729 -0.65209
vn -0.0586 0.2313 -0.97112
vn -0.0049 0.75811 -0.65211
vn -0.0016 0.2386 -0.97112
vn -0.62111 -0.43471 -0.65211
vn -0.2226 -0.0861 -0.9711
vn -0.1955 -0.1368 -0.97111
vn -0.752 -0.0963 -0.6521
vn -0.2371 0.0272 -0.9711
vn -0.2367 -0.0303 -0.97111
vn 0.45262 0.87623 -0.16541
vn 0.65822 0.75282 0
vn 0.9919 0.127 0
vn 0.82667 -0.56268 0
vn 0.2423 -0.956 -0.1654
vn -0.061 -0.1073 -0.99235
vn 0.1095 0.212 -0.97111
vn 0.1955 0.1368 -0.97111
vn -0.12339 -0.0008 -0.99236
vn -0.0624 0.1064 -0.99236
vn 0.2237 -0.0832 -0.9711
vn -0.1571 -0.1797 -0.9711
vn 0.061 0.1073 -0.99235
vn -0.1095 -0.212 -0.97111
vn 0.0624 -0.1064 -0.99236
vn 0.0063 -0.97045 -0.24121
vn 0.2226 0.0861 -0.9711
vn 0.1123 -0.2106 -0.9711
vn 0.1594 -0.1776 -0.97111
vn -0.1123 0.2106 -0.9711
vn 0.0586 -0.2313 -0.97112
vn 0.83729 0.49069 -0.2412
vn 0.86278 0.50559 0
vn 0.12339 0.0008 -0.99236
vn -0.2237 0.0832 -0.9711
vn -0.0063 0.97045 -0.24121
vn -0.1973 0.1343 -0.9711
vn -0.1594 0.1776 -0.97111
vn 0.0556 0.2321 -0.9711
vn -0.5064 0.5642 -0.6521
vn -0.62671 0.42661 -0.65211
vn -0.34799 -0.67357 -0.65208
vn 0.70709 0.2735 -0.65209
vn 0.62111 0.43471 -0.65211
vn -0.35669 0.66899 -0.65209
vn -0.7106 0.2642 -0.6521
vn -0.49902 -0.57072 -0.65212
vn 0.35669 -0.66899 -0.65209
vn 0.5064 -0.5642 -0.6521
vn -0.70709 -0.2735 -0.65209
vn 0.84358 -0.47979 -0.24119
vn 0.86929 -0.4943 0
vn 0.45897 0.88845 0
vn -0.86929 0.4943 0
vn -0.84358 0.47979 -0.24119
vn -0.86925 0.49437 0
vn 0.752 0.0963 -0.6521
vn -0.66798 0.74418 0
vn 0.23299 0.97248 0
vn -0.86278 -0.50559 0
vn -0.83729 -0.49069 -0.2412
vn 0.29409 -0.50178 -0.81347
vn 0.58158 0.0038 -0.81348
vn -0.29409 0.50178 -0.81347
vn -0.58158 -0.0038 -0.81348
vn 0.28749 0.50558 -0.81347
vn -0.28749 -0.50558 -0.81347
vn 0.88388 0.43749 -0.1654
vn 0.97635 0.21621 0
vn 0.96289 0.2133 -0.1654
vn -0.7535 -0.6363 -0.1654
vn -0.89622 -0.44361 0
vn -0.88388 -0.43749 -0.1654
vn -0.86216 0.47888 -0.16539
vn -0.73258 0.68068 0
vn -0.7225 0.6713 -0.1654
vn -0.97635 -0.21621 -0
vn -0.96289 -0.2133 -0.1654
vn -0.57933 -0.79814 -0.16541
vn -0.76401 -0.64521 -0
vn 0.99972 -0.0237 -0
vn 0.98595 -0.0234 -0.16541
vn 0.14201 0.97595 -0.16541
vn 0.37668 0.92634 0
vn 0.37149 0.91358 -0.1654
vn -0.0956 0.98158 -0.1654
vn 0.144 0.98958 -0
vn -0.54841 0.83621 0
vn -0.54088 0.82468 -0.1654
vn -0.95172 0.2586 -0.1654
vn -0.87419 0.48559 0
vn -0.98595 0.0234 -0.16541
vn -0.96499 0.2623 0
vn -0.99972 0.0237 0
vn -0.14201 -0.97595 -0.16541
vn -0.37668 -0.92634 0
vn -0.37149 -0.91358 -0.1654
vn 0.0956 -0.98158 -0.1654
vn 0.33229 -0.94318 0
vn 0.097 -0.99528 0
vn 0.54088 -0.82468 -0.1654
vn 0.32779 -0.93016 -0.16539
vn 0.86216 -0.47888 -0.16539
vn 0.73258 -0.68068 -0
vn 0.7225 -0.6713 -0.1654
vn 0.95172 -0.2586 -0.1654
vn 0.87419 -0.48559 -0
vn -0.5874 -0.8093 0
vn 0.1092 0.75022 -0.65211
vn 0.41578 -0.63397 -0.65207
vn 0.1748 -0.1624 -0.97112
vn 0.55541 -0.51601 -0.65211
vn 0.67948 0.33629 -0.65208
vn 0.1823 0.154 -0.97111
vn 0.57919 0.48919 -0.65209
vn -0.55541 0.51601 -0.65211
vn -0.66279 0.36809 -0.65209
vn -0.2856 -0.70229 -0.65209
vn -0.0344 -0.2362 -0.9711
vn -0.1092 -0.75022 -0.65211
vn -0.44529 -0.61359 -0.65209
vn -0.0899 -0.2211 -0.9711
vn 0.2303 -0.0626 -0.9711
vn 0.66279 -0.36809 -0.65209
vn 0.2086 -0.1159 -0.97111
vn -0.32779 0.93016 -0.16539
vn -0.097 0.99528 -0
vn 0.57933 0.79814 -0.16541
vn 0.44529 0.61359 -0.65209
vn 0.0344 0.2362 -0.9711
vn 0.2856 0.70229 -0.65209
vn 0.0899 0.2211 -0.9711
vn -0.233 -0.0516 -0.97111
vn -0.75791 0.018 -0.65211
vn -0.2386 0.0057 -0.9711
vn -0.2303 0.0626 -0.9711
vn -0.2086 0.1159 -0.97111
vn 0.7535 0.6363 -0.1654
vn 0.89622 0.44361 0
vn 0.96499 -0.2623 -0
vn 0.54841 -0.83621 0
vn -0.144 -0.98958 -0
vn -0.0974 -0.0757 -0.99236
vn 0.2139 0.1059 -0.9711
vn 0.233 0.0516 -0.97111
vn -0.1143 0.0465 -0.99236
vn 0.1309 -0.1996 -0.9711
vn -0.0169 0.1222 -0.99236
vn -0.2139 -0.1059 -0.9711
vn 0.0974 0.0758 -0.99236
vn -0.1823 -0.154 -0.97111
vn 0.0169 -0.1222 -0.99236
vn -0.36551 -0.89901 -0.2412
vn 0.2386 -0.0057 -0.9711
vn 0.0231 -0.2375 -0.97111
vn 0.0793 -0.2251 -0.9711
vn -0.0231 0.2375 -0.97111
vn -0.1402 -0.1931 -0.97111
vn 0.96133 0.1329 -0.24121
vn 0.99057 0.137 -0
vn 0.1143 -0.0465 -0.99236
vn -0.1748 0.1624 -0.97112
vn 0.36551 0.89901 -0.2412
vn -0.1309 0.1996 -0.9711
vn -0.0793 0.2251 -0.9711
vn 0.1402 0.1931 -0.97111
vn -0.41578 0.63397 -0.65207
vn -0.25199 0.71506 -0.65207
vn -0.57919 -0.48919 -0.65209
vn 0.75791 -0.018 -0.65211
vn 0.7402 0.1639 -0.6521
vn -0.0735 0.75458 -0.65208
vn -0.7402 -0.1639 -0.6521
vn -0.67948 -0.33629 -0.65208
vn 0.0735 -0.75458 -0.65208
vn 0.25199 -0.71506 -0.65207
vn -0.7316 0.1988 -0.6521
vn 0.59578 -0.76608 -0.24119
vn 0.61389 -0.78939 -0
vn 0.76401 0.64521 0
vn -0.61389 0.78939 -0
vn -0.59578 0.76608 -0.24119
vn 0.7316 -0.1988 -0.6521
vn -0.33238 0.94315 0
vn 0.5874 0.8093 0
vn -0.99057 -0.137 0
vn -0.96133 -0.1329 -0.24121
vn 0.0797 -0.57609 -0.81349
vn 0.53878 -0.21909 -0.81346
vn -0.0797 0.57609 -0.81349
vn 0.45908 0.35709 -0.81347
vn -0.45908 -0.35709 -0.81347
vn -0.53878 0.21909 -0.81346
vn 0.98402 0.066 -0.1654
vn 0.98478 -0.1738 0
vn 0.9712 -0.1715 -0.1654
vn -0.93964 -0.29951 -0.16541
vn -0.99776 -0.0669 0
vn -0.98402 -0.066 -0.1654
vn -0.61327 0.77236 -0.16539
vn -0.41631 0.90922 0
vn -0.4106 0.89669 -0.1654
vn -0.98478 0.1738 0
vn -0.9712 0.1715 -0.1654
vn -0.84067 -0.51568 -0.16539
vn -0.95277 -0.30369 0
vn 0.91455 -0.40448 0
vn 0.90196 -0.39888 -0.16539
vn 0.5047 0.8473 -0.1654
vn 0.70249 0.71169 0
vn 0.6928 0.7019 -0.1654
vn 0.28729 0.94346 -0.16539
vn 0.5118 0.8591 0
vn -0.1867 0.98242 0
vn -0.1841 0.96889 -0.1654
vn -0.78027 0.60318 -0.16539
vn -0.62179 0.78319 0
vn -0.90196 0.39888 -0.16539
vn -0.79118 0.61158 0
vn -0.91455 0.40448 0
vn -0.5047 -0.8473 -0.1654
vn -0.70249 -0.71169 0
vn -0.6928 -0.7019 -0.1654
vn -0.28729 -0.94346 -0.16539
vn -0.0539 -0.99855 0
vn -0.29131 -0.95663 0
vn 0.1841 -0.96889 -0.1654
vn -0.0531 -0.9848 -0.1654
vn 0.61327 -0.77236 -0.16539
vn 0.41631 -0.90922 0
vn 0.4106 -0.89669 -0.1654
vn 0.78027 -0.60318 -0.16539
vn 0.62179 -0.78319 0
vn -0.8524 -0.5229 0
vn 0.38798 0.65137 -0.65207
vn 0.0445 -0.2345 -0.9711
vn 0.31569 -0.68929 -0.65209
vn 0.1415 -0.74481 -0.65211
vn 0.2381 0.016 -0.97111
vn 0.7223 0.2303 -0.6521
vn 0.75642 0.0507 -0.65212
vn -0.3156 0.68931 -0.65211
vn -0.47142 0.59372 -0.65212
vn -0.1677 -0.1699 -0.97109
vn -0.38798 -0.65137 -0.65207
vn -0.53258 -0.53958 -0.65208
vn -0.2034 -0.1248 -0.97111
vn -0.64622 -0.39641 -0.65212
vn 0.1888 -0.146 -0.9711
vn 0.47142 -0.59372 -0.65212
vn 0.1484 -0.1869 -0.97111
vn 0.0531 0.9848 -0.1654
vn 0.29131 0.95663 0
vn 0.84067 0.51568 -0.16539
vn 0.64622 0.39641 -0.65212
vn 0.1221 0.205 -0.97112
vn 0.53258 0.53958 -0.65208
vn 0.1676 0.1698 -0.97112
vn -0.74659 0.1318 -0.65209
vn -0.2183 0.0965 -0.9711
vn -0.235 0.0415 -0.97111
vn -0.1888 0.146 -0.9711
vn -0.1484 0.1869 -0.97111
vn 0.93964 0.29951 -0.16541
vn 0.99776 0.0669 0
vn 0.79118 -0.61158 0
vn 0.1867 -0.98242 0
vn -0.5118 -0.8591 0
vn -0.11899 -0.0327 -0.99236
vn 0.2274 0.0725 -0.9711
vn 0.235 -0.0415 -0.97111
vn -0.0878 0.0867 -0.99236
vn 0.0312 0.11939 -0.99236
vn 0.0994 -0.217 -0.9711
vn -0.2381 -0.016 -0.97111
vn 0.11899 0.0327 -0.99236
vn -0.2274 -0.0725 -0.9711
vn -0.0312 -0.11939 -0.99236
vn -0.68171 -0.69071 -0.2412
vn 0.2183 -0.0965 -0.9711
vn -0.0695 -0.2283 -0.97111
vn -0.0129 -0.2383 -0.97111
vn 0.0695 0.2283 -0.97111
vn -0.1221 -0.205 -0.97112
vn 0.93901 -0.2451 -0.2412
vn 0.9676 -0.2525 0
vn 0.0878 -0.0867 -0.99236
vn -0.0994 0.217 -0.9711
vn 0.68171 0.69071 -0.2412
vn -0.0445 0.2345 -0.9711
vn 0.0129 0.2383 -0.97111
vn 0.2034 0.1248 -0.97111
vn 0.0408 0.75706 -0.65207
vn -0.1415 0.74481 -0.65211
vn -0.7223 -0.2303 -0.6521
vn 0.69339 -0.30659 -0.65209
vn 0.74659 -0.1318 -0.65209
vn 0.22079 0.72528 -0.65208
vn -0.0408 -0.75706 -0.65207
vn -0.75642 -0.0507 -0.65212
vn -0.22079 -0.72528 -0.65208
vn -0.5998 0.4637 -0.6521
vn -0.69339 0.30659 -0.65209
vn 0.25731 -0.93574 -0.24121
vn 0.26511 -0.96422 0
vn 0.95277 0.30369 0
vn -0.26511 0.96422 0
vn -0.25731 0.93574 -0.24121
vn 0.5998 -0.4637 -0.6521
vn 0.0539 0.99855 0
vn 0.8524 0.5229 0
vn -0.9676 0.2525 0
vn -0.93901 0.2451 -0.2412
vn -0.14689 -0.56277 -0.81346
vn 0.41389 -0.40859 -0.81348
vn 0.14689 0.56277 -0.81346
vn 0.56078 0.1542 -0.81348
vn -0.56078 -0.1542 -0.81348
vn -0.41389 0.40859 -0.81348
vn 0.93437 -0.31559 -0.16539
vn 0.84327 -0.53748 0
vn 0.83166 -0.53008 -0.16539
vn -0.98273 0.0829 -0.16541
vn -0.94742 0.32001 0
vn -0.93437 0.31559 -0.16539
vn -0.27099 0.94827 -0.16539
vn -0.0367 0.99933 0
vn -0.0362 0.98556 -0.16539
vn -0.84327 0.53748 0
vn -0.83166 0.53008 -0.16539
vn -0.97402 -0.1547 -0.1654
vn -0.99647 0.084 0
vn 0.69016 -0.72366 0
vn 0.68062 -0.71372 -0.1654
vn 0.7905 0.5897 -0.1654
vn 0.92137 0.38869 0
vn 0.90869 0.3833 -0.1654
vn 0.62642 0.76173 -0.16541
vn 0.80158 0.59789 0
vn 0.2035 0.97908 0
vn 0.2007 0.96559 -0.1654
vn -0.49011 0.85582 -0.1654
vn -0.2748 0.9615 0
vn -0.68062 0.71372 -0.1654
vn -0.4969 0.86781 0
vn -0.69016 0.72366 0
vn -0.7905 -0.5897 -0.1654
vn -0.92137 -0.38869 0
vn -0.90869 -0.3833 -0.1654
vn -0.42599 -0.88948 -0.1654
vn -0.63522 -0.77233 0
vn -0.62642 -0.76173 -0.16541
vn -0.2007 -0.96559 -0.1654
vn -0.43191 -0.90192 0
vn 0.27099 -0.94827 -0.16539
vn 0.0367 -0.99933 0
vn 0.0362 -0.98556 -0.16539
vn 0.49011 -0.85582 -0.1654
vn 0.2748 -0.9615 0
vn -0.98761 -0.1569 0
vn 0.6077 0.4533 -0.6521
vn -0.0486 -0.2337 -0.97109
vn 0.0278 -0.75761 -0.65211
vn -0.1543 -0.74228 -0.65208
vn 0.71828 -0.24259 -0.65209
vn 0.2378 -0.0201 -0.97111
vn 0.75547 -0.0637 -0.65208
vn -0.0278 0.75761 -0.65211
vn -0.20829 0.72898 -0.65208
vn -0.2199 -0.0928 -0.9711
vn -0.6077 -0.4533 -0.6521
vn -0.69851 -0.2947 -0.6521
vn -0.2357 -0.0374 -0.97111
vn -0.74876 -0.11899 -0.65207
vn 0.1186 -0.2071 -0.9711
vn 0.20829 -0.72898 -0.65208
vn 0.0656 -0.2295 -0.9711
vn 0.42599 0.88948 -0.1654
vn 0.63517 0.77237 0
vn 0.74877 0.1189 -0.65208
vn 0.98273 -0.0829 -0.16541
vn 0.2199 0.0928 -0.9711
vn 0.69851 0.2947 -0.6521
vn -0.2013 0.1283 -0.97109
vn -0.52322 0.54862 -0.65212
vn -0.1647 0.1727 -0.97111
vn -0.1186 0.2071 -0.9711
vn -0.0656 0.2295 -0.9711
vn 0.94742 -0.32001 0
vn 0.4969 -0.86781 0
vn -0.2035 -0.97908 0
vn -0.80158 -0.59789 0
vn -0.1224 0.0153 -0.99236
vn 0.2261 -0.0764 -0.9711
vn 0.2013 -0.1283 -0.97109
vn -0.048 0.11369 -0.99236
vn 0.0745 0.0984 -0.99236
vn 0.0088 -0.2385 -0.9711
vn -0.2261 0.0764 -0.9711
vn 0.1224 -0.0153 -0.99236
vn -0.2378 0.0201 -0.97111
vn -0.0745 -0.0984 -0.99236
vn 0.1913 0.1427 -0.9711
vn -0.89418 -0.37719 -0.24119
vn 0.1647 -0.1727 -0.97111
vn -0.1516 -0.1843 -0.97111
vn -0.1031 -0.2152 -0.97111
vn 0.1516 0.1843 -0.97111
vn -0.1913 -0.1427 -0.9711
vn 0.77376 -0.58577 -0.24119
vn 0.79729 -0.60359 0
vn 0.048 -0.11369 -0.99236
vn -0.0088 0.2385 -0.9711
vn 0.89418 0.37719 -0.24119
vn 0.0486 0.2337 -0.97109
vn 0.1031 0.2152 -0.97111
vn 0.2357 0.0374 -0.97111
vn 0.1543 0.74228 -0.65208
vn 0.3274 0.6838 -0.6521
vn -0.75547 0.0637 -0.65208
vn 0.52322 -0.54862 -0.65212
vn 0.6393 -0.4075 -0.6521
vn 0.48158 0.58557 -0.65207
vn -0.3274 -0.6838 -0.6521
vn 0.97402 0.1547 -0.1654
vn -0.71828 0.24259 -0.65209
vn -0.6393 0.4075 -0.6521
vn -0.48158 -0.58557 -0.65207
vn -0.37671 0.65791 -0.65211
vn -0.1204 -0.96298 -0.24119
vn -0.1241 -0.99227 0
vn 0.99647 -0.084 0
vn 0.1241 0.99227 0
vn 0.1204 0.96298 -0.24119
vn 0.37671 -0.65791 -0.65211
vn 0.43191 0.90192 0
vn 0.98761 0.1569 0
vn -0.79729 0.60359 0
vn -0.77376 0.58577 -0.24119
vn -0.351 -0.4637 -0.8135
vn 0.22609 -0.53588 -0.81346
vn 0.351 0.4637 -0.8135
vn 0.57709 -0.0722 -0.81348
vn -0.57709 0.0722 -0.81348
vn -0.22609 0.53588 -0.81346
vn -0.88845 0.45897 0
vn 0.2386 0.0016 -0.97112
vn -0.2387 -0.0016 -0.97109
vn 0.49437 0.86925 0
vn -0.94318 -0.33229 0
vn 0.0757 -0.0974 -0.99236
vn -0.71506 -0.25199 -0.65207
vn -0.78319 -0.62179 0
vn 0.65137 -0.38798 -0.65207
vn -0.65131 0.38801 -0.65211
vn 0.1699 -0.1677 -0.97109
vn -0.1698 0.1677 -0.9711
vn -0.11899 0.74876 -0.65207
vn 0.1189 -0.74877 -0.65208
vn 0.0201 0.2378 -0.97111
vn 0.4589 0.88849 0
vn -0.97825 -0.12521 -0.16541
vn -0.3479 -0.6736 -0.6521
vn -0.0016 0.2387 -0.97109
vn 0.0016 -0.2386 -0.97112
vn 0.0624 -0.1065 -0.99235
vn -0.0624 0.1065 -0.99235
vn 0.86925 -0.49437 0
vn -0.33229 0.94318 -0
vn -0.252 0.71501 -0.65211
vn 0.33238 -0.94315 -0
vn -0.31569 0.68929 -0.65209
vn 0.3156 -0.68931 -0.65211
vn 0.1677 0.1699 -0.97109
vn -0.0408 -0.75702 -0.65212
vn 0.0408 0.75702 -0.65212
vn 0.75646 0.0507 -0.65207
vn 0.63522 0.77233 0
vn 0.74876 0.11899 -0.65207
vn -0.63517 -0.77237 0
vn -0 -0 -1
usemtl mat1
f 2097//1689 2098//1690 2099//1691
f 2097//1689 2099//1691 2100//1692
f 2101//1693 2102//1694 2103//1695
f 2101//1693 2103//1695 2104//1696
f 2105//1697 2106//1698 2107//1699
f 2105//1697 2107//1699 2108//1700
f 2109//1701 2110//1702 2111//1703
f 2109//1701 2111//1703 2112//1704
f 2113//1705 2114//1706 2115//1707
f 2113//1705 2115//1707 2116//1708
f 2117//1709 2118//1710 2119//1711
f 2117//1709 2119//1711 2120//1712
f 2121//1713 2122//1714 2123//1715
f 2121//1713 2123//1715 2124//1716
f 2125//1717 2126//1718 2127//1719
f 2125//1717 2127//1719 2128//1720
f 2129//1721 2130//1722 2114//1706
f 2129//1721 2114//1706 2113//1705
f 2131//1723 2132//1724 2133//1725
f 2131//1723 2133//1725 2134//1726
f 2135//1727 2136//1728 2137//1729
f 2135//1727 2137//1729 2138//1730
f 2139//1731 2140//1732 2141//1733
f 2139//1731 2141//1733 2142//1734
f 2143//1735 2144//1736 2102//1694
f 2143//1735 2102//1694 2101//1693
f 2145//1737 2146//1738 2147//1739
f 2145//1737 2147//1739 2148//1740
f 2149//1741 2150//1742 2151//1743
f 2149//1741 2151//1743 2152//1744
f 2153//1745 2154//1746 2155//1747
f 2153//1745 2155//1747 2156//1748
f 2157//1749 2158//1750 2159//1751
f 2157//1749 2159//1751 2160//1752
f 2161//1753 2162//1754 2106//1698
f 2161//1753 2106//1698 2105//1697
f 2152//1744 2151//1743 2132//1724
f 2152//1744 2132//1724 2131//1723
f 2163//1755 2164//1756 2165//1757
f 2163//1755 2165//1757 2166//1758
f 2167//1759 2168//1760 2169//1761
f 2167//1759 2169//1761 2170//1762
f 2171//1763 2172//1763 2144//1736
f 2171//1763 2144//1736 2143//1735
f 2173//1764 2174//1765 2175//1766
f 2173//1764 2175//1766 2176//1767
f 2124//1716 2123//1715 2177//1768
f 2124//1716 2177//1768 2178//1769
f 2170//1762 2169//1761 2098//1690
f 2170//1762 2098//1690 2097//1689
f 2178//1769 2177//1768 2118//1710
f 2178//1769 2118//1710 2117//1709
f 2179//1770 2180//1771 2181//1772
f 2179//1770 2181//1772 2182//1773
f 2116//1708 2115//1707 2122//1714
f 2116//1708 2122//1714 2121//1713
f 2100//1692 2099//1691 2126//1718
f 2100//1692 2126//1718 2125//1717
f 2183//1774 2184//1775 2185//1776
f 2183//1774 2185//1776 2186//1777
f 2187//1778 2188//1779 2110//1702
f 2187//1778 2110//1702 2109//1701
f 2156//1748 2155//1747 2189//1780
f 2156//1748 2189//1780 2190//1781
f 2112//1704 2111//1703 2154//1746
f 2112//1704 2154//1746 2153//1745
f 2191//1782 2192//1782 2193//1783
f 2191//1782 2193//1783 2194//1784
f 2108//1700 2107//1699 2136//1728
f 2108//1700 2136//1728 2135//1727
f 2190//1781 2189//1780 2140//1732
f 2190//1781 2140//1732 2139//1731
f 2194//1784 2193//1783 2164//1756
f 2194//1784 2164//1756 2163//1755
f 2195//1785 2196//1786 2146//1738
f 2195//1785 2146//1738 2145//1737
f 2120//1712 2119//1711 2150//1742
f 2120//1712 2150//1742 2149//1741
f 2160//1752 2159//1751 2192//1782
f 2160//1752 2192//1782 2191//1782
f 2138//1730 2137//1729 2130//1722
f 2138//1730 2130//1722 2129//1721
f 2104//1696 2103//1695 2162//1754
f 2104//1696 2162//1754 2161//1753
f 2134//1726 2133//1725 2174//1765
f 2134//1726 2174//1765 2173//1764
f 2186//1777 2185//1776 2172//1763
f 2186//1777 2172//1763 2171//1763
f 2176//1767 2175//1766 2158//1750
f 2176//1767 2158//1750 2157//1749
f 2128//1720 2127//1719 2184//1775
f 2128//1720 2184//1775 2183//1774
f 2142//1734 2141//1733 2180//1771
f 2142//1734 2180//1771 2179//1770
f 2182//1773 2181//1772 2168//1760
f 2182//1773 2168//1760 2167//1759
f 2166//1758 2165//1757 2196//1786
f 2166//1758 2196//1786 2195//1785
f 2148//1740 2147//1739 2188//1779
f 2148//1740 2188//1779 2187//1778
f 2197//1787 2198//1787 2199//1787
f 2197//1787 2199//1787 2200//1787
f 2201//1787 2202//1787 2203//1787
f 2201//1787 2203//1787 2204//1787
f 2205//1787 2206//1787 2207//1787
f 2205//1787 2207//1787 2208//1787
f 2209//1787 2210//1787 2211//1787
f 2209//1787 2211//1787 2212//1787
f 2213//1787 2214//1787 2215//1787
f 2213//1787 2215//1787 2216//1787
f 2217//1787 2218//1787 2219//1787
f 2217//1787 2219//1787 2220//1787
f 2221//1787 2222//1787 2223//1787
f 2221//1787 2223//1787 2224//1787
f 2225//1787 2226//1787 2227//1787
f 2225//1787 2227//1787 2228//1787
f 2229//1787 2230//1787 2231//1787
f 2229//1787 2231//1787 2232//1787
f 2233//1787 2234//1787 2235//1787
f 2233//1787 2235//1787 2236//1787
f 2237//1787 2238//1787 2239//1787
f 2237//1787 2239//1787 2240//1787
f 2241//1787 2242//1787 2243//1787
f 2241//1787 2243//1787 2244//1787
f 2212//1787 2211//1787 2245//1787
f 2212//1787 2245//1787 2246//1787
f 2247//1787 2248//1787 2242//1787
f 2247//1787 2242//1787 2241//1787
f 2232//1787 2231//1787 2249//1787
f 2232//1787 2249//1787 2250//1787
f 2251//1787 2252//1787 2253//1787
f 2251//1787 2253//1787 2254//1787
f 2255//1787 2256//1787 2198//1787
f 2255//1787 2198//1787 2197//1787
f 2257//1787 2258//1787 2214//1787
f 2257//1787 2214//1787 2213//1787
f 2259//1787 2260//1787 2234//1787
f 2259//1787 2234//1787 2233//1787
f 2261//1787 2262//1787 2263//1787
f 2261//1787 2263//1787 2264//1787
f 2265//1787 2266//1787 2256//1787
f 2265//1787 2256//1787 2255//1787
f 2267//1787 2268//1787 2260//1787
f 2267//1787 2260//1787 2259//1787
f 2240//1787 2239//1787 2269//1787
f 2240//1787 2269//1787 2270//1787
f 2220//1787 2219//1787 2271//1787
f 2220//1787 2271//1787 2272//1787
f 2273//1787 2274//1787 2252//1787
f 2273//1787 2252//1787 2251//1787
f 2275//1787 2276//1787 2230//1787
f 2275//1787 2230//1787 2229//1787
f 2277//1787 2278//1787 2238//1787
f 2277//1787 2238//1787 2237//1787
f 2279//1787 2280//1787 2248//1787
f 2279//1787 2248//1787 2247//1787
f 2244//1787 2243//1787 2274//1787
f 2244//1787 2274//1787 2273//1787
f 2281//1787 2282//1787 2283//1787
f 2281//1787 2283//1787 2284//1787
f 2246//1787 2245//1787 2202//1787
f 2246//1787 2202//1787 2201//1787
f 2204//1787 2203//1787 2285//1787
f 2204//1787 2285//1787 2286//1787
f 2216//1787 2215//1787 2280//1787
f 2216//1787 2280//1787 2279//1787
f 2208//1787 2207//1787 2287//1787
f 2208//1787 2287//1787 2288//1787
f 2270//1787 2269//1787 2210//1787
f 2270//1787 2210//1787 2209//1787
f 2289//1787 2290//1787 2291//1787
f 2289//1787 2291//1787 2292//1787
f 2292//1787 2291//1787 2293//1787
f 2292//1787 2293//1787 2294//1787
f 2250//1787 2249//1787 2278//1787
f 2250//1787 2278//1787 2277//1787
f 2254//1787 2253//1787 2282//1787
f 2254//1787 2282//1787 2281//1787
f 2272//1787 2271//1787 2266//1787
f 2272//1787 2266//1787 2265//1787
f 2200//1787 2199//1787 2226//1787
f 2200//1787 2226//1787 2225//1787
f 2228//1787 2227//1787 2295//1787
f 2228//1787 2295//1787 2296//1787
f 2296//1787 2295//1787 2276//1787
f 2296//1787 2276//1787 2275//1787
f 2236//1787 2235//1787 2222//1787
f 2236//1787 2222//1787 2221//1787
f 2224//1787 2223//1787 2218//1787
f 2224//1787 2218//1787 2217//1787
f 2264//1787 2263//1787 2290//1787
f 2264//1787 2290//1787 2289//1787
f 2288//1787 2287//1787 2268//1787
f 2288//1787 2268//1787 2267//1787
f 2294//1787 2293//1787 2258//1787
f 2294//1787 2258//1787 2257//1787
f 2284//1787 2283//1787 2206//1787
f 2284//1787 2206//1787 2205//1787
f 2286//1787 2285//1787 2262//1787
f 2286//1787 2262//1787 2261//1787
f 2297//1788 2298//1789 2299//1790
f 2300//1791 2301//1792 2302//1793
f 2303//1794 2304//1795 2305//1796
f 2302//1793 2306//1797 2307//1798
f 2308//1799 2309//1800 2300//1791
f 2299//1790 2310//1801 2311//1802
f 2312//1803 2313//1804 2314//1805
f 2315//1806 2316//1807 2312//1803
f 2305//1796 2317//1808 2318//1809
f 2319//1810 2320//1811 2303//1794
f 2321//1812 2322//1813 2319//1810
f 2321//1812 2306//1797 2323//1814
f 2324//1815 2325//1816 2326//1817
f 2327//1818 2328//1819 2329//1820
f 2330//1821 2331//1822 2327//1818
f 2332//1823 2333//1824 2334//1825
f 2335//1826 2336//1827 2332//1823
f 2326//1817 2337//1828 2308//1799
f 2314//1805 2338//1829 2312//1803
f 2339//1830 2340//1831 2341//1832
f 2342//1833 2343//1834 2344//1835
f 2303//1794 2345//1836 2346//1837
f 2297//1788 2347//1838 2342//1833
f 2348//1839 2349//1840 2350//1841
f 2351//1842 2350//1841 2352//1843
f 2353//1844 2354//1845 2355//1846
f 2356//1847 2357//1848 2315//1806
f 2358//1849 2344//1835 2359//1850
f 2360//1851 2338//1829 2361//1852
f 2362//1853 2363//1854 2364//1855
f 2365//1856 2346//1837 2366//1857
f 2367//1858 2368//1859 2297//1788
f 2311//1802 2369//1860 2335//1826
f 2334//1825 2370//1861 2330//1821
f 2329//1820 2371//1862 2324//1815
f 2372//1863 2343//1834 2373//1864
f 2372//1863 2373//1864 2374//1865
f 2375//1866 2339//1830 2376//1867
f 2375//1866 2353//1844 2355//1846
f 2375//1866 2355//1846 2377//1868
f 2378//1869 2379//1870 2380//1871
f 2381//1872 2382//1873 2360//1851
f 2383//1874 2384//1816 2385//1874
f 2375//1866 2374//1865 2386//1875
f 2387//1876 2376//1867 2388//1877
f 2381//1872 2389//1878 2382//1873
f 2390//1879 2376//1867 2387//1876
f 2379//1870 2348//1839 2351//1842
f 2391//1880 2392//1881 2393//1881
f 2375//1866 2386//1875 2353//1844
f 2364//1855 2394//1882 2379//1870
f 2366//1857 2395//1883 2394//1882
f 2380//1871 2379//1870 2351//1842
f 2378//1869 2364//1855 2379//1870
f 2391//1884 2396//1804 2397//1884
f 2365//1856 2366//1857 2394//1882
f 2398//1885 2399//1886 2381//1872
f 2360//1851 2372//1863 2381//1872
f 2372//1863 2400//1887 2343//1834
f 2401//1888 2356//1847 2402//1889
f 2403//1890 2351//1842 2352//1843
f 2404//1891 2374//1865 2347//1838
f 2354//1845 2334//1825 2340//1831
f 2405//1892 2312//1803 2338//1829
f 2330//1821 2406//1893 2341//1832
f 2400//1887 2344//1835 2343//1834
f 2314//1805 2359//1850 2361//1852
f 2398//1885 2345//1836 2401//1888
f 2302//1793 2362//1853 2407//1894
f 2345//1836 2366//1857 2346//1837
f 2374//1865 2342//1833 2347//1838
f 2389//1878 2402//1889 2405//1892
f 2340//1831 2355//1846 2354//1845
f 2334//1825 2341//1832 2340//1831
f 2408//1895 2390//1879 2387//1876
f 2326//1817 2349//1840 2324//1815
f 2360//1851 2359//1850 2400//1887
f 2300//1791 2352//1843 2308//1799
f 2387//1876 2406//1893 2408//1895
f 2409//1896 2319//1810 2410//1897
f 2411//1898 2384//1899 2392//1899
f 2362//1853 2321//1812 2409//1896
f 2358//1849 2412//1900 2367//1858
f 2408//1895 2324//1815 2349//1840
f 2350//1841 2308//1799 2352//1843
f 2413//1901 2397//1902 2396//1903
f 2348//1839 2376//1867 2390//1879
f 2407//1894 2380//1871 2403//1890
f 2311//1802 2347//1838 2299//1790
f 2405//1892 2382//1873 2389//1878
f 2406//1893 2329//1820 2408//1895
f 2311//1802 2414//1904 2404//1891
f 2297//1788 2344//1835 2367//1858
f 2363//1854 2365//1856 2394//1882
f 2402//1889 2315//1806 2405//1892
f 2305//1796 2401//1888 2345//1836
f 2399//1886 2389//1878 2381//1872
f 2346//1837 2319//1810 2303//1794
f 2378//1869 2362//1853 2364//1855
f 2388//1877 2341//1832 2406//1893
f 2410//1897 2363//1854 2409//1896
f 2403//1890 2302//1793 2407//1894
f 2335//1826 2354//1845 2414//1904
f 2318//1809 2415//1905 2356//1847
f 2416//1906 2314//1805 2313//1804
f 2399//1886 2401//1888 2402//1889
f 2413//1907 2383//1908 2417//1908
f 2353//1844 2404//1891 2414//1904
f 2376//1867 2339//1830 2388//1877
f 2381//1872 2418//1909 2394//1882
f 2419//1910 2411//1898 2418//1909
f 2417//1902 2420//1911 2397//1902
f 2421//1912 2376//1867 2420//1911
f 2391//1880 2418//1909 2411//1880
f 2422//1913 2394//1882 2418//1909
f 2391//1884 2420//1911 2422//1913
f 2422//1913 2376//1867 2379//1870
f 2381//1872 2423//1914 2419//1910
f 2419//1910 2383//1874 2385//1874
f 2383//1908 2421//1912 2417//1908
f 2423//1914 2375//1866 2421//1912
f 2398//1885 2394//1882 2395//1883
f 2424//1915 2425//1916 2426//1917
f 2427//1918 2428//1919 2429//1920
f 2430//1921 2431//1922 2432//1923
f 2429//1920 2433//1924 2434//1925
f 2435//1926 2436//1927 2427//1918
f 2426//1917 2437//1928 2438//1929
f 2439//1930 2440//1931 2441//1932
f 2442//1933 2443//1934 2439//1930
f 2432//1923 2444//1935 2445//1936
f 2430//1921 2446//1937 2447//1938
f 2448//1939 2446//1937 2449//1940
f 2434//1925 2450//1941 2448//1939
f 2451//1942 2452//1943 2453//1944
f 2454//1945 2455//1946 2456//1947
f 2457//1948 2458//1949 2454//1945
f 2459//1950 2460//1951 2461//1952
f 2462//1953 2463//1954 2459//1950
f 2453//1944 2464//1955 2435//1926
f 2441//1932 2465//1956 2439//1930
f 2466//1957 2467//1958 2468//1959
f 2469//1960 2470//1961 2471//1962
f 2430//1921 2472//1963 2473//1964
f 2424//1915 2474//1965 2469//1960
f 2475//1966 2476//1967 2477//1968
f 2478//1969 2477//1968 2479//1970
f 2480//1971 2481//1972 2482//1973
f 2483//1974 2484//1975 2442//1933
f 2485//1976 2471//1962 2486//1977
f 2487//1978 2488//1979 2489//1980
f 2490//1981 2491//1982 2492//1983
f 2493//1984 2473//1964 2494//1985
f 2495//1986 2496//1987 2424//1915
f 2438//1929 2497//1988 2462//1953
f 2461//1952 2498//1989 2457//1948
f 2456//1947 2499//1990 2451//1942
f 2500//1991 2470//1961 2501//1992
f 2500//1991 2501//1992 2502//1993
f 2503//1994 2466//1957 2504//1995
f 2503//1994 2480//1971 2482//1973
f 2503//1994 2482//1973 2505//1996
f 2506//1997 2507//1998 2508//1999
f 2509//2000 2487//1978 2489//1980
f 2510//2001 2511//1943 2512//2001
f 2503//1994 2502//1993 2513//2002
f 2514//2003 2504//1995 2515//2004
f 2509//2000 2516//2005 2487//1978
f 2517//2006 2504//1995 2514//2003
f 2507//1998 2475//1966 2478//1969
f 2518//2007 2519//2008 2520//2008
f 2503//1994 2513//2002 2480//1971
f 2490//1981 2521//2009 2507//1998
f 2494//1985 2522//2010 2521//2009
f 2508//1999 2507//1998 2478//1969
f 2506//1997 2490//1981 2507//1998
f 2518//2011 2523//1931 2524//2011
f 2493//1984 2494//1985 2521//2009
f 2525//2012 2526//2013 2509//2000
f 2489//1980 2500//1991 2509//2000
f 2500//1991 2527//2014 2470//1961
f 2445//1936 2528//2015 2529//2016
f 2508//1999 2479//1970 2530//2017
f 2531//2018 2502//1993 2474//1965
f 2459//1950 2467//1958 2481//1972
f 2532//2019 2439//1930 2465//1956
f 2454//1945 2468//1959 2457//1948
f 2527//2014 2471//1962 2470//1961
f 2441//1932 2486//1977 2488//1979
f 2529//2016 2522//2010 2472//1963
f 2429//1920 2533//2020 2534//2021
f 2472//1963 2494//1985 2473//1964
f 2474//1965 2501//1992 2469//1960
f 2532//2019 2526//2013 2528//2015
f 2467//1958 2482//1973 2481//1972
f 2461//1952 2468//1959 2467//1958
f 2535//2022 2517//2006 2514//2003
f 2451//1942 2477//1968 2476//1967
f 2527//2014 2488//1979 2486//1977
f 2427//1918 2479//1970 2435//1926
f 2514//2003 2536//2023 2535//2022
f 2448//1939 2537//2024 2491//1982
f 2512//2025 2519//2026 2538//2025
f 2434//1925 2491//1982 2533//2020
f 2485//1976 2539//2027 2495//1986
f 2535//2022 2451//1942 2476//1967
f 2477//1968 2435//1926 2479//1970
f 2523//2028 2540//2029 2524//2029
f 2475//1966 2504//1995 2517//2006
f 2506//1997 2530//2017 2534//2021
f 2426//1917 2531//2018 2474//1965
f 2532//2019 2487//1978 2516//2005
f 2536//2023 2456//1947 2535//2022
f 2438//1929 2541//2030 2531//2018
f 2469//1960 2495//1986 2424//1915
f 2492//1983 2493//1984 2521//2009
f 2483//1974 2532//2019 2528//2015
f 2472//1963 2445//1936 2529//2016
f 2526//2013 2516//2005 2509//2000
f 2473//1964 2449//1940 2430//1921
f 2506//1997 2533//2020 2490//1981
f 2515//2004 2468//1959 2536//2023
f 2537//2024 2492//1983 2491//1982
f 2530//2017 2429//1920 2534//2021
f 2462//1953 2481//1972 2541//2030
f 2445//1936 2542//2031 2483//1974
f 2543//2032 2441//1932 2440//1931
f 2526//2013 2529//2016 2528//2015
f 2544//2033 2540//2034 2545//2033
f 2541//2030 2513//2002 2531//2018
f 2504//1995 2466//1957 2515//2004
f 2521//2009 2546//2035 2547//2036
f 2546//2035 2538//2025 2547//2036
f 2540//2029 2548//2037 2524//2029
f 2548//2037 2503//1994 2504//1995
f 2518//2007 2547//2036 2538//2007
f 2547//2036 2507//1998 2521//2009
f 2518//2011 2548//2037 2549//2038
f 2549//2038 2504//1995 2507//1998
f 2509//2000 2550//2039 2546//2035
f 2546//2035 2510//2001 2512//2001
f 2510//2034 2551//2040 2540//2034
f 2550//2039 2503//1994 2551//2040
f 2525//2012 2521//2009 2522//2010
f 2552//2041 2553//2042 2554//2043
f 2555//2044 2556//2045 2557//2046
f 2558//2047 2559//2048 2560//2049
f 2557//2046 2561//2050 2562//2051
f 2555//2044 2563//2052 2564//2053
f 2554//2043 2565//2054 2566//2055
f 2567//2056 2568//2057 2569//2058
f 2570//2059 2571//2060 2567//2056
f 2560//2049 2572//2061 2573//2062
f 2574//2063 2575//2064 2558//2047
f 2576//2065 2577//2066 2574//2063
f 2562//2051 2578//2067 2576//2065
f 2579//2068 2580//2069 2581//2070
f 2582//2071 2583//2072 2584//2073
f 2585//2074 2586//2075 2582//2071
f 2587//2076 2588//2077 2589//2078
f 2590//2079 2591//2080 2587//2076
f 2581//2070 2563//2052 2592//2081
f 2567//2056 2593//2082 2594//2083
f 2595//2084 2596//2085 2597//2086
f 2598//2087 2599//2088 2600//2089
f 2558//2047 2601//2090 2602//2091
f 2554//2043 2600//2089 2552//2041
f 2603//2092 2604//2093 2605//2094
f 2606//2095 2605//2094 2607//2096
f 2608//2097 2609//2098 2610//2099
f 2611//2100 2612//2101 2570//2059
f 2613//2102 2614//2103 2599//2088
f 2615//2104 2593//2082 2616//2105
f 2617//2106 2618//2107 2619//2108
f 2620//2109 2602//2091 2621//2110
f 2614//2103 2622//2111 2552//2041
f 2566//2055 2623//2112 2590//2079
f 2589//2078 2624//2113 2585//2074
f 2584//2073 2625//2114 2579//2068
f 2626//2115 2627//2116 2598//2087
f 2626//2115 2598//2087 2628//2117
f 2629//2118 2630//2119 2631//2120
f 2629//2118 2608//2097 2610//2099
f 2629//2118 2610//2099 2596//2085
f 2632//2121 2633//2122 2634//2123
f 2635//2124 2615//2104 2616//2105
f 2636//2125 2637//2069 2638//2125
f 2629//2118 2628//2117 2639//2126
f 2640//2127 2631//2120 2641//2128
f 2635//2124 2642//2129 2615//2104
f 2643//2130 2631//2120 2640//2127
f 2633//2122 2603//2092 2606//2095
f 2644//2131 2645//2132 2646//2132
f 2629//2118 2639//2126 2608//2097
f 2617//2106 2647//2133 2633//2122
f 2621//2110 2648//2134 2647//2133
f 2634//2123 2633//2122 2606//2095
f 2632//2121 2617//2106 2633//2122
f 2644//2135 2649//2057 2650//2135
f 2620//2109 2621//2110 2647//2133
f 2651//2136 2652//2137 2635//2124
f 2616//2105 2626//2115 2635//2124
f 2626//2115 2653//2138 2627//2116
f 2573//2062 2654//2139 2655//2140
f 2656//2141 2606//2095 2607//2096
f 2657//2142 2628//2117 2658//2143
f 2609//2098 2589//2078 2597//2086
f 2570//2059 2594//2083 2659//2144
f 2582//2071 2595//2084 2585//2074
f 2613//2102 2627//2116 2653//2138
f 2593//2082 2660//2145 2613//2102
f 2651//2136 2601//2090 2655//2140
f 2557//2046 2661//2146 2662//2147
f 2601//2090 2621//2110 2602//2091
f 2628//2117 2600//2089 2658//2143
f 2659//2144 2652//2137 2654//2139
f 2597//2086 2610//2099 2609//2098
f 2597//2086 2585//2074 2595//2084
f 2663//2148 2643//2130 2640//2127
f 2581//2070 2604//2093 2579//2068
f 2653//2138 2593//2082 2613//2102
f 2555//2044 2607//2096 2592//2081
f 2640//2127 2664//2149 2663//2148
f 2618//2107 2574//2063 2665//2150
f 2638//2151 2645//2152 2666//2151
f 2562//2051 2618//2107 2661//2146
f 2660//2145 2667//2153 2614//2103
f 2663//2148 2579//2068 2604//2093
f 2605//2094 2592//2081 2607//2096
f 2668//2154 2650//2155 2649//2154
f 2603//2092 2631//2120 2643//2130
f 2632//2121 2656//2141 2662//2147
f 2554//2043 2657//2142 2658//2143
f 2642//2129 2594//2083 2615//2104
f 2664//2149 2584//2073 2663//2148
f 2566//2055 2669//2156 2657//2142
f 2552//2041 2599//2088 2614//2103
f 2619//2108 2620//2109 2647//2133
f 2611//2100 2659//2144 2654//2139
f 2601//2090 2573//2062 2655//2140
f 2652//2137 2642//2129 2635//2124
f 2602//2091 2574//2063 2558//2047
f 2662//2147 2617//2106 2632//2121
f 2641//2128 2595//2084 2664//2149
f 2665//2150 2619//2108 2618//2107
f 2555//2044 2662//2147 2656//2141
f 2590//2079 2609//2098 2669//2156
f 2573//2062 2670//2157 2611//2100
f 2671//2158 2569//2058 2568//2057
f 2652//2137 2655//2140 2654//2139
f 2672//2159 2673//2160 2668//2159
f 2608//2097 2657//2142 2669//2156
f 2631//2120 2630//2119 2641//2128
f 2647//2133 2674//2161 2675//2162
f 2674//2161 2666//2151 2675//2162
f 2673//2155 2676//2163 2650//2155
f 2676//2163 2629//2118 2631//2120
f 2644//2131 2675//2162 2666//2131
f 2677//2164 2647//2133 2675//2162
f 2644//2135 2676//2163 2677//2164
f 2677//2164 2631//2120 2633//2122
f 2635//2124 2678//2165 2674//2161
f 2674//2161 2636//2125 2638//2125
f 2636//2160 2679//2166 2673//2160
f 2679//2166 2626//2115 2629//2118
f 2651//2136 2647//2133 2648//2134
f 2680//2167 2681//2168 2682//2169
f 2683//2170 2684//2171 2685//2172
f 2686//2173 2687//2174 2688//2175
f 2683//2170 2689//2176 2690//2177
f 2691//2178 2684//2171 2692//2179
f 2682//2169 2693//2180 2694//2181
f 2695//2182 2696//2183 2697//2184
f 2698//2185 2699//2186 2695//2182
f 2688//2175 2700//2187 2701//2188
f 2702//2189 2703//2190 2686//2173
f 2704//2191 2705//2192 2702//2189
f 2690//2177 2706//2193 2704//2191
f 2707//2194 2708//2195 2709//2196
f 2710//2197 2711//2198 2712//2199
f 2713//2200 2714//2201 2710//2197
f 2715//2202 2716//2203 2717//2204
f 2718//2205 2719//2206 2715//2202
f 2709//2196 2720//2207 2691//2178
f 2697//2184 2721//2208 2695//2182
f 2722//2209 2723//2210 2724//2211
f 2725//2212 2726//2213 2727//2214
f 2688//2175 2728//2215 2686//2173
f 2680//2167 2729//2216 2725//2212
f 2730//2217 2731//2218 2732//2219
f 2733//2220 2732//2219 2734//2221
f 2735//2222 2736//2223 2737//2224
f 2738//2225 2739//2226 2698//2185
f 2740//2227 2727//2214 2741//2228
f 2742//2229 2721//2208 2743//2230
f 2744//2231 2745//2232 2746//2233
f 2747//2234 2728//2215 2748//2235
f 2749//2236 2750//2237 2680//2167
f 2694//2181 2751//2238 2718//2205
f 2717//2204 2752//2239 2713//2200
f 2712//2199 2753//2240 2707//2194
f 2754//2241 2726//2213 2755//2242
f 2754//2241 2755//2242 2756//2243
f 2757//2244 2722//2209 2758//2245
f 2757//2244 2735//2222 2737//2224
f 2757//2244 2737//2224 2759//2246
f 2760//2247 2761//2248 2762//2249
f 2763//2250 2764//2251 2742//2229
f 2765//2252 2766//2195 2767//2195
f 2757//2244 2756//2243 2768//2253
f 2769//2254 2758//2245 2770//2255
f 2763//2250 2771//2256 2764//2251
f 2772//2257 2758//2245 2769//2254
f 2761//2248 2730//2217 2733//2220
f 2773//2258 2774//2259 2775//2259
f 2757//2244 2768//2253 2735//2222
f 2744//2231 2776//2260 2761//2248
f 2748//2235 2777//2261 2776//2260
f 2762//2249 2761//2248 2733//2220
f 2760//2247 2744//2231 2761//2248
f 2773//2262 2778//2183 2779//2262
f 2747//2234 2748//2235 2776//2260
f 2780//2263 2781//2264 2763//2250
f 2742//2229 2754//2241 2763//2250
f 2754//2241 2782//2265 2726//2213
f 2783//2266 2738//2225 2784//2267
f 2785//2268 2733//2220 2734//2221
f 2786//2269 2756//2243 2729//2216
f 2715//2202 2723//2210 2736//2223
f 2787//2270 2695//2182 2721//2208
f 2710//2197 2724//2211 2713//2200
f 2782//2265 2727//2214 2726//2213
f 2743//2230 2740//2227 2741//2228
f 2783//2266 2777//2261 2788//2271
f 2789//2272 2690//2177 2790//2273
f 2788//2271 2748//2235 2728//2215
f 2756//2243 2725//2212 2729//2216
f 2771//2256 2784//2267 2787//2270
f 2723//2210 2737//2224 2736//2223
f 2717//2204 2724//2211 2723//2210
f 2791//2274 2772//2257 2769//2254
f 2707//2194 2732//2219 2731//2218
f 2742//2229 2741//2228 2782//2265
f 2692//2179 2734//2221 2691//2178
f 2769//2254 2792//2275 2791//2274
f 2704//2191 2793//2276 2745//2232
f 2765//2277 2774//2278 2794//2277
f 2690//2177 2745//2232 2790//2273
f 2740//2227 2795//2279 2749//2236
f 2791//2274 2707//2194 2731//2218
f 2732//2219 2691//2178 2734//2221
f 2796//2280 2779//2281 2778//2280
f 2730//2217 2758//2245 2772//2257
f 2760//2247 2785//2268 2789//2272
f 2694//2181 2729//2216 2682//2169
f 2787//2270 2764//2251 2771//2256
f 2792//2275 2712//2199 2791//2274
f 2694//2181 2797//2282 2786//2269
f 2725//2212 2749//2236 2680//2167
f 2746//2233 2747//2234 2776//2260
f 2784//2267 2698//2185 2787//2270
f 2788//2271 2701//2188 2783//2266
f 2781//2264 2771//2256 2763//2250
f 2728//2215 2702//2189 2686//2173
f 2789//2272 2744//2231 2760//2247
f 2770//2255 2724//2211 2792//2275
f 2793//2276 2746//2233 2745//2232
f 2692//2179 2789//2272 2785//2268
f 2718//2205 2736//2223 2797//2282
f 2701//2188 2798//2283 2738//2225
f 2799//2284 2697//2184 2696//2183
f 2781//2264 2783//2266 2784//2267
f 2766//2285 2800//2286 2796//2285
f 2797//2282 2768//2253 2786//2269
f 2758//2245 2722//2209 2770//2255
f 2763//2250 2801//2287 2776//2260
f 2802//2288 2794//2277 2801//2287
f 2800//2281 2803//2289 2779//2281
f 2803//2289 2757//2244 2758//2245
f 2773//2258 2801//2287 2794//2258
f 2804//2290 2776//2260 2801//2287
f 2773//2262 2803//2289 2804//2290
f 2804//2290 2758//2245 2761//2248
f 2763//2250 2805//2291 2802//2288
f 2802//2288 2806//2252 2765//2252
f 2806//2286 2807//2292 2800//2286
f 2807//2292 2754//2241 2757//2244
f 2780//2263 2776//2260 2777//2261
f 2808//2293 2809//2294 2810//2295
f 2811//2296 2812//2297 2813//2298
f 2814//2299 2815//2300 2816//2301
f 2813//2298 2817//2302 2818//2303
f 2819//2304 2820//2305 2811//2296
f 2810//2295 2821//2306 2822//2307
f 2823//2308 2824//2309 2825//2310
f 2826//2311 2827//2312 2823//2308
f 2816//2301 2828//2313 2829//2314
f 2830//2315 2831//2316 2814//2299
f 2832//2317 2833//2318 2830//2315
f 2818//2303 2834//2319 2832//2317
f 2835//2320 2836//2321 2837//2322
f 2838//2323 2839//2324 2840//2325
f 2841//2326 2842//2327 2838//2323
f 2843//2328 2844//2329 2845//2330
f 2846//2331 2847//2332 2843//2328
f 2835//2320 2848//2333 2819//2304
f 2825//2310 2849//2334 2823//2308
f 2850//2335 2851//2336 2852//2337
f 2853//2338 2854//2339 2855//2340
f 2816//2301 2856//2341 2814//2299
f 2810//2295 2855//2340 2808//2293
f 2857//2342 2858//2343 2859//2344
f 2860//2345 2859//2344 2861//2346
f 2862//2347 2863//2348 2864//2349
f 2865//2350 2866//2351 2826//2311
f 2867//2352 2854//2339 2868//2353
f 2869//2354 2870//2355 2871//2356
f 2872//2357 2873//2358 2874//2359
f 2875//2360 2876//2361 2877//2362
f 2878//2363 2879//2364 2808//2293
f 2822//2307 2880//2365 2846//2331
f 2845//2330 2881//2366 2841//2326
f 2882//2367 2839//2324 2836//2321
f 2883//2368 2884//2369 2853//2338
f 2883//2368 2853//2338 2885//2370
f 2886//2371 2850//2335 2887//2372
f 2886//2371 2862//2347 2864//2349
f 2886//2371 2864//2349 2888//2373
f 2889//2374 2890//2375 2891//2376
f 2892//2377 2869//2354 2871//2356
f 2893//2378 2894//2322 2895//2378
f 2886//2371 2885//2370 2896//2379
f 2897//2380 2887//2372 2898//2381
f 2892//2377 2899//2382 2869//2354
f 2900//2383 2887//2372 2897//2380
f 2890//2375 2857//2342 2860//2345
f 2901//2384 2902//2385 2903//2385
f 2886//2371 2896//2379 2862//2347
f 2874//2359 2904//2386 2890//2375
f 2876//2361 2905//2387 2904//2386
f 2891//2376 2890//2375 2860//2345
f 2889//2374 2874//2359 2890//2375
f 2901//2388 2906//2309 2907//2388
f 2877//2362 2876//2361 2904//2386
f 2908//2389 2909//2390 2892//2377
f 2871//2356 2883//2368 2892//2377
f 2883//2368 2910//2391 2884//2369
f 2829//2314 2911//2392 2912//2393
f 2913//2394 2860//2345 2861//2346
f 2914//2395 2885//2370 2915//2396
f 2863//2348 2845//2330 2851//2336
f 2916//2397 2823//2308 2849//2334
f 2838//2323 2852//2337 2841//2326
f 2910//2391 2854//2339 2884//2369
f 2825//2310 2868//2353 2870//2355
f 2908//2389 2917//2398 2912//2393
f 2813//2298 2872//2357 2918//2399
f 2917//2398 2876//2361 2856//2341
f 2885//2370 2855//2340 2915//2396
f 2916//2397 2909//2390 2911//2392
f 2851//2336 2864//2349 2863//2348
f 2851//2336 2841//2326 2852//2337
f 2919//2400 2900//2383 2897//2380
f 2835//2320 2858//2343 2882//2367
f 2871//2356 2868//2353 2910//2391
f 2811//2296 2861//2346 2819//2304
f 2897//2380 2920//2401 2919//2400
f 2921//2402 2830//2315 2875//2360
f 2895//2403 2902//2404 2922//2403
f 2818//2303 2921//2402 2872//2357
f 2867//2352 2923//2405 2878//2363
f 2919//2400 2882//2367 2858//2343
f 2835//2320 2861//2346 2859//2344
f 2924//2406 2907//2407 2906//2408
f 2857//2342 2887//2372 2900//2383
f 2918//2399 2891//2376 2913//2394
f 2822//2307 2915//2396 2810//2295
f 2916//2397 2869//2354 2899//2382
f 2838//2323 2919//2400 2920//2401
f 2914//2395 2846//2331 2925//2409
f 2808//2293 2854//2339 2878//2363
f 2873//2358 2877//2362 2904//2386
f 2911//2392 2826//2311 2916//2397
f 2816//2301 2912//2393 2917//2398
f 2909//2390 2899//2382 2892//2377
f 2814//2299 2875//2360 2830//2315
f 2889//2374 2872//2357 2874//2359
f 2898//2381 2852//2337 2920//2401
f 2877//2362 2921//2402 2875//2360
f 2913//2394 2813//2298 2918//2399
f 2846//2331 2863//2348 2925//2409
f 2829//2314 2926//2410 2865//2350
f 2927//2411 2825//2310 2824//2309
f 2909//2390 2912//2393 2911//2392
f 2928//2412 2929//2413 2924//2412
f 2925//2409 2896//2379 2914//2395
f 2887//2372 2850//2335 2898//2381
f 2904//2386 2930//2414 2931//2415
f 2930//2414 2922//2403 2931//2415
f 2929//2407 2932//2416 2907//2407
f 2933//2417 2887//2372 2932//2416
f 2901//2384 2931//2415 2922//2384
f 2934//2418 2904//2386 2931//2415
f 2901//2388 2932//2416 2934//2418
f 2934//2418 2887//2372 2890//2375
f 2892//2377 2935//2419 2930//2414
f 2930//2414 2893//2378 2895//2378
f 2929//2413 2935//2419 2933//2417
f 2935//2419 2886//2371 2933//2417
f 2908//2389 2904//2386 2905//2387
f 2936//2420 2937//2421 2938//2422
f 2939//2423 2940//2424 2941//2425
f 2942//2426 2943//2427 2944//2428
f 2941//2425 2945//2429 2946//2430
f 2947//2431 2948//2432 2939//2423
f 2938//2422 2949//2433 2950//2434
f 2951//2435 2952//2436 2953//2437
f 2954//2438 2955//2439 2951//2435
f 2944//2428 2956//2440 2957//2441
f 2958//2442 2959//2443 2942//2426
f 2960//2444 2961//2445 2958//2442
f 2946//2430 2962//2446 2960//2444
f 2963//2447 2964//2448 2965//2449
f 2966//2450 2967//2451 2968//2452
f 2969//2453 2967//2451 2970//2454
f 2971//2455 2972//2456 2973//2457
f 2974//2458 2975//2459 2971//2455
f 2965//2449 2976//2460 2947//2431
f 2953//2437 2977//2461 2951//2435
f 2978//2462 2979//2463 2980//2464
f 2981//2465 2982//2466 2983//2467
f 2942//2426 2984//2468 2985//2469
f 2938//2422 2981//2465 2936//2420
f 2986//2470 2987//2471 2988//2472
f 2989//2473 2990//2474 2986//2470
f 2991//2475 2992//2476 2993//2477
f 2994//2478 2995//2479 2954//2438
f 2996//2480 2983//2467 2997//2481
f 2998//2482 2999//2483 3000//2484
f 3001//2485 3002//2486 3003//2487
f 3004//2488 2985//2469 3005//2489
f 3006//2490 3007//2491 2936//2420
f 2950//2434 3008//2492 2974//2458
f 2973//2457 3009//2493 2969//2453
f 2966//2450 3010//2494 2963//2447
f 3011//2495 2982//2466 3012//2496
f 3011//2495 3012//2496 3013//2497
f 3014//2498 3015//2499 3016//2500
f 3014//2498 2991//2475 2993//2477
f 3014//2498 2993//2477 2979//2463
f 3017//2501 3018//2502 3019//2503
f 3020//2504 2998//2482 3000//2484
f 3021//2505 3022//2448 3023//2505
f 3014//2498 3013//2497 3024//2506
f 3025//2507 3016//2500 3026//2508
f 3020//2504 3027//2509 2998//2482
f 2987//2471 3016//2500 3025//2507
f 3018//2502 2990//2474 3028//2510
f 3029//2511 3030//2512 3031//2512
f 3014//2498 3024//2506 2991//2475
f 3001//2485 3032//2513 3018//2502
f 3005//2489 3033//2514 3032//2513
f 3019//2503 3018//2502 3028//2510
f 3017//2501 3001//2485 3018//2502
f 3029//2515 3034//2436 3035//2515
f 3004//2488 3005//2489 3032//2513
f 3036//2516 3037//2517 3020//2504
f 3000//2484 3011//2495 3020//2504
f 3011//2495 3038//2518 2982//2466
f 3039//2519 2994//2478 3040//2520
f 3041//2521 3028//2510 2989//2473
f 3042//2522 3013//2497 3043//2523
f 2971//2455 2980//2464 2992//2476
f 3044//2524 2951//2435 2977//2461
f 2970//2454 2978//2462 2969//2453
f 3038//2518 2983//2467 2982//2466
f 2953//2437 2997//2481 2999//2483
f 3039//2519 3033//2514 2984//2468
f 2941//2425 3045//2525 3046//2526
f 2984//2468 3005//2489 2985//2469
f 3013//2497 2981//2465 3043//2523
f 3027//2509 3040//2520 3044//2524
f 2980//2464 2993//2477 2992//2476
f 2973//2457 2978//2462 2980//2464
f 3047//2527 2987//2471 3025//2507
f 2965//2449 2988//2472 2963//2447
f 3038//2518 2999//2483 2997//2481
f 2939//2423 2989//2473 2947//2431
f 3025//2507 3048//2528 3047//2527
f 2960//2444 3049//2529 3002//2486
f 3023//2530 3030//2531 3050//2530
f 3045//2525 2960//2444 3002//2486
f 2996//2480 3051//2532 3006//2490
f 3047//2527 2963//2447 2988//2472
f 2965//2449 2989//2473 2986//2470
f 3052//2533 3035//2534 3034//2533
f 2990//2474 3016//2500 2987//2471
f 3046//2526 3019//2503 3041//2521
f 2950//2434 3043//2523 2938//2422
f 3044//2524 2998//2482 3027//2509
f 3048//2528 2966//2450 3047//2527
f 2950//2434 3053//2535 3042//2522
f 2981//2465 3006//2490 2936//2420
f 3003//2487 3004//2488 3032//2513
f 2994//2478 3044//2524 3040//2520
f 2944//2428 3039//2519 2984//2468
f 3037//2517 3027//2509 3020//2504
f 2985//2469 2958//2442 2942//2426
f 3017//2501 3045//2525 3001//2485
f 3026//2508 2978//2462 3048//2528
f 3049//2529 3003//2487 3002//2486
f 2939//2423 3046//2526 3041//2521
f 3053//2535 2971//2455 2992//2476
f 2957//2441 3054//2536 2994//2478
f 3055//2537 2953//2437 2952//2436
f 3037//2517 3039//2519 3040//2520
f 3056//2538 3057//2539 3052//2538
f 3053//2535 3024//2506 3042//2522
f 3016//2500 3015//2499 3026//2508
f 3032//2513 3058//2540 3059//2541
f 3058//2540 3050//2530 3059//2541
f 3057//2534 3060//2542 3035//2534
f 3060//2542 3014//2498 3016//2500
f 3050//2511 3061//2543 3059//2541
f 3061//2543 3032//2513 3059//2541
f 3029//2515 3060//2542 3061//2543
f 3061//2543 3016//2500 3018//2502
f 3020//2504 3062//2544 3058//2540
f 3058//2540 3021//2505 3023//2505
f 3021//2539 3063//2545 3057//2539
f 3062//2544 3014//2498 3063//2545
f 3036//2516 3032//2513 3033//2514
f 3064//2546 3065//2547 3066//2548
f 3067//2549 3068//2550 3069//2551
f 3070//2552 3071//2553 3072//2554
f 3069//2551 3073//2555 3074//2556
f 3075//2557 3076//2558 3067//2549
f 3066//2548 3077//2559 3078//2560
f 3079//2561 3080//2562 3081//2563
f 3082//2564 3083//2565 3079//2561
f 3072//2554 3084//2566 3085//2567
f 3086//2568 3087//2569 3070//2552
f 3088//2570 3089//2571 3086//2568
f 3074//2556 3090//2572 3088//2570
f 3091//2573 3092//2574 3093//2575
f 3094//2576 3095//2577 3096//2578
f 3097//2579 3095//2577 3098//2580
f 3099//2581 3100//2582 3101//2583
f 3102//2584 3103//2585 3099//2581
f 3093//2575 3104//2586 3075//2557
f 3081//2563 3105//2587 3079//2561
f 3106//2588 3107//2589 3108//2590
f 3109//2591 3110//2592 3111//2593
f 3070//2552 3112//2594 3113//2595
f 3066//2548 3111//2593 3064//2546
f 3114//2596 3115//2597 3116//2598
f 3117//2599 3116//2598 3118//2600
f 3119//2601 3120//2602 3121//2603
f 3122//2604 3123//2605 3082//2564
f 3124//2606 3110//2592 3125//2607
f 3126//2608 3127//2609 3128//2610
f 3129//2611 3130//2612 3131//2613
f 3132//2614 3113//2595 3133//2615
f 3134//2616 3135//2617 3064//2546
f 3078//2560 3136//2618 3102//2584
f 3101//2583 3137//2619 3097//2579
f 3094//2576 3138//2620 3091//2573
f 3139//2621 3140//2622 3109//2591
f 3139//2621 3109//2591 3141//2623
f 3142//2624 3106//2588 3143//2625
f 3142//2624 3119//2601 3121//2603
f 3142//2624 3121//2603 3144//2626
f 3145//2627 3146//2628 3147//2629
f 3148//2630 3126//2608 3128//2610
f 3149//2631 3150//2574 3151//2574
f 3142//2624 3141//2623 3152//2632
f 3153//2633 3143//2625 3154//2634
f 3148//2630 3155//2635 3126//2608
f 3156//2636 3143//2625 3153//2633
f 3146//2628 3114//2596 3117//2599
f 3157//2637 3158//2638 3159//2638
f 3142//2624 3152//2632 3119//2601
f 3131//2613 3160//2639 3146//2628
f 3133//2615 3161//2640 3160//2639
f 3147//2629 3146//2628 3117//2599
f 3145//2627 3131//2613 3146//2628
f 3157//2641 3162//2562 3163//2641
f 3132//2614 3133//2615 3160//2639
f 3164//2642 3165//2643 3148//2630
f 3128//2610 3139//2621 3148//2630
f 3139//2621 3166//2644 3140//2622
f 3085//2567 3167//2645 3168//2646
f 3169//2647 3117//2599 3118//2600
f 3170//2648 3141//2623 3171//2649
f 3099//2581 3107//2589 3120//2602
f 3082//2564 3105//2587 3172//2650
f 3097//2579 3173//2651 3108//2590
f 3166//2644 3110//2592 3140//2622
f 3127//2609 3124//2606 3125//2607
f 3164//2642 3112//2594 3168//2646
f 3069//2551 3129//2611 3174//2652
f 3112//2594 3133//2615 3113//2595
f 3141//2623 3111//2593 3171//2649
f 3155//2635 3167//2645 3172//2650
f 3107//2589 3121//2603 3120//2602
f 3101//2583 3108//2590 3107//2589
f 3175//2653 3156//2636 3153//2633
f 3093//2575 3115//2597 3091//2573
f 3166//2644 3127//2609 3125//2607
f 3075//2557 3169//2647 3118//2600
f 3153//2633 3173//2651 3175//2653
f 3088//2570 3176//2654 3177//2655
f 3149//2656 3158//2657 3178//2656
f 3129//2611 3088//2570 3177//2655
f 3124//2606 3179//2658 3134//2616
f 3175//2653 3091//2573 3115//2597
f 3116//2598 3075//2557 3118//2600
f 3180//2659 3163//2660 3162//2659
f 3114//2596 3143//2625 3156//2636
f 3145//2627 3169//2647 3174//2652
f 3078//2560 3171//2649 3066//2548
f 3172//2650 3126//2608 3155//2635
f 3173//2651 3094//2576 3175//2653
f 3170//2648 3102//2584 3181//2661
f 3064//2546 3110//2592 3134//2616
f 3130//2612 3132//2614 3160//2639
f 3167//2645 3082//2564 3172//2650
f 3072//2554 3168//2646 3112//2594
f 3165//2643 3155//2635 3148//2630
f 3113//2595 3086//2568 3070//2552
f 3174//2652 3131//2613 3145//2627
f 3154//2634 3108//2590 3173//2651
f 3176//2654 3130//2612 3177//2655
f 3067//2549 3174//2652 3169//2647
f 3102//2584 3120//2602 3181//2661
f 3085//2567 3182//2662 3122//2604
f 3183//2663 3081//2563 3080//2562
f 3165//2643 3168//2646 3167//2645
f 3150//2664 3184//2665 3180//2664
f 3181//2661 3152//2632 3170//2648
f 3143//2625 3106//2588 3154//2634
f 3160//2639 3185//2666 3186//2667
f 3185//2666 3178//2656 3186//2667
f 3184//2660 3187//2668 3163//2660
f 3187//2668 3142//2624 3143//2625
f 3157//2637 3186//2667 3178//2637
f 3188//2669 3160//2639 3186//2667
f 3157//2641 3187//2668 3188//2669
f 3188//2669 3143//2625 3146//2628
f 3148//2630 3189//2670 3185//2666
f 3185//2666 3190//2631 3149//2631
f 3184//2665 3189//2670 3191//2671
f 3189//2670 3142//2624 3191//2671
f 3164//2642 3160//2639 3161//2640
f 3192//2672 3193//2673 3194//2674
f 3195//2675 3196//2676 3197//2677
f 3198//2678 3199//2679 3200//2680
f 3197//2677 3201//2681 3202//2682
f 3203//2683 3204//2684 3195//2675
f 3194//2674 3205//2685 3206//2686
f 3207//2687 3208//2688 3209//2689
f 3210//2690 3211//2691 3207//2687
f 3200//2680 3212//2692 3213//2693
f 3214//2694 3215//2695 3198//2678
f 3216//2696 3217//2697 3214//2694
f 3202//2682 3218//2698 3216//2696
f 3219//2699 3220//2700 3221//2701
f 3222//2702 3223//2703 3224//2704
f 3225//2705 3226//2706 3222//2702
f 3227//2707 3228//2708 3229//2709
f 3230//2710 3231//2711 3227//2707
f 3221//2701 3232//2712 3203//2683
f 3209//2689 3233//2713 3207//2687
f 3234//2714 3235//2715 3236//2716
f 3237//2717 3238//2718 3239//2719
f 3198//2678 3240//2720 3241//2721
f 3194//2674 3237//2717 3192//2672
f 3242//2722 3243//2723 3244//2724
f 3245//2725 3244//2724 3246//2726
f 3247//2727 3248//2728 3249//2729
f 3250//2730 3251//2731 3210//2690
f 3252//2732 3253//2733 3239//2719
f 3254//2734 3233//2713 3255//2735
f 3256//2736 3257//2737 3258//2738
f 3259//2739 3241//2721 3260//2740
f 3253//2733 3261//2741 3192//2672
f 3206//2686 3262//2742 3230//2710
f 3229//2709 3263//2743 3225//2705
f 3224//2704 3264//2744 3219//2699
f 3265//2745 3238//2718 3266//2746
f 3265//2745 3266//2746 3267//2747
f 3268//2748 3234//2714 3269//2749
f 3268//2748 3247//2727 3249//2729
f 3268//2748 3249//2729 3270//2750
f 3271//2751 3272//2752 3273//2753
f 3274//2754 3275//2755 3254//2734
f 3276//2756 3277//2700 3278//2756
f 3268//2748 3267//2747 3279//2757
f 3280//2758 3269//2749 3281//2759
f 3274//2754 3282//2760 3275//2755
f 3283//2761 3269//2749 3280//2758
f 3272//2752 3242//2722 3245//2725
f 3284//2762 3285//2763 3286//2763
f 3268//2748 3279//2757 3247//2727
f 3256//2736 3287//2764 3272//2752
f 3260//2740 3288//2765 3287//2764
f 3273//2753 3272//2752 3245//2725
f 3271//2751 3256//2736 3272//2752
f 3289//2766 3286//2688 3290//2688
f 3259//2739 3260//2740 3287//2764
f 3291//2767 3292//2768 3274//2754
f 3254//2734 3265//2745 3274//2754
f 3265//2745 3293//2769 3238//2718
f 3294//2770 3250//2730 3295//2771
f 3273//2753 3246//2726 3296//2772
f 3297//2773 3267//2747 3298//2774
f 3227//2707 3235//2715 3248//2728
f 3299//2775 3207//2687 3233//2713
f 3225//2705 3300//2776 3236//2716
f 3293//2769 3239//2719 3238//2718
f 3255//2735 3301//2777 3252//2732
f 3291//2767 3240//2720 3294//2770
f 3302//2778 3202//2682 3303//2779
f 3240//2720 3260//2740 3241//2721
f 3298//2774 3266//2746 3237//2717
f 3282//2760 3295//2771 3299//2775
f 3235//2715 3249//2729 3248//2728
f 3229//2709 3236//2716 3235//2715
f 3304//2780 3283//2761 3280//2758
f 3221//2701 3243//2723 3219//2699
f 3254//2734 3252//2732 3293//2769
f 3203//2683 3296//2772 3246//2726
f 3280//2758 3300//2776 3304//2780
f 3216//2696 3305//2781 3257//2737
f 3278//2782 3285//2783 3306//2782
f 3202//2682 3257//2737 3303//2779
f 3301//2777 3307//2784 3253//2733
f 3304//2780 3219//2699 3243//2723
f 3221//2701 3246//2726 3244//2724
f 3308//2785 3289//2786 3290//2785
f 3242//2722 3269//2749 3283//2761
f 3271//2751 3296//2772 3302//2778
f 3206//2686 3298//2774 3194//2674
f 3299//2775 3275//2755 3282//2760
f 3300//2776 3224//2704 3304//2780
f 3297//2773 3230//2710 3309//2787
f 3192//2672 3239//2719 3253//2733
f 3258//2738 3259//2739 3287//2764
f 3295//2771 3210//2690 3299//2775
f 3200//2680 3294//2770 3240//2720
f 3292//2768 3282//2760 3274//2754
f 3241//2721 3214//2694 3198//2678
f 3271//2751 3303//2779 3256//2736
f 3281//2759 3236//2716 3300//2776
f 3305//2781 3258//2738 3257//2737
f 3195//2675 3302//2778 3296//2772
f 3230//2710 3248//2728 3309//2787
f 3213//2693 3310//2788 3250//2730
f 3311//2789 3209//2689 3208//2688
f 3292//2768 3294//2770 3295//2771
f 3312//2790 3313//2791 3308//2790
f 3309//2787 3279//2757 3297//2773
f 3269//2749 3234//2714 3281//2759
f 3287//2764 3314//2792 3315//2793
f 3314//2792 3306//2782 3315//2793
f 3313//2786 3316//2794 3289//2786
f 3316//2794 3268//2748 3269//2749
f 3284//2762 3315//2793 3306//2762
f 3317//2795 3287//2764 3315//2793
f 3284//2766 3316//2794 3317//2795
f 3317//2795 3269//2749 3272//2752
f 3274//2754 3318//2796 3314//2792
f 3314//2792 3276//2756 3278//2756
f 3276//2791 3319//2797 3313//2791
f 3319//2797 3265//2745 3268//2748
f 3291//2767 3287//2764 3288//2765
f 3320//1793 3321//1797 3322//1798
f 3323//1858 3324//1859 3325//1788
f 3326//1823 3327//1824 3328//1825
f 3325//1788 3329//1789 3330//1790
f 3331//1849 3332//2798 3323//1858
f 3322//1798 3333//1814 3334//1812
f 3335//1815 3336//1816 3337//1817
f 3338//1820 3339//1862 3335//1815
f 3328//1825 3340//1861 3341//1821
f 3342//1826 3343//1827 3326//1823
f 3344//1802 3345//1860 3342//1826
f 3330//1790 3346//1801 3344//1802
f 3347//1803 3348//1804 3349//1805
f 3350//1847 3351//1848 3352//1806
f 3353//1809 3354//1905 3350//1847
f 3355//1794 3356//1795 3357//1796
f 3358//1810 3359//1811 3355//1794
f 3349//1805 3360//1906 3331//1849
f 3337//1817 3361//1840 3335//1815
f 3362//1885 3363//1836 3364//1888
f 3365//1869 3366//1890 3367//1894
f 3328//1825 3368//1845 3326//1823
f 3322//1798 3367//1894 3320//1793
f 3369//1852 3370//1873 3371//1829
f 3372//1887 3369//1852 3373//1850
f 3374//1856 3375//1837 3376//1857
f 3377//1818 3378//1819 3338//1820
f 3379//1843 3380//1791 3366//1890
f 3381//1879 3382//1841 3383//2799
f 3384//1865 3385//1891 3386//1875
f 3387//1844 3368//1845 3388//1846
f 3380//1791 3389//1792 3320//1793
f 3334//1812 3390//1813 3358//1810
f 3353//1809 3356//1795 3391//1808
f 3352//1806 3392//1807 3347//1803
f 3393//1870 3394//1871 3365//1869
f 3393//1870 3365//1869 3395//1855
f 3396//1882 3362//1885 3397//1872
f 3396//1882 3374//1856 3376//1857
f 3396//1882 3376//1857 3398//1883
f 3399//1864 3400//1863 3401//1834
f 3402//1867 3381//1879 3383//2799
f 3403//1884 3404//1804 3405//1884
f 3396//1882 3395//1855 3406//1854
f 3407//1878 3397//1872 3408//1886
f 3402//1867 3409//1876 3381//1879
f 3370//1873 3397//1872 3407//1878
f 3400//1863 3410//2800 3372//1887
f 3411//1908 3412//1907 3413//1907
f 3396//1882 3406//1854 3374//1856
f 3384//1865 3414//1866 3400//1863
f 3388//1846 3415//1868 3414//1866
f 3401//1834 3400//1863 3372//1887
f 3399//1864 3384//1865 3400//1863
f 3411//1874 3416//1816 3417//1874
f 3387//1844 3388//1846 3414//1866
f 3418//1830 3419//1877 3402//1867
f 3383//2799 3393//1870 3402//1867
f 3393//1870 3420//1842 3394//1871
f 3341//1821 3421//1893 3422//1832
f 3423//1835 3372//1887 3373//1850
f 3406//1854 3424//1853 3425//1896
f 3375//1837 3357//1796 3363//1836
f 3426//1895 3335//1815 3361//1840
f 3350//1847 3364//1888 3353//1809
f 3420//1842 3366//1890 3394//1871
f 3337//1817 3379//1843 3382//1841
f 3418//1830 3427//1831 3422//1832
f 3325//1788 3428//1838 3429//1833
f 3427//1831 3388//1846 3368//1845
f 3395//1855 3367//1894 3424//1853
f 3409//1876 3421//1893 3426//1895
f 3398//1883 3375//1837 3363//1836
f 3363//1836 3353//1809 3364//1888
f 3407//1878 3371//1829 3370//1873
f 3349//1805 3371//1829 3347//1803
f 3420//1842 3382//1841 3379//1843
f 3323//1858 3373//1850 3331//1849
f 3407//1878 3430//1889 3431//1892
f 3385//1891 3342//1826 3432//1904
f 3405//1902 3412//1903 3433//1902
f 3428//1838 3344//1802 3385//1891
f 3434//1799 3435//1800 3380//1791
f 3431//1892 3347//1803 3371//1829
f 3349//1805 3373//1850 3369//1852
f 3436//2801 3417//1898 3416//2801
f 3410//2800 3397//1872 3370//1873
f 3399//1864 3423//1835 3429//1833
f 3334//1812 3424//1853 3322//1798
f 3426//1895 3381//1879 3409//1876
f 3430//1889 3352//1806 3431//1892
f 3425//1896 3358//1810 3437//1897
f 3320//1793 3366//1890 3380//1791
f 3386//1875 3387//1844 3414//1866
f 3377//1818 3426//1895 3421//1893
f 3328//1825 3422//1832 3427//1831
f 3419//1877 3409//1876 3402//1867
f 3368//1845 3342//1826 3326//1823
f 3399//1864 3428//1838 3384//1865
f 3408//1886 3364//1888 3430//1889
f 3432//1904 3386//1875 3385//1891
f 3323//1858 3429//1833 3423//1835
f 3358//1810 3375//1837 3437//1897
f 3341//1821 3438//1822 3377//1818
f 3439//1828 3337//1817 3336//1816
f 3419//1877 3422//1832 3421//1893
f 3440//1881 3441//1880 3436//1881
f 3374//1856 3425//1896 3437//1897
f 3397//1872 3362//1885 3408//1886
f 3402//1867 3442//1912 3414//1866
f 3443//1911 3433//1902 3442//1912
f 3441//1898 3444//1910 3417//1898
f 3444//1910 3396//1882 3397//1872
f 3411//1908 3442//1912 3433//1908
f 3445//1914 3414//1866 3442//1912
f 3411//1874 3444//1910 3445//1914
f 3445//1914 3397//1872 3400//1863
f 3402//1867 3446//1913 3443//1911
f 3443//1911 3403//1884 3405//1884
f 3441//1880 3446//1913 3447//1909
f 3447//1909 3393//1870 3396//1882
f 3418//1830 3414//1866 3415//1868
f 3448//1925 3449//1919 3450//1924
f 3451//1986 3452//1987 3453//1915
f 3454//1950 3455//1951 3456//1952
f 3453//1915 3457//1916 3458//1917
f 3459//1976 3460//2027 3451//1986
f 3461//1939 3450//1924 3462//1941
f 3463//1942 3464//1943 3465//1944
f 3466//1947 3467//1990 3463//1942
f 3456//1952 3468//1989 3469//1948
f 3470//1953 3471//1954 3454//1950
f 3472//1929 3473//1988 3470//1953
f 3458//1917 3474//1928 3472//1929
f 3475//1930 3476//1931 3477//1932
f 3478//1933 3479//2802 3480//1975
f 3481//1936 3479//2802 3482//1974
f 3483//1921 3484//1922 3485//1923
f 3486//1940 3487//1938 3483//1921
f 3477//1932 3488//2032 3459//1976
f 3465//1944 3489//1967 3463//1942
f 3490//2012 3491//1963 3492//2016
f 3493//1997 3494//2017 3495//2021
f 3454//1950 3496//1958 3497//1972
f 3448//1925 3495//2021 3498//1920
f 3499//1980 3500//1956 3501//1979
f 3502//2014 3501//1979 3503//1977
f 3504//1984 3505//1964 3506//1985
f 3507//1945 3508//1946 3466//1947
f 3509//1970 3510//1918 3494//2017
f 3511//1966 3489//1967 3512//1968
f 3513//1965 3514//2002 3515//1993
f 3516//1971 3497//1972 3517//1973
f 3510//1918 3449//1919 3498//1920
f 3461//1939 3518//1937 3486//1940
f 3485//1923 3519//1935 3481//1936
f 3478//1933 3520//1934 3475//1930
f 3521//1998 3522//1999 3493//1997
f 3521//1998 3493//1997 3523//1981
f 3524//2009 3490//2012 3525//2000
f 3524//2009 3504//1984 3506//1985
f 3524//2009 3506//1985 3526//2010
f 3527//1992 3528//2803 3529//1961
f 3530//1995 3531//2006 3511//1966
f 3532//2011 3533//1931 3534//2011
f 3524//2009 3523//1981 3535//1983
f 3536//2005 3525//2000 3537//2013
f 3530//1995 3538//2003 3531//2006
f 3539//1978 3525//2000 3536//2005
f 3528//2803 3499//1980 3502//2014
f 3540//2034 3541//2033 3542//2033
f 3524//2009 3535//1983 3504//1984
f 3515//1993 3543//1994 3528//2803
f 3517//1973 3544//1996 3543//1994
f 3529//1961 3528//2803 3502//2014
f 3527//1992 3515//1993 3528//2803
f 3540//2001 3545//1943 3546//2001
f 3516//1971 3517//1973 3543//1994
f 3547//1957 3548//2004 3530//1995
f 3511//1966 3521//1998 3530//1995
f 3521//1998 3549//1969 3522//1999
f 3469//1948 3550//2023 3551//1959
f 3552//1962 3502//2014 3503//1977
f 3553//1982 3523//1981 3554//2020
f 3483//1921 3491//1963 3505//1964
f 3555//2022 3463//1942 3489//1967
f 3482//1974 3492//2016 3481//1936
f 3549//1969 3494//2017 3522//1999
f 3465//1944 3509//1970 3512//1968
f 3551//1959 3544//1996 3496//1958
f 3453//1915 3513//1965 3556//1960
f 3496//1958 3517//1973 3497//1972
f 3554//2020 3493//1997 3495//2021
f 3538//2003 3550//2023 3555//2022
f 3491//1963 3506//1985 3505//1964
f 3491//1963 3481//1936 3492//2016
f 3557//2019 3539//1978 3536//2005
f 3477//1932 3500//1956 3475//1930
f 3549//1969 3512//1968 3509//1970
f 3451//1986 3503//1977 3459//1976
f 3536//2005 3558//2804 3557//2019
f 3472//1929 3559//2030 3560//2018
f 3534//2029 3541//2028 3561//2029
f 3513//1965 3472//1929 3560//2018
f 3562//1926 3563//1927 3510//1918
f 3557//2019 3475//1930 3500//1956
f 3501//1979 3459//1976 3503//1977
f 3564//2026 3546//2025 3545//2026
f 3499//1980 3525//2000 3539//1978
f 3527//1992 3552//1962 3556//1960
f 3461//1939 3554//2020 3448//1925
f 3555//2022 3531//2006 3538//2003
f 3558//2804 3478//1933 3557//2019
f 3461//1939 3565//2024 3553//1982
f 3495//2021 3510//1918 3498//1920
f 3514//2002 3516//1971 3543//1994
f 3550//2023 3466//1947 3555//2022
f 3496//1958 3469//1948 3551//1959
f 3548//2004 3538//2003 3530//1995
f 3497//1972 3470//1953 3454//1950
f 3556//1960 3515//1993 3527//1992
f 3537//2013 3492//2016 3558//2804
f 3559//2030 3514//2002 3560//2018
f 3451//1986 3556//1960 3552//1962
f 3486//1940 3505//1964 3565//2024
f 3469//1948 3566//1949 3507//1945
f 3567//1955 3465//1944 3464//1943
f 3548//2004 3551//1959 3550//2023
f 3568//2008 3569//2007 3564//2008
f 3565//2024 3535//1983 3553//1982
f 3525//2000 3490//2012 3537//2013
f 3543//1994 3570//2037 3571//2040
f 3570//2037 3561//2029 3571//2040
f 3569//2025 3572//2035 3546//2025
f 3573//2036 3525//2000 3572//2035
f 3540//2034 3571//2040 3561//2034
f 3571//2040 3528//2803 3543//1994
f 3540//2001 3572//2035 3574//2039
f 3574//2039 3525//2000 3528//2803
f 3530//1995 3575//2038 3570//2037
f 3570//2037 3532//2011 3534//2011
f 3569//2007 3575//2038 3573//2036
f 3573//2036 3521//1998 3524//2009
f 3547//1957 3543//1994 3544//1996
f 3576//2046 3577//2050 3578//2051
f 3579//2103 3580//2111 3581//2041
f 3582//2076 3583//2077 3584//2078
f 3581//2041 3585//2042 3586//2043
f 3587//2145 3588//2153 3579//2103
f 3578//2051 3589//2067 3590//2065
f 3591//2068 3592//2069 3593//2070
f 3594//2073 3595//2114 3591//2068
f 3584//2078 3596//2113 3597//2074
f 3598//2079 3599//2080 3582//2076
f 3600//2055 3601//2112 3598//2079
f 3586//2043 3602//2054 3600//2055
f 3603//2056 3604//2057 3605//2058
f 3606//2100 3607//2101 3608//2059
f 3609//2062 3610//2157 3606//2100
f 3611//2047 3612//2048 3613//2049
f 3614//2063 3615//2805 3611//2047
f 3605//2058 3616//2158 3587//2145
f 3593//2070 3617//2806 3591//2068
f 3618//2140 3619//2134 3620//2090
f 3621//2121 3622//2141 3623//2147
f 3582//2076 3624//2086 3625//2098
f 3578//2051 3623//2147 3576//2046
f 3626//2082 3627//2104 3628//2807
f 3629//2138 3626//2082 3630//2102
f 3631//2109 3632//2091 3633//2110
f 3634//2071 3635//2072 3594//2073
f 3636//2096 3637//2044 3622//2141
f 3638//2808 3617//2806 3639//2094
f 3640//2143 3641//2126 3642//2117
f 3643//2097 3625//2098 3644//2099
f 3637//2044 3645//2045 3576//2046
f 3614//2063 3589//2067 3646//2066
f 3613//2049 3647//2061 3609//2062
f 3608//2059 3648//2060 3603//2056
f 3649//2122 3650//2123 3621//2121
f 3649//2122 3621//2121 3651//2106
f 3652//2133 3653//2136 3654//2124
f 3652//2133 3631//2109 3633//2110
f 3652//2133 3633//2110 3619//2134
f 3655//2087 3656//2115 3657//2116
f 3658//2120 3659//2130 3638//2808
f 3660//2135 3661//2057 3662//2135
f 3652//2133 3651//2106 3663//2108
f 3664//2129 3654//2124 3665//2137
f 3658//2120 3666//2127 3659//2130
f 3627//2104 3654//2124 3664//2129
f 3656//2115 3667//2809 3629//2138
f 3668//2160 3669//2159 3670//2159
f 3652//2133 3663//2108 3631//2109
f 3642//2117 3671//2118 3656//2115
f 3644//2099 3672//2085 3671//2118
f 3657//2116 3656//2115 3629//2138
f 3655//2087 3642//2117 3656//2115
f 3668//2125 3673//2069 3674//2125
f 3643//2097 3644//2099 3671//2118
f 3675//2119 3676//2128 3658//2120
f 3638//2808 3649//2122 3658//2120
f 3649//2122 3677//2095 3650//2123
f 3597//2074 3678//2149 3679//2084
f 3657//2116 3630//2102 3680//2088
f 3681//2107 3651//2106 3682//2146
f 3632//2091 3613//2049 3620//2090
f 3594//2073 3617//2806 3683//2148
f 3606//2100 3618//2140 3609//2062
f 3636//2096 3650//2123 3677//2095
f 3639//2094 3684//2081 3636//2096
f 3675//2119 3624//2086 3679//2084
f 3581//2041 3640//2143 3685//2089
f 3624//2086 3644//2099 3625//2098
f 3651//2106 3623//2147 3682//2146
f 3666//2127 3678//2149 3683//2148
f 3620//2090 3633//2110 3632//2091
f 3620//2090 3609//2062 3618//2140
f 3686//2144 3627//2104 3664//2129
f 3605//2058 3628//2807 3603//2056
f 3677//2095 3639//2094 3636//2096
f 3579//2103 3630//2102 3587//2145
f 3664//2129 3687//2139 3686//2144
f 3600//2055 3688//2156 3689//2142
f 3662//2155 3669//2154 3690//2155
f 3586//2043 3689//2142 3640//2143
f 3684//2081 3691//2053 3637//2044
f 3686//2144 3603//2056 3628//2807
f 3605//2058 3630//2102 3626//2082
f 3692//2152 3674//2151 3673//2152
f 3667//2809 3654//2124 3627//2104
f 3655//2087 3680//2088 3685//2089
f 3578//2051 3681//2107 3682//2146
f 3683//2148 3659//2130 3666//2127
f 3687//2139 3608//2059 3686//2144
f 3590//2065 3693//2150 3681//2107
f 3576//2046 3622//2141 3637//2044
f 3641//2126 3643//2097 3671//2118
f 3634//2071 3683//2148 3678//2149
f 3584//2078 3679//2084 3624//2086
f 3676//2128 3666//2127 3658//2120
f 3625//2098 3598//2079 3582//2076
f 3655//2087 3640//2143 3642//2117
f 3665//2137 3618//2140 3687//2139
f 3688//2156 3641//2126 3689//2142
f 3680//2088 3581//2041 3685//2089
f 3614//2063 3632//2091 3693//2150
f 3597//2074 3694//2075 3634//2071
f 3695//2052 3593//2070 3592//2069
f 3676//2128 3679//2084 3678//2149
f 3696//2132 3697//2131 3692//2132
f 3693//2150 3663//2108 3681//2107
f 3654//2124 3653//2136 3665//2137
f 3671//2118 3698//2163 3699//2166
f 3698//2163 3690//2155 3699//2166
f 3697//2151 3700//2161 3674//2151
f 3701//2162 3654//2124 3700//2161
f 3690//2160 3702//2165 3699//2166
f 3702//2165 3671//2118 3699//2166
f 3668//2125 3700//2161 3702//2165
f 3702//2165 3654//2124 3656//2115
f 3658//2120 3703//2164 3698//2163
f 3698//2163 3660//2135 3662//2135
f 3660//2131 3701//2162 3697//2131
f 3703//2164 3652//2133 3701//2162
f 3675//2119 3671//2118 3672//2085
f 3704//2170 3705//2176 3706//2177
f 3707//2236 3708//2237 3709//2167
f 3710//2202 3711//2203 3712//2204
f 3709//2167 3713//2168 3714//2169
f 3715//2227 3716//2279 3707//2236
f 3706//2177 3717//2193 3718//2191
f 3719//2194 3720//2195 3721//2196
f 3722//2199 3723//2240 3719//2194
f 3712//2204 3724//2239 3725//2200
f 3726//2205 3727//2206 3710//2202
f 3728//2181 3729//2238 3726//2205
f 3714//2169 3730//2180 3728//2181
f 3731//2182 3732//2183 3733//2184
f 3734//2225 3735//2226 3736//2185
f 3737//2188 3738//2283 3734//2225
f 3739//2173 3740//2174 3741//2175
f 3742//2189 3743//2190 3739//2173
f 3733//2184 3744//2284 3715//2227
f 3721//2196 3745//2218 3719//2194
f 3746//2263 3747//2271 3748//2266
f 3749//2272 3750//2249 3751//2268
f 3710//2202 3752//2210 3753//2223
f 3706//2177 3749//2272 3704//2170
f 3754//2229 3755//2208 3756//2230
f 3757//2810 3754//2229 3756//2230
f 3758//2234 3759//2215 3760//2235
f 3761//2197 3762//2198 3722//2199
f 3763//2178 3751//2268 3764//2811
f 3765//2257 3766//2219 3767//2217
f 3768//2243 3769//2269 3770//2253
f 3771//2222 3753//2223 3772//2224
f 3773//2179 3774//2172 3704//2170
f 3718//2191 3775//2192 3742//2189
f 3741//2175 3776//2187 3737//2188
f 3736//2185 3777//2186 3731//2182
f 3778//2248 3750//2249 3779//2247
f 3778//2248 3779//2247 3780//2231
f 3781//2260 3746//2263 3782//2250
f 3781//2260 3758//2234 3760//2235
f 3781//2260 3760//2235 3783//2261
f 3784//2242 3785//2241 3786//2812
f 3787//2245 3765//2257 3767//2217
f 3788//2262 3789//2183 3790//2262
f 3781//2260 3780//2231 3791//2233
f 3792//2256 3782//2250 3793//2264
f 3787//2245 3794//2254 3765//2257
f 3795//2251 3782//2250 3792//2256
f 3785//2241 3754//2229 3796//2265
f 3797//2286 3798//2285 3799//2285
f 3781//2260 3791//2233 3758//2234
f 3768//2243 3800//2244 3785//2241
f 3772//2224 3801//2246 3800//2244
f 3786//2812 3785//2241 3796//2265
f 3784//2242 3768//2243 3785//2241
f 3797//2252 3802//2195 3803//2252
f 3771//2222 3772//2224 3800//2244
f 3804//2209 3805//2255 3787//2245
f 3767//2217 3778//2248 3787//2245
f 3778//2248 3806//2220 3750//2249
f 3807//2211 3761//2197 3808//2275
f 3809//2214 3796//2265 3757//2810
f 3810//2232 3780//2231 3811//2273
f 3739//2173 3747//2271 3759//2215
f 3812//2274 3719//2194 3745//2218
f 3734//2225 3748//2266 3737//2188
f 3806//2220 3751//2268 3750//2249
f 3766//2219 3763//2178 3764//2811
f 3807//2211 3801//2246 3752//2210
f 3709//2167 3813//2216 3814//2212
f 3752//2210 3772//2224 3753//2223
f 3811//2273 3779//2247 3749//2272
f 3794//2254 3808//2275 3812//2274
f 3747//2271 3760//2235 3759//2215
f 3741//2175 3748//2266 3747//2271
f 3815//2270 3795//2251 3792//2256
f 3733//2184 3755//2208 3731//2182
f 3806//2220 3766//2219 3764//2811
f 3707//2236 3757//2810 3715//2227
f 3792//2256 3816//2267 3815//2270
f 3728//2181 3817//2282 3769//2269
f 3790//2281 3798//2280 3818//2281
f 3714//2169 3769//2269 3813//2216
f 3773//2179 3819//2207 3820//2171
f 3815//2270 3731//2182 3755//2208
f 3733//2184 3757//2810 3756//2230
f 3821//2278 3803//2277 3802//2278
f 3754//2229 3782//2250 3795//2251
f 3814//2212 3786//2812 3809//2214
f 3706//2177 3810//2232 3811//2273
f 3812//2274 3765//2257 3794//2254
f 3816//2267 3736//2185 3815//2270
f 3718//2191 3822//2276 3810//2232
f 3749//2272 3773//2179 3704//2170
f 3770//2253 3771//2222 3800//2244
f 3808//2275 3722//2199 3812//2274
f 3752//2210 3725//2200 3807//2211
f 3805//2255 3794//2254 3787//2245
f 3753//2223 3726//2205 3710//2202
f 3814//2212 3768//2243 3784//2242
f 3793//2264 3748//2266 3816//2267
f 3817//2282 3770//2253 3769//2269
f 3707//2236 3814//2212 3809//2214
f 3742//2189 3759//2215 3822//2276
f 3725//2200 3823//2201 3761//2197
f 3819//2207 3721//2196 3720//2195
f 3805//2255 3807//2211 3808//2275
f 3824//2259 3825//2258 3821//2259
f 3822//2276 3791//2233 3810//2232
f 3782//2250 3746//2263 3793//2264
f 3800//2244 3826//2289 3827//2292
f 3826//2289 3818//2281 3827//2292
f 3825//2277 3828//2288 3803//2277
f 3829//2287 3782//2250 3828//2288
f 3797//2286 3827//2292 3818//2286
f 3830//2291 3800//2244 3827//2292
f 3797//2252 3828//2288 3830//2291
f 3830//2291 3782//2250 3785//2241
f 3787//2245 3831//2290 3826//2289
f 3826//2289 3788//2262 3790//2262
f 3825//2258 3831//2290 3829//2287
f 3831//2290 3781//2260 3829//2287
f 3804//2209 3800//2244 3801//2246
f 3832//2298 3833//2302 3834//2303
f 3835//2363 3836//2364 3837//2293
f 3838//2328 3839//2329 3840//2330
f 3837//2293 3841//2294 3842//2295
f 3843//2352 3844//2813 3835//2363
f 3834//2303 3845//2319 3846//2317
f 3847//2367 3848//2322 3849//2320
f 3850//2325 3851//2321 3847//2367
f 3840//2330 3852//2366 3853//2326
f 3854//2331 3855//2332 3838//2328
f 3856//2307 3857//2365 3854//2331
f 3842//2295 3858//2306 3856//2307
f 3859//2308 3860//2309 3861//2310
f 3862//2350 3863//2351 3864//2311
f 3865//2314 3866//2410 3862//2350
f 3867//2299 3868//2300 3869//2301
f 3870//2814 3871//2316 3867//2299
f 3861//2310 3872//2411 3843//2352
f 3849//2320 3873//2343 3847//2367
f 3874//2389 3875//2398 3876//2393
f 3877//2374 3878//2815 3879//2399
f 3838//2328 3880//2336 3881//2348
f 3832//2298 3882//2357 3879//2399
f 3883//2816 3884//2334 3885//2355
f 3886//2391 3885//2355 3887//2353
f 3888//2362 3889//2341 3890//2361
f 3891//2323 3892//2324 3850//2325
f 3893//2304 3878//2815 3894//2346
f 3895//2383 3896//2344 3897//2817
f 3898//2370 3899//2395 3900//2379
f 3901//2347 3881//2348 3902//2349
f 3903//2296 3904//2297 3832//2298
f 3846//2317 3905//2318 3870//2814
f 3869//2301 3906//2313 3865//2314
f 3864//2311 3907//2312 3859//2308
f 3908//2375 3909//2376 3877//2374
f 3908//2375 3877//2374 3910//2359
f 3911//2386 3874//2389 3912//2818
f 3911//2386 3888//2362 3890//2361
f 3911//2386 3890//2361 3913//2387
f 3914//2338 3915//2368 3916//2369
f 3917//2819 3895//2383 3897//2817
f 3918//2388 3919//2309 3920//2388
f 3911//2386 3910//2359 3921//2358
f 3922//2382 3912//2818 3923//2390
f 3917//2819 3924//2380 3895//2383
f 3925//2354 3912//2818 3922//2382
f 3915//2368 3883//2816 3886//2391
f 3926//2413 3927//2412 3928//2412
f 3911//2386 3921//2358 3888//2362
f 3898//2370 3929//2371 3915//2368
f 3902//2349 3930//2373 3929//2371
f 3916//2369 3915//2368 3886//2391
f 3914//2338 3898//2370 3915//2368
f 3926//2378 3931//2322 3932//2378
f 3901//2347 3902//2349 3929//2371
f 3933//2335 3934//2381 3917//2819
f 3897//2817 3908//2375 3917//2819
f 3908//2375 3935//2345 3909//2376
f 3853//2326 3936//2401 3937//2337
f 3938//2339 3886//2391 3887//2353
f 3939//2402 3910//2359 3882//2357
f 3889//2341 3869//2301 3875//2398
f 3940//2400 3847//2367 3873//2343
f 3865//2314 3941//2392 3876//2393
f 3935//2345 3878//2815 3909//2376
f 3849//2320 3894//2346 3896//2344
f 3937//2337 3930//2373 3880//2336
f 3942//2340 3842//2295 3943//2396
f 3880//2336 3902//2349 3881//2348
f 3910//2359 3879//2399 3882//2357
f 3924//2380 3936//2401 3940//2400
f 3875//2398 3890//2361 3889//2341
f 3875//2398 3865//2314 3876//2393
f 3944//2397 3925//2354 3922//2382
f 3859//2308 3885//2355 3884//2334
f 3935//2345 3896//2344 3894//2346
f 3835//2363 3887//2353 3843//2352
f 3922//2382 3941//2392 3944//2397
f 3899//2395 3854//2331 3945//2409
f 3920//2407 3927//2406 3946//2407
f 3943//2396 3856//2307 3899//2395
f 3903//2296 3947//2333 3948//2305
f 3944//2397 3859//2308 3884//2334
f 3885//2355 3843//2352 3887//2353
f 3949//2404 3932//2403 3931//2820
f 3883//2816 3912//2818 3925//2354
f 3914//2338 3938//2339 3942//2340
f 3846//2317 3882//2357 3834//2303
f 3940//2400 3895//2383 3924//2380
f 3862//2350 3944//2397 3941//2392
f 3846//2317 3950//2360 3939//2402
f 3879//2399 3903//2296 3832//2298
f 3900//2379 3901//2347 3929//2371
f 3891//2323 3940//2400 3936//2401
f 3840//2330 3937//2337 3880//2336
f 3934//2381 3924//2380 3917//2819
f 3838//2328 3945//2409 3854//2331
f 3942//2340 3898//2370 3914//2338
f 3923//2390 3876//2393 3941//2392
f 3901//2347 3899//2395 3945//2409
f 3835//2363 3942//2340 3938//2339
f 3870//2814 3889//2341 3950//2360
f 3853//2326 3951//2327 3891//2323
f 3947//2333 3849//2320 3848//2322
f 3934//2381 3937//2337 3936//2401
f 3952//2385 3953//2384 3949//2385
f 3950//2360 3921//2358 3939//2402
f 3912//2818 3874//2389 3923//2390
f 3929//2371 3954//2416 3955//2417
f 3954//2416 3946//2407 3955//2417
f 3953//2403 3956//2414 3932//2403
f 3956//2414 3911//2386 3912//2818
f 3926//2413 3955//2417 3946//2413
f 3957//2419 3929//2371 3955//2417
f 3926//2378 3956//2414 3957//2419
f 3957//2419 3912//2818 3915//2368
f 3917//2819 3958//2418 3954//2416
f 3954//2416 3918//2388 3920//2388
f 3918//2384 3959//2415 3953//2384
f 3958//2418 3911//2386 3959//2415
f 3933//2335 3929//2371 3930//2373
f 3960//2425 3961//2429 3962//2430
f 3963//2490 3964//2491 3965//2420
f 3966//2455 3967//2456 3968//2457
f 3965//2420 3969//2421 3970//2422
f 3971//2480 3972//2532 3963//2490
f 3962//2430 3973//2446 3974//2444
f 3975//2447 3976//2448 3977//2449
f 3978//2450 3979//2494 3975//2447
f 3968//2457 3980//2493 3981//2453
f 3982//2458 3983//2459 3966//2455
f 3984//2434 3985//2492 3982//2458
f 3970//2422 3986//2433 3984//2434
f 3987//2435 3988//2436 3989//2437
f 3990//2478 3991//2479 3992//2438
f 3993//2441 3994//2821 3990//2478
f 3995//2426 3996//2427 3997//2428
f 3998//2442 3999//2443 3995//2426
f 3989//2437 4000//2537 3971//2480
f 3975//2447 4001//2470 4002//2472
f 4003//2516 4004//2468 4005//2519
f 4006//2526 4007//2503 4008//2521
f 3966//2455 4009//2464 4010//2476
f 3962//2430 4006//2526 3960//2425
f 4011//2484 4012//2461 4013//2483
f 4014//2518 4013//2483 4015//2481
f 4016//2488 4017//2469 4018//2489
f 4019//2454 4020//2452 3978//2450
f 4021//2431 4008//2521 4022//2473
f 4023//2471 4001//2470 4024//2474
f 4025//2497 4026//2522 4027//2506
f 4028//2475 4010//2476 4029//2477
f 4030//2423 4031//2424 3960//2425
f 3974//2444 4032//2445 3998//2442
f 3997//2428 4033//2440 3993//2441
f 3992//2438 4034//2439 3987//2435
f 4035//2502 4007//2503 4036//2501
f 4035//2502 4036//2501 4037//2485
f 4038//2513 4003//2516 4039//2504
f 4038//2513 4016//2488 4018//2489
f 4038//2513 4018//2489 4040//2514
f 4041//2496 4042//2495 4043//2466
f 4044//2500 4023//2471 4024//2474
f 4045//2515 4046//2436 4047//2515
f 4038//2513 4037//2485 4048//2487
f 4049//2509 4039//2504 4050//2517
f 4044//2500 4051//2507 4023//2471
f 4052//2482 4039//2504 4049//2509
f 4042//2495 4011//2484 4014//2518
f 4053//2539 4054//2538 4055//2538
f 4038//2513 4048//2487 4016//2488
f 4025//2497 4056//2498 4042//2495
f 4029//2477 4057//2463 4056//2498
f 4043//2466 4042//2495 4014//2518
f 4041//2496 4025//2497 4042//2495
f 4058//2505 4055//2448 4059//2448
f 4028//2475 4029//2477 4056//2498
f 4060//2499 4061//2508 4044//2500
f 4024//2474 4035//2502 4044//2500
f 4035//2502 4062//2510 4007//2503
f 3981//2453 4063//2528 4064//2462
f 4043//2466 4015//2481 4065//2467
f 4048//2487 4066//2525 4067//2486
f 3995//2426 4004//2468 4017//2469
f 4068//2527 3975//2447 4002//2472
f 3990//2478 4005//2519 3993//2441
f 4062//2510 4008//2521 4007//2503
f 3977//2449 4022//2473 4001//2470
f 4064//2462 4057//2463 4009//2464
f 3965//2420 4069//2523 4070//2465
f 4009//2464 4029//2477 4010//2476
f 4037//2485 4006//2526 4066//2525
f 4051//2507 4063//2528 4068//2527
f 4004//2468 4018//2489 4017//2469
f 4004//2468 3993//2441 4005//2519
f 4071//2524 4052//2482 4049//2509
f 3987//2435 4013//2483 4012//2461
f 4062//2510 4001//2470 4022//2473
f 3963//2490 4015//2481 3971//2480
f 4049//2509 4072//2822 4071//2524
f 3984//2434 4073//2535 4026//2522
f 4047//2534 4054//2533 4074//2534
f 4069//2523 3984//2434 4026//2522
f 4021//2431 4075//2432 4030//2423
f 4071//2524 3987//2435 4012//2461
f 3989//2437 4015//2481 4013//2483
f 4076//2531 4058//2530 4059//2531
f 4011//2484 4039//2504 4052//2482
f 4041//2496 4065//2467 4070//2465
f 3974//2444 4066//2525 3962//2430
f 4068//2527 4023//2471 4051//2507
f 4072//2822 3992//2438 4071//2524
f 3974//2444 4077//2529 4067//2486
f 4006//2526 4030//2423 3960//2425
f 4027//2506 4028//2475 4056//2498
f 4063//2528 3978//2450 4068//2527
f 3968//2457 4064//2462 4009//2464
f 4061//2508 4051//2507 4044//2500
f 4010//2476 3982//2458 3966//2455
f 4070//2465 4025//2497 4041//2496
f 4050//2517 4005//2519 4072//2822
f 4073//2535 4027//2506 4026//2522
f 3963//2490 4070//2465 4065//2467
f 3998//2442 4017//2469 4077//2529
f 3981//2453 4078//2823 4019//2454
f 4079//2460 3977//2449 3976//2448
f 4061//2508 4064//2462 4063//2528
f 4080//2512 4081//2511 4076//2512
f 4016//2488 4067//2486 4077//2529
f 4039//2504 4003//2516 4050//2517
f 4056//2498 4082//2542 4083//2545
f 4082//2542 4074//2534 4083//2545
f 4081//2530 4084//2540 4058//2530
f 4085//2541 4039//2504 4084//2540
f 4053//2539 4083//2545 4074//2539
f 4083//2545 4042//2495 4056//2498
f 4053//2505 4084//2540 4086//2544
f 4086//2544 4039//2504 4042//2495
f 4044//2500 4087//2543 4082//2542
f 4082//2542 4045//2515 4047//2515
f 4081//2511 4087//2543 4085//2541
f 4087//2543 4038//2513 4085//2541
f 4060//2499 4056//2498 4057//2463
f 4088//2551 4089//2555 4090//2556
f 4091//2616 4092//2617 4093//2546
f 4094//2581 4095//2582 4096//2583
f 4093//2546 4097//2547 4098//2548
f 4099//2606 4100//2658 4091//2616
f 4090//2556 4101//2572 4102//2570
f 4103//2573 4104//2574 4105//2575
f 4106//2576 4107//2620 4103//2573
f 4108//2579 4095//2582 4109//2619
f 4110//2584 4111//2585 4094//2581
f 4112//2560 4113//2618 4110//2584
f 4098//2548 4114//2559 4112//2560
f 4115//2561 4116//2562 4117//2563
f 4118//2604 4119//2605 4120//2564
f 4121//2567 4122//2662 4118//2604
f 4123//2552 4124//2553 4125//2554
f 4126//2568 4127//2569 4123//2552
f 4117//2563 4128//2663 4099//2606
f 4105//2575 4129//2597 4103//2573
f 4130//2646 4131//2640 4132//2824
f 4133//2627 4134//2647 4135//2652
f 4094//2581 4136//2825 4137//2602
f 4090//2556 4135//2652 4088//2551
f 4138//2826 4139//2587 4140//2609
f 4141//2644 4140//2609 4142//2607
f 4143//2614 4144//2595 4145//2615
f 4146//2580 4147//2578 4106//2576
f 4148//2600 4149//2549 4134//2647
f 4150//2636 4151//2598 4152//2596
f 4153//2623 4154//2648 4155//2632
f 4156//2601 4137//2602 4157//2603
f 4149//2549 4158//2550 4088//2551
f 4102//2570 4159//2571 4126//2568
f 4125//2554 4160//2566 4121//2567
f 4120//2564 4161//2565 4115//2561
f 4162//2628 4163//2629 4133//2627
f 4162//2628 4133//2627 4164//2613
f 4165//2639 4166//2642 4167//2630
f 4165//2639 4143//2614 4145//2615
f 4165//2639 4145//2615 4131//2640
f 4168//2591 4169//2621 4170//2622
f 4171//2625 4150//2636 4152//2596
f 4172//2641 4173//2562 4174//2562
f 4165//2639 4164//2613 4175//2612
f 4176//2635 4167//2630 4177//2643
f 4171//2625 4178//2633 4150//2636
f 4179//2608 4167//2630 4176//2635
f 4169//2621 4138//2826 4141//2644
f 4180//2665 4181//2664 4182//2664
f 4165//2639 4175//2612 4143//2614
f 4153//2623 4183//2624 4169//2621
f 4157//2603 4184//2626 4183//2624
f 4170//2622 4169//2621 4141//2644
f 4168//2591 4153//2623 4169//2621
f 4180//2631 4185//2574 4186//2631
f 4156//2601 4157//2603 4183//2624
f 4187//2588 4188//2634 4171//2625
f 4152//2596 4162//2628 4171//2625
f 4162//2628 4189//2599 4163//2629
f 4190//2590 4146//2580 4191//2827
f 4192//2592 4141//2644 4142//2607
f 4193//2655 4164//2613 4194//2611
f 4144//2595 4125//2554 4132//2824
f 4106//2576 4129//2597 4195//2653
f 4121//2567 4196//2828 4130//2646
f 4148//2600 4163//2629 4189//2599
f 4151//2598 4197//2557 4148//2600
f 4187//2588 4136//2825 4190//2590
f 4093//2546 4198//2649 4199//2829
f 4184//2626 4137//2602 4136//2825
f 4164//2613 4135//2652 4194//2611
f 4178//2633 4191//2827 4195//2653
f 4132//2824 4145//2615 4144//2595
f 4132//2824 4121//2567 4130//2646
f 4200//2650 4179//2608 4176//2635
f 4117//2563 4139//2587 4115//2561
f 4189//2599 4151//2598 4148//2600
f 4099//2606 4192//2592 4142//2607
f 4176//2635 4196//2828 4200//2650
f 4112//2560 4201//2661 4154//2648
f 4172//2660 4181//2659 4202//2660
f 4198//2649 4112//2560 4154//2648
f 4197//2557 4203//2558 4149//2549
f 4200//2650 4115//2561 4139//2587
f 4140//2609 4099//2606 4142//2607
f 4185//2657 4204//2656 4186//2656
f 4138//2826 4167//2630 4179//2608
f 4168//2591 4192//2592 4199//2829
f 4090//2556 4193//2655 4194//2611
f 4195//2653 4150//2636 4178//2633
f 4196//2828 4120//2564 4200//2650
f 4102//2570 4205//2654 4193//2655
f 4135//2652 4149//2549 4088//2551
f 4155//2632 4156//2601 4183//2624
f 4146//2580 4195//2653 4191//2827
f 4096//2583 4190//2590 4136//2825
f 4188//2634 4178//2633 4171//2625
f 4137//2602 4110//2584 4094//2581
f 4199//2829 4153//2623 4168//2591
f 4177//2643 4130//2646 4196//2828
f 4201//2661 4155//2632 4154//2648
f 4091//2616 4199//2829 4192//2592
f 4126//2568 4144//2595 4205//2654
f 4108//2579 4206//2577 4146//2580
f 4207//2586 4105//2575 4104//2574
f 4188//2634 4190//2590 4191//2827
f 4173//2638 4204//2637 4208//2638
f 4205//2654 4175//2612 4193//2655
f 4167//2630 4166//2642 4177//2643
f 4183//2624 4209//2668 4210//2671
f 4209//2668 4202//2660 4210//2671
f 4204//2656 4211//2666 4186//2656
f 4212//2667 4167//2630 4211//2666
f 4180//2665 4210//2671 4202//2665
f 4213//2670 4183//2624 4210//2671
f 4180//2631 4211//2666 4213//2670
f 4213//2670 4167//2630 4169//2621
f 4171//2625 4214//2669 4209//2668
f 4209//2668 4215//2641 4172//2641
f 4215//2637 4212//2667 4204//2637
f 4212//2667 4162//2628 4165//2639
f 4187//2588 4183//2624 4184//2626
f 4216//2677 4217//2681 4218//2682
f 4219//2733 4220//2741 4221//2672
f 4222//2707 4223//2708 4224//2709
f 4221//2672 4225//2673 4226//2674
f 4227//2777 4228//2784 4219//2733
f 4218//2682 4229//2698 4230//2696
f 4231//2699 4232//2700 4233//2701
f 4234//2704 4235//2744 4231//2699
f 4236//2705 4223//2708 4237//2743
f 4238//2710 4239//2711 4222//2707
f 4240//2686 4241//2742 4238//2710
f 4226//2674 4242//2685 4240//2686
f 4243//2687 4244//2688 4245//2689
f 4246//2730 4247//2830 4248//2690
f 4249//2693 4250//2788 4246//2730
f 4251//2678 4252//2679 4253//2680
f 4254//2694 4255//2695 4251//2678
f 4245//2689 4256//2789 4227//2777
f 4233//2701 4257//2723 4231//2699
f 4258//2767 4259//2720 4260//2770
f 4261//2778 4262//2753 4263//2772
f 4224//2709 4264//2728 4222//2707
f 4218//2682 4261//2778 4216//2677
f 4265//2734 4266//2713 4267//2735
f 4268//2769 4267//2735 4269//2831
f 4270//2739 4271//2721 4272//2740
f 4273//2702 4274//2832 4234//2704
f 4275//2726 4276//2675 4263//2772
f 4277//2761 4278//2724 4279//2722
f 4280//2747 4281//2773 4282//2757
f 4283//2727 4264//2728 4284//2729
f 4276//2675 4285//2676 4216//2677
f 4230//2696 4286//2697 4254//2694
f 4253//2680 4287//2692 4249//2693
f 4248//2690 4288//2691 4243//2687
f 4289//2752 4262//2753 4290//2751
f 4289//2752 4290//2751 4291//2736
f 4292//2764 4258//2767 4293//2754
f 4292//2764 4270//2739 4272//2740
f 4292//2764 4272//2740 4294//2765
f 4295//2746 4296//2745 4297//2718
f 4298//2749 4277//2761 4279//2722
f 4299//2766 4300//2688 4301//2766
f 4292//2764 4291//2736 4302//2738
f 4303//2760 4293//2754 4304//2768
f 4298//2749 4305//2758 4277//2761
f 4306//2755 4293//2754 4303//2760
f 4296//2745 4265//2734 4268//2769
f 4307//2791 4308//2790 4309//2790
f 4292//2764 4302//2738 4270//2739
f 4280//2747 4310//2748 4296//2745
f 4284//2729 4311//2750 4310//2748
f 4297//2718 4296//2745 4268//2769
f 4295//2746 4280//2747 4296//2745
f 4307//2756 4312//2700 4313//2756
f 4283//2727 4284//2729 4310//2748
f 4314//2714 4315//2759 4298//2749
f 4279//2722 4289//2752 4298//2749
f 4289//2752 4316//2725 4262//2753
f 4317//2716 4273//2702 4318//2776
f 4319//2719 4268//2769 4269//2831
f 4320//2737 4291//2736 4321//2779
f 4251//2678 4259//2720 4271//2721
f 4322//2780 4231//2699 4257//2723
f 4246//2730 4260//2770 4249//2693
f 4316//2725 4263//2772 4262//2753
f 4278//2724 4323//2683 4275//2726
f 4314//2714 4324//2715 4317//2716
f 4325//2717 4226//2674 4326//2774
f 4324//2715 4284//2729 4264//2728
f 4321//2779 4290//2751 4261//2778
f 4305//2758 4318//2776 4322//2780
f 4259//2720 4272//2740 4271//2721
f 4253//2680 4260//2770 4259//2720
f 4327//2775 4306//2755 4303//2760
f 4245//2689 4266//2713 4243//2687
f 4279//2722 4275//2726 4316//2725
f 4227//2777 4319//2719 4269//2831
f 4303//2760 4328//2771 4327//2775
f 4240//2686 4329//2787 4281//2773
f 4301//2786 4308//2785 4330//2786
f 4326//2774 4240//2686 4281//2773
f 4323//2683 4331//2684 4276//2675
f 4327//2775 4243//2687 4266//2713
f 4245//2689 4269//2831 4267//2735
f 4312//2783 4332//2782 4313//2782
f 4265//2734 4293//2754 4306//2755
f 4295//2746 4319//2719 4325//2717
f 4230//2696 4321//2779 4218//2682
f 4322//2780 4277//2761 4305//2758
f 4328//2771 4248//2690 4327//2775
f 4230//2696 4333//2781 4320//2737
f 4261//2778 4276//2675 4216//2677
f 4282//2757 4283//2727 4310//2748
f 4318//2776 4234//2704 4322//2780
f 4324//2715 4236//2705 4317//2716
f 4315//2759 4305//2758 4298//2749
f 4264//2728 4238//2710 4222//2707
f 4325//2717 4280//2747 4295//2746
f 4304//2768 4260//2770 4328//2771
f 4329//2787 4282//2757 4281//2773
f 4219//2733 4325//2717 4319//2719
f 4254//2694 4271//2721 4333//2781
f 4236//2705 4334//2706 4273//2702
f 4335//2712 4233//2701 4232//2700
f 4315//2759 4317//2716 4318//2776
f 4336//2763 4332//2762 4337//2763
f 4333//2781 4302//2738 4320//2737
f 4293//2754 4258//2767 4304//2768
f 4310//2748 4338//2794 4339//2797
f 4338//2794 4330//2786 4339//2797
f 4332//2782 4340//2792 4313//2782
f 4340//2792 4292//2764 4293//2754
f 4307//2791 4339//2797 4330//2791
f 4339//2797 4296//2745 4310//2748
f 4307//2756 4340//2792 4341//2796
f 4341//2796 4293//2754 4296//2745
f 4298//2749 4342//2795 4338//2794
f 4338//2794 4299//2766 4301//2766
f 4299//2762 4343//2793 4332//2762
f 4343//2793 4289//2752 4292//2764
f 4314//2714 4310//2748 4311//2750
f 2297//1788 2368//1859 2298//1789
f 2300//1791 2309//1800 2301//1792
f 2303//1794 2320//1811 2304//1795
f 2302//1793 2301//1792 2306//1797
f 2308//1799 2337//1828 2309//1800
f 2299//1790 2298//1789 2310//1801
f 2312//1803 2316//1807 2313//1804
f 2315//1806 2357//1848 2316//1807
f 2305//1796 2304//1795 2317//1808
f 2319//1810 2322//1813 2320//1811
f 2321//1812 2323//1814 2322//1813
f 2321//1812 2307//1798 2306//1797
f 2324//1815 2371//1862 2325//1816
f 2327//1818 2331//1822 2328//1819
f 2330//1821 2370//1861 2331//1822
f 2332//1823 2336//1827 2333//1824
f 2335//1826 2369//1860 2336//1827
f 2326//1817 2325//1816 2337//1828
f 2314//1805 2361//1852 2338//1829
f 2339//1830 2377//1868 2340//1831
f 2342//1833 2373//1864 2343//1834
f 2303//1794 2305//1796 2345//1836
f 2297//1788 2299//1790 2347//1838
f 2348//1839 2390//1879 2349//1840
f 2351//1842 2348//1839 2350//1841
f 2353//1844 2414//1904 2354//1845
f 2356//1847 2415//1905 2357//1848
f 2358//1849 2367//1858 2344//1835
f 2360//1851 2382//1873 2338//1829
f 2362//1853 2409//1896 2363//1854
f 2365//1856 2410//1897 2346//1837
f 2367//1858 2412//1900 2368//1859
f 2311//1802 2310//1801 2369//1860
f 2334//1825 2333//1824 2370//1861
f 2329//1820 2328//1819 2371//1862
f 2375//1866 2377//1868 2339//1830
f 2383//1874 4344//1816 2384//1816
f 2375//1866 2372//1863 2374//1865
f 2379//1870 2376//1867 2348//1839
f 2391//1880 2411//1880 2392//1881
f 2364//1855 2363//1854 2394//1882
f 2391//1884 2393//1804 2396//1804
f 2360//1851 2400//1887 2372//1863
f 2401//1888 2318//1809 2356//1847
f 2403//1890 2380//1871 2351//1842
f 2404//1891 2386//1875 2374//1865
f 2354//1845 2332//1823 2334//1825
f 2405//1892 2315//1806 2312//1803
f 2330//1821 2327//1818 2406//1893
f 2400//1887 2359//1850 2344//1835
f 2314//1805 2358//1849 2359//1850
f 2398//1885 2395//1883 2345//1836
f 2302//1793 2307//1798 2362//1853
f 2345//1836 2395//1883 2366//1857
f 2374//1865 2373//1864 2342//1833
f 2389//1878 2399//1886 2402//1889
f 2340//1831 2377//1868 2355//1846
f 2334//1825 2330//1821 2341//1832
f 2408//1895 2349//1840 2390//1879
f 2326//1817 2350//1841 2349//1840
f 2360//1851 2361//1852 2359//1850
f 2300//1791 2403//1890 2352//1843
f 2387//1876 2388//1877 2406//1893
f 2409//1896 2321//1812 2319//1810
f 2411//1898 2385//1898 2384//1899
f 2362//1853 2307//1798 2321//1812
f 2358//1849 2416//1906 2412//1900
f 2408//1895 2329//1820 2324//1815
f 2350//1841 2326//1817 2308//1799
f 2413//1901 2417//1902 2397//1902
f 2407//1894 2378//1869 2380//1871
f 2311//1802 2404//1891 2347//1838
f 2405//1892 2338//1829 2382//1873
f 2406//1893 2327//1818 2329//1820
f 2311//1802 2335//1826 2414//1904
f 2297//1788 2342//1833 2344//1835
f 2402//1889 2356//1847 2315//1806
f 2305//1796 2318//1809 2401//1888
f 2346//1837 2410//1897 2319//1810
f 2378//1869 2407//1894 2362//1853
f 2388//1877 2339//1830 2341//1832
f 2410//1897 2365//1856 2363//1854
f 2403//1890 2300//1791 2302//1793
f 2335//1826 2332//1823 2354//1845
f 2318//1809 2317//1808 2415//1905
f 2416//1906 2358//1849 2314//1805
f 2399//1886 2398//1885 2401//1888
f 2413//1907 4344//1907 2383//1908
f 2353//1844 2386//1875 2404//1891
f 2413//2833 2396//2833 2393//2833
f 2393//2833 2392//2833 2384//2833
f 2384//2833 4344//2833 2413//2833
f 2393//2833 2384//2833 2413//2833
f 2381//1872 2419//1910 2418//1909
f 2419//1910 2385//1898 2411//1898
f 2417//1902 2421//1912 2420//1911
f 2421//1912 2375//1866 2376//1867
f 2391//1880 2422//1913 2418//1909
f 2422//1913 2379//1870 2394//1882
f 2391//1884 2397//1884 2420//1911
f 2422//1913 2420//1911 2376//1867
f 2381//1872 2372//1863 2423//1914
f 2419//1910 2423//1914 2383//1874
f 2383//1908 2423//1914 2421//1912
f 2423//1914 2372//1863 2375//1866
f 2398//1885 2381//1872 2394//1882
f 2424//1915 2496//1987 2425//1916
f 2427//1918 2436//1927 2428//1919
f 2430//1921 2447//1938 2431//1922
f 2429//1920 2428//1919 2433//1924
f 2435//1926 2464//1955 2436//1927
f 2426//1917 2425//1916 2437//1928
f 2439//1930 2443//1934 2440//1931
f 2442//1933 2484//1975 2443//1934
f 2432//1923 2431//1922 2444//1935
f 2430//1921 2449//1940 2446//1937
f 2448//1939 2450//1941 2446//1937
f 2434//1925 2433//1924 2450//1941
f 2451//1942 2499//1990 2452//1943
f 2454//1945 2458//1949 2455//1946
f 2457//1948 2498//1989 2458//1949
f 2459//1950 2463//1954 2460//1951
f 2462//1953 2497//1988 2463//1954
f 2453//1944 2452//1943 2464//1955
f 2441//1932 2488//1979 2465//1956
f 2466//1957 2505//1996 2467//1958
f 2469//1960 2501//1992 2470//1961
f 2430//1921 2432//1923 2472//1963
f 2424//1915 2426//1917 2474//1965
f 2475//1966 2517//2006 2476//1967
f 2478//1969 2475//1966 2477//1968
f 2480//1971 2541//2030 2481//1972
f 2483//1974 2542//2031 2484//1975
f 2485//1976 2495//1986 2471//1962
f 2487//1978 2465//1956 2488//1979
f 2490//1981 2533//2020 2491//1982
f 2493//1984 2537//2024 2473//1964
f 2495//1986 2539//2027 2496//1987
f 2438//1929 2437//1928 2497//1988
f 2461//1952 2460//1951 2498//1989
f 2456//1947 2455//1946 2499//1990
f 2503//1994 2505//1996 2466//1957
f 2510//2001 2544//1943 2511//1943
f 2503//1994 2500//1991 2502//1993
f 2507//1998 2504//1995 2475//1966
f 2518//2007 2538//2007 2519//2008
f 2490//1981 2492//1983 2521//2009
f 2518//2011 2520//1931 2523//1931
f 2489//1980 2527//2014 2500//1991
f 2445//1936 2483//1974 2528//2015
f 2508//1999 2478//1969 2479//1970
f 2531//2018 2513//2002 2502//1993
f 2459//1950 2461//1952 2467//1958
f 2532//2019 2442//1933 2439//1930
f 2454//1945 2536//2023 2468//1959
f 2527//2014 2486//1977 2471//1962
f 2441//1932 2485//1976 2486//1977
f 2529//2016 2525//2012 2522//2010
f 2429//1920 2434//1925 2533//2020
f 2472//1963 2522//2010 2494//1985
f 2474//1965 2502//1993 2501//1992
f 2532//2019 2516//2005 2526//2013
f 2467//1958 2505//1996 2482//1973
f 2461//1952 2457//1948 2468//1959
f 2535//2022 2476//1967 2517//2006
f 2451//1942 2453//1944 2477//1968
f 2527//2014 2489//1980 2488//1979
f 2427//1918 2530//2017 2479//1970
f 2514//2003 2515//2004 2536//2023
f 2448//1939 2449//1940 2537//2024
f 2512//2025 2511//2026 2519//2026
f 2434//1925 2448//1939 2491//1982
f 2485//1976 2543//2032 2539//2027
f 2535//2022 2456//1947 2451//1942
f 2477//1968 2453//1944 2435//1926
f 2523//2028 2545//2028 2540//2029
f 2506//1997 2508//1999 2530//2017
f 2426//1917 2438//1929 2531//2018
f 2532//2019 2465//1956 2487//1978
f 2536//2023 2454//1945 2456//1947
f 2438//1929 2462//1953 2541//2030
f 2469//1960 2471//1962 2495//1986
f 2483//1974 2442//1933 2532//2019
f 2472//1963 2432//1923 2445//1936
f 2473//1964 2537//2024 2449//1940
f 2506//1997 2534//2021 2533//2020
f 2515//2004 2466//1957 2468//1959
f 2537//2024 2493//1984 2492//1983
f 2530//2017 2427//1918 2429//1920
f 2462//1953 2459//1950 2481//1972
f 2445//1936 2444//1935 2542//2031
f 2543//2032 2485//1976 2441//1932
f 2526//2013 2525//2012 2529//2016
f 2544//2033 2510//2034 2540//2034
f 2541//2030 2480//1971 2513//2002
f 2511//2833 2544//2833 2545//2833
f 2545//2833 2523//2833 2520//2833
f 2520//2833 2519//2833 2511//2833
f 2545//2833 2520//2833 2511//2833
f 2521//2009 2509//2000 2546//2035
f 2546//2035 2512//2025 2538//2025
f 2540//2029 2551//2040 2548//2037
f 2548//2037 2551//2040 2503//1994
f 2518//2007 2549//2038 2547//2036
f 2547//2036 2549//2038 2507//1998
f 2518//2011 2524//2011 2548//2037
f 2549//2038 2548//2037 2504//1995
f 2509//2000 2500//1991 2550//2039
f 2546//2035 2550//2039 2510//2001
f 2510//2034 2550//2039 2551//2040
f 2550//2039 2500//1991 2503//1994
f 2525//2012 2509//2000 2521//2009
f 2552//2041 2622//2111 2553//2042
f 2555//2044 2564//2053 2556//2045
f 2558//2047 2575//2064 2559//2048
f 2557//2046 2556//2045 2561//2050
f 2555//2044 2592//2081 2563//2052
f 2554//2043 2553//2042 2565//2054
f 2567//2056 2571//2060 2568//2057
f 2570//2059 2612//2101 2571//2060
f 2560//2049 2559//2048 2572//2061
f 2574//2063 2577//2066 2575//2064
f 2576//2065 2578//2067 2577//2066
f 2562//2051 2561//2050 2578//2067
f 2579//2068 2625//2114 2580//2069
f 2582//2071 2586//2075 2583//2072
f 2585//2074 2624//2113 2586//2075
f 2587//2076 2591//2080 2588//2077
f 2590//2079 2623//2112 2591//2080
f 2581//2070 2580//2069 2563//2052
f 2567//2056 2569//2058 2593//2082
f 2595//2084 2630//2119 2596//2085
f 2598//2087 2627//2116 2599//2088
f 2558//2047 2560//2049 2601//2090
f 2554//2043 2658//2143 2600//2089
f 2603//2092 2643//2130 2604//2093
f 2606//2095 2603//2092 2605//2094
f 2608//2097 2669//2156 2609//2098
f 2611//2100 2670//2157 2612//2101
f 2613//2102 2660//2145 2614//2103
f 2615//2104 2594//2083 2593//2082
f 2617//2106 2661//2146 2618//2107
f 2620//2109 2665//2150 2602//2091
f 2614//2103 2667//2153 2622//2111
f 2566//2055 2565//2054 2623//2112
f 2589//2078 2588//2077 2624//2113
f 2584//2073 2583//2072 2625//2114
f 2629//2118 2596//2085 2630//2119
f 2636//2125 2672//2069 2637//2069
f 2629//2118 2626//2115 2628//2117
f 2633//2122 2631//2120 2603//2092
f 2644//2131 2666//2131 2645//2132
f 2617//2106 2619//2108 2647//2133
f 2644//2135 2646//2057 2649//2057
f 2616//2105 2653//2138 2626//2115
f 2573//2062 2611//2100 2654//2139
f 2656//2141 2634//2123 2606//2095
f 2657//2142 2639//2126 2628//2117
f 2609//2098 2587//2076 2589//2078
f 2570//2059 2567//2056 2594//2083
f 2582//2071 2664//2149 2595//2084
f 2613//2102 2599//2088 2627//2116
f 2593//2082 2569//2058 2660//2145
f 2651//2136 2648//2134 2601//2090
f 2557//2046 2562//2051 2661//2146
f 2601//2090 2648//2134 2621//2110
f 2628//2117 2598//2087 2600//2089
f 2659//2144 2642//2129 2652//2137
f 2597//2086 2596//2085 2610//2099
f 2597//2086 2589//2078 2585//2074
f 2663//2148 2604//2093 2643//2130
f 2581//2070 2605//2094 2604//2093
f 2653//2138 2616//2105 2593//2082
f 2555//2044 2656//2141 2607//2096
f 2640//2127 2641//2128 2664//2149
f 2618//2107 2576//2065 2574//2063
f 2638//2151 2637//2152 2645//2152
f 2562//2051 2576//2065 2618//2107
f 2660//2145 2671//2158 2667//2153
f 2663//2148 2584//2073 2579//2068
f 2605//2094 2581//2070 2592//2081
f 2668//2154 2673//2155 2650//2155
f 2632//2121 2634//2123 2656//2141
f 2554//2043 2566//2055 2657//2142
f 2642//2129 2659//2144 2594//2083
f 2664//2149 2582//2071 2584//2073
f 2566//2055 2590//2079 2669//2156
f 2552//2041 2600//2089 2599//2088
f 2611//2100 2570//2059 2659//2144
f 2601//2090 2560//2049 2573//2062
f 2602//2091 2665//2150 2574//2063
f 2662//2147 2661//2146 2617//2106
f 2641//2128 2630//2119 2595//2084
f 2665//2150 2620//2109 2619//2108
f 2555//2044 2557//2046 2662//2147
f 2590//2079 2587//2076 2609//2098
f 2573//2062 2572//2061 2670//2157
f 2671//2158 2660//2145 2569//2058
f 2652//2137 2651//2136 2655//2140
f 2672//2159 2636//2160 2673//2160
f 2608//2097 2639//2126 2657//2142
f 2668//2833 2649//2833 2646//2833
f 2646//2833 2645//2833 2637//2833
f 2637//2833 2672//2833 2668//2833
f 2646//2833 2637//2833 2668//2833
f 2647//2133 2635//2124 2674//2161
f 2674//2161 2638//2151 2666//2151
f 2673//2155 2679//2166 2676//2163
f 2676//2163 2679//2166 2629//2118
f 2644//2131 2677//2164 2675//2162
f 2677//2164 2633//2122 2647//2133
f 2644//2135 2650//2135 2676//2163
f 2677//2164 2676//2163 2631//2120
f 2635//2124 2626//2115 2678//2165
f 2674//2161 2678//2165 2636//2125
f 2636//2160 2678//2165 2679//2166
f 2679//2166 2678//2165 2626//2115
f 2651//2136 2635//2124 2647//2133
f 2680//2167 2750//2237 2681//2168
f 2683//2170 2692//2179 2684//2171
f 2686//2173 2703//2190 2687//2174
f 2683//2170 2685//2172 2689//2176
f 2691//2178 2720//2207 2684//2171
f 2682//2169 2681//2168 2693//2180
f 2695//2182 2699//2186 2696//2183
f 2698//2185 2739//2226 2699//2186
f 2688//2175 2687//2174 2700//2187
f 2702//2189 2705//2192 2703//2190
f 2704//2191 2706//2193 2705//2192
f 2690//2177 2689//2176 2706//2193
f 2707//2194 2753//2240 2708//2195
f 2710//2197 2714//2201 2711//2198
f 2713//2200 2752//2239 2714//2201
f 2715//2202 2719//2206 2716//2203
f 2718//2205 2751//2238 2719//2206
f 2709//2196 2708//2195 2720//2207
f 2697//2184 2743//2230 2721//2208
f 2722//2209 2759//2246 2723//2210
f 2725//2212 2755//2242 2726//2213
f 2688//2175 2788//2271 2728//2215
f 2680//2167 2682//2169 2729//2216
f 2730//2217 2772//2257 2731//2218
f 2733//2220 2730//2217 2732//2219
f 2735//2222 2797//2282 2736//2223
f 2738//2225 2798//2283 2739//2226
f 2740//2227 2749//2236 2727//2214
f 2742//2229 2764//2251 2721//2208
f 2744//2231 2790//2273 2745//2232
f 2747//2234 2793//2276 2728//2215
f 2749//2236 2795//2279 2750//2237
f 2694//2181 2693//2180 2751//2238
f 2717//2204 2716//2203 2752//2239
f 2712//2199 2711//2198 2753//2240
f 2757//2244 2759//2246 2722//2209
f 2765//2252 2806//2252 2766//2195
f 2757//2244 2754//2241 2756//2243
f 2761//2248 2758//2245 2730//2217
f 2773//2258 2794//2258 2774//2259
f 2744//2231 2746//2233 2776//2260
f 2773//2262 2775//2183 2778//2183
f 2742//2229 2782//2265 2754//2241
f 2783//2266 2701//2188 2738//2225
f 2785//2268 2762//2249 2733//2220
f 2786//2269 2768//2253 2756//2243
f 2715//2202 2717//2204 2723//2210
f 2787//2270 2698//2185 2695//2182
f 2710//2197 2792//2275 2724//2211
f 2782//2265 2741//2228 2727//2214
f 2743//2230 2697//2184 2740//2227
f 2783//2266 2780//2263 2777//2261
f 2789//2272 2683//2170 2690//2177
f 2788//2271 2777//2261 2748//2235
f 2756//2243 2755//2242 2725//2212
f 2771//2256 2781//2264 2784//2267
f 2723//2210 2759//2246 2737//2224
f 2717//2204 2713//2200 2724//2211
f 2791//2274 2731//2218 2772//2257
f 2707//2194 2709//2196 2732//2219
f 2742//2229 2743//2230 2741//2228
f 2692//2179 2785//2268 2734//2221
f 2769//2254 2770//2255 2792//2275
f 2704//2191 2702//2189 2793//2276
f 2765//2277 2767//2278 2774//2278
f 2690//2177 2704//2191 2745//2232
f 2740//2227 2799//2284 2795//2279
f 2791//2274 2712//2199 2707//2194
f 2732//2219 2709//2196 2691//2178
f 2796//2280 2800//2281 2779//2281
f 2760//2247 2762//2249 2785//2268
f 2694//2181 2786//2269 2729//2216
f 2787//2270 2721//2208 2764//2251
f 2792//2275 2710//2197 2712//2199
f 2694//2181 2718//2205 2797//2282
f 2725//2212 2727//2214 2749//2236
f 2784//2267 2738//2225 2698//2185
f 2788//2271 2688//2175 2701//2188
f 2728//2215 2793//2276 2702//2189
f 2789//2272 2790//2273 2744//2231
f 2770//2255 2722//2209 2724//2211
f 2793//2276 2747//2234 2746//2233
f 2692//2179 2683//2170 2789//2272
f 2718//2205 2715//2202 2736//2223
f 2701//2188 2700//2187 2798//2283
f 2799//2284 2740//2227 2697//2184
f 2781//2264 2780//2263 2783//2266
f 2766//2285 2806//2286 2800//2286
f 2797//2282 2735//2222 2768//2253
f 2796//2833 2778//2833 2775//2833
f 2775//2833 2774//2833 2767//2833
f 2767//2833 2766//2833 2796//2833
f 2775//2833 2767//2833 2796//2833
f 2763//2250 2802//2288 2801//2287
f 2802//2288 2765//2277 2794//2277
f 2800//2281 2807//2292 2803//2289
f 2803//2289 2807//2292 2757//2244
f 2773//2258 2804//2290 2801//2287
f 2804//2290 2761//2248 2776//2260
f 2773//2262 2779//2262 2803//2289
f 2804//2290 2803//2289 2758//2245
f 2763//2250 2754//2241 2805//2291
f 2802//2288 2805//2291 2806//2252
f 2806//2286 2805//2291 2807//2292
f 2807//2292 2805//2291 2754//2241
f 2780//2263 2763//2250 2776//2260
f 2808//2293 2879//2364 2809//2294
f 2811//2296 2820//2305 2812//2297
f 2814//2299 2831//2316 2815//2300
f 2813//2298 2812//2297 2817//2302
f 2819//2304 2848//2333 2820//2305
f 2810//2295 2809//2294 2821//2306
f 2823//2308 2827//2312 2824//2309
f 2826//2311 2866//2351 2827//2312
f 2816//2301 2815//2300 2828//2313
f 2830//2315 2833//2318 2831//2316
f 2832//2317 2834//2319 2833//2318
f 2818//2303 2817//2302 2834//2319
f 2835//2320 2882//2367 2836//2321
f 2838//2323 2842//2327 2839//2324
f 2841//2326 2881//2366 2842//2327
f 2843//2328 2847//2332 2844//2329
f 2846//2331 2880//2365 2847//2332
f 2835//2320 2837//2322 2848//2333
f 2825//2310 2870//2355 2849//2334
f 2850//2335 2888//2373 2851//2336
f 2853//2338 2884//2369 2854//2339
f 2816//2301 2917//2398 2856//2341
f 2810//2295 2915//2396 2855//2340
f 2857//2342 2900//2383 2858//2343
f 2860//2345 2857//2342 2859//2344
f 2862//2347 2925//2409 2863//2348
f 2865//2350 2926//2410 2866//2351
f 2867//2352 2878//2363 2854//2339
f 2869//2354 2849//2334 2870//2355
f 2872//2357 2921//2402 2873//2358
f 2875//2360 2856//2341 2876//2361
f 2878//2363 2923//2405 2879//2364
f 2822//2307 2821//2306 2880//2365
f 2845//2330 2844//2329 2881//2366
f 2882//2367 2840//2325 2839//2324
f 2886//2371 2888//2373 2850//2335
f 2893//2378 2928//2322 2894//2322
f 2886//2371 2883//2368 2885//2370
f 2890//2375 2887//2372 2857//2342
f 2901//2384 2922//2384 2902//2385
f 2874//2359 2873//2358 2904//2386
f 2901//2388 2903//2309 2906//2309
f 2871//2356 2910//2391 2883//2368
f 2829//2314 2865//2350 2911//2392
f 2913//2394 2891//2376 2860//2345
f 2914//2395 2896//2379 2885//2370
f 2863//2348 2843//2328 2845//2330
f 2916//2397 2826//2311 2823//2308
f 2838//2323 2920//2401 2852//2337
f 2910//2391 2868//2353 2854//2339
f 2825//2310 2867//2352 2868//2353
f 2908//2389 2905//2387 2917//2398
f 2813//2298 2818//2303 2872//2357
f 2917//2398 2905//2387 2876//2361
f 2885//2370 2853//2338 2855//2340
f 2916//2397 2899//2382 2909//2390
f 2851//2336 2888//2373 2864//2349
f 2851//2336 2845//2330 2841//2326
f 2919//2400 2858//2343 2900//2383
f 2835//2320 2859//2344 2858//2343
f 2871//2356 2870//2355 2868//2353
f 2811//2296 2913//2394 2861//2346
f 2897//2380 2898//2381 2920//2401
f 2921//2402 2832//2317 2830//2315
f 2895//2403 2894//2404 2902//2404
f 2818//2303 2832//2317 2921//2402
f 2867//2352 2927//2411 2923//2405
f 2919//2400 2840//2325 2882//2367
f 2835//2320 2819//2304 2861//2346
f 2924//2406 2929//2407 2907//2407
f 2918//2399 2889//2374 2891//2376
f 2822//2307 2914//2395 2915//2396
f 2916//2397 2849//2334 2869//2354
f 2838//2323 2840//2325 2919//2400
f 2914//2395 2822//2307 2846//2331
f 2808//2293 2855//2340 2854//2339
f 2911//2392 2865//2350 2826//2311
f 2816//2301 2829//2314 2912//2393
f 2814//2299 2856//2341 2875//2360
f 2889//2374 2918//2399 2872//2357
f 2898//2381 2850//2335 2852//2337
f 2877//2362 2873//2358 2921//2402
f 2913//2394 2811//2296 2813//2298
f 2846//2331 2843//2328 2863//2348
f 2829//2314 2828//2313 2926//2410
f 2927//2411 2867//2352 2825//2310
f 2909//2390 2908//2389 2912//2393
f 2928//2412 2893//2413 2929//2413
f 2925//2409 2862//2347 2896//2379
f 2924//2833 2906//2833 2903//2833
f 2903//2833 2902//2833 2894//2833
f 2894//2833 2928//2833 2924//2833
f 2903//2833 2894//2833 2924//2833
f 2904//2386 2892//2377 2930//2414
f 2930//2414 2895//2403 2922//2403
f 2929//2407 2933//2417 2932//2416
f 2933//2417 2886//2371 2887//2372
f 2901//2384 2934//2418 2931//2415
f 2934//2418 2890//2375 2904//2386
f 2901//2388 2907//2388 2932//2416
f 2934//2418 2932//2416 2887//2372
f 2892//2377 2883//2368 2935//2419
f 2930//2414 2935//2419 2893//2378
f 2929//2413 2893//2413 2935//2419
f 2935//2419 2883//2368 2886//2371
f 2908//2389 2892//2377 2904//2386
f 2936//2420 3007//2491 2937//2421
f 2939//2423 2948//2432 2940//2424
f 2942//2426 2959//2443 2943//2427
f 2941//2425 2940//2424 2945//2429
f 2947//2431 2976//2460 2948//2432
f 2938//2422 2937//2421 2949//2433
f 2951//2435 2955//2439 2952//2436
f 2954//2438 2995//2479 2955//2439
f 2944//2428 2943//2427 2956//2440
f 2958//2442 2961//2445 2959//2443
f 2960//2444 2962//2446 2961//2445
f 2946//2430 2945//2429 2962//2446
f 2963//2447 3010//2494 2964//2448
f 2966//2450 2970//2454 2967//2451
f 2969//2453 3009//2493 2967//2451
f 2971//2455 2975//2459 2972//2456
f 2974//2458 3008//2492 2975//2459
f 2965//2449 2964//2448 2976//2460
f 2953//2437 2999//2483 2977//2461
f 2978//2462 3015//2499 2979//2463
f 2981//2465 3012//2496 2982//2466
f 2942//2426 2944//2428 2984//2468
f 2938//2422 3043//2523 2981//2465
f 2986//2470 2990//2474 2987//2471
f 2989//2473 3028//2510 2990//2474
f 2991//2475 3053//2535 2992//2476
f 2994//2478 3054//2536 2995//2479
f 2996//2480 3006//2490 2983//2467
f 2998//2482 2977//2461 2999//2483
f 3001//2485 3045//2525 3002//2486
f 3004//2488 3049//2529 2985//2469
f 3006//2490 3051//2532 3007//2491
f 2950//2434 2949//2433 3008//2492
f 2973//2457 2972//2456 3009//2493
f 2966//2450 2968//2452 3010//2494
f 3014//2498 2979//2463 3015//2499
f 3021//2505 3056//2448 3022//2448
f 3014//2498 3011//2495 3013//2497
f 3018//2502 3016//2500 2990//2474
f 3029//2511 3050//2511 3030//2512
f 3001//2485 3003//2487 3032//2513
f 3029//2515 3031//2436 3034//2436
f 3000//2484 3038//2518 3011//2495
f 3039//2519 2957//2441 2994//2478
f 3041//2521 3019//2503 3028//2510
f 3042//2522 3024//2506 3013//2497
f 2971//2455 2973//2457 2980//2464
f 3044//2524 2954//2438 2951//2435
f 2970//2454 3048//2528 2978//2462
f 3038//2518 2997//2481 2983//2467
f 2953//2437 2996//2480 2997//2481
f 3039//2519 3036//2516 3033//2514
f 2941//2425 2946//2430 3045//2525
f 2984//2468 3033//2514 3005//2489
f 3013//2497 3012//2496 2981//2465
f 3027//2509 3037//2517 3040//2520
f 2980//2464 2979//2463 2993//2477
f 2973//2457 2969//2453 2978//2462
f 3047//2527 2988//2472 2987//2471
f 2965//2449 2986//2470 2988//2472
f 3038//2518 3000//2484 2999//2483
f 2939//2423 3041//2521 2989//2473
f 3025//2507 3026//2508 3048//2528
f 2960//2444 2958//2442 3049//2529
f 3023//2530 3022//2531 3030//2531
f 3045//2525 2946//2430 2960//2444
f 2996//2480 3055//2537 3051//2532
f 3047//2527 2966//2450 2963//2447
f 2965//2449 2947//2431 2989//2473
f 3052//2533 3057//2534 3035//2534
f 3046//2526 3017//2501 3019//2503
f 2950//2434 3042//2522 3043//2523
f 3044//2524 2977//2461 2998//2482
f 3048//2528 2970//2454 2966//2450
f 2950//2434 2974//2458 3053//2535
f 2981//2465 2983//2467 3006//2490
f 2994//2478 2954//2438 3044//2524
f 2944//2428 2957//2441 3039//2519
f 2985//2469 3049//2529 2958//2442
f 3017//2501 3046//2526 3045//2525
f 3026//2508 3015//2499 2978//2462
f 3049//2529 3004//2488 3003//2487
f 2939//2423 2941//2425 3046//2526
f 3053//2535 2974//2458 2971//2455
f 2957//2441 2956//2440 3054//2536
f 3055//2537 2996//2480 2953//2437
f 3037//2517 3036//2516 3039//2519
f 3056//2538 3021//2539 3057//2539
f 3053//2535 2991//2475 3024//2506
f 3052//2833 3034//2833 3031//2833
f 3031//2833 3030//2833 3022//2833
f 3022//2833 3056//2833 3052//2833
f 3031//2833 3022//2833 3052//2833
f 3032//2513 3020//2504 3058//2540
f 3058//2540 3023//2530 3050//2530
f 3057//2534 3063//2545 3060//2542
f 3060//2542 3063//2545 3014//2498
f 3050//2511 3029//2511 3061//2543
f 3061//2543 3018//2502 3032//2513
f 3029//2515 3035//2515 3060//2542
f 3061//2543 3060//2542 3016//2500
f 3020//2504 3011//2495 3062//2544
f 3058//2540 3062//2544 3021//2505
f 3021//2539 3062//2544 3063//2545
f 3062//2544 3011//2495 3014//2498
f 3036//2516 3020//2504 3032//2513
f 3064//2546 3135//2617 3065//2547
f 3067//2549 3076//2558 3068//2550
f 3070//2552 3087//2569 3071//2553
f 3069//2551 3068//2550 3073//2555
f 3075//2557 3104//2586 3076//2558
f 3066//2548 3065//2547 3077//2559
f 3079//2561 3083//2565 3080//2562
f 3082//2564 3123//2605 3083//2565
f 3072//2554 3071//2553 3084//2566
f 3086//2568 3089//2571 3087//2569
f 3088//2570 3090//2572 3089//2571
f 3074//2556 3073//2555 3090//2572
f 3091//2573 3138//2620 3092//2574
f 3094//2576 3098//2580 3095//2577
f 3097//2579 3137//2619 3095//2577
f 3099//2581 3103//2585 3100//2582
f 3102//2584 3136//2618 3103//2585
f 3093//2575 3092//2574 3104//2586
f 3081//2563 3127//2609 3105//2587
f 3106//2588 3144//2626 3107//2589
f 3109//2591 3140//2622 3110//2592
f 3070//2552 3072//2554 3112//2594
f 3066//2548 3171//2649 3111//2593
f 3114//2596 3156//2636 3115//2597
f 3117//2599 3114//2596 3116//2598
f 3119//2601 3181//2661 3120//2602
f 3122//2604 3182//2662 3123//2605
f 3124//2606 3134//2616 3110//2592
f 3126//2608 3105//2587 3127//2609
f 3129//2611 3177//2655 3130//2612
f 3132//2614 3176//2654 3113//2595
f 3134//2616 3179//2658 3135//2617
f 3078//2560 3077//2559 3136//2618
f 3101//2583 3100//2582 3137//2619
f 3094//2576 3096//2578 3138//2620
f 3142//2624 3144//2626 3106//2588
f 3149//2631 3190//2631 3150//2574
f 3142//2624 3139//2621 3141//2623
f 3146//2628 3143//2625 3114//2596
f 3157//2637 3178//2637 3158//2638
f 3131//2613 3130//2612 3160//2639
f 3157//2641 3159//2562 3162//2562
f 3128//2610 3166//2644 3139//2621
f 3085//2567 3122//2604 3167//2645
f 3169//2647 3147//2629 3117//2599
f 3170//2648 3152//2632 3141//2623
f 3099//2581 3101//2583 3107//2589
f 3082//2564 3079//2561 3105//2587
f 3097//2579 3098//2580 3173//2651
f 3166//2644 3125//2607 3110//2592
f 3127//2609 3081//2563 3124//2606
f 3164//2642 3161//2640 3112//2594
f 3069//2551 3074//2556 3129//2611
f 3112//2594 3161//2640 3133//2615
f 3141//2623 3109//2591 3111//2593
f 3155//2635 3165//2643 3167//2645
f 3107//2589 3144//2626 3121//2603
f 3101//2583 3097//2579 3108//2590
f 3175//2653 3115//2597 3156//2636
f 3093//2575 3116//2598 3115//2597
f 3166//2644 3128//2610 3127//2609
f 3075//2557 3067//2549 3169//2647
f 3153//2633 3154//2634 3173//2651
f 3088//2570 3086//2568 3176//2654
f 3149//2656 3151//2657 3158//2657
f 3129//2611 3074//2556 3088//2570
f 3124//2606 3183//2663 3179//2658
f 3175//2653 3094//2576 3091//2573
f 3116//2598 3093//2575 3075//2557
f 3180//2659 3184//2660 3163//2660
f 3145//2627 3147//2629 3169//2647
f 3078//2560 3170//2648 3171//2649
f 3172//2650 3105//2587 3126//2608
f 3173//2651 3098//2580 3094//2576
f 3170//2648 3078//2560 3102//2584
f 3064//2546 3111//2593 3110//2592
f 3167//2645 3122//2604 3082//2564
f 3072//2554 3085//2567 3168//2646
f 3113//2595 3176//2654 3086//2568
f 3174//2652 3129//2611 3131//2613
f 3154//2634 3106//2588 3108//2590
f 3176//2654 3132//2614 3130//2612
f 3067//2549 3069//2551 3174//2652
f 3102//2584 3099//2581 3120//2602
f 3085//2567 3084//2566 3182//2662
f 3183//2663 3124//2606 3081//2563
f 3165//2643 3164//2642 3168//2646
f 3150//2664 3190//2665 3184//2665
f 3181//2661 3119//2601 3152//2632
f 3180//2833 3162//2833 3159//2833
f 3159//2833 3158//2833 3151//2833
f 3151//2833 3150//2833 3180//2833
f 3159//2833 3151//2833 3180//2833
f 3160//2639 3148//2630 3185//2666
f 3185//2666 3149//2656 3178//2656
f 3184//2660 3191//2671 3187//2668
f 3187//2668 3191//2671 3142//2624
f 3157//2637 3188//2669 3186//2667
f 3188//2669 3146//2628 3160//2639
f 3157//2641 3163//2641 3187//2668
f 3188//2669 3187//2668 3143//2625
f 3148//2630 3139//2621 3189//2670
f 3185//2666 3189//2670 3190//2631
f 3184//2665 3190//2665 3189//2670
f 3189//2670 3139//2621 3142//2624
f 3164//2642 3148//2630 3160//2639
f 3192//2672 3261//2741 3193//2673
f 3195//2675 3204//2684 3196//2676
f 3198//2678 3215//2695 3199//2679
f 3197//2677 3196//2676 3201//2681
f 3203//2683 3232//2712 3204//2684
f 3194//2674 3193//2673 3205//2685
f 3207//2687 3211//2691 3208//2688
f 3210//2690 3251//2731 3211//2691
f 3200//2680 3199//2679 3212//2692
f 3214//2694 3217//2697 3215//2695
f 3216//2696 3218//2698 3217//2697
f 3202//2682 3201//2681 3218//2698
f 3219//2699 3264//2744 3220//2700
f 3222//2702 3226//2706 3223//2703
f 3225//2705 3263//2743 3226//2706
f 3227//2707 3231//2711 3228//2708
f 3230//2710 3262//2742 3231//2711
f 3221//2701 3220//2700 3232//2712
f 3209//2689 3255//2735 3233//2713
f 3234//2714 3270//2750 3235//2715
f 3237//2717 3266//2746 3238//2718
f 3198//2678 3200//2680 3240//2720
f 3194//2674 3298//2774 3237//2717
f 3242//2722 3283//2761 3243//2723
f 3245//2725 3242//2722 3244//2724
f 3247//2727 3309//2787 3248//2728
f 3250//2730 3310//2788 3251//2731
f 3252//2732 3301//2777 3253//2733
f 3254//2734 3275//2755 3233//2713
f 3256//2736 3303//2779 3257//2737
f 3259//2739 3305//2781 3241//2721
f 3253//2733 3307//2784 3261//2741
f 3206//2686 3205//2685 3262//2742
f 3229//2709 3228//2708 3263//2743
f 3224//2704 3223//2703 3264//2744
f 3268//2748 3270//2750 3234//2714
f 3276//2756 3312//2700 3277//2700
f 3268//2748 3265//2745 3267//2747
f 3272//2752 3269//2749 3242//2722
f 3284//2762 3306//2762 3285//2763
f 3256//2736 3258//2738 3287//2764
f 3289//2766 3284//2766 3286//2688
f 3254//2734 3293//2769 3265//2745
f 3294//2770 3213//2693 3250//2730
f 3273//2753 3245//2725 3246//2726
f 3297//2773 3279//2757 3267//2747
f 3227//2707 3229//2709 3235//2715
f 3299//2775 3210//2690 3207//2687
f 3225//2705 3222//2702 3300//2776
f 3293//2769 3252//2732 3239//2719
f 3255//2735 3209//2689 3301//2777
f 3291//2767 3288//2765 3240//2720
f 3302//2778 3197//2677 3202//2682
f 3240//2720 3288//2765 3260//2740
f 3298//2774 3267//2747 3266//2746
f 3282//2760 3292//2768 3295//2771
f 3235//2715 3270//2750 3249//2729
f 3229//2709 3225//2705 3236//2716
f 3304//2780 3243//2723 3283//2761
f 3221//2701 3244//2724 3243//2723
f 3254//2734 3255//2735 3252//2732
f 3203//2683 3195//2675 3296//2772
f 3280//2758 3281//2759 3300//2776
f 3216//2696 3214//2694 3305//2781
f 3278//2782 3277//2783 3285//2783
f 3202//2682 3216//2696 3257//2737
f 3301//2777 3311//2789 3307//2784
f 3304//2780 3224//2704 3219//2699
f 3221//2701 3203//2683 3246//2726
f 3308//2785 3313//2786 3289//2786
f 3271//2751 3273//2753 3296//2772
f 3206//2686 3297//2773 3298//2774
f 3299//2775 3233//2713 3275//2755
f 3300//2776 3222//2702 3224//2704
f 3297//2773 3206//2686 3230//2710
f 3192//2672 3237//2717 3239//2719
f 3295//2771 3250//2730 3210//2690
f 3200//2680 3213//2693 3294//2770
f 3241//2721 3305//2781 3214//2694
f 3271//2751 3302//2778 3303//2779
f 3281//2759 3234//2714 3236//2716
f 3305//2781 3259//2739 3258//2738
f 3195//2675 3197//2677 3302//2778
f 3230//2710 3227//2707 3248//2728
f 3213//2693 3212//2692 3310//2788
f 3311//2789 3301//2777 3209//2689
f 3292//2768 3291//2767 3294//2770
f 3312//2790 3276//2791 3313//2791
f 3309//2787 3247//2727 3279//2757
f 3308//2833 3290//2833 3286//2833
f 3286//2833 3285//2833 3277//2833
f 3277//2833 3312//2833 3308//2833
f 3286//2833 3277//2833 3308//2833
f 3287//2764 3274//2754 3314//2792
f 3314//2792 3278//2782 3306//2782
f 3313//2786 3319//2797 3316//2794
f 3316//2794 3319//2797 3268//2748
f 3284//2762 3317//2795 3315//2793
f 3317//2795 3272//2752 3287//2764
f 3284//2766 3289//2766 3316//2794
f 3317//2795 3316//2794 3269//2749
f 3274//2754 3265//2745 3318//2796
f 3314//2792 3318//2796 3276//2756
f 3276//2791 3318//2796 3319//2797
f 3319//2797 3318//2796 3265//2745
f 3291//2767 3274//2754 3287//2764
f 3320//1793 3389//1792 3321//1797
f 3323//1858 3332//2798 3324//1859
f 3326//1823 3343//1827 3327//1824
f 3325//1788 3324//1859 3329//1789
f 3331//1849 3360//1906 3332//2798
f 3322//1798 3321//1797 3333//1814
f 3335//1815 3339//1862 3336//1816
f 3338//1820 3378//1819 3339//1862
f 3328//1825 3327//1824 3340//1861
f 3342//1826 3345//1860 3343//1827
f 3344//1802 3346//1801 3345//1860
f 3330//1790 3329//1789 3346//1801
f 3347//1803 3392//1807 3348//1804
f 3350//1847 3354//1905 3351//1848
f 3353//1809 3391//1808 3354//1905
f 3355//1794 3359//1811 3356//1795
f 3358//1810 3390//1813 3359//1811
f 3349//1805 3348//1804 3360//1906
f 3337//1817 3382//1841 3361//1840
f 3362//1885 3398//1883 3363//1836
f 3365//1869 3394//1871 3366//1890
f 3328//1825 3427//1831 3368//1845
f 3322//1798 3424//1853 3367//1894
f 3369//1852 3410//2800 3370//1873
f 3372//1887 3410//2800 3369//1852
f 3374//1856 3437//1897 3375//1837
f 3377//1818 3438//1822 3378//1819
f 3379//1843 3434//1799 3380//1791
f 3381//1879 3361//1840 3382//1841
f 3384//1865 3428//1838 3385//1891
f 3387//1844 3432//1904 3368//1845
f 3380//1791 3435//1800 3389//1792
f 3334//1812 3333//1814 3390//1813
f 3353//1809 3357//1796 3356//1795
f 3352//1806 3351//1848 3392//1807
f 3396//1882 3398//1883 3362//1885
f 3403//1884 3440//1804 3404//1804
f 3396//1882 3393//1870 3395//1855
f 3400//1863 3397//1872 3410//2800
f 3411//1908 3433//1908 3412//1907
f 3384//1865 3386//1875 3414//1866
f 3411//1874 3413//1816 3416//1816
f 3383//2799 3420//1842 3393//1870
f 3341//1821 3377//1818 3421//1893
f 3423//1835 3401//1834 3372//1887
f 3406//1854 3395//1855 3424//1853
f 3375//1837 3355//1794 3357//1796
f 3426//1895 3338//1820 3335//1815
f 3350//1847 3430//1889 3364//1888
f 3420//1842 3379//1843 3366//1890
f 3337//1817 3434//1799 3379//1843
f 3418//1830 3415//1868 3427//1831
f 3325//1788 3330//1790 3428//1838
f 3427//1831 3415//1868 3388//1846
f 3395//1855 3365//1869 3367//1894
f 3409//1876 3419//1877 3421//1893
f 3398//1883 3376//1857 3375//1837
f 3363//1836 3357//1796 3353//1809
f 3407//1878 3431//1892 3371//1829
f 3349//1805 3369//1852 3371//1829
f 3420//1842 3383//2799 3382//1841
f 3323//1858 3423//1835 3373//1850
f 3407//1878 3408//1886 3430//1889
f 3385//1891 3344//1802 3342//1826
f 3405//1902 3404//1901 3412//1903
f 3428//1838 3330//1790 3344//1802
f 3434//1799 3439//1828 3435//1800
f 3431//1892 3352//1806 3347//1803
f 3349//1805 3331//1849 3373//1850
f 3436//2801 3441//1898 3417//1898
f 3399//1864 3401//1834 3423//1835
f 3334//1812 3425//1896 3424//1853
f 3426//1895 3361//1840 3381//1879
f 3430//1889 3350//1847 3352//1806
f 3425//1896 3334//1812 3358//1810
f 3320//1793 3367//1894 3366//1890
f 3377//1818 3338//1820 3426//1895
f 3328//1825 3341//1821 3422//1832
f 3368//1845 3432//1904 3342//1826
f 3399//1864 3429//1833 3428//1838
f 3408//1886 3362//1885 3364//1888
f 3432//1904 3387//1844 3386//1875
f 3323//1858 3325//1788 3429//1833
f 3358//1810 3355//1794 3375//1837
f 3341//1821 3340//1861 3438//1822
f 3439//1828 3434//1799 3337//1817
f 3419//1877 3418//1830 3422//1832
f 3440//1881 3403//1880 3441//1880
f 3374//1856 3406//1854 3425//1896
f 3436//2833 3416//2833 3413//2833
f 3413//2833 3412//2833 3404//2833
f 3404//2833 3440//2833 3436//2833
f 3413//2833 3404//2833 3436//2833
f 3402//1867 3443//1911 3442//1912
f 3443//1911 3405//1902 3433//1902
f 3441//1898 3447//1909 3444//1910
f 3444//1910 3447//1909 3396//1882
f 3411//1908 3445//1914 3442//1912
f 3445//1914 3400//1863 3414//1866
f 3411//1874 3417//1874 3444//1910
f 3445//1914 3444//1910 3397//1872
f 3402//1867 3393//1870 3446//1913
f 3443//1911 3446//1913 3403//1884
f 3441//1880 3403//1880 3446//1913
f 3447//1909 3446//1913 3393//1870
f 3418//1830 3402//1867 3414//1866
f 3448//1925 3498//1920 3449//1919
f 3451//1986 3460//2027 3452//1987
f 3454//1950 3471//1954 3455//1951
f 3453//1915 3452//1987 3457//1916
f 3459//1976 3488//2032 3460//2027
f 3461//1939 3448//1925 3450//1924
f 3463//1942 3467//1990 3464//1943
f 3466//1947 3508//1946 3467//1990
f 3456//1952 3455//1951 3468//1989
f 3470//1953 3473//1988 3471//1954
f 3472//1929 3474//1928 3473//1988
f 3458//1917 3457//1916 3474//1928
f 3475//1930 3520//1934 3476//1931
f 3478//1933 3482//1974 3479//2802
f 3481//1936 3519//1935 3479//2802
f 3483//1921 3487//1938 3484//1922
f 3486//1940 3518//1937 3487//1938
f 3477//1932 3476//1931 3488//2032
f 3465//1944 3512//1968 3489//1967
f 3490//2012 3526//2010 3491//1963
f 3493//1997 3522//1999 3494//2017
f 3454//1950 3456//1952 3496//1958
f 3448//1925 3554//2020 3495//2021
f 3499//1980 3539//1978 3500//1956
f 3502//2014 3499//1980 3501//1979
f 3504//1984 3565//2024 3505//1964
f 3507//1945 3566//1949 3508//1946
f 3509//1970 3562//1926 3510//1918
f 3511//1966 3531//2006 3489//1967
f 3513//1965 3560//2018 3514//2002
f 3516//1971 3559//2030 3497//1972
f 3510//1918 3563//1927 3449//1919
f 3461//1939 3462//1941 3518//1937
f 3485//1923 3484//1922 3519//1935
f 3478//1933 3480//1975 3520//1934
f 3524//2009 3526//2010 3490//2012
f 3532//2011 3568//1931 3533//1931
f 3524//2009 3521//1998 3523//1981
f 3528//2803 3525//2000 3499//1980
f 3540//2034 3561//2034 3541//2033
f 3515//1993 3514//2002 3543//1994
f 3540//2001 3542//1943 3545//1943
f 3511//1966 3549//1969 3521//1998
f 3469//1948 3507//1945 3550//2023
f 3552//1962 3529//1961 3502//2014
f 3553//1982 3535//1983 3523//1981
f 3483//1921 3485//1923 3491//1963
f 3555//2022 3466//1947 3463//1942
f 3482//1974 3558//2804 3492//2016
f 3549//1969 3509//1970 3494//2017
f 3465//1944 3562//1926 3509//1970
f 3551//1959 3547//1957 3544//1996
f 3453//1915 3458//1917 3513//1965
f 3496//1958 3544//1996 3517//1973
f 3554//2020 3523//1981 3493//1997
f 3538//2003 3548//2004 3550//2023
f 3491//1963 3526//2010 3506//1985
f 3491//1963 3485//1923 3481//1936
f 3557//2019 3500//1956 3539//1978
f 3477//1932 3501//1979 3500//1956
f 3549//1969 3511//1966 3512//1968
f 3451//1986 3552//1962 3503//1977
f 3536//2005 3537//2013 3558//2804
f 3472//1929 3470//1953 3559//2030
f 3534//2029 3533//2028 3541//2028
f 3513//1965 3458//1917 3472//1929
f 3562//1926 3567//1955 3563//1927
f 3557//2019 3478//1933 3475//1930
f 3501//1979 3477//1932 3459//1976
f 3564//2026 3569//2025 3546//2025
f 3527//1992 3529//1961 3552//1962
f 3461//1939 3553//1982 3554//2020
f 3555//2022 3489//1967 3531//2006
f 3558//2804 3482//1974 3478//1933
f 3461//1939 3486//1940 3565//2024
f 3495//2021 3494//2017 3510//1918
f 3550//2023 3507//1945 3466//1947
f 3496//1958 3456//1952 3469//1948
f 3497//1972 3559//2030 3470//1953
f 3556//1960 3513//1965 3515//1993
f 3537//2013 3490//2012 3492//2016
f 3559//2030 3516//1971 3514//2002
f 3451//1986 3453//1915 3556//1960
f 3486//1940 3483//1921 3505//1964
f 3469//1948 3468//1989 3566//1949
f 3567//1955 3562//1926 3465//1944
f 3548//2004 3547//1957 3551//1959
f 3568//2008 3532//2007 3569//2007
f 3565//2024 3504//1984 3535//1983
f 3564//2833 3545//2833 3542//2833
f 3542//2833 3541//2833 3533//2833
f 3533//2833 3568//2833 3564//2833
f 3542//2833 3533//2833 3564//2833
f 3543//1994 3530//1995 3570//2037
f 3570//2037 3534//2029 3561//2029
f 3569//2025 3573//2036 3572//2035
f 3573//2036 3524//2009 3525//2000
f 3540//2034 3574//2039 3571//2040
f 3571//2040 3574//2039 3528//2803
f 3540//2001 3546//2001 3572//2035
f 3574//2039 3572//2035 3525//2000
f 3530//1995 3521//1998 3575//2038
f 3570//2037 3575//2038 3532//2011
f 3569//2007 3532//2007 3575//2038
f 3573//2036 3575//2038 3521//1998
f 3547//1957 3530//1995 3543//1994
f 3576//2046 3645//2045 3577//2050
f 3579//2103 3588//2153 3580//2111
f 3582//2076 3599//2080 3583//2077
f 3581//2041 3580//2111 3585//2042
f 3587//2145 3616//2158 3588//2153
f 3578//2051 3577//2050 3589//2067
f 3591//2068 3595//2114 3592//2069
f 3594//2073 3635//2072 3595//2114
f 3584//2078 3583//2077 3596//2113
f 3598//2079 3601//2112 3599//2080
f 3600//2055 3602//2054 3601//2112
f 3586//2043 3585//2042 3602//2054
f 3603//2056 3648//2060 3604//2057
f 3606//2100 3610//2157 3607//2101
f 3609//2062 3647//2061 3610//2157
f 3611//2047 3615//2805 3612//2048
f 3614//2063 3646//2066 3615//2805
f 3605//2058 3604//2057 3616//2158
f 3593//2070 3639//2094 3617//2806
f 3618//2140 3653//2136 3619//2134
f 3621//2121 3650//2123 3622//2141
f 3582//2076 3584//2078 3624//2086
f 3578//2051 3682//2146 3623//2147
f 3626//2082 3667//2809 3627//2104
f 3629//2138 3667//2809 3626//2082
f 3631//2109 3693//2150 3632//2091
f 3634//2071 3694//2075 3635//2072
f 3636//2096 3684//2081 3637//2044
f 3638//2808 3659//2130 3617//2806
f 3640//2143 3689//2142 3641//2126
f 3643//2097 3688//2156 3625//2098
f 3637//2044 3691//2053 3645//2045
f 3614//2063 3590//2065 3589//2067
f 3613//2049 3612//2048 3647//2061
f 3608//2059 3607//2101 3648//2060
f 3652//2133 3619//2134 3653//2136
f 3660//2135 3696//2057 3661//2057
f 3652//2133 3649//2122 3651//2106
f 3656//2115 3654//2124 3667//2809
f 3668//2160 3690//2160 3669//2159
f 3642//2117 3641//2126 3671//2118
f 3668//2125 3670//2069 3673//2069
f 3638//2808 3677//2095 3649//2122
f 3597//2074 3634//2071 3678//2149
f 3657//2116 3629//2138 3630//2102
f 3681//2107 3663//2108 3651//2106
f 3632//2091 3611//2047 3613//2049
f 3594//2073 3591//2068 3617//2806
f 3606//2100 3687//2139 3618//2140
f 3636//2096 3622//2141 3650//2123
f 3639//2094 3593//2070 3684//2081
f 3675//2119 3672//2085 3624//2086
f 3581//2041 3586//2043 3640//2143
f 3624//2086 3672//2085 3644//2099
f 3651//2106 3621//2121 3623//2147
f 3666//2127 3676//2128 3678//2149
f 3620//2090 3619//2134 3633//2110
f 3620//2090 3613//2049 3609//2062
f 3686//2144 3628//2807 3627//2104
f 3605//2058 3626//2082 3628//2807
f 3677//2095 3638//2808 3639//2094
f 3579//2103 3680//2088 3630//2102
f 3664//2129 3665//2137 3687//2139
f 3600//2055 3598//2079 3688//2156
f 3662//2155 3661//2154 3669//2154
f 3586//2043 3600//2055 3689//2142
f 3684//2081 3695//2052 3691//2053
f 3686//2144 3608//2059 3603//2056
f 3605//2058 3587//2145 3630//2102
f 3692//2152 3697//2151 3674//2151
f 3655//2087 3657//2116 3680//2088
f 3578//2051 3590//2065 3681//2107
f 3683//2148 3617//2806 3659//2130
f 3687//2139 3606//2100 3608//2059
f 3590//2065 3614//2063 3693//2150
f 3576//2046 3623//2147 3622//2141
f 3634//2071 3594//2073 3683//2148
f 3584//2078 3597//2074 3679//2084
f 3625//2098 3688//2156 3598//2079
f 3655//2087 3685//2089 3640//2143
f 3665//2137 3653//2136 3618//2140
f 3688//2156 3643//2097 3641//2126
f 3680//2088 3579//2103 3581//2041
f 3614//2063 3611//2047 3632//2091
f 3597//2074 3596//2113 3694//2075
f 3695//2052 3684//2081 3593//2070
f 3676//2128 3675//2119 3679//2084
f 3696//2132 3660//2131 3697//2131
f 3693//2150 3631//2109 3663//2108
f 3692//2833 3673//2833 3670//2833
f 3670//2833 3669//2833 3661//2833
f 3661//2833 3696//2833 3692//2833
f 3670//2833 3661//2833 3692//2833
f 3671//2118 3658//2120 3698//2163
f 3698//2163 3662//2155 3690//2155
f 3697//2151 3701//2162 3700//2161
f 3701//2162 3652//2133 3654//2124
f 3690//2160 3668//2160 3702//2165
f 3702//2165 3656//2115 3671//2118
f 3668//2125 3674//2125 3700//2161
f 3702//2165 3700//2161 3654//2124
f 3658//2120 3649//2122 3703//2164
f 3698//2163 3703//2164 3660//2135
f 3660//2131 3703//2164 3701//2162
f 3703//2164 3649//2122 3652//2133
f 3675//2119 3658//2120 3671//2118
f 3704//2170 3774//2172 3705//2176
f 3707//2236 3716//2279 3708//2237
f 3710//2202 3727//2206 3711//2203
f 3709//2167 3708//2237 3713//2168
f 3715//2227 3744//2284 3716//2279
f 3706//2177 3705//2176 3717//2193
f 3719//2194 3723//2240 3720//2195
f 3722//2199 3762//2198 3723//2240
f 3712//2204 3711//2203 3724//2239
f 3726//2205 3729//2238 3727//2206
f 3728//2181 3730//2180 3729//2238
f 3714//2169 3713//2168 3730//2180
f 3731//2182 3777//2186 3732//2183
f 3734//2225 3738//2283 3735//2226
f 3737//2188 3776//2187 3738//2283
f 3739//2173 3743//2190 3740//2174
f 3742//2189 3775//2192 3743//2190
f 3733//2184 3732//2183 3744//2284
f 3721//2196 3766//2219 3745//2218
f 3746//2263 3783//2261 3747//2271
f 3749//2272 3779//2247 3750//2249
f 3710//2202 3712//2204 3752//2210
f 3706//2177 3811//2273 3749//2272
f 3754//2229 3795//2251 3755//2208
f 3757//2810 3796//2265 3754//2229
f 3758//2234 3822//2276 3759//2215
f 3761//2197 3823//2201 3762//2198
f 3763//2178 3773//2179 3751//2268
f 3765//2257 3745//2218 3766//2219
f 3768//2243 3813//2216 3769//2269
f 3771//2222 3817//2282 3753//2223
f 3773//2179 3820//2171 3774//2172
f 3718//2191 3717//2193 3775//2192
f 3741//2175 3740//2174 3776//2187
f 3736//2185 3735//2226 3777//2186
f 3781//2260 3783//2261 3746//2263
f 3788//2262 3824//2183 3789//2183
f 3781//2260 3778//2248 3780//2231
f 3785//2241 3782//2250 3754//2229
f 3797//2286 3818//2286 3798//2285
f 3768//2243 3770//2253 3800//2244
f 3797//2252 3799//2195 3802//2195
f 3767//2217 3806//2220 3778//2248
f 3807//2211 3725//2200 3761//2197
f 3809//2214 3786//2812 3796//2265
f 3810//2232 3791//2233 3780//2231
f 3739//2173 3741//2175 3747//2271
f 3812//2274 3722//2199 3719//2194
f 3734//2225 3816//2267 3748//2266
f 3806//2220 3764//2811 3751//2268
f 3766//2219 3721//2196 3763//2178
f 3807//2211 3804//2209 3801//2246
f 3709//2167 3714//2169 3813//2216
f 3752//2210 3801//2246 3772//2224
f 3811//2273 3780//2231 3779//2247
f 3794//2254 3805//2255 3808//2275
f 3747//2271 3783//2261 3760//2235
f 3741//2175 3737//2188 3748//2266
f 3815//2270 3755//2208 3795//2251
f 3733//2184 3756//2230 3755//2208
f 3806//2220 3767//2217 3766//2219
f 3707//2236 3809//2214 3757//2810
f 3792//2256 3793//2264 3816//2267
f 3728//2181 3726//2205 3817//2282
f 3790//2281 3789//2280 3798//2280
f 3714//2169 3728//2181 3769//2269
f 3773//2179 3763//2178 3819//2207
f 3815//2270 3736//2185 3731//2182
f 3733//2184 3715//2227 3757//2810
f 3821//2278 3825//2277 3803//2277
f 3814//2212 3784//2242 3786//2812
f 3706//2177 3718//2191 3810//2232
f 3812//2274 3745//2218 3765//2257
f 3816//2267 3734//2225 3736//2185
f 3718//2191 3742//2189 3822//2276
f 3749//2272 3751//2268 3773//2179
f 3808//2275 3761//2197 3722//2199
f 3752//2210 3712//2204 3725//2200
f 3753//2223 3817//2282 3726//2205
f 3814//2212 3813//2216 3768//2243
f 3793//2264 3746//2263 3748//2266
f 3817//2282 3771//2222 3770//2253
f 3707//2236 3709//2167 3814//2212
f 3742//2189 3739//2173 3759//2215
f 3725//2200 3724//2239 3823//2201
f 3819//2207 3763//2178 3721//2196
f 3805//2255 3804//2209 3807//2211
f 3824//2259 3788//2258 3825//2258
f 3822//2276 3758//2234 3791//2233
f 3821//2833 3802//2833 3799//2833
f 3799//2833 3798//2833 3789//2833
f 3789//2833 3824//2833 3821//2833
f 3799//2833 3789//2833 3821//2833
f 3800//2244 3787//2245 3826//2289
f 3826//2289 3790//2281 3818//2281
f 3825//2277 3829//2287 3828//2288
f 3829//2287 3781//2260 3782//2250
f 3797//2286 3830//2291 3827//2292
f 3830//2291 3785//2241 3800//2244
f 3797//2252 3803//2252 3828//2288
f 3830//2291 3828//2288 3782//2250
f 3787//2245 3778//2248 3831//2290
f 3826//2289 3831//2290 3788//2262
f 3825//2258 3788//2258 3831//2290
f 3831//2290 3778//2248 3781//2260
f 3804//2209 3787//2245 3800//2244
f 3832//2298 3904//2297 3833//2302
f 3835//2363 3844//2813 3836//2364
f 3838//2328 3855//2332 3839//2329
f 3837//2293 3836//2364 3841//2294
f 3843//2352 3872//2411 3844//2813
f 3834//2303 3833//2302 3845//2319
f 3847//2367 3851//2321 3848//2322
f 3850//2325 3892//2324 3851//2321
f 3840//2330 3839//2329 3852//2366
f 3854//2331 3857//2365 3855//2332
f 3856//2307 3858//2306 3857//2365
f 3842//2295 3841//2294 3858//2306
f 3859//2308 3907//2312 3860//2309
f 3862//2350 3866//2410 3863//2351
f 3865//2314 3906//2313 3866//2410
f 3867//2299 3871//2316 3868//2300
f 3870//2814 3905//2318 3871//2316
f 3861//2310 3860//2309 3872//2411
f 3849//2320 3896//2344 3873//2343
f 3874//2389 3913//2387 3875//2398
f 3877//2374 3909//2376 3878//2815
f 3838//2328 3840//2330 3880//2336
f 3832//2298 3834//2303 3882//2357
f 3883//2816 3925//2354 3884//2334
f 3886//2391 3883//2816 3885//2355
f 3888//2362 3950//2360 3889//2341
f 3891//2323 3951//2327 3892//2324
f 3893//2304 3903//2296 3878//2815
f 3895//2383 3873//2343 3896//2344
f 3898//2370 3943//2396 3899//2395
f 3901//2347 3945//2409 3881//2348
f 3903//2296 3948//2305 3904//2297
f 3846//2317 3845//2319 3905//2318
f 3869//2301 3868//2300 3906//2313
f 3864//2311 3863//2351 3907//2312
f 3911//2386 3913//2387 3874//2389
f 3918//2388 3952//2309 3919//2309
f 3911//2386 3908//2375 3910//2359
f 3915//2368 3912//2818 3883//2816
f 3926//2413 3946//2413 3927//2412
f 3898//2370 3900//2379 3929//2371
f 3926//2378 3928//2322 3931//2322
f 3897//2817 3935//2345 3908//2375
f 3853//2326 3891//2323 3936//2401
f 3938//2339 3916//2369 3886//2391
f 3939//2402 3921//2358 3910//2359
f 3889//2341 3867//2299 3869//2301
f 3940//2400 3850//2325 3847//2367
f 3865//2314 3862//2350 3941//2392
f 3935//2345 3894//2346 3878//2815
f 3849//2320 3893//2304 3894//2346
f 3937//2337 3933//2335 3930//2373
f 3942//2340 3837//2293 3842//2295
f 3880//2336 3930//2373 3902//2349
f 3910//2359 3877//2374 3879//2399
f 3924//2380 3934//2381 3936//2401
f 3875//2398 3913//2387 3890//2361
f 3875//2398 3869//2301 3865//2314
f 3944//2397 3884//2334 3925//2354
f 3859//2308 3861//2310 3885//2355
f 3935//2345 3897//2817 3896//2344
f 3835//2363 3938//2339 3887//2353
f 3922//2382 3923//2390 3941//2392
f 3899//2395 3856//2307 3854//2331
f 3920//2407 3919//2406 3927//2406
f 3943//2396 3842//2295 3856//2307
f 3903//2296 3893//2304 3947//2333
f 3944//2397 3864//2311 3859//2308
f 3885//2355 3861//2310 3843//2352
f 3949//2404 3953//2403 3932//2403
f 3914//2338 3916//2369 3938//2339
f 3846//2317 3939//2402 3882//2357
f 3940//2400 3873//2343 3895//2383
f 3862//2350 3864//2311 3944//2397
f 3846//2317 3870//2814 3950//2360
f 3879//2399 3878//2815 3903//2296
f 3891//2323 3850//2325 3940//2400
f 3840//2330 3853//2326 3937//2337
f 3838//2328 3881//2348 3945//2409
f 3942//2340 3943//2396 3898//2370
f 3923//2390 3874//2389 3876//2393
f 3901//2347 3900//2379 3899//2395
f 3835//2363 3837//2293 3942//2340
f 3870//2814 3867//2299 3889//2341
f 3853//2326 3852//2366 3951//2327
f 3947//2333 3893//2304 3849//2320
f 3934//2381 3933//2335 3937//2337
f 3952//2385 3918//2384 3953//2384
f 3950//2360 3888//2362 3921//2358
f 3919//2833 3952//2833 3949//2833
f 3949//2833 3931//2833 3928//2833
f 3928//2833 3927//2833 3919//2833
f 3949//2833 3928//2833 3919//2833
f 3929//2371 3917//2819 3954//2416
f 3954//2416 3920//2407 3946//2407
f 3953//2403 3959//2415 3956//2414
f 3956//2414 3959//2415 3911//2386
f 3926//2413 3957//2419 3955//2417
f 3957//2419 3915//2368 3929//2371
f 3926//2378 3932//2378 3956//2414
f 3957//2419 3956//2414 3912//2818
f 3917//2819 3908//2375 3958//2418
f 3954//2416 3958//2418 3918//2388
f 3918//2384 3958//2418 3959//2415
f 3958//2418 3908//2375 3911//2386
f 3933//2335 3917//2819 3929//2371
f 3960//2425 4031//2424 3961//2429
f 3963//2490 3972//2532 3964//2491
f 3966//2455 3983//2459 3967//2456
f 3965//2420 3964//2491 3969//2421
f 3971//2480 4000//2537 3972//2532
f 3962//2430 3961//2429 3973//2446
f 3975//2447 3979//2494 3976//2448
f 3978//2450 4020//2452 3979//2494
f 3968//2457 3967//2456 3980//2493
f 3982//2458 3985//2492 3983//2459
f 3984//2434 3986//2433 3985//2492
f 3970//2422 3969//2421 3986//2433
f 3987//2435 4034//2439 3988//2436
f 3990//2478 3994//2821 3991//2479
f 3993//2441 4033//2440 3994//2821
f 3995//2426 3999//2443 3996//2427
f 3998//2442 4032//2445 3999//2443
f 3989//2437 3988//2436 4000//2537
f 3975//2447 3977//2449 4001//2470
f 4003//2516 4040//2514 4004//2468
f 4006//2526 4036//2501 4007//2503
f 3966//2455 3968//2457 4009//2464
f 3962//2430 4066//2525 4006//2526
f 4011//2484 4052//2482 4012//2461
f 4014//2518 4011//2484 4013//2483
f 4016//2488 4077//2529 4017//2469
f 4019//2454 4078//2823 4020//2452
f 4021//2431 4030//2423 4008//2521
f 4023//2471 4002//2472 4001//2470
f 4025//2497 4069//2523 4026//2522
f 4028//2475 4073//2535 4010//2476
f 4030//2423 4075//2432 4031//2424
f 3974//2444 3973//2446 4032//2445
f 3997//2428 3996//2427 4033//2440
f 3992//2438 3991//2479 4034//2439
f 4038//2513 4040//2514 4003//2516
f 4045//2515 4080//2436 4046//2436
f 4038//2513 4035//2502 4037//2485
f 4042//2495 4039//2504 4011//2484
f 4053//2539 4074//2539 4054//2538
f 4025//2497 4027//2506 4056//2498
f 4058//2505 4053//2505 4055//2448
f 4024//2474 4062//2510 4035//2502
f 3981//2453 4019//2454 4063//2528
f 4043//2466 4014//2518 4015//2481
f 4048//2487 4037//2485 4066//2525
f 3995//2426 3997//2428 4004//2468
f 4068//2527 3978//2450 3975//2447
f 3990//2478 4072//2822 4005//2519
f 4062//2510 4022//2473 4008//2521
f 3977//2449 4021//2431 4022//2473
f 4064//2462 4060//2499 4057//2463
f 3965//2420 3970//2422 4069//2523
f 4009//2464 4057//2463 4029//2477
f 4037//2485 4036//2501 4006//2526
f 4051//2507 4061//2508 4063//2528
f 4004//2468 4040//2514 4018//2489
f 4004//2468 3997//2428 3993//2441
f 4071//2524 4012//2461 4052//2482
f 3987//2435 3989//2437 4013//2483
f 4062//2510 4024//2474 4001//2470
f 3963//2490 4065//2467 4015//2481
f 4049//2509 4050//2517 4072//2822
f 3984//2434 3982//2458 4073//2535
f 4047//2534 4046//2533 4054//2533
f 4069//2523 3970//2422 3984//2434
f 4021//2431 4079//2460 4075//2432
f 4071//2524 3992//2438 3987//2435
f 3989//2437 3971//2480 4015//2481
f 4076//2531 4081//2530 4058//2530
f 4041//2496 4043//2466 4065//2467
f 3974//2444 4067//2486 4066//2525
f 4068//2527 4002//2472 4023//2471
f 4072//2822 3990//2478 3992//2438
f 3974//2444 3998//2442 4077//2529
f 4006//2526 4008//2521 4030//2423
f 4063//2528 4019//2454 3978//2450
f 3968//2457 3981//2453 4064//2462
f 4010//2476 4073//2535 3982//2458
f 4070//2465 4069//2523 4025//2497
f 4050//2517 4003//2516 4005//2519
f 4073//2535 4028//2475 4027//2506
f 3963//2490 3965//2420 4070//2465
f 3998//2442 3995//2426 4017//2469
f 3981//2453 3980//2493 4078//2823
f 4079//2460 4021//2431 3977//2449
f 4061//2508 4060//2499 4064//2462
f 4080//2512 4045//2511 4081//2511
f 4016//2488 4048//2487 4067//2486
f 4076//2833 4059//2833 4055//2833
f 4055//2833 4054//2833 4046//2833
f 4046//2833 4080//2833 4076//2833
f 4055//2833 4046//2833 4076//2833
f 4056//2498 4044//2500 4082//2542
f 4082//2542 4047//2534 4074//2534
f 4081//2530 4085//2541 4084//2540
f 4085//2541 4038//2513 4039//2504
f 4053//2539 4086//2544 4083//2545
f 4083//2545 4086//2544 4042//2495
f 4053//2505 4058//2505 4084//2540
f 4086//2544 4084//2540 4039//2504
f 4044//2500 4035//2502 4087//2543
f 4082//2542 4087//2543 4045//2515
f 4081//2511 4045//2511 4087//2543
f 4087//2543 4035//2502 4038//2513
f 4060//2499 4044//2500 4056//2498
f 4088//2551 4158//2550 4089//2555
f 4091//2616 4100//2658 4092//2617
f 4094//2581 4111//2585 4095//2582
f 4093//2546 4092//2617 4097//2547
f 4099//2606 4128//2663 4100//2658
f 4090//2556 4089//2555 4101//2572
f 4103//2573 4107//2620 4104//2574
f 4106//2576 4147//2578 4107//2620
f 4108//2579 4096//2583 4095//2582
f 4110//2584 4113//2618 4111//2585
f 4112//2560 4114//2559 4113//2618
f 4098//2548 4097//2547 4114//2559
f 4115//2561 4161//2565 4116//2562
f 4118//2604 4122//2662 4119//2605
f 4121//2567 4160//2566 4122//2662
f 4123//2552 4127//2569 4124//2553
f 4126//2568 4159//2571 4127//2569
f 4117//2563 4116//2562 4128//2663
f 4105//2575 4151//2598 4129//2597
f 4130//2646 4166//2642 4131//2640
f 4133//2627 4163//2629 4134//2647
f 4094//2581 4096//2583 4136//2825
f 4090//2556 4194//2611 4135//2652
f 4138//2826 4179//2608 4139//2587
f 4141//2644 4138//2826 4140//2609
f 4143//2614 4205//2654 4144//2595
f 4146//2580 4206//2577 4147//2578
f 4148//2600 4197//2557 4149//2549
f 4150//2636 4129//2597 4151//2598
f 4153//2623 4198//2649 4154//2648
f 4156//2601 4201//2661 4137//2602
f 4149//2549 4203//2558 4158//2550
f 4102//2570 4101//2572 4159//2571
f 4125//2554 4124//2553 4160//2566
f 4120//2564 4119//2605 4161//2565
f 4165//2639 4131//2640 4166//2642
f 4172//2641 4215//2641 4173//2562
f 4165//2639 4162//2628 4164//2613
f 4169//2621 4167//2630 4138//2826
f 4180//2665 4202//2665 4181//2664
f 4153//2623 4155//2632 4183//2624
f 4180//2631 4182//2574 4185//2574
f 4152//2596 4189//2599 4162//2628
f 4190//2590 4108//2579 4146//2580
f 4192//2592 4170//2622 4141//2644
f 4193//2655 4175//2612 4164//2613
f 4144//2595 4123//2552 4125//2554
f 4106//2576 4103//2573 4129//2597
f 4121//2567 4118//2604 4196//2828
f 4148//2600 4134//2647 4163//2629
f 4151//2598 4105//2575 4197//2557
f 4187//2588 4184//2626 4136//2825
f 4093//2546 4098//2548 4198//2649
f 4184//2626 4157//2603 4137//2602
f 4164//2613 4133//2627 4135//2652
f 4178//2633 4188//2634 4191//2827
f 4132//2824 4131//2640 4145//2615
f 4132//2824 4125//2554 4121//2567
f 4200//2650 4139//2587 4179//2608
f 4117//2563 4140//2609 4139//2587
f 4189//2599 4152//2596 4151//2598
f 4099//2606 4091//2616 4192//2592
f 4176//2635 4177//2643 4196//2828
f 4112//2560 4110//2584 4201//2661
f 4172//2660 4174//2659 4181//2659
f 4198//2649 4098//2548 4112//2560
f 4197//2557 4207//2586 4203//2558
f 4200//2650 4120//2564 4115//2561
f 4140//2609 4117//2563 4099//2606
f 4185//2657 4208//2657 4204//2656
f 4168//2591 4170//2622 4192//2592
f 4090//2556 4102//2570 4193//2655
f 4195//2653 4129//2597 4150//2636
f 4196//2828 4118//2604 4120//2564
f 4102//2570 4126//2568 4205//2654
f 4135//2652 4134//2647 4149//2549
f 4146//2580 4106//2576 4195//2653
f 4096//2583 4108//2579 4190//2590
f 4137//2602 4201//2661 4110//2584
f 4199//2829 4198//2649 4153//2623
f 4177//2643 4166//2642 4130//2646
f 4201//2661 4156//2601 4155//2632
f 4091//2616 4093//2546 4199//2829
f 4126//2568 4123//2552 4144//2595
f 4108//2579 4109//2619 4206//2577
f 4207//2586 4197//2557 4105//2575
f 4188//2634 4187//2588 4190//2590
f 4173//2638 4215//2637 4204//2637
f 4205//2654 4143//2614 4175//2612
f 4208//2833 4185//2833 4182//2833
f 4182//2833 4181//2833 4174//2833
f 4174//2833 4173//2833 4208//2833
f 4182//2833 4174//2833 4208//2833
f 4183//2624 4171//2625 4209//2668
f 4209//2668 4172//2660 4202//2660
f 4204//2656 4212//2667 4211//2666
f 4212//2667 4165//2639 4167//2630
f 4180//2665 4213//2670 4210//2671
f 4213//2670 4169//2621 4183//2624
f 4180//2631 4186//2631 4211//2666
f 4213//2670 4211//2666 4167//2630
f 4171//2625 4162//2628 4214//2669
f 4209//2668 4214//2669 4215//2641
f 4215//2637 4214//2669 4212//2667
f 4212//2667 4214//2669 4162//2628
f 4187//2588 4171//2625 4183//2624
f 4216//2677 4285//2676 4217//2681
f 4219//2733 4228//2784 4220//2741
f 4222//2707 4239//2711 4223//2708
f 4221//2672 4220//2741 4225//2673
f 4227//2777 4256//2789 4228//2784
f 4218//2682 4217//2681 4229//2698
f 4231//2699 4235//2744 4232//2700
f 4234//2704 4274//2832 4235//2744
f 4236//2705 4224//2709 4223//2708
f 4238//2710 4241//2742 4239//2711
f 4240//2686 4242//2685 4241//2742
f 4226//2674 4225//2673 4242//2685
f 4243//2687 4288//2691 4244//2688
f 4246//2730 4250//2788 4247//2830
f 4249//2693 4287//2692 4250//2788
f 4251//2678 4255//2695 4252//2679
f 4254//2694 4286//2697 4255//2695
f 4245//2689 4244//2688 4256//2789
f 4233//2701 4278//2724 4257//2723
f 4258//2767 4294//2765 4259//2720
f 4261//2778 4290//2751 4262//2753
f 4224//2709 4324//2715 4264//2728
f 4218//2682 4321//2779 4261//2778
f 4265//2734 4306//2755 4266//2713
f 4268//2769 4265//2734 4267//2735
f 4270//2739 4333//2781 4271//2721
f 4273//2702 4334//2706 4274//2832
f 4275//2726 4323//2683 4276//2675
f 4277//2761 4257//2723 4278//2724
f 4280//2747 4326//2774 4281//2773
f 4283//2727 4329//2787 4264//2728
f 4276//2675 4331//2684 4285//2676
f 4230//2696 4229//2698 4286//2697
f 4253//2680 4252//2679 4287//2692
f 4248//2690 4247//2830 4288//2691
f 4292//2764 4294//2765 4258//2767
f 4299//2766 4336//2688 4300//2688
f 4292//2764 4289//2752 4291//2736
f 4296//2745 4293//2754 4265//2734
f 4307//2791 4330//2791 4308//2790
f 4280//2747 4282//2757 4310//2748
f 4307//2756 4309//2700 4312//2700
f 4279//2722 4316//2725 4289//2752
f 4317//2716 4236//2705 4273//2702
f 4319//2719 4297//2718 4268//2769
f 4320//2737 4302//2738 4291//2736
f 4251//2678 4253//2680 4259//2720
f 4322//2780 4234//2704 4231//2699
f 4246//2730 4328//2771 4260//2770
f 4316//2725 4275//2726 4263//2772
f 4278//2724 4233//2701 4323//2683
f 4314//2714 4311//2750 4324//2715
f 4325//2717 4221//2672 4226//2674
f 4324//2715 4311//2750 4284//2729
f 4321//2779 4291//2736 4290//2751
f 4305//2758 4315//2759 4318//2776
f 4259//2720 4294//2765 4272//2740
f 4253//2680 4249//2693 4260//2770
f 4327//2775 4266//2713 4306//2755
f 4245//2689 4267//2735 4266//2713
f 4279//2722 4278//2724 4275//2726
f 4227//2777 4219//2733 4319//2719
f 4303//2760 4304//2768 4328//2771
f 4240//2686 4238//2710 4329//2787
f 4301//2786 4300//2785 4308//2785
f 4326//2774 4226//2674 4240//2686
f 4323//2683 4335//2712 4331//2684
f 4327//2775 4248//2690 4243//2687
f 4245//2689 4227//2777 4269//2831
f 4312//2783 4337//2783 4332//2782
f 4295//2746 4297//2718 4319//2719
f 4230//2696 4320//2737 4321//2779
f 4322//2780 4257//2723 4277//2761
f 4328//2771 4246//2730 4248//2690
f 4230//2696 4254//2694 4333//2781
f 4261//2778 4263//2772 4276//2675
f 4318//2776 4273//2702 4234//2704
f 4324//2715 4224//2709 4236//2705
f 4264//2728 4329//2787 4238//2710
f 4325//2717 4326//2774 4280//2747
f 4304//2768 4258//2767 4260//2770
f 4329//2787 4283//2727 4282//2757
f 4219//2733 4221//2672 4325//2717
f 4254//2694 4251//2678 4271//2721
f 4236//2705 4237//2743 4334//2706
f 4335//2712 4323//2683 4233//2701
f 4315//2759 4314//2714 4317//2716
f 4336//2763 4299//2762 4332//2762
f 4333//2781 4270//2739 4302//2738
f 4337//2833 4312//2833 4309//2833
f 4309//2833 4308//2833 4300//2833
f 4300//2833 4336//2833 4337//2833
f 4309//2833 4300//2833 4337//2833
f 4310//2748 4298//2749 4338//2794
f 4338//2794 4301//2786 4330//2786
f 4332//2782 4343//2793 4340//2792
f 4340//2792 4343//2793 4292//2764
f 4307//2791 4341//2796 4339//2797
f 4339//2797 4341//2796 4296//2745
f 4307//2756 4313//2756 4340//2792
f 4341//2796 4340//2792 4293//2754
f 4298//2749 4289//2752 4342//2795
f 4338//2794 4342//2795 4299//2766
f 4299//2762 4342//2795 4343//2793
f 4343//2793 4342//2795 4289//2752
f 4314//2714 4298//2749 4310//2748
# Vertices: 2248, normals: 1145, texture coordinates: 0, faces: 3848

o obj3
v -0.01446814 0.01606849 0.00739954
v -0.0174928 0.01270926 0.00637195
v -0.0174928 0.01270926 0.00739954
v 0.01975295 0.00879458 0.00739954
v 0.0174928 0.01270926 0.00637195
v 0.0174928 0.01270926 0.00739954
v -0.01975295 0.00879458 0.00637195
v -0.01975295 0.00879458 0.00739954
v -0.00668166 0.02056402 0.00739954
v -0.01081114 0.01872545 0.00637195
v -0.01081114 0.01872545 0.00739954
v -0.01446814 -0.01606849 0.00739954
v -0.01081114 -0.01872545 0.00637195
v -0.01081114 -0.01872545 0.00739954
v 0.01446814 -0.01606849 0.00739954
v 0.0174928 -0.01270926 0.00637195
v 0.0174928 -0.01270926 0.00739954
v -0.02114979 0.00449553 0.00637195
v -0.02114979 0.00449553 0.00739954
v 0.01975295 -0.00879458 0.00739954
v 0.02114979 -0.00449553 0.00637195
v 0.02114979 -0.00449553 0.00739954
v 0.01081114 -0.01872545 0.00739954
v 0.01446814 -0.01606849 0.00637195
v -0.01446814 0.01606849 0.00637195
v 0.00226014 0.02150384 0.00739954
v -0.00226014 0.02150384 0.00637195
v -0.00226014 0.02150384 0.00739954
v 0.01446814 0.01606849 0.00739954
v 0.01446814 0.01606849 0.00637195
v 0.02162229 -0 0.00739954
v 0.02114979 0.00449553 0.00637195
v 0.02114979 0.00449553 0.00739954
v 0.01081114 0.01872545 0.00637195
v 0.01081114 0.01872545 0.00739954
v -0.0174928 -0.01270926 0.00637195
v -0.01446814 -0.01606849 0.00637195
v -0.00226014 -0.02150384 0.00739954
v 0.00226014 -0.02150384 0.00637195
v 0.00226014 -0.02150384 0.00739954
v 0.01975295 -0.00879458 0.00637195
v -0.02162229 0 0.00637195
v -0.02162229 0 0.00739954
v -0.02114979 -0.00449553 0.00637195
v -0.02114979 -0.00449553 0.00739954
v -0.01975295 -0.00879458 0.00637195
v -0.01975295 -0.00879458 0.00739954
v -0.0174928 -0.01270926 0.00739954
v 0.01975295 0.00879458 0.00637195
v 0.00668166 0.02056402 0.00739954
v 0.00226014 0.02150384 0.00637195
v 0.00668166 -0.02056402 0.00739954
v 0.01081114 -0.01872545 0.00637195
v 0.02162229 -0 0.00637195
v 0.00668166 0.02056402 0.00637195
v -0.00668166 -0.02056402 0.00637195
v -0.00668166 -0.02056402 0.00739954
v 0.00668166 -0.02056402 0.00637195
v -0.00226014 -0.02150384 0.00637195
v -0.00668166 0.02056402 0.00637195
vn -0.66914 0.74314 0
vn -0.809 0.5878 0
vn 0.91355 0.40672 0
vn 0.809 0.5878 0
vn -0.91355 0.40672 0
vn -0.30899 0.95107 0
vn -0.50001 0.86602 0
vn -0.66914 -0.74314 0
vn -0.50001 -0.86602 0
vn 0.66914 -0.74314 0
vn 0.809 -0.5878 0
vn -0.97815 0.20791 0
vn 0.91355 -0.40672 0
vn 0.97815 -0.20791 0
vn 0.50001 -0.86602 0
vn 0.1045 0.99452 0
vn -0.1045 0.99452 0
vn 0.66914 0.74314 0
vn 1 -0 0
vn 0.97815 0.20791 0
vn 0.50001 0.86602 0
vn -0.809 -0.5878 0
vn -0.1045 -0.99452 0
vn 0.1045 -0.99452 0
vn -1 0 0
vn -0.97815 -0.20791 0
vn -0.91355 -0.40672 0
vn 0.30899 0.95107 0
vn 0.30899 -0.95107 0
vn -0.30899 -0.95107 0
vn 0 0 1
usemtl mat2
f 4345//2834 4346//2835 4347//2835
f 4348//2836 4349//2837 4350//2837
f 4347//2835 4351//2838 4352//2838
f 4353//2839 4354//2840 4355//2840
f 4356//2841 4357//2842 4358//2842
f 4359//2843 4360//2844 4361//2844
f 4352//2838 4362//2845 4363//2845
f 4364//2846 4365//2847 4366//2847
f 4367//2848 4368//2843 4359//2843
f 4355//2840 4369//2834 4345//2834
f 4370//2849 4371//2850 4372//2850
f 4373//2851 4349//2837 4374//2851
f 4375//2852 4376//2853 4377//2853
f 4373//2851 4378//2854 4379//2854
f 4356//2841 4380//2855 4381//2841
f 4382//2856 4383//2857 4384//2857
f 4361//2844 4385//2846 4364//2846
f 4363//2845 4386//2858 4387//2858
f 4387//2858 4388//2859 4389//2859
f 4389//2859 4390//2860 4391//2860
f 4391//2860 4380//2855 4392//2855
f 4377//2853 4393//2836 4348//2836
f 4394//2861 4395//2849 4370//2849
f 4396//2862 4397//2848 4367//2848
f 4366//2847 4398//2852 4375//2852
f 4379//2854 4399//2861 4394//2861
f 4358//2842 4400//2863 4401//2863
f 4396//2862 4383//2857 4402//2862
f 4401//2863 4403//2856 4382//2856
f 4353//2839 4371//2850 4404//2839
f 4345//2834 4369//2834 4346//2835
f 4348//2836 4393//2836 4349//2837
f 4347//2835 4346//2835 4351//2838
f 4353//2839 4404//2839 4354//2840
f 4356//2841 4381//2841 4357//2842
f 4359//2843 4368//2843 4360//2844
f 4352//2838 4351//2838 4362//2845
f 4364//2846 4385//2846 4365//2847
f 4367//2848 4397//2848 4368//2843
f 4355//2840 4354//2840 4369//2834
f 4370//2849 4395//2849 4371//2850
f 4373//2851 4350//2837 4349//2837
f 4375//2852 4398//2852 4376//2853
f 4373//2851 4374//2851 4378//2854
f 4356//2841 4392//2855 4380//2855
f 4382//2856 4403//2856 4383//2857
f 4361//2844 4360//2844 4385//2846
f 4363//2845 4362//2845 4386//2858
f 4387//2858 4386//2858 4388//2859
f 4389//2859 4388//2859 4390//2860
f 4391//2860 4390//2860 4380//2855
f 4377//2853 4376//2853 4393//2836
f 4394//2861 4399//2861 4395//2849
f 4396//2862 4402//2862 4397//2848
f 4366//2847 4365//2847 4398//2852
f 4379//2854 4378//2854 4399//2861
f 4358//2842 4357//2842 4400//2863
f 4396//2862 4384//2857 4383//2857
f 4401//2863 4400//2863 4403//2856
f 4353//2839 4372//2850 4371//2850
f 4369//2864 4346//2864 4351//2864
f 4351//2864 4362//2864 4386//2864
f 4386//2864 4388//2864 4390//2864
f 4390//2864 4380//2864 4381//2864
f 4381//2864 4357//2864 4400//2864
f 4400//2864 4403//2864 4383//2864
f 4383//2864 4402//2864 4397//2864
f 4397//2864 4368//2864 4360//2864
f 4360//2864 4385//2864 4365//2864
f 4365//2864 4398//2864 4376//2864
f 4376//2864 4393//2864 4349//2864
f 4349//2864 4374//2864 4378//2864
f 4378//2864 4399//2864 4395//2864
f 4395//2864 4371//2864 4404//2864
f 4404//2864 4354//2864 4369//2864
f 4369//2864 4351//2864 4386//2864
f 4386//2864 4390//2864 4381//2864
f 4381//2864 4400//2864 4383//2864
f 4383//2864 4397//2864 4360//2864
f 4360//2864 4365//2864 4376//2864
f 4376//2864 4349//2864 4378//2864
f 4378//2864 4395//2864 4404//2864
f 4404//2864 4369//2864 4386//2864
f 4386//2864 4381//2864 4383//2864
f 4383//2864 4360//2864 4376//2864
f 4376//2864 4378//2864 4404//2864
f 4404//2864 4386//2864 4383//2864
f 4383//2864 4376//2864 4404//2864
# Vertices: 60, normals: 31, texture coordinates: 0, faces: 88

o obj4
v 0.01696278 0.00828078 0.00511342
v 0.01744596 0.00841925 0.00686274
v 0.01744596 0.00841925 0.00511342
v 0.01902232 0.00469 0.00511342
v 0.01858632 0.00443992 0.00686274
v 0.01858632 0.00443992 0.00511342
v 0.01665521 0.00460135 0.00511342
v 0.01626678 0.00492034 0.00686274
v 0.01626678 0.00492034 0.00511342
v 0.01810315 0.00430146 0.00686274
v 0.01810315 0.00430146 0.00511342
v 0.01938581 0.00503715 0.00511342
v 0.01902232 0.00469 0.00686274
v 0.01794823 0.00843806 0.00686274
v 0.01794823 0.00843806 0.00511342
v 0.01573293 0.00678321 0.00511342
v 0.01589345 0.00725951 0.00686274
v 0.01589345 0.00725951 0.00511342
v 0.01569106 0.00628233 0.00511342
v 0.01573293 0.00678321 0.00686274
v 0.01596597 0.00532302 0.00686274
v 0.01596597 0.00532302 0.00511342
v 0.01710869 0.00438459 0.00511342
v 0.01665521 0.00460135 0.00686274
v 0.01760087 0.00428265 0.00511342
v 0.01710869 0.00438459 0.00686274
v 0.01760087 0.00428265 0.00686274
v 0.01981617 0.0059375 0.00511342
v 0.01965565 0.0054612 0.00686274
v 0.01965565 0.0054612 0.00511342
v 0.01977882 0.00693472 0.00511342
v 0.01985804 0.00643838 0.00686274
v 0.01985804 0.00643838 0.00511342
v 0.01958313 0.00739769 0.00511342
v 0.01977882 0.00693472 0.00686274
v 0.0188939 0.00811935 0.00511342
v 0.01928232 0.00780036 0.00686274
v 0.01928232 0.00780036 0.00511342
v 0.01844041 0.00833612 0.00511342
v 0.0188939 0.00811935 0.00686274
v 0.01938581 0.00503715 0.00686274
v 0.01578384 0.00677266 0.00499223
v 0.01937643 0.00727913 0.00491905
v 0.01924473 0.00776446 0.00499223
v 0.01953804 0.00737182 0.00499223
v 0.01705556 0.0080613 0.00491905
v 0.01655789 0.00798906 0.00499223
v 0.01698302 0.0082329 0.00499223
v 0.01630437 0.00495624 0.00499223
v 0.01668312 0.00464521 0.00499223
v 0.01960875 0.00548361 0.00499223
v 0.01958284 0.00598582 0.00491905
v 0.01976527 0.00594804 0.00499223
v 0.01920166 0.00518837 0.00491905
v 0.01934563 0.00507014 0.00499223
v 0.01836432 0.00811031 0.00491905
v 0.01886599 0.00807549 0.00499223
v 0.01876597 0.00791832 0.00491905
v 0.01577028 0.00578598 0.00511342
v 0.01569106 0.00628233 0.00686274
v 0.01620347 0.00765057 0.00499223
v 0.01652678 0.00803071 0.00511342
v 0.01596626 0.00673488 0.00491905
v 0.01594036 0.00723709 0.00499223
v 0.01610844 0.00715675 0.00491905
v 0.01806559 0.00453676 0.00491905
v 0.0176052 0.00433445 0.00499223
v 0.01762072 0.0045201 0.00491905
v 0.01718479 0.00461039 0.00491905
v 0.01678313 0.00480238 0.00491905
v 0.01696278 0.00828078 0.00686274
v 0.01844041 0.00833612 0.00686274
v 0.01958313 0.00739769 0.00686274
v 0.01981617 0.0059375 0.00686274
v 0.01698564 0.00751026 0.00491905
v 0.01666938 0.00783981 0.00491905
v 0.01748351 0.00818394 0.00491905
v 0.01837596 0.00761852 0.00491905
v 0.01916486 0.00646861 0.00491905
v 0.01911001 0.00763579 0.00491905
v 0.01849355 0.0046594 0.00491905
v 0.01856346 0.00521044 0.00491905
v 0.01887972 0.0048809 0.00491905
v 0.01638424 0.0062521 0.00491905
v 0.01673903 0.00627972 0.00517044
v 0.01718696 0.00721683 0.0058909
v 0.01673903 0.00627972 0.0058909
v 0.01792838 0.0082006 0.00491905
v 0.01961993 0.00642946 0.00491905
v 0.01954976 0.00686908 0.00491905
v 0.01592918 0.00629124 0.00491905
v 0.01944067 0.00556396 0.00491905
v 0.01836214 0.00550387 0.00517044
v 0.01732662 0.00542324 0.0058909
v 0.01836214 0.00550387 0.0058909
v 0.01717315 0.00510219 0.00491905
v 0.0164391 0.00508491 0.00491905
v 0.01881008 0.00644098 0.0058909
v 0.01881008 0.00644098 0.00517044
v 0.01617267 0.00544157 0.00491905
v 0.01599934 0.00585162 0.00491905
v 0.01634744 0.00753233 0.00491905
v 0.01601106 0.00534888 0.00499223
v 0.01582025 0.0058003 0.00499223
v 0.01899121 0.00473165 0.00499223
v 0.01745415 0.00836791 0.00499223
v 0.0179439 0.00838625 0.00499223
v 0.01574301 0.00628427 0.00499223
v 0.0161633 0.00768356 0.00511342
v 0.01809496 0.00435279 0.00499223
v 0.01856608 0.00448781 0.00499223
v 0.01972885 0.0069204 0.00499223
v 0.01980609 0.00643643 0.00499223
v 0.0171253 0.00443385 0.00499223
v 0.01732662 0.00542324 0.00517044
v 0.01652678 0.00803071 0.00686274
v 0.01822249 0.00729746 0.0058909
v 0.01842381 0.00828685 0.00499223
v 0.01577028 0.00578598 0.00686274
v 0.0161633 0.00768356 0.00686274
v 0.01822249 0.00729746 0.00517044
v 0.01661675 0.0062702 0.00499268
v 0.01727372 0.00531258 0.00499268
v 0.01893235 0.0064505 0.00499268
v 0.01827538 0.00740812 0.00499268
v 0.01843154 0.00540274 0.00499268
v 0.01711757 0.00731797 0.00499268
v 0.01718696 0.00721683 0.00517044
v -0.01757988 0.01102751 0.00511342
v -0.01713078 0.01125322 0.00686274
v -0.01713078 0.01125322 0.00511342
v -0.01488991 0.00788117 0.00511342
v -0.01527195 0.00755455 0.00686274
v -0.01527195 0.00755455 0.00511342
v -0.01719949 0.0073549 0.00511342
v -0.01764036 0.00759629 0.00686274
v -0.01764036 0.00759629 0.00511342
v -0.01572105 0.00732884 0.00686274
v -0.01572105 0.00732884 0.00511342
v -0.01459714 0.00828973 0.00511342
v -0.01488991 0.00788117 0.00686274
v -0.01664072 0.01136489 0.00686274
v -0.01664072 0.01136489 0.00511342
v -0.01851054 0.00932777 0.00511342
v -0.01844118 0.00982558 0.00686274
v -0.01844118 0.00982558 0.00511342
v -0.01845875 0.00882782 0.00511342
v -0.01851054 0.00932777 0.00686274
v -0.01801065 0.00793617 0.00686274
v -0.01801065 0.00793617 0.00511342
v -0.01671366 0.00722603 0.00511342
v -0.01719949 0.0073549 0.00686274
v -0.01621112 0.00721718 0.00511342
v -0.01671366 0.00722603 0.00686274
v -0.01621112 0.00721718 0.00686274
v -0.01434129 0.00925429 0.00511342
v -0.01441066 0.00875648 0.00686274
v -0.01441066 0.00875648 0.00511342
v -0.014563 0.01022727 0.00511342
v -0.01439308 0.00975425 0.00686274
v -0.01439308 0.00975425 0.00511342
v -0.01484119 0.01064589 0.00511342
v -0.014563 0.01022727 0.00686274
v -0.01565235 0.01122716 0.00511342
v -0.01521148 0.01098577 0.00686274
v -0.01521148 0.01098577 0.00511342
v -0.01613817 0.01135603 0.00511342
v -0.01565235 0.01122716 0.00686274
v -0.01459714 0.00828973 0.00686274
v -0.01845857 0.00932685 0.00499223
v -0.0150223 0.01049105 0.00491905
v -0.01524176 0.01094352 0.00499223
v -0.0148807 0.01061211 0.00499223
v -0.017448 0.01082906 0.00491905
v -0.01792362 0.01066574 0.00499223
v -0.01755111 0.01098422 0.00499223
v -0.01761007 0.00763854 0.00499223
v -0.0171802 0.00740318 0.00499223
v -0.01711321 0.01120429 0.00499223
v -0.01464097 0.00881757 0.00491905
v -0.01439327 0.00925521 0.00499223
v -0.01446091 0.0087698 0.00499223
v -0.01480615 0.00840416 0.00491905
v -0.01464274 0.00831469 0.00499223
v -0.01617106 0.01112003 0.00491905
v -0.01567164 0.01117889 0.00499223
v -0.01574075 0.01100589 0.00491905
v -0.01828884 0.00835479 0.00511342
v -0.01845875 0.00882782 0.00686274
v -0.01820909 0.01026737 0.00499223
v -0.01796192 0.01070089 0.00511342
v -0.0182723 0.00932357 0.00491905
v -0.01839093 0.00981226 0.00499223
v -0.01821086 0.00976449 0.00491905
v -0.0158016 0.00755309 0.00491905
v -0.01621647 0.00726888 0.00499223
v -0.01623566 0.00745419 0.00491905
v -0.01668078 0.00746203 0.00491905
v -0.01711108 0.00757617 0.00491905
v -0.01757988 0.01102751 0.00686274
v -0.01613817 0.01135603 0.00686274
v -0.01484119 0.01064589 0.00686274
v -0.01434129 0.00925429 0.00686274
v -0.01741447 0.01027462 0.00491905
v -0.01778637 0.01053976 0.00491905
v -0.01705023 0.01102897 0.00491905
v -0.01606838 0.01063893 0.00491905
v -0.01507983 0.00965534 0.00491905
v -0.01535027 0.01079209 0.00491905
v -0.01540383 0.007753 0.00491905
v -0.01543737 0.00830745 0.00491905
v -0.01506546 0.0080423 0.00491905
v -0.017772 0.00892672 0.00491905
v -0.0174285 0.00901968 0.00517044
v -0.01716221 0.01002363 0.0058909
v -0.0174285 0.00901968 0.0058909
v -0.01661617 0.01112787 0.00491905
v -0.0146254 0.00970131 0.00491905
v -0.0147759 0.01012028 0.00491905
v -0.01822643 0.00888076 0.00491905
v -0.01457953 0.00925849 0.00491905
v -0.01568963 0.00855844 0.00517044
v -0.01669222 0.00828709 0.0058909
v -0.01568963 0.00855844 0.0058909
v -0.01678346 0.00794313 0.00491905
v -0.01750156 0.00778997 0.00491905
v -0.01542333 0.00956238 0.0058909
v -0.01542333 0.00956238 0.00517044
v -0.01782953 0.00809101 0.00491905
v -0.01807593 0.00846179 0.00491905
v -0.01804569 0.0101779 0.00491905
v -0.01824238 0.00837813 0.00499223
v -0.01797113 0.00796995 0.00499223
v -0.01492821 0.00791632 0.00499223
v -0.01663536 0.01131318 0.00499223
v -0.01840807 0.00883937 0.00499223
v -0.01825469 0.01029233 0.00511342
v -0.01573862 0.00737777 0.00499223
v -0.01530072 0.00759784 0.00499223
v -0.01444376 0.00974269 0.00499223
v -0.01460945 0.01020393 0.00499223
v -0.01670649 0.00727752 0.00499223
v -0.01669222 0.00828709 0.00517044
v -0.01796192 0.01070089 0.00686274
v -0.01615962 0.01029498 0.0058909
v -0.01614535 0.01130454 0.00499223
v -0.01828884 0.00835479 0.00686274
v -0.01825469 0.01029233 0.00686274
v -0.01615962 0.01029498 0.00517044
v -0.01754689 0.00898764 0.00499268
v -0.01672367 0.00816854 0.00499268
v -0.01612817 0.01041353 0.00499268
v -0.01530494 0.00959442 0.00499268
v -0.01560267 0.00847193 0.00499268
v -0.01724916 0.01011014 0.00499268
v -0.01716221 0.01002363 0.00517044
v -0.00057963 -0.01682935 0.00511342
v -7.958E-05 -0.01677857 0.00686274
v -7.958E-05 -0.01677857 0.00511342
v 0.00081198 -0.02072792 0.00511342
v 0.00033861 -0.02089689 0.00686274
v 0.00033861 -0.02089689 0.00511342
v -0.00153346 -0.02039629 0.00511342
v -0.00185931 -0.0200136 0.00686274
v -0.00185931 -0.0200136 0.00511342
v -0.00016144 -0.02094767 0.00686274
v -0.00016144 -0.02094767 0.00511342
v 0.00123116 -0.02045058 0.00511342
v 0.00081198 -0.02072792 0.00686274
v 0.0004181 -0.01684894 0.00686274
v 0.0004181 -0.01684894 0.00511342
v -0.00205508 -0.01808566 0.00511342
v -0.00181281 -0.01764528 0.00686274
v -0.00181281 -0.01764528 0.00511342
v -0.00218493 -0.01857122 0.00511342
v -0.00205508 -0.01808566 0.00686274
v -0.00208411 -0.01956404 0.00686274
v -0.00208411 -0.01956404 0.00511342
v -0.00112549 -0.02068987 0.00511342
v -0.00153346 -0.02039629 0.00686274
v -0.00065912 -0.0208773 0.00511342
v -0.00112549 -0.02068987 0.00686274
v -0.00065912 -0.0208773 0.00686274
v 0.00181406 -0.01964059 0.00511342
v 0.00157179 -0.02008097 0.00686274
v 0.00157179 -0.02008097 0.00511342
v 0.00195377 -0.01865249 0.00511342
v 0.0019439 -0.01915502 0.00686274
v 0.0019439 -0.01915502 0.00511342
v 0.00184309 -0.0181622 0.00511342
v 0.00195377 -0.01865249 0.00686274
v 0.00129244 -0.01732996 0.00511342
v 0.00161829 -0.01771265 0.00686274
v 0.00161829 -0.01771265 0.00511342
v 0.00088447 -0.01703637 0.00511342
v 0.00129244 -0.01732996 0.00686274
v 0.00123116 -0.02045058 0.00686274
v -0.00200685 -0.01810504 0.00499223
v 0.00161867 -0.01824231 0.00491905
v 0.00157493 -0.01774133 0.00499223
v 0.00179413 -0.01817968 0.00499223
v -0.00052716 -0.01706178 0.00491905
v -0.00102975 -0.01704482 0.00499223
v -0.00056819 -0.01688006 0.00499223
v -0.00149823 -0.02035806 0.00499223
v -8.06E-05 -0.01683055 0.00499223
v 0.00152959 -0.0200506 0.00499223
v 0.00159297 -0.01955173 0.00491905
v 0.00176582 -0.0196212 0.00499223
v 0.00107669 -0.02026915 0.00491905
v 0.00119746 -0.02041099 0.00499223
v 0.00076962 -0.01724514 0.00491905
v 0.00125721 -0.01736819 0.00499223
v 0.00113096 -0.01750518 0.00491905
v -0.00219479 -0.01907376 0.00511342
v -0.00218493 -0.01857122 0.00686274
v -0.00143848 -0.01731525 0.00499223
v -0.00105301 -0.01699832 0.00511342
v -0.0016194 -0.01778446 0.00491905
v -0.00177061 -0.01767564 0.00499223
v -0.00016042 -0.02089569 0.00499223
v -0.00059756 -0.02064711 0.00491905
v -0.00015677 -0.02070944 0.00491905
v -0.00101064 -0.0204811 0.00491905
v -0.00137198 -0.02022107 0.00491905
v -0.00057963 -0.01682935 0.00686274
v 0.00088447 -0.01703637 0.00686274
v 0.00184309 -0.0181622 0.00686274
v 0.00181406 -0.01964059 0.00686274
v -0.00069348 -0.01759175 0.00491905
v -0.00094644 -0.01721145 0.00491905
v -8.426E-05 -0.01701681 0.00491905
v 0.00069404 -0.01773123 0.00491905
v 0.00126701 -0.0190026 0.00491905
v 0.00141957 -0.01784413 0.00491905
v 0.00028614 -0.02066446 0.00491905
v 0.00045246 -0.02013449 0.00491905
v 0.00070541 -0.0205148 0.00491905
v -0.00150803 -0.01872364 0.00491905
v -0.00183399 -0.01817451 0.00491905
v -0.00115396 -0.01875924 0.00517044
v -0.00054727 -0.01791618 0.0058909
v -0.00115396 -0.01875924 0.0058909
v 0.00035654 -0.01707914 0.00491905
v 0.00170797 -0.01912166 0.00491905
v 0.00171671 -0.01867656 0.00491905
v -0.00194899 -0.01860458 0.00491905
v 0.00137838 -0.01994178 0.00491905
v 0.00030625 -0.01981006 0.00517044
v -0.00072721 -0.01970617 0.0058909
v 0.00030625 -0.01981006 0.0058909
v -0.00093507 -0.01999501 0.00491905
v -0.00166059 -0.01988211 0.00491905
v 0.00091294 -0.01896701 0.0058909
v 0.00091294 -0.01896701 0.00517044
v -0.0018597 -0.01948394 0.00491905
v -0.00195773 -0.01904968 0.00491905
v -0.00131771 -0.0174571 0.00491905
v -0.00214308 -0.0190685 0.00499223
v -0.00203516 -0.01954657 0.00499223
v 0.00078873 -0.02068142 0.00499223
v 0.00040467 -0.01689917 0.00499223
v -0.00213345 -0.0185785 0.00499223
v 0.00190205 -0.01865774 0.00499223
v -0.00147219 -0.01727567 0.00511342
v -0.00181596 -0.01998491 0.00499223
v 0.00032716 -0.02084618 0.00499223
v 0.00189243 -0.01914774 0.00499223
v -0.00110043 -0.02064433 0.00499223
v -0.00064569 -0.02082708 0.00499223
v -0.00072721 -0.01970617 0.00517044
v -0.00105301 -0.01699832 0.00686274
v 0.00048618 -0.01802007 0.0058909
v 0.00085941 -0.01708191 0.00499223
v -0.00219479 -0.01907376 0.00686274
v -0.00147219 -0.01727567 0.00686274
v 0.00048618 -0.01802007 0.00517044
v -0.001276 -0.01874697 0.00499268
v -0.00079885 -0.01980573 0.00499268
v 0.00103497 -0.01897928 0.00499268
v 0.00055783 -0.01792052 0.00499268
v 0.00035665 -0.01992189 0.00499268
v -0.00059767 -0.01780436 0.00499268
v -0.00054727 -0.01791618 0.00517044
v 0.01836214 0.00550387 0.0058909
v 0.01732662 0.00542324 0.0058909
v 0.01673903 0.00627972 0.0058909
v 0.01718695 0.00721683 0.0058909
v 0.01822249 0.00729746 0.0058909
v 0.01881007 0.00644098 0.0058909
v -0.01568962 0.00855844 0.0058909
v -0.01716221 0.01002362 0.0058909
v -0.01615962 0.01029497 0.0058909
v -0.01542333 0.00956238 0.0058909
v 0.00048619 -0.01802007 0.0058909
v 0.00091294 -0.01896701 0.0058909
vn -0.38161 0.90282 -0.1982
vn -0.1576 0.9875 0
vn -0.1545 0.96791 -0.1982
vn 0.58662 -0.78523 -0.19821
vn 0.3893 -0.92111 0
vn 0.38161 -0.90282 -0.1982
vn -0.52621 -0.82691 -0.1983
vn -0.72317 -0.69067 0
vn -0.7088 -0.677 -0.1982
vn 0.1576 -0.9875 0
vn 0.1545 -0.96791 -0.1982
vn 0.75746 -0.62207 -0.19819
vn 0.59846 -0.80115 0
vn 0.0833 0.99652 0
vn 0.0816 0.97674 -0.19831
vn -0.95979 0.1988 -0.1982
vn -0.90221 0.4313 0
vn -0.88432 0.42271 -0.19821
vn -0.97948 -0.0367 -0.1982
vn -0.97922 0.2028 0
vn -0.86745 -0.49753 0
vn -0.85021 -0.48771 -0.1982
vn -0.31301 -0.92882 -0.1983
vn -0.53688 -0.84366 0
vn -0.0817 -0.97675 -0.19821
vn -0.31941 -0.94762 0
vn -0.0833 -0.99652 0
vn 0.95979 -0.1988 -0.1982
vn 0.90221 -0.4313 0
vn 0.88432 -0.42271 -0.19821
vn 0.94224 0.27001 -0.19821
vn 0.9993 0.0374 0
vn 0.97948 0.0367 -0.1982
vn 0.85021 0.48771 -0.1982
vn 0.9613 0.2755 0
vn 0.52622 0.82693 -0.19821
vn 0.72317 0.69067 0
vn 0.7088 0.677 -0.1982
vn 0.31301 0.92882 -0.1983
vn 0.53688 0.84366 0
vn 0.77282 -0.63462 0
vn -0.69601 0.1442 -0.70341
vn 0.17331 0.0994 -0.97984
vn 0.51401 0.49091 -0.70342
vn 0.61654 0.35362 -0.70344
vn -0.0778 0.18401 -0.97984
vn -0.42541 0.56941 -0.70342
vn -0.2767 0.65471 -0.70341
vn -0.51401 -0.49091 -0.70342
vn -0.38159 -0.59958 -0.70348
vn 0.64131 -0.3065 -0.70341
vn 0.19561 -0.0405 -0.97985
vn 0.69601 -0.1442 -0.70341
vn 0.15441 -0.1268 -0.97984
vn 0.5493 -0.4511 -0.7034
vn 0.0638 0.18931 -0.97984
vn 0.38162 0.59963 -0.70343
vn 0.1073 0.1686 -0.97983
vn -0.94224 -0.27001 -0.19821
vn -0.9993 -0.0374 0
vn -0.5493 0.4511 -0.7034
vn -0.58661 0.78522 -0.1983
vn -0.19561 0.0405 -0.97985
vn -0.64131 0.3065 -0.70341
vn -0.1803 0.0862 -0.97983
vn 0.0315 -0.19731 -0.97984
vn -0.0592 -0.70831 -0.70341
vn -0.0166 -0.19911 -0.97984
vn -0.0638 -0.18931 -0.97984
vn -0.1073 -0.1686 -0.97983
vn -0.3893 0.92111 0
vn 0.31941 0.94762 0
vn 0.86745 0.49753 0
vn 0.97922 -0.2028 0
vn 0.0578 -0.0842 -0.99477
vn -0.1196 0.1601 -0.97983
vn -0.0315 0.19731 -0.97984
vn -0.044 -0.0921 -0.99478
vn -0.1018 -0.0079 -0.99477
vn 0.1445 0.138 -0.97983
vn 0.0778 -0.18401 -0.97984
vn -0.0578 0.0842 -0.99477
vn 0.1196 -0.1601 -0.97983
vn 0.1018 0.0079 -0.99477
vn 0.86393 -0.41292 -0.28831
vn 0.0166 0.19911 -0.97984
vn 0.19971 0.0075 -0.97983
vn 0.19211 0.055 -0.97983
vn -0.19971 -0.0075 -0.97983
vn 0.1803 -0.0862 -0.97983
vn -0.0743 0.95465 -0.28831
vn -0.0776 0.99698 0
vn 0.044 0.0921 -0.99478
vn -0.1445 -0.138 -0.97983
vn -0.86393 0.41292 -0.28831
vn -0.17331 -0.0994 -0.97984
vn -0.19211 -0.055 -0.97983
vn -0.15441 0.1268 -0.97984
vn -0.61654 -0.35362 -0.70344
vn -0.6833 -0.1958 -0.7034
vn 0.42541 -0.56941 -0.70342
vn -0.112 0.70191 -0.70341
vn 0.0592 0.70831 -0.70341
vn -0.7103 -0.0266 -0.7034
vn -0.7575 0.622 -0.1983
vn 0.112 -0.70191 -0.70341
vn 0.2767 -0.65471 -0.70341
vn 0.6833 0.1958 -0.7034
vn 0.7103 0.0266 -0.7034
vn -0.22701 -0.67353 -0.70343
vn 0.78959 0.54169 -0.2883
vn 0.82461 0.56571 0
vn -0.59846 0.80115 0
vn -0.82461 -0.56571 0
vn -0.78959 -0.54169 -0.2883
vn 0.227 0.67349 -0.70348
vn -0.9613 -0.2755 0
vn -0.77282 0.63462 0
vn 0.0776 -0.99698 0
vn 0.0743 -0.95465 -0.28831
vn 0.51452 0.0401 -0.85654
vn 0.22261 0.46562 -0.85653
vn -0.51452 -0.0401 -0.85654
vn -0.22261 -0.46562 -0.85653
vn -0.292 0.4256 -0.8565
vn 0.292 -0.4256 -0.8565
vn -0.54252 0.81633 -0.19821
vn -0.3381 0.94111 0
vn -0.33141 0.92243 -0.19821
vn 0.72209 -0.66279 -0.1982
vn 0.55348 -0.83286 0
vn 0.54252 -0.81633 -0.19821
vn -0.36369 -0.91017 -0.19829
vn -0.58251 -0.81282 0
vn -0.57092 -0.79672 -0.19821
vn 0.3381 -0.94111 0
vn 0.33141 -0.92243 -0.19821
vn 0.85973 -0.47072 -0.19821
vn 0.73671 -0.67621 0
vn -0.103 0.99468 0
vn -0.101 0.97492 -0.1983
vn -0.98001 0.0173 -0.1982
vn -0.96657 0.25639 0
vn -0.9474 0.2513 -0.1982
vn -0.95566 -0.21779 -0.19819
vn -0.99985 0.0176 0
vn -0.7601 -0.6498 0
vn -0.74502 -0.63692 -0.1982
vn -0.1353 -0.97078 -0.1982
vn -0.37101 -0.92863 0
vn 0.101 -0.97494 -0.19821
vn -0.138 -0.99043 0
vn 0.103 -0.99468 0
vn 0.98001 -0.0173 -0.1982
vn 0.96657 -0.25639 0
vn 0.9474 -0.2513 -0.1982
vn 0.8758 0.4401 -0.1982
vn 0.975 0.2222 0
vn 0.95566 0.21779 -0.19819
vn 0.74502 0.63692 -0.1982
vn 0.89353 0.44901 0
vn 0.36369 0.91017 -0.19829
vn 0.58251 0.81282 0
vn 0.57092 0.79672 -0.19821
vn 0.13529 0.97076 -0.19829
vn 0.37101 0.92863 0
vn 0.8771 -0.4803 0
vn -0.71064 0.0125 -0.70344
vn 0.15191 0.1298 -0.97983
vn 0.41402 0.57773 -0.70343
vn 0.54022 0.46191 -0.70342
vn -0.1106 0.16641 -0.97983
vn -0.52362 0.48062 -0.70343
vn -0.3934 0.592 -0.7034
vn -0.41402 -0.57773 -0.70343
vn -0.26369 -0.65998 -0.70348
vn -0.24031 0.66892 -0.70342
vn 0.19311 -0.0512 -0.97984
vn 0.71064 -0.0125 -0.70344
vn 0.68702 -0.18221 -0.70342
vn 0.1753 -0.096 -0.97982
vn 0.62344 -0.34132 -0.70344
vn 0.0276 0.19791 -0.97983
vn 0.26371 0.66003 -0.70343
vn 0.0741 0.18551 -0.97984
vn -0.87578 -0.44009 -0.1983
vn -0.975 -0.2222 0
vn -0.62344 0.34132 -0.70344
vn -0.72208 0.66278 -0.19829
vn -0.19981 0.0035 -0.97983
vn -0.68702 0.18221 -0.70342
vn -0.19311 0.0512 -0.97984
vn 0.0675 -0.18801 -0.97984
vn 0.0732 -0.70701 -0.70341
vn 0.0206 -0.19871 -0.97984
vn -0.0276 -0.19791 -0.97983
vn -0.0741 -0.18551 -0.97984
vn -0.55348 0.83286 0
vn 0.138 0.99043 0
vn 0.7601 0.6498 0
vn 0.99985 -0.0176 0
vn 0.0724 -0.072 -0.99477
vn -0.14721 0.1351 -0.97984
vn -0.0675 0.18801 -0.97984
vn -0.0262 -0.0987 -0.99477
vn -0.0986 -0.0267 -0.99477
vn 0.1164 0.16241 -0.97983
vn 0.1106 -0.16641 -0.97983
vn -0.0724 0.072 -0.99477
vn 0.14721 -0.1351 -0.97984
vn 0.0986 0.0267 -0.99477
vn 0.92553 -0.24551 -0.28831
vn -0.0206 0.19871 -0.97984
vn 0.19481 0.0444 -0.97984
vn 0.17851 0.0897 -0.97984
vn -0.19481 -0.0444 -0.97984
vn 0.19981 -0.0035 -0.97983
vn -0.25019 0.92428 -0.28829
vn -0.2612 0.96529 0
vn 0.0262 0.0987 -0.99477
vn -0.1164 -0.16241 -0.97983
vn -0.92553 0.24551 -0.28831
vn -0.15191 -0.1298 -0.97983
vn -0.17851 -0.0897 -0.97984
vn -0.1753 0.096 -0.97982
vn -0.63505 -0.31918 -0.70345
vn -0.54022 -0.46191 -0.70342
vn 0.52362 -0.48062 -0.70343
vn -0.0732 0.70701 -0.70341
vn -0.69302 -0.1579 -0.70342
vn -0.85973 0.47072 -0.19821
vn 0.24031 -0.66892 -0.70342
vn 0.3934 -0.592 -0.7034
vn 0.69302 0.1579 -0.70342
vn 0.6351 0.3192 -0.7034
vn -0.0981 -0.704 -0.7034
vn 0.67538 0.67878 -0.28829
vn 0.7053 0.7089 0
vn -0.73671 0.67621 0
vn -0.7053 -0.7089 0
vn -0.67538 -0.67878 -0.28829
vn 0.09811 0.70395 -0.70345
vn -0.89353 -0.44901 0
vn -0.8771 0.4803 0
vn 0.2612 -0.96529 0
vn 0.25019 -0.92428 -0.28829
vn 0.49821 0.1348 -0.85651
vn 0.13231 0.49883 -0.85654
vn -0.13231 -0.49883 -0.85654
vn -0.49821 -0.1348 -0.85651
vn -0.36591 0.36401 -0.85651
vn 0.36591 -0.36401 -0.85651
vn -0.2158 0.95611 -0.1982
vn 0.0196 0.99981 0
vn 0.0192 0.97997 -0.19819
vn 0.43838 -0.87666 -0.19819
vn 0.22019 -0.97546 0
vn 0.2158 -0.95611 -0.1982
vn -0.66419 -0.72079 -0.1983
vn -0.83398 -0.55179 0
vn -0.81743 -0.54082 -0.19831
vn -0.0196 -0.99981 0
vn -0.0192 -0.97996 -0.19829
vn 0.63539 -0.74629 -0.1983
vn 0.44721 -0.89443 0
vn 0.25829 0.96607 0
vn 0.25319 0.94688 -0.19829
vn -0.90947 0.36549 -0.19819
vn -0.81169 0.58409 0
vn -0.79559 0.57249 -0.1982
vn -0.97051 0.1372 -0.1982
vn -0.92788 0.37289 0
vn -0.94179 -0.3362 0
vn -0.92312 -0.32951 -0.1982
vn -0.47239 -0.85879 -0.1983
vn -0.67772 -0.73532 0
vn -0.2532 -0.94689 -0.1982
vn -0.48199 -0.87618 0
vn -0.25829 -0.96607 0
vn 0.90947 -0.36549 -0.19819
vn 0.81169 -0.58409 0
vn 0.79559 -0.57249 -0.1982
vn 0.97515 0.099 -0.19821
vn 0.99015 -0.13999 0
vn 0.97051 -0.1372 -0.1982
vn 0.92312 0.32951 -0.1982
vn 0.99489 0.101 0
vn 0.66419 0.72079 -0.1983
vn 0.83398 0.55179 0
vn 0.81744 0.54083 -0.19821
vn 0.47239 0.85879 -0.1983
vn 0.67772 0.73532 0
vn 0.64829 -0.76139 0
vn -0.65952 0.26501 -0.70342
vn 0.18821 0.0672 -0.97983
vn 0.5928 0.3922 -0.7034
vn 0.66942 0.23891 -0.70342
vn -0.044 0.19491 -0.97983
vn -0.31791 0.63572 -0.70342
vn -0.15651 0.69332 -0.70343
vn -0.48169 -0.52258 -0.70348
vn 0.014 0.71063 -0.70343
vn 0.57691 -0.4152 -0.70341
vn 0.18541 -0.0745 -0.97983
vn 0.65952 -0.26501 -0.70342
vn 0.12951 -0.15211 -0.97984
vn 0.4608 -0.5412 -0.7034
vn 0.0963 0.17511 -0.97983
vn 0.48172 0.52262 -0.70343
vn 0.13541 0.14691 -0.97984
vn -0.97515 -0.099 -0.19821
vn -0.99015 0.13999 0
vn -0.4608 0.5412 -0.7034
vn -0.43837 0.87665 -0.19829
vn -0.16221 0.1167 -0.97983
vn -0.57691 0.4152 -0.70341
vn -0.0139 -0.71063 -0.70343
vn -0.0516 -0.19301 -0.97984
vn -0.0039 -0.19981 -0.97983
vn -0.0963 -0.17511 -0.97983
vn -0.13541 -0.14691 -0.97984
vn -0.22019 0.97546 0
vn 0.48199 0.87618 0
vn 0.94179 0.3362 0
vn 0.92788 -0.37289 0
vn 0.042 -0.0931 -0.99477
vn -0.0894 0.17871 -0.97983
vn 0.0039 0.19981 -0.97983
vn -0.0596 -0.0829 -0.99477
vn -0.1016 0.0102 -0.99477
vn 0.16661 0.11021 -0.97985
vn 0.044 -0.19491 -0.97983
vn -0.042 0.0931 -0.99477
vn 0.0894 -0.17871 -0.97983
vn 0.1016 -0.0102 -0.99477
vn -0.18541 0.0745 -0.97983
vn 0.77721 -0.55931 -0.2883
vn 0.0516 0.19301 -0.97984
vn 0.19781 -0.028 -0.97984
vn 0.19881 0.0202 -0.97983
vn -0.19781 0.028 -0.97984
vn 0.16221 -0.1167 -0.97983
vn 0.0958 0.95273 -0.28831
vn 0.1 0.99499 0
vn 0.0596 0.0829 -0.99477
vn -0.16661 -0.11021 -0.97985
vn -0.77721 0.55931 -0.2883
vn -0.18821 -0.0672 -0.97983
vn -0.19881 -0.0202 -0.97983
vn -0.12951 0.15211 -0.97984
vn -0.70713 -0.0718 -0.70343
vn -0.66942 -0.23891 -0.70342
vn 0.31791 -0.63572 -0.70342
vn 0.18361 0.68663 -0.70344
vn -0.7038 0.0995 -0.7034
vn 0.70713 0.0718 -0.70343
vn -0.63541 0.74631 -0.1982
vn -0.59269 -0.39219 -0.70349
vn 0.15651 -0.69332 -0.70343
vn 0.7038 -0.0995 -0.7034
vn -0.34262 -0.62273 -0.70343
vn -0.18361 -0.68663 -0.70344
vn 0.873 0.3934 -0.2883
vn 0.91168 0.41089 0
vn -0.44721 0.89443 0
vn -0.91168 -0.41089 0
vn -0.873 -0.3934 -0.2883
vn 0.34259 0.62269 -0.70349
vn -0.99489 -0.101 0
vn -0.64829 0.76139 0
vn -0.1 -0.99499 0
vn -0.0958 -0.95273 -0.28831
vn 0.51352 -0.0516 -0.85653
vn 0.3015 0.41891 -0.85651
vn -0.51352 0.0516 -0.85653
vn -0.3015 -0.41891 -0.85651
vn -0.21211 0.47051 -0.85652
vn 0.21211 -0.47051 -0.85652
vn -0 -0 -1
usemtl mat3
f 4405//2865 4406//2866 4407//2867
f 4408//2868 4409//2869 4410//2870
f 4411//2871 4412//2872 4413//2873
f 4410//2870 4414//2874 4415//2875
f 4416//2876 4417//2877 4408//2868
f 4407//2867 4418//2878 4419//2879
f 4420//2880 4421//2881 4422//2882
f 4423//2883 4424//2884 4420//2880
f 4413//2873 4425//2885 4426//2886
f 4427//2887 4428//2888 4411//2871
f 4429//2889 4430//2890 4427//2887
f 4415//2875 4431//2891 4429//2889
f 4432//2892 4433//2893 4434//2894
f 4435//2895 4436//2896 4437//2897
f 4438//2898 4439//2899 4435//2895
f 4440//2900 4441//2901 4442//2902
f 4443//2903 4444//2904 4440//2900
f 4434//2894 4445//2905 4416//2876
f 4422//2882 4446//2906 4420//2880
f 4447//2907 4448//2908 4449//2909
f 4450//2910 4451//2911 4452//2912
f 4411//2871 4453//2913 4454//2914
f 4407//2867 4452//2912 4405//2865
f 4455//2915 4456//2916 4457//2917
f 4458//2918 4455//2915 4459//2919
f 4460//2920 4461//2921 4462//2922
f 4463//2923 4464//2924 4423//2883
f 4465//2925 4466//2926 4451//2911
f 4467//2927 4468//2928 4469//2929
f 4470//2930 4471//2931 4472//2932
f 4473//2933 4454//2914 4474//2934
f 4466//2926 4475//2935 4405//2865
f 4419//2879 4476//2936 4443//2903
f 4442//2902 4477//2937 4438//2898
f 4437//2897 4478//2938 4432//2892
f 4479//2939 4480//2940 4450//2910
f 4479//2939 4450//2910 4481//2941
f 4482//2942 4447//2907 4483//2943
f 4482//2942 4460//2920 4462//2922
f 4482//2942 4462//2922 4484//2944
f 4485//2945 4486//2946 4487//2947
f 4488//2948 4467//2927 4469//2929
f 4489//2949 4490//2893 4491//2893
f 4482//2942 4481//2941 4492//2950
f 4493//2951 4483//2943 4494//2952
f 4488//2948 4495//2953 4467//2927
f 4456//2916 4483//2943 4493//2951
f 4486//2946 4496//2954 4458//2918
f 4497//2955 4498//2956 4499//2956
f 4482//2942 4492//2950 4460//2920
f 4470//2930 4500//2957 4486//2946
f 4474//2934 4501//2958 4500//2957
f 4487//2947 4486//2946 4458//2918
f 4485//2945 4470//2930 4486//2946
f 4497//2959 4502//2881 4503//2959
f 4473//2933 4474//2934 4500//2957
f 4504//2960 4505//2961 4488//2948
f 4469//2929 4479//2939 4488//2948
f 4479//2939 4506//2962 4480//2940
f 4507//2963 4463//2923 4508//2964
f 4487//2947 4459//2919 4509//2965
f 4492//2950 4510//2966 4511//2967
f 4440//2900 4448//2908 4461//2921
f 4512//2968 4420//2880 4446//2906
f 4435//2895 4449//2909 4438//2898
f 4465//2925 4480//2940 4506//2962
f 4468//2928 4513//2969 4465//2925
f 4504//2960 4453//2913 4507//2963
f 4410//2870 4514//2970 4515//2971
f 4453//2913 4474//2934 4454//2914
f 4481//2941 4452//2912 4510//2966
f 4495//2953 4508//2964 4512//2968
f 4448//2908 4462//2922 4461//2921
f 4442//2902 4449//2909 4448//2908
f 4493//2951 4457//2917 4456//2916
f 4434//2894 4457//2917 4432//2892
f 4506//2962 4468//2928 4465//2925
f 4408//2868 4459//2919 4416//2876
f 4493//2951 4516//2972 4517//2973
f 4429//2889 4518//2974 4471//2931
f 4489//2975 4498//2976 4519//2975
f 4415//2875 4471//2931 4514//2970
f 4513//2969 4520//2977 4466//2926
f 4517//2973 4432//2892 4457//2917
f 4455//2915 4416//2876 4459//2919
f 4521//2978 4503//2979 4502//2978
f 4496//2954 4483//2943 4456//2916
f 4515//2971 4487//2947 4509//2965
f 4407//2867 4511//2967 4510//2966
f 4512//2968 4467//2927 4495//2953
f 4516//2972 4437//2897 4517//2973
f 4419//2879 4522//2980 4511//2967
f 4405//2865 4451//2911 4466//2926
f 4472//2932 4473//2933 4500//2957
f 4508//2964 4423//2883 4512//2968
f 4453//2913 4426//2886 4507//2963
f 4505//2961 4495//2953 4488//2948
f 4454//2914 4427//2887 4411//2871
f 4515//2971 4470//2930 4485//2945
f 4494//2952 4449//2909 4516//2972
f 4518//2974 4472//2932 4471//2931
f 4408//2868 4515//2971 4509//2965
f 4443//2903 4461//2921 4522//2980
f 4426//2886 4523//2981 4463//2923
f 4524//2982 4422//2882 4421//2881
f 4505//2961 4507//2963 4508//2964
f 4490//2983 4525//2984 4521//2983
f 4522//2980 4492//2950 4511//2967
f 4483//2943 4447//2907 4494//2952
f 4500//2957 4526//2985 4527//2986
f 4526//2985 4519//2975 4527//2986
f 4525//2979 4528//2987 4503//2979
f 4529//2988 4483//2943 4528//2987
f 4497//2955 4527//2986 4519//2955
f 4527//2986 4486//2946 4500//2957
f 4503//2959 4530//2989 4497//2959
f 4530//2989 4483//2943 4486//2946
f 4488//2948 4531//2990 4526//2985
f 4526//2985 4532//2949 4489//2949
f 4532//2984 4529//2988 4525//2984
f 4529//2988 4479//2939 4482//2942
f 4504//2960 4500//2957 4501//2958
f 4533//2991 4534//2992 4535//2993
f 4536//2994 4537//2995 4538//2996
f 4539//2997 4540//2998 4541//2999
f 4538//2996 4542//3000 4543//3001
f 4544//3002 4545//3003 4536//2994
f 4535//2993 4546//3004 4547//3005
f 4548//3006 4549//3007 4550//3008
f 4551//3009 4552//3010 4548//3006
f 4541//2999 4553//3011 4554//3012
f 4555//3013 4556//3014 4539//2997
f 4557//3015 4558//3016 4555//3013
f 4543//3001 4559//3017 4557//3015
f 4560//3018 4561//3019 4562//3020
f 4563//3021 4564//3022 4565//3023
f 4566//3024 4567//3025 4563//3021
f 4568//3026 4569//3027 4570//3028
f 4571//3029 4572//3030 4568//3026
f 4562//3020 4573//3031 4544//3002
f 4550//3008 4574//3032 4548//3006
f 4575//3033 4576//3034 4577//3035
f 4578//3036 4579//3037 4580//3038
f 4539//2997 4581//3039 4582//3040
f 4533//2991 4583//3041 4580//3038
f 4584//3042 4585//3043 4586//3044
f 4587//3045 4586//3044 4588//3046
f 4589//3047 4590//3048 4591//3049
f 4592//3050 4593//3051 4551//3009
f 4594//3052 4595//3053 4579//3037
f 4596//3054 4597//3055 4598//3056
f 4599//3057 4600//3058 4601//3059
f 4602//3060 4582//3040 4603//3061
f 4595//3053 4604//3062 4533//2991
f 4547//3005 4605//3063 4571//3029
f 4570//3028 4606//3064 4566//3024
f 4565//3023 4607//3065 4560//3018
f 4608//3066 4609//3067 4578//3036
f 4608//3066 4578//3036 4610//3068
f 4611//3069 4575//3033 4612//3070
f 4611//3069 4589//3047 4591//3049
f 4611//3069 4591//3049 4613//3071
f 4614//3072 4615//3073 4616//3074
f 4617//3075 4596//3054 4598//3056
f 4618//3076 4619//3019 4620//3019
f 4611//3069 4610//3068 4621//3077
f 4622//3078 4612//3070 4623//3079
f 4617//3075 4624//3080 4596//3054
f 4625//3081 4612//3070 4622//3078
f 4615//3073 4584//3042 4587//3045
f 4626//3082 4627//3083 4628//3083
f 4611//3069 4621//3077 4589//3047
f 4599//3057 4629//3084 4615//3073
f 4603//3061 4630//3085 4629//3084
f 4616//3074 4615//3073 4587//3045
f 4614//3072 4599//3057 4615//3073
f 4626//3086 4631//3007 4632//3086
f 4602//3060 4603//3061 4629//3084
f 4633//3087 4634//3088 4617//3075
f 4598//3056 4608//3066 4617//3075
f 4608//3066 4635//3089 4609//3067
f 4554//3012 4636//3090 4637//3091
f 4616//3074 4588//3046 4638//3092
f 4621//3077 4583//3041 4639//3093
f 4590//3048 4570//3028 4576//3034
f 4551//3009 4574//3032 4640//3094
f 4563//3021 4577//3035 4566//3024
f 4594//3052 4609//3067 4635//3089
f 4597//3055 4641//3095 4594//3052
f 4637//3091 4630//3085 4581//3039
f 4538//2996 4642//3096 4643//3097
f 4581//3039 4603//3061 4582//3040
f 4610//3068 4580//3038 4583//3041
f 4624//3080 4636//3090 4640//3094
f 4576//3034 4591//3049 4590//3048
f 4576//3034 4566//3024 4577//3035
f 4644//3098 4625//3081 4622//3078
f 4562//3020 4585//3043 4560//3018
f 4635//3089 4597//3055 4594//3052
f 4536//2994 4588//3046 4544//3002
f 4622//3078 4645//3099 4644//3098
f 4557//3015 4646//3100 4600//3058
f 4618//3101 4627//3102 4647//3101
f 4543//3001 4600//3058 4642//3096
f 4641//3095 4648//3103 4595//3053
f 4644//3098 4560//3018 4585//3043
f 4586//3044 4544//3002 4588//3046
f 4649//3104 4632//3105 4631//3104
f 4584//3042 4612//3070 4625//3081
f 4614//3072 4638//3092 4643//3097
f 4547//3005 4583//3041 4535//2993
f 4640//3094 4596//3054 4624//3080
f 4645//3099 4565//3023 4644//3098
f 4547//3005 4650//3106 4639//3093
f 4580//3038 4595//3053 4533//2991
f 4601//3059 4602//3060 4629//3084
f 4592//3050 4640//3094 4636//3090
f 4541//2999 4637//3091 4581//3039
f 4634//3088 4624//3080 4617//3075
f 4582//3040 4555//3013 4539//2997
f 4643//3097 4599//3057 4614//3072
f 4623//3079 4577//3035 4645//3099
f 4646//3100 4601//3059 4600//3058
f 4638//3092 4538//2996 4643//3097
f 4571//3029 4590//3048 4650//3106
f 4554//3012 4651//3107 4592//3050
f 4652//3108 4550//3008 4549//3007
f 4634//3088 4637//3091 4636//3090
f 4619//3109 4653//3110 4649//3109
f 4650//3106 4621//3077 4639//3093
f 4612//3070 4575//3033 4623//3079
f 4629//3084 4654//3111 4655//3112
f 4654//3111 4647//3101 4655//3112
f 4632//3105 4656//3113 4657//3114
f 4656//3113 4612//3070 4657//3114
f 4626//3082 4655//3112 4647//3082
f 4655//3112 4615//3073 4629//3084
f 4632//3086 4658//3115 4626//3086
f 4658//3115 4612//3070 4615//3073
f 4617//3075 4659//3116 4654//3111
f 4654//3111 4660//3076 4618//3076
f 4653//3110 4659//3116 4656//3113
f 4659//3116 4611//3069 4656//3113
f 4633//3087 4629//3084 4630//3085
f 4661//3117 4662//3118 4663//3119
f 4664//3120 4665//3121 4666//3122
f 4667//3123 4668//3124 4669//3125
f 4666//3122 4670//3126 4671//3127
f 4672//3128 4673//3129 4664//3120
f 4663//3119 4674//3130 4675//3131
f 4676//3132 4677//3133 4678//3134
f 4679//3135 4680//3136 4676//3132
f 4669//3125 4681//3137 4682//3138
f 4683//3139 4684//3140 4667//3123
f 4685//3141 4686//3142 4683//3139
f 4671//3127 4687//3143 4685//3141
f 4688//3144 4689//3145 4690//3146
f 4691//3147 4692//3148 4693//3149
f 4694//3150 4695//3151 4691//3147
f 4696//3152 4697//3153 4698//3154
f 4699//3155 4700//3156 4696//3152
f 4690//3146 4701//3157 4672//3128
f 4678//3134 4702//3158 4676//3132
f 4703//3159 4704//3160 4705//3161
f 4706//3162 4707//3163 4708//3164
f 4669//3125 4709//3165 4667//3123
f 4661//3117 4710//3166 4708//3164
f 4711//3167 4712//3168 4713//3169
f 4714//3170 4711//3167 4715//3171
f 4716//3172 4717//3173 4718//3174
f 4719//3175 4720//3176 4679//3135
f 4721//3177 4722//3178 4707//3163
f 4723//3179 4702//3158 4724//3180
f 4725//3181 4726//3182 4727//3183
f 4728//3184 4709//3165 4729//3185
f 4722//3178 4730//3186 4661//3117
f 4675//3131 4731//3187 4699//3155
f 4698//3154 4732//3188 4694//3150
f 4693//3149 4733//3189 4688//3144
f 4734//3190 4735//3191 4706//3162
f 4734//3190 4706//3162 4736//3192
f 4737//3193 4703//3159 4738//3194
f 4737//3193 4716//3172 4718//3174
f 4737//3193 4718//3174 4739//3195
f 4740//3196 4741//3197 4742//3198
f 4743//3199 4744//3200 4723//3179
f 4745//3201 4746//3145 4747//3145
f 4737//3193 4736//3192 4748//3202
f 4749//3203 4738//3194 4750//3204
f 4743//3199 4751//3205 4744//3200
f 4712//3168 4738//3194 4749//3203
f 4741//3197 4752//3206 4714//3170
f 4753//3207 4754//3208 4755//3208
f 4737//3193 4748//3202 4716//3172
f 4727//3183 4756//3209 4741//3197
f 4729//3185 4757//3210 4756//3209
f 4742//3198 4741//3197 4714//3170
f 4740//3196 4727//3183 4741//3197
f 4753//3211 4758//3133 4759//3211
f 4728//3184 4729//3185 4756//3209
f 4760//3212 4761//3213 4743//3199
f 4723//3179 4734//3190 4743//3199
f 4734//3190 4762//3214 4735//3191
f 4682//3138 4763//3215 4764//3216
f 4742//3198 4715//3171 4765//3217
f 4748//3202 4710//3166 4766//3218
f 4696//3152 4704//3160 4717//3173
f 4679//3135 4702//3158 4767//3219
f 4694//3150 4768//3220 4705//3161
f 4721//3177 4735//3191 4762//3214
f 4724//3180 4769//3221 4721//3177
f 4760//3212 4770//3222 4764//3216
f 4666//3122 4725//3181 4771//3223
f 4770//3222 4729//3185 4709//3165
f 4736//3192 4708//3164 4710//3166
f 4767//3219 4761//3213 4763//3215
f 4704//3160 4718//3174 4717//3173
f 4704//3160 4694//3150 4705//3161
f 4749//3203 4713//3169 4712//3168
f 4688//3144 4711//3167 4713//3169
f 4762//3214 4724//3180 4721//3177
f 4664//3120 4715//3171 4672//3128
f 4749//3203 4768//3220 4772//3224
f 4685//3141 4773//3225 4774//3226
f 4745//3227 4754//3228 4775//3227
f 4671//3127 4774//3226 4725//3181
f 4769//3221 4776//3229 4722//3178
f 4693//3149 4713//3169 4772//3224
f 4711//3167 4672//3128 4715//3171
f 4777//3230 4759//3231 4758//3230
f 4752//3206 4738//3194 4712//3168
f 4771//3223 4742//3198 4765//3217
f 4663//3119 4766//3218 4710//3166
f 4767//3219 4744//3200 4751//3205
f 4768//3220 4693//3149 4772//3224
f 4675//3131 4778//3232 4766//3218
f 4661//3117 4707//3163 4722//3178
f 4726//3182 4728//3184 4756//3209
f 4763//3215 4679//3135 4767//3219
f 4669//3125 4764//3216 4770//3222
f 4761//3213 4751//3205 4743//3199
f 4709//3165 4683//3139 4667//3123
f 4740//3196 4725//3181 4727//3183
f 4750//3204 4705//3161 4768//3220
f 4773//3225 4726//3182 4774//3226
f 4765//3217 4666//3122 4771//3223
f 4699//3155 4717//3173 4778//3232
f 4682//3138 4779//3233 4719//3175
f 4780//3234 4678//3134 4677//3133
f 4761//3213 4764//3216 4763//3215
f 4746//3235 4781//3236 4777//3235
f 4778//3232 4748//3202 4766//3218
f 4738//3194 4703//3159 4750//3204
f 4756//3209 4782//3237 4783//3238
f 4782//3237 4775//3227 4783//3238
f 4781//3231 4784//3239 4759//3231
f 4785//3240 4738//3194 4784//3239
f 4753//3207 4783//3238 4775//3207
f 4783//3238 4741//3197 4756//3209
f 4753//3211 4784//3239 4786//3241
f 4786//3241 4738//3194 4741//3197
f 4743//3199 4787//3242 4782//3237
f 4787//3242 4745//3201 4782//3237
f 4788//3236 4785//3240 4781//3236
f 4787//3242 4737//3193 4785//3240
f 4760//3212 4756//3209 4757//3210
f 4405//2865 4475//2935 4406//2866
f 4408//2868 4417//2877 4409//2869
f 4411//2871 4428//2888 4412//2872
f 4410//2870 4409//2869 4414//2874
f 4416//2876 4445//2905 4417//2877
f 4407//2867 4406//2866 4418//2878
f 4420//2880 4424//2884 4421//2881
f 4423//2883 4464//2924 4424//2884
f 4413//2873 4412//2872 4425//2885
f 4427//2887 4430//2890 4428//2888
f 4429//2889 4431//2891 4430//2890
f 4415//2875 4414//2874 4431//2891
f 4432//2892 4478//2938 4433//2893
f 4435//2895 4439//2899 4436//2896
f 4438//2898 4477//2937 4439//2899
f 4440//2900 4444//2904 4441//2901
f 4443//2903 4476//2936 4444//2904
f 4434//2894 4433//2893 4445//2905
f 4422//2882 4468//2928 4446//2906
f 4447//2907 4484//2944 4448//2908
f 4450//2910 4480//2940 4451//2911
f 4411//2871 4413//2873 4453//2913
f 4407//2867 4510//2966 4452//2912
f 4455//2915 4496//2954 4456//2916
f 4458//2918 4496//2954 4455//2915
f 4460//2920 4522//2980 4461//2921
f 4463//2923 4523//2981 4464//2924
f 4465//2925 4513//2969 4466//2926
f 4467//2927 4446//2906 4468//2928
f 4470//2930 4514//2970 4471//2931
f 4473//2933 4518//2974 4454//2914
f 4466//2926 4520//2977 4475//2935
f 4419//2879 4418//2878 4476//2936
f 4442//2902 4441//2901 4477//2937
f 4437//2897 4436//2896 4478//2938
f 4482//2942 4484//2944 4447//2907
f 4489//2949 4532//2949 4490//2893
f 4482//2942 4479//2939 4481//2941
f 4486//2946 4483//2943 4496//2954
f 4497//2955 4519//2955 4498//2956
f 4470//2930 4472//2932 4500//2957
f 4497//2959 4499//2881 4502//2881
f 4469//2929 4506//2962 4479//2939
f 4507//2963 4426//2886 4463//2923
f 4487//2947 4458//2918 4459//2919
f 4492//2950 4481//2941 4510//2966
f 4440//2900 4442//2902 4448//2908
f 4512//2968 4423//2883 4420//2880
f 4435//2895 4516//2972 4449//2909
f 4465//2925 4451//2911 4480//2940
f 4468//2928 4422//2882 4513//2969
f 4504//2960 4501//2958 4453//2913
f 4410//2870 4415//2875 4514//2970
f 4453//2913 4501//2958 4474//2934
f 4481//2941 4450//2910 4452//2912
f 4495//2953 4505//2961 4508//2964
f 4448//2908 4484//2944 4462//2922
f 4442//2902 4438//2898 4449//2909
f 4493//2951 4517//2973 4457//2917
f 4434//2894 4455//2915 4457//2917
f 4506//2962 4469//2929 4468//2928
f 4408//2868 4509//2965 4459//2919
f 4493//2951 4494//2952 4516//2972
f 4429//2889 4427//2887 4518//2974
f 4489//2975 4491//2976 4498//2976
f 4415//2875 4429//2889 4471//2931
f 4513//2969 4524//2982 4520//2977
f 4517//2973 4437//2897 4432//2892
f 4455//2915 4434//2894 4416//2876
f 4521//2978 4525//2979 4503//2979
f 4515//2971 4485//2945 4487//2947
f 4407//2867 4419//2879 4511//2967
f 4512//2968 4446//2906 4467//2927
f 4516//2972 4435//2895 4437//2897
f 4419//2879 4443//2903 4522//2980
f 4405//2865 4452//2912 4451//2911
f 4508//2964 4463//2923 4423//2883
f 4453//2913 4413//2873 4426//2886
f 4454//2914 4518//2974 4427//2887
f 4515//2971 4514//2970 4470//2930
f 4494//2952 4447//2907 4449//2909
f 4518//2974 4473//2933 4472//2932
f 4408//2868 4410//2870 4515//2971
f 4443//2903 4440//2900 4461//2921
f 4426//2886 4425//2885 4523//2981
f 4524//2982 4513//2969 4422//2882
f 4505//2961 4504//2960 4507//2963
f 4490//2983 4532//2984 4525//2984
f 4522//2980 4460//2920 4492//2950
f 4500//2957 4488//2948 4526//2985
f 4526//2985 4489//2975 4519//2975
f 4525//2979 4529//2988 4528//2987
f 4529//2988 4482//2942 4483//2943
f 4497//2955 4530//2989 4527//2986
f 4527//2986 4530//2989 4486//2946
f 4503//2959 4528//2987 4530//2989
f 4530//2989 4528//2987 4483//2943
f 4488//2948 4479//2939 4531//2990
f 4526//2985 4531//2990 4532//2949
f 4532//2984 4531//2990 4529//2988
f 4529//2988 4531//2990 4479//2939
f 4504//2960 4488//2948 4500//2957
f 4533//2991 4604//3062 4534//2992
f 4536//2994 4545//3003 4537//2995
f 4539//2997 4556//3014 4540//2998
f 4538//2996 4537//2995 4542//3000
f 4544//3002 4573//3031 4545//3003
f 4535//2993 4534//2992 4546//3004
f 4548//3006 4552//3010 4549//3007
f 4551//3009 4593//3051 4552//3010
f 4541//2999 4540//2998 4553//3011
f 4555//3013 4558//3016 4556//3014
f 4557//3015 4559//3017 4558//3016
f 4543//3001 4542//3000 4559//3017
f 4560//3018 4607//3065 4561//3019
f 4563//3021 4567//3025 4564//3022
f 4566//3024 4606//3064 4567//3025
f 4568//3026 4572//3030 4569//3027
f 4571//3029 4605//3063 4572//3030
f 4562//3020 4561//3019 4573//3031
f 4550//3008 4597//3055 4574//3032
f 4575//3033 4613//3071 4576//3034
f 4578//3036 4609//3067 4579//3037
f 4539//2997 4541//2999 4581//3039
f 4533//2991 4535//2993 4583//3041
f 4584//3042 4625//3081 4585//3043
f 4587//3045 4584//3042 4586//3044
f 4589//3047 4650//3106 4590//3048
f 4592//3050 4651//3107 4593//3051
f 4594//3052 4641//3095 4595//3053
f 4596//3054 4574//3032 4597//3055
f 4599//3057 4642//3096 4600//3058
f 4602//3060 4646//3100 4582//3040
f 4595//3053 4648//3103 4604//3062
f 4547//3005 4546//3004 4605//3063
f 4570//3028 4569//3027 4606//3064
f 4565//3023 4564//3022 4607//3065
f 4611//3069 4613//3071 4575//3033
f 4618//3076 4660//3076 4619//3019
f 4611//3069 4608//3066 4610//3068
f 4615//3073 4612//3070 4584//3042
f 4626//3082 4647//3082 4627//3083
f 4599//3057 4601//3059 4629//3084
f 4626//3086 4628//3007 4631//3007
f 4598//3056 4635//3089 4608//3066
f 4554//3012 4592//3050 4636//3090
f 4616//3074 4587//3045 4588//3046
f 4621//3077 4610//3068 4583//3041
f 4590//3048 4568//3026 4570//3028
f 4551//3009 4548//3006 4574//3032
f 4563//3021 4645//3099 4577//3035
f 4594//3052 4579//3037 4609//3067
f 4597//3055 4550//3008 4641//3095
f 4637//3091 4633//3087 4630//3085
f 4538//2996 4543//3001 4642//3096
f 4581//3039 4630//3085 4603//3061
f 4610//3068 4578//3036 4580//3038
f 4624//3080 4634//3088 4636//3090
f 4576//3034 4613//3071 4591//3049
f 4576//3034 4570//3028 4566//3024
f 4644//3098 4585//3043 4625//3081
f 4562//3020 4586//3044 4585//3043
f 4635//3089 4598//3056 4597//3055
f 4536//2994 4638//3092 4588//3046
f 4622//3078 4623//3079 4645//3099
f 4557//3015 4555//3013 4646//3100
f 4618//3101 4620//3102 4627//3102
f 4543//3001 4557//3015 4600//3058
f 4641//3095 4652//3108 4648//3103
f 4644//3098 4565//3023 4560//3018
f 4586//3044 4562//3020 4544//3002
f 4649//3104 4653//3105 4632//3105
f 4614//3072 4616//3074 4638//3092
f 4547//3005 4639//3093 4583//3041
f 4640//3094 4574//3032 4596//3054
f 4645//3099 4563//3021 4565//3023
f 4547//3005 4571//3029 4650//3106
f 4580//3038 4579//3037 4595//3053
f 4592//3050 4551//3009 4640//3094
f 4541//2999 4554//3012 4637//3091
f 4582//3040 4646//3100 4555//3013
f 4643//3097 4642//3096 4599//3057
f 4623//3079 4575//3033 4577//3035
f 4646//3100 4602//3060 4601//3059
f 4638//3092 4536//2994 4538//2996
f 4571//3029 4568//3026 4590//3048
f 4554//3012 4553//3011 4651//3107
f 4652//3108 4641//3095 4550//3008
f 4634//3088 4633//3087 4637//3091
f 4619//3109 4660//3110 4653//3110
f 4650//3106 4589//3047 4621//3077
f 4629//3084 4617//3075 4654//3111
f 4654//3111 4618//3101 4647//3101
f 4632//3105 4653//3105 4656//3113
f 4656//3113 4611//3069 4612//3070
f 4626//3082 4658//3115 4655//3112
f 4655//3112 4658//3115 4615//3073
f 4632//3086 4657//3114 4658//3115
f 4658//3115 4657//3114 4612//3070
f 4617//3075 4608//3066 4659//3116
f 4654//3111 4659//3116 4660//3076
f 4653//3110 4660//3110 4659//3116
f 4659//3116 4608//3066 4611//3069
f 4633//3087 4617//3075 4629//3084
f 4661//3117 4730//3186 4662//3118
f 4664//3120 4673//3129 4665//3121
f 4667//3123 4684//3140 4668//3124
f 4666//3122 4665//3121 4670//3126
f 4672//3128 4701//3157 4673//3129
f 4663//3119 4662//3118 4674//3130
f 4676//3132 4680//3136 4677//3133
f 4679//3135 4720//3176 4680//3136
f 4669//3125 4668//3124 4681//3137
f 4683//3139 4686//3142 4684//3140
f 4685//3141 4687//3143 4686//3142
f 4671//3127 4670//3126 4687//3143
f 4688//3144 4733//3189 4689//3145
f 4691//3147 4695//3151 4692//3148
f 4694//3150 4732//3188 4695//3151
f 4696//3152 4700//3156 4697//3153
f 4699//3155 4731//3187 4700//3156
f 4690//3146 4689//3145 4701//3157
f 4678//3134 4724//3180 4702//3158
f 4703//3159 4739//3195 4704//3160
f 4706//3162 4735//3191 4707//3163
f 4669//3125 4770//3222 4709//3165
f 4661//3117 4663//3119 4710//3166
f 4711//3167 4752//3206 4712//3168
f 4714//3170 4752//3206 4711//3167
f 4716//3172 4778//3232 4717//3173
f 4719//3175 4779//3233 4720//3176
f 4721//3177 4769//3221 4722//3178
f 4723//3179 4744//3200 4702//3158
f 4725//3181 4774//3226 4726//3182
f 4728//3184 4773//3225 4709//3165
f 4722//3178 4776//3229 4730//3186
f 4675//3131 4674//3130 4731//3187
f 4698//3154 4697//3153 4732//3188
f 4693//3149 4692//3148 4733//3189
f 4737//3193 4739//3195 4703//3159
f 4745//3201 4788//3201 4746//3145
f 4737//3193 4734//3190 4736//3192
f 4741//3197 4738//3194 4752//3206
f 4753//3207 4775//3207 4754//3208
f 4727//3183 4726//3182 4756//3209
f 4753//3211 4755//3133 4758//3133
f 4723//3179 4762//3214 4734//3190
f 4682//3138 4719//3175 4763//3215
f 4742//3198 4714//3170 4715//3171
f 4748//3202 4736//3192 4710//3166
f 4696//3152 4698//3154 4704//3160
f 4679//3135 4676//3132 4702//3158
f 4694//3150 4691//3147 4768//3220
f 4721//3177 4707//3163 4735//3191
f 4724//3180 4678//3134 4769//3221
f 4760//3212 4757//3210 4770//3222
f 4666//3122 4671//3127 4725//3181
f 4770//3222 4757//3210 4729//3185
f 4736//3192 4706//3162 4708//3164
f 4767//3219 4751//3205 4761//3213
f 4704//3160 4739//3195 4718//3174
f 4704//3160 4698//3154 4694//3150
f 4749//3203 4772//3224 4713//3169
f 4688//3144 4690//3146 4711//3167
f 4762//3214 4723//3179 4724//3180
f 4664//3120 4765//3217 4715//3171
f 4749//3203 4750//3204 4768//3220
f 4685//3141 4683//3139 4773//3225
f 4745//3227 4747//3228 4754//3228
f 4671//3127 4685//3141 4774//3226
f 4769//3221 4780//3234 4776//3229
f 4693//3149 4688//3144 4713//3169
f 4711//3167 4690//3146 4672//3128
f 4777//3230 4781//3231 4759//3231
f 4771//3223 4740//3196 4742//3198
f 4663//3119 4675//3131 4766//3218
f 4767//3219 4702//3158 4744//3200
f 4768//3220 4691//3147 4693//3149
f 4675//3131 4699//3155 4778//3232
f 4661//3117 4708//3164 4707//3163
f 4763//3215 4719//3175 4679//3135
f 4669//3125 4682//3138 4764//3216
f 4709//3165 4773//3225 4683//3139
f 4740//3196 4771//3223 4725//3181
f 4750//3204 4703//3159 4705//3161
f 4773//3225 4728//3184 4726//3182
f 4765//3217 4664//3120 4666//3122
f 4699//3155 4696//3152 4717//3173
f 4682//3138 4681//3137 4779//3233
f 4780//3234 4769//3221 4678//3134
f 4761//3213 4760//3212 4764//3216
f 4746//3235 4788//3236 4781//3236
f 4778//3232 4716//3172 4748//3202
f 4756//3209 4743//3199 4782//3237
f 4782//3237 4745//3227 4775//3227
f 4781//3231 4785//3240 4784//3239
f 4785//3240 4737//3193 4738//3194
f 4753//3207 4786//3241 4783//3238
f 4783//3238 4786//3241 4741//3197
f 4753//3211 4759//3211 4784//3239
f 4786//3241 4784//3239 4738//3194
f 4743//3199 4734//3190 4787//3242
f 4787//3242 4788//3201 4745//3201
f 4788//3236 4787//3242 4785//3240
f 4787//3242 4734//3190 4737//3193
f 4760//3212 4743//3199 4756//3209
f 4789//3243 4790//3243 4791//3243
f 4791//3243 4792//3243 4793//3243
f 4793//3243 4794//3243 4789//3243
f 4791//3243 4793//3243 4789//3243
f 4795//3243 4627//3243 4620//3243
f 4620//3243 4796//3243 4797//3243
f 4797//3243 4798//3243 4795//3243
f 4620//3243 4797//3243 4795//3243
f 4799//3243 4800//3243 4755//3243
f 4755//3243 4754//3243 4747//3243
f 4747//3243 4746//3243 4799//3243
f 4755//3243 4747//3243 4799//3243
# Vertices: 396, normals: 379, texture coordinates: 0, faces: 684

o obj5
v 0.02515721 0.03462593 0.01
v 0.01943079 0.03813508 0.01
v 0.02668377 0.05149734 0.01
v 0.03344746 0.04738425 0.01
v -0.0498 0 0.0125
v -0.0498 0.00725356 0.01295536
v -0.0498 0.00759796 0.01199127
v -0.0498 0 0.0115
v -0.01162414 0.04903667 0.04237479
v -0.01150395 0.04852965 0.04437365
v -0.00821689 0.04894445 0.04539507
v -0.00834375 0.04970008 0.04237479
v 0.05313841 0.02053299 0.02332638
v 0.05022015 0.02689295 0.02332638
v 0.04953692 0.02652708 0.02618518
v 0.05156369 0.02116408 0.02755889
v -0.04366234 0.03817853 0.0142967
v -0.03814336 0.04369307 0.0142967
v -0.03958808 0.04238849 0.01
v -0.04499125 0.0366031 0.01
v 0.04524023 0.03152203 0.02915233
v 0.04039995 0.03752547 0.02915233
v 0.04162594 0.03323049 0.03384162
v 0.04569586 0.02924027 0.03137401
v 0.04979277 0.02974357 0.0142967
v 0.05333418 0.02279177 0.0142967
v 0.05319826 0.02310726 0.01
v 0.04955633 0.03013587 0.01
v 0.0535 0.0105924 0.02497543
v 0.0535 0.00531861 0.02424437
v 0.0535 0.00555959 0.02235044
v 0.0535 0.01114923 0.02304498
v 0.0535 0.01838986 0.02488772
v 0.0535 0.01577693 0.02618702
v 0.0535 0.01718553 0.02618518
v -0.05224461 0.0251893 0.0142967
v -0.05393996 0.02127219 0.01546817
v -0.05251911 0.0244274 0.0167943
v -0.05515261 0.01794964 0.0142967
v -0.0148824 0.04931612 0.03866041
v -0.01461965 0.04844547 0.04163209
v -0.01188182 0.05012373 0.03866041
v -0.04882346 0.03064143 0.01963455
v -0.0498 0.02913912 0.01919784
v -0.0498 0.02902737 0.01963455
v -0.04590955 0.0339442 0.0227551
v -0.04905583 0.03078726 0.01687882
v -0.04839128 0.03197318 0.0142967
v -0.04469845 0.03639611 0.01963455
v -0.0388955 0.0405553 0.02618518
v -0.04139335 0.03809804 0.02597637
v -0.03625111 0.04154725 0.02915233
v 0.01430192 0.05325196 0.02915233
v 0.00673256 0.0547265 0.02915233
v 0.00960812 0.05238959 0.03384162
v 0.01698336 0.05048317 0.03384162
v -0.03943196 0.04111465 0.02332638
v -0.03989902 0.04160164 0.01963455
v -0.03362993 0.045018 0.02618518
v -0.03010007 0.04619851 0.02915233
v -0.04008891 0.04179963 0.01687882
v -0.02871166 0.05029881 0.01687882
v -0.03466177 0.04639925 0.01687882
v -0.03449759 0.04617948 0.01963455
v -0.02857566 0.05006056 0.01963455
v -0.04491118 0.03656932 0.01687882
v 0.04216593 0.03830573 0.02332638
v 0.03715148 0.04318636 0.02332638
v 0.03664605 0.04259882 0.02618518
v 0.04159227 0.03778459 0.02618518
v 0.0258274 0.05153225 0.01963455
v 0.01931462 0.05430998 0.01963455
v 0.01908853 0.05367423 0.02332638
v 0.02552507 0.05092902 0.02332638
v -0.02785694 0.04880147 0.02618518
v -0.02336026 0.04994612 0.02915233
v -0.0319342 0.04841701 0.0142967
v 0.01219577 0.05485304 0.02618518
v 0.01882883 0.052944 0.02618518
v 0.01236397 0.05560959 0.02332638
v 0.04266537 0.03875945 0.01963455
v 0.03759152 0.04369789 0.01963455
v -0.02166365 0.05184862 0.02618518
v -0.02514722 0.05226488 0.0142967
v 0.03157649 0.0474154 0.02332638
v 0.0319505 0.04797701 0.01963455
v -0.02232834 0.05343945 0.01687882
v -0.01790521 0.05516705 0.0142967
v -0.02824116 0.04947456 0.02332638
v -0.03409376 0.04563891 0.02332638
v -0.0015405 0.05694665 0.02332638
v -0.00851063 0.05632818 0.02332638
v -0.00839485 0.05556185 0.02618518
v -0.00151954 0.05617191 0.02618518
v -0.01560813 0.05577379 0.01687882
v -0.01033923 0.05707101 0.0142967
v -0.00865242 0.05726661 0.01687882
v -0.02222258 0.05318633 0.01963455
v 0.02159154 0.05073581 0.02915233
v -0.02196244 0.05256373 0.02332638
v 0.05376782 0.0207762 0.01963455
v 0.05081499 0.02721148 0.01963455
v 0.02517781 0.05023615 0.02618518
v 0.02845882 0.04722724 0.02915233
v 0.04654417 0.03284714 0.02332638
v 0.04709547 0.0332362 0.01963455
v 0.0311469 0.04677032 0.02618518
v 0.05590938 0.01402744 0.01963455
v 0.05720739 0.00706703 0.01963455
v 0.05747965 0.00710067 0.01687882
v 0.05617547 0.0140942 0.01687882
v -0.0155342 0.05550961 0.01963455
v -0.01535236 0.05485982 0.02332638
v 0.0263074 0.04428867 0.03866041
v 0.02981453 0.04200786 0.03866041
v 0.03054794 0.04363265 0.03384162
v 0.02401122 0.04754415 0.03384162
v 0.03210256 0.04820534 0.01687882
v 0.0340991 0.04691749 0.0142967
v 0.02749378 0.05106948 0.0142967
v 0.02595032 0.0517775 0.01687882
v 0.01256996 0.05653605 0.01687882
v 0.00554372 0.05765064 0.01687882
v 0.00551746 0.05737757 0.01963455
v 0.01251042 0.05626826 0.01963455
v 0.05682909 0.00635619 0.02233764
v 0.05725123 0 0.022
v 0.05766663 0 0.01945016
v 0.03777043 0.04390585 0.01687882
v 0.04008742 0.04191657 0.0142967
v -0.00861144 0.05699536 0.01963455
v 0.04286842 0.03894391 0.01687882
v 0.04535039 0.03615719 0.0142967
v 0.05105683 0.02734099 0.01687882
v 0.0473196 0.03339438 0.01687882
v -0.00155875 0.05762116 0.01963455
v 0.01291922 0.05654285 0.0142967
v 0.02039099 0.0542974 0.0142967
v 0.01942302 0.05465113 0.01
v 0.01180045 0.05678688 0.01
v 0.0491956 0.02490201 0.02915233
v 0.05241548 0.02025365 0.02618518
v 0.01940654 0.05456845 0.01687882
v 0.0540237 0.02087508 0.01687882
v 0.02947175 0.04152488 0.04054793
v 0.02573691 0.04332824 0.04237481
v -0.00259508 0.0495615 0.04539507
v -0.00255597 0.04881463 0.04897182
v -0.0002615 0.04884556 0.04916324
v -0.00026569 0.04962869 0.04539507
v -0.058 0 0.0115
v -0.05767703 0.00611442 0.01181747
v -0.05671326 0.01214931 0.01276445
v -0.0558492 0.01564821 0.01
v -0.05745979 0.00789767 0.01
v -0.058 0 0.01
v 0.05591056 0.01542756 0.0142967
v 0.0558492 0.01564821 0.01
v 0.04499125 0.0366031 0.01
v 0.03958808 0.04238849 0.01
v -0.0009685 0.05513056 0.02915233
v -0.00865061 0.05445626 0.02915233
v -0.00557706 0.05297057 0.03384162
v 0.00203636 0.05322441 0.03384162
v -0.0498 0.01506938 0.01345691
v -0.01180045 0.05678688 0.01
v -0.01942302 0.05465113 0.01
v -0.0002698 0.05039487 0.04237479
v -0.00027578 0.05151204 0.03866041
v -0.00269356 0.0514423 0.03866041
v -0.00263514 0.05032666 0.04237479
v 0.00192672 0.05035875 0.04237479
v 0.00196943 0.05147511 0.03866041
v 0.00929234 0.05066773 0.03866041
v 0.00909081 0.04956887 0.04237479
v 0.01228455 0.04887541 0.04237479
v 0.01255687 0.04995889 0.03866041
v 0.01209777 0.04813233 0.04539507
v 0.0089526 0.04881524 0.04539507
v -0.00482517 0.04939428 0.04539507
v -0.00489966 0.05015685 0.04237479
v 0.00189743 0.04959311 0.04539507
v -0.00852871 0.05080184 0.03866041
v -0.0130764 0.05163325 0.03384162
v -0.00500827 0.05126873 0.03866041
v -0.00258616 0.05794232 0.0142967
v 0.0052137 0.05776519 0.0142967
v 0.00395806 0.05786479 0.01
v -0.00395806 0.05786479 0.01
v 0.0060423 0.0492602 0.04539507
v 0.00613559 0.0500207 0.04237479
v -0.05319826 0.02310726 0.01
v 0.03476943 0.04279489 0.02915233
v 0.03645982 0.03882868 0.03384162
v -0.01514349 0.05411347 0.02618518
v -0.01616352 0.05271677 0.02915233
v -0.02030827 0.04923981 0.03384162
v -0.02712475 0.0458392 0.03384162
v 0.05556905 0.01254777 0.02332652
v 0.05791657 0 0.01687882
v 0.058 0 0.0142967
v 0.05747527 0.00778421 0.0142967
v 0.04591095 0.03240027 0.02618518
v 0.01606896 0.0477651 0.04237479
v 0.01642518 0.04882396 0.03866041
v 0.00545287 0.05670591 0.02332638
v 0.00537869 0.05593445 0.02618518
v -0.00156617 0.05789539 0.01687882
v 0.03308347 0.03948482 0.03866041
v -0.03177949 0.04387333 0.0315675
v -0.04955633 0.03013587 0.01
v 0.03748119 0.03654857 0.03623246
v -0.02248342 0.04730846 0.03615477
v -0.01845123 0.04809503 0.03865996
v -0.0266434 0.04601982 0.03406076
v -0.00816282 0.04862241 0.04685812
v -0.00476236 0.04875135 0.04843231
v 0.02322205 0.04598154 0.03866041
v 0.01893648 0.04670253 0.04237479
v 0.0186486 0.04599254 0.04539508
v 0.01935626 0.04773784 0.03866041
v 0.00595621 0.0485583 0.04875379
v 0.01198329 0.04767704 0.04754247
v 0.0062716 0.05112957 0.03866041
v -0.0498 0.02228985 0.01587251
v -0.0498 0.02788601 0.01964363
v -0.0498 0.0213069 0.01655544
v -0.0498 0.01439323 0.01431428
v -0.03344746 0.04738425 0.01
v -0.02668377 0.05149734 0.01
v 0.05745979 0.00789767 0.01
v 0.058 0 0.01
v 0.01322593 0.04070522 0.01
v -0.03813508 0.01943079 0.01
v 0 0.0428 0.01
v 0.0428 0 0.01
v 0.04227306 0.0066954 0.01
v 0.04070522 0.01322593 0.01
v 0.03813508 0.01943079 0.01
v 0.03462593 0.02515721 0.01
v 0.03026417 0.03026417 0.01
v 0.0066954 0.04227306 0.01
v -0.0066954 0.04227306 0.01
v -0.04227306 0.0066954 0.01
v -0.0428 0 0.01
v -0.01322593 0.04070522 0.01
v -0.04070522 0.01322593 0.01
v -0.01943079 0.03813508 0.01
v -0.03462593 0.02515721 0.01
v -0.02515721 0.03462593 0.01
v -0.03026417 0.03026417 0.01
v 0.0535 0.00555959 0.02235075
v 0.0535 0 0.02211641
v 0.0535 0 0.024
v 0.02515721 -0.03462593 0.01
v 0.03344746 -0.04738425 0.01
v 0.02668377 -0.05149734 0.01
v 0.01943079 -0.03813508 0.01
v -0.0498 -0.00759796 0.01199127
v -0.0498 -0.00725356 0.01295536
v -0.01162414 -0.04903667 0.04237479
v -0.00834375 -0.04970008 0.04237479
v -0.00821689 -0.04894445 0.04539507
v -0.01150395 -0.04852965 0.04437365
v 0.05313841 -0.02053299 0.02332638
v 0.05156369 -0.02116408 0.02755889
v 0.04953692 -0.02652708 0.02618518
v 0.05022015 -0.02689295 0.02332638
v -0.04366234 -0.03817853 0.0142967
v -0.04499125 -0.0366031 0.01
v -0.03958808 -0.04238849 0.01
v -0.03814336 -0.04369307 0.0142967
v 0.04524023 -0.03152203 0.02915233
v 0.04569586 -0.02924027 0.03137401
v 0.04162594 -0.03323049 0.03384162
v 0.04039995 -0.03752547 0.02915233
v 0.04979277 -0.02974357 0.0142967
v 0.04955633 -0.03013587 0.01
v 0.05319826 -0.02310726 0.01
v 0.05333418 -0.02279177 0.0142967
v 0.0535 -0.0105924 0.02497543
v 0.0535 -0.01114923 0.02304498
v 0.0535 -0.00555959 0.02235044
v 0.0535 -0.00531861 0.02424437
v 0.0535 -0.01838986 0.02488772
v 0.0535 -0.01577693 0.02618702
v 0.0535 -0.01718553 0.02618518
v -0.05224461 -0.0251893 0.0142967
v -0.05251911 -0.0244274 0.0167943
v -0.05393996 -0.02127219 0.01546817
v -0.05515261 -0.01794964 0.0142967
v -0.0148824 -0.04931612 0.03866041
v -0.01188182 -0.05012373 0.03866041
v -0.01461965 -0.04844547 0.04163209
v -0.04882346 -0.03064143 0.01963455
v -0.0498 -0.02902737 0.01963455
v -0.0498 -0.02913912 0.01919784
v -0.04590955 -0.0339442 0.0227551
v -0.04905583 -0.03078726 0.01687882
v -0.04839128 -0.03197318 0.0142967
v -0.04469845 -0.03639611 0.01963455
v -0.0388955 -0.0405553 0.02618518
v -0.03625111 -0.04154725 0.02915233
v -0.04139335 -0.03809804 0.02597637
v 0.01430192 -0.05325196 0.02915233
v 0.01698336 -0.05048317 0.03384162
v 0.00960812 -0.05238959 0.03384162
v 0.00673256 -0.0547265 0.02915233
v -0.03943196 -0.04111465 0.02332638
v -0.03989902 -0.04160164 0.01963455
v -0.03362993 -0.045018 0.02618518
v -0.03010007 -0.04619851 0.02915233
v -0.04008891 -0.04179963 0.01687882
v -0.02871166 -0.05029881 0.01687882
v -0.02857566 -0.05006056 0.01963455
v -0.03449759 -0.04617948 0.01963455
v -0.03466177 -0.04639925 0.01687882
v -0.04491118 -0.03656932 0.01687882
v 0.04216593 -0.03830573 0.02332638
v 0.04159227 -0.03778459 0.02618518
v 0.03664605 -0.04259882 0.02618518
v 0.03715148 -0.04318636 0.02332638
v 0.0258274 -0.05153225 0.01963455
v 0.02552507 -0.05092902 0.02332638
v 0.01908853 -0.05367423 0.02332638
v 0.01931462 -0.05430998 0.01963455
v -0.02785694 -0.04880147 0.02618518
v -0.02336026 -0.04994612 0.02915233
v -0.0319342 -0.04841701 0.0142967
v 0.01219577 -0.05485304 0.02618518
v 0.01236397 -0.05560959 0.02332638
v 0.01882883 -0.052944 0.02618518
v 0.03759152 -0.04369789 0.01963455
v 0.04266537 -0.03875945 0.01963455
v -0.02166365 -0.05184862 0.02618518
v -0.02514722 -0.05226488 0.0142967
v 0.0319505 -0.04797701 0.01963455
v 0.03157649 -0.0474154 0.02332638
v -0.02232834 -0.05343945 0.01687882
v -0.01790521 -0.05516705 0.0142967
v -0.02824116 -0.04947456 0.02332638
v -0.03409376 -0.04563891 0.02332638
v -0.0015405 -0.05694665 0.02332638
v -0.00151954 -0.05617191 0.02618518
v -0.00839485 -0.05556185 0.02618518
v -0.00851063 -0.05632818 0.02332638
v -0.01560813 -0.05577379 0.01687882
v -0.01033923 -0.05707101 0.0142967
v -0.00865242 -0.05726661 0.01687882
v -0.02222258 -0.05318633 0.01963455
v 0.02159154 -0.05073581 0.02915233
v -0.02196244 -0.05256373 0.02332638
v 0.05376782 -0.0207762 0.01963455
v 0.05081499 -0.02721148 0.01963455
v 0.02517781 -0.05023615 0.02618518
v 0.02845882 -0.04722724 0.02915233
v 0.04709547 -0.0332362 0.01963455
v 0.04654417 -0.03284714 0.02332638
v 0.0311469 -0.04677032 0.02618518
v 0.05590938 -0.01402744 0.01963455
v 0.05617547 -0.0140942 0.01687882
v 0.05747965 -0.00710067 0.01687882
v 0.05720739 -0.00706703 0.01963455
v -0.0155342 -0.05550961 0.01963455
v -0.01535236 -0.05485982 0.02332638
v 0.0263074 -0.04428867 0.03866041
v 0.02401122 -0.04754415 0.03384162
v 0.03054794 -0.04363265 0.03384162
v 0.02981453 -0.04200786 0.03866041
v 0.03210256 -0.04820534 0.01687882
v 0.02749378 -0.05106948 0.0142967
v 0.0340991 -0.04691749 0.0142967
v 0.02595032 -0.0517775 0.01687882
v 0.01256996 -0.05653605 0.01687882
v 0.01251042 -0.05626826 0.01963455
v 0.00551746 -0.05737757 0.01963455
v 0.00554372 -0.05765064 0.01687882
v 0.05682909 -0.00635619 0.02233764
v 0.03777043 -0.04390585 0.01687882
v 0.04008742 -0.04191657 0.0142967
v -0.00861144 -0.05699536 0.01963455
v 0.04286842 -0.03894391 0.01687882
v 0.04535039 -0.03615719 0.0142967
v 0.05105683 -0.02734099 0.01687882
v 0.0473196 -0.03339438 0.01687882
v -0.00155875 -0.05762116 0.01963455
v 0.01291922 -0.05654285 0.0142967
v 0.01180045 -0.05678688 0.01
v 0.01942302 -0.05465113 0.01
v 0.02039099 -0.0542974 0.0142967
v 0.0491956 -0.02490201 0.02915233
v 0.05241548 -0.02025365 0.02618518
v 0.01940654 -0.05456845 0.01687882
v 0.0540237 -0.02087508 0.01687882
v 0.02947175 -0.04152488 0.04054793
v 0.02573691 -0.04332824 0.04237481
v -0.00259508 -0.0495615 0.04539507
v -0.00026569 -0.04962869 0.04539507
v -0.0002615 -0.04884556 0.04916324
v -0.00255597 -0.04881463 0.04897182
v -0.05767703 -0.00611442 0.01181747
v -0.05671326 -0.01214931 0.01276445
v -0.05745979 -0.00789767 0.01
v -0.0558492 -0.01564821 0.01
v 0.0558492 -0.01564821 0.01
v 0.05591056 -0.01542756 0.0142967
v 0.03958808 -0.04238849 0.01
v 0.04499125 -0.0366031 0.01
v -0.0009685 -0.05513056 0.02915233
v 0.00203636 -0.05322441 0.03384162
v -0.00557706 -0.05297057 0.03384162
v -0.00865061 -0.05445626 0.02915233
v -0.0498 -0.01506938 0.01345691
v -0.01180045 -0.05678688 0.01
v -0.01942302 -0.05465113 0.01
v -0.0002698 -0.05039487 0.04237479
v -0.00263514 -0.05032666 0.04237479
v -0.00269356 -0.0514423 0.03866041
v -0.00027578 -0.05151204 0.03866041
v 0.00196943 -0.05147511 0.03866041
v 0.00192672 -0.05035875 0.04237479
v 0.00929234 -0.05066773 0.03866041
v 0.01255687 -0.04995889 0.03866041
v 0.01228455 -0.04887541 0.04237479
v 0.00909081 -0.04956887 0.04237479
v 0.01209777 -0.04813233 0.04539507
v 0.0089526 -0.04881524 0.04539507
v -0.00489966 -0.05015685 0.04237479
v -0.00482517 -0.04939428 0.04539507
v 0.00189743 -0.04959311 0.04539507
v -0.0130764 -0.05163325 0.03384162
v -0.00852871 -0.05080184 0.03866041
v -0.00500827 -0.05126873 0.03866041
v -0.00258616 -0.05794232 0.0142967
v -0.00395806 -0.05786479 0.01
v 0.00395806 -0.05786479 0.01
v 0.0052137 -0.05776519 0.0142967
v 0.00613559 -0.0500207 0.04237479
v 0.0060423 -0.0492602 0.04539507
v -0.05319826 -0.02310726 0.01
v 0.03645982 -0.03882868 0.03384162
v 0.03476943 -0.04279489 0.02915233
v -0.01514349 -0.05411347 0.02618518
v -0.01616352 -0.05271677 0.02915233
v -0.02030827 -0.04923981 0.03384162
v -0.02712475 -0.0458392 0.03384162
v 0.05556905 -0.01254777 0.02332652
v 0.05747527 -0.00778421 0.0142967
v 0.04591095 -0.03240027 0.02618518
v 0.01642518 -0.04882396 0.03866041
v 0.01606896 -0.0477651 0.04237479
v 0.00545287 -0.05670591 0.02332638
v 0.00537869 -0.05593445 0.02618518
v -0.00156617 -0.05789539 0.01687882
v 0.03308347 -0.03948482 0.03866041
v -0.03177949 -0.04387333 0.0315675
v -0.04955633 -0.03013587 0.01
v 0.03748119 -0.03654857 0.03623246
v -0.02248342 -0.04730846 0.03615477
v -0.01845123 -0.04809503 0.03865996
v -0.0266434 -0.04601982 0.03406076
v -0.00476236 -0.04875135 0.04843231
v -0.00816282 -0.04862241 0.04685812
v 0.02322205 -0.04598154 0.03866041
v 0.01893648 -0.04670253 0.04237479
v 0.0186486 -0.04599254 0.04539508
v 0.01935626 -0.04773784 0.03866041
v 0.01198329 -0.04767704 0.04754247
v 0.00595621 -0.0485583 0.04875379
v 0.0062716 -0.05112957 0.03866041
v -0.0498 -0.02228985 0.01587251
v -0.0498 -0.02788601 0.01964363
v -0.0498 -0.0213069 0.01655544
v -0.0498 -0.01439323 0.01431428
v -0.03344746 -0.04738425 0.01
v -0.02668377 -0.05149734 0.01
v 0.05745979 -0.00789767 0.01
v 0.01322593 -0.04070522 0.01
v -0.03813508 -0.01943079 0.01
v 0 -0.0428 0.01
v 0.04227306 -0.0066954 0.01
v 0.04070522 -0.01322593 0.01
v 0.03813508 -0.01943079 0.01
v 0.03462593 -0.02515721 0.01
v 0.03026417 -0.03026417 0.01
v 0.0066954 -0.04227306 0.01
v -0.0066954 -0.04227306 0.01
v -0.04227306 -0.0066954 0.01
v -0.01322593 -0.04070522 0.01
v -0.04070522 -0.01322593 0.01
v -0.01943079 -0.03813508 0.01
v -0.03462593 -0.02515721 0.01
v -0.02515721 -0.03462593 0.01
v -0.03026417 -0.03026417 0.01
v 0.0535 -0.00555959 0.02235075
v -0.09576664 -0.02864427 0.08199923
v -0.09674801 -0.04206882 0.08199923
v -0.09674801 -0.04168319 0.08768233
v -0.09674801 -0.04053337 0.09326123
v -0.09674801 0.0360402 0.04879732
v -0.09668612 0.03526526 0.04890265
v -0.09674801 0.03864152 0.0538648
v -0.09670349 0.03916372 0.05249315
v -0.09663367 -0.03448357 0.10368276
v -0.09674801 -0.03864045 0.09863367
v -0.09668612 -0.03526418 0.10359582
v -0.09674801 -0.02802458 0.11337475
v -0.09660626 -0.03215274 0.1064737
v -0.09664099 -0.03218525 0.10710844
v -0.09668419 -0.03234579 0.10772593
v -0.09671497 -0.03250934 0.10809536
v -0.09674801 -0.03271859 0.10844331
v -0.09674801 0.04168426 0.08768233
v -0.09674801 0.04206989 0.08199923
v -0.09576655 0.02864378 0.08199923
v -0.09674801 0.04053445 0.09326123
v -0.09668348 0.03522922 0.10359558
v -0.09674801 0.03864152 0.09863367
v -0.09664049 0.03459531 0.10365827
v -0.09671458 0.03563701 0.1036225
v -0.09674801 0.0360402 0.10370115
v -0.09674801 0.02802565 0.11337475
v -0.09674801 0.03271966 0.10844331
v -0.0966862 0.03235647 0.1077517
v -0.09663376 0.03217026 0.10698973
v -0.09659775 0.03216955 0.10628428
v -0.0964018 -0.03153928 0.10298458
v -0.09659767 -0.03381965 0.10392466
v -0.09657609 -0.03328358 0.10426645
v -0.09656587 -0.03282912 0.10471483
v -0.09656771 -0.03248095 0.1052482
v -0.09658139 -0.03225233 0.10584342
v -0.05073941 -0.02899946 0.1322287
v -0.05073941 -0.0221951 0.13558425
v -0.05947378 -0.02394096 0.13442379
v -0.05947378 -0.02761988 0.13258226
v -0.09548843 -0.01051935 0.10298458
v -0.09674801 -0.02259658 0.11748445
v -0.09674801 -0.01657674 0.12066478
v -0.09674801 -0.01012274 0.12283242
v -0.09548843 -0.01051935 0.04951388
v -0.09492037 0.00056199 0.07028801
v -0.09548843 0.01052042 0.04951388
v -0.09574354 5.4E-07 0.04224747
v -0.09492312 -0.00173934 0.08199923
v -0.09515819 -0.01519765 0.08199923
v -0.09492041 -0.00058598 0.08222786
v -0.09548843 0.01052042 0.10298458
v -0.09674801 -0.00340361 0.12393063
v -0.09674801 0.00340468 0.12393063
v -0.09674801 0.01012382 0.12283242
v -0.09674801 0.01657782 0.12066478
v -0.09674801 0.02259765 0.11748445
v -0.0949231 0.00173573 0.08199923
v -0.0949204 0.00058771 0.08222742
v -0.09286957 -0.04726781 0.06475981
v -0.09545755 -0.04490478 0.06400385
v -0.09545755 -0.0435124 0.05764228
v -0.09286957 -0.04623136 0.05910409
v -0.09515809 0.01519561 0.08199923
v -0.0964018 0.03154035 0.10298458
v -0.09657619 0.03230735 0.10566428
v -0.09656591 0.03257206 0.10508426
v -0.09656762 0.03295252 0.1045746
v -0.09658121 0.03343228 0.10415608
v -0.09660596 0.03398915 0.10384672
v -0.09588977 -0.03502987 0.11010397
v -0.09653619 -0.03400847 0.10951201
v -0.09634871 -0.03446682 0.10965224
v -0.09612699 -0.03493009 0.1096991
v -0.09588977 -0.03538453 0.1096561
v -0.09566642 -0.03579961 0.10953975
v -0.09545755 -0.03619717 0.10935619
v -0.09545755 -0.03157454 0.11458285
v -0.09634873 0.03075206 0.03876547
v -0.09653619 0.03400955 0.04298645
v -0.09588977 0.03503094 0.0423945
v -0.09588977 0.0312544 0.03824708
v -0.09588977 -0.03125333 0.11425138
v -0.09286957 -0.02704816 0.03131243
v -0.09545755 -0.02620516 0.03345954
v -0.09545755 -0.02021604 0.02987944
v -0.09286957 -0.0221275 0.02833779
v -0.09588977 -0.02991764 0.11549413
v -0.09545755 -0.02620516 0.11903892
v -0.09667339 -0.0301034 0.11306473
v -0.09675349 -0.03313031 0.10892542
v -0.09667339 -0.03357133 0.10928003
v -0.09634873 0.02373632 0.03322591
v -0.09634873 0.02552273 0.03442562
v -0.09588977 0.02593965 0.03383634
v -0.09588977 0.02412406 0.03261703
v -0.09667339 0.02881793 0.03823672
v -0.09667339 0.03010448 0.03943374
v -0.09634873 0.02943784 0.0375427
v -0.09675952 -0.0283683 0.11375956
v -0.09667339 -0.02881686 0.11426175
v -0.09588977 -0.02593858 0.11866213
v -0.09588977 0.02991872 0.03700434
v -0.09667339 -0.0249842 0.11731318
v -0.09634873 0.02552273 0.11807285
v -0.09634873 0.02943784 0.11495577
v -0.09667339 0.02881793 0.11426175
v -0.09667339 0.02498527 0.11731318
v -0.09588977 -0.02412299 0.11988144
v -0.09545755 -0.02021604 0.12261903
v -0.09588977 0.02412406 0.11988144
v -0.09588977 0.02593965 0.11866213
v -0.09634873 0.02373632 0.11927255
v -0.09588977 0.02001145 0.03029265
v -0.09588977 0.01769759 0.02922188
v -0.09634873 0.01741315 0.02988533
v -0.09634873 0.01968982 0.0309389
v -0.09675952 -0.02287372 0.11791966
v -0.09667339 -0.0232354 0.11848763
v -0.09588977 -0.02001038 0.12220581
v -0.09634873 -0.02373525 0.03322591
v -0.09634873 -0.01968874 0.0309389
v -0.09588977 -0.02001038 0.03029265
v -0.09588977 -0.02412299 0.03261703
v -0.09667339 -0.0232354 0.03401083
v -0.09667339 -0.01927411 0.03177198
v -0.09667339 -0.01927411 0.12072648
v -0.09588977 -0.01769652 0.12327658
v -0.09545755 -0.0137488 0.12523849
v -0.09588977 -0.01769652 0.02922188
v -0.09634873 -0.01741207 0.02988533
v -0.09667339 0.01704646 0.03074061
v -0.09667339 0.01927519 0.03177198
v -0.09675952 -0.01678006 0.12113899
v -0.09667339 -0.01704539 0.12175786
v -0.09588977 -0.01360893 0.12479862
v -0.09634873 0.01063393 0.02760845
v -0.09634873 0.00677602 0.02683253
v -0.09667339 0.00663333 0.02775209
v -0.09667339 0.01041001 0.02851168
v -0.09667339 -0.01310819 0.12322389
v -0.09667339 0.01310927 0.02927457
v -0.09634873 0.01339126 0.02838776
v -0.09588977 -0.01080656 0.12559065
v -0.09545755 -0.00695639 0.12683536
v -0.09634873 -0.01063286 0.02760845
v -0.09634873 -0.01339018 0.02838776
v -0.09667339 -0.01310819 0.02927457
v -0.09667339 -0.01040893 0.02851168
v -0.09634873 0.01063393 0.12489001
v -0.09634873 0.01339126 0.12411071
v -0.09667339 0.01310927 0.12322389
v -0.09667339 0.01041001 0.12398679
v -0.09675952 -0.0102469 0.12333322
v -0.09667339 -0.01040893 0.12398679
v -0.09588977 -0.00688562 0.12637925
v -0.09634873 0.00677602 0.12566593
v -0.09588977 0.0068867 0.12637925
v -0.09588977 0.01080763 0.12559065
v -0.09667339 -0.00663226 0.12474637
v -0.09634873 -0.01968874 0.12155957
v -0.09634873 -0.02373525 0.11927255
v -0.09634873 -0.00357514 0.12604356
v -0.09545755 5.4E-07 0.12737188
v -0.09634873 -0.00677494 0.12566593
v -0.09675952 -0.00344536 0.12444489
v -0.09667339 -0.00349984 0.12511605
v -0.09588977 5.4E-07 0.12691031
v -0.09634873 5.4E-07 0.12618846
v -0.09634873 0.00357622 0.12604356
v -0.09667339 0.00350092 0.12511605
v -0.09667339 5.4E-07 0.12525789
v -0.09545755 0.00695747 0.12683536
v -0.09588977 0.01361 0.02769984
v -0.09675952 0.00344643 0.12444489
v -0.09667339 0.00663333 0.12474637
v -0.09545755 0.01374987 0.12523849
v -0.09667339 -0.00349984 0.02738242
v -0.09667339 5.4E-07 0.02724057
v -0.09634873 5.4E-07 0.02631
v -0.09634873 -0.00357514 0.02645491
v -0.09667339 -0.00663226 0.02775209
v -0.09634873 -0.00677494 0.02683253
v -0.09675952 0.01024798 0.12333322
v -0.09588977 0.01361 0.12479862
v -0.09634873 -0.01063286 0.12489001
v -0.09634873 -0.01339018 0.12411071
v -0.09588977 0.01769759 0.12327658
v -0.09545755 0.02021711 0.12261903
v -0.09634873 -0.01741207 0.12261312
v -0.09605975 -0.0405959 0.10066429
v -0.09605975 -0.03834489 0.10493575
v -0.09648887 -0.03764986 0.10452002
v -0.09648887 -0.03986007 0.10032597
v -0.09588977 0.02001145 0.12220581
v -0.09675952 0.01678113 0.12113899
v -0.09667339 0.01704646 0.12175786
v -0.09588977 0.01080763 0.02690781
v -0.09667339 0.01927519 0.12072648
v -0.09545755 0.02620624 0.11903892
v -0.09667339 0.02323648 0.03401083
v -0.09675952 0.02287479 0.11791966
v -0.09667339 0.02323648 0.11848763
v -0.09634873 -0.02552166 0.03442562
v -0.09667339 -0.0249842 0.03518528
v -0.09634873 -0.02552166 0.11807285
v -0.09588977 0.02991872 0.11549413
v -0.09545755 0.03157561 0.11458285
v -0.09634873 0.01968982 0.12155957
v -0.09588977 0.0312544 0.11425138
v -0.09634873 -0.02943677 0.11495577
v -0.09634873 -0.03075099 0.11373299
v -0.09634873 -0.02943677 0.0375427
v -0.09667339 -0.02881686 0.03823672
v -0.09675952 0.02836937 0.11375956
v -0.09667339 0.03010448 0.11306473
v -0.09588977 0.03484716 0.11033151
v -0.09545755 0.03619825 0.10935619
v -0.0957659 0.03561586 0.10960112
v -0.09609276 0.03499854 0.10969821
v -0.09634873 -0.034286 0.04262234
v -0.09634873 -0.03075099 0.03876547
v -0.09588977 -0.03125333 0.03824708
v -0.09588977 -0.03484609 0.04216695
v -0.09609276 -0.03499746 0.04280026
v -0.09636614 -0.03442767 0.04285444
v -0.09634873 0.03428707 0.10987613
v -0.09636614 0.03442874 0.10964403
v -0.09656715 0.03392261 0.10947408
v -0.09667322 -0.04148582 0.05824108
v -0.09667322 -0.03973357 0.05339422
v -0.09634807 -0.04058878 0.05302607
v -0.09634807 -0.04237875 0.05797724
v -0.09667339 0.03356504 0.10928908
v -0.09670362 0.03344467 0.1091912
v -0.09675952 0.03304259 0.10886429
v -0.09675952 0.03305506 0.10884896
v -0.05947378 -0.05704556 0.06229725
v -0.05947378 -0.05631509 0.05824852
v -0.05073941 -0.05627672 0.0564682
v -0.05073941 -0.05756717 0.06343103
v -0.09017272 -0.00599329 0.13136287
v -0.08737372 -0.00735706 0.13317244
v -0.08737372 5.4E-07 0.13369867
v -0.09017272 5.4E-07 0.13172543
v -0.09286957 -0.04761498 0.07049923
v -0.09017272 -0.04936311 0.0645054
v -0.09017272 -0.04972567 0.07049923
v -0.09017272 -0.04828071 0.05859897
v -0.08737372 -0.04960471 0.05593382
v -0.08737372 -0.05117267 0.06314164
v -0.09017272 0.04828179 0.05859897
v -0.09017272 0.04936418 0.0645054
v -0.08737372 0.05117375 0.06314164
v -0.08737372 0.04960578 0.05593382
v -0.09286957 5.4E-07 0.12961476
v -0.09286957 -0.00573888 0.12926757
v -0.09286957 -0.04452074 0.09888393
v -0.09545755 -0.04122367 0.10095292
v -0.09545755 -0.0435124 0.09485619
v -0.09286957 -0.04623136 0.09339437
v -0.09017272 -0.02310838 0.02646887
v -0.09286957 -0.01688416 0.02597795
v -0.09017272 -0.01763262 0.02400443
v -0.09017272 -0.04649427 0.09963239
v -0.08737372 -0.04960471 0.09656464
v -0.08737372 -0.04702692 0.10347595
v -0.09017272 -0.04828071 0.0938995
v -0.09492469 -0.00213278 0.07925521
v -0.09492011 -0.00033402 0.07763643
v -0.09492043 -0.00064626 0.07752135
v -0.09492583 -0.00237678 0.0792114
v -0.09286957 -0.04216091 0.10412727
v -0.09017272 -0.04402983 0.10510815
v -0.08737372 -0.0434918 0.10995006
v -0.09017272 -0.03297403 0.11921983
v -0.09286957 -0.03157439 0.11763996
v -0.09286957 -0.03564019 0.11357416
v -0.09017272 -0.03722006 0.11497381
v -0.09286957 -0.03918627 0.10904793
v -0.095263 -0.03664776 0.10904808
v -0.09514134 -0.03706401 0.10866322
v -0.09509989 -0.03742857 0.10821404
v -0.09514184 -0.03772659 0.10771635
v -0.09526278 -0.03794738 0.10719268
v -0.09545755 -0.03808573 0.1066592
v -0.09286957 -0.03918627 0.04345054
v -0.09017272 -0.04092333 0.04225153
v -0.09017272 -0.04402983 0.04739032
v -0.09286957 -0.04216091 0.0483712
v -0.09017272 -0.02824717 0.1229231
v -0.08737372 -0.03385539 0.12107106
v -0.08737372 -0.02795029 0.12549156
v -0.09017272 -0.04092333 0.11024693
v -0.09017272 0.03722113 0.11497381
v -0.09017272 0.03297511 0.11921983
v -0.08737372 0.03385647 0.12107106
v -0.08737372 0.03907236 0.11585516
v -0.09286957 0.04452182 0.05361454
v -0.09017272 0.04649534 0.05286608
v -0.09017272 0.0440309 0.04739032
v -0.09286957 0.04216198 0.0483712
v -0.09286957 -0.03157439 0.03485851
v -0.09545755 -0.03157454 0.03791562
v -0.09017272 0.0409244 0.11024693
v -0.09286957 0.03918734 0.10904793
v -0.09286957 0.03564126 0.11357416
v -0.09286957 -0.00573888 0.02323089
v -0.09017272 -0.00599329 0.02113559
v -0.09017272 -0.01189972 0.02221798
v -0.09286957 -0.0113946 0.02426734
v -0.09017272 0.02824824 0.1229231
v -0.08737372 0.02795136 0.12549156
v -0.09545755 0.02620624 0.03345954
v -0.09286957 0.02704923 0.03131243
v -0.09286957 0.02212857 0.02833779
v -0.09545755 0.02021711 0.02987944
v -0.09286957 5.4E-07 0.02288372
v -0.09286957 0.00573995 0.02323089
v -0.09017272 0.00599437 0.02113559
v -0.09017272 5.4E-07 0.02077303
v -0.09017272 -0.02310838 0.1260296
v -0.08737372 -0.02147618 0.1290267
v -0.09286957 0.02212857 0.12416067
v -0.09286957 0.01688523 0.12652051
v -0.09017272 -0.01763262 0.12849404
v -0.08737372 -0.01456488 0.13160448
v -0.09286957 -0.0113946 0.12823112
v -0.09286957 -0.01688416 0.12652051
v -0.09286957 -0.04726781 0.08773865
v -0.09017272 -0.04936311 0.08799306
v -0.09017272 -0.01189972 0.13028048
v -0.08737372 -0.05117267 0.08935683
v -0.09545755 5.4E-07 0.02512658
v -0.09545755 0.00695747 0.02566311
v -0.09017272 0.00599437 0.13136287
v -0.08737372 0.00735813 0.13317244
v -0.09017272 0.04936418 0.08799306
v -0.09286957 0.04726888 0.08773865
v -0.09286957 0.04623243 0.09339437
v -0.09017272 0.04828179 0.0938995
v -0.09286957 0.04452182 0.09888393
v -0.09017272 0.04649534 0.09963239
v -0.08737372 0.047028 0.10347595
v -0.08737372 0.04349287 0.10995006
v -0.08641014 0.04388903 0.11020466
v -0.08641014 0.04745636 0.10367158
v -0.08737372 0.04349287 0.04254841
v -0.08641014 0.04388903 0.04229381
v -0.08641014 0.03942826 0.03633492
v -0.08737372 0.03907236 0.0366433
v -0.08641014 -0.03942719 0.11616355
v -0.08737372 -0.03907129 0.11585516
v -0.08641014 -0.04388796 0.11020466
v -0.08641014 -0.03416378 0.12142695
v -0.08737372 -0.00735706 0.01932603
v -0.08641014 -0.00742408 0.0188599
v -0.08641014 -0.01469755 0.02044214
v -0.08737372 -0.01456488 0.02089399
v -0.08641014 0.03416485 0.03107151
v -0.08737372 0.03385647 0.03142741
v -0.09286957 0.03564126 0.03892431
v -0.09017272 0.03722113 0.03752466
v -0.09017272 0.03297511 0.03327864
v -0.09286957 0.03157546 0.03485851
v -0.08641014 -0.04745529 0.10367158
v -0.08737372 0.01456595 0.02089399
v -0.08641014 0.01469862 0.02044214
v -0.08641014 0.00742515 0.0188599
v -0.08737372 0.00735813 0.01932603
v -0.08641014 0.05163987 0.08942385
v -0.08737372 0.05117375 0.08935683
v -0.08737372 0.04960578 0.09656464
v -0.08641014 0.05005763 0.09669732
v -0.08641014 0.02820596 0.02661074
v -0.08737372 0.02795136 0.0270069
v -0.08641014 -0.00742408 0.13363858
v -0.08641014 5.4E-07 0.13416959
v -0.08641014 0.00742515 0.13363858
v -0.08737372 -0.0516989 0.07049923
v -0.08641014 -0.0516388 0.06307462
v -0.08641014 -0.05216982 0.07049923
v -0.08641014 -0.03416378 0.03107151
v -0.08737372 -0.03385539 0.03142741
v -0.08737372 -0.02795029 0.0270069
v -0.08641014 -0.02820489 0.02661074
v -0.08737372 -0.04702692 0.04902251
v -0.08641014 -0.04745529 0.04882688
v -0.08641014 -0.05005655 0.05580115
v -0.08641014 -0.01469755 0.13205633
v -0.09667339 -0.01704539 0.03074061
v -0.08737372 -0.02147618 0.02347177
v -0.08641014 -0.02167181 0.02304341
v -0.08737372 0.047028 0.04902251
v -0.08641014 0.05005763 0.05580115
v -0.08641014 0.04745636 0.04882688
v -0.08641014 0.03416485 0.12142695
v -0.08641014 0.02820596 0.12588772
v -0.08737372 0.05169997 0.07049923
v -0.08641014 0.05217089 0.07049923
v -0.08641014 0.05163987 0.06307462
v -0.09634873 0.00357622 0.02645491
v -0.09667339 0.00350092 0.02738242
v -0.08641014 0.03942826 0.11616355
v -0.07758683 -0.05456861 0.08590209
v -0.08641014 -0.05216982 0.08199923
v -0.07758683 -0.054708 0.08199923
v -0.07758683 0.03278614 0.0267028
v -0.07758683 0.03582701 0.02915328
v -0.07758683 0.04976517 0.10472598
v -0.07758683 0.04801707 0.10821825
v -0.07758683 -0.05345774 0.09362837
v -0.08641014 -0.0516388 0.08942385
v -0.07758683 -0.05415114 0.08978507
v -0.07758683 0.05470907 0.08199923
v -0.07758683 0.05456968 0.08590209
v -0.06858885 0.05638971 0.08603226
v -0.06858885 0.05653375 0.08199923
v -0.07758683 0.05415222 0.08978507
v -0.06858885 0.05595832 0.09004475
v -0.07758683 -0.04134541 0.03467276
v -0.08641014 -0.03942719 0.03633492
v -0.07758683 -0.03868424 0.03181446
v -0.07758683 0.04602429 0.04092157
v -0.06858885 0.0475593 0.03993507
v -0.06858885 0.04525771 0.03662014
v -0.07758683 0.04379698 0.03771363
v -0.06858885 0.05524179 0.05848223
v -0.07758683 0.05345881 0.0588701
v -0.07758683 0.05415222 0.0627134
v -0.06858885 0.05595832 0.06245372
v -0.05947378 -0.00411093 0.13948511
v -0.05073941 -0.00756998 0.13950303
v -0.05073941 5.4E-07 0.13999923
v -0.05947378 5.4E-07 0.13963194
v -0.05947378 -0.00411093 0.01301336
v -0.06858885 -0.0040325 0.01411006
v -0.06858885 5.4E-07 0.01396602
v -0.05947378 5.4E-07 0.01286652
v -0.07758683 -0.0497641 0.10472598
v -0.07758683 -0.05125861 0.10111791
v -0.06858885 -0.05653268 0.07049923
v -0.06858885 -0.05638864 0.0664662
v -0.05947378 -0.05748534 0.06638777
v -0.05947378 -0.05763218 0.07049923
v -0.05947378 -0.05704556 0.09020122
v -0.05947378 -0.05748534 0.0861107
v -0.05073941 -0.05750326 0.08956975
v -0.07758683 0.01541371 0.01800678
v -0.07758683 0.01162967 0.01704096
v -0.06858885 -0.05638864 0.08603226
v -0.06858885 -0.05653268 0.08199923
v -0.05947378 -0.03115806 0.13048296
v -0.05947378 -0.03453746 0.12813661
v -0.05073941 -0.03530763 0.12801373
v -0.06858885 0.05524179 0.09401623
v -0.05947378 0.05631616 0.09424995
v -0.05947378 0.05704663 0.09020122
v -0.07758683 -0.04602321 0.1115769
v -0.07758683 -0.04801599 0.10821825
v -0.07758683 0.03278614 0.12579568
v -0.06858885 0.03387963 0.12725641
v -0.06858885 0.03702192 0.12472418
v -0.07758683 0.03582701 0.12334518
v -0.06858885 0.05424376 0.09792648
v -0.05947378 0.05529872 0.09823625
v -0.05947378 -0.05529765 0.09823625
v -0.05947378 -0.05631509 0.09424995
v -0.05073941 -0.05602316 0.09701074
v -0.07758683 -0.00390232 0.13656838
v -0.07758683 5.4E-07 0.13670777
v -0.07758683 -0.0437959 0.11478484
v -0.06858885 0.03702192 0.02777428
v -0.06858885 0.03387963 0.02524206
v -0.07758683 -0.03868424 0.12068401
v -0.06858885 -0.03997448 0.12197425
v -0.06858885 -0.03702084 0.12472418
v -0.07758683 -0.03582593 0.12334518
v -0.06858885 -0.02348421 0.13342366
v -0.05947378 -0.02014003 0.13599819
v -0.06858885 -0.0197558 0.13496801
v -0.05947378 -0.04613683 0.11653724
v -0.05947378 -0.04848319 0.11315783
v -0.05073941 -0.05022893 0.11099923
v -0.05073941 -0.04601396 0.11730739
v -0.06858885 -0.05296824 0.0507429
v -0.05947378 -0.05399842 0.05035866
v -0.05947378 -0.05529765 0.05426222
v -0.06858885 -0.05424269 0.05457199
v -0.05947378 -0.05242402 0.10594073
v -0.05947378 -0.05399842 0.1021398
v -0.05073941 -0.05358448 0.10419487
v -0.05947378 0.01623755 0.01520105
v -0.05947378 0.02014111 0.01650028
v -0.05073941 0.02219618 0.01691422
v -0.05073941 0.01501204 0.01447553
v -0.08641014 0.01469862 0.13205633
v -0.07758683 0.01541371 0.13449168
v -0.07758683 0.01911921 0.13325837
v -0.08641014 0.02167289 0.12945506
v -0.07758683 -0.04134541 0.1178257
v -0.06858885 0.03997556 0.12197425
v -0.07758683 0.03868531 0.12068401
v -0.07758683 0.04134649 0.1178257
v -0.06858885 0.04272549 0.11902062
v -0.06858885 0.04525771 0.11587833
v -0.07758683 0.04379698 0.11478484
v -0.06858885 0.05142496 0.10548398
v -0.05947378 0.0524251 0.10594073
v -0.05947378 0.05399949 0.1021398
v -0.06858885 0.05296932 0.10175557
v -0.05947378 -0.02761988 0.01991621
v -0.06858885 -0.02709295 0.02088122
v -0.06858885 -0.02348421 0.01907481
v -0.05947378 -0.02394096 0.01807467
v -0.05947378 -0.05058249 0.10961965
v -0.07758683 0.0039034 0.13656838
v -0.07758683 -0.03278507 0.12579568
v -0.07758683 0.02272728 0.0207346
v -0.06858885 0.02348528 0.01907481
v -0.06858885 0.01975687 0.01753045
v -0.07758683 0.01911921 0.01924009
v -0.05947378 0.04848426 0.11315783
v -0.06858885 0.0475593 0.11256339
v -0.05947378 0.0461379 0.11653724
v -0.05947378 0.04075302 0.12275171
v -0.05947378 0.03774194 0.12555513
v -0.06858885 -0.03387856 0.02524206
v -0.07758683 -0.03278507 0.0267028
v -0.07758683 -0.02957713 0.02447549
v -0.06858885 -0.03056363 0.02294047
v -0.07758683 0.05249299 0.09741241
v -0.07758683 0.05125968 0.10111791
v -0.05947378 0.03774194 0.02694333
v -0.05947378 0.04075302 0.02974675
v -0.05073941 0.04101273 0.02948704
v -0.05073941 0.0353087 0.02448474
v -0.05947378 -0.04355536 0.11974064
v -0.07758683 0.04801707 0.04428022
v -0.06858885 -0.03387856 0.12725641
v -0.05947378 -0.03774086 0.12555513
v -0.07758683 -0.02272621 0.13176386
v -0.08641014 -0.02167181 0.12945506
v -0.07758683 -0.02621847 0.13001576
v -0.07758683 0.05345881 0.09362837
v -0.05947378 -0.04075195 0.12275171
v -0.05073941 -0.04101166 0.12301143
v -0.06858885 -0.05524072 0.05848223
v -0.07758683 -0.02621847 0.0224827
v -0.07758683 -0.01911814 0.13325837
v -0.09634807 -0.04014965 0.05203936
v -0.09588922 -0.04080493 0.05173807
v -0.09588922 -0.04125123 0.05274089
v -0.07758683 0.0295782 0.12802298
v -0.06858885 0.0305647 0.129558
v -0.05947378 0.01623755 0.13729742
v -0.06858885 0.01592778 0.13624245
v -0.06858885 0.01201754 0.13724048
v -0.05947378 0.01225125 0.13831486
v -0.06858885 0.05638971 0.0664662
v -0.05947378 0.05748641 0.06638777
v -0.05947378 0.05704663 0.06229725
v -0.05947378 0.00820253 0.01345314
v -0.05947378 0.01225125 0.01418361
v -0.05073941 0.00757106 0.01299543
v -0.07758683 0.00778637 0.13615091
v -0.07758683 0.01162967 0.1354575
v -0.07758683 -0.0116286 0.1354575
v -0.07758683 -0.01541264 0.13449168
v -0.07758683 0.04602429 0.1115769
v -0.06858885 0.02709402 0.13161725
v -0.05947378 0.02762096 0.13258226
v -0.05947378 0.03115914 0.13048296
v -0.06858885 -0.02709295 0.13161725
v -0.05947378 -0.01623647 0.13729742
v -0.05073941 -0.01501097 0.13802293
v -0.05947378 -0.01225018 0.13831486
v -0.06858885 -0.01201646 0.13724048
v -0.06858885 -0.01592671 0.13624245
v -0.07758683 -0.0077853 0.13615091
v -0.06858885 -0.05296824 0.10175557
v -0.06858885 -0.05142388 0.10548398
v -0.06858885 0.03997556 0.03052421
v -0.07758683 0.03868531 0.03181446
v -0.07758683 0.04134649 0.03467276
v -0.06858885 0.04272549 0.03347785
v -0.06858885 0.01975687 0.13496801
v -0.05947378 0.02014111 0.13599819
v -0.05947378 0.02394203 0.13442379
v -0.06858885 0.02348528 0.13342366
v -0.05947378 0.05058356 0.04287881
v -0.05947378 0.0524251 0.04655774
v -0.05073941 0.05358555 0.04830359
v -0.05073941 0.05023001 0.04149923
v -0.06858885 0.0305647 0.02294047
v -0.07758683 0.0295782 0.02447549
v -0.07758683 -0.05249192 0.05508606
v -0.07758683 -0.05125861 0.05138056
v -0.07758683 0.02621955 0.13001576
v -0.05947378 0.05748641 0.0861107
v -0.05947378 0.05763325 0.08199923
v -0.05947378 0.05631616 0.05824852
v -0.05073941 0.05750434 0.06292871
v -0.05073941 0.05602423 0.05548773
v -0.05947378 0.05399949 0.05035866
v -0.06858885 0.05296932 0.0507429
v -0.06858885 0.05424376 0.05457199
v -0.05947378 0.05529872 0.05426222
v -0.05947378 -0.00820145 0.13904533
v -0.07758683 0.05456968 0.06659637
v -0.07758683 0.05470907 0.07049923
v -0.07758683 -0.04602321 0.04092157
v -0.08641014 -0.04388796 0.04229381
v -0.07758683 -0.0437959 0.03771363
v -0.08641014 5.4E-07 0.01832888
v -0.07758683 5.4E-07 0.0157907
v -0.07758683 -0.00390232 0.01593009
v -0.07758683 -0.01911814 0.01924009
v -0.06858885 -0.0197558 0.01753045
v -0.07758683 -0.02272621 0.0207346
v -0.06858885 -0.04961748 0.10909272
v -0.07758683 -0.05345774 0.0588701
v -0.06858885 -0.05595725 0.06245372
v -0.07758683 -0.05415114 0.0627134
v -0.05073941 -0.05799946 0.08199923
v -0.05947378 -0.05763218 0.08199923
v -0.06858885 -0.01201646 0.01525798
v -0.05947378 -0.01225018 0.01418361
v -0.05947378 -0.01623647 0.01520105
v -0.06858885 -0.01592671 0.01625601
v -0.07758683 0.04976517 0.04777249
v -0.07758683 0.05125968 0.05138056
v -0.06858885 -0.05595725 0.09004475
v -0.05947378 0.03115914 0.02201551
v -0.05947378 0.03453854 0.02436187
v -0.05073941 0.02900054 0.02026976
v -0.07758683 -0.0116286 0.01704096
v -0.07758683 -0.0077853 0.01634755
v -0.06858885 -0.00804498 0.01454145
v -0.06858885 -0.00804498 0.13795702
v -0.05947378 -0.03453746 0.02436187
v -0.05947378 -0.03774086 0.02694333
v -0.06858885 -0.03702084 0.02777428
v -0.07758683 0.05249299 0.05508606
v -0.05947378 -0.05058249 0.04287881
v -0.06858885 -0.04961748 0.04340575
v -0.06858885 -0.04755823 0.03993507
v -0.05947378 -0.04848319 0.03934063
v -0.08641014 0.02167289 0.02304341
v -0.07758683 0.02272728 0.13176386
v -0.05947378 -0.05242402 0.04655774
v -0.06858885 -0.05142388 0.04701449
v -0.07758683 -0.03582593 0.02915328
v -0.05947378 -0.02014003 0.01650028
v -0.05947378 0.04848426 0.03934063
v -0.05947378 0.00411201 0.01301336
v -0.06858885 0.00403357 0.01411006
v -0.06858885 0.00804605 0.01454145
v -0.06858885 -0.04525663 0.03662014
v -0.05947378 -0.04613683 0.03596123
v -0.05073941 5.4E-07 0.01249923
v -0.05947378 0.04355644 0.03275783
v -0.05947378 0.0461379 0.03596123
v -0.05073941 0.04601503 0.03519107
v -0.07758683 -0.0497641 0.04777249
v -0.07758683 -0.04801599 0.04428022
v -0.06858885 0.01592778 0.01625601
v -0.05947378 -0.04075195 0.02974675
v -0.06858885 -0.03997448 0.03052421
v -0.07758683 0.02621955 0.0224827
v -0.06858885 0.01201754 0.01525798
v -0.07758683 0.00778637 0.01634755
v -0.06858885 -0.04272442 0.11902062
v -0.06858885 -0.04525663 0.11587833
v -0.05947378 0.02394203 0.01807467
v -0.06858885 0.02709402 0.02088122
v -0.05947378 0.02762096 0.01991621
v -0.07758683 -0.05249192 0.09741241
v -0.08641014 -0.05005655 0.09669732
v -0.06858885 -0.04272442 0.03347785
v -0.07758683 -0.01541264 0.01800678
v -0.06858885 0.04961855 0.10909272
v -0.05947378 0.05058356 0.10961965
v -0.05947378 -0.04355536 0.03275783
v -0.07758683 0.0039034 0.01593009
v -0.06858885 0.00804605 0.13795702
v -0.06858885 -0.05424269 0.09792648
v -0.06858885 0.05142496 0.04701449
v -0.05073941 0.05800054 0.07049923
v -0.05947378 0.05763325 0.07049923
v -0.08737372 -0.0434918 0.04254841
v -0.08737372 0.02147726 0.1290267
v -0.08737372 -0.03907129 0.0366433
v -0.08737372 -0.0516989 0.08199923
v -0.08737372 5.4E-07 0.0187998
v -0.09286957 0.04761605 0.08199923
v -0.09545755 0.04537319 0.08199923
v -0.09545755 0.04490585 0.08849461
v -0.09017272 0.04972674 0.08199923
v -0.09545755 0.04351348 0.09485619
v -0.09545755 0.04122474 0.05154555
v -0.09545755 0.04351348 0.05764228
v -0.09286957 0.04623243 0.05910409
v -0.09286957 0.01139568 0.02426734
v -0.09017272 0.0119008 0.02221798
v -0.09545755 0.0380868 0.1066592
v -0.09286957 0.04216198 0.10412727
v -0.09545755 0.04122474 0.10095292
v -0.09017272 0.02310946 0.1260296
v -0.09017272 0.01763369 0.12849404
v -0.09286957 0.03918734 0.04345054
v -0.095263 0.03664884 0.04345039
v -0.09514134 0.03706508 0.04383525
v -0.09509989 0.03742965 0.04428443
v -0.09514184 0.03772766 0.04478211
v -0.09526278 0.03794846 0.04530579
v -0.09545755 0.0380868 0.04583927
v -0.09017272 -0.03722006 0.03752466
v -0.09017272 0.02310946 0.02646887
v -0.09017272 0.01763369 0.02400443
v -0.09286957 0.01688523 0.02597795
v -0.09017272 0.0409244 0.04225153
v -0.09545755 0.03619825 0.04314227
v -0.09545755 0.03157561 0.03791562
v -0.09286957 0.01139568 0.12823112
v -0.09017272 0.0119008 0.13028048
v -0.09492207 -0.00141858 0.07626072
v -0.09492196 -0.00137994 0.07593101
v -0.09515675 -0.01515187 0.07049923
v -0.09581113 -0.00099217 0.04112898
v -0.09674801 -0.01012274 0.02966604
v -0.09674801 -0.01657674 0.03183369
v -0.09017272 0.0440309 0.10510815
v -0.09286957 0.03157546 0.11763996
v -0.09286957 0.02704923 0.12118603
v -0.09286957 -0.02704816 0.12118603
v -0.09017272 -0.03297403 0.03327864
v -0.09017272 -0.02824717 0.02957537
v -0.09017272 0.02824824 0.02957537
v -0.08737372 0.02147726 0.02347177
v -0.09286957 -0.04452074 0.05361454
v -0.09017272 -0.04649427 0.05286608
v -0.09545755 0.01374987 0.02725998
v -0.09286957 -0.0221275 0.12416067
v -0.08737372 0.01456595 0.13160448
v -0.09545755 -0.00695639 0.02566311
v -0.08737372 0.05169997 0.08199923
v -0.05947378 0.00411201 0.13948511
v -0.05073941 0.00792937 0.13945472
v -0.06858885 -0.0040325 0.13838841
v -0.06858885 5.4E-07 0.13853244
v -0.07758683 -0.05456861 0.06659637
v -0.05073941 -0.00792843 0.01304376
v -0.05947378 0.00820253 0.13904533
v -0.08641014 -0.02820489 0.12588772
v -0.07758683 -0.02957713 0.12802298
v -0.06858885 -0.05524072 0.09401623
v -0.06858885 0.04961855 0.04340575
v -0.05947378 -0.00820145 0.01345314
v -0.05073941 -0.01570852 0.01466711
v -0.06858885 -0.03056363 0.129558
v -0.05947378 0.03453854 0.12813661
v -0.05073941 0.01570933 0.13783142
v -0.05073941 -0.02319364 0.01733881
v -0.06858885 0.00403357 0.13838841
v -0.05947378 0.04355644 0.11974064
v -0.05073941 0.02319435 0.13515981
v -0.05073941 -0.03024325 0.0210087
v -0.05073941 0.03024387 0.13149005
v -0.05947378 -0.03115806 0.02201551
v -0.05073941 -0.03672498 0.02560785
v -0.05073941 0.03672554 0.12689103
v -0.05073941 -0.04251713 0.03104992
v -0.05073941 0.04251765 0.12144914
v -0.05073941 -0.05414737 0.04971452
v -0.05073941 0.04751146 0.11526652
v -0.06858885 -0.04755823 0.11256339
v -0.09492134 0.00113946 0.07542886
v -0.09492175 0.00130226 0.07571822
v -0.09493313 0.0035691 0.07562771
v -0.09493139 0.00332379 0.07481327
v -0.05073941 0.05121157 0.10922845
v -0.08641014 0.05217089 0.08199923
v -0.05073941 -0.05799946 0.07049923
v -0.05073941 -0.04751093 0.03723272
v -0.05073941 -0.05121085 0.04327067
v -0.05073941 0.05627771 0.09603063
v -0.09667322 0.03930476 0.10007016
v -0.09667323 0.03711958 0.10421538
v -0.09653579 0.03748786 0.10454614
v -0.09634807 0.04015072 0.10045911
v -0.05073941 0.05756822 0.08906762
v -0.09648887 -0.04029604 0.09934638
v -0.09648887 -0.04227006 0.09374376
v -0.09605975 -0.04103992 0.09966661
v -0.07758683 -0.054708 0.07049923
v -0.06858885 0.05653375 0.07049923
v -0.05073941 0.05414824 0.10278447
v -0.05073941 0.05800054 0.08199923
v -0.09286957 -0.04761498 0.08199923
v -0.09545755 -0.04537211 0.08199923
v -0.09545755 -0.04537211 0.07049923
v -0.09672238 0.04298607 0.07049923
v -0.09674801 0.04206989 0.07049923
v -0.09672238 0.04298607 0.08199923
v -0.09017272 -0.04972567 0.08199923
v -0.09648887 0.04387237 0.07049923
v -0.09648887 0.04387237 0.08199923
v -0.09605975 -0.04468117 0.08199923
v -0.09605975 -0.04468117 0.07049923
v -0.09588977 -0.00688562 0.02611921
v -0.09588977 -0.01080656 0.02690781
v -0.09286957 0.00573995 0.12926757
v -0.09545755 -0.0137488 0.02725998
v -0.09286957 -0.03564019 0.03892431
v -0.0964018 -0.03153928 0.04951388
v -0.09576529 -0.02862141 0.07049923
v -0.09526176 0.03665249 0.109045
v -0.09526398 0.03795008 0.1071883
v -0.09514254 0.03773041 0.10771124
v -0.0950999 0.03743397 0.10820785
v -0.09514063 0.03706903 0.10865881
v -0.09545755 -0.03808573 0.04583927
v -0.09545755 -0.04122367 0.05154555
v -0.09545755 -0.04490478 0.08849461
v -0.09545755 -0.03619717 0.04314227
v -0.09526176 -0.03665141 0.04345347
v -0.09286957 0.04726888 0.06475981
v -0.09526398 -0.03794901 0.04531017
v -0.09514254 -0.03772933 0.04478723
v -0.0950999 -0.03743289 0.04429061
v -0.09514063 -0.03706796 0.04383966
v -0.09545755 0.04490585 0.06400385
v -0.09545755 0.04537319 0.07049923
v -0.09286957 0.04761605 0.07049923
v -0.09017272 0.04972674 0.07049923
v -0.09576532 0.02862301 0.07049923
v -0.09605975 0.04468225 0.07049923
v -0.09605975 0.04468225 0.08199923
v -0.09670349 0.04270964 0.06467634
v -0.09674801 0.04168426 0.06481614
v -0.09674801 -0.03864045 0.0538648
v -0.09674801 -0.04053337 0.05923723
v -0.09648887 0.04347022 0.06457265
v -0.09605975 0.04427267 0.06446324
v -0.09648887 -0.04346915 0.08792582
v -0.09605975 -0.0442716 0.08803523
v -0.09605975 -0.04305039 0.09396056
v -0.09648887 0.04227114 0.05875471
v -0.09648887 0.04029711 0.05315209
v -0.09670349 0.03959206 0.05345561
v -0.09670349 0.04153154 0.0589602
v -0.09653579 -0.03748679 0.04795232
v -0.09588922 -0.03839195 0.04719506
v -0.09674801 0.04053445 0.05923723
v -0.09670349 -0.04270857 0.08782212
v -0.09670349 -0.04153047 0.09353826
v -0.09605975 0.04104099 0.05283185
v -0.09667322 0.03973464 0.09910424
v -0.09634807 0.04058985 0.0994724
v -0.09670349 -0.03916264 0.10000531
v -0.09670349 -0.03699109 0.10412598
v -0.09675951 -0.03653537 0.10387761
v -0.09674801 -0.03603913 0.10370115
v -0.09670349 -0.03959098 0.09904286
v -0.09588977 -0.02991764 0.03700434
v -0.09576543 -0.0381178 0.10602744
v -0.0960921 -0.03799903 0.10541324
v -0.0963655 -0.03775437 0.10489514
v -0.09656676 -0.0374214 0.10447763
v -0.09648887 0.03986115 0.05217249
v -0.09648887 0.03765093 0.04797845
v -0.09670349 0.03699217 0.04837249
v -0.09605975 0.04059698 0.05183418
v -0.09605975 0.03834596 0.04756271
v -0.09667322 -0.04281335 0.06430637
v -0.09648887 -0.04387129 0.07049923
v -0.09672238 -0.042985 0.07049923
v -0.09674801 -0.04168319 0.06481614
v -0.09588922 0.03839302 0.10530341
v -0.09634805 0.03777648 0.10492916
v -0.09612636 0.03797801 0.10534941
v -0.09588922 0.03809217 0.10579199
v -0.09566603 0.03812414 0.10622234
v -0.09588922 0.04080601 0.10076039
v -0.09667322 -0.03930368 0.05242831
v -0.09667323 -0.03711851 0.04828309
v -0.09588922 0.04125231 0.09975757
v -0.09675347 0.03663457 0.10392307
v -0.09588922 0.04307149 0.09472559
v -0.09588922 -0.04307042 0.05777287
v -0.09674801 -0.00340361 0.02856783
v -0.09586241 -0.00023878 0.04028012
v -0.09586416 5.4E-07 0.04025112
v -0.09674801 0.00340468 0.02856783
v -0.09648887 -0.04387129 0.08199923
v -0.09667322 0.0414869 0.09425738
v -0.09634807 0.04237983 0.09452122
v -0.09588922 -0.04444865 0.06406983
v -0.09492197 0.00138266 0.07598317
v -0.09492205 0.00141006 0.07626072
v -0.09493349 0.003619 0.07647807
v -0.09667322 0.04281442 0.0881921
v -0.09634807 -0.04373485 0.06417308
v -0.09634807 0.04373593 0.08832539
v -0.09634871 0.03446789 0.04284623
v -0.09612699 0.03493117 0.04279936
v -0.09588977 0.0353856 0.04284237
v -0.09566642 0.03580068 0.04295871
v -0.09634873 0.03075206 0.11373299
v -0.09674801 0.02802565 0.03912371
v -0.09674801 0.03271966 0.04405516
v -0.09675349 0.03313138 0.04357305
v -0.09667339 0.03357241 0.04321844
v -0.09667339 -0.0301034 0.03943374
v -0.09675952 0.02836937 0.03873891
v -0.09667339 0.02498527 0.03518528
v -0.09674801 0.02259765 0.03501401
v -0.09667339 -0.03356397 0.04320939
v -0.09588977 -0.02593858 0.03383634
v -0.09675952 0.02287479 0.0345788
v -0.09674801 0.01657782 0.03183369
v -0.09634873 0.01741315 0.12261312
v -0.09675952 0.01678113 0.03135948
v -0.09588977 -0.01360893 0.02769984
v -0.09674801 0.01012382 0.02966604
v -0.09675952 0.01024798 0.02916524
v -0.09588977 0.0068867 0.02611921
v -0.09675952 0.00344643 0.02805356
v -0.09588977 5.4E-07 0.02558815
v -0.09675952 -0.00344536 0.02805356
v -0.09675952 -0.0102469 0.02916524
v -0.09675952 -0.01678006 0.03135948
v -0.09674801 -0.02259658 0.03501401
v -0.09675952 -0.02287372 0.0345788
v -0.09674801 -0.02802458 0.03912371
v -0.09675952 -0.0283683 0.03873891
v -0.09674801 -0.03271859 0.04405516
v -0.0957659 -0.03561478 0.04289735
v -0.09656715 -0.03392153 0.04302439
v -0.09670362 -0.03344359 0.04330726
v -0.09675952 -0.03304152 0.04363417
v -0.09675952 -0.03305398 0.04364951
v -0.09588922 0.04444972 0.08842864
v -0.09672238 -0.042985 0.08199923
v -0.09605975 0.04305146 0.0585379
v -0.09495644 0.00594575 0.07549467
v -0.09495674 0.00597014 0.07680465
v -0.09675951 0.03653644 0.04862086
v -0.09492582 -0.00237513 0.07330664
v -0.09492031 -0.0005468 0.07495422
v -0.09492008 -0.00028185 0.07487383
v -0.09492468 -0.0021311 0.07326303
v -0.09576543 0.03811888 0.04647103
v -0.0960921 0.0380001 0.04708523
v -0.0963655 0.03775544 0.04760333
v -0.09656676 0.03742247 0.04802084
v -0.09674801 -0.04206882 0.07049923
v -0.09634805 -0.03777541 0.0475693
v -0.09612636 -0.03797694 0.04714905
v -0.09588922 -0.03809109 0.04670648
v -0.09566603 -0.03812307 0.04627613
v -0.09675347 -0.0366335 0.04857539
v -0.0966862 -0.03235539 0.04474677
v -0.09663376 -0.03216919 0.04550874
v -0.09659775 -0.03216848 0.04621418
v -0.09664049 -0.03459423 0.04884019
v -0.09668348 -0.03522815 0.04890288
v -0.09671458 -0.03563593 0.04887597
v -0.09674801 -0.03603913 0.04879732
v -0.09583811 -0.00082245 0.04068226
v -0.095849 -0.00066259 0.04050215
v -0.09582524 -0.00093448 0.04089534
v -0.09585726 -0.00046419 0.04036545
v -0.09581113 0.00099325 0.04112898
v -0.09585726 0.00046526 0.04036545
v -0.095849 0.00066366 0.04050215
v -0.09586241 0.00023985 0.04028012
v -0.09583811 0.00082352 0.04068226
v -0.09582524 0.00093555 0.04089534
v -0.09493239 0.00346795 0.07731786
v -0.09492194 0.0013714 0.07659045
v -0.09492163 0.00125631 0.07690269
v -0.09671497 0.03251041 0.04440311
v -0.09668419 0.03234686 0.04477254
v -0.09664099 0.03218632 0.04539002
v -0.09660626 0.03215381 0.04602477
v -0.09663367 0.03448464 0.04881571
v -0.09657619 -0.03230627 0.04683418
v -0.09656591 -0.03257098 0.0474142
v -0.09656762 -0.03295144 0.04792386
v -0.09658121 -0.03343121 0.04834238
v -0.09660596 -0.03398807 0.04865175
v -0.09515679 0.01515402 0.07049923
v -0.0964018 0.03154035 0.04951388
v -0.09492288 -0.00167063 0.07049923
v -0.09492037 -0.00056558 0.07028811
v -0.09579659 -0.00099217 0.04136961
v -0.09578247 -0.00093448 0.04160326
v -0.0957696 -0.00082245 0.04181633
v -0.09575871 -0.00066259 0.04199644
v -0.09575045 -0.00046419 0.04213314
v -0.0957453 -0.00023878 0.04221847
v -0.09492289 0.00167331 0.07049923
v -0.0957453 0.00023985 0.04221847
v -0.09575045 0.00046526 0.04213314
v -0.09575871 0.00066366 0.04199644
v -0.0957696 0.00082352 0.04181633
v -0.09578247 0.00093555 0.04160326
v -0.09579659 0.00099325 0.04136961
v -0.09659767 0.03382073 0.0485738
v -0.09657609 0.03328465 0.04823202
v -0.09656587 0.03283019 0.04778364
v -0.09656771 0.03248202 0.04725026
v -0.09658139 0.03225341 0.04665504
v -0.09492702 0.00260961 0.07085779
v -0.09493243 0.00347273 0.071368
v -0.09493855 0.00424188 0.07202379
v -0.0949464 0.00506098 0.07304462
v -0.09495278 0.00563959 0.07422329
v -0.09493853 0.00424056 0.08049791
v -0.09493258 0.00349386 0.08113271
v -0.09492726 0.0026539 0.08163676
v -0.0949536 0.00570953 0.07809142
v -0.09494763 0.00517718 0.07928549
v -0.09494323 0.00474776 0.07992167
v -0.09492934 -0.00300969 0.07107296
v -0.09492972 -0.00306938 0.0711065
v -0.09493854 -0.00423996 0.07201821
v -0.09493133 -0.00331491 0.07294326
v -0.0949311 -0.00328054 0.07297834
v -0.09492982 -0.00308589 0.07313028
v -0.09492118 0.00107146 0.07279247
v -0.09492006 0.00024324 0.07263874
v -0.09492037 -0.00059627 0.07267983
v -0.09492157 -0.00123542 0.07284777
v -0.09492347 0.0018349 0.07313334
v -0.09492347 -0.00183545 0.07313056
v -0.09492373 -0.00190111 0.07316936
v -0.094926 0.00241249 0.07355335
v -0.09492709 -0.00262192 0.07329843
v -0.09492072 -0.00083616 0.075117
v -0.09492 -4.3E-06 0.07484644
v -0.0949212 -0.00108013 0.07534268
v -0.09492845 -0.00286297 0.07323872
v -0.09492864 0.00289439 0.07407619
v -0.09492011 0.00032542 0.07488509
v -0.09492165 -0.00126487 0.07561878
v -0.09492042 0.00063766 0.07500016
v -0.09492086 0.00091377 0.07518489
v -0.094922 -0.00139119 0.07653828
v -0.09492847 -0.00286472 0.0792786
v -0.09492088 -0.00092235 0.07733659
v -0.09492136 -0.00114803 0.0770926
v -0.09492178 -0.00131081 0.07680324
v -0.09492711 -0.00262498 0.07921943
v -0.09492983 -0.00308772 0.07938688
v -0.09493112 -0.0032836 0.07953952
v -0.09493135 -0.00331792 0.0795746
v -0.09492 -4.3E-06 0.07767508
v -0.09492118 0.00107156 0.07717879
v -0.0949207 0.00082757 0.07740448
v -0.09493857 -0.00424302 0.0804997
v -0.09493007 0.00312521 0.07809705
v -0.0949203 0.00053822 0.07756728
v -0.09492008 0.00027326 0.07764769
v -0.09492754 0.00270521 0.07867464
v -0.0949249 0.00218236 0.07915655
v -0.09492374 -0.00190418 0.07934856
v -0.09492349 -0.00183852 0.07938736
v -0.09492041 0.00063084 0.07983126
v -0.09492116 -0.00105932 0.07973009
v -0.09492005 -0.00021953 0.07988115
v -0.09492216 0.00144528 0.07958595
v -0.09492973 -0.0030725 0.08141135
v -0.09492936 -0.0030128 0.08144496
v -0.0873 0.03327779 0.04430087
v -0.09639958 0.03397354 0.04323611
v -0.09656233 0.03307154 0.04392907
v -0.0873 0.03188344 0.04535848
v -0.0873 -0.03327671 0.10819759
v -0.0873 -0.03549647 0.10780095
v -0.09519675 -0.0364287 0.10880032
v -0.09639958 -0.03397247 0.10926235
v -0.0873 0.0315161 0.10547864
v -0.09633067 0.03250998 0.10572184
v -0.09654199 0.03289807 0.10834128
v -0.0873 0.03194758 0.10723755
v -0.0873 -0.03188236 0.10713998
v -0.09656233 -0.03307047 0.1085694
v -0.09633067 -0.0325089 0.10572184
v -0.0873 -0.03166924 0.1048838
v -0.09654214 0.03600512 0.04859481
v -0.0873 0.03472001 0.0490886
v -0.0873 0.0330005 0.04898881
v -0.09638262 0.03429987 0.04854531
v -0.0873 -0.0363193 0.10672151
v -0.09511422 -0.03751906 0.10737654
v -0.0873 0.0352441 0.10796888
v -0.09515162 0.03655459 0.10869495
v -0.09511422 0.03752013 0.10737654
v -0.0873 0.03647459 0.10612667
v -0.09621519 -0.03752941 0.04751877
v -0.09655921 -0.03654193 0.048399
v -0.0873 -0.03453584 0.04913693
v -0.0873 -0.03604204 0.0481307
v -0.09627585 0.03429409 0.10937324
v -0.0873 0.0328726 0.1080365
v -0.0873 0.03549754 0.04469751
v -0.09519675 0.03642978 0.04369814
v -0.0873 0.03632037 0.04577696
v -0.09511422 0.03752013 0.04512193
v -0.0873 -0.03647352 0.0463718
v -0.09511422 -0.03751906 0.04512193
v -0.09633067 0.03250998 0.04677662
v -0.0873 0.03167032 0.04761466
v -0.0873 0.0327466 0.10363643
v -0.09635572 0.03389711 0.1041214
v -0.0873 0.03604311 0.10436776
v -0.09621519 0.03753048 0.1049797
v -0.0873 -0.03635709 0.10498723
v -0.09606241 -0.03767078 0.10527
v -0.0873 -0.03524302 0.04452958
v -0.09515162 -0.03655352 0.04380352
v -0.09655921 0.036543 0.10409947
v -0.0873 0.03453691 0.10336154
v -0.09639511 0.0372494 0.04789164
v -0.09606241 0.03767185 0.04722847
v -0.0873 0.03635817 0.04751123
v -0.09633067 -0.0325089 0.04677662
v -0.09654199 -0.032897 0.04415719
v -0.0873 -0.03194651 0.04526092
v -0.0873 -0.03151502 0.04701982
v -0.0873 -0.03471894 0.10340986
v -0.09654214 -0.03600405 0.10390365
v -0.09639511 -0.03724833 0.10460683
v -0.09627585 -0.03429302 0.04312523
v -0.0873 -0.03287153 0.04446197
v -0.09638262 -0.03429879 0.10395315
v -0.0873 -0.03299943 0.10350966
v -0.0873 -0.03274552 0.04886204
v -0.09635572 -0.03389604 0.04837707
v -0.09392468 -0.0021311 0.07326303
v -0.09392582 -0.00237513 0.07330664
v -0.09481113 0.00099325 0.04112898
v -0.09479658 0.00099325 0.04136961
v -0.09478246 0.00093555 0.04160326
v -0.0947696 0.00082352 0.04181633
v -0.09392174 0.00130226 0.07571822
v -0.09392197 0.00138266 0.07598317
v -0.09392972 -0.00306938 0.0711065
v -0.09392934 -0.00300969 0.07107296
v -0.09393313 0.0035691 0.07562771
v -0.09393138 0.00332379 0.07481327
v -0.09395644 0.00594575 0.07549467
v -0.09395674 0.00597014 0.07680465
v -0.09392709 -0.00262192 0.07329843
v -0.09392845 -0.00286297 0.07323872
v -0.09482524 -0.00093448 0.04089534
v -0.09483811 -0.00082245 0.04068226
v -0.09392006 0.00024324 0.07263874
v -0.09392036 -0.00059627 0.07267983
v -0.09392583 -0.00237678 0.0792114
v -0.09392469 -0.00213278 0.07925521
v -0.09393109 -0.00328054 0.07297834
v -0.09393133 -0.00331491 0.07294326
v -0.09392157 -0.00123542 0.07284777
v -0.09392982 -0.00308589 0.07313028
v -0.09392041 -0.00058598 0.08222786
v -0.09392312 -0.00173934 0.08199923
v -0.09392215 0.00144528 0.07958595
v -0.0939249 0.00218236 0.07915655
v -0.09393857 -0.00424302 0.0804997
v -0.09393135 -0.00331792 0.0795746
v -0.09393854 -0.00423996 0.07201821
v -0.09395278 0.00563959 0.07422329
v -0.09392196 -0.00137994 0.07593101
v -0.09392165 -0.00126487 0.07561878
v -0.09392177 -0.00131081 0.07680324
v -0.093922 -0.00139119 0.07653828
v -0.0939536 0.00570953 0.07809142
v -0.09392347 -0.00183545 0.07313056
v -0.09392373 -0.00190111 0.07316936
v -0.09475871 0.00066366 0.04199644
v -0.09475045 0.00046526 0.04213314
v -0.09392115 -0.00105932 0.07973009
v -0.09392004 -0.00021953 0.07988115
v -0.09392864 0.00289439 0.07407619
v -0.093926 0.00241249 0.07355335
v -0.0939212 -0.00108013 0.07534268
v -0.09392072 -0.00083616 0.075117
v -0.09486241 0.00023985 0.04028012
v -0.09485725 0.00046526 0.04036545
v -0.09392118 0.00107156 0.07717879
v -0.0939207 0.00082757 0.07740448
v -0.09394323 0.00474776 0.07992167
v -0.09393853 0.00424056 0.08049791
v -0.09392194 0.0013714 0.07659045
v -0.09392162 0.00125631 0.07690269
v -0.09392037 0.00056199 0.07028801
v -0.09392288 0.00167331 0.07049923
v -0.09478246 -0.00093448 0.04160326
v -0.09479658 -0.00099217 0.04136961
v -0.09393258 0.00349386 0.08113271
v -0.09392726 0.0026539 0.08163676
v -0.09392 -4.3E-06 0.07484644
v -0.0939201 0.00032542 0.07488509
v -0.09392711 -0.00262498 0.07921943
v -0.09475045 -0.00046419 0.04213314
v -0.09475871 -0.00066259 0.04199644
v -0.0939203 0.00053822 0.07756728
v -0.09394763 0.00517718 0.07928549
v -0.09392754 0.00270521 0.07867464
v -0.0947696 -0.00082245 0.04181633
v -0.09392207 -0.00141858 0.07626072
v -0.09393854 0.00424188 0.07202379
v -0.0939464 0.00506098 0.07304462
v -0.09392346 0.0018349 0.07313334
v -0.09392118 0.00107146 0.07279247
v -0.09392136 -0.00114803 0.0770926
v -0.09393243 0.00347273 0.071368
v -0.094849 0.00066366 0.04050215
v -0.09483811 0.00082352 0.04068226
v -0.09392846 -0.00286472 0.0792786
v -0.09474529 -0.00023878 0.04221847
v -0.09392936 -0.0030128 0.08144496
v -0.09392042 0.00063766 0.07500016
v -0.09392011 -0.00033402 0.07763643
v -0.09392043 -0.00064626 0.07752135
v -0.09392983 -0.00308772 0.07938688
v -0.09393239 0.00346795 0.07731786
v -0.09393349 0.003619 0.07647807
v -0.094849 -0.00066259 0.04050215
v -0.09485725 -0.00046419 0.04036545
v -0.09392007 0.00027326 0.07764769
v -0.09392 -4.3E-06 0.07767508
v -0.09392702 0.00260961 0.07085779
v -0.09392205 0.00141006 0.07626072
v -0.09482524 0.00093555 0.04089534
v -0.09392031 -0.0005468 0.07495422
v -0.09392008 -0.00028185 0.07487383
v -0.09393112 -0.0032836 0.07953952
v -0.09393007 0.00312521 0.07809705
v -0.09392133 0.00113946 0.07542886
v -0.09481113 -0.00099217 0.04112898
v -0.09392349 -0.00183852 0.07938736
v -0.09392041 0.00063084 0.07983126
v -0.09486241 -0.00023878 0.04028012
v -0.09392288 -0.00167063 0.07049923
v -0.09392037 -0.00056558 0.07028811
v -0.09392088 -0.00092235 0.07733659
v -0.09392086 0.00091377 0.07518489
v -0.0939231 0.00173573 0.08199923
v -0.0939204 0.00058771 0.08222742
v -0.09392374 -0.00190418 0.07934856
v -0.09474354 5.4E-07 0.04224747
v -0.09392973 -0.0030725 0.08141135
v -0.09486416 5.4E-07 0.04025112
v -0.09474529 0.00023985 0.04221847
v 0.0487814 0.02448131 0.02941991
v 0.04530525 0.02874182 0.03162235
v -0.0146763 0.0475913 0.04173313
v -0.01158755 0.04765346 0.04447435
v 0.05141708 0.02027839 0.02766045
v 0.04126314 0.03265931 0.03406912
v 0.03281722 0.03858114 0.03877483
v 0.03707385 0.03581557 0.03646944
v 0.00753643 0.04748124 0.04869028
v 0.01192147 0.04671442 0.04763451
v 0.01838226 0.04501484 0.0454694
v 0.02924506 0.04067141 0.04070312
v 0.02537329 0.04248454 0.04257125
v -0.00025887 0.04794044 0.04935473
v -0.00666039 0.04777554 0.04783638
v -0.03150732 0.04312551 0.03171606
v -0.02641052 0.0452277 0.03418946
v -0.04123288 0.03730119 0.02608559
v -0.0359459 0.04084533 0.02932162
v -0.00355308 0.04787872 0.04894906
v -0.00924186 0.04769132 0.04632781
v -0.04599042 0.03347228 0.0229174
v -0.04585452 0.03300056 0.0228034
v -0.02234347 0.04648673 0.03628066
v -0.01840802 0.04725217 0.03877745
v 0.0487814 -0.02448131 0.02941991
v 0.04530525 -0.02874182 0.03162235
v -0.0146763 -0.0475913 0.04173313
v -0.01158755 -0.04765346 0.04447435
v 0.05141708 -0.02027839 0.02766045
v 0.04126314 -0.03265931 0.03406912
v 0.03707385 -0.03581557 0.03646944
v 0.03281722 -0.03858114 0.03877483
v 0.00753643 -0.04748124 0.04869028
v 0.01192147 -0.04671442 0.04763451
v 0.01838226 -0.04501484 0.0454694
v 0.02924506 -0.04067141 0.04070312
v 0.02537329 -0.04248454 0.04257125
v -0.00025887 -0.04794044 0.04935473
v -0.00666039 -0.04777554 0.04783638
v -0.02641052 -0.0452277 0.03418946
v -0.03150732 -0.04312551 0.03171606
v -0.0359459 -0.04084533 0.02932162
v -0.04123288 -0.03730119 0.02608559
v -0.00355308 -0.04787872 0.04894906
v -0.00924186 -0.04769132 0.04632781
v -0.04585452 -0.03300056 0.0228034
v -0.04599042 -0.03347228 0.0229174
v -0.02234347 -0.04648673 0.03628066
v -0.01840802 -0.04725217 0.03877745
vn 0 0 -1
vn -1 0 0
vn -0.2207 0.93769 0.2684
vn -0.208 0.94671 0.2459
vn -0.1603 0.96002 0.2295
vn -0.1595 0.95018 0.2678
vn 0.90952 0.35701 0.2129
vn 0.85983 0.46012 0.22131
vn 0.83903 0.45612 0.29661
vn 0.87479 0.3888 0.2891
vn -0.75169 0.65919 0.0208
vn -0.6556 0.7549 0.0177
vn -0.68378 0.72968 -0.0008
vn -0.77677 0.62978 -0.0008
vn 0.76509 0.5414 0.3486
vn 0.6812 0.6369 0.361
vn 0.71558 0.59559 0.36499
vn 0.78249 0.51909 0.34389
vn 0.85761 0.514 0.0176
vn 0.91914 0.39338 0.0208
vn 0.91699 0.3989 -0.0009
vn 0.8541 0.5201 -0.0009
vn 1 -0 0
vn -0.89719 0.44149 0.0119
vn -0.92302 0.37781 -0.0727
vn -0.89609 0.4422 0.0385
vn -0.94362 0.33101 -0.005
vn -0.2804 0.9079 0.3116
vn -0.26689 0.92066 0.28489
vn -0.2129 0.92612 0.31141
vn -0.82893 0.53522 0.16251
vn -0.8604 0.5013 0.0917
vn -0.84449 0.51089 0.1607
vn -0.77711 0.60431 0.1758
vn -0.84419 0.5336 0.0511
vn -0.83073 0.55662 0.008
vn -0.76311 0.63041 0.1423
vn -0.65519 0.68849 0.31099
vn -0.71519 0.65439 0.2455
vn -0.60411 0.72441 0.3321
vn 0.24379 0.90405 0.35108
vn 0.1186 0.92639 0.3574
vn 0.1668 0.92071 0.3528
vn 0.29721 0.88783 0.35131
vn -0.67532 0.70472 0.21751
vn -0.68541 0.71471 0.1393
vn -0.57111 0.76322 0.30221
vn -0.50659 0.78729 0.35149
vn -0.69342 0.71812 0.059
vn -0.49449 0.86728 0.0575
vn -0.59869 0.79889 0.0578
vn -0.59263 0.79334 0.13931
vn -0.4909 0.86001 0.1393
vn -0.77849 0.62399 0.0677
vn 0.7219 0.6559 0.2206
vn 0.6361 0.7394 0.2206
vn 0.62329 0.72129 0.30209
vn 0.70629 0.64019 0.30219
vn 0.44369 0.88529 0.1393
vn 0.3318 0.93301 0.1393
vn 0.3268 0.91899 0.2206
vn 0.437 0.87199 0.2206
vn -0.47132 0.82864 0.30201
vn -0.39488 0.84896 0.35118
vn -0.54957 0.83525 0.0183
vn 0.20161 0.93344 0.29671
vn 0.31829 0.89857 0.30209
vn 0.2117 0.95211 0.2206
vn 0.73296 0.66586 0.13929
vn 0.6458 0.7507 0.1393
vn -0.36291 0.88332 0.29671
vn -0.43389 0.90078 0.0181
vn 0.54062 0.81183 0.22061
vn 0.5489 0.8242 0.1393
vn -0.38251 0.92211 0.0583
vn -0.31021 0.95052 0.017
vn -0.4835 0.84709 0.2206
vn -0.58371 0.78142 0.2206
vn -0.0264 0.97501 0.2206
vn -0.1457 0.96442 0.2206
vn -0.1417 0.94262 0.30231
vn -0.0267 0.95284 0.30228
vn -0.26509 0.96236 0.0599
vn -0.1786 0.98372 0.0197
vn -0.14189 0.98756 0.0677
vn -0.3818 0.91369 0.1393
vn 0.36838 0.85956 0.35418
vn -0.37599 0.89998 0.2206
vn 0.9241 0.3551 0.1412
vn 0.87296 0.46748 0.13929
vn 0.428 0.8518 0.3021
vn 0.48331 0.80361 0.34731
vn 0.7969 0.5624 0.2206
vn 0.80906 0.57097 0.13929
vn 0.53412 0.79163 0.29671
vn 0.95947 0.24439 0.1403
vn 0.98349 0.1243 0.1315
vn 0.99085 0.12029 0.0612
vn 0.96902 0.2392 0.0615
vn -0.2669 0.9536 0.1393
vn -0.26289 0.93927 0.22059
vn 0.488 0.8156 0.3109
vn 0.55002 0.77492 0.31141
vn 0.53829 0.76878 0.34529
vn 0.4207 0.8363 0.3516
vn 0.54989 0.83309 0.0599
vn 0.59019 0.80709 0.017
vn 0.47542 0.87954 0.0197
vn 0.44058 0.89516 0.0677
vn 0.21549 0.97457 0.0614
vn 0.0967 0.99342 0.0614
vn 0.0948 0.9857 0.1393
vn 0.21491 0.96665 0.13931
vn 0.98017 0.1128 0.1629
vn 0.98757 -0 0.15719
vn 0.9919 -0 0.127
vn 0.64908 0.75848 0.0583
vn 0.69219 0.72149 0.018
vn -0.14791 0.97914 0.13931
vn 0.73859 0.67169 0.0575
vn 0.78178 0.62328 0.0183
vn 0.8816 0.4683 0.059
vn 0.81655 0.57437 0.0578
vn -0.0268 0.98989 0.1393
vn 0.2246 0.97438 0.0115
vn 0.35541 0.93464 0.0116
vn 0.3336 0.94271 -0.0009
vn 0.20209 0.97937 -0.0009
vn 0.83144 0.44662 0.33052
vn 0.88518 0.36099 0.29349
vn 0.89699 0.3171 0.308
vn 0.91908 0.31219 0.24049
vn 0.33152 0.94144 0.0615
vn 0.93337 0.35249 0.0677
vn 0.54601 0.78431 0.2945
vn 0.4703 0.8323 0.2934
vn -0.0514 0.97287 0.22559
vn -0.0499 0.97749 0.205
vn 0.0106 0.97784 0.20911
vn -0.0063 0.97434 0.22501
vn -0.0054 0 0.99999
vn -0.0054 -0.1243 0.99223
vn -0.0054 -0.1061 0.99434
vn -0.97721 0.2114 -0.019
vn -0.96058 0.27799 -0.0012
vn -0.99003 0.1408 -0.004
vn -0.99549 0.0918 -0.0239
vn -0.99995 0 -0.0096
vn 0.96279 0.27 0.0116
vn 0.96283 0.27011 -0.0009
vn 0.77521 0.63171 -0.0009
vn 0.68187 0.73147 -0.0009
vn -0.0136 0.93378 0.35759
vn -0.1461 0.92238 0.35759
vn -0.1004 0.9309 0.3512
vn 0.0348 0.9361 0.35
vn -0.0049 -0.24909 0.96847
vn -0.0001 -0.2004 0.97971
vn -0.20511 0.97874 -0.0009
vn -0.33649 0.94168 -0.0009
vn -0.006 0.96365 0.26711
vn -0.0099 0.95127 0.30819
vn -0.0469 0.95036 0.30759
vn -0.0499 0.96238 0.26709
vn 0.0465 0.96254 0.26711
vn 0.0504 0.94894 0.31141
vn 0.1725 0.93329 0.315
vn 0.1751 0.94762 0.26711
vn 0.238 0.93379 0.2672
vn 0.2344 0.92149 0.3097
vn 0.24981 0.93793 0.24061
vn 0.1783 0.9553 0.2358
vn -0.1018 0.96847 0.22739
vn -0.0994 0.95853 0.26711
vn 0.0483 0.97199 0.23
vn -0.15751 0.93786 0.30922
vn -0.2316 0.9074 0.3507
vn -0.0972 0.9441 0.315
vn -0.0474 0.99881 0.0116
vn 0.0893 0.99594 0.0115
vn 0.0667 0.99777 -0.0009
vn -0.0698 0.99756 -0.0009
vn 0.1098 0.96712 0.2294
vn 0.1115 0.9572 0.2671
vn -0.91782 0.39701 -0.0008
vn 0.5891 0.72649 0.3538
vn 0.63662 0.68252 0.35901
vn -0.25501 0.91853 0.30211
vn -0.2751 0.89251 0.35741
vn -0.35731 0.86512 0.35201
vn -0.45142 0.81773 0.35712
vn 0.957 0.2285 0.1787
vn 0.99815 -0 0.0608
vn 0.99993 0 0.0115
vn 0.99056 0.13659 0.0115
vn 0.77848 0.55008 0.30229
vn 0.30262 0.91436 0.26902
vn 0.29421 0.90362 0.31131
vn 0.0934 0.97088 0.2206
vn 0.0892 0.94909 0.3021
vn -0.0239 0.99782 0.0615
vn 0.60023 0.72893 0.32922
vn 0.0244 -0.2058 0.97829
vn 0.0348 -0.2465 0.96852
vn 0.0162 -0.1735 0.9847
vn -0.54747 0.75976 0.35078
vn -0.85524 0.51823 -0.0008
vn 0.67743 0.65482 0.33511
vn -0.40681 0.85221 0.329
vn -0.32181 0.88971 0.32381
vn -0.43201 0.86693 0.24861
vn -0.1494 0.9655 0.2133
vn -0.0972 0.97327 0.20809
vn 0.4197 0.84961 0.3194
vn 0.37761 0.88533 0.27131
vn 0.36079 0.89888 0.24869
vn 0.3619 0.8792 0.3099
vn 0.1128 0.96873 0.22101
vn 0.24129 0.94097 0.23739
vn 0.1101 0.94434 0.31001
vn -0.0057 -0.29381 0.95585
vn -0.0168 -0.37399 0.92728
vn -0.0118 -0.341 0.93999
vn -0.0202 -0.41748 0.90846
vn -0.0383 -0.43641 0.89893
vn -0.57808 0.81598 -0.0009
vn -0.46159 0.88709 -0.0009
vn 0.45901 0.88843 -0.0009
vn 0.5758 0.81759 -0.0009
vn 0.99067 0.1363 -0.0009
vn 1 0 -0.0009
vn 0.0169 -0.087 0.99607
vn 0.0152 -0.0971 0.99516
vn 0.0236 0 0.99972
vn -0.2207 -0.93769 0.2684
vn -0.1595 -0.95018 0.2678
vn -0.1603 -0.96002 0.2295
vn -0.208 -0.94671 0.2459
vn 0.90952 -0.35701 0.2129
vn 0.87479 -0.3888 0.2891
vn 0.83903 -0.45612 0.29661
vn 0.85983 -0.46012 0.22131
vn -0.75169 -0.65919 0.0208
vn -0.77677 -0.62978 -0.0008
vn -0.68378 -0.72968 -0.0008
vn -0.6556 -0.7549 0.0177
vn 0.76509 -0.5414 0.3486
vn 0.78249 -0.51909 0.34389
vn 0.71558 -0.59559 0.36499
vn 0.6812 -0.6369 0.361
vn 0.85761 -0.514 0.0176
vn 0.8541 -0.5201 -0.0009
vn 0.91699 -0.3989 -0.0009
vn 0.91914 -0.39338 0.0208
vn -0.89719 -0.44149 0.0119
vn -0.89609 -0.4422 0.0385
vn -0.92302 -0.37781 -0.0727
vn -0.94362 -0.33101 -0.005
vn -0.2804 -0.9079 0.3116
vn -0.2129 -0.92612 0.31141
vn -0.26689 -0.92066 0.28489
vn -0.82893 -0.53522 0.16251
vn -0.84449 -0.51089 0.1607
vn -0.8604 -0.5013 0.0917
vn -0.77711 -0.60431 0.1758
vn -0.84419 -0.5336 0.0511
vn -0.83073 -0.55662 0.008
vn -0.76311 -0.63041 0.1423
vn -0.65519 -0.68849 0.31099
vn -0.60411 -0.72441 0.3321
vn -0.71519 -0.65439 0.2455
vn 0.24379 -0.90405 0.35108
vn 0.29721 -0.88783 0.35131
vn 0.1668 -0.92071 0.3528
vn 0.1186 -0.92639 0.3574
vn -0.67532 -0.70472 0.21751
vn -0.68541 -0.71471 0.1393
vn -0.57111 -0.76322 0.30221
vn -0.50659 -0.78729 0.35149
vn -0.69342 -0.71812 0.059
vn -0.49449 -0.86728 0.0575
vn -0.4909 -0.86001 0.1393
vn -0.59263 -0.79334 0.13931
vn -0.59869 -0.79889 0.0578
vn -0.77849 -0.62399 0.0677
vn 0.7219 -0.6559 0.2206
vn 0.70629 -0.64019 0.30219
vn 0.62329 -0.72129 0.30209
vn 0.6361 -0.7394 0.2206
vn 0.44369 -0.88529 0.1393
vn 0.437 -0.87199 0.2206
vn 0.3268 -0.91899 0.2206
vn 0.3318 -0.93301 0.1393
vn -0.47132 -0.82864 0.30201
vn -0.39488 -0.84896 0.35118
vn -0.54957 -0.83525 0.0183
vn 0.20161 -0.93344 0.29671
vn 0.2117 -0.95211 0.2206
vn 0.31829 -0.89857 0.30209
vn 0.6458 -0.7507 0.1393
vn 0.73296 -0.66586 0.13929
vn -0.36291 -0.88332 0.29671
vn -0.43389 -0.90078 0.0181
vn 0.5489 -0.8242 0.1393
vn 0.54062 -0.81183 0.22061
vn -0.38251 -0.92211 0.0583
vn -0.31021 -0.95052 0.017
vn -0.4835 -0.84709 0.2206
vn -0.58371 -0.78142 0.2206
vn -0.0264 -0.97501 0.2206
vn -0.0267 -0.95284 0.30228
vn -0.1417 -0.94262 0.30231
vn -0.1457 -0.96442 0.2206
vn -0.26509 -0.96236 0.0599
vn -0.1786 -0.98372 0.0197
vn -0.14189 -0.98756 0.0677
vn -0.3818 -0.91369 0.1393
vn 0.36838 -0.85956 0.35418
vn -0.37599 -0.89998 0.2206
vn 0.9241 -0.3551 0.1412
vn 0.87296 -0.46748 0.13929
vn 0.428 -0.8518 0.3021
vn 0.48331 -0.80361 0.34731
vn 0.80906 -0.57097 0.13929
vn 0.7969 -0.5624 0.2206
vn 0.53412 -0.79163 0.29671
vn 0.95947 -0.24439 0.1403
vn 0.96902 -0.2392 0.0615
vn 0.99085 -0.12029 0.0612
vn 0.98349 -0.1243 0.1315
vn -0.2669 -0.9536 0.1393
vn -0.26289 -0.93927 0.22059
vn 0.488 -0.8156 0.3109
vn 0.4207 -0.8363 0.3516
vn 0.53829 -0.76878 0.34529
vn 0.55002 -0.77492 0.31141
vn 0.54989 -0.83309 0.0599
vn 0.47542 -0.87954 0.0197
vn 0.59019 -0.80709 0.017
vn 0.44058 -0.89516 0.0677
vn 0.21549 -0.97457 0.0614
vn 0.21491 -0.96665 0.13931
vn 0.0948 -0.9857 0.1393
vn 0.0967 -0.99342 0.0614
vn 0.98017 -0.1128 0.1629
vn 0.64908 -0.75848 0.0583
vn 0.69219 -0.72149 0.018
vn -0.14791 -0.97914 0.13931
vn 0.73859 -0.67169 0.0575
vn 0.78178 -0.62328 0.0183
vn 0.8816 -0.4683 0.059
vn 0.81655 -0.57437 0.0578
vn -0.0268 -0.98989 0.1393
vn 0.2246 -0.97438 0.0115
vn 0.20209 -0.97937 -0.0009
vn 0.3336 -0.94271 -0.0009
vn 0.35541 -0.93464 0.0116
vn 0.83144 -0.44662 0.33052
vn 0.88518 -0.36099 0.29349
vn 0.89699 -0.3171 0.308
vn 0.91908 -0.31219 0.24049
vn 0.33152 -0.94144 0.0615
vn 0.93337 -0.35249 0.0677
vn 0.54601 -0.78431 0.2945
vn 0.4703 -0.8323 0.2934
vn -0.0514 -0.97287 0.22559
vn -0.0063 -0.97434 0.22501
vn 0.0106 -0.97784 0.20911
vn -0.0499 -0.97749 0.205
vn -0.0054 0.1061 0.99434
vn -0.0054 0.1243 0.99223
vn -0.97721 -0.2114 -0.019
vn -0.99003 -0.1408 -0.004
vn -0.96058 -0.27799 -0.0012
vn -0.99549 -0.0918 -0.0239
vn 0.96283 -0.27011 -0.0009
vn 0.96279 -0.27 0.0116
vn 0.68187 -0.73147 -0.0009
vn 0.77521 -0.63171 -0.0009
vn -0.0136 -0.93378 0.35759
vn 0.0348 -0.9361 0.35
vn -0.1004 -0.9309 0.3512
vn -0.1461 -0.92238 0.35759
vn -0.0001 0.2004 0.97971
vn -0.0049 0.24909 0.96847
vn -0.20511 -0.97874 -0.0009
vn -0.33649 -0.94168 -0.0009
vn -0.006 -0.96365 0.26711
vn -0.0499 -0.96238 0.26709
vn -0.0469 -0.95036 0.30759
vn -0.0099 -0.95127 0.30819
vn 0.0504 -0.94894 0.31141
vn 0.0465 -0.96254 0.26711
vn 0.1725 -0.93329 0.315
vn 0.2344 -0.92149 0.3097
vn 0.238 -0.93379 0.2672
vn 0.1751 -0.94762 0.26711
vn 0.24981 -0.93793 0.24061
vn 0.1783 -0.9553 0.2358
vn -0.0994 -0.95853 0.26711
vn -0.1018 -0.96847 0.22739
vn 0.0483 -0.97199 0.23
vn -0.2316 -0.9074 0.3507
vn -0.15751 -0.93786 0.30922
vn -0.0972 -0.9441 0.315
vn -0.0474 -0.99881 0.0116
vn -0.0698 -0.99756 -0.0009
vn 0.0667 -0.99777 -0.0009
vn 0.0893 -0.99594 0.0115
vn 0.1115 -0.9572 0.2671
vn 0.1098 -0.96712 0.2294
vn -0.91782 -0.39701 -0.0008
vn 0.63662 -0.68252 0.35901
vn 0.5891 -0.72649 0.3538
vn -0.25501 -0.91853 0.30211
vn -0.2751 -0.89251 0.35741
vn -0.35731 -0.86512 0.35201
vn -0.45142 -0.81773 0.35712
vn 0.957 -0.2285 0.1787
vn 0.99056 -0.13659 0.0115
vn 0.77848 -0.55008 0.30229
vn 0.29421 -0.90362 0.31131
vn 0.30262 -0.91436 0.26902
vn 0.0934 -0.97088 0.2206
vn 0.0892 -0.94909 0.3021
vn -0.0239 -0.99782 0.0615
vn 0.60023 -0.72893 0.32922
vn 0.0244 0.2058 0.97829
vn 0.0162 0.1735 0.9847
vn 0.0348 0.2465 0.96852
vn -0.54747 -0.75976 0.35078
vn -0.85524 -0.51823 -0.0008
vn 0.67743 -0.65482 0.33511
vn -0.40681 -0.85221 0.329
vn -0.32181 -0.88971 0.32381
vn -0.43201 -0.86693 0.24861
vn -0.0972 -0.97327 0.20809
vn -0.1494 -0.9655 0.2133
vn 0.4197 -0.84961 0.3194
vn 0.37761 -0.88533 0.27131
vn 0.36079 -0.89888 0.24869
vn 0.3619 -0.8792 0.3099
vn 0.24129 -0.94097 0.23739
vn 0.1128 -0.96873 0.22101
vn 0.1101 -0.94434 0.31001
vn -0.0057 0.29381 0.95585
vn -0.0118 0.341 0.93999
vn -0.0168 0.37399 0.92728
vn -0.0202 0.41748 0.90846
vn -0.0383 0.43641 0.89893
vn -0.57808 -0.81598 -0.0009
vn -0.46159 -0.88709 -0.0009
vn 0.45901 -0.88843 -0.0009
vn 0.5758 -0.81759 -0.0009
vn 0.99067 -0.1363 -0.0009
vn 0.0169 0.087 0.99607
vn 0.0152 0.0971 0.99516
vn -0.99834 0.0567 -0.0102
vn -0.99981 0.0194 -0.0002
vn -0.99991 0.0134 -0.0018
vn -0.99995 0.0092 -0.0032
vn -0.99988 -0.0106 0.0116
vn -0.9984 -0.0505 0.0255
vn -0.99988 -0.0147 0.0057
vn -0.98981 0.1283 -0.0618
vn -0.99688 0.0701 -0.0363
vn -0.99988 0.0147 -0.0057
vn -0.9984 0.0505 -0.0255
vn -0.99948 0.0169 -0.0274
vn -0.99747 0.0505 -0.05
vn -0.99718 0.0536 -0.0526
vn -0.99678 0.0578 -0.0555
vn -0.99656 0.06 -0.0572
vn -0.9989 0.038 -0.0274
vn -0.99976 0.0218 0.0011
vn -0.99977 -0.0214 -0.0007
vn -0.99847 -0.0547 -0.0087
vn -0.99825 0.0592 0.0005
vn -0.99674 -0.0719 -0.0365
vn -0.99999 -0.0032 -0.0014
vn -0.99688 -0.0702 -0.036
vn -0.99653 -0.0741 -0.038
vn -0.99955 -0.0256 -0.0158
vn -0.99948 -0.0169 -0.0274
vn -0.99862 -0.0427 -0.0306
vn -0.99677 -0.058 -0.0556
vn -0.99729 -0.0523 -0.0518
vn -0.99747 -0.0507 -0.0498
vn -0.99785 0.0549 -0.0358
vn -0.99679 0.0686 -0.0414
vn -0.99676 0.0673 -0.044
vn -0.99679 0.0658 -0.0455
vn -0.9969 0.0634 -0.0467
vn -0.99715 0.0582 -0.0481
vn -0.0342 -0.50149 0.86449
vn -0.0342 -0.38251 0.92332
vn -0.0789 -0.41549 0.90617
vn -0.079 -0.47521 0.87632
vn -0.99893 0.0208 -0.0414
vn -0.99946 0.0146 -0.0295
vn -0.99944 0.0107 -0.0318
vn -0.99949 0.0038 -0.0316
vn -0.99897 0.0233 0.0389
vn -0.99964 -0.0027 0.0266
vn -0.99897 -0.0233 0.0389
vn -0.99944 -0 0.0334
vn -0.99966 0.012 -0.023
vn -0.99942 0.0321 -0.0113
vn -0.99966 0.0028 -0.026
vn -0.99893 -0.0203 -0.0415
vn -0.99953 0.0004 -0.0308
vn -0.99952 -0.0014 -0.0311
vn -0.99946 -0.006 -0.0323
vn -0.99944 -0.0107 -0.0318
vn -0.99946 -0.0145 -0.0295
vn -0.99966 -0.0119 -0.0234
vn -0.99966 -0.0028 -0.026
vn -0.63819 -0.76429 -0.0926
vn -0.69858 -0.70808 -0.103
vn -0.6917 -0.6936 -0.2012
vn -0.6349 -0.7509 -0.1818
vn -0.99931 -0.0368 0.0054
vn -0.99785 -0.0549 -0.0358
vn -0.99704 -0.0604 -0.0476
vn -0.99686 -0.0642 -0.0463
vn -0.99678 -0.0663 -0.0451
vn -0.99676 -0.0677 -0.0434
vn -0.9968 -0.0689 -0.0405
vn -0.76146 -0.47987 0.43578
vn -0.90263 -0.29911 0.30951
vn -0.78552 -0.16101 0.59752
vn -0.83098 -0.39789 0.38879
vn -0.76777 -0.50228 0.39779
vn -0.6371 -0.5673 0.5218
vn -0.65179 -0.58379 0.4841
vn -0.68802 -0.50761 0.51861
vn -0.9034 0.3049 -0.3015
vn -0.90263 0.29911 -0.30951
vn -0.76146 0.47987 -0.43578
vn -0.79421 0.43271 -0.42661
vn -0.79421 -0.43271 0.42661
vn -0.63962 -0.43652 -0.63272
vn -0.69073 -0.42142 -0.58762
vn -0.6906 -0.324 -0.6466
vn -0.63956 -0.35748 -0.68056
vn -0.7537 -0.4249 0.5014
vn -0.69073 -0.42142 0.58762
vn -0.9807 -0.1395 0.137
vn -0.99824 -0.037 0.0464
vn -0.972 -0.1719 0.1602
vn -0.89889 0.2301 -0.3729
vn -0.89881 0.2589 -0.3537
vn -0.78913 0.36281 -0.49562
vn -0.74837 0.34469 -0.56668
vn -0.97277 0.15119 -0.17569
vn -0.9807 0.1395 -0.137
vn -0.89888 0.28589 -0.33209
vn -0.99905 -0.0364 0.0241
vn -0.97277 -0.15119 0.17569
vn -0.78913 -0.36281 0.49562
vn -0.7537 0.4249 -0.5014
vn -0.97983 -0.1193 0.16031
vn -0.89881 0.2589 0.3537
vn -0.89888 0.28589 0.33209
vn -0.97277 0.15119 0.17569
vn -0.97983 0.1193 0.16031
vn -0.74837 -0.34469 0.56668
vn -0.6906 -0.324 0.6466
vn -0.74837 0.34469 0.56668
vn -0.78913 0.36281 0.49562
vn -0.89889 0.2301 0.3729
vn -0.78914 0.28031 -0.54652
vn -0.74422 0.25411 -0.61771
vn -0.89891 0.1686 -0.4044
vn -0.89881 0.2001 -0.39
vn -0.99903 -0.0296 0.0325
vn -0.97276 -0.1217 0.19729
vn -0.78914 -0.28031 0.54652
vn -0.89889 -0.2301 -0.3729
vn -0.89881 -0.2001 -0.39
vn -0.78914 -0.28031 -0.54652
vn -0.74837 -0.34469 -0.56668
vn -0.97276 -0.1217 -0.19729
vn -0.9799 -0.092 -0.177
vn -0.9799 -0.092 0.177
vn -0.74422 -0.25411 0.61771
vn -0.6876 -0.2239 0.6907
vn -0.74422 -0.25411 -0.61771
vn -0.89891 -0.1686 -0.4044
vn -0.97276 0.0892 -0.21399
vn -0.9799 0.092 -0.177
vn -0.99902 -0.0218 0.0385
vn -0.97276 -0.0892 0.21399
vn -0.78917 -0.19079 0.58378
vn -0.89891 0.1028 -0.4259
vn -0.89884 0.069 -0.43282
vn -0.97998 0.0316 -0.1966
vn -0.97277 0.0544 -0.22529
vn -0.97995 -0.0625 0.18919
vn -0.97995 0.0625 -0.18919
vn -0.89882 0.1362 -0.41661
vn -0.74138 -0.15569 0.65278
vn -0.69351 -0.1012 0.71331
vn -0.89891 -0.1028 -0.4259
vn -0.89882 -0.1362 -0.41661
vn -0.97995 -0.0625 -0.18919
vn -0.97277 -0.0544 -0.22529
vn -0.89891 0.1028 0.4259
vn -0.89882 0.1362 0.41661
vn -0.97995 0.0625 0.18919
vn -0.97277 0.0544 0.22529
vn -0.99901 -0.0134 0.0425
vn -0.97277 -0.0544 0.22529
vn -0.78448 -0.083 0.61458
vn -0.89884 0.069 0.43282
vn -0.78448 0.083 0.61458
vn -0.74138 0.15569 0.65278
vn -0.97998 -0.0316 0.1966
vn -0.89881 -0.2001 0.39
vn -0.89889 -0.2301 0.3729
vn -0.86992 -0.0383 0.49171
vn -0.70043 -0 0.71373
vn -0.89884 -0.069 0.43282
vn -0.999 -0.0045 0.0444
vn -0.97276 -0.0183 0.23109
vn -0.7807 -0 0.6249
vn -0.89882 0 0.43831
vn -0.86992 0.0383 0.49171
vn -0.97276 0.0183 0.23109
vn -0.97998 0 0.1991
vn -0.69351 0.1012 0.71331
vn -0.78917 0.19079 -0.58378
vn -0.999 0.0045 0.0444
vn -0.97998 0.0316 0.1966
vn -0.6876 0.2239 0.6907
vn -0.97276 -0.0183 -0.23109
vn -0.97998 -0 -0.1991
vn -0.89882 -0 -0.43831
vn -0.86992 -0.0383 -0.49171
vn -0.97998 -0.0316 -0.1966
vn -0.89884 -0.069 -0.43282
vn -0.99901 0.0134 0.0425
vn -0.78917 0.19079 0.58378
vn -0.89891 -0.1028 0.4259
vn -0.89882 -0.1362 0.41661
vn -0.74422 0.25411 0.61771
vn -0.6906 0.324 0.6466
vn -0.89891 -0.1686 0.4044
vn -0.823 -0.511 0.2481
vn -0.8026 -0.5243 0.2845
vn -0.92763 -0.32661 0.18121
vn -0.92789 -0.3354 0.1629
vn -0.78914 0.28031 0.54652
vn -0.99902 0.0218 0.0385
vn -0.97276 0.0892 0.21399
vn -0.74138 0.15569 -0.65278
vn -0.9799 0.092 0.177
vn -0.69073 0.42142 0.58762
vn -0.97276 0.1217 -0.19729
vn -0.99903 0.0296 0.0325
vn -0.97276 0.1217 0.19729
vn -0.89881 -0.2589 -0.3537
vn -0.97983 -0.1193 -0.16031
vn -0.89881 -0.2589 0.3537
vn -0.7537 0.4249 0.5014
vn -0.6878 0.5074 0.5191
vn -0.89881 0.2001 0.39
vn -0.7891 0.436 0.4327
vn -0.89888 -0.28589 0.33209
vn -0.9034 -0.3049 0.3015
vn -0.89888 -0.28589 -0.33209
vn -0.97277 -0.15119 -0.17569
vn -0.99905 0.0364 0.0241
vn -0.97972 0.1437 0.1396
vn -0.755 0.4927 0.4327
vn -0.65461 0.58361 0.48051
vn -0.70571 0.54451 0.45331
vn -0.82273 0.43932 0.36071
vn -0.89337 -0.32939 -0.30559
vn -0.89884 -0.31111 -0.30871
vn -0.7891 -0.436 -0.4327
vn -0.755 -0.4927 -0.4327
vn -0.8227 -0.4393 -0.3608
vn -0.88506 -0.34998 -0.30689
vn -0.89337 0.32939 0.30559
vn -0.88506 0.34998 0.30689
vn -0.90406 0.0703 0.42158
vn -0.95561 -0.2768 0.1009
vn -0.97963 -0.18631 -0.0749
vn -0.89882 -0.40661 -0.1637
vn -0.90617 -0.41089 -0.1001
vn -0.96309 0.2665 0.0379
vn -0.98846 0.121 0.0911
vn -0.99918 0.026 0.0311
vn -0.99927 0.0297 0.024
vn -0.0795 -0.98635 -0.14419
vn -0.0795 -0.97436 -0.21049
vn -0.0358 -0.96941 -0.2428
vn -0.0358 -0.99227 -0.1188
vn -0.59248 -0.0966 0.79977
vn -0.50412 -0.12431 0.85464
vn -0.504 0 0.8637
vn -0.59237 -0 0.80566
vn -0.63682 -0.77063 -0.0244
vn -0.59248 -0.79977 -0.0966
vn -0.5942 -0.80391 -0.0256
vn -0.59621 -0.78051 -0.188
vn -0.50751 -0.82711 -0.2415
vn -0.50412 -0.85464 -0.12431
vn -0.59621 0.78051 -0.188
vn -0.59248 0.79977 -0.0966
vn -0.50412 0.85464 -0.12431
vn -0.50751 0.82711 -0.2415
vn -0.6396 -0 0.7687
vn -0.63589 -0.0894 0.76659
vn -0.63659 -0.72119 0.2732
vn -0.69999 -0.64679 0.30279
vn -0.73829 -0.64369 0.2015
vn -0.6349 -0.7509 0.1818
vn -0.5937 -0.3755 -0.7117
vn -0.63589 -0.2769 -0.72039
vn -0.5934 -0.2849 -0.7528
vn -0.5934 -0.7528 0.2849
vn -0.50751 -0.82711 0.2415
vn -0.50507 -0.78515 0.35838
vn -0.59621 -0.78051 0.188
vn -1 0.0018 0.0004
vn -1 0.0013 -0.0015
vn -1 0.0026 -0.0005
vn -0.99999 0.0045 0.0015
vn -0.6349 -0.6827 0.3617
vn -0.5937 -0.7117 0.3755
vn -0.50701 -0.72472 0.46661
vn -0.5924 -0.5345 0.6028
vn -0.63591 -0.50901 0.58011
vn -0.63772 -0.57662 0.51071
vn -0.5924 -0.6028 0.5345
vn -0.63351 -0.63871 0.43671
vn -0.64329 -0.60509 0.46909
vn -0.64903 -0.61302 0.45052
vn -0.65198 -0.62078 0.43538
vn -0.65201 -0.62971 0.42231
vn -0.64886 -0.64216 0.40818
vn -0.65994 -0.65184 0.37362
vn -0.63351 -0.63871 -0.43671
vn -0.59621 -0.65832 -0.45951
vn -0.5937 -0.7117 -0.3755
vn -0.6349 -0.6827 -0.3617
vn -0.59621 -0.45951 0.65832
vn -0.50402 -0.56503 0.65323
vn -0.50701 -0.46661 0.72472
vn -0.59621 -0.65832 0.45951
vn -0.5924 0.6028 0.5345
vn -0.5924 0.5345 0.6028
vn -0.50402 0.56503 0.65323
vn -0.50402 0.65323 0.56503
vn -0.63659 0.72119 -0.2732
vn -0.5934 0.7528 -0.2849
vn -0.5937 0.7117 -0.3755
vn -0.6349 0.6827 -0.3617
vn -0.63591 -0.50901 -0.58011
vn -0.6878 -0.5074 -0.5191
vn -0.59621 0.65832 0.45951
vn -0.63351 0.63871 0.43671
vn -0.63772 0.57662 0.51071
vn -0.63589 -0.0894 -0.76659
vn -0.59248 -0.0966 -0.79977
vn -0.59621 -0.188 -0.78051
vn -0.63767 -0.18339 -0.74816
vn -0.59621 0.45951 0.65832
vn -0.50701 0.46661 0.72472
vn -0.69073 0.42142 -0.58762
vn -0.63962 0.43652 -0.63272
vn -0.63956 0.35748 -0.68056
vn -0.6906 0.324 -0.6466
vn -0.6396 -0 -0.7687
vn -0.63589 0.0894 -0.76659
vn -0.59248 0.0966 -0.79977
vn -0.59237 -0 -0.80566
vn -0.5937 -0.3755 0.7117
vn -0.50507 -0.35838 0.78515
vn -0.63956 0.35748 0.68056
vn -0.63589 0.2769 0.72039
vn -0.5934 -0.2849 0.7528
vn -0.50751 -0.2415 0.82711
vn -0.63767 -0.18339 0.74816
vn -0.63589 -0.2769 0.72039
vn -0.63819 -0.76429 0.0926
vn -0.59248 -0.79977 0.0966
vn -0.59621 -0.188 0.78051
vn -0.50412 -0.85464 0.12431
vn -0.70043 -0 -0.71373
vn -0.69351 0.1012 -0.71331
vn -0.59248 0.0966 0.79977
vn -0.50412 0.12431 0.85464
vn -0.59248 0.79977 0.0966
vn -0.63819 0.76429 0.0926
vn -0.6349 0.7509 0.1818
vn -0.59621 0.78051 0.188
vn -0.63659 0.72119 0.2732
vn -0.5934 0.7528 0.2849
vn -0.50507 0.78515 0.35838
vn -0.50701 0.72472 0.46661
vn -0.3614 0.7844 0.5041
vn -0.36231 0.84782 0.38721
vn -0.50701 0.72472 -0.46661
vn -0.3623 0.7841 -0.5039
vn -0.36181 0.70652 -0.60822
vn -0.50402 0.65323 -0.56503
vn -0.36181 -0.70252 0.61282
vn -0.50402 -0.65323 0.56503
vn -0.3614 -0.7844 0.5041
vn -0.36181 -0.60822 0.70652
vn -0.50412 -0.12431 -0.85464
vn -0.36141 -0.1327 -0.92292
vn -0.3623 -0.2626 -0.8943
vn -0.50751 -0.2415 -0.82711
vn -0.36181 0.61282 -0.70252
vn -0.50402 0.56503 -0.65323
vn -0.63772 0.57662 -0.51071
vn -0.5924 0.6028 -0.5345
vn -0.5924 0.5345 -0.6028
vn -0.63591 0.50901 -0.58011
vn -0.36182 -0.84925 0.38452
vn -0.50751 0.2415 -0.82711
vn -0.3623 0.2626 -0.8943
vn -0.36141 0.1327 -0.92292
vn -0.50412 0.12431 -0.85464
vn -0.36181 0.92232 0.1357
vn -0.50412 0.85464 0.12431
vn -0.50751 0.82711 0.2415
vn -0.36181 0.89362 0.2656
vn -0.3618 0.5066 -0.7826
vn -0.50701 0.46661 -0.72472
vn -0.3618 -0.1297 0.92319
vn -0.36229 0 0.93207
vn -0.3618 0.1297 0.92319
vn -0.50639 -0.86179 -0.0298
vn -0.36181 -0.92232 -0.1357
vn -0.36011 -0.93232 -0.0333
vn -0.36181 -0.61282 -0.70252
vn -0.50402 -0.56503 -0.65323
vn -0.50701 -0.46661 -0.72472
vn -0.3618 -0.5066 -0.7826
vn -0.50507 -0.78515 -0.35838
vn -0.36182 -0.84925 -0.38452
vn -0.3623 -0.8943 -0.2626
vn -0.36182 -0.25971 0.89534
vn -0.97276 -0.0892 -0.21399
vn -0.50507 -0.35838 -0.78515
vn -0.36139 -0.38729 -0.84818
vn -0.50507 0.78515 -0.35838
vn -0.3623 0.8943 -0.2626
vn -0.36139 0.84818 -0.38729
vn -0.36181 0.60822 0.70652
vn -0.3623 0.5039 0.7841
vn -0.50639 0.86179 -0.0298
vn -0.36011 0.93232 -0.0333
vn -0.36181 0.92232 -0.1357
vn -0.86992 0.0383 -0.49171
vn -0.97276 0.0183 -0.23109
vn -0.36181 0.70252 0.61282
vn -0.2403 -0.96842 0.0665
vn -0.36011 -0.93232 0.0333
vn -0.2376 -0.97121 0.0173
vn -0.24031 0.57952 -0.77872
vn -0.23991 0.63151 -0.73732
vn -0.24219 0.88258 0.40299
vn -0.2403 0.8506 0.4677
vn -0.2403 -0.94911 0.2036
vn -0.36181 -0.92232 0.1357
vn -0.2399 -0.96169 0.1327
vn -0.2376 0.97121 0.0173
vn -0.2403 0.96842 0.0665
vn -0.15921 0.98473 0.0704
vn -0.1593 0.98707 0.0176
vn -0.2399 0.96169 0.1327
vn -0.1592 0.9772 0.1405
vn -0.23991 -0.73003 -0.63992
vn -0.36181 -0.70652 -0.60822
vn -0.24029 -0.68439 -0.68839
vn -0.24221 0.81622 -0.52451
vn -0.15921 0.83054 -0.53372
vn -0.15921 0.79034 -0.59163
vn -0.24031 0.77543 -0.58392
vn -0.1592 0.96468 -0.20989
vn -0.2403 0.94911 -0.2036
vn -0.2399 0.96169 -0.1327
vn -0.1592 0.9772 -0.1405
vn -0.0785 -0.0728 0.99425
vn -0.0343 -0.1263 0.9914
vn -0.0324 0.0012 0.99947
vn -0.0761 0.0006 0.9971
vn -0.0779 -0.0733 -0.99426
vn -0.15921 -0.0704 -0.98473
vn -0.15921 0 -0.98725
vn -0.0761 -0.0006 -0.9971
vn -0.23989 -0.88077 0.40829
vn -0.24031 -0.90853 0.34181
vn -0.1593 -0.98707 -0.0176
vn -0.15921 -0.98473 -0.0704
vn -0.0793 -0.99423 -0.0723
vn -0.079 -0.99664 -0.0218
vn -0.0789 -0.98616 0.14579
vn -0.0785 -0.99425 0.0728
vn -0.0343 -0.9914 0.1263
vn -0.24221 0.27331 -0.93093
vn -0.2403 0.2036 -0.94911
vn -0.15921 -0.98473 0.0704
vn -0.1593 -0.98707 0.0176
vn -0.0787 -0.53901 0.83861
vn -0.0789 -0.59422 0.80042
vn -0.0343 -0.61178 0.79028
vn -0.1592 0.96468 0.20989
vn -0.0795 0.97436 0.21049
vn -0.0795 0.98635 0.14419
vn -0.23759 -0.81716 0.52517
vn -0.2403 -0.8506 0.4677
vn -0.24031 0.58392 0.77543
vn -0.15921 0.59163 0.79034
vn -0.1592 0.64651 0.74611
vn -0.23991 0.63992 0.73003
vn -0.1592 0.94727 0.27809
vn -0.0794 0.95644 0.28091
vn -0.079 -0.95568 0.2836
vn -0.0787 -0.97412 0.2119
vn -0.0342 -0.96591 0.2566
vn -0.24031 -0.072 0.96802
vn -0.24221 0 0.97022
vn -0.24031 -0.77872 0.57952
vn -0.1592 0.64651 -0.74611
vn -0.15921 0.59163 -0.79034
vn -0.24029 -0.68839 0.68439
vn -0.1592 -0.69809 0.69809
vn -0.1592 -0.64651 0.74611
vn -0.23991 -0.63992 0.73003
vn -0.15921 -0.41011 0.89803
vn -0.0789 -0.34689 0.93458
vn -0.1592 -0.345 0.925
vn -0.0789 -0.80042 0.59422
vn -0.0787 -0.83861 0.53901
vn -0.0342 -0.86449 0.50149
vn -0.0343 -0.79028 0.61178
vn -0.1592 -0.925 -0.345
vn -0.0771 -0.93346 -0.35029
vn -0.0794 -0.95644 -0.28091
vn -0.1592 -0.94727 -0.27809
vn -0.0789 -0.90617 0.41549
vn -0.0789 -0.93458 0.34689
vn -0.0342 -0.92332 0.38251
vn -0.079 0.2836 -0.95568
vn -0.0789 0.34689 -0.93458
vn -0.0342 0.38251 -0.92332
vn -0.0342 0.2566 -0.96591
vn -0.36182 0.25971 0.89534
vn -0.2399 0.2788 0.9299
vn -0.24031 0.34181 0.90853
vn -0.36139 0.38729 0.84818
vn -0.23991 -0.73732 0.63151
vn -0.1592 0.69809 0.69809
vn -0.24029 0.68839 0.68439
vn -0.23991 0.73732 0.63151
vn -0.1592 0.74611 0.64651
vn -0.15921 0.79034 0.59163
vn -0.24031 0.77872 0.57952
vn -0.15921 0.89803 0.41011
vn -0.0791 0.90573 0.41641
vn -0.0771 0.93346 0.35029
vn -0.1592 0.925 0.345
vn -0.0783 -0.4774 -0.87519
vn -0.1592 -0.4731 -0.8665
vn -0.15921 -0.41011 -0.89803
vn -0.0786 -0.41781 -0.90513
vn -0.079 -0.87632 0.47521
vn -0.24031 0.072 0.96802
vn -0.24031 -0.58392 0.77543
vn -0.2376 0.4035 -0.88359
vn -0.15921 0.41011 -0.89803
vn -0.1592 0.345 -0.925
vn -0.24031 0.34181 -0.90853
vn -0.0794 0.83876 0.53868
vn -0.15921 0.83054 0.53372
vn -0.0786 0.7965 0.5995
vn -0.0785 0.70357 0.70627
vn -0.0786 0.65507 0.75147
vn -0.15921 -0.59163 -0.79034
vn -0.24031 -0.57952 -0.77872
vn -0.23989 -0.52018 -0.81967
vn -0.15921 -0.53372 -0.83054
vn -0.2399 0.93301 0.2682
vn -0.24029 0.91048 0.33659
vn -0.0785 0.65154 -0.75454
vn -0.0764 0.70504 -0.70504
vn -0.0329 0.70672 -0.70672
vn -0.0343 0.61178 -0.79028
vn -0.0785 -0.75454 0.65154
vn -0.24029 0.85328 -0.46279
vn -0.15921 -0.59163 0.79034
vn -0.0785 -0.65154 0.75454
vn -0.2376 -0.4035 0.88359
vn -0.36139 -0.38729 0.84818
vn -0.24029 -0.46279 0.85328
vn -0.2403 0.94911 0.2036
vn -0.0764 -0.70504 0.70504
vn -0.0329 -0.70672 0.70672
vn -0.1592 -0.96468 -0.20989
vn -0.24029 -0.46279 -0.85328
vn -0.24031 -0.34181 0.90853
vn -0.90334 -0.38548 -0.18809
vn -0.79439 -0.54549 -0.26719
vn -0.76928 -0.59468 -0.23359
vn -0.24221 0.52451 0.81622
vn -0.15921 0.53372 0.83054
vn -0.0786 0.2853 0.95521
vn -0.1592 0.27809 0.94727
vn -0.1592 0.20989 0.96468
vn -0.078 0.2131 0.97391
vn -0.15921 0.98473 -0.0704
vn -0.0785 0.99425 -0.0728
vn -0.0789 0.98616 -0.14579
vn -0.0789 0.14579 -0.98616
vn -0.0787 0.2119 -0.97412
vn -0.0343 0.1263 -0.9914
vn -0.2399 0.1437 0.9601
vn -0.2403 0.2091 0.94791
vn -0.2403 -0.2091 0.94791
vn -0.2399 -0.2788 0.9299
vn -0.23759 0.81716 0.52517
vn -0.1592 0.4731 0.8665
vn -0.0783 0.4774 0.87519
vn -0.0786 0.54193 0.83674
vn -0.1592 -0.4731 0.8665
vn -0.079 -0.2836 0.95568
vn -0.0342 -0.2566 0.96591
vn -0.0787 -0.2119 0.97412
vn -0.1592 -0.20989 0.96468
vn -0.1592 -0.27809 0.94727
vn -0.2399 -0.1437 0.9601
vn -0.1592 -0.925 0.345
vn -0.15921 -0.89803 0.41011
vn -0.1592 0.69809 -0.69809
vn -0.24029 0.68439 -0.68839
vn -0.23991 0.73003 -0.63992
vn -0.1592 0.74611 -0.64651
vn -0.1592 0.345 0.925
vn -0.0782 0.34881 0.93393
vn -0.0786 0.41781 0.90513
vn -0.15921 0.41011 0.89803
vn -0.079 0.87632 -0.47521
vn -0.0789 0.90617 -0.41549
vn -0.0342 0.92332 -0.38251
vn -0.0342 0.86449 -0.50149
vn -0.15921 0.53372 -0.83054
vn -0.23989 0.52018 -0.81967
vn -0.24221 -0.93093 -0.27331
vn -0.24031 -0.90853 -0.34181
vn -0.24029 0.46279 0.85328
vn -0.0793 0.99423 0.0723
vn -0.079 0.99664 0.0218
vn -0.0787 0.97412 -0.2119
vn -0.0343 0.9914 -0.1263
vn -0.0342 0.96591 -0.2566
vn -0.0789 0.93458 -0.34689
vn -0.1592 0.925 -0.345
vn -0.1592 0.94727 -0.27809
vn -0.079 0.95568 -0.2836
vn -0.0789 -0.14579 0.98616
vn -0.2403 0.96842 -0.0665
vn -0.2376 0.97121 -0.0173
vn -0.2399 -0.81369 -0.52949
vn -0.36179 -0.78588 -0.50149
vn -0.24031 -0.77543 -0.58392
vn -0.36229 -0 -0.93207
vn -0.24221 -0 -0.97022
vn -0.24031 -0.072 -0.96802
vn -0.24031 -0.34181 -0.90853
vn -0.1592 -0.345 -0.925
vn -0.2376 -0.4035 -0.88359
vn -0.1592 -0.8665 0.4731
vn -0.2403 -0.94911 -0.2036
vn -0.1592 -0.9772 -0.1405
vn -0.2399 -0.96169 -0.1327
vn -0.0375 -0.99892 0.0275
vn -0.0786 -0.99665 0.0226
vn -0.1592 -0.20989 -0.96468
vn -0.078 -0.2131 -0.97391
vn -0.0786 -0.2853 -0.95521
vn -0.1592 -0.27809 -0.94727
vn -0.2376 0.88359 -0.4035
vn -0.24031 0.90853 -0.34181
vn -0.1592 -0.9772 0.1405
vn -0.0787 0.53901 -0.83861
vn -0.0789 0.59422 -0.80042
vn -0.0342 0.50149 -0.86449
vn -0.2403 -0.2036 -0.94911
vn -0.2376 -0.1382 -0.96148
vn -0.1592 -0.1405 -0.9772
vn -0.1592 -0.1405 0.9772
vn -0.0784 -0.59649 -0.79878
vn -0.0786 -0.65507 -0.75147
vn -0.1592 -0.64651 -0.74611
vn -0.24221 0.93093 -0.27331
vn -0.0793 -0.87336 -0.48058
vn -0.1592 -0.8665 -0.4731
vn -0.15921 -0.83054 -0.53372
vn -0.0794 -0.83876 -0.53868
vn -0.36139 0.38729 -0.84818
vn -0.2376 0.4035 0.88359
vn -0.0791 -0.90573 -0.41641
vn -0.15921 -0.89803 -0.41011
vn -0.23991 -0.63151 -0.73732
vn -0.0782 -0.34881 -0.93393
vn -0.0787 0.83861 -0.53901
vn -0.0785 0.0728 -0.99425
vn -0.15921 0.0704 -0.98473
vn -0.1592 0.1405 -0.9772
vn -0.15921 -0.79034 -0.59163
vn -0.0786 -0.7965 -0.5995
vn -0.0324 -0.0012 -0.99947
vn -0.0785 0.75454 -0.65154
vn -0.0789 0.80042 -0.59422
vn -0.0343 0.79028 -0.61178
vn -0.23989 -0.88077 -0.40829
vn -0.2403 -0.8506 -0.4677
vn -0.1592 0.27809 -0.94727
vn -0.0785 -0.70357 -0.70627
vn -0.1592 -0.69809 -0.69809
vn -0.24029 0.46279 -0.85328
vn -0.1592 0.20989 -0.96468
vn -0.2376 0.1382 -0.96148
vn -0.1592 -0.74611 0.64651
vn -0.15921 -0.79034 0.59163
vn -0.0789 0.41549 -0.90617
vn -0.1592 0.4731 -0.8665
vn -0.079 0.47521 -0.87632
vn -0.24221 -0.93093 0.27331
vn -0.3623 -0.8943 0.2626
vn -0.1592 -0.74611 -0.64651
vn -0.24221 -0.27331 -0.93093
vn -0.1592 0.8665 0.4731
vn -0.0793 0.87336 0.48058
vn -0.0785 -0.75491 -0.65111
vn -0.24031 0.072 -0.96802
vn -0.1592 0.1405 0.9772
vn -0.1592 -0.94727 0.27809
vn -0.15921 0.89803 -0.41011
vn -0.0375 0.99892 -0.0275
vn -0.0786 0.99665 -0.0226
vn -0.50701 -0.72472 -0.46661
vn -0.50507 0.35838 0.78515
vn -0.50402 -0.65323 -0.56503
vn -0.50639 -0.86179 0.0298
vn -0.504 -0 -0.8637
vn -0.63682 0.77063 0.0244
vn -0.704 0.7098 0.024
vn -0.69858 0.70808 0.103
vn -0.5942 0.80391 0.0256
vn -0.6917 0.6936 0.2012
vn -0.69999 0.64679 -0.30279
vn -0.73829 0.64369 -0.2015
vn -0.6349 0.7509 -0.1818
vn -0.63767 0.18339 -0.74816
vn -0.59621 0.188 -0.78051
vn -0.65549 0.65369 0.37819
vn -0.6349 0.6827 0.3617
vn -0.68719 0.65729 0.3094
vn -0.5937 0.3755 0.7117
vn -0.5934 0.2849 0.7528
vn -0.63351 0.63871 -0.43671
vn -0.64329 0.60509 -0.46909
vn -0.64903 0.61302 -0.45052
vn -0.65198 0.62078 -0.43538
vn -0.65201 0.62971 -0.42231
vn -0.64886 0.64216 -0.40818
vn -0.65994 0.65184 -0.37362
vn -0.5924 -0.6028 -0.5345
vn -0.5937 0.3755 -0.7117
vn -0.5934 0.2849 -0.7528
vn -0.63589 0.2769 -0.72039
vn -0.59621 0.65832 -0.45951
vn -0.65179 0.58379 -0.4841
vn -0.68802 0.50761 -0.51861
vn -0.63767 0.18339 0.74816
vn -0.59621 0.188 0.78051
vn -0.99986 0.0169 -0.0005
vn -0.9999 0.0143 -0.0018
vn -0.99942 0.032 0.0113
vn -0.99778 0.0208 0.0633
vn -0.9994 0.0077 0.0338
vn -0.99944 0.0108 0.0318
vn -0.5937 0.7117 0.3755
vn -0.63591 0.50901 0.58011
vn -0.63962 0.43652 0.63272
vn -0.63962 -0.43652 0.63272
vn -0.5924 -0.5345 -0.6028
vn -0.59621 -0.45951 -0.65832
vn -0.59621 0.45951 -0.65832
vn -0.50507 0.35838 -0.78515
vn -0.63659 -0.72119 -0.2732
vn -0.5934 -0.7528 -0.2849
vn -0.6876 0.2239 -0.6907
vn -0.63956 -0.35748 0.68056
vn -0.50751 0.2415 0.82711
vn -0.69351 -0.1012 -0.71331
vn -0.50639 0.86179 0.0298
vn -0.0779 0.0733 0.99426
vn -0.0333 0.1319 0.9907
vn -0.15921 -0.0704 0.98473
vn -0.15921 0 0.98725
vn -0.2403 -0.96842 -0.0665
vn -0.0333 -0.1319 -0.9907
vn -0.0785 0.1469 0.98603
vn -0.3623 -0.5039 0.7841
vn -0.24221 -0.52451 0.81622
vn -0.1592 -0.96468 0.20989
vn -0.1592 0.8665 -0.4731
vn -0.0785 -0.1469 -0.98603
vn -0.0332 -0.26691 -0.96315
vn -0.15921 -0.53372 0.83054
vn -0.0784 0.59649 0.79878
vn -0.0332 0.26691 0.96315
vn -0.0331 -0.39689 -0.91727
vn -0.15921 0.0704 0.98473
vn -0.0785 0.75491 0.65111
vn -0.0331 0.39689 0.91727
vn -0.0331 -0.5194 -0.85389
vn -0.0331 0.5194 0.85389
vn -0.0786 -0.54193 -0.83674
vn -0.033 -0.63192 -0.77433
vn -0.033 0.63192 0.77433
vn -0.033 -0.73248 -0.67998
vn -0.033 0.73248 0.67998
vn -0.0346 -0.93353 -0.35681
vn -0.0344 0.81791 0.57431
vn -0.15921 -0.83054 0.53372
vn -0.99999 -0.0044 0.001
vn -0.99999 -0.0049 0.0002
vn -0.99999 -0.005 -0.0001
vn -0.99999 -0.0045 -0.0004
vn -0.0359 0.88469 0.46479
vn -0.36011 0.93232 0.0333
vn -0.0382 -0.99894 -0.0258
vn -0.0344 -0.81795 -0.57426
vn -0.0359 -0.88469 -0.46479
vn -0.0358 0.96939 0.2429
vn -0.98179 0.1721 0.0804
vn -0.97206 0.20869 0.1075
vn -0.9031 0.3914 0.1767
vn -0.90338 0.38539 0.1881
vn -0.0358 0.99227 0.1188
vn -0.92074 -0.36381 0.14101
vn -0.91422 -0.38751 0.1185
vn -0.80458 -0.55399 0.21389
vn -0.2376 -0.97121 -0.0173
vn -0.1593 0.98707 -0.0176
vn -0.0346 0.93353 0.35681
vn -0.0382 0.99894 0.0258
vn -0.63682 -0.77063 0.0244
vn -0.7049 -0.7089 0.0241
vn -0.704 -0.7098 -0.024
vn -0.98902 0.1477 -0.0052
vn -0.99981 -0.0193 0.0002
vn -0.99283 0.1195 0.0038
vn -0.5942 -0.80391 0.0256
vn -0.9299 0.3676 -0.0123
vn -0.93572 0.35251 0.0125
vn -0.82148 -0.56989 0.0198
vn -0.81616 -0.57747 -0.0205
vn -0.78448 -0.083 -0.61458
vn -0.74138 -0.15569 -0.65278
vn -0.63589 0.0894 0.76659
vn -0.6876 -0.2239 -0.6907
vn -0.63772 -0.57662 -0.51071
vn -0.99785 0.0549 0.0358
vn -0.99834 0.0567 0.0102
vn -0.64329 0.60509 0.46909
vn -0.64881 0.64231 0.40801
vn -0.652 0.6298 0.4222
vn -0.65201 0.62081 0.4353
vn -0.64902 0.61311 0.45041
vn -0.65549 -0.65369 -0.37819
vn -0.68719 -0.65729 -0.3094
vn -0.73663 -0.66703 0.1116
vn -0.65461 -0.58361 -0.48051
vn -0.64329 -0.60509 -0.46909
vn -0.63819 0.76429 -0.0926
vn -0.64881 -0.64231 -0.40801
vn -0.652 -0.6298 -0.4222
vn -0.65203 -0.62083 -0.43522
vn -0.64902 -0.61311 -0.45041
vn -0.73663 0.66703 -0.1116
vn -0.7049 0.7089 -0.0241
vn -0.63682 0.77063 -0.0244
vn -0.5942 0.80391 -0.0256
vn -0.99847 -0.0547 0.0087
vn -0.82148 0.56989 -0.0198
vn -0.81616 0.57747 0.0205
vn -0.98728 0.1575 -0.0217
vn -0.99991 -0.0134 0.0018
vn -0.99999 0.0032 0.0014
vn -0.99825 -0.0592 -0.0005
vn -0.92134 0.38278 -0.0679
vn -0.8254 0.4957 -0.2702
vn -0.92134 -0.38278 0.0679
vn -0.8254 -0.4957 0.2702
vn -0.82303 -0.51922 0.23031
vn -0.91422 0.38751 -0.1185
vn -0.92074 0.36381 -0.14101
vn -0.98711 0.1487 -0.0591
vn -0.98679 0.1561 -0.0434
vn -0.90311 -0.39141 -0.1766
vn -0.76394 -0.56993 -0.30262
vn -0.99995 -0.0092 0.0032
vn -0.98728 -0.1575 0.0217
vn -0.98679 -0.1561 0.0434
vn -0.80458 0.55399 -0.21389
vn -0.97963 0.18631 0.0749
vn -0.89882 0.40661 0.1637
vn -0.98981 -0.1283 0.0618
vn -0.98085 -0.17591 0.0836
vn -0.99937 -0.0344 0.0089
vn -0.99988 0.0106 -0.0116
vn -0.98711 -0.1487 0.0591
vn -0.7537 -0.4249 -0.5014
vn -0.59111 -0.74301 0.3139
vn -0.81956 -0.48898 0.29869
vn -0.88452 -0.42221 0.1984
vn -0.94737 -0.31959 0.019
vn -0.92789 0.3354 -0.1629
vn -0.92767 0.32649 -0.18119
vn -0.98085 0.17591 -0.0836
vn -0.823 0.511 -0.2481
vn -0.8026 0.5243 -0.2845
vn -0.98064 -0.19321 -0.0318
vn -0.93572 -0.35251 -0.0125
vn -0.99283 -0.1195 -0.0038
vn -0.99976 -0.0218 -0.0011
vn -0.7639 0.57 0.3026
vn -0.7856 0.6165 -0.0525
vn -0.83078 0.50149 0.24149
vn -0.76757 0.54578 0.33609
vn -0.637 0.6843 0.3549
vn -0.79439 0.54549 0.26719
vn -0.98179 -0.1721 -0.0804
vn -0.97206 -0.20869 -0.1075
vn -0.76928 0.59468 0.23359
vn -0.99634 0.077 0.037
vn -0.78832 0.59111 0.1707
vn -0.78832 -0.59111 -0.1707
vn -0.99931 0.0028 0.037
vn -0.9972 0.0026 0.0747
vn -0.99717 -0.0007 0.0752
vn -0.99931 -0.0028 0.037
vn -0.9299 -0.3676 0.0123
vn -0.95561 0.2768 -0.1009
vn -0.90617 0.41089 0.1001
vn -0.79666 -0.59817 -0.0867
vn -0.99999 -0.0051 0.0003
vn -0.99999 -0.0051 -0.0001
vn -0.99999 -0.0051 -0
vn -0.98064 0.19321 0.0318
vn -0.91229 -0.4048 -0.0622
vn -0.91229 0.4048 0.0622
vn -0.78556 0.16099 -0.59747
vn -0.83098 0.39789 -0.38879
vn -0.76777 0.50228 -0.39779
vn -0.6371 0.5673 -0.5218
vn -0.89884 0.31111 0.30871
vn -0.99948 -0.0169 0.0274
vn -0.9989 -0.038 0.0274
vn -0.99824 0.037 -0.0464
vn -0.972 0.1719 -0.1602
vn -0.97972 -0.1437 -0.1396
vn -0.99905 0.0364 -0.0241
vn -0.97983 0.1193 -0.16031
vn -0.99946 -0.0146 0.0295
vn -0.96303 -0.26671 -0.0379
vn -0.78913 -0.36281 -0.49562
vn -0.99903 0.0296 -0.0325
vn -0.99944 -0.0108 0.0318
vn -0.89891 0.1686 0.4044
vn -0.99902 0.0218 -0.0385
vn -0.78917 -0.19079 -0.58378
vn -0.9994 -0.0077 0.0338
vn -0.99901 0.0134 -0.0425
vn -0.78448 0.083 -0.61458
vn -0.999 0.0045 -0.0444
vn -0.7807 0 -0.6249
vn -0.999 -0.0045 -0.0444
vn -0.99901 -0.0134 -0.0425
vn -0.99902 -0.0218 -0.0385
vn -0.99946 0.0145 0.0295
vn -0.99903 -0.0296 -0.0325
vn -0.99948 0.0169 0.0274
vn -0.99905 -0.0364 -0.0241
vn -0.99862 0.0427 0.0306
vn -0.70576 -0.54447 -0.45327
vn -0.90406 -0.0703 -0.42158
vn -0.98845 -0.12111 -0.0911
vn -0.99918 -0.0258 -0.0311
vn -0.99929 -0.0292 -0.0239
vn -0.79666 0.59817 0.0867
vn -0.98902 -0.1477 0.0052
vn -0.82303 0.51922 -0.23031
vn -0.99953 -0.0306 -0.0028
vn -0.99952 -0.0309 0.0029
vn -0.99937 0.0344 -0.0089
vn -0.99999 0.0045 -0.0018
vn -1 0.0026 0.0005
vn -1 0.0012 0.0016
vn -1 0.0018 -0.0005
vn -0.59111 0.74301 -0.3139
vn -0.81956 0.48898 -0.29869
vn -0.88452 0.42221 -0.1984
vn -0.9474 0.3195 -0.019
vn -0.99977 0.0214 0.0007
vn -0.7856 -0.6165 0.0525
vn -0.83078 -0.50149 -0.24149
vn -0.76757 -0.54578 -0.33609
vn -0.6369 -0.6844 -0.3549
vn -0.99634 -0.077 -0.037
vn -0.99677 0.058 0.0556
vn -0.99729 0.0523 0.0518
vn -0.99747 0.0507 0.0498
vn -0.99688 0.0702 0.0361
vn -0.99674 0.0719 0.0365
vn -0.99653 0.0741 0.038
vn -0.99955 0.0256 0.0158
vn -0.99744 0.0147 0.07
vn -0.99733 0.0123 0.072
vn -0.99761 0.0189 0.0665
vn -0.99728 0.009 0.0731
vn -0.99778 -0.0208 0.0633
vn -0.99728 -0.009 0.0731
vn -0.99733 -0.0123 0.072
vn -0.99721 -0.0035 0.0745
vn -0.99744 -0.0147 0.07
vn -0.99761 -0.0189 0.0665
vn -0.99999 -0.0047 0.0003
vn -0.99999 -0.0048 -0.0008
vn -0.99656 -0.06 0.0572
vn -0.99678 -0.0578 0.0555
vn -0.99718 -0.0536 0.0526
vn -0.99747 -0.0505 0.0501
vn -0.99688 -0.0701 0.0363
vn -0.99704 0.0604 0.0476
vn -0.99686 0.0642 0.0463
vn -0.99678 0.0663 0.0451
vn -0.99676 0.0677 0.0434
vn -0.99681 0.0688 0.0405
vn -0.9993 -0.0368 -0.0062
vn -0.99785 -0.0549 0.0358
vn -0.99966 0.0118 0.0231
vn -0.99966 0.0027 0.026
vn -0.99809 0.0182 0.059
vn -0.99837 0.0149 0.0551
vn -0.99858 0.0123 0.0519
vn -0.99876 0.0099 0.0488
vn -0.99895 0.0072 0.0452
vn -0.99918 0.0037 0.0403
vn -0.99965 -0.0117 0.0236
vn -0.99918 -0.0037 0.0403
vn -0.99895 -0.0072 0.0452
vn -0.99876 -0.0099 0.0488
vn -0.99858 -0.0123 0.0519
vn -0.99837 -0.0149 0.0551
vn -0.99809 -0.0182 0.059
vn -0.99679 -0.0685 0.0414
vn -0.99676 -0.0673 0.044
vn -0.99679 -0.0658 0.0455
vn -0.9969 -0.0634 0.0467
vn -0.99715 -0.0581 0.0481
vn -0.99936 -0.0174 0.0313
vn -0.99968 -0.0179 0.0177
vn -0.99977 -0.0185 0.0107
vn -0.99979 -0.0193 0.0062
vn -0.99979 -0.0202 0.0032
vn -0.99977 -0.0185 -0.0111
vn -0.99968 -0.018 -0.0175
vn -0.99938 -0.0175 -0.0304
vn -0.99979 -0.0204 -0.0028
vn -0.99979 -0.0196 -0.0052
vn -0.99979 -0.019 -0.0076
vn -0.99946 0.0174 0.0277
vn -0.99966 0.0178 0.019
vn -0.9998 0.0201 -0.0007
vn -0.99965 0.0221 -0.0147
vn -0.99952 0.0233 -0.0205
vn -0.99977 0.0189 -0.0101
vn -0.99998 0 -0.0068
vn -0.99997 -0 -0.0073
vn -0.99997 -0 -0.0072
vn -0.99998 0 -0.0067
vn -0.99998 0 -0.0061
vn -0.99998 0 -0.0065
vn -0.99996 0.0002 -0.0089
vn -1 -0.0022 -0.0016
vn -0.99998 0.0056 -0.0016
vn -1 0.0024 0.0011
vn -0.99999 -0.0006 0.0033
vn -0.99999 0.0031 0.0007
vn -0.99998 0.0068 -0.0018
vn -0.99999 -0.0038 -0.0012
vn -0.99998 -0.0014 0.0063
vn -0.99999 0.0038 0.0005
vn -0.99999 -0.0027 0.0029
vn -0.99999 -0.0039 0.0029
vn -0.9999 0.0143 0.0011
vn -0.99998 0.0066 0.0016
vn -1 0.0028 -0.001
vn -0.99999 0.0033 -0.0007
vn -0.99999 0.0038 -0.0004
vn -0.99998 0.0059 0.0022
vn -0.99977 0.0188 0.0099
vn -0.99952 0.0233 0.0206
vn -0.99964 0.0222 0.0149
vn -1 -0.0003 -0.0029
vn -0.99999 -0.0045 -0.0024
vn -0.99999 -0.0036 -0.0026
vn -0.9998 0.0201 0.0007
vn -0.99999 -0.0041 0.001
vn -0.99998 -0.0027 -0.0052
vn -0.99999 -0.0013 -0.0049
vn -0.99999 -0.0036 0.0016
vn -1 -0.0021 0.0016
vn -0.99996 0.0001 0.0091
vn -0.99998 0 0.0065
vn -0.99997 0 0.0072
vn -0.99998 -0 0.0069
vn -0.99997 0 0.0073
vn -0.99966 0.0179 -0.0191
vn -0.99947 0.0175 -0.0274
vn -0.0941 0.27431 0.95703
vn -0.55678 0.44139 0.70368
vn -0.4843 0.71081 0.5101
vn 0.0332 0.88373 0.46682
vn -0.0941 -0.27431 -0.95703
vn -0.1623 0.4917 -0.8555
vn -0.72788 0.154 -0.66818
vn -0.55678 -0.44139 -0.70368
vn 0.1141 0.966 0.232
vn -0.40538 0.88456 0.23069
vn -0.47311 0.72872 -0.49511
vn 0.0416 0.87391 -0.48431
vn 0.0332 -0.88373 -0.46682
vn -0.4843 -0.71081 -0.5101
vn -0.42121 -0.86811 0.2626
vn 0.12561 -0.93775 0.32382
vn -0.46098 -0.28949 -0.83886
vn -0.0033 -0.2963 -0.95509
vn 0.1046 0.4261 -0.89861
vn -0.39641 0.30331 -0.86652
vn -0.1682 0.93309 -0.3179
vn -0.73687 0.67098 -0.0825
vn -0.1799 -0.48679 -0.85479
vn -0.73827 -0.19279 -0.64637
vn -0.74122 -0.67092 -0.0215
vn -0.17209 -0.96436 -0.20099
vn -0.57091 0.53911 -0.61921
vn -0.49319 0.29079 -0.81988
vn 0.0219 0.23369 -0.97206
vn -0.0987 0.83728 -0.53779
vn -0.56842 0.43341 -0.69932
vn -0.0821 0.3154 -0.9454
vn -0.1623 -0.4917 0.8555
vn -0.72788 -0.154 0.66818
vn -0.1682 -0.93309 0.3179
vn -0.73687 -0.67098 0.0825
vn -0.17209 0.96436 0.20099
vn -0.74122 0.67092 0.0215
vn -0.42121 0.86811 -0.2626
vn 0.12561 0.93775 -0.32382
vn 0.1087 0.49059 0.86458
vn -0.41071 0.39091 0.82372
vn -0.0987 -0.83728 0.53779
vn -0.57091 -0.53911 0.61921
vn -0.1221 0.89578 0.42739
vn -0.57189 0.58429 0.57579
vn -0.1799 0.48679 0.85479
vn -0.73827 0.19279 0.64637
vn -0.49319 -0.29079 0.81988
vn 0.0219 -0.23369 0.97206
vn -0.51099 -0.47049 -0.71939
vn -0.57189 -0.58429 -0.57579
vn -0.1221 -0.89578 -0.42739
vn -0.40538 -0.88456 -0.23069
vn -0.47308 -0.72876 0.49508
vn 0.0416 -0.87391 0.48431
vn 0.1141 -0.966 -0.232
vn -0.0033 0.2963 0.95509
vn -0.46098 0.28949 0.83886
vn -0.51099 0.47049 0.71939
vn -0.56842 -0.43341 0.69932
vn -0.0821 -0.3154 0.9454
vn -0.39641 -0.30331 0.86652
vn 0.1046 -0.4261 0.89861
vn 0.1087 -0.49059 -0.86458
vn -0.41071 -0.39091 -0.82372
vn -0.94393 0.22281 0.24361
vn -0.90712 0.0172 0.42051
vn -0.90238 0.0948 0.42039
vn -0.80671 0.2961 0.51141
vn -0.77072 0.28731 0.56872
vn -0.74221 0.2825 0.60771
vn -0.73941 0.2622 0.6201
vn -0.89963 -0.30911 0.30841
vn -0.90433 -0.27431 0.32701
vn -0.81241 0.0637 0.5796
vn -0.7041 0.2019 0.6808
vn -0.73839 -0.58529 0.33499
vn -0.74979 -0.3015 0.58899
vn -0.90888 -0.37319 -0.1862
vn -0.84006 -0.53997 -0.0522
vn -0.67213 -0.72593 0.14581
vn -0.93812 -0.31871 -0.1355
vn -0.96989 -0.1871 -0.1559
vn -0.9971 -0.0737 0.0188
vn -0.73756 -0.53627 -0.41038
vn -0.71501 -0.51681 -0.47081
vn -0.73873 -0.48912 -0.46372
vn -0.7464 -0.4655 -0.4756
vn -0.78829 -0.42899 -0.44109
vn -0.8735 -0.3941 -0.2858
vn -0.71548 0.26089 0.64809
vn -0.88681 -0.40881 -0.2155
vn -0.88053 -0.44002 -0.17621
vn -0.90417 -0.30809 -0.29589
vn -0.94174 -0.08359 -0.32578
vn -0.99487 -0.0713 -0.0717
vn -0.98201 0.1858 0.0336
vn -0.69989 -0.0866 0.70899
vn -0.89747 0.0804 -0.43369
vn -0.81538 0.26389 -0.51529
vn -0.93067 -0.34159 0.131
vn -0.89847 -0.40729 0.1639
vn -0.91 0.0275 -0.4137
vn -0.8899 -0.0527 -0.4531
vn -0.94382 0.22131 -0.24541
vn -0.98159 0.1878 -0.0349
vn -0.99937 -0.0345 -0.0085
vn -0.99153 -0.0121 0.1293
vn -0.93908 -0.1089 0.32599
vn -0.90611 -0.3571 0.2268
vn -0.89402 -0.38521 0.2288
vn -0.83655 -0.39337 0.38138
vn -0.76892 -0.43211 0.47121
vn -0.7587 -0.4736 0.4473
vn -0.75127 -0.48178 0.45108
vn -0.70381 -0.57101 0.42261
vn -0.71609 -0.51859 0.4672
vn -0.89661 0.0839 -0.4348
vn -0.65101 -0.72551 -0.2232
vn -0.79702 -0.60381 0.013
vn -0.79427 -0.50218 -0.34199
vn -0.8637 -0.3702 -0.342
vn -0.67852 -0.23371 -0.69642
vn -0.74139 -0.39979 -0.53899
vn -0.84013 -0.0169 -0.54212
vn -0.92788 0.0849 -0.36309
vn -0.771 0.1917 -0.6073
vn -0.7135 0.2608 -0.6503
vn -0.75042 0.26661 -0.60481
vn -0.76607 0.29669 -0.57018
vn -0.76581 0.253 -0.59121
vn -0.94393 -0.22281 -0.24361
vn -0.98201 -0.1858 -0.0336
vn -0.90712 -0.0172 -0.42051
vn -0.90241 -0.0949 -0.4203
vn -0.80671 -0.2961 -0.51141
vn -0.77072 -0.28731 -0.56872
vn -0.74221 -0.2825 -0.60771
vn -0.73941 -0.2622 -0.6201
vn -0.7041 -0.2019 -0.6808
vn -0.71544 -0.26091 -0.64813
vn -0.81241 -0.0637 -0.5796
vn -0.73834 0.58533 -0.33502
vn -0.89963 0.30911 -0.30841
vn -0.90433 0.27431 -0.32701
vn -0.74979 0.3015 -0.58899
vn -0.9971 0.0737 -0.0188
vn -0.84011 0.5399 0.0522
vn -0.67213 0.72593 -0.14581
vn -0.93811 0.3187 0.1356
vn -0.90888 0.37319 0.1862
vn -0.96991 0.187 0.1559
vn -0.7376 0.5362 0.4104
vn -0.71501 0.51681 0.47081
vn -0.73873 0.48912 0.46372
vn -0.7464 0.4655 0.4756
vn -0.78829 0.42899 0.44109
vn -0.8735 0.3941 0.2858
vn -0.88681 0.40881 0.2155
vn -0.88053 0.44002 0.17621
vn -0.90417 0.30809 0.29589
vn -0.94177 0.0836 0.32569
vn -0.99487 0.0713 0.0717
vn -0.69989 0.0866 -0.70899
vn -0.75042 -0.26661 0.60481
vn -0.7661 -0.2966 0.5702
vn -0.76581 -0.253 0.59121
vn -0.81538 -0.26389 0.51529
vn -0.89747 -0.0804 0.43369
vn -0.93067 0.34159 -0.131
vn -0.89847 0.40729 -0.1639
vn -0.90996 -0.0275 0.41378
vn -0.8899 0.0527 0.4531
vn -0.94382 -0.22131 0.24541
vn -0.98159 -0.1878 0.0349
vn -0.99937 0.0345 0.0085
vn -0.99153 0.0121 -0.1293
vn -0.93908 0.1089 -0.32599
vn -0.90611 0.3571 -0.2268
vn -0.89402 0.38521 -0.2288
vn -0.76892 0.43211 -0.47121
vn -0.83658 0.39329 -0.38139
vn -0.7587 0.4736 -0.4473
vn -0.75127 0.48178 -0.45108
vn -0.70381 0.57101 -0.42261
vn -0.71609 0.51859 -0.4672
vn -0.89661 -0.0839 0.4348
vn -0.65101 0.72551 0.2232
vn -0.79702 0.60381 -0.013
vn -0.79427 0.50218 0.34199
vn -0.8637 0.3702 0.342
vn -0.67852 0.23371 0.69642
vn -0.74139 0.39979 0.53899
vn -0.84016 0.0169 0.54207
vn -0.92787 -0.085 0.36309
vn -0.771 -0.1917 0.6073
vn -0.7135 -0.2608 0.6503
vn 0 -0.27781 -0.96064
vn 0 -0.27839 -0.96047
vn 0 -0.0721 -0.9974
vn 0 -0.0714 -0.99745
vn 0 -0.99212 0.1253
vn 0 -0.99323 0.1162
vn 0 -0.99212 -0.1253
vn 0 -0.99323 -0.1162
vn 0 -0.93633 -0.35111
vn 0 -0.93327 -0.35919
vn 0 -0.82032 -0.57191
vn 0 -0.82469 -0.56559
vn 0 -0.91971 0.3926
vn 0 -0.91966 0.39272
vn 0 -0.98075 0.19529
vn 0 -0.98076 0.19519
vn 0 0.55389 0.83259
vn 0 0.55348 0.83286
vn 0 0.44229 0.89687
vn 0 0.44261 0.89672
vn 0 0.98464 -0.17461
vn 0 0.9846 -0.1748
vn 0 0.91703 -0.39881
vn 0 0.91717 -0.39849
vn 0 -0.9919 0.127
vn 0 -0.99188 0.1272
vn 0 -0.99589 -0.0906
vn 0 -0.99591 -0.0904
vn 0 0.13791 -0.99045
vn 0 0.13721 -0.99054
vn 0 0.34048 -0.94025
vn 0 0.3412 -0.93999
vn 0 0.93327 0.35919
vn 0 0.93633 0.35111
vn 0 0.82469 0.56559
vn 0 0.82032 0.57191
vn 0 0.0673 -0.99773
vn 0 0.0672 -0.99774
vn 0 -0.15231 -0.98833
vn 0 -0.1524 -0.98832
vn 0 -0.0723 0.99738
vn 0 -0.0729 0.99734
vn 0 -0.27921 0.96023
vn 0 -0.2786 0.96041
vn 0 0.6664 -0.7456
vn 0 0.66608 -0.74588
vn 0 0.7107 -0.7035
vn 0 -0.34149 -0.93988
vn 0 -0.34179 -0.93978
vn 0 0.52962 -0.84823
vn 0 0.52901 -0.84862
vn 0 0.0976 -0.99523
vn 0 0.0974 -0.99524
vn 0 0.29829 -0.95447
vn 0 0.29871 -0.95434
vn 0 0.39881 0.91703
vn 0 0.39849 0.91717
vn 0 0.59387 0.80456
vn 0 0.59421 0.80431
vn 0 0.9981 -0.0616
vn 0 0.99808 -0.062
vn 0 0.711 0.7032
vn 0 0.99808 0.062
vn 0 0.9981 0.0616
vn 0 -0.94071 0.3392
vn 0 -0.94053 0.33971
vn 0 0.97255 0.23269
vn 0 0.97252 0.23281
vn 0 0.8909 0.4542
vn 0 0.891 0.454
vn 0 0.91971 -0.3926
vn 0 0.91967 -0.39269
vn 0 0.98076 -0.19519
vn 0 -0.95239 -0.3049
vn 0 -0.95254 -0.30441
vn 0 -0.46809 -0.88368
vn 0 -0.46789 -0.88379
vn 0 -0.44429 -0.89588
vn 0 -0.44401 -0.89602
vn 0 -0.66476 -0.74706
vn 0 -0.66019 -0.75109
vn 0 -0.46219 -0.88678
vn 0 -0.46599 -0.88479
vn 0 -0.29201 0.95642
vn 0 -0.2917 0.95651
vn 0 -0.0596 0.99822
vn 0 -0.0597 0.99822
vn 0 0.80456 -0.59387
vn 0 0.80431 -0.59421
vn 0 0.66481 -0.74701
vn 0 0.66513 -0.74673
vn 0 0.76038 0.64948
vn 0 0.76024 0.64964
vn 0 0.58861 0.80842
vn 0 0.58879 0.80829
vn 0 -0.2378 0.97131
vn 0 -0.23999 0.97077
vn 0 -0.46599 0.88479
vn 0 -0.46219 0.88678
vn 0 -0.76038 -0.64948
vn 0 -0.76019 -0.6497
vn 0 -0.58861 -0.80842
vn 0 -0.58879 -0.80829
vn 0 -0.79153 -0.61113
vn 0 -0.79123 -0.61152
vn 0 -0.70078 -0.71338
vn 0 -0.70118 -0.71298
vn 0 -0.97255 -0.23271
vn 0 -0.97252 -0.23281
vn 0 -0.8909 -0.4542
vn 0 -0.89096 -0.45408
vn 0 -0.0938 0.99559
vn 0 -0.0937 0.9956
vn 0 -0.2731 0.96199
vn 0 -0.2734 0.9619
vn 0 0.93633 -0.35111
vn 0 0.93327 -0.35919
vn 0 0.99212 -0.1253
vn 0 0.99323 -0.1162
vn 0 -0.58333 -0.81224
vn 0 -0.58281 -0.81261
vn 0 -0.44213 -0.89695
vn 0 -0.44261 -0.89672
vn 0 -0.0092 0.99996
vn 0 -0.23269 0.97255
vn 0 -0.23281 0.97252
vn 0 0.13709 0.99056
vn 0 0.13639 0.99065
vn 0 0.46599 -0.88479
vn 0 0.46219 -0.88678
vn 0 0.66019 -0.75109
vn 0 0.66476 -0.74706
vn 0 -0.3926 -0.91971
vn 0 -0.39281 -0.91962
vn 0 -0.87458 -0.48489
vn 0 -0.87429 -0.4854
vn 0 0.74673 0.66513
vn 0 0.74701 0.66481
vn 0 0.82032 -0.57191
vn 0 0.82469 -0.56559
vn 0 0.99996 0.0092
vn 0 -0.71782 0.69622
vn 0 -0.71733 0.69673
vn 0 -0.84371 0.5368
vn 0 -0.84409 0.5362
vn 0 0.50078 -0.86557
vn 0 0.50047 -0.86575
vn 0 0.29699 -0.95488
vn 0 0.2973 -0.95479
vn 0 0.80842 -0.58861
vn 0 0.80829 -0.58879
vn 0 -0.58123 0.81374
vn 0 -0.58071 0.81411
vn 0 -0.66019 0.75109
vn 0 -0.66476 0.74706
vn 0 -0.82469 0.56559
vn 0 -0.82032 0.57191
vn 0 0.34039 0.94028
vn 0 0.33971 0.94053
vn 0 0.23999 -0.97077
vn 0 0.2378 -0.97131
vn 0 0.44529 -0.89539
vn 0 0.44557 -0.89525
vn 0 -0.454 0.891
vn 0 -0.4542 0.8909
vn 0 0.23281 -0.97252
vn 0 0.23271 -0.97255
vn 0 0.45408 -0.89096
vn 0 0.4542 -0.8909
vn 0 0.52889 0.84869
vn 0 0.52833 0.84904
vn 0 0.95651 0.2917
vn 0 0.95642 0.29201
vn 0 0.99822 0.0597
vn 0 0.99822 0.0596
vn 0 0.66019 0.75109
vn 0 0.66476 0.74706
vn 0 0.46599 0.88479
vn 0 0.46219 0.88678
vn 0 -0.19531 -0.98074
vn 0 -0.19519 -0.98076
vn 0 0.0092 -0.99996
vn 0 -0.43461 0.90062
vn 0 -0.43501 0.90042
vn 0 -0.99996 -0.0092
vn 0 -0.93327 0.35919
vn 0 -0.93633 0.35111
vn 0 0.39269 0.91967
vn 0 0.3926 0.91971
vn 0 0.19519 0.98076
vn 0 0.66608 0.74588
vn 0 0.6664 0.7456
vn 0 0.86718 0.49799
vn 0 0.86694 0.49842
vn 0 -0.80837 0.58868
vn 0 -0.80829 0.58879
vn 0 0.99323 0.1162
vn 0 0.99212 0.1253
vn 0 -0.45659 0.88968
vn 0 -0.45639 0.88978
vn 0 0.17461 0.98464
vn 0 0.1748 0.9846
vn 0 0.23999 0.97077
vn 0 0.2378 0.97131
vn 0 0.2927 0.9562
vn 0 0.29222 0.95635
vn 0 0.0942 0.99555
vn 0 0.0944 0.99553
vn 0 0.6497 -0.76019
vn 0 0.64953 -0.76034
vn 0 -0.64948 0.76038
vn 0 -0.64959 0.76029
vn 0 -0.2824 -0.9593
vn 0 -0.282 -0.95941
vn 0 -0.0981 -0.99518
vn 0 -0.0982 -0.99517
vn 0 -0.44441 0.89582
vn 0 -0.44469 0.89568
vn 0 0.55431 -0.83231
vn 0 0.55382 -0.83263
vn 0 0 1
vn 0 -0.23999 -0.97077
vn 0 -0.2378 -0.97131
vn 0.54581 -0 0.83791
vn 0.53121 0.0058 0.84722
vn -0.63859 0.1222 0.75979
vn -0.62829 0.1695 0.75929
vn -0.6276 0.1702 0.7597
vn -0.63909 0.1227 0.75928
vn 0.57168 -0.0008 0.82047
vn 0.55981 -0.0019 0.82862
vn 0.57779 -0.0001 0.81619
vn 0.5144 0.0095 0.8575
vn 0.4731 -0.0013 0.88101
vn 0.47369 -0.0025 0.88069
vn 0.49001 0.0012 0.87172
vn 0.49028 0.0014 0.87156
vn 0.2119 0.1804 0.9605
vn 0.2821 0.1032 0.95382
vn 0.27639 0.1147 0.95418
vn 0.107 0.1395 0.98442
vn 0.3538 0.015 0.9352
vn 0.35342 0.0151 0.93534
vn 0.46031 0.0153 0.88762
vn 0.45839 0.0174 0.88858
vn 0.42011 0.0167 0.90732
vn 0.41671 0.0152 0.90891
vn -0.0137 0.1397 0.9901
vn -0.0109 0.13949 0.99016
vn -0.51169 0.1454 0.84678
vn -0.41842 0.22071 0.88103
vn -0.33011 0.1412 0.93332
vn -0.45171 0.0248 0.89182
vn -0.45931 0.0098 0.88822
vn -0.45919 0.0098 0.88828
vn -0.45179 0.0249 0.89178
vn -0.5401 -0.0011 0.8416
vn -0.55033 0.0003 0.83495
vn -0.49939 -0.0003 0.86638
vn -0.49908 -0.0002 0.86656
vn -0.1388 0.16799 0.97597
vn -0.2277 0.1828 0.95642
vn -0.57947 0.17869 0.79516
vn -0.5911 0.0031 0.8066
vn -0.6053 0.0033 0.79599
vn -0.61827 0.0034 0.78596
vn -0.64091 0.0036 0.76761
vn -0.50112 0.0484 0.86403
vn -0.50092 0.0484 0.86414
vn -0.5802 0.0843 0.8101
vn -0.58042 0.0844 0.80993
vn 0.53121 -0.0058 0.84722
vn -0.63859 -0.1222 0.75979
vn -0.63909 -0.1227 0.75928
vn -0.6276 -0.1702 0.7597
vn -0.62829 -0.1695 0.75929
vn 0.55981 0.0019 0.82862
vn 0.57168 0.0008 0.82047
vn 0.57779 0.0001 0.81619
vn 0.5144 -0.0095 0.8575
vn 0.4731 0.0013 0.88101
vn 0.49028 -0.0014 0.87156
vn 0.49001 -0.0012 0.87172
vn 0.47369 0.0025 0.88069
vn 0.2119 -0.1804 0.9605
vn 0.107 -0.1395 0.98442
vn 0.27639 -0.1147 0.95418
vn 0.2821 -0.1032 0.95382
vn 0.35342 -0.0151 0.93534
vn 0.3538 -0.015 0.9352
vn 0.46031 -0.0153 0.88762
vn 0.41671 -0.0152 0.90891
vn 0.42011 -0.0167 0.90732
vn 0.45839 -0.0174 0.88858
vn -0.0137 -0.1397 0.9901
vn -0.0109 -0.13949 0.99016
vn -0.51169 -0.1454 0.84678
vn -0.33011 -0.1412 0.93332
vn -0.41842 -0.22071 0.88103
vn -0.45171 -0.0248 0.89182
vn -0.45179 -0.0249 0.89178
vn -0.45919 -0.0098 0.88828
vn -0.45931 -0.0098 0.88822
vn -0.5401 0.0011 0.8416
vn -0.49908 0.0002 0.86656
vn -0.49939 0.0003 0.86638
vn -0.55033 -0.0003 0.83495
vn -0.2277 -0.1828 0.95642
vn -0.1388 -0.16799 0.97597
vn -0.57947 -0.17869 0.79516
vn -0.5911 -0.0031 0.8066
vn -0.61827 -0.0034 0.78596
vn -0.6053 -0.0033 0.79599
vn -0.64091 -0.0036 0.76761
vn -0.50092 -0.0484 0.86414
vn -0.50112 -0.0484 0.86403
vn -0.5802 -0.0843 0.8101
vn -0.58042 -0.0844 0.80993
usemtl mat4
f 4801//3244 4802//3244 4803//3244
f 4801//3244 4803//3244 4804//3244
f 4805//3245 4806//3245 4807//3245
f 4805//3245 4807//3245 4808//3245
f 4809//3246 4810//3247 4811//3248
f 4809//3246 4811//3248 4812//3249
f 4813//3250 4814//3251 4815//3252
f 4813//3250 4815//3252 4816//3253
f 4817//3254 4818//3255 4819//3256
f 4817//3254 4819//3256 4820//3257
f 4821//3258 4822//3259 4823//3260
f 4821//3258 4823//3260 4824//3261
f 4825//3262 4826//3263 4827//3264
f 4825//3262 4827//3264 4828//3265
f 4829//3266 4830//3266 4831//3266
f 4829//3266 4831//3266 4832//3266
f 4833//3266 4834//3266 4829//3266
f 4833//3266 4829//3266 4832//3266
f 4835//3266 4834//3266 4833//3266
f 4836//3267 4837//3268 4838//3269
f 4836//3267 4839//3270 4837//3268
f 4840//3271 4841//3272 4809//3246
f 4840//3271 4809//3246 4842//3273
f 4843//3274 4844//3275 4845//3276
f 4843//3274 4845//3276 4846//3277
f 4847//3278 4848//3279 4836//3267
f 4847//3278 4844//3275 4843//3274
f 4849//3280 4843//3274 4846//3277
f 4850//3281 4851//3282 4852//3283
f 4853//3284 4854//3285 4855//3286
f 4853//3284 4855//3286 4856//3287
f 4857//3288 4851//3282 4850//3281
f 4858//3289 4849//3280 4857//3288
f 4859//3290 4850//3281 4852//3283
f 4859//3290 4852//3283 4860//3291
f 4861//3292 4818//3255 4817//3254
f 4862//3293 4863//3294 4864//3295
f 4862//3293 4864//3295 4865//3296
f 4861//3292 4817//3254 4866//3297
f 4867//3298 4868//3299 4869//3300
f 4867//3298 4869//3300 4870//3301
f 4871//3302 4872//3303 4873//3304
f 4871//3302 4873//3304 4874//3305
f 4875//3306 4859//3290 4860//3291
f 4875//3306 4860//3291 4876//3307
f 4863//3294 4877//3308 4818//3255
f 4863//3294 4818//3255 4861//3292
f 4878//3309 4879//3310 4873//3304
f 4878//3309 4873//3304 4880//3311
f 4868//3299 4867//3298 4881//3312
f 4868//3299 4881//3312 4882//3313
f 4883//3314 4875//3306 4876//3307
f 4862//3293 4884//3315 4877//3308
f 4862//3293 4877//3308 4863//3294
f 4874//3305 4885//3316 4886//3317
f 4874//3305 4886//3317 4871//3302
f 4887//3318 4888//3319 4884//3315
f 4887//3318 4884//3315 4862//3293
f 4889//3320 4890//3321 4859//3290
f 4889//3320 4859//3290 4875//3306
f 4882//3313 4886//3317 4885//3316
f 4882//3313 4885//3316 4868//3299
f 4891//3322 4892//3323 4893//3324
f 4891//3322 4893//3324 4894//3325
f 4895//3326 4896//3327 4888//3319
f 4895//3326 4888//3319 4887//3318
f 4897//3328 4896//3327 4895//3326
f 4857//3288 4849//3280 4846//3277
f 4857//3288 4846//3277 4851//3282
f 4887//3318 4862//3293 4865//3296
f 4887//3318 4865//3296 4898//3329
f 4879//3310 4878//3309 4853//3284
f 4879//3310 4853//3284 4899//3330
f 4900//3331 4889//3320 4875//3306
f 4900//3331 4875//3306 4883//3314
f 4901//3332 4902//3333 4814//3251
f 4901//3332 4814//3251 4813//3250
f 4903//3334 4879//3310 4899//3330
f 4903//3334 4899//3330 4904//3335
f 4867//3298 4905//3336 4906//3337
f 4867//3298 4906//3337 4881//3312
f 4907//3338 4903//3334 4904//3335
f 4908//3339 4909//3340 4910//3341
f 4908//3339 4910//3341 4911//3342
f 4912//3343 4898//3329 4900//3331
f 4912//3343 4900//3331 4913//3344
f 4914//3345 4915//3346 4916//3347
f 4914//3345 4916//3347 4917//3348
f 4918//3349 4919//3350 4920//3351
f 4918//3349 4920//3351 4921//3352
f 4922//3353 4923//3354 4924//3355
f 4922//3353 4924//3355 4925//3356
f 4872//3303 4925//3356 4880//3311
f 4872//3303 4880//3311 4873//3304
f 4909//3340 4926//3357 4927//3358
f 4909//3340 4927//3358 4928//3359
f 4929//3360 4930//3361 4919//3350
f 4929//3360 4919//3350 4918//3349
f 4913//3344 4892//3323 4931//3362
f 4913//3344 4931//3362 4912//3343
f 4932//3363 4930//3361 4929//3360
f 4932//3363 4933//3364 4930//3361
f 4934//3365 4935//3366 4906//3337
f 4934//3365 4906//3337 4902//3333
f 4892//3323 4891//3322 4936//3367
f 4892//3323 4936//3367 4931//3362
f 4937//3368 4938//3369 4939//3370
f 4937//3368 4939//3370 4940//3371
f 4815//3252 4941//3372 4816//3253
f 4935//3366 4825//3262 4933//3364
f 4935//3366 4933//3364 4932//3363
f 4850//3281 4859//3290 4890//3321
f 4850//3281 4890//3321 4857//3288
f 4866//3297 4847//3278 4843//3274
f 4866//3297 4843//3274 4849//3280
f 4942//3373 4816//3253 4835//3374
f 4942//3373 4835//3374 4833//3375
f 4934//3365 4826//3263 4825//3262
f 4934//3365 4825//3262 4935//3366
f 4813//3250 4816//3253 4942//3373
f 4813//3250 4942//3373 4833//3375
f 4901//3332 4813//3250 4833//3375
f 4925//3356 4872//3303 4943//3376
f 4925//3356 4943//3376 4922//3353
f 4944//3377 4826//3263 4934//3365
f 4945//3378 4915//3346 4914//3345
f 4945//3378 4914//3345 4946//3379
f 4947//3380 4948//3381 4949//3382
f 4947//3380 4949//3382 4950//3383
f 4951//3384 4808//3384 4807//3385
f 4951//3384 4807//3385 4952//3386
f 4953//3387 4954//3388 4955//3389
f 4953//3387 4839//3270 4954//3388
f 4952//3390 4953//3387 4955//3389
f 4956//3391 4952//3390 4955//3389
f 4951//3245 4952//3390 4956//3391
f 4826//3263 4957//3392 4958//3393
f 4826//3263 4958//3393 4827//3264
f 4930//3361 4933//3364 4959//3394
f 4930//3361 4959//3394 4960//3395
f 4961//3396 4962//3397 4963//3398
f 4961//3396 4963//3398 4964//3399
f 4911//3342 4957//3392 4826//3263
f 4911//3342 4826//3263 4944//3377
f 4952//3386 4807//3385 4965//3400
f 4952//3386 4965//3400 4953//3401
f 4966//3402 4967//3403 4888//3319
f 4966//3402 4888//3319 4896//3327
f 4968//3404 4969//3405 4970//3406
f 4968//3404 4970//3406 4971//3407
f 4969//3405 4968//3404 4972//3408
f 4969//3405 4972//3408 4973//3409
f 4974//3410 4975//3411 4976//3412
f 4974//3410 4976//3412 4977//3413
f 4978//3414 4976//3412 4975//3411
f 4978//3414 4975//3411 4979//3415
f 4812//3249 4811//3248 4980//3416
f 4812//3249 4980//3416 4981//3417
f 4982//3418 4972//3408 4968//3404
f 4982//3418 4968//3404 4950//3383
f 4842//3273 4983//3419 4963//3398
f 4842//3273 4963//3398 4984//3420
f 4983//3419 4812//3249 4981//3417
f 4983//3419 4981//3417 4985//3421
f 4971//3407 4970//3406 4985//3421
f 4971//3407 4985//3421 4981//3417
f 4886//3317 4882//3313 4929//3360
f 4886//3317 4929//3360 4918//3349
f 4986//3422 4987//3423 4988//3424
f 4986//3422 4988//3424 4989//3425
f 4972//3408 4982//3418 4990//3426
f 4972//3408 4990//3426 4991//3427
f 4987//3423 4937//3368 4940//3371
f 4987//3423 4940//3371 4988//3424
f 4839//3270 4836//3267 4992//3428
f 4839//3270 4992//3428 4954//3388
f 4822//3259 4993//3429 4916//3347
f 4822//3259 4916//3347 4994//3430
f 4904//3335 4899//3330 4917//3348
f 4904//3335 4917//3348 4916//3347
f 4995//3431 4883//3314 4876//3307
f 4995//3431 4876//3307 4996//3432
f 4996//3432 4876//3307 4997//3433
f 4996//3432 4997//3433 4984//3420
f 4876//3307 4860//3291 4998//3434
f 4876//3307 4998//3434 4997//3433
f 4909//3340 4908//3339 4999//3435
f 4909//3340 4999//3435 4926//3357
f 4910//3341 4909//3340 4928//3359
f 4910//3341 4928//3359 5000//3436
f 5001//3437 5002//3438 4910//3341
f 5001//3437 4910//3341 5000//3436
f 4908//3339 4901//3332 4833//3375
f 4908//3339 4833//3375 4999//3435
f 4910//3341 5002//3438 4957//3392
f 4910//3341 4957//3392 4911//3342
f 4815//3252 5003//3439 4821//3258
f 4815//3252 4821//3258 4941//3372
f 4977//3413 4976//3412 5004//3440
f 4977//3413 5004//3440 5005//3441
f 4902//3333 4901//3332 4944//3377
f 4902//3333 4944//3377 4934//3365
f 4901//3332 4908//3339 4911//3342
f 4901//3332 4911//3342 4944//3377
f 5003//3439 4870//3301 4822//3259
f 5003//3439 4822//3259 4821//3258
f 4870//3301 4869//3300 4993//3429
f 4870//3301 4993//3429 4822//3259
f 4935//3366 4932//3363 4881//3312
f 4935//3366 4881//3312 4906//3337
f 4913//3344 4900//3331 4883//3314
f 4913//3344 4883//3314 4995//3431
f 4869//3300 4907//3338 4904//3335
f 4869//3300 4904//3335 4993//3429
f 4882//3313 4881//3312 4932//3363
f 4882//3313 4932//3363 4929//3360
f 4924//3355 4936//3367 4891//3322
f 4924//3355 4891//3322 5006//3442
f 4879//3310 4903//3334 4874//3305
f 4879//3310 4874//3305 4873//3304
f 4925//3356 4924//3355 5006//3442
f 4925//3356 5006//3442 4880//3311
f 4871//3302 4886//3317 4918//3349
f 4871//3302 4918//3349 4921//3352
f 4938//3369 4943//3376 4921//3352
f 4938//3369 4921//3352 4920//3351
f 4870//3301 5003//3439 4905//3336
f 4870//3301 4905//3336 4867//3298
f 4872//3303 4871//3302 4921//3352
f 4872//3303 4921//3352 4943//3376
f 5003//3439 4815//3252 4814//3251
f 5003//3439 4814//3251 4905//3336
f 5007//3443 4894//3325 4961//3396
f 5007//3443 4961//3396 4854//3285
f 4868//3299 4885//3316 4907//3338
f 4868//3299 4907//3338 4869//3300
f 4898//3329 4912//3343 4895//3326
f 4898//3329 4895//3326 4887//3318
f 4894//3325 4893//3324 4962//3397
f 4894//3325 4962//3397 4961//3396
f 4880//3311 5006//3442 5007//3443
f 4880//3311 5007//3443 4878//3309
f 4943//3376 4938//3369 4937//3368
f 4943//3376 4937//3368 4922//3353
f 4905//3336 4814//3251 4902//3333
f 4905//3336 4902//3333 4906//3337
f 4893//3324 4995//3431 4996//3432
f 4893//3324 4996//3432 4962//3397
f 4931//3362 4936//3367 5008//3444
f 4931//3362 5008//3444 4897//3328
f 4894//3325 5007//3443 5006//3442
f 4894//3325 5006//3442 4891//3322
f 4897//3328 4895//3326 4912//3343
f 4897//3328 4912//3343 4931//3362
f 4885//3316 4874//3305 4903//3334
f 4885//3316 4903//3334 4907//3338
f 4865//3296 4864//3295 4890//3321
f 4865//3296 4890//3321 4889//3320
f 4923//3354 5008//3444 4936//3367
f 4923//3354 4936//3367 4924//3355
f 4889//3320 4900//3331 4898//3329
f 4889//3320 4898//3329 4865//3296
f 4892//3323 4913//3344 4995//3431
f 4892//3323 4995//3431 4893//3324
f 4863//3294 4861//3292 4858//3289
f 4863//3294 4858//3289 4864//3295
f 4915//3346 5009//3445 4994//3430
f 4915//3346 4994//3430 4916//3347
f 4849//3280 4858//3289 4861//3292
f 4849//3280 4861//3292 4866//3297
f 4848//3279 4847//3278 4866//3297
f 4848//3279 4866//3297 4817//3254
f 4999//3446 4833//3447 4832//3448
f 4860//3291 4852//3283 5010//3449
f 4860//3291 5010//3449 4998//3434
f 4848//3279 4817//3254 4820//3257
f 4848//3279 4820//3257 5011//3450
f 4836//3267 4848//3279 5011//3450
f 4836//3267 5011//3450 4992//3428
f 4993//3429 4904//3335 4916//3347
f 4822//3259 4994//3430 4823//3260
f 4941//3372 4821//3258 4824//3261
f 4994//3430 5009//3445 5012//3451
f 4994//3430 5012//3451 4823//3260
f 4977//3413 5005//3441 4856//3287
f 4977//3413 4856//3287 4855//3286
f 5013//3452 5014//3453 4997//3433
f 5015//3454 5013//3452 4997//3433
f 4998//3434 5015//3454 4997//3433
f 4915//3346 4945//3378 5009//3445
f 4811//3248 5016//3455 5017//3456
f 4811//3248 5017//3456 4980//3416
f 4997//3433 5014//3453 4840//3271
f 4997//3433 4840//3271 4984//3420
f 5018//3457 4946//3379 4914//3345
f 5018//3457 4914//3345 4917//3348
f 5019//3458 5020//3459 4946//3379
f 5019//3458 4946//3379 5018//3457
f 5004//3440 5020//3459 5019//3458
f 5021//3460 5019//3458 5018//3457
f 5005//3441 5021//3460 4856//3287
f 4976//3412 4978//3414 5004//3440
f 4979//3415 5022//3461 5023//3462
f 4979//3415 5023//3462 4978//3414
f 4990//3426 5022//3461 4979//3415
f 4812//3249 4983//3419 4842//3273
f 4812//3249 4842//3273 4809//3246
f 4974//3410 4977//3413 4855//3286
f 4973//3409 5024//3463 4855//3286
f 4973//3409 4855//3286 4964//3399
f 4864//3295 4858//3289 4857//3288
f 4864//3295 4857//3288 4890//3321
f 4950//3383 4949//3382 4982//3418
f 5024//3463 4974//3410 4855//3286
f 5005//3441 5004//3440 5019//3458
f 5005//3441 5019//3458 5021//3460
f 4981//3417 4980//3416 4947//3380
f 4981//3417 4947//3380 4971//3407
f 4969//3405 4973//3409 4964//3399
f 4971//3407 4947//3380 4950//3383
f 4971//3407 4950//3383 4968//3404
f 4811//3248 4810//3247 5016//3455
f 4979//3415 4975//3411 4991//3427
f 4979//3415 4991//3427 4990//3426
f 4975//3411 4974//3410 5024//3463
f 4975//3411 5024//3463 4991//3427
f 4985//3421 4970//3406 4963//3398
f 4809//3246 4841//3272 4810//3247
f 4839//3464 4965//3400 5025//3465
f 4839//3464 5025//3465 4837//3466
f 4983//3419 4985//3421 4963//3398
f 4922//3353 4937//3368 4987//3423
f 4922//3353 4987//3423 4923//3354
f 4840//3271 5014//3453 4841//3272
f 4840//3271 4842//3273 4984//3420
f 5020//3459 5004//3440 4978//3414
f 5020//3459 4978//3414 5023//3462
f 5008//3444 4986//3422 4896//3327
f 5008//3444 4896//3327 4897//3328
f 4989//3425 4966//3402 4896//3327
f 4989//3425 4896//3327 4986//3422
f 4854//3285 4961//3396 4964//3399
f 4854//3285 4964//3399 4855//3286
f 5025//3245 5026//3245 4844//3245
f 5027//3245 5026//3245 5025//3245
f 5021//3460 5018//3457 4917//3348
f 5021//3460 4917//3348 4856//3287
f 4806//3245 5028//3245 4965//3245
f 4806//3245 4965//3245 4807//3245
f 5028//3245 5027//3245 5025//3245
f 5028//3245 5025//3245 4965//3245
f 4838//3467 5025//3465 4844//3468
f 4837//3466 5025//3465 4838//3467
f 4953//3401 4965//3400 4839//3464
f 4980//3416 5017//3456 4948//3381
f 4980//3416 4948//3381 4947//3380
f 4962//3397 4996//3432 4984//3420
f 4962//3397 4984//3420 4963//3398
f 4970//3406 4969//3405 4964//3399
f 4970//3406 4964//3399 4963//3398
f 4818//3255 4877//3308 5029//3469
f 4818//3255 5029//3469 4819//3256
f 5030//3470 5029//3469 4877//3308
f 5030//3470 4877//3308 4884//3315
f 4967//3403 5030//3470 4884//3315
f 4967//3403 4884//3315 4888//3319
f 5022//3461 4990//3426 4982//3418
f 5022//3461 4982//3418 4949//3382
f 4923//3354 4987//3423 4986//3422
f 4923//3354 4986//3422 5008//3444
f 4938//3369 4920//3351 4803//3471
f 4938//3369 4803//3471 4939//3370
f 4920//3351 4919//3350 4804//3472
f 4920//3351 4804//3472 4803//3471
f 4919//3350 4930//3361 4960//3395
f 4919//3350 4960//3395 4804//3472
f 4933//3364 4825//3262 4828//3265
f 4933//3364 4828//3265 4959//3394
f 4957//3392 5002//3438 5031//3473
f 4957//3392 5031//3473 4958//3393
f 5002//3438 5001//3437 5032//3474
f 5002//3438 5032//3474 5031//3473
f 4899//3330 4853//3284 4856//3287
f 4899//3330 4856//3287 4917//3348
f 4854//3285 4853//3284 4878//3309
f 4854//3285 4878//3309 5007//3443
f 4847//3278 4836//3267 4838//3269
f 4847//3278 4838//3269 4844//3275
f 4973//3409 4972//3408 4991//3427
f 4973//3409 4991//3427 5024//3463
f 4802//3244 5033//3244 4939//3244
f 4802//3244 4939//3244 4803//3244
f 5034//3244 4992//3244 5011//3244
f 5035//3244 4989//3244 4988//3244
f 5032//3244 5036//3244 5037//3244
f 5032//3244 5037//3244 5031//3244
f 5031//3244 5037//3244 5038//3244
f 5031//3244 5038//3244 4958//3244
f 4958//3244 5038//3244 5039//3244
f 4958//3244 5039//3244 4827//3244
f 5040//3244 4959//3244 4828//3244
f 5040//3244 4828//3244 5039//3244
f 5040//3244 5041//3244 4960//3244
f 5040//3244 4960//3244 4959//3244
f 5041//3244 4801//3244 4804//3244
f 5041//3244 4804//3244 4960//3244
f 4827//3244 5039//3244 4828//3244
f 5033//3244 5042//3244 4940//3244
f 5033//3244 4940//3244 4939//3244
f 5042//3244 5035//3244 4988//3244
f 5042//3244 4988//3244 4940//3244
f 5035//3244 5043//3244 4966//3244
f 5035//3244 4966//3244 4989//3244
f 4955//3244 5044//3244 5045//3244
f 4955//3244 5045//3244 4956//3244
f 5043//3244 5046//3244 4967//3244
f 5043//3244 4967//3244 4966//3244
f 4954//3244 5047//3244 5044//3244
f 4954//3244 5044//3244 4955//3244
f 5046//3244 5048//3244 5030//3244
f 5046//3244 5030//3244 4967//3244
f 5047//3244 4954//3244 4992//3244
f 5047//3244 4992//3244 5034//3244
f 5034//3244 5011//3244 4820//3244
f 5034//3244 4820//3244 5049//3244
f 5029//3244 5030//3244 5048//3244
f 5029//3244 5048//3244 5050//3244
f 5049//3244 4820//3244 4819//3244
f 5049//3244 4819//3244 5051//3244
f 5050//3244 5051//3244 4819//3244
f 5050//3244 4819//3244 5029//3244
f 5052//3475 4926//3476 4999//3446
f 5052//3475 4999//3446 4832//3448
f 5053//3477 4927//3477 4926//3476
f 5053//3477 4926//3476 5052//3475
f 4831//3266 4830//3266 5054//3266
f 4831//3266 5054//3266 5053//3266
f 4845//3245 4844//3245 5026//3245
f 5055//3244 5056//3244 5057//3244
f 5055//3244 5057//3244 5058//3244
f 4805//3245 4808//3245 5059//3245
f 4805//3245 5059//3245 5060//3245
f 5061//3478 5062//3479 5063//3480
f 5061//3478 5063//3480 5064//3481
f 5065//3482 5066//3483 5067//3484
f 5065//3482 5067//3484 5068//3485
f 5069//3486 5070//3487 5071//3488
f 5069//3486 5071//3488 5072//3489
f 5073//3490 5074//3491 5075//3492
f 5073//3490 5075//3492 5076//3493
f 5077//3494 5078//3495 5079//3496
f 5077//3494 5079//3496 5080//3497
f 5081//3266 5082//3266 5083//3266
f 5081//3266 5083//3266 5084//3266
f 5085//3266 5082//3266 5081//3266
f 5085//3266 5081//3266 5086//3266
f 5087//3266 5085//3266 5086//3266
f 5088//3498 5089//3499 5090//3500
f 5088//3498 5090//3500 5091//3501
f 5092//3502 5093//3503 5061//3478
f 5092//3502 5061//3478 5094//3504
f 5095//3505 5096//3506 5097//3507
f 5095//3505 5098//3508 5096//3506
f 5099//3509 5088//3498 5100//3510
f 5099//3509 5095//3505 5097//3507
f 5101//3511 5098//3508 5095//3505
f 5102//3512 5103//3513 5104//3514
f 5105//3515 5106//3516 5107//3517
f 5105//3515 5107//3517 5108//3518
f 5109//3519 5102//3512 5104//3514
f 5110//3520 5109//3519 5101//3511
f 5111//3521 5103//3513 5102//3512
f 5111//3521 5112//3522 5103//3513
f 5113//3523 5069//3486 5072//3489
f 5114//3524 5115//3525 5116//3526
f 5114//3524 5116//3526 5117//3527
f 5113//3523 5118//3528 5069//3486
f 5119//3529 5120//3530 5121//3531
f 5119//3529 5121//3531 5122//3532
f 5123//3533 5124//3534 5125//3535
f 5123//3533 5125//3535 5126//3536
f 5127//3537 5112//3522 5111//3521
f 5127//3537 5128//3538 5112//3522
f 5117//3527 5072//3489 5129//3539
f 5117//3527 5113//3523 5072//3489
f 5130//3540 5131//3541 5125//3535
f 5130//3540 5125//3535 5132//3542
f 5122//3532 5133//3543 5134//3544
f 5122//3532 5134//3544 5119//3529
f 5135//3545 5128//3538 5127//3537
f 5114//3524 5129//3539 5136//3546
f 5114//3524 5117//3527 5129//3539
f 5124//3534 5123//3533 5137//3547
f 5124//3534 5137//3547 5138//3548
f 5139//3549 5136//3546 5140//3550
f 5139//3549 5114//3524 5136//3546
f 5141//3551 5127//3537 5111//3521
f 5141//3551 5111//3521 5142//3552
f 5133//3543 5122//3532 5138//3548
f 5133//3543 5138//3548 5137//3547
f 5143//3553 5144//3554 5145//3555
f 5143//3553 5145//3555 5146//3556
f 5147//3557 5140//3550 5148//3558
f 5147//3557 5139//3549 5140//3550
f 5149//3559 5147//3557 5148//3558
f 5109//3519 5104//3514 5098//3508
f 5109//3519 5098//3508 5101//3511
f 5139//3549 5150//3560 5115//3525
f 5139//3549 5115//3525 5114//3524
f 5132//3542 5105//3515 5130//3540
f 5132//3542 5151//3561 5105//3515
f 5152//3562 5135//3545 5127//3537
f 5152//3562 5127//3537 5141//3551
f 5153//3563 5065//3482 5068//3485
f 5153//3563 5068//3485 5154//3564
f 5155//3565 5151//3561 5132//3542
f 5155//3565 5156//3566 5151//3561
f 5119//3529 5134//3544 5157//3567
f 5119//3529 5157//3567 5158//3568
f 5159//3569 5156//3566 5155//3565
f 5160//3570 5161//3571 5162//3572
f 5160//3570 5162//3572 5163//3573
f 5164//3574 5165//3575 5152//3562
f 5164//3574 5152//3562 5150//3560
f 5166//3576 5167//3577 5168//3578
f 5166//3576 5168//3578 5169//3579
f 5170//3580 5171//3581 5172//3582
f 5170//3580 5173//3583 5171//3581
f 5174//3584 5175//3585 5176//3586
f 5174//3584 5176//3586 5177//3587
f 5126//3536 5125//3535 5131//3541
f 5126//3536 5131//3541 5175//3585
f 5163//3573 4928//3359 4927//3358
f 5163//3573 4927//3358 5178//3588
f 5179//3589 5172//3582 5180//3590
f 5179//3589 5170//3580 5172//3582
f 5165//3575 5164//3574 5181//3591
f 5165//3575 5181//3591 5146//3556
f 5182//3592 5179//3589 5180//3590
f 5182//3592 5180//3590 5183//3593
f 5184//3594 5154//3564 5157//3567
f 5184//3594 5157//3567 5185//3595
f 5146//3556 5181//3591 5186//3596
f 5146//3556 5186//3596 5143//3553
f 5187//3597 5188//3598 5189//3599
f 5187//3597 5189//3599 5190//3600
f 5067//3484 5066//3483 5191//3601
f 5185//3595 5183//3593 5077//3494
f 5185//3595 5182//3592 5183//3593
f 5102//3512 5109//3519 5142//3552
f 5102//3512 5142//3552 5111//3521
f 5118//3528 5101//3511 5095//3505
f 5118//3528 5095//3505 5099//3509
f 5192//3602 5087//3603 5066//3483
f 5192//3602 5085//3604 5087//3603
f 5184//3594 5077//3494 5080//3497
f 5184//3594 5185//3595 5077//3494
f 5065//3482 5192//3602 5066//3483
f 5065//3482 5085//3604 5192//3602
f 5153//3563 5085//3604 5065//3482
f 5175//3585 5174//3584 5193//3605
f 5175//3585 5193//3605 5126//3536
f 5194//3606 5184//3594 5080//3497
f 5195//3607 5196//3608 5166//3576
f 5195//3607 5166//3576 5169//3579
f 5197//3609 5198//3610 5199//3611
f 5197//3609 5199//3611 5200//3612
f 4951//3384 5201//3613 5059//3614
f 4951//3384 5059//3614 4808//3384
f 5202//3615 5203//3616 5204//3617
f 5202//3615 5204//3617 5091//3501
f 5201//3618 5203//3616 5202//3615
f 4956//3391 5203//3616 5201//3618
f 4951//3245 4956//3391 5201//3618
f 5080//3497 5079//3496 5205//3619
f 5080//3497 5205//3619 5206//3620
f 5180//3590 5207//3621 5208//3622
f 5180//3590 5208//3622 5183//3593
f 5209//3623 5210//3624 5211//3625
f 5209//3623 5211//3625 5212//3626
f 5161//3571 5194//3606 5080//3497
f 5161//3571 5080//3497 5206//3620
f 5201//3613 5202//3627 5213//3628
f 5201//3613 5213//3628 5059//3614
f 5214//3629 5148//3558 5140//3550
f 5214//3629 5140//3550 5215//3630
f 5216//3631 5217//3632 5218//3633
f 5216//3631 5218//3633 5219//3634
f 5219//3634 5220//3635 5221//3636
f 5219//3634 5221//3636 5216//3631
f 5222//3637 5223//3638 5224//3639
f 5222//3637 5224//3639 5225//3640
f 5226//3641 5227//3642 5225//3640
f 5226//3641 5225//3640 5224//3639
f 5062//3479 5228//3643 5229//3644
f 5062//3479 5229//3644 5063//3480
f 5230//3645 5198//3610 5216//3631
f 5230//3645 5216//3631 5221//3636
f 5093//3503 5231//3646 5211//3625
f 5093//3503 5211//3625 5232//3647
f 5232//3647 5233//3648 5228//3643
f 5232//3647 5228//3643 5062//3479
f 5217//3632 5228//3643 5233//3648
f 5217//3632 5233//3648 5218//3633
f 5137//3547 5170//3580 5179//3589
f 5137//3547 5179//3589 5133//3543
f 5234//3649 5235//3650 5236//3651
f 5234//3649 5236//3651 5237//3652
f 5221//3636 5238//3653 5239//3654
f 5221//3636 5239//3654 5230//3645
f 5237//3652 5236//3651 5188//3598
f 5237//3652 5188//3598 5187//3597
f 5091//3501 5204//3617 5240//3655
f 5091//3501 5240//3655 5088//3498
f 5076//3493 5241//3656 5168//3578
f 5076//3493 5168//3578 5242//3657
f 5156//3566 5168//3578 5167//3577
f 5156//3566 5167//3577 5151//3561
f 5243//3658 5244//3659 5128//3538
f 5243//3658 5128//3538 5135//3545
f 5244//3659 5231//3646 5245//3660
f 5244//3659 5245//3660 5128//3538
f 5128//3538 5245//3660 5246//3661
f 5128//3538 5246//3661 5112//3522
f 5163//3573 5178//3588 5247//3662
f 5163//3573 5247//3662 5160//3570
f 5162//3572 5000//3436 4928//3359
f 5162//3572 4928//3359 5163//3573
f 5001//3437 5000//3436 5162//3572
f 5001//3437 5162//3572 5248//3663
f 5160//3570 5247//3662 5085//3604
f 5160//3570 5085//3604 5153//3563
f 5162//3572 5161//3571 5206//3620
f 5162//3572 5206//3620 5248//3663
f 5067//3484 5191//3601 5073//3490
f 5067//3484 5073//3490 5249//3664
f 5223//3638 5250//3665 5251//3666
f 5223//3638 5251//3666 5224//3639
f 5154//3564 5184//3594 5194//3606
f 5154//3564 5194//3606 5153//3563
f 5153//3563 5194//3606 5161//3571
f 5153//3563 5161//3571 5160//3570
f 5249//3664 5073//3490 5076//3493
f 5249//3664 5076//3493 5120//3530
f 5120//3530 5076//3493 5242//3657
f 5120//3530 5242//3657 5121//3531
f 5185//3595 5157//3567 5134//3544
f 5185//3595 5134//3544 5182//3592
f 5165//3575 5243//3658 5135//3545
f 5165//3575 5135//3545 5152//3562
f 5121//3531 5242//3657 5156//3566
f 5121//3531 5156//3566 5159//3569
f 5133//3543 5179//3589 5182//3592
f 5133//3543 5182//3592 5134//3544
f 5176//3586 5252//3667 5143//3553
f 5176//3586 5143//3553 5186//3596
f 5132//3542 5125//3535 5124//3534
f 5132//3542 5124//3534 5155//3565
f 5175//3585 5131//3541 5252//3667
f 5175//3585 5252//3667 5176//3586
f 5123//3533 5173//3583 5170//3580
f 5123//3533 5170//3580 5137//3547
f 5190//3600 5171//3581 5173//3583
f 5190//3600 5173//3583 5193//3605
f 5120//3530 5119//3529 5158//3568
f 5120//3530 5158//3568 5249//3664
f 5126//3536 5193//3605 5173//3583
f 5126//3536 5173//3583 5123//3533
f 5249//3664 5158//3568 5068//3485
f 5249//3664 5068//3485 5067//3484
f 5253//3668 5108//3518 5209//3623
f 5253//3668 5209//3623 5144//3554
f 5122//3532 5121//3531 5159//3569
f 5122//3532 5159//3569 5138//3548
f 5150//3560 5139//3549 5147//3557
f 5150//3560 5147//3557 5164//3574
f 5144//3554 5209//3623 5212//3626
f 5144//3554 5212//3626 5145//3555
f 5131//3541 5130//3540 5253//3668
f 5131//3541 5253//3668 5252//3667
f 5193//3605 5174//3584 5187//3597
f 5193//3605 5187//3597 5190//3600
f 5158//3568 5157//3567 5154//3564
f 5158//3568 5154//3564 5068//3485
f 5145//3555 5212//3626 5244//3659
f 5145//3555 5244//3659 5243//3658
f 5181//3591 5149//3559 5254//3669
f 5181//3591 5254//3669 5186//3596
f 5144//3554 5143//3553 5252//3667
f 5144//3554 5252//3667 5253//3668
f 5149//3559 5181//3591 5164//3574
f 5149//3559 5164//3574 5147//3557
f 5138//3548 5159//3569 5155//3565
f 5138//3548 5155//3565 5124//3534
f 5115//3525 5141//3551 5142//3552
f 5115//3525 5142//3552 5116//3526
f 5177//3587 5176//3586 5186//3596
f 5177//3587 5186//3596 5254//3669
f 5141//3551 5115//3525 5150//3560
f 5141//3551 5150//3560 5152//3562
f 5146//3556 5145//3555 5243//3658
f 5146//3556 5243//3658 5165//3575
f 5117//3527 5116//3526 5110//3520
f 5117//3527 5110//3520 5113//3523
f 5169//3579 5168//3578 5241//3656
f 5169//3579 5241//3656 5255//3670
f 5101//3511 5118//3528 5113//3523
f 5101//3511 5113//3523 5110//3520
f 5100//3510 5069//3486 5118//3528
f 5100//3510 5118//3528 5099//3509
f 5247//3671 5082//3672 5085//3673
f 5112//3522 5256//3674 5103//3513
f 5112//3522 5246//3661 5256//3674
f 5100//3510 5257//3675 5070//3487
f 5100//3510 5070//3487 5069//3486
f 5088//3498 5240//3655 5257//3675
f 5088//3498 5257//3675 5100//3510
f 5242//3657 5168//3578 5156//3566
f 5076//3493 5075//3492 5241//3656
f 5191//3601 5074//3491 5073//3490
f 5241//3656 5258//3676 5255//3670
f 5241//3656 5075//3492 5258//3676
f 5223//3638 5107//3517 5106//3516
f 5223//3638 5106//3516 5250//3665
f 5259//3677 5245//3660 5260//3678
f 5261//3679 5245//3660 5259//3677
f 5246//3661 5245//3660 5261//3679
f 5169//3579 5255//3670 5195//3607
f 5063//3480 5229//3644 5262//3680
f 5063//3480 5262//3680 5263//3681
f 5245//3660 5231//3646 5092//3502
f 5245//3660 5092//3502 5260//3678
f 5264//3682 5166//3576 5196//3608
f 5264//3682 5167//3577 5166//3576
f 5265//3683 5196//3608 5266//3684
f 5265//3683 5264//3682 5196//3608
f 5251//3666 5265//3683 5266//3684
f 5267//3685 5264//3682 5265//3683
f 5250//3665 5106//3516 5267//3685
f 5224//3639 5251//3666 5226//3641
f 5227//3642 5268//3686 5269//3687
f 5227//3642 5226//3641 5268//3686
f 5239//3654 5227//3642 5269//3687
f 5062//3479 5061//3478 5093//3503
f 5062//3479 5093//3503 5232//3647
f 5222//3637 5107//3517 5223//3638
f 5220//3635 5210//3624 5107//3517
f 5220//3635 5107//3517 5270//3688
f 5116//3526 5142//3552 5109//3519
f 5116//3526 5109//3519 5110//3520
f 5198//3610 5230//3645 5199//3611
f 5270//3688 5107//3517 5222//3637
f 5250//3665 5267//3685 5265//3683
f 5250//3665 5265//3683 5251//3666
f 5228//3643 5217//3632 5197//3609
f 5228//3643 5197//3609 5229//3644
f 5219//3634 5210//3624 5220//3635
f 5217//3632 5216//3631 5198//3610
f 5217//3632 5198//3610 5197//3609
f 5063//3480 5263//3681 5064//3481
f 5227//3642 5239//3654 5238//3653
f 5227//3642 5238//3653 5225//3640
f 5225//3640 5238//3653 5270//3688
f 5225//3640 5270//3688 5222//3637
f 5233//3648 5211//3625 5218//3633
f 5061//3478 5064//3481 5094//3504
f 5091//3689 5090//3690 5271//3691
f 5091//3689 5271//3691 5213//3628
f 5232//3647 5211//3625 5233//3648
f 5174//3584 5177//3587 5237//3652
f 5174//3584 5237//3652 5187//3597
f 5092//3502 5094//3504 5260//3678
f 5092//3502 5231//3646 5093//3503
f 5266//3684 5268//3686 5226//3641
f 5266//3684 5226//3641 5251//3666
f 5254//3669 5149//3559 5148//3558
f 5254//3669 5148//3558 5234//3649
f 5235//3650 5234//3649 5148//3558
f 5235//3650 5148//3558 5214//3629
f 5108//3518 5107//3517 5210//3624
f 5108//3518 5210//3624 5209//3623
f 5271//3245 5097//3245 5272//3245
f 5273//3245 5271//3245 5272//3245
f 5267//3685 5106//3516 5167//3577
f 5267//3685 5167//3577 5264//3682
f 5060//3245 5059//3245 5213//3245
f 5060//3245 5213//3245 5274//3245
f 5274//3245 5213//3245 5271//3245
f 5274//3245 5271//3245 5273//3245
f 5089//3692 5097//3693 5271//3691
f 5090//3690 5089//3692 5271//3691
f 5202//3627 5091//3689 5213//3628
f 5229//3644 5197//3609 5200//3612
f 5229//3644 5200//3612 5262//3680
f 5212//3626 5211//3625 5231//3646
f 5212//3626 5231//3646 5244//3659
f 5218//3633 5211//3625 5210//3624
f 5218//3633 5210//3624 5219//3634
f 5072//3489 5071//3488 5275//3694
f 5072//3489 5275//3694 5129//3539
f 5276//3695 5136//3546 5129//3539
f 5276//3695 5129//3539 5275//3694
f 5215//3630 5140//3550 5136//3546
f 5215//3630 5136//3546 5276//3695
f 5269//3687 5199//3611 5230//3645
f 5269//3687 5230//3645 5239//3654
f 5177//3587 5254//3669 5234//3649
f 5177//3587 5234//3649 5237//3652
f 5190//3600 5189//3599 5057//3696
f 5190//3600 5057//3696 5171//3581
f 5171//3581 5057//3696 5056//3697
f 5171//3581 5056//3697 5172//3582
f 5172//3582 5056//3697 5207//3621
f 5172//3582 5207//3621 5180//3590
f 5183//3593 5208//3622 5078//3495
f 5183//3593 5078//3495 5077//3494
f 5206//3620 5205//3619 5277//3698
f 5206//3620 5277//3698 5248//3663
f 5248//3663 5277//3698 5032//3474
f 5248//3663 5032//3474 5001//3437
f 5151//3561 5167//3577 5106//3516
f 5151//3561 5106//3516 5105//3515
f 5108//3518 5253//3668 5130//3540
f 5108//3518 5130//3540 5105//3515
f 5099//3509 5097//3507 5089//3499
f 5099//3509 5089//3499 5088//3498
f 5220//3635 5270//3688 5238//3653
f 5220//3635 5238//3653 5221//3636
f 5058//3244 5057//3244 5189//3244
f 5058//3244 5189//3244 5278//3244
f 5279//3244 5257//3244 5240//3244
f 5280//3244 5236//3244 5235//3244
f 5032//3244 5277//3244 5281//3244
f 5032//3244 5281//3244 5036//3244
f 5277//3244 5205//3244 5282//3244
f 5277//3244 5282//3244 5281//3244
f 5205//3244 5079//3244 5283//3244
f 5205//3244 5283//3244 5282//3244
f 5284//3244 5283//3244 5078//3244
f 5284//3244 5078//3244 5208//3244
f 5284//3244 5208//3244 5207//3244
f 5284//3244 5207//3244 5285//3244
f 5285//3244 5207//3244 5056//3244
f 5285//3244 5056//3244 5055//3244
f 5079//3244 5078//3244 5283//3244
f 5278//3244 5189//3244 5188//3244
f 5278//3244 5188//3244 5286//3244
f 5286//3244 5188//3244 5236//3244
f 5286//3244 5236//3244 5280//3244
f 5280//3244 5235//3244 5214//3244
f 5280//3244 5214//3244 5287//3244
f 5203//3244 4956//3244 5045//3244
f 5203//3244 5045//3244 5288//3244
f 5287//3244 5214//3244 5215//3244
f 5287//3244 5215//3244 5289//3244
f 5204//3244 5203//3244 5288//3244
f 5204//3244 5288//3244 5290//3244
f 5289//3244 5215//3244 5276//3244
f 5289//3244 5276//3244 5291//3244
f 5290//3244 5279//3244 5240//3244
f 5290//3244 5240//3244 5204//3244
f 5279//3244 5292//3244 5070//3244
f 5279//3244 5070//3244 5257//3244
f 5275//3244 5293//3244 5291//3244
f 5275//3244 5291//3244 5276//3244
f 5292//3244 5294//3244 5071//3244
f 5292//3244 5071//3244 5070//3244
f 5293//3244 5275//3244 5071//3244
f 5293//3244 5071//3244 5294//3244
f 5295//3699 5082//3672 5247//3671
f 5295//3699 5247//3671 5178//3700
f 5053//3477 5295//3699 5178//3700
f 5053//3477 5178//3700 4927//3477
f 5083//3266 5053//3266 5054//3266
f 5083//3266 5054//3266 5084//3266
f 5096//3245 5272//3245 5097//3245
f 5296//3701 5297//3702 5298//3703
f 5296//3701 5298//3703 5299//3704
f 5300//3705 5301//3706 5302//3707
f 5300//3705 5302//3707 5303//3708
f 5304//3709 5305//3710 5306//3711
f 5307//3712 5308//3713 5309//3714
f 5307//3712 5309//3714 5310//3715
f 5307//3712 5310//3715 5311//3716
f 5307//3712 5311//3716 5312//3717
f 5313//3718 5314//3719 5315//3720
f 5316//3721 5313//3718 5315//3720
f 5317//3722 5318//3723 5319//3724
f 5320//3725 5318//3723 5317//3722
f 5321//3726 5318//3723 5320//3725
f 5322//3727 5323//3728 5324//3729
f 5322//3727 5324//3729 5325//3730
f 5322//3727 5325//3730 5326//3731
f 5327//3732 5304//3709 5328//3733
f 5327//3732 5328//3733 5329//3734
f 5327//3732 5329//3734 5330//3735
f 5327//3732 5330//3735 5331//3736
f 5327//3732 5331//3736 5332//3737
f 5327//3732 5332//3737 5308//3713
f 5327//3732 5299//3704 5305//3710
f 5333//3738 5334//3739 5335//3740
f 5333//3738 5335//3740 5336//3741
f 5327//3732 5296//3701 5299//3704
f 5327//3732 5308//3713 5307//3712
f 5327//3732 5305//3710 5304//3709
f 5337//3742 5327//3732 5307//3712
f 5337//3742 5307//3712 5338//3743
f 5337//3742 5338//3743 5339//3744
f 5337//3742 5339//3744 5340//3745
f 5341//3746 5342//3747 5343//3748
f 5341//3746 5343//3748 5344//3749
f 5337//3742 5345//3750 5346//3751
f 5337//3742 5347//3752 5345//3750
f 5348//3753 5349//3754 5350//3755
f 5348//3753 5350//3755 5351//3756
f 5348//3753 5351//3756 5352//3757
f 5348//3753 5352//3757 5353//3758
f 5348//3753 5353//3758 5322//3727
f 5348//3753 5354//3759 5355//3760
f 5356//3761 5357//3762 5358//3763
f 5356//3761 5358//3763 5359//3764
f 5348//3753 5360//3765 5354//3759
f 5361//3766 5318//3723 5316//3721
f 5361//3766 5326//3731 5362//3767
f 5361//3766 5362//3767 5363//3768
f 5361//3766 5363//3768 5364//3769
f 5361//3766 5364//3769 5365//3770
f 5361//3766 5365//3770 5366//3771
f 5361//3766 5366//3771 5319//3724
f 5361//3766 5316//3721 5315//3720
f 5361//3766 5319//3724 5318//3723
f 5337//3742 5346//3751 5296//3701
f 5337//3742 5296//3701 5327//3732
f 5361//3766 5322//3727 5326//3731
f 5361//3766 5348//3753 5322//3727
f 5367//3772 5368//3773 5369//3774
f 5367//3772 5369//3774 5370//3775
f 5367//3772 5370//3775 5371//3776
f 5367//3772 5371//3776 5372//3777
f 5367//3772 5372//3777 5373//3778
f 5367//3772 5373//3778 5374//3779
f 5375//3780 5376//3781 5377//3782
f 5375//3780 5377//3782 5378//3783
f 5379//3784 5367//3772 5374//3779
f 5380//3785 5381//3786 5382//3787
f 5380//3785 5382//3787 5383//3788
f 5384//3789 5374//3779 5385//3790
f 5384//3789 5379//3784 5374//3779
f 5386//3791 5307//3712 5312//3717
f 5386//3791 5312//3717 5387//3792
f 5386//3791 5387//3792 5388//3793
f 5389//3794 5390//3795 5391//3796
f 5389//3794 5391//3796 5392//3797
f 5393//3798 5394//3799 5375//3780
f 5393//3798 5375//3780 5395//3800
f 5396//3801 5386//3791 5397//3802
f 5396//3801 5307//3712 5386//3791
f 5398//3803 5384//3789 5385//3790
f 5399//3804 5391//3796 5390//3795
f 5399//3804 5390//3795 5395//3800
f 5400//3805 5338//3743 5307//3712
f 5401//3806 5402//3807 5403//3808
f 5401//3806 5403//3808 5404//3809
f 5400//3805 5307//3712 5396//3801
f 5400//3805 5396//3801 5397//3802
f 5405//3810 5385//3790 5406//3811
f 5405//3810 5398//3803 5385//3790
f 5407//3812 5408//3813 5401//3806
f 5407//3812 5401//3806 5409//3814
f 5410//3815 5411//3816 5412//3817
f 5410//3815 5412//3817 5413//3818
f 5414//3819 5338//3743 5400//3805
f 5414//3819 5400//3805 5415//3820
f 5416//3821 5405//3810 5406//3811
f 5417//3822 5418//3823 5419//3824
f 5417//3822 5419//3824 5420//3825
f 5418//3823 5417//3822 5421//3826
f 5418//3823 5421//3826 5422//3827
f 5423//3828 5339//3744 5338//3743
f 5423//3828 5414//3819 5415//3820
f 5423//3828 5338//3743 5414//3819
f 5424//3829 5406//3811 5425//3830
f 5424//3829 5416//3821 5406//3811
f 5426//3831 5419//3824 5418//3823
f 5426//3831 5418//3823 5427//3832
f 5428//3833 5429//3834 5413//3818
f 5428//3833 5413//3818 5412//3817
f 5430//3835 5339//3744 5423//3828
f 5430//3835 5423//3828 5431//3836
f 5432//3837 5424//3829 5425//3830
f 5433//3838 5434//3839 5435//3840
f 5433//3838 5435//3840 5436//3841
f 5437//3842 5340//3745 5339//3744
f 5438//3843 5428//3833 5412//3817
f 5438//3843 5412//3817 5439//3844
f 5437//3842 5430//3835 5431//3836
f 5437//3842 5339//3744 5430//3835
f 5440//3845 5425//3830 5441//3846
f 5440//3845 5432//3837 5425//3830
f 5442//3847 5443//3848 5444//3849
f 5442//3847 5444//3849 5445//3850
f 5446//3851 5447//3852 5448//3853
f 5446//3851 5448//3853 5449//3854
f 5450//3855 5340//3745 5437//3842
f 5450//3855 5437//3842 5451//3856
f 5452//3857 5440//3845 5441//3846
f 5446//3851 5453//3858 5454//3859
f 5446//3851 5454//3859 5455//3860
f 5456//3861 5349//3754 5340//3745
f 5456//3861 5340//3745 5450//3855
f 5405//3810 5416//3821 5457//3862
f 5405//3810 5457//3862 5458//3863
f 5456//3861 5450//3855 5451//3856
f 5459//3864 5441//3846 5460//3865
f 5459//3864 5452//3857 5441//3846
f 5459//3864 5461//3866 5452//3857
f 5462//3867 5349//3754 5456//3861
f 5462//3867 5456//3861 5463//3868
f 5464//3869 5459//3864 5460//3865
f 5465//3870 5466//3871 5467//3872
f 5465//3870 5467//3872 5468//3873
f 5465//3870 5459//3864 5464//3869
f 5468//3873 5350//3755 5349//3754
f 5468//3873 5349//3754 5462//3867
f 5468//3873 5462//3867 5463//3868
f 5466//3871 5460//3865 5469//3874
f 5466//3871 5464//3869 5460//3865
f 5466//3871 5465//3870 5464//3869
f 5411//3816 5470//3875 5439//3844
f 5411//3816 5439//3844 5412//3817
f 5471//3876 5350//3755 5468//3873
f 5471//3876 5468//3873 5467//3872
f 5454//3859 5466//3871 5469//3874
f 5453//3858 5466//3871 5454//3859
f 5463//3868 5456//3861 5461//3866
f 5463//3868 5461//3866 5459//3864
f 5472//3877 5351//3756 5350//3755
f 5472//3877 5350//3755 5471//3876
f 5472//3877 5471//3876 5467//3872
f 5455//3860 5469//3874 5473//3878
f 5455//3860 5454//3859 5469//3874
f 5474//3879 5475//3880 5476//3881
f 5474//3879 5476//3881 5477//3882
f 5445//3850 5478//3883 5479//3884
f 5445//3850 5479//3884 5442//3847
f 5480//3885 5472//3877 5449//3854
f 5480//3885 5351//3756 5472//3877
f 5481//3886 5455//3860 5473//3878
f 5482//3887 5483//3888 5432//3837
f 5482//3887 5432//3837 5440//3845
f 5448//3853 5352//3757 5351//3756
f 5448//3853 5480//3885 5449//3854
f 5448//3853 5351//3756 5480//3885
f 5484//3889 5481//3886 5473//3878
f 5484//3889 5473//3878 5485//3890
f 5424//3829 5432//3837 5483//3888
f 5424//3829 5483//3888 5486//3891
f 5487//3892 5488//3893 5489//3894
f 5487//3892 5489//3894 5490//3895
f 5491//3896 5484//3889 5485//3890
f 5492//3897 5352//3757 5448//3853
f 5492//3897 5448//3853 5493//3898
f 5416//3821 5424//3829 5486//3891
f 5416//3821 5486//3891 5457//3862
f 5470//3875 5494//3899 5433//3838
f 5470//3875 5433//3838 5439//3844
f 5495//3900 5353//3758 5352//3757
f 5495//3900 5352//3757 5492//3897
f 5495//3900 5492//3897 5493//3898
f 5407//3812 5485//3890 5496//3901
f 5407//3812 5491//3896 5485//3890
f 5392//3797 5410//3815 5413//3818
f 5392//3797 5413//3818 5389//3794
f 5429//3834 5497//3902 5389//3794
f 5429//3834 5389//3794 5413//3818
f 5408//3813 5407//3812 5496//3901
f 5498//3903 5353//3758 5495//3900
f 5498//3903 5495//3900 5499//3904
f 5417//3822 5500//3905 5501//3906
f 5417//3822 5501//3906 5421//3826
f 5404//3809 5322//3727 5353//3758
f 5404//3809 5353//3758 5498//3903
f 5415//3820 5400//3805 5502//3907
f 5415//3820 5502//3907 5458//3863
f 5404//3809 5498//3903 5499//3904
f 5503//3908 5496//3901 5504//3909
f 5503//3908 5408//3813 5496//3901
f 5505//3910 5409//3814 5499//3904
f 5505//3910 5499//3904 5495//3900
f 5506//3911 5503//3908 5504//3909
f 5379//3784 5384//3789 5507//3912
f 5379//3784 5507//3912 5508//3913
f 5500//3905 5509//3914 5510//3915
f 5500//3905 5510//3915 5501//3906
f 5511//3916 5322//3727 5404//3809
f 5511//3916 5404//3809 5403//3808
f 5512//3917 5323//3728 5322//3727
f 5397//3802 5386//3791 5508//3913
f 5397//3802 5508//3913 5507//3912
f 5512//3917 5322//3727 5511//3916
f 5512//3917 5511//3916 5403//3808
f 5513//3918 5504//3909 5514//3919
f 5513//3918 5514//3919 5515//3920
f 5513//3918 5515//3920 5516//3921
f 5513//3918 5506//3911 5504//3909
f 5517//3922 5518//3923 5519//3924
f 5517//3922 5519//3924 5520//3925
f 5517//3922 5520//3925 5521//3926
f 5517//3922 5521//3926 5522//3927
f 5523//3928 5524//3929 5525//3930
f 5526//3931 5527//3932 5528//3933
f 5526//3931 5528//3933 5529//3934
f 5530//3935 5525//3930 5531//3936
f 5530//3935 5531//3936 5512//3917
f 5530//3935 5523//3928 5525//3930
f 5532//3937 5323//3728 5512//3917
f 5532//3937 5531//3936 5533//3938
f 5532//3937 5533//3938 5323//3728
f 5532//3937 5512//3917 5531//3936
f 5534//3939 5535//3940 5536//3941
f 5534//3939 5536//3941 5537//3942
f 5538//3943 5539//3944 5540//3945
f 5538//3943 5540//3945 5541//3946
f 5542//3947 5356//3761 5543//3948
f 5542//3947 5543//3948 5544//3949
f 5543//3948 5545//3950 5546//3951
f 5543//3948 5546//3951 5547//3952
f 5548//3953 5549//3954 5550//3955
f 5548//3953 5550//3955 5551//3956
f 5552//3957 5553//3958 5538//3943
f 5552//3957 5538//3943 5541//3946
f 5554//3959 5555//3960 5556//3961
f 5554//3959 5556//3961 5557//3962
f 5558//3963 5383//3788 5559//3964
f 5558//3963 5559//3964 5560//3965
f 5561//3966 5562//3967 5563//3968
f 5561//3966 5564//3969 5562//3967
f 5565//3970 5566//3971 5567//3972
f 5565//3970 5567//3972 5568//3973
f 5569//3974 5555//3960 5554//3959
f 5570//3975 5563//3968 5571//3976
f 5572//3977 5573//3978 5574//3979
f 5572//3977 5574//3979 5575//3980
f 5570//3975 5561//3966 5563//3968
f 5576//3981 5577//3982 5578//3983
f 5576//3981 5578//3983 5579//3984
f 5576//3981 5579//3984 5580//3985
f 5576//3981 5580//3985 5581//3986
f 5576//3981 5581//3986 5582//3987
f 5583//3988 5584//3989 5585//3990
f 5583//3988 5585//3990 5586//3991
f 5587//3992 5572//3977 5588//3993
f 5587//3992 5588//3993 5589//3994
f 5590//3995 5570//3975 5571//3976
f 5574//3979 5373//3778 5577//3982
f 5574//3979 5374//3779 5373//3778
f 5574//3979 5577//3982 5576//3981
f 5591//3996 5592//3997 5593//3998
f 5591//3996 5593//3998 5594//3999
f 5595//4000 5596//4001 5597//4002
f 5595//4000 5597//4002 5598//4003
f 5381//3786 5380//3785 5599//4004
f 5381//3786 5599//4004 5600//4005
f 5573//3978 5374//3779 5574//3979
f 5601//4006 5602//4007 5603//4008
f 5601//4006 5603//4008 5591//3996
f 5604//4009 5605//4010 5606//4011
f 5604//4009 5606//4011 5607//4012
f 5592//3997 5608//4013 5609//4014
f 5592//3997 5609//4014 5593//3998
f 5610//4015 5611//4016 5612//4017
f 5610//4015 5612//4017 5613//4018
f 5614//4019 5615//4020 5616//4021
f 5614//4019 5616//4021 5617//4022
f 5618//4023 5587//3992 5589//3994
f 5618//4023 5589//3994 5619//4024
f 5620//4025 5485//3890 5473//3878
f 5620//4025 5473//3878 5621//4026
f 5543//3948 5356//3761 5359//3764
f 5543//3948 5359//3764 5545//3950
f 5622//4027 5618//4023 5619//4024
f 5622//4027 5619//4024 5623//4028
f 5624//4029 5441//3846 5425//3830
f 5624//4029 5425//3830 5625//4030
f 5626//4031 5627//4032 5564//3969
f 5626//4031 5564//3969 5557//3962
f 5628//4033 5622//4027 5623//4028
f 5564//3969 5627//4032 5629//4034
f 5564//3969 5629//4034 5562//3967
f 5615//4020 5614//4019 5630//4035
f 5615//4020 5630//4035 5631//4036
f 5553//3958 5441//3846 5624//4029
f 5632//4037 5541//3946 5540//3945
f 5632//4037 5540//3945 5633//4038
f 5634//4039 5635//4040 5636//4041
f 5634//4039 5636//4041 5637//4042
f 5637//4042 5636//4041 5638//4043
f 5637//4042 5638//4043 5639//4044
f 5640//4045 5641//4046 5642//4047
f 5640//4045 5642//4047 5643//4048
f 5644//4049 5645//4050 5646//4051
f 5644//4049 5646//4051 5647//4052
f 5648//4053 5649//4054 5571//3976
f 5648//4053 5571//3976 5650//4055
f 5651//4056 5588//3993 5649//4054
f 5651//4056 5649//4054 5648//4053
f 5652//4057 5653//4058 5654//4059
f 5652//4057 5654//4059 5655//4060
f 5647//4052 5646//4051 5656//4061
f 5647//4052 5656//4061 5657//4062
f 5658//4063 5659//4064 5660//4065
f 5658//4063 5660//4065 5661//4066
f 5650//4055 5571//3976 5563//3968
f 5650//4055 5563//3968 5662//4067
f 5663//4068 5664//4069 5665//4070
f 5663//4068 5665//4070 5666//4071
f 5667//4072 5668//4073 5669//4074
f 5667//4072 5669//4074 5670//4075
f 5671//4076 5672//4077 5657//4062
f 5671//4076 5657//4062 5656//4061
f 5670//4075 5669//4074 5640//4045
f 5670//4075 5640//4045 5643//4048
f 5540//3945 5539//3944 5673//4078
f 5540//3945 5673//4078 5674//4079
f 5675//4080 5633//4038 5540//3945
f 5675//4080 5540//3945 5674//4079
f 5676//4081 5547//3952 5677//4082
f 5676//4081 5677//4082 5678//4083
f 5679//4084 5680//4085 5681//4086
f 5679//4084 5681//4086 5682//4087
f 5683//4088 5684//4089 5685//4090
f 5683//4088 5685//4090 5546//3951
f 5677//4082 5547//3952 5546//3951
f 5677//4082 5546//3951 5685//4090
f 5673//4078 5539//3944 5623//4028
f 5673//4078 5623//4028 5686//4091
f 5427//3832 5418//3823 5422//3827
f 5427//3832 5422//3827 5687//4092
f 5681//4086 5688//4093 5689//4094
f 5681//4086 5689//4094 5682//4087
f 5690//4095 5551//3956 5691//4096
f 5690//4095 5691//4096 5692//4097
f 5693//4098 5593//3998 5609//4014
f 5693//4098 5609//4014 5694//4099
f 5550//3955 5695//4100 5696//4101
f 5550//3955 5696//4101 5697//4102
f 5434//3839 5698//4103 5699//4104
f 5434//3839 5699//4104 5435//3840
f 5641//4046 5594//3999 5700//4105
f 5641//4046 5700//4105 5642//4047
f 5701//4106 5702//4107 5703//4108
f 5704//4109 5671//4076 5656//4061
f 5704//4109 5656//4061 5705//4110
f 5706//4111 5643//4048 5642//4047
f 5706//4111 5642//4047 5707//4112
f 5708//4113 5709//4114 5710//4115
f 5711//4116 5712//4117 5713//4118
f 5711//4116 5713//4118 5714//4119
f 5715//4120 5716//4121 5713//4118
f 5715//4120 5713//4118 5712//4117
f 5717//4122 5718//4123 5679//4084
f 5717//4122 5679//4084 5719//4124
f 5720//4125 5721//4126 5722//4127
f 5720//4125 5722//4127 5723//4128
f 5724//4129 5725//4130 5726//4131
f 5724//4129 5726//4131 5727//4132
f 5728//4133 5729//4134 5730//4135
f 5728//4133 5730//4135 5731//4136
f 5732//4137 5733//4138 5734//4139
f 5732//4137 5734//4139 5735//4140
f 5736//4141 5662//4067 5737//4142
f 5738//4143 5739//4144 5740//4145
f 5738//4143 5740//4145 5741//4146
f 5742//4147 5743//4148 5744//4149
f 5664//4069 5745//4150 5746//4151
f 5664//4069 5746//4151 5665//4070
f 5747//4152 5701//4106 5703//4108
f 5747//4152 5703//4108 5748//4153
f 5749//4154 5750//4155 5751//4156
f 5749//4154 5751//4156 5333//3738
f 5752//4157 5753//4158 5754//4159
f 5752//4157 5754//4159 5716//4121
f 5755//4160 5650//4055 5756//4161
f 5757//4162 5758//4163 5759//4164
f 5757//4162 5759//4164 5760//4165
f 5761//4166 5762//4167 5753//4158
f 5761//4166 5753//4158 5752//4157
f 5763//4168 5764//4169 5765//4170
f 5766//4171 5767//4172 5674//4079
f 5766//4171 5674//4079 5673//4078
f 5768//4173 5650//4055 5755//4160
f 5705//4110 5769//4174 5770//4175
f 5705//4110 5770//4175 5704//4109
f 5771//4176 5772//4177 5773//4178
f 5771//4176 5773//4178 5774//4179
f 5775//4180 5335//3740 5776//4181
f 5775//4180 5776//4181 5777//4182
f 5778//4183 5779//4184 5780//4185
f 5778//4183 5780//4185 5781//4186
f 5782//4187 5783//4188 5784//4189
f 5782//4187 5784//4189 5785//4190
f 5786//4191 5787//4192 5788//4193
f 5789//4194 5790//4195 5791//4196
f 5789//4194 5791//4196 5792//4197
f 5793//4198 5794//4199 5795//4200
f 5793//4198 5795//4200 5796//4201
f 5771//4176 5648//4053 5797//4202
f 5760//4165 5759//4164 5798//4203
f 5760//4165 5798//4203 5799//4204
f 5800//4205 5801//4206 5802//4207
f 5800//4205 5802//4207 5803//4208
f 5804//4209 5805//4210 5806//4211
f 5804//4209 5806//4211 5807//4212
f 5808//4213 5809//4214 5810//4215
f 5808//4213 5810//4215 5811//4216
f 5764//4169 5742//4147 5744//4149
f 5764//4169 5744//4149 5765//4170
f 5779//4184 5812//4217 5780//4185
f 5674//4079 5767//4172 5813//4218
f 5674//4079 5813//4218 5675//4080
f 5814//4219 5651//4056 5774//4179
f 5815//4220 5816//4221 5817//4222
f 5815//4220 5817//4222 5818//4223
f 5819//4224 5820//4225 5802//4207
f 5819//4224 5802//4207 5821//4226
f 5822//4227 5798//4203 5759//4164
f 5822//4227 5759//4164 5823//4228
f 5824//4229 5825//4230 5826//4231
f 5824//4229 5826//4231 5827//4232
f 5761//4166 5828//4233 5829//4234
f 5761//4166 5829//4234 5807//4212
f 5830//4235 5831//4236 5832//4237
f 5830//4235 5832//4237 5833//4238
f 5834//4239 5778//4183 5781//4186
f 5720//4125 5645//4050 5692//4097
f 5720//4125 5692//4097 5835//4240
f 5750//4155 5836//4241 5773//4178
f 5750//4155 5773//4178 5837//4242
f 5838//4243 5839//4244 5840//4245
f 5828//4233 5761//4166 5752//4157
f 5828//4233 5752//4157 5841//4246
f 5842//4247 5834//4239 5781//4186
f 5842//4247 5781//4186 5843//4248
f 5785//4190 5784//4189 5535//3940
f 5785//4190 5535//3940 5844//4249
f 5826//4231 5682//4087 5689//4094
f 5826//4231 5689//4094 5845//4250
f 5846//4251 5839//4244 5838//4243
f 5528//3933 5847//4252 5848//4253
f 5528//3933 5848//4253 5849//4254
f 5758//4163 5757//4162 5850//4255
f 5758//4163 5850//4255 5851//4256
f 5852//4257 5853//4258 5854//4259
f 5852//4257 5854//4259 5855//4260
f 5750//4155 5837//4242 5751//4156
f 5856//4261 5857//4262 5858//4263
f 5856//4261 5858//4263 5727//4132
f 5859//4264 5860//4265 5792//4197
f 5859//4264 5792//4197 5861//4266
f 5675//4080 5862//4267 5863//4268
f 5675//4080 5863//4268 5793//4198
f 5864//4269 5686//4091 5865//4270
f 5820//4225 5866//4271 5803//4208
f 5820//4225 5803//4208 5802//4207
f 5336//3741 5749//4154 5333//3738
f 5867//4272 5868//4273 5869//4274
f 5867//4272 5869//4274 5851//4256
f 5775//4180 5838//4243 5840//4245
f 5775//4180 5840//4245 5870//4275
f 5871//4276 5776//4181 5334//3739
f 5871//4276 5334//3739 5872//4277
f 5873//4278 5874//4279 5875//4280
f 5873//4278 5875//4280 5871//4276
f 5694//4099 5850//4255 5757//4162
f 5694//4099 5757//4162 5693//4098
f 5766//4171 5673//4078 5876//4281
f 5737//4142 5877//4282 5878//4283
f 5737//4142 5878//4283 5736//4141
f 5879//4284 5880//4285 5881//4286
f 5879//4284 5881//4286 5882//4287
f 5883//4288 5884//4289 5885//4290
f 5883//4288 5885//4290 5886//4291
f 5776//4181 5335//3740 5334//3739
f 5887//4292 5888//4293 5889//4294
f 5887//4292 5889//4294 5890//4295
f 5704//4109 5770//4175 5891//4296
f 5704//4109 5891//4296 5892//4297
f 5785//4190 5893//4298 5894//4299
f 5785//4190 5894//4299 5782//4187
f 5851//4256 5850//4255 5895//4300
f 5851//4256 5895//4300 5867//4272
f 5714//4119 5713//4118 5896//4301
f 5714//4119 5896//4301 5897//4302
f 5898//4303 5858//4263 5899//4304
f 5898//4303 5899//4304 5900//4305
f 5884//4289 5883//4288 5853//4258
f 5884//4289 5853//4258 5852//4257
f 5873//4278 5871//4276 5872//4277
f 5572//3977 5575//3980 5649//4054
f 5572//3977 5649//4054 5588//3993
f 5830//4235 5769//4174 5879//4284
f 5830//4235 5879//4284 5831//4236
f 5901//4306 5902//4307 5903//4308
f 5901//4306 5903//4308 5904//4309
f 5728//4133 5905//4310 5729//4134
f 5906//4311 5696//4101 5907//4312
f 5908//4313 5909//4314 5718//4123
f 5908//4313 5718//4123 5910//4315
f 5911//4316 5912//4317 5913//4318
f 5911//4316 5913//4318 5653//4058
f 5725//4130 5697//4102 5726//4131
f 5914//4319 5915//4320 5810//4215
f 5914//4319 5810//4215 5916//4321
f 5917//4322 5756//4161 5736//4141
f 5917//4322 5736//4141 5878//4283
f 5918//4323 5844//4249 5919//4324
f 5918//4323 5919//4324 5920//4325
f 5876//4281 5673//4078 5686//4091
f 5876//4281 5686//4091 5864//4269
f 5921//4326 5744//4149 5743//4148
f 5921//4326 5743//4148 5922//4327
f 5923//4328 5924//4329 5925//4330
f 5923//4328 5925//4330 5926//4331
f 5927//4332 5692//4097 5928//4333
f 5893//4298 5785//4190 5844//4249
f 5893//4298 5844//4249 5918//4323
f 5858//4263 5857//4262 5899//4304
f 5919//4324 5534//3939 5740//4145
f 5919//4324 5740//4145 5739//4144
f 5693//4098 5760//4165 5799//4204
f 5693//4098 5799//4204 5700//4105
f 5835//4240 5692//4097 5927//4332
f 5929//4334 5710//4115 5701//4106
f 5929//4334 5701//4106 5747//4152
f 5930//4335 5931//4336 5833//4238
f 5930//4335 5833//4238 5932//4337
f 5534//3939 5919//4324 5844//4249
f 5534//3939 5844//4249 5535//3940
f 5807//4212 5829//4234 5706//4111
f 5807//4212 5706//4111 5804//4209
f 5923//4328 5933//4338 5934//4339
f 5923//4328 5934//4339 5935//4340
f 5905//4310 5936//4341 5874//4279
f 5905//4310 5874//4279 5873//4278
f 5904//4309 5898//4303 5900//4305
f 5824//4229 5937//4342 5938//4343
f 5824//4229 5938//4343 5939//4344
f 5865//4270 5686//4091 5839//4244
f 5865//4270 5839//4244 5846//4251
f 5902//4307 5928//4333 5940//4345
f 5902//4307 5940//4345 5903//4308
f 5812//4217 5786//4191 5788//4193
f 5812//4217 5788//4193 5780//4185
f 5881//4286 5646//4051 5723//4128
f 5941//4346 5942//4347 5943//4348
f 5941//4346 5943//4348 5944//4349
f 5888//4293 5901//4306 5889//4294
f 5900//4305 5889//4294 5901//4306
f 5900//4305 5901//4306 5904//4309
f 5745//4150 5664//4069 5945//4350
f 5745//4150 5945//4350 5818//4223
f 5867//4272 5895//4300 5946//4351
f 5867//4272 5946//4351 5886//4291
f 5947//4352 5948//4353 5942//4347
f 5947//4352 5942//4347 5941//4346
f 5705//4110 5656//4061 5880//4285
f 5825//4230 5824//4229 5939//4344
f 5825//4230 5939//4344 5949//4354
f 5801//4206 5800//4205 5799//4204
f 5801//4206 5799//4204 5798//4203
f 5915//4320 5950//4355 5811//4216
f 5915//4320 5811//4216 5810//4215
f 5837//4242 5842//4247 5843//4248
f 5837//4242 5843//4248 5751//4156
f 5951//4356 5887//4292 5890//4295
f 5645//4050 5720//4125 5723//4128
f 5645//4050 5723//4128 5646//4051
f 5952//4357 5953//4358 5954//4359
f 5952//4357 5954//4359 5859//4264
f 5944//4349 5943//4348 5955//4360
f 5944//4349 5955//4360 5956//4361
f 5892//4297 5671//4076 5704//4109
f 5864//4269 5874//4279 5936//4341
f 5864//4269 5936//4341 5876//4281
f 5952//4357 5861//4266 5957//4362
f 5952//4357 5957//4362 5735//4140
f 5958//4363 5959//4364 5960//4365
f 5961//4366 5684//4089 5909//4314
f 5961//4366 5909//4314 5962//4367
f 5963//4368 5745//4150 5818//4223
f 5963//4368 5818//4223 5817//4222
f 5762//4167 5761//4166 5807//4212
f 5762//4167 5807//4212 5806//4211
f 5939//4344 5938//4343 5964//4369
f 5939//4344 5964//4369 5965//4370
f 5815//4220 5945//4350 5966//4371
f 5746//4151 5967//4372 5954//4359
f 5746//4151 5954//4359 5968//4373
f 5962//4367 5942//4347 5948//4353
f 5962//4367 5948//4353 5961//4366
f 5831//4236 5958//4363 5960//4365
f 5831//4236 5960//4365 5832//4237
f 5700//4105 5800//4205 5803//4208
f 5700//4105 5803//4208 5642//4047
f 5818//4223 5945//4350 5815//4220
f 5880//4285 5879//4284 5769//4174
f 5880//4285 5769//4174 5705//4110
f 5834//4239 5969//4374 5970//4375
f 5834//4239 5970//4375 5778//4183
f 5931//4336 5830//4235 5833//4238
f 5959//4364 5951//4356 5890//4295
f 5959//4364 5890//4295 5960//4365
f 5971//4376 5816//4221 5972//4377
f 5971//4376 5972//4377 5973//4378
f 5974//4379 5975//4380 5709//4114
f 5974//4379 5709//4114 5708//4113
f 5719//4124 5965//4370 5976//4381
f 5719//4124 5976//4381 5717//4122
f 5973//4378 5930//4335 5932//4337
f 5727//4132 5858//4263 5898//4303
f 5727//4132 5898//4303 5724//4129
f 5968//4373 5665//4070 5746//4151
f 5915//4320 5914//4319 5977//4382
f 5915//4320 5977//4382 5926//4331
f 5926//4331 5977//4382 5933//4338
f 5926//4331 5933//4338 5923//4328
f 5805//4210 5804//4209 5978//4383
f 5805//4210 5978//4383 5979//4384
f 5956//4361 5955//4360 5976//4381
f 5956//4361 5976//4381 5980//4385
f 5765//4170 5788//4193 5787//4192
f 5765//4170 5787//4192 5763//4168
f 5662//4067 5736//4141 5756//4161
f 5662//4067 5756//4161 5650//4055
f 5981//4386 5665//4070 5968//4373
f 5790//4195 5971//4376 5791//4196
f 5971//4376 5973//4378 5932//4337
f 5971//4376 5932//4337 5791//4196
f 5854//4259 5863//4268 5862//4267
f 5854//4259 5862//4267 5982//4387
f 5787//4192 5877//4282 5983//4388
f 5787//4192 5983//4388 5763//4168
f 5902//4307 5901//4306 5888//4293
f 5902//4307 5888//4293 5984//4389
f 5733//4138 5913//4318 5912//4317
f 5733//4138 5912//4317 5734//4139
f 5845//4250 5809//4214 5827//4232
f 5845//4250 5827//4232 5826//4231
f 5905//4310 5873//4278 5872//4277
f 5905//4310 5872//4277 5729//4134
f 5743//4148 5747//4152 5748//4153
f 5743//4148 5748//4153 5922//4327
f 5860//4265 5789//4194 5792//4197
f 5734//4139 5953//4358 5952//4357
f 5734//4139 5952//4357 5735//4140
f 5985//4390 5899//4304 5857//4262
f 5985//4390 5857//4262 5986//4391
f 5950//4355 5915//4320 5926//4331
f 5950//4355 5926//4331 5925//4330
f 5952//4357 5859//4264 5861//4266
f 5683//4088 5987//4392 5909//4314
f 5683//4088 5909//4314 5684//4089
f 5694//4099 5609//4014 5988//4393
f 5694//4099 5988//4393 5796//4201
f 5718//4123 5989//4394 5680//4085
f 5718//4123 5680//4085 5679//4084
f 5623//4028 5619//4024 5839//4244
f 5623//4028 5839//4244 5686//4091
f 5987//4392 5989//4394 5718//4123
f 5987//4392 5718//4123 5909//4314
f 5990//4395 5702//4107 5709//4114
f 5990//4395 5709//4114 5629//4034
f 5991//4396 5666//4071 5665//4070
f 5991//4396 5665//4070 5911//4316
f 5700//4105 5594//3999 5593//3998
f 5700//4105 5593//3998 5693//4098
f 5635//4040 5992//4397 5993//4398
f 5635//4040 5993//4398 5994//4399
f 5543//3948 5547//3952 5676//4081
f 5543//3948 5676//4081 5544//3949
f 5992//4397 5635//4040 5634//4039
f 5992//4397 5634//4039 5995//4400
f 5635//4040 5994//4399 5996//4401
f 5635//4040 5996//4401 5636//4041
f 5634//4039 5637//4042 5669//4074
f 5634//4039 5669//4074 5668//4073
f 5554//3959 5561//3966 5570//3975
f 5554//3959 5570//3975 5569//3974
f 5595//4000 5997//4402 5998//4403
f 5595//4000 5998//4403 5999//4404
f 5596//4001 5551//3956 5690//4095
f 5616//4021 5615//4020 6000//4405
f 5616//4021 6000//4405 6001//4406
f 5596//4001 5548//3953 5551//3956
f 6002//4407 5602//4007 6003//4408
f 6002//4407 6003//4408 6004//4409
f 5598//4003 5997//4402 5595//4000
f 5597//4002 5690//4095 5644//4049
f 5597//4002 5596//4001 5690//4095
f 6005//4410 5620//4025 5621//4026
f 6005//4410 5621//4026 6006//4411
f 6007//4412 6008//4413 6009//4414
f 6007//4412 6009//4414 6010//4415
f 6007//4412 6010//4415 6011//4416
f 6007//4412 6011//4416 6012//4417
f 6007//4412 6012//4417 6013//4418
f 5584//3989 6014//4419 5989//4394
f 5584//3989 5989//4394 5987//4392
f 5612//4017 6015//4420 6016//4421
f 5612//4017 6016//4421 6017//4422
f 6018//4423 5597//4002 5644//4049
f 5658//4063 6019//4424 6008//4413
f 5658//4063 6020//4425 6019//4424
f 5658//4063 6008//4413 6007//4412
f 6006//4411 5621//4026 6021//4426
f 6006//4411 6021//4426 6022//4427
f 5346//3751 6023//4428 6024//4429
f 5346//3751 6024//4429 6025//4430
f 5661//4066 6020//4425 5658//4063
f 5341//3746 6026//4431 6027//4432
f 5341//3746 6027//4432 6028//4433
f 5639//4044 5638//4043 6003//4408
f 5639//4044 6003//4408 6029//4434
f 5592//3997 6030//4435 6031//4436
f 5592//3997 6031//4436 5608//4013
f 6032//4437 5385//3790 5374//3779
f 6032//4437 5374//3779 5573//3978
f 6031//4436 5496//3901 5485//3890
f 6031//4436 5485//3890 5620//4025
f 6033//4438 5599//4004 5380//3785
f 6033//4438 5380//3785 6034//4439
f 6015//4420 6035//4440 5672//4077
f 6015//4420 5672//4077 6036//4441
f 6007//4412 6013//4418 5997//4402
f 6007//4412 5997//4402 5598//4003
f 5545//3950 5359//3764 6037//4442
f 5545//3950 6037//4442 6038//4443
f 6016//4421 6015//4420 6036//4441
f 6016//4421 6036//4441 5663//4068
f 6000//4405 5631//4036 6039//4444
f 6000//4405 6039//4444 6017//4422
f 6040//4445 5618//4023 5622//4027
f 6040//4445 5622//4027 5625//4030
f 6001//4406 6016//4421 5663//4068
f 6022//4427 5632//4037 5633//4038
f 6022//4427 5633//4038 6041//4446
f 5630//4035 5614//4019 5604//4009
f 5630//4035 5604//4009 6042//4447
f 5615//4020 5631//4036 6000//4405
f 5634//4039 5668//4073 6043//4448
f 5634//4039 6043//4448 5995//4400
f 5602//4007 5601//4006 6029//4434
f 5602//4007 6029//4434 6003//4408
f 5608//4013 6031//4436 5620//4025
f 5608//4013 5620//4025 6005//4410
f 6044//4449 5731//4136 5730//4135
f 6044//4449 5730//4135 6045//4450
f 5767//4172 5766//4171 6046//4451
f 5767//4172 6046//4451 6047//4452
f 5862//4267 5675//4080 5813//4218
f 5975//4380 5974//4379 5737//4142
f 5975//4380 5737//4142 5662//4067
f 6047//4452 6046//4451 5728//4133
f 6047//4452 5728//4133 5731//4136
f 5794//4199 5793//4198 5863//4268
f 5876//4281 5936//4341 6046//4451
f 5876//4281 6046//4451 5766//4171
f 5972//4377 5966//4371 5892//4297
f 5972//4377 5892//4297 5891//4296
f 5677//4082 5920//4325 6048//4453
f 5677//4082 6048//4453 5678//4083
f 5865//4270 5875//4280 5874//4279
f 5865//4270 5874//4279 5864//4269
f 5732//4137 5735//4140 5957//4362
f 5732//4137 5957//4362 6049//4454
f 5946//4351 5796//4201 5795//4200
f 6050//4455 6044//4449 6045//4450
f 5936//4341 5905//4310 5728//4133
f 5936//4341 5728//4133 6046//4451
f 6051//4456 6052//4457 5840//4245
f 6051//4456 5840//4245 5839//4244
f 5895//4300 5796//4201 5946//4351
f 5983//4388 5974//4379 5708//4113
f 5983//4388 5708//4113 6053//4458
f 6054//4459 5835//4240 5927//4332
f 6054//4459 5927//4332 5984//4389
f 5924//4329 6055//4460 6049//4454
f 5924//4329 6049//4454 6056//4461
f 6057//4462 5749//4154 5336//3741
f 6057//4462 5336//3741 5870//4275
f 5758//4163 6058//4463 5823//4228
f 5758//4163 5823//4228 5759//4164
f 5852//4257 5855//4260 6059//4464
f 6052//4457 6051//4456 5651//4056
f 6052//4457 5651//4056 5814//4219
f 6052//4457 6057//4462 5870//4275
f 6052//4457 5870//4275 5840//4245
f 5875//4280 5865//4270 5846//4251
f 5875//4280 5846//4251 5777//4182
f 5950//4355 5925//4330 6056//4461
f 5950//4355 6056//4461 6060//4465
f 5871//4276 5875//4280 5777//4182
f 5871//4276 5777//4182 5776//4181
f 5760//4165 5693//4098 5757//4162
f 5982//4387 5862//4267 5813//4218
f 5982//4387 5813//4218 6061//4466
f 5798//4203 5822//4227 6062//4467
f 5798//4203 6062//4467 5801//4206
f 5885//4290 5884//4289 6063//4468
f 5893//4298 5685//4090 5684//4089
f 5893//4298 5684//4089 5894//4299
f 5335//3740 5775//4180 5870//4275
f 5335//3740 5870//4275 5336//3741
f 5808//4213 5811//4216 6060//4465
f 5808//4213 6060//4465 6064//4469
f 5800//4205 5700//4105 5799//4204
f 5969//4374 5797//4202 5768//4173
f 5969//4374 5768//4173 5970//4375
f 5984//4389 5888//4293 5887//4292
f 5984//4389 5887//4292 6054//4459
f 5869//4274 5868//4273 6065//4470
f 5797//4202 5648//4053 5650//4055
f 5797//4202 5650//4055 5768//4173
f 5836//4241 5814//4219 5774//4179
f 5836//4241 5774//4179 5773//4178
f 5886//4291 5946//4351 5795//4200
f 5886//4291 5795//4200 5883//4288
f 5937//4342 6066//4471 6064//4469
f 5937//4342 6064//4469 6067//4472
f 5937//4342 5824//4229 5827//4232
f 5937//4342 5827//4232 6066//4471
f 5866//4271 5642//4047 5803//4208
f 5823//4228 6058//4463 6068//4473
f 5868//4273 5867//4272 5886//4291
f 5868//4273 5886//4291 5885//4290
f 5772//4177 5842//4247 5837//4242
f 5772//4177 5837//4242 5773//4178
f 5670//4075 5828//4233 5841//4246
f 5670//4075 5841//4246 5667//4072
f 5707//4112 5642//4047 5866//4271
f 5883//4288 5795//4200 5794//4199
f 5883//4288 5794//4199 5853//4258
f 5964//4369 5938//4343 6067//4472
f 5964//4369 6067//4472 6069//4474
f 5866//4271 5820//4225 5978//4383
f 5866//4271 5978//4383 5707//4112
f 5822//4227 5823//4228 6068//4473
f 5822//4227 6068//4473 6070//4475
f 5948//4353 5947//4352 5783//4188
f 5948//4353 5783//4188 5782//4187
f 6062//4467 5822//4227 6070//4475
f 5790//4195 5817//4222 5816//4221
f 5790//4195 5816//4221 5971//4376
f 5654//4059 5977//4382 5914//4319
f 5654//4059 5914//4319 5689//4094
f 5853//4258 5794//4199 5863//4268
f 5853//4258 5863//4268 5854//4259
f 5920//4325 5919//4324 5739//4144
f 5920//4325 5739//4144 6048//4453
f 5828//4233 5670//4075 5829//4234
f 5910//4315 5955//4360 5943//4348
f 5910//4315 5943//4348 5908//4313
f 6071//4476 5536//3941 5784//4189
f 6071//4476 5784//4189 5783//4188
f 5980//4385 5976//4381 5965//4370
f 5980//4385 5965//4370 5964//4369
f 5819//4224 5821//4226 6072//4477
f 5643//4048 5706//4111 5829//4234
f 5643//4048 5829//4234 5670//4075
f 5917//4322 5812//4217 5779//4184
f 5917//4322 5779//4184 6073//4478
f 5809//4214 5808//4213 6066//4471
f 5809//4214 6066//4471 5827//4232
f 5715//4120 5667//4072 5841//4246
f 5725//4130 5724//4129 5903//4308
f 5725//4130 5903//4308 5940//4345
f 6074//4479 6075//4480 6076//4481
f 6074//4479 6076//4481 6077//4482
f 5805//4210 5979//4384 6078//4483
f 5726//4131 5697//4102 5696//4101
f 5726//4131 5696//4101 5906//4311
f 5712//4117 5711//4116 6079//4484
f 5838//4243 5775//4180 5777//4182
f 5838//4243 5777//4182 5846//4251
f 5820//4225 5819//4224 5979//4384
f 5820//4225 5979//4384 5978//4383
f 6053//4458 5708//4113 5710//4115
f 6053//4458 5710//4115 5929//4334
f 5740//4145 5537//3942 6080//4485
f 5740//4145 6080//4485 5741//4146
f 5749//4154 6057//4462 5836//4241
f 5749//4154 5836//4241 5750//4155
f 5968//4373 5954//4359 5953//4358
f 5968//4373 5953//4358 5981//4386
f 5814//4219 5836//4241 6057//4462
f 5814//4219 6057//4462 6052//4457
f 5941//4346 5944//4349 6081//4486
f 5941//4346 6081//4486 6082//4487
f 5851//4256 5869//4274 6058//4463
f 5851//4256 6058//4463 5758//4163
f 5753//4158 5762//4167 6083//4488
f 5855//4260 5854//4259 5982//4387
f 5855//4260 5982//4387 6050//4455
f 5742//4147 5929//4334 5747//4152
f 5742//4147 5747//4152 5743//4148
f 6084//4489 6085//4490 6086//4491
f 6084//4489 6086//4491 6087//4492
f 5929//4334 5742//4147 5764//4169
f 5929//4334 5764//4169 6053//4458
f 5896//4301 5754//4159 6088//4493
f 5667//4072 5715//4120 5712//4117
f 5667//4072 5712//4117 6079//4484
f 5934//4339 5653//4058 5913//4318
f 5981//4386 5912//4317 5911//4316
f 5981//4386 5911//4316 5665//4070
f 5933//4338 5653//4058 5934//4339
f 5763//4168 5983//4388 6053//4458
f 5763//4168 6053//4458 5764//4169
f 5882//4287 5881//4286 5723//4128
f 5882//4287 5723//4128 5722//4127
f 5965//4370 5719//4124 5949//4354
f 5965//4370 5949//4354 5939//4344
f 5685//4090 5893//4298 5918//4323
f 5685//4090 5918//4323 5677//4082
f 5967//4372 5746//4151 5745//4150
f 5967//4372 5745//4150 5963//4368
f 6089//4494 6090//4495 5556//3961
f 6089//4494 5556//3961 6091//4496
f 5916//4321 5689//4094 5914//4319
f 6073//4478 5755//4160 5756//4161
f 6073//4478 5756//4161 5917//4322
f 6092//4497 6048//4453 5739//4144
f 6092//4497 5739//4144 5738//4143
f 6055//4460 5732//4137 6049//4454
f 5924//4329 5923//4328 5935//4340
f 5924//4329 5935//4340 6055//4460
f 5671//4076 5892//4297 5966//4371
f 5671//4076 5966//4371 5945//4350
f 5845//4250 5689//4094 5916//4321
f 5850//4255 5694//4099 5796//4201
f 5850//4255 5796//4201 5895//4300
f 6044//4449 6061//4466 6047//4452
f 6044//4449 6047//4452 5731//4136
f 5772//4177 5771//4176 5797//4202
f 5772//4177 5797//4202 5969//4374
f 5877//4282 5737//4142 5974//4379
f 5877//4282 5974//4379 5983//4388
f 5821//4226 5802//4207 5801//4206
f 5821//4226 5801//4206 6062//4467
f 5925//4330 5924//4329 6056//4461
f 5646//4051 5881//4286 5880//4285
f 5646//4051 5880//4285 5656//4061
f 5825//4230 5682//4087 5826//4231
f 5859//4264 5954//4359 5967//4372
f 5859//4264 5967//4372 5860//4265
f 5855//4260 6050//4455 6045//4450
f 5855//4260 6045//4450 6059//4464
f 5816//4221 5815//4220 5966//4371
f 5816//4221 5966//4371 5972//4377
f 6073//4478 5779//4184 5778//4183
f 6073//4478 5778//4183 5970//4375
f 5857//4262 5856//4261 6093//4498
f 5857//4262 6093//4498 5986//4391
f 5811//4216 5950//4355 6060//4465
f 5977//4382 5654//4059 5653//4058
f 5977//4382 5653//4058 5933//4338
f 5719//4124 5679//4084 5949//4354
f 5970//4375 5768//4173 5755//4160
f 5970//4375 5755//4160 6073//4478
f 6059//4464 6063//4468 5884//4289
f 6059//4464 5884//4289 5852//4257
f 5955//4360 5910//4315 5717//4122
f 5955//4360 5717//4122 5976//4381
f 6061//4466 5813//4218 5767//4172
f 6061//4466 5767//4172 6047//4452
f 5878//4283 5786//4191 5812//4217
f 5878//4283 5812//4217 5917//4322
f 6066//4471 5808//4213 6064//4469
f 5949//4354 5679//4084 5682//4087
f 5949//4354 5682//4087 5825//4230
f 5910//4315 5718//4123 5717//4122
f 5868//4273 5885//4290 6063//4468
f 5868//4273 6063//4468 6065//4470
f 5891//4296 5930//4335 5973//4378
f 5891//4296 5973//4378 5972//4377
f 5928//4333 5902//4307 5984//4389
f 5928//4333 5984//4389 5927//4332
f 5831//4236 5879//4284 5882//4287
f 5831//4236 5882//4287 5958//4363
f 5938//4343 5937//4342 6067//4472
f 5691//4096 5940//4345 5928//4333
f 5691//4096 5928//4333 5692//4097
f 5962//4367 5909//4314 5908//4313
f 5809//4214 5845//4250 5916//4321
f 5809//4214 5916//4321 5810//4215
f 5721//4126 5951//4356 5959//4364
f 5721//4126 5959//4364 5722//4127
f 6058//4463 5869//4274 6065//4470
f 6058//4463 6065//4470 6068//4473
f 5721//4126 5720//4125 5835//4240
f 5721//4126 5835//4240 6054//4459
f 5821//4226 6062//4467 6070//4475
f 5821//4226 6070//4475 6072//4477
f 6061//4466 6044//4449 6050//4455
f 6061//4466 6050//4455 5982//4387
f 5980//4385 5964//4369 6069//4474
f 5817//4222 5790//4195 5789//4194
f 5817//4222 5789//4194 5963//4368
f 5774//4179 5651//4056 5648//4053
f 5774//4179 5648//4053 5771//4176
f 5894//4299 5684//4089 5961//4366
f 5935//4340 5934//4339 5913//4318
f 5935//4340 5913//4318 5733//4138
f 6055//4460 5935//4340 5733//4138
f 6055//4460 5733//4138 5732//4137
f 5961//4366 5948//4353 5782//4187
f 5961//4366 5782//4187 5894//4299
f 5979//4384 5819//4224 6072//4477
f 5979//4384 6072//4477 6078//4483
f 5944//4349 5956//4361 6081//4486
f 5940//4345 5691//4096 5697//4102
f 5940//4345 5697//4102 5725//4130
f 5908//4313 5943//4348 5942//4347
f 5908//4313 5942//4347 5962//4367
f 6054//4459 5887//4292 5951//4356
f 6054//4459 5951//4356 5721//4126
f 5786//4191 5878//4283 5877//4282
f 5786//4191 5877//4282 5787//4192
f 5920//4325 5677//4082 5918//4323
f 5804//4209 5706//4111 5707//4112
f 5804//4209 5707//4112 5978//4383
f 5806//4211 5805//4210 6078//4483
f 5806//4211 6078//4483 6094//4499
f 5947//4352 5941//4346 6082//4487
f 5710//4115 5709//4114 5702//4107
f 5710//4115 5702//4107 5701//4106
f 6048//4453 6092//4497 5678//4083
f 5841//4246 5752//4157 5716//4121
f 5841//4246 5716//4121 5715//4120
f 5969//4374 5834//4239 5842//4247
f 5969//4374 5842//4247 5772//4177
f 5912//4317 5981//4386 5953//4358
f 5912//4317 5953//4358 5734//4139
f 6094//4499 6083//4488 5762//4167
f 6094//4499 5762//4167 5806//4211
f 5958//4363 5882//4287 5722//4127
f 5958//4363 5722//4127 5959//4364
f 5856//4261 5906//4311 5907//4312
f 5856//4261 5907//4312 6093//4498
f 5727//4132 5726//4131 5906//4311
f 5727//4132 5906//4311 5856//4261
f 5754//4159 5753//4158 6083//4488
f 5754//4159 6083//4488 6088//4493
f 5904//4309 5903//4308 5724//4129
f 5904//4309 5724//4129 5898//4303
f 5535//3940 5784//4189 5536//3941
f 5860//4265 5967//4372 5963//4368
f 5860//4265 5963//4368 5789//4194
f 5896//4301 6088//4493 6095//4500
f 5896//4301 6095//4500 5897//4302
f 5930//4335 5891//4296 5770//4175
f 5930//4335 5770//4175 5931//4336
f 5769//4174 5830//4235 5931//4336
f 5769//4174 5931//4336 5770//4175
f 5740//4145 5534//3939 5537//3942
f 6096//4501 6097//4502 6098//4503
f 6096//4501 6098//4503 5542//3947
f 6099//4504 6100//4505 5314//3719
f 6099//4504 5314//3719 6101//4506
f 6043//4448 6079//4484 5696//4101
f 6043//4448 5696//4101 5695//4100
f 5990//4395 6102//4507 5544//3949
f 5990//4395 5544//3949 5676//4081
f 5714//4119 5897//4302 5986//4391
f 5714//4119 5986//4391 6093//4498
f 5975//4380 5562//3967 5629//4034
f 5975//4380 5629//4034 5709//4114
f 5550//3955 5697//4102 5691//4096
f 5550//3955 5691//4096 5551//3956
f 5651//4056 6051//4456 5589//3994
f 5651//4056 5589//3994 5588//3993
f 5655//4060 5654//4059 5689//4094
f 5655//4060 5689//4094 5688//4093
f 5990//4395 5676//4081 5678//4083
f 5990//4395 5678//4083 5702//4107
f 5796//4201 5988//4393 6041//4446
f 5796//4201 6041//4446 5793//4198
f 5645//4050 5644//4049 5690//4095
f 5645//4050 5690//4095 5692//4097
f 6036//4441 5945//4350 5664//4069
f 6036//4441 5664//4069 5663//4068
f 6036//4441 5672//4077 5671//4076
f 6036//4441 5671//4076 5945//4350
f 5975//4380 5662//4067 5563//3968
f 5975//4380 5563//3968 5562//3967
f 6043//4448 5668//4073 5667//4072
f 6043//4448 5667//4072 6079//4484
f 5839//4244 5619//4024 5589//3994
f 5839//4244 5589//3994 6051//4456
f 6103//4508 6099//4504 6101//4506
f 6103//4508 6101//4506 6104//4509
f 5748//4153 5703//4108 6092//4497
f 5748//4153 6092//4497 5738//4143
f 6097//4502 6105//4510 6106//4511
f 6097//4502 6106//4511 6098//4503
f 5652//4057 5991//4396 5911//4316
f 5652//4057 5911//4316 5653//4058
f 5897//4302 6095//4500 5985//4390
f 5897//4302 5985//4390 5986//4391
f 5553//3958 5552//3957 5460//3865
f 5553//3958 5460//3865 5441//3846
f 5956//4361 5980//4385 6069//4474
f 5956//4361 6069//4474 6081//4486
f 5442//3847 5479//3884 6107//4512
f 5442//3847 6107//4512 6108//4513
f 6021//4426 5473//3878 5469//3874
f 6021//4426 5469//3874 6109//4514
f 5538//3943 5628//4033 5623//4028
f 5538//3943 5623//4028 5539//3944
f 6007//4412 6018//4423 5659//4064
f 6007//4412 5659//4064 5658//4063
f 5383//3788 5382//3787 6110//4515
f 5383//3788 6110//4515 5559//3964
f 5621//4026 5473//3878 6021//4426
f 5584//3989 5583//3988 6111//4516
f 5584//3989 6111//4516 6014//4419
f 6006//4411 6041//4446 5988//4393
f 6006//4411 6022//4427 6041//4446
f 5341//3746 6112//4517 6113//4518
f 5341//3746 6113//4518 6025//4430
f 6005//4410 5988//4393 5609//4014
f 6034//4439 5380//3785 5383//3788
f 6034//4439 5383//3788 5558//3963
f 6005//4410 6006//4411 5988//4393
f 6035//4440 5611//4016 5661//4066
f 6035//4440 5661//4066 5660//4065
f 5659//4064 6018//4423 5644//4049
f 5659//4064 5644//4049 5647//4052
f 5608//4013 6005//4410 5609//4014
f 5611//4016 5610//4015 6020//4425
f 5611//4016 6020//4425 5661//4066
f 6038//4443 6037//4442 5586//3991
f 6038//4443 5586//3991 5585//3990
f 6014//4419 6033//4438 5680//4085
f 6014//4419 5680//4085 5989//4394
f 5603//4008 5514//3919 5504//3909
f 5603//4008 6114//4519 5514//3919
f 5603//4008 5504//3909 6030//4435
f 6014//4419 6111//4516 5599//4004
f 6014//4419 5599//4004 6033//4438
f 5602//4007 6002//4407 6115//4520
f 5602//4007 6115//4520 6116//4521
f 5602//4007 6116//4521 6117//4522
f 5602//4007 6117//4522 6118//4523
f 5602//4007 6118//4523 6114//4519
f 5602//4007 6114//4519 5603//4008
f 6109//4514 5632//4037 6022//4427
f 6109//4514 6022//4427 6021//4426
f 5575//3980 5590//3995 5571//3976
f 5575//3980 5571//3976 5649//4054
f 6119//4524 5583//3988 5586//3991
f 6119//4524 5586//3991 6120//4525
f 6029//4434 5601//4006 5641//4046
f 6018//4423 6007//4412 5598//4003
f 6018//4423 5598//4003 5597//4002
f 6029//4434 5641//4046 5640//4045
f 5638//4043 6004//4409 6003//4408
f 5638//4043 5996//4401 6004//4409
f 5561//3966 5554//3959 5557//3962
f 5561//3966 5557//3962 5564//3969
f 5639//4044 6029//4434 5640//4045
f 5639//4044 5640//4045 5669//4074
f 6121//4526 5626//4031 5557//3962
f 6121//4526 5557//3962 5556//3961
f 5636//4041 5996//4401 5638//4043
f 5607//4012 5606//4011 5560//3965
f 5607//4012 5560//3965 5559//3964
f 5637//4042 5639//4044 5669//4074
f 5406//3811 6040//4445 5625//4030
f 5406//3811 5625//4030 5425//3830
f 5626//4031 6121//4526 6097//4502
f 5626//4031 6097//4502 6096//4501
f 5990//4395 5629//4034 5627//4032
f 5990//4395 5627//4032 6102//4507
f 5576//3981 5590//3995 5575//3980
f 5576//3981 5575//3980 5574//3979
f 5632//4037 6109//4514 5552//3957
f 5632//4037 5552//3957 5541//3946
f 5783//4188 5947//4352 6082//4487
f 5783//4188 6082//4487 6071//4476
f 5616//4021 5666//4071 5991//4396
f 5616//4021 5991//4396 5617//4022
f 5627//4032 5626//4031 6096//4501
f 5627//4032 6096//4501 6102//4507
f 5607//4012 6110//4515 6042//4447
f 5607//4012 6042//4447 5604//4009
f 5616//4021 6001//4406 5663//4068
f 5616//4021 5663//4068 5666//4071
f 6015//4420 5612//4017 5611//4016
f 6015//4420 5611//4016 6035//4440
f 5613//4018 5612//4017 6017//4422
f 5613//4018 6017//4422 6039//4444
f 5559//3964 6110//4515 5607//4012
f 5560//3965 5655//4060 5688//4093
f 5587//3992 6032//4437 5573//3978
f 5587//3992 5573//3978 5572//3977
f 5560//3965 5606//4011 5655//4060
f 5385//3790 6032//4437 6040//4445
f 5385//3790 6040//4445 5406//3811
f 6001//4406 6000//4405 6017//4422
f 6001//4406 6017//4422 6016//4421
f 5558//3963 5688//4093 5681//4086
f 5558//3963 5560//3965 5688//4093
f 6035//4440 5660//4065 5657//4062
f 6035//4440 5657//4062 5672//4077
f 5618//4023 6040//4445 6032//4437
f 5618//4023 6032//4437 5587//3992
f 6034//4439 5558//3963 5681//4086
f 5496//3901 6031//4436 6030//4435
f 5496//3901 6030//4435 5504//3909
f 5660//4065 5659//4064 5647//4052
f 5660//4065 5647//4052 5657//4062
f 5591//3996 5603//4008 6030//4435
f 5591//3996 6030//4435 5592//3997
f 6111//4516 6122//4527 5600//4005
f 6111//4516 6123//4528 6122//4527
f 6111//4516 5600//4005 5599//4004
f 6124//4529 5549//3954 5548//3953
f 6124//4529 5548//3953 5999//4404
f 5583//3988 6119//4524 6125//4530
f 5583//3988 6125//4530 6126//4531
f 5583//3988 6126//4531 6127//4532
f 5583//3988 6127//4532 6128//4533
f 5583//3988 6128//4533 6123//4528
f 5583//3988 6123//4528 6111//4516
f 5999//4404 5548//3953 5596//4001
f 5999//4404 5596//4001 5595//4000
f 6033//4438 6034//4439 5681//4086
f 6033//4438 5681//4086 5680//4085
f 5576//3981 5582//3987 5555//3960
f 5576//3981 5555//3960 5569//3974
f 5585//3990 5584//3989 5987//4392
f 5538//3943 5553//3958 5624//4029
f 5538//3943 5624//4029 5628//4033
f 5585//3990 5987//4392 5683//4088
f 6037//4442 6120//4525 5586//3991
f 6037//4442 5358//3763 6120//4525
f 5628//4033 5624//4029 5625//4030
f 5628//4033 5625//4030 5622//4027
f 6038//4443 5585//3990 5683//4088
f 6038//4443 5683//4088 5546//3951
f 6129//4534 6124//4529 5999//4404
f 6129//4534 5999//4404 5998//4403
f 5359//3764 5358//3763 6037//4442
f 5590//3995 5576//3981 5569//3974
f 5590//3995 5569//3974 5570//3975
f 5545//3950 6038//4443 5546//3951
f 5606//4011 5605//4010 5652//4057
f 5606//4011 5652//4057 5655//4060
f 6124//4529 6129//4534 6130//4535
f 6124//4529 6130//4535 6131//4536
f 5605//4010 5617//4022 5991//4396
f 5605//4010 5991//4396 5652//4057
f 5549//3954 6124//4529 6131//4536
f 5549//3954 6131//4536 6132//4537
f 5605//4010 5604//4009 5614//4019
f 5605//4010 5614//4019 5617//4022
f 5703//4108 5702//4107 5678//4083
f 5703//4108 5678//4083 6092//4497
f 6102//4507 6096//4501 5542//3947
f 6102//4507 5542//3947 5544//3949
f 5314//3719 6100//4505 6133//4538
f 5314//3719 6133//4538 5315//3720
f 6130//4535 6134//4539 6135//4540
f 6130//4535 6135//4540 5993//4398
f 5993//4398 5992//4397 6131//4536
f 5993//4398 6131//4536 6130//4535
f 5992//4397 5995//4400 6132//4537
f 5992//4397 6132//4537 6131//4536
f 6136//4541 6137//4542 6100//4505
f 6136//4541 6100//4505 6099//4504
f 6138//4543 5527//3932 5526//3931
f 6138//4543 5526//3931 6139//4544
f 6140//4545 6103//4508 6134//4539
f 6140//4545 6134//4539 6141//4546
f 6142//4547 6143//4548 6121//4526
f 6103//4508 6140//4545 6136//4541
f 6103//4508 6136//4541 6099//4504
f 6144//4549 6121//4526 5556//3961
f 6145//4550 6146//4551 6147//4552
f 6145//4550 6147//4552 6148//4553
f 5847//4252 6149//4554 6150//4555
f 5847//4252 6150//4555 5848//4253
f 6090//4495 6144//4549 5556//3961
f 6137//4542 6136//4541 6148//4553
f 6137//4542 6148//4553 6151//4556
f 5298//3703 6152//4557 6153//4558
f 5298//3703 6153//4558 5299//3704
f 6091//4496 5556//3961 5555//3960
f 6146//4551 6145//4550 5998//4403
f 6146//4551 5998//4403 6154//4559
f 5487//3892 6091//4496 5555//3960
f 6140//4545 6145//4550 6148//4553
f 6140//4545 6148//4553 6136//4541
f 6155//4560 6084//4489 6087//4492
f 6155//4560 6087//4492 6156//4561
f 6157//4562 6158//4563 6159//4564
f 6157//4562 6159//4564 6160//4565
f 6157//4562 5305//3710 6161//4566
f 6162//4567 5519//3924 5518//3923
f 6162//4567 5518//3923 5509//3914
f 5488//3893 5555//3960 5582//3987
f 5488//3893 5582//3987 6163//4568
f 5488//3893 6163//4568 6164//4569
f 5488//3893 6164//4569 6165//4570
f 5488//3893 5487//3892 5555//3960
f 5489//3894 6165//4570 6166//4571
f 5489//3894 6166//4571 6158//4563
f 5489//3894 5488//3893 6165//4570
f 5303//3708 6167//4572 6168//4573
f 5303//3708 6168//4573 6169//4574
f 6170//4575 6171//4576 6168//4573
f 6170//4575 6168//4573 6167//4572
f 6172//4577 6173//4578 6174//4579
f 6172//4577 6174//4579 6175//4580
f 5314//3719 5313//3718 6101//4506
f 6176//4581 6086//4491 6177//4582
f 6176//4581 6177//4582 6178//4583
f 6176//4581 6178//4583 6179//4584
f 6176//4581 6179//4584 6180//4585
f 6176//4581 6180//4585 6002//4407
f 6176//4581 6002//4407 6004//4409
f 6181//4586 6176//4581 6004//4409
f 5508//3913 5368//3773 5367//3772
f 5508//3913 5367//3772 5379//3784
f 6182//4587 6183//4588 6149//4554
f 6182//4587 6149//4554 5847//4252
f 6184//4589 6004//4409 5996//4401
f 6184//4589 6181//4586 6004//4409
f 5347//3752 5337//3742 5348//3753
f 5347//3752 5348//3753 5355//3760
f 6084//4489 6185//4590 6085//4490
f 6167//4572 6146//4551 6154//4559
f 6167//4572 6154//4559 6170//4575
f 5527//3932 6182//4587 5847//4252
f 5527//3932 5847//4252 5528//3933
f 6155//4560 5318//3723 6084//4489
f 6186//4591 6184//4589 5996//4401
f 5529//3934 5528//3933 5849//4254
f 5529//3934 5849//4254 6187//4592
f 6188//4593 6189//4594 6190//4595
f 6188//4593 6190//4595 6191//4596
f 6105//4510 6143//4548 6142//4547
f 6105//4510 6142//4547 6192//4597
f 6193//4598 6194//4599 5316//3721
f 6098//4503 6106//4511 6195//4600
f 6098//4503 6195//4600 5357//3762
f 5507//3912 5502//3907 5400//3805
f 5507//3912 5400//3805 5397//3802
f 6196//4601 6197//4602 6198//4603
f 6196//4601 6198//4603 6076//4481
f 6199//4604 6104//4509 6101//4506
f 6199//4604 6101//4506 5313//3718
f 6187//4592 6195//4600 6200//4605
f 6187//4592 6200//4605 5529//3934
f 6199//4604 5313//3718 5316//3721
f 6199//4604 6201//4606 6104//4509
f 5377//3782 5376//3781 6202//4607
f 5377//3782 6202//4607 6203//4608
f 5377//3782 6203//4608 6204//4609
f 5377//3782 6204//4609 6205//4610
f 5377//3782 6205//4610 6019//4424
f 5377//3782 6019//4424 6020//4425
f 5356//3761 5542//3947 6098//4503
f 5356//3761 6098//4503 5357//3762
f 5378//3783 5377//3782 6020//4425
f 5386//3791 5388//3793 5368//3773
f 5386//3791 5368//3773 5508//3913
f 5399//3804 6020//4425 5610//4015
f 5399//3804 5378//3783 6020//4425
f 6206//4611 5402//3807 5503//3908
f 6206//4611 5503//3908 5506//3911
f 5394//3799 6207//4612 6208//4613
f 5394//3799 6208//4613 6209//4614
f 5394//3799 6209//4614 6210//4615
f 6211//4616 5510//3915 5509//3914
f 6211//4616 5509//3914 5518//3923
f 6212//4617 5394//3799 5393//3798
f 6212//4617 6207//4612 5394//3799
f 5391//3796 5399//3804 5610//4015
f 5402//3807 5401//3806 5408//3813
f 5402//3807 5408//3813 5503//3908
f 6213//4618 6214//4619 6207//4612
f 6215//4620 6211//4616 5518//3923
f 6215//4620 5518//3923 5517//3922
f 6213//4618 6207//4612 6212//4617
f 6213//4618 6212//4617 5393//3798
f 5392//3797 5610//4015 5613//4018
f 5392//3797 5391//3796 5610//4015
f 5500//3905 5417//3822 5420//3825
f 5500//3905 5420//3825 6216//4621
f 5409//3814 5401//3806 5404//3809
f 5409//3814 5404//3809 5499//3904
f 6217//4622 6213//4618 5497//3902
f 6217//4622 6214//4619 6213//4618
f 5410//3815 5392//3797 5613//4018
f 5443//3848 5427//3832 5687//4092
f 5443//3848 5687//4092 5444//3849
f 5429//3834 6218//4623 6214//4619
f 5423//3828 5415//3820 5458//3863
f 5423//3828 5458//3863 5457//3862
f 5429//3834 6214//4619 6217//4622
f 5429//3834 6217//4622 5497//3902
f 5411//3816 5613//4018 6039//4444
f 5411//3816 5410//3815 5613//4018
f 5484//3889 5491//3896 5505//3910
f 5484//3889 5505//3910 6219//4624
f 5495//3900 5493//3898 6219//4624
f 5495//3900 6219//4624 5505//3910
f 6220//4625 6218//4623 5429//3834
f 6220//4625 5429//3834 5428//3833
f 5470//3875 5411//3816 6039//4444
f 5427//3832 5443//3848 6221//4626
f 5427//3832 6221//4626 5426//3831
f 5493//3898 5448//3853 5447//3852
f 5493//3898 5447//3852 6219//4624
f 5438//3843 6222//4627 6218//4623
f 5438//3843 6218//4623 6220//4625
f 5438//3843 6220//4625 5428//3833
f 5494//3899 6039//4444 5631//4036
f 5494//3899 5470//3875 6039//4444
f 5443//3848 5442//3847 6108//4513
f 5443//3848 6108//4513 6221//4626
f 5483//3888 5482//3887 5451//3856
f 5483//3888 5451//3856 5437//3842
f 6223//4628 6222//4627 5438//3843
f 6223//4628 5438//3843 5436//3841
f 6224//4629 5494//3899 5631//4036
f 5440//3845 5452//3857 5461//3866
f 5440//3845 5461//3866 5482//3887
f 5435//3840 6191//4596 6222//4627
f 5435//3840 6222//4627 6223//4628
f 5449//3854 5472//3877 5453//3858
f 5449//3854 5453//3858 5446//3851
f 5435//3840 6223//4628 5436//3841
f 5698//4103 5631//4036 5630//4035
f 5698//4103 6224//4629 5631//4036
f 5698//4103 5434//3839 6224//4629
f 5478//3883 5474//3879 5477//3882
f 5478//3883 5477//3882 5479//3884
f 6225//4630 6191//4596 5435//3840
f 6225//4630 5435//3840 5699//4104
f 6226//4631 5698//4103 5630//4035
f 5476//3881 5698//4103 6226//4631
f 5475//3880 6188//4593 6191//4596
f 5475//3880 6191//4596 6225//4630
f 5468//3873 5463//3868 5459//3864
f 5468//3873 5459//3864 5465//3870
f 5475//3880 6225//4630 5699//4104
f 5477//3882 5630//4035 6042//4447
f 5477//3882 6226//4631 5630//4035
f 5477//3882 5476//3881 6226//4631
f 5698//4103 5476//3881 5475//3880
f 5698//4103 5475//3880 5699//4104
f 6227//4632 6188//4593 5475//3880
f 6227//4632 5475//3880 5474//3879
f 6107//4512 5477//3882 6042//4447
f 5479//3884 5477//3882 6107//4512
f 5472//3877 5467//3872 5466//3871
f 5472//3877 5466//3871 5453//3858
f 5478//3883 6027//4432 6188//4593
f 5478//3883 6188//4593 6227//4632
f 5478//3883 6227//4632 5474//3879
f 6108//4513 6042//4447 6110//4515
f 6108//4513 6107//4512 6042//4447
f 5434//3839 5433//3838 5494//3899
f 5434//3839 5494//3899 6224//4629
f 5482//3887 5461//3866 5456//3861
f 5482//3887 5456//3861 5451//3856
f 6228//4633 5478//3883 5445//3850
f 6228//4633 6027//4432 5478//3883
f 6221//4626 6108//4513 6110//4515
f 5447//3852 5446//3851 5455//3860
f 5447//3852 5455//3860 5481//3886
f 5439//3844 5433//3838 5436//3841
f 5439//3844 5436//3841 5438//3843
f 5444//3849 6028//4433 6027//4432
f 5444//3849 6228//4633 5445//3850
f 5444//3849 6027//4432 6228//4633
f 5426//3831 6221//4626 6110//4515
f 6219//4624 5447//3852 5481//3886
f 6219//4624 5481//3886 5484//3889
f 5426//3831 6110//4515 5382//3787
f 5486//3891 5483//3888 5437//3842
f 5486//3891 5437//3842 5431//3836
f 5419//3824 5426//3831 5382//3787
f 6229//4634 6028//4433 5444//3849
f 6229//4634 5444//3849 5687//4092
f 5793//4198 6041//4446 5633//4038
f 5793//4198 5633//4038 5675//4080
f 5422//3827 6230//4635 6028//4433
f 5422//3827 6028//4433 6229//4634
f 5457//3862 5486//3891 5431//3836
f 5457//3862 5431//3836 5423//3828
f 5422//3827 6229//4634 5687//4092
f 5420//3825 5382//3787 5381//3786
f 5420//3825 5419//3824 5382//3787
f 5409//3814 5505//3910 5491//3896
f 5409//3814 5491//3896 5407//3812
f 5523//3928 6206//4611 5506//3911
f 5523//3928 5506//3911 5513//3918
f 6216//4621 5420//3825 5381//3786
f 5458//3863 5502//3907 5398//3803
f 5458//3863 5398//3803 5405//3810
f 6231//4636 6230//4635 5422//3827
f 6231//4636 5422//3827 5421//3826
f 5501//3906 6232//4637 6230//4635
f 5501//3906 6230//4635 6231//4636
f 5497//3902 6213//4618 5390//3795
f 5497//3902 5390//3795 5389//3794
f 5501//3906 6231//4636 5421//3826
f 6162//4567 5381//3786 5600//4005
f 6162//4567 6216//4621 5381//3786
f 5384//3789 5398//3803 5502//3907
f 5384//3789 5502//3907 5507//3912
f 5519//3924 6162//4567 5600//4005
f 5395//3800 5390//3795 6213//4618
f 5395//3800 6213//4618 5393//3798
f 6233//4638 6232//4637 5501//3906
f 6233//4638 5501//3906 5510//3915
f 5395//3800 5375//3780 5378//3783
f 5395//3800 5378//3783 5399//3804
f 5402//3807 6206//4611 5512//3917
f 5402//3807 5512//3917 5403//3808
f 6211//4616 6234//4639 6232//4637
f 6211//4616 6232//4637 6233//4638
f 6211//4616 6233//4638 5510//3915
f 5520//3925 5600//4005 6122//4527
f 5520//3925 6122//4527 6235//4640
f 5520//3925 6235//4640 5521//3926
f 5520//3925 5519//3924 5600//4005
f 6184//4589 6186//4591 6194//4599
f 6184//4589 6194//4599 6156//4561
f 6172//4577 6139//4544 5529//3934
f 6172//4577 5529//3934 6200//4605
f 5517//3922 5522//3927 6236//4641
f 5530//3935 5512//3917 6206//4611
f 5530//3935 6206//4611 5523//3928
f 6215//4620 6236//4641 6237//4642
f 6215//4620 6237//4642 6211//4616
f 6215//4620 5517//3922 6236//4641
f 6238//4643 6237//4642 6239//4644
f 6238//4643 6239//4644 6234//4639
f 6238//4643 6211//4616 6237//4642
f 6238//4643 6234//4639 6211//4616
f 6200//4605 6195//4600 6106//4511
f 6200//4605 6106//4511 6173//4578
f 6143//4548 6105//4510 6097//4502
f 6143//4548 6097//4502 6121//4526
f 6186//4591 6240//4645 6201//4606
f 6186//4591 6201//4606 6194//4599
f 6140//4545 6141//4546 6129//4534
f 6152//4557 5298//3703 5297//3702
f 6152//4557 5297//3702 6241//4646
f 6242//4647 6129//4534 5998//4403
f 6121//4526 6144//4549 6090//4495
f 6121//4526 6090//4495 6142//4547
f 6145//4550 6242//4647 5998//4403
f 5993//4398 6135//4540 6240//4645
f 5993//4398 6240//4645 5994//4399
f 6153//4558 6152//4557 6142//4547
f 6153//4558 6142//4547 6090//4495
f 6154//4559 5998//4403 5997//4402
f 5315//3720 6133//4538 6243//4648
f 5315//3720 6243//4648 6244//4649
f 6170//4575 6154//4559 5997//4402
f 6161//4566 5305//3710 5299//3704
f 6161//4566 5299//3704 6153//4558
f 6151//4556 6148//4553 6147//4552
f 6151//4556 6147//4552 5302//3707
f 6091//4496 5487//3892 5490//3895
f 6091//4496 5490//3895 6089//4494
f 5303//3708 6169//4574 6245//4650
f 5303//3708 6245//4650 5300//3705
f 6246//4651 6247//4652 6248//4653
f 6246//4651 6248//4653 6249//4654
f 5303//3708 5302//3707 6147//4552
f 6089//4494 5490//3895 6157//4562
f 6089//4494 6157//4562 6161//4566
f 6171//4576 5997//4402 6013//4418
f 6171//4576 6013//4418 6250//4655
f 6171//4576 6250//4655 6251//4656
f 6171//4576 6251//4656 6252//4657
f 6171//4576 6170//4575 5997//4402
f 6168//4573 6252//4657 6253//4658
f 6168//4573 6253//4658 6169//4574
f 6195//4600 6187//4592 5358//3763
f 6195//4600 5358//3763 5357//3762
f 6168//4573 6171//4576 6252//4657
f 6216//4621 6162//4567 5509//3914
f 6216//4621 5509//3914 5500//3905
f 5348//3753 5337//3742 5340//3745
f 5348//3753 5340//3745 5349//3754
f 6254//4659 6175//4580 6174//4579
f 6150//4555 6149//4554 6255//4660
f 6150//4555 6255//4660 6256//4661
f 6150//4555 6256//4661 6257//4662
f 6150//4555 6257//4662 6258//4663
f 6150//4555 6258//4663 6119//4524
f 6150//4555 6119//4524 6120//4525
f 5848//4253 6150//4555 6120//4525
f 6087//4492 6086//4491 6176//4581
f 6087//4492 6176//4581 6181//4586
f 5394//3799 6210//4615 5376//3781
f 5394//3799 5376//3781 5375//3780
f 5849//4254 6120//4525 5358//3763
f 6181//4586 6184//4589 6156//4561
f 6181//4586 6156//4561 6087//4492
f 5849//4254 5848//4253 6120//4525
f 5321//3726 6185//4590 6084//4489
f 5321//3726 6084//4489 5318//3723
f 6182//4587 6259//4664 6183//4588
f 6146//4551 6167//4572 5303//3708
f 6146//4551 5303//3708 6147//4552
f 5527//3932 6138//4543 6182//4587
f 6240//4645 6186//4591 5996//4401
f 6240//4645 5996//4401 5994//4399
f 6187//4592 5849//4254 5358//3763
f 6157//4562 5490//3895 5489//3894
f 6157//4562 5489//3894 6158//4563
f 5318//3723 6155//4560 6193//4598
f 5318//3723 6193//4598 5316//3721
f 6193//4598 6155//4560 6156//4561
f 6193//4598 6156//4561 6194//4599
f 5526//3931 5529//3934 6139//4544
f 6192//4597 6142//4547 6152//4557
f 6192//4597 6152//4557 6241//4646
f 6201//4606 6240//4645 6135//4540
f 6201//4606 6135//4540 6104//4509
f 6161//4566 6153//4558 6090//4495
f 6161//4566 6090//4495 6089//4494
f 6199//4604 5316//3721 6194//4599
f 6199//4604 6194//4599 6201//4606
f 6172//4577 6175//4580 6139//4544
f 6172//4577 6200//4605 6173//4578
f 6173//4578 6106//4511 6105//4510
f 6173//4578 6105//4510 6192//4597
f 6174//4579 6173//4578 6192//4597
f 6174//4579 6192//4597 6241//4646
f 6254//4659 6174//4579 6241//4646
f 6254//4659 6241//4646 5297//3702
f 6134//4539 6103//4508 6104//4509
f 6134//4539 6104//4509 6135//4540
f 5995//4400 6043//4448 5695//4100
f 5995//4400 5695//4100 6132//4537
f 6079//4484 5711//4116 5907//4312
f 6079//4484 5907//4312 5696//4101
f 5922//4327 5748//4153 5738//4143
f 5922//4327 5738//4143 5741//4146
f 5921//4326 5922//4327 5741//4146
f 5921//4326 5741//4146 6080//4485
f 6260//4665 6232//4637 6234//4639
f 6261//4666 6232//4637 6260//4665
f 6262//4667 6232//4637 6261//4666
f 6138//4543 6263//4668 6264//4669
f 6138//4543 6264//4669 6265//4670
f 6138//4543 6265//4670 6266//4671
f 5523//3928 5513//3918 5516//3921
f 5523//3928 5516//3921 5524//3929
f 6267//4672 6268//4673 6027//4432
f 6269//4674 6267//4672 6027//4432
f 6189//4594 6188//4593 6270//4675
f 6026//4431 6269//4674 6027//4432
f 5343//3748 6218//4623 6222//4627
f 5343//3748 6222//4627 6271//4676
f 6191//4596 6272//4677 6273//4678
f 6191//4596 6273//4678 6222//4627
f 6274//4679 6191//4596 6190//4595
f 6272//4677 6191//4596 6274//4679
f 6270//4675 6188//4593 6027//4432
f 6270//4675 6027//4432 6268//4673
f 6275//4680 6222//4627 6273//4678
f 6276//4681 6222//4627 6275//4680
f 6113//4518 6139//4544 6175//4580
f 6113//4518 6175//4580 6254//4659
f 6271//4676 6222//4627 6276//4681
f 6277//4682 6198//4603 6278//4602
f 6277//4682 6278//4602 6279//4683
f 6280//4684 6208//4613 6207//4612
f 6281//4685 6280//4684 6207//4612
f 6282//4686 6281//4685 6207//4612
f 6283//4687 6282//4686 6207//4612
f 5302//3707 5301//3706 6284//4688
f 6137//4542 6151//4556 6133//4538
f 6100//4505 6137//4542 6133//4538
f 6112//4517 6138//4543 6139//4544
f 6112//4517 6262//4667 6285//4689
f 6112//4517 6285//4689 6286//4690
f 6112//4517 6286//4690 6287//4691
f 6112//4517 6287//4691 6288//4692
f 6112//4517 6288//4692 6289//4693
f 6112//4517 6289//4693 6263//4668
f 6290//4694 6133//4538 6291//4695
f 6290//4694 6291//4695 5343//3748
f 6112//4517 6139//4544 6113//4518
f 6112//4517 6232//4637 6262//4667
f 6112//4517 6263//4668 6138//4543
f 5341//3746 6232//4637 6112//4517
f 5341//3746 6028//4433 6230//4635
f 5341//3746 6230//4635 6232//4637
f 5341//3746 6292//4696 6293//4697
f 5341//3746 6293//4697 5342//3747
f 5341//3746 6025//4430 6292//4696
f 5341//3746 6294//4698 6026//4431
f 5341//3746 6295//4699 6294//4698
f 5341//3746 6296//4700 6295//4699
f 5341//3746 6297//4701 6296//4700
f 5341//3746 6298//4702 6297//4701
f 5341//3746 6299//4703 6298//4702
f 5341//3746 5344//3749 6299//4703
f 5343//3748 6207//4612 6214//4619
f 5343//3748 6214//4619 6218//4623
f 5601//4006 5591//3996 5594//3999
f 5601//4006 5594//3999 5641//4046
f 5343//3748 6300//4704 6290//4694
f 5343//3748 5342//3747 6300//4704
f 5343//3748 6301//4705 5344//3749
f 5343//3748 6302//4706 6301//4705
f 5343//3748 6303//4707 6302//4706
f 5343//3748 6304//4708 6303//4707
f 5343//3748 6305//4709 6304//4708
f 5343//3748 6306//4710 6305//4709
f 5343//3748 6271//4676 6306//4710
f 6291//4695 6283//4687 6207//4612
f 6291//4695 6207//4612 5343//3748
f 6291//4695 5302//3707 6284//4688
f 6291//4695 6284//4688 6307//4711
f 6291//4695 6133//4538 6151//4556
f 6291//4695 6307//4711 6308//4712
f 6291//4695 6308//4712 6309//4713
f 6291//4695 6309//4713 6310//4714
f 6291//4695 6310//4714 6311//4715
f 6291//4695 6311//4715 6283//4687
f 6291//4695 6151//4556 5302//3707
f 5360//3765 5348//3753 5361//3766
f 5360//3765 5361//3766 5315//3720
f 6290//4694 6300//4704 6312//4716
f 6290//4694 6312//4716 6313//4717
f 6290//4694 6313//4717 6314//4718
f 6290//4694 6314//4718 6315//4719
f 6316//4720 6290//4694 6315//4719
f 6243//4648 6290//4694 6316//4720
f 5460//3865 5552//3957 6109//4514
f 5460//3865 6109//4514 5469//3874
f 6133//4538 6290//4694 6243//4648
f 5360//3765 6317//4721 6318//4722
f 5360//3765 6318//4722 6319//4723
f 5360//3765 6319//4723 5354//3759
f 5360//3765 6244//4649 6320//4724
f 5360//3765 6320//4724 6321//4725
f 5360//3765 6321//4725 6322//4726
f 5360//3765 6322//4726 6317//4721
f 5296//3701 6113//4518 6254//4659
f 5296//3701 6254//4659 5297//3702
f 5315//3720 6244//4649 5360//3765
f 6323//4727 6292//4696 6025//4430
f 6324//4728 6323//4727 6025//4430
f 6325//4729 6324//4728 6025//4430
f 6326//4730 6325//4729 6025//4430
f 6327//4731 6326//4730 6025//4430
f 6328//4732 6327//4731 6025//4430
f 6113//4518 5296//3701 5346//3751
f 6113//4518 5346//3751 6025//4430
f 6329//4733 6330//4734 6331//4735
f 6329//4733 6331//4735 6332//4736
f 6333//4737 6334//4738 6335//4739
f 6333//4737 6332//4736 6334//4738
f 6333//4737 6329//4733 6332//4736
f 6336//4740 6335//4739 6249//4654
f 6336//4740 6333//4737 6335//4739
f 6247//4652 6246//4651 6337//4741
f 6338//4742 6247//4652 6337//4741
f 6339//4743 6336//4740 6249//4654
f 6339//4743 6249//4654 6248//4653
f 6340//4744 6337//4741 6341//4745
f 6340//4744 6338//4742 6337//4741
f 6342//4746 6336//4740 6339//4743
f 6342//4746 6339//4743 6343//4747
f 6344//4748 6341//4745 6328//4732
f 6344//4748 6340//4744 6341//4745
f 6345//4749 6342//4746 6343//4747
f 6024//4429 6328//4732 6025//4430
f 6024//4429 6344//4748 6328//4732
f 6266//4671 6259//4664 6182//4587
f 6266//4671 6182//4587 6138//4543
f 6077//4482 6342//4746 6345//4749
f 6077//4482 6345//4749 6346//4750
f 6077//4482 6346//4750 6074//4479
f 5896//4301 5713//4118 5716//4121
f 5896//4301 5716//4121 5754//4159
f 5346//3751 6347//4751 6023//4428
f 6141//4546 6134//4539 6130//4535
f 6141//4546 6130//4535 6129//4534
f 6076//4481 6075//4480 6196//4601
f 6198//4603 6197//4602 6278//4602
f 5695//4100 5550//3955 5549//3954
f 5695//4100 5549//3954 6132//4537
f 6145//4550 6140//4545 6129//4534
f 6145//4550 6129//4534 6242//4647
f 6348//4752 6349//4753 6350//4754
f 6348//4752 6350//4754 6351//4755
f 6352//4756 5567//3972 6349//4753
f 6352//4756 6349//4753 6348//4752
f 6353//4757 6348//4752 6351//4755
f 6353//4757 6351//4755 6347//4751
f 6353//4757 6347//4751 5346//3751
f 6157//4562 6160//4565 5306//3711
f 6157//4562 5306//3711 5305//3710
f 5568//3973 5567//3972 6352//4756
f 6354//4758 6353//4757 5346//3751
f 6355//4759 6354//4758 5346//3751
f 5565//3970 6356//4760 5566//3971
f 6277//4682 6279//4683 6357//4761
f 6277//4682 6357//4761 6358//4762
f 6359//4763 6355//4759 5346//3751
f 6360//4764 6358//4762 6361//4765
f 6360//4764 6361//4765 6362//4766
f 6360//4764 6277//4682 6358//4762
f 6363//4767 6360//4764 6362//4766
f 6363//4767 6362//4766 6356//4760
f 6364//4768 6356//4760 5565//3970
f 6364//4768 6363//4767 6356//4760
f 6364//4768 6365//4769 6366//4770
f 6364//4768 5565//3970 6365//4769
f 6367//4771 6368//4772 6369//4773
f 6370//4770 6364//4768 6366//4770
f 6370//4770 6366//4770 6368//4772
f 6370//4770 6368//4772 6367//4771
f 6371//4774 6359//4763 5346//3751
f 6372//4775 6371//4774 5346//3751
f 5345//3750 6372//4775 5346//3751
f 6373//4776 6374//4777 6375//4778
f 6373//4776 6375//4778 6376//4779
f 6377//4780 6378//4781 6379//4782
f 6377//4780 6379//4782 6380//4783
f 6381//4784 6382//4785 6383//4786
f 6381//4784 6383//4786 6384//4787
f 6385//4788 6386//4789 6387//4790
f 6385//4788 6387//4790 6388//4791
f 6389//4792 6390//4793 6391//4794
f 6389//4792 6391//4794 6392//4795
f 6393//4796 6394//4797 6379//4782
f 6393//4796 6379//4782 6378//4781
f 6395//4798 6396//4799 6397//4800
f 6395//4798 6397//4800 6398//4801
f 6399//4802 6400//4803 6401//4804
f 6399//4802 6401//4804 6402//4805
f 6403//4806 6404//4807 6384//4787
f 6403//4806 6384//4787 6383//4786
f 6373//4776 6405//4808 6406//4809
f 6373//4776 6406//4809 6374//4777
f 6407//4810 6408//4811 6406//4809
f 6407//4810 6406//4809 6405//4808
f 6403//4806 6396//4799 6395//4798
f 6403//4806 6395//4798 6404//4807
f 6402//4805 6409//4812 6410//4813
f 6402//4805 6410//4813 6399//4802
f 6376//4779 6375//4778 6411//4814
f 6376//4779 6411//4814 6412//4815
f 6381//4784 6413//4816 6414//4817
f 6381//4784 6414//4817 6382//4785
f 6415//4818 6398//4801 6397//4800
f 6415//4818 6397//4800 6416//4819
f 6393//4796 6417//4820 6418//4821
f 6393//4796 6418//4821 6394//4797
f 6411//4814 6392//4795 6391//4794
f 6411//4814 6391//4794 6412//4815
f 6419//4822 6420//4823 6410//4813
f 6419//4822 6410//4813 6409//4812
f 6416//4819 6421//4824 6422//4825
f 6416//4819 6422//4825 6415//4818
f 6390//4793 6389//4792 6423//4826
f 6423//4826 6424//4827 6425//4828
f 6423//4826 6425//4828 6390//4793
f 6407//4810 6425//4828 6424//4827
f 6407//4810 6424//4827 6408//4811
f 6426//4829 6427//4830 6428//4831
f 6426//4829 6428//4831 6429//4832
f 6417//4820 6430//4833 6431//4834
f 6431//4834 6432//4835 6418//4821
f 6431//4834 6418//4821 6417//4820
f 6433//4836 6434//4837 6428//4831
f 6433//4836 6428//4831 6427//4830
f 6387//4790 6435//4838 6436//4839
f 6387//4790 6436//4839 6388//4791
f 6430//4833 6436//4839 6435//4838
f 6430//4833 6435//4838 6431//4834
f 6421//4824 6414//4817 6413//4816
f 6421//4824 6413//4816 6422//4825
f 6380//4783 6386//4789 6385//4788
f 6380//4783 6385//4788 6377//4780
f 6433//4836 6420//4823 6419//4822
f 6433//4836 6419//4822 6434//4837
f 6426//4829 6429//4832 6437//4840
f 6426//4829 6437//4840 6438//4841
f 6400//4803 6438//4841 6437//4840
f 6400//4803 6437//4840 6401//4804
f 6391//3245 6390//3245 6425//3245
f 6425//3245 6407//3245 6405//3245
f 6405//3245 6373//3245 6376//3245
f 6376//3245 6412//3245 6391//3245
f 6391//3245 6425//3245 6405//3245
f 6405//3245 6376//3245 6391//3245
f 6436//3245 6430//3245 6417//3245
f 6417//3245 6393//3245 6378//3245
f 6378//3245 6377//3245 6385//3245
f 6385//3245 6388//3245 6436//3245
f 6436//3245 6417//3245 6378//3245
f 6378//3245 6385//3245 6436//3245
f 6402//3245 6401//3245 6437//3245
f 6437//3245 6429//3245 6428//3245
f 6428//3245 6434//3245 6419//3245
f 6419//3245 6409//3245 6402//3245
f 6402//3245 6437//3245 6428//3245
f 6428//3245 6419//3245 6402//3245
f 6398//3245 6415//3245 6422//3245
f 6422//3245 6413//3245 6381//3245
f 6381//3245 6384//3245 6404//3245
f 6404//3245 6395//3245 6398//3245
f 6398//3245 6422//3245 6381//3245
f 6381//3245 6404//3245 6398//3245
f 5581//4842 6394//4797 5582//4843
f 5582//4843 6394//4797 6163//4844
f 6418//4821 6164//4845 6163//4844
f 6418//4821 6165//4846 6164//4845
f 6432//4835 6166//4847 6165//4846
f 6432//4835 6158//4848 6166//4847
f 6432//4835 6431//4834 6158//4848
f 6387//4790 5330//4849 5329//4850
f 6431//4834 5306//4851 6160//4852
f 6431//4834 6435//4838 5306//4851
f 6387//4790 5331//4853 5330//4849
f 6435//4838 5329//4850 5328//4854
f 6435//4838 6387//4790 5329//4850
f 6387//4790 6386//4789 5311//4855
f 6387//4790 5308//4856 5332//4857
f 6387//4790 5309//4858 5308//4856
f 6387//4790 5310//4859 5309//4858
f 6379//4782 6394//4797 5579//4860
f 6386//4789 5312//4861 5311//4855
f 6386//4789 5387//4862 5312//4861
f 6386//4789 5388//4863 5387//4862
f 6380//4783 5368//4864 5388//4863
f 6380//4783 5369//4865 5368//4864
f 6380//4783 5370//4866 5369//4865
f 6431//4834 6159//4867 6158//4848
f 6379//4782 5372//4868 5371//4869
f 6379//4782 5373//4870 5372//4868
f 6379//4782 5577//4871 5373//4870
f 6379//4782 5578//4872 5577//4871
f 5578//4872 6379//4782 5579//4860
f 6394//4797 5580//4873 5579//4860
f 6394//4797 5581//4842 5580//4873
f 6418//4821 6432//4835 6165//4846
f 6431//4834 6160//4852 6159//4867
f 6435//4838 5328//4854 5304//4874
f 6387//4790 5332//4857 5331//4853
f 5310//4859 6387//4790 5311//4855
f 6386//4789 6380//4783 5388//4863
f 5371//4869 5370//4866 6379//4782
f 6394//4797 6418//4821 6163//4844
f 6435//4838 5304//4874 5306//4851
f 5370//4866 6380//4783 6379//4782
f 6399//4802 6257//4875 6256//4876
f 6426//4829 6261//4877 6260//4878
f 6410//4813 6119//4879 6258//4880
f 6410//4813 6125//4881 6119//4879
f 6410//4813 6126//4882 6125//4881
f 6410//4813 6127//4883 6126//4882
f 6420//4823 6128//4884 6127//4883
f 6420//4823 6123//4885 6128//4884
f 6420//4823 6122//4886 6123//4885
f 6420//4823 6235//4887 6122//4886
f 6433//4836 5521//4888 6235//4887
f 6433//4836 5522//4889 5521//4888
f 6433//4836 6236//4890 5522//4889
f 6433//4836 6237//4891 6236//4890
f 6427//4830 6237//4891 6433//4836
f 6427//4830 6234//4892 6239//4893
f 6427//4830 6260//4878 6234//4892
f 6427//4830 6426//4829 6260//4878
f 6438//4841 6400//4803 6265//4894
f 6426//4829 6285//4895 6262//4896
f 6426//4829 6286//4897 6285//4895
f 6426//4829 6287//4898 6286//4897
f 6438//4841 6287//4898 6426//4829
f 6438//4841 6289//4899 6288//4900
f 6438//4841 6263//4901 6289//4899
f 6438//4841 6264//4902 6263//4901
f 6400//4803 6266//4903 6265//4894
f 6400//4803 6259//4904 6266//4903
f 6400//4803 6183//4905 6259//4904
f 6399//4802 6183//4905 6400//4803
f 6399//4802 6255//4906 6149//4907
f 6399//4802 6256//4876 6255//4906
f 6258//4880 6257//4875 6410//4813
f 6410//4813 6420//4823 6127//4883
f 6420//4823 6433//4836 6235//4887
f 6427//4830 6239//4893 6237//4891
f 6426//4829 6262//4896 6261//4877
f 6438//4841 6288//4900 6287//4898
f 6264//4902 6438//4841 6265//4894
f 6399//4802 6149//4907 6183//4905
f 6257//4875 6399//4802 6410//4813
f 6408//4811 6012//4908 6011//4909
f 6012//4908 6408//4811 6013//4910
f 6013//4910 6408//4811 6250//4911
f 6424//4827 6251//4912 6250//4911
f 6424//4827 6252//4913 6251//4912
f 6423//4826 6253//4914 6252//4913
f 6423//4826 6169//4915 6253//4914
f 6389//4792 6169//4915 6423//4826
f 6389//4792 5300//4916 6245//4917
f 6389//4792 5301//4918 5300//4916
f 6389//4792 6392//4795 5301//4918
f 6411//4814 6310//4919 6309//4920
f 6392//4795 6308//4921 6307//4922
f 6392//4795 6411//4814 6308//4921
f 6406//4809 6408//4811 6010//4923
f 6411//4814 6283//4924 6311//4925
f 6411//4814 6282//4926 6283//4924
f 6411//4814 6375//4778 6280//4927
f 6281//4928 6411//4814 6280//4927
f 6375//4778 6208//4929 6280//4927
f 6375//4778 6209//4930 6208//4929
f 6375//4778 6210//4931 6209//4930
f 6374//4777 5376//4932 6210//4931
f 6374//4777 6202//4933 5376//4932
f 6374//4777 6203//4934 6202//4933
f 6411//4814 6309//4920 6308//4921
f 6406//4809 6205//4935 6204//4936
f 6406//4809 6019//4937 6205//4935
f 6406//4809 6008//4938 6019//4937
f 6008//4938 6406//4809 6009//4939
f 6009//4939 6406//4809 6010//4923
f 6408//4811 6011//4909 6010//4923
f 6392//4795 6284//4940 5301//4918
f 6424//4827 6423//4826 6252//4913
f 6389//4792 6245//4917 6169//4915
f 6392//4795 6307//4922 6284//4940
f 6411//4814 6311//4925 6310//4919
f 6282//4926 6411//4814 6281//4928
f 6375//4778 6374//4777 6210//4931
f 6204//4936 6203//4934 6406//4809
f 6203//4934 6374//4777 6406//4809
f 6408//4811 6424//4827 6250//4911
f 6416//4819 6085//4941 6421//4824
f 6416//4819 6177//4942 6086//4943
f 6416//4819 6178//4944 6177//4942
f 6416//4819 6179//4945 6178//4944
f 6382//4785 5325//4946 5324//4947
f 6397//4800 6002//4948 6180//4949
f 6397//4800 6115//4950 6002//4948
f 6397//4800 6116//4951 6115//4950
f 6397//4800 6117//4952 6116//4951
f 6396//4799 6118//4953 6117//4952
f 6396//4799 6114//4954 6118//4953
f 6396//4799 5514//4955 6114//4954
f 6396//4799 5515//4956 5514//4955
f 6403//4806 5515//4956 6396//4799
f 6403//4806 5524//4957 5516//4958
f 6403//4806 5525//4959 5524//4957
f 6403//4806 5531//4960 5525//4959
f 6383//4786 5531//4960 6403//4806
f 6383//4786 5323//4961 5533//4962
f 6383//4786 5324//4947 5323//4961
f 6383//4786 6382//4785 5324//4947
f 6414//4817 6421//4824 5320//4963
f 6382//4785 5362//4964 5326//4965
f 6382//4785 5363//4966 5362//4964
f 6382//4785 5364//4967 5363//4966
f 6414//4817 5364//4967 6382//4785
f 6414//4817 5366//4968 5365//4969
f 6414//4817 5319//4970 5366//4968
f 6414//4817 5317//4971 5319//4970
f 6421//4824 5321//4972 5320//4963
f 6421//4824 6185//4973 5321//4972
f 6421//4824 6085//4941 6185//4973
f 6416//4819 6086//4943 6085//4941
f 6180//4949 6179//4945 6397//4800
f 6397//4800 6396//4799 6117//4952
f 6403//4806 5516//4958 5515//4956
f 6383//4786 5533//4962 5531//4960
f 6382//4785 5326//4965 5325//4946
f 6414//4817 5365//4969 5364//4967
f 5317//4971 6414//4817 5320//4963
f 6179//4945 6416//4819 6397//4800
f 6249//4974 6439//4975 6440//4976
f 6249//4974 6440//4976 6246//4977
f 6271//4978 6441//4979 6442//4980
f 6271//4978 6442//4980 6306//4981
f 6305//4982 6443//4983 6444//4984
f 6305//4982 6444//4984 6304//4985
f 5711//4116 5714//4119 6093//4498
f 5711//4116 6093//4498 5907//4312
f 6075//4986 6445//4987 6446//4988
f 6075//4986 6446//4988 6196//4989
f 6324//4990 6447//4991 6448//4992
f 6324//4990 6448//4992 6323//4993
f 6076//4994 6449//4995 6450//4996
f 6076//4994 6450//4996 6077//4997
f 6243//4998 6451//4999 6452//5000
f 6243//4998 6452//5000 6244//5001
f 6337//5002 6453//5003 6454//5004
f 6337//5002 6454//5004 6341//5005
f 6269//5006 6455//5007 6456//5008
f 6269//5006 6456//5008 6267//5009
f 6330//5010 6457//5011 6458//5012
f 6330//5010 6458//5012 6331//5013
f 5568//5014 6459//5015 6460//5016
f 5568//5014 6460//5016 5565//5017
f 6327//5018 6461//5019 6462//5020
f 6327//5018 6462//5020 6326//5020
f 6331//5013 6458//5012 6463//5021
f 6331//5013 6463//5021 6332//5022
f 6328//5023 6464//5024 6461//5019
f 6328//5023 6461//5019 6327//5018
f 5347//5025 6465//5026 6466//5027
f 5347//5025 6466//5027 5345//5028
f 6370//5029 6467//5030 6468//5031
f 6370//5029 6468//5031 6364//5032
f 6359//5033 6469//5034 6470//5035
f 6359//5033 6470//5035 6355//5035
f 6326//5020 6462//5020 6471//5036
f 6326//5020 6471//5036 6325//5037
f 6316//5038 6472//5039 6451//4999
f 6316//5038 6451//4999 6243//4998
f 6024//5040 6473//5041 6474//5042
f 6024//5040 6474//5042 6344//5043
f 6351//5044 6475//5045 6476//5046
f 6351//5044 6476//5046 6347//5046
f 6246//4977 6440//4976 6453//5003
f 6246//4977 6453//5003 6337//5002
f 6244//5001 6452//5000 6477//5047
f 6244//5001 6477//5047 6320//5048
f 6334//5049 6478//5050 6479//5051
f 6334//5049 6479//5051 6335//5052
f 6303//5053 6480//5054 6481//5055
f 6303//5053 6481//5055 6302//5056
f 6368//5057 6482//5058 6483//5059
f 6368//5057 6483//5059 6369//5060
f 6342//5061 6484//5062 6485//5063
f 6342//5061 6485//5063 6336//5064
f 6340//5065 6486//5066 6487//5067
f 6340//5065 6487//5067 6338//5068
f 6274//5069 6488//5070 6489//5071
f 6274//5069 6489//5071 6272//5072
f 6357//5073 6490//5074 6491//5075
f 6357//5073 6491//5075 6358//5076
f 6322//5077 6492//5078 6493//5079
f 6322//5077 6493//5079 6317//5080
f 6304//4985 6444//4984 6480//5054
f 6304//4985 6480//5054 6303//5053
f 6278//5081 6494//5082 6495//5083
f 6278//5081 6495//5083 6279//5084
f 5342//5085 6496//5086 6497//5087
f 5342//5085 6497//5087 6300//5088
f 6295//5089 6498//5090 6499//5091
f 6295//5089 6499//5091 6294//5092
f 6318//5093 6500//5094 6501//5095
f 6318//5093 6501//5095 6319//5096
f 6335//5052 6479//5051 6439//4975
f 6335//5052 6439//4975 6249//4974
f 6339//5097 6502//5097 6503//5098
f 6339//5097 6503//5098 6343//5099
f 6352//5100 6504//5101 6459//5015
f 6352//5100 6459//5015 5568//5014
f 6298//5102 6505//5103 6506//5104
f 6298//5102 6506//5104 6297//5105
f 6306//4981 6442//4980 6443//4983
f 6306//4981 6443//4983 6305//4982
f 6358//5076 6491//5075 6507//5106
f 6358//5076 6507//5106 6361//5107
f 6321//5108 6508//5109 6492//5078
f 6321//5108 6492//5078 6322//5077
f 6364//5032 6468//5031 6509//5110
f 6364//5032 6509//5110 6363//5111
f 6297//5105 6506//5104 6510//5112
f 6297//5105 6510//5112 6296//5113
f 6023//5114 6511//5114 6473//5041
f 6023//5114 6473//5041 6024//5040
f 6314//5115 6512//5116 6513//5117
f 6314//5115 6513//5117 6315//5118
f 6333//5119 6514//5120 6515//5121
f 6333//5119 6515//5121 6329//5122
f 6350//5123 6516//5124 6475//5045
f 6350//5123 6475//5045 6351//5044
f 6313//5125 6517//5126 6512//5116
f 6313//5125 6512//5116 6314//5115
f 6273//5127 6518//5128 6519//5129
f 6273//5127 6519//5129 6275//5130
f 6332//5022 6463//5021 6478//5050
f 6332//5022 6478//5050 6334//5049
f 6348//5131 6520//5132 6504//5101
f 6348//5131 6504//5101 6352//5100
f 6299//5133 6521//5134 6505//5103
f 6299//5133 6505//5103 6298//5102
f 5345//5028 6466//5027 6522//5135
f 5345//5028 6522//5135 6372//5136
f 6343//5099 6503//5098 6523//5137
f 6343//5099 6523//5137 6345//5138
f 5566//5139 6524//5140 6525//5141
f 5566//5139 6525//5141 5567//5142
f 6353//5143 6526//5144 6520//5132
f 6353//5143 6520//5132 6348//5131
f 6277//5145 6527//5146 6528//5147
f 6277//5145 6528//5147 6198//5148
f 6268//5149 6529//5150 6530//5151
f 6268//5149 6530//5151 6270//5152
f 6362//5153 6531//5154 6532//5155
f 6362//5153 6532//5155 6356//5155
f 6336//5064 6485//5063 6514//5120
f 6336//5064 6514//5120 6333//5119
f 6300//5088 6497//5087 6533//5156
f 6300//5088 6533//5156 6312//5157
f 6197//5158 6534//5158 6494//5082
f 6197//5158 6494//5082 6278//5081
f 6312//5157 6533//5156 6517//5126
f 6312//5157 6517//5126 6313//5125
f 6276//5159 6535//5160 6441//4979
f 6276//5159 6441//4979 6271//4978
f 6247//5161 6536//5162 6537//5163
f 6247//5161 6537//5163 6248//5163
f 6355//5035 6470//5035 6538//5164
f 6355//5035 6538//5164 6354//5165
f 6279//5084 6495//5083 6490//5074
f 6279//5084 6490//5074 6357//5073
f 6356//5155 6532//5155 6524//5140
f 6356//5155 6524//5140 5566//5139
f 6347//5046 6476//5046 6511//5114
f 6347//5046 6511//5114 6023//5114
f 6360//5166 6539//5167 6527//5146
f 6360//5166 6527//5146 6277//5145
f 6074//5168 6540//5169 6445//4987
f 6074//5168 6445//4987 6075//4986
f 6329//5122 6515//5121 6457//5011
f 6329//5122 6457//5011 6330//5010
f 6294//5092 6499//5091 6541//5170
f 6294//5092 6541//5170 6026//5171
f 6341//5005 6454//5004 6464//5024
f 6341//5005 6464//5024 6328//5023
f 6363//5111 6509//5110 6539//5167
f 6363//5111 6539//5167 6360//5166
f 6366//5172 6542//5173 6482//5058
f 6366//5172 6482//5058 6368//5057
f 6369//5060 6483//5059 6543//5174
f 6369//5060 6543//5174 6367//5175
f 6361//5107 6507//5106 6531//5154
f 6361//5107 6531//5154 6362//5153
f 6270//5152 6530//5151 6544//5176
f 6270//5152 6544//5176 6189//5177
f 6292//5178 6545//5179 6546//5180
f 6292//5178 6546//5180 6293//5181
f 6349//5182 6547//5183 6516//5124
f 6349//5182 6516//5124 6350//5123
f 6026//5171 6541//5170 6455//5007
f 6026//5171 6455//5007 6269//5006
f 6323//4993 6448//4992 6545//5179
f 6323//4993 6545//5179 6292//5178
f 6354//5165 6538//5164 6526//5144
f 6354//5165 6526//5144 6353//5143
f 6317//5080 6493//5079 6500//5094
f 6317//5080 6500//5094 6318//5093
f 6345//5138 6523//5137 6548//5184
f 6345//5138 6548//5184 6346//5185
f 5354//5186 6549//5187 6550//5188
f 5354//5186 6550//5188 5355//5189
f 6296//5113 6510//5112 6498//5090
f 6296//5113 6498//5090 6295//5089
f 6346//5185 6548//5184 6540//5169
f 6346//5185 6540//5169 6074//5168
f 6365//5190 6551//5191 6542//5173
f 6365//5190 6542//5173 6366//5172
f 5344//3244 6552//3244 6521//5134
f 5344//3244 6521//5134 6299//5133
f 5567//5142 6525//5141 6547//5183
f 5567//5142 6547//5183 6349//5182
f 5355//5189 6550//5188 6465//5026
f 5355//5189 6465//5026 5347//5025
f 6275//5130 6519//5129 6535//5160
f 6275//5130 6535//5160 6276//5159
f 6267//5009 6456//5008 6529//5150
f 6267//5009 6529//5150 6268//5149
f 6371//5192 6553//5193 6469//5034
f 6371//5192 6469//5034 6359//5033
f 6198//5148 6528//5147 6449//4995
f 6198//5148 6449//4995 6076//4994
f 6272//5072 6489//5071 6518//5128
f 6272//5072 6518//5128 6273//5127
f 6190//5194 6554//5194 6488//5070
f 6190//5194 6488//5070 6274//5069
f 6367//5175 6543//5174 6467//5030
f 6367//5175 6467//5030 6370//5029
f 6301//5195 6555//5196 6552//3244
f 6301//5195 6552//3244 5344//3244
f 6325//5037 6471//5036 6447//4991
f 6325//5037 6447//4991 6324//4990
f 6293//5181 6546//5180 6496//5086
f 6293//5181 6496//5086 5342//5085
f 6189//5177 6544//5176 6554//5194
f 6189//5177 6554//5194 6190//5194
f 5565//5017 6460//5016 6551//5191
f 5565//5017 6551//5191 6365//5190
f 6320//5048 6477//5047 6508//5109
f 6320//5048 6508//5109 6321//5108
f 6344//5043 6474//5042 6486//5066
f 6344//5043 6486//5066 6340//5065
f 6248//5163 6537//5163 6502//5097
f 6248//5163 6502//5097 6339//5097
f 6372//5136 6522//5135 6553//5193
f 6372//5136 6553//5193 6371//5192
f 6077//4997 6450//4996 6484//5062
f 6077//4997 6484//5062 6342//5061
f 6315//5118 6513//5117 6472//5039
f 6315//5118 6472//5039 6316//5038
f 6196//4989 6446//4988 6534//5158
f 6196//4989 6534//5158 6197//5158
f 6302//5056 6481//5055 6555//5196
f 6302//5056 6555//5196 6301//5195
f 6338//5068 6487//5067 6536//5162
f 6338//5068 6536//5162 6247//5161
f 6319//5096 6501//5095 6549//5187
f 6319//5096 6549//5187 5354//5186
f 6556//5197 4941//5197 4824//5198
f 6556//5197 4824//5198 6557//5198
f 6558//5199 6559//5200 4810//5201
f 6558//5199 4810//5201 4841//5202
f 6556//5197 6560//5203 4816//5204
f 6556//5197 4816//5204 4941//5197
f 6560//5203 4834//5205 4835//5205
f 6560//5203 4835//5205 4816//5204
f 4824//5198 4823//5206 6561//5206
f 4824//5198 6561//5206 6557//5198
f 5009//5207 6562//5208 6563//5209
f 5009//5207 6563//5209 5012//5210
f 6561//5206 4823//5206 5012//5210
f 6561//5206 5012//5210 6563//5209
f 6564//5211 6565//5212 5023//5213
f 6564//5211 5023//5213 5022//5214
f 6565//5212 6566//5215 5020//5216
f 6565//5212 5020//5216 5023//5213
f 6567//5217 4945//5218 4946//5219
f 6567//5217 4946//5219 6568//5220
f 4949//5221 6569//5222 6564//5211
f 4949//5221 6564//5211 5022//5214
f 5016//5223 6570//5224 5017//5225
f 6562//5208 5009//5207 4945//5218
f 6562//5208 4945//5218 6567//5217
f 5015//5226 5010//5227 6571//5228
f 5015//5226 6571//5228 6572//5229
f 4851//5230 6573//5231 6574//5232
f 4851//5230 6574//5232 4852//5233
f 4949//5221 4948//5234 6575//5235
f 4949//5221 6575//5235 6569//5222
f 6576//5236 5016//5223 4810//5201
f 6576//5236 4810//5201 6559//5200
f 6576//5236 6570//5224 5016//5223
f 6570//5224 6575//5235 5017//5225
f 6575//5235 4948//5234 5017//5225
f 6573//5231 4851//5230 4846//5237
f 4846//5237 6577//5238 6578//5239
f 4846//5237 6578//5239 6573//5231
f 6577//5238 4846//5237 4845//5240
f 4845//5240 5026//5240 6578//5239
f 4845//5240 6578//5239 6577//5238
f 6574//5232 6571//5228 5010//5227
f 6574//5232 5010//5227 4852//5233
f 5015//5226 6572//5229 6579//5241
f 5015//5226 6579//5241 5013//5242
f 5014//5243 5013//5242 6579//5241
f 5014//5243 6579//5241 6580//5244
f 6558//5199 4841//5202 5014//5243
f 6558//5199 5014//5243 6580//5244
f 6566//5215 6568//5220 4946//5219
f 6566//5215 4946//5219 5020//5216
f 6581//5197 6582//5245 5074//5245
f 6581//5197 5074//5245 5191//5197
f 6583//5246 5094//5247 5064//5248
f 6583//5246 5064//5248 6584//5249
f 6581//5197 5191//5197 5066//5250
f 6581//5197 5066//5250 6585//5251
f 6585//5251 5066//5250 5087//5252
f 6585//5251 5087//5252 5086//5252
f 5074//5245 6582//5245 6586//5253
f 5074//5245 6586//5253 5075//5253
f 5255//5254 5258//5255 6587//5256
f 5255//5254 6587//5256 6588//5257
f 6586//5253 6587//5256 5258//5255
f 6586//5253 5258//5255 5075//5253
f 6589//5258 5269//5259 5268//5260
f 6589//5258 5268//5260 6590//5261
f 6590//5261 5268//5260 5266//5262
f 6590//5261 5266//5262 6591//5263
f 6592//5264 6593//5265 5196//5266
f 6592//5264 5196//5266 5195//5267
f 5199//5268 5269//5259 6589//5258
f 5199//5268 6589//5258 6594//5269
f 5263//5270 5262//5271 6595//5272
f 6588//5257 6592//5264 5195//5267
f 6588//5257 5195//5267 5255//5254
f 5261//5273 6596//5274 6597//5275
f 5261//5273 6597//5275 5256//5276
f 5104//5277 5103//5278 6598//5279
f 5104//5277 6598//5279 6599//5280
f 5199//5268 6594//5269 6600//5281
f 5199//5268 6600//5281 5200//5282
f 6601//5283 6584//5249 5064//5248
f 6601//5283 5064//5248 5263//5270
f 6601//5283 5263//5270 6595//5272
f 6595//5272 5262//5271 6600//5281
f 6600//5281 5262//5271 5200//5282
f 5098//5284 5104//5277 6599//5280
f 6599//5280 6602//5285 6603//5286
f 6599//5280 6603//5286 5098//5284
f 5096//5287 5098//5284 6603//5286
f 6603//5286 6602//5285 5272//5287
f 6603//5286 5272//5287 5096//5287
f 6598//5279 5103//5278 5256//5276
f 6598//5279 5256//5276 6597//5275
f 5261//5273 5259//5288 6604//5289
f 5261//5273 6604//5289 6596//5274
f 5260//5290 6605//5291 6604//5289
f 5260//5290 6604//5289 5259//5288
f 6583//5246 6605//5291 5260//5290
f 6583//5246 5260//5290 5094//5247
f 6591//5263 5266//5262 5196//5266
f 6591//5263 5196//5266 6593//5265
# Vertices: 1805, normals: 2048, texture coordinates: 0, faces: 3337

o obj6
v -0.09392031 -0.0005468 0.07495422
v -0.09392072 -0.00083616 0.075117
v -0.0939212 -0.00108013 0.07534268
v -0.09392165 -0.00126487 0.07561878
v -0.09392196 -0.00137994 0.07593101
v -0.09392207 -0.00141858 0.07626072
v -0.093922 -0.00139119 0.07653828
v -0.09392177 -0.00131081 0.07680324
v -0.09392136 -0.00114803 0.0770926
v -0.09392088 -0.00092235 0.07733659
v -0.09392043 -0.00064626 0.07752135
v -0.09392011 -0.00033402 0.07763643
v -0.09392 -4.3E-06 0.07767508
v -0.09392007 0.00027326 0.07764769
v -0.0939203 0.00053822 0.07756728
v -0.0939207 0.00082757 0.07740448
v -0.09392118 0.00107156 0.07717879
v -0.09392162 0.00125631 0.07690269
v -0.09392194 0.0013714 0.07659045
v -0.09392205 0.00141006 0.07626072
v -0.09392197 0.00138266 0.07598317
v -0.09392174 0.00130226 0.07571822
v -0.09392133 0.00113946 0.07542886
v -0.09392086 0.00091377 0.07518489
v -0.09392042 0.00063766 0.07500016
v -0.0939201 0.00032542 0.07488509
v -0.09392 -4.3E-06 0.07484644
v -0.09392008 -0.00028185 0.07487383
v -0.09392726 0.0026539 0.08163676
v -0.09393258 0.00349386 0.08113271
v -0.09393853 0.00424056 0.08049791
v -0.09394323 0.00474776 0.07992167
v -0.09394763 0.00517718 0.07928549
v -0.0939536 0.00570953 0.07809142
v -0.09395674 0.00597014 0.07680465
v -0.09395644 0.00594575 0.07549467
v -0.09395278 0.00563959 0.07422329
v -0.0939464 0.00506098 0.07304462
v -0.09393854 0.00424188 0.07202379
v -0.09393243 0.00347273 0.071368
v -0.09392702 0.00260961 0.07085779
v -0.09392288 0.00167331 0.07049923
v -0.09392037 0.00056199 0.07028801
v -0.09392037 -0.00056558 0.07028811
v -0.09392288 -0.00167063 0.07049923
v -0.09392934 -0.00300969 0.07107296
v -0.09392972 -0.00306938 0.0711065
v -0.09393854 -0.00423996 0.07201821
v -0.09393133 -0.00331491 0.07294326
v -0.09393109 -0.00328054 0.07297834
v -0.09392982 -0.00308589 0.07313028
v -0.09392845 -0.00286297 0.07323872
v -0.09392709 -0.00262192 0.07329843
v -0.09392582 -0.00237513 0.07330664
v -0.09392468 -0.0021311 0.07326303
v -0.09392373 -0.00190111 0.07316936
v -0.09392347 -0.00183545 0.07313056
v -0.09392157 -0.00123542 0.07284777
v -0.0939231 0.00173573 0.08199923
v -0.09392041 -0.00058598 0.08222786
v -0.0939204 0.00058771 0.08222742
v -0.09392936 -0.0030128 0.08144496
v -0.09392312 -0.00173934 0.08199923
v -0.09393857 -0.00424302 0.0804997
v -0.09392973 -0.0030725 0.08141135
v -0.09392983 -0.00308772 0.07938688
v -0.09393112 -0.0032836 0.07953952
v -0.09393135 -0.00331792 0.0795746
v -0.09392036 -0.00059627 0.07267983
v -0.09392846 -0.00286472 0.0792786
v -0.09392583 -0.00237678 0.0792114
v -0.09392711 -0.00262498 0.07921943
v -0.09392374 -0.00190418 0.07934856
v -0.09392469 -0.00213278 0.07925521
v -0.09392349 -0.00183852 0.07938736
v -0.09392006 0.00024324 0.07263874
v -0.09392115 -0.00105932 0.07973009
v -0.09392118 0.00107146 0.07279247
v -0.09392346 0.0018349 0.07313334
v -0.09392004 -0.00021953 0.07988115
v -0.09392041 0.00063084 0.07983126
v -0.093926 0.00241249 0.07355335
v -0.09392864 0.00289439 0.07407619
v -0.09392215 0.00144528 0.07958595
v -0.0939249 0.00218236 0.07915655
v -0.09393138 0.00332379 0.07481327
v -0.09392754 0.00270521 0.07867464
v -0.09393313 0.0035691 0.07562771
v -0.09393349 0.003619 0.07647807
v -0.09393007 0.00312521 0.07809705
v -0.09393239 0.00346795 0.07731786
vn -1 0 -0
vn -1 -0.0031 0
usemtl mat5
f 6606//5292 6607//5292 6608//5292
f 6608//5292 6609//5292 6610//5292
f 6610//5292 6611//5292 6612//5292
f 6612//5292 6613//5292 6614//5292
f 6614//5292 6615//5292 6616//5292
f 6616//5292 6617//5292 6618//5292
f 6618//5292 6619//5292 6620//5292
f 6620//5292 6621//5292 6622//5292
f 6622//5292 6623//5292 6624//5292
f 6624//5292 6625//5292 6626//5292
f 6626//5292 6627//5292 6628//5292
f 6628//5292 6629//5292 6630//5292
f 6630//5292 6631//5292 6632//5292
f 6632//5292 6633//5292 6606//5292
f 6606//5292 6608//5292 6610//5292
f 6610//5292 6612//5292 6614//5292
f 6614//5292 6616//5292 6618//5292
f 6618//5292 6620//5292 6622//5292
f 6622//5292 6624//5292 6626//5292
f 6626//5292 6628//5292 6630//5292
f 6630//5292 6632//5292 6606//5292
f 6606//5292 6610//5292 6614//5292
f 6614//5292 6618//5292 6622//5292
f 6622//5292 6626//5292 6630//5292
f 6630//5292 6606//5292 6614//5292
f 6614//5292 6622//5292 6630//5292
f 6634//5293 6635//5293 6636//5293
f 6636//5293 6637//5293 6638//5293
f 6638//5293 6639//5293 6640//5293
f 6640//5293 6641//5293 6642//5293
f 6642//5293 6643//5293 6644//5293
f 6644//5293 6645//5293 6646//5293
f 6646//5293 6647//5293 6648//5293
f 6648//5293 6649//5293 6650//5293
f 6650//5293 6651//5293 6652//5293
f 6652//5293 6653//5293 6654//5293
f 6654//5293 6655//5293 6656//5293
f 6656//5293 6657//5293 6658//5293
f 6658//5293 6659//5293 6660//5293
f 6660//5293 6661//5293 6662//5293
f 6660//5293 6662//5293 6663//5293
f 6656//5293 6658//5293 6660//5293
f 6652//5293 6654//5293 6656//5293
f 6648//5293 6650//5293 6652//5293
f 6644//5293 6646//5293 6648//5293
f 6640//5293 6642//5293 6644//5293
f 6636//5293 6638//5293 6640//5293
f 6664//5293 6634//5293 6636//5293
f 6665//5293 6666//5293 6664//5293
f 6667//5293 6668//5293 6665//5293
f 6669//5293 6670//5293 6667//5293
f 6671//5293 6672//5293 6673//5293
f 6673//5293 6669//5293 6667//5293
f 6667//5293 6665//5293 6664//5293
f 6664//5293 6636//5293 6640//5293
f 6640//5293 6644//5293 6648//5293
f 6648//5293 6652//5293 6656//5293
f 6656//5293 6660//5293 6663//5293
f 6656//5293 6663//5293 6674//5293
f 6673//5293 6667//5293 6664//5293
f 6675//5293 6671//5293 6673//5293
f 6676//5293 6677//5293 6675//5293
f 6678//5293 6679//5293 6676//5293
f 6680//5293 6678//5293 6676//5293
f 6676//5293 6675//5293 6673//5293
f 6648//5293 6656//5293 6674//5293
f 6648//5293 6674//5293 6681//5293
f 6676//5293 6673//5293 6664//5293
f 6682//5293 6680//5293 6676//5293
f 6682//5293 6676//5293 6664//5293
f 6648//5293 6681//5293 6683//5293
f 6648//5293 6683//5293 6684//5293
f 6685//5293 6682//5293 6664//5293
f 6686//5293 6685//5293 6664//5293
f 6648//5293 6684//5293 6687//5293
f 6648//5293 6687//5293 6688//5293
f 6689//5293 6686//5293 6664//5293
f 6690//5293 6689//5293 6664//5293
f 6640//5293 6648//5293 6688//5293
f 6640//5293 6688//5293 6691//5293
f 6690//5293 6664//5293 6640//5293
f 6692//5293 6690//5293 6640//5293
f 6640//5293 6691//5293 6693//5293
f 6640//5293 6693//5293 6694//5293
f 6695//5293 6692//5293 6640//5293
f 6640//5293 6694//5293 6696//5293
f 6640//5293 6696//5293 6695//5293
# Vertices: 91, normals: 2, texture coordinates: 0, faces: 87

o obj7
v -0.09486241 0.00023985 0.04028012
v -0.09486416 5.4E-07 0.04025112
v -0.09486241 -0.00023878 0.04028012
v -0.09485725 -0.00046419 0.04036545
v -0.094849 -0.00066259 0.04050215
v -0.09483811 -0.00082245 0.04068226
v -0.09482524 -0.00093448 0.04089534
v -0.09481113 -0.00099217 0.04112898
v -0.09479658 -0.00099217 0.04136961
v -0.09478246 -0.00093448 0.04160326
v -0.0947696 -0.00082245 0.04181633
v -0.09475871 -0.00066259 0.04199644
v -0.09475045 -0.00046419 0.04213314
v -0.09474529 -0.00023878 0.04221847
v -0.09474354 5.4E-07 0.04224747
v -0.09474529 0.00023985 0.04221847
v -0.09475045 0.00046526 0.04213314
v -0.09475871 0.00066366 0.04199644
v -0.0947696 0.00082352 0.04181633
v -0.09478246 0.00093555 0.04160326
v -0.09479658 0.00099325 0.04136961
v -0.09481113 0.00099325 0.04112898
v -0.09482524 0.00093555 0.04089534
v -0.09483811 0.00082352 0.04068226
v -0.094849 0.00066366 0.04050215
v -0.09485725 0.00046526 0.04036545
vn -0.99818 -0 0.0603
usemtl mat6
f 6697//5294 6698//5294 6699//5294
f 6699//5294 6700//5294 6701//5294
f 6701//5294 6702//5294 6703//5294
f 6703//5294 6704//5294 6705//5294
f 6705//5294 6706//5294 6707//5294
f 6707//5294 6708//5294 6709//5294
f 6709//5294 6710//5294 6711//5294
f 6711//5294 6712//5294 6713//5294
f 6713//5294 6714//5294 6715//5294
f 6715//5294 6716//5294 6717//5294
f 6717//5294 6718//5294 6719//5294
f 6719//5294 6720//5294 6721//5294
f 6721//5294 6722//5294 6697//5294
f 6697//5294 6699//5294 6701//5294
f 6701//5294 6703//5294 6705//5294
f 6705//5294 6707//5294 6709//5294
f 6709//5294 6711//5294 6713//5294
f 6713//5294 6715//5294 6717//5294
f 6717//5294 6719//5294 6721//5294
f 6721//5294 6697//5294 6701//5294
f 6701//5294 6705//5294 6709//5294
f 6709//5294 6713//5294 6717//5294
f 6717//5294 6721//5294 6701//5294
f 6701//5294 6709//5294 6717//5294
# Vertices: 26, normals: 1, texture coordinates: 0, faces: 24

