# File generated by ImageToStl.com - Free Image and 3D model conversion tools

mtllib D86-H-proximal.mtl

o obj1
v -0.09301256 -0.00238267 0.0567989
v -0.09300068 -0.00055434 0.05844648
v -0.09300019 -0.00028939 0.05836609
v -0.09301012 -0.00213864 0.05675529
v -0.09354397 0.00700015 0.04147943
v -0.09473962 0 0.02751289
v -0.09473962 -0.00622772 0.02821458
v -0.09354397 -0.00700015 0.04147943
v -0.08921009 -0.03474647 0.05128101
v -0.0883682 -0.0356402 0.0555
v -0.09096486 -0.03360292 0.0555
v -0.09050898 -0.03372769 0.05140472
v -0.05150091 0.02780555 0.02341068
v -0.05150091 0.02930093 0.02477007
v -0.03541653 0.03229311 0.02710713
v -0.03541653 0.02667795 0.02177631
v -0.09474389 0.00644025 0.02728343
v -0.09474389 0.01255755 0.02942397
v -0.09346035 0.01278577 0.02677405
v -0.09431747 0.00674935 0.02592915
v -0.0856764 0.03755001 0.064
v -0.08521944 0.03781582 0.064
v -0.08521944 0.03781582 0.0555
v -0.0856764 0.03755001 0.0555
v -0.09050898 0.02252986 0.08943096
v -0.0915241 0.02441775 0.08640157
v -0.09192974 0.02409912 0.08623927
v -0.09192974 0.0217455 0.0885456
v -0.08473141 0.03801904 0.0555
v -0.08473141 0.03728851 0.04808285
v -0.08521944 0.0370892 0.0481225
v -0.0883682 -0.00429595 0.09938034
v -0.0883682 -0 0.0996402
v -0.09096486 -0 0.09760292
v -0.09052122 -0.00409409 0.09771784
v -0.0856764 0.0368285 0.04817436
v -0.08521944 0.03493726 0.04102851
v -0.0856764 0.03469168 0.04113023
v -0.06793126 -0.03086733 0.09074669
v -0.08422084 -0.02698046 0.09098046
v -0.08422084 -0.03172566 0.08519841
v -0.06793126 -0.03210502 0.08924767
v -0.05150091 -0.04126337 0.04548962
v -0.05150091 -0.04074031 0.04353756
v -0.03541653 -0.04023434 0.04032772
v -0.03541653 -0.04230293 0.04778885
v -0.09431747 -0 0.09433132
v -0.09431747 -0.00674935 0.09357084
v -0.09346035 -0.00653563 0.09475616
v -0.093978 -0 0.0948723
v -0.08676147 0.00443618 0.01896479
v -0.08783199 0 0.01946364
v -0.08911644 0.00070672 0.0204334
v -0.08911644 0.00422767 0.02068201
v -0.0883682 -0.02363382 0.09067708
v -0.09052122 -0.02252329 0.08942354
v -0.09052122 -0.02543753 0.08650748
v -0.0883682 -0.02667707 0.08763383
v -0.08783199 -0.03498921 0.04687594
v -0.08921009 -0.03398459 0.04712355
v -0.08921009 -0.03272713 0.04308823
v -0.08783199 -0.03369458 0.04272133
v -0.08473141 0.03512501 0.04095074
v -0.08422084 0.03742297 0.04805611
v -0.08422084 0.03525167 0.04089828
v -0.09474389 -0.02607603 0.04294245
v -0.09474389 -0.02394508 0.03924317
v -0.09431747 -0.02509435 0.03846291
v -0.09431747 -0.02732757 0.04233973
v -0.09474389 -0.02821657 0.04905975
v -0.09474389 -0.02683645 0.04466226
v -0.09431747 -0.02812449 0.04414209
v -0.09431747 -0.02957085 0.04875065
v -0.09474389 0.02351933 0.03863309
v -0.09473962 0.02521552 0.04335685
v -0.09474389 0.02607603 0.04294245
v -0.09431747 0.02544186 0.03898635
v -0.08676147 0.03573411 0.04669233
v -0.08911644 0.03405454 0.04710631
v -0.08911644 0.03481799 0.05127233
v -0.09474389 0.02322348 0.08127199
v -0.09474389 0.02237628 0.0823563
v -0.09431751 0.02374501 0.08287232
v -0.09433977 0.02401081 0.0824618
v -0.08921009 -0.02619913 0.03228959
v -0.09075656 -0.02516375 0.03297302
v -0.09050898 -0.02252986 0.03006904
v -0.08921009 -0.0232104 0.02930087
v -0.09332752 0.01216279 0.064
v -0.09354397 0.00700015 0.07802057
v -0.09441252 0.02097348 0.07802057
v -0.09389447 0.02008737 0.064
v -0.09473962 0.02798712 0.0555
v -0.09474389 0.02894221 0.0555
v -0.09474389 0.02841089 0.04997979
v -0.09473962 0.02728542 0.04927228
v -0.09431747 0.01316027 0.02817243
v -0.09431747 0.01782418 0.03095846
v -0.093978 0.01814209 0.03052075
v -0.093978 0.01339499 0.02768502
v -0.08946996 0.02757719 0.03427343
v -0.08676147 0.03028873 0.0345932
v -0.08676147 0.02754785 0.03109473
v -0.08953371 0.02717376 0.03383897
v -0.09474389 0.00601584 0.09231009
v -0.09473962 0.00622772 0.09128542
v -0.09473962 -0 0.09198712
v -0.09474389 -0 0.09294221
v -0.093978 -0.03030554 0.06988834
v -0.093978 -0.0286261 0.07556049
v -0.09431747 -0.02812449 0.07535791
v -0.09431747 -0.0297745 0.06978516
v -0.09431747 0.02957085 0.07074935
v -0.09431747 0.02812449 0.07535791
v -0.093978 0.0286261 0.07556049
v -0.093978 0.03009826 0.07086973
v -0.09346035 -0.00653563 0.02474384
v -0.09192974 -0.00784778 0.02366032
v -0.09192974 -0.01162841 0.02483841
v -0.09346035 -0.01278577 0.02677405
v -0.09188669 0.03187542 0.04764342
v -0.09052122 0.03297852 0.04737153
v -0.09052122 0.03175829 0.04345567
v -0.09188669 0.03069601 0.04385854
v -0.09452163 0.02987109 0.0555
v -0.09474389 0.02894221 0.064
v -0.09452163 0.02987109 0.064
v -0.09473962 -0.02798712 0.0555
v -0.09474389 -0.02894221 0.0555
v -0.09474389 -0.02894221 0.064
v -0.09473962 -0.02798712 0.064
v -0.0938945 0.02008761 0.0555
v -0.09473962 0.02798712 0.064
v -0.05150091 -0.00202034 0.01308784
v -0.05150091 0 0.01303975
v -0.03541653 0 0.0125
v -0.03541653 -0.00183929 0.01253936
v -0.09389505 -0.02009378 0.064
v -0.09389488 -0.02009195 0.0555
v -0.09332822 -0.01217565 0.064
v -0.09332802 -0.01217199 0.0555
v -0.09300283 0.00113193 0.05892112
v -0.09300371 0.00129473 0.05921048
v -0.09302806 0.00356156 0.05911995
v -0.09302433 0.00331625 0.05830551
v -0.0930265 0.00346041 0.06081012
v -0.09302886 0.00361147 0.05997033
v -0.09300411 0.00136386 0.06008271
v -0.09300345 0.00124877 0.06039495
v -0.08783199 -0.01277867 0.02180542
v -0.08783199 -0.00862407 0.02051079
v -0.0856764 -0.00732564 0.01867151
v -0.0856764 -0.01436977 0.02080832
v -0.09473962 -0.02728542 0.04927228
v -0.09302274 -0.00307692 0.05459876
v -0.09303972 -0.004237 0.0555
v -0.09332755 0.01216327 0.0555
v -0.09302417 0.0032027 0.05468405
v -0.09303948 0.00422391 0.0555
v -0.09354397 -0.00700015 0.07802057
v -0.09441252 -0.02097348 0.07802057
v -0.09441252 -0.02097348 0.04147943
v -0.09473962 -0.01744968 0.03361879
v -0.09473962 -0.02188121 0.03805032
v -0.09473962 -0.02521552 0.04335685
v -0.09473962 -0.00622772 0.09128542
v -0.09473962 -0.01214315 0.03028448
v -0.09302208 -0.00301722 0.05456522
v -0.0930121 -0.00182557 0.05403602
v -0.09300721 -0.00054407 0.0537776
v -0.09473962 0.01744968 0.03361879
v -0.09473962 0.01214315 0.03028448
v -0.09473962 0.00622772 0.02821458
v -0.09300723 -0.00054219 0.06572498
v -0.09300767 0.00076342 0.06569845
v -0.09300765 0.00075927 0.05380302
v -0.09301338 0.0020282 0.05410912
v -0.09441252 0.02097348 0.04147943
v -0.09473962 0.02188121 0.03805032
v -0.08911644 0.00839369 0.02144546
v -0.08676147 0.00880767 0.01976589
v -0.06793126 0.02369145 0.02223001
v -0.05150091 0.02462936 0.0209129
v -0.05150091 0.02295575 0.01978016
v -0.06793126 0.02208157 0.02114041
v -0.09327605 0.02658021 0.03839243
v -0.09346035 0.02637425 0.03838116
v -0.09346035 0.02915519 0.04372584
v -0.09037478 0.00045403 0.02141919
v -0.09147724 0 0.02232363
v -0.09027159 0.0006493 0.02133937
v -0.09043922 0.00023307 0.02146897
v -0.09046105 -0 0.02148581
v -0.08900255 0.00052188 0.02034288
v -0.08892578 0.00030873 0.02028175
v -0.08889721 0.00015609 0.02025898
v -0.08888755 -0 0.02025127
v -0.09346035 -0 0.0954429
v -0.09188669 -0.00395714 0.09659002
v -0.09188669 0.03259002 0.05154286
v -0.09346035 0.03086567 0.04950283
v -0.09346035 0.0314429 0.0555
v -0.03541653 0.02019784 0.01753887
v -0.09188669 -0.03069601 0.07564146
v -0.09346035 -0.02915519 0.07577416
v -0.09346035 -0.03086567 0.06999718
v -0.09188669 -0.03187542 0.07185659
v -0.09052122 0.00812847 0.02252148
v -0.09052122 0.01204433 0.02374171
v -0.08911644 0.01243731 0.0227055
v -0.09052122 -0.01204433 0.09575829
v -0.09188669 -0.01164146 0.09469601
v -0.09188669 -0.01525658 0.09306898
v -0.09052122 -0.01578455 0.09407495
v -0.09188669 -0.00785659 0.09587542
v -0.09052122 -0.00812847 0.09697852
v -0.09050898 -0.03298815 0.04736915
v -0.09052122 -0.03297852 0.07212847
v -0.09188669 -0.03259002 0.06795715
v -0.09052122 -0.03371785 0.06809409
v -0.09052122 -0.03007495 0.07978455
v -0.0914842 -0.02797925 0.08181701
v -0.09188668 -0.02774702 0.08154626
v -0.09188669 -0.02906898 0.07925658
v -0.09188669 0.02906898 0.04024342
v -0.09188668 0.02774702 0.03795374
v -0.09229301 0.02746627 0.03816437
v -0.09269401 0.02714263 0.03830881
v -0.09308498 0.02677838 0.03838336
v -0.09052122 0.03007495 0.03971545
v -0.09109509 0.02815777 0.03735954
v -0.0914842 0.02797925 0.03768299
v -0.08676147 0.03441191 0.04244928
v -0.08911644 0.03105624 0.03920043
v -0.09038252 0.02834207 0.03657888
v -0.09072416 0.02828065 0.03698858
v -0.08911644 0.0327945 0.04306269
v -0.09052122 0.03371785 0.05140591
v -0.08911644 0.02886511 0.03557586
v -0.08950565 0.02787759 0.03471601
v -0.08962649 0.02810745 0.03518868
v -0.08982134 0.02826 0.03566687
v -0.0900775 0.02833701 0.03613473
v -0.08911644 0.02625306 0.03224182
v -0.09052122 0.02543753 0.03299252
v -0.09004935 0.02608253 0.03315632
v -0.08972195 0.02666985 0.03345211
v -0.09188669 0.02176991 0.03092685
v -0.09346035 0.02336192 0.03445537
v -0.0928945 0.02353984 0.03389528
v -0.09228519 0.02385976 0.03345294
v -0.09166698 0.02429992 0.03314855
v -0.09346035 0.0184774 0.03005906
v -0.09052122 0.02252329 0.03007646
v -0.09107124 0.02483334 0.03299302
v -0.0856764 0.03122169 0.03463833
v -0.0856764 0.02655187 0.02894814
v -0.09188669 0.01864922 0.02848195
v -0.08676147 0.01305072 0.02108808
v -0.08676147 0.02440527 0.02795215
v -0.0856764 0.02086167 0.02427831
v -0.09188669 0.01525658 0.02643102
v -0.09052122 -0.03175829 0.07604433
v -0.08911644 0.02325818 0.02924694
v -0.08676147 0.0209068 0.02521127
v -0.09052122 0.01578455 0.02542505
v -0.08911644 0.01629957 0.02444376
v -0.08911644 0.01992414 0.02663489
v -0.09346035 -0.01278577 0.09272595
v -0.09188669 0.01164146 0.02480399
v -0.09188669 -0.01864922 0.09101805
v -0.09052122 -0.0192946 0.09195305
v -0.09052122 0.0192946 0.02754695
v -0.09052122 0.00409409 0.02178215
v -0.0856764 0.01436977 0.02080832
v -0.09188669 0.00395714 0.02290998
v -0.09346035 0 0.0240571
v -0.09346035 0.00653563 0.02474384
v -0.09247713 0 0.02318083
v -0.09013447 0.0008092 0.02123298
v -0.09188669 0.00785659 0.02362458
v -0.08979438 0.00098748 0.02096778
v -0.08997232 0.00092351 0.02110677
v -0.0856764 0.00732564 0.01867151
v -0.08942909 0.00095025 0.02068076
v -0.08960985 0.00099678 0.02082309
v -0.08926157 0.00085202 0.02054841
v -0.0856764 0 0.01794999
v -0.08676147 0 0.01869645
v -0.08521944 -0.0370892 0.0481225
v -0.08521944 -0.03781582 0.0555
v -0.0856764 -0.03755001 0.0555
v -0.0856764 -0.0368285 0.04817436
v -0.08473141 -0.03728851 0.07141715
v -0.08473141 -0.03801904 0.064
v -0.08422084 -0.03815613 0.064
v -0.08422084 -0.03742297 0.07144389
v -0.08473141 -0.03728851 0.04808285
v -0.08473141 -0.03801904 0.0555
v -0.08422084 0.03742297 0.07144389
v -0.08473141 0.03728851 0.07141715
v -0.08473141 0.03512501 0.07854926
v -0.08422084 0.03525167 0.07860172
v -0.0856764 -0.03469168 0.04113023
v -0.08521944 -0.03493726 0.04102851
v -0.08473141 -0.03512501 0.04095074
v -0.08473141 -0.00741715 0.10128851
v -0.08422084 -0.00744389 0.10142297
v -0.08422084 -0 0.10215613
v -0.08473141 -0 0.10201904
v -0.08521944 0.02673982 0.09073982
v -0.08521944 0.02100934 0.0954427
v -0.08473141 0.02112225 0.09561168
v -0.08473141 0.02688352 0.09088352
v -0.0856764 -0.03122169 0.03463833
v -0.08521944 -0.0314427 0.03449066
v -0.08521944 0.0073775 0.10108919
v -0.0856764 0.00732564 0.10082849
v -0.0856764 -0 0.10155001
v -0.08521944 -0 0.10181581
v -0.08473141 -0.02688352 0.02861648
v -0.08473141 -0.02112225 0.02388832
v -0.08422084 -0.02119841 0.02377434
v -0.08422084 -0.02698046 0.02851954
v -0.08521944 -0.02100934 0.0240573
v -0.08521944 -0.01447149 0.02056274
v -0.08473141 -0.01454926 0.02037499
v -0.08473141 -0.03161168 0.03437775
v -0.08422084 -0.03172566 0.03430159
v -0.08521944 0.0073775 0.01841081
v -0.08521944 0.01447149 0.02056274
v -0.08521944 0.02673982 0.02876018
v -0.08521944 0.0314427 0.03449066
v -0.08473141 0.03161168 0.03437775
v -0.08473141 0.02688352 0.02861648
v -0.08422084 -0.03815613 0.0555
v -0.08422084 -0.03742297 0.04805611
v -0.08521944 -0.0073775 0.01841081
v -0.08521944 0 0.01768418
v -0.08521944 0.0370892 0.0713775
v -0.08521944 0.03493726 0.07847149
v -0.08422084 0 0.01734387
v -0.08422084 -0.00744389 0.01807703
v -0.08473141 -0.00741715 0.01821149
v -0.08473141 0 0.01748096
v -0.08473141 0.00741715 0.01821149
v -0.08422084 0.00744389 0.01807703
v -0.08521944 -0.02673982 0.02876018
v -0.06793126 0.04079707 0.05355659
v -0.08422084 0.03815613 0.0555
v -0.06793126 0.04084333 0.0555
v -0.06793126 0.0404276 0.06981261
v -0.06793126 0.04065838 0.0678824
v -0.08422084 0.03815613 0.064
v -0.06793126 0.04065838 0.0516176
v -0.06793126 0.04010523 0.04777035
v -0.06793126 0.0404276 0.04968739
v -0.06793126 0.03969202 0.04587082
v -0.08422084 0.01460172 0.02024833
v -0.06793126 0.01335854 0.01690302
v -0.06793126 0.0115069 0.01631111
v -0.06793126 0.03918888 0.0439931
v -0.06793126 0.03791764 0.04032007
v -0.06793126 0.03859698 0.04214146
v -0.06793126 0.0371524 0.03853307
v -0.05150091 0.04241216 0.05347966
v -0.05150091 0.04246026 0.0555
v -0.03541653 0.043 0.0555
v -0.05150091 -0.04241216 0.06602034
v -0.06793126 -0.04079707 0.06594341
v -0.06793126 -0.04084333 0.064
v -0.05150091 -0.04246026 0.064
v -0.06793126 0.03086733 0.09074669
v -0.05150091 0.03208932 0.09180555
v -0.05150091 0.03337602 0.09024719
v -0.06793126 0.03210502 0.08924767
v -0.08422084 0.03172566 0.08519841
v -0.06793126 0.03537136 0.08442166
v -0.06793126 0.036303 0.0827155
v -0.06793126 0.036303 0.0367845
v -0.05150091 -0.04241216 0.05347966
v -0.05150091 -0.04226799 0.05146389
v -0.03541653 -0.043 0.0555
v -0.05150091 -0.03337602 0.09024719
v -0.06793126 -0.03326999 0.08769146
v -0.05150091 -0.0345871 0.08862936
v -0.05150091 0.04202807 0.04945727
v -0.05150091 0.04226799 0.05146389
v -0.03541653 0.04230293 0.04778885
v -0.06793126 0.03435959 0.03341843
v -0.08422084 0.03172566 0.03430159
v -0.06793126 0.03537136 0.03507834
v -0.05150091 -0.04202807 0.04945727
v -0.06793126 -0.0404276 0.04968739
v -0.06793126 -0.04010523 0.04777035
v -0.05150091 -0.04169294 0.04746434
v -0.05150091 0.04169294 0.04746434
v -0.06793126 0.03326999 0.03180854
v -0.06793126 -0.02369145 0.02223001
v -0.05150091 -0.02462936 0.0209129
v -0.05150091 -0.02624719 0.02212398
v -0.06793126 -0.02524767 0.02339498
v -0.05150091 0.04126337 0.04548962
v -0.06793126 -0.03086733 0.02875331
v -0.06793126 -0.03210502 0.03025233
v -0.06793126 0.03210502 0.03025233
v -0.06793126 -0.04065838 0.0516176
v -0.05150091 0.04126337 0.07401039
v -0.06793126 0.03969202 0.07362918
v -0.06793126 0.03918888 0.0755069
v -0.05150091 0.04074031 0.07596244
v -0.05150091 0.04012498 0.04161261
v -0.05150091 0.04074031 0.04353756
v -0.03541653 0.04023434 0.04032772
v -0.06793126 -0.03918888 0.0439931
v -0.06793126 -0.03859698 0.04214146
v -0.05150091 -0.04012498 0.04161261
v -0.06793126 0.02955971 0.02731488
v -0.08422084 0.02698046 0.02851954
v -0.06793126 0.03086733 0.02875331
v -0.05150091 0.03941874 0.03971912
v -0.05150091 -0.03941874 0.03971912
v -0.06793126 -0.03791764 0.04032007
v -0.06793126 -0.0371524 0.03853307
v -0.05150091 -0.03862321 0.03786137
v -0.06793126 -0.02674669 0.09486733
v -0.05150091 -0.02780555 0.09608932
v -0.05150091 -0.02624719 0.09737601
v -0.06793126 -0.02524767 0.09610502
v -0.06793126 0.02818512 0.02594029
v -0.05150091 0.03862321 0.03786137
v -0.05150091 -0.03774018 0.03604358
v -0.03541653 -0.03686127 0.03335849
v -0.06793126 0.02674669 0.02463267
v -0.05150091 0.01578088 0.01608126
v -0.06793126 0.01517993 0.01758236
v -0.06793126 0.01696693 0.0183476
v -0.05150091 0.01763863 0.01687679
v -0.06793126 -0.02674669 0.02463267
v -0.05150091 -0.02780555 0.02341068
v -0.05150091 -0.02930093 0.02477007
v -0.06793126 -0.02818512 0.02594029
v -0.05150091 0.03677166 0.03426987
v -0.05150091 0.03774018 0.03604358
v -0.03541653 0.03686127 0.03335849
v -0.08422084 0.02119841 0.02377434
v -0.06793126 0.02524767 0.02339498
v -0.05150091 0.03571984 0.03254425
v -0.05150091 -0.03571984 0.08695575
v -0.06793126 -0.03435959 0.08608157
v -0.06793126 -0.03537136 0.08442166
v -0.05150091 -0.03677166 0.08523013
v -0.06793126 0.0187155 0.019197
v -0.05150091 0.01945641 0.01775982
v -0.05150091 0.0345871 0.03087064
v -0.06793126 0.02042166 0.02012864
v -0.05150091 -0.0345871 0.03087064
v -0.06793126 -0.03326999 0.03180854
v -0.05150091 -0.03337602 0.02925281
v -0.06793126 -0.02042166 0.02012864
v -0.08422084 -0.01460172 0.02024833
v -0.06793126 -0.0187155 0.019197
v -0.05150091 -0.03208932 0.02769445
v -0.06793126 -0.02955971 0.02731488
v -0.05150091 -0.03072993 0.02619907
v -0.05150091 -0.0040361 0.01323201
v -0.06793126 -0.00388241 0.01484161
v -0.06793126 -0.0019434 0.01470293
v -0.05150091 0.03208932 0.02769445
v -0.05150091 0.03337602 0.02925281
v -0.05150091 0.03072993 0.02619907
v -0.03541653 -0.02667795 0.02177631
v -0.03541653 -0.03229311 0.02710713
v -0.05150091 -0.01001038 0.01423663
v -0.06793126 -0.00962918 0.01580798
v -0.06793126 -0.00772965 0.01539476
v -0.05150091 -0.00803566 0.01380706
v -0.06793126 -0.01335854 0.01690302
v -0.06793126 -0.0115069 0.01631111
v -0.05150091 0.02624719 0.02212398
v -0.06793126 0.00962918 0.01580798
v -0.06793126 0.00772965 0.01539476
v -0.05150091 -0.02295575 0.01978016
v -0.03541653 -0.02019784 0.01753887
v -0.06793126 -0.02208157 0.02114041
v -0.06793126 -0.01517993 0.10191763
v -0.05150091 -0.01578088 0.10341874
v -0.05150091 -0.01388739 0.10412498
v -0.06793126 -0.01335854 0.10259698
v -0.06793126 0.00581261 0.0150724
v -0.05150091 0.02123013 0.01872834
v -0.06793126 -0.00581261 0.0150724
v -0.05150091 -0.02123013 0.01872834
v -0.05150091 -0.01945641 0.01775982
v -0.06793126 0 0.01465667
v -0.06793126 0.0019434 0.01470293
v -0.06793126 0.00388241 0.01484161
v -0.06793126 0.0371524 0.08096693
v -0.05150091 0.03862321 0.08163863
v -0.05150091 0.03941874 0.07978088
v -0.06793126 0.03791764 0.07917994
v -0.05150091 0.01388739 0.01537502
v -0.03541653 0.01306289 0.0145322
v -0.05150091 0.01196244 0.01475968
v -0.09050898 -0.00409528 0.02177231
v -0.09192974 -0.00395271 0.02294652
v -0.09022953 -0.00070688 0.02130677
v -0.05150091 0.01001038 0.01423663
v -0.05150091 0.03774018 0.08345641
v -0.05150091 -0.03571984 0.03254425
v -0.06793126 -0.03435959 0.03341843
v -0.05150091 0.00604272 0.01347193
v -0.05150091 0.00803566 0.01380706
v -0.03541653 0.00550442 0.01285376
v -0.05150091 -0.00604272 0.01347193
v -0.05150091 -0.01196244 0.01475968
v -0.08783199 -0.03577362 0.0511563
v -0.09431747 -0.02253602 0.03519935
v -0.09431747 -0.01891127 0.03178602
v -0.093978 -0.01924856 0.03136307
v -0.093978 -0.02293796 0.03483727
v -0.09346035 -0.03086567 0.04950283
v -0.09452163 -0.02987109 0.0555
v -0.09303991 -0.00424749 0.05551047
v -0.09302443 -0.00332244 0.05643552
v -0.09302392 -0.00328807 0.0564706
v -0.09302117 -0.00309342 0.05662254
v -0.09301823 -0.0028705 0.05673099
v -0.09300251 0.00106392 0.05628473
v -0.09300012 0.00023571 0.05613101
v -0.09300081 -0.00060381 0.05617209
v -0.09300342 -0.00124296 0.05634004
v -0.09300739 0.00182737 0.0566256
v -0.09300751 -0.00184299 0.05662282
v -0.09300806 -0.00190865 0.05666162
v -0.09301279 0.00240494 0.0570456
v -0.0930153 -0.00262945 0.05679069
v -0.093 -1.184E-05 0.05833871
v -0.09300157 -0.00084369 0.05860927
v -0.09300262 -0.00108767 0.05883494
v -0.09301843 0.00288685 0.05756844
v -0.09300023 0.00031788 0.05837735
v -0.09300358 -0.0012724 0.05911104
v -0.09300426 -0.00138747 0.05942327
v -0.09300088 0.00063013 0.05849242
v -0.09300182 0.00090624 0.05867715
v -0.09300385 -0.00131834 0.0602955
v -0.09300432 -0.00139873 0.06003054
v -0.0930045 -0.00142612 0.05975299
v -0.09300295 -0.00115556 0.06058487
v -0.09300418 0.00137512 0.05947543
v -0.09300435 0.00140252 0.05975299
v -0.09301826 -0.00287225 0.06277086
v -0.09300191 -0.00092989 0.06082886
v -0.09301534 -0.00263252 0.06271169
v -0.09300026 -0.00034156 0.06112869
v -0.09300095 -0.00065379 0.06101361
v -0.0930212 -0.00309525 0.06287914
v -0.09300251 0.00106402 0.06067105
v -0.09300149 0.00082004 0.06089674
v -0.09301258 -0.00238431 0.06270366
v -0.093 -1.184E-05 0.06116734
v -0.09302396 -0.00329114 0.06303178
v -0.09302447 -0.00332545 0.06306686
v -0.09301013 -0.00214032 0.06274746
v -0.0930215 0.00311767 0.06158931
v -0.09300062 0.00053068 0.06105954
v -0.09300016 0.00026572 0.06113994
v -0.09303997 -0.00425055 0.06399196
v -0.09303983 -0.0042425 0.064
v -0.0930161 0.00269768 0.0621669
v -0.09301046 0.00217484 0.0626488
v -0.09300809 -0.00191171 0.06284082
v -0.09300754 -0.00184605 0.06287961
v -0.09300086 0.00062332 0.06332351
v -0.09300252 -0.00106686 0.06322236
v -0.09300011 -0.00022706 0.06337342
v -0.09300458 0.00143777 0.0630782
v -0.09303967 0.00423434 0.05551605
v -0.0930573 0.00508909 0.05659359
v -0.09307129 0.00567609 0.05784211
v -0.09307861 0.00596055 0.05918841
v -0.09303965 0.00423303 0.06399017
v -0.09303946 0.00422319 0.064
v -0.09307788 0.00593245 0.06056336
v -0.09306917 0.00559102 0.06189987
v -0.09305585 0.00502415 0.06301367
v -0.05150091 -0.00202034 0.10641216
v -0.05150091 -0.0040361 0.10626799
v -0.03541653 -0.00746687 0.10634673
v -0.03541653 -0 0.107
v -0.09346035 -0.0314429 0.0555
v -0.09192974 -0.03255348 0.05154729
v -0.0883682 0.0356402 0.0555
v -0.09408549 -0.0307208 0.0555
v -0.09474389 0.02821657 0.07044025
v -0.09346035 0.03086567 0.06999718
v -0.09408549 -0.0307208 0.064
v -0.09346035 -0.0314429 0.064
v -0.09452163 -0.02987109 0.064
v -0.09431747 0.0297745 0.04971484
v -0.09474389 -0.02841089 0.06952021
v -0.09473962 -0.02728542 0.07022772
v -0.09474389 -0.02683645 0.07483774
v -0.093978 0.02781498 0.04210501
v -0.093978 0.0286261 0.04393951
v -0.09474389 0.02683645 0.04466226
v -0.09431747 -0.02732757 0.07716026
v -0.093978 -0.02781498 0.07739498
v -0.093978 0.02589563 0.03869182
v -0.09375149 0.02598507 0.0383224
v -0.09397867 0.02556798 0.03819911
v -0.09414372 0.0251478 0.0380097
v -0.09474389 -0.02351933 0.08086692
v -0.09473962 -0.02521552 0.07614315
v -0.09474389 -0.02607603 0.07655755
v -0.09431747 -0.02544186 0.08051365
v -0.09431747 0.02732757 0.04233973
v -0.09431747 0.02464816 0.03782354
v -0.09425462 0.02474238 0.03775597
v -0.09431814 0.02437009 0.03744408
v -0.09431747 0.02294475 0.03566248
v -0.0942627 0.0235593 0.03623553
v -0.09415796 0.02341366 0.03578338
v -0.09399857 0.02333288 0.03532692
v -0.09377833 0.02331576 0.0348899
v -0.09362938 0.02333122 0.03466522
v -0.09474389 0.0226888 0.03753141
v -0.09433981 0.02404231 0.03707938
v -0.09432199 0.02377107 0.0366743
v -0.09474389 0.02189394 0.036571
v -0.09474389 -0.02189394 0.082929
v -0.09474389 -0.0226888 0.08196858
v -0.0942627 -0.0235593 0.08326446
v -0.09431747 -0.02294475 0.08383752
v -0.09431747 0.01891127 0.03178602
v -0.09474389 -0.01804517 0.03287207
v -0.09474389 -0.01700788 0.03208241
v -0.09431747 -0.01782418 0.03095846
v -0.09474389 0.01804517 0.03287207
v -0.093978 0.01255374 0.09220465
v -0.093978 0.01814209 0.08897925
v -0.09431747 0.01782418 0.08854154
v -0.09431747 0.01233376 0.09171042
v -0.09474389 0.01700788 0.03208241
v -0.093978 -0.01814209 0.08897925
v -0.093978 -0.01339499 0.09181498
v -0.09431747 -0.01316027 0.09132757
v -0.09431747 -0.01782418 0.08854154
v -0.09474389 -0.01255755 0.09007603
v -0.09474389 -0.01700788 0.0874176
v -0.093978 0.00686973 0.02540174
v -0.09474389 -0.00644025 0.09221657
v -0.09473962 0.02728542 0.07022772
v -0.093978 0 0.02462771
v -0.093978 -0.01255374 0.02729535
v -0.093978 -0.00641702 0.02530198
v -0.09431747 0.00630458 0.09366886
v -0.093978 0.00641702 0.09419802
v -0.09474389 -0.00601584 0.02718991
v -0.09431747 -0.00630458 0.02583114
v -0.09346035 0.00653563 0.09475616
v -0.09346035 0.01278577 0.09272595
v -0.09431747 0 0.02516868
v -0.09474389 -0.0117689 0.02905866
v -0.09431747 -0.01233376 0.02778958
v -0.09474389 0.01700788 0.0874176
v -0.09473962 0.01214315 0.08921552
v -0.09346035 -0.0184774 0.03005906
v -0.09346035 -0.02336192 0.03445537
v -0.093978 -0.01814209 0.03052075
v -0.093978 0.01924856 0.08813693
v -0.09431747 0.01891127 0.08771398
v -0.09375106 -0.02331738 0.03484512
v -0.093978 -0.02332793 0.03527857
v -0.093978 0.02293796 0.08466273
v -0.09431747 0.02253602 0.08430065
v -0.09414302 -0.02340137 0.0357322
v -0.09431747 -0.02345025 0.03626268
v -0.09425385 -0.02354096 0.03618826
v -0.09431751 -0.02374501 0.03662768
v -0.09474389 0.02150392 0.08337093
v -0.09474389 0.01804517 0.08662793
v -0.09474389 -0.02150392 0.03612907
v -0.09431814 -0.02437009 0.08205592
v -0.09433981 -0.02404231 0.08242062
v -0.09474389 -0.02237628 0.03714371
v -0.09431747 0.02345025 0.08323732
v -0.0942643 -0.02469747 0.03772302
v -0.09416062 -0.02509522 0.03798102
v -0.09400314 -0.02551363 0.03817824
v -0.09378653 -0.02592873 0.03830931
v -0.09474389 -0.02322348 0.03822801
v -0.09433977 -0.02401081 0.0370382
v -0.09432275 -0.02433008 0.03740499
v -0.09474389 0.02394508 0.08025683
v -0.0942643 0.02469747 0.08177698
v -0.09431747 0.02509435 0.0810371
v -0.0936344 -0.02615651 0.03835499
v -0.09346035 -0.02637425 0.03838116
v -0.09346035 -0.02915519 0.04372584
v -0.09431747 0.02732757 0.07716026
v -0.09474389 0.02607603 0.07655755
v -0.093978 -0.0286261 0.04393951
v -0.093978 -0.03009826 0.04863027
v -0.09474389 0.02683645 0.07483774
v -0.09474389 0 0.02655779
v -0.09302279 -0.00308004 0.06490362
v -0.09302419 0.00320504 0.06481536
v -0.09473962 -0.02188121 0.08144968
v -0.09473962 -0.01744968 0.08588121
v -0.09301213 -0.00182483 0.06546725
v -0.09302213 -0.00302034 0.06493722
v -0.09473962 -0.01214315 0.08921552
v -0.0930134 0.00203093 0.06539149
v -0.09473962 0.01744968 0.08588121
v -0.09473962 0.02188121 0.08144968
v -0.09473962 0.02521552 0.07614315
v -0.09045122 -0.00015647 0.02147822
v -0.09042225 -0.00030909 0.02145586
v -0.09034445 -0.0005222 0.02139576
v -0.08890923 -0.00023336 0.02026856
v -0.08897267 -0.00045361 0.0203191
v -0.08907487 -0.00064919 0.02040039
v -0.05150091 -0.01763863 0.01687679
v -0.05150091 -0.01578088 0.01608126
v -0.03541653 -0.01306289 0.0145322
v -0.08991556 -0.00095087 0.02106251
v -0.089734 -0.00099686 0.02092051
v -0.09008383 -0.0008523 0.02119363
v -0.08921009 -0.00421899 0.02075353
v -0.0895487 -0.00098731 0.020775
v -0.08937101 -0.00092287 0.02063493
v -0.08783199 -0.0043437 0.01972638
v -0.08921009 -0.00080844 0.02050766
v -0.09050898 0.03372769 0.06809528
v -0.09192974 0.03255348 0.06795271
v -0.09192974 0.03183968 0.07184777
v -0.09050898 0.03298815 0.07213084
v -0.08921009 -0.01241176 0.02277287
v -0.09050898 -0.01204785 0.02373244
v -0.09050898 -0.00813085 0.02251185
v -0.08921009 -0.00837645 0.02151541
v -0.09192974 0.00784778 0.09583968
v -0.09192974 0.01162841 0.09466159
v -0.09192974 0.03066159 0.07562841
v -0.09050898 0.03176756 0.07604785
v -0.09050898 -0.03176756 0.04345215
v -0.09050898 -0.03008373 0.03971084
v -0.08921009 -0.03099244 0.03923391
v -0.09192974 -0.01523947 0.02646362
v -0.08783199 -0.01674693 0.02359139
v -0.08921009 -0.01626609 0.02450756
v -0.09050898 0.01578916 0.09408373
v -0.09192974 0.01523947 0.09303638
v -0.09050898 0.01204785 0.09576756
v -0.09192974 -0.0186283 0.02851224
v -0.0856764 -0.02086167 0.02427831
v -0.09192974 -0.03183968 0.04765222
v -0.09192974 -0.0217455 0.03095441
v -0.09050898 -0.01578916 0.02541627
v -0.09192974 -0.02409912 0.03326073
v -0.09233765 -0.02382761 0.03348526
v -0.09273989 -0.02360965 0.03376882
v -0.09311116 -0.02345615 0.03409018
v -0.08783199 -0.02047099 0.02584266
v -0.09113152 -0.02477417 0.03300213
v -0.0915241 -0.02441775 0.03309843
v -0.08783199 -0.02389653 0.0285264
v -0.0856764 -0.02655187 0.02894814
v -0.08921009 -0.01988322 0.02669419
v -0.08963779 -0.02686443 0.03358501
v -0.0898384 -0.02643856 0.03331772
v -0.09010023 -0.02600458 0.03312773
v -0.09041055 -0.02557568 0.03301387
v -0.08783199 -0.0269736 0.03160347
v -0.0894696 -0.02762052 0.0343294
v -0.08951098 -0.02726573 0.03392629
v -0.08921009 -0.02880581 0.03561678
v -0.09050898 -0.02832617 0.0367395
v -0.09003759 -0.02833037 0.03606882
v -0.08971246 -0.02819099 0.0354208
v -0.0895281 -0.02794191 0.03483197
v -0.09192974 -0.02903638 0.04026053
v -0.09289212 -0.02696447 0.0383553
v -0.09227946 -0.02747638 0.03815836
v -0.09165826 -0.02788454 0.03780782
v -0.08783199 -0.02965734 0.03502901
v -0.09106035 -0.02817136 0.03732755
v -0.09192974 -0.03066159 0.04387159
v -0.08783199 -0.03190861 0.03875307
v -0.09050898 -0.01930023 0.02753879
v -0.09096486 0.03360292 0.064
v -0.09346035 0.0314429 0.064
v -0.09050898 0.01930023 0.09196121
v -0.09192974 0.0186283 0.09098776
v -0.09188669 -0.02176991 0.08857315
v -0.09166698 -0.02429992 0.08635145
v -0.09107124 -0.02483334 0.08650698
v -0.03541653 -0.01470687 0.10440678
v -0.05150091 -0.01001038 0.10526337
v -0.05150091 -0.01196244 0.10474031
v -0.06793126 0.02042166 0.09937136
v -0.08422084 0.02119841 0.09572566
v -0.08422084 0.01460172 0.09925167
v -0.06793126 0.0187155 0.10030299
v -0.08422084 -0.03525167 0.04089828
v -0.09327605 -0.02658021 0.08110757
v -0.09346035 -0.02637425 0.08111884
v -0.09096486 0.03360292 0.0555
v -0.0883682 -0.03538034 0.06829595
v -0.0883682 -0.0356402 0.064
v -0.0856764 -0.03755001 0.064
v -0.0856764 -0.0368285 0.07132564
v -0.0883682 0.03460456 0.07252926
v -0.0883682 0.03332417 0.07663819
v -0.0856764 0.03469168 0.07836977
v -0.0856764 0.0368285 0.07132564
v -0.0883682 -0.03460456 0.07252926
v -0.0883682 -0.03332417 0.07663819
v -0.09229301 -0.02746627 0.08133563
v -0.09269401 -0.02714263 0.08119118
v -0.09308498 -0.02677838 0.08111665
v -0.0883682 -0.02024594 0.09333131
v -0.0883682 -0.01656283 0.09555783
v -0.09038252 -0.02834207 0.08292112
v -0.09072416 -0.02828065 0.08251143
v -0.09109509 -0.02815777 0.08214045
v -0.0883682 -0.00852926 0.09860456
v -0.0883682 -0.03155783 0.08056283
v -0.0856764 -0.03469168 0.07836977
v -0.0856764 -0.03122169 0.08486167
v -0.0883682 -0.02933131 0.08424594
v -0.08946996 -0.02757719 0.08522657
v -0.08950565 -0.02787759 0.08478399
v -0.08962649 -0.02810745 0.08431132
v -0.08982134 -0.02826 0.08383313
v -0.0900775 -0.02833701 0.08336527
v -0.09346035 -0.02336192 0.08504463
v -0.0928945 -0.02353984 0.08560472
v -0.09228519 -0.02385976 0.08604706
v -0.09346035 -0.0184774 0.08944094
v -0.09004935 -0.02608253 0.08634368
v -0.08972195 -0.02666985 0.08604789
v -0.08953371 -0.02717376 0.08566103
v -0.0883682 0.02933131 0.08424594
v -0.0883682 0.02667707 0.08763383
v -0.0856764 0.02655187 0.09055187
v -0.0856764 0.03122169 0.08486167
v -0.0856764 -0.02655187 0.09055187
v -0.0856764 -0.02086167 0.09522169
v -0.03541653 -0.00367522 0.01265735
v -0.03541653 -0.00550442 0.01285376
v -0.0856764 -0.01436977 0.09869169
v -0.0883682 -0.01263819 0.09732416
v -0.0883682 0.01263819 0.09732416
v -0.0883682 0.00852926 0.09860456
v -0.0856764 0.01436977 0.09869169
v -0.09096486 -0.03360292 0.064
v -0.0856764 -0.00732564 0.10082849
v -0.09408549 0.0307208 0.064
v -0.093978 0.03030554 0.04961166
v -0.09431747 0.02812449 0.04414209
v -0.093978 -0.02589563 0.08080818
v -0.09375149 -0.02598507 0.08117761
v -0.09397867 -0.02556798 0.08130089
v -0.09414372 -0.0251478 0.0814903
v -0.09431747 -0.02464816 0.08167645
v -0.09425462 -0.02474238 0.08174403
v -0.09415796 -0.02341366 0.08371662
v -0.09399857 -0.02333288 0.08417308
v -0.09377833 -0.02331576 0.0846101
v -0.09362938 -0.02333122 0.08483478
v -0.09432199 -0.02377107 0.0828257
v -0.09431747 -0.01891127 0.08771398
v -0.09474389 -0.01804517 0.08662793
v -0.093978 -0.00686973 0.09409826
v -0.09474389 0.0117689 0.09044134
v -0.09346035 0.0184774 0.08944094
v -0.09346035 0.02336192 0.08504463
v -0.09375106 0.02331738 0.08465488
v -0.093978 0.02332793 0.08422143
v -0.09414302 0.02340137 0.0837678
v -0.09425385 0.02354096 0.08331174
v -0.09416062 0.02509522 0.08151899
v -0.09400314 0.02551363 0.08132175
v -0.09378653 0.02592873 0.0811907
v -0.09432275 0.02433008 0.082095
v -0.0936344 0.02615651 0.08114501
v -0.09346035 0.02637425 0.08111884
v -0.09346035 0.02915519 0.07577416
v -0.08473141 0.03801904 0.064
v -0.08473141 -0.02112225 0.09561168
v -0.08422084 -0.02119841 0.09572566
v -0.08422084 -0.01460172 0.09925167
v -0.08473141 -0.01454926 0.09912501
v -0.08473141 0.01454926 0.02037499
v -0.08521944 0.01447149 0.09893726
v -0.08473141 0.00741715 0.10128851
v -0.08473141 0.01454926 0.09912501
v -0.08521944 -0.03493726 0.07847149
v -0.08521944 -0.0314427 0.08500934
v -0.08473141 0.02112225 0.02388832
v -0.08521944 -0.02100934 0.0954427
v -0.08521944 -0.01447149 0.09893726
v -0.08521944 0.02100934 0.0240573
v -0.08521944 -0.02673982 0.09073982
v -0.08521944 -0.0370892 0.0713775
v -0.08521944 -0.03781582 0.064
v -0.08422084 -0.03525167 0.07860172
v -0.08473141 -0.03512501 0.07854926
v -0.08521944 0.0314427 0.08500934
v -0.09192974 0.00395271 0.09655348
v -0.0883682 0.03538034 0.06829595
v -0.0883682 0.0356402 0.064
v -0.09050898 0.00813085 0.09698814
v -0.0883682 0.00429595 0.09938034
v -0.09192974 0.02903638 0.07923947
v -0.09050898 0.03008373 0.07978916
v -0.0883682 0.02024594 0.09333131
v -0.0883682 0.01656283 0.09555783
v -0.09050898 0.00409528 0.09772769
v -0.0856764 0.02086167 0.09522169
v -0.09233765 0.02382761 0.08601473
v -0.09273989 0.02360965 0.08573118
v -0.09311116 0.02345615 0.08540983
v -0.09075656 0.02516375 0.08652698
v -0.09113152 0.02477417 0.08649787
v -0.0894696 0.02762052 0.0851706
v -0.08951098 0.02726573 0.08557371
v -0.08963779 0.02686443 0.08591499
v -0.0898384 0.02643856 0.08618228
v -0.09010023 0.02600458 0.08637227
v -0.09041055 0.02557568 0.08648613
v -0.0883682 0.02363382 0.09067708
v -0.09289212 0.02696447 0.0811447
v -0.09227946 0.02747638 0.08134164
v -0.09165826 0.02788454 0.08169218
v -0.09050898 0.02832617 0.08276051
v -0.09003759 0.02833037 0.08343118
v -0.08971246 0.02819099 0.08407921
v -0.0895281 0.02794191 0.08466803
v -0.09106035 0.02817136 0.08217245
v -0.0883682 0.03155783 0.08056283
v -0.08521944 -0.0073775 0.10108919
v -0.08473141 -0.03161168 0.08512225
v -0.08473141 -0.02688352 0.09088352
v -0.08422084 0.00744389 0.10142297
v -0.05150091 0.00202034 0.01308784
v -0.03541653 0.00183929 0.01253936
v -0.06793126 -0.00581261 0.1044276
v -0.06793126 -0.00388241 0.10465839
v -0.06793126 -0.0115069 0.10318889
v -0.06793126 -0.01517993 0.01758236
v -0.06793126 -0.01696693 0.0183476
v -0.05150091 0.0040361 0.01323201
v -0.03541653 0.00367522 0.01265735
v -0.06793126 -0.036303 0.0827155
v -0.06793126 -0.03969202 0.04587082
v -0.06793126 0.02674669 0.09486733
v -0.08422084 0.02698046 0.09098046
v -0.06793126 0.02524767 0.09610502
v -0.05150091 -0.01388739 0.01537502
v -0.06793126 0.02955971 0.09218512
v -0.05150091 0.03072993 0.09330093
v -0.06793126 0.03859698 0.07735854
v -0.05150091 0.04012498 0.07788739
v -0.06793126 0.01696693 0.1011524
v -0.05150091 0.01763863 0.10262321
v -0.05150091 0.01945641 0.10174018
v -0.05150091 -0.03208932 0.09180555
v -0.05150091 -0.03072993 0.09330093
v -0.06793126 -0.02955971 0.09218512
v -0.06793126 -0.03537136 0.03507834
v -0.05150091 0.03677166 0.08523013
v -0.06793126 0.03435959 0.08608157
v -0.05150091 0.03571984 0.08695575
v -0.06793126 -0.036303 0.0367845
v -0.05150091 0.02930093 0.09472993
v -0.06793126 0.02818512 0.0935597
v -0.05150091 0.02780555 0.09608932
v -0.06793126 0.04084333 0.064
v -0.06793126 0.04079707 0.06594341
v -0.05150091 0.04241216 0.06602034
v -0.05150091 0.04246026 0.064
v -0.06793126 -0.02818512 0.0935597
v -0.05150091 -0.02930093 0.09472993
v -0.05150091 -0.03677166 0.03426987
v -0.06793126 -0.04079707 0.05355659
v -0.06793126 -0.04084333 0.0555
v -0.05150091 0.01578088 0.10341874
v -0.06793126 0.01517993 0.10191763
v -0.06793126 0.01335854 0.10259698
v -0.05150091 0.01388739 0.10412498
v -0.05150091 -0.04246026 0.0555
v -0.03541653 -0.043 0.064
v -0.03541653 0.043 0.064
v -0.06793126 -0.04065838 0.0678824
v -0.06793126 -0.04010523 0.07172965
v -0.06793126 -0.0404276 0.06981261
v -0.06793126 -0.03969202 0.07362918
v -0.06793126 -0.03918888 0.0755069
v -0.06793126 -0.03791764 0.07917994
v -0.06793126 -0.03859698 0.07735854
v -0.06793126 -0.0371524 0.08096693
v -0.05150091 0.0345871 0.08862936
v -0.03541653 0.03293991 0.09163987
v -0.03541653 0.03723909 0.0855
v -0.05150091 0.04226799 0.0680361
v -0.06793126 -0.02042166 0.09937136
v -0.05150091 -0.02123013 0.10077166
v -0.05150091 -0.01945641 0.10174018
v -0.06793126 -0.0187155 0.10030299
v -0.05150091 -0.04202807 0.07004272
v -0.05150091 -0.04226799 0.0680361
v -0.03541653 -0.04234673 0.07146687
v -0.05150091 0.04202807 0.07004272
v -0.06793126 0.04010523 0.07172965
v -0.05150091 0.04169294 0.07203566
v -0.05150091 -0.04169294 0.07203566
v -0.05150091 -0.04126337 0.07401039
v -0.03541653 0.04040678 0.07870687
v -0.03541653 0.04234673 0.07146687
v -0.05150091 0.02295575 0.09971984
v -0.06793126 0.02208157 0.09835959
v -0.05150091 0.02123013 0.10077166
v -0.05150091 -0.04012498 0.07788739
v -0.05150091 -0.04074031 0.07596244
v -0.03541653 -0.04040678 0.07870687
v -0.06793126 -0.01696693 0.1011524
v -0.05150091 -0.01763863 0.10262321
v -0.05150091 -0.03941874 0.07978088
v -0.05150091 -0.03862321 0.08163863
v -0.05150091 -0.03774018 0.08345641
v -0.03541653 -0.03723909 0.0855
v -0.06793126 -0.02369145 0.09726999
v -0.06793126 -0.02208157 0.09835959
v -0.06793126 0.03326999 0.08769146
v -0.06793126 0.00962918 0.10369202
v -0.05150091 0.01001038 0.10526337
v -0.05150091 0.01196244 0.10474031
v -0.06793126 0.0115069 0.10318889
v -0.03541653 -0.03293991 0.09163987
v -0.03541653 -0.02763987 0.09693991
v -0.05150091 0.02624719 0.09737601
v -0.06793126 -0.00962918 0.10369202
v -0.03541653 0.0215 0.10123909
v -0.03541653 0.02763987 0.09693991
v -0.05150091 0.02462936 0.0985871
v -0.05150091 -0.02462936 0.0985871
v -0.06793126 -0.00772965 0.10410523
v -0.05150091 0.00803566 0.10569295
v -0.06793126 0.00772965 0.10410523
v -0.06793126 0.00581261 0.1044276
v -0.05150091 0.00604272 0.10602807
v -0.05150091 -0.02295575 0.09971984
v -0.03541653 -0.0215 0.10123909
v -0.06793126 0.00388241 0.10465839
v -0.06793126 -0.0019434 0.10479707
v -0.06793126 -0 0.10484333
v -0.06793126 0.0019434 0.10479707
v -0.05150091 0.00202034 0.10641216
v -0.05150091 0.0040361 0.10626799
v -0.03541653 0.00746687 0.10634673
v -0.03541653 0.01470687 0.10440678
v -0.05150091 -0.00803566 0.10569295
v -0.05150091 -0.00604272 0.10602807
v -0.05150091 -0 0.10646026
v -0.09408549 0.0307208 0.0555
v -0.08473141 0.03161168 0.08512225
v -0.06793126 0.02369145 0.09726999
v -0.08875775 0 0.02030887
v -0.08877943 -0.00023336 0.02032617
v -0.08887275 0.00052188 0.02040049
v -0.08879598 0.00030873 0.02033935
v -0.08876742 0.00015609 0.02031658
v -0.08948006 0.00099678 0.02088069
v -0.08929929 0.00095025 0.02073837
v -0.08913177 0.00085202 0.02060602
v -0.08898664 0.00070672 0.020491
v -0.0890803 -0.00080844 0.02056526
v -0.08924121 -0.00092287 0.02069253
v -0.08984253 0.00092351 0.02116437
v -0.08966458 0.00098748 0.02102538
v -0.08978576 -0.00095087 0.02112011
v -0.08995403 -0.0008523 0.02125123
v -0.08884288 -0.00045361 0.02037671
v -0.08894508 -0.00064919 0.02045799
v -0.09029245 -0.00030909 0.02151347
v -0.09032142 -0.00015647 0.02153583
v -0.0894189 -0.00098731 0.02083261
v -0.0896042 -0.00099686 0.02097811
v -0.09000468 0.0008092 0.02129059
v -0.09009974 -0.00070688 0.02136437
v -0.09021465 -0.0005222 0.02145336
v -0.09024498 0.00045403 0.0214768
v -0.0901418 0.0006493 0.02139697
v -0.09033126 0 0.02154341
v -0.09030943 0.00023307 0.02152657
v -0.09285781 -0.00184299 0.05662282
v -0.09285835 -0.00190865 0.05666162
v -0.09289002 -0.004237 0.0555
v -0.09287304 -0.00307692 0.05459876
v -0.09285282 -0.00106686 0.06322236
v -0.09285041 -0.00022706 0.06337342
v -0.09286042 -0.00213864 0.05675529
v -0.09286286 -0.00238267 0.0567989
v -0.09287146 -0.00309342 0.05662254
v -0.09287421 -0.00328807 0.0564706
v -0.09287462 0.00331625 0.05830551
v -0.09286873 0.00288685 0.05756844
v -0.09286559 -0.00262945 0.05679069
v -0.09286853 -0.0028705 0.05673099
v -0.09286043 -0.00214032 0.06274746
v -0.09285838 -0.00191171 0.06284082
v -0.0928503 -1.184E-05 0.05833871
v -0.09285048 -0.00028939 0.05836609
v -0.09285115 0.00062332 0.06332351
v -0.09285487 0.00143777 0.0630782
v -0.09285291 -0.00108767 0.05883494
v -0.09285387 -0.0012724 0.05911104
v -0.09286563 -0.00263252 0.06271169
v -0.09286287 -0.00238431 0.06270366
v -0.09287915 0.00361147 0.05997033
v -0.09287836 0.00356156 0.05911995
v -0.09285441 0.00136386 0.06008271
v -0.09285465 0.00140252 0.05975299
v -0.09286855 -0.00287225 0.06277086
v -0.09285098 -0.00055434 0.05844648
v -0.09285187 -0.00084369 0.05860927
v -0.09285448 0.00137512 0.05947543
v -0.09286076 0.00217484 0.0626488
v -0.09285455 -0.00138747 0.05942327
v -0.0928548 -0.00142612 0.05975299
v -0.09285325 -0.00115556 0.06058487
v -0.09285221 -0.00092989 0.06082886
v -0.09285784 -0.00184605 0.06287961
v -0.09285462 -0.00139873 0.06003054
v -0.09288996 0.00423434 0.05551605
v -0.0929076 0.00508909 0.05659359
v -0.09287426 -0.00329114 0.06303178
v -0.09287149 -0.00309525 0.06287914
v -0.0928575 -0.00054407 0.0537776
v -0.09285794 0.00075927 0.05380302
v -0.09287477 -0.00332545 0.06306686
v -0.09292891 0.00596055 0.05918841
v -0.09292817 0.00593245 0.06056336
v -0.09285414 -0.00131834 0.0602955
v -0.09285118 0.00063013 0.05849242
v -0.09285052 0.00031788 0.05837735
v -0.09285124 -0.00065379 0.06101361
v -0.09285055 -0.00034156 0.06112869
v -0.09285212 0.00090624 0.05867715
v -0.09285179 0.00082004 0.06089674
v -0.0928528 0.00106402 0.06067105
v -0.092854 0.00129473 0.05921048
v -0.09285313 0.00113193 0.05892112
v -0.09285092 0.00053068 0.06105954
v -0.09287237 -0.00301722 0.05456522
v -0.0928624 -0.00182557 0.05403602
v -0.09285796 0.00076342 0.06569845
v -0.09285752 -0.00054219 0.06572498
v -0.09291946 0.00559102 0.06189987
v -0.09290615 0.00502415 0.06301367
v -0.09285045 0.00026572 0.06113994
v -0.09285372 -0.00124296 0.05634004
v -0.09285375 0.00124877 0.06039495
v -0.09287472 -0.00332244 0.05643552
v -0.09292158 0.00567609 0.05784211
v -0.09286368 0.0020282 0.05410912
v -0.09287447 0.0032027 0.05468405
v -0.09287679 0.00346041 0.06081012
v -0.0928718 0.00311767 0.06158931
v -0.0928503 -1.184E-05 0.06116734
v -0.09285111 -0.00060381 0.05617209
v -0.09286369 0.00203093 0.06539149
v -0.09288994 0.00423303 0.06399017
v -0.09288976 0.00422319 0.064
v -0.09287243 -0.00302034 0.06493722
v -0.09287309 -0.00308004 0.06490362
v -0.09286309 0.00240494 0.0570456
v -0.09289021 -0.00424749 0.05551047
v -0.0928664 0.00269768 0.0621669
v -0.09287448 0.00320504 0.06481536
v -0.09289027 -0.00425055 0.06399196
v -0.09285042 0.00023571 0.05613101
v -0.09286243 -0.00182483 0.06546725
v -0.09289012 -0.0042425 0.064
v -0.09285768 0.00182737 0.0566256
v -0.09288977 0.00422391 0.0555
v -0.0928528 0.00106392 0.05628473
v -0.08932234 -0.02791538 0.03544026
v -0.09251133 -0.02650393 0.08136001
v -0.09199067 -0.02700704 0.08143481
v -0.08966923 -0.02595953 0.03338899
v -0.0926762 -0.02362501 0.08488191
v -0.09126847 -0.0275477 0.08175244
v -0.08992292 -0.02808 0.08298233
v -0.08913852 -0.0276645 0.08464876
v -0.08924662 0.02787012 0.03527407
v -0.08050367 0.02808 0.03651768
v -0.09022853 0.02802506 0.03688417
v -0.09094296 -0.02454003 0.03336278
v -0.09162496 -0.02407035 0.08577864
v -0.09293664 -0.02597155 0.08142266
v -0.09283073 0.02609544 0.08143496
v -0.09344353 -0.02452686 0.08220836
v -0.09053902 -0.02494127 0.08619006
v -0.08050367 0.02605873 0.03345602
v -0.08910659 0.02739578 0.03445533
v -0.090047 0.02548175 0.03330949
v -0.09236266 -0.02367982 0.03424995
v -0.0933942 0.02479025 0.08200029
v -0.09330024 -0.02367129 0.08369394
v -0.09338671 0.0248599 0.03757064
v -0.08050367 0.02452686 0.03729164
v -0.09339394 0.02380157 0.03621053
v -0.09106297 0.02764125 0.08192443
v -0.09216671 0.0268182 0.08143468
v -0.09234041 0.02668121 0.03813187
v -0.08050367 0.02700704 0.03806519
v -0.08050367 0.02650393 0.03813999
v -0.08050367 -0.02807548 0.08337964
v -0.08916362 -0.02703489 0.08543331
v -0.09003488 0.0280363 0.0828801
v -0.0805025 0.02355568 0.08457472
v -0.09338485 0.02375569 0.0833732
v -0.09267503 0.02359553 0.08492336
v -0.0805025 -0.0280363 0.0366199
v -0.0805025 -0.02769256 0.03491352
v -0.08050367 0.0276645 0.03485124
v -0.0891051 -0.02740506 0.03446394
v -0.09059177 0.02485886 0.08622336
v -0.08994683 0.02557585 0.08621287
v -0.08050367 0.02791513 0.03721602
v -0.08050367 0.0275477 0.03774756
v -0.09090843 0.02775544 0.03750536
v -0.08914212 0.02708769 0.08539665
v -0.08915742 0.02769256 0.08458648
v -0.08050367 -0.02378416 0.08538294
v -0.08050367 -0.0244641 0.08605093
v -0.0805025 -0.02375569 0.0361268
v -0.0934418 -0.02393822 0.03651987
v -0.09293508 -0.02355568 0.03492529
v -0.0805025 -0.02479025 0.03749971
v -0.09330145 -0.02514606 0.03773051
v -0.09107194 0.0244641 0.03344907
v -0.08050367 0.02407035 0.03372136
v -0.08050367 0.02494127 0.03330994
v -0.08050367 0.02367129 0.03580606
v -0.09282741 0.02359754 0.03480581
v -0.08050367 -0.02729656 0.08156402
v -0.08050367 -0.0266812 0.08136813
v -0.09203054 0.02381713 0.08553752
v -0.09130582 0.02425499 0.08599204
v -0.0905281 -0.02789782 0.03714595
v -0.09167071 -0.02401211 0.03370883
v -0.0805025 0.02393822 0.08298013
v -0.08050367 -0.0248599 0.08192936
v -0.0805025 0.02727612 0.08161085
v -0.0805025 0.02629021 0.08141155
v -0.0805025 -0.02425499 0.03350797
v -0.0805025 -0.02381713 0.03396248
v -0.0805025 0.02789782 0.08235405
v -0.08050367 -0.02548175 0.08619051
v -0.08050367 -0.02775544 0.08199464
v -0.09161866 -0.02727612 0.03788915
v -0.0805025 -0.0268182 0.03806532
v -0.0805025 -0.02764125 0.03757557
v -0.08050367 -0.02380157 0.08328946
v -0.09217001 0.02378416 0.03411705
v -0.08050367 0.02362501 0.03461809
v -0.0805025 -0.02359553 0.03457663
v -0.0805025 -0.02485886 0.03327664
v -0.0805025 -0.02634774 0.03355895
v -0.0805025 0.02514606 0.0817695
v -0.08050367 -0.02359754 0.08469418
v -0.09163195 0.02729656 0.03793597
v -0.0805025 0.02520736 0.0862494
v -0.0805025 0.02454003 0.08613722
v -0.08050367 -0.02631969 0.08137009
v -0.0805025 0.02595953 0.08611101
v -0.0805025 0.02740506 0.08503605
v -0.0805025 0.02401211 0.08579117
v -0.0805025 -0.02609544 0.03806504
v -0.09267503 -0.02629021 0.03808845
v -0.08050367 0.02597155 0.03807734
v -0.0926762 0.02631969 0.03812991
v -0.0805025 0.02367982 0.08525006
v -0.0805025 0.0280363 0.0828801
v -0.08050367 -0.02739578 0.08504466
v -0.03541653 -0.04210396 0.06381343
v -0.03541653 -0.0414643 0.0711247
v -0.03541653 -0.00180097 0.01342513
v -0.03541653 -0.00359863 0.01354066
v -0.03541653 0.03162018 0.02768934
v -0.03541653 0.02612203 0.0224696
v -0.03541653 0.0414643 0.0711247
v -0.03541653 0.04210396 0.06381343
v -0.03541653 0.0364631 0.08486541
v -0.03541653 0.03956477 0.07821383
v -0.03541653 0.01977696 0.01832047
v -0.03541653 0.01279068 0.01537644
v -0.03541653 0.04210396 0.05549055
v -0.03541653 0.04142141 0.04794009
v -0.03541653 -0.00731128 0.10527772
v -0.03541653 -0 0.10591738
v -0.03541653 -0.0144004 0.1033782
v -0.03541653 0.03939592 0.04063443
v -0.03541653 0.03609315 0.03381043
v -0.03541653 -0.01977696 0.01832047
v -0.03541653 -0.02612203 0.0224696
v -0.03541653 -0 0.0133866
v -0.03541653 -0.03162018 0.02768934
v -0.03541653 -0.03609315 0.03381043
v -0.03541653 -0.0322535 0.09087732
v -0.03541653 -0.0270639 0.09606693
v -0.03541653 0.00538972 0.01373299
v -0.03541653 -0.00538972 0.01373299
v -0.03541653 -0.01279068 0.01537644
v -0.03541653 -0.03939592 0.04063443
v -0.03541653 0.02105198 0.10027651
v -0.03541653 0.0270639 0.09606693
v -0.03541653 0.00731128 0.10527772
v -0.03541653 0.0144004 0.1033782
v -0.03541653 0.00359863 0.01354066
v -0.03541653 0.00180097 0.01342513
v -0.03541653 -0.02105198 0.10027651
v -0.03541653 -0.03956477 0.07821383
v -0.03541653 -0.0364631 0.08486541
v -0.03541653 -0.04142141 0.04794009
v -0.03541653 -0.04210396 0.05549055
v -0.03541653 0.0322535 0.09087732
v 0.00990711 0.03232353 0.03564177
v 0.0163191 0.03043065 0.0336195
v 0.01653683 0.03120118 0.03343647
v 0.01004594 0.03315763 0.03545603
v -0.0345 0.02305161 0.01920092
v -0.03192713 0.02548814 0.02086789
v -0.03206121 0.02626062 0.02079486
v -0.0345 0.02401077 0.0192021
v -0.0345 0.02397474 0.01925277
v -0.0345 0.02392984 0.01929528
v -0.0345 0.02333566 0.01933671
v -0.0345 0.02356184 0.01938426
v -0.0345 0.02385228 0.01934247
v -0.0345 0.02376849 0.01937109
v -0.0345 0.02368127 0.01938483
v 0.0385 0.01279682 0.02261504
v 0.03616429 0.01672149 0.02399833
v 0.03560698 0.01656338 0.02431809
v 0.0385 0.01164872 0.02260788
v 0.0385 0.01209823 0.02269813
v 0.0385 0.01234262 0.02271218
v 0.0385 0.01267904 0.02266731
v 0.0385 0.01255384 0.02269588
v 0.00682201 0.03379616 0.03603067
v 0.00668029 0.03293071 0.03619828
v 0.0225638 0.02842792 0.03096796
v 0.02228069 0.02774546 0.03114904
v 0.02780054 0.02430251 0.02852623
v 0.02813199 0.0248782 0.02834662
v 0.03337474 0.02019327 0.02558466
v 0.03199622 0.02076159 0.0263442
v 0.00354113 0.03428314 0.0360724
v 0.00340275 0.0333959 0.03621024
v -0.00527433 0.03407082 0.03347754
v -0.00523031 0.03494333 0.03338079
v -0.01143832 0.03470201 0.03041984
v -0.0114171 0.03387941 0.03050089
v 0.00018669 0.03374979 0.03555375
v 0.00031227 0.03464616 0.03545102
v -0.01578234 0.03322587 0.02842809
v -0.0159214 0.03401239 0.02834662
v -0.01891231 0.0331733 0.02714727
v -0.01869317 0.03241204 0.02724297
v -0.02429534 0.03099989 0.0248666
v -0.02402284 0.03029913 0.02498831
v -0.02900279 0.02759642 0.02252368
v -0.02932156 0.02822415 0.02237311
v 0.00990711 -0.03232353 0.03564177
v 0.01004594 -0.03315763 0.03545603
v 0.01653683 -0.03120118 0.03343647
v 0.0163191 -0.03043065 0.0336195
v -0.03206121 -0.02626062 0.02079486
v -0.03192713 -0.02548814 0.02086789
v -0.0345 -0.02305161 0.01920092
v -0.0345 -0.02333566 0.01933671
v -0.0345 -0.02397474 0.01925277
v -0.0345 -0.02401077 0.0192021
v -0.0345 -0.02392984 0.01929528
v -0.0345 -0.02356184 0.01938426
v -0.0345 -0.02368127 0.01938483
v -0.0345 -0.02385228 0.01934247
v -0.0345 -0.02376849 0.01937109
v 0.03560698 -0.01656338 0.02431809
v 0.03616429 -0.01672149 0.02399833
v 0.0385 -0.01279682 0.02261504
v 0.0385 -0.01267904 0.02266731
v 0.0385 -0.01209823 0.02269813
v 0.0385 -0.01164872 0.02260788
v 0.0385 -0.01234262 0.02271218
v 0.0385 -0.01255384 0.02269588
v 0.00668029 -0.03293071 0.03619828
v 0.00682201 -0.03379616 0.03603067
v 0.0225638 -0.02842792 0.03096796
v 0.02813199 -0.0248782 0.02834662
v 0.02780054 -0.02430251 0.02852623
v 0.02228069 -0.02774546 0.03114904
v 0.03337474 -0.02019327 0.02558466
v 0.03199622 -0.02076159 0.0263442
v 0.00340275 -0.0333959 0.03621024
v 0.00354113 -0.03428314 0.0360724
v -0.00527433 -0.03407082 0.03347754
v -0.0114171 -0.03387941 0.03050089
v -0.01143832 -0.03470201 0.03041984
v -0.00523031 -0.03494333 0.03338079
v 0.00018669 -0.03374979 0.03555375
v 0.00031227 -0.03464616 0.03545102
v -0.01578234 -0.03322587 0.02842809
v -0.01869317 -0.03241204 0.02724297
v -0.01891231 -0.0331733 0.02714727
v -0.0159214 -0.03401239 0.02834662
v -0.02402284 -0.03029913 0.02498831
v -0.02429534 -0.03099989 0.0248666
v -0.02900279 -0.02759642 0.02252368
v -0.02932156 -0.02822415 0.02237311
v 0.03107498 0.02628122 0.02237311
v 0.02568145 0.03157245 0.02237311
v 0.02312006 0.02959386 0.02834662
v 0.01675165 -0.03220059 0.03096092
v 0.01052474 -0.03473796 0.03096092
v 0.01096158 -0.03591904 0.02834662
v 0.01733181 -0.0333158 0.02834662
v 0.04092813 -0.01013495 0.01877914
v 0.04048492 -0.0100252 0.02013092
v 0.03875928 -0.01467113 0.02079477
v 0.03943386 -0.01492647 0.01877914
v 0.03275525 0.02770229 0.01506576
v 0.03731148 0.02117018 0.01506576
v 0.03692987 0.02202691 0.01305818
v 0.03241041 0.02825889 0.01305818
v 0.01059375 0.03471376 0.03096796
v 0.0103072 0.03377476 0.03343643
v 0.01699653 0.03206853 0.03096796
v 0.04259696 -0 0.01705305
v 0.04228109 0.00517791 0.01705305
v 0.04185164 0.00512532 0.01877914
v 0.04209698 -0 0.019
v 0.01940281 -0.03577552 0.02237311
v 0.0196934 -0.03646497 0.02079477
v 0.02587988 -0.03236906 0.02079477
v 0.02568145 -0.03157245 0.02237311
v 0.03604516 0.02045168 0.02079477
v 0.0385 0.01457299 0.02142503
v 0.03988676 0.01367023 0.01877914
v 0.03667249 0.02080762 0.01877914
v 0.04049241 0.01000293 0.02012583
v 0.04093381 0.01011197 0.01877914
v 0.03559268 -0.02122935 0.02079477
v 0.03539748 -0.02008419 0.02237311
v 0.03107498 -0.02628122 0.02237311
v 0.03123687 -0.02723568 0.02079477
v -0.02272673 0.03465573 0.02079477
v -0.0170633 0.03694862 0.02237311
v -0.0164647 0.03881678 0.01877914
v -0.02312227 0.03525889 0.01877914
v 0.01733181 0.0333158 0.02834662
v 0.01245543 0.03874557 0.02237311
v 0.00507877 0.04038023 0.02237311
v 0.00422327 0.03731618 0.02834662
v 0.01096158 0.03591904 0.02834662
v -0.03295376 -0.02699169 0.01705305
v -0.03068943 -0.02954082 0.01705305
v -0.03037772 -0.02924077 0.01877914
v -0.03261904 -0.02671753 0.01877914
v 0.03621214 -0.02159883 0.01877914
v 0.03658373 -0.02182046 0.01705305
v 0.0398385 -0.01507963 0.01705305
v -0.02985806 0.02874057 0.02079477
v -0.028542 0.03004794 0.02079477
v -0.02903874 0.0305709 0.01877914
v -0.03037772 0.02924077 0.01877914
v -0.03521085 -0.02450549 0.01506576
v -0.03318741 -0.02718306 0.01506576
v -0.03496295 -0.02433296 0.01705305
v -0.02352516 0.03587325 0.01506576
v -0.01675158 0.03949313 0.01506576
v -0.01679103 0.03958613 0.01305818
v -0.02358055 0.03595772 0.01305818
v 0.03684311 -0.02197517 0.01506576
v 0.04012096 -0.01518655 0.01506576
v -0.02903874 -0.0305709 0.01877914
v -0.02933672 -0.0308846 0.01705305
v -0.02470002 -0.03470461 0.01705305
v -0.02954472 -0.03110358 0.01506576
v -0.02487515 -0.03495068 0.01506576
v 0.01176751 0.0413585 0.01
v 0.00396754 0.04281657 0.01
v 0.00585744 0.04259918 0.01305818
v 0.01335944 0.04087206 0.01305818
v -0.00247293 0.04062317 0.02237311
v -0.00176596 0.04140538 0.02079477
v -0.00912067 0.04042694 0.02079477
v -0.0099394 0.039466 0.02237311
v 0.03177738 0.02896891 0.01
v 0.02591329 0.03431474 0.01
v 0.02685216 0.03358513 0.01305818
v 0.01629993 -0.03133229 0.03341962
v 0.01024094 -0.03380123 0.03341962
v 0.04135384 0.01021573 0.01705305
v 0.04191432 0.00759548 0.01705305
v 0.0422115 0.00764933 0.01506576
v 0.04164705 0.01028816 0.01506576
v -0.03318741 0.02718306 0.01506576
v -0.03461733 0.02533699 0.01506576
v -0.03437362 0.02515861 0.01705305
v -0.03295376 0.02699169 0.01705305
v 0.01303648 -0.04055307 0.01705305
v 0.02024174 -0.03748031 0.01705305
v 0.02003614 -0.03709961 0.01877914
v 0.01290407 -0.04014117 0.01877914
v 0.04058175 0.01390843 0.01506576
v 0.04026567 0.01508894 0.01305818
v -0.00265684 0.03746031 0.02834662
v 0.03164356 0.02676209 0.02079477
v 0.02615135 0.03215013 0.02079477
v 0.0385 -0.01457299 0.02142503
v 0.00698716 0.03461434 0.03343643
v 0.00397115 0.0350885 0.03343643
v -0.00181513 0.04255827 0.01705305
v -0.00937462 0.04155259 0.01705305
v -0.0092794 0.04113054 0.01877914
v -0.00179669 0.04212601 0.01877914
v 0.02660649 0.03270968 0.01877914
v 0.02010169 0.03706414 0.01877914
v 0.01975782 0.03643011 0.02079477
v 0.0422115 -0.00764933 0.01506576
v 0.04258006 -0.00522123 0.01506576
v 0.04228029 -0.00518447 0.01705305
v 0.04191432 -0.00759548 0.01705305
v 0.04164127 -0.01031154 0.01506576
v 0.0413481 -0.01023895 0.01705305
v 0.00535339 -0.04256365 0.01506576
v -0.00260664 -0.04281972 0.01506576
v -0.0018323 -0.04296094 0.01305818
v 0.00585744 -0.04259918 0.01305818
v -0.04140421 -0.01160568 0.01305818
v -0.0345 -0.01088797 0.01286841
v -0.0345 -0.00366318 0.01165275
v -0.04249707 -0.0065575 0.01199137
v -0.01047684 -0.04159999 0.01506576
v -0.00946332 -0.04194574 0.01305818
v -0.04267963 0.00523935 0.01181304
v -0.0345 0.00366318 0.01165275
v -0.0345 0.01088797 0.01286841
v -0.04216091 0.00845324 0.01231965
v -0.03760697 0.02064071 0.01506576
v -0.03742072 0.02053848 0.01658755
v 0.01916675 -0.03849202 0.01
v 0.02591329 -0.03431474 0.01
v 0.02685216 -0.03358513 0.01305818
v 0.02043326 -0.03783493 0.01305818
v -0.00396754 0.04281657 0.01
v -0.0018323 0.04296094 0.01305818
v 0.02707009 0.03327962 0.01506576
v 0.00032711 0.03629278 0.03096796
v 0.00031826 0.03531107 0.03343643
v 0.00408156 0.03606402 0.03096796
v -0.0345 0.02424002 0.01877914
v -0.0345 0.01841294 0.01664175
v -0.0345 0.0178109 0.01526604
v -0.0345 0.01349478 0.01467242
v -0.0345 0.00837178 0.01332283
v -0.0345 0.00467616 0.01271951
v -0.0345 0.00095266 0.01244278
v -0.0345 -0.00373395 0.01261551
v -0.0345 -0.00837178 0.01332283
v -0.0345 -0.01349478 0.01467242
v -0.0345 -0.0178109 0.01526604
v -0.0345 -0.01841294 0.01664175
v -0.0345 -0.02424002 0.01877914
v -0.0345 -0.02334132 0.01933856
v -0.0345 -0.02319231 0.01927894
v -0.0345 -0.02381916 0.01935603
v -0.0345 -0.0237384 0.01937741
v -0.0345 -0.02362764 0.01938702
v -0.0345 -0.02350328 0.01937736
v -0.0345 -0.02390255 0.01931485
v -0.0345 -0.0239683 0.01925994
v -0.03867126 -0.01880249 0.01305818
v -0.03973544 -0.01627542 0.0146206
v 0.0385 -0.01319496 0.02237311
v -0.03762144 -0.02061432 0.01506576
v -0.03469885 -0.02539665 0.01305818
v -0.03743682 -0.02051318 0.01657432
v -0.02961429 -0.03117681 0.01305818
v -0.03090703 -0.02975027 0.01506576
v -0.03068943 0.02954082 0.01705305
v -0.03090703 0.02975027 0.01506576
v -0.03261904 0.02671753 0.01877914
v -0.02933672 0.0308846 0.01705305
v -0.02985806 -0.02874057 0.02079477
v -0.028542 -0.03004794 0.02079477
v -0.02359911 -0.03315778 0.02237311
v -0.02358055 -0.03595772 0.01305818
v 0.04029604 0.01381051 0.01705305
v 0.00700938 -0.03461602 0.03341962
v 0.00720363 -0.03557533 0.03096092
v -0.00247293 -0.04062317 0.02237311
v -0.00251818 -0.04136645 0.02079477
v 0.0051717 -0.04111907 0.02079477
v 0.00507877 -0.04038023 0.02237311
v -0.02403091 -0.03376447 0.02079477
v -0.01798594 -0.03894649 0.01506576
v -0.01679103 -0.03958613 0.01305818
v -0.01040308 -0.04130711 0.01705305
v -0.00258829 -0.04251825 0.01705305
v -0.002562 -0.0420864 0.01877914
v -0.01029741 -0.04088755 0.01877914
v -0.01785932 -0.03867229 0.01705305
v 0.03219429 0.02722786 0.01877914
v 0.0053157 -0.04226399 0.01705305
v 0.00526171 -0.04183471 0.01877914
v 0.01940281 0.03577552 0.02237311
v -0.01012126 -0.04018811 0.02079477
v 0.03539748 0.02008419 0.02237311
v 0.02687951 0.03304532 0.01705305
v 0.03252464 0.02750725 0.01705305
v 0.03704879 0.02102113 0.01705305
v -0.0170633 -0.03694862 0.02237311
v -0.01737551 -0.03762467 0.02079477
v -0.0099394 -0.039466 0.02237311
v -0.02444914 -0.03435212 0.01877914
v -0.01767792 -0.0382795 0.01877914
v 0.00584368 0.04249911 0.01506576
v 0.01332806 0.04077604 0.01506576
v 0.01245543 -0.03874557 0.02237311
v 0.01268333 -0.0394545 0.02079477
v 0.03210663 -0.02799402 0.01705305
v 0.02660048 -0.03327034 0.01705305
v 0.02678908 -0.03350624 0.01506576
v 0.03233428 -0.02819251 0.01506576
v 0.0263303 -0.03293242 0.01877914
v 0.03178053 -0.02770969 0.01877914
v 0.02038526 -0.03774605 0.01506576
v -0.02335953 0.03562069 0.01705305
v -0.02954472 0.03110358 0.01506576
v 0.03655934 0.02263658 0.01
v -0.00944109 0.04184721 0.01506576
v -0.001828 0.04286002 0.01506576
v -0.00946332 0.04194574 0.01305818
v -0.01663364 0.03921509 0.01705305
v 0.04026567 -0.01508894 0.01305818
v 0.04231089 -0.00766734 0.01305818
v 0.04289899 -0 0.01506576
v 0.04258087 0.00521462 0.01506576
v -0.00256769 0.03620331 0.03096796
v -0.00249823 0.03522402 0.03343643
v 0.043 0 0.01305818
v 0.04185084 -0.00513181 0.01877914
v 0.04169159 -0.00511227 0.01929136
v 0.04231089 0.00766734 0.01305818
v 0.043 0 0.01
v 0.04226784 0.00790123 0.01
v 0.01916675 0.03849202 0.01
v 0.02043326 0.03783493 0.01305818
v -0.01176751 0.0413585 0.01
v -0.01176751 -0.0413585 0.01
v -0.01916675 -0.03849202 0.01
v -0.02591329 -0.03431474 0.01
v -0.03177738 -0.02896891 0.01
v -0.03655934 -0.02263658 0.01
v -0.04009631 -0.01553339 0.01
v -0.04226784 -0.00790123 0.01
v -0.0428723 -0.00331152 0.01162479
v -0.043 0 0.01
v -0.043 0 0.0115
v -0.04226784 0.00790123 0.01
v -0.04009631 0.01553339 0.01
v -0.04140421 0.01160568 0.01305818
v -0.03867126 0.01880249 0.01305818
v -0.03655934 0.02263658 0.01
v -0.03469885 0.02539665 0.01305818
v -0.03177738 0.02896891 0.01
v -0.02961429 0.03117681 0.01305818
v -0.02591329 0.03431474 0.01
v -0.01916675 0.03849202 0.01
v -0.00396754 -0.04281657 0.01
v 0.00396754 -0.04281657 0.01
v 0.01176751 -0.0413585 0.01
v 0.01335944 -0.04087206 0.01305818
v 0.03177738 -0.02896891 0.01
v 0.03241041 -0.02825889 0.01305818
v 0.03655934 -0.02263658 0.01
v 0.03692987 -0.02202691 0.01305818
v 0.04009631 -0.01553339 0.01
v 0.04226784 -0.00790123 0.01
v -0.00265684 -0.03746031 0.02834662
v -0.00944774 -0.03634658 0.02834662
v -0.02359911 0.03315778 0.02237311
v 0.04009631 0.01553339 0.01
v 0.00031832 -0.03531712 0.03341962
v 0.00364665 -0.03512979 0.03341962
v 0.00355856 -0.03428125 0.03607412
v 0.01287572 0.03939214 0.02079477
v 0.00564535 0.04105672 0.02079477
v 0.04169269 0.00510586 0.01929061
v -0.03972254 0.01630309 0.01463182
v 0.02045194 0.03770996 0.01506576
v 0.01312891 -0.0408406 0.01506576
v 0.0057436 0.04177128 0.01877914
v 0.0385 -0.00738669 0.0196104
v 0.0385 -0 0.019
v 0.0385 0.00738669 0.0196104
v 0.0385 0.01319496 0.02237311
v -0.03402448 0.02490307 0.01877914
v 0.02030796 0.03744447 0.01705305
v 0.02234615 -0.02860324 0.03096092
v 0.02312006 -0.02959386 0.02834662
v -0.01618304 0.03815277 0.02079477
v 0.00580254 0.0421999 0.01705305
v 0.01309981 0.04007772 0.01877914
v 0.01323423 0.04048897 0.01705305
v -0.03858041 0.01875832 0.01506576
v 0.00422327 -0.03731618 0.02834662
v 0.0356384 -0.01745333 0.02430305
v 0.03215189 -0.0214594 0.0262559
v -0.00944774 0.03634658 0.02834662
v 0.02257961 -0.02841944 0.03096096
v -0.00537357 -0.03589737 0.03096092
v -0.00249866 -0.03523006 0.03341962
v -0.00523076 -0.03494334 0.03338059
v -0.00256791 -0.03620638 0.03096092
v 0.00684262 -0.03379247 0.03602913
v 0.00032714 -0.03629585 0.03096092
v 0.00718142 0.03557668 0.03096796
v 0.00374771 -0.03610333 0.03096092
v 0.0165825 -0.03118381 0.03341967
v -0.00537266 0.03589439 0.03096796
v -0.00913072 0.03512695 0.03096796
v 0.0385 -0.01253872 0.02269815
v 0.0385 -0.0126719 0.02266944
v 0.0385 -0.01215889 0.02270421
v 0.0385 -0.00782031 0.02171711
v 0.0385 -0.00392656 0.02117965
v 0.0385 0 0.021
v 0.0385 0.00392656 0.02117965
v 0.0385 0.00782031 0.02171711
vn -0.99994 0.01054 -5E-05
vn -1 0.00255 1E-05
vn -1 0.00129 0
vn -0.99996 0.00938 0
vn -0.99769 -0.03025 0.06084
vn -0.9923 -0 0.12383
vn -0.9923 0.02754 0.12072
vn -0.99759 0.031 0.06207
vn -0.61043 -0.78629 -0.09557
vn -0.59813 -0.8014 1E-05
vn -0.63605 -0.77165 -1E-05
vn -0.62934 -0.77152 -0.09323
vn -0.06569 0.65346 -0.7541
vn -0.06562 0.68857 -0.72219
vn -0.00066 0.75102 -0.66028
vn -0.00066 0.62042 -0.78427
vn -0.99338 0.02556 -0.11203
vn -0.99337 0.04986 -0.10359
vn -0.67248 0.30092 -0.67618
vn -0.88678 0.10285 -0.4506
vn -0.55881 0.82929 3E-05
vn -0.44459 0.89574 0
vn -0.44459 0.89574 -0
vn -0.5588 0.8293 -1E-05
vn -0.62937 0.51531 0.58168
vn -0.64421 0.56357 0.51709
vn -0.65014 0.55838 0.5153
vn -0.65013 0.50386 0.56874
vn -0.32257 0.94655 1E-05
vn -0.32256 0.92836 -0.18466
vn -0.44457 0.87853 -0.17475
vn -0.59811 -0.09659 0.79557
vn -0.59794 -1E-05 0.80154
vn -0.63602 0 0.77167
vn -0.6293 -0.09342 0.77153
vn -0.55882 0.81335 -0.1618
vn -0.44295 0.8283 -0.34309
vn -0.55882 0.76616 -0.31736
vn -0.13055 -0.74933 0.64921
vn -0.19496 -0.69354 0.69354
vn -0.19495 -0.81552 0.54491
vn -0.13044 -0.77933 0.61288
vn -0.06569 -0.9697 -0.2353
vn -0.0657 -0.95743 -0.28108
vn -0.00065 -0.93568 -0.35285
vn -0.00068 -0.98379 -0.17935
vn -0.88678 -0 0.4622
vn -0.88678 -0.10285 0.4506
vn -0.67251 -0.15384 0.72392
vn -0.80189 -0 0.59747
vn -0.57467 0.09865 -0.81242
vn -0.59031 -1E-05 -0.80718
vn -0.60906 0.01598 -0.79297
vn -0.60904 0.09562 -0.78735
vn -0.59813 -0.53143 0.59986
vn -0.62941 -0.51526 0.58168
vn -0.62957 -0.58188 0.51484
vn -0.59813 -0.59978 0.53151
vn -0.59032 -0.78372 -0.19315
vn -0.61027 -0.76917 -0.18958
vn -0.61039 -0.74063 -0.28088
vn -0.59031 -0.75472 -0.28623
vn -0.32257 0.8745 -0.36223
vn -0.19491 0.96197 -0.19135
vn -0.19494 0.90616 -0.37534
vn -0.99337 -0.10355 -0.04987
vn -0.99337 -0.09508 -0.06455
vn -0.88677 -0.3824 -0.25963
vn -0.88677 -0.41644 -0.20055
vn -0.99337 -0.11207 -0.02557
vn -0.99337 -0.10658 -0.04304
vn -0.88677 -0.42859 -0.17309
vn -0.88677 -0.45063 -0.10284
vn -0.99337 0.09341 -0.06699
vn -0.9923 -0.11156 0.05373
vn -0.99337 0.10356 -0.04986
vn -0.88678 0.38769 -0.25164
vn -0.57468 0.7946 -0.19584
vn -0.60896 0.77015 -0.18983
vn -0.60907 0.78733 -0.0956
vn -0.99337 0.09221 0.06859
vn -0.99337 0.08888 0.07291
vn -0.88677 0.36185 0.28758
vn -0.89235 0.35781 0.27512
vn -0.61043 -0.59289 -0.52522
vn -0.63301 -0.57679 -0.51635
vn -0.62935 -0.51524 -0.58177
vn -0.61097 -0.52498 -0.59254
vn -0.99855 -0.0538 -2E-05
vn -0.99772 -0.03001 -0.06044
vn -0.99375 -0.0928 -0.06203
vn -0.99604 -0.08889 -4E-05
vn -0.9923 -0.12384 0
vn -0.99337 0.11497 -2E-05
vn -0.99337 0.11284 -0.02193
vn -0.9923 -0.12072 0.02755
vn -0.88678 0.20056 -0.41641
vn -0.88677 0.27162 -0.37399
vn -0.8019 0.35109 -0.48342
vn -0.80191 0.25923 -0.53827
vn -0.61424 0.62533 -0.48132
vn -0.57466 0.67354 -0.46489
vn -0.57466 0.61257 -0.54269
vn -0.61515 0.61651 -0.49143
vn -0.99337 0.02392 0.11242
vn -0.9923 -0.02755 -0.12074
vn -0.9923 -1E-05 -0.12383
vn -0.99338 1E-05 0.1149
vn -0.80192 -0.58647 0.11395
vn -0.8019 -0.55399 0.22373
vn -0.88677 -0.42858 0.17308
vn -0.88676 -0.45374 0.08817
vn -0.88676 0.45063 0.10284
vn -0.88677 0.42859 0.17308
vn -0.80191 0.55398 0.22372
vn -0.80189 0.58249 0.13294
vn -0.67251 -0.15385 -0.72392
vn -0.65015 -0.18185 -0.73772
vn -0.65016 -0.26942 -0.71043
vn -0.67245 -0.30093 -0.67621
vn -0.64951 0.73825 -0.18197
vn -0.62929 0.75459 -0.18599
vn -0.62929 0.72667 -0.27559
vn -0.64953 0.71093 -0.2696
vn -0.93781 0.34716 -0
vn -0.99337 0.11496 1E-05
vn -0.9378 0.34717 1E-05
vn -0.9923 0.12386 -1E-05
vn -0.99337 -0.11495 -1E-05
vn -0.99337 -0.11497 2E-05
vn -0.9923 0.12385 -0
vn -0.99604 -0.08888 4E-05
vn -0.9923 -0.12385 -1E-05
vn -0.06587 -0.04701 -0.99672
vn -0.06581 -0 -0.99783
vn -0.00084 0 -1
vn -0.00088 -0.04277 -0.99908
vn -0.99604 0.08891 0
vn -0.99604 0.08891 -0
vn -0.99855 0.05389 -2E-05
vn -0.99855 0.05386 -1E-05
vn -0.99999 -0.00506 3E-05
vn -0.99998 -0.0057 -0
vn -0.99988 -0.01573 -0
vn -0.99989 -0.01462 -1E-05
vn -0.99988 -0.01533 -0
vn -0.99987 -0.01596 0
vn -0.99998 -0.00607 -0
vn -0.99998 -0.00559 -3E-05
vn -0.59028 -0.28622 -0.75475
vn -0.59029 -0.19318 -0.78373
vn -0.55886 -0.16179 -0.81333
vn -0.55911 -0.31674 -0.76621
vn -0.9923 0.12073 0.02756
vn -0.9999 0.01362 0.004
vn -0.99982 0.01874 -0
vn -0.99855 -0.05384 -0
vn -0.99989 -0.01418 0.00362
vn -0.99983 -0.01868 -1E-05
vn -0.99761 0.03093 -0.0618
vn -0.99375 0.0928 -0.06203
vn -0.99375 0.0928 0.06203
vn -0.9923 0.07722 0.09683
vn -0.99231 0.09681 0.07719
vn -0.9923 0.11158 0.05373
vn -0.9923 0.02757 -0.12074
vn -0.9923 0.05373 0.11158
vn -0.9999 0.01334 0.00412
vn -0.99995 0.00808 0.00647
vn -0.99997 0.00241 0.00764
vn -0.9923 -0.07723 0.09683
vn -0.9923 -0.05374 0.11158
vn -0.9923 -0.02755 0.12073
vn -0.99997 0.0024 -0.00765
vn -0.99997 -0.00339 -0.00752
vn -0.99997 -0.00336 0.00753
vn -0.99994 -0.00897 0.00615
vn -0.99375 -0.0928 0.06203
vn -0.9923 -0.09681 0.0772
vn -0.60907 0.18981 -0.77007
vn -0.57464 0.19588 -0.79462
vn -0.13089 0.57548 -0.80727
vn -0.06567 0.57876 -0.81285
vn -0.06561 0.53947 -0.83944
vn -0.13055 0.53576 -0.83422
vn -0.6698 0.6244 -0.40187
vn -0.6725 0.6208 -0.40293
vn -0.67241 0.68632 -0.27716
vn -0.62743 0.01038 -0.7786
vn -0.64354 2E-05 -0.76541
vn -0.62593 0.01483 -0.77973
vn -0.62838 0.00533 -0.77789
vn -0.62868 0 -0.77766
vn -0.60739 0.01179 -0.79431
vn -0.60625 0.00698 -0.79524
vn -0.60585 0.00352 -0.79557
vn -0.60572 0 -0.79568
vn -0.67247 0 0.74013
vn -0.64948 -0.09166 0.75483
vn -0.64949 0.75482 -0.09166
vn -0.67246 0.72654 -0.14118
vn -0.6725 0.7401 -1E-05
vn -0.00066 0.4697 -0.88282
vn -0.64952 -0.71094 0.2696
vn -0.6724 -0.68635 0.27711
vn -0.67231 -0.72666 0.14128
vn -0.64951 -0.73825 0.18197
vn -0.62929 0.18599 -0.75459
vn -0.62929 0.27559 -0.72667
vn -0.60907 0.28124 -0.74158
vn -0.62953 -0.27552 0.72649
vn -0.64953 -0.2696 0.71093
vn -0.64949 -0.35335 0.67328
vn -0.62953 -0.36108 0.68798
vn -0.64953 -0.18199 0.73823
vn -0.62956 -0.18594 0.75437
vn -0.6297 -0.75427 -0.18591
vn -0.6296 -0.75434 0.18593
vn -0.64949 -0.75482 0.09166
vn -0.6293 -0.77153 0.09342
vn -0.62955 -0.68797 0.36105
vn -0.64362 -0.64557 0.41108
vn -0.6495 -0.64267 0.40636
vn -0.64952 -0.67325 0.35334
vn -0.64949 0.67327 -0.35337
vn -0.64951 0.64264 -0.4064
vn -0.65544 0.63868 -0.40309
vn -0.66129 0.6337 -0.40139
vn -0.667 0.62776 -0.40128
vn -0.62957 0.68796 -0.36105
vn -0.63796 0.64735 -0.41707
vn -0.64363 0.64557 -0.41108
vn -0.57465 0.76522 -0.29019
vn -0.60904 0.70229 -0.36859
vn -0.62755 0.64753 -0.43231
vn -0.63253 0.64805 -0.42419
vn -0.60907 0.74158 -0.28124
vn -0.62959 0.77127 -0.09362
vn -0.60906 0.65273 -0.45055
vn -0.61473 0.63234 -0.47144
vn -0.61651 0.63816 -0.46116
vn -0.61935 0.64264 -0.45102
vn -0.62309 0.64577 -0.4413
vn -0.60904 0.59365 -0.52597
vn -0.62957 0.58188 -0.51484
vn -0.62268 0.59425 -0.50906
vn -0.61791 0.60599 -0.50096
vn -0.6495 0.50421 -0.56914
vn -0.67248 0.5499 -0.49536
vn -0.66423 0.55073 -0.50547
vn -0.65533 0.55476 -0.51263
vn -0.64629 0.56161 -0.51663
vn -0.6725 0.43492 -0.59883
vn -0.62958 0.51521 -0.58154
vn -0.63761 0.57083 -0.51731
vn -0.55873 0.68959 -0.46075
vn -0.55884 0.58639 -0.58638
vn -0.64951 0.43192 -0.62576
vn -0.57468 0.29021 -0.76519
vn -0.57468 0.54269 -0.61257
vn -0.55881 0.46072 -0.68954
vn -0.64949 0.35335 -0.67328
vn -0.62956 -0.72646 0.27551
vn -0.60905 0.52595 -0.59367
vn -0.57468 0.46491 -0.6735
vn -0.62929 0.36117 -0.68815
vn -0.60904 0.36859 -0.70229
vn -0.60907 0.45054 -0.65272
vn -0.67252 -0.30091 0.67615
vn -0.6495 0.26963 -0.71095
vn -0.64951 -0.43193 0.62576
vn -0.62953 -0.44137 0.63944
vn -0.62929 0.44148 -0.6396
vn -0.62957 0.09363 -0.77128
vn -0.55882 0.31735 -0.76617
vn -0.64952 0.09165 -0.7548
vn -0.67247 1E-05 -0.74013
vn -0.67247 0.15385 -0.72396
vn -0.65808 -1E-05 -0.75294
vn -0.62392 0.01845 -0.78127
vn -0.6495 0.18196 -0.73827
vn -0.61895 0.02246 -0.78511
vn -0.62157 0.02107 -0.78307
vn -0.55883 0.16179 -0.81335
vn -0.61363 0.02153 -0.7893
vn -0.61626 0.02263 -0.78722
vn -0.61118 0.01928 -0.79126
vn -0.55882 -0 -0.82929
vn -0.57465 -4E-05 -0.8184
vn -0.44448 -0.87858 -0.17476
vn -0.44459 -0.89574 -0
vn -0.55882 -0.82929 -3E-05
vn -0.55886 -0.81333 -0.16179
vn -0.32237 -0.92842 0.18468
vn -0.32258 -0.94654 4E-05
vn -0.19494 -0.98081 0
vn -0.19496 -0.96196 0.19135
vn -0.32132 -0.92877 -0.18474
vn -0.32257 -0.94655 -4E-05
vn -0.19491 0.96197 0.19135
vn -0.3228 0.92828 0.18464
vn -0.32252 0.87451 0.36224
vn -0.19494 0.90615 0.37534
vn -0.55885 -0.76616 -0.31731
vn -0.44444 -0.82762 -0.34281
vn -0.32261 -0.87448 -0.36222
vn -0.32132 -0.18475 0.92877
vn -0.19491 -0.19135 0.96198
vn -0.19491 0 0.98082
vn -0.32261 -0 0.94653
vn -0.44448 0.63342 0.63342
vn -0.44457 0.49765 0.74478
vn -0.32261 0.52587 0.78701
vn -0.32257 0.66931 0.66931
vn -0.55886 -0.6895 -0.46072
vn -0.44457 -0.74478 -0.49765
vn -0.44453 0.17475 0.87855
vn -0.55884 0.16178 0.81334
vn -0.55881 -0 0.8293
vn -0.44457 2E-05 0.89574
vn -0.32257 -0.66931 -0.66931
vn -0.32247 -0.52589 -0.78705
vn -0.1949 -0.54492 -0.81552
vn -0.19496 -0.69354 -0.69354
vn -0.44457 -0.49765 -0.74478
vn -0.44448 -0.3428 -0.8276
vn -0.32261 -0.36222 -0.87448
vn -0.32257 -0.78703 -0.52587
vn -0.19495 -0.81552 -0.54491
vn -0.44457 0.17475 -0.87853
vn -0.44448 0.3428 -0.8276
vn -0.44457 0.63339 -0.63338
vn -0.44457 0.74479 -0.49764
vn -0.32213 0.78715 -0.52595
vn -0.32132 0.66961 -0.66961
vn -0.19494 -0.98082 -0
vn -0.19491 -0.96197 -0.19135
vn -0.44457 -0.17475 -0.87853
vn -0.44448 0 -0.89579
vn -0.44439 0.87862 0.17477
vn -0.44457 0.82756 0.34279
vn -0.19496 -0 -0.98081
vn -0.19496 -0.19135 -0.96197
vn -0.32252 -0.18467 -0.92838
vn -0.32256 0 -0.94655
vn -0.32132 0.18474 -0.92877
vn -0.19496 0.19135 -0.96196
vn -0.44327 -0.63384 -0.63384
vn -0.13065 0.9903 -0.04732
vn -0.19494 0.98082 -0
vn -0.13042 0.99146 2E-05
vn -0.13042 0.98137 0.1411
vn -0.1305 0.98696 0.09422
vn -0.19494 0.98081 0
vn -0.13044 0.98697 -0.09423
vn -0.13038 0.97357 -0.18754
vn -0.13042 0.98137 -0.1411
vn -0.13058 0.96346 -0.23385
vn -0.19494 0.37534 -0.90616
vn -0.13038 0.32431 -0.93692
vn -0.13043 0.27933 -0.9513
vn -0.13043 0.9513 -0.27933
vn -0.13041 0.92039 -0.36861
vn -0.1305 0.93694 -0.32422
vn -0.13112 0.90152 -0.41238
vn -0.06568 0.99671 -0.04753
vn -0.06577 0.99783 -1E-05
vn -0.00075 1 7E-05
vn -0.06568 -0.99671 0.04753
vn -0.13065 -0.9903 0.04732
vn -0.13042 -0.99146 -2E-05
vn -0.06577 -0.99783 1E-05
vn -0.13046 0.74931 0.64925
vn -0.06556 0.75391 0.6537
vn -0.06501 0.78479 0.61635
vn -0.13049 0.77932 0.61289
vn -0.19495 0.81552 0.54491
vn -0.13046 0.85864 0.49571
vn -0.13053 0.88124 0.45429
vn -0.13049 0.88124 -0.4543
vn -0.06568 -0.99671 -0.04753
vn -0.06568 -0.99333 -0.09481
vn -0.00075 -1 6E-05
vn -0.06502 -0.78479 0.61635
vn -0.13089 -0.80727 0.57548
vn -0.0657 -0.81283 0.57878
vn -0.06473 0.98785 -0.14127
vn -0.06568 0.99333 -0.09481
vn -0.00068 0.98379 -0.17935
vn -0.13055 0.83422 -0.53576
vn -0.19495 0.81552 -0.54491
vn -0.13041 0.85863 -0.49573
vn -0.06473 -0.98785 -0.14127
vn -0.13042 -0.98137 -0.1411
vn -0.13038 -0.97357 -0.18754
vn -0.06567 -0.97977 -0.18904
vn -0.06567 0.97977 -0.18904
vn -0.13089 0.80727 -0.57548
vn -0.13089 -0.57548 -0.80727
vn -0.06567 -0.57876 -0.81285
vn -0.06573 -0.61678 -0.78439
vn -0.13039 -0.61288 -0.77934
vn -0.06565 0.9697 -0.23533
vn -0.13046 -0.7493 -0.64925
vn -0.13044 -0.77933 -0.61288
vn -0.13044 0.77933 -0.61288
vn -0.13044 -0.98697 -0.09423
vn -0.06552 0.9697 0.23536
vn -0.13038 0.96352 0.23372
vn -0.13043 0.9513 0.27933
vn -0.06566 0.95744 0.28108
vn -0.06594 0.94289 -0.3265
vn -0.0657 0.95743 -0.28108
vn -0.00065 0.93568 -0.35285
vn -0.13043 -0.9513 -0.27933
vn -0.13047 -0.93693 -0.32426
vn -0.0652 -0.94317 -0.32585
vn -0.13043 0.71756 -0.68418
vn -0.19496 0.69354 -0.69354
vn -0.13046 0.74931 -0.64925
vn -0.06545 0.92623 -0.37125
vn -0.06545 -0.92623 -0.37125
vn -0.13044 -0.92051 -0.3683
vn -0.13112 -0.90152 -0.41238
vn -0.06564 -0.90765 -0.41456
vn -0.13041 -0.64927 0.74929
vn -0.06556 -0.65369 0.75391
vn -0.06539 -0.61658 0.78457
vn -0.13044 -0.61288 0.77934
vn -0.1307 0.68386 -0.71781
vn -0.06559 0.90765 -0.41458
vn -0.0657 -0.88694 -0.4572
vn -0.00063 -0.85724 -0.51491
vn -0.13046 0.64925 -0.7493
vn -0.06567 0.3709 -0.92635
vn -0.13044 0.3683 -0.92051
vn -0.1305 0.41193 -0.90182
vn -0.06562 0.41445 -0.9077
vn -0.13046 -0.64925 -0.7493
vn -0.06574 -0.65343 -0.75412
vn -0.06564 -0.68859 -0.72218
vn -0.13042 -0.68418 -0.71756
vn -0.06552 0.86434 -0.49862
vn -0.0657 0.88694 -0.45719
vn -0.00063 0.85724 -0.51491
vn -0.1949 0.54492 -0.81552
vn -0.13044 0.61288 -0.77933
vn -0.0657 0.8394 -0.53953
vn -0.06573 -0.83942 0.53949
vn -0.13055 -0.83422 0.53576
vn -0.13041 -0.85863 0.49573
vn -0.06574 -0.86415 0.49892
vn -0.13044 0.45431 -0.88124
vn -0.06562 0.457 -0.88704
vn -0.06563 0.8128 -0.57883
vn -0.13046 0.49571 -0.85864
vn -0.06563 -0.8128 -0.57883
vn -0.13056 -0.80751 -0.57522
vn -0.06567 -0.7844 -0.61677
vn -0.13041 -0.49573 -0.85863
vn -0.19494 -0.37534 -0.90616
vn -0.13044 -0.45431 -0.88124
vn -0.0657 -0.75421 -0.65333
vn -0.1307 -0.71781 -0.68386
vn -0.06562 -0.7221 -0.68867
vn -0.06591 -0.09381 -0.99341
vn -0.13046 -0.09426 -0.98696
vn -0.13057 -0.04727 -0.99031
vn -0.0657 0.75421 -0.65333
vn -0.06565 0.78443 -0.61673
vn -0.06562 0.7221 -0.68867
vn -0.00066 -0.62042 -0.78427
vn -0.00066 -0.75102 -0.66028
vn -0.06568 -0.23523 -0.96972
vn -0.1314 -0.23441 -0.96322
vn -0.13038 -0.18754 -0.97357
vn -0.06566 -0.18889 -0.9798
vn -0.13053 -0.32418 -0.93695
vn -0.13043 -0.27933 -0.9513
vn -0.06573 0.61678 -0.78439
vn -0.1305 0.2338 -0.96349
vn -0.13038 0.18754 -0.97357
vn -0.06564 -0.53951 -0.83942
vn -0.00066 -0.4697 -0.88282
vn -0.13055 -0.53576 -0.83422
vn -0.13044 -0.3683 0.92051
vn -0.06572 -0.3709 0.92634
vn -0.06556 -0.32606 0.94307
vn -0.13045 -0.32425 0.93693
vn -0.13045 0.14106 -0.98137
vn -0.06587 0.49884 -0.86418
vn -0.13038 -0.14113 -0.98137
vn -0.06561 -0.49903 -0.8641
vn -0.06562 -0.457 -0.88704
vn -0.13036 -0 -0.99147
vn -0.13069 0.04734 -0.99029
vn -0.13046 0.09426 -0.98696
vn -0.13061 0.90177 0.41201
vn -0.0657 0.90766 0.41454
vn -0.06565 0.92633 0.37096
vn -0.13044 0.92051 0.3683
vn -0.06531 0.32684 -0.94282
vn -0.00069 0.30379 -0.95274
vn -0.06536 0.28068 -0.95757
vn -0.62941 -0.0937 -0.7714
vn -0.65015 -0.09158 -0.75427
vn -0.62532 -0.01614 -0.7802
vn -0.06564 0.23521 -0.96973
vn -0.06573 0.88692 0.45722
vn -0.06508 -0.83914 -0.54001
vn -0.13055 -0.83422 -0.53576
vn -0.06558 0.14216 -0.98767
vn -0.06563 0.18893 -0.97979
vn -0.00077 0.12795 -0.99178
vn -0.0656 -0.1424 -0.98763
vn -0.06536 -0.28068 -0.95757
vn -0.5903 -0.8013 -0.09729
vn -0.88677 -0.34341 -0.30936
vn -0.88677 -0.28819 -0.36137
vn -0.80191 -0.3725 -0.46711
vn -0.8019 -0.44391 -0.39987
vn -0.67246 -0.72655 -0.14119
vn -0.9378 -0.34717 -1E-05
vn -0.99982 0.01878 -0
vn -0.99989 0.01472 -1E-05
vn -0.99989 0.01455 -1E-05
vn -0.99991 0.01368 1E-05
vn -0.99992 0.0127 0
vn -0.99999 -0.00471 2E-05
vn -1 -0.00104 -1E-05
vn -1 0.00267 1E-05
vn -0.99998 0.0055 -1E-05
vn -0.99997 -0.00777 -3E-05
vn -0.99997 0.00817 2E-05
vn -0.99996 0.00844 -2E-05
vn -0.99994 -0.01065 0
vn -0.99993 0.01164 -3E-05
vn -1 5E-05 -1E-05
vn -0.99999 0.00374 1E-05
vn -0.99999 0.00505 0.00021
vn -0.99992 -0.01275 -1E-05
vn -1 -0.0014 -3E-05
vn -0.99998 0.00565 0
vn -0.99998 0.00613 -0
vn -1 -0.00279 1E-05
vn -0.99999 -0.00399 -2E-05
vn -0.99998 0.00582 1E-05
vn -0.99998 0.00619 0
vn -0.99998 0.00633 -0
vn -0.99999 0.00509 0
vn -0.99998 -0.00614 1E-05
vn -0.99998 -0.00619 0
vn -0.99992 0.0127 -1E-05
vn -0.99999 0.00435 -0.00027
vn -0.99993 0.01165 3E-05
vn -1 0.00151 0
vn -1 0.00292 -6E-05
vn -0.99991 0.0137 -1E-05
vn -0.99999 -0.00471 -0
vn -0.99999 -0.00367 -6E-05
vn -0.99994 0.01055 2E-05
vn -1 5E-05 -2E-05
vn -0.99989 0.01456 0
vn -0.99989 0.0147 -2E-05
vn -0.99996 0.00939 0.00012
vn -0.99991 -0.01378 1E-05
vn -1 -0.00234 1E-05
vn -1 -0.00118 -1E-05
vn -0.99982 0.01883 -0
vn -0.99982 0.01879 -1E-05
vn -0.99993 -0.01194 -0
vn -0.99995 -0.00962 0
vn -0.99996 0.00846 -0
vn -0.99997 0.00817 -0
vn -1 -0.00276 1E-05
vn -0.99999 0.00473 -2E-05
vn -1 0.00101 -1E-05
vn -0.99998 -0.00636 -0
vn -0.99982 -0.01873 -1E-05
vn -0.99975 -0.02252 0
vn -0.99968 -0.02512 0
vn -0.99965 -0.02635 0
vn -0.99982 -0.01875 -1E-05
vn -0.99983 -0.01869 -1E-05
vn -0.99966 -0.02626 0
vn -0.99969 -0.02474 -0
vn -0.99975 -0.02222 1E-05
vn -0.06569 -0.04753 0.99671
vn -0.06565 -0.09483 0.99333
vn -0.00066 -0.17366 0.98481
vn -0.00064 -0 1
vn -0.67248 -0.74012 0
vn -0.65013 -0.75428 -0.09159
vn -0.59813 0.8014 -1E-05
vn -0.82877 -0.55959 2E-05
vn -0.99337 0.11207 0.02557
vn -0.67246 0.72655 0.14119
vn -0.82877 -0.55959 3E-05
vn -0.6725 -0.7401 0
vn -0.93781 -0.34715 0
vn -0.88676 0.45374 -0.08816
vn -0.99337 -0.11284 0.02193
vn -0.9923 0.12072 -0.02755
vn -0.99337 -0.10659 0.04304
vn -0.80189 0.5383 -0.25923
vn -0.8019 0.55399 -0.22372
vn -0.99337 0.10659 -0.04304
vn -0.88677 -0.41644 0.20055
vn -0.8019 -0.53829 0.25924
vn -0.8019 0.50114 -0.32529
vn -0.74527 0.55622 -0.36768
vn -0.80206 0.49464 -0.33471
vn -0.84334 0.44117 -0.30683
vn -0.99337 -0.09341 0.06699
vn -0.9923 0.11156 -0.05373
vn -0.99337 -0.10356 0.04986
vn -0.88678 -0.38769 0.25163
vn -0.88677 0.41644 -0.20055
vn -0.88677 0.37561 -0.26936
vn -0.87105 0.39916 -0.28626
vn -0.88692 0.37115 -0.27499
vn -0.88677 0.34965 -0.3023
vn -0.87305 0.37749 -0.30868
vn -0.84688 0.40677 -0.34253
vn -0.80704 0.4467 -0.38619
vn -0.75199 0.49388 -0.43657
vn -0.71477 0.52164 -0.46584
vn -0.99337 0.0901 -0.07136
vn -0.89236 0.35826 -0.27449
vn -0.88787 0.36069 -0.28563
vn -0.99337 0.08694 -0.07517
vn -0.99337 -0.08695 0.07517
vn -0.99337 -0.0901 0.07136
vn -0.87306 -0.37749 0.30867
vn -0.88677 -0.34965 0.3023
vn -0.88677 0.2882 -0.36137
vn -0.99338 -0.07165 -0.08984
vn -0.99337 -0.06755 -0.09299
vn -0.88677 -0.2716 -0.37398
vn -0.99337 0.07166 -0.08987
vn -0.8019 0.24295 0.54583
vn -0.8019 0.3511 0.4834
vn -0.88677 0.27161 0.37398
vn -0.88679 0.18794 0.42224
vn -0.99337 0.06755 -0.09301
vn -0.8019 -0.3511 0.48341
vn -0.80191 -0.25923 0.53827
vn -0.88677 -0.20056 0.41644
vn -0.88677 -0.27163 0.37398
vn -0.99337 -0.04987 0.10359
vn -0.99337 -0.06755 0.09301
vn -0.8019 0.13295 -0.58248
vn -0.99338 -0.02556 0.11203
vn -0.9923 -0.12073 -0.02756
vn -0.80189 0 -0.59747
vn -0.8019 -0.24295 -0.54583
vn -0.8019 -0.12418 -0.58441
vn -0.88675 0.09607 0.45215
vn -0.8019 0.12419 0.58441
vn -0.99337 -0.02393 -0.11243
vn -0.88676 -0.09606 -0.45215
vn -0.67248 0.15384 0.72395
vn -0.67248 0.30085 0.67621
vn -0.88678 0 -0.4622
vn -0.99337 -0.04676 -0.105
vn -0.88679 -0.18795 -0.42223
vn -0.99337 0.06755 0.09299
vn -0.9923 -0.05374 -0.11157
vn -0.67246 -0.43494 -0.59885
vn -0.67249 -0.54989 -0.49536
vn -0.8019 -0.3511 -0.4834
vn -0.80191 0.37251 0.4671
vn -0.88677 0.28819 0.36137
vn -0.74516 -0.49921 -0.44219
vn -0.8019 -0.45145 -0.39134
vn -0.8019 0.44391 0.39987
vn -0.88677 0.34341 0.30936
vn -0.84315 -0.41075 -0.34697
vn -0.88677 -0.35736 -0.29315
vn -0.87085 -0.38004 -0.31176
vn -0.88677 -0.36184 -0.28758
vn -0.99337 0.08541 0.07694
vn -0.99337 0.07168 0.08988
vn -0.99337 -0.08541 -0.07694
vn -0.88692 -0.37115 0.27499
vn -0.89236 -0.35826 0.27449
vn -0.99337 -0.08887 -0.07291
vn -0.88677 0.35736 0.29315
vn -0.87346 -0.39517 -0.28444
vn -0.84756 -0.43516 -0.30378
vn -0.8082 -0.48723 -0.33077
vn -0.75404 -0.54744 -0.36295
vn -0.99337 -0.09221 -0.06859
vn -0.89235 -0.35781 -0.27512
vn -0.88807 -0.36887 -0.27434
vn -0.99337 0.09508 0.06455
vn -0.87346 0.39517 0.28444
vn -0.88679 0.38238 0.25959
vn -0.716 -0.58385 -0.38271
vn -0.67249 -0.6208 -0.40296
vn -0.67251 -0.68623 -0.27715
vn -0.88677 0.41644 0.20055
vn -0.99337 0.10356 0.04987
vn -0.80191 -0.55398 -0.22372
vn -0.8019 -0.58248 -0.13294
vn -0.99337 0.10659 0.04304
vn -0.99338 0 -0.1149
vn -0.9999 0.01364 -0.00402
vn -0.99989 -0.01419 -0.00362
vn -0.9923 0.09682 -0.0772
vn -0.9923 0.07723 -0.09683
vn -0.99995 0.00807 -0.00648
vn -0.9999 0.01336 -0.00413
vn -0.9923 0.05374 -0.11158
vn -0.99994 -0.00899 -0.00615
vn -0.9923 -0.07722 -0.09684
vn -0.9923 -0.09684 -0.07722
vn -0.9923 -0.11157 -0.05373
vn -0.62854 -0.00358 -0.77777
vn -0.62812 -0.00706 -0.77808
vn -0.62699 -0.01193 -0.77894
vn -0.60604 -0.00526 -0.79541
vn -0.60696 -0.01025 -0.79467
vn -0.60845 -0.01467 -0.79346
vn -0.06563 -0.41444 -0.90771
vn -0.06562 -0.37091 -0.92635
vn -0.00069 -0.30379 -0.95274
vn -0.62072 -0.02162 -0.78373
vn -0.61808 -0.02265 -0.78579
vn -0.62319 -0.01944 -0.78183
vn -0.61042 -0.09549 -0.7863
vn -0.61537 -0.02243 -0.78792
vn -0.61277 -0.02093 -0.78998
vn -0.59029 -0.09729 -0.80131
vn -0.61043 -0.01828 -0.79186
vn -0.62908 0.77172 0.09331
vn -0.65013 0.75428 0.09159
vn -0.65012 0.73776 0.18183
vn -0.62937 0.75453 0.18597
vn -0.61054 -0.28084 -0.74052
vn -0.62932 -0.27558 -0.72665
vn -0.6297 -0.18591 -0.75427
vn -0.61039 -0.18956 -0.76909
vn -0.65012 0.18182 0.73776
vn -0.65015 0.26942 0.71043
vn -0.65014 0.71044 0.26943
vn -0.62906 0.72684 0.27565
vn -0.6297 -0.72636 -0.27547
vn -0.62939 -0.68807 -0.36114
vn -0.6104 -0.70137 -0.36809
vn -0.65014 -0.35311 -0.67279
vn -0.5903 -0.37512 -0.71473
vn -0.61039 -0.36811 -0.70137
vn -0.62937 0.36114 0.6881
vn -0.65014 0.3531 0.67279
vn -0.62937 0.27557 0.72661
vn -0.65013 -0.43165 -0.62531
vn -0.5594 -0.4607 -0.68908
vn -0.65012 -0.73776 -0.18183
vn -0.65013 -0.50386 -0.56874
vn -0.6297 -0.36102 -0.68786
vn -0.65014 -0.55838 -0.5153
vn -0.65609 -0.55432 -0.51213
vn -0.66197 -0.55149 -0.50761
vn -0.66739 -0.55003 -0.50205
vn -0.59029 -0.45854 -0.6643
vn -0.63848 -0.56976 -0.51742
vn -0.64421 -0.56357 -0.51709
vn -0.59029 -0.53526 -0.60419
vn -0.55883 -0.58639 -0.58639
vn -0.61 -0.45014 -0.65213
vn -0.61668 -0.60999 -0.4976
vn -0.61961 -0.60131 -0.5045
vn -0.62342 -0.59272 -0.50993
vn -0.62795 -0.58448 -0.51387
vn -0.59033 -0.60416 -0.53525
vn -0.6142 -0.62633 -0.48007
vn -0.61482 -0.61848 -0.48936
vn -0.61042 -0.65188 -0.44994
vn -0.6294 -0.64786 -0.42911
vn -0.62251 -0.64539 -0.44267
vn -0.61775 -0.64052 -0.45621
vn -0.61506 -0.63391 -0.46889
vn -0.65014 -0.67278 -0.3531
vn -0.66419 -0.63085 -0.40109
vn -0.65524 -0.63882 -0.40319
vn -0.64617 -0.64445 -0.40885
vn -0.59031 -0.6643 -0.45853
vn -0.63744 -0.64747 -0.41767
vn -0.65014 -0.71044 -0.26943
vn -0.5903 -0.71473 -0.37512
vn -0.6297 -0.44129 -0.63933
vn -0.63605 0.77165 1E-05
vn -0.67248 0.74012 -0
vn -0.62937 0.44145 0.63955
vn -0.65013 0.43165 0.62531
vn -0.6495 -0.50422 0.56913
vn -0.6463 -0.5616 0.51662
vn -0.63762 -0.57082 0.51731
vn -0.00066 -0.34201 0.9397
vn -0.06566 -0.2353 0.9697
vn -0.06539 -0.28096 0.95749
vn -0.13046 0.49571 0.85863
vn -0.19495 0.54491 0.81552
vn -0.19493 0.37535 0.90615
vn -0.13044 0.45431 0.88124
vn -0.19494 -0.90616 -0.37534
vn -0.6698 -0.62439 0.40187
vn -0.6725 -0.6208 0.40293
vn -0.63605 0.77165 -0
vn -0.59815 -0.79554 0.0966
vn -0.59813 -0.8014 -1E-05
vn -0.55881 -0.8293 2E-05
vn -0.55884 -0.81334 0.16179
vn -0.59814 0.77811 0.19178
vn -0.59811 0.74934 0.28417
vn -0.55884 0.76615 0.31735
vn -0.55884 0.81334 0.16178
vn -0.5981 -0.77813 0.19181
vn -0.59811 -0.74934 0.28417
vn -0.65544 -0.63868 0.40309
vn -0.6613 -0.63372 0.40135
vn -0.667 -0.62776 0.40129
vn -0.59814 -0.45523 0.65954
vn -0.59809 -0.37244 0.70963
vn -0.62754 -0.64754 0.43229
vn -0.63252 -0.64806 0.42418
vn -0.63795 -0.64736 0.41707
vn -0.59813 -0.19178 0.77811
vn -0.59812 -0.70961 0.37243
vn -0.55884 -0.76615 0.31735
vn -0.55885 -0.68951 0.46072
vn -0.59814 -0.65954 0.45524
vn -0.61421 -0.62535 0.48134
vn -0.61473 -0.63234 0.47144
vn -0.61651 -0.63816 0.46116
vn -0.61936 -0.64264 0.45102
vn -0.6231 -0.64575 0.44131
vn -0.67248 -0.5499 0.49536
vn -0.66422 -0.55074 0.50546
vn -0.65533 -0.55475 0.51263
vn -0.67253 -0.4349 0.5988
vn -0.62267 -0.59424 0.50908
vn -0.6179 -0.60599 0.50097
vn -0.61513 -0.61652 0.49145
vn -0.59815 0.65953 0.45524
vn -0.59812 0.59986 0.53143
vn -0.55881 0.5864 0.5864
vn -0.55881 0.68954 0.46073
vn -0.55881 -0.5864 0.5864
vn -0.55885 -0.46072 0.68951
vn -0.00088 -0.08546 -0.99634
vn -0.00077 -0.12795 -0.99178
vn -0.55884 -0.31735 0.76615
vn -0.59811 -0.28417 0.74934
vn -0.59811 0.28417 0.74934
vn -0.59811 0.19181 0.77812
vn -0.55884 0.31735 0.76615
vn -0.63605 -0.77165 1E-05
vn -0.55884 -0.16179 0.81334
vn -0.82877 0.55959 -2E-05
vn -0.80192 0.58647 -0.11395
vn -0.88677 0.42859 -0.17308
vn -0.8019 -0.50114 0.32529
vn -0.74527 -0.55622 0.36768
vn -0.80206 -0.49464 0.33471
vn -0.84334 -0.44118 0.30683
vn -0.88676 -0.37562 0.26938
vn -0.87106 -0.39916 0.28624
vn -0.8469 -0.40674 0.34253
vn -0.80705 -0.44669 0.38619
vn -0.75199 -0.49388 0.43658
vn -0.71477 -0.52163 0.46584
vn -0.88787 -0.36068 0.28563
vn -0.88676 -0.2882 0.36137
vn -0.99337 -0.07166 0.08987
vn -0.8019 -0.13294 0.58248
vn -0.99337 0.0467 0.10502
vn -0.67261 0.43485 0.59875
vn -0.67249 0.54989 0.49536
vn -0.74516 0.49921 0.44219
vn -0.8019 0.45146 0.39134
vn -0.84315 0.41075 0.34697
vn -0.87085 0.38004 0.31175
vn -0.84756 0.43516 0.30378
vn -0.8082 0.48723 0.33078
vn -0.75403 0.54744 0.36296
vn -0.88807 0.36887 0.27434
vn -0.716 0.58384 0.38271
vn -0.67248 0.6208 0.40295
vn -0.67237 0.6864 0.27706
vn -0.32258 0.94654 4E-05
vn -0.32256 -0.52587 0.78703
vn -0.19495 -0.54491 0.81552
vn -0.19493 -0.37534 0.90616
vn -0.32256 -0.36223 0.8745
vn -0.32261 0.36222 -0.87448
vn -0.44449 0.3428 0.8276
vn -0.32247 0.18467 0.92839
vn -0.32256 0.36223 0.8745
vn -0.44448 -0.8276 0.3428
vn -0.44448 -0.74482 0.49767
vn -0.32233 0.52592 -0.78709
vn -0.44457 -0.49764 0.74479
vn -0.44453 -0.34279 0.82758
vn -0.44457 0.49765 -0.74478
vn -0.44457 -0.63339 0.63339
vn -0.44457 -0.87853 0.17475
vn -0.44458 -0.89574 0
vn -0.19494 -0.90615 0.37534
vn -0.32237 -0.87456 0.36225
vn -0.44458 0.74478 0.49765
vn -0.65014 0.09158 0.75427
vn -0.59811 0.79557 0.09659
vn -0.59813 0.8014 3E-05
vn -0.6294 0.18597 0.7545
vn -0.59815 0.0966 0.79554
vn -0.65014 0.67278 0.3531
vn -0.62937 0.6881 0.36112
vn -0.59812 0.45526 0.65954
vn -0.59809 0.37245 0.70963
vn -0.62934 0.09363 0.77147
vn -0.55885 0.46073 0.6895
vn -0.65609 0.55432 0.51212
vn -0.66196 0.55149 0.50761
vn -0.66739 0.55003 0.50206
vn -0.633 0.57678 0.51638
vn -0.63848 0.56976 0.51742
vn -0.6142 0.62633 0.48007
vn -0.61483 0.61847 0.48936
vn -0.61665 0.61 0.49763
vn -0.61959 0.60131 0.50452
vn -0.62341 0.59272 0.50994
vn -0.62795 0.58447 0.51389
vn -0.59813 0.53142 0.59986
vn -0.6642 0.63085 0.40109
vn -0.65524 0.63882 0.40319
vn -0.64618 0.64442 0.40888
vn -0.62939 0.64787 0.4291
vn -0.6225 0.6454 0.44266
vn -0.61776 0.6405 0.45621
vn -0.61507 0.63391 0.46889
vn -0.63744 0.64747 0.41767
vn -0.59813 0.7096 0.37243
vn -0.44435 -0.17477 0.87864
vn -0.32295 -0.78692 0.5258
vn -0.32252 -0.66932 0.66932
vn -0.19496 0.19135 0.96197
vn -0.06581 0.04642 -0.99675
vn -0.00083 0.04277 -0.99908
vn -0.13042 -0.1411 0.98137
vn -0.13044 -0.09423 0.98697
vn -0.13038 -0.27935 0.9513
vn -0.13037 -0.36893 -0.92027
vn -0.1305 -0.41193 -0.90182
vn -0.06595 0.0943 -0.99336
vn -0.00083 0.08546 -0.99634
vn -0.13044 -0.88124 0.45431
vn -0.1305 -0.96349 -0.2338
vn -0.13042 0.64927 0.74929
vn -0.19496 0.69354 0.69354
vn -0.13044 0.61288 0.77933
vn -0.06531 -0.32684 -0.94282
vn -0.13042 0.71756 0.68418
vn -0.06566 0.72214 0.68862
vn -0.13045 0.93693 0.32425
vn -0.06556 0.94307 0.32606
vn -0.1305 0.41193 0.90182
vn -0.0657 0.41454 0.90766
vn -0.06573 0.45722 0.88692
vn -0.06556 -0.75391 0.6537
vn -0.06561 -0.72213 0.68864
vn -0.1307 -0.71781 0.68386
vn -0.13042 -0.85862 -0.49574
vn -0.06574 0.86415 0.49892
vn -0.13055 0.83422 0.53576
vn -0.06571 0.8394 0.53952
vn -0.13053 -0.88124 -0.45429
vn -0.06561 0.68864 0.72213
vn -0.1307 0.68386 0.71781
vn -0.06556 0.65369 0.75391
vn -0.13042 0.99146 -2E-05
vn -0.13065 0.9903 0.04732
vn -0.06573 0.99671 0.0475
vn -0.06577 0.99783 1E-05
vn -0.1307 -0.68386 0.71781
vn -0.06539 -0.68872 0.72207
vn -0.06552 -0.86434 -0.49862
vn -0.13065 -0.9903 -0.04732
vn -0.13042 -0.99146 2E-05
vn -0.06583 0.37081 0.92637
vn -0.13044 0.3683 0.92051
vn -0.13041 0.32428 0.93693
vn -0.06556 0.32606 0.94307
vn -0.06577 -0.99783 -1E-05
vn -0.00073 -1 -8E-05
vn -0.00074 1 -9E-05
vn -0.13044 -0.98697 0.09423
vn -0.13038 -0.97357 0.18754
vn -0.13042 -0.98137 0.1411
vn -0.13038 -0.96352 0.23372
vn -0.13043 -0.9513 0.27933
vn -0.13044 -0.92051 0.3683
vn -0.13043 -0.93692 0.32429
vn -0.1305 -0.90182 0.41193
vn -0.06569 0.81284 0.57877
vn -0.00066 0.76604 0.6428
vn -0.00064 0.86603 0.5
vn -0.06566 0.99332 0.09485
vn -0.13042 -0.49574 0.85862
vn -0.06574 -0.49892 0.86415
vn -0.06573 -0.45722 0.88692
vn -0.13058 -0.45428 0.88123
vn -0.06502 -0.98782 0.14138
vn -0.06569 -0.99333 0.09481
vn -0.00066 -0.98481 0.17366
vn -0.06501 0.98782 0.14138
vn -0.13038 0.97357 0.18754
vn -0.06556 0.97976 0.18916
vn -0.06556 -0.97976 0.18916
vn -0.06566 -0.9697 0.2353
vn -0.00066 0.9397 0.34201
vn -0.00066 0.98481 0.17366
vn -0.06571 0.53952 0.8394
vn -0.13036 0.53615 0.834
vn -0.06574 0.49892 0.86415
vn -0.06556 -0.94307 0.32606
vn -0.06562 -0.95745 0.28105
vn -0.00066 -0.9397 0.34201
vn -0.13021 -0.41171 0.90196
vn -0.0656 -0.41452 0.90767
vn -0.06561 -0.92632 0.37099
vn -0.0657 -0.90766 0.41454
vn -0.06574 -0.88692 0.45721
vn -0.00064 -0.86603 0.5
vn -0.13089 -0.57548 0.80727
vn -0.13055 -0.53576 0.83422
vn -0.13089 0.80727 0.57548
vn -0.13062 0.23388 0.96345
vn -0.06561 0.23532 0.9697
vn -0.06557 0.28104 0.95745
vn -0.13043 0.27933 0.9513
vn -0.00066 -0.76604 0.6428
vn -0.00066 -0.64279 0.76604
vn -0.06576 0.61681 0.78436
vn -0.13062 -0.23388 0.96345
vn -0.00064 0.5 0.86602
vn -0.00066 0.6428 0.76604
vn -0.06565 0.57878 0.81284
vn -0.06566 -0.5788 0.81282
vn -0.13038 -0.18754 0.97357
vn -0.06556 0.18916 0.97976
vn -0.13038 0.18754 0.97357
vn -0.13045 0.14106 0.98137
vn -0.06561 0.14187 0.98771
vn -0.0657 -0.53952 0.8394
vn -0.00064 -0.5 0.86602
vn -0.13044 0.09423 0.98697
vn -0.13041 -0.04717 0.99034
vn -0.13036 -0 0.99147
vn -0.13065 0.04732 0.9903
vn -0.06573 0.0475 0.99671
vn -0.0656 0.09485 0.99333
vn -0.00066 0.17366 0.98481
vn -0.00066 0.34201 0.9397
vn -0.06556 -0.18916 0.97976
vn -0.06561 -0.14187 0.98771
vn -0.06574 -0 0.99784
vn -0.82878 0.55958 2E-05
vn -0.32238 0.78708 0.52591
vn -0.13056 0.57522 0.80751
vn 0.3961 -0.21565 -0.89253
vn 0.40557 -0.01793 -0.91389
vn 0.40558 -0.01692 -0.9139
vn 0.39732 -0.20149 -0.89529
vn 0.3867 0.30197 -0.87136
vn 0.35303 0.49252 -0.79548
vn 0.35968 0.46232 -0.81049
vn 0.38876 0.28551 -0.87599
vn 0.40151 0.14232 -0.90473
vn 0.40187 0.13598 -0.90554
vn 0.12585 0.95065 -0.28359
vn 0.01969 0.99882 -0.04436
vn 0.05328 0.99134 -0.12006
vn 0.15415 0.92498 -0.34735
vn 0.29627 0.68305 -0.66759
vn 0.21925 0.84134 -0.49404
vn 0.24053 0.80523 -0.54199
vn 0.30983 0.64544 -0.69815
vn 0.15871 -0.92028 -0.35763
vn 0.24703 -0.79317 -0.55665
vn 0.26579 -0.75542 -0.59892
vn 0.18475 -0.89025 -0.41631
vn -0.08803 0.97617 0.19836
vn -0.18496 0.89 0.41677
vn -0.15841 0.92059 0.35696
vn -0.05552 0.99059 0.1251
vn -0.2421 -0.80238 0.54551
vn -0.15473 -0.9244 0.34864
vn -0.1255 -0.95094 0.28279
vn -0.2204 -0.83951 0.49663
vn 0.31756 -0.62218 -0.71557
vn 0.36712 -0.42526 -0.82727
vn 0.37204 -0.39847 -0.83834
vn 0.32856 -0.58644 -0.74037
vn -0.40192 -0.13499 0.90567
vn -0.38897 -0.28366 0.87649
vn -0.38687 -0.30058 0.87177
vn -0.40155 -0.14149 0.90484
vn -0.0525 -0.99159 0.1183
vn 0.05599 -0.99043 -0.12617
vn 0.08832 -0.97601 -0.19902
vn -0.01901 -0.9989 0.04284
vn -0.26647 0.75397 0.60043
vn -0.24726 0.79274 0.55715
vn -0.36024 -0.45968 0.81174
vn -0.31098 -0.64207 0.70074
vn -0.2973 -0.68032 0.66991
vn -0.35348 -0.49057 0.79649
vn -0.32931 0.58389 0.74204
vn -0.3725 0.39583 0.83938
vn -0.36749 0.42331 0.8281
vn -0.31805 0.62067 0.71667
vn -0.40558 0.01647 0.91391
vn -0.40557 0.01748 0.9139
vn -0.39748 0.19956 0.89565
vn -0.39623 0.21408 0.89285
vn 0 -0.46821 -0.88362
vn 0 -0.46786 -0.8838
vn 0 -0.44449 -0.89578
vn 0 -0.44384 -0.89611
vn 0 0.66145 0.74999
vn 0 0.66072 0.75063
vn 0 0.55275 0.83335
vn 0 0.55359 0.83279
vn 0 -0.29219 0.95636
vn 0 -0.29156 0.95655
vn 0 -0.05957 0.99822
vn 0 -0.05972 0.99822
vn 0 -0.27749 -0.96073
vn 0 -0.27866 -0.96039
vn 0 -0.07244 -0.99737
vn 0 -0.07104 -0.99747
vn 0 0.52994 -0.84804
vn 0 0.52863 -0.84885
vn 0 0.66593 -0.74602
vn 0 0.6666 -0.74541
vn 0 0.91727 -0.39826
vn 0 0.91693 -0.39904
vn 0 0.8041 -0.59449
vn 0 0.80472 -0.59366
vn 0 0.13834 -0.99038
vn 0 0.13682 -0.9906
vn 0 0.34007 -0.9404
vn 0 0.34156 -0.93986
vn 0 -0.27834 0.96048
vn 0 -0.27951 0.96014
vn 0 -0.44491 0.89558
vn 0 -0.44426 0.8959
vn 0 -0.19529 -0.98075
vn 0 0.00915 -0.99996
vn 0 0.00915 -0.99996
vn 0 -0.19514 -0.98078
vn 0 0.17488 0.98459
vn 0 0.1745 0.98466
vn 0 0.39825 0.91727
vn 0 0.39903 0.91694
vn 0 -0.89101 -0.45397
vn 0 -0.76045 -0.64939
vn 0 -0.76016 -0.64974
vn 0 -0.89085 -0.45431
vn 0 0.13748 0.9905
vn 0 0.13596 0.99071
vn 0 -0.07329 0.99731
vn 0 -0.07189 0.99741
vn 0 0.99822 0.05956
vn 0 0.99822 0.0597
vn 0 0.98459 -0.17489
vn 0 0.98466 -0.1745
vn 0 0.99996 0.00917
vn 0 0.97255 0.23268
vn 0 0.9725 0.23288
vn 0 0.99996 0.00917
vn 0 0.34082 0.94013
vn 0 0.33933 0.94067
vn 0 -0.58889 -0.80822
vn 0 -0.3928 -0.91962
vn 0 -0.39251 -0.91975
vn 0 -0.58853 -0.80847
vn 0 0.98077 -0.19516
vn 0 0.98074 -0.19531
vn 0 0.59366 0.80472
vn 0 0.59449 0.80411
vn 0 -0.99996 -0.00916
vn 0 -0.97256 -0.23265
vn 0 -0.97251 -0.23285
vn 0 -0.99996 -0.00916
vn 0 -0.64975 0.76015
vn 0 -0.80849 0.58851
vn 0 -0.80824 0.58886
vn 0 -0.6494 0.76044
vn 0 -0.45672 0.88961
vn 0 -0.45628 0.88984
vn 0 -0.98078 0.19513
vn 0 -0.98075 0.19527
vn 0 -0.81156 0.58428
vn 0 -0.81196 0.58372
vn 0 -0.84942 0.52771
vn 0 -0.85032 0.52627
vn 0 0.66664 0.74538
vn 0 0.66596 0.74599
vn 0 0.52798 0.84926
vn 0 0.52929 0.84844
vn 0 0.08974 0.99597
vn 0 0.0895 0.99599
vn 0 -0.12759 0.99183
vn 0 -0.12791 0.99179
vn 0 0.711 0.70319
vn 0 0.71106 0.70314
vn 0 -0.99561 0.09359
vn 0 -0.99558 0.09394
vn 0 -0.99083 -0.13512
vn 0 -0.9909 -0.13462
vn 0 -0.91976 0.39249
vn 0 -0.91964 0.39277
vn 0 0.23282 -0.97252
vn 0 0.45425 -0.89087
vn 0 0.45393 -0.89104
vn 0 0.23262 -0.97257
vn 0 -0.23287 0.97251
vn 0 -0.45432 0.89084
vn 0 -0.45398 0.89101
vn 0 -0.23266 0.97256
vn 0 0.6497 -0.76019
vn 0 0.64936 -0.76048
vn 0 0.76043 0.64942
vn 0 0.58888 0.80822
vn 0 0.58854 0.80847
vn 0 0.76014 0.64976
vn 0 0.80845 -0.58856
vn 0 0.91973 -0.39254
vn 0 0.91961 -0.39282
vn 0 0.8082 -0.5889
vn 0 0.39282 0.91962
vn 0 0.39254 0.91973
vn 0 0.44855 0.89376
vn 0 0.44809 0.89399
vn 0 0.30319 0.95293
vn 0 0.30395 0.95269
vn 0 -0.12876 -0.99168
vn 0 -0.12844 -0.99172
vn 0 0.08875 -0.99605
vn 0 0.08899 -0.99603
vn 0 -0.93594 -0.35215
vn 0 -0.93552 -0.35327
vn 0 -0.8383 -0.5452
vn 0 -0.83916 -0.54388
vn 0 0.19531 0.98074
vn 0 0.19517 0.98077
vn 0 -0.34194 -0.93972
vn 0 -0.34138 -0.93993
vn 0 0.89099 0.45402
vn 0 0.89083 0.45434
vn 0 0.71073 -0.70347
vn 0 0.71068 -0.70352
vn 0 -0.94819 0.3177
vn 0 -0.94783 0.31878
vn 0 -0.33952 0.9406
vn 0 -0.33869 0.9409
vn 0 -0.53456 0.84513
vn 0 -0.53574 0.84438
vn 0 0.95655 0.29155
vn 0 0.95636 0.29218
vn 0 0.86727 0.49784
vn 0 0.86681 0.49864
vn 0 -0.00916 0.99996
vn 0 -0.00914 0.99996
vn 0 -0.15249 -0.98831
vn 0 -0.15218 -0.98835
vn 0 -0.34039 -0.94029
vn 0 -0.33956 -0.94059
vn 0 -0.74326 -0.669
vn 0 -0.74267 -0.66966
vn 0 -0.66665 -0.74537
vn 0 -0.6673 -0.74478
vn 0 0.44864 -0.89371
vn 0 0.44817 -0.89395
vn 0 0.55321 -0.83304
vn 0 0.55405 -0.83248
vn 0 0.66457 -0.74722
vn 0 0.6653 -0.74657
vn 0 1 0.00104
vn 0 1 0.00025
vn 0 0.74722 0.66457
vn 0 0.74657 0.6653
vn 0 -0.5366 -0.84384
vn 0 -0.53542 -0.84458
vn 0 1 -4E-05
vn 0 1 -0.00083
vn 0 0.06734 -0.99773
vn 0 0.06719 -0.99774
vn 0 0.30334 -0.95288
vn 0 0.30258 -0.95313
vn 0 0.66101 -0.75037
vn 0 0.66174 -0.74973
vn 0 0.50025 -0.86588
vn 0 0.50102 -0.86544
vn 0 -0.74147 0.67098
vn 0 -0.73997 0.67264
vn 0 0.29748 -0.95473
vn 0 0.29686 -0.95492
vn -0.65123 0.75883 0.00862
vn -0.64734 0.72604 0.23199
vn -0.57655 0.81696 -0.0126
vn -0.29253 -0.21934 0.93076
vn -0.31552 -0.11273 0.9422
vn -0.34513 -0.00398 0.93855
vn -0.62613 -0.05526 0.77776
vn -0.59394 -0.46217 0.65851
vn -0.51124 -0.07433 0.85622
vn -0.33862 -0.93947 0.05231
vn -0.30331 -0.95 0.07426
vn -0.31521 -0.93525 0.16107
vn -0.44982 0.27826 0.84866
vn -0.54954 0.42283 0.72057
vn -0.59407 0.69489 0.40521
vn -0.64719 0.70839 -0.28166
vn -0.74752 0.63289 0.20165
vn -0.66861 0.74356 -0.00915
vn -0.39809 -0.91727 -0.01215
vn -0.29897 -0.20208 0.93262
vn 0.08297 -0.95122 0.29715
vn -0.09115 -0.99581 -0.00705
vn 0.06299 -0.96195 -0.26587
vn -0.48588 -0.65019 0.5841
vn -0.4837 -0.5967 0.6403
vn -0.65215 -0.53223 0.53984
vn -0.43176 -0.8535 -0.29175
vn -0.38249 -0.91219 -0.14698
vn -0.27912 -0.39414 0.87564
vn -0.28155 -0.28889 0.91503
vn -0.30869 0.35933 0.88068
vn -0.33009 0.22055 0.91782
vn -0.3099 0.31662 0.8965
vn -0.27291 -0.59745 0.75403
vn -0.34338 -0.51844 0.78314
vn -0.30231 -0.67514 0.6729
vn -0.8818 -0.40977 -0.2335
vn -0.5923 -0.54245 -0.59575
vn -0.80458 -0.24212 -0.54225
vn -0.05353 -0.30926 0.94947
vn 0.06154 -0.72593 0.68501
vn -0.00908 -0.15872 0.98728
vn -0.59979 0.30107 0.74136
vn -0.31628 -0.94498 0.08353
vn -0.295 -0.95546 -0.00815
vn -0.34088 -0.93087 0.1315
vn -0.30759 0.61367 0.72718
vn -0.35203 0.4654 0.81208
vn -0.29051 0.52864 0.79758
vn -0.27899 -0.76838 0.57598
vn -0.24255 -0.69151 0.68043
vn -0.48957 -0.69871 -0.52166
vn -0.52159 -0.77806 -0.3501
vn -0.48591 0.74573 0.45583
vn -0.59518 0.75754 0.26813
vn -0.37317 0.04557 0.92664
vn -0.37704 0.14927 0.91409
vn -0.44506 0.34605 0.82594
vn -0.30757 -0.8965 0.3189
vn -0.28595 -0.86338 0.4157
vn -0.31838 -0.80876 0.49452
vn 0.03396 0.68036 -0.73209
vn -0.03456 0.64545 -0.76302
vn 0.02168 0.93364 -0.35756
vn -0.48699 -0.28879 0.82428
vn -0.43122 -0.11521 0.89486
vn -0.37957 0.11402 0.91811
vn 0.00128 -0.07041 -0.99752
vn -0.00229 -0.33241 -0.94313
vn -0.00873 -0.03511 -0.99935
vn -0.27765 -0.32184 0.90517
vn 0.08797 0.89108 -0.44524
vn -0.09301 0.99326 -0.06922
vn 0.07063 0.97984 0.18689
vn -0.68352 0.36852 -0.63007
vn -0.58458 0.43632 -0.68402
vn -0.63274 0.10942 0.76659
vn -0.26596 -0.91276 0.31007
vn -0.60607 -0.63928 0.47329
vn -0.75683 -0.61747 0.21433
vn -0.74158 -0.59338 0.31299
vn -0.30637 -0.49133 0.81531
vn -0.79484 0.12454 0.5939
vn -0.03169 0.99847 -0.04541
vn 0.03388 0.88394 0.46637
vn 0.00399 0.99982 0.01876
vn -0.29203 0.36129 0.88554
vn -0.31429 0.44196 0.84018
vn -0.06104 0.9724 -0.22518
vn -0.01482 0.90934 0.41579
vn 0.03431 0.95781 0.28536
vn -0.04378 -0.83066 0.55506
vn -0.66548 0.5773 0.47315
vn -0.69312 0.36942 0.61896
vn -0.57066 0.66213 0.48573
vn -0.67281 -0.41559 -0.61205
vn -0.47465 0.52131 -0.70919
vn -0.50045 0.3297 -0.80053
vn -0.575 0.19515 -0.79454
vn -0.63195 0.59575 -0.49571
vn -0.31518 0.94897 -0.01068
vn -0.32144 0.94217 -0.09486
vn -0.30173 0.95168 0.05717
vn -0.26084 -0.37819 0.88822
vn -0.02284 -0.92309 -0.38391
vn -0.00313 -0.68058 -0.73267
vn 0.0031 -0.75502 -0.6557
vn -0.64497 -0.44828 -0.61892
vn -0.62801 -0.62755 -0.4602
vn -0.65537 -0.71665 -0.23852
vn 0.00688 -0.81395 -0.5809
vn -0.01767 -0.87182 -0.48951
vn -0.0268 -0.48532 -0.87392
vn -0.0797 -0.92412 -0.3737
vn 0.07938 -0.8694 -0.48769
vn 0.06747 -0.99592 -0.05991
vn -0.41056 -0.76732 0.49261
vn -0.56221 0.75627 -0.33464
vn -0.45413 0.04797 0.88964
vn -0.08148 -0.60787 -0.78985
vn 0.083 -0.5547 -0.8279
vn 0.00717 0.57743 0.81641
vn -0.00712 0.70023 0.71388
vn -0.02327 0.19555 0.98042
vn -0.02824 0.94264 -0.33261
vn -0.00261 1 0.00106
vn -0.0031 0.50628 0.86236
vn -0.00189 0.15008 0.98867
vn 0.00183 0.23496 0.972
vn -0.34799 -0.91052 0.22328
vn -0.25665 0.61763 0.74341
vn -0.28213 0.70355 0.65225
vn -0.34469 0.91545 -0.20771
vn -0.37865 0.85401 -0.35679
vn -0.41098 0.77422 -0.48133
vn -0.28898 -0.95473 -0.07064
vn -0.288 -0.94643 -0.14606
vn -0.3021 0.87236 0.38435
vn -0.3172 0.75617 0.57236
vn -0.27817 0.81983 0.50049
vn -0.02772 0.91149 -0.41038
vn -0.37729 -0.8589 0.34633
vn -0.40906 -0.82206 0.39609
vn -0.03443 0.90461 0.42485
vn 0.02166 0.58873 0.80804
vn -0.34197 -0.92241 0.17949
vn -0.07971 -0.60135 0.795
vn 0.07968 -0.69706 0.71257
vn 0.06051 -0.32999 0.94204
vn -0.00724 -0.51128 0.85939
vn 0.00297 -0.12516 0.99213
vn -0.00496 0.05316 0.99857
vn -0.2972 -0.9285 0.22262
vn -0.5777 -0.77363 -0.2603
vn -0.53689 -0.54852 0.64099
vn -0.00316 -0.55216 0.83373
vn -0.00288 -0.84919 0.52809
vn 0.00291 -0.79395 0.60797
vn -0.02073 -0.86722 0.49749
vn 0.00724 -0.64305 0.76579
vn -0.02241 -0.13044 -0.9912
vn -0.06349 0.07092 -0.99546
vn 0.0439 0.62795 -0.77702
vn -0.74784 0.04935 -0.66205
vn -0.07389 0.8701 0.48731
vn 0.00701 0.35224 -0.93588
vn -0.01803 0.24738 -0.96875
vn -0.02685 0.72218 -0.69118
vn -0.08164 -0.92115 0.38055
vn 0.0831 -0.94393 0.31952
vn 0.0029 0.92539 0.379
vn -0.00485 0.97808 0.20817
vn -0.59275 -0.33888 0.73062
vn -0.037 -0.98601 0.16252
vn 0.0279 -0.96391 0.26477
vn -0.56374 0.47035 -0.67895
vn -0.67206 0.49371 -0.55189
vn -0.48554 0.33612 -0.80702
vn -0.30805 0.93148 0.19352
vn 0.0046 0.63223 0.77477
vn -0.06971 -0.07818 0.9945
vn 0.06769 0.23824 0.96884
vn -0.09181 0.45782 0.88429
vn -0.02821 0.56711 0.82316
vn -0.00259 0.26037 0.96551
vn -0.08269 -0.9939 -0.07303
vn 0.00503 -0.99092 -0.13434
vn 0.00304 -0.40089 -0.91612
vn -0.02168 -0.03048 -0.9993
vn -0.00314 0.36476 -0.9311
vn 0.00312 0.26185 -0.9651
vn -0.44253 0.6497 -0.61811
vn -0.24667 0.8857 0.39331
vn 0.02206 -0.05385 0.99831
vn -0.0305 -0.14986 0.98824
vn 0.08842 -0.65299 -0.75219
vn -0.08817 -0.38608 -0.91824
vn 0.05937 -0.15614 -0.98595
vn 0.03473 -0.88668 -0.46108
vn -0.0162 -0.84985 -0.52677
vn 0.0047 -0.41374 0.91038
vn 0.00313 0.644 -0.76502
vn -0.00302 0.71753 -0.69652
vn -0.08248 -0.18966 -0.97838
vn 0.00511 -0.12766 -0.9918
vn -0.02798 0.24072 -0.97019
vn 0.00352 0.28309 -0.95909
vn 0.00273 0.90214 -0.43143
vn -0.01164 0.92463 -0.3807
vn -0.71437 0.52078 -0.4674
vn -0.05512 -0.99214 0.11236
vn -0.01842 -0.9921 0.12411
vn 0.09326 0.76361 0.6389
vn -0.37427 0.89001 -0.2604
vn -0.44634 0.72417 -0.5257
vn -0.55958 -0.50844 -0.65449
vn -0.01604 0.72305 -0.69061
vn -0.27439 0.95903 0.0705
vn -0.52166 0.44371 -0.7287
vn -0.66899 -0.18562 -0.71972
vn -0.27663 0.91588 0.29092
vn -0.338 0.91396 0.22456
vn -0.59627 0.0835 -0.79843
vn -0.42958 0.06988 -0.90032
vn -0.38012 -0.08981 -0.92056
vn -0.33731 -0.29266 -0.89475
vn -0.5209 0.14631 -0.84098
vn -0.31383 -0.39882 -0.86166
vn -0.30715 -0.541 -0.78293
vn -0.34041 -0.41352 -0.84447
vn -0.26522 -0.53738 -0.80055
vn -0.2861 -0.6262 -0.72527
vn -0.31894 -0.68813 -0.65173
vn -0.30438 -0.82422 -0.4775
vn -0.28008 -0.75636 -0.59116
vn -0.2449 -0.83635 -0.49045
vn -0.27569 -0.8822 -0.38172
vn -0.3461 -0.88955 -0.29818
vn -0.30962 -0.91356 -0.2637
vn -0.26528 -0.9544 -0.13694
vn -0.39741 -0.22422 -0.88983
vn -0.30113 -0.31768 -0.89911
vn -0.29562 -0.45731 -0.83873
vn -0.54645 -0.6509 -0.527
vn -0.55716 -0.70036 -0.44618
vn -0.77061 -0.5182 -0.37099
vn -0.68029 -0.67549 -0.28447
vn -0.61853 -0.77895 0.10319
vn -0.54639 -0.82706 0.13202
vn -0.61042 -0.72731 0.31369
vn -0.68691 -0.53884 0.48765
vn -0.57561 -0.62863 0.52296
vn -0.75229 -0.24764 0.61051
vn -0.87784 0.1526 0.45399
vn -0.63491 0.31314 0.70628
vn -0.74282 0.16267 0.64943
vn -0.54242 0.48874 0.68331
vn -0.49046 0.72725 0.48016
vn -0.59466 0.62529 0.50537
vn -0.4342 0.83665 0.33389
vn -0.38143 0.91621 0.12275
vn -0.31017 0.9432 -0.11904
vn -0.33242 0.94285 0.02298
vn -0.31171 0.9473 -0.07392
vn -0.29952 0.59724 -0.74404
vn -0.30448 0.42757 -0.85116
vn -0.28388 0.32678 -0.90146
vn -0.37577 -0.13672 -0.91657
vn -0.40868 -0.30346 -0.86075
vn -0.44136 -0.43847 -0.78291
vn -0.31548 0.92591 -0.20774
vn -0.30764 0.86169 -0.40355
vn -1 -0 0
vn -0.29164 0.90745 -0.30246
vn -0.25662 0.87867 -0.4026
vn -0.28116 0.81348 -0.50912
vn -0.31626 0.74992 -0.58103
vn -0.27661 0.69696 -0.66161
vn -0.24362 0.60969 -0.75427
vn -0.27305 0.51814 -0.81054
vn -0.33492 0.45323 -0.82608
vn -0.26839 0.32255 -0.9077
vn -0.2829 0.27468 -0.91898
vn -0.29494 0.21649 -0.93067
vn -0.34219 0.09619 -0.93469
vn -0.31678 0.13709 -0.93854
vn -0.34684 -5E-05 -0.93792
vn -0.40807 -0.19561 -0.89175
vn -0.48142 -0.4874 -0.72848
vn -0.46949 -0.59047 -0.65645
vn -0.45492 0.87252 0.17821
vn -0.2941 0.94835 -0.11886
vn -0.35372 0.90462 -0.23779
vn -1 0 0
vn -1 0 0
vn -1 0 0
vn 1 -0 0
vn 1 0 0
vn 1 0 0
vn 1 0 0
vn 1 -0 0
vn 1 0 0
vn 1 -0 0
vn 1 -0 0
vn 1 -0 0
vn 1 0 0
vn 1 0 0
vn 1 -0 0
vn 1 0 0
vn 1 0 0
vn 1 -0 0
vn 1 0 0
vn 1 -0 0
vn 1 0 0
vn 1 -0 0
vn 1 -0 0
vn 1 0 0
vn 1 0 0
vn 1 -0 0
vn 1 -0 0
vn 1 -0 0
vn 1 -0 0
vn 1 -0 0
vn 1 0 0
vn 1 0 0
vn 1 0 0
vn 1 -0 0
vn 1 -0 0
vn 1 0 0
vn 1 0 0
vn 1 0 0
vn 1 0 0
vn 1 -0 0
vn 1 0 0
vn 0.26907 0.15393 0.95074
vn 0.37359 0.11272 0.92072
vn 0.37335 0.11289 0.9208
vn 0.26723 0.15431 0.9512
vn -0.50923 -0.00712 0.8606
vn -0.50072 -0.01104 0.86554
vn -0.4946 -0.01385 0.86901
vn 0.48445 -0.00666 0.8748
vn 0.48499 -0.00646 0.8745
vn 0.48542 -0.0063 0.87426
vn 0.1178 0.16759 0.97879
vn 0.11652 0.16759 0.97895
vn 0.42966 0.06177 0.90088
vn 0.42978 0.0616 0.90083
vn 0.46403 0.03174 0.88525
vn 0.46385 0.03181 0.88534
vn 0.48548 -0.00268 0.87425
vn 0.48184 0.02115 0.876
vn -0.07115 0.16273 0.9841
vn -0.0728 0.16265 0.98399
vn -0.38844 0.119 0.91376
vn -0.38888 0.11881 0.91359
vn -0.43205 0.0744 0.89877
vn -0.432 0.07378 0.89885
vn -0.26093 0.14777 0.95398
vn -0.25861 0.14804 0.95457
vn -0.40467 0.03331 0.91385
vn -0.4045 0.03321 0.91393
vn -0.38528 0.01168 0.92273
vn -0.38527 0.01169 0.92273
vn -0.41538 -0.00303 0.90964
vn -0.41544 -0.00305 0.90961
vn -0.46267 -0.01448 0.88641
vn -0.46279 -0.01449 0.88635
vn 0.26907 -0.15393 0.95074
vn 0.26723 -0.15431 0.9512
vn 0.37335 -0.11289 0.9208
vn 0.37359 -0.11272 0.92072
vn -0.4946 0.01385 0.86901
vn -0.50072 0.01104 0.86554
vn -0.50923 0.00712 0.8606
vn 0.48542 0.0063 0.87426
vn 0.48499 0.00646 0.8745
vn 0.48445 0.00666 0.8748
vn 0.11652 -0.16759 0.97895
vn 0.1178 -0.16759 0.97879
vn 0.42966 -0.06177 0.90088
vn 0.46385 -0.03181 0.88534
vn 0.46403 -0.03174 0.88525
vn 0.42978 -0.0616 0.90083
vn 0.48548 0.00268 0.87425
vn 0.48184 -0.02115 0.876
vn -0.0728 -0.16265 0.98399
vn -0.07115 -0.16273 0.9841
vn -0.38844 -0.119 0.91376
vn -0.432 -0.07378 0.89885
vn -0.43205 -0.0744 0.89877
vn -0.38888 -0.11881 0.91359
vn -0.26093 -0.14777 0.95398
vn -0.25861 -0.14804 0.95457
vn -0.40467 -0.03331 0.91385
vn -0.38527 -0.01169 0.92273
vn -0.38528 -0.01168 0.92273
vn -0.4045 -0.03321 0.91393
vn -0.41544 0.00305 0.90961
vn -0.41538 0.00303 0.90964
vn -0.46267 0.01448 0.88641
vn -0.46279 0.01449 0.88635
vn 0.67567 0.57147 0.46572
vn 0.55837 0.68652 0.46574
vn 0.54481 0.69732 0.46575
vn 0.66291 0.5862 0.46575
vn 0.42121 -0.81359 0.4008
vn 0.26568 -0.87699 0.40039
vn 0.2583 -0.84639 0.46573
vn 0.4084 -0.78503 0.46577
vn 0.93012 -0.23033 0.28605
vn 0.90796 -0.22484 0.35363
vn 0.86243 -0.32643 0.38685
vn 0.89616 -0.33924 0.28605
vn 0.75968 0.64251 0.10038
vn 0.86537 0.49098 0.10039
vn 0.85885 0.51222 -1E-05
vn 0.75372 0.65719 0
vn 0.2675 0.87651 0.40021
vn 0.27465 0.89999 0.3385
vn 0.44066 0.83141 0.33849
vn 0.42914 0.80971 0.40026
vn 0.97987 1E-05 0.19964
vn 0.97258 0.11913 0.19975
vn 0.95111 0.11648 0.28605
vn 0.95484 0 0.29712
vn 0.42192 -0.77785 0.46576
vn 0.4382 -0.81139 0.38682
vn 0.57585 -0.72025 0.38682
vn 0.55837 -0.68655 0.46569
vn 0.80204 0.45504 0.38686
vn 0.84947 0.32154 0.41834
vn 0.90646 0.31066 0.28604
vn 0.83327 0.47296 0.28632
vn 0.90817 0.22434 0.35341
vn 0.93023 0.22979 0.28612
vn 0.79197 -0.47239 0.38682
vn 0.76965 -0.43669 0.46577
vn 0.67568 -0.57145 0.46572
vn 0.69504 -0.60605 0.38681
vn -0.5057 0.77112 0.38683
vn -0.37102 0.80338 0.46575
vn -0.37417 0.88215 0.28603
vn -0.52547 0.80128 0.28606
vn 0.56974 0.7178 0.40021
vn 0.40839 0.78505 0.46574
vn 0.27082 0.84245 0.46576
vn 0.11037 0.87802 0.46573
vn 0.09952 0.8793 0.46575
vn 0.2583 0.84638 0.46575
vn -0.75803 -0.62088 0.19976
vn -0.70593 -0.67953 0.19975
vn -0.69038 -0.66449 0.28607
vn -0.74128 -0.60718 0.28606
vn 0.82288 -0.49086 0.28624
vn 0.84153 -0.50195 0.19969
vn 0.91639 -0.34689 0.19974
vn -0.66441 0.63949 0.38681
vn -0.63505 0.66862 0.38685
vn -0.65992 0.69475 0.28605
vn -0.69035 0.66452 0.28605
vn -0.81663 -0.56836 0.10039
vn -0.76972 -0.63044 0.1004
vn -0.80424 -0.55973 0.19974
vn -0.54563 0.83203 0.10009
vn -0.38853 0.91598 0.10009
vn -0.39049 0.92061 -0
vn -0.54837 0.83623 1E-05
vn 0.85451 -0.50962 0.10048
vn 0.93052 -0.35223 0.10038
vn -0.65993 -0.69475 0.28605
vn -0.67481 -0.71044 0.19974
vn -0.56814 -0.79833 0.19973
vn -0.68524 -0.72138 0.10028
vn -0.57692 -0.81061 0.10038
vn 0.27362 0.96184 -1E-05
vn 0.0923 0.99573 0
vn 0.13623 0.99068 -1E-05
vn 0.31069 0.95051 1E-05
vn -0.05373 0.88328 0.46576
vn -0.03929 0.92131 0.38683
vn -0.20295 0.89954 0.38683
vn -0.21629 0.85813 0.46564
vn 0.73901 0.67369 0
vn 0.60261 0.79803 -1E-05
vn 0.62448 0.78104 1E-05
vn 0.43421 -0.83463 0.33891
vn 0.27279 -0.9004 0.33892
vn 0.95125 0.23498 0.19975
vn 0.96415 0.17472 0.19973
vn 0.97901 0.1774 0.10038
vn 0.96591 0.23861 0.10037
vn -0.76971 0.63045 0.10037
vn -0.80288 0.58763 0.10038
vn -0.79071 0.57869 0.19973
vn -0.75802 0.62089 0.19974
vn 0.29988 -0.93283 0.19974
vn 0.46561 -0.86216 0.19972
vn 0.45532 -0.84311 0.28608
vn 0.29324 -0.91222 0.28611
vn 0.94121 0.32258 0.10037
vn 0.93641 0.35092 3E-05
vn -0.06253 0.88273 0.46571
vn 0.70415 0.59552 0.3867
vn 0.58189 0.71537 0.38683
vn 0.84948 -0.32153 0.41833
vn 0.19031 0.94282 0.27363
vn 0.18622 0.92235 0.33851
vn 0.10576 0.935 0.33851
vn 0.09885 0.95703 0.27262
vn -0.04175 0.97897 0.19968
vn -0.21564 0.95583 0.19973
vn -0.21088 0.93473 0.28601
vn -0.04083 0.95728 0.28625
vn 0.60466 0.74336 0.28603
vn 0.45683 0.8423 0.28607
vn 0.43963 0.81061 0.38683
vn 0.97891 -0.17797 0.10034
vn 0.98755 -0.12109 0.10037
vn 0.97256 -0.11926 0.19975
vn 0.96413 -0.17473 0.1998
vn 0.96578 -0.23915 0.10038
vn 0.95112 -0.23554 0.19974
vn 0.1241 -0.98718 0.10039
vn -0.06048 -0.99311 0.10038
vn -0.04262 -0.99909 -0
vn 0.13623 -0.99068 -2E-05
vn 1E-05 0.26379 0.96458
vn -1E-05 0.24745 0.9689
vn 1E-05 0.08327 0.99653
vn -1E-05 0.14904 0.98883
vn -0.24296 -0.96483 0.10039
vn -0.22009 -0.97548 -0
vn -1E-05 -0.11905 0.99289
vn 4E-05 -0.08326 0.99653
vn 1E-05 -0.24746 0.9689
vn 0 -0.19213 0.98137
vn -0.87222 0.4787 0.1004
vn -0.86288 0.4736 0.17646
vn 0.44577 -0.89515 1E-05
vn 0.60265 -0.79801 1E-05
vn 0.62448 -0.78104 -1E-05
vn 0.4752 -0.87988 1E-05
vn -0.0923 0.99573 0
vn -0.04258 0.99909 -1E-05
vn 0.62784 0.77184 0.1004
vn 0.00826 0.91639 0.40021
vn 0.00843 0.94094 0.33847
vn 0.10302 0.91061 0.40023
vn -1 6E-05 -0.00033
vn -1 3E-05 -0
vn -1 0 0
vn -1 1E-05 0
vn -1 0 0
vn -1 -1E-05 0
vn -1 -0 0
vn -1 0 0
vn -1 -0 0
vn -1 0 0
vn -1 0 0
vn -1 0 0
vn -1 0 0
vn -1 -0 0
vn -1 -0 0
vn -1 -0 0
vn -1 0 0
vn -1 -0 0
vn -1 -0 0
vn -1 -0 0
vn -1 -0 0
vn -1 -0 0
vn -1 0 0
vn -1 -1E-05 0
vn -1 -0 0
vn -1 1E-05 0
vn -1 -1E-05 0
vn -1 -1E-05 0
vn -1 -0 0
vn -1 0 0
vn -1 0.00018 0
vn -0.89933 -0.43727 2E-05
vn -0.92256 -0.37787 0.07811
vn -0.96289 -0.2699 2E-05
vn 0.83711 -0.28692 0.46576
vn -0.87255 -0.4781 0.10038
vn -0.80695 -0.59062 -0
vn -0.86332 -0.47305 0.1758
vn -0.78402 -0.55091 0.28603
vn -0.68871 -0.72504 -1E-05
vn -0.71684 -0.68998 0.10035
vn -0.70597 0.6795 0.19973
vn -0.71682 0.69 0.10039
vn -0.74133 0.60715 0.28602
vn -0.67485 0.71041 0.19975
vn -0.66437 -0.63951 0.38683
vn -0.63756 -0.61367 0.46576
vn -0.71339 -0.58433 0.38683
vn -0.63511 -0.66859 0.38682
vn -0.51312 -0.72097 0.46574
vn -0.54837 -0.83623 -1E-05
vn 0.92692 0.31767 0.19974
vn 0.18693 -0.92188 0.3394
vn 0.18186 -0.89812 0.40038
vn -0.0538 -0.8833 0.46571
vn -0.05603 -0.92047 0.38679
vn 0.11508 -0.91496 0.38679
vn 0.11037 -0.878 0.46575
vn -0.53469 -0.75133 0.38681
vn -0.41711 -0.9033 0.10036
vn -0.39049 -0.92061 0
vn -0.2393 -0.95018 0.19975
vn -0.05954 -0.97804 0.19971
vn -0.05822 -0.95644 0.28608
vn -0.23401 -0.92918 0.28613
vn -0.41081 -0.88957 0.19976
vn 0.73164 0.61878 0.28603
vn 0.12228 -0.9722 0.19971
vn 0.11958 -0.95072 0.28608
vn 0.42182 0.77792 0.46574
vn -0.22521 -0.89424 0.38679
vn 0.76965 0.43669 0.46576
vn 0.61831 0.76014 0.19971
vn 0.74816 0.63275 0.19971
vn 0.85221 0.48354 0.19981
vn -0.37102 -0.80339 0.46574
vn -0.38662 -0.83719 0.38683
vn -0.21661 -0.85813 0.4655
vn -0.55561 -0.78069 0.28606
vn -0.40175 -0.86994 0.28603
vn 0.13553 0.98565 0.10059
vn 0.30942 0.9456 0.10052
vn 0.27061 -0.84255 0.46571
vn 0.28222 -0.87793 0.38676
vn 0.73854 -0.64394 0.19973
vn 0.61189 -0.76532 0.19968
vn 0.6213 -0.77708 0.10069
vn 0.74995 -0.65388 0.10009
vn 0.59836 -0.7484 0.28611
vn 0.72217 -0.62966 0.28635
vn 0.47262 -0.87552 0.1005
vn -0.53734 0.8194 0.19963
vn -0.68523 0.72138 0.10038
vn 0.85022 0.52643 -0
vn -0.21897 0.97058 0.10009
vn -0.0424 0.99407 0.10009
vn -0.22007 0.97548 2E-05
vn -0.38262 0.90206 0.19973
vn 0.93642 -0.35089 -3E-05
vn 0.98397 -0.17831 3E-05
vn 0.99497 -4E-05 0.10019
vn 0.98757 0.12094 0.10039
vn -0.06484 0.91413 0.40021
vn -0.06657 0.9386 0.33851
vn 1 1E-05 -2E-05
vn 0.95109 -0.11662 0.28604
vn 0.94314 -0.11566 0.31164
vn 0.98398 0.17829 0.00011
vn 1 -0 -1E-05
vn 0.98297 0.18376 -2E-05
vn 0.44573 0.89517 0
vn 0.47521 0.87988 3E-05
vn -0.27365 0.96183 -1E-05
vn -0.27365 -0.96183 -1E-05
vn -0.44576 -0.89515 1E-05
vn -0.60264 -0.79801 1E-05
vn -0.73904 -0.67366 7E-05
vn -0.85022 -0.52643 0
vn -0.93247 -0.36124 -0
vn -0.9883 -0.1525 0
vn -0.98298 -0.18374 -1E-05
vn -0.99703 -0.07701 2E-05
vn -1 2E-05 -1E-05
vn -1 -0 -0
vn -0.99255 0.12185 2E-05
vn -0.98297 0.18376 -2E-05
vn -0.98049 0.19659 -0
vn -0.93247 0.36124 0
vn -0.96289 0.2699 -0
vn -0.89932 0.43728 0
vn -0.85022 0.52643 0
vn -0.80695 0.59062 2E-05
vn -0.73904 0.67366 7E-05
vn -0.6887 0.72505 2E-05
vn -0.60264 0.79801 1E-05
vn -0.44576 0.89515 1E-05
vn -0.0923 -0.99573 -0
vn 0.0923 -0.99573 0
vn 0.27362 -0.96184 -1E-05
vn 0.3107 -0.95051 -1E-05
vn 0.73901 -0.67369 0
vn 0.75373 -0.65718 -1E-05
vn 0.85022 -0.52643 -0
vn 0.85885 -0.51222 -0
vn 0.93247 -0.36126 -2E-05
vn 0.98297 -0.18376 -2E-05
vn -0.06259 -0.88271 0.46574
vn -0.22261 -0.85647 0.46573
vn -0.51311 0.72095 0.46578
vn -0.54586 0.69652 0.46573
vn -0.43828 0.76876 0.46574
vn 0.93248 0.36122 2E-05
vn -0.78107 -0.54365 0.30722
vn 0.00863 -0.95756 0.28811
vn 0.00848 -0.94077 0.33893
vn 0.09726 -0.93583 0.33877
vn 0.09934 -0.957 0.27253
vn 1E-05 0.07526 0.99716
vn 1E-05 2E-05 1
vn 0.28652 0.87652 0.3868
vn 0.12562 0.91356 0.38682
vn 0.94317 0.11553 0.31158
vn 1E-05 -0.46679 0.88437
vn -3E-05 -0.40478 0.91442
vn 1E-05 -0.55092 0.83456
vn -1E-05 -0.37051 0.92883
vn -2E-05 -0.2638 0.96458
vn 1E-05 0.46621 0.88467
vn 1E-05 0.4048 0.91441
vn 1E-05 0.36992 0.92906
vn 1E-05 0.55092 0.83456
vn 0.47436 0.87459 0.10038
vn 0.30442 -0.94723 0.10047
vn 0.13052 0.94927 0.28611
vn 1E-05 0.22278 0.97487
vn -2E-05 0.16415 0.98643
vn -2E-05 0.32386 0.94611
vn 0 0.11361 0.99353
vn -1E-05 -0 1
vn -0 4E-05 1
vn 0 -0.11346 0.99354
vn -2E-05 -0.16415 0.98643
vn -1E-05 -0.22229 0.97498
vn 1E-05 -0.32383 0.94611
vn 0.83712 0.2869 0.46574
vn -0.92225 0.37851 0.07867
vn -0.77323 0.56594 0.28605
vn 0.46713 0.86133 0.19977
vn 0.56415 -0.7221 0.40037
vn 0.54488 -0.69728 0.46573
vn 0.27766 0.9165 0.28799
vn -0.36009 0.84894 0.38682
vn 0.13348 0.97072 0.19973
vn 0.2977 0.91079 0.28608
vn 0.30442 0.93136 0.19975
vn -0.63756 0.61367 0.46576
vn -0.71339 0.58434 0.38681
vn -0.78403 0.55087 0.28607
vn -0.7811 0.54361 0.30719
vn -0.89479 0.43506 0.10038
vn -0.43828 -0.76876 0.46574
vn -0.54587 -0.69648 0.46576
vn -0.37518 0.80145 0.46575
vn -0.37518 -0.80145 0.46576
vn 0.09952 -0.8793 0.46575
vn 0.66289 -0.58622 0.46575
vn 0.75712 0.45809 0.46575
vn 0.80321 0.37139 0.46575
vn 0.83974 0.27912 0.46575
vn 0.79473 -0.38921 0.46574
vn 0.83974 -0.27912 0.46576
vn 0.73604 -0.49126 0.46575
vn -0.22261 0.85646 0.46575
vn -0.28496 -0.86456 0.41392
vn 0.57003 -0.71746 0.40039
vn -0.13566 -0.90625 0.40039
vn -0.06656 -0.93845 0.33895
vn -0.13923 -0.93011 0.33987
vn -0.06481 -0.91402 0.40046
vn 0.19088 -0.94269 0.27367
vn 0.00826 -0.91631 0.4004
vn 0.18133 0.89831 0.4002
vn 0.09437 -0.91135 0.40066
vn 0.44172 -0.83068 0.33891
vn 0.27767 -0.91649 0.288
vn -0.13569 0.90633 0.40018
vn -0.23055 0.88694 0.40022
vn -0.13922 0.93011 0.33987
vn 0.00863 0.95756 0.28812
vn -0.28497 0.86456 0.41392
vn 1 -1E-05 0
vn 1 -0 0
vn 1 -0 0
vn 1 0 0
vn 1 -0 0
vn 1 0 0
vn 1 -7E-05 0
vn 1 1E-05 0
vn 1 0 0
vn 1 -0 0
vn 1 0 0
vn 1 0 0
vn -0 0 -1
usemtl mat0
f 1//1 2//2 3//3
f 1//1 3//3 4//4
f 5//5 6//6 7//7
f 5//5 7//7 8//8
f 9//9 10//10 11//11
f 9//9 11//11 12//12
f 13//13 14//14 15//15
f 13//13 15//15 16//16
f 17//17 18//18 19//19
f 17//17 19//19 20//20
f 21//21 22//22 23//23
f 21//21 23//23 24//24
f 25//25 26//26 27//27
f 25//25 27//27 28//28
f 29//29 30//30 31//31
f 29//29 31//31 23//23
f 32//32 33//33 34//34
f 32//32 34//34 35//35
f 36//36 31//31 37//37
f 36//36 37//37 38//38
f 39//39 40//40 41//41
f 39//39 41//41 42//42
f 43//43 44//44 45//45
f 43//43 45//45 46//46
f 47//47 48//48 49//49
f 47//47 49//49 50//50
f 51//51 52//52 53//53
f 51//51 53//53 54//54
f 55//55 56//56 57//57
f 55//55 57//57 58//58
f 59//59 60//60 61//61
f 59//59 61//61 62//62
f 63//63 30//30 64//64
f 63//63 64//64 65//65
f 66//66 67//67 68//68
f 66//66 68//68 69//69
f 70//70 71//71 72//72
f 70//70 72//72 73//73
f 74//74 75//75 76//76
f 74//74 76//76 77//77
f 78//78 79//79 80//80
f 78//78 80//80 36//36
f 81//81 82//82 83//83
f 81//81 83//83 84//84
f 85//85 86//86 87//87
f 85//85 87//87 88//88
f 89//89 90//90 91//91
f 89//89 91//91 92//92
f 93//93 94//94 95//95
f 93//93 95//95 96//96
f 97//97 98//98 99//99
f 97//97 99//99 100//100
f 101//101 102//102 103//103
f 101//101 103//103 104//104
f 105//105 106//106 107//107
f 105//105 107//107 108//108
f 109//109 110//110 111//111
f 109//109 111//111 112//112
f 113//113 114//114 115//115
f 113//113 115//115 116//116
f 117//117 118//118 119//119
f 117//117 119//119 120//120
f 121//121 122//122 123//123
f 121//121 123//123 124//124
f 125//125 94//94 126//126
f 125//125 126//126 127//127
f 128//128 129//129 130//130
f 128//128 130//130 131//131
f 132//132 92//92 133//133
f 132//132 133//133 93//93
f 134//134 135//135 136//136
f 134//134 136//136 137//137
f 138//138 139//139 128//128
f 138//138 128//128 131//131
f 139//139 138//138 140//140
f 139//139 140//140 141//141
f 142//142 143//143 144//144
f 142//142 144//144 145//145
f 146//146 147//147 148//148
f 146//146 148//148 149//149
f 150//150 151//151 152//152
f 150//150 152//152 153//153
f 139//139 154//154 128//128
f 155//155 141//141 156//156
f 157//157 158//158 159//159
f 93//93 96//96 132//132
f 160//160 140//140 138//138
f 160//160 138//138 161//161
f 162//162 163//163 164//164
f 162//162 164//164 165//165
f 162//162 165//165 154//154
f 162//162 154//154 139//139
f 90//90 160//160 166//166
f 90//90 166//166 107//107
f 8//8 7//7 167//167
f 8//8 167//167 163//163
f 8//8 168//168 169//169
f 8//8 169//169 170//170
f 8//8 155//155 168//168
f 8//8 141//141 155//155
f 8//8 163//163 162//162
f 5//5 171//171 172//172
f 5//5 172//172 173//173
f 5//5 173//173 6//6
f 174//174 160//160 90//90
f 174//174 90//90 175//175
f 5//5 176//176 177//177
f 5//5 177//177 158//158
f 5//5 158//158 157//157
f 178//178 96//96 75//75
f 178//178 75//75 179//179
f 178//178 179//179 171//171
f 8//8 162//162 139//139
f 8//8 139//139 141//141
f 178//178 171//171 5//5
f 178//178 132//132 96//96
f 51//51 54//54 180//180
f 51//51 180//180 181//181
f 182//182 183//183 184//184
f 182//182 184//184 185//185
f 186//186 187//187 188//188
f 189//189 190//190 191//191
f 192//192 190//190 189//189
f 193//193 190//190 192//192
f 52//52 194//194 53//53
f 52//52 195//195 194//194
f 52//52 196//196 195//195
f 52//52 197//197 196//196
f 35//35 34//34 198//198
f 35//35 198//198 199//199
f 200//200 201//201 202//202
f 184//184 183//183 16//16
f 184//184 16//16 203//203
f 204//204 205//205 206//206
f 204//204 206//206 207//207
f 121//121 201//201 200//200
f 180//180 208//208 209//209
f 180//180 209//209 210//210
f 211//211 212//212 213//213
f 211//211 213//213 214//214
f 35//35 199//199 215//215
f 35//35 215//215 216//216
f 78//78 36//36 38//38
f 9//9 12//12 217//217
f 9//9 217//217 60//60
f 218//218 207//207 219//219
f 218//218 219//219 220//220
f 221//221 222//222 223//223
f 221//221 223//223 224//224
f 225//225 226//226 227//227
f 225//225 227//227 228//228
f 225//225 228//228 229//229
f 225//225 229//229 186//186
f 225//225 188//188 124//124
f 225//225 186//186 188//188
f 230//230 231//231 232//232
f 233//233 78//78 38//38
f 234//234 235//235 236//236
f 234//234 237//237 233//233
f 79//79 122//122 238//238
f 79//79 238//238 80//80
f 234//234 233//233 38//38
f 239//239 240//240 241//241
f 239//239 241//241 242//242
f 239//239 242//242 243//243
f 239//239 243//243 235//235
f 239//239 235//235 234//234
f 102//102 101//101 240//240
f 102//102 240//240 239//239
f 102//102 239//239 234//234
f 244//244 245//245 246//246
f 244//244 246//246 247//247
f 244//244 247//247 104//104
f 248//248 249//249 250//250
f 248//248 250//250 251//251
f 248//248 251//251 252//252
f 248//248 253//253 249//249
f 254//254 255//255 245//245
f 103//103 244//244 104//104
f 103//103 256//256 257//257
f 103//103 102//102 256//256
f 258//258 253//253 248//248
f 122//122 79//79 237//237
f 122//122 237//237 123//123
f 216//216 215//215 212//212
f 216//216 212//212 211//211
f 181//181 180//180 210//210
f 181//181 210//210 259//259
f 260//260 257//257 261//261
f 260//260 103//103 257//257
f 262//262 19//19 253//253
f 262//262 253//253 258//258
f 263//263 204//204 207//207
f 263//263 207//207 218//218
f 260//260 264//264 244//244
f 260//260 244//244 103//103
f 265//265 260//260 261//261
f 102//102 234//234 38//38
f 102//102 38//38 256//256
f 266//266 267//267 210//210
f 266//266 210//210 209//209
f 267//267 268//268 265//265
f 215//215 49//49 269//269
f 215//215 269//269 212//212
f 270//270 19//19 262//262
f 214//214 213//213 271//271
f 214//214 271//271 272//272
f 268//268 273//273 254//254
f 268//268 254//254 264//264
f 266//266 262//262 258//258
f 266//266 258//258 273//273
f 54//54 274//274 208//208
f 54//54 208//208 180//180
f 259//259 267//267 275//275
f 259//259 210//210 267//267
f 262//262 266//266 209//209
f 262//262 209//209 270//270
f 276//276 277//277 278//278
f 276//276 190//190 279//279
f 276//276 279//279 277//277
f 276//276 280//280 191//191
f 276//276 191//191 190//190
f 276//276 278//278 281//281
f 274//274 282//282 283//283
f 181//181 259//259 275//275
f 233//233 237//237 79//79
f 233//233 79//79 78//78
f 181//181 275//275 284//284
f 267//267 266//266 273//273
f 267//267 273//273 268//268
f 264//264 260//260 265//265
f 264//264 265//265 268//268
f 54//54 285//285 286//286
f 54//54 287//287 285//285
f 54//54 53//53 287//287
f 51//51 181//181 284//284
f 51//51 288//288 289//289
f 51//51 289//289 52//52
f 51//51 284//284 288//288
f 290//290 291//291 292//292
f 290//290 292//292 293//293
f 294//294 295//295 296//296
f 294//294 296//296 297//297
f 290//290 298//298 299//299
f 290//290 299//299 291//291
f 300//300 301//301 302//302
f 300//300 302//302 303//303
f 304//304 305//305 290//290
f 304//304 290//290 293//293
f 306//306 298//298 290//290
f 306//306 290//290 305//305
f 307//307 308//308 309//309
f 307//307 309//309 310//310
f 311//311 312//312 313//313
f 311//311 313//313 314//314
f 315//315 316//316 305//305
f 315//315 305//305 304//304
f 317//317 318//318 319//319
f 317//317 319//319 320//320
f 321//321 322//322 323//323
f 321//321 323//323 324//324
f 325//325 326//326 327//327
f 325//325 327//327 322//322
f 328//328 321//321 324//324
f 328//328 324//324 329//329
f 330//330 284//284 275//275
f 330//330 275//275 331//331
f 332//332 333//333 334//334
f 332//332 334//334 335//335
f 336//336 299//299 298//298
f 336//336 298//298 337//337
f 338//338 152//152 288//288
f 338//338 288//288 339//339
f 152//152 338//338 326//326
f 152//152 326//326 153//153
f 302//302 301//301 340//340
f 302//302 340//340 341//341
f 342//342 343//343 344//344
f 342//342 344//344 345//345
f 342//342 345//345 346//346
f 342//342 346//346 347//347
f 345//345 344//344 338//338
f 345//345 338//338 339//339
f 332//332 257//257 256//256
f 332//332 256//256 333//333
f 321//321 328//328 316//316
f 321//321 316//316 348//348
f 349//349 350//350 351//351
f 300//300 352//352 353//353
f 300//300 353//353 354//354
f 355//355 350//350 349//349
f 356//356 64//64 357//357
f 358//358 64//64 356//356
f 359//359 360//360 361//361
f 359//359 361//361 347//347
f 362//362 64//64 358//358
f 363//363 65//65 364//364
f 365//365 65//65 363//363
f 366//366 367//367 368//368
f 369//369 370//370 371//371
f 369//369 371//371 372//372
f 373//373 374//374 375//375
f 373//373 375//375 376//376
f 377//377 378//378 379//379
f 377//377 379//379 303//303
f 380//380 65//65 365//365
f 381//381 382//382 46//46
f 381//381 46//46 383//383
f 384//384 42//42 385//385
f 384//384 385//385 386//386
f 387//387 388//388 389//389
f 390//390 391//391 392//392
f 393//393 394//394 395//395
f 393//393 395//395 396//396
f 397//397 387//387 389//389
f 398//398 391//391 390//390
f 399//399 400//400 401//401
f 399//399 401//401 402//402
f 403//403 397//397 389//389
f 324//324 404//404 405//405
f 324//324 405//405 329//329
f 406//406 391//391 398//398
f 337//337 394//394 407//407
f 337//337 407//407 336//336
f 408//408 409//409 410//410
f 408//408 410//410 411//411
f 412//412 413//413 414//414
f 44//44 415//415 416//416
f 44//44 416//416 417//417
f 418//418 419//419 420//420
f 421//421 412//412 414//414
f 422//422 423//423 424//424
f 422//422 424//424 425//425
f 426//426 427//427 428//428
f 426//426 428//428 429//429
f 430//430 419//419 418//418
f 431//431 421//421 414//414
f 425//425 432//432 433//433
f 425//425 433//433 45//45
f 434//434 419//419 430//430
f 435//435 436//436 437//437
f 435//435 437//437 438//438
f 439//439 324//324 323//323
f 439//439 323//323 402//402
f 439//439 440//440 441//441
f 439//439 441//441 442//442
f 443//443 444//444 445//445
f 182//182 446//446 447//447
f 448//448 443//443 445//445
f 449//449 450//450 451//451
f 449//449 451//451 452//452
f 438//438 437//437 453//453
f 438//438 453//453 454//454
f 185//185 446//446 182//182
f 455//455 448//448 445//445
f 456//456 446//446 185//185
f 457//457 458//458 405//405
f 457//457 405//405 459//459
f 460//460 323//323 461//461
f 460//460 461//461 462//462
f 463//463 404//404 464//464
f 463//463 464//464 465//465
f 466//466 467//467 468//468
f 466//466 468//468 134//134
f 469//469 470//470 15//15
f 437//437 359//359 453//453
f 471//471 469//469 15//15
f 436//436 359//359 437//437
f 441//441 440//440 472//472
f 441//441 472//472 473//473
f 474//474 475//475 476//476
f 474//474 476//476 477//477
f 442//442 441//441 465//465
f 442//442 465//465 464//464
f 14//14 471//471 15//15
f 360//360 359//359 436//436
f 478//478 461//461 343//343
f 478//478 343//343 479//479
f 406//406 470//470 469//469
f 406//406 469//469 420//420
f 403//403 358//358 356//356
f 403//403 356//356 397//397
f 480//480 13//13 16//16
f 481//481 347//347 361//361
f 183//183 480//480 16//16
f 482//482 347//347 481//481
f 400//400 483//483 484//484
f 400//400 484//484 472//472
f 400//400 399//399 485//485
f 400//400 485//485 483//483
f 486//486 487//487 488//488
f 486//486 488//488 489//489
f 490//490 347//347 482//482
f 491//491 184//184 203//203
f 492//492 343//343 342//342
f 492//492 342//342 467//467
f 493//493 460//460 462//462
f 493//493 462//462 494//494
f 134//134 468//468 495//495
f 134//134 495//495 135//135
f 454//454 491//491 203//203
f 496//496 495//495 342//342
f 496//496 342//342 497//497
f 438//438 454//454 203//203
f 362//362 413//413 412//412
f 362//362 412//412 364//364
f 498//498 499//499 500//500
f 498//498 500//500 501//501
f 502//502 435//435 503//503
f 504//504 502//502 503//503
f 455//455 398//398 390//390
f 455//455 390//390 448//448
f 505//505 506//506 190//190
f 505//505 190//190 507//507
f 508//508 504//504 503//503
f 366//366 349//349 351//351
f 366//366 351//351 367//367
f 499//499 498//498 379//379
f 499//499 379//379 509//509
f 458//458 457//457 510//510
f 458//458 510//510 511//511
f 512//512 513//513 514//514
f 459//459 405//405 404//404
f 459//459 404//404 463//463
f 467//467 466//466 515//515
f 467//467 515//515 492//492
f 234//234 230//230 123//123
f 234//234 123//123 237//237
f 475//475 474//474 516//516
f 475//475 516//516 479//479
f 517//517 292//292 10//10
f 517//517 10//10 9//9
f 518//518 519//519 520//520
f 518//518 520//520 521//521
f 70//70 522//522 523//523
f 70//70 523//523 129//129
f 524//524 156//156 141//141
f 525//525 524//524 141//141
f 526//526 525//525 141//141
f 527//527 526//526 141//141
f 528//528 527//527 141//141
f 529//529 530//530 531//531
f 529//529 531//531 532//532
f 533//533 534//534 535//535
f 533//533 529//529 532//532
f 533//533 532//532 534//534
f 536//536 535//535 4//4
f 536//536 533//533 535//535
f 2//2 1//1 537//537
f 538//538 536//536 4//4
f 538//538 4//4 3//3
f 539//539 2//2 537//537
f 539//539 537//537 528//528
f 540//540 539//539 528//528
f 541//541 536//536 538//538
f 541//541 538//538 542//542
f 543//543 540//540 528//528
f 543//543 528//528 141//141
f 544//544 543//543 141//141
f 145//145 541//541 542//542
f 145//145 542//542 545//545
f 145//145 545//545 546//546
f 145//145 546//546 142//142
f 140//140 547//547 548//548
f 140//140 548//548 549//549
f 550//550 547//547 140//140
f 144//144 143//143 551//551
f 147//147 552//552 148//148
f 553//553 554//554 550//550
f 553//553 550//550 140//140
f 555//555 556//556 557//557
f 555//555 557//557 554//554
f 555//555 554//554 553//553
f 558//558 553//553 140//140
f 146//146 149//149 559//559
f 146//146 559//559 560//560
f 561//561 562//562 556//556
f 561//561 556//556 555//555
f 563//563 558//558 140//140
f 564//564 563//563 140//140
f 565//565 562//562 561//561
f 566//566 560//560 567//567
f 566//566 567//567 568//568
f 566//566 146//146 560//560
f 569//569 564//564 140//140
f 570//570 569//569 140//140
f 571//571 562//562 565//565
f 571//571 566//566 568//568
f 571//571 568//568 562//562
f 572//572 573//573 574//574
f 572//572 565//565 573//573
f 572//572 571//571 565//565
f 575//575 576//576 577//577
f 578//578 576//576 575//575
f 578//578 572//572 574//574
f 578//578 574//574 576//576
f 157//157 159//159 579//579
f 157//157 579//579 580//580
f 581//581 157//157 580//580
f 582//582 157//157 581//581
f 132//132 157//157 582//582
f 89//89 583//583 584//584
f 89//89 585//585 586//586
f 89//89 586//586 587//587
f 89//89 587//587 583//583
f 92//92 585//585 89//89
f 267//267 265//265 261//261
f 267//267 261//261 275//275
f 551//551 552//552 147//147
f 551//551 147//147 144//144
f 588//588 589//589 590//590
f 588//588 590//590 591//591
f 12//12 11//11 592//592
f 12//12 592//592 593//593
f 24//24 36//36 80//80
f 24//24 80//80 594//594
f 595//595 522//522 592//592
f 523//523 522//522 595//595
f 596//596 597//597 127//127
f 596//596 127//127 126//126
f 109//109 598//598 599//599
f 109//109 599//599 206//206
f 598//598 109//109 112//112
f 598//598 112//112 600//600
f 95//95 601//601 96//96
f 131//131 130//130 602//602
f 131//131 602//602 603//603
f 604//604 603//603 112//112
f 604//604 112//112 111//111
f 605//605 188//188 187//187
f 605//605 606//606 188//188
f 607//607 75//75 96//96
f 608//608 111//111 110//110
f 608//608 110//110 609//609
f 76//76 75//75 607//607
f 69//69 72//72 71//71
f 69//69 71//71 66//66
f 610//610 187//187 611//611
f 610//610 611//611 612//612
f 610//610 605//605 187//187
f 77//77 612//612 613//613
f 614//614 615//615 616//616
f 614//614 616//616 617//617
f 77//77 76//76 618//618
f 77//77 610//610 612//612
f 619//619 613//613 620//620
f 619//619 620//620 621//621
f 619//619 77//77 613//613
f 74//74 77//77 619//619
f 74//74 179//179 75//75
f 74//74 619//619 621//621
f 622//622 623//623 624//624
f 622//622 624//624 625//625
f 622//622 625//625 626//626
f 622//622 626//626 627//627
f 628//628 629//629 630//630
f 628//628 630//630 623//623
f 628//628 179//179 74//74
f 631//631 171//171 179//179
f 632//632 633//633 634//634
f 632//632 634//634 635//635
f 631//631 179//179 628//628
f 636//636 627//627 249//249
f 636//636 249//249 253//253
f 636//636 622//622 627//627
f 99//99 636//636 253//253
f 98//98 636//636 99//99
f 637//637 638//638 639//639
f 637//637 639//639 519//519
f 640//640 171//171 631//631
f 641//641 642//642 643//643
f 641//641 643//643 644//644
f 645//645 172//172 171//171
f 645//645 171//171 640//640
f 646//646 647//647 648//648
f 646//646 648//648 649//649
f 100//100 253//253 19//19
f 100//100 99//99 253//253
f 97//97 100//100 19//19
f 649//649 648//648 650//650
f 649//649 650//650 651//651
f 18//18 172//172 645//645
f 18//18 97//97 19//19
f 652//652 19//19 278//278
f 20//20 19//19 652//652
f 20//20 652//652 278//278
f 653//653 650//650 269//269
f 653//653 269//269 48//48
f 596//596 126//126 133//133
f 596//596 133//133 654//654
f 655//655 278//278 277//277
f 108//108 653//653 48//48
f 108//108 48//48 47//47
f 166//166 653//653 108//108
f 166//166 108//108 107//107
f 656//656 657//657 117//117
f 656//656 117//117 120//120
f 658//658 47//47 50//50
f 658//658 50//50 659//659
f 105//105 108//108 47//47
f 105//105 47//47 658//658
f 660//660 661//661 7//7
f 641//641 659//659 662//662
f 641//641 662//662 663//663
f 661//661 664//664 655//655
f 661//661 655//655 657//657
f 665//665 666//666 167//167
f 665//665 167//167 7//7
f 657//657 655//655 277//277
f 657//657 277//277 117//117
f 667//667 668//668 644//644
f 667//667 644//644 643//643
f 644//644 658//658 659//659
f 644//644 659//659 641//641
f 520//520 669//669 670//670
f 520//520 671//671 669//669
f 642//642 672//672 673//673
f 642//642 673//673 643//643
f 638//638 163//163 167//167
f 637//637 163//163 638//638
f 521//521 670//670 674//674
f 521//521 674//674 675//675
f 672//672 676//676 677//677
f 672//672 677//677 673//673
f 521//521 520//520 670//670
f 518//518 675//675 678//678
f 518//518 521//521 675//675
f 679//679 678//678 680//680
f 679//679 680//680 681//681
f 679//679 518//518 678//678
f 682//682 683//683 673//673
f 682//682 673//673 677//677
f 684//684 163//163 637//637
f 684//684 164//164 163//163
f 633//633 614//614 685//685
f 633//633 685//685 686//686
f 687//687 679//679 681//681
f 82//82 682//682 677//677
f 82//82 677//677 688//688
f 687//687 164//164 684//684
f 68//68 689//689 690//690
f 68//68 690//690 691//691
f 68//68 691//691 692//692
f 693//693 694//694 695//695
f 693//693 695//695 689//689
f 693//693 164//164 687//687
f 696//696 81//81 697//697
f 696//696 697//697 698//698
f 67//67 165//165 164//164
f 67//67 164//164 693//693
f 69//69 692//692 699//699
f 69//69 699//699 700//700
f 69//69 700//700 701//701
f 69//69 68//68 692//692
f 698//698 702//702 703//703
f 698//698 703//703 696//696
f 704//704 69//69 701//701
f 66//66 165//165 67//67
f 72//72 69//69 704//704
f 71//71 154//154 165//165
f 71//71 165//165 66//66
f 705//705 701//701 522//522
f 705//705 704//704 701//701
f 73//73 705//705 522//522
f 114//114 113//113 596//596
f 114//114 596//596 706//706
f 173//173 17//17 707//707
f 173//173 707//707 6//6
f 70//70 154//154 71//71
f 70//70 73//73 522//522
f 230//230 232//232 226//226
f 230//230 226//226 225//225
f 138//138 131//131 603//603
f 708//708 570//570 140//140
f 89//89 584//584 709//709
f 654//654 133//133 92//92
f 161//161 603//603 615//615
f 161//161 615//615 710//710
f 161//161 710//710 711//711
f 161//161 138//138 603//603
f 160//160 174//174 712//712
f 160//160 712//712 713//713
f 160//160 711//711 714//714
f 160//160 714//714 166//166
f 160//160 713//713 708//708
f 160//160 708//708 140//140
f 160//160 161//161 711//711
f 90//90 709//709 715//715
f 90//90 715//715 175//175
f 90//90 107//107 106//106
f 90//90 106//106 668//668
f 90//90 668//668 716//716
f 90//90 89//89 709//709
f 178//178 5//5 157//157
f 178//178 157//157 132//132
f 91//91 716//716 717//717
f 91//91 717//717 718//718
f 91//91 718//718 654//654
f 91//91 90//90 716//716
f 91//91 654//654 92//92
f 719//719 190//190 193//193
f 720//720 190//190 719//719
f 721//721 190//190 720//720
f 507//507 190//190 721//721
f 52//52 722//722 197//197
f 52//52 723//723 722//722
f 52//52 724//724 723//723
f 506//506 279//279 190//190
f 506//506 277//277 279//279
f 506//506 117//117 277//277
f 725//725 726//726 727//727
f 725//725 727//727 484//484
f 505//505 728//728 729//729
f 505//505 730//730 728//728
f 505//505 507//507 730//730
f 731//731 732//732 733//733
f 118//118 117//117 506//506
f 734//734 735//735 724//724
f 734//734 288//288 152//152
f 734//734 289//289 288//288
f 734//734 52//52 289//289
f 734//734 724//724 52//52
f 736//736 737//737 738//738
f 736//736 738//738 739//739
f 740//740 741//741 742//742
f 740//740 742//742 743//743
f 662//662 744//744 745//745
f 662//662 745//745 663//663
f 151//151 734//734 152//152
f 304//304 293//293 59//59
f 304//304 59//59 62//62
f 743//743 151//151 150//150
f 743//743 150//150 740//740
f 739//739 738//738 746//746
f 739//739 746//746 747//747
f 61//61 748//748 749//749
f 61//61 749//749 750//750
f 751//751 669//669 120//120
f 751//751 120//120 119//119
f 752//752 753//753 740//740
f 752//752 740//740 150//150
f 754//754 755//755 745//745
f 754//754 745//745 756//756
f 517//517 9//9 60//60
f 517//517 60//60 59//59
f 60//60 217//217 748//748
f 60//60 748//748 61//61
f 757//757 669//669 751//751
f 752//752 150//150 153//153
f 752//752 153//153 758//758
f 12//12 593//593 759//759
f 12//12 759//759 217//217
f 505//505 731//731 743//743
f 505//505 743//743 742//742
f 760//760 670//670 669//669
f 761//761 751//751 119//119
f 761//761 119//119 741//741
f 760//760 762//762 763//763
f 760//760 763//763 764//764
f 760//760 764//764 765//765
f 760//760 765//765 670//670
f 760//760 669//669 757//757
f 731//731 734//734 151//151
f 731//731 151//151 743//743
f 766//766 752//752 758//758
f 87//87 86//86 767//767
f 87//87 767//767 768//768
f 741//741 740//740 753//753
f 741//741 753//753 761//761
f 769//769 766//766 758//758
f 769//769 758//758 770//770
f 753//753 752//752 766//766
f 753//753 766//766 771//771
f 85//85 772//772 773//773
f 85//85 773//773 774//774
f 85//85 774//774 775//775
f 85//85 775//775 86//86
f 776//776 772//772 85//85
f 776//776 777//777 778//778
f 776//776 778//778 772//772
f 776//776 770//770 315//315
f 776//776 769//769 770//770
f 779//779 780//780 781//781
f 779//779 781//781 782//782
f 779//779 782//782 783//783
f 784//784 700//700 785//785
f 784//784 785//785 786//786
f 784//784 786//786 787//787
f 784//784 701//701 700//700
f 788//788 783//783 777//777
f 788//788 779//779 783//783
f 788//788 777//777 776//776
f 788//788 776//776 315//315
f 282//282 274//274 54//54
f 282//282 54//54 286//286
f 749//749 789//789 780//780
f 790//790 701//701 784//784
f 769//769 88//88 771//771
f 769//769 771//771 766//766
f 791//791 315//315 304//304
f 791//791 788//788 315//315
f 217//217 759//759 790//790
f 217//217 790//790 748//748
f 792//792 771//771 88//88
f 792//792 88//88 87//87
f 741//741 119//119 118//118
f 741//741 118//118 742//742
f 776//776 85//85 88//88
f 776//776 88//88 769//769
f 62//62 791//791 304//304
f 593//593 522//522 759//759
f 593//593 592//592 522//522
f 736//736 793//793 794//794
f 736//736 794//794 737//737
f 791//791 750//750 779//779
f 791//791 779//779 788//788
f 795//795 796//796 755//755
f 795//795 755//755 754//754
f 771//771 792//792 761//761
f 771//771 761//761 753//753
f 62//62 61//61 750//750
f 62//62 750//750 791//791
f 517//517 59//59 293//293
f 517//517 293//293 292//292
f 56//56 797//797 798//798
f 56//56 798//798 799//799
f 800//800 590//590 801//801
f 800//800 801//801 802//802
f 803//803 804//804 805//805
f 803//803 805//805 806//806
f 807//807 416//416 415//415
f 807//807 415//415 337//337
f 274//274 283//283 280//280
f 274//274 280//280 276//276
f 808//808 809//809 205//205
f 238//238 200//200 202//202
f 238//238 202//202 810//810
f 219//219 206//206 599//599
f 207//207 206//206 219//219
f 811//811 812//812 813//813
f 811//811 813//813 814//814
f 122//122 121//121 200//200
f 122//122 200//200 238//238
f 230//230 225//225 124//124
f 230//230 124//124 123//123
f 815//815 816//816 817//817
f 815//815 817//817 818//818
f 819//819 811//811 814//814
f 820//820 263//263 218//218
f 820//820 218//218 819//819
f 224//224 223//223 821//821
f 224//224 821//821 822//822
f 224//224 822//822 823//823
f 224//224 823//823 808//808
f 224//224 205//205 204//204
f 224//224 808//808 205//205
f 272//272 824//824 825//825
f 272//272 825//825 214//214
f 221//221 826//826 827//827
f 221//221 827//827 828//828
f 221//221 828//828 222//222
f 32//32 35//35 216//216
f 32//32 216//216 829//829
f 274//274 276//276 281//281
f 274//274 281//281 208//208
f 830//830 831//831 832//832
f 830//830 820//820 831//831
f 833//833 834//834 835//835
f 833//833 835//835 836//836
f 833//833 836//836 837//837
f 833//833 837//837 838//838
f 833//833 838//838 826//826
f 833//833 830//830 832//832
f 797//797 839//839 840//840
f 797//797 840//840 841//841
f 797//797 841//841 798//798
f 797//797 842//842 839//839
f 58//58 57//57 843//843
f 58//58 843//843 844//844
f 58//58 844//844 845//845
f 58//58 845//845 834//834
f 846//846 847//847 848//848
f 846//846 848//848 849//849
f 58//58 834//834 833//833
f 254//254 248//248 252//252
f 254//254 252//252 255//255
f 56//56 799//799 57//57
f 271//271 842//842 797//797
f 55//55 58//58 850//850
f 87//87 760//760 757//757
f 87//87 757//757 792//792
f 213//213 842//842 271//271
f 213//213 269//269 842//842
f 830//830 221//221 263//263
f 830//830 263//263 820//820
f 208//208 281//281 270//270
f 208//208 270//270 209//209
f 212//212 269//269 213//213
f 825//825 824//824 851//851
f 515//515 466//466 852//852
f 515//515 852//852 853//853
f 825//825 851//851 854//854
f 797//797 56//56 272//272
f 797//797 272//272 271//271
f 829//829 216//216 211//211
f 829//829 211//211 855//855
f 855//855 825//825 854//854
f 221//221 224//224 204//204
f 221//221 204//204 263//263
f 199//199 198//198 49//49
f 199//199 49//49 215//215
f 856//856 857//857 318//318
f 856//856 318//318 858//858
f 220//220 811//811 819//819
f 220//220 819//819 218//218
f 811//811 220//220 859//859
f 811//811 859//859 812//812
f 248//248 254//254 273//273
f 248//248 273//273 258//258
f 855//855 211//211 214//214
f 855//855 214//214 825//825
f 32//32 319//319 33//33
f 32//32 860//860 319//319
f 32//32 829//829 860//860
f 861//861 597//597 794//794
f 127//127 597//597 861//861
f 128//128 154//154 70//70
f 128//128 70//70 129//129
f 125//125 601//601 95//95
f 125//125 95//95 94//94
f 602//602 112//112 603//603
f 606//606 862//862 201//201
f 606//606 201//201 188//188
f 862//862 606//606 863//863
f 862//862 863//863 601//601
f 609//609 205//205 809//809
f 609//609 110//110 205//205
f 604//604 615//615 603//603
f 863//863 618//618 76//76
f 863//863 76//76 607//607
f 616//616 615//615 604//604
f 864//864 809//809 865//865
f 864//864 865//865 866//866
f 605//605 610//610 77//77
f 605//605 77//77 618//618
f 864//864 609//609 809//809
f 617//617 866//866 867//867
f 617//617 616//616 608//608
f 617//617 864//864 866//866
f 868//868 867//867 869//869
f 868//868 869//869 685//685
f 868//868 617//617 867//867
f 628//628 74//74 621//621
f 628//628 621//621 629//629
f 614//614 710//710 615//615
f 614//614 868//868 685//685
f 614//614 617//617 868//868
f 635//635 634//634 870//870
f 635//635 870//870 871//871
f 635//635 871//871 872//872
f 635//635 872//872 873//873
f 633//633 686//686 874//874
f 633//633 874//874 634//634
f 633//633 710//710 614//614
f 632//632 711//711 710//710
f 632//632 710//710 633//633
f 875//875 873//873 839//839
f 875//875 839//839 842//842
f 875//875 635//635 873//873
f 646//646 875//875 842//842
f 649//649 875//875 646//646
f 640//640 631//631 622//622
f 640//640 622//622 636//636
f 876//876 711//711 632//632
f 645//645 640//640 636//636
f 645//645 636//636 98//98
f 651//651 714//714 711//711
f 651//651 711//711 876//876
f 647//647 842//842 269//269
f 647//647 646//646 842//842
f 648//648 647//647 269//269
f 650//650 648//648 269//269
f 650//650 714//714 651//651
f 877//877 269//269 49//49
f 48//48 269//269 877//877
f 48//48 877//877 49//49
f 172//172 18//18 17//17
f 172//172 17//17 173//173
f 50//50 49//49 198//198
f 278//278 655//655 664//664
f 278//278 664//664 20//20
f 659//659 50//50 198//198
f 659//659 198//198 662//662
f 656//656 671//671 639//639
f 656//656 639//639 666//666
f 660//660 7//7 6//6
f 660//660 6//6 707//707
f 105//105 658//658 106//106
f 120//120 669//669 671//671
f 120//120 671//671 656//656
f 665//665 7//7 661//661
f 665//665 661//661 666//666
f 878//878 644//644 668//668
f 878//878 668//668 106//106
f 666//666 661//661 657//657
f 666//666 657//657 656//656
f 672//672 642//642 879//879
f 672//672 879//879 880//880
f 667//667 716//716 668//668
f 651//651 876//876 875//875
f 651//651 875//875 649//649
f 683//683 716//716 667//667
f 676//676 880//880 881//881
f 676//676 881//881 882//882
f 676//676 672//672 880//880
f 677//677 882//882 883//883
f 677//677 676//676 882//882
f 688//688 883//883 884//884
f 688//688 884//884 83//83
f 688//688 677//677 883//883
f 682//682 716//716 683//683
f 466//466 134//134 137//137
f 466//466 137//137 852//852
f 682//682 717//717 716//716
f 693//693 687//687 681//681
f 693//693 681//681 694//694
f 82//82 688//688 83//83
f 82//82 717//717 682//682
f 698//698 697//697 885//885
f 698//698 885//885 886//886
f 698//698 886//886 887//887
f 81//81 84//84 888//888
f 81//81 888//888 697//697
f 81//81 717//717 82//82
f 631//631 628//628 623//623
f 631//631 623//623 622//622
f 696//696 718//718 717//717
f 696//696 717//717 81//81
f 702//702 887//887 889//889
f 702//702 889//889 890//890
f 702//702 890//890 891//891
f 702//702 698//698 887//887
f 115//115 702//702 891//891
f 703//703 718//718 696//696
f 114//114 702//702 115//115
f 111//111 608//608 616//616
f 111//111 616//616 604//604
f 706//706 654//654 718//718
f 706//706 718//718 703//703
f 116//116 891//891 597//597
f 116//116 115//115 891//891
f 73//73 72//72 704//704
f 73//73 704//704 705//705
f 113//113 116//116 597//597
f 596//596 654//654 706//706
f 642//642 641//641 663//663
f 642//642 663//663 879//879
f 596//596 113//113 597//597
f 350//350 29//29 892//892
f 350//350 892//892 354//354
f 770//770 348//348 316//316
f 770//770 316//316 315//315
f 893//893 894//894 895//895
f 893//893 895//895 896//896
f 326//326 338//338 344//344
f 326//326 344//344 327//327
f 288//288 284//284 330//330
f 288//288 330//330 339//339
f 346//346 897//897 359//359
f 346//346 359//359 347//347
f 898//898 317//317 899//899
f 898//898 899//899 900//900
f 901//901 902//902 832//832
f 901//901 832//832 831//831
f 897//897 903//903 446//446
f 897//897 446//446 359//359
f 904//904 905//905 854//854
f 904//904 854//854 851//851
f 903//903 897//897 331//331
f 903//903 331//331 906//906
f 327//327 344//344 343//343
f 327//327 343//343 461//461
f 903//903 335//335 419//419
f 903//903 419//419 446//446
f 906//906 332//332 335//335
f 906//906 335//335 903//903
f 902//902 907//907 850//850
f 902//902 850//850 832//832
f 334//334 63//63 65//65
f 334//334 65//65 391//391
f 908//908 814//814 813//813
f 908//908 813//813 909//909
f 348//348 325//325 322//322
f 348//348 322//322 321//321
f 910//910 911//911 294//294
f 910//910 294//294 297//297
f 153//153 326//326 325//325
f 153//153 325//325 758//758
f 333//333 37//37 63//63
f 333//333 63//63 334//334
f 30//30 29//29 350//350
f 30//30 350//350 64//64
f 294//294 908//908 909//909
f 294//294 909//909 295//295
f 311//311 912//912 849//849
f 311//311 849//849 848//848
f 913//913 662//662 198//198
f 914//914 915//915 793//793
f 914//914 793//793 736//736
f 744//744 916//916 756//756
f 744//744 756//756 745//745
f 744//744 662//662 913//913
f 917//917 319//319 318//318
f 917//917 33//33 319//319
f 857//857 917//917 318//318
f 25//25 28//28 796//796
f 25//25 796//796 795//795
f 755//755 879//879 663//663
f 747//747 746//746 918//918
f 747//747 918//918 919//919
f 755//755 663//663 745//745
f 920//920 795//795 754//754
f 920//920 754//754 921//921
f 916//916 744//744 913//913
f 916//916 913//913 922//922
f 796//796 879//879 755//755
f 914//914 736//736 739//739
f 914//914 739//739 815//815
f 921//921 856//856 858//858
f 921//921 858//858 923//923
f 28//28 880//880 879//879
f 87//87 768//768 762//762
f 87//87 762//762 760//760
f 28//28 27//27 924//924
f 28//28 924//924 925//925
f 28//28 925//925 926//926
f 28//28 926//926 880//880
f 28//28 879//879 796//796
f 824//824 272//272 56//56
f 824//824 56//56 55//55
f 920//920 921//921 923//923
f 25//25 927//927 928//928
f 25//25 928//928 26//26
f 922//922 917//917 857//857
f 922//922 857//857 916//916
f 824//824 55//55 850//850
f 824//824 850//850 851//851
f 847//847 929//929 930//930
f 847//847 930//930 931//931
f 847//847 931//931 932//932
f 847//847 932//932 933//933
f 847//847 933//933 934//934
f 847//847 934//934 927//927
f 847//847 935//935 848//848
f 935//935 920//920 923//923
f 935//935 923//923 848//848
f 918//918 890//890 936//936
f 918//918 936//936 937//937
f 918//918 937//937 938//938
f 918//918 891//891 890//890
f 846//846 939//939 940//940
f 846//846 940//940 941//941
f 846//846 941//941 942//942
f 846//846 942//942 929//929
f 846//846 929//929 847//847
f 749//749 784//784 787//787
f 749//749 787//787 789//789
f 919//919 943//943 939//939
f 746//746 891//891 918//918
f 748//748 790//790 784//784
f 748//748 784//784 749//749
f 944//944 849//849 817//817
f 944//944 846//846 849//849
f 795//795 920//920 935//935
f 795//795 935//935 25//25
f 759//759 522//522 701//701
f 759//759 701//701 790//790
f 816//816 944//944 817//817
f 742//742 118//118 506//506
f 742//742 506//506 505//505
f 737//737 794//794 597//597
f 922//922 913//913 198//198
f 922//922 198//198 34//34
f 737//737 597//597 738//738
f 829//829 855//855 854//854
f 829//829 854//854 860//860
f 921//921 754//754 756//756
f 921//921 756//756 856//856
f 792//792 757//757 751//751
f 792//792 751//751 761//761
f 916//916 857//857 856//856
f 916//916 856//856 756//756
f 914//914 815//815 818//818
f 914//914 21//21 915//915
f 914//914 818//818 21//21
f 306//306 328//328 329//329
f 306//306 329//329 807//807
f 319//319 860//860 945//945
f 319//319 945//945 320//320
f 908//908 901//901 831//831
f 908//908 831//831 814//814
f 328//328 306//306 305//305
f 328//328 305//305 316//316
f 317//317 898//898 858//858
f 317//317 858//858 318//318
f 298//298 306//306 807//807
f 298//298 807//807 337//337
f 901//901 908//908 294//294
f 901//901 294//294 911//911
f 38//38 37//37 333//333
f 38//38 333//333 256//256
f 902//902 901//901 911//911
f 902//902 911//911 946//946
f 322//322 327//327 461//461
f 322//322 461//461 323//323
f 758//758 325//325 348//348
f 758//758 348//348 770//770
f 946//946 41//41 40//40
f 946//946 40//40 947//947
f 946//946 947//947 907//907
f 946//946 907//907 902//902
f 805//805 900//900 899//899
f 805//805 899//899 948//948
f 904//904 907//907 947//947
f 904//904 947//947 893//893
f 261//261 906//906 331//331
f 261//261 331//331 275//275
f 911//911 910//910 41//41
f 911//911 41//41 946//946
f 899//899 317//317 320//320
f 899//899 320//320 310//310
f 905//905 945//945 860//860
f 905//905 860//860 854//854
f 320//320 945//945 307//307
f 320//320 307//307 310//310
f 894//894 893//893 947//947
f 894//894 947//947 40//40
f 308//308 307//307 896//896
f 308//308 896//896 895//895
f 896//896 307//307 945//945
f 896//896 945//945 905//905
f 949//949 950//950 136//136
f 949//949 136//136 135//135
f 468//468 342//342 495//495
f 308//308 951//951 952//952
f 308//308 952//952 309//309
f 467//467 342//342 468//468
f 476//476 343//343 492//492
f 475//475 343//343 476//476
f 895//895 489//489 953//953
f 895//895 953//953 308//308
f 479//479 343//343 475//475
f 954//954 461//461 478//478
f 955//955 461//461 954//954
f 949//949 956//956 957//957
f 949//949 957//957 950//950
f 955//955 725//725 494//494
f 955//955 494//494 462//462
f 451//451 41//41 910//910
f 451//451 910//910 958//958
f 462//462 461//461 955//955
f 956//956 512//512 514//514
f 956//956 514//514 957//957
f 492//492 515//515 477//477
f 492//492 477//477 476//476
f 956//956 497//497 490//490
f 956//956 490//490 512//512
f 485//485 323//323 460//460
f 949//949 496//496 497//497
f 949//949 497//497 956//956
f 43//43 959//959 415//415
f 43//43 415//415 44//44
f 477//477 515//515 853//853
f 399//399 323//323 485//485
f 513//513 508//508 503//503
f 513//513 503//503 514//514
f 960//960 961//961 804//804
f 960//960 804//804 962//962
f 402//402 323//323 399//399
f 361//361 504//504 508//508
f 361//361 508//508 481//481
f 516//516 474//474 727//727
f 360//360 502//502 504//504
f 360//360 504//504 361//361
f 963//963 516//516 727//727
f 442//442 324//324 439//439
f 203//203 503//503 435//435
f 203//203 435//435 438//438
f 483//483 485//485 460//460
f 483//483 460//460 493//493
f 726//726 963//963 727//727
f 374//374 373//373 964//964
f 374//374 964//964 965//965
f 464//464 324//324 442//442
f 404//404 324//324 464//464
f 494//494 725//725 484//484
f 411//411 410//410 966//966
f 411//411 966//966 967//967
f 493//493 494//494 484//484
f 968//968 969//969 970//970
f 968//968 970//970 806//806
f 458//458 329//329 405//405
f 388//388 366//366 368//368
f 388//388 368//368 389//389
f 491//491 456//456 185//185
f 491//491 185//185 184//184
f 483//483 493//493 484//484
f 511//511 329//329 458//458
f 39//39 971//971 972//972
f 39//39 972//972 973//973
f 974//974 329//329 511//511
f 975//975 378//378 976//976
f 975//975 976//976 977//977
f 401//401 400//400 472//472
f 480//480 447//447 434//434
f 480//480 434//434 13//13
f 440//440 401//401 472//472
f 424//424 807//807 978//978
f 979//979 980//980 960//960
f 979//979 960//960 981//981
f 423//423 807//807 424//424
f 982//982 983//983 984//984
f 982//982 984//984 985//985
f 465//465 441//441 473//473
f 427//427 426//426 986//986
f 427//427 986//986 987//987
f 416//416 807//807 423//423
f 463//463 465//465 473//473
f 303//303 966//966 410//410
f 303//303 410//410 300//300
f 440//440 439//439 402//402
f 440//440 402//402 401//401
f 974//974 988//988 432//432
f 974//974 432//432 978//978
f 459//459 463//463 473//473
f 959//959 337//337 415//415
f 470//470 455//455 445//445
f 470//470 445//445 15//15
f 395//395 337//337 959//959
f 386//386 385//385 450//450
f 386//386 450//450 449//449
f 448//448 390//390 392//392
f 448//448 392//392 443//443
f 510//510 457//457 433//433
f 394//394 337//337 395//395
f 988//988 510//510 433//433
f 357//357 64//64 350//350
f 357//357 350//350 355//355
f 443//443 392//392 380//380
f 443//443 380//380 444//444
f 444//444 380//380 365//365
f 444//444 365//365 431//431
f 432//432 988//988 433//433
f 989//989 990//990 336//336
f 989//989 336//336 407//407
f 422//422 425//425 45//45
f 502//502 360//360 436//436
f 502//502 436//436 435//435
f 991//991 992//992 993//993
f 991//991 993//993 994//994
f 417//417 422//422 45//45
f 513//513 482//482 481//481
f 513//513 481//481 508//508
f 44//44 417//417 45//45
f 413//413 403//403 389//389
f 413//413 389//389 414//414
f 358//358 403//403 413//413
f 358//358 413//413 362//362
f 183//183 182//182 447//447
f 183//183 447//447 480//480
f 396//396 43//43 46//46
f 355//355 388//388 387//387
f 355//355 387//387 357//357
f 393//393 396//396 46//46
f 725//725 955//955 954//954
f 725//725 954//954 726//726
f 382//382 393//393 46//46
f 388//388 355//355 349//349
f 388//388 349//349 366//366
f 456//456 491//491 454//454
f 456//456 454//454 453//453
f 381//381 383//383 995//995
f 878//878 106//106 658//658
f 878//878 658//658 644//644
f 638//638 167//167 666//666
f 638//638 666//666 639//639
f 706//706 703//703 702//702
f 706//706 702//702 114//114
f 58//58 833//833 832//832
f 58//58 832//832 850//850
f 683//683 667//667 643//643
f 683//683 643//643 673//673
f 820//820 819//819 814//814
f 820//820 814//814 831//831
f 296//296 295//295 299//299
f 296//296 299//299 336//336
f 234//234 236//236 231//231
f 234//234 231//231 230//230
f 707//707 17//17 20//20
f 707//707 20//20 664//664
f 664//664 661//661 660//660
f 664//664 660//660 707//707
f 92//92 132//132 582//582
f 92//92 582//582 585//585
f 607//607 96//96 601//601
f 607//607 601//601 863//863
f 847//847 927//927 25//25
f 847//847 25//25 935//935
f 919//919 918//918 938//938
f 919//919 938//938 943//943
f 67//67 693//693 689//689
f 67//67 689//689 68//68
f 474//474 477//477 853//853
f 474//474 853//853 727//727
f 295//295 909//909 291//291
f 295//295 291//291 299//299
f 94//94 93//93 133//133
f 94//94 133//133 126//126
f 794//794 793//793 810//810
f 794//794 810//810 202//202
f 24//24 594//594 915//915
f 24//24 915//915 21//21
f 523//523 595//595 598//598
f 523//523 598//598 600//600
f 599//599 598//598 595//595
f 599//599 595//595 592//592
f 22//22 892//892 29//29
f 22//22 29//29 23//23
f 833//833 826//826 221//221
f 833//833 221//221 830//830
f 996//996 372//372 995//995
f 996//996 995//995 383//383
f 982//982 985//985 367//367
f 982//982 367//367 351//351
f 985//985 997//997 368//368
f 985//985 368//368 367//367
f 220//220 219//219 599//599
f 220//220 599//599 859//859
f 519//519 518//518 684//684
f 519//519 684//684 637//637
f 602//602 130//130 600//600
f 602//602 600//600 112//112
f 729//729 732//732 731//731
f 729//729 731//731 505//505
f 281//281 278//278 19//19
f 281//281 19//19 270//270
f 687//687 684//684 518//518
f 687//687 518//518 679//679
f 140//140 549//549 544//544
f 140//140 544//544 141//141
f 734//734 731//731 733//733
f 734//734 733//733 735//735
f 370//370 296//296 371//371
f 347//347 490//490 497//497
f 347//347 497//497 342//342
f 998//998 296//296 370//370
f 999//999 297//297 1000//1000
f 1001//1001 297//297 999//999
f 364//364 65//65 64//64
f 364//364 64//64 362//362
f 1002//1002 297//297 1001//1001
f 1003//1003 910//910 1004//1004
f 1005//1005 910//910 1003//1003
f 369//369 372//372 996//996
f 418//418 471//471 14//14
f 418//418 14//14 430//430
f 392//392 391//391 65//65
f 392//392 65//65 380//380
f 958//958 910//910 1005//1005
f 977//977 1006//1006 1007//1007
f 977//977 1007//1007 1008//1008
f 984//984 983//983 353//353
f 984//984 353//353 1009//1009
f 1010//1010 1011//1011 1012//1012
f 1010//1010 1012//1012 1013//1013
f 1014//1014 1015//1015 1016//1016
f 450//450 41//41 451//451
f 1017//1017 352//352 1018//1018
f 1017//1017 1018//1018 1019//1019
f 1020//1020 1014//1014 1016//1016
f 385//385 41//41 450//450
f 407//407 382//382 381//381
f 407//407 381//381 989//989
f 1021//1021 1020//1020 1016//1016
f 961//961 373//373 376//376
f 961//961 376//376 377//377
f 42//42 41//41 385//385
f 1022//1022 1023//1023 408//408
f 1022//1022 408//408 411//411
f 949//949 135//135 495//495
f 949//949 495//495 496//496
f 1024//1024 1025//1025 803//803
f 1024//1024 803//803 1026//1026
f 1027//1027 1028//1028 1029//1029
f 973//973 40//40 39//39
f 487//487 486//486 1030//1030
f 487//487 1030//1030 1031//1031
f 967//967 966//966 501//501
f 967//967 501//501 500//500
f 1032//1032 1027//1027 1029//1029
f 986//986 40//40 973//973
f 1033//1033 1032//1032 1029//1029
f 444//444 431//431 414//414
f 444//444 414//414 445//445
f 426//426 40//40 986//986
f 1031//1031 1030//1030 1013//1013
f 1031//1031 1013//1013 1012//1012
f 420//420 419//419 391//391
f 420//420 391//391 406//406
f 452//452 1034//1034 1035//1035
f 1004//1004 1027//1027 1032//1032
f 1004//1004 1032//1032 1003//1003
f 1036//1036 894//894 429//429
f 449//449 452//452 1035//1035
f 398//398 455//455 470//470
f 398//398 470//470 406//406
f 1037//1037 894//894 1036//1036
f 1034//1034 1033//1033 1029//1029
f 1034//1034 1029//1029 1035//1035
f 1038//1038 1006//1006 977//977
f 1038//1038 977//977 976//976
f 1010//1010 894//894 1037//1037
f 1039//1039 1040//1040 1041//1041
f 1039//1039 1041//1041 1042//1042
f 384//384 386//386 1043//1043
f 1006//1006 1038//1038 376//376
f 1006//1006 376//376 375//375
f 446//446 456//456 453//453
f 446//446 453//453 359//359
f 971//971 384//384 1043//1043
f 1030//1030 895//895 1013//1013
f 431//431 365//365 363//363
f 431//431 363//363 421//421
f 972//972 971//971 1043//1043
f 486//486 895//895 1030//1030
f 1002//1002 1028//1028 1027//1027
f 1002//1002 1027//1027 1004//1004
f 13//13 434//434 430//430
f 13//13 430//430 14//14
f 489//489 895//895 486//486
f 427//427 987//987 1044//1044
f 993//993 805//805 948//948
f 993//993 948//948 1042//1042
f 962//962 1045//1045 981//981
f 962//962 981//981 960//960
f 428//428 427//427 1044//1044
f 1042//1042 1041//1041 994//994
f 1042//1042 994//994 993//993
f 1046//1046 308//308 953//953
f 1047//1047 1048//1048 1049//1049
f 1047//1047 1049//1049 1024//1024
f 1050//1050 428//428 1044//1044
f 1051//1051 308//308 1046//1046
f 1015//1015 998//998 370//370
f 1015//1015 370//370 369//369
f 1052//1052 1053//1053 1054//1054
f 1052//1052 1054//1054 1055//1055
f 951//951 308//308 1051//1051
f 1011//1011 1056//1056 1057//1057
f 1054//1054 948//948 309//309
f 1054//1054 309//309 1058//1058
f 1026//1026 803//803 806//806
f 1026//1026 806//806 970//970
f 381//381 995//995 990//990
f 381//381 990//990 989//989
f 1012//1012 1011//1011 1057//1057
f 1059//1059 1060//1060 309//309
f 1059//1059 309//309 952//952
f 1015//1015 369//369 996//996
f 1015//1015 996//996 1016//1016
f 969//969 968//968 992//992
f 969//969 992//992 991//991
f 487//487 1031//1031 800//800
f 488//488 487//487 800//800
f 364//364 412//412 421//421
f 364//364 421//421 363//363
f 1061//1061 1062//1062 1063//1063
f 1061//1061 1063//1063 1058//1058
f 802//802 488//488 800//800
f 1009//1009 353//353 352//352
f 1009//1009 352//352 1017//1017
f 1041//1041 1040//1040 1064//1064
f 1041//1041 1064//1064 1065//1065
f 1040//1040 1039//1039 1053//1053
f 1040//1040 1053//1053 1052//1052
f 1066//1066 801//801 590//590
f 1058//1058 1063//1063 1055//1055
f 1058//1058 1055//1055 1054//1054
f 396//396 395//395 959//959
f 396//396 959//959 43//43
f 1067//1067 1066//1066 590//590
f 1063//1063 1062//1062 591//591
f 1063//1063 591//591 1064//1064
f 589//589 1067//1067 590//590
f 589//589 952//952 951//951
f 589//589 951//951 1067//1067
f 588//588 591//591 1068//1068
f 1062//1062 1061//1061 1060//1060
f 1062//1062 1060//1060 1068//1068
f 264//264 254//254 245//245
f 264//264 245//245 244//244
f 917//917 922//922 34//34
f 917//917 34//34 33//33
f 738//738 597//597 891//891
f 738//738 891//891 746//746
f 5//5 8//8 170//170
f 5//5 170//170 176//176
f 617//617 608//608 609//609
f 617//617 609//609 864//864
f 1069//1069 862//862 601//601
f 1069//1069 601//601 125//125
f 457//457 459//459 473//473
f 457//457 473//473 433//433
f 747//747 816//816 815//815
f 747//747 815//815 739//739
f 110//110 109//109 206//206
f 110//110 206//206 205//205
f 859//859 599//599 592//592
f 859//859 592//592 11//11
f 909//909 813//813 292//292
f 909//909 292//292 291//291
f 124//124 188//188 201//201
f 124//124 201//201 121//121
f 816//816 747//747 919//919
f 816//816 919//919 944//944
f 98//98 97//97 18//18
f 98//98 18//18 645//645
f 812//812 859//859 11//11
f 812//812 11//11 10//10
f 862//862 1069//1069 202//202
f 862//862 202//202 201//201
f 671//671 520//520 519//519
f 671//671 519//519 639//639
f 340//340 22//22 21//21
f 340//340 21//21 818//818
f 301//301 300//300 354//354
f 301//301 354//354 892//892
f 31//31 36//36 24//24
f 31//31 24//24 23//23
f 912//912 311//311 314//314
f 912//912 314//314 1070//1070
f 309//309 948//948 899//899
f 309//309 899//899 310//310
f 907//907 904//904 851//851
f 907//907 851//851 850//850
f 804//804 313//313 900//900
f 804//804 900//900 805//805
f 897//897 346//346 330//330
f 897//897 330//330 331//331
f 898//898 312//312 923//923
f 898//898 923//923 858//858
f 312//312 898//898 900//900
f 312//312 900//900 313//313
f 312//312 311//311 848//848
f 312//312 848//848 923//923
f 961//961 314//314 313//313
f 961//961 313//313 804//804
f 335//335 334//334 391//391
f 335//335 391//391 419//419
f 330//330 346//346 345//345
f 330//330 345//345 339//339
f 257//257 332//332 906//906
f 257//257 906//906 261//261
f 37//37 31//31 30//30
f 37//37 30//30 63//63
f 303//303 302//302 1070//1070
f 303//303 1070//1070 377//377
f 912//912 341//341 817//817
f 912//912 817//817 849//849
f 893//893 896//896 905//905
f 893//893 905//905 904//904
f 341//341 340//340 818//818
f 341//341 818//818 817//817
f 22//22 340//340 301//301
f 22//22 301//301 892//892
f 377//377 1070//1070 314//314
f 377//377 314//314 961//961
f 1070//1070 302//302 341//341
f 1070//1070 341//341 912//912
f 80//80 238//238 810//810
f 80//80 810//810 594//594
f 780//780 779//779 750//750
f 780//780 750//750 749//749
f 1061//1061 309//309 1060//1060
f 1058//1058 309//309 1061//1061
f 1053//1053 948//948 1054//1054
f 1039//1039 948//948 1053//1053
f 1042//1042 948//948 1039//1039
f 992//992 805//805 993//993
f 968//968 805//805 992//992
f 1062//1062 1068//1068 591//591
f 425//425 424//424 978//978
f 425//425 978//978 432//432
f 894//894 1010//1010 1013//1013
f 894//894 1013//1013 895//895
f 806//806 805//805 968//968
f 1056//1056 1050//1050 1044//1044
f 1056//1056 1044//1044 1057//1057
f 952//952 589//589 588//588
f 952//952 588//588 1059//1059
f 1067//1067 951//951 1051//1051
f 1067//1067 1051//1051 1066//1066
f 1055//1055 1063//1063 1064//1064
f 1025//1025 804//804 803//803
f 378//378 975//975 509//509
f 378//378 509//509 379//379
f 1052//1052 1055//1055 1064//1064
f 1071//1071 804//804 1025//1025
f 1040//1040 1052//1052 1064//1064
f 40//40 426//426 429//429
f 40//40 429//429 894//894
f 962//962 804//804 1071//1071
f 1028//1028 1021//1021 1016//1016
f 1028//1028 1016//1016 1029//1029
f 801//801 1046//1046 953//953
f 801//801 953//953 802//802
f 802//802 953//953 489//489
f 802//802 489//489 488//488
f 1000//1000 1014//1014 1020//1020
f 1000//1000 1020//1020 999//999
f 994//994 1041//1041 1065//1065
f 980//980 961//961 960//960
f 991//991 994//994 1065//1065
f 964//964 961//961 980//980
f 969//969 991//991 1065//1065
f 478//478 963//963 726//726
f 478//478 726//726 954//954
f 1031//1031 1012//1012 1057//1057
f 1031//1031 1057//1057 800//800
f 373//373 961//961 964//964
f 357//357 387//387 397//397
f 357//357 397//397 356//356
f 382//382 407//407 394//394
f 382//382 394//394 393//393
f 447//447 446//446 419//419
f 447//447 419//419 434//434
f 1026//1026 970//970 1047//1047
f 1038//1038 377//377 376//376
f 1024//1024 1026//1026 1047//1047
f 1011//1011 1010//1010 1037//1037
f 1011//1011 1037//1037 1056//1056
f 976//976 377//377 1038//1038
f 984//984 1009//1009 1023//1023
f 984//984 1023//1023 997//997
f 1036//1036 1050//1050 1056//1056
f 1036//1036 1056//1056 1037//1037
f 378//378 377//377 976//976
f 1045//1045 1049//1049 1048//1048
f 1050//1050 1036//1036 429//429
f 1050//1050 429//429 428//428
f 329//329 974//974 978//978
f 329//329 978//978 807//807
f 417//417 416//416 423//423
f 417//417 423//423 422//422
f 981//981 1045//1045 1048//1048
f 471//471 418//418 420//420
f 471//471 420//420 469//469
f 498//498 303//303 379//379
f 987//987 972//972 1043//1043
f 987//987 1043//1043 1044//1044
f 979//979 981//981 1048//1048
f 501//501 303//303 498//498
f 973//973 972//972 987//987
f 973//973 987//987 986//986
f 512//512 490//490 482//482
f 512//512 482//482 513//513
f 966//966 303//303 501//501
f 374//374 965//965 1007//1007
f 1004//1004 910//910 297//297
f 1004//1004 297//297 1002//1002
f 971//971 39//39 42//42
f 971//971 42//42 384//384
f 1045//1045 962//962 1071//1071
f 1045//1045 1071//1071 1049//1049
f 375//375 374//374 1007//1007
f 409//409 300//300 410//410
f 499//499 509//509 1008//1008
f 499//499 1008//1008 1022//1022
f 1006//1006 375//375 1007//1007
f 1018//1018 300//300 409//409
f 479//479 516//516 963//963
f 479//479 963//963 478//478
f 988//988 974//974 511//511
f 988//988 511//511 510//510
f 352//352 300//300 1018//1018
f 975//975 977//977 1008//1008
f 1000//1000 297//297 296//296
f 1000//1000 296//296 998//998
f 452//452 451//451 958//958
f 452//452 958//958 1034//1034
f 1034//1034 958//958 1005//1005
f 1034//1034 1005//1005 1033//1033
f 509//509 975//975 1008//1008
f 983//983 982//982 354//354
f 983//983 354//354 353//353
f 1035//1035 1043//1043 386//386
f 1035//1035 386//386 449//449
f 500//500 499//499 1022//1022
f 1033//1033 1005//1005 1003//1003
f 1033//1033 1003//1003 1032//1032
f 1049//1049 1071//1071 1025//1025
f 1049//1049 1025//1025 1024//1024
f 967//967 500//500 1022//1022
f 980//980 979//979 965//965
f 980//980 965//965 964//964
f 411//411 967//967 1022//1022
f 1001//1001 1021//1021 1028//1028
f 1001//1001 1028//1028 1002//1002
f 965//965 979//979 1048//1048
f 965//965 1048//1048 1007//1007
f 999//999 1020//1020 1021//1021
f 999//999 1021//1021 1001//1001
f 1019//1019 408//408 1023//1023
f 998//998 1015//1015 1014//1014
f 998//998 1014//1014 1000//1000
f 1066//1066 1051//1051 1046//1046
f 1066//1066 1046//1046 801//801
f 1017//1017 1019//1019 1023//1023
f 1019//1019 1018//1018 409//409
f 1019//1019 409//409 408//408
f 970//970 969//969 1065//1065
f 970//970 1065//1065 1047//1047
f 1009//1009 1017//1017 1023//1023
f 984//984 997//997 985//985
f 1060//1060 1059//1059 588//588
f 1060//1060 588//588 1068//1068
f 653//653 166//166 714//714
f 653//653 714//714 650//650
f 793//793 915//915 594//594
f 793//793 594//594 810//810
f 813//813 812//812 10//10
f 813//813 10//10 292//292
f 372//372 371//371 990//990
f 372//372 990//990 995//995
f 618//618 863//863 606//606
f 618//618 606//606 605//605
f 129//129 523//523 600//600
f 129//129 600//600 130//130
f 354//354 982//982 351//351
f 354//354 351//351 350//350
f 1069//1069 125//125 127//127
f 1069//1069 127//127 861//861
f 371//371 296//296 336//336
f 371//371 336//336 990//990
f 202//202 1069//1069 861//861
f 202//202 861//861 794//794
f 635//635 875//875 876//876
f 635//635 876//876 632//632
f 939//939 846//846 944//944
f 939//939 944//944 919//919
f 722//1072 197//1073 1072//1074
f 722//1072 1072//1074 1073//1075
f 195//1076 194//1077 1074//1078
f 195//1076 1074//1078 1075//1079
f 197//1073 196//1080 1076//1081
f 197//1073 1076//1081 1072//1074
f 285//1082 286//1083 1077//1084
f 285//1082 1077//1084 1078//1085
f 53//1086 287//1087 1079//1088
f 53//1086 1079//1088 1080//1089
f 733//1090 735//1091 1081//1092
f 733//1090 1081//1092 1082//1093
f 282//1094 283//1095 1083//1096
f 282//1094 1083//1096 1084//1097
f 730//1098 728//1099 1085//1100
f 730//1098 1085//1100 1086//1101
f 724//1102 723//1103 1087//1104
f 724//1102 1087//1104 1088//1105
f 719//1106 720//1107 1089//1108
f 719//1106 1089//1108 1090//1109
f 729//1110 732//1111 1091//1112
f 729//1110 1091//1112 1092//1113
f 283//1095 280//1114 1093//1115
f 283//1095 1093//1115 1083//1096
f 721//1116 507//1117 1094//1118
f 721//1116 1094//1118 1095//1119
f 196//1080 195//1076 1075//1079
f 196//1080 1075//1079 1076//1081
f 191//1120 189//1121 1096//1122
f 191//1120 1096//1122 1097//1123
f 723//1103 722//1072 1073//1075
f 723//1103 1073//1075 1087//1104
f 194//1077 53//1086 1080//1089
f 194//1077 1080//1089 1074//1078
f 287//1087 285//1082 1078//1085
f 287//1087 1078//1085 1079//1088
f 286//1083 282//1094 1084//1097
f 286//1083 1084//1097 1077//1084
f 732//1111 733//1090 1082//1093
f 732//1111 1082//1093 1091//1112
f 735//1091 724//1102 1088//1105
f 735//1091 1088//1105 1081//1092
f 507//1117 730//1098 1086//1101
f 507//1117 1086//1101 1094//1118
f 728//1099 729//1110 1092//1113
f 728//1099 1092//1113 1085//1100
f 193//1124 719//1106 1090//1109
f 193//1124 1090//1109 1098//1125
f 720//1107 721//1116 1095//1119
f 720//1107 1095//1119 1089//1108
f 192//1126 193//1124 1098//1125
f 192//1126 1098//1125 1099//1127
f 280//1114 191//1120 1097//1123
f 280//1114 1097//1123 1093//1115
f 189//1121 192//1126 1099//1127
f 189//1121 1099//1127 1096//1122
f 534//1128 1100//1129 1101//1130
f 534//1128 1101//1130 535//1131
f 156//1132 1102//1133 1103//1134
f 156//1132 1103//1134 155//1135
f 576//1136 1104//1137 1105//1138
f 576//1136 1105//1138 577//1139
f 4//1140 1106//1141 1107//1142
f 4//1140 1107//1142 1//1143
f 527//1144 1108//1145 1109//1146
f 527//1144 1109//1146 526//1147
f 145//1148 1110//1149 1111//1150
f 145//1148 1111//1150 541//1151
f 537//1152 1112//1153 1113//1154
f 537//1152 1113//1154 528//1155
f 565//1156 1114//1157 1115//1158
f 565//1156 1115//1158 573//1159
f 3//1160 538//1161 1116//1162
f 3//1160 1116//1162 1117//1163
f 1//1143 1107//1142 1112//1153
f 1//1143 1112//1153 537//1152
f 575//1164 1118//1165 1119//1166
f 575//1164 1119//1166 578//1167
f 543//1168 540//1169 1120//1170
f 543//1168 1120//1170 1121//1171
f 555//1172 1122//1173 1123//1174
f 555//1172 1123//1174 561//1175
f 147//1176 1124//1177 1125//1178
f 147//1176 1125//1178 144//1179
f 552//1180 148//1181 1126//1182
f 552//1180 1126//1182 1127//1183
f 553//1184 1128//1185 1122//1173
f 553//1184 1122//1173 555//1172
f 539//1186 2//1187 1129//1188
f 539//1186 1129//1188 1130//1189
f 551//1190 552//1180 1127//1183
f 551//1190 1127//1183 1131//1191
f 578//1167 1119//1166 1132//1192
f 578//1167 1132//1192 572//1193
f 549//1194 544//1195 1133//1196
f 549//1194 1133//1196 1134//1197
f 554//1198 550//1199 1135//1200
f 554//1198 1135//1200 1136//1201
f 574//1202 1137//1203 1104//1137
f 574//1202 1104//1137 576//1136
f 548//1204 549//1194 1134//1197
f 548//1204 1134//1197 1138//1205
f 579//1206 1139//1207 1140//1208
f 579//1206 1140//1208 580//1209
f 573//1159 1115//1158 1137//1203
f 573//1159 1137//1203 574//1202
f 563//1210 1141//1211 1142//1212
f 563//1210 1142//1212 558//1213
f 170//1214 1143//1215 1144//1216
f 170//1214 1144//1216 176//1217
f 144//1179 1125//1178 1110//1149
f 144//1179 1110//1149 145//1148
f 564//1218 1145//1219 1141//1211
f 564//1218 1141//1211 563//1210
f 582//1220 1146//1221 1147//1222
f 582//1220 1147//1222 585//1223
f 558//1213 1142//1212 1128//1185
f 558//1213 1128//1185 553//1184
f 547//1224 548//1204 1138//1205
f 547//1224 1138//1205 1148//1225
f 540//1169 539//1186 1130//1189
f 540//1169 1130//1189 1120//1170
f 542//1226 545//1227 1149//1228
f 542//1226 1149//1228 1150//1229
f 556//1230 557//1231 1151//1232
f 556//1230 1151//1232 1152//1233
f 545//1227 546//1234 1153//1235
f 545//1227 1153//1235 1149//1228
f 559//1236 560//1237 1154//1238
f 559//1236 1154//1238 1155//1239
f 142//1240 143//1241 1156//1242
f 142//1240 1156//1242 1157//1243
f 560//1237 567//1244 1158//1245
f 560//1237 1158//1245 1154//1238
f 557//1231 554//1198 1136//1201
f 557//1231 1136//1201 1151//1232
f 168//1246 1159//1247 1160//1248
f 168//1246 1160//1248 169//1249
f 175//1250 1161//1251 1162//1252
f 175//1250 1162//1252 174//1253
f 143//1241 551//1190 1131//1191
f 143//1241 1131//1191 1156//1242
f 586//1254 1163//1255 1164//1256
f 586//1254 1164//1256 587//1257
f 567//1244 568//1258 1165//1259
f 567//1244 1165//1259 1158//1245
f 532//1260 1166//1261 1100//1129
f 532//1260 1100//1129 534//1128
f 169//1249 1160//1248 1143//1215
f 169//1249 1143//1215 170//1214
f 2//1187 3//1160 1117//1163
f 2//1187 1117//1163 1129//1188
f 148//1181 149//1262 1167//1263
f 148//1181 1167//1263 1126//1182
f 526//1147 1109//1146 1168//1264
f 526//1147 1168//1264 525//1265
f 581//1266 1169//1267 1146//1221
f 581//1266 1146//1221 582//1220
f 177//1268 1170//1269 1171//1270
f 177//1268 1171//1270 158//1271
f 550//1199 547//1224 1148//1225
f 550//1199 1148//1225 1135//1200
f 146//1272 1172//1273 1124//1177
f 146//1272 1124//1177 147//1176
f 566//1274 1173//1275 1172//1273
f 566//1274 1172//1273 146//1272
f 580//1209 1140//1208 1169//1267
f 580//1209 1169//1267 581//1266
f 562//1276 556//1230 1152//1233
f 562//1276 1152//1233 1174//1277
f 531//1278 1175//1279 1166//1261
f 531//1278 1166//1261 532//1260
f 715//1280 1176//1281 1161//1251
f 715//1280 1161//1251 175//1250
f 583//1282 1177//1283 1178//1284
f 583//1282 1178//1284 584//1285
f 568//1258 562//1276 1174//1277
f 568//1258 1174//1277 1165//1259
f 577//1139 1105//1138 1118//1165
f 577//1139 1118//1165 575//1164
f 713//1286 1179//1287 1180//1288
f 713//1286 1180//1288 708//1289
f 544//1195 543//1168 1121//1171
f 544//1195 1121//1171 1133//1196
f 176//1217 1144//1216 1170//1269
f 176//1217 1170//1269 177//1268
f 541//1151 1111//1150 1181//1290
f 541//1151 1181//1290 536//1291
f 525//1265 1168//1264 1182//1292
f 525//1265 1182//1292 524//1293
f 149//1262 559//1236 1155//1239
f 149//1262 1155//1239 1167//1263
f 546//1234 142//1240 1157//1243
f 546//1234 1157//1243 1153//1235
f 538//1161 542//1226 1150//1229
f 538//1161 1150//1229 1116//1162
f 571//1294 1183//1295 1173//1275
f 571//1294 1173//1275 566//1274
f 709//1296 1184//1297 1176//1281
f 709//1296 1176//1281 715//1280
f 155//1135 1103//1134 1159//1247
f 155//1135 1159//1247 168//1246
f 569//1298 1185//1299 1145//1219
f 569//1298 1145//1219 564//1218
f 530//1300 1186//1301 1175//1279
f 530//1300 1175//1279 531//1278
f 712//1302 1187//1303 1179//1287
f 712//1302 1179//1287 713//1286
f 585//1223 1147//1222 1163//1255
f 585//1223 1163//1255 586//1254
f 584//1285 1178//1284 1184//1297
f 584//1285 1184//1297 709//1296
f 708//1289 1180//1288 1188//1304
f 708//1289 1188//1304 570//1305
f 524//1293 1182//1292 1102//1133
f 524//1293 1102//1133 156//1132
f 587//1257 1164//1256 1177//1283
f 587//1257 1177//1283 583//1282
f 570//1305 1188//1304 1185//1299
f 570//1305 1185//1299 569//1298
f 528//1155 1113//1154 1108//1145
f 528//1155 1108//1145 527//1144
f 536//1291 1181//1290 1189//1306
f 536//1291 1189//1306 533//1307
f 174//1253 1162//1252 1187//1303
f 174//1253 1187//1303 712//1302
f 159//1308 1190//1309 1139//1207
f 159//1308 1139//1207 579//1206
f 561//1175 1123//1174 1114//1157
f 561//1175 1114//1157 565//1156
f 529//1310 1191//1311 1186//1301
f 529//1310 1186//1301 530//1300
f 535//1131 1101//1130 1106//1141
f 535//1131 1106//1141 4//1140
f 158//1271 1171//1270 1190//1309
f 158//1271 1190//1309 159//1308
f 572//1193 1132//1192 1183//1295
f 572//1193 1183//1295 571//1294
f 533//1307 1189//1306 1191//1311
f 533//1307 1191//1311 529//1310
f 1192//1312 783//1313 782//1314
f 1193//1315 822//1316 1194//1317
f 1195//1318 775//1319 774//1320
f 1196//1321 839//1322 873//1323
f 1197//1324 827//1325 1198//1326
f 1199//1327 837//1328 836//1329
f 1196//1321 840//1330 839//1322
f 823//1331 822//1316 1193//1315
f 1200//1332 1201//1333 1202//1334
f 1203//1335 767//1336 86//1337
f 1204//1338 841//1339 1196//1321
f 1205//1340 808//1341 1193//1315
f 1206//1342 936//1343 890//1344
f 869//1345 867//1346 1207//1347
f 843//1348 1208//1349 844//1350
f 1209//1351 1210//1352 1211//1353
f 1197//1324 828//1354 827//1325
f 1212//1355 765//1356 764//1357
f 1213//1358 886//1359 885//1360
f 1207//1347 686//1361 685//1362
f 1204//1338 799//1363 798//1364
f 1198//1326 826//1365 838//1366
f 1194//1317 821//1367 223//1368
f 1198//1326 837//1328 1199//1327
f 1197//1324 222//1369 828//1354
f 1214//1370 634//1371 874//1372
f 1215//1373 1216//1374 1217//1375
f 1207//1347 685//1362 869//1345
f 1218//1376 938//1377 1219//1378
f 1220//1379 1221//1380 1222//1381
f 1197//1324 223//1368 222//1369
f 809//1382 808//1341 1205//1340
f 1199//1383 1223//1384 1198//1385
f 1207//1347 874//1372 686//1361
f 1224//1386 845//1387 844//1350
f 1195//1318 774//1320 773//1388
f 1214//1370 870//1389 634//1371
f 1204//1338 1208//1349 799//1363
f 1225//1390 941//1391 940//1392
f 1204//1338 798//1364 841//1339
f 867//1346 866//1393 1207//1347
f 1195//1318 773//1388 772//1394
f 1226//1395 1227//1396 1228//1397
f 1206//1342 889//1398 887//1399
f 1229//1400 1230//1401 1192//1402
f 1193//1315 808//1341 823//1331
f 1201//1333 1200//1332 1231//1403
f 1232//1404 778//1405 777//1406
f 1208//1349 57//1407 799//1363
f 1219//1378 936//1343 1206//1342
f 1233//1408 934//1409 1234//1410
f 1224//1386 834//1411 845//1387
f 1198//1326 827//1325 826//1365
f 926//1412 925//1413 1228//1414
f 865//1415 809//1382 1205//1340
f 1235//1416 1236//1417 1237//1418
f 1238//1419 929//1420 1239//1421
f 1204//1422 1240//1423 1241//1424
f 1242//1425 1243//1426 1244//1427
f 1203//1335 768//1428 767//1336
f 1199//1327 836//1329 835//1429
f 844//1350 1208//1349 1224//1386
f 1194//1317 223//1368 1197//1324
f 1198//1326 838//1366 837//1328
f 1219//1378 937//1430 936//1343
f 1243//1426 1245//1431 1246//1432
f 1247//1433 1248//1434 1249//1435
f 1217//1375 1250//1436 1251//1437
f 1252//1438 1253//1439 1194//1440
f 764//1357 763//1441 1212//1355
f 1213//1358 697//1442 888//1443
f 1254//1444 27//1445 1255//1446
f 670//1447 765//1356 1244//1448
f 1227//1449 84//1450 83//1451
f 1229//1400 1192//1402 1256//1452
f 1207//1347 866//1393 1205//1340
f 1257//1453 762//1454 768//1428
f 1258//1455 1213//1456 1227//1396
f 1214//1370 873//1323 872//1457
f 1259//1458 1207//1459 1205//1460
f 1260//1461 1219//1462 1261//1463
f 1214//1370 872//1457 871//1464
f 1205//1340 866//1393 865//1415
f 1239//1421 942//1465 941//1391
f 1196//1321 873//1323 1214//1370
f 1218//1376 1225//1390 939//1466
f 1262//1467 1263//1468 1257//1469
f 1214//1370 871//1464 870//1389
f 1214//1370 874//1372 1207//1347
f 1199//1327 835//1429 834//1411
f 1232//1404 772//1394 778//1405
f 1264//1470 1218//1471 1260//1461
f 1208//1472 1265//1473 1224//1474
f 1234//1410 932//1475 1238//1419
f 1257//1453 763//1441 762//1454
f 1208//1349 843//1348 57//1407
f 1232//1404 777//1406 783//1313
f 1225//1390 940//1392 939//1466
f 1266//1476 1198//1385 1223//1384
f 1219//1378 938//1377 937//1430
f 1267//1477 1268//1478 1269//1479
f 1207//1459 1270//1480 1214//1481
f 1271//1482 1272//1483 1248//1434
f 1218//1376 939//1466 943//1484
f 1213//1358 888//1443 84//1450
f 1273//1485 1244//1427 1212//1486
f 1256//1487 780//1488 789//1489
f 1227//1449 881//1490 1228//1414
f 1266//1476 1197//1491 1198//1385
f 1213//1358 887//1399 886//1359
f 1274//1492 1195//1493 1275//1494
f 1225//1390 1239//1421 941//1391
f 1194//1317 822//1316 821//1367
f 1206//1342 890//1344 889//1398
f 1213//1456 1276//1495 1206//1496
f 1214//1481 1277//1497 1196//1498
f 1197//1491 1266//1476 1252//1438
f 1199//1327 834//1411 1224//1386
f 1278//1499 1236//1417 1221//1380
f 1279//1500 1280//1501 1233//1502
f 1255//1446 928//1503 1233//1408
f 1227//1449 83//1451 884//1504
f 1193//1505 1253//1439 1281//1506
f 1238//1507 1282//1508 1234//1509
f 1239//1510 1283//1511 1238//1507
f 1218//1376 943//1484 938//1377
f 1239//1421 929//1420 942//1465
f 1203//1335 86//1337 775//1319
f 1210//1352 1231//1403 1200//1332
f 1203//1512 1274//1492 1262//1467
f 1228//1414 925//1413 1254//1444
f 1255//1513 1280//1501 1284//1514
f 1213//1358 885//1360 697//1442
f 1246//1432 1285//1515 1286//1516
f 1287//1517 1215//1373 1288//1518
f 1273//1485 1212//1486 1263//1468
f 1213//1358 84//1450 1227//1449
f 1206//1342 887//1399 1213//1358
f 1196//1321 841//1339 840//1330
f 1254//1519 1284//1514 1289//1520
f 1256//1487 1192//1312 781//1521
f 1290//1522 1239//1510 1225//1523
f 1232//1524 1275//1494 1195//1493
f 1192//1312 782//1314 781//1521
f 1271//1482 1248//1434 1247//1433
f 1247//1433 1249//1435 1211//1353
f 925//1413 924//1525 1254//1444
f 1290//1522 1225//1523 1264//1470
f 1290//1522 1283//1511 1239//1510
f 924//1525 27//1445 1254//1444
f 1255//1446 27//1445 26//1526
f 1202//1334 1235//1416 1237//1418
f 1237//1418 1236//1417 1278//1499
f 1278//1499 1221//1380 1220//1379
f 1220//1379 1222//1381 1288//1518
f 1238//1419 930//1527 929//1420
f 1276//1495 1213//1456 1258//1455
f 1265//1473 1291//1528 1224//1474
f 1223//1384 1199//1383 1291//1528
f 1281//1506 1259//1458 1205//1460
f 26//1526 928//1503 1255//1446
f 1251//1437 1272//1483 1271//1482
f 1229//1400 1256//1452 1269//1479
f 1277//1497 1214//1481 1270//1480
f 880//1529 926//1412 1228//1414
f 1240//1423 1196//1498 1277//1497
f 1228//1414 881//1490 880//1529
f 1226//1395 1228//1397 1289//1520
f 1233//1408 928//1503 927//1530
f 1267//1477 1286//1516 1268//1478
f 1267//1477 1269//1479 1256//1452
f 1281//1506 1205//1460 1193//1505
f 1238//1419 931//1531 930//1527
f 1285//1515 1246//1432 1245//1431
f 883//1532 882//1533 1227//1449
f 1234//1410 934//1409 933//1534
f 1241//1424 1265//1473 1208//1472
f 1203//1512 1262//1467 1257//1469
f 1212//1486 1257//1469 1263//1468
f 1204//1422 1196//1498 1240//1423
f 1204//1422 1241//1424 1208//1472
f 1209//1351 1211//1353 1249//1435
f 1274//1492 1203//1512 1195//1493
f 1282//1508 1238//1507 1283//1511
f 1209//1351 1231//1403 1210//1352
f 1250//1436 1272//1483 1251//1437
f 1224//1474 1291//1528 1199//1383
f 1259//1458 1270//1480 1207//1459
f 1197//1491 1252//1438 1194//1440
f 1193//1505 1194//1440 1253//1439
f 1287//1517 1288//1518 1222//1381
f 1192//1402 1230//1401 1232//1524
f 1286//1516 1285//1515 1268//1478
f 882//1533 881//1490 1227//1449
f 1275//1494 1232//1524 1230//1401
f 1227//1449 884//1504 883//1532
f 1234//1509 1282//1508 1279//1500
f 1202//1334 1201//1333 1235//1416
f 1226//1395 1258//1455 1227//1396
f 1273//1485 1242//1425 1244//1427
f 1234//1410 933//1534 932//1475
f 1242//1425 1245//1431 1243//1426
f 1233//1408 927//1530 934//1409
f 1206//1496 1261//1463 1219//1462
f 1219//1462 1260//1461 1218//1471
f 1218//1471 1264//1470 1225//1523
f 1238//1419 932//1475 931//1531
f 1287//1517 1216//1374 1215//1373
f 1217//1375 1216//1374 1250//1436
f 1276//1495 1261//1463 1206//1496
f 1233//1502 1234//1509 1279//1500
f 1233//1502 1280//1501 1255//1513
f 1255//1513 1284//1514 1254//1519
f 1254//1519 1289//1520 1228//1397
f 1256//1487 789//1489 1267//1535
f 1212//1355 763//1441 1257//1453
f 1267//1535 786//1536 1286//1537
f 1244//1448 765//1356 1212//1355
f 1267//1535 789//1489 787//1538
f 1286//1537 699//1539 1246//1540
f 1246//1540 699//1539 692//1541
f 1246//1540 690//1542 689//1543
f 1246//1540 689//1543 695//1544
f 1243//1545 1246//1540 695//1544
f 1243//1545 694//1546 681//1547
f 1243//1545 681//1547 680//1548
f 1243//1545 680//1548 678//1549
f 678//1549 675//1550 1243//1545
f 1244//1448 675//1550 674//1551
f 1244//1448 674//1551 670//1447
f 1286//1537 786//1536 785//1552
f 1195//1318 772//1394 1232//1404
f 1257//1453 768//1428 1203//1335
f 1232//1404 783//1313 1192//1312
f 1203//1335 775//1319 1195//1318
f 1256//1487 781//1521 780//1488
f 1267//1535 787//1538 786//1536
f 1286//1537 700//1553 699//1539
f 1246//1540 691//1554 690//1542
f 1243//1545 695//1544 694//1546
f 1246//1540 692//1541 691//1554
f 1243//1545 675//1550 1244//1448
f 1286//1537 785//1552 700//1553
f 1202//1555 235//1556 243//1557
f 1202//1555 243//1557 242//1558
f 1200//1559 242//1558 241//1560
f 1200//1559 241//1560 240//1561
f 1210//1562 1200//1559 240//1561
f 1210//1562 101//1563 104//1564
f 1210//1562 104//1564 247//1565
f 1211//1566 247//1565 246//1567
f 1211//1566 246//1567 245//1568
f 1247//1569 1211//1566 245//1568
f 1247//1569 255//1570 252//1571
f 1247//1569 252//1571 1271//1572
f 1251//1573 250//1574 249//1575
f 1271//1572 250//1574 1251//1573
f 1215//1576 611//1577 1288//1578
f 1278//1579 232//1580 1237//1581
f 1251//1573 626//1582 1217//1583
f 1273//1584 1263//1584 1262//1584
f 1262//1584 1274//1584 1275//1584
f 1275//1584 1230//1584 1229//1584
f 1229//1584 1269//1584 1268//1584
f 1268//1584 1285//1584 1245//1584
f 1245//1584 1242//1584 1273//1584
f 1273//1584 1262//1584 1275//1584
f 1275//1584 1229//1584 1268//1584
f 1268//1584 1245//1584 1273//1584
f 1275//1584 1268//1584 1273//1584
f 1217//1583 624//1585 623//1586
f 1217//1583 623//1586 630//1587
f 1217//1583 630//1587 629//1588
f 1215//1576 629//1588 621//1589
f 1215//1576 621//1589 620//1590
f 1215//1576 620//1590 613//1591
f 613//1591 612//1592 1215//1576
f 612//1592 611//1577 1215//1576
f 1288//1578 611//1577 187//1593
f 187//1593 186//1594 1288//1578
f 186//1594 229//1595 1288//1578
f 229//1595 228//1596 1220//1597
f 228//1596 227//1598 1220//1597
f 1278//1579 227//1598 226//1599
f 226//1599 232//1580 1278//1579
f 1237//1581 232//1580 231//1600
f 1237//1581 231//1600 236//1601
f 1202//1555 236//1601 235//1556
f 1202//1555 242//1558 1200//1559
f 1210//1562 240//1561 101//1563
f 1210//1562 247//1565 1211//1566
f 1247//1569 245//1568 255//1570
f 1271//1572 251//1602 250//1574
f 1251//1573 627//1603 626//1582
f 1217//1583 625//1604 624//1585
f 1217//1583 629//1588 1215//1576
f 1288//1578 229//1595 1220//1597
f 1217//1583 626//1582 625//1604
f 1251//1573 249//1575 627//1603
f 1220//1597 227//1598 1278//1579
f 1237//1581 236//1601 1202//1555
f 1271//1572 252//1571 251//1602
f 1283//1605 1290//1605 1264//1605
f 1264//1605 1260//1605 1261//1605
f 1261//1605 1276//1605 1258//1605
f 1258//1605 1226//1605 1289//1605
f 1289//1605 1284//1605 1280//1605
f 1280//1605 1279//1605 1282//1605
f 1282//1605 1283//1605 1264//1605
f 1264//1605 1261//1605 1258//1605
f 1258//1605 1289//1605 1280//1605
f 1280//1605 1282//1605 1264//1605
f 1264//1605 1258//1605 1280//1605
f 1249//1606 1248//1606 1272//1606
f 1272//1606 1250//1606 1216//1606
f 1216//1606 1287//1606 1222//1606
f 1222//1606 1221//1606 1236//1606
f 1236//1606 1235//1606 1201//1606
f 1201//1606 1231//1606 1209//1606
f 1209//1606 1249//1606 1272//1606
f 1272//1606 1216//1606 1222//1606
f 1222//1606 1236//1606 1201//1606
f 1201//1606 1209//1606 1272//1606
f 1272//1606 1222//1606 1201//1606
f 1252//1607 1266//1607 1223//1607
f 1223//1607 1291//1607 1265//1607
f 1265//1607 1241//1607 1240//1607
f 1240//1607 1277//1607 1270//1607
f 1270//1607 1259//1607 1281//1607
f 1281//1607 1253//1607 1252//1607
f 1252//1607 1223//1607 1265//1607
f 1265//1607 1240//1607 1270//1607
f 1270//1607 1281//1607 1252//1607
f 1265//1607 1270//1607 1252//1607
f 996//1608 1292//1608 1293//1608
f 996//1608 1293//1608 1016//1608
f 137//1609 1294//1609 1295//1609
f 137//1609 1295//1609 852//1609
f 15//1610 1296//1610 1297//1610
f 15//1610 1297//1610 16//1610
f 1023//1611 1298//1611 1299//1611
f 1023//1611 1299//1611 997//1611
f 1008//1612 1300//1612 1301//1612
f 1008//1612 1301//1612 1022//1612
f 203//1613 1302//1613 1303//1613
f 203//1613 1303//1613 503//1613
f 368//1614 1304//1614 1305//1614
f 368//1614 1305//1614 389//1614
f 590//1615 1306//1615 1307//1615
f 590//1615 1307//1615 591//1615
f 800//1616 1308//1616 1306//1616
f 800//1616 1306//1616 590//1616
f 414//1617 1309//1617 1310//1617
f 414//1617 1310//1617 445//1617
f 484//1618 1311//1618 1312//1618
f 484//1618 1312//1618 472//1618
f 136//1619 1313//1619 1294//1619
f 136//1619 1294//1619 137//1619
f 473//1620 1314//1620 1315//1620
f 473//1620 1315//1620 433//1620
f 1043//1621 1316//1621 1317//1621
f 1043//1621 1317//1621 1044//1621
f 503//1622 1303//1622 1318//1622
f 503//1622 1318//1622 514//1622
f 853//1623 1319//1623 1320//1623
f 853//1623 1320//1623 727//1623
f 1022//1624 1301//1624 1298//1624
f 1022//1624 1298//1624 1023//1624
f 433//1625 1315//1625 1321//1625
f 433//1625 1321//1625 45//1625
f 852//1626 1295//1626 1319//1626
f 852//1626 1319//1626 853//1626
f 1047//1627 1322//1627 1323//1627
f 1047//1627 1323//1627 1048//1627
f 445//1628 1310//1628 1296//1628
f 445//1628 1296//1628 15//1628
f 1064//1618 1324//1618 1325//1618
f 1064//1618 1325//1618 1065//1618
f 16//1629 1297//1629 1302//1629
f 16//1629 1302//1629 203//1629
f 957//1630 1326//1630 1327//1630
f 957//1630 1327//1630 950//1630
f 1057//1631 1328//1631 1308//1631
f 1057//1631 1308//1631 800//1631
f 389//1632 1305//1632 1309//1632
f 389//1632 1309//1632 414//1632
f 727//1633 1320//1633 1311//1633
f 727//1633 1311//1633 484//1633
f 1029//1634 1329//1634 1330//1634
f 1029//1634 1330//1634 1035//1634
f 472//1635 1312//1635 1314//1635
f 472//1635 1314//1635 473//1635
f 46//1636 1331//1636 1332//1636
f 46//1636 1332//1636 383//1636
f 1007//1637 1333//1637 1300//1637
f 1007//1637 1300//1637 1008//1637
f 591//1618 1307//1618 1324//1618
f 591//1618 1324//1618 1064//1618
f 1035//1638 1330//1638 1316//1638
f 1035//1638 1316//1638 1043//1638
f 997//1639 1299//1639 1304//1639
f 997//1639 1304//1639 368//1639
f 1044//1618 1317//1618 1328//1618
f 1044//1618 1328//1618 1057//1618
f 1065//1618 1325//1618 1322//1618
f 1065//1618 1322//1618 1047//1618
f 950//1640 1327//1640 1313//1640
f 950//1640 1313//1640 136//1640
f 1016//1641 1293//1641 1329//1641
f 1016//1641 1329//1641 1029//1641
f 45//1642 1321//1642 1331//1642
f 45//1642 1331//1642 46//1642
f 383//1643 1332//1643 1292//1643
f 383//1643 1292//1643 996//1643
f 1048//1644 1323//1644 1333//1644
f 1048//1644 1333//1644 1007//1644
f 514//1645 1318//1645 1326//1645
f 514//1645 1326//1645 957//1645
f 1334//1646 1335//1647 1336//1648
f 1334//1646 1336//1648 1337//1649
f 1338//1650 1339//1651 1340//1652
f 1340//1652 1341//1650 1342//1650
f 1340//1652 1342//1650 1343//1650
f 1344//1650 1338//1650 1340//1652
f 1345//1650 1344//1650 1340//1652
f 1340//1652 1343//1650 1346//1650
f 1340//1652 1346//1650 1347//1650
f 1348//1650 1345//1650 1340//1652
f 1340//1652 1347//1650 1348//1650
f 1349//1653 1350//1654 1351//1655
f 1351//1655 1352//1653 1353//1653
f 1351//1655 1353//1653 1354//1653
f 1355//1653 1349//1653 1351//1655
f 1351//1655 1354//1653 1356//1653
f 1351//1655 1356//1653 1355//1653
f 1337//1649 1357//1656 1358//1657
f 1337//1649 1358//1657 1334//1646
f 1359//1658 1360//1659 1361//1660
f 1359//1658 1361//1660 1362//1661
f 1363//1662 1364//1663 1351//1655
f 1363//1662 1351//1655 1350//1654
f 1362//1661 1361//1660 1364//1663
f 1362//1661 1364//1663 1363//1662
f 1336//1648 1335//1647 1360//1659
f 1336//1648 1360//1659 1359//1658
f 1358//1657 1357//1656 1365//1664
f 1358//1657 1365//1664 1366//1665
f 1367//1666 1368//1667 1369//1668
f 1367//1666 1369//1668 1370//1669
f 1371//1670 1372//1671 1368//1667
f 1371//1670 1368//1667 1367//1666
f 1373//1672 1374//1673 1375//1674
f 1373//1672 1375//1674 1376//1675
f 1376//1675 1375//1674 1377//1676
f 1376//1675 1377//1676 1378//1677
f 1366//1665 1365//1664 1372//1671
f 1366//1665 1372//1671 1371//1670
f 1370//1669 1369//1668 1374//1673
f 1370//1669 1374//1673 1373//1672
f 1379//1678 1380//1679 1340//1652
f 1379//1678 1340//1652 1339//1651
f 1378//1677 1377//1676 1380//1679
f 1378//1677 1380//1679 1379//1678
f 1381//1680 1382//1681 1383//1682
f 1381//1680 1383//1682 1384//1683
f 1385//1684 1386//1685 1387//1686
f 1385//1684 1387//1686 1388//1686
f 1389//1686 1390//1686 1385//1684
f 1391//1686 1389//1686 1385//1684
f 1385//1684 1388//1686 1392//1686
f 1385//1684 1392//1686 1393//1686
f 1394//1686 1391//1686 1385//1684
f 1385//1684 1393//1686 1395//1686
f 1395//1686 1394//1686 1385//1684
f 1396//1687 1397//1688 1398//1689
f 1396//1687 1398//1689 1399//1689
f 1400//1689 1401//1689 1396//1687
f 1402//1689 1400//1689 1396//1687
f 1396//1687 1399//1689 1403//1689
f 1403//1689 1402//1689 1396//1687
f 1382//1681 1381//1680 1404//1690
f 1382//1681 1404//1690 1405//1691
f 1406//1692 1407//1693 1408//1694
f 1406//1692 1408//1694 1409//1695
f 1410//1696 1397//1688 1396//1687
f 1410//1696 1396//1687 1411//1697
f 1407//1693 1410//1696 1411//1697
f 1407//1693 1411//1697 1408//1694
f 1383//1682 1406//1692 1409//1695
f 1383//1682 1409//1695 1384//1683
f 1404//1690 1412//1698 1413//1699
f 1404//1690 1413//1699 1405//1691
f 1414//1700 1415//1701 1416//1702
f 1414//1700 1416//1702 1417//1703
f 1418//1704 1414//1700 1417//1703
f 1418//1704 1417//1703 1419//1705
f 1420//1706 1421//1707 1422//1708
f 1420//1706 1422//1708 1423//1709
f 1421//1707 1424//1710 1425//1711
f 1421//1707 1425//1711 1422//1708
f 1412//1698 1418//1704 1419//1705
f 1412//1698 1419//1705 1413//1699
f 1415//1701 1420//1706 1423//1709
f 1415//1701 1423//1709 1416//1702
f 1426//1712 1386//1685 1385//1684
f 1426//1712 1385//1684 1427//1713
f 1424//1710 1426//1712 1427//1713
f 1424//1710 1427//1713 1425//1711
f 1428//1714 1429//1715 1430//1716
f 1428//1714 1430//1716 1362//1717
f 1431//1718 1432//1719 1433//1720
f 1431//1718 1433//1720 1434//1721
f 1435//1722 1436//1723 1437//1724
f 1435//1722 1437//1724 1438//1725
f 1439//1726 1440//1727 1441//1728
f 1439//1726 1441//1728 1442//1729
f 1443//1730 1444//1731 1336//1732
f 1443//1730 1336//1732 1445//1733
f 1446//1734 1447//1735 1448//1736
f 1446//1734 1448//1736 1449//1737
f 1450//1738 1451//1739 1452//1740
f 1450//1738 1452//1740 1453//1741
f 1454//1742 1455//1743 1456//1744
f 1454//1742 1456//1744 1457//1745
f 1458//1746 1459//1747 1456//1744
f 1458//1746 1456//1744 1455//1743
f 1460//1748 1461//1749 1462//1750
f 1460//1748 1462//1750 1463//1751
f 1464//1752 1465//1753 1466//1754
f 1464//1752 1466//1754 1467//1755
f 1445//1733 1359//1756 1430//1716
f 1445//1733 1430//1716 1468//1757
f 1469//1758 1470//1759 1471//1760
f 1469//1758 1471//1760 1472//1761
f 1473//1762 1474//1763 1475//1764
f 1473//1762 1475//1764 1476//1765
f 1438//1725 1477//1766 1478//1767
f 1438//1725 1478//1767 1479//1768
f 1480//1769 1481//1770 1482//1771
f 1480//1769 1482//1771 1483//1772
f 1484//1773 1485//1774 1473//1762
f 1484//1773 1473//1762 1486//1775
f 1487//1776 1488//1777 1489//1778
f 1487//1776 1489//1778 1490//1779
f 1491//1780 1492//1781 1479//1768
f 1491//1780 1479//1768 1478//1767
f 1493//1782 1475//1764 1474//1763
f 1493//1782 1474//1763 1494//1783
f 1495//1784 1494//1783 1496//1785
f 1495//1784 1496//1785 1497//1786
f 1498//1787 1499//1788 1500//1789
f 1498//1787 1500//1789 1501//1790
f 1502//1791 1503//1792 1504//1793
f 1502//1791 1504//1793 1505//1794
f 1506//1795 1507//1796 1508//1797
f 1506//1795 1508//1797 1442//1729
f 1431//1718 1509//1798 1510//1799
f 1431//1718 1510//1799 1432//1719
f 1511//1800 1512//1801 1513//1802
f 1511//1800 1513//1802 1514//1803
f 1515//1804 1516//1805 1517//1806
f 1515//1804 1517//1806 1518//1807
f 1463//1751 1462//1750 1453//1741
f 1463//1751 1453//1741 1452//1740
f 1519//1808 1520//1809 1521//1810
f 1519//1808 1521//1810 1522//1811
f 1440//1727 1523//1812 1524//1813
f 1440//1727 1524//1813 1441//1728
f 1470//1759 1502//1791 1525//1814
f 1470//1759 1525//1814 1471//1760
f 1428//1714 1526//1815 1527//1816
f 1428//1714 1527//1816 1429//1715
f 1461//1749 1460//1748 1437//1724
f 1461//1749 1437//1724 1528//1817
f 1357//1818 1529//1819 1530//1820
f 1357//1818 1530//1820 1365//1821
f 1531//1822 1532//1823 1533//1824
f 1531//1822 1533//1824 1534//1825
f 1535//1826 1536//1827 1537//1828
f 1535//1826 1537//1828 1527//1816
f 1538//1829 1539//1830 1540//1831
f 1538//1829 1540//1831 1541//1832
f 1542//1833 1538//1829 1541//1832
f 1542//1833 1541//1832 1543//1834
f 1544//1835 1545//1836 1546//1837
f 1544//1835 1546//1837 1547//1838
f 1548//1839 1549//1840 1550//1841
f 1548//1839 1550//1841 1551//1842
f 1545//1836 1552//1843 1553//1844
f 1545//1836 1553//1844 1546//1837
f 1554//1845 1555//1846 1556//1847
f 1554//1845 1556//1847 1557//1848
f 1558//1849 1559//1850 1517//1806
f 1558//1849 1517//1806 1516//1805
f 1560//1851 1561//1852 1562//1853
f 1560//1851 1562//1853 1563//1854
f 1499//1788 1564//1855 1565//1856
f 1499//1788 1565//1856 1500//1789
f 1566//1857 1439//1726 1442//1729
f 1566//1857 1442//1729 1508//1797
f 1567//1858 1568//1859 1530//1820
f 1567//1858 1530//1820 1569//1860
f 1343//1861 1342//1862 1341//1863
f 1346//1864 1343//1861 1341//1863
f 1347//1865 1346//1864 1341//1863
f 1348//1865 1347//1865 1341//1863
f 1345//1866 1348//1865 1341//1863
f 1344//1867 1341//1863 1570//1868
f 1344//1867 1345//1866 1341//1863
f 1338//1869 1344//1867 1570//1868
f 1571//1870 1570//1868 1572//1871
f 1571//1870 1338//1869 1570//1868
f 1573//1872 1571//1870 1572//1871
f 1556//1873 1573//1872 1572//1871
f 1574//1865 1573//1872 1556//1873
f 1555//1874 1574//1865 1556//1873
f 1575//1875 1574//1865 1555//1874
f 1576//1876 1575//1875 1555//1874
f 1550//1877 1576//1876 1555//1874
f 1577//1865 1576//1876 1550//1877
f 1578//1865 1577//1865 1550//1877
f 1549//1878 1578//1865 1550//1877
f 1579//1879 1578//1865 1549//1878
f 1580//1880 1579//1879 1549//1878
f 1581//1881 1579//1879 1580//1880
f 1582//1882 1583//1883 1584//1884
f 1582//1882 1584//1884 1387//1885
f 1582//1882 1387//1885 1581//1881
f 1582//1882 1581//1881 1580//1880
f 1390//1886 1585//1887 1586//1888
f 1390//1886 1586//1888 1587//1889
f 1390//1886 1587//1889 1588//1890
f 1390//1886 1588//1890 1583//1883
f 1390//1886 1583//1883 1582//1882
f 1589//1891 1585//1887 1390//1886
f 1590//1865 1589//1891 1390//1886
f 1591//1892 1592//1893 1548//1894
f 1593//1895 1461//1749 1528//1817
f 1594//1896 1591//1892 1595//1897
f 1594//1896 1596//1898 1592//1893
f 1594//1896 1592//1893 1591//1892
f 1484//1773 1594//1896 1595//1897
f 1486//1775 1582//1899 1596//1898
f 1485//1774 1595//1897 1597//1900
f 1485//1774 1484//1773 1595//1897
f 1474//1763 1473//1762 1485//1774
f 1474//1763 1485//1774 1598//1901
f 1598//1901 1485//1774 1597//1900
f 1496//1785 1598//1901 1597//1900
f 1518//1807 1599//1902 1600//1903
f 1518//1807 1600//1903 1515//1804
f 1601//1904 1483//1772 1599//1902
f 1601//1904 1599//1902 1518//1807
f 1602//1905 1599//1902 1483//1772
f 1602//1905 1483//1772 1482//1771
f 1603//1906 1427//1907 1385//1908
f 1604//1909 1605//1910 1427//1907
f 1604//1909 1427//1907 1603//1906
f 1495//1784 1497//1786 1606//1911
f 1511//1800 1607//1912 1456//1744
f 1511//1800 1456//1744 1459//1747
f 1432//1719 1510//1799 1608//1913
f 1432//1719 1608//1913 1609//1914
f 1610//1915 1611//1916 1612//1917
f 1610//1915 1612//1917 1613//1918
f 1614//1919 1605//1910 1604//1909
f 1615//1920 1606//1911 1616//1921
f 1617//1922 1618//1923 1619//1924
f 1617//1922 1619//1924 1620//1925
f 1621//1926 1615//1920 1616//1921
f 1526//1815 1454//1742 1457//1745
f 1526//1815 1457//1745 1622//1927
f 1552//1843 1616//1921 1553//1844
f 1618//1923 1623//1928 1624//1929
f 1618//1923 1624//1929 1619//1924
f 1429//1715 1527//1816 1537//1828
f 1429//1715 1537//1828 1625//1930
f 1620//1925 1619//1924 1611//1916
f 1620//1925 1611//1916 1626//1931
f 1545//1836 1544//1835 1623//1928
f 1545//1836 1623//1928 1618//1923
f 1522//1811 1624//1929 1623//1928
f 1522//1811 1623//1928 1519//1808
f 1627//1932 1454//1742 1526//1815
f 1627//1932 1526//1815 1428//1714
f 1619//1924 1624//1929 1612//1917
f 1619//1924 1612//1917 1611//1916
f 1439//1726 1566//1857 1628//1933
f 1439//1726 1628//1933 1629//1934
f 1622//1927 1457//1745 1630//1935
f 1622//1927 1630//1935 1629//1934
f 1631//1936 1632//1937 1626//1931
f 1631//1936 1626//1931 1633//1938
f 1440//1727 1439//1726 1629//1934
f 1440//1727 1629//1934 1630//1935
f 1607//1912 1630//1935 1457//1745
f 1607//1912 1457//1745 1456//1744
f 1633//1938 1626//1931 1611//1916
f 1633//1938 1611//1916 1610//1915
f 1632//1937 1614//1919 1634//1939
f 1632//1937 1634//1939 1635//1940
f 1636//1941 1637//1942 1501//1790
f 1636//1941 1501//1790 1500//1789
f 1523//1812 1440//1727 1630//1935
f 1523//1812 1630//1935 1607//1912
f 1638//1943 1639//1944 1451//1739
f 1638//1943 1451//1739 1450//1738
f 1620//1925 1635//1940 1621//1926
f 1620//1925 1621//1926 1617//1922
f 1640//1945 1641//1946 1642//1947
f 1640//1945 1642//1947 1643//1948
f 1463//1751 1452//1740 1644//1949
f 1463//1751 1644//1949 1645//1950
f 1641//1946 1640//1945 1645//1950
f 1641//1946 1645//1950 1644//1949
f 1642//1947 1646//1951 1563//1854
f 1642//1947 1563//1854 1562//1853
f 1602//1905 1647//1952 1487//1776
f 1602//1905 1487//1776 1648//1953
f 1442//1729 1441//1728 1649//1954
f 1442//1729 1649//1954 1506//1795
f 1650//1955 1651//1956 1565//1856
f 1650//1955 1565//1856 1652//1957
f 1466//1754 1533//1824 1532//1823
f 1466//1754 1532//1823 1653//1958
f 1452//1740 1451//1739 1521//1810
f 1452//1740 1521//1810 1644//1949
f 1542//1833 1654//1959 1655//1960
f 1542//1833 1492//1781 1654//1959
f 1437//1724 1436//1723 1528//1817
f 1656//1961 1657//1962 1447//1735
f 1656//1961 1447//1735 1446//1734
f 1538//1829 1542//1833 1655//1960
f 1658//1963 1659//1964 1568//1859
f 1658//1963 1568//1859 1567//1858
f 1541//1832 1435//1722 1543//1834
f 1539//1830 1655//1960 1660//1965
f 1539//1830 1660//1965 1656//1961
f 1539//1830 1538//1829 1655//1960
f 1512//1801 1447//1735 1657//1962
f 1512//1801 1657//1962 1513//1802
f 1661//1966 1662//1967 1541//1832
f 1661//1966 1449//1737 1662//1967
f 1661//1966 1541//1832 1540//1831
f 1663//1968 1660//1965 1664//1969
f 1663//1968 1664//1969 1665//1970
f 1507//1796 1666//1971 1667//1972
f 1507//1796 1667//1972 1508//1797
f 1564//1855 1668//1973 1652//1957
f 1564//1855 1652//1957 1565//1856
f 1669//1974 1553//1844 1616//1921
f 1670//1975 1616//1921 1606//1911
f 1670//1975 1669//1974 1616//1921
f 1671//1976 1606//1911 1597//1900
f 1671//1976 1670//1975 1606//1911
f 1672//1977 1597//1900 1595//1897
f 1672//1977 1671//1976 1597//1900
f 1673//1978 1595//1897 1591//1892
f 1673//1978 1672//1977 1595//1897
f 1674//1979 1591//1892 1548//1894
f 1674//1979 1673//1978 1591//1892
f 1551//1980 1674//1979 1548//1894
f 1675//1981 1674//1979 1551//1980
f 1675//1981 1551//1980 1676//1982
f 1677//1983 1675//1981 1676//1982
f 1677//1983 1676//1982 1678//1984
f 1677//1983 1678//1984 1554//1985
f 1679//1986 1554//1985 1557//1987
f 1679//1986 1677//1983 1554//1985
f 1680//1988 1681//1989 1682//1990
f 1680//1988 1557//1987 1681//1989
f 1680//1988 1679//1986 1557//1987
f 1683//1991 1682//1990 1684//1992
f 1683//1991 1680//1988 1682//1990
f 1685//1993 1684//1992 1686//1994
f 1685//1993 1683//1991 1684//1992
f 1687//1995 1686//1994 1490//1779
f 1687//1995 1685//1993 1686//1994
f 1688//1996 1490//1779 1489//1778
f 1688//1996 1687//1995 1490//1779
f 1668//1973 1489//1778 1652//1957
f 1668//1973 1688//1996 1489//1778
f 1689//1997 1690//1998 1547//1838
f 1689//1997 1547//1838 1546//1837
f 1690//1998 1691//1999 1692//2000
f 1690//1998 1692//2000 1547//1838
f 1691//1999 1560//1851 1563//1854
f 1691//1999 1563//1854 1692//2000
f 1561//1852 1693//2001 1694//2002
f 1561//1852 1694//2002 1562//1853
f 1693//2001 1695//2003 1696//2004
f 1693//2001 1696//2004 1694//2002
f 1695//2003 1697//2005 1654//1959
f 1695//2003 1654//1959 1696//2004
f 1697//2005 1698//2006 1655//1960
f 1697//2005 1655//1960 1654//1959
f 1492//1781 1491//1780 1696//2004
f 1492//1781 1696//2004 1654//1959
f 1633//1938 1610//1915 1699//2007
f 1633//1938 1699//2007 1700//2008
f 1443//1730 1445//1733 1468//1757
f 1443//1730 1468//1757 1472//1761
f 1497//1786 1496//1785 1597//1900
f 1497//1786 1597//1900 1606//1911
f 1465//1753 1701//2009 1377//2010
f 1465//1753 1377//2010 1375//2011
f 1441//1728 1524//1813 1702//2012
f 1441//1728 1702//2012 1649//1954
f 1390//2013 1582//1899 1476//1765
f 1390//2013 1476//1765 1385//1908
f 1661//1966 1540//1831 1446//1734
f 1661//1966 1446//1734 1449//1737
f 1524//1813 1663//1968 1665//1970
f 1524//1813 1665//1970 1702//2012
f 1419//2014 1703//2015 1704//2016
f 1419//2014 1704//2016 1705//2017
f 1676//2018 1550//1841 1555//1846
f 1676//2018 1555//1846 1678//2019
f 1469//1758 1706//2020 1707//2021
f 1469//1758 1707//2021 1470//1759
f 1459//1747 1458//1746 1708//2022
f 1459//1747 1708//2022 1512//1801
f 1559//2023 1572//2024 1570//2025
f 1709//2026 1572//2024 1559//2023
f 1557//1848 1556//1847 1681//2027
f 1678//2019 1555//1846 1554//1845
f 1606//1911 1615//1920 1621//1926
f 1606//1911 1621//1926 1495//1784
f 1551//1842 1550//1841 1676//2018
f 1596//2028 1580//2029 1592//2030
f 1582//2031 1580//2029 1596//2028
f 1710//2032 1566//1857 1508//1797
f 1710//2032 1508//1797 1667//1972
f 1522//1811 1521//1810 1451//1739
f 1522//1811 1451//1739 1639//1944
f 1646//1951 1711//2033 1692//2000
f 1646//1951 1692//2000 1563//1854
f 1712//2034 1534//1825 1503//1792
f 1712//2034 1503//1792 1707//2021
f 1436//2035 1713//2036 1528//2037
f 1662//2038 1714//2039 1713//2036
f 1662//2038 1713//2036 1436//2035
f 1449//2040 1714//2039 1662//2038
f 1708//2041 1715//2042 1714//2039
f 1708//2041 1714//2039 1449//2040
f 1458//2043 1455//2044 1715//2042
f 1458//2043 1715//2042 1708//2041
f 1627//1932 1716//2045 1455//1743
f 1681//1989 1709//2046 1682//1990
f 1657//1962 1656//1961 1660//1965
f 1657//1962 1660//1965 1663//1968
f 1540//1831 1539//1830 1656//1961
f 1540//1831 1656//1961 1446//1734
f 1513//1802 1657//1962 1663//1968
f 1448//1736 1708//2022 1449//1737
f 1512//1801 1448//1736 1447//1735
f 1512//1801 1708//2022 1448//1736
f 1514//1803 1663//1968 1524//1813
f 1514//1803 1513//1802 1663//1968
f 1518//1807 1517//1806 1717//2047
f 1518//1807 1717//2047 1601//1904
f 1523//1812 1514//1803 1524//1813
f 1459//1747 1512//1801 1511//1800
f 1544//1835 1711//2033 1519//1808
f 1544//1835 1519//1808 1623//1928
f 1535//1826 1622//1927 1629//1934
f 1535//1826 1629//1934 1628//1933
f 1454//1742 1627//1932 1455//1743
f 1436//1723 1435//1722 1541//1832
f 1436//1723 1541//1832 1662//1967
f 1635//1940 1634//1939 1495//1784
f 1635//1940 1495//1784 1621//1926
f 1566//1857 1710//2032 1718//2048
f 1566//1857 1718//2048 1628//1933
f 1635//1940 1620//1925 1626//1931
f 1635//1940 1626//1931 1632//1937
f 1719//2049 1431//1718 1434//1721
f 1719//2049 1434//1721 1720//2050
f 1624//1929 1522//1811 1639//1944
f 1624//1929 1639//1944 1612//1917
f 1536//1827 1535//1826 1628//1933
f 1536//1827 1628//1933 1718//2048
f 1632//1937 1631//1936 1605//1910
f 1632//1937 1605//1910 1614//1919
f 1337//2051 1444//1731 1529//1819
f 1337//2051 1529//1819 1357//1818
f 1552//1843 1545//1836 1618//1923
f 1552//1843 1618//1923 1617//1922
f 1613//1918 1612//1917 1639//1944
f 1613//1918 1639//1944 1638//1943
f 1527//1816 1526//1815 1622//1927
f 1527//1816 1622//1927 1535//1826
f 1486//1775 1596//1898 1594//1896
f 1486//1775 1594//1896 1484//1773
f 1488//1777 1650//1955 1652//1957
f 1488//1777 1652//1957 1489//1778
f 1648//1953 1487//1776 1490//1779
f 1648//1953 1490//1779 1686//1994
f 1651//1956 1650//1955 1532//1823
f 1651//1956 1532//1823 1531//1822
f 1653//1958 1647//1952 1467//1755
f 1653//1958 1467//1755 1466//1754
f 1533//1824 1466//1754 1721//2052
f 1533//1824 1721//2052 1504//1793
f 1647//1952 1602//1905 1482//1771
f 1647//1952 1482//1771 1467//1755
f 1641//1946 1520//1809 1646//1951
f 1641//1946 1646//1951 1642//1947
f 1534//1825 1533//1824 1504//1793
f 1534//1825 1504//1793 1503//1792
f 1643//1948 1642//1947 1562//1853
f 1643//1948 1562//1853 1694//2002
f 1651//1956 1636//1941 1500//1789
f 1651//1956 1500//1789 1565//1856
f 1531//1822 1722//2053 1636//1941
f 1531//1822 1636//1941 1651//1956
f 1640//1945 1478//1767 1477//1766
f 1640//1945 1477//1766 1645//1950
f 1723//2054 1712//2034 1707//2021
f 1723//2054 1707//2021 1706//2020
f 1534//1825 1712//2034 1722//2053
f 1534//1825 1722//2053 1531//1822
f 1722//2053 1724//2055 1637//1942
f 1722//2053 1637//1942 1636//1941
f 1460//1748 1463//1751 1645//1950
f 1460//1748 1645//1950 1477//1766
f 1721//2052 1466//1754 1465//1753
f 1491//1780 1643//1948 1694//2002
f 1491//1780 1694//2002 1696//2004
f 1653//1958 1532//1823 1650//1955
f 1653//1958 1650//1955 1488//1777
f 1644//1949 1521//1810 1520//1809
f 1644//1949 1520//1809 1641//1946
f 1464//1752 1467//1755 1701//2009
f 1464//1752 1701//2009 1465//1753
f 1478//1767 1640//1945 1643//1948
f 1478//1767 1643//1948 1491//1780
f 1600//1903 1648//1953 1686//1994
f 1724//2055 1722//2053 1712//2034
f 1724//2055 1712//2034 1723//2054
f 1494//1783 1474//1763 1598//1901
f 1494//1783 1598//1901 1496//1785
f 1515//1804 1686//1994 1684//1992
f 1515//1804 1600//1903 1686//1994
f 1481//1770 1380//2056 1701//2009
f 1516//1805 1515//1804 1684//1992
f 1480//1769 1340//2057 1380//2056
f 1604//1909 1603//1906 1475//1764
f 1604//1909 1475//1764 1493//1782
f 1480//1769 1380//2056 1481//1770
f 1603//1906 1385//1908 1476//1765
f 1603//1906 1476//1765 1475//1764
f 1517//1806 1559//1850 1570//2058
f 1717//2047 1340//2057 1601//1904
f 1717//2047 1570//2058 1341//2059
f 1717//2047 1341//2059 1340//2057
f 1717//2047 1517//1806 1570//2058
f 1558//1849 1684//1992 1682//1990
f 1558//1849 1516//1805 1684//1992
f 1725//2060 1682//1990 1709//2046
f 1725//2060 1558//1849 1682//1990
f 1725//2060 1709//2046 1559//1850
f 1725//2060 1559//1850 1558//1849
f 1701//2009 1380//2056 1377//2010
f 1605//1910 1631//1936 1422//2061
f 1605//1910 1422//2061 1425//2062
f 1465//1753 1375//2011 1374//2063
f 1631//1936 1633//1938 1700//2008
f 1631//1936 1700//2008 1423//2064
f 1610//1915 1613//1918 1726//2065
f 1610//1915 1726//2065 1699//2007
f 1613//1918 1638//1943 1433//1720
f 1613//1918 1433//1720 1726//2065
f 1453//1741 1462//1750 1407//2066
f 1453//1741 1407//2066 1720//2050
f 1363//2067 1428//1714 1362//1717
f 1627//1932 1428//1714 1363//2067
f 1350//2068 1627//1932 1363//2067
f 1716//2045 1627//1932 1350//2068
f 1349//2069 1716//2045 1350//2068
f 1727//2070 1593//1895 1398//2071
f 1461//1749 1727//2070 1728//2072
f 1461//1749 1593//1895 1727//2070
f 1462//1750 1728//2072 1407//2066
f 1462//1750 1461//1749 1728//2072
f 1429//1715 1625//1930 1468//1757
f 1429//1715 1468//1757 1430//1716
f 1625//1930 1469//1758 1472//1761
f 1625//1930 1472//1761 1468//1757
f 1502//1791 1505//1794 1729//2073
f 1502//1791 1729//2073 1525//1814
f 1631//1936 1423//2064 1422//2061
f 1427//1907 1605//1910 1425//2062
f 1700//2008 1416//2074 1423//2064
f 1407//2066 1730//2075 1720//2050
f 1731//2076 1700//2008 1699//2007
f 1732//2077 1419//2014 1733//2078
f 1734//2079 1731//2076 1699//2007
f 1608//1913 1735//2080 1705//2017
f 1608//1913 1705//2017 1704//2016
f 1703//2015 1419//2014 1732//2077
f 1736//2081 1699//2007 1726//2065
f 1734//2079 1732//2077 1733//2078
f 1734//2079 1733//2078 1731//2076
f 1736//2081 1734//2079 1699//2007
f 1569//1860 1530//1820 1529//1819
f 1569//1860 1529//1819 1737//2082
f 1609//1914 1608//1913 1704//2016
f 1609//1914 1704//2016 1738//2083
f 1738//2083 1736//2081 1726//2065
f 1638//1943 1450//1738 1434//1721
f 1638//1943 1434//1721 1433//1720
f 1609//1914 1726//2065 1433//1720
f 1609//1914 1738//2083 1726//2065
f 1737//2082 1529//1819 1444//1731
f 1737//2082 1444//1731 1443//1730
f 1703//2015 1736//2081 1738//2083
f 1703//2015 1738//2083 1704//2016
f 1432//1719 1609//1914 1433//1720
f 1509//1798 1739//2084 1382//2085
f 1509//1798 1382//2085 1510//1799
f 1477//1766 1438//1725 1437//1724
f 1477//1766 1437//1724 1460//1748
f 1431//1718 1739//2084 1509//1798
f 1719//2049 1730//2075 1739//2084
f 1719//2049 1720//2050 1730//2075
f 1719//2049 1739//2084 1431//1718
f 1740//2086 1729//2073 1741//2087
f 1740//2086 1741//2087 1368//2088
f 1666//1971 1498//1787 1501//1790
f 1666//1971 1501//1790 1667//1972
f 1492//1781 1542//1833 1543//1834
f 1492//1781 1543//1834 1479//1768
f 1711//2033 1544//1835 1547//1838
f 1711//2033 1547//1838 1692//2000
f 1669//1974 1689//1997 1546//1837
f 1669//1974 1546//1837 1553//1844
f 1505//1794 1504//1793 1721//2052
f 1505//1794 1721//2052 1465//1753
f 1616//1921 1552//1843 1617//1922
f 1616//1921 1617//1922 1621//1926
f 1698//2006 1664//1969 1660//1965
f 1698//2006 1660//1965 1655//1960
f 1481//1770 1701//2009 1467//1755
f 1481//1770 1467//1755 1482//1771
f 1470//1759 1707//2021 1503//1792
f 1470//1759 1503//1792 1502//1791
f 1637//1942 1710//2032 1667//1972
f 1637//1942 1667//1972 1501//1790
f 1549//1840 1548//1839 1592//2030
f 1549//1840 1592//2030 1580//2029
f 1710//2032 1637//1942 1724//2055
f 1710//2032 1724//2055 1718//2048
f 1480//1769 1483//1772 1601//1904
f 1480//1769 1601//1904 1340//2057
f 1647//1952 1653//1958 1488//1777
f 1647//1952 1488//1777 1487//1776
f 1568//1859 1372//2089 1365//1821
f 1568//1859 1365//1821 1530//1820
f 1476//1765 1582//1899 1486//1775
f 1476//1765 1486//1775 1473//1762
f 1510//1799 1382//2085 1735//2080
f 1510//1799 1735//2080 1608//1913
f 1711//2033 1646//1951 1520//1809
f 1711//2033 1520//1809 1519//1808
f 1681//2027 1556//1847 1572//2024
f 1681//2027 1572//2024 1709//2026
f 1614//1919 1604//1909 1493//1782
f 1614//1919 1493//1782 1634//1939
f 1479//1768 1543//1834 1435//1722
f 1479//1768 1435//1722 1438//1725
f 1723//2054 1536//1827 1718//2048
f 1723//2054 1718//2048 1724//2055
f 1430//1716 1359//1756 1362//1717
f 1374//2063 1369//2090 1729//2073
f 1445//1733 1336//1732 1359//1756
f 1444//1731 1337//2051 1336//1732
f 1450//1738 1453//1741 1720//2050
f 1450//1738 1720//2050 1434//1721
f 1737//2082 1472//1761 1471//1760
f 1737//2082 1443//1730 1472//1761
f 1740//2086 1368//2088 1659//1964
f 1740//2086 1659//1964 1658//1963
f 1569//1860 1737//2082 1471//1760
f 1567//1858 1471//1760 1525//1814
f 1567//1858 1569//1860 1471//1760
f 1659//1964 1368//2088 1372//2089
f 1659//1964 1372//2089 1568//1859
f 1658//1963 1567//1858 1525//1814
f 1736//2081 1703//2015 1732//2077
f 1736//2081 1732//2077 1734//2079
f 1740//2086 1525//1814 1729//2073
f 1740//2086 1658//1963 1525//1814
f 1741//2087 1369//2090 1368//2088
f 1741//2087 1729//2073 1369//2090
f 1742//1610 1743//1618 1398//1618
f 1744//1618 1398//1618 1593//2091
f 1744//1618 1742//1610 1398//1618
f 1401//2092 1593//2091 1528//2093
f 1401//2092 1744//1618 1593//2091
f 1713//2094 1401//2092 1528//2093
f 1745//1610 1401//2092 1713//2094
f 1746//1618 1745//1610 1713//2094
f 1714//1618 1746//1618 1713//2094
f 1747//1618 1746//1618 1714//1618
f 1748//1618 1747//1618 1714//1618
f 1715//1618 1748//1618 1714//1618
f 1749//1610 1748//1618 1715//1618
f 1352//2095 1749//1610 1715//1618
f 1349//2096 1355//2097 1356//2098
f 1349//2096 1356//2098 1354//2099
f 1349//2096 1354//2099 1353//2100
f 1716//2101 1353//2100 1352//2095
f 1716//2101 1349//2096 1353//2100
f 1455//2102 1352//2095 1715//1618
f 1455//2102 1716//2101 1352//2095
f 1625//1930 1537//1828 1706//2020
f 1625//1930 1706//2020 1469//1758
f 1505//1794 1465//1753 1374//2063
f 1505//1794 1374//2063 1729//2073
f 1416//2074 1700//2008 1731//2076
f 1416//2074 1731//2076 1733//2078
f 1634//1939 1493//1782 1494//1783
f 1634//1939 1494//1783 1495//1784
f 1536//1827 1723//2054 1706//2020
f 1536//1827 1706//2020 1537//1828
f 1648//1953 1600//1903 1599//1902
f 1648//1953 1599//1902 1602//1905
f 1607//1912 1511//1800 1514//1803
f 1607//1912 1514//1803 1523//1812
f 1671//2103 1672//2103 1673//2103
f 1673//2103 1674//2103 1675//2103
f 1675//2103 1677//2103 1679//2103
f 1679//2103 1680//2103 1683//2103
f 1683//2103 1685//2103 1687//2103
f 1687//2103 1688//2103 1668//2103
f 1668//2103 1564//2103 1499//2103
f 1499//2103 1498//2103 1666//2103
f 1666//2103 1507//2103 1506//2103
f 1506//2103 1649//2103 1702//2103
f 1702//2103 1665//2103 1664//2103
f 1664//2103 1698//2103 1697//2103
f 1697//2103 1695//2103 1693//2103
f 1693//2103 1561//2103 1560//2103
f 1560//2103 1691//2103 1690//2103
f 1690//2103 1689//2103 1669//2103
f 1669//2103 1670//2103 1671//2103
f 1671//2103 1673//2103 1675//2103
f 1675//2103 1679//2103 1683//2103
f 1683//2103 1687//2103 1668//2103
f 1668//2103 1499//2103 1666//2103
f 1666//2103 1506//2103 1702//2103
f 1702//2103 1664//2103 1697//2103
f 1697//2103 1693//2103 1560//2103
f 1560//2103 1690//2103 1669//2103
f 1669//2103 1671//2103 1675//2103
f 1675//2103 1683//2103 1668//2103
f 1668//2103 1666//2103 1702//2103
f 1702//2103 1697//2103 1560//2103
f 1560//2103 1669//2103 1675//2103
f 1675//2103 1668//2103 1702//2103
f 1675//2103 1702//2103 1560//2103
# Vertices: 1749, normals: 2103, texture coordinates: 0, faces: 3252

o obj2
v -0.09030943 0.00023307 0.02152657
v -0.09024498 0.00045403 0.0214768
v -0.0901418 0.0006493 0.02139697
v -0.09000468 0.0008092 0.02129059
v -0.08984253 0.00092351 0.02116437
v -0.08966458 0.00098748 0.02102538
v -0.08948006 0.00099678 0.02088069
v -0.08929929 0.00095025 0.02073837
v -0.08913177 0.00085202 0.02060602
v -0.08898664 0.00070672 0.020491
v -0.08887275 0.00052188 0.02040049
v -0.08879598 0.00030873 0.02033935
v -0.08876742 0.00015609 0.02031658
v -0.08875775 0 0.02030887
v -0.08877943 -0.00023336 0.02032617
v -0.08884288 -0.00045361 0.02037671
v -0.08894508 -0.00064919 0.02045799
v -0.0890803 -0.00080844 0.02056526
v -0.08924121 -0.00092287 0.02069253
v -0.0894189 -0.00098731 0.02083261
v -0.0896042 -0.00099686 0.02097811
v -0.08978576 -0.00095087 0.02112011
v -0.08995403 -0.0008523 0.02125123
v -0.09009974 -0.00070688 0.02136437
v -0.09021465 -0.0005222 0.02145336
v -0.09029245 -0.00030909 0.02151347
v -0.09032142 -0.00015647 0.02153583
v -0.09033126 0 0.02154341
vn -0.61728 -0 -0.78674
usemtl mat1
f 1750//2104 1751//2104 1752//2104
f 1752//2104 1753//2104 1754//2104
f 1754//2104 1755//2104 1756//2104
f 1756//2104 1757//2104 1758//2104
f 1758//2104 1759//2104 1760//2104
f 1760//2104 1761//2104 1762//2104
f 1762//2104 1763//2104 1764//2104
f 1764//2104 1765//2104 1766//2104
f 1766//2104 1767//2104 1768//2104
f 1768//2104 1769//2104 1770//2104
f 1770//2104 1771//2104 1772//2104
f 1772//2104 1773//2104 1774//2104
f 1774//2104 1775//2104 1776//2104
f 1776//2104 1777//2104 1750//2104
f 1750//2104 1752//2104 1754//2104
f 1754//2104 1756//2104 1758//2104
f 1758//2104 1760//2104 1762//2104
f 1762//2104 1764//2104 1766//2104
f 1766//2104 1768//2104 1770//2104
f 1770//2104 1772//2104 1774//2104
f 1774//2104 1776//2104 1750//2104
f 1750//2104 1754//2104 1758//2104
f 1758//2104 1762//2104 1766//2104
f 1766//2104 1770//2104 1774//2104
f 1774//2104 1750//2104 1758//2104
f 1758//2104 1766//2104 1774//2104
# Vertices: 28, normals: 1, texture coordinates: 0, faces: 26

o obj3
v -0.09285045 0.00026572 0.06113994
v -0.09285092 0.00053068 0.06105954
v -0.09285179 0.00082004 0.06089674
v -0.0928528 0.00106402 0.06067105
v -0.09285375 0.00124877 0.06039495
v -0.09285441 0.00136386 0.06008271
v -0.09285465 0.00140252 0.05975299
v -0.09285448 0.00137512 0.05947543
v -0.092854 0.00129473 0.05921048
v -0.09285313 0.00113193 0.05892112
v -0.09285212 0.00090624 0.05867715
v -0.09285118 0.00063013 0.05849242
v -0.09285052 0.00031788 0.05837735
v -0.0928503 -1.184E-05 0.05833871
v -0.09285048 -0.00028939 0.05836609
v -0.09285098 -0.00055434 0.05844648
v -0.09285187 -0.00084369 0.05860927
v -0.09285291 -0.00108767 0.05883494
v -0.09285387 -0.0012724 0.05911104
v -0.09285455 -0.00138747 0.05942327
v -0.0928548 -0.00142612 0.05975299
v -0.09285462 -0.00139873 0.06003054
v -0.09285414 -0.00131834 0.0602955
v -0.09285325 -0.00115556 0.06058487
v -0.09285221 -0.00092989 0.06082886
v -0.09285124 -0.00065379 0.06101361
v -0.09285055 -0.00034156 0.06112869
v -0.0928503 -1.184E-05 0.06116734
v -0.09286368 0.0020282 0.05410912
v -0.09285794 0.00075927 0.05380302
v -0.0928575 -0.00054407 0.0537776
v -0.0928624 -0.00182557 0.05403602
v -0.09287237 -0.00301722 0.05456522
v -0.09287304 -0.00307692 0.05459876
v -0.09289002 -0.004237 0.0555
v -0.09289021 -0.00424749 0.05551047
v -0.09287472 -0.00332244 0.05643552
v -0.09287421 -0.00328807 0.0564706
v -0.09287146 -0.00309342 0.05662254
v -0.09286853 -0.0028705 0.05673099
v -0.09286559 -0.00262945 0.05679069
v -0.09286286 -0.00238267 0.0567989
v -0.09286042 -0.00213864 0.05675529
v -0.09285835 -0.00190865 0.05666162
v -0.09285781 -0.00184299 0.05662282
v -0.09285372 -0.00124296 0.05634004
v -0.09287447 0.0032027 0.05468405
v -0.09288996 0.00423434 0.05551605
v -0.09288977 0.00422391 0.0555
v -0.09292158 0.00567609 0.05784211
v -0.0929076 0.00508909 0.05659359
v -0.09292817 0.00593245 0.06056336
v -0.09292891 0.00596055 0.05918841
v -0.09290615 0.00502415 0.06301367
v -0.09291946 0.00559102 0.06189987
v -0.09288976 0.00422319 0.064
v -0.09288994 0.00423303 0.06399017
v -0.09286369 0.00203093 0.06539149
v -0.09287448 0.00320504 0.06481536
v -0.09285752 -0.00054219 0.06572498
v -0.09285796 0.00076342 0.06569845
v -0.09287243 -0.00302034 0.06493722
v -0.09286243 -0.00182483 0.06546725
v -0.09289012 -0.0042425 0.064
v -0.09287309 -0.00308004 0.06490362
v -0.09287477 -0.00332545 0.06306686
v -0.09289027 -0.00425055 0.06399196
v -0.09287149 -0.00309525 0.06287914
v -0.09287426 -0.00329114 0.06303178
v -0.09286563 -0.00263252 0.06271169
v -0.09286855 -0.00287225 0.06277086
v -0.09286043 -0.00214032 0.06274746
v -0.09286287 -0.00238431 0.06270366
v -0.09285784 -0.00184605 0.06287961
v -0.09285838 -0.00191171 0.06284082
v -0.09285282 -0.00106686 0.06322236
v -0.09285111 -0.00060381 0.05617209
v -0.09285041 -0.00022706 0.06337342
v -0.09285115 0.00062332 0.06332351
v -0.09285042 0.00023571 0.05613101
v -0.0928528 0.00106392 0.05628473
v -0.09285487 0.00143777 0.0630782
v -0.09285768 0.00182737 0.0566256
v -0.09286309 0.00240494 0.0570456
v -0.09286076 0.00217484 0.0626488
v -0.0928664 0.00269768 0.0621669
v -0.09286873 0.00288685 0.05756844
v -0.09287462 0.00331625 0.05830551
v -0.0928718 0.00311767 0.06158931
v -0.09287679 0.00346041 0.06081012
v -0.09287836 0.00356156 0.05911995
v -0.09287915 0.00361147 0.05997033
vn -1 5E-05 0
vn -0.99998 -0.0066 0
usemtl mat2
f 1778//2105 1779//2105 1780//2105
f 1780//2105 1781//2105 1782//2105
f 1782//2105 1783//2105 1784//2105
f 1784//2105 1785//2105 1786//2105
f 1786//2105 1787//2105 1788//2105
f 1788//2105 1789//2105 1790//2105
f 1790//2105 1791//2105 1792//2105
f 1792//2105 1793//2105 1794//2105
f 1794//2105 1795//2105 1796//2105
f 1796//2105 1797//2105 1798//2105
f 1798//2105 1799//2105 1800//2105
f 1800//2105 1801//2105 1802//2105
f 1802//2105 1803//2105 1804//2105
f 1804//2105 1805//2105 1778//2105
f 1778//2105 1780//2105 1782//2105
f 1782//2105 1784//2105 1786//2105
f 1786//2105 1788//2105 1790//2105
f 1790//2105 1792//2105 1794//2105
f 1794//2105 1796//2105 1798//2105
f 1798//2105 1800//2105 1802//2105
f 1802//2105 1804//2105 1778//2105
f 1778//2105 1782//2105 1786//2105
f 1786//2105 1790//2105 1794//2105
f 1794//2105 1798//2105 1802//2105
f 1802//2105 1778//2105 1786//2105
f 1786//2105 1794//2105 1802//2105
f 1806//2106 1807//2106 1808//2106
f 1808//2106 1809//2106 1810//2106
f 1810//2106 1811//2106 1812//2106
f 1812//2106 1813//2106 1814//2106
f 1814//2106 1815//2106 1816//2106
f 1816//2106 1817//2106 1818//2106
f 1818//2106 1819//2106 1820//2106
f 1820//2106 1821//2106 1822//2106
f 1820//2106 1822//2106 1823//2106
f 1816//2106 1818//2106 1820//2106
f 1812//2106 1814//2106 1816//2106
f 1808//2106 1810//2106 1812//2106
f 1824//2106 1806//2106 1808//2106
f 1825//2106 1826//2106 1824//2106
f 1827//2106 1828//2106 1825//2106
f 1829//2106 1830//2106 1827//2106
f 1831//2106 1832//2106 1829//2106
f 1833//2106 1834//2106 1831//2106
f 1835//2106 1836//2106 1833//2106
f 1837//2106 1838//2106 1835//2106
f 1839//2106 1840//2106 1837//2106
f 1841//2106 1842//2106 1839//2106
f 1843//2106 1844//2106 1841//2106
f 1845//2106 1846//2106 1843//2106
f 1847//2106 1848//2106 1845//2106
f 1849//2106 1850//2106 1847//2106
f 1851//2106 1852//2106 1849//2106
f 1851//2106 1849//2106 1847//2106
f 1847//2106 1845//2106 1843//2106
f 1843//2106 1841//2106 1839//2106
f 1839//2106 1837//2106 1835//2106
f 1835//2106 1833//2106 1831//2106
f 1831//2106 1829//2106 1827//2106
f 1827//2106 1825//2106 1824//2106
f 1824//2106 1808//2106 1812//2106
f 1812//2106 1816//2106 1820//2106
f 1812//2106 1820//2106 1823//2106
f 1831//2106 1827//2106 1824//2106
f 1839//2106 1835//2106 1831//2106
f 1847//2106 1843//2106 1839//2106
f 1853//2106 1851//2106 1847//2106
f 1853//2106 1847//2106 1839//2106
f 1824//2106 1812//2106 1823//2106
f 1824//2106 1823//2106 1854//2106
f 1855//2106 1853//2106 1839//2106
f 1856//2106 1855//2106 1839//2106
f 1824//2106 1854//2106 1857//2106
f 1824//2106 1857//2106 1858//2106
f 1856//2106 1839//2106 1831//2106
f 1859//2106 1856//2106 1831//2106
f 1824//2106 1858//2106 1860//2106
f 1824//2106 1860//2106 1861//2106
f 1862//2106 1859//2106 1831//2106
f 1863//2106 1862//2106 1831//2106
f 1824//2106 1861//2106 1864//2106
f 1824//2106 1864//2106 1865//2106
f 1866//2106 1863//2106 1831//2106
f 1867//2106 1866//2106 1831//2106
f 1831//2106 1824//2106 1865//2106
f 1831//2106 1865//2106 1868//2106
f 1869//2106 1867//2106 1831//2106
f 1868//2106 1869//2106 1831//2106
# Vertices: 92, normals: 2, texture coordinates: 0, faces: 88

o obj4
v -0.01484156 0.03885609 0.03766985
v -0.0114171 0.03743826 0.03623483
v -0.01291307 0.0356455 0.03247014
v -0.01484156 0.03590909 0.03229985
v -0.01612148 -0.03602487 0.03222504
v -0.01740614 -0.03609443 0.0321801
v -0.01869317 -0.03241204 0.02724297
v -0.01578234 -0.03322587 0.02842809
v -0.00295294 0.03645123 0.03905715
v -0.00527433 0.03407082 0.03347754
v -0.00617373 0.03875346 0.04276137
v -0.035 -0.02763987 0.09693991
v -0.035 -0.03293991 0.09163987
v 0.0397 -0.03431474 0.08991329
v 0.0397 -0.02896891 0.09577738
v 0.0054341 0.03628819 0.04093115
v 0.00070956 0.03932751 0.04661208
v 0.0397 0.0413585 0.05223249
v 0.0397 0.03849202 0.04483325
v -0.02030016 0.0429756 0.06040926
v -0.01873649 0.04295723 0.0594204
v -0.0195372 0.043 0.05785175
v -0.02094304 0.043 0.05936565
v -0.035 0.03686127 0.03335849
v -0.035 0.04023434 0.04032772
v -0.01869317 0.0402661 0.04041222
v -0.01869317 0.03693082 0.03347468
v -0.01291307 -0.0356455 0.03247014
v -0.01484156 -0.03590909 0.03229985
v -0.0114171 -0.03387941 0.03050089
v -0.035 0.04230293 0.04778885
v -0.035 0.043 0.0555
v -0.01869317 0.043 0.0555
v -0.01869317 0.04231101 0.04783326
v -0.01612148 -0.04113761 0.04336691
v -0.01612148 -0.03898137 0.03761236
v -0.01484156 -0.03885609 0.03766985
v -0.01484156 -0.0410054 0.0434059
v -0.00486578 -0.03787211 0.04124371
v 0.00072921 -0.03931705 0.04658825
v -0.00659285 -0.04126286 0.05142514
v -0.008125 -0.03993953 0.04505932
v 0.00990711 0.03232353 0.03564177
v 0.0397 0.03431474 0.03808671
v -0.01740614 -0.04297238 0.0555
v -0.01740614 -0.04253128 0.0493587
v -0.01612148 -0.04244932 0.04937053
v -0.01612148 -0.04288957 0.0555
v -0.00902478 0.04131554 0.05024941
v -0.00659285 0.04126286 0.05142514
v 0.00018669 -0.03374979 0.03555375
v 0.0054544 -0.03627273 0.04090695
v -0.01291307 -0.03857087 0.03780073
v -0.0114171 -0.04003529 0.0424637
v -0.00902478 -0.04131554 0.05024941
v -0.00619854 -0.04202658 0.05490267
v -0.0084601 -0.04243892 0.05707633
v -0.01291307 -0.04232104 0.05235275
v -0.035 -0.03686127 0.03335849
v -0.035 -0.03229311 0.02710713
v -0.01869317 -0.03693082 0.03347468
v -0.01227956 -0.04262229 0.05783528
v -0.01356487 -0.04263705 0.0566696
v -0.01484156 -0.04231289 0.04939024
v -0.01291307 -0.0407044 0.04349468
v -0.01291307 -0.04200229 0.04943508
v -0.01660978 0.04289692 0.05763148
v -0.01740614 0.04297238 0.0555
v -0.01897702 0.043 0.05685978
v -0.01762898 0.04293405 0.0585703
v -0.035 -0.04040678 0.07870687
v -0.035 -0.04234673 0.07146687
v 0.0397 -0.04281657 0.06796754
v 0.0397 -0.0413585 0.07576751
v 0.00340275 0.0333959 0.03621024
v 0.00018669 0.03374979 0.03555375
v 0.03199622 0.02076159 0.0263442
v 0.02780054 0.02430251 0.02852623
v 0.0397 0.02896891 0.03222262
v 0.0397 0.02263658 0.02744066
v -0.035 -0.01470687 0.10440678
v -0.035 -0.0215 0.10123909
v 0.0397 -0.02263658 0.10055934
v 0.0397 -0.01553339 0.10409631
v -0.0114171 -0.03743826 0.03623483
v -0.02014896 -0.043 0.05859761
v -0.01947196 -0.043 0.05775837
v -0.01846444 -0.04295262 0.05922526
v -0.01968784 -0.0429697 0.06004575
v 0.0397 0.03849202 0.08316675
v 0.0397 0.0413585 0.07576751
v -0.035 0.04040678 0.07870687
v -0.035 0.03723909 0.0855
v -0.01906716 -0.043 0.05706186
v -0.01731221 -0.04292464 0.05829669
v -0.01291307 0.04200229 0.04943508
v -0.0114171 0.0416038 0.04902747
v -0.0114171 0.04003529 0.0424637
v -0.01291307 0.0407044 0.04349468
v -0.00527433 -0.03407082 0.03347754
v -0.0114171 -0.0416038 0.04902747
v -0.01484156 -0.04275173 0.0555
v -0.01869317 -0.043 0.0555
v -0.01869317 -0.04231101 0.04783326
v -0.01612148 0.04244932 0.04937053
v -0.01740614 0.04253128 0.0493587
v -0.01612148 0.04288957 0.0555
v -0.01869317 -0.0402661 0.04041222
v -0.01484156 0.0410054 0.0434059
v -0.01484156 0.04231289 0.04939024
v -0.01291307 0.03857087 0.03780073
v -0.01612148 0.03898137 0.03761236
v -0.01612148 0.04113761 0.04336691
v -0.01612148 0.03602487 0.03222504
v -0.01578234 0.03322587 0.02842809
v -0.01869317 0.03241204 0.02724297
v -0.01740614 0.03609443 0.0321801
v -0.0114171 0.03387941 0.03050089
v -0.01599562 -0.04286183 0.05697367
v -0.01879163 -0.043 0.05630038
v -0.02185777 -0.043 0.06010402
v -0.02279016 -0.04299035 0.06167329
v -0.02424533 -0.043 0.06166569
v -0.02882207 -0.043 0.064
v -0.035 -0.01306289 0.0145322
v -0.035 -0.00550442 0.01285376
v -0.0345 -0.00837178 0.01332283
v -0.0345 -0.01349478 0.01467242
v -0.0345 -0.01841294 0.01664175
v -0.035 -0.02019784 0.01753887
v -0.035 -0.02667795 0.02177631
v -0.0345 -0.02305161 0.01920092
v -0.03192713 -0.02548814 0.02086789
v -0.02900279 -0.02759642 0.02252368
v -0.02402284 -0.03029913 0.02498831
v -0.035 0.03229311 0.02710713
v 0.0385 -0.00392656 0.02117965
v 0.0385 0 0.021
v 0.0397 0 0.021
v 0.0397 -0.00790123 0.02173216
v 0.0385 -0.00782031 0.02171711
v 0.0385 -0.01164872 0.02260788
v 0.0397 -0.01553339 0.02390369
v 0.03560698 -0.01656338 0.02431809
v 0.0397 -0.02263658 0.02744066
v 0.03199622 -0.02076159 0.0263442
v 0.0222959 -0.02773747 0.03114223
v 0.02780054 -0.02430251 0.02852623
v 0.0397 -0.02896891 0.03222262
v 0.01636301 -0.0304143 0.03360314
v 0.0397 -0.03431474 0.03808671
v 0.00990711 -0.03232353 0.03564177
v -0.01356487 0.04263705 0.0566696
v -0.00730066 0.04225231 0.05601612
v -0.01291307 0.04232104 0.05235275
v -0.00414103 -0.04144619 0.05254515
v 0.0397 -0.0413585 0.05223249
v 0.0397 -0.04281657 0.06003246
v -0.01098995 -0.04270751 0.05899315
v -0.01561998 -0.04291533 0.06130283
v -0.02063024 -0.04297947 0.06267036
v 0.0397 0.04281657 0.06796754
v -0.035 0.04234673 0.07146687
v -0.035 -0.043 0.064
v -0.035 0.03293991 0.09163987
v -0.035 0.02763987 0.09693991
v 0.0397 0.02896891 0.09577738
v 0.0397 0.03431474 0.08991329
v -0.035 0.0215 0.10123909
v 0.0397 0.02263658 0.10055934
v -0.035 0.01470687 0.10440678
v 0.0397 0.01553339 0.10409631
v -0.035 0.00746687 0.10634673
v 0.0397 0.00790123 0.10626784
v -0.035 -0 0.107
v -0.035 -0.00746687 0.10634673
v 0.0397 -0.00790123 0.10626784
v 0.0397 -0 0.107
v -0.035 -0.043 0.0555
v -0.035 -0.04230293 0.04778885
v -0.035 -0.04023434 0.04032772
v -0.02402284 0.03029913 0.02498831
v -0.02900279 0.02759642 0.02252368
v -0.035 0.02667795 0.02177631
v -0.03192713 0.02548814 0.02086789
v -0.0345 0.02305161 0.01920092
v -0.035 0.02019784 0.01753887
v -0.035 0.01306289 0.0145322
v -0.0345 0.01841294 0.01664175
v -0.0345 0.01349478 0.01467242
v -0.0345 0.00837178 0.01332283
v -0.035 0.00550442 0.01285376
v -0.01484156 0.04275173 0.0555
v -0.01876712 0.043 0.05619359
v -0.02193351 0.04298648 0.06126972
v -0.02340905 0.043 0.06116072
v -0.02533338 0.04299723 0.06273966
v -0.02882207 0.043 0.064
v 0.00670151 -0.03292707 0.03619681
v 0.00342058 -0.03339402 0.03621222
v -0.02566456 -0.04299591 0.06321858
v -0.035 0.043 0.064
v -0.01098995 0.04270751 0.05899315
v -0.01227956 0.04262229 0.05783528
v -0.01568153 0.04291673 0.06132523
v -0.02218875 0.04298782 0.06297398
v -0.00414103 0.04144619 0.05254515
v 0.00668029 0.03293071 0.03619828
v -0.035 -0.03723909 0.0855
v 0.0397 -0.03849202 0.08316675
v 0.0397 0.04281657 0.06003246
v 0.0397 -0.03849202 0.04483325
v 0.0163191 0.03043065 0.0336195
v 0.02228069 0.02774546 0.03114904
v 0.03560698 0.01656338 0.02431809
v 0.0397 0.01553339 0.02390369
v 0.0385 0.01164872 0.02260788
v 0.0397 0.00790123 0.02173216
v 0.0385 0.00782031 0.02171711
v 0.0385 0.00392656 0.02117965
v -0.03544576 0.03219074 0.02721812
v -0.03544576 0.02659338 0.0219042
v -0.03544576 0.02013381 0.01768019
v -0.03544576 0.01302148 0.01468305
v -0.03544576 0.04286368 0.05552098
v -0.03544576 0.04216883 0.04783428
v -0.03544576 0.04010679 0.04039679
v -0.03544576 0.03674442 0.03344966
v -0.03544576 -0.03283548 0.09154627
v -0.03544576 -0.02755224 0.09682952
v -0.03544576 0.03283548 0.09154627
v -0.03544576 0.03712104 0.08542587
v -0.03544576 -0.04027868 0.07865427
v -0.03544576 -0.03712104 0.08542587
v -0.03544576 -0.02013381 0.01768019
v -0.03544576 -0.02659338 0.0219042
v -0.03544576 0.0074432 0.10620652
v -0.03544576 0.01466024 0.10427272
v -0.03544576 -0.02143184 0.10111506
v -0.03544576 -0.01466024 0.10427272
v -0.03544576 -0.04010679 0.04039679
v -0.03544576 -0.04216883 0.04783428
v -0.03544576 -0.03219074 0.02721812
v -0.03544576 -0.03674442 0.03344966
v -0.03544576 0.02143184 0.10111506
v -0.03544576 0.02755224 0.09682952
v -0.03544576 0.00548697 0.01300994
v -0.03544576 -0.00548697 0.01300994
v -0.03544576 -0.01302148 0.01468305
v -0.03544576 0.04027868 0.07865427
v -0.03544576 0.04221249 0.07143723
v -0.03544576 -0.04286368 0.06399404
v -0.03544576 -0.04221249 0.07143723
v -0.03544576 -0.0074432 0.10620652
v -0.03544576 -0 0.10685772
v -0.03544576 -0.04286368 0.05552098
v -0.03544576 0.04286368 0.06399404
v -0.02145172 -0.0126439 0.0044
v -0.02145172 -0.0126439 0
v -0.02069099 -0.0128314 0
v -0.02069099 -0.0128314 0.0044
v 0.00719099 -0.02871733 0.0044
v 0.00719099 -0.02871733 0
v 0.00649725 -0.02835322 0
v 0.00649725 -0.02835322 0.0044
v 0.02752474 0.00566876 0.0044
v 0.02752474 0.00566876 0
v 0.02683099 0.00530466 0
v 0.02683099 0.00530466 0.0044
v -0.02427612 -0.01802535 0.0044
v -0.02427612 -0.01802535 0
v -0.02472119 -0.01738055 0
v -0.02472119 -0.01738055 0.0044
v -0.00902944 -0.03051711 0.005
v -0.00902944 -0.03051711 0
v -0.00951158 -0.03051711 0
v -0.00951158 -0.03051711 0.005
v -0.00287773 -0.02851035 0.0044
v -0.00287773 -0.02851035 0
v -0.00315556 -0.02777778 0
v -0.00315556 -0.02777778 0.0044
v 0.034 0 0.005
v 0.03382134 -0.0034809 0.005
v 0.03382134 -0.0034809 0
v 0.034 0 0
v -0.01121239 -0.02805306 0.005
v -0.01121239 -0.02805306 0
v -0.01104142 -0.02760225 0
v -0.01104142 -0.02760225 0.005
v -0.00243266 -0.02915515 0.0044
v -0.00243266 -0.02915515 0
v 0.02069099 -0.0128314 0
v 0.02069099 -0.0128314 0.0044
v 0.01999725 -0.0131955 0.0044
v 0.01999725 -0.0131955 0
v -0.01702267 -0.02488226 0.0044
v -0.01702267 -0.02488226 0
v -0.01771641 -0.02451816 0
v -0.01771641 -0.02451816 0.0044
v 0.01763222 -0.02907069 0.005
v 0.01456333 -0.03072311 0.005
v 0.01456333 -0.03072311 0
v 0.01763222 -0.02907069 0
v -0.00719099 0.02871733 0.0044
v -0.00719099 0.02871733 0
v -0.00649725 0.02835322 0
v -0.00649725 0.02835322 0.0044
v 0.00722069 0.02468384 0
v 0.00722069 0.02468384 0.006
v 0.00749136 0.02444405 0.006
v 0.00749136 0.02444405 0
v -0.02528678 -0.01156976 0
v -0.02528678 -0.01156976 0.0044
v -0.02452606 -0.01138226 0.0044
v -0.02452606 -0.01138226 0
v 0.00701527 0.02498144 0
v 0.00701527 0.02498144 0.006
v 0.00979987 0.02531955 0
v 0.00979987 0.02531955 0.006
v 0.00984346 0.02567853 0.006
v 0.00984346 0.02567853 0
v 0.02683099 0.01138226 0.0044
v 0.02683099 0.01138226 0
v 0.02752474 0.01101816 0
v 0.02752474 0.01101816 0.0044
v -0.02683099 -0.00530466 0.0044
v -0.02683099 -0.00530466 0
v -0.02607027 -0.00511716 0
v -0.02607027 -0.00511716 0.0044
v 0.0113414 -0.03205265 0.005
v 0.0113414 -0.03205265 0
v 0.00967164 0.02498144 0.006
v 0.00967164 0.02498144 0
v 0.00946623 0.02468384 0
v 0.00946623 0.02468384 0.006
v -0.01999725 -0.0185449 0
v -0.01999725 -0.0185449 0.0044
v -0.0194108 -0.01802535 0.0044
v -0.0194108 -0.01802535 0
v 0.02702907 -0.01301651 0.0107
v 0.02540173 -0.01596096 0.0107
v 0.02540173 -0.01596096 0.00908284
v 0.02702907 -0.01301651 0.00908284
v 0.00239355 -0.03193973 0.00697071
v 0 -0.03005858 0.00894142
v -0.00239355 -0.03193973 0.00697071
v -5.133E-05 -0.03350087 0.00549909
v 0.02266485 0.00581934 0
v 0.02227741 0.00571987 0.0004
v 0.02138486 0.00846686 0.0004
v 0.02175677 0.00861411 0
v -0.02281864 0.00288266 0.0004
v -0.02321548 0.0029328 0
v -0.02266485 0.00581934 0
v -0.02227741 0.00571987 0.0004
v -0.02138486 0.00846686 0.0004
v -0.02175677 0.00861411 0
v -0.02050558 0.01127304 0
v -0.02015505 0.01108033 0.0004
v -0.02050558 -0.01127304 0
v -0.02015505 -0.01108033 0.0004
v -0.01860739 -0.01351906 0.0004
v -0.018931 -0.01375418 0
v -0.01860739 0.01351906 0.0004
v -0.018931 0.01375418 0
v -0.01705787 0.0160184 0
v -0.01676628 0.01574458 0.0004
v 0.01705787 0.0160184 0
v 0.01676628 0.01574458 0.0004
v 0.01466075 0.0177218 0.0004
v 0.01491572 0.01803001 0
v -0.01466075 0.0177218 0.0004
v -0.01491572 0.01803001 0
v -0.01253835 0.01975727 0
v -0.01232402 0.01941954 0.0004
v -0.00979292 0.02081102 0.0004
v -0.00996324 0.02117295 0
v -0.007231 0.02225472 0
v -0.00710739 0.0218743 0.0004
v -0.007231 -0.02225472 0
v -0.00710739 -0.0218743 0.0004
v -0.00430977 -0.02259261 0.0004
v -0.00438472 -0.02298552 0
v -0.0014693 -0.02335383 0
v -0.00144418 -0.02295461 0.0004
v 0.00144418 -0.02295461 0.0004
v 0.0014693 -0.02335383 0
v 0.0014693 0.02335383 0
v 0.00144418 0.02295461 0.0004
v -0.00144418 0.02295461 0.0004
v -0.0014693 0.02335383 0
v 0.00438472 0.02298552 0
v 0.00430977 0.02259261 0.0004
v 0.007231 0.02225472 0
v 0.00710739 0.0218743 0.0004
v 0.01253835 0.01975727 0
v 0.01232402 0.01941954 0.0004
v 0.00979292 0.02081102 0.0004
v 0.00996324 0.02117295 0
v 0.018931 0.01375418 0
v 0.01860739 0.01351906 0.0004
v 0.02050558 0.01127304 0
v 0.02015505 0.01108033 0.0004
v 0.02321548 0.0029328 0
v 0.02281864 0.00288266 0.0004
v -0.02526692 0.02275044 0
v -0.02275044 0.02526692 0
v -0.0191202 0.02184346 0
v -0.0222352 0.0190965 0
v 0.00979292 0.02081102 0.0074
v 0.01232402 0.01941954 0.0074
v 0.02452606 0.01138226 0.0044
v 0.02452606 0.01138226 0
v 0.02528678 0.01156976 0
v 0.02528678 0.01156976 0.0044
v 0.0087352 -0.02245222 0
v 0.0087352 -0.02245222 0.0044
v 0.00795172 -0.02245222 0.0044
v 0.00795172 -0.02245222 0
v -0.00115247 0.0300388 0
v -0.00115247 0.0300388 0.0044
v -0.00184621 0.0296747 0.0044
v -0.00184621 0.0296747 0
v -0.01902576 0.02262123 0.0044
v -0.01902576 0.02262123 0
v -0.01874793 0.02335381 0
v -0.01874793 0.02335381 0.0044
v 0.02924784 0.00667563 0.0107
v 0.02981137 0.00335893 0.0107
v 0.02981137 0.00335893 0.00908284
v 0.02924784 0.00667563 0.00908284
v 0.02318379 -0.0248699 0.005
v 0.02051581 -0.02711276 0.005
v 0.02051581 -0.02711276 0
v 0.02318379 -0.0248699 0
v -0.017 0.02944486 0.005
v -0.01382905 0.03106054 0.005
v -0.01382905 0.03106054 0
v -0.017 0.02944486 0
v -0.03382134 -0.0034809 0.005
v -0.034 -0 0.005
v -0.034 0 0
v -0.03382134 -0.0034809 0
v 0.00039174 0.0237737 0
v 0.00039174 0.0237737 0.0044
v 0.00115247 0.0239612 0.0044
v 0.00115247 0.0239612 0
v 0.00990837 -0.0283165 0.0107
v 0.00667563 -0.02924784 0.0107
v 0.00667563 -0.02924784 0.00908284
v 0.00990837 -0.0283165 0.00908284
v -0.01149902 0.0264563 0.0044
v -0.01149902 0.0264563 0
v -0.01122119 0.02718888 0
v -0.01122119 0.02718888 0.0044
v 0.01902576 0.02106568 0.0044
v 0.01902576 0.02106568 0
v 0.01874793 0.02033311 0
v 0.01874793 0.02033311 0.0044
v 0.00781155 0.024276 0.006
v 0.00781155 0.024276 0
v 0.03015556 -0.00077778 0.0044
v 0.03015556 -0.00077778 0
v 0.02987773 -0.00151035 0
v 0.02987773 -0.00151035 0.0044
v 0.02739174 -0.0032263 0.0044
v 0.02739174 -0.0032263 0
v 0.02660826 -0.0032263 0
v 0.02660826 -0.0032263 0.0044
v -0.01596096 0.02540173 0.0107
v -0.01301651 0.02702907 0.0107
v -0.01301651 0.02702907 0.00908284
v -0.01596096 0.02540173 0.00908284
v 0.01343754 0.01968831 0.0044
v 0.01343754 0.01968831 0
v 0.01299247 0.02033311 0
v 0.01299247 0.02033311 0.0044
v 0.02943266 -0.00215515 0
v 0.02943266 -0.00215515 0.0044
v 0.00992772 -0.02837179 0.00894142
v 0.01304193 -0.02708184 0.00894142
v 0.01301651 -0.02702907 0.00908284
v 0.02986958 0.00336549 0.00894142
v 0.03 0 0.00908284
v 0.03005858 0 0.00894142
v -0.00336549 -0.02986958 0.00894142
v -0.00335893 -0.02981137 0.00908284
v -0.00667563 -0.02924784 0.00908284
v -0.00668866 -0.02930495 0.00894142
v -0.02986958 0.00336549 0.00894142
v -0.02981137 0.00335893 0.00908284
v -0.02924784 0.00667563 0.00908284
v -0.02930495 0.00668866 0.00894142
v -0.00668866 0.02930495 0.00894142
v -0.00667563 0.02924784 0.00908284
v -0.00335893 0.02981137 0.00908284
v -0.00336549 0.02986958 0.00894142
v 0.02125463 0.02125463 0.00894142
v 0.0212132 0.0212132 0.00908284
v 0.02345494 0.01870469 0.00908284
v 0.02350074 0.01874122 0.00894142
v 0.00668866 -0.02930495 0.00894142
v -0.02125463 0.02125463 0.00894142
v -0.02350074 0.01874122 0.00894142
v -0.02345494 0.01870469 0.00908284
v -0.0212132 0.0212132 0.00908284
v -0.02708184 -0.01304193 0.00894142
v -0.02545133 -0.01599213 0.00894142
v -0.02540173 -0.01596096 0.00908284
v -0.02702907 -0.01301651 0.00908284
v -0.0283165 -0.00990837 0.00908284
v -0.02837179 -0.00992772 0.00894142
v 0.02837179 -0.00992772 0.00894142
v 0.0283165 -0.00990837 0.00908284
v 0.02708184 -0.01304193 0.00894142
v 0.02986958 -0.00336549 0.00894142
v 0.02981137 -0.00335893 0.00908284
v -0.02545133 0.01599213 0.00894142
v -0.02540173 0.01596096 0.00908284
v -0.01304193 0.02708184 0.00894142
v -0.01599213 0.02545133 0.00894142
v -0.02837179 0.00992772 0.00894142
v -0.0283165 0.00990837 0.00908284
v -0.02702907 0.01301651 0.00908284
v -0.02708184 0.01304193 0.00894142
v -0.01874122 -0.02350074 0.00894142
v -0.01870469 -0.02345494 0.00908284
v -0.0212132 -0.0212132 0.00908284
v -0.02125463 -0.02125463 0.00894142
v 0.01874122 0.02350074 0.00894142
v 0.01870469 0.02345494 0.00908284
v -0.01304193 -0.02708184 0.00894142
v -0.01301651 -0.02702907 0.00908284
v -0.01596096 -0.02540173 0.00908284
v -0.01599213 -0.02545133 0.00894142
v 0.02924784 -0.00667563 0.00908284
v 0.02930495 -0.00668866 0.00894142
v -0.02350074 -0.01874122 0.00894142
v -0.02345494 -0.01870469 0.00908284
v 0.01874122 -0.02350074 0.00894142
v 0.02125463 -0.02125463 0.00894142
v 0.0212132 -0.0212132 0.00908284
v 0.01870469 -0.02345494 0.00908284
v 0.00335893 -0.02981137 0.00908284
v 0.00336549 -0.02986958 0.00894142
v 0.02545133 0.01599213 0.00894142
v 0.02540173 0.01596096 0.00908284
v 0.02702907 0.01301651 0.00908284
v 0.02708184 0.01304193 0.00894142
v -0.03328726 -0.00692521 0
v -0.02884621 -0.0026747 0
v -0.02855626 -0.00683311 0
v -0.02962681 -0.0166809 0
v -0.03117891 -0.01356007 0
v -0.02683099 -0.01138226 0
v -0.02499902 -0.01509243 0
v 0.02138486 -0.00846686 0.0004
v 0.02175677 -0.00861411 0
v 0.02050558 -0.01127304 0
v 0.02015505 -0.01108033 0.0004
v -0.00430977 0.02259261 0.0004
v -0.00438472 0.02298552 0
v 0.02944486 0.017 0
v 0.03106054 0.01382905 0
v 0.02499902 0.01509243 0
v -0.01253835 -0.01975727 0
v -0.01232402 -0.01941954 0.0004
v -0.00979292 -0.02081102 0.0004
v -0.00996324 -0.02117295 0
v -0.01763222 -0.02907069 0.005
v -0.02051581 -0.02711276 0.005
v -0.02051581 -0.02711276 0
v -0.01763222 -0.02907069 0
v -0.01402399 -0.02451816 0
v -0.01402399 -0.02451816 0.0044
v -0.01343754 -0.02399861 0.0044
v -0.01343754 -0.02399861 0
v -0.01232402 0.01941954 0.0074
v -0.00979292 0.02081102 0.0074
v 0.01050658 0.03233592 0
v 0.007069 0.03325702 0
v 0.007069 0.03325702 0.005
v 0.01050658 0.03233592 0.005
v 0.00039174 0.0302263 0.0044
v 0.00039174 0.0302263 0
v 0.00115247 0.0300388 0
v 0.00115247 0.0300388 0.0044
v -0.01456333 -0.03072311 0.005
v -0.01456333 -0.03072311 0
v 0.01596096 -0.02540173 0.0107
v 0.01301651 -0.02702907 0.0107
v 0.01596096 -0.02540173 0.00908284
v -0.00800028 -0.03304536 0.005
v -0.0113414 -0.03205265 0.005
v -0.0113414 -0.03205265 0
v -0.00800028 -0.03304536 0
v 0.01547846 -0.02506976 0.0044
v 0.01547846 -0.02506976 0
v 0.01471774 -0.02488226 0
v 0.01471774 -0.02488226 0.0044
v 0.01626195 -0.02506976 0.0044
v 0.01626195 -0.02506976 0
v -0.02456734 0.00215515 0.0044
v -0.02456734 0.00215515 0
v -0.02412227 0.00151035 0
v -0.02412227 0.00151035 0.0044
v 0.01702267 -0.01880466 0.0044
v 0.01702267 -0.01880466 0
v 0.01771641 -0.01916876 0
v 0.01771641 -0.01916876 0.0044
v -0.00430977 0.02259261 0.0074
v -0.00144418 0.02295461 0.0074
v -0.00710739 -0.0218743 0.0074
v -0.00979292 -0.02081102 0.0074
v 0.00355397 0.03381374 0.005
v 0.00355397 0.03381374 0
v -0.00457508 -0.03369078 0.005
v -0.00457508 -0.03369078 0
v 0.02252297 0.00756568 0.0044
v 0.02252297 0.00756568 0
v 0.02242853 0.00834346 0
v 0.02242853 0.00834346 0.0044
v 0.02584753 0.0030388 0
v 0.02584753 0.0030388 0.0044
v 0.02515379 0.0026747 0.0044
v 0.02515379 0.0026747 0
v -0.00335893 0.02981137 0.0107
v -0 0.03 0.0107
v -0 0.03 0.00908284
v -0.02069099 0.01890901 0.0044
v -0.02069099 0.01890901 0
v -0.01999725 0.0185449 0
v -0.01999725 0.0185449 0.0044
v -0.02811119 -0.00618831 0.0044
v -0.02811119 -0.00618831 0
v -0.02752474 -0.00566876 0
v -0.02752474 -0.00566876 0.0044
v -0.01874793 -0.02033311 0.0044
v -0.01874793 -0.02033311 0
v -0.01830286 -0.01968831 0
v -0.01830286 -0.01968831 0.0044
v 0.01676628 0.01574458 0.0074
v 0.01860739 0.01351906 0.0074
v 0.0186879 0.01664798 0.0044
v 0.0186879 0.01664798 0
v 0.01896573 0.01738055 0
v 0.01896573 0.01738055 0.0044
v 0.00335893 0.02981137 0.0107
v 0.00335893 0.02981137 0.00908284
v 0.02280079 0.00985381 0.0044
v 0.02280079 0.00985381 0
v 0.02324587 0.01049861 0
v 0.02324587 0.01049861 0.0044
v -0.02472119 0.01435985 0.0044
v -0.02472119 0.01435985 0
v -0.02499902 0.01509243 0
v -0.02499902 0.01509243 0.0044
v 0.00287773 -0.02548965 0.0044
v 0.00287773 -0.02548965 0
v 0.00315556 -0.02622222 0
v 0.00315556 -0.02622222 0.0044
v -0.02015505 -0.01108033 0.0074
v -0.02138486 -0.00846686 0.0004
v -0.02138486 -0.00846686 0.0074
v -0.01676628 -0.01574458 0.0074
v -0.01676628 -0.01574458 0.0004
v -0.01860739 -0.01351906 0.0074
v -0.02750658 0.0199847 0.005
v -0.02526692 0.02275044 0.005
v -0.02750658 0.0199847 0
v 0.02299592 -0.0128314 0.0044
v 0.02299592 -0.0128314 0
v 0.02368967 -0.0131955 0
v 0.02368967 -0.0131955 0.0044
v -0.00951158 -0.02654628 0
v -0.00951158 -0.02654628 0.005
v -0.00997972 -0.02666166 0.005
v -0.00997972 -0.02666166 0
v -0.02227741 -0.00571987 0.0074
v -0.02227741 -0.00571987 0.0004
v -0.02281864 -0.00288266 0.0004
v -0.02281864 -0.00288266 0.0074
v 0.02138486 -0.00846686 0.0074
v 0.02015505 -0.01108033 0.0074
v 0.02528678 0.00511716 0.0044
v 0.02528678 0.00511716 0
v 0.02452606 0.00530466 0
v 0.02452606 0.00530466 0.0044
v -0.02528678 -0.00511716 0
v -0.02528678 -0.00511716 0.0044
v 0.00749136 0.026913 0.006
v 0.00749136 0.026913 0
v 0.00781155 0.02708105 0
v 0.00781155 0.02708105 0.006
v 0.02015505 0.01108033 0.0074
v -0.01547846 0.01861716 0
v -0.01547846 0.01861716 0.0044
v -0.01471774 0.01880466 0.0044
v -0.01471774 0.01880466 0
v 0.02855626 0.00985381 0.0044
v 0.02855626 0.00985381 0
v 0.02883409 0.00912123 0
v 0.02883409 0.00912123 0.0044
v -0.00243266 -0.02484485 0.0044
v -0.00243266 -0.02484485 0
v -0.00184621 -0.0243253 0
v -0.00184621 -0.0243253 0.0044
v -0.02280079 -0.00985381 0.0044
v -0.02280079 -0.00985381 0
v -0.02324587 -0.01049861 0
v -0.02324587 -0.01049861 0.0044
v 0.00979987 0.0260375 0.006
v 0.00979987 0.0260375 0
v -0.02383232 -0.01101816 0.0044
v -0.02383232 -0.01101816 0
v -0.02499902 -0.01664798 0
v -0.02499902 -0.01664798 0.0044
v -0.01104142 -0.02946114 0.005
v -0.01104142 -0.02946114 0
v -0.01121239 -0.02901033 0
v -0.01121239 -0.02901033 0.005
v 0.01902576 -0.02262123 0
v 0.01902576 -0.02262123 0.0044
v 0.0191202 -0.02184346 0.0044
v 0.0191202 -0.02184346 0
v -0.01626195 0.01861716 0.0044
v -0.01626195 0.01861716 0
v -0.01702267 0.01880466 0
v -0.01702267 0.01880466 0.0044
v 0.00701527 0.02637561 0.006
v 0.00701527 0.02637561 0
v 0.00722069 0.02667321 0
v 0.00722069 0.02667321 0.006
v 0.02383232 0.01101816 0.0044
v 0.02383232 0.01101816 0
v 0.0199847 0.02750658 0
v 0.017 0.02944486 0
v 0.017 0.02944486 0.005
v 0.0199847 0.02750658 0.005
v 0.02427612 0.01802535 0.0044
v 0.02427612 0.01802535 0
v 0.02472119 0.01738055 0
v 0.02472119 0.01738055 0.0044
v -0.01896573 -0.01738055 0.0044
v -0.01896573 -0.01738055 0
v -0.02962681 -0.0166809 0.005
v -0.03117891 -0.01356007 0.005
v -0.00039174 0.0302263 0
v -0.00039174 0.0302263 0.0044
v 0.01299247 -0.02335381 0.0044
v 0.01299247 -0.02335381 0
v 0.01271464 -0.02262123 0
v 0.01271464 -0.02262123 0.0044
v 0.03 0 0.0107
v 0.02981137 -0.00335893 0.0107
v 0.02607027 0.00511716 0
v 0.02607027 0.00511716 0.0044
v -0.02924784 0.00667563 0.0107
v -0.0283165 0.00990837 0.0107
v 0.02427612 -0.01371505 0
v 0.02427612 -0.01371505 0.0044
v 0.0222352 -0.0190965 0.0044
v 0.0222352 -0.0190965 0
v 0.02145172 -0.0190965 0
v 0.02145172 -0.0190965 0.0044
v -0.0085613 -0.03040173 0.005
v -0.0085613 -0.03040173 0
v 0.01896573 -0.01738055 0.0044
v 0.01896573 -0.01738055 0
v 0.0186879 -0.01664798 0
v 0.0186879 -0.01664798 0.0044
v 0.00919556 0.02444405 0
v 0.00919556 0.02444405 0.006
v -0.03240335 -0.01029675 0.005
v -0.03328726 -0.00692521 0.005
v -0.03240335 -0.01029675 0
v 0.02368967 0.0131955 0
v 0.02368967 0.0131955 0.0044
v 0.02427612 0.01371505 0.0044
v 0.02427612 0.01371505 0
v -0.01471774 -0.02488226 0
v -0.01471774 -0.02488226 0.0044
v -0.02252297 -0.00756568 0.0044
v -0.02252297 -0.00756568 0
v -0.02242853 -0.00834346 0
v -0.02242853 -0.00834346 0.0044
v 0.01830286 0.01968831 0
v 0.01830286 0.01968831 0.0044
v -0.02944486 0.017 0.005
v -0.02944486 0.017 0
v -0.02540173 -0.01596096 0.0107
v -0.02702907 -0.01301651 0.0107
v -0.00315556 0.02777778 0
v -0.00315556 0.02777778 0.0044
v -0.00325 0.027 0.0044
v -0.00325 0.027 0
v 0.03328726 -0.00692521 0.005
v 0.03240335 -0.01029675 0.005
v 0.03240335 -0.01029675 0
v 0.03328726 -0.00692521 0
v 0.02499902 -0.01664798 0.0044
v 0.02499902 -0.01664798 0
v 0.02472119 -0.01738055 0
v 0.02472119 -0.01738055 0.0044
v 0.02739174 0.0032263 0
v 0.02739174 0.0032263 0.0044
v 0.02660826 0.0032263 0.0044
v 0.02660826 0.0032263 0
v -0.02015505 0.01108033 0.0074
v -0.01860739 0.01351906 0.0074
v 0.0186879 -0.01509243 0.0044
v 0.0186879 -0.01509243 0
v 0.01896573 -0.01435985 0
v 0.01896573 -0.01435985 0.0044
v -0.00039174 -0.0302263 0.0044
v -0.00039174 -0.0302263 0
v -0.00115247 -0.0300388 0
v -0.00115247 -0.0300388 0.0044
v 0.01999725 -0.0185449 0.0044
v 0.01999725 -0.0185449 0
v 0.0194108 -0.01802535 0
v 0.0194108 -0.01802535 0.0044
v 0.00287773 -0.02851035 0.0044
v 0.00287773 -0.02851035 0
v 0.00243266 -0.02915515 0
v 0.00243266 -0.02915515 0.0044
v 0.03117891 -0.01356007 0.005
v 0.03117891 -0.01356007 0
v 0.02427612 -0.01802535 0
v 0.02427612 -0.01802535 0.0044
v 0.0194108 -0.01371505 0
v 0.0194108 -0.01371505 0.0044
v -0.00144418 -0.02295461 0.0074
v -0.00430977 -0.02259261 0.0074
v 0.01870469 -0.02345494 0.0107
v -0.02560813 -0.02236568 0.005
v -0.02776335 -0.01962642 0.005
v -0.02776335 -0.01962642 0
v -0.02560813 -0.02236568 0
v 0.01271464 -0.02106568 0.0044
v 0.01271464 -0.02106568 0
v 0.01299247 -0.02033311 0
v 0.01299247 -0.02033311 0.0044
v -0.02345494 0.01870469 0.0107
v -0.0212132 0.0212132 0.0107
v -0.00546573 0.02416817 0.0044
v -0.00546573 0.02416817 0
v -0.0059108 0.02352338 0
v -0.0059108 0.02352338 0.0044
v -0.02384444 0.00077778 0.0044
v -0.02384444 0.00077778 0
v -0.02375 -0 0
v -0.02375 -0 0.0044
v -0.01702267 -0.01880466 0.0044
v -0.01702267 -0.01880466 0
v -0.01626195 -0.01861716 0
v -0.01626195 -0.01861716 0.0044
v 0.01896573 0.01435985 0.0044
v 0.01896573 0.01435985 0
v 0.0186879 0.01509243 0
v 0.0186879 0.01509243 0.0044
v 0.01874793 -0.02335381 0
v 0.01874793 -0.02335381 0.0044
v -0.02509346 -0.0158702 0
v -0.02509346 -0.0158702 0.0044
v -0.03015556 0.00077778 0.0044
v -0.03015556 0.00077778 0
v -0.02987773 0.00151035 0
v -0.02987773 0.00151035 0.0044
v 0.0051879 -0.02490075 0.0044
v 0.0051879 -0.02490075 0
v 0.00546573 -0.02416817 0
v 0.00546573 -0.02416817 0.0044
v 0.00184621 -0.0296747 0
v 0.00184621 -0.0296747 0.0044
v -0.01702267 0.02488226 0
v -0.01702267 0.02488226 0.0044
v -0.01771641 0.02451816 0.0044
v -0.01771641 0.02451816 0
v 0.02412227 -0.00151035 0.0044
v 0.02412227 -0.00151035 0
v 0.02384444 -0.00077778 0
v 0.02384444 -0.00077778 0.0044
v -0.0186879 0.01509243 0
v -0.0186879 0.01509243 0.0044
v -0.01859346 0.0158702 0.0044
v -0.01859346 0.0158702 0
v -0.0186879 -0.01664798 0
v -0.0186879 -0.01664798 0.0044
v -0.01859346 -0.0158702 0.0044
v -0.01859346 -0.0158702 0
v 0.01626195 -0.01861716 0
v 0.01626195 -0.01861716 0.0044
v 0.01547846 -0.01861716 0.0044
v 0.01547846 -0.01861716 0
v 0.0283165 0.00990837 0.0107
v 0.0283165 0.00990837 0.00908284
v 0.023 0 0.0074
v 0.023 0 0.0004
v 0.02281864 -0.00288266 0.0004
v 0.02281864 -0.00288266 0.0074
v 0.01232402 -0.01941954 0.0074
v 0.01232402 -0.01941954 0.0004
v 0.00979292 -0.02081102 0.0004
v 0.00979292 -0.02081102 0.0074
v -0.01771641 -0.01916876 0
v -0.01771641 -0.01916876 0.0044
v 0.02924784 -0.00667563 0.0107
v 0.0283165 -0.00990837 0.0107
v 0.02944486 0.017 0.005
v 0.03106054 0.01382905 0.005
v 0.01018967 -0.02835322 0.0044
v 0.01018967 -0.02835322 0
v 0.00949593 -0.02871733 0
v 0.00949593 -0.02871733 0.0044
v -0.01547846 -0.01861716 0.0044
v -0.01547846 -0.01861716 0
v -0.01471774 -0.01880466 0
v -0.01471774 -0.01880466 0.0044
v -0.02660826 -0.0032263 0.0044
v -0.02660826 -0.0032263 0
v -0.02739174 -0.0032263 0
v -0.02739174 -0.0032263 0.0044
v 0.00710739 -0.0218743 0.0004
v 0.00710739 -0.0218743 0.0074
v 0.01830286 -0.01968831 0
v 0.01830286 -0.01968831 0.0044
v 0.01077612 -0.02783367 0.0044
v 0.01077612 -0.02783367 0
v 0.02275044 0.02526692 0
v 0.02275044 0.02526692 0.005
v -0.01271464 0.02106568 0.0044
v -0.01271464 0.02106568 0
v -0.01299247 0.02033311 0
v -0.01299247 0.02033311 0.0044
v -0.00287773 0.02548965 0.0044
v -0.00287773 0.02548965 0
v -0.00315556 0.02622222 0
v -0.00315556 0.02622222 0.0044
v 0.00144418 -0.02295461 0.0074
v 0.00949593 -0.02263972 0.0044
v 0.00949593 -0.02263972 0
v 0.01018967 -0.02300383 0
v 0.01018967 -0.02300383 0.0044
v 0.00115247 -0.0239612 0.0044
v 0.00115247 -0.0239612 0
v 0.00184621 -0.0243253 0
v 0.00184621 -0.0243253 0.0044
v -0.00287773 0.02851035 0
v -0.00287773 0.02851035 0.0044
v 0.01299247 0.02335381 0.0044
v 0.01299247 0.02335381 0
v 0.01343754 0.02399861 0
v 0.01343754 0.02399861 0.0044
v -0.0191202 0.02184346 0.0044
v 0.01402399 0.01916876 0.0044
v 0.01402399 0.01916876 0
v -0.00902944 -0.02654628 0
v -0.00902944 -0.02654628 0.005
v 0.00039174 -0.0302263 0
v 0.00039174 -0.0302263 0.0044
v 0.00115247 -0.0300388 0.0044
v 0.00115247 -0.0300388 0
v 0.02227741 -0.00571987 0.0004
v 0.02227741 -0.00571987 0.0074
v -0.00184621 -0.0296747 0
v -0.00184621 -0.0296747 0.0044
v -0.03381374 0.00355397 0.005
v -0.03325702 0.007069 0.005
v -0.03325702 0.007069 0
v -0.03381374 0.00355397 0
v 0.0191202 0.02184346 0.0044
v 0.0191202 0.02184346 0
v -0.01466075 -0.0177218 0.0074
v -0.01466075 -0.0177218 0.0004
v 0.01471774 0.01880466 0.0044
v 0.01471774 0.01880466 0
v 0.0059108 -0.02352338 0.0044
v 0.0059108 -0.02352338 0
v 0.00649725 -0.02300383 0
v 0.00649725 -0.02300383 0.0044
v 0.02509346 -0.0158702 0.0044
v 0.02509346 -0.0158702 0
v 0.01077612 -0.02352338 0.0044
v 0.01077612 -0.02352338 0
v 0.01122119 -0.02416817 0
v 0.01122119 -0.02416817 0.0044
v 0.01874793 0.02335381 0.0044
v 0.01874793 0.02335381 0
v 0.01902576 0.02262123 0
v 0.01902576 0.02262123 0.0044
v -0.01902576 -0.02106568 0
v -0.01902576 -0.02106568 0.0044
v -0.0191202 -0.02184346 0.0044
v -0.0191202 -0.02184346 0
v 0.01149902 -0.02490075 0
v 0.01149902 -0.02490075 0.0044
v 0.01471774 -0.01880466 0
v 0.01471774 -0.01880466 0.0044
v 0.01402399 -0.01916876 0.0044
v 0.01402399 -0.01916876 0
v -0.02252297 -0.00912123 0.0044
v -0.02252297 -0.00912123 0
v 0.01122119 -0.02718888 0.0044
v 0.01122119 -0.02718888 0
v -0.02855626 -0.00985381 0.0044
v -0.02855626 -0.00985381 0
v -0.02883409 -0.00912123 0
v -0.02883409 -0.00912123 0.0044
v -0.02702907 0.01301651 0.0107
v 0.02987773 0.00151035 0.0044
v 0.02987773 0.00151035 0
v 0.03015556 0.00077778 0
v 0.03015556 0.00077778 0.0044
v 0.02345494 -0.01870469 0.0107
v 0.02345494 -0.01870469 0.00908284
v -0.01771641 0.01916876 0.0044
v -0.01771641 0.01916876 0
v -0.01830286 0.01968831 0
v -0.01830286 0.01968831 0.0044
v -0.00243266 0.02915515 0
v -0.00243266 0.02915515 0.0044
v 0.01271464 0.02106568 0.0044
v 0.01271464 0.02106568 0
v 0.0126202 0.02184346 0
v 0.0126202 0.02184346 0.0044
v 0.02145172 -0.0126439 0
v 0.02145172 -0.0126439 0.0044
v -0.02499902 0.01664798 0.0044
v -0.02499902 0.01664798 0
v -0.02472119 0.01738055 0
v -0.02472119 0.01738055 0.0044
v -0.02145172 0.0126439 0.0044
v -0.02145172 0.0126439 0
v -0.0222352 0.0126439 0
v -0.0222352 0.0126439 0.0044
v -0.01870469 0.02345494 0.0107
v -0.01870469 0.02345494 0.00908284
v 0.02584753 -0.0030388 0.0044
v 0.02584753 -0.0030388 0
v 0.02515379 -0.0026747 0
v 0.02515379 -0.0026747 0.0044
v 0.00688705 0.02531955 0.006
v 0.00688705 0.02531955 0
v 0.00684346 0.02567853 0
v 0.00684346 0.02567853 0.006
v 0.02472119 0.01435985 0.0044
v 0.02472119 0.01435985 0
v -0.02607027 -0.01156976 0.0044
v -0.02607027 -0.01156976 0
v -0.02683099 -0.01138226 0.0044
v -0.03233592 0.01050658 0.005
v -0.03106054 0.01382905 0.005
v -0.03106054 0.01382905 0
v -0.03233592 0.01050658 0
v 0.02499902 0.01509243 0.0044
v 0.02509346 0.0158702 0.0044
v 0.02509346 0.0158702 0
v -0.00732863 -0.02901033 0.005
v -0.00732863 -0.02901033 0
v -0.0074996 -0.02946114 0
v -0.0074996 -0.02946114 0.005
v 0.0087352 -0.02890483 0.0044
v 0.0087352 -0.02890483 0
v 0.00795172 -0.02890483 0
v 0.00795172 -0.02890483 0.0044
v 0.02375 0 0
v 0.02375 0 0.0044
v -0.01830286 0.02399861 0.0044
v -0.01830286 0.02399861 0
v 0.01271464 0.02262123 0.0044
v 0.01271464 0.02262123 0
v 0.0212132 -0.0212132 0.0107
v 0.01771641 0.01916876 0
v 0.01771641 0.01916876 0.0044
v 0.02368967 -0.0185449 0.0044
v 0.02368967 -0.0185449 0
v 0.02299592 -0.01890901 0
v 0.02299592 -0.01890901 0.0044
v 0.01626195 0.02506976 0.0044
v 0.01626195 0.02506976 0
v 0.01702267 0.02488226 0
v 0.01702267 0.02488226 0.0044
v 0.00800028 -0.03304536 0.005
v 0.00800028 -0.03304536 0
v -0.03025 -0 0.0044
v -0.03025 -0 0
v 0.01859346 -0.0158702 0.0044
v 0.01859346 -0.0158702 0
v 0.00184621 0.0296747 0
v 0.00184621 0.0296747 0.0044
v 0.02776335 -0.01962642 0.005
v 0.02560813 -0.02236568 0.005
v 0.02560813 -0.02236568 0
v 0.02776335 -0.01962642 0
v -0.02752474 -0.01101816 0.0044
v -0.02752474 -0.01101816 0
v -0.02811119 -0.01049861 0
v -0.02811119 -0.01049861 0.0044
v 0.00287773 0.02548965 0.0044
v 0.00287773 0.02548965 0
v 0.00243266 0.02484485 0
v 0.00243266 0.02484485 0.0044
v 0.02280079 0.00683311 0.0044
v 0.02280079 0.00683311 0
v 0.01547846 0.01861716 0.0044
v 0.01547846 0.01861716 0
v 0.00688705 0.0260375 0.006
v 0.00688705 0.0260375 0
v -0.00039174 0.0237737 0.0044
v -0.00039174 0.0237737 0
v -0.00115247 0.0239612 0
v -0.00115247 0.0239612 0.0044
v -0.0126202 0.02184346 0.0044
v -0.0126202 0.02184346 0
v 0.02815247 0.0030388 0
v 0.02815247 0.0030388 0.0044
v -0.00649725 0.02300383 0.0044
v -0.00649725 0.02300383 0
v -0.00719099 0.02263972 0
v -0.00719099 0.02263972 0.0044
v -0.02883409 -0.00756568 0.0044
v -0.02883409 -0.00756568 0
v -0.02855626 -0.00683311 0.0044
v -0.02345494 -0.01870469 0.0107
v -0.01299247 -0.02033311 0.0044
v -0.01299247 -0.02033311 0
v -0.01271464 -0.02106568 0
v -0.01271464 -0.02106568 0.0044
v -0.00287773 -0.02548965 0.0044
v -0.00287773 -0.02548965 0
v -0.02368967 -0.0185449 0.0044
v -0.02368967 -0.0185449 0
v 0.03325702 0.007069 0.005
v 0.03381374 0.00355397 0.005
v 0.03381374 0.00355397 0
v 0.03325702 0.007069 0
v -0.0283165 -0.00990837 0.0107
v -0.02924784 -0.00667563 0.0107
v -0.02924784 -0.00667563 0.00908284
v -0.01343754 0.01968831 0
v -0.01343754 0.01968831 0.0044
v 0.02892853 0.00834346 0
v 0.02892853 0.00834346 0.0044
v -0.0194108 -0.01371505 0.0044
v -0.0194108 -0.01371505 0
v -0.01896573 -0.01435985 0
v -0.01896573 -0.01435985 0.0044
v -0.00335893 -0.02981137 0.0107
v -0.00667563 -0.02924784 0.0107
v 0.00719099 -0.02263972 0
v 0.00719099 -0.02263972 0.0044
v -0.02981137 -0.00335893 0.0107
v -0.02981137 -0.00335893 0.00908284
v 0.01596096 0.02540173 0.00908284
v 0.01301651 0.02702907 0.00908284
v 0.01301651 0.02702907 0.0107
v 0.01596096 0.02540173 0.0107
v 0.02252297 0.00912123 0.0044
v 0.02252297 0.00912123 0
v -0.02509346 0.0158702 0.0044
v -0.02509346 0.0158702 0
v -0.0199847 0.02750658 0.005
v -0.0199847 0.02750658 0
v -0.01271464 0.02262123 0.0044
v -0.01271464 0.02262123 0
v 0.02855626 0.00683311 0.0044
v 0.02855626 0.00683311 0
v 0.02811119 0.00618831 0
v 0.02811119 0.00618831 0.0044
v -0.01999725 -0.0131955 0.0044
v -0.01999725 -0.0131955 0
v 0.01874793 -0.02033311 0
v 0.01874793 -0.02033311 0.0044
v -0.01896573 0.01435985 0.0044
v -0.01896573 0.01435985 0
v -0.0194108 0.01371505 0
v -0.0194108 0.01371505 0.0044
v 0.01471774 0.02488226 0
v 0.01471774 0.02488226 0.0044
v 0.01402399 0.02451816 0.0044
v 0.01402399 0.02451816 0
v -0.01999725 0.0131955 0.0044
v -0.01999725 0.0131955 0
v -0.02069099 0.0128314 0
v -0.02069099 0.0128314 0.0044
v 0.00243266 -0.02484485 0
v 0.00243266 -0.02484485 0.0044
v -0.0074996 -0.02760225 0.005
v -0.0074996 -0.02760225 0
v -0.00732863 -0.02805306 0
v -0.00732863 -0.02805306 0.005
v -0.01402399 0.01916876 0
v -0.01402399 0.01916876 0.0044
v 0.01547846 0.02506976 0.0044
v 0.01547846 0.02506976 0
v 0.00457508 -0.03369078 0.005
v 0.0011018 -0.03398214 0.005
v 0.0011018 -0.03398214 0
v 0.00457508 -0.03369078 0
v -0.01626195 0.02506976 0
v -0.01626195 0.02506976 0.0044
v -0.0051879 0.0264563 0.0044
v -0.0051879 0.0264563 0
v -0.00509346 0.02567853 0
v -0.00509346 0.02567853 0.0044
v 0.02526692 0.02275044 0.005
v 0.02750658 0.0199847 0.005
v 0.02750658 0.0199847 0
v 0.02526692 0.02275044 0
v -0.02892853 -0.00834346 0
v -0.02892853 -0.00834346 0.0044
v 0.02069099 0.0128314 0.0044
v 0.02069099 0.0128314 0
v 0.01999725 0.0131955 0
v 0.01999725 0.0131955 0.0044
v 0.02883409 0.00756568 0
v 0.02883409 0.00756568 0.0044
v 0.00430977 -0.02259261 0.0074
v 0.00430977 -0.02259261 0.0004
v -0.01299247 -0.02335381 0.0044
v -0.01299247 -0.02335381 0
v -0.0194108 0.01802535 0.0044
v -0.0194108 0.01802535 0
v -0.01896573 0.01738055 0
v -0.01896573 0.01738055 0.0044
v -0.02412227 -0.00151035 0.0044
v -0.02412227 -0.00151035 0
v -0.02456734 -0.00215515 0
v -0.02456734 -0.00215515 0.0044
v 0.01771641 -0.02451816 0.0044
v 0.01771641 -0.02451816 0
v 0.01702267 -0.02488226 0
v 0.01702267 -0.02488226 0.0044
v 0.03233592 0.01050658 0.005
v 0.03233592 0.01050658 0
v -0.01149902 0.02490075 0.0044
v -0.01149902 0.02490075 0
v -0.01159346 0.02567853 0
v -0.01159346 0.02567853 0.0044
v 0.01382905 0.03106054 0.005
v 0.01382905 0.03106054 0
v 0.02456734 -0.00215515 0
v 0.02456734 -0.00215515 0.0044
v 0.0222352 -0.0126439 0.0044
v 0.0222352 -0.0126439 0
v 0.01466075 0.0177218 0.0074
v 0.02266485 -0.00581934 0
v 0.00919556 0.026913 0
v 0.00887537 0.02708105 0
v 0.03025 0 0
v 0.03025 0 0.0044
v 0.00325 -0.027 0
v 0.00325 -0.027 0.0044
v 0.02607027 0.01156976 0
v 0.02607027 0.01156976 0.0044
v -0.01343754 -0.01968831 0
v -0.01343754 -0.01968831 0.0044
v -0.01402399 -0.01916876 0.0044
v -0.01402399 -0.01916876 0
v -0.02943266 -0.00215515 0.0044
v -0.02943266 -0.00215515 0
v -0.02987773 -0.00151035 0
v -0.02987773 -0.00151035 0.0044
v 0.01860739 -0.01351906 0.0004
v 0.01860739 -0.01351906 0.0074
v -0.02145172 0.0190965 0
v -0.02145172 0.0190965 0.0044
v -0.0222352 0.0190965 0.0044
v -0.00795172 0.02890483 0.0044
v -0.00795172 0.02890483 0
v -0.02660826 0.0032263 0.0044
v -0.02660826 0.0032263 0
v -0.02584753 0.0030388 0
v -0.02584753 0.0030388 0.0044
v -0.02384444 -0.00077778 0
v -0.02384444 -0.00077778 0.0044
v -0.01596096 -0.02540173 0.0107
v -0.01870469 -0.02345494 0.0107
v -0.01626195 -0.02506976 0.0044
v -0.01626195 -0.02506976 0
v 0.02962681 -0.0166809 0.005
v 0.02962681 -0.0166809 0
v 0.02811119 0.01049861 0.0044
v 0.02811119 0.01049861 0
v -0.00777349 -0.02985794 0.005
v -0.00777349 -0.02985794 0
v -0.00813438 -0.03017766 0
v -0.00813438 -0.03017766 0.005
v -0.0186879 0.01664798 0.0044
v -0.0186879 0.01664798 0
v -0.01050658 0.03233592 0.005
v -0.007069 0.03325702 0.005
v -0.007069 0.03325702 0
v -0.01050658 0.03233592 0
v -0.03015556 -0.00077778 0.0044
v -0.03015556 -0.00077778 0
v -0.00710739 0.0218743 0.0074
v 0.00287773 0.02851035 0.0044
v 0.00287773 0.02851035 0
v 0.00315556 0.02777778 0
v 0.00315556 0.02777778 0.0044
v 0.02299592 0.0128314 0
v 0.02299592 0.0128314 0.0044
v -0.01018967 0.02300383 0.0044
v -0.01018967 0.02300383 0
v -0.01077612 0.02352338 0
v -0.01077612 0.02352338 0.0044
v 0.00315556 -0.02777778 0
v 0.00315556 -0.02777778 0.0044
v 0.02943266 0.00215515 0.0044
v 0.02943266 0.00215515 0
v -0.02981137 0.00335893 0.0107
v -0.02280079 -0.00683311 0.0044
v -0.02280079 -0.00683311 0
v 0.01676628 -0.01574458 0.0074
v 0.01676628 -0.01574458 0.0004
v 0.01466075 -0.0177218 0.0004
v 0.01466075 -0.0177218 0.0074
v 0.02540173 0.01596096 0.0107
v 0.02702907 0.01301651 0.0107
v -0.03167155 0.00477372 0.00697071
v -0.03005858 -0 0.00894142
v 0.03167155 -0.00477372 0.00697071
v -0.03060632 0.0094408 0.00697071
v -0.00239355 0.03193973 0.00697071
v -0.00355397 0.03381374 0.005
v -0.00712719 0.03122625 0.00697071
v 0.03167155 0.00477372 0.00697071
v 0.03060632 0.0094408 0.00697071
v 0.02930495 0.00668866 0.00894142
v -0.00712719 -0.03122625 0.00697071
v -0.02885739 0.01389699 0.00697071
v -0.02646384 0.01804274 0.00697071
v 0.02885739 0.01389699 0.00697071
v 0.02646384 0.01804274 0.00697071
v -0.02347913 0.02178545 0.00697071
v -0.02275044 0.02526692 0.005
v 0.02347913 0.02178545 0.00697071
v -0.01996993 0.02504151 0.00697071
v -0.01874122 0.02350074 0.00894142
v 0.01601464 -0.02773818 0.00697071
v 0.01996993 -0.02504151 0.00697071
v 0.01599213 -0.02545133 0.00894142
v -0.01601464 0.02773818 0.00697071
v -0.01170161 0.02981522 0.00697071
v -0.00992772 0.02837179 0.00894142
v 0.01170161 0.02981522 0.00697071
v 0.00712719 0.03122625 0.00697071
v 0.00712719 -0.03122625 0.00697071
v 0.01170161 -0.02981522 0.00697071
v -0 0.03005858 0.00894142
v 0 0.034 0.005
v 0.00239355 0.03193973 0.00697071
v 0.00336549 0.02986958 0.00894142
v -0.01170161 -0.02981522 0.00697071
v -0.00992772 -0.02837179 0.00894142
v 0.00992772 0.02837179 0.00894142
v 0.01304193 0.02708184 0.00894142
v 0.01601464 0.02773818 0.00697071
v 0.01599213 0.02545133 0.00894142
v 0.01996993 0.02504151 0.00697071
v -0.03060632 -0.0094408 0.00697071
v -0.02885739 -0.01389699 0.00697071
v 0.02837179 0.00992772 0.00894142
v 0.00967164 0.02637561 0
v 0.03060632 -0.0094408 0.00697071
v 0.02884621 0.0026747 0
v 0.02884621 0.0026747 0.0044
v -0.01232402 -0.01941954 0.0074
v -0.01547846 -0.02506976 0.0044
v -0.01547846 -0.02506976 0
v 0.0212132 0.0212132 0.0107
v 0.02345494 0.01870469 0.0107
v 0.01870469 0.02345494 0.0107
v -0.00990837 -0.0283165 0.00908284
v -0.00990837 -0.0283165 0.0107
v -0.01301651 -0.02702907 0.0107
v 0.00335893 -0.02981137 0.0107
v 0.02069099 0.01890901 0
v 0.02069099 0.01890901 0.0044
v 0.01999725 0.0185449 0.0044
v 0.01999725 0.0185449 0
v 0.0126202 -0.02184346 0.0044
v 0.0126202 -0.02184346 0
v -0.02540173 0.01596096 0.0107
v 0.01830286 -0.02399861 0
v 0.01830286 -0.02399861 0.0044
v -0.01830286 -0.02399861 0
v -0.02299592 -0.01890901 0
v -0.01902576 -0.02262123 0
v -0.01874793 -0.02335381 0
v -0.02318379 -0.0248699 0
v -0.0222352 -0.0190965 0
v -0.01040664 -0.03017766 0
v -0.01076753 -0.02985794 0
v -0.00949593 0.02871733 0
v -0.01018967 0.02835322 0
v -0.02145172 -0.0190965 0
v -0.00997972 -0.03040173 0
v -0.01127051 -0.02853169 0
v 0.02145172 0.0190965 0
v -0.02472119 -0.01435985 0
v 0.00546573 -0.02718888 0
v 0.0059108 -0.02783367 0
v 0.0222352 0.0126439 0
v -0.01040664 -0.02688573 0
v -0.01705787 -0.0160184 0
v -0.0186879 -0.01509243 0
v -0.01491572 -0.01803001 0
v -0.0222352 -0.0126439 0
v -0.00315556 -0.02622222 0
v -0.00777349 -0.02720545 0
v -0.00546573 0.02718888 0
v -0.00083363 -0.03375298 0
v -0.0011018 -0.03398214 0
v -0.00051936 -0.03359278 0
v -0.02815247 -0.0030388 0
v -0.01271464 -0.02262123 0
v -0.0126202 -0.02184346 0
v -0.02175677 -0.00861411 0
v -0.01076753 -0.02720545 0
v -0.00017637 -0.03351041 0
v -0.0085613 -0.02666166 0
v 0.01771641 0.02451816 0
v 0.00083363 -0.03375298 0
v 0.00051936 -0.03359278 0
v -0.02266485 -0.00581934 0
v -0.02324587 -0.00618831 0
v -0.02383232 -0.00566876 0
v -0.02515379 -0.0026747 0
v -0.02584753 -0.0030388 0
v -0.00813438 -0.02688573 0
v -0.02943266 0.00215515 0
v -0.02321548 -0.0029328 0
v -0.02452606 -0.00530466 0
v -0.02815247 0.0030388 0
v -0.02884621 0.0026747 0
v -0.00115247 -0.0239612 0
v -0.00039174 -0.0237737 0
v -0.02739174 0.0032263 0
v -0.0234 -0 0
v 0.00039174 -0.0237737 0
v -0.0011018 -0.03398214 0.005
v -0.00081546 -0.03374105 0.0052491
v 0.00325 0.027 0
v -0.00355397 0.03381374 0
v 0 0.034 0
v 0.00315556 0.02622222 0
v -0.02515379 0.0026747 0
v -0.00243266 0.02484485 0
v -0.0051879 0.02490075 0
v 0.00438472 -0.02298552 0
v 0.007231 -0.02225472 0
v 0.01149902 -0.0264563 0
v 0.00996324 -0.02117295 0
v -0.01343754 0.02399861 0
v -0.01402399 0.02451816 0
v -0.02427612 0.01371505 0
v -0.01471774 0.02488226 0
v -0.02368967 0.0131955 0
v -0.01299247 0.02335381 0
v -0.01122119 0.02416817 0
v -0.02299592 0.0128314 0
v 0.02499902 0.01664798 0
v 0.01253835 -0.01975727 0
v 0.01343754 -0.01968831 0
v -0.02427612 0.01802535 0
v 0.01491572 -0.01803001 0
v -0.02299592 0.01890901 0
v -0.02368967 0.0185449 0
v 0.01705787 -0.0160184 0
v 0.01626195 0.01861716 0
v 0.01702267 0.01880466 0
v 0.00668866 0.02930495 0.00894142
v -0.01874793 0.02033311 0
v 0.0194108 0.01802535 0
v -0.02069099 -0.01890901 0
v 0.01902576 -0.02106568 0
v 0.02069099 -0.01890901 0
v 0.0222352 0.0190965 0
v -0.01902576 0.02106568 0
v 0.018931 -0.01375418 0
v 0.01830286 0.02399861 0
v -0.01547846 0.02506976 0
v 0.02499902 -0.01509243 0
v 0.01343754 -0.02399861 0
v -0.00949593 0.02263972 0
v -0.0087352 0.02245222 0
v -0.00795172 0.02245222 0
v -0.01077612 0.02783367 0
v 0.02472119 -0.01435985 0
v 0.02321548 -0.0029328 0
v -0.00184621 0.0243253 0
v 0.00509346 -0.02567853 0
v 0.0234 0 0
v 0.0051879 -0.0264563 0
v 0.02384444 0.00077778 0
v -0.02427612 -0.01371505 0
v -0.0059108 0.02783367 0
v 0.02412227 0.00151035 0
v 0.00184621 0.0243253 0
v -0.0087352 0.02890483 0
v 0.02815247 -0.0030388 0
v 0.02884621 -0.0026747 0
v 0.02456734 0.00215515 0
v 0.02383232 0.00566876 0
v 0.02324587 0.00618831 0
v -0.00727051 -0.02853169 0
v 0.00816265 0.02418946 0
v 0.00852426 0.02418946 0
v 0.00887537 0.024276 0
v 0.0194108 0.01371505 0
v -0.00325 -0.027 0
v 0.02145172 0.0126439 0
v 0.01159346 -0.02567853 0
v 0.01402399 -0.02451816 0
v 0.01859346 0.0158702 0
v -0.02368967 -0.0131955 0
v -0.02347913 -0.02178545 0.00697071
v -0.02318379 -0.0248699 0.005
v -0.01996993 -0.02504151 0.00697071
v 0.00243266 0.02915515 0
v 0.00816265 0.02716759 0
v 0.02368967 0.0185449 0
v 0.00852426 0.02716759 0
v 0.00946623 0.02667321 0
v 0.02299592 0.01890901 0
v 0.00017637 -0.03351041 0
v -0.02299592 -0.0128314 0
v 0.02384444 0.00077778 0.0044
v 0.01626195 0.01861716 0.0044
v -0.0212132 -0.0212132 0.0107
v 0.01402399 -0.02451816 0.0044
v 0.02499902 0.01664798 0.0044
v -0.00184621 0.0243253 0.0044
v -0.00243266 0.02484485 0.0044
v -0.02884621 -0.0026747 0.0044
v -0.00997972 -0.03040173 0.005
v -0.01040664 -0.03017766 0.005
v -0.02299592 0.0128314 0.0044
v 0.00667563 0.02924784 0.0107
v 0.00667563 0.02924784 0.00908284
v -0.00990837 0.0283165 0.0107
v -0.00990837 0.0283165 0.00908284
v -0.02427612 -0.01371505 0.0044
v -0.02368967 -0.0131955 0.0044
v -0.03167155 -0.00477372 0.00697071
v 0.02347913 -0.02178545 0.00697071
v 0.02646384 -0.01804274 0.00697071
v -0.02930495 -0.00668866 0.00894142
v 0.02885739 -0.01389699 0.00697071
v 0.02545133 -0.01599213 0.00894142
v 0.02350074 -0.01874122 0.00894142
v -0.01601464 -0.02773818 0.00697071
v -0.02646384 -0.01804274 0.00697071
v 0.00020179 -0.03351397 0.0054854
v 0.00044363 -0.0335675 0.00542955
v 0.00064188 -0.03364427 0.0053496
v 0.00080046 -0.03373145 0.00525905
v 0.00096263 -0.03384961 0.00513671
v -0.00055147 -0.03360507 0.00539041
v -0.00029962 -0.03353022 0.00546844
v -0.02986958 -0.00336549 0.00894142
v -0.02515379 -0.0026747 0.0044
v -0.00777349 -0.02720545 0.005
v 0.00852426 0.02716759 0.006
v 0.00816265 0.02716759 0.006
v 0.00887537 0.02708105 0.006
v 0.00967164 0.02637561 0.006
v 0.00946623 0.02667321 0.006
v -0.023 0 0.0074
v -0.023 0 0.0004
v -0.02281864 0.00288266 0.0074
v 0.0222352 0.0190965 0.0044
v 0.02145172 0.0190965 0.0044
v 0.02299592 0.01890901 0.0044
v -0.01466075 0.0177218 0.0074
v -0.01676628 0.01574458 0.0074
v -0.02138486 0.00846686 0.0074
v -0.02227741 0.00571987 0.0074
v 0.02368967 0.0185449 0.0044
v -0.02499902 -0.01509243 0.0044
v -0.02472119 -0.01435985 0.0044
v 0.02281864 0.00288266 0.0074
v -0.00727051 -0.02853169 0.005
v 0.00887537 0.024276 0.006
v 0.00852426 0.02418946 0.006
v 0.02138486 0.00846686 0.0074
v 0.01902576 -0.02106568 0.0044
v 0 -0.03 0.0107
v -0 -0.03 0.00908284
v 0.0059108 -0.02783367 0.0044
v -0.02943266 0.00215515 0.0044
v -0.02884621 0.0026747 0.0044
v 0.00546573 -0.02718888 0.0044
v -0.02515379 0.0026747 0.0044
v -0.03 0 0.00908284
v -0.03 0 0.0107
v 0.00243266 0.02915515 0.0044
v -0.02452606 -0.00530466 0.0044
v -0.02383232 -0.00566876 0.0044
v -0.02815247 -0.0030388 0.0044
v -0.02427612 0.01802535 0.0044
v -0.02368967 0.0185449 0.0044
v -0.02299592 0.01890901 0.0044
v -0.01471774 0.02488226 0.0044
v -0.01402399 0.02451816 0.0044
v -0.01547846 0.02506976 0.0044
v 0.02815247 -0.0030388 0.0044
v -0.0087352 0.02890483 0.0044
v -0.01343754 0.02399861 0.0044
v -0.02299592 -0.0128314 0.0044
v 0.02324587 0.00618831 0.0044
v 0.02412227 0.00151035 0.0044
v 0.00325 0.027 0.0044
v -0.01122119 0.02416817 0.0044
v -0.01077612 0.02783367 0.0044
v -0.01018967 0.02835322 0.0044
v -0.00949593 0.02871733 0.0044
v -0.0059108 0.02783367 0.0044
v 0.00816265 0.02418946 0.006
v -0.01040664 -0.02688573 0.005
v 0.00710739 0.0218743 0.0074
v -0.02815247 0.0030388 0.0044
v -0.02739174 0.0032263 0.0044
v -0.01076753 -0.02720545 0.005
v -0.0051879 0.02490075 0.0044
v 0.02227741 0.00571987 0.0074
v -0.01127051 -0.02853169 0.005
v 0.01149902 -0.0264563 0.0044
v 0.01159346 -0.02567853 0.0044
v 0.01830286 0.02399861 0.0044
v 0.01771641 0.02451816 0.0044
v -0.01830286 -0.02399861 0.0044
v -0.01874793 -0.02335381 0.0044
v 0.01702267 0.01880466 0.0044
v 0.00315556 0.02622222 0.0044
v 0.02499902 -0.01509243 0.0044
v 0.00039174 -0.0237737 0.0044
v 0.0222352 0.0126439 0.0044
v 0.02145172 0.0126439 0.0044
v -0.00795172 0.02245222 0.0044
v -0.0087352 0.02245222 0.0044
v -0.01874793 0.02033311 0.0044
v -0.00949593 0.02263972 0.0044
v 0.01343754 -0.02399861 0.0044
v 0.02456734 0.00215515 0.0044
v -0.01076753 -0.02985794 0.005
v 0.01343754 -0.01968831 0.0044
v -0.02324587 -0.00618831 0.0044
v -0.02145172 -0.0190965 0.0044
v -0.02069099 -0.01890901 0.0044
v -0.00315556 -0.02622222 0.0044
v 0.00919556 0.026913 0.006
v -0.02584753 -0.0030388 0.0044
v -0.0085613 -0.02666166 0.005
v -0.00813438 -0.02688573 0.005
v -0.0126202 -0.02184346 0.0044
v 0.02069099 -0.01890901 0.0044
v 0.0051879 -0.0264563 0.0044
v 0.00144418 0.02295461 0.0074
v 0.00430977 0.02259261 0.0074
v 0.02884621 -0.0026747 0.0044
v 0.02383232 0.00566876 0.0044
v -0.01299247 0.02335381 0.0044
v 0.02472119 -0.01435985 0.0044
v 0.00509346 -0.02567853 0.0044
v 0.00990837 0.0283165 0.00908284
v 0.00990837 0.0283165 0.0107
v -0.02368967 0.0131955 0.0044
v 0.00184621 0.0243253 0.0044
v -0.00546573 0.02718888 0.0044
v -0.01902576 0.02106568 0.0044
v -0.01902576 -0.02262123 0.0044
v -0.00325 -0.027 0.0044
v -0.0222352 -0.0190965 0.0044
v -0.02299592 -0.01890901 0.0044
v -0.0186879 -0.01509243 0.0044
v -0.00115247 -0.0239612 0.0044
v -0.02427612 0.01371505 0.0044
v -0.0222352 -0.0126439 0.0044
v -0.00667563 0.02924784 0.0107
v -0.01271464 -0.02262123 0.0044
v 0.01859346 0.0158702 0.0044
v 0.0194108 0.01802535 0.0044
v -0.00039174 -0.0237737 0.0044
v 0.0194108 0.01371505 0.0044
v 0.01081114 0.01872545 0.00739954
v 0.01446814 0.01606849 0.00739954
v 0.02162229 -0 0.00739954
v -0.0174928 0.01270926 0.00739954
v -0.00226014 0.02150384 0.00739954
v -0.02114979 0.00449553 0.00739954
v -0.00668166 0.02056402 0.00739954
v 0.00226014 0.02150384 0.00739954
v 0.0174928 0.01270926 0.00739954
v 0.01975295 0.00879458 0.00739954
v 0.01975295 -0.00879458 0.00739954
v 0.00668166 0.02056402 0.00739954
v -0.01446814 0.01606849 0.00739954
v 0.02114979 0.00449553 0.00739954
v -0.01081114 0.01872545 0.00739954
v 0.0174928 -0.01270926 0.00739954
v -0.02162229 0 0.00739954
v 0.02114979 -0.00449553 0.00739954
v -0.01975295 0.00879458 0.00739954
v -0.02114979 -0.00449553 0.00739954
v -0.01975295 -0.00879458 0.00739954
v -0.0174928 -0.01270926 0.00739954
v -0.01446814 -0.01606849 0.00739954
v -0.01081114 -0.01872545 0.00739954
v -0.00668166 -0.02056402 0.00739954
v -0.00226014 -0.02150384 0.00739954
v 0.00226014 -0.02150384 0.00739954
v 0.00668166 -0.02056402 0.00739954
v 0.01081114 -0.01872545 0.00739954
v 0.01446814 -0.01606849 0.00739954
vn 0.12837 0.90136 -0.41361
vn 0.24257 0.86262 -0.44389
vn 0.19267 0.82421 -0.5325
vn 0.12841 0.833 -0.53817
vn 0.08574 -0.83684 -0.54068
vn 0.0429 -0.83917 -0.54217
vn -2E-05 -0.75378 -0.65713
vn 0.09703 -0.77158 -0.62869
vn 0.24253 0.88434 -0.39889
vn 0.24254 0.81475 -0.52665
vn 0.24254 0.92163 -0.30293
vn -5E-05 -0.64278 0.76605
vn -5E-05 -0.76605 0.64278
vn -1E-05 -0.79803 0.60262
vn 0 -0.67368 0.73902
vn -1E-05 0.84389 -0.53651
vn -2E-05 0.9146 -0.40437
vn 3E-05 0.96183 -0.27364
vn 0 0.89516 -0.44575
vn 0.02616 0.99919 0.03069
vn 0.04041 0.99857 0.0349
vn 0.00373 0.99982 0.01852
vn 0.0142 0.99976 0.0169
vn -0.00012 0.85729 -0.51483
vn -0.00012 0.93594 -0.35216
vn -7E-05 0.9364 -0.35093
vn -3E-05 0.85884 -0.51224
vn 0.19267 -0.82421 -0.53251
vn 0.1284 -0.833 -0.53817
vn 0.24252 -0.78065 -0.576
vn -0.00012 0.98385 -0.17897
vn -0.00386 0.99963 -0.02706
vn 0.00825 0.9977 -0.06729
vn -5E-05 0.98396 -0.17841
vn 0.0857 -0.95562 -0.28185
vn 0.08575 -0.90553 -0.41552
vn 0.12842 -0.90135 -0.41361
vn 0.12847 -0.9512 -0.28056
vn 0.24254 -0.90794 -0.3418
vn -0 -0.91435 -0.40493
vn 0.08174 -0.96997 -0.22909
vn 0.24255 -0.93859 -0.24538
vn 0 0.75173 -0.65947
vn 2E-05 0.79801 -0.60264
vn 0.0429 -0.99908 2E-05
vn 0.04291 -0.98882 -0.14279
vn 0.08575 -0.98609 -0.14236
vn 0.08573 -0.99632 1E-05
vn 0.16279 0.96822 -0.18988
vn 0.08174 0.96998 -0.22906
vn 0.24253 -0.83519 -0.49359
vn -1E-05 -0.84353 -0.53708
vn 0.19265 -0.89184 -0.40927
vn 0.24252 -0.92247 -0.30037
vn 0.16281 -0.96822 -0.18985
vn -1E-05 -0.97736 -0.21158
vn 3E-05 -0.98695 -0.16101
vn 0.19269 -0.97856 -0.07277
vn 5E-05 -0.8573 -0.51482
vn 1E-05 -0.751 -0.6603
vn -3E-05 -0.85884 -0.51224
vn 0.04298 -0.99604 -0.07784
vn 0.08583 -0.99555 -0.03897
vn 0.12839 -0.98154 -0.14176
vn 0.19267 -0.94118 -0.2776
vn 0.19267 -0.9712 -0.14021
vn 0.07736 0.99657 0.02952
vn 0.0429 0.99908 1E-05
vn 0.03079 0.99924 0.02402
vn 0.05643 0.9978 0.03477
vn -5E-05 -0.93969 0.34202
vn 1E-05 -0.98481 0.17365
vn -4E-05 -0.99573 0.09229
vn 8E-05 -0.96182 0.27368
vn 0.15281 0.8207 -0.55055
vn 0.24254 0.83519 -0.49359
vn -0 0.48283 -0.87571
vn 0 0.56519 -0.82496
vn 0 0.6737 -0.739
vn -1E-05 0.52643 -0.85022
vn -0.00017 -0.34197 0.93971
vn -4E-05 -0.50001 0.86602
vn 6E-05 -0.52643 0.85022
vn 2E-05 -0.36126 0.93247
vn 0.24251 -0.86263 -0.44391
vn 0.01823 -0.99983 -0.00153
vn 0.02357 -0.99952 0.02024
vn 0.04378 -0.99842 0.03523
vn 0.03085 -0.99899 0.03262
vn 0.00024 0.89516 0.44574
vn 0.00022 0.96182 0.27368
vn 0.00022 0.93969 0.34202
vn 0.00024 0.86604 0.49998
vn 0.03276 -0.99928 0.01888
vn 0.06225 -0.99749 0.03381
vn 0.19268 0.97119 -0.14026
vn 0.24255 0.95861 -0.1491
vn 0.24252 0.92248 -0.30037
vn 0.19267 0.94118 -0.2776
vn 0.24254 -0.81474 -0.52666
vn 0.24254 -0.95861 -0.14912
vn 0.12837 -0.99173 -1E-05
vn 0.01318 -0.99789 -0.06357
vn -5E-05 -0.98396 -0.17841
vn 0.0859 0.9861 -0.14223
vn 0.04291 0.98882 -0.14278
vn 0.08573 0.99632 3E-05
vn -7E-05 -0.93641 -0.3509
vn 0.12843 0.95121 -0.28055
vn 0.12839 0.98154 -0.14176
vn 0.19265 0.89184 -0.40927
vn 0.0857 0.90553 -0.41553
vn 0.08575 0.95562 -0.28186
vn 0.08574 0.83684 -0.54069
vn 0.09703 0.77158 -0.62869
vn 0 0.75378 -0.65713
vn 0.0429 0.83917 -0.54217
vn 0.24254 0.78063 -0.57602
vn 0.09314 -0.99539 0.02267
vn 0.015 -0.99981 -0.01277
vn 0.0143 -0.9999 0.00104
vn 0.0137 -0.99968 0.02144
vn 0.00926 -0.99995 0.00255
vn 0.34691 -0.92774 -0.13768
vn 0 -0.30378 -0.95274
vn -1E-05 -0.12798 -0.99178
vn 1E-05 -0.19469 -0.98086
vn -2E-05 -0.31385 -0.94947
vn 1E-05 -0.42821 -0.90368
vn 2E-05 -0.46972 -0.88282
vn -1E-05 -0.62043 -0.78427
vn 2E-05 -0.53608 -0.84417
vn -1E-05 -0.59275 -0.80539
vn 0 -0.64178 -0.76689
vn -0 -0.70463 -0.70957
vn 1E-05 0.751 -0.6603
vn 0 -0.09132 -0.99582
vn 0 0 -1
vn -0 0 -1
vn -2E-05 -0.18375 -0.98297
vn -0 -0.18187 -0.98332
vn -1E-05 -0.2709 -0.96261
vn -1E-05 -0.36123 -0.93247
vn 0 -0.38519 -0.92284
vn -1E-05 -0.52643 -0.85022
vn -0 -0.48283 -0.87571
vn 0 -0.64504 -0.76415
vn 1E-05 -0.56519 -0.82496
vn 2E-05 -0.67368 -0.73902
vn 0 -0.70732 -0.70689
vn 1E-05 -0.79802 -0.60263
vn 0 -0.75172 -0.65948
vn 0.08583 0.99555 -0.03898
vn 1E-05 0.98262 -0.18565
vn 0.19268 0.97856 -0.07277
vn 1E-05 -0.96384 -0.26649
vn 0 -0.96183 -0.27364
vn 0 -0.99573 -0.09227
vn -0 -0.9932 -0.11645
vn -2E-05 -0.99803 -0.06276
vn -1E-05 -0.99952 -0.03094
vn -3E-05 0.99573 0.0923
vn 1E-05 0.98481 0.17365
vn -0.02221 -0.99974 0.00515
vn 0.00025 0.76605 0.64279
vn -5E-05 0.64278 0.76605
vn 0.00025 0.67369 0.73902
vn 0.00024 0.79803 0.60262
vn -4E-05 0.50001 0.86602
vn 0.00026 0.52643 0.85022
vn -0.00017 0.34197 0.93971
vn 2E-05 0.36126 0.93247
vn 5E-05 0.17382 0.98478
vn 7E-05 0.18368 0.98299
vn 0.00027 0 1
vn -4E-05 -0.17382 0.98478
vn 9E-05 -0.18368 0.98299
vn -0.0075 -0.99807 -0.06161
vn -0.00012 -0.98385 -0.17897
vn -0.00012 -0.93594 -0.35216
vn -0 0.70463 -0.70957
vn 0 0.64178 -0.76689
vn -1E-05 0.62042 -0.78427
vn -1E-05 0.59275 -0.80539
vn -2E-05 0.53608 -0.84417
vn 2E-05 0.46972 -0.88281
vn 0 0.30378 -0.95274
vn 1E-05 0.42821 -0.90368
vn -1E-05 0.31385 -0.94947
vn 1E-05 0.19469 -0.98086
vn 0 0.12804 -0.99177
vn 0.12839 0.99172 -1E-05
vn 0.00758 0.9998 0.01855
vn 0.01711 0.99955 0.02469
vn 0.01239 0.9999 0.00653
vn 0.00641 0.99991 0.01198
vn 0.37898 0.92021 -0.0979
vn 0.07127 -0.7915 -0.607
vn 0.15233 -0.82058 -0.55085
vn 0.00276 -1 -0.00011
vn -0.03847 0.99709 0.06577
vn 0.00014 0.99318 -0.11659
vn 0.04301 0.99604 -0.07786
vn 0 0.99806 -0.0622
vn 0 0.99972 -0.02385
vn -1E-05 0.96386 -0.2664
vn 0.07177 0.79175 -0.60661
vn -0 -0.86604 0.49998
vn -1E-05 -0.89516 0.44574
vn -1E-05 0.99573 -0.09227
vn -1E-05 -0.89516 -0.44575
vn -0 0.70768 -0.70653
vn -0 0.64524 -0.76398
vn 0 0.38519 -0.92284
vn -1E-05 0.36124 -0.93247
vn -1E-05 0.2709 -0.96261
vn -2E-05 0.18375 -0.98297
vn -0 0.18192 -0.98331
vn 0 0.09131 -0.99582
vn 0.32424 -0.58576 0.7428
vn 0.31931 -0.71052 0.62706
vn 0.31919 -0.71295 0.62435
vn 0.32416 -0.58812 0.74097
vn 0.3309 -0.286 0.89928
vn 0.32814 -0.44274 0.83445
vn 0.3281 -0.44474 0.8334
vn 0.33088 -0.28739 0.89885
vn 0.29989 -0.93808 0.17339
vn 0.29405 -0.95478 0.04393
vn 0.294 -0.95488 0.04219
vn 0.29969 -0.93901 0.16865
vn 0.31349 -0.81298 0.4907
vn 0.30695 -0.88972 0.33789
vn 0.30676 -0.89139 0.33364
vn 0.31333 -0.81517 0.48715
vn 0.30138 0.61258 -0.7307
vn 0.29995 0.73045 -0.61358
vn 0.29994 0.73112 -0.61279
vn 0.30137 0.61324 -0.73014
vn 0.29829 -0.82631 -0.47773
vn 0.29995 -0.73045 -0.61358
vn 0.29994 -0.73112 -0.61279
vn 0.29828 -0.8269 -0.47672
vn 0.29829 0.82631 -0.47773
vn 0.29645 0.89724 -0.32723
vn 0.29643 0.89768 -0.32603
vn 0.29828 0.8269 -0.47672
vn 0.32424 0.58576 0.7428
vn 0.32814 0.44274 0.83445
vn 0.3281 0.44474 0.8334
vn 0.32416 0.58812 0.74097
vn 0.30339 -0.32569 -0.89548
vn 0.30391 -0.16532 -0.93825
vn 0.30391 -0.16555 -0.93821
vn 0.30339 -0.32612 -0.89532
vn 0.30339 0.32569 -0.89548
vn 0.30254 0.47628 -0.82561
vn 0.30253 0.47687 -0.82527
vn 0.30339 0.32612 -0.89532
vn 0.29989 0.93808 0.17339
vn 0.30695 0.88972 0.3379
vn 0.30676 0.89139 0.33364
vn 0.29969 0.93901 0.16865
vn 0.31349 0.81298 0.4907
vn 0.31931 0.71052 0.62706
vn 0.31919 0.71295 0.62435
vn 0.31333 0.81517 0.48716
vn 0.30138 -0.61258 -0.7307
vn 0.30254 -0.47628 -0.82561
vn 0.30253 -0.47687 -0.82527
vn 0.30137 -0.61324 -0.73014
vn 0.33077 -0.20458 0.92127
vn 0.3309 0.286 0.89928
vn 0.33077 0.20458 0.92127
vn 0.33088 0.28739 0.89885
vn 0.29448 -0.94102 -0.16659
vn 0.29645 -0.89724 -0.32723
vn 0.29643 -0.89768 -0.32603
vn 0.29447 -0.94126 -0.16528
vn 0.29448 0.94102 -0.16659
vn 0.2927 0.95529 -0.04171
vn 0.2927 0.95529 -0.04171
vn 0.29447 0.94126 -0.16528
vn 0.30407 0 -0.95265
vn 0.30391 0.16532 -0.93825
vn 0.30391 0.16555 -0.93821
vn 0.30407 0 -0.95265
vn 0.29405 0.95478 0.04393
vn 0.294 0.95488 0.04219
vn 0.2927 -0.95529 -0.04171
vn 0.2927 -0.95529 -0.04171
vn -0.12054 -0.99271 0
vn -0.3546 -0.93502 0
vn 0.3546 0.93502 0
vn 0.56806 0.82298 0
vn -0.56807 0.82298 0
vn -0.3546 0.93502 0
vn 0.74851 0.66312 0
vn 0.88546 0.46472 0
vn -0.12054 0.99271 0
vn 0.12054 0.99271 0
vn 0.88546 0.46472 0
vn 0.97094 0.23932 0
vn 1 5E-05 0
vn 0.99475 -0.10238 0
vn 1 5E-05 0
vn 0.97094 -0.23932 0
vn 0.88546 -0.46472 0
vn 0.74851 0.66312 0
vn 0.3546 -0.93502 0
vn 0.56806 -0.82298 0
vn 0.3546 0.93502 0
vn 0.56806 0.82298 0
vn 0.51859 -0.85502 0
vn 0.42833 -0.90362 0
vn -0.3546 -0.93502 0
vn -0.56806 -0.82298 0
vn 0.74851 0.66312 0
vn 0.56807 0.82298 0
vn -0.12054 0.99271 0
vn -0.3546 0.93502 0
vn 0.88546 0.46472 0
vn -0.97094 0.23932 0
vn -1 -0 0
vn -0.35461 -0.93502 0
vn -0.56806 -0.82298 0
vn 0.3546 -0.93502 0
vn 0.12054 -0.99271 0
vn 0.33357 -0.94273 0
vn -0.88546 0.46472 0
vn -0.74851 0.66312 0
vn -0.56807 0.82298 0
vn -0.74851 0.66312 0
vn 0.90097 -0.43388 0
vn 0.84672 -0.53203 0
vn 0.84671 -0.53206 -1E-05
vn 0.90098 -0.43387 -1E-05
vn 0.05282 -0.70516 0.70708
vn -2E-05 -0.70712 0.7071
vn -0.05291 -0.70513 0.7071
vn -0.00108 -0.70711 0.7071
vn -0.68489 -0.17585 -0.70711
vn -0.68489 -0.17585 -0.70711
vn -0.65745 -0.2603 -0.70711
vn -0.65745 -0.2603 -0.70711
vn 0.70153 -0.08862 -0.70711
vn 0.70153 -0.08862 -0.70711
vn 0.68489 -0.17585 -0.70711
vn 0.68489 -0.17585 -0.70711
vn 0.65745 -0.2603 -0.70711
vn 0.65745 -0.2603 -0.70711
vn 0.61964 -0.34065 -0.70711
vn 0.61964 -0.34065 -0.70711
vn 0.61964 0.34065 -0.70711
vn 0.61964 0.34065 -0.70711
vn 0.57206 0.41563 -0.70711
vn 0.57206 0.41563 -0.70711
vn 0.57206 -0.41563 -0.70711
vn 0.57206 -0.41563 -0.70711
vn 0.51546 -0.48405 -0.70711
vn 0.51546 -0.48405 -0.70711
vn -0.51546 -0.48405 -0.70711
vn -0.51546 -0.48405 -0.70711
vn -0.45073 -0.54484 -0.70711
vn -0.45073 -0.54484 -0.70711
vn 0.45073 -0.54484 -0.70711
vn 0.45073 -0.54484 -0.70711
vn 0.37889 -0.59703 -0.70711
vn 0.37889 -0.59703 -0.70711
vn 0.30107 -0.63981 -0.70711
vn 0.30107 -0.63981 -0.70711
vn 0.21851 -0.6725 -0.70711
vn 0.21851 -0.6725 -0.70711
vn 0.21851 0.6725 -0.70711
vn 0.21851 0.6725 -0.70711
vn 0.1325 0.69458 -0.70711
vn 0.1325 0.69458 -0.70711
vn 0.0444 0.70571 -0.70711
vn 0.0444 0.70571 -0.70711
vn -0.0444 0.70571 -0.70711
vn -0.0444 0.70571 -0.70711
vn -0.0444 -0.70571 -0.70711
vn -0.0444 -0.70571 -0.70711
vn 0.0444 -0.70571 -0.70711
vn 0.0444 -0.70571 -0.70711
vn -0.1325 -0.69458 -0.70711
vn -0.1325 -0.69458 -0.70711
vn -0.21851 -0.6725 -0.70711
vn -0.21851 -0.6725 -0.70711
vn -0.37889 -0.59703 -0.70711
vn -0.37889 -0.59703 -0.70711
vn -0.30107 -0.63981 -0.70711
vn -0.30107 -0.63981 -0.70711
vn -0.57206 -0.41563 -0.70711
vn -0.57206 -0.41563 -0.70711
vn -0.61964 -0.34065 -0.70711
vn -0.61964 -0.34065 -0.70711
vn -0.70153 -0.08862 -0.70711
vn -0.70153 -0.08862 -0.70711
vn 0 0 -1
vn -0.42578 -0.90483 0
vn -0.53583 -0.84433 0
vn 0.12054 -0.99271 0
vn -0.12054 -0.99271 0
vn 0.12054 -0.99271 0
vn 0.3546 -0.93502 0
vn 0.56806 -0.82298 0
vn 0.97094 -0.23932 0
vn 0.88546 -0.46472 0
vn 0.97493 0.22252 0
vn 0.99371 0.11196 0
vn 0.99372 0.11194 -1E-05
vn 0.97494 0.22247 -1E-05
vn 0.68188 -0.73147 0
vn 0.60341 -0.79743 0
vn -0.5 0.86603 0
vn -0.40674 0.91355 0
vn -0.99475 -0.10238 0
vn -1 5E-05 -0
vn -1 5E-05 0
vn -0.12054 0.99271 0
vn -0.3546 0.93502 0
vn 0.33028 -0.94388 0
vn 0.22252 -0.97493 0
vn 0.22253 -0.97493 -5E-05
vn 0.3303 -0.94388 4E-05
vn 0.97094 -0.23932 0
vn 0.88546 -0.46472 0
vn -0.97094 0.23932 0
vn -0.88546 0.46472 0
vn 0.3546 0.93502 0
vn -0.97094 0.23932 0
vn -0.88546 0.46472 0
vn -0.12054 0.99271 0
vn 0.12054 0.99271 0
vn -0.53203 0.84672 0
vn -0.43388 0.90097 0
vn -0.43389 0.90096 -1E-05
vn -0.53205 0.84671 4E-05
vn 0.74851 0.66312 0
vn 0.88546 0.46472 0
vn -0.74851 0.66312 0
vn 0.23356 -0.66742 0.70711
vn 0.3068 -0.63707 0.70712
vn 0.43387 -0.90097 -1E-05
vn 0.70264 0.07917 0.70713
vn 1 0 -0
vn 0.70718 1E-05 0.70703
vn -0.08187 -0.70231 0.70715
vn -0.11197 -0.99371 -1E-05
vn -0.22252 -0.97493 -5E-05
vn -0.15733 -0.68939 0.7071
vn -0.70267 0.07917 0.7071
vn -0.99371 0.11197 -1E-05
vn -0.97493 0.22252 -1E-05
vn -0.68936 0.15736 0.70712
vn -0.15735 0.68938 0.7071
vn -0.22255 0.97492 -5E-05
vn -0.11196 0.99371 -0
vn -0.07917 0.70262 0.70714
vn 0.4984 0.50163 0.70708
vn 0.70711 0.7071 -1E-05
vn 0.78183 0.62349 -1E-05
vn 0.55285 0.44086 0.7071
vn 0.15736 -0.68938 0.7071
vn -0.50001 0.49999 0.70711
vn -0.55284 0.44087 0.70711
vn -0.78183 0.6235 -1E-05
vn -0.70711 0.70711 -5E-05
vn -0.63705 -0.3068 0.70714
vn -0.59993 -0.37426 0.70712
vn -0.84673 -0.53202 -1E-05
vn -0.90097 -0.43388 -1E-05
vn -0.94388 -0.33028 -1E-05
vn -0.66742 -0.23355 0.70711
vn 0.66651 -0.2361 0.70712
vn 0.94388 -0.33029 -1E-05
vn 0.63706 -0.30678 0.70714
vn 0.70264 -0.07916 0.70713
vn 0.99371 -0.11196 -1E-05
vn -0.59993 0.37426 0.70712
vn -0.84672 0.53204 -1E-05
vn -0.30682 0.63708 0.7071
vn -0.37619 0.59873 0.70711
vn -0.66651 0.2361 0.70712
vn -0.94388 0.33029 -1E-05
vn -0.90097 0.43388 -1E-05
vn -0.63706 0.30678 0.70714
vn -0.43929 -0.55408 0.70711
vn -0.6235 -0.78182 -0
vn -0.70711 -0.70711 -1E-05
vn -0.49999 -0.50001 0.70711
vn 0.4393 0.55409 0.70711
vn 0.62347 0.78185 -5E-05
vn -0.30681 -0.6371 0.70708
vn -0.43386 -0.90098 4E-05
vn -0.53203 -0.84672 -5E-05
vn -0.37618 -0.59873 0.70711
vn 0.97493 -0.22252 -1E-05
vn 0.68938 -0.15737 0.7071
vn -0.55287 -0.4409 0.70707
vn -0.78182 -0.62351 -1E-05
vn 0.44085 -0.55285 0.70711
vn 0.49837 -0.5016 0.70712
vn 0.7071 -0.70711 -5E-05
vn 0.62349 -0.78183 -0
vn 0.11196 -0.99371 -1E-05
vn 0.07918 -0.70266 0.70711
vn 0.59993 0.37426 0.70712
vn 0.84673 0.53202 -1E-05
vn 0.90097 0.43388 -1E-05
vn 0.63705 0.3068 0.70714
vn -0.65745 0.2603 -0.70711
vn -0.65745 0.2603 -0.70711
vn -0.61964 0.34065 -0.70711
vn -0.61964 0.34065 -0.70711
vn 0.1325 -0.69458 -0.70711
vn 0.1325 -0.69458 -0.70711
vn 0.37889 0.59703 -0.70711
vn 0.37889 0.59703 -0.70711
vn 0.30107 0.63981 -0.70711
vn 0.30107 0.63981 -0.70711
vn -0.51859 -0.85502 0
vn -0.60341 -0.79743 0
vn -0.56806 0.82298 0
vn -0.74851 0.66312 0
vn 0.53583 -0.84433 0
vn 0.42578 -0.90483 0
vn 0.30902 0.95106 0
vn 0.20791 0.97815 0
vn -0.12054 -0.99271 0
vn -0.3546 -0.93502 0
vn -0.42833 -0.90362 0
vn 0.53203 -0.84672 0
vn 0.43388 -0.90097 0
vn 0.53205 -0.84671 4E-05
vn -0.2353 -0.97192 0
vn -0.33357 -0.94273 0
vn 0.12054 0.99271 0
vn -0.12054 0.99271 0
vn -0.74851 -0.66312 0
vn -0.88546 -0.46472 0
vn -0.3546 -0.93502 0
vn -0.56806 -0.82298 0
vn 0.18738 -0.98229 0
vn 0.06279 -0.99803 0
vn 0.30902 0.95106 0
vn 0.42578 0.90483 0
vn 0.10453 0.99452 0
vn -0.13456 -0.99091 0
vn 0.97094 0.23932 0
vn 1 -0 0
vn 0.3546 -0.93502 0
vn 0.56806 -0.82298 0
vn -0.11196 0.99371 0
vn 0 1 0
vn -1E-05 1 4E-05
vn -0.3546 -0.93502 0
vn -0.56807 -0.82298 0
vn 0.74851 -0.66312 0
vn 0.56807 -0.82298 0
vn 0.88546 -0.46472 0
vn 0.74851 -0.66312 0
vn -0.72897 -0.68455 0
vn -0.80902 -0.58779 0
vn 0.97094 -0.23932 0
vn 0.88546 -0.46472 0
vn 0.11196 0.99371 0
vn 0.11199 0.99371 -1E-05
vn 0.88546 -0.46472 0
vn 0.74851 -0.66312 0
vn 0.88546 0.46472 0
vn 0.97094 0.23932 0
vn -0.88546 -0.46472 0
vn -0.97094 -0.23932 0
vn 0.87631 0.48175 0
vn 0.92978 0.36812 0
vn 0.72897 0.68455 0
vn 0.80902 0.58779 0
vn -0.80902 0.58779 0
vn -0.74314 0.66913 0
vn -0.35461 -0.93502 0
vn -0.56806 -0.82298 0
vn 0.12054 -0.99271 0
vn 0.35461 -0.93502 0
vn 0.96858 0.24869 0
vn 0.99211 0.12533 0
vn -0.92978 0.36812 0
vn -0.87631 0.48175 0
vn 0.3546 0.93502 0
vn -0.12054 -0.99271 0
vn 0.56806 -0.82298 0
vn 0.3546 -0.93502 0
vn -0.87631 -0.48175 0
vn -0.3546 0.93502 0
vn -0.88546 -0.46472 0
vn -0.97094 -0.23932 0
vn 0.74851 -0.66312 0
vn -0.88546 0.46472 0
vn -0.74851 0.66312 0
vn -0.97094 -0.23932 0
vn -0.56806 0.82298 0
vn 0.97094 0.23932 0
vn 0.88546 0.46472 0
vn 0.97094 0.23932 0
vn -0.97094 0.23932 0
vn -1 0 0
vn 0.88546 -0.46472 0
vn 0.74851 -0.66312 0
vn 0.56806 -0.82298 0
vn 0.58779 0.80902 0
vn 0.5 0.86603 0
vn -0.74851 -0.66312 0
vn -0.88546 -0.46472 0
vn -0.88546 0.46472 0
vn -0.87138 -0.49061 0
vn -0.91703 -0.39883 0
vn 0.12054 -0.99271 0
vn 0.88546 0.46472 0
vn 0.97094 0.23932 0
vn 1 0 0
vn 0.99371 -0.11196 0
vn -0.97493 0.22252 0
vn -0.94388 0.33028 0
vn -0.74851 -0.66312 0
vn -0.12054 0.99271 0
vn 0.12054 0.99271 0
vn -0.3546 0.93502 0
vn 0.88546 0.46472 0
vn 0.97094 0.23932 0
vn -0.56807 0.82298 0
vn -0.95304 -0.30285 0
vn -0.97904 -0.20368 0
vn -0.56806 0.82298 0
vn -0.74851 0.66312 0
vn -0.97094 -0.23932 0
vn -1 0 0
vn -0.74851 0.66312 0
vn -0.86603 0.5 0
vn -0.84672 -0.53203 0
vn -0.90097 -0.43388 0
vn 0.97094 -0.23932 0
vn 1 -0 0
vn 0.97904 -0.20368 0
vn 0.95304 -0.30285 0
vn -0.97094 0.23932 0
vn -0.88546 0.46472 0
vn -0.12054 -0.99271 0
vn 0.12054 -0.99271 0
vn 0.87631 -0.48175 0
vn 0.80902 -0.58779 0
vn 0.97094 -0.23932 0
vn 0.88546 -0.46472 0
vn 0.12054 0.99271 0
vn 0.3546 0.93502 0
vn 0.56807 0.82298 0
vn -0.88546 0.46472 0
vn -0.74851 0.66312 0
vn 0.91703 -0.39883 0
vn 0.74851 -0.66312 0
vn 0.06279 0.99803 0
vn 0.18738 0.98229 0
vn 0.62349 -0.78183 0
vn -0.75318 -0.65781 0
vn -0.81657 -0.57725 0
vn 0.97094 -0.23932 0
vn 0.88546 -0.46472 0
vn -0.78183 0.62349 0
vn -0.70711 0.70711 0
vn -0.88546 0.46472 0
vn -0.74851 0.66312 0
vn -0.97094 -0.23932 0
vn -1 0 0
vn 0.3546 -0.93502 0
vn 0.12054 -0.99271 0
vn 0.88546 0.46472 0
vn 0.97094 0.23932 0
vn 1 0 0
vn 0.97094 -0.23932 0
vn 0.88546 -0.46472 0
vn 0.97094 -0.23932 0
vn 0.88546 -0.46472 0
vn -0.56806 0.82298 0
vn 0.56806 -0.82298 0
vn 0.88546 0.46472 0
vn 0.97094 0.23932 0
vn -0.97094 0.23932 0
vn -1 -0 0
vn -0.97094 0.23932 0
vn -1 0 0
vn -0.12054 -0.99271 0
vn 0.94388 0.33028 0
vn 0.94388 0.3303 -1E-05
vn -1 0 0
vn -0.99211 0.12533 0
vn -0.53583 0.84433 0
vn -0.42578 0.90483 0
vn 0.97493 -0.22252 0
vn 0.94388 -0.33028 0
vn 0.86603 0.5 0
vn 0.91355 0.40674 0
vn -0.56806 0.82298 0
vn -0.3546 0.93502 0
vn -0.12054 0.99271 0
vn 0.12054 0.99271 0
vn -0.30902 0.95106 0
vn -0.74851 -0.66312 0
vn -0.74851 0.66312 0
vn 0.66913 0.74314 0
vn -0.97094 0.23932 0
vn -0.88546 0.46472 0
vn 0.97094 0.23932 0
vn -0.06279 0.99803 0
vn -0.3546 -0.93502 0
vn -0.56806 -0.82298 0
vn -0.56806 -0.82298 0
vn 0.88546 -0.46472 0
vn 1 -0 0
vn 0.56806 0.82298 0
vn -0.12054 -0.99271 0
vn -0.96858 0.24869 0
vn 0.56806 0.82298 0
vn -0.99452 0.10453 0
vn -0.97815 0.20791 0
vn -1 -0 0
vn 0.63742 0.77051 0
vn 0.74851 -0.66312 0
vn 0.56806 -0.82298 0
vn -1 0 0
vn -0.74851 -0.66312 0
vn -0.88546 -0.46472 0
vn -0.88546 -0.46472 0
vn 0.97094 -0.23932 0
vn 1 0 0
vn -0.97094 -0.23932 0
vn 0.56806 -0.82298 0
vn -0.88546 0.46472 0
vn 0.88546 0.46472 0
vn 0.97094 0.23932 0
vn -0.90097 0.43388 0
vn 0.78183 -0.62349 0
vn 0.78181 -0.62351 -1E-05
vn 0.97094 0.23932 0
vn 0.97094 -0.23932 0
vn 0.88546 -0.46472 0
vn 0.12054 0.99271 0
vn -0.62349 0.78183 0
vn -0.62356 0.78177 -0
vn 0.56806 0.82298 0
vn 0.97094 0.23932 0
vn 1 -0 0
vn -0.88546 0.46472 0
vn 0.35461 0.93502 0
vn -0.95106 0.30902 0
vn -0.91355 0.40674 0
vn -0.97094 0.23932 0
vn -1 -0 0
vn -0.97094 0.23932 0
vn -0.88546 0.46472 0
vn -0.12054 0.99271 0
vn 0.12054 0.99271 0
vn 0.74851 -0.66312 0
vn 0.97094 -0.23932 0
vn 0.70711 -0.70711 0
vn -0.56806 0.82298 0
vn -0.3546 0.93502 0
vn 0.2353 -0.97192 0
vn 1 0 0
vn 0.81657 -0.57725 0
vn 0.75318 -0.65781 0
vn 0.56806 0.82298 0
vn 0.74851 0.66312 0
vn 0.88546 0.46472 0
vn -0.35461 -0.93502 0
vn -0.56806 0.82298 0
vn -0.3546 0.93502 0
vn 0.88546 -0.46472 0
vn -0.78183 -0.62349 0
vn -0.88546 -0.46472 0
vn -0.97094 -0.23932 0
vn 0.97815 0.20791 0
vn 0.99452 0.10453 0
vn -0.94388 -0.33028 0
vn -0.97493 -0.22252 0
vn -0.97493 -0.22249 -1E-05
vn -1 -0 0
vn -0.88546 -0.46472 0
vn -0.11196 -0.99371 0
vn -0.22252 -0.97493 0
vn 0.3546 -0.93502 0
vn -0.99371 -0.11196 0
vn -0.99372 -0.11194 -1E-05
vn 0.53206 0.84671 -1E-05
vn 0.43387 0.90098 -1E-05
vn 0.43388 0.90097 0
vn 0.53203 0.84672 0
vn 1 -0 0
vn -0.58779 0.80902 0
vn -0.97094 -0.23932 0
vn -0.88546 0.46472 0
vn -0.88546 -0.46472 0
vn -0.88546 0.46472 0
vn -0.74851 -0.66312 0
vn -0.88546 -0.46472 0
vn -0.97094 -0.23932 0
vn 0.13456 -0.99091 0
vn 0.03239 -0.99948 -0
vn 0.03239 -0.99948 0
vn -0.97094 -0.23932 0
vn 0.74314 0.66913 0
vn 0.80902 0.58779 0
vn 1 0 0
vn 0.3546 0.93502 0
vn 0.56806 0.82298 0
vn -0.18738 0.98229 0
vn -0.88546 -0.46472 0
vn -0.74851 0.66312 0
vn 0.95106 0.30902 0
vn 0.97094 0.23932 0
vn 1 -0 0
vn 0.40674 0.91355 0
vn 0.74851 0.66312 0
vn -0.12054 -0.99271 0
vn -0.63742 -0.77051 0
vn -1 0 0
vn -0.56806 -0.82298 0
vn 0.74851 0.66312 0
vn -0.80902 0.58779 0
vn -0.12054 -0.99271 0
vn 0.12054 -0.99271 0
vn -0.3546 -0.93502 0
vn -0.97094 0.23932 0
vn -0.53203 -0.84672 0
vn -0.62349 -0.78183 0
vn 0.87138 -0.49061 0
vn -0.74851 -0.66312 0
vn -0.74851 0.66312 0
vn -0.56806 0.82298 0
vn -0.97094 -0.23932 0
vn -0.30902 0.95106 0
vn -0.20791 0.97815 0
vn 0.30902 -0.95106 0
vn -0.97094 -0.23932 0
vn -0.35461 0.93502 0
vn 0.56806 0.82298 0
vn 0.74851 0.66312 0
vn -0.97094 0.23932 0
vn -0.74851 -0.66312 0
vn -0.99371 0.11196 0
vn -0.72897 0.68455 0
vn -0.63742 0.77051 0
vn 0.84672 0.53203 0
vn 0.90097 0.43388 0
vn -0.69932 0.10476 0.70709
vn -0.70718 1E-05 0.70703
vn -0.69168 0.14704 0.70707
vn -0.70324 0.07391 0.7071
vn 0.69931 -0.1048 0.70709
vn 0.70339 -0.07239 0.70711
vn 0.70712 3E-05 0.70709
vn -0.67562 0.20849 0.70716
vn -0.05281 0.70515 0.70709
vn -0.07391 0.70323 0.70711
vn -0.14703 0.69167 0.70709
vn -0.15747 0.68844 0.70799
vn -0.67251 0.21849 0.7071
vn 0.69922 0.10529 0.70711
vn 0.69168 0.14704 0.70707
vn 0.67562 0.20849 0.70716
vn 0.68937 0.15736 0.70712
vn -0.15733 -0.68923 0.70725
vn -0.63699 0.30681 0.70718
vn -0.61239 0.35356 0.70708
vn -0.64597 0.28761 0.70711
vn -0.58414 0.39836 0.70717
vn 0.63705 0.30674 0.70716
vn 0.61239 0.35356 0.70708
vn 0.58429 0.39832 0.70707
vn -0.57206 0.41563 0.70711
vn -0.5183 0.48093 0.70715
vn -0.4732 0.52549 0.70706
vn -0.52548 0.47317 0.7071
vn 0.57206 0.41563 0.70711
vn 0.52548 0.47317 0.7071
vn 0.51831 0.48113 0.70701
vn -0.44087 0.55293 0.70704
vn -0.44087 0.55284 0.70711
vn 0.35344 -0.61266 0.70691
vn 0.4408 -0.55291 0.7071
vn 0.3762 -0.59873 0.70711
vn -0.41565 0.57206 0.7071
vn -0.35366 0.61207 0.70731
vn -0.2876 0.64599 0.7071
vn -0.35356 0.61235 0.70712
vn -0.25826 0.65814 0.70722
vn -0.23355 0.66742 0.70711
vn -0.2185 0.6725 0.70711
vn 0.2583 0.6582 0.70715
vn 0.2185 0.6725 0.70711
vn 0.14703 0.69167 0.70709
vn 0.15747 0.68844 0.70799
vn 0.15731 -0.68935 0.70714
vn 0.25782 -0.65823 0.7073
vn 0.64597 0.28761 0.70711
vn 0.67251 0.21849 0.7071
vn 2E-05 0.70708 0.70713
vn -0 0.70719 0.70702
vn 0.05309 0.705 0.70721
vn 0.07917 0.70266 0.70711
vn 0.07391 0.70323 0.70711
vn -0.25796 -0.65823 0.70725
vn -0.23355 -0.66742 0.70711
vn 0.23356 0.66742 0.70711
vn 0.30679 0.63709 0.7071
vn 0.2876 0.64599 0.7071
vn 0.35366 0.61207 0.70731
vn 0.3762 0.59873 0.70711
vn 0.35356 0.61235 0.70712
vn 0.44082 0.55296 0.70704
vn 0.47316 0.52549 0.70709
vn 0.41565 0.57206 0.7071
vn -0.67575 -0.20836 0.70707
vn -0.63709 -0.30678 0.70711
vn 0.66742 0.23356 0.70711
vn -0.70712 3E-05 0.70709
vn 0.70324 0.07391 0.7071
vn 0.67565 -0.20845 0.70714
vn 0.69228 -0.14402 0.70711
vn -0.56806 -0.82298 0
vn 0.53583 0.84433 0
vn 0.70711 0.70711 0
vn 0.78183 0.62349 0
vn 0.62349 0.78183 0
vn -0.33026 -0.94389 -1E-05
vn -0.33028 -0.94388 0
vn -0.43388 -0.90097 0
vn 0.11196 -0.99371 0
vn 0.3546 -0.93502 0
vn 0.56807 -0.82298 0
vn -0.84672 0.53203 0
vn -0.02288 -0.70673 0.70711
vn -0.01708 -0.7069 0.70711
vn -0.09514 -0.70069 0.70709
vn 0.15736 0.68938 0.7071
vn -0.16637 -0.68724 0.70712
vn -0.51838 -0.47983 0.70784
vn -0.48216 -0.51721 0.70712
vn -0.4407 -0.55295 0.70712
vn 0.97094 -0.23932 0
vn -0.70711 -0.70711 0
vn -0.97094 -0.23932 0
vn 0.56806 0.82298 0
vn 0.3546 0.93502 0
vn 0.56806 0.82298 0
vn 0.35461 0.93502 0
vn 0.22252 0.97493 0
vn 0.22255 0.97492 -1E-05
vn -0.33028 0.94388 0
vn -0.33025 0.94389 -0
vn -0.70339 -0.07239 0.70711
vn -0.6992 -0.10547 0.7071
vn 0.51838 -0.47983 0.70784
vn 0.53259 -0.46512 0.70712
vn 0.57737 -0.40819 0.70712
vn 0.58412 -0.39835 0.70719
vn 0.67387 -0.21418 0.70712
vn -0.69228 -0.14402 0.70711
vn -0.68938 -0.15737 0.7071
vn 0.63716 -0.30672 0.70708
vn 0.59872 -0.37622 0.70711
vn 0.61618 -0.34692 0.70708
vn 0.64843 -0.28202 0.70711
vn 0.55284 -0.44087 0.70711
vn -0.42666 -0.56387 0.70711
vn -0.3667 -0.60459 0.70711
vn -0.3536 -0.61232 0.70713
vn -0.53257 -0.46517 0.7071
vn -0.58416 -0.39836 0.70716
vn -0.57741 -0.40817 0.7071
vn 0.48217 -0.51724 0.70708
vn 0.42666 -0.56387 0.70711
vn 0.3029 -0.63899 0.70707
vn 0.3667 -0.60459 0.70711
vn -0.64843 -0.28202 0.70711
vn -0.67387 -0.21418 0.70712
vn 0.2359 -0.66661 0.70709
vn 0.00426 -0.70708 0.70712
vn 0.00934 -0.70705 0.70711
vn 0.0135 -0.70696 0.70712
vn 0.01676 -0.70692 0.7071
vn 0.02007 -0.70683 0.7071
vn -0.01161 -0.707 0.70712
vn -0.00632 -0.70706 0.70713
vn 0.16637 -0.68724 0.70712
vn 0.09514 -0.7007 0.70709
vn -0.30286 -0.63893 0.70714
vn -0.2359 -0.66661 0.70709
vn -0.61618 -0.34692 0.70708
vn -0.70264 -0.07918 0.70713
vn -0.56806 0.82298 0
vn -0.74851 -0.66312 0
vn -0.12054 -0.99271 0
vn -0.3546 -0.93502 0
vn -0.88546 -0.46472 0
vn -0.74851 -0.66312 0
vn 1 0 0
vn 0.99211 -0.12533 0
vn -0.12054 -0.99271 0
vn 0.12054 -0.99271 0
vn -0.3546 -0.93502 0
vn 0.63742 -0.77051 0
vn 0.72897 -0.68455 0
vn 0.92978 -0.36812 0
vn 0.96858 -0.24869 0
vn 0.97094 -0.23932 0
vn 0.88546 -0.46472 0
vn -0.99211 -0.12533 0
vn -1 -0 0
vn -0.3546 0.93502 0
vn -0.12054 0.99271 0
vn -0.92978 -0.36812 0
vn -0.97094 -0.23932 0
vn 0 -1 0
vn 1E-05 -1 -1E-05
vn 0.74851 0.66312 0
vn 0.74851 -0.66312 0
vn 0.56806 -0.82298 0
vn 0.88546 0.46472 0
vn -0.56806 -0.82298 0
vn -1 -1E-05 -0
vn -0.56807 -0.82298 0
vn 0.35461 0.93502 0
vn 0.3546 -0.93502 0
vn -0.35461 0.93502 0
vn -0.74851 -0.66312 0
vn 0.35461 -0.93502 0
vn 0.74851 0.66312 0
vn -1 -0 0
vn 0.74851 -0.66312 0
vn 0.56806 -0.82298 0
vn 0.3546 -0.93502 0
vn -0.74851 -0.66312 0
vn 0.12054 0.99271 0
vn -0.66913 0.74314 0
vn 0.56807 -0.82298 0
vn -0.30902 -0.95106 0
vn 0.35461 -0.93502 0
vn 0.74851 -0.66312 0
vn -0.97094 0.23932 0
vn -0.96858 -0.24869 0
vn 1 -0 0
vn -0.97094 0.23932 0
vn -1 0 0
vn 0.88546 0.46472 0
vn -0.97094 0.23932 0
vn -0.97094 -0.23932 0
vn -0.12054 0.99271 0
vn 0.12054 0.99271 0
vn 0.3546 0.93502 0
vn 0.74851 0.66312 0
vn 0.74851 -0.66312 0
vn 0.74851 0.66312 0
vn -0.74851 -0.66312 0
vn -0.12054 0.99271 0
vn -0.3546 0.93502 0
vn 0.97094 -0.23932 0
vn -0.56806 -0.82298 0
vn -0.3546 0.93502 0
vn -0.3546 -0.93502 0
vn -0.56807 -0.82298 0
vn 0.3546 0.93502 0
vn 0.97094 0.23932 0
vn -0.10453 0.99452 0
vn -0.06279 -0.99803 0
vn -0.18738 -0.98229 0
vn -0.56806 0.82298 0
vn 0.56807 0.82298 0
vn -0.88546 -0.46472 0
vn 0.33026 0.94389 4E-05
vn 0.33028 0.94388 0
vn -0.88546 -0.46472 0
vn 0.97094 0.23932 0
vn 1 0 0
vn 0.3546 0.93502 0
vn -0.97094 -0.23932 0
vn 0.74851 0.66312 0
vn 0.12054 -0.99271 0
vn -0.03239 -0.99948 -0
vn -0.03239 -0.99948 0
vn -0.22252 0.97493 0
vn -0.97094 0.23932 0
vn -0.68188 -0.73147 0
vn 1 -0 0
vn -0.30107 0.63981 -0.70711
vn -0.30107 0.63981 -0.70711
vn -0.21851 0.6725 -0.70711
vn -0.21851 0.6725 -0.70711
vn -0.57206 0.41563 -0.70711
vn -0.57206 0.41563 -0.70711
vn -0.51546 0.48405 -0.70711
vn -0.51546 0.48405 -0.70711
vn -0.70153 0.08862 -0.70711
vn -0.70153 0.08862 -0.70711
vn -0.70711 0 -0.70711
vn -0.70711 0 -0.70711
vn 0.02293 -0.70673 0.70711
vn 0.70153 0.08862 -0.70711
vn 0.70153 0.08862 -0.70711
vn 0.70711 0 -0.70711
vn 0.70711 0 -0.70711
vn 0.68489 0.17585 -0.70711
vn 0.68489 0.17585 -0.70711
vn -0.68489 0.17585 -0.70711
vn -0.68489 0.17585 -0.70711
vn 0.51546 0.48405 -0.70711
vn 0.51546 0.48405 -0.70711
vn -0.45073 0.54484 -0.70711
vn -0.45073 0.54484 -0.70711
vn 0.65745 0.2603 -0.70711
vn 0.65745 0.2603 -0.70711
vn -0.37889 0.59703 -0.70711
vn -0.37889 0.59703 -0.70711
vn -0.1325 0.69458 -0.70711
vn -0.1325 0.69458 -0.70711
vn 0.45073 0.54484 -0.70711
vn 0.45073 0.54484 -0.70711
vn 0.55524 -0.83169 0.00015
vn 0.54364 -0.83932 -0
vn 0.73455 -0.67856 -0
vn 0.7345 -0.6786 -0.00026
vn 0.34624 -0.93815 -5E-05
vn 0.36765 -0.92996 -0
vn -0.64173 -0.76693 -0
vn -0.55574 -0.83136 3E-05
vn -0.73454 -0.67857 -0
vn -0.73455 -0.67856 -0
vn -0.42789 -0.90383 0
vn -0.34633 -0.93811 0.0001
vn -0.53365 -0.8457 0
vn 0.19974 -0.97985 -0
vn 0.11757 -0.99306 1E-05
vn 0.03419 -0.99942 -0
vn -0.2958 -0.95525 -0
vn -0.13455 -0.99091 0
vn -0.11762 -0.99306 -0
vn -0 0 -1
vn -0 0 -1
vn 0 0 -1
vn -0 0 -1
vn 0 0 -1
vn -0 0 -1
vn -0 0 -1
vn -0 0 -1
vn -0 0 -1
vn -0 0 -1
vn 0 0 -1
vn 0 0 -1
vn -0 0 -1
vn 0 0 -1
vn -0 0 -1
vn -0 0 -1
vn -0 0 -1
vn 0.00017 0.00029 -1
vn 0.00013 0.00029 -1
vn 0.00018 0.00027 -1
vn 0.00022 0.00025 -1
vn 0.0002 0.00026 -1
vn 0.00024 0.00022 -1
vn 0.00033 0 -1
vn 0.00034 0 -1
vn 0.00032 -4E-05 -1
vn -0.00027 0.00019 -1
vn -0.00028 0.00016 -1
vn -0.00027 0.0002 -1
vn -3E-05 0.00033 -1
vn -6E-05 0.00032 -1
vn -1E-05 0.00033 -1
vn -0.00032 7E-05 -1
vn -0.00032 4E-05 -1
vn -0.00032 9E-05 -1
vn -0.0001 0.00031 -1
vn -0.0001 0.00032 -1
vn 1E-05 0.00033 -1
vn 3E-05 0.00033 -1
vn 0.00027 0.00019 -1
vn 0.00027 0.0002 -1
vn 0.0003 0.00013 -1
vn 0.00028 0.00016 -1
vn 0.00031 0.00011 -1
vn 0.0003 -0.00013 -1
vn 0.00031 -0.00011 -1
vn 0.00028 -0.00016 -1
vn -0.00024 0.00022 -1
vn 0.0001 0.00031 -1
vn 6E-05 0.00032 -1
vn 0.0001 0.00032 -1
vn -0.00022 0.00025 -1
vn -0.0002 0.00026 -1
vn 0.00032 9E-05 -1
vn 0.00032 7E-05 -1
vn -0.00017 0.00029 -1
vn -0.00018 0.00027 -1
vn -0.00013 0.00029 -1
vn 0.00027 -0.00019 -1
vn 0.00027 -0.0002 -1
vn 0.00032 4E-05 -1
vn -0.00033 -0 -1
vn -0.00034 0 -1
vn 0.00032 -7E-05 -1
vn 0.00032 -9E-05 -1
vn -0.0003 0.00013 -1
vn -0.00031 0.00011 -1
vn -0.00032 -4E-05 -1
vn -0.00032 -7E-05 -1
vn -0.00032 -9E-05 -1
vn -0.0003 -0.00013 -1
vn -0.00028 -0.00016 -1
vn -0.00031 -0.00011 -1
vn -0.00027 -0.00019 -1
vn -0.00027 -0.0002 -1
vn -0.00024 -0.00022 -1
vn -0.00022 -0.00025 -1
vn -0.0002 -0.00026 -1
vn -0.00018 -0.00027 -1
vn -0.00017 -0.00029 -1
vn -0.00013 -0.00029 -1
vn -0.0001 -0.00031 -1
vn -0.0001 -0.00032 -1
vn -6E-05 -0.00032 -1
vn -3E-05 -0.00033 -1
vn -1E-05 -0.00033 -1
vn 3E-05 -0.00033 -1
vn 6E-05 -0.00032 -1
vn 1E-05 -0.00033 -1
vn 0.0001 -0.00031 -1
vn 0.0001 -0.00032 -1
vn 0.00013 -0.00029 -1
vn 0.00017 -0.00029 -1
vn 0.00018 -0.00027 -1
vn 0.00022 -0.00025 -1
vn 0.00024 -0.00022 -1
vn 0.0002 -0.00026 -1
usemtl mat3
f 1870//2107 1871//2108 1872//2109
f 1870//2107 1872//2109 1873//2110
f 1874//2111 1875//2112 1876//2113
f 1874//2111 1876//2113 1877//2114
f 1878//2115 1879//2116 1871//2108
f 1878//2115 1871//2108 1880//2117
f 1881//2118 1882//2119 1883//2120
f 1881//2118 1883//2120 1884//2121
f 1885//2122 1886//2123 1887//2124
f 1885//2122 1887//2124 1888//2125
f 1889//2126 1890//2127 1891//2128
f 1889//2126 1891//2128 1892//2129
f 1893//2130 1894//2131 1895//2132
f 1893//2130 1895//2132 1896//2133
f 1897//2134 1898//2135 1877//2114
f 1897//2134 1877//2114 1899//2136
f 1900//2137 1901//2138 1902//2139
f 1900//2137 1902//2139 1903//2140
f 1904//2141 1905//2142 1906//2143
f 1904//2141 1906//2143 1907//2144
f 1908//2145 1909//2146 1910//2147
f 1908//2145 1910//2147 1911//2148
f 1912//2149 1885//2122 1888//2125
f 1912//2149 1888//2125 1913//2150
f 1914//2151 1915//2152 1916//2153
f 1914//2151 1916//2153 1917//2154
f 1918//2155 1919//2156 1886//2123
f 1918//2155 1886//2123 1880//2117
f 1920//2157 1921//2158 1909//2146
f 1920//2157 1909//2146 1908//2145
f 1922//2159 1923//2160 1907//2144
f 1922//2159 1907//2144 1906//2143
f 1924//2161 1925//2162 1926//2163
f 1924//2161 1926//2163 1927//2164
f 1928//2165 1929//2166 1876//2113
f 1928//2165 1876//2113 1930//2167
f 1927//2164 1926//2163 1931//2168
f 1927//2164 1931//2168 1932//2169
f 1933//2170 1907//2144 1934//2171
f 1933//2170 1934//2171 1935//2172
f 1894//2131 1900//2137 1903//2140
f 1894//2131 1903//2140 1895//2132
f 1936//2173 1937//2174 1938//2175
f 1936//2173 1938//2175 1939//2176
f 1890//2127 1939//2176 1938//2175
f 1890//2127 1938//2175 1891//2128
f 1940//2177 1941//2178 1942//2179
f 1940//2177 1942//2179 1943//2180
f 1878//2115 1885//2122 1944//2181
f 1878//2115 1944//2181 1945//2182
f 1946//2183 1947//2184 1948//2185
f 1946//2183 1948//2185 1949//2186
f 1950//2187 1951//2188 1952//2189
f 1950//2187 1952//2189 1953//2190
f 1951//2188 1881//2118 1884//2121
f 1951//2188 1884//2121 1952//2189
f 1923//2160 1954//2191 1908//2145
f 1923//2160 1908//2145 1911//2148
f 1955//2192 1956//2193 1957//2194
f 1955//2192 1957//2194 1958//2195
f 1959//2196 1960//2197 1961//2198
f 1959//2196 1961//2198 1962//2199
f 1956//2193 1963//2200 1964//2201
f 1956//2193 1964//2201 1957//2194
f 1880//2117 1886//2123 1885//2122
f 1880//2117 1885//2122 1878//2115
f 1965//2202 1966//2203 1967//2204
f 1965//2202 1967//2204 1968//2205
f 1908//2145 1969//2206 1920//2157
f 1970//2207 1923//2160 1911//2148
f 1927//2164 1971//2208 1917//2154
f 1915//2152 1914//2151 1972//2209
f 1915//2152 1972//2209 1973//2210
f 1974//2211 1975//2212 1937//2174
f 1974//2211 1937//2174 1976//2213
f 1916//2153 1915//2152 1973//2210
f 1916//2153 1927//2164 1917//2154
f 1933//2170 1927//2164 1916//2153
f 1935//2172 1970//2207 1927//2164
f 1935//2172 1927//2164 1933//2170
f 1904//2141 1973//2210 1977//2214
f 1904//2141 1916//2153 1973//2210
f 1898//2135 1906//2143 1905//2142
f 1898//2135 1905//2142 1874//2111
f 1934//2171 1907//2144 1923//2160
f 1965//2202 1968//2205 1978//2215
f 1965//2202 1978//2215 1979//2216
f 1905//2142 1977//2214 1930//2167
f 1905//2142 1904//2141 1977//2214
f 1978//2215 1967//2204 1980//2217
f 1978//2215 1980//2217 1870//2107
f 1981//2218 1982//2219 1978//2215
f 1981//2218 1978//2215 1870//2107
f 1922//2159 1954//2191 1923//2160
f 1922//2159 1906//2143 1954//2191
f 1983//2220 1984//2221 1985//2222
f 1983//2220 1985//2222 1986//2223
f 1875//2112 1930//2167 1876//2113
f 1874//2111 1905//2142 1930//2167
f 1983//2220 1981//2218 1870//2107
f 1983//2220 1870//2107 1873//2110
f 1874//2111 1930//2167 1875//2112
f 1872//2109 1987//2224 1984//2221
f 1872//2109 1984//2221 1873//2110
f 1898//2135 1874//2111 1877//2114
f 1897//2134 1899//2136 1954//2191
f 1988//2225 1917//2154 1971//2208
f 1964//2201 1914//2151 1917//2154
f 1964//2201 1917//2154 1988//2225
f 1989//2226 1972//2209 1914//2151
f 1963//2200 1914//2151 1964//2201
f 1963//2200 1989//2226 1914//2151
f 1990//2227 1955//2192 1958//2195
f 1991//2228 1990//2227 1958//2195
f 1992//2229 1990//2227 1991//2228
f 1993//2230 1992//2229 1991//2228
f 1994//2231 1995//2232 1996//2233
f 1997//2234 1994//2231 1996//2233
f 1998//2235 1994//2231 1997//2234
f 1999//2236 1994//2231 1998//2235
f 2000//2237 2001//2238 2002//2239
f 2000//2237 2002//2239 2003//2240
f 2000//2237 1999//2236 2001//2238
f 1929//2166 2003//2240 2004//2241
f 1929//2166 2004//2241 1876//2113
f 1929//2166 2000//2237 2003//2240
f 2005//2242 1893//2130 1896//2133
f 2005//2242 1896//2133 1985//2222
f 1998//2235 2001//2238 1999//2236
f 2006//2243 2007//2244 2008//2245
f 2009//2246 2006//2243 2008//2245
f 2010//2247 2006//2243 2009//2246
f 2011//2248 2010//2247 2009//2246
f 2012//2249 2011//2248 2009//2246
f 2013//2250 2011//2248 2012//2249
f 2014//2251 2015//2252 2013//2250
f 2014//2251 2013//2250 2012//2249
f 2016//2253 2017//2254 2018//2255
f 2019//2256 2016//2253 2018//2255
f 2020//2257 2019//2256 2018//2255
f 2021//2258 2019//2256 2020//2257
f 2022//2259 2023//2260 1919//2156
f 2022//2259 1919//2156 2024//2261
f 2025//2262 1909//2146 2026//2263
f 1925//2162 2025//2262 2026//2263
f 1925//2162 2026//2263 2027//2264
f 1926//2163 1925//2162 2027//2264
f 2028//2265 1926//2163 2027//2264
f 2029//2266 2028//2265 2027//2264
f 2029//2266 2027//2264 1942//2179
f 2030//2267 2029//2266 1942//2179
f 1993//2230 2030//2267 1942//2179
f 1960//2197 2031//2268 2032//2269
f 1960//2197 2032//2269 1961//2198
f 1941//2178 1993//2230 1942//2179
f 1941//2178 2033//2270 1993//2230
f 2034//2271 2035//2272 2036//2273
f 2034//2271 2036//2273 2037//2274
f 2035//2272 2038//2275 2039//2276
f 2035//2272 2039//2276 2036//2273
f 2038//2275 2040//2277 2041//2278
f 2038//2275 2041//2278 2039//2276
f 2040//2277 2042//2279 2043//2280
f 2040//2277 2043//2280 2041//2278
f 2044//2281 2045//2282 2046//2283
f 2044//2281 2046//2283 2047//2281
f 1969//2206 1908//2145 1954//2191
f 1969//2206 1954//2191 1899//2136
f 2048//2284 2049//2285 1973//2210
f 2048//2284 1973//2210 1972//2209
f 2049//2285 2050//2286 1977//2214
f 2049//2285 1977//2214 1973//2210
f 2050//2286 1928//2165 1930//2167
f 2050//2286 1930//2167 1977//2214
f 2005//2242 1985//2222 2051//2287
f 2052//2288 2005//2242 2051//2287
f 2053//2289 2052//2288 2054//2290
f 2053//2289 2005//2242 2052//2288
f 2055//2291 2053//2289 2054//2290
f 2056//2292 2053//2289 2055//2291
f 2057//2293 2058//2294 2059//2295
f 2057//2293 2056//2292 2058//2294
f 2060//2296 2057//2293 2059//2295
f 2061//2297 2057//2293 2060//2296
f 2055//2291 2058//2294 2056//2292
f 2062//2298 2024//2261 1976//2213
f 1986//2223 1985//2222 1896//2133
f 1983//2220 1986//2223 1896//2133
f 1873//2110 1984//2221 1983//2220
f 1872//2109 1871//2108 1987//2224
f 1897//2134 1954//2191 1906//2143
f 1897//2134 1906//2143 1898//2135
f 1981//2218 1896//2133 1895//2132
f 1981//2218 1983//2220 1896//2133
f 1980//2217 1967//2204 1871//2108
f 1980//2217 1871//2108 1870//2107
f 1982//2219 1895//2132 1903//2140
f 1982//2219 1981//2218 1895//2132
f 1982//2219 1974//2211 1979//2216
f 1982//2219 1979//2216 1978//2215
f 1970//2207 1935//2172 1934//2171
f 1970//2207 1934//2171 1923//2160
f 1968//2205 1967//2204 1978//2215
f 1975//2212 1903//2140 1902//2139
f 1975//2212 1902//2139 1937//2174
f 1974//2211 1976//2213 2024//2261
f 1974//2211 1903//2140 1975//2212
f 1974//2211 1982//2219 1903//2140
f 1916//2153 1904//2141 1907//2144
f 1916//2153 1907//2144 1933//2170
f 1979//2216 1974//2211 2024//2261
f 1965//2202 2024//2261 1966//2203
f 1965//2202 1979//2216 2024//2261
f 1937//2174 2063//2299 1938//2175
f 1937//2174 1902//2139 2063//2299
f 1936//2173 1976//2213 1937//2174
f 2062//2298 1976//2213 1936//2173
f 2064//2300 1889//2126 1892//2129
f 2065//2301 2064//2300 1892//2129
f 2066//2302 2064//2300 2065//2301
f 2067//2303 2066//2302 2065//2301
f 1967//2204 1966//2203 1880//2117
f 1879//2116 1878//2115 1945//2182
f 1871//2108 1967//2204 1880//2117
f 1987//2224 1871//2108 1879//2116
f 2045//2282 1950//2187 1953//2190
f 2045//2282 1953//2190 2046//2283
f 1962//2199 2034//2271 2037//2274
f 1962//2199 2037//2274 1959//2196
f 1909//2146 2025//2262 1910//2147
f 1911//2148 1924//2161 1970//2207
f 1911//2148 1910//2147 1924//2161
f 2068//2304 2021//2258 1921//2158
f 2069//2305 2068//2304 1921//2158
f 1920//2157 2069//2305 1921//2158
f 1926//2163 2028//2265 1931//2168
f 1910//2147 2025//2262 1925//2162
f 1927//2164 1932//2169 1971//2208
f 1924//2161 1910//2147 1925//2162
f 1970//2207 1924//2161 1927//2164
f 1988//2225 1971//2208 1932//2169
f 1988//2225 1932//2169 1931//2168
f 1988//2225 1931//2168 2028//2265
f 2029//2266 1964//2201 1988//2225
f 2029//2266 1957//2194 1964//2201
f 2029//2266 1988//2225 2028//2265
f 1958//2195 1957//2194 2029//2266
f 2030//2267 1991//2228 1958//2195
f 2030//2267 1958//2195 2029//2266
f 2070//2306 1993//2230 1991//2228
f 2070//2306 2030//2267 1993//2230
f 2070//2306 1991//2228 2030//2267
f 2048//2284 1993//2230 2033//2270
f 1992//2229 1993//2230 2048//2284
f 1990//2227 1992//2229 2048//2284
f 1972//2209 1989//2226 1963//2200
f 1972//2209 1963//2200 1956//2193
f 1972//2209 1956//2193 1955//2192
f 1972//2209 1955//2192 1990//2227
f 1972//2209 1990//2227 2048//2284
f 1938//2175 2063//2299 1902//2139
f 1891//2128 1938//2175 1902//2139
f 1892//2129 1891//2128 1902//2139
f 1901//2138 2065//2301 1892//2129
f 1901//2138 1892//2129 1902//2139
f 2067//2303 2065//2301 1901//2138
f 2071//2307 2067//2303 1901//2138
f 1936//2173 2072//2308 2073//2309
f 1936//2173 2073//2309 2022//2259
f 1936//2173 2022//2259 2062//2298
f 1936//2173 2074//2310 2072//2308
f 1939//2176 2074//2310 1936//2173
f 1890//2127 2074//2310 1939//2176
f 1889//2126 2075//2311 2074//2310
f 1889//2126 2074//2310 1890//2127
f 2064//2300 2075//2311 1889//2126
f 2066//2302 2075//2311 2064//2300
f 2067//2303 2075//2311 2066//2302
f 2023//2260 2076//2312 1919//2156
f 2073//2309 2072//2308 2023//2260
f 2024//2261 1919//2156 1918//2155
f 2024//2261 1918//2155 1966//2203
f 2022//2259 2073//2309 2023//2260
f 2062//2298 2022//2259 2024//2261
f 1885//2122 1912//2149 2077//2313
f 1944//2181 1885//2122 2077//2313
f 1919//2156 2076//2312 1886//2123
f 1966//2203 1918//2155 1880//2117
f 2044//2281 2047//2281 2043//2280
f 2044//2281 2043//2280 2042//2279
f 1882//2119 2078//2314 2079//2315
f 1882//2119 2079//2315 1883//2120
f 2078//2314 1940//2177 1943//2180
f 2078//2314 1943//2180 2079//2315
f 2067//2303 2032//2269 2031//2268
f 2067//2303 2031//2268 2075//2311
f 2074//2310 2031//2268 2080//2316
f 2074//2310 2075//2311 2031//2268
f 2071//2307 2032//2269 2067//2303
f 2072//2308 2074//2310 2080//2316
f 2023//2260 2080//2316 1887//2124
f 2023//2260 2072//2308 2080//2316
f 2076//2312 2023//2260 1887//2124
f 1909//2146 1921//2158 2081//2317
f 1909//2146 2081//2317 2026//2263
f 1886//2123 2076//2312 1887//2124
f 1921//2158 2021//2258 2020//2257
f 1921//2158 2020//2257 2081//2317
f 2082//2318 1913//2150 1948//2185
f 2082//2318 1912//2149 1913//2150
f 2083//2319 2082//2318 1948//2185
f 1947//2184 2083//2319 1948//2185
f 2018//2255 2017//2254 2015//2252
f 2018//2255 2015//2252 2014//2251
f 2084//2320 1946//2183 1949//2186
f 2085//2321 2084//2320 1949//2186
f 2086//2322 2084//2320 2085//2321
f 2087//2323 2086//2322 2085//2321
f 2088//2324 2086//2322 2087//2323
f 2089//2325 2088//2324 2087//2323
f 2008//2245 2089//2325 2087//2323
f 2007//2244 2089//2325 2008//2245
f 2053//2326 2005//2327 2090//2328
f 2053//2326 2090//2328 2091//2329
f 2057//2330 2056//2331 2092//2332
f 2057//2330 2092//2332 2093//2333
f 1900//2334 1901//2335 2094//2336
f 1900//2334 2094//2336 2095//2337
f 1893//2338 1894//2339 2096//2340
f 1893//2338 2096//2340 2097//2341
f 1881//2342 1882//2343 2098//2344
f 1881//2342 2098//2344 2099//2345
f 1962//2346 2034//2347 2100//2348
f 1962//2346 2100//2348 2101//2349
f 2078//2350 1940//2351 2102//2352
f 2078//2350 2102//2352 2103//2353
f 2000//2354 1999//2355 2104//2356
f 2000//2354 2104//2356 2105//2357
f 2040//2358 2042//2359 2106//2360
f 2040//2358 2106//2360 2107//2361
f 1950//2362 1951//2363 2108//2364
f 1950//2362 2108//2364 2109//2365
f 2049//2366 2050//2367 2110//2368
f 2049//2366 2110//2368 2111//2369
f 2005//2327 1893//2338 2097//2341
f 2005//2327 2097//2341 2090//2328
f 1928//2370 1929//2371 2112//2372
f 1928//2370 2112//2372 2113//2373
f 2035//2374 2038//2375 2114//2376
f 2035//2374 2114//2376 2115//2377
f 2061//2378 2057//2330 2093//2333
f 2061//2378 2093//2333 2116//2378
f 1994//2379 1995//2380 2117//2380
f 1994//2379 2117//2380 2118//2381
f 2032//2382 1961//2383 2119//2384
f 2032//2382 2119//2384 2120//2385
f 1999//2355 1994//2379 2118//2381
f 1999//2355 2118//2381 2104//2356
f 1941//2386 2033//2387 2121//2388
f 1941//2386 2121//2388 2122//2389
f 2056//2331 2053//2326 2091//2329
f 2056//2331 2091//2329 2092//2332
f 2044//2390 2045//2391 2123//2392
f 2044//2390 2123//2392 2124//2393
f 2033//2387 2048//2394 2125//2395
f 2033//2387 2125//2395 2121//2388
f 1894//2339 1900//2334 2095//2337
f 1894//2339 2095//2337 2096//2340
f 1882//2343 2078//2350 2103//2353
f 1882//2343 2103//2353 2098//2344
f 2071//2396 2032//2382 2120//2385
f 2071//2396 2120//2385 2126//2397
f 1940//2351 1941//2386 2122//2389
f 1940//2351 2122//2389 2102//2352
f 2045//2391 1950//2362 2109//2365
f 2045//2391 2109//2365 2123//2392
f 1901//2335 2071//2396 2126//2397
f 1901//2335 2126//2397 2094//2336
f 1951//2363 1881//2342 2099//2345
f 1951//2363 2099//2345 2108//2364
f 2050//2367 1928//2370 2113//2373
f 2050//2367 2113//2373 2110//2368
f 2042//2359 2044//2390 2124//2393
f 2042//2359 2124//2393 2106//2360
f 1929//2371 2000//2354 2105//2357
f 1929//2371 2105//2357 2112//2372
f 1961//2383 1962//2346 2101//2349
f 1961//2383 2101//2349 2119//2384
f 2048//2394 2049//2366 2111//2369
f 2048//2394 2111//2369 2125//2395
f 2038//2375 2040//2358 2107//2361
f 2038//2375 2107//2361 2114//2376
f 2034//2347 2035//2374 2115//2377
f 2034//2347 2115//2377 2100//2348
f 2127//2398 2128//2398 2129//2399
f 2127//2398 2129//2399 2130//2399
f 2131//2400 2132//2400 2133//2401
f 2131//2400 2133//2401 2134//2401
f 2135//2402 2136//2402 2137//2403
f 2135//2402 2137//2403 2138//2403
f 2139//2404 2140//2404 2141//2405
f 2139//2404 2141//2405 2142//2405
f 2143//2406 2144//2406 2145//2407
f 2143//2406 2145//2407 2146//2407
f 2147//2408 2148//2408 2149//2409
f 2147//2408 2149//2409 2150//2409
f 2151//2410 2152//2411 2153//2411
f 2151//2410 2153//2411 2154//2412
f 2155//2413 2156//2413 2157//2414
f 2155//2413 2157//2414 2158//2414
f 2159//2415 2160//2415 2148//2408
f 2159//2415 2148//2408 2147//2408
f 2161//2416 2162//2416 2163//2417
f 2161//2416 2163//2417 2164//2417
f 2165//2418 2166//2418 2167//2419
f 2165//2418 2167//2419 2168//2419
f 2169//2420 2170//2421 2171//2421
f 2169//2420 2171//2421 2172//2420
f 2173//2422 2174//2422 2175//2423
f 2173//2422 2175//2423 2176//2423
f 2177//2424 2178//2424 2179//2425
f 2177//2424 2179//2425 2180//2425
f 2181//2426 2182//2426 2183//2427
f 2181//2426 2183//2427 2184//2427
f 2178//2424 2177//2424 2185//2428
f 2178//2424 2185//2428 2186//2428
f 2187//2429 2188//2429 2189//2430
f 2187//2429 2189//2430 2190//2430
f 2191//2431 2192//2431 2193//2432
f 2191//2431 2193//2432 2194//2432
f 2195//2433 2196//2433 2197//2434
f 2195//2433 2197//2434 2198//2434
f 2170//2421 2199//2435 2200//2435
f 2170//2421 2200//2435 2171//2421
f 2201//2436 2202//2436 2203//2437
f 2201//2436 2203//2437 2204//2437
f 2205//2438 2206//2438 2207//2439
f 2205//2438 2207//2439 2208//2439
f 2209//2440 2210//2441 2211//2442
f 2209//2440 2211//2442 2212//2443
f 2213//2444 2214//2445 2215//2446
f 2213//2444 2215//2446 2216//2447
f 2217//2448 2218//2449 2219//2450
f 2217//2448 2219//2450 2220//2451
f 2221//2452 2222//2453 2223//2454
f 2221//2452 2223//2454 2224//2455
f 2225//2456 2226//2457 2227//2458
f 2225//2456 2227//2458 2228//2459
f 2229//2460 2230//2461 2231//2462
f 2229//2460 2231//2462 2232//2463
f 2233//2464 2234//2465 2235//2466
f 2233//2464 2235//2466 2236//2467
f 2237//2468 2238//2469 2239//2470
f 2237//2468 2239//2470 2240//2471
f 2241//2472 2242//2473 2243//2474
f 2241//2472 2243//2474 2244//2475
f 2236//2467 2235//2466 2242//2473
f 2236//2467 2242//2473 2241//2472
f 2245//2476 2246//2477 2247//2478
f 2245//2476 2247//2478 2248//2479
f 2249//2480 2250//2481 2251//2482
f 2249//2480 2251//2482 2252//2483
f 2253//2484 2254//2485 2255//2486
f 2253//2484 2255//2486 2256//2487
f 2257//2488 2258//2489 2259//2490
f 2257//2488 2259//2490 2260//2491
f 2261//2492 2262//2493 2258//2489
f 2261//2492 2258//2489 2257//2488
f 2263//2494 2264//2495 2262//2493
f 2263//2494 2262//2493 2261//2492
f 2228//2459 2227//2458 2234//2465
f 2228//2459 2234//2465 2233//2464
f 2265//2496 2266//2497 2267//2498
f 2265//2496 2267//2498 2268//2499
f 2269//2500 2270//2501 2238//2469
f 2269//2500 2238//2469 2237//2468
f 2271//2502 2272//2503 2270//2501
f 2271//2502 2270//2501 2269//2500
f 2224//2455 2223//2454 2226//2457
f 2224//2455 2226//2457 2225//2456
f 2218//2449 2217//2448 2273//2504
f 2218//2449 2273//2504 2274//2505
f 2240//2471 2239//2470 2266//2497
f 2240//2471 2266//2497 2265//2496
f 2275//2244 2276//2506 2277//2506
f 2275//2244 2277//2506 2278//2244
f 2279//2507 2267//2507 2266//2508
f 2279//2507 2266//2508 2280//2508
f 2281//2416 2282//2416 2283//2509
f 2281//2416 2283//2509 2284//2509
f 2285//2510 2286//2510 2287//2511
f 2285//2510 2287//2511 2288//2511
f 2289//2512 2290//2512 2291//2513
f 2289//2512 2291//2513 2292//2513
f 2293//2514 2294//2514 2295//2515
f 2293//2514 2295//2515 2296//2515
f 2297//2516 2298//2517 2299//2518
f 2297//2516 2299//2518 2300//2519
f 2301//2520 2302//2521 2303//2521
f 2301//2520 2303//2521 2304//2520
f 2305//2522 2306//2523 2307//2523
f 2305//2522 2307//2523 2308//2522
f 2309//2524 2310//2525 2311//2526
f 2309//2524 2311//2526 2312//2524
f 2313//2527 2314//2527 2315//2528
f 2313//2527 2315//2528 2316//2528
f 2317//2529 2318//2530 2319//2531
f 2317//2529 2319//2531 2320//2532
f 2321//2533 2322//2533 2323//2534
f 2321//2533 2323//2534 2324//2534
f 2325//2535 2326//2535 2327//2536
f 2325//2535 2327//2536 2328//2536
f 2329//2537 2330//2537 2180//2425
f 2329//2537 2180//2425 2179//2425
f 2331//2538 2332//2538 2333//2539
f 2331//2538 2333//2539 2334//2539
f 2335//2540 2336//2540 2337//2541
f 2335//2540 2337//2541 2338//2541
f 2339//2542 2340//2543 2341//2544
f 2339//2542 2341//2544 2342//2545
f 2343//2546 2344//2546 2345//2547
f 2343//2546 2345//2547 2346//2547
f 2334//2539 2333//2539 2347//2548
f 2334//2539 2347//2548 2348//2548
f 2349//2549 2350//2550 2351//2551
f 2349//2549 2351//2551 2320//2532
f 2352//2552 2299//2518 2353//2553
f 2352//2552 2353//2553 2354//2554
f 2355//2555 2356//2556 2357//2557
f 2355//2555 2357//2557 2358//2558
f 2359//2559 2360//2560 2361//2561
f 2359//2559 2361//2561 2362//2562
f 2363//2563 2364//2564 2365//2565
f 2363//2563 2365//2565 2366//2566
f 2367//2567 2368//2568 2369//2569
f 2367//2567 2369//2569 2370//2570
f 2349//2549 2320//2532 2319//2531
f 2349//2549 2319//2531 2371//2571
f 2372//2572 2373//2573 2374//2574
f 2372//2572 2374//2574 2375//2575
f 2376//2576 2377//2577 2378//2578
f 2376//2576 2378//2578 2379//2579
f 2376//2576 2379//2579 2380//2580
f 2376//2576 2380//2580 2381//2581
f 2382//2582 2383//2583 2212//2443
f 2382//2582 2212//2443 2384//2584
f 2385//2585 2354//2554 2353//2553
f 2385//2585 2353//2553 2386//2586
f 2387//2587 2388//2588 2374//2574
f 2387//2587 2374//2574 2373//2573
f 2341//2544 2389//2589 2390//2590
f 2341//2544 2390//2590 2342//2545
f 2391//2591 2392//2592 2393//2593
f 2391//2591 2393//2593 2394//2594
f 2395//2595 2396//2596 2397//2597
f 2395//2595 2397//2597 2398//2598
f 2399//2599 2400//2600 2368//2568
f 2399//2599 2368//2568 2367//2567
f 2401//2601 2402//2602 2403//2603
f 2401//2601 2403//2603 2404//2604
f 2385//2585 2386//2586 2405//2605
f 2385//2585 2405//2605 2406//2606
f 2407//2607 2408//2608 2378//2578
f 2407//2607 2378//2578 2377//2577
f 2382//2582 2406//2606 2405//2605
f 2382//2582 2405//2605 2383//2583
f 2394//2594 2393//2593 2388//2588
f 2394//2594 2388//2588 2387//2587
f 2409//2609 2410//2610 2411//2611
f 2409//2609 2411//2611 2412//2612
f 2371//2571 2319//2531 2413//2613
f 2371//2571 2413//2613 2414//2614
f 2415//2615 2416//2616 2417//2617
f 2415//2615 2417//2617 2418//2618
f 2419//2244 2312//2244 2420//2244
f 2419//2244 2420//2244 2421//2244
f 2422//2506 2423//2244 2424//2244
f 2422//2506 2424//2244 2425//2244
f 2426//2619 2427//2620 2428//2621
f 2426//2619 2428//2621 2429//2622
f 2260//2491 2259//2490 2430//2623
f 2260//2491 2430//2623 2431//2624
f 2432//2244 2433//2244 2192//2244
f 2432//2244 2192//2244 2434//2244
f 2435//2625 2436//2626 2437//2627
f 2435//2625 2437//2627 2438//2628
f 2439//2629 2440//2630 2441//2630
f 2439//2629 2441//2630 2442//2629
f 2443//2631 2444//2631 2445//2632
f 2443//2631 2445//2632 2446//2632
f 2447//2633 2244//2633 2245//2634
f 2447//2633 2245//2634 2448//2634
f 2449//2635 2450//2636 2451//2636
f 2449//2635 2451//2636 2452//2635
f 2453//2637 2454//2637 2455//2638
f 2453//2637 2455//2638 2456//2638
f 2457//2639 2439//2629 2442//2629
f 2457//2639 2442//2629 2458//2639
f 2459//2640 2460//2641 2351//2551
f 2459//2640 2351//2551 2461//2642
f 2462//2643 2463//2644 2464//2644
f 2462//2643 2464//2644 2465//2643
f 2466//2645 2467//2645 2468//2418
f 2466//2645 2468//2418 2469//2418
f 2470//2646 2471//2646 2467//2645
f 2470//2646 2467//2645 2466//2645
f 2472//2647 2473//2647 2474//2648
f 2472//2647 2474//2648 2475//2648
f 2476//2649 2477//2649 2478//2650
f 2476//2649 2478//2650 2479//2650
f 2480//2651 2430//2651 2259//2652
f 2480//2651 2259//2652 2481//2652
f 2482//2653 2250//2653 2437//2654
f 2482//2653 2437//2654 2483//2654
f 2484//2655 2451//2636 2450//2636
f 2484//2655 2450//2636 2485//2655
f 2486//2656 2462//2643 2465//2643
f 2486//2656 2465//2643 2487//2656
f 2488//2657 2489//2657 2490//2658
f 2488//2657 2490//2658 2491//2658
f 2492//2659 2493//2659 2494//2660
f 2492//2659 2494//2660 2495//2660
f 2496//2661 2497//2662 2498//2663
f 2496//2661 2498//2663 2365//2565
f 2499//2664 2500//2664 2501//2665
f 2499//2664 2501//2665 2502//2665
f 2503//2666 2504//2666 2505//2667
f 2503//2666 2505//2667 2506//2667
f 2507//2668 2508//2668 2509//2669
f 2507//2668 2509//2669 2510//2669
f 2511//2670 2238//2670 2270//2671
f 2511//2670 2270//2671 2512//2671
f 2513//2672 2514//2672 2515//2673
f 2513//2672 2515//2673 2516//2673
f 2497//2662 2517//2674 2518//2675
f 2497//2662 2518//2675 2498//2663
f 2519//2676 2520//2676 2521//2677
f 2519//2676 2521//2677 2522//2677
f 2523//2678 2524//2678 2525//2679
f 2523//2678 2525//2679 2526//2679
f 2527//2680 2528//2680 2529//2681
f 2527//2680 2529//2681 2530//2681
f 2531//2682 2230//2682 2532//2683
f 2531//2682 2532//2683 2533//2683
f 2534//2684 2535//2684 2231//2685
f 2534//2684 2231//2685 2536//2685
f 2537//2686 2538//2687 2275//2687
f 2537//2686 2275//2687 2539//2686
f 2540//2688 2541//2688 2542//2689
f 2540//2688 2542//2689 2543//2689
f 2544//2690 2545//2690 2546//2691
f 2544//2690 2546//2691 2547//2691
f 2548//2692 2549//2692 2550//2693
f 2548//2692 2550//2693 2551//2693
f 2552//2694 2426//2694 2429//2695
f 2552//2694 2429//2695 2553//2695
f 2554//2541 2555//2541 2556//2696
f 2554//2541 2556//2696 2557//2696
f 2558//2697 2559//2697 2198//2434
f 2558//2697 2198//2434 2197//2434
f 2560//2698 2561//2698 2562//2699
f 2560//2698 2562//2699 2563//2699
f 2512//2671 2270//2671 2272//2700
f 2512//2671 2272//2700 2564//2700
f 2565//2646 2566//2646 2567//2701
f 2565//2646 2567//2701 2568//2701
f 2569//2702 2570//2702 2571//2703
f 2569//2702 2571//2703 2572//2703
f 2573//2704 2574//2704 2575//2513
f 2573//2704 2575//2513 2576//2513
f 2577//2705 2578//2705 2579//2706
f 2577//2705 2579//2706 2580//2706
f 2581//2707 2582//2707 2190//2430
f 2581//2707 2190//2430 2189//2430
f 2583//2708 2584//2708 2184//2427
f 2583//2708 2184//2427 2183//2427
f 2142//2405 2141//2405 2585//2709
f 2142//2405 2585//2709 2586//2709
f 2587//2710 2588//2710 2589//2711
f 2587//2710 2589//2711 2590//2711
f 2591//2712 2592//2712 2593//2713
f 2591//2712 2593//2713 2594//2713
f 2595//2645 2596//2645 2597//2418
f 2595//2645 2597//2418 2598//2418
f 2599//2714 2600//2714 2601//2715
f 2599//2714 2601//2715 2602//2715
f 2282//2416 2281//2416 2603//2716
f 2282//2416 2603//2716 2604//2716
f 2605//2717 2606//2718 2607//2718
f 2605//2717 2607//2718 2608//2717
f 2609//2719 2610//2719 2611//2720
f 2609//2719 2611//2720 2612//2720
f 2613//2721 2614//2721 2208//2439
f 2613//2721 2208//2439 2207//2439
f 2615//2722 2616//2723 2423//2723
f 2615//2722 2423//2723 2422//2722
f 2290//2512 2289//2512 2617//2724
f 2290//2512 2617//2724 2618//2724
f 2619//2725 2620//2725 2621//2726
f 2619//2725 2621//2726 2622//2726
f 2623//2727 2624//2728 2386//2586
f 2623//2727 2386//2586 2353//2553
f 2625//2540 2626//2540 2138//2403
f 2625//2540 2138//2403 2137//2403
f 2627//2729 2628//2730 2392//2592
f 2627//2729 2392//2592 2361//2561
f 2629//2731 2630//2731 2543//2689
f 2629//2731 2543//2689 2542//2689
f 2631//2732 2632//2732 2633//2733
f 2631//2732 2633//2733 2634//2733
f 2635//2734 2636//2734 2144//2406
f 2635//2734 2144//2406 2143//2406
f 2637//2735 2638//2735 2639//2736
f 2637//2735 2639//2736 2640//2736
f 2204//2437 2203//2437 2641//2737
f 2204//2437 2641//2737 2642//2737
f 2643//2738 2644//2739 2419//2739
f 2643//2738 2419//2739 2645//2738
f 2646//2740 2647//2740 2648//2741
f 2646//2740 2648//2741 2649//2741
f 2444//2631 2443//2631 2650//2701
f 2444//2631 2650//2701 2651//2701
f 2652//2742 2653//2742 2654//2743
f 2652//2742 2654//2743 2655//2743
f 2328//2536 2327//2536 2656//2744
f 2328//2536 2656//2744 2657//2744
f 2658//2745 2537//2686 2539//2686
f 2658//2745 2539//2686 2659//2745
f 2660//2746 2661//2747 2379//2579
f 2660//2746 2379//2579 2378//2578
f 2662//2748 2663//2748 2664//2749
f 2662//2748 2664//2749 2665//2749
f 2666//2750 2667//2751 2668//2751
f 2666//2750 2668//2751 2669//2750
f 2670//2752 2671//2752 2672//2753
f 2670//2752 2672//2753 2673//2753
f 2674//2754 2675//2754 2676//2755
f 2674//2754 2676//2755 2677//2755
f 2678//2756 2228//2756 2233//2757
f 2678//2756 2233//2757 2679//2757
f 2680//2758 2681//2758 2682//2759
f 2680//2758 2682//2759 2683//2759
f 2684//2760 2685//2760 2686//2761
f 2684//2760 2686//2761 2687//2761
f 2688//2762 2689//2762 2690//2404
f 2688//2762 2690//2404 2691//2404
f 2692//2763 2693//2763 2694//2764
f 2692//2763 2694//2764 2695//2764
f 2667//2751 2696//2765 2697//2765
f 2667//2751 2697//2765 2668//2751
f 2673//2753 2672//2753 2698//2439
f 2673//2753 2698//2439 2699//2439
f 2683//2759 2682//2759 2700//2766
f 2683//2759 2700//2766 2701//2766
f 2702//2767 2254//2767 2251//2768
f 2702//2767 2251//2768 2703//2768
f 2704//2769 2459//2640 2461//2642
f 2704//2769 2461//2642 2412//2612
f 2705//2770 2706//2771 2707//2771
f 2705//2770 2707//2771 2708//2770
f 2709//2772 2710//2772 2711//2773
f 2709//2772 2711//2773 2712//2773
f 2713//2774 2714//2775 2375//2575
f 2713//2774 2375//2575 2374//2574
f 2715//2776 2716//2776 2717//2777
f 2715//2776 2717//2777 2718//2777
f 2719//2778 2720//2778 2721//2779
f 2719//2778 2721//2779 2722//2779
f 2723//2780 2724//2780 2725//2781
f 2723//2780 2725//2781 2726//2781
f 2727//2782 2728//2782 2729//2783
f 2727//2782 2729//2783 2730//2783
f 2592//2712 2591//2712 2731//2436
f 2592//2712 2731//2436 2732//2436
f 2586//2709 2585//2709 2733//2784
f 2586//2709 2733//2784 2734//2784
f 2735//2785 2736//2785 2737//2786
f 2735//2785 2737//2786 2738//2786
f 2739//2787 2740//2787 2741//2788
f 2739//2787 2741//2788 2742//2788
f 2743//2789 2744//2789 2695//2764
f 2743//2789 2695//2764 2694//2764
f 2745//2780 2746//2780 2747//2790
f 2745//2780 2747//2790 2748//2790
f 2749//2791 2750//2791 2751//2792
f 2749//2791 2751//2792 2752//2792
f 2753//2793 2754//2793 2755//2794
f 2753//2793 2755//2794 2756//2794
f 2757//2795 2758//2795 2759//2796
f 2757//2795 2759//2796 2760//2796
f 2761//2797 2762//2797 2763//2781
f 2761//2797 2763//2781 2764//2781
f 2765//2798 2297//2516 2300//2519
f 2765//2798 2300//2519 2766//2799
f 2767//2800 2768//2800 2769//2801
f 2767//2800 2769//2801 2770//2801
f 2771//2802 2772//2802 2773//2803
f 2771//2802 2773//2803 2774//2803
f 2510//2669 2509//2669 2775//2790
f 2510//2669 2775//2790 2776//2790
f 2777//2804 2778//2805 2383//2583
f 2777//2804 2383//2583 2405//2605
f 2779//2806 2780//2807 2433//2807
f 2779//2806 2433//2807 2432//2806
f 2781//2808 2782//2808 2783//2809
f 2781//2808 2783//2809 2784//2809
f 2785//2797 2786//2797 2787//2649
f 2785//2797 2787//2649 2788//2649
f 2762//2797 2761//2797 2477//2649
f 2762//2797 2477//2649 2476//2649
f 2789//2810 2790//2810 2791//2811
f 2789//2810 2791//2811 2792//2811
f 2774//2803 2773//2803 2793//2812
f 2774//2803 2793//2812 2794//2812
f 2795//2813 2796//2813 2479//2650
f 2795//2813 2479//2650 2478//2650
f 2782//2808 2781//2808 2797//2814
f 2782//2808 2797//2814 2798//2814
f 2799//2815 2605//2717 2608//2717
f 2799//2815 2608//2717 2800//2815
f 2801//2816 2802//2816 2803//2817
f 2801//2816 2803//2817 2804//2817
f 2805//2408 2806//2408 2807//2818
f 2805//2408 2807//2818 2808//2818
f 2809//2819 2255//2819 2254//2767
f 2809//2819 2254//2767 2702//2767
f 2810//2820 2811//2820 2812//2821
f 2810//2820 2812//2821 2813//2821
f 2814//2638 2815//2638 2816//2822
f 2814//2638 2816//2822 2817//2822
f 2663//2748 2662//2748 2818//2823
f 2663//2748 2818//2823 2819//2823
f 2820//2534 2821//2534 2822//2666
f 2820//2534 2822//2666 2823//2666
f 2294//2514 2293//2514 2824//2824
f 2294//2514 2824//2824 2277//2824
f 2825//2825 2826//2825 2344//2546
f 2825//2825 2344//2546 2343//2546
f 2545//2690 2544//2690 2827//2826
f 2545//2690 2827//2826 2828//2826
f 2829//2527 2830//2527 2831//2528
f 2829//2527 2831//2528 2832//2528
f 2770//2801 2769//2801 2833//2827
f 2770//2801 2833//2827 2834//2827
f 2687//2761 2686//2761 2835//2828
f 2687//2761 2835//2828 2836//2828
f 2837//2829 2838//2830 2839//2830
f 2837//2829 2839//2830 2840//2829
f 2326//2535 2325//2535 2841//2831
f 2326//2535 2841//2831 2842//2831
f 2843//2832 2844//2832 2535//2684
f 2843//2832 2535//2684 2534//2684
f 2845//2418 2846//2418 2826//2825
f 2845//2418 2826//2825 2825//2825
f 2847//2833 2848//2833 2849//2834
f 2847//2833 2849//2834 2850//2834
f 2671//2752 2670//2752 2851//2835
f 2671//2752 2851//2835 2852//2835
f 2778//2805 2209//2440 2212//2443
f 2778//2805 2212//2443 2383//2583
f 2853//2836 2854//2836 2855//2837
f 2853//2836 2855//2837 2856//2837
f 2857//2838 2858//2838 2859//2703
f 2857//2838 2859//2703 2860//2703
f 2861//2839 2862//2839 2863//2840
f 2861//2839 2863//2840 2864//2840
f 2856//2837 2855//2837 2865//2841
f 2856//2837 2865//2841 2866//2841
f 2867//2780 2868//2780 2869//2842
f 2867//2780 2869//2842 2870//2842
f 2871//2712 2872//2712 2578//2705
f 2871//2712 2578//2705 2577//2705
f 2873//2843 2874//2843 2798//2814
f 2873//2843 2798//2814 2797//2814
f 2875//2844 2876//2844 2877//2845
f 2875//2844 2877//2845 2878//2845
f 2628//2730 2879//2846 2393//2593
f 2628//2730 2393//2593 2392//2592
f 2880//2648 2881//2648 2882//2742
f 2880//2648 2882//2742 2883//2742
f 2210//2441 2884//2847 2885//2848
f 2210//2441 2885//2848 2211//2442
f 2886//2419 2887//2419 2888//2546
f 2886//2419 2888//2546 2889//2546
f 2819//2823 2818//2823 2890//2704
f 2819//2823 2890//2704 2891//2704
f 2892//2849 2893//2849 2894//2824
f 2892//2849 2894//2824 2895//2824
f 2162//2416 2161//2416 2896//2509
f 2162//2416 2896//2509 2897//2509
f 2898//2850 2899//2850 2900//2851
f 2898//2850 2900//2851 2901//2851
f 2460//2641 2317//2529 2320//2532
f 2460//2641 2320//2532 2351//2551
f 2902//2426 2903//2426 2904//2852
f 2902//2426 2904//2852 2905//2852
f 2906//2853 2339//2542 2342//2545
f 2906//2853 2342//2545 2907//2854
f 2908//2696 2909//2696 2910//2855
f 2908//2696 2910//2855 2911//2855
f 2912//2856 2913//2856 2914//2857
f 2912//2856 2914//2857 2915//2857
f 2916//2858 2917//2858 2649//2741
f 2916//2858 2649//2741 2648//2741
f 2918//2645 2919//2645 2424//2859
f 2918//2645 2424//2859 2920//2859
f 2921//2860 2922//2861 2923//2861
f 2921//2860 2923//2861 2924//2860
f 2434//2862 2925//2862 2926//2863
f 2434//2862 2926//2863 2927//2863
f 2928//2864 2929//2864 2930//2865
f 2928//2864 2930//2865 2931//2865
f 2932//2866 2933//2866 2934//2867
f 2932//2866 2934//2867 2935//2867
f 2752//2792 2751//2792 2936//2727
f 2752//2792 2936//2727 2937//2727
f 2938//2868 2939//2868 2748//2790
f 2938//2868 2748//2790 2747//2790
f 2940//2869 2941//2869 2821//2534
f 2940//2869 2821//2534 2820//2534
f 2884//2847 2942//2870 2411//2611
f 2884//2847 2411//2611 2885//2848
f 2943//2871 2944//2871 2657//2744
f 2943//2871 2657//2744 2656//2744
f 2945//2438 2946//2438 2947//2872
f 2945//2438 2947//2872 2948//2872
f 2949//2797 2950//2797 2951//2649
f 2949//2797 2951//2649 2952//2649
f 2199//2435 2953//2873 2954//2873
f 2199//2435 2954//2873 2200//2435
f 2736//2785 2735//2785 2955//2727
f 2736//2785 2955//2727 2956//2727
f 2681//2758 2680//2758 2957//2874
f 2681//2758 2957//2874 2958//2874
f 2456//2638 2455//2638 2959//2822
f 2456//2638 2959//2822 2960//2822
f 2961//2875 2962//2876 2963//2876
f 2961//2875 2963//2876 2964//2875
f 2965//2877 2966//2877 2967//2878
f 2965//2877 2967//2878 2968//2878
f 2969//2763 2970//2763 2971//2764
f 2969//2763 2971//2764 2972//2764
f 2973//2879 2974//2879 2489//2657
f 2973//2879 2489//2657 2488//2657
f 2975//2645 2976//2645 2846//2418
f 2975//2645 2846//2418 2845//2418
f 2977//2514 2978//2514 2600//2714
f 2977//2514 2600//2714 2599//2714
f 2942//2870 2704//2769 2412//2612
f 2942//2870 2412//2612 2411//2611
f 2979//2760 2980//2760 2981//2761
f 2979//2760 2981//2761 2982//2761
f 2802//2816 2801//2816 2983//2831
f 2802//2816 2983//2831 2984//2831
f 2675//2754 2674//2754 2985//2880
f 2675//2754 2985//2880 2986//2880
f 2786//2797 2785//2797 2726//2781
f 2786//2797 2726//2781 2725//2781
f 2987//2881 2988//2881 2989//2882
f 2987//2881 2989//2882 2990//2882
f 2991//2785 2992//2785 2421//2883
f 2991//2785 2421//2883 2993//2883
f 2994//2884 2660//2746 2378//2578
f 2994//2884 2378//2578 2408//2608
f 2995//2885 2996//2885 2997//2886
f 2995//2885 2997//2886 2998//2886
f 2999//2823 3000//2823 2574//2704
f 2999//2823 2574//2704 2573//2704
f 2920//2859 2424//2859 2966//2877
f 2920//2859 2966//2877 2965//2877
f 3001//2762 3002//2762 2140//2404
f 3001//2762 2140//2404 2139//2404
f 3003//2887 3004//2888 3005//2888
f 3003//2887 3005//2888 3006//2887
f 3007//2889 3008//2890 3009//2891
f 3007//2889 3009//2891 2380//2580
f 2561//2698 2560//2698 2602//2715
f 2561//2698 2602//2715 2601//2715
f 2804//2817 2803//2817 3010//2744
f 2804//2817 3010//2744 3011//2744
f 2572//2703 2571//2703 3012//2892
f 2572//2703 3012//2892 3013//2892
f 3014//2731 3015//2731 3016//2893
f 3014//2731 3016//2893 3017//2893
f 3018//2894 3019//2895 2357//2557
f 3018//2894 2357//2557 2356//2556
f 3020//2896 3021//2896 2850//2834
f 3020//2896 2850//2834 2849//2834
f 2988//2881 2987//2881 2718//2777
f 2988//2881 2718//2777 2717//2777
f 3008//2890 3022//2897 3023//2898
f 3008//2890 3023//2898 3009//2891
f 3024//2899 3025//2900 3026//2901
f 3024//2899 3026//2901 3027//2902
f 3028//2514 3029//2514 2520//2676
f 3028//2514 2520//2676 2519//2676
f 2899//2850 2898//2850 3030//2903
f 2899//2850 3030//2903 3031//2903
f 3032//2904 2305//2522 2308//2522
f 3032//2904 2308//2522 3033//2904
f 3034//2905 3035//2905 2984//2831
f 3034//2905 2984//2831 2983//2831
f 3036//2906 3037//2906 3038//2632
f 3036//2906 3038//2632 3039//2632
f 3015//2731 3014//2731 3040//2689
f 3015//2731 3040//2689 3041//2689
f 2286//2510 2285//2510 2811//2820
f 2286//2510 2811//2820 2810//2820
f 2796//2813 2795//2813 3042//2907
f 2796//2813 3042//2907 3043//2907
f 3044//2908 3045//2908 3046//2741
f 3044//2908 3046//2741 3047//2741
f 3048//2780 3049//2780 3050//2842
f 3048//2780 3050//2842 3051//2842
f 3052//2740 3053//2740 3054//2427
f 3052//2740 3054//2427 3055//2427
f 3056//2909 3057//2909 2817//2822
f 3056//2909 2817//2822 2816//2822
f 3058//2910 3059//2910 3060//2911
f 3058//2910 3060//2911 3061//2911
f 3062//2631 3063//2631 3011//2744
f 3062//2631 3011//2744 3010//2744
f 2950//2797 2949//2797 3064//2781
f 2950//2797 3064//2781 3065//2781
f 3066//2912 3067//2913 3068//2914
f 3066//2912 3068//2914 3069//2912
f 2746//2780 2745//2780 3070//2781
f 2746//2780 3070//2781 3071//2781
f 3072//2915 3073//2915 3074//2831
f 3072//2915 3074//2831 3075//2831
f 3076//2916 3077//2917 3078//2917
f 3076//2916 3078//2917 3079//2916
f 2878//2845 2877//2845 3080//2918
f 2878//2845 3080//2918 3081//2918
f 3082//2919 3083//2919 3084//2920
f 3082//2919 3084//2920 3085//2920
f 3086//2538 3087//2538 3013//2892
f 3086//2538 3013//2892 3012//2892
f 3088//2921 3089//2921 2255//2819
f 3088//2921 2255//2819 2809//2819
f 3090//2843 3091//2843 2446//2632
f 3090//2843 2446//2632 2445//2632
f 3092//2719 3093//2719 3094//2922
f 3092//2719 3094//2922 3095//2922
f 3096//2539 3097//2539 3098//2923
f 3096//2539 3098//2923 3099//2923
f 2706//2771 2615//2722 2422//2722
f 2706//2771 2422//2722 2707//2771
f 3100//2871 3101//2871 3102//2701
f 3100//2871 3102//2701 3103//2701
f 3104//2924 3003//2887 3006//2887
f 3104//2924 3006//2887 3105//2924
f 3106//2925 3107//2925 3108//2926
f 3106//2925 3108//2926 3109//2926
f 2452//2635 3110//2927 3111//2927
f 2452//2635 3111//2927 2449//2635
f 2911//2855 2910//2855 3112//2928
f 2911//2855 3112//2928 3113//2928
f 3114//2929 3115//2929 2541//2688
f 3114//2929 2541//2688 2540//2688
f 3116//2930 2239//2930 2238//2670
f 3116//2930 2238//2670 2511//2670
f 2669//2244 2668//2244 3117//2244
f 2669//2244 3117//2244 2336//2244
f 2900//2244 2899//2244 2659//2244
f 2900//2244 2659//2244 2539//2244
f 3111//2244 3118//2244 3119//2506
f 3111//2244 3119//2506 2449//2244
f 2883//2742 2882//2742 3120//2779
f 2883//2742 3120//2779 3121//2779
f 2530//2681 2529//2681 3122//2931
f 2530//2681 3122//2931 3123//2931
f 3124//2797 3125//2797 2284//2509
f 3124//2797 2284//2509 2283//2509
f 3126//2813 3127//2813 3128//2932
f 3126//2813 3128//2932 3129//2932
f 3130//2933 3131//2933 3132//2791
f 3130//2933 3132//2791 3133//2791
f 3057//2909 3056//2909 2528//2680
f 3057//2909 2528//2680 2527//2680
f 2553//2695 2429//2695 3134//2934
f 2553//2695 3134//2934 3135//2934
f 3136//2935 3137//2935 3138//2936
f 3136//2935 3138//2936 2278//2936
f 3139//2510 3140//2510 2174//2422
f 3139//2510 2174//2422 2173//2422
f 2644//2739 2309//2524 2312//2524
f 2644//2739 2312//2524 2419//2739
f 3141//2697 3142//2697 3143//2937
f 3141//2697 3143//2937 3144//2937
f 3145//2938 3146//2938 2722//2779
f 3145//2938 2722//2779 2721//2779
f 2463//2644 2457//2639 2458//2639
f 2463//2644 2458//2639 2464//2644
f 3147//2939 3148//2940 2396//2596
f 3147//2939 2396//2596 2403//2603
f 3149//2645 3150//2645 2166//2418
f 3149//2645 2166//2418 2165//2418
f 2526//2679 2525//2679 3031//2903
f 2526//2679 3031//2903 3030//2903
f 2794//2812 2793//2812 3089//2921
f 2794//2812 3089//2921 3088//2921
f 2296//2515 2295//2515 2939//2868
f 2296//2515 2939//2868 2938//2868
f 3151//2941 2961//2875 2964//2875
f 3151//2941 2964//2875 3152//2941
f 3153//2942 3154//2942 2570//2702
f 3153//2942 2570//2702 2569//2702
f 3063//2631 3062//2631 2568//2701
f 3063//2631 2568//2701 2567//2701
f 2632//2732 2631//2732 2948//2872
f 2632//2732 2948//2872 2947//2872
f 3093//2719 3092//2719 2502//2665
f 3093//2719 2502//2665 2501//2665
f 3155//2943 3156//2943 3157//2944
f 3155//2943 3157//2944 3158//2944
f 3077//2917 2779//2806 2432//2806
f 3077//2917 2432//2806 3078//2917
f 3159//2945 3160//2945 2756//2794
f 3159//2945 2756//2794 2755//2794
f 3161//2946 3162//2947 3163//2947
f 3161//2946 3163//2947 3164//2946
f 2742//2788 2741//2788 2848//2833
f 2742//2788 2848//2833 2847//2833
f 3165//2657 3166//2657 2956//2727
f 3165//2657 2956//2727 2955//2727
f 2448//2634 2245//2634 2248//2948
f 2448//2634 2248//2948 3167//2948
f 2152//2411 2666//2750 2669//2750
f 2152//2411 2669//2750 2153//2411
f 3168//2680 3169//2680 3170//2949
f 3168//2680 3170//2949 3171//2949
f 2338//2541 2337//2541 2909//2696
f 2338//2541 2909//2696 2908//2696
f 2647//2740 2646//2740 3172//2950
f 2647//2740 3172//2950 3173//2950
f 3174//2951 3175//2951 3176//2952
f 3174//2951 3176//2952 3177//2952
f 2931//2865 2930//2865 3156//2943
f 2931//2865 3156//2943 3155//2943
f 3178//2953 3179//2953 3123//2931
f 3178//2953 3123//2931 3122//2931
f 3158//2944 3157//2944 2636//2734
f 3158//2944 2636//2734 2635//2734
f 3180//2954 3181//2954 2881//2648
f 3180//2954 2881//2648 2880//2648
f 3182//2955 2627//2729 2361//2561
f 3182//2955 2361//2561 2360//2560
f 3183//2907 3184//2907 2653//2742
f 3183//2907 2653//2742 2652//2742
f 3185//2956 3186//2956 3187//2957
f 3185//2956 3187//2957 3188//2957
f 3189//2958 3190//2959 2417//2617
f 3189//2958 2417//2617 2416//2616
f 3191//2960 3192//2961 2359//2559
f 3191//2960 2359//2559 2362//2562
f 3191//2960 2838//2962 2837//2963
f 3193//2964 2152//2965 2151//2966
f 3193//2964 2151//2966 2354//2554
f 3194//2967 2362//2562 2391//2591
f 3195//2968 3196//2969 3162//2970
f 3195//2968 3162//2970 3197//2971
f 3194//2967 2921//2972 2838//2962
f 3198//2973 3003//2974 3199//2975
f 3198//2973 3199//2975 3200//2976
f 3201//2977 2215//2446 2355//2555
f 3201//2977 2355//2555 2358//2558
f 3202//2978 2394//2594 2387//2587
f 3202//2978 2658//2979 2922//2980
f 3203//2981 2387//2587 2373//2573
f 3204//2982 2779//2983 3205//2984
f 3204//2982 3205//2984 2415//2615
f 3203//2981 2537//2985 2658//2979
f 3206//2986 2373//2573 2372//2572
f 3206//2986 3207//2987 2538//2988
f 3206//2986 3203//2981 2373//2573
f 3205//2984 3077//2989 3076//2990
f 3205//2984 3076//2990 3208//2991
f 3209//2992 2372//2572 3210//2993
f 3211//2994 3212//2995 2409//2609
f 3211//2994 2409//2609 3213//2996
f 3209//2992 3032//2997 3207//2987
f 3214//2998 2390//2590 2389//2589
f 3214//2998 2306//2999 2305//3000
f 3215//3001 2389//2589 3216//3002
f 3215//3001 3161//3003 2306//2999
f 3217//3004 2452//3005 2451//3006
f 3217//3004 2451//3006 3218//3007
f 3219//3008 3220//3009 2349//2549
f 3219//3008 2349//2549 2371//2571
f 2213//2444 3219//3008 2371//2571
f 2213//2444 2371//2571 2414//2614
f 2780//3010 3204//2982 3199//2975
f 2780//3010 3199//2975 3104//3011
f 3195//2968 2366//2566 3221//3012
f 3195//2968 3222//3013 3196//2969
f 3223//3014 3221//3012 3224//3015
f 3223//3014 2484//3016 3222//3013
f 3195//2968 3197//2971 2363//2563
f 3195//2968 2363//2563 2366//2566
f 3225//3017 3201//2977 2358//2558
f 3225//3017 2358//2558 3226//3018
f 2537//2985 3203//2981 3206//2986
f 2537//2985 3206//2986 2538//2988
f 3217//3004 3227//3019 3228//3020
f 3217//3004 3110//3021 2452//3005
f 3229//3022 3228//3020 3230//3023
f 3032//2997 3209//2992 3214//2998
f 3032//2997 3214//2998 2305//3000
f 3229//3022 2607//3024 3110//3021
f 3214//2998 2389//2589 3215//3001
f 3214//2998 3215//3001 2306//2999
f 3214//2998 3209//2992 3210//2993
f 3214//2998 3210//2993 2390//2590
f 3231//3025 2399//2599 2367//2567
f 3231//3025 2800//3026 2608//3027
f 3206//2986 2372//2572 3209//2992
f 3206//2986 3209//2992 3207//2987
f 3208//2991 2367//2567 2370//2570
f 3202//2978 2922//2980 2921//2972
f 3202//2978 2921//2972 3194//2967
f 3208//2991 3076//2990 2800//3026
f 3205//2984 3208//2991 2370//2570
f 3205//2984 2370//2570 2415//2615
f 3205//2984 2779//2983 3077//2989
f 3204//2982 2415//2615 2418//2618
f 3232//3028 3233//3029 2376//2576
f 3232//3028 2376//2576 2381//2581
f 3204//2982 2780//3010 2779//2983
f 3199//2975 3234//3030 3200//2976
f 3199//2975 3003//2974 3104//3011
f 2606//2244 3048//2244 3235//2244
f 2606//2244 3235//2244 3111//2244
f 3198//2973 3200//2976 2352//2552
f 3198//2973 2352//2552 2354//2554
f 2310//3031 3192//2961 3191//2960
f 2310//3031 3191//2960 2837//2963
f 3198//2973 3004//3032 3003//2974
f 3236//3033 2666//3034 3193//2964
f 3236//3033 3193//2964 2406//2606
f 2986//2880 2985//2880 3237//3035
f 2986//2880 3237//3035 3238//3035
f 3239//3036 2436//3036 2844//2832
f 3239//3036 2844//2832 2843//2832
f 3240//2646 3241//2646 3150//2645
f 3240//2646 3150//2645 3149//2645
f 3242//3037 3243//3038 2369//2569
f 3242//3037 2369//2569 2368//2568
f 3027//2902 3244//3039 2400//2600
f 3027//2902 2400//2600 3024//2899
f 2402//2602 3245//3040 3246//3041
f 2402//2602 3246//3041 3247//3042
f 2318//2530 3248//3043 2413//2613
f 2318//2530 2413//2613 2319//2531
f 3249//3044 3250//3044 3251//3045
f 3249//3044 3251//3045 3252//3045
f 2710//2772 2709//2772 3253//2840
f 2710//2772 3253//2840 3254//2840
f 2808//2818 2807//2818 2665//2749
f 2808//2818 2665//2749 2664//2749
f 2714//2775 2906//2853 2907//2854
f 2714//2775 2907//2854 2375//2575
f 3255//3046 2713//2774 2374//2574
f 3255//3046 2374//2574 2388//2588
f 2962//2876 2301//2520 2304//2520
f 2962//2876 2304//2520 2963//2876
f 2732//2436 2731//2436 3256//2439
f 2732//2436 3256//2439 3257//2439
f 2167//2244 2441//2244 3258//2244
f 3031//2506 2525//2244 2923//2244
f 3031//2506 2923//2244 2659//2244
f 2304//2506 2303//2244 3256//2244
f 2304//2506 3256//2244 2731//2244
f 2141//2244 2140//2244 2707//2244
f 3102//2244 3101//2244 2303//2244
f 3102//2244 2303//2244 2172//2244
f 3259//2244 2708//2244 3002//2244
f 3260//2244 3261//2244 3262//2506
f 3080//2506 2877//2244 2645//2244
f 3080//2506 2645//2244 2419//2244
f 3150//2244 2442//2244 2166//2244
f 3263//2244 2708//2244 3259//2244
f 2963//2244 2304//2506 2594//2244
f 2963//2244 2594//2244 2632//2244
f 2864//2244 3260//2244 3262//2506
f 2733//2506 2585//2244 2422//2506
f 3264//2244 2464//2244 3265//2244
f 3164//2244 3266//2244 3267//2244
f 3164//2244 3267//2244 2307//2244
f 3268//2244 2864//2244 3263//2244
f 2588//2244 3265//2244 2464//2244
f 2588//2244 2464//2244 2458//2506
f 3269//2244 2464//2244 3264//2244
f 2589//2244 2588//2244 2458//2506
f 2861//2506 2864//2244 3268//2244
f 2425//2244 2733//2506 2422//2506
f 2145//2244 2464//2244 3269//2244
f 2145//2244 2465//2244 2464//2244
f 3270//2244 2589//2244 2458//2506
f 2433//2244 3105//2506 2570//2244
f 2433//2244 2570//2244 3154//2244
f 3271//2244 3249//2244 2327//2506
f 3271//2244 2327//2506 2326//2506
f 2144//2244 2465//2244 2145//2244
f 2156//2244 3270//2244 2458//2506
f 2636//2244 2465//2244 2144//2244
f 2157//2244 2156//2244 2650//2244
f 2966//2244 2423//2244 2967//2244
f 3203//2981 2658//2979 3202//2978
f 3203//2981 3202//2978 2387//2587
f 3249//2244 3252//2244 2656//2506
f 3249//2244 2656//2506 2327//2506
f 2876//2244 2967//2244 2423//2244
f 3157//2244 2465//2244 2636//2244
f 2424//2244 2423//2244 2966//2244
f 2424//2244 3272//2244 2425//2244
f 3273//2244 3274//2244 2693//2244
f 3273//2244 2693//2244 3178//2244
f 2919//2244 3272//2244 2424//2244
f 3156//2506 2487//2244 2465//2244
f 3156//2506 2465//2244 3157//2244
f 2689//2244 2795//2244 2478//2244
f 2689//2244 2478//2244 2690//2244
f 2930//2244 2487//2244 3156//2506
f 2649//2244 2283//2244 2282//2244
f 2649//2244 2282//2244 2646//2506
f 2992//2244 3080//2506 2419//2244
f 3172//2244 2604//2244 2521//2506
f 3172//2244 2521//2506 3275//2244
f 2597//2244 3094//2244 3093//2244
f 2597//2244 3093//2244 2887//2244
f 2917//2244 3124//2244 2283//2244
f 2917//2244 2283//2244 2649//2244
f 2646//2506 2282//2244 2604//2244
f 2646//2506 2604//2244 3172//2244
f 2421//2244 2992//2244 2419//2244
f 2757//2244 2724//2244 2614//2244
f 3091//2506 2547//2244 3276//2244
f 3091//2506 3276//2244 2446//2244
f 2596//2244 2235//2244 3160//2244
f 2596//2244 3160//2244 2597//2244
f 3277//2244 2757//2244 2760//2506
f 3277//2244 2760//2506 3278//2244
f 3279//2244 2725//2244 3277//2244
f 3279//2244 2786//2244 2725//2244
f 3279//2244 2787//2244 2786//2244
f 3279//2244 3129//2244 2787//2244
f 2232//2244 3277//2244 3278//2244
f 2232//2244 3015//2244 3041//2506
f 2232//2244 3016//2244 3015//2244
f 2232//2244 3278//2244 3016//2244
f 2435//2244 3129//2244 3279//2244
f 2435//2244 3126//2506 3129//2244
f 2435//2244 2996//2506 3126//2506
f 2435//2244 2997//2244 2996//2506
f 2229//2244 2232//2244 3041//2506
f 2229//2244 2128//2244 3280//2244
f 2229//2244 2129//2244 2128//2244
f 2229//2244 3041//2506 2129//2244
f 2252//2244 3281//2244 3059//2244
f 2252//2244 3059//2244 3282//2506
f 2171//2244 2200//2244 2782//2244
f 2171//2244 2782//2244 2798//2244
f 2835//2244 2487//2244 2160//2506
f 2420//2244 2312//2244 3131//2244
f 2420//2244 2504//2244 2421//2244
f 2662//2244 2665//2244 3073//2244
f 2662//2244 3073//2244 3283//2244
f 2148//2244 2930//2244 2929//2506
f 3132//2244 3131//2244 2312//2244
f 2686//2244 3284//2244 3285//2244
f 2686//2244 3286//2506 3284//2244
f 3287//2244 2504//2244 2420//2244
f 3287//2244 2505//2244 2504//2244
f 2438//2244 3288//2506 3289//2506
f 2438//2244 2544//2244 3288//2506
f 2438//2244 3289//2506 2997//2244
f 2438//2244 2997//2244 2435//2244
f 2864//2244 3262//2506 2708//2244
f 2864//2244 2708//2244 3263//2244
f 3166//2244 3132//2244 2312//2244
f 2332//2244 3120//2506 2154//2506
f 2332//2244 2154//2506 2153//2244
f 2674//2244 2137//2244 2136//2244
f 2674//2244 2136//2244 2985//2244
f 3290//2244 2229//2244 2578//2244
f 3290//2244 2872//2244 2654//2506
f 3290//2244 2578//2244 2872//2244
f 3291//2244 2157//2244 2650//2244
f 3291//2244 2650//2244 2443//2506
f 2653//2244 3290//2244 2654//2506
f 3286//2506 2686//2244 2685//2244
f 3286//2506 2685//2244 3292//2244
f 2677//2244 2625//2244 2137//2244
f 2677//2244 2137//2244 2674//2244
f 2249//2244 3293//2244 2827//2244
f 2605//2244 3294//2244 2951//2506
f 2605//2244 2951//2506 2606//2244
f 2832//2244 3295//2244 3296//2506
f 2832//2244 3068//2244 3295//2244
f 2492//2244 2555//2244 2625//2244
f 2492//2244 2625//2244 2677//2244
f 3297//2244 3298//2506 3299//2506
f 3297//2244 3184//2244 3298//2506
f 3297//2244 2653//2244 3184//2244
f 3297//2244 3290//2244 2653//2244
f 2737//2244 2736//2244 2840//2244
f 2686//2244 3285//2244 2487//2244
f 2686//2244 2487//2244 2835//2244
f 3300//2244 2558//2506 3301//2244
f 2252//2244 3000//2244 3281//2244
f 2252//2244 3282//2506 3302//2506
f 2574//2244 3000//2244 2252//2244
f 3303//2244 2737//2244 2840//2244
f 2694//2244 3069//2244 2743//2244
f 2575//2506 2574//2244 2252//2244
f 3304//2244 3299//2506 3305//2244
f 3304//2244 3297//2244 3299//2506
f 3304//2244 3300//2244 3098//2244
f 3097//2244 3304//2244 3098//2244
f 3306//2244 3307//2506 2839//2244
f 2253//2506 3308//2244 2575//2506
f 2253//2506 2575//2506 2252//2244
f 3145//2506 3304//2244 3097//2244
f 3309//2244 3308//2244 2253//2506
f 3310//2244 3306//2244 2839//2244
f 3311//2244 3304//2244 3145//2506
f 3311//2244 3145//2506 2721//2506
f 3312//2244 3309//2244 2253//2506
f 2720//2506 3311//2244 2721//2506
f 3313//3047 3314//3048 2215//2446
f 3313//3047 2215//2446 2486//3049
f 2256//2244 2815//2244 3312//2244
f 2256//2244 2816//2244 2815//2244
f 2256//2244 3312//2244 2253//2506
f 2133//2244 2694//2244 2693//2244
f 2133//2244 2693//2244 3274//2244
f 2133//2244 3069//2244 2694//2244
f 3315//2244 3170//2244 2600//2244
f 3315//2244 2600//2244 2978//2244
f 2289//2244 3316//2244 3317//2244
f 2289//2244 3317//2244 2617//2244
f 2665//2244 2807//2244 3074//2506
f 2665//2244 3074//2506 3073//2244
f 2934//2244 2954//2244 2132//2244
f 2914//2244 2913//2244 2970//2244
f 2914//2244 2970//2244 3318//2244
f 2222//2244 2473//2244 3319//2244
f 2222//2244 2474//2244 2473//2244
f 2222//2244 2720//2506 2474//2244
f 2222//2244 3311//2244 2720//2506
f 2933//2244 2954//2244 2934//2244
f 2806//2244 3320//2244 2431//2244
f 2806//2244 2431//2244 3321//2244
f 3322//2244 2741//2244 2740//2244
f 3322//2244 3056//2244 2816//2244
f 3322//2244 2816//2244 2256//2244
f 2782//2244 2200//2244 2783//2244
f 2848//2244 2741//2244 3322//2244
f 2223//2244 3142//2506 3310//2244
f 2223//2244 3143//2244 3142//2506
f 2223//2244 3319//2244 3143//2244
f 2223//2244 2222//2244 3319//2244
f 2849//2244 2848//2244 3322//2244
f 2874//2244 2171//2244 2798//2244
f 3323//2244 3020//2506 2849//2244
f 3323//2244 2849//2244 3322//2244
f 3324//2244 2171//2244 2874//2244
f 2288//2244 3020//2506 3323//2244
f 2226//2244 2223//2244 2924//2244
f 3325//2506 2285//2244 2288//2244
f 3325//2506 2811//2244 2285//2244
f 3325//2506 2812//2506 2811//2244
f 3325//2506 2288//2244 3323//2244
f 3326//2244 3327//2244 3108//2506
f 3326//2244 3108//2506 3107//2244
f 3328//2244 2924//2244 2923//2244
f 3327//2244 3329//2244 2322//2244
f 3327//2244 2322//2244 3108//2506
f 3330//2506 2226//2244 2924//2244
f 3330//2506 2924//2244 3328//2244
f 3331//2244 3326//2244 3107//2244
f 3331//2244 3107//2244 3332//2244
f 2524//2244 3328//2244 2923//2244
f 2468//2244 2171//2244 3324//2244
f 3333//2244 2226//2244 3330//2506
f 3332//2244 3176//2244 3035//2506
f 3332//2244 3035//2506 3331//2244
f 2166//2244 2442//2244 2441//2244
f 2166//2244 2441//2244 2167//2244
f 2525//2244 2524//2244 2923//2244
f 3241//2244 2458//2506 2442//2244
f 3241//2244 2442//2244 3150//2244
f 2467//2244 2171//2244 2468//2244
f 2904//2244 2226//2244 3333//2244
f 2227//2244 2226//2244 2904//2244
f 2791//2244 2196//2244 2505//2244
f 2791//2244 2505//2244 3287//2244
f 3275//2244 2521//2506 2520//2244
f 3275//2244 2520//2244 2271//2244
f 2903//2244 2227//2244 2904//2244
f 2899//2244 3031//2506 2659//2244
f 3102//2244 2172//2244 2471//2244
f 3054//2244 2227//2244 2903//2244
f 3334//2244 2611//2244 3078//2244
f 3334//2244 3078//2244 2432//2244
f 3335//2244 2710//2244 3325//2506
f 3335//2244 2711//2506 2710//2244
f 3053//2244 2227//2244 3054//2244
f 2783//2244 2200//2244 2954//2244
f 2783//2244 2954//2244 2933//2244
f 3336//2244 2711//2506 3335//2244
f 3337//2244 2900//2244 2539//2244
f 3256//2244 2303//2244 3101//2244
f 2234//2244 2227//2244 3053//2244
f 2234//2244 3053//2244 3046//2244
f 2870//2244 3336//2244 3335//2244
f 3069//2244 2133//2244 2132//2244
f 3069//2244 2132//2244 2954//2244
f 3045//2244 2234//2244 3046//2244
f 2753//2244 2234//2244 3045//2244
f 3338//2244 2870//2244 3335//2244
f 3338//2244 2867//2244 2870//2244
f 3338//2244 2764//2244 2867//2244
f 2275//2244 3339//2244 3340//2244
f 2275//2244 2278//2244 3339//2244
f 2761//2244 2764//2244 3338//2244
f 2304//2506 2591//2244 2594//2244
f 2304//2506 2731//2244 2591//2244
f 2235//2244 2753//2244 2756//2506
f 2235//2244 2234//2244 2753//2244
f 2235//2244 2756//2506 3160//2244
f 3341//2244 2761//2244 3338//2244
f 2237//2244 3342//2244 3343//2244
f 2237//2244 3343//2244 2514//2244
f 3217//3004 3218//3007 3344//3050
f 3217//3004 3344//3050 3227//3019
f 2775//2244 2509//2506 2205//2244
f 2775//2244 2205//2244 2208//2244
f 2501//2244 2500//2244 3345//2244
f 2501//2244 3345//2244 2888//2244
f 2478//2244 2477//2244 2638//2244
f 2478//2244 2638//2244 2690//2244
f 3346//2244 2515//2244 3343//2244
f 3346//2244 3343//2244 2943//2244
f 2724//2244 2775//2244 2208//2244
f 2724//2244 2208//2244 2614//2244
f 2508//2506 2861//2506 3268//2244
f 2508//2506 3268//2244 3347//2244
f 2597//2244 3160//2244 3094//2244
f 2484//3016 3223//3014 3218//3007
f 2484//3016 3218//3007 2451//3006
f 2639//2244 2638//2244 2477//2244
f 2633//2244 3348//2506 3042//2244
f 2633//2244 3042//2244 3349//2244
f 2633//2244 2594//2244 3348//2506
f 2958//2506 2639//2244 3341//2244
f 2799//2244 3079//2244 3350//2244
f 2799//2244 3350//2244 2842//2244
f 2277//2506 3136//2244 2278//2244
f 2277//2506 3351//2506 3136//2244
f 2242//2244 2235//2244 2596//2244
f 2632//2244 2594//2244 2633//2244
f 2565//2244 2242//2244 2596//2244
f 2681//2244 2958//2506 3341//2244
f 2294//2244 2277//2506 2276//2506
f 2947//2244 2963//2244 2632//2244
f 2568//2244 2242//2244 2565//2244
f 2295//2244 2294//2244 2276//2506
f 2946//2244 2963//2244 2947//2244
f 3062//2244 2242//2244 2568//2244
f 3352//2244 2682//2244 2681//2244
f 3352//2244 2681//2244 3341//2244
f 2700//2244 2682//2244 3352//2244
f 2939//2244 2295//2244 2276//2506
f 2164//2244 2700//2244 3352//2244
f 2243//2244 3062//2244 3010//2506
f 2243//2244 2242//2244 3062//2244
f 2803//2506 2243//2244 3010//2506
f 2799//2244 3353//2244 3294//2244
f 2799//2244 3294//2244 2605//2244
f 2471//2244 2172//2244 2171//2244
f 2471//2244 2171//2244 2467//2244
f 3002//2244 2708//2244 2707//2244
f 3002//2244 2707//2244 2140//2244
f 2964//2244 2698//2244 2672//2244
f 2585//2244 2141//2244 2707//2244
f 2585//2244 2707//2244 2422//2506
f 2802//2244 2243//2244 2803//2506
f 2428//2244 2161//2244 2164//2244
f 2428//2244 2896//2244 2161//2244
f 2428//2244 2164//2244 3352//2244
f 3115//2244 2896//2244 2428//2244
f 2246//2506 2243//2244 2802//2244
f 2710//2244 3254//2244 2812//2506
f 2710//2244 2812//2506 3325//2506
f 2308//2244 3070//2244 2745//2506
f 2308//2244 3354//2244 3070//2244
f 2308//2244 3329//2244 3354//2244
f 3254//2244 2621//2506 2854//2244
f 3254//2244 2854//2244 2812//2506
f 3152//2506 2671//2244 2852//2506
f 3152//2506 2852//2506 3355//2244
f 2620//2244 3356//2244 2865//2244
f 2620//2244 2865//2244 2855//2244
f 2427//2244 3115//2244 2428//2244
f 2427//2244 2541//2244 3115//2244
f 2427//2244 2542//2506 2541//2244
f 3357//2244 2246//2506 3175//2506
f 3358//2244 2246//2506 3357//2244
f 3175//2506 2984//2244 3035//2506
f 3175//2506 3035//2506 3176//2244
f 3359//2244 2246//2506 3358//2244
f 2247//2244 2246//2506 3359//2244
f 2989//2506 2247//2244 3359//2244
f 2323//2244 2322//2244 3329//2244
f 2988//2244 2247//2244 2989//2506
f 2307//2244 3360//2244 2323//2244
f 2697//2244 3361//2244 2629//2244
f 3197//2971 3162//2970 3161//3003
f 3197//2971 3161//3003 3215//3001
f 3267//2244 3360//2244 2307//2244
f 2431//2244 2247//2244 2988//2244
f 2431//2244 2988//2244 2717//2244
f 2716//2244 2431//2244 2717//2244
f 3321//2244 2431//2244 2716//2244
f 3033//2244 2748//2244 2939//2244
f 3033//2244 2939//2244 2276//2506
f 2668//2244 2629//2244 2542//2506
f 2668//2244 2427//2244 3117//2244
f 2668//2244 2697//2244 2629//2244
f 2668//2244 2542//2506 2427//2244
f 2252//2244 3302//2506 3293//2244
f 2252//2244 3293//2244 2249//2244
f 2910//2244 3117//2244 3362//2244
f 2910//2244 3362//2244 3112//2244
f 3363//2506 2260//2244 2431//2244
f 3363//2506 2431//2244 3320//2244
f 2750//2244 3112//2244 3362//2244
f 2740//2244 3364//2244 2529//2244
f 2740//2244 2529//2244 2528//2244
f 2909//2244 3117//2244 2910//2244
f 2981//2244 2260//2244 3363//2506
f 2751//2506 2750//2244 3362//2244
f 2337//2506 3117//2244 2909//2244
f 2980//2244 2260//2244 2981//2244
f 3365//2244 2751//2506 3362//2244
f 2936//2506 2751//2506 3365//2244
f 3366//2244 3273//2244 3178//2244
f 3366//2244 3178//2244 3122//2244
f 2486//3049 2215//2446 3201//2977
f 2486//3049 3201//2977 2462//3051
f 2336//2244 3117//2244 2337//2506
f 3367//2506 2936//2506 3365//2244
f 2181//2244 3368//2244 3272//2244
f 2181//2244 3272//2244 2919//2244
f 2257//2506 2980//2244 2313//2244
f 2257//2506 2260//2244 2980//2244
f 2316//2244 2257//2506 2313//2244
f 2818//2244 3369//2244 2175//2244
f 2273//2244 3370//2244 3367//2506
f 2273//2244 3367//2506 3365//2244
f 3371//2506 2257//2506 2316//2244
f 3163//2244 3140//2244 3372//2244
f 3163//2244 2174//2244 3140//2244
f 3163//2244 2175//2244 2174//2244
f 2669//2244 3373//2244 3374//2506
f 2669//2244 2336//2244 3373//2244
f 3375//2244 3370//2244 2273//2244
f 2890//2244 2818//2244 2175//2244
f 2261//2244 3371//2506 2971//2244
f 2261//2244 2257//2506 3371//2506
f 2495//2244 3375//2244 2273//2244
f 2970//2244 2261//2244 2971//2244
f 3376//2506 2273//2244 2217//2244
f 3376//2506 2217//2244 3377//2506
f 2974//2244 3377//2506 2217//2244
f 2556//2244 2273//2244 3376//2506
f 3304//2244 3305//2244 2558//2506
f 3304//2244 2558//2506 3300//2244
f 2489//2244 2974//2244 2217//2244
f 3316//2244 2292//2506 2890//2244
f 3316//2244 2289//2244 2292//2506
f 2153//2244 2333//2244 2332//2244
f 2153//2244 2347//2244 2333//2244
f 2220//2244 2489//2244 2217//2244
f 2555//2244 2492//2244 2495//2244
f 2490//2506 2489//2244 2220//2244
f 2790//2244 2197//2244 2196//2244
f 2790//2244 2196//2244 2791//2244
f 3029//2244 2490//2506 2220//2244
f 2177//2244 2263//2244 2261//2244
f 2180//2244 2263//2244 2177//2244
f 2185//2244 2177//2244 2261//2244
f 2330//2244 2263//2244 2180//2244
f 2153//2244 2669//2244 3374//2506
f 2153//2244 3374//2506 2347//2244
f 2149//2244 2148//2244 2929//2506
f 2149//2244 2929//2506 3378//2244
f 3379//2244 2263//2244 2330//2244
f 2520//2244 2220//2244 2271//2244
f 2520//2244 3029//2244 2220//2244
f 3380//2244 2268//2244 2263//2244
f 3380//2244 2263//2244 3379//2244
f 3381//2506 2268//2244 3380//2244
f 3084//2506 2271//2244 2269//2244
f 3084//2506 2269//2244 3382//2244
f 2826//2244 2240//2244 2265//2244
f 2826//2244 2265//2244 2344//2244
f 3051//2244 2822//2244 2187//2244
f 3051//2244 2187//2244 2190//2244
f 2728//2244 3382//2244 2269//2244
f 2345//2506 2344//2244 2265//2244
f 3281//2244 3383//2244 3060//2244
f 3281//2244 3060//2244 3059//2244
f 3083//2244 2271//2244 3084//2506
f 2846//2244 2240//2244 2826//2244
f 2641//2244 2268//2244 3381//2506
f 2229//2244 3280//2244 2579//2244
f 2229//2244 2579//2244 2578//2244
f 2729//2244 2269//2244 2237//2244
f 2729//2244 2728//2244 2269//2244
f 2893//2244 2265//2244 2268//2244
f 2893//2244 2345//2506 2265//2244
f 2601//2244 2600//2244 3170//2244
f 2877//2244 2876//2244 2423//2244
f 2877//2244 2423//2244 2645//2244
f 2736//2244 2956//2506 2311//2506
f 2736//2244 2311//2506 2840//2244
f 2485//2244 2455//2244 2454//2244
f 2485//2244 2454//2244 3317//2244
f 3317//2244 2454//2244 2617//2244
f 3384//2244 2271//2244 3083//2244
f 2976//2244 2240//2244 2846//2244
f 3038//2244 2985//2244 2136//2244
f 3038//2244 3237//2244 2985//2244
f 2468//2244 3324//2244 3385//2506
f 2468//2244 3385//2506 3386//2244
f 3387//2506 2729//2244 2237//2244
f 2894//2244 2893//2244 2268//2244
f 2184//2244 3388//2244 3368//2244
f 2184//2244 3368//2244 2181//2244
f 3275//2244 2271//2244 3384//2244
f 3342//2244 2237//2244 2240//2244
f 3342//2244 2240//2244 2976//2244
f 2514//2244 3387//2506 2237//2244
f 2941//2506 2894//2244 2268//2244
f 3037//2244 3237//2244 3038//2244
f 2724//2244 2757//2244 3277//2244
f 2724//2244 3277//2244 2725//2244
f 2515//2244 2514//2244 3343//2244
f 2807//2244 2806//2244 3321//2244
f 2807//2244 3321//2244 3074//2506
f 3389//3052 3390//3053 3391//3054
f 3389//3052 3391//3054 2398//2598
f 2485//2244 2959//2244 2455//2244
f 2913//2244 2185//2244 2261//2244
f 2913//2244 2261//2244 2970//2244
f 3005//2244 3181//2244 3237//2244
f 3005//2244 2881//2244 3181//2244
f 3005//2244 2882//2244 2881//2244
f 2941//2506 2268//2244 2641//2244
f 2941//2506 2641//2244 2203//2244
f 2818//2244 2662//2244 3283//2244
f 2818//2244 3283//2244 3369//2244
f 2887//2244 3093//2244 2501//2244
f 2887//2244 2501//2244 2888//2244
f 3051//2244 2582//2244 3235//2244
f 3051//2244 2190//2244 2582//2244
f 2917//2244 2192//2244 3124//2244
f 3349//2244 3042//2244 2795//2244
f 3349//2244 2795//2244 2689//2244
f 3048//2244 3051//2244 3235//2244
f 2434//2244 2192//2244 2917//2244
f 3288//2506 2544//2244 2547//2244
f 3288//2506 2547//2244 3091//2506
f 3006//2244 3086//2244 3012//2506
f 3006//2244 3037//2244 3086//2244
f 2450//2506 2561//2244 3169//2244
f 2450//2506 3169//2244 3392//2506
f 2450//2506 2562//2244 2561//2244
f 2450//2506 3393//2244 2562//2244
f 2842//2244 3271//2244 2326//2506
f 3350//2244 3271//2244 2842//2244
f 2946//2244 2698//2244 2964//2244
f 2946//2244 2964//2244 2963//2244
f 3105//2506 2571//2244 2570//2244
f 3079//2244 3078//2244 2610//2244
f 3079//2244 2610//2244 3394//2244
f 2449//2244 3119//2506 3395//2506
f 2433//2244 2193//2244 2192//2244
f 2433//2244 3154//2244 2193//2244
f 3111//2244 3396//2244 3118//2244
f 3111//2244 3235//2244 3396//2244
f 2432//2244 2927//2506 3334//2244
f 2175//2244 3163//2244 3316//2244
f 2175//2244 3316//2244 2890//2244
f 2432//2244 2434//2244 2927//2506
f 2606//2244 3065//2244 3048//2244
f 2606//2244 2950//2244 3065//2244
f 2606//2244 2951//2506 2950//2244
f 2275//2244 3340//2244 3337//2244
f 2275//2244 3337//2244 2539//2244
f 3078//2244 2611//2244 2610//2244
f 2308//2244 2745//2506 2748//2244
f 2308//2244 2748//2244 3033//2244
f 3005//2244 2154//2506 3120//2506
f 3005//2244 3120//2506 2882//2244
f 3079//2244 3397//2244 3350//2244
f 3079//2244 3394//2244 3397//2244
f 2799//2244 2858//2244 3353//2244
f 2799//2244 2859//2244 2858//2244
f 2799//2244 2842//2244 2859//2244
f 2249//2244 2827//2244 2544//2244
f 2249//2244 2544//2244 2438//2244
f 2509//2506 2508//2506 3347//2244
f 2509//2506 3347//2244 2205//2244
f 3383//2244 2149//2244 3378//2244
f 3383//2244 3378//2244 3060//2244
f 3217//3004 3228//3020 3229//3022
f 3217//3004 3229//3022 3110//3021
f 2148//2244 2160//2506 2487//2244
f 2148//2244 2487//2244 2930//2244
f 3231//3025 2608//3027 2607//3024
f 3231//3025 2607//3024 3229//3022
f 3292//2244 2685//2244 2829//2244
f 3292//2244 2829//2244 3398//2244
f 3223//3014 3222//3013 3195//2968
f 3223//3014 3195//2968 3221//3012
f 2450//2506 3392//2506 2959//2244
f 2450//2506 2959//2244 2485//2244
f 3105//2506 3006//2244 3012//2506
f 3105//2506 3012//2506 2571//2244
f 3318//2244 3315//2244 2978//2244
f 3318//2244 2978//2244 2914//2244
f 3152//2506 2964//2244 2672//2244
f 3152//2506 2672//2244 2671//2244
f 3068//2244 2832//2244 2743//2244
f 3068//2244 2743//2244 3069//2244
f 3386//2244 3385//2506 2865//2244
f 3386//2244 2865//2244 3356//2244
f 3276//2244 3291//2244 2443//2506
f 3276//2244 2443//2506 2446//2244
f 2156//2244 2458//2506 3241//2244
f 2156//2244 3241//2244 2650//2244
f 2579//2244 3280//2244 3399//2244
f 2579//2244 3399//2244 2584//2244
f 3367//3055 3400//3055 2937//2727
f 3367//3055 2937//2727 2936//2727
f 3401//2646 3342//2646 2976//2645
f 3401//2646 2976//2645 2975//2645
f 3148//2940 3402//3056 2397//2597
f 3148//2940 2397//2597 2396//2596
f 2469//2418 2468//2418 3386//2825
f 2469//2418 3386//2825 3403//2825
f 3402//3056 2994//2884 2408//2608
f 3402//3056 2408//2608 2397//2597
f 3404//3057 3334//3057 2927//2863
f 3404//3057 2927//2863 2926//2863
f 3405//2828 3363//2828 3320//2415
f 3405//2828 3320//2415 3406//2415
f 3407//3058 2420//3058 3131//2933
f 3407//3058 3131//2933 3130//2933
f 3408//3059 3269//3059 3264//3060
f 3408//3059 3264//3060 3409//3060
f 2905//2852 2904//2852 3333//3061
f 2905//2852 3333//3061 3410//3061
f 2517//2674 3411//3062 3412//3063
f 2517//2674 3412//3063 2518//2675
f 2340//2543 3413//3064 3414//3065
f 2340//2543 3414//3065 2341//2544
f 3415//2766 3368//2766 3388//2417
f 3415//2766 3388//2417 3416//2417
f 2310//3031 2309//3066 3417//3067
f 2310//3031 3417//3067 3192//2961
f 3193//2964 2354//2554 2385//2585
f 3193//2964 2385//2585 2406//2606
f 3193//2964 2666//3034 2152//2965
f 3236//3033 2406//2606 2382//2582
f 3418//3068 2962//3069 2961//3070
f 3418//3068 2961//3070 3419//3071
f 3236//3033 2667//3072 2666//3034
f 3417//3067 2644//3073 3232//3028
f 3417//3067 3232//3028 3420//3074
f 3199//2975 3204//2982 2418//2618
f 3199//2975 2418//2618 3234//3030
f 3421//3075 2384//2584 3422//3076
f 3421//3075 3151//3077 2696//3078
f 3419//3071 3422//3076 3423//3079
f 3391//3054 2440//3080 2439//3081
f 3391//3054 2439//3081 3424//3082
f 2705//3083 3389//3052 3425//3084
f 2705//3083 3425//3084 2706//3085
f 3419//3071 2961//3070 3151//3077
f 3418//3068 3423//3079 2410//2610
f 3418//3068 2301//3086 2962//3069
f 3418//3068 3419//3071 3423//3079
f 3212//2995 2410//2610 2409//2609
f 2404//2604 2395//2595 3391//3054
f 2404//2604 3391//3054 3424//3082
f 3212//2995 2302//3087 2301//3086
f 3211//2994 3213//2996 2350//2550
f 3211//2994 2170//3088 2169//3089
f 2616//3090 3233//3029 3232//3028
f 2616//3090 3232//3028 2643//3091
f 3220//3009 2350//2550 2349//2549
f 3220//3009 2199//3092 2170//3088
f 3194//2967 2838//2962 3191//2960
f 3194//2967 3191//2960 2362//2562
f 3218//3007 3223//3014 3224//3015
f 3218//3007 3224//3015 3344//3050
f 3202//2978 3194//2967 2391//2591
f 3202//2978 2391//2591 2394//2594
f 3231//3025 2367//2567 3208//2991
f 3231//3025 3208//2991 2800//3026
f 2697//2244 3152//2506 3355//2244
f 2697//2244 3355//2244 3361//2244
f 2213//2444 2414//2614 2214//2445
f 2213//2444 2216//2447 3426//3093
f 2213//2444 3426//3093 3427//3094
f 2213//2444 3427//3094 3428//3095
f 2213//2444 3428//3095 3429//3096
f 2213//2444 3429//3096 3430//3097
f 2215//2446 2214//2445 2355//2555
f 2215//2446 3314//3048 3431//3098
f 2215//2446 3431//3098 3432//3099
f 2215//2446 3432//3099 2216//2447
f 3421//3075 3236//3033 2382//2582
f 3421//3075 2382//2582 2384//2584
f 3216//3002 2363//2563 3197//2971
f 3216//3002 3197//2971 3215//3001
f 3219//3008 2953//3100 2199//3092
f 3219//3008 2199//3092 3220//3009
f 2213//2444 3066//3101 2953//3100
f 2213//2444 2953//3100 3219//3008
f 3225//3017 3226//3018 2401//2601
f 3225//3017 2457//3102 2463//3103
f 3211//2994 2350//2550 3220//3009
f 3211//2994 3220//3009 2170//3088
f 3424//3082 2401//2601 2404//2604
f 2302//3087 3212//2995 3211//2994
f 2302//3087 3211//2994 2169//3089
f 3424//3082 2439//3081 2457//3102
f 3322//2244 2740//2244 2528//2244
f 3322//2244 2528//2244 3056//2244
f 3391//3054 2395//2595 2398//2598
f 3391//3054 3390//3053 2440//3080
f 3212//2995 2301//3086 3418//3068
f 3212//2995 3418//3068 2410//2610
f 3389//3052 2398//2598 2407//2607
f 3389//3052 2705//3083 3390//3053
f 3425//3084 2407//2607 2377//2577
f 3425//3084 3389//3052 2407//2607
f 3425//3084 2615//3104 2706//3085
f 3225//3017 2463//3103 2462//3051
f 3225//3017 2462//3051 3201//2977
f 3233//3029 2377//2577 2376//2576
f 3231//3025 3229//3022 3230//3023
f 3231//3025 3230//3023 2399//2599
f 3233//3029 2616//3090 2615//3104
f 3419//3071 3151//3077 3421//3075
f 3419//3071 3421//3075 3422//3076
f 3232//3028 2381//2581 3420//3074
f 3232//3028 2644//3073 2643//3091
f 3421//3075 2696//3078 2667//3072
f 3421//3075 2667//3072 3236//3033
f 3417//3067 3420//3074 3433//3105
f 3417//3067 3433//3105 3192//2961
f 3417//3067 2309//3066 2644//3073
f 2622//2726 2621//2726 3254//2840
f 2622//2726 3254//2840 3253//2840
f 2196//2433 2195//2433 2506//2667
f 2196//2433 2506//2667 2505//2667
f 3300//3106 3434//3106 3099//2923
f 3300//3106 3099//2923 3098//2923
f 3154//2942 3153//2942 2194//2432
f 3154//2942 2194//2432 2193//2432
f 3435//3107 3282//3107 3059//2910
f 3435//3107 3059//2910 3058//2910
f 3125//2797 3124//2797 2192//2431
f 3125//2797 2192//2431 2191//2431
f 2332//2538 2331//2538 3121//2779
f 2332//2538 3121//2779 3120//2779
f 3395//3108 3436//3108 3437//2936
f 3395//3108 3437//2936 3393//2936
f 3436//3108 3395//3108 3119//3109
f 3436//3108 3119//3109 3438//3109
f 3235//3110 3439//3110 3440//3111
f 3235//3110 3440//3111 3396//3111
f 3441//3112 3442//3112 2221//3113
f 3441//3112 2221//3113 3443//3113
f 3350//3114 3444//3114 3445//3115
f 3350//3114 3445//3115 3271//3115
f 3444//3114 3350//3114 3397//3116
f 3444//3114 3397//3116 3446//3116
f 2616//2723 2643//2738 2645//2738
f 2616//2723 2645//2738 2423//2723
f 2584//2708 2583//2708 2580//2706
f 2584//2708 2580//2706 2579//2706
f 3447//3117 2241//3117 2244//2633
f 3447//3117 2244//2633 2447//2633
f 2236//3118 3448//3118 2679//2757
f 2236//3118 2679//2757 2233//2757
f 2403//2603 2402//2602 3247//3042
f 2403//2603 3247//3042 3147//2939
f 2228//2756 2678//2756 3449//3119
f 2228//2756 3449//3119 2225//3119
f 2224//3120 3450//3120 3443//3113
f 2224//3120 3443//3113 2221//3113
f 3446//3116 3397//3116 3394//2665
f 3446//3116 3394//2665 3451//2665
f 2744//2789 2743//2789 2832//2528
f 2744//2789 2832//2528 2831//2528
f 3452//3121 2425//3121 3272//3122
f 3452//3121 3272//3122 3453//3122
f 3454//3123 2274//3123 2768//2800
f 3454//3123 2768//2800 2767//2800
f 3175//2506 2246//2506 2802//2244
f 3175//2506 2802//2244 2984//2244
f 2956//2506 3166//2244 2312//2244
f 2956//2506 2312//2244 2311//2506
f 2449//2244 3395//2506 3393//2244
f 2449//2244 3393//2244 2450//2506
f 2639//2244 2477//2244 2761//2244
f 2639//2244 2761//2244 3341//2244
f 3424//3082 2457//3102 3225//3017
f 3424//3082 3225//3017 2401//2601
f 2151//2966 3004//3032 3198//2973
f 2151//2966 3198//2973 2354//2554
f 2840//2244 2839//2244 3307//2506
f 2840//2244 3307//2506 3303//2244
f 2929//2864 2928//2864 3455//3124
f 2929//2864 3455//3124 3378//3124
f 3456//3125 3381//3125 3380//3126
f 3456//3125 3380//3126 3457//3126
f 2564//2700 2272//2700 2219//3127
f 2564//2700 2219//3127 3458//3127
f 3459//3128 3348//3128 2594//2713
f 3459//3128 2594//2713 2593//2713
f 2758//2795 2757//2795 2614//2721
f 2758//2795 2614//2721 2613//2721
f 3248//3043 3460//3129 3461//3130
f 3248//3043 3461//3130 2413//2613
f 2953//2873 3066//2912 3069//2912
f 2953//2873 3069//2912 2954//2873
f 2134//2401 2133//2401 3274//3131
f 2134//2401 3274//3131 3462//3131
f 3222//2662 2484//2655 2485//2655
f 3222//2662 2485//2655 3317//2662
f 3463//3132 3303//3132 3307//3133
f 3463//3132 3307//3133 3464//3133
f 3462//3131 3274//3131 3273//3134
f 3462//3131 3273//3134 3465//3134
f 2473//2647 2472//2647 3466//3135
f 2473//2647 3466//3135 3319//3135
f 2471//2646 2470//2646 3103//2701
f 2471//2646 3103//2701 3102//2701
f 3467//3136 3023//2898 3022//2897
f 3467//3136 3022//2897 3468//2779
f 3392//2909 3469//2909 2960//2822
f 3392//2909 2960//2822 2959//2822
f 3470//2937 3305//2937 3299//3137
f 3470//2937 3299//3137 3471//3137
f 2522//2677 2521//2677 2604//2716
f 2522//2677 2604//2716 2603//2716
f 2792//2811 2791//2811 3287//3138
f 2792//2811 3287//3138 3472//3138
f 2483//2654 2437//2654 2436//3036
f 2483//2654 2436//3036 3239//3036
f 3127//2813 3126//2813 2996//2885
f 3127//2813 2996//2885 2995//2885
f 2933//2866 2932//2866 2784//2809
f 2933//2866 2784//2809 2783//2809
f 3473//2868 3337//2868 3340//3045
f 3473//2868 3340//3045 3474//3045
f 3475//3139 3339//3139 2278//2936
f 3475//3139 2278//2936 3138//2936
f 3476//2649 3329//2649 3327//2932
f 3476//2649 3327//2932 3477//2932
f 2582//2707 2581//2707 3439//3110
f 2582//2707 3439//3110 3235//3110
f 3101//2871 3100//2871 3257//2439
f 3101//2871 3257//2439 3256//2439
f 3478//2797 3354//2797 3329//2649
f 3478//2797 3329//2649 3476//2649
f 3053//2740 3052//2740 3047//2741
f 3053//2740 3047//2741 3046//2741
f 2336//2540 2335//2540 3479//3140
f 2336//2540 3479//3140 3373//3140
f 3140//2510 3139//2510 3480//2511
f 3140//2510 3480//2511 3372//2511
f 3113//2928 3112//2928 2750//2791
f 3113//2928 2750//2791 2749//2791
f 3326//3141 3481//3141 3477//2932
f 3326//3141 3477//2932 3327//2932
f 2310//2525 2837//2829 2840//2829
f 2310//2525 2840//2829 2311//2526
f 3399//3142 3482//3142 3416//2417
f 3399//3142 3416//2417 3388//2417
f 3483//3143 3377//3143 2974//2879
f 3483//3143 2974//2879 2973//2879
f 2993//2883 2421//2883 2504//2666
f 2993//2883 2504//2666 2503//2666
f 3400//3055 3367//3055 3370//2786
f 3400//3055 3370//2786 3484//2786
f 2701//2766 2700//2766 2164//2417
f 2701//2766 2164//2417 2163//2417
f 3171//2949 3170//2949 3315//3144
f 3171//2949 3315//3144 3485//3144
f 3460//3129 3018//2894 2356//2556
f 3460//3129 2356//2556 3461//3130
f 2903//2426 2902//2426 3055//2427
f 2903//2426 3055//2427 3054//2427
f 3486//2725 3332//2725 3107//2925
f 3486//2725 3107//2925 3106//2925
f 3487//3145 3360//3145 3267//3146
f 3487//3145 3267//3146 3488//3146
f 3489//3147 3266//3147 3372//2511
f 3489//3147 3372//2511 3480//2511
f 3369//3148 3490//3148 2176//2423
f 3369//3148 2176//2423 2175//2423
f 3457//3126 3380//3126 3379//3149
f 3457//3126 3379//3149 3491//3149
f 3207//3150 3032//2904 3033//2904
f 3207//3150 3033//2904 2276//3150
f 3492//3151 3276//3151 2547//2691
f 3492//3151 2547//2691 2546//2691
f 3493//3152 2264//3152 2267//2507
f 3493//3152 2267//2507 2279//2507
f 3494//3153 3306//3153 3310//2434
f 3494//3153 3310//2434 3495//2434
f 2182//2426 2181//2426 2919//2645
f 2182//2426 2919//2645 2918//2645
f 3496//3154 3291//3154 3276//3151
f 3496//3154 3276//3151 3492//3151
f 3210//2993 2907//2854 2342//2545
f 3210//2993 2342//2545 2390//2590
f 2821//2244 2941//2506 2203//2244
f 2821//2244 2203//2244 2202//2244
f 3497//3155 3321//3155 2716//2776
f 3497//3155 2716//2776 2715//2776
f 3498//3156 2218//3156 2274//3123
f 3498//3156 2274//3123 3454//3123
f 2891//2704 2890//2704 2292//2513
f 2891//2704 2292//2513 2291//2513
f 3269//3059 3408//3059 2146//2407
f 3269//3059 2146//2407 2145//2407
f 2590//2711 2589//2711 3270//3157
f 2590//2711 3270//3157 3499//3157
f 2566//2646 2565//2646 2596//2645
f 2566//2646 2596//2645 2595//2645
f 3179//2953 3178//2953 2693//2763
f 3179//2953 2693//2763 2692//2763
f 2626//2540 2625//2540 2555//2541
f 2626//2540 2555//2541 2554//2541
f 3321//3155 3497//3155 3075//2831
f 3321//3155 3075//2831 3074//2831
f 2691//2404 2690//2404 2638//2735
f 2691//2404 2638//2735 2637//2735
f 3167//2948 2248//2948 2430//2651
f 3167//2948 2430//2651 2480//2651
f 3324//3158 3500//3158 3501//3159
f 3324//3158 3501//3159 3385//3159
f 3049//2780 3048//2780 3065//2781
f 3049//2780 3065//2781 3064//2781
f 3353//2719 3502//2719 3503//2650
f 3353//2719 3503//2650 3294//2650
f 3504//2404 3258//2404 3261//3160
f 3504//2404 3261//3160 3505//3160
f 3342//2646 3401//2646 3506//2701
f 3342//2646 3506//2701 3343//2701
f 3507//3161 3318//3161 2970//2763
f 3507//3161 2970//2763 2969//2763
f 2346//2547 2345//2547 2893//2849
f 2346//2547 2893//2849 2892//2849
f 2661//2747 3007//2889 2380//2580
f 2661//2747 2380//2580 2379//2579
f 2855//2244 2854//2244 2621//2506
f 2855//2244 2621//2506 2620//2244
f 3448//3118 2236//3118 2241//3117
f 3448//3118 2241//3117 3447//3117
f 3250//3044 3249//3044 3271//3115
f 3250//3044 3271//3115 3445//3115
f 2640//2736 2639//2736 2958//2874
f 2640//2736 2958//2874 2957//2874
f 2610//2719 2609//2719 3451//2665
f 2610//2719 3451//2665 3394//2665
f 3508//3162 3355//3162 2852//2835
f 3508//3162 2852//2835 2851//2835
f 3509//2637 3312//2637 2815//2638
f 3509//2637 2815//2638 2814//2638
f 3241//2646 3240//2646 2651//2701
f 3241//2646 2651//2701 2650//2701
f 3275//3163 3510//3163 3173//2950
f 3275//3163 3173//2950 3172//2950
f 3177//2952 3176//2952 3332//2725
f 3177//2952 3332//2725 3486//2725
f 3511//3164 3384//3164 3083//2919
f 3511//3164 3083//2919 3082//2919
f 2982//2761 2981//2761 3363//2828
f 2982//2761 3363//2828 3405//2828
f 2168//2419 2167//2419 3258//2404
f 2168//2419 3258//2404 3504//2404
f 3512//2866 3359//2866 3358//2867
f 3512//2866 3358//2867 3513//2867
f 2314//2527 2313//2527 2980//2760
f 2314//2527 2980//2760 2979//2760
f 2454//2637 2453//2637 2618//2724
f 2454//2637 2618//2724 2617//2724
f 2889//2546 2888//2546 3345//2879
f 2889//2546 3345//2879 3514//2879
f 3515//3165 3357//3165 3175//2951
f 3515//3165 3175//2951 3174//2951
f 2536//2685 2231//2685 2230//2682
f 2536//2685 2230//2682 2531//2682
f 3245//3040 2357//2557 3019//2895
f 3245//3040 3019//2895 3246//3041
f 2533//2683 2532//2683 2549//2692
f 2533//2683 2549//2692 2548//2692
f 2754//2793 2753//2793 3045//2908
f 2754//2793 3045//2908 3044//2908
f 3403//2825 3386//2825 3356//3166
f 3403//2825 3356//3166 3516//3166
f 3517//3167 3375//3167 2495//2660
f 3517//3167 2495//2660 2494//2660
f 2130//2399 2129//2399 3041//2689
f 2130//2399 3041//2689 3040//2689
f 3518//3168 3265//3168 2588//2710
f 3518//3168 2588//2710 2587//2710
f 3181//2954 3180//2954 3238//3035
f 3181//2954 3238//3035 3237//3035
f 3519//2669 3336//2669 2870//2842
f 3519//2669 2870//2842 2869//2842
f 3520//3169 3298//3169 3184//2907
f 3520//3169 3184//2907 3183//2907
f 3484//2786 3370//2786 3375//3167
f 3484//2786 3375//3167 3517//3167
f 3268//3170 3521//3170 3522//3171
f 3268//3170 3522//3171 3347//3171
f 2612//2720 2611//2720 3334//3057
f 2612//2720 3334//3057 3404//3057
f 3523//3172 3281//3172 3000//2823
f 3523//3172 3000//2823 2999//2823
f 2493//2659 2492//2659 2677//2755
f 2493//2659 2677//2755 2676//2755
f 2598//2418 2597//2418 2887//2419
f 2598//2418 2887//2419 2886//2419
f 2158//2414 2157//2414 3291//3154
f 2158//2414 3291//3154 3496//3154
f 2738//2786 2737//2786 3303//3132
f 2738//2786 3303//3132 3463//3132
f 3438//3109 3119//3109 3118//3173
f 3438//3109 3118//3173 3524//3173
f 3021//2896 3020//2896 2288//2511
f 3021//2896 2288//2511 2287//2511
f 2879//2846 3255//3046 2388//2588
f 2879//2846 2388//2588 2393//2593
f 2800//2815 3076//2916 3079//2916
f 2800//2815 3079//2916 2799//2815
f 2790//2810 2789//2810 3525//3174
f 2790//2810 3525//3174 3301//3174
f 3526//3175 3293//3175 3302//3176
f 3526//3175 3302//3176 3527//3176
f 2925//2862 2434//2862 2917//2858
f 2925//2862 2917//2858 2916//2858
f 2330//2537 2329//2537 3491//3149
f 2330//2537 3491//3149 3379//3149
f 2642//2737 2641//2737 3381//3125
f 2642//2737 3381//3125 3456//3125
f 2426//2694 2552//2694 2834//2827
f 2426//2694 2834//2827 2833//2827
f 3243//3038 3189//2958 2416//2616
f 3243//3038 2416//2616 2369//2569
f 3266//3147 3489//3147 3488//3146
f 3266//3147 3488//3146 3267//3146
f 2998//2886 2997//2886 3289//2713
f 2998//2886 3289//2713 3528//2713
f 2634//2733 2633//2733 3349//3177
f 2634//2733 3349//3177 3529//3177
f 3529//3177 3349//3177 2689//2762
f 3529//3177 2689//2762 2688//2762
f 3465//3134 3273//3134 3366//3178
f 3465//3134 3366//3178 3530//3178
f 3133//2791 3132//2791 3166//2657
f 3133//2791 3166//2657 3165//2657
f 3196//3179 3222//2662 3317//2662
f 3196//3179 3317//2662 3316//3179
f 3531//3180 2258//3180 2262//3181
f 3531//3180 2262//3181 3532//3181
f 2624//2728 2777//2804 2405//2605
f 2624//2728 2405//2605 2386//2586
f 3374//3182 3533//3182 2348//2548
f 3374//3182 2348//2548 2347//2548
f 2557//2696 2556//2696 3376//3183
f 2557//2696 3376//3183 3534//3183
f 2992//2785 2991//2785 3081//2918
f 2992//2785 3081//2918 3080//2918
f 2854//2836 2853//2836 2813//2821
f 2854//2836 2813//2821 2812//2821
f 3137//2935 3136//2935 2500//2664
f 3137//2935 2500//2664 2499//2664
f 3481//3141 3326//3141 3331//2837
f 3481//3141 3331//2837 3535//2837
f 2630//2731 2629//2731 3361//3184
f 2630//2731 3361//3184 3536//3184
f 3530//3178 3366//3178 3364//2840
f 3530//3178 3364//2840 3537//2840
f 3516//3166 3356//3166 2620//2725
f 3516//3166 2620//2725 2619//2725
f 3025//2900 3538//3185 3539//3186
f 3025//2900 3539//3186 3026//2901
f 3410//3061 3333//3061 3330//2920
f 3410//3061 3330//2920 3540//2920
f 3371//2789 3541//2789 2972//2764
f 3371//2789 2972//2764 2971//2764
f 3536//3184 3361//3184 3355//3162
f 3536//3184 3355//3162 3508//3162
f 3110//2927 2607//2718 2606//2718
f 3110//2927 2606//2718 3111//2927
f 3450//3120 2224//3120 2225//3119
f 3450//3120 2225//3119 3449//3119
f 3542//3187 3283//3187 3073//2915
f 3542//3187 3073//2915 3072//2915
f 3527//3176 3302//3176 3282//3107
f 3527//3176 3282//3107 3435//3107
f 3543//3188 3351//3188 2277//2824
f 3543//3188 2277//2824 2824//2824
f 3505//3160 3261//3160 3260//2845
f 3505//3160 3260//2845 3544//2845
f 3281//3172 3523//3172 3545//3189
f 3281//3172 3545//3189 3383//3189
f 3514//2879 3345//2879 3351//3188
f 3514//2879 3351//3188 3543//3188
f 3546//3149 3263//3149 3259//3190
f 3546//3149 3259//3190 3547//3190
f 2941//2869 2940//2869 2895//2824
f 2941//2869 2895//2824 2894//2824
f 2952//2649 2951//2649 3294//2650
f 2952//2649 3294//2650 3503//2650
f 3017//2893 3016//2893 3278//3191
f 3017//2893 3278//3191 3548//3191
f 3490//3148 3369//3148 3283//3187
f 3490//3148 3283//3187 3542//3187
f 3533//3182 3374//3182 3373//3140
f 3533//3182 3373//3140 3479//3140
f 3308//2512 3549//2512 2576//2513
f 3308//2512 2576//2513 2575//2513
f 2780//2807 3104//2924 3105//2924
f 2780//2807 3105//2924 2433//2807
f 3298//3169 3520//3169 3471//3137
f 3298//3169 3471//3137 3299//3137
f 3453//3122 3272//3122 3368//2766
f 3453//3122 3368//2766 3415//2766
f 3538//3185 3412//3063 3411//3062
f 3538//3185 3411//3062 3539//3186
f 3513//2867 3358//2867 3357//3165
f 3513//2867 3357//3165 3515//3165
f 3548//3191 3278//3191 2760//2796
f 3548//3191 2760//2796 2759//2796
f 2788//2649 2787//2649 3129//2932
f 2788//2649 3129//2932 3128//2932
f 3540//2920 3330//2920 3328//3192
f 3540//2920 3328//3192 3550//3192
f 3318//3161 3507//3161 3485//3144
f 3318//3161 3485//3144 3315//3144
f 2922//2861 2658//2745 2659//2745
f 2922//2861 2659//2745 2923//2861
f 3535//2837 3331//2837 3035//2905
f 3535//2837 3035//2905 3034//2905
f 2978//2514 2977//2514 2915//2857
f 2978//2514 2915//2857 2914//2857
f 3482//3142 3399//3142 3280//3193
f 3482//3142 3280//3193 3551//3193
f 3265//3168 3518//3168 3409//3060
f 3265//3168 3409//3060 3264//3060
f 3135//2934 3134//2934 3186//2956
f 3135//2934 3186//2956 3185//2956
f 3313//3194 2486//2656 2487//2656
f 3313//3194 2487//2656 3285//3195
f 3550//3192 3328//3192 2524//2678
f 3550//3192 2524//2678 2523//2678
f 3293//3175 3526//3175 2828//2826
f 3293//3175 2828//2826 2827//2826
f 2913//2856 2912//2856 2186//2428
f 2913//2856 2186//2428 2185//2428
f 2968//2878 2967//2878 2876//2844
f 2968//2878 2876//2844 2875//2844
f 2866//2841 2865//2841 3385//3159
f 2866//2841 3385//3159 3501//3159
f 3552//3196 2496//2661 2365//2565
f 3552//3196 2365//2565 2364//2564
f 3043//2907 3042//2907 3348//3128
f 3043//2907 3348//3128 3459//3128
f 3553//3197 3288//3197 3091//2843
f 3553//3197 3091//2843 3090//2843
f 2188//2429 2187//2429 2202//2436
f 2188//2429 2202//2436 2201//2436
f 3458//3127 2219//3127 2218//3156
f 3458//3127 2218//3156 3498//3156
f 3004//2888 2151//2410 2154//2412
f 3004//2888 2154//2412 3005//2888
f 2868//2780 2867//2780 2764//2781
f 2868//2780 2764//2781 2763//2781
f 2440//2630 3390//3198 3262//3198
f 2440//2630 3262//3198 2441//2630
f 3510//3163 3275//3163 3384//3164
f 3510//3163 3384//3164 3511//3164
f 3087//2538 3086//2538 3037//2906
f 3087//2538 3037//2906 3036//2906
f 2481//2652 2259//2652 2258//3180
f 2481//2652 2258//3180 3531//3180
f 2322//2533 2321//2533 3109//2926
f 2322//2533 3109//2926 3108//2926
f 2514//2672 2513//2672 3554//3199
f 2514//2672 3554//3199 3387//3199
f 2516//2673 2515//2673 3346//2868
f 2516//2673 3346//2868 3555//2868
f 2584//2244 3399//2244 3388//2244
f 2584//2244 3388//2244 2184//2244
f 3163//2244 3372//2244 3266//2244
f 3163//2244 3266//2244 3164//2244
f 2223//2244 3310//2244 2839//2244
f 2223//2244 2839//2244 2924//2244
f 2832//2244 3296//2506 3398//2244
f 2832//2244 3398//2244 2829//2244
f 3301//2244 2558//2506 2197//2244
f 3301//2244 2197//2244 2790//2244
f 3351//2506 3345//2244 2500//2244
f 3351//2506 2500//2244 3136//2244
f 2703//2768 2251//2768 2250//2653
f 2703//2768 2250//2653 2482//2653
f 2872//2712 2871//2712 2655//2743
f 2872//2712 2655//2743 2654//2743
f 2156//2413 2155//2413 3499//3157
f 2156//2413 3499//3157 3270//3157
f 3188//2957 3187//2957 2772//2802
f 3188//2957 2772//2802 2771//2802
f 3244//3039 3242//3037 2368//2568
f 3244//3039 2368//2568 2400//2600
f 3095//2922 3094//2922 3160//2945
f 3095//2922 3160//2945 3159//2945
f 3469//2909 3392//2909 3169//2680
f 3469//2909 3169//2680 3168//2680
f 2324//2534 2323//2534 3360//3145
f 2324//2534 3360//3145 3487//3145
f 2136//2402 2135//2402 3039//2632
f 2136//2402 3039//2632 3038//2632
f 3532//3181 2262//3181 2264//3152
f 3532//3181 2264//3152 3493//3152
f 2712//2773 2711//2773 3336//2669
f 2712//2773 3336//2669 3519//2669
f 2280//2508 2266//2508 2239//2930
f 2280//2508 2239//2930 3116//2930
f 3306//3153 3494//3153 3464//3133
f 3306//3153 3464//3133 3307//3133
f 2946//2438 2945//2438 2699//2439
f 2946//2438 2699//2439 2698//2439
f 2944//2871 2943//2871 3343//2701
f 2944//2871 3343//2701 3506//2701
f 3521//3170 3268//3170 3263//3149
f 3521//3170 3263//3149 3546//3149
f 3146//2938 3145//2938 3097//2539
f 3146//2938 3097//2539 3096//2539
f 2538//2687 3207//3150 2276//3150
f 2538//2687 2276//3150 2275//2687
f 2475//2648 2474//2648 2720//2778
f 2475//2648 2720//2778 2719//2778
f 3544//2845 3260//2845 2864//2840
f 3544//2845 2864//2840 2863//2840
f 2302//2521 2169//2420 2172//2420
f 2302//2521 2172//2420 2303//2521
f 2838//2830 2921//2860 2924//2860
f 2838//2830 2924//2860 2839//2830
f 2128//2398 2127//2398 3551//3193
f 2128//2398 3551//3193 3280//3193
f 2441//2244 3262//2506 3261//2244
f 2441//2244 3261//2244 3258//2244
f 3170//2244 3169//2244 2561//2244
f 3170//2244 2561//2244 2601//2244
f 2555//2244 2495//2244 2273//2244
f 2555//2244 2273//2244 2556//2244
f 3406//2415 3320//2415 2806//2408
f 3406//2415 2806//2408 2805//2408
f 2298//2517 2623//2727 2353//2553
f 2298//2517 2353//2553 2299//2518
f 3434//3106 3300//3106 3301//3174
f 3434//3106 3301//3174 3525//3174
f 2425//3121 3452//3121 2734//2784
f 2425//3121 2734//2784 2733//2784
f 3500//3158 3324//3158 2874//2843
f 3500//3158 2874//2843 2873//2843
f 3502//2719 3353//2719 2858//2838
f 3502//2719 2858//2838 2857//2838
f 2150//2409 2149//2409 3383//3189
f 2150//2409 3383//3189 3545//3189
f 3390//3198 2705//2770 2708//2770
f 3390//3198 2708//2770 3262//3198
f 3162//2947 3196//3179 3316//3179
f 3162//2947 3316//3179 3163//2947
f 2559//2697 2558//2697 3305//2937
f 2559//2697 3305//2937 3470//2937
f 3541//2789 3371//2789 2316//2528
f 3541//2789 2316//2528 2315//2528
f 2773//3200 3325//3201 3323//3202
f 2773//3200 3323//3202 2793//3203
f 3006//2244 3005//2244 3237//2244
f 3006//2244 3237//2244 3037//2244
f 2220//2451 2219//2450 2272//2503
f 2220//2451 2272//2503 2271//2502
f 3134//3204 3352//3205 3341//3206
f 3134//3204 3341//3206 3186//3207
f 3362//3208 2769//3209 2768//3210
f 3362//3208 2768//3210 3365//3211
f 3329//2244 2308//2244 2307//2244
f 3329//2244 2307//2244 2323//2244
f 2384//2584 2212//2443 2211//2442
f 2384//2584 2211//2442 3422//3076
f 3422//3076 2211//2442 2885//2848
f 3422//3076 2885//2848 3423//3079
f 2389//2589 2341//2544 3414//3065
f 2389//2589 3414//3065 3216//3002
f 2366//2566 2365//2565 2498//2663
f 2366//2566 2498//2663 3221//3012
f 3234//3030 2418//2618 2417//2617
f 3234//3030 2417//2617 2766//2799
f 3192//2961 3467//3136 2360//2560
f 3192//2961 2360//2560 2359//2559
f 3213//2996 2461//2642 2351//2551
f 3213//2996 2351//2551 2350//2550
f 2409//2609 2412//2612 2461//2642
f 2409//2609 2461//2642 3213//2996
f 3344//3050 3412//3063 3538//3185
f 3344//3050 3538//3185 3227//3019
f 3433//3105 3023//2898 3467//3136
f 3433//3105 3467//3136 3192//2961
f 3461//3130 2214//2445 2414//2614
f 3461//3130 2414//2614 2413//2613
f 2370//2570 2369//2569 2416//2616
f 2370//2570 2416//2616 2415//2615
f 2352//2552 3200//2976 2300//2519
f 2352//2552 2300//2519 2299//2518
f 2358//2558 2357//2557 3245//3040
f 2358//2558 3245//3040 3226//3018
f 2300//2519 3200//2976 3234//3030
f 2300//2519 3234//3030 2766//2799
f 2362//2562 2361//2561 2392//2592
f 2362//2562 2392//2592 2391//2591
f 2399//2599 3230//3023 3024//2899
f 2399//2599 3024//2899 2400//2600
f 2214//2445 3461//3130 2356//2556
f 2214//2445 2356//2556 2355//2555
f 2410//2610 3423//3079 2885//2848
f 2410//2610 2885//2848 2411//2611
f 3226//3018 3245//3040 2402//2602
f 3226//3018 2402//2602 2401//2601
f 2398//2598 2397//2597 2408//2608
f 2398//2598 2408//2608 2407//2607
f 3227//3019 3538//3185 3025//2900
f 3227//3019 3025//2900 3228//3020
f 2372//2572 2375//2575 2907//2854
f 2372//2572 2907//2854 3210//2993
f 3221//3012 2498//2663 2518//2675
f 3221//3012 2518//2675 3224//3015
f 3230//3023 3228//3020 3025//2900
f 3230//3023 3025//2900 3024//2899
f 3224//3015 2518//2675 3412//3063
f 3224//3015 3412//3063 3344//3050
f 3009//2891 3420//3074 2381//2581
f 3009//2891 2381//2581 2380//2580
f 3216//3002 3414//3065 2364//2564
f 3216//3002 2364//2564 2363//2563
f 2404//2604 2403//2603 2396//2596
f 2404//2604 2396//2596 2395//2595
f 3420//3074 3009//2891 3023//2898
f 3420//3074 3023//2898 3433//3105
f 2730//2783 2729//2783 3387//3199
f 2730//2783 3387//3199 3554//3199
f 3413//3064 3552//3196 2364//2564
f 3413//3064 2364//2564 3414//3065
f 2862//2839 2861//2839 2508//2668
f 2862//2839 2508//2668 2507//2668
f 2696//2765 3151//2941 3152//2941
f 2696//2765 3152//2941 2697//2765
f 3468//2779 3182//2955 2360//2560
f 3468//2779 2360//2560 3467//3136
f 2206//2438 2205//2438 3347//3171
f 2206//2438 3347//3171 3522//3171
f 3144//2937 3143//2937 3319//3135
f 3144//2937 3319//3135 3466//3135
f 3547//3190 3259//3190 3002//2762
f 3547//3190 3002//2762 3001//2762
f 3549//2512 3308//2512 3309//2724
f 3549//2512 3309//2724 3556//2724
f 3142//2697 3141//2697 3495//2434
f 3142//2697 3495//2434 3310//2434
f 3288//3197 3553//3197 3528//2713
f 3288//3197 3528//2713 3289//2713
f 2724//2780 2723//2780 2776//2790
f 2724//2780 2776//2790 2775//2790
f 3061//2911 3060//2911 3378//3124
f 3061//2911 3378//3124 3455//3124
f 2306//2523 3161//2946 3164//2946
f 2306//2523 3164//2946 2307//2523
f 3557//3192 3382//3192 2728//2782
f 3557//3192 2728//2782 2727//2782
f 3067//3212 3066//3101 2213//2444
f 3067//3212 2213//2444 3430//3097
f 2550//3213 3304//3214 3311//3215
f 2550//3213 3311//3215 3442//3216
f 3304//3214 2550//3213 2549//3217
f 3304//3214 2549//3217 3297//3218
f 2833//3219 3117//3220 2427//2620
f 2833//3219 2427//2620 2426//2619
f 2429//2622 2428//2621 3352//3205
f 2429//2622 3352//3205 3134//3204
f 2232//2463 2231//2462 2535//3221
f 2232//2463 2535//3221 3277//3222
f 3186//3207 3341//3206 3338//3223
f 3186//3207 3338//3223 3187//3224
f 3297//3218 2549//3217 2532//3225
f 3297//3218 2532//3225 3290//3226
f 2772//3227 3335//3228 3325//3201
f 2772//3227 3325//3201 2773//3200
f 2268//2499 2267//2498 2264//2495
f 2268//2499 2264//2495 2263//2494
f 3187//3224 3338//3223 3335//3228
f 3187//3224 3335//3228 2772//3227
f 2256//2487 2255//2486 3089//3229
f 2256//2487 3089//3229 3322//3230
f 2252//2483 2251//2482 2254//2485
f 2252//2483 2254//2485 2253//2484
f 2769//3209 3362//3208 3117//3220
f 2769//3209 3117//3220 2833//3219
f 2248//2479 2247//2478 2431//2624
f 2248//2479 2431//2624 2430//2623
f 2438//2628 2437//2627 2250//2481
f 2438//2628 2250//2481 2249//2480
f 2244//2475 2243//2474 2246//2477
f 2244//2475 2246//2477 2245//2476
f 3279//3231 2844//3232 2436//2626
f 3279//3231 2436//2626 2435//2625
f 3277//3222 2535//3221 2844//3232
f 3277//3222 2844//3232 3279//3231
f 3290//3226 2532//3225 2230//2461
f 3290//3226 2230//2461 2229//2460
f 2274//2505 2273//2504 3365//3211
f 2274//2505 3365//3211 2768//3210
f 2793//3203 3323//3202 3322//3230
f 2793//3203 3322//3230 3089//3229
f 2222//2453 2221//2452 3442//3216
f 2222//2453 3442//3216 3311//3215
f 3354//2797 3478//2797 3071//2781
f 3354//2797 3071//2781 3070//2781
f 3085//2920 3084//2920 3382//3192
f 3085//2920 3382//3192 3557//3192
f 3312//2637 3509//2637 3556//2724
f 3312//2637 3556//2724 3309//2724
f 3339//3139 3475//3139 3474//3045
f 3339//3139 3474//3045 3340//3045
f 2823//2666 2822//2666 3051//2842
f 2823//2666 3051//2842 3050//2842
f 3190//2959 2765//2798 2766//2799
f 3190//2959 2766//2799 2417//2617
f 3472//3138 3287//3138 2420//3058
f 3472//3138 2420//3058 3407//3058
f 2901//2851 2900//2851 3337//2868
f 2901//2851 3337//2868 3473//2868
f 2563//2699 2562//2699 3393//2936
f 2563//2699 3393//2936 3437//2936
f 2551//2693 2550//2693 3442//3112
f 2551//2693 3442//3112 3441//3112
f 2740//2787 2739//2787 3537//2840
f 2740//2787 3537//2840 3364//2840
f 3524//3173 3118//3173 3396//3111
f 3524//3173 3396//3111 3440//3111
f 3115//2929 3114//2929 2897//2509
f 3115//2929 2897//2509 2896//2509
f 3555//2868 3346//2868 3252//3045
f 3555//2868 3252//3045 3251//3045
f 2830//2527 2829//2527 2685//2760
f 2830//2527 2685//2760 2684//2760
f 2836//2828 2835//2828 2160//2415
f 2836//2828 2160//2415 2159//2415
f 3534//3183 3376//3183 3377//3143
f 3534//3183 3377//3143 3483//3143
f 2935//2867 2934//2867 2132//2400
f 2935//2867 2132//2400 2131//2400
f 3359//2866 3512//2866 2990//2882
f 3359//2866 2990//2882 2989//2882
f 2860//2703 2859//2703 2842//2831
f 2860//2703 2842//2831 2841//2831
f 3233//3029 2615//3104 3425//3084
f 3233//3029 3425//3084 2377//2577
f 3364//2244 3366//2244 3122//2244
f 3364//2244 3122//2244 2529//2244
f 2822//2244 2821//2244 2202//2244
f 2822//2244 2202//2244 2187//2244
f 3252//2244 3346//2244 2943//2244
f 3252//2244 2943//2244 2656//2506
f 3029//2514 3028//2514 2491//2658
f 3029//2514 2491//2658 2490//2658
f 3284//3233 3314//3234 3313//3235
f 3284//3233 3313//3235 3285//3236
f 3314//3234 3284//3233 3286//3237
f 3314//3234 3286//3237 3431//3238
f 3430//3239 3295//3240 3068//3241
f 3430//3239 3068//3241 3067//3242
f 3428//3243 3296//3244 3295//3240
f 3428//3243 3295//3240 3429//3245
f 3432//3246 3286//3237 3292//3247
f 3432//3246 3292//3247 2216//3248
f 3296//3244 3427//3249 3426//3250
f 3296//3244 3426//3250 3398//3251
f 2216//3248 3292//3247 3398//3251
f 2216//3248 3398//3251 3426//3250
f 3286//3237 3432//3246 3431//3238
f 3296//3244 3428//3243 3427//3249
f 3295//3240 3430//3239 3429//3245
f 2206//3252 3522//3252 3521//3252
f 3521//3252 3546//3252 3547//3252
f 3547//3252 3001//3252 2139//3252
f 2139//3252 2142//3252 2586//3252
f 2586//3252 2734//3252 3452//3252
f 3452//3252 3453//3252 3415//3252
f 3415//3252 3416//3252 3482//3252
f 3482//3252 3551//3252 2127//3252
f 2127//3252 2130//3252 3040//3252
f 3040//3252 3014//3252 3017//3252
f 3017//3252 3548//3252 2759//3252
f 2759//3252 2758//3252 2613//3252
f 2613//3252 2207//3252 2206//3252
f 2206//3252 3521//3252 3547//3252
f 3547//3252 2139//3252 2586//3252
f 2586//3252 3452//3252 3415//3252
f 3415//3252 3482//3252 2127//3252
f 2127//3252 3040//3252 3017//3252
f 3017//3252 2759//3252 2613//3252
f 2613//3252 2206//3252 3547//3252
f 3547//3252 2586//3252 3415//3252
f 3415//3252 2127//3252 3017//3252
f 3017//3252 2613//3252 3547//3252
f 3547//3252 3415//3252 3017//3252
f 2198//3253 2559//3253 3470//3253
f 3470//3253 3471//3253 3520//3253
f 3520//3253 3183//3253 2652//3253
f 2652//3253 2655//3253 2871//3253
f 2871//3253 2577//3253 2580//3253
f 2580//3253 2583//3253 2183//3253
f 2183//3253 2182//3253 2918//3253
f 2918//3253 2920//3253 2965//3253
f 2965//3253 2968//3253 2875//3253
f 2875//3253 2878//3253 3081//3253
f 3081//3253 2991//3253 2993//3253
f 2993//3253 2503//3253 2506//3253
f 2506//3253 2195//3253 2198//3253
f 2198//3253 3470//3253 3520//3253
f 3520//3253 2652//3253 2871//3253
f 2871//3253 2580//3253 2183//3253
f 2183//3253 2918//3253 2965//3253
f 2965//3253 2875//3253 3081//3253
f 3081//3253 2993//3253 2506//3253
f 2506//3253 2198//3253 3520//3253
f 3520//3253 2871//3253 2183//3253
f 2183//3253 2965//3253 3081//3253
f 3081//3253 2506//3253 3520//3253
f 3520//3253 2183//3253 3081//3253
f 2637//3254 2640//3254 2957//3254
f 2957//3254 2680//3254 2683//3254
f 2683//3254 2701//3254 2163//3254
f 2163//3254 2162//3254 2897//3254
f 2897//3254 3114//3254 2540//3254
f 2540//3254 2543//3254 2630//3254
f 2630//3254 3536//3254 3508//3254
f 3508//3254 2851//3254 2670//3254
f 2670//3254 2673//3254 2699//3254
f 2699//3254 2945//3254 2948//3254
f 2948//3254 2631//3254 2634//3254
f 2634//3254 3529//3254 2688//3254
f 2688//3254 2691//3254 2637//3254
f 2637//3254 2957//3254 2683//3254
f 2683//3254 2163//3254 2897//3254
f 2897//3254 2540//3254 2630//3254
f 2630//3254 3508//3254 2670//3254
f 2670//3254 2699//3254 2948//3254
f 2948//3254 2634//3254 2688//3254
f 2688//3254 2637//3254 2683//3254
f 2683//3254 2897//3254 2630//3254
f 2630//3254 2670//3254 2948//3254
f 2948//3254 2688//3254 2683//3254
f 2683//3254 2630//3254 2948//3254
f 3013//3255 3087//3255 3036//3255
f 3036//3255 3039//3255 2135//3255
f 2135//3255 2138//3255 2626//3255
f 2626//3255 2554//3255 2557//3255
f 2557//3255 3534//3255 3483//3255
f 3483//3255 2973//3255 2488//3255
f 2488//3255 2491//3255 3028//3255
f 3028//3255 2519//3255 2522//3255
f 2522//3255 2603//3255 2281//3255
f 2281//3255 2284//3255 3125//3255
f 3125//3255 2191//3255 2194//3255
f 2194//3255 3153//3255 2569//3255
f 2569//3255 2572//3255 3013//3255
f 3013//3255 3036//3255 2135//3255
f 2135//3255 2626//3255 2557//3255
f 2557//3255 3483//3255 2488//3255
f 2488//3255 3028//3255 2522//3255
f 2522//3255 2281//3255 3125//3255
f 3125//3255 2194//3255 2569//3255
f 2569//3255 3013//3255 2135//3255
f 2135//3255 2557//3255 2488//3255
f 2488//3255 2522//3255 3125//3255
f 3125//3255 2569//3255 2135//3255
f 2135//3255 2488//3255 3125//3255
f 3082//3256 3085//3256 3557//3256
f 3557//3256 2727//3256 2730//3256
f 2730//3256 3554//3256 2513//3256
f 2513//3256 2516//3256 3555//3256
f 3555//3256 3251//3256 3250//3256
f 3250//3256 3445//3256 3444//3256
f 3444//3256 3446//3256 3451//3256
f 3451//3256 2609//3256 2612//3256
f 2612//3256 3404//3256 2926//3256
f 2926//3256 2925//3256 2916//3256
f 2916//3256 2648//3256 2647//3256
f 2647//3256 3173//3256 3510//3256
f 3510//3256 3511//3256 3082//3256
f 3082//3256 3557//3256 2730//3256
f 2730//3256 2513//3256 3555//3256
f 3555//3256 3250//3256 3444//3256
f 3444//3256 3451//3256 2612//3256
f 2612//3256 2926//3256 2916//3256
f 2916//3256 2647//3256 3510//3256
f 3510//3256 3082//3256 2730//3256
f 2730//3256 3555//3256 3444//3256
f 3444//3256 2612//3256 2916//3256
f 2916//3256 3510//3256 2730//3256
f 2730//3256 3444//3256 2916//3256
f 2901//3257 3473//3257 3474//3257
f 3474//3257 3475//3257 3138//3257
f 3138//3257 3137//3257 2499//3257
f 2499//3257 2502//3257 3092//3257
f 3092//3257 3095//3257 3159//3257
f 3159//3257 2755//3257 2754//3257
f 2754//3257 3044//3257 3047//3257
f 3047//3257 3052//3257 3055//3257
f 3055//3257 2902//3257 2905//3257
f 2905//3257 3410//3257 3540//3257
f 3540//3257 3550//3257 2523//3257
f 2523//3257 2526//3257 3030//3257
f 3030//3257 2898//3257 2901//3257
f 2901//3257 3474//3257 3138//3257
f 3138//3257 2499//3257 3092//3257
f 3092//3257 3159//3257 2754//3257
f 2754//3257 3047//3257 3055//3257
f 3055//3257 2905//3257 3540//3257
f 3540//3257 2523//3257 3030//3257
f 3030//3257 2901//3257 3138//3257
f 3138//3257 3092//3257 2754//3257
f 2754//3257 3055//3257 3540//3257
f 3540//3257 3030//3257 3138//3257
f 3138//3257 2754//3257 3540//3257
f 2599//3258 2602//3258 2560//3258
f 2560//3258 2563//3258 3437//3258
f 3437//3258 3436//3258 3438//3258
f 3438//3258 3524//3258 3440//3258
f 3440//3258 3439//3258 2581//3258
f 2581//3258 2189//3258 2188//3258
f 2188//3258 2201//3258 2204//3258
f 2204//3258 2642//3258 3456//3258
f 3456//3258 3457//3258 3491//3258
f 3491//3258 2329//3258 2179//3258
f 2179//3258 2178//3258 2186//3258
f 2186//3258 2912//3258 2915//3258
f 2915//3258 2977//3258 2599//3258
f 2599//3258 2560//3258 3437//3258
f 3437//3258 3438//3258 3440//3258
f 3440//3258 2581//3258 2188//3258
f 2188//3258 2204//3258 3456//3258
f 3456//3258 3491//3258 2179//3258
f 2179//3258 2186//3258 2915//3258
f 2915//3258 2599//3258 3437//3258
f 3437//3258 3440//3258 2188//3258
f 2188//3258 3456//3258 2179//3258
f 2179//3258 2915//3258 3437//3258
f 3437//3258 2188//3258 2179//3258
f 2444//3259 2651//3259 3240//3259
f 3240//3259 3149//3259 2165//3259
f 2165//3259 2168//3259 3504//3259
f 3504//3259 3505//3259 3544//3259
f 3544//3259 2863//3259 2862//3259
f 2862//3259 2507//3259 2510//3259
f 2510//3259 2776//3259 2723//3259
f 2723//3259 2726//3259 2785//3259
f 2785//3259 2788//3259 3128//3259
f 3128//3259 3127//3259 2995//3259
f 2995//3259 2998//3259 3528//3259
f 3528//3259 3553//3259 3090//3259
f 3090//3259 2445//3259 2444//3259
f 2444//3259 3240//3259 2165//3259
f 2165//3259 3504//3259 3544//3259
f 3544//3259 2862//3259 2510//3259
f 2510//3259 2723//3259 2785//3259
f 2785//3259 3128//3259 2995//3259
f 2995//3259 3528//3259 3090//3259
f 3090//3259 2444//3259 2165//3259
f 2165//3259 3544//3259 2510//3259
f 2510//3259 2785//3259 2995//3259
f 2995//3259 3090//3259 2165//3259
f 2165//3259 2510//3259 2995//3259
f 3071//3260 3478//3260 3476//3260
f 3476//3260 3477//3260 3481//3260
f 3481//3260 3535//3260 3034//3260
f 3034//3260 2983//3260 2801//3260
f 2801//3260 2804//3260 3011//3260
f 3011//3260 3063//3260 2567//3260
f 2567//3260 2566//3260 2595//3260
f 2595//3260 2598//3260 2886//3260
f 2886//3260 2889//3260 3514//3260
f 3514//3260 3543//3260 2824//3260
f 2824//3260 2293//3260 2296//3260
f 2296//3260 2938//3260 2747//3260
f 2747//3260 2746//3260 3071//3260
f 3071//3260 3476//3260 3481//3260
f 3481//3260 3034//3260 2801//3260
f 2801//3260 3011//3260 2567//3260
f 2567//3260 2595//3260 2886//3260
f 2886//3260 3514//3260 2824//3260
f 2824//3260 2296//3260 2747//3260
f 2747//3260 3071//3260 3481//3260
f 3481//3260 2801//3260 2567//3260
f 2567//3260 2886//3260 2824//3260
f 2824//3260 2747//3260 3481//3260
f 3481//3260 2567//3260 2824//3260
f 2999//3261 2573//3261 2576//3261
f 2576//3261 3549//3261 3556//3261
f 3556//3261 3509//3261 2814//3261
f 2814//3261 2817//3261 3057//3261
f 3057//3261 2527//3261 2530//3261
f 2530//3261 3123//3261 3179//3261
f 3179//3261 2692//3261 2695//3261
f 2695//3261 2744//3261 2831//3261
f 2831//3261 2830//3261 2684//3261
f 2684//3261 2687//3261 2836//3261
f 2836//3261 2159//3261 2147//3261
f 2147//3261 2150//3261 3545//3261
f 3545//3261 3523//3261 2999//3261
f 2999//3261 2576//3261 3556//3261
f 3556//3261 2814//3261 3057//3261
f 3057//3261 2530//3261 3179//3261
f 3179//3261 2695//3261 2831//3261
f 2831//3261 2684//3261 2836//3261
f 2836//3261 2147//3261 3545//3261
f 3545//3261 2999//3261 3556//3261
f 3556//3261 3057//3261 3179//3261
f 3179//3261 2831//3261 2836//3261
f 2836//3261 3545//3261 3556//3261
f 3556//3261 3179//3261 2836//3261
f 2944//3262 3506//3262 3401//3262
f 3401//3262 2975//3262 2845//3262
f 2845//3262 2825//3262 2343//3262
f 2343//3262 2346//3262 2892//3262
f 2892//3262 2895//3262 2940//3262
f 2940//3262 2820//3262 2823//3262
f 2823//3262 3050//3262 3049//3262
f 3049//3262 3064//3262 2949//3262
f 2949//3262 2952//3262 3503//3262
f 3503//3262 3502//3262 2857//3262
f 2857//3262 2860//3262 2841//3262
f 2841//3262 2325//3262 2328//3262
f 2328//3262 2657//3262 2944//3262
f 2944//3262 3401//3262 2845//3262
f 2845//3262 2343//3262 2892//3262
f 2892//3262 2940//3262 2823//3262
f 2823//3262 3049//3262 2949//3262
f 2949//3262 3503//3262 2857//3262
f 2857//3262 2841//3262 2328//3262
f 2328//3262 2944//3262 2845//3262
f 2845//3262 2892//3262 2823//3262
f 2823//3262 2949//3262 2857//3262
f 2857//3262 2328//3262 2845//3262
f 2845//3262 2823//3262 2857//3262
f 2324//3261 3487//3261 3488//3261
f 3488//3261 3489//3261 3480//3261
f 3480//3261 3139//3261 2173//3261
f 2173//3261 2176//3261 3490//3261
f 3490//3261 3542//3261 3072//3261
f 3072//3261 3075//3261 3497//3261
f 3497//3261 2715//3261 2718//3261
f 2718//3261 2987//3261 2990//3261
f 2990//3261 3512//3261 3513//3261
f 3513//3261 3515//3261 3174//3261
f 3174//3261 3177//3261 3486//3261
f 3486//3261 3106//3261 3109//3261
f 3109//3261 2321//3261 2324//3261
f 2324//3261 3488//3261 3480//3261
f 3480//3261 2173//3261 3490//3261
f 3490//3261 3072//3261 3497//3261
f 3497//3261 2718//3261 2990//3261
f 2990//3261 3513//3261 3174//3261
f 3174//3261 3486//3261 3109//3261
f 3109//3261 2324//3261 3480//3261
f 3480//3261 3490//3261 3497//3261
f 3497//3261 2990//3261 3174//3261
f 3174//3261 3109//3261 3480//3261
f 3480//3261 3497//3261 3174//3261
f 2749//3263 2752//3263 2937//3263
f 2937//3263 3400//3263 3484//3263
f 3484//3263 3517//3263 2494//3263
f 2494//3263 2493//3263 2676//3263
f 2676//3263 2675//3263 2986//3263
f 2986//3263 3238//3263 3180//3263
f 3180//3263 2880//3263 2883//3263
f 2883//3263 3121//3263 2331//3263
f 2331//3263 2334//3263 2348//3263
f 2348//3263 3533//3263 3479//3263
f 3479//3263 2335//3263 2338//3263
f 2338//3263 2908//3263 2911//3263
f 2911//3263 3113//3263 2749//3263
f 2749//3263 2937//3263 3484//3263
f 3484//3263 2494//3263 2676//3263
f 2676//3263 2986//3263 3180//3263
f 3180//3263 2883//3263 2331//3263
f 2331//3263 2348//3263 3479//3263
f 3479//3263 2338//3263 2911//3263
f 2911//3263 2749//3263 3484//3263
f 3484//3263 2676//3263 3180//3263
f 3180//3263 2331//3263 3479//3263
f 3479//3263 2911//3263 3484//3263
f 3484//3263 3180//3263 3479//3263
f 3455//3264 2928//3264 2931//3264
f 2931//3264 3155//3264 3158//3264
f 3158//3264 2635//3264 2143//3264
f 2143//3264 2146//3264 3408//3264
f 3408//3264 3409//3264 3518//3264
f 3518//3264 2587//3264 2590//3264
f 2590//3264 3499//3264 2155//3264
f 2155//3264 2158//3264 3496//3264
f 3496//3264 3492//3264 2546//3264
f 2546//3264 2545//3264 2828//3264
f 2828//3264 3526//3264 3527//3264
f 3527//3264 3435//3264 3058//3264
f 3058//3264 3061//3264 3455//3264
f 3455//3264 2931//3264 3158//3264
f 3158//3264 2143//3264 3408//3264
f 3408//3264 3518//3264 2590//3264
f 2590//3264 2155//3264 3496//3264
f 3496//3264 2546//3264 2828//3264
f 2828//3264 3527//3264 3058//3264
f 3058//3264 3455//3264 3158//3264
f 3158//3264 3408//3264 2590//3264
f 2590//3264 3496//3264 2828//3264
f 2828//3264 3058//3264 3158//3264
f 3158//3264 2590//3264 2828//3264
f 3495//3265 3141//3265 3144//3265
f 3144//3265 3466//3265 2472//3265
f 2472//3265 2475//3265 2719//3265
f 2719//3265 2722//3265 3146//3265
f 3146//3265 3096//3265 3099//3265
f 3099//3265 3434//3265 3525//3265
f 3525//3265 2789//3265 2792//3265
f 2792//3265 3472//3265 3407//3265
f 3407//3265 3130//3265 3133//3265
f 3133//3265 3165//3265 2955//3265
f 2955//3265 2735//3265 2738//3265
f 2738//3265 3463//3265 3464//3265
f 3464//3265 3494//3265 3495//3265
f 3495//3265 3144//3265 2472//3265
f 2472//3265 2719//3265 3146//3265
f 3146//3265 3099//3265 3525//3265
f 3525//3265 2792//3265 3407//3265
f 3407//3265 3133//3265 2955//3265
f 2955//3265 2738//3265 3464//3265
f 3464//3265 3495//3265 2472//3265
f 2472//3265 3146//3265 3525//3265
f 3525//3265 3407//3265 2955//3265
f 2955//3265 3464//3265 2472//3265
f 2472//3265 3525//3265 2955//3265
f 2796//3266 3043//3266 3459//3266
f 3459//3266 2593//3266 2592//3266
f 2592//3266 2732//3266 3257//3266
f 3257//3266 3100//3266 3103//3266
f 3103//3266 2470//3266 2466//3266
f 2466//3266 2469//3266 3403//3266
f 3403//3266 3516//3266 2619//3266
f 2619//3266 2622//3266 3253//3266
f 3253//3266 2709//3266 2712//3266
f 2712//3266 3519//3266 2869//3266
f 2869//3266 2868//3266 2763//3266
f 2763//3266 2762//3266 2476//3266
f 2476//3266 2479//3266 2796//3266
f 2796//3266 3459//3266 2592//3266
f 2592//3266 3257//3266 3103//3266
f 3103//3266 2466//3266 3403//3266
f 3403//3266 2619//3266 3253//3266
f 3253//3266 2712//3266 2869//3266
f 2869//3266 2763//3266 2476//3266
f 2476//3266 2796//3266 2592//3266
f 2592//3266 3103//3266 3403//3266
f 3403//3266 3253//3266 2869//3266
f 2869//3266 2476//3266 2592//3266
f 2592//3266 3403//3266 2869//3266
f 3501//3267 3500//3267 2873//3267
f 2873//3267 2797//3267 2781//3267
f 2781//3267 2784//3267 2932//3267
f 2932//3267 2935//3267 2131//3267
f 2131//3267 2134//3267 3462//3267
f 3462//3267 3465//3267 3530//3267
f 3530//3267 3537//3267 2739//3267
f 2739//3267 2742//3267 2847//3267
f 2847//3267 2850//3267 3021//3267
f 3021//3267 2287//3267 2286//3267
f 2286//3267 2810//3267 2813//3267
f 2813//3267 2853//3267 2856//3267
f 2856//3267 2866//3267 3501//3267
f 3501//3267 2873//3267 2781//3267
f 2781//3267 2932//3267 2131//3267
f 2131//3267 3462//3267 3530//3267
f 3530//3267 2739//3267 2847//3267
f 2847//3267 3021//3267 2286//3267
f 2286//3267 2813//3267 2856//3267
f 2856//3267 3501//3267 2781//3267
f 2781//3267 2131//3267 3530//3267
f 3530//3267 2847//3267 2286//3267
f 2286//3267 2856//3267 2781//3267
f 2781//3267 3530//3267 2286//3267
f 2819//3268 2891//3268 2291//3268
f 2291//3268 2290//3268 2618//3268
f 2618//3268 2453//3268 2456//3268
f 2456//3268 2960//3268 3469//3268
f 3469//3268 3168//3268 3171//3268
f 3171//3268 3485//3268 3507//3268
f 3507//3268 2969//3268 2972//3268
f 2972//3268 3541//3268 2315//3268
f 2315//3268 2314//3268 2979//3268
f 2979//3268 2982//3268 3405//3268
f 3405//3268 3406//3268 2805//3268
f 2805//3268 2808//3268 2664//3268
f 2664//3268 2663//3268 2819//3268
f 2819//3268 2291//3268 2618//3268
f 2618//3268 2456//3268 3469//3268
f 3469//3268 3171//3268 3507//3268
f 3507//3268 2972//3268 2315//3268
f 2315//3268 2979//3268 3405//3268
f 3405//3268 2805//3268 2664//3268
f 2664//3268 2819//3268 2618//3268
f 2618//3268 3469//3268 3507//3268
f 3507//3268 2315//3268 3405//3268
f 3405//3268 2664//3268 2618//3268
f 2618//3268 3507//3268 3405//3268
f 3558//3269 2279//3270 2280//3271
f 3559//3272 3116//3273 2511//3274
f 3560//3275 2767//3276 2770//3277
f 3561//3278 2678//3279 2679//3280
f 3562//3281 2480//3282 2481//3283
f 3563//3284 3443//3285 3450//3286
f 3564//3287 3167//3288 2480//3282
f 3562//3281 3531//3289 3565//3290
f 3566//3291 2511//3274 2512//3292
f 3559//3272 2280//3271 3116//3273
f 3567//3293 2564//3294 3458//3295
f 3566//3291 2512//3292 2564//3294
f 3568//3296 2552//3297 2553//3298
f 3561//3278 2679//3280 3448//3299
f 3569//3300 3532//3301 3493//3302
f 3570//3303 3448//3299 3447//3304
f 3567//3293 3498//3305 3571//3306
f 3572//3307 2447//3308 2448//3309
f 3573//3310 2553//3298 3135//3311
f 3569//3300 3493//3302 2279//3270
f 3564//3287 2448//3309 3167//3288
f 3565//3290 3531//3289 3532//3301
f 3560//3275 3454//3312 2767//3276
f 3574//3313 3441//3314 3443//3285
f 3571//3306 3498//3305 3454//3312
f 3575//3315 2770//3277 2834//3316
f 3576//3317 3449//3318 2678//3279
f 3568//3296 2834//3316 2552//3297
f 3576//3317 3450//3286 3449//3318
f 3574//3313 2551//3319 3441//3314
f 3577//3320 2548//3321 2551//3319
f 3578//3322 2548//3321 3577//3320
f 3578//3322 2531//3323 2533//3324
f 3579//3325 2536//3326 2531//3323
f 3579//3325 2534//3327 2536//3326
f 3580//3328 2843//3329 2534//3327
f 3580//3328 3239//3330 2843//3329
f 3581//3331 2483//3332 3239//3330
f 3582//3333 2482//3334 2483//3332
f 3582//3333 2703//3335 2482//3334
f 3583//3336 2702//3337 2703//3335
f 3584//3338 2702//3337 3583//3336
f 3584//3338 3088//3339 2809//3340
f 3585//3341 2794//3342 3088//3339
f 3585//3341 2774//3343 2794//3342
f 3586//3344 2771//3345 2774//3343
f 3572//3307 3570//3303 3447//3304
f 3587//3346 3185//3347 3188//3348
f 3573//3310 3135//3311 3185//3347
f 3558//3269 3569//3300 2279//3270
f 3561//3278 3576//3317 2678//3279
f 3562//3281 3564//3287 2480//3282
f 3563//3284 3574//3313 3443//3285
f 3562//3281 2481//3283 3531//3289
f 3566//3291 3559//3272 2511//3274
f 3559//3272 3558//3269 2280//3271
f 3567//3293 3566//3291 2564//3294
f 2447//3308 3572//3307 3447//3304
f 3569//3300 3565//3290 3532//3301
f 3570//3303 3561//3278 3448//3299
f 3567//3293 3458//3295 3498//3305
f 3573//3310 3568//3296 2553//3298
f 3564//3287 3572//3307 2448//3309
f 3560//3275 3571//3306 3454//3312
f 3575//3315 3560//3275 2770//3277
f 3568//3296 3575//3315 2834//3316
f 3576//3317 3563//3284 3450//3286
f 3574//3313 3577//3320 2551//3319
f 3578//3322 2533//3324 2548//3321
f 3578//3322 3579//3325 2531//3323
f 3579//3325 3580//3328 2534//3327
f 3580//3328 3581//3331 3239//3330
f 3581//3331 3582//3333 2483//3332
f 3582//3333 3583//3336 2703//3335
f 3584//3338 2809//3340 2702//3337
f 3584//3338 3585//3341 3088//3339
f 3585//3341 3586//3344 2774//3343
f 2771//3345 3586//3344 3188//3348
f 3587//3346 3573//3310 3185//3347
f 3586//3344 3587//3346 3188//3348
# Vertices: 1718, normals: 1242, texture coordinates: 0, faces: 3230

o obj5
v 0.0246186 -0.00099589 0.00055465
v 0.02442356 -0.001078 0.00065656
v 0.0242353 -0.00041749 0.00065656
v 0.02444432 -0.00038444 0.00055465
v 0.02644122 -0.00288746 0.00089496
v 0.02644122 -0.00288746 0.0039577
v 0.02576131 -0.00265722 0.0039577
v 0.02576131 -0.00265722 0.00089496
v 0.02833735 0.00271215 0.00089496
v 0.02833735 0.00271215 0.0039577
v 0.02894241 0.00232589 0.0039577
v 0.02894241 0.00232589 0.00089496
v 0.02499584 0.00218379 0.00089496
v 0.02499584 0.00218379 0.0039577
v 0.02557155 0.00261256 0.0039577
v 0.02557155 0.00261256 0.00089496
v 0.02765744 0.00294238 0.00089496
v 0.02765744 0.00294238 0.0039577
v 0.02943745 0.00180606 0.0039577
v 0.02943745 0.00180606 0.00089496
v 0.02715648 -0.00294828 0.00089496
v 0.02715648 -0.00294828 0.0039577
v 0.02430496 -0.00112794 0.00089496
v 0.02430496 -0.00112794 0.0039577
v 0.0241082 -0.00043759 0.0039577
v 0.0241082 -0.00043759 0.00089496
v 0.02408237 0.00027978 0.0039577
v 0.02408237 0.00027978 0.00089496
v 0.02453947 0.0016297 0.00089496
v 0.02453947 0.0016297 0.0039577
v 0.02623315 0.00289109 0.0039577
v 0.02623315 0.00289109 0.00089496
v 0.02694217 0.00300321 0.0039577
v 0.02694217 0.00300321 0.00089496
v 0.0297937 0.00118286 0.00089496
v 0.0297937 0.00118286 0.0039577
v 0.02999046 0.00049252 0.0039577
v 0.02999046 0.00049252 0.00089496
v 0.03001629 -0.00022486 0.00089496
v 0.03001629 -0.00022486 0.0039577
v 0.02986969 -0.00092756 0.0039577
v 0.02986969 -0.00092756 0.00089496
v 0.02955918 -0.00157477 0.0039577
v 0.02955918 -0.00157477 0.00089496
v 0.02910282 -0.00212886 0.00089496
v 0.02910282 -0.00212886 0.0039577
v 0.0285271 -0.00255763 0.0039577
v 0.0285271 -0.00255763 0.00089496
v 0.02786551 -0.00283617 0.0039577
v 0.02786551 -0.00283617 0.00089496
v 0.02435508 -0.00110683 0.00073952
v 0.02470483 -0.00171865 0.00073952
v 0.02466121 -0.00175114 0.00089496
v 0.0297478 -0.00088629 0.00065656
v 0.02945071 -0.00150552 0.00065656
v 0.02927234 -0.00139166 0.00055465
v 0.02954736 -0.00081842 0.00055465
v 0.0264675 -0.00276148 0.00065656
v 0.02581697 -0.0025412 0.00065656
v 0.02590851 -0.0023504 0.00055465
v 0.02651072 -0.00255432 0.00055465
v 0.02503335 0.0021444 0.00073952
v 0.02458531 0.00160043 0.00073952
v 0.02715185 -0.00281967 0.00065656
v 0.02714423 -0.00260819 0.00055465
v 0.02933424 0.00172919 0.00065656
v 0.0296751 0.00113293 0.00065656
v 0.02948006 0.00105082 0.00055465
v 0.02916452 0.00160279 0.00055465
v 0.02939383 0.00177357 0.00073952
v 0.02890783 0.00228391 0.00073952
v 0.02901406 -0.00203567 0.00065656
v 0.02846324 -0.00244591 0.00065656
v 0.02835822 -0.00226219 0.00055465
v 0.02886813 -0.00188242 0.00055465
v 0.02422896 0.00098249 0.0039577
v 0.02422896 0.00098249 0.00089496
v 0.02515625 -0.00227097 0.00089496
v 0.02519082 -0.00222898 0.00073952
v 0.02578483 -0.00260819 0.00073952
v 0.02493413 -0.00154787 0.00055465
v 0.02476441 -0.00167427 0.00065656
v 0.02626842 0.00276734 0.00065656
v 0.02694681 0.0028746 0.00065656
v 0.02695442 0.00266312 0.00055465
v 0.02632643 0.00256382 0.00055465
v 0.02508459 0.0020906 0.00065656
v 0.02563542 0.00250084 0.00065656
v 0.02574044 0.00231712 0.00055465
v 0.02523053 0.00193735 0.00055465
v 0.02515625 -0.00227097 0.0039577
v 0.02584607 -0.00155957 0.00055465
v 0.0253726 -0.00200829 0.00055465
v 0.02902537 -0.00022107 0.00055465
v 0.02782212 -0.0018081 0.00055465
v 0.02777223 -0.0025089 0.00055465
v 0.02819014 0.00240533 0.00055465
v 0.02872605 0.00206321 0.00055465
v 0.02825259 0.0016145 0.00055465
v 0.02507328 0.00027599 0.00055465
v 0.02534091 0.00024233 0.00065905
v 0.02600902 -0.00134464 0.00065905
v 0.02967721 -0.00019602 0.00055465
v 0.02442145 0.00025095 0.00055465
v 0.02965433 0.00043937 0.00055465
v 0.02643689 0.00134603 0.00099479
v 0.02643691 0.00134606 0.00219611
v 0.02561436 0.00026114 0.00219611
v 0.02561438 0.00026117 0.00099479
v 0.02758794 0.00260925 0.00055465
v 0.02627654 0.00186303 0.00055465
v 0.0284843 -0.00020622 0.00219611
v 0.02848427 -0.00020625 0.00099479
v 0.02766176 -0.00129111 0.00099479
v 0.02766174 -0.00129113 0.00219611
v 0.02482632 0.00144658 0.00055465
v 0.02455129 0.00087334 0.00055465
v 0.02428048 0.00096505 0.00073952
v 0.02413656 0.00027517 0.00073952
v 0.02831382 0.00266311 0.00073952
v 0.02645233 -0.00283421 0.00073952
v 0.02715452 -0.00289393 0.00073952
v 0.02906531 -0.00208947 0.00073952
v 0.02951334 -0.0015455 0.00073952
v 0.02523806 -0.00217163 0.00065656
v 0.02981818 -0.00091012 0.00073952
v 0.0299621 -0.00022025 0.00073952
v 0.02974358 0.00116176 0.00073952
v 0.02435085 0.00094122 0.00065656
v 0.02464794 0.00156045 0.00065656
v 0.02764633 0.00288914 0.00073952
v 0.02694413 0.00294885 0.00073952
v 0.02559855 0.00256534 0.00073952
v 0.02421059 0.00026888 0.00065656
v 0.02850011 -0.00251041 0.00073952
v 0.02619503 -0.00109932 0.00225618
v 0.02564636 0.00020392 0.00225618
v 0.02650066 0.0013307 0.00225618
v 0.02790363 0.00115425 0.00225618
v 0.0284523 -0.00014899 0.00225618
v 0.027598 -0.00127577 0.00225618
v 0.02986335 0.00047242 0.00065656
v 0.02416191 -0.0004291 0.00073952
v 0.02886059 0.00222656 0.00065656
v 0.02993674 0.00048402 0.00073952
v 0.02624806 0.00283879 0.00073952
v 0.02653425 0.00138702 0.00099479
v 0.02647811 0.00152045 0.00073756
v 0.02797246 0.0013325 0.00073756
v 0.02788503 0.00121713 0.00099479
v 0.02763116 0.0028164 0.00065656
v 0.02466121 -0.00175114 0.0039577
v 0.02988806 -0.00021395 0.00065656
v 0.02875774 -0.00018741 0.00065905
v 0.02771746 -0.00155951 0.00065905
v 0.02828168 0.00259612 0.00065656
v 0.0278506 -0.00278386 0.00073952
v 0.02783023 -0.00271241 0.00065656
v 0.02788506 0.00121713 0.00219611
v 0.02653422 0.00138702 0.00219611
v 0.02545758 0.0001744 0.00073756
v 0.0256012 0.00015636 0.00099479
v 0.02612945 -0.00109838 0.00099479
v 0.02604196 -0.00121372 0.00073756
v 0.0263812 0.00161444 0.00065905
v 0.02808963 0.00139957 0.00065905
v 0.02849746 -0.00010144 0.00099479
v 0.02849747 -0.00010147 0.00219611
v 0.02796919 0.00115334 0.00219611
v 0.0279692 0.00115331 0.00099479
v 0.02638069 0.00147943 0.00073756
v 0.02547077 0.00027927 0.00073756
v 0.02862789 -0.00022434 0.00073756
v 0.02771796 -0.00142451 0.00073756
v 0.02756444 -0.0013321 0.00219611
v 0.0275644 -0.00133209 0.00099479
v 0.02621363 -0.0011622 0.00099479
v 0.02621359 -0.0011622 0.00219611
v 0.02560118 0.0001564 0.00219611
v 0.02612947 -0.00109842 0.00219611
v 0.02805669 0.00126864 0.00073756
v 0.02864108 -0.00011947 0.00073756
v 0.02762054 -0.00146552 0.00073756
v 0.02612619 -0.00127758 0.00073756
v 0.02372143 0.00666042 0.00055465
v 0.02356131 0.00652205 0.00065656
v 0.02317815 0.00709206 0.00065656
v 0.02336673 0.00718808 0.00055465
v 0.02603937 0.00542465 0.00089496
v 0.02603937 0.00542465 0.0039577
v 0.02532159 0.00543351 0.0039577
v 0.02532159 0.00543351 0.00089496
v 0.02611232 0.01133613 0.00089496
v 0.02611232 0.01133613 0.0039577
v 0.02680713 0.01115575 0.0039577
v 0.02680713 0.01115575 0.00089496
v 0.02309763 0.00980104 0.00089496
v 0.02309763 0.00980104 0.0039577
v 0.02351267 0.01038674 0.0039577
v 0.02351267 0.01038674 0.00089496
v 0.02539454 0.01134499 0.00089496
v 0.02539454 0.01134499 0.0039577
v 0.02743858 0.01081434 0.0039577
v 0.02743858 0.01081434 0.00089496
v 0.02673841 0.00558783 0.00089496
v 0.02673841 0.00558783 0.0039577
v 0.02346394 0.00643791 0.00089496
v 0.02346394 0.00643791 0.0039577
v 0.02306348 0.00703367 0.0039577
v 0.02306348 0.00703367 0.00089496
v 0.02281724 0.00770795 0.0039577
v 0.02281724 0.00770795 0.00089496
v 0.02283482 0.00913305 0.00089496
v 0.02283482 0.00913305 0.0039577
v 0.02405581 0.01085608 0.0039577
v 0.02405581 0.01085608 0.00089496
v 0.02469549 0.01118181 0.0039577
v 0.02469549 0.01118181 0.00089496
v 0.02796997 0.01033173 0.00089496
v 0.02796997 0.01033173 0.0039577
v 0.02837043 0.00973597 0.0039577
v 0.02837043 0.00973597 0.00089496
v 0.02861667 0.00906169 0.00089496
v 0.02861667 0.00906169 0.0039577
v 0.0286944 0.00834808 0.0039577
v 0.0286944 0.00834808 0.00089496
v 0.02859908 0.00763659 0.0039577
v 0.02859908 0.00763659 0.00089496
v 0.02833628 0.0069686 0.00089496
v 0.02833628 0.0069686 0.0039577
v 0.02792124 0.0063829 0.0039577
v 0.02792124 0.0063829 0.00089496
v 0.0273781 0.00591356 0.0039577
v 0.0273781 0.00591356 0.00089496
v 0.02350509 0.00647347 0.00073952
v 0.02402678 0.00599968 0.00073952
v 0.02399533 0.0059553 0.00089496
v 0.02856572 0.00834966 0.00065656
v 0.02847453 0.00766893 0.00065656
v 0.0282697 0.00772211 0.00055465
v 0.02835412 0.00835228 0.00055465
v 0.02602543 0.00555258 0.00065656
v 0.02533867 0.00556106 0.00065656
v 0.02536678 0.00577081 0.00055465
v 0.02600252 0.00576296 0.00055465
v 0.02314547 0.00977518 0.00073952
v 0.02288746 0.00911938 0.00073952
v 0.02669427 0.00570871 0.00065656
v 0.02662168 0.00590749 0.00055465
v 0.02736417 0.01070934 0.00065656
v 0.0278726 0.01024759 0.00065656
v 0.02771248 0.01010923 0.00055465
v 0.02724182 0.01053668 0.00055465
v 0.02740713 0.01076996 0.00073952
v 0.02678721 0.01110514 0.00073952
v 0.02822307 0.0070298 0.00065656
v 0.02782598 0.00646943 0.00065656
v 0.02766932 0.0066117 0.00055465
v 0.02803692 0.00713045 0.00055465
v 0.02273951 0.00842156 0.0039577
v 0.02273951 0.00842156 0.00089496
v 0.02462678 0.00561389 0.00089496
v 0.02464669 0.0056645 0.00073952
v 0.02532881 0.00548742 0.00073952
v 0.02419209 0.00623296 0.00055465
v 0.02406973 0.0060603 0.00065656
v 0.0241276 0.01074928 0.00065656
v 0.02473963 0.01106093 0.00065656
v 0.02481223 0.01086215 0.00055465
v 0.02424565 0.01057365 0.00055465
v 0.02321083 0.00973984 0.00065656
v 0.02360793 0.01030022 0.00065656
v 0.02376458 0.01015794 0.00055465
v 0.02339698 0.00963919 0.00055465
v 0.02462678 0.00561389 0.0039577
v 0.02506301 0.00650363 0.00055465
v 0.02475137 0.00593057 0.00055465
v 0.02767308 0.00875909 0.00055465
v 0.02701914 0.0068779 0.00055465
v 0.02718825 0.00619599 0.00055465
v 0.02606713 0.01099883 0.00055465
v 0.02668253 0.01083907 0.00055465
v 0.0263709 0.01026601 0.00055465
v 0.02376082 0.00801056 0.00055465
v 0.02402576 0.00806125 0.00065905
v 0.02515157 0.0067584 0.00065905
v 0.02828528 0.00898434 0.00055465
v 0.02314863 0.00778531 0.00055465
v 0.02806717 0.00958156 0.00055465
v 0.02472704 0.0094496 0.00099479
v 0.02472704 0.00944963 0.00219611
v 0.02428 0.00816363 0.00219611
v 0.02428002 0.00816367 0.00099479
v 0.02543139 0.01100668 0.00055465
v 0.02441476 0.00989174 0.00055465
v 0.0271539 0.00860601 0.00219611
v 0.02715389 0.00860597 0.00099479
v 0.02670687 0.00732004 0.00099479
v 0.02670686 0.00732001 0.00219611
v 0.02316421 0.00904754 0.00055465
v 0.02307979 0.00841737 0.00055465
v 0.02279389 0.00842089 0.00073952
v 0.0228702 0.00772031 0.00073952
v 0.0261051 0.01128222 0.00073952
v 0.02603348 0.00547872 0.00073952
v 0.02671976 0.00563892 0.00073952
v 0.02828843 0.00699447 0.00073952
v 0.02854644 0.00765026 0.00073952
v 0.0246739 0.00573365 0.00065656
v 0.02864002 0.00834875 0.00073952
v 0.02856371 0.00904933 0.00073952
v 0.02792882 0.01029617 0.00073952
v 0.02286819 0.00841998 0.00065656
v 0.02295938 0.00910071 0.00065656
v 0.02540043 0.01129092 0.00073952
v 0.02471415 0.01113072 0.00073952
v 0.02355293 0.01035017 0.00073952
v 0.02294256 0.0077372 0.00065656
v 0.02788097 0.00641947 0.00073952
v 0.02525266 0.00704919 0.00225618
v 0.02432812 0.0081191 0.00225618
v 0.02479241 0.00945472 0.00225618
v 0.02618125 0.00972045 0.00225618
v 0.02710579 0.00865054 0.00225618
v 0.02664149 0.00731492 0.00225618
v 0.02825575 0.00967758 0.00065656
v 0.02311195 0.00705835 0.00073952
v 0.02676001 0.011036 0.00065656
v 0.02832196 0.00971129 0.00073952
v 0.02408615 0.01081095 0.00073952
v 0.02480696 0.00951867 0.00099479
v 0.02471234 0.00962822 0.00073756
v 0.02619163 0.00991125 0.00073756
v 0.02614412 0.00977451 0.00099479
v 0.02540848 0.01121706 0.00065656
v 0.02399533 0.0059553 0.0039577
v 0.02849135 0.00903244 0.00065656
v 0.02740815 0.0087084 0.00065905
v 0.02684279 0.00708198 0.00065905
v 0.02609523 0.01120858 0.00065656
v 0.02734775 0.0059587 0.00073952
v 0.0273063 0.00602036 0.00065656
v 0.02614415 0.00977451 0.00219611
v 0.02480693 0.00951866 0.00219611
v 0.0241577 0.00803268 0.00073756
v 0.02429987 0.00805992 0.00099479
v 0.02519 0.00702982 0.00099479
v 0.02514244 0.00689309 0.00073756
v 0.02459112 0.00968766 0.00065905
v 0.02628234 0.01001124 0.00065905
v 0.02713404 0.00870972 0.00099479
v 0.02713406 0.0087097 0.00219611
v 0.02624388 0.00973985 0.00219611
v 0.0262439 0.00973982 0.00099479
v 0.02463236 0.00955911 0.00073756
v 0.02413784 0.0081365 0.00073756
v 0.02729607 0.00863314 0.00073756
v 0.02680155 0.00721053 0.00073756
v 0.02662698 0.00725098 0.00219611
v 0.02662695 0.00725097 0.00099479
v 0.02528978 0.00699513 0.00099479
v 0.02528975 0.00699513 0.00219611
v 0.02429984 0.00805994 0.00219611
v 0.02519003 0.00702979 0.00219611
v 0.02629147 0.00987655 0.00073756
v 0.0272762 0.00873696 0.00073756
v 0.02672157 0.00714142 0.00073756
v 0.02524228 0.00685839 0.00073756
v 0.02050223 0.01366476 0.00055465
v 0.02039271 0.01348368 0.00065656
v 0.01985217 0.0139074 0.00065656
v 0.02000185 0.01405699 0.00055465
v 0.0230886 0.01320576 0.00089496
v 0.0230886 0.01320576 0.0039577
v 0.02240321 0.01299238 0.0039577
v 0.02240321 0.01299238 0.00089496
v 0.02133124 0.01885045 0.00089496
v 0.02133124 0.01885045 0.0039577
v 0.02204778 0.01889361 0.0039577
v 0.02204778 0.01889361 0.00089496
v 0.01893846 0.01645891 0.00089496
v 0.01893846 0.01645891 0.0039577
v 0.0191522 0.01714419 0.0039577
v 0.0191522 0.01714419 0.00089496
v 0.02064585 0.01863707 0.00089496
v 0.02064585 0.01863707 0.0039577
v 0.02275382 0.01876404 0.0039577
v 0.02275382 0.01876404 0.00089496
v 0.02370301 0.01357697 0.00089496
v 0.02370301 0.01357697 0.0039577
v 0.02032611 0.01337358 0.00089496
v 0.02032611 0.01337358 0.0039577
v 0.01976115 0.01381643 0.0039577
v 0.01976115 0.01381643 0.00089496
v 0.01931859 0.01438161 0.0039577
v 0.01931859 0.01438161 0.00089496
v 0.01889494 0.01574239 0.00089496
v 0.01889494 0.01574239 0.0039577
v 0.01952372 0.0177584 0.0039577
v 0.01952372 0.0177584 0.00089496
v 0.02003144 0.01826586 0.0039577
v 0.02003144 0.01826586 0.00089496
v 0.02340834 0.01846926 0.00089496
v 0.02340834 0.01846926 0.0039577
v 0.0239733 0.01802641 0.0039577
v 0.0239733 0.01802641 0.00089496
v 0.02441586 0.01746122 0.00089496
v 0.02441586 0.01746122 0.0039577
v 0.0247103 0.01680655 0.0039577
v 0.0247103 0.01680655 0.00089496
v 0.02483951 0.01610044 0.0039577
v 0.02483951 0.01610044 0.00089496
v 0.02479598 0.01538392 0.00089496
v 0.02479598 0.01538392 0.0039577
v 0.02458225 0.01469864 0.0039577
v 0.02458225 0.01469864 0.00089496
v 0.02421073 0.01408443 0.0039577
v 0.02421073 0.01408443 0.00089496
v 0.02035425 0.01342011 0.00073952
v 0.02099682 0.01313072 0.00073952
v 0.02098063 0.0130788 0.00089496
v 0.02458742 0.0167683 0.00065656
v 0.02471106 0.0160927 0.00065656
v 0.02449982 0.01607998 0.00055465
v 0.02438537 0.01670539 0.00055465
v 0.02303581 0.01332312 0.00065656
v 0.02238005 0.01311897 0.00065656
v 0.02234196 0.01332713 0.00055465
v 0.02294902 0.01351612 0.00055465
v 0.01899196 0.01644909 0.00073952
v 0.01894923 0.01574566 0.00073952
v 0.02362367 0.01367829 0.00065656
v 0.0234932 0.01384491 0.00055465
v 0.02271551 0.01864118 0.00065656
v 0.02334174 0.01835915 0.00065656
v 0.02323221 0.01817807 0.00055465
v 0.0226525 0.01843916 0.00055465
v 0.02273763 0.01871211 0.00073952
v 0.02204447 0.01883932 0.00073952
v 0.02466941 0.01540715 0.00065656
v 0.02446491 0.01475149 0.00065656
v 0.02427196 0.01483839 0.00055465
v 0.02446127 0.01544535 0.00055465
v 0.01902415 0.01503628 0.0039577
v 0.01902415 0.01503628 0.00089496
v 0.02168667 0.01294922 0.00089496
v 0.02168997 0.01300351 0.00073952
v 0.02239342 0.01304588 0.00073952
v 0.02108195 0.01340367 0.00055465
v 0.02101894 0.01320165 0.00065656
v 0.019625 0.01767902 0.00065656
v 0.02011077 0.01816454 0.00065656
v 0.02024124 0.01799792 0.00055465
v 0.01979155 0.01754846 0.00055465
v 0.01906504 0.01643568 0.00065656
v 0.01926954 0.01709134 0.00065656
v 0.01946248 0.01700444 0.00055465
v 0.01927318 0.01639748 0.00055465
v 0.02168667 0.01294922 0.0039577
v 0.0218266 0.01393022 0.00055465
v 0.02170731 0.0132889 0.00055465
v 0.02361196 0.01688184 0.00055465
v 0.02357135 0.01489065 0.00055465
v 0.0239429 0.01429437 0.00055465
v 0.02139249 0.0185157 0.00055465
v 0.02202714 0.01855393 0.00055465
v 0.02190785 0.01791261 0.00055465
v 0.02012249 0.01496099 0.00055465
v 0.02035879 0.01509107 0.00065905
v 0.0218321 0.01419988 0.00065905
v 0.02412458 0.01728524 0.00055465
v 0.01960986 0.01455759 0.00055465
v 0.0237326 0.01778584 0.00055465
v 0.02059672 0.01662818 0.00099479
v 0.02059672 0.01662821 0.00219611
v 0.02056895 0.01526701 0.00219611
v 0.02056895 0.01526705 0.00099479
v 0.02078543 0.01832671 0.00055465
v 0.0201631 0.01695218 0.00055465
v 0.02316549 0.01657582 0.00219611
v 0.02316549 0.01657578 0.00099479
v 0.02313773 0.01521465 0.00099479
v 0.02313773 0.01521462 0.00219611
v 0.01923463 0.01576286 0.00055465
v 0.01934907 0.01513744 0.00055465
v 0.01907608 0.01505245 0.00073952
v 0.01936514 0.01440973 0.00073952
v 0.02134103 0.01879695 0.00073952
v 0.02306629 0.01325536 0.00073952
v 0.02366948 0.0136198 0.00073952
v 0.02474249 0.01539374 0.00073952
v 0.02478522 0.01609717 0.00073952
v 0.02169448 0.01307767 0.00065656
v 0.02465837 0.01679038 0.00073952
v 0.0243693 0.0174331 0.00073952
v 0.02338019 0.01842272 0.00073952
v 0.01914702 0.01507453 0.00065656
v 0.01902339 0.01575013 0.00065656
v 0.02066816 0.01858747 0.00073952
v 0.02006497 0.01822304 0.00073952
v 0.01920179 0.01712186 0.00073952
v 0.01942874 0.01444816 0.00065656
v 0.02453266 0.01472098 0.00073952
v 0.02183839 0.01450768 0.00225618
v 0.02062848 0.01523952 0.00225618
v 0.02065732 0.01665325 0.00225618
v 0.02189606 0.01733515 0.00225618
v 0.02310597 0.01660331 0.00225618
v 0.02307713 0.01518958 0.00225618
v 0.02388228 0.01793543 0.00065656
v 0.01979962 0.01385487 0.00073952
v 0.02203997 0.01876516 0.00065656
v 0.02393483 0.01798796 0.00073952
v 0.01956653 0.01772485 0.00073952
v 0.02065139 0.01671856 0.00099479
v 0.02052755 0.01679351 0.00073756
v 0.02184697 0.01751982 0.00073756
v 0.02184405 0.01737509 0.00099479
v 0.02069864 0.01851971 0.00065656
v 0.02098063 0.0130788 0.0039577
v 0.02430571 0.01739467 0.00065656
v 0.02337566 0.01675176 0.00065905
v 0.02334055 0.01503024 0.00065905
v 0.0213544 0.01872386 0.00065656
v 0.02416792 0.01411798 0.00073952
v 0.02410944 0.01416382 0.00065656
v 0.02184408 0.0173751 0.00219611
v 0.02065136 0.01671855 0.00219611
v 0.02049311 0.01510468 0.00073756
v 0.0206199 0.01517451 0.00099479
v 0.02178478 0.01446989 0.00099479
v 0.0217818 0.01432516 0.00073756
v 0.02039389 0.01681259 0.00065905
v 0.02190235 0.01764295 0.00065905
v 0.02311455 0.01666832 0.00099479
v 0.02311458 0.0166683 0.00219611
v 0.02194963 0.01737295 0.00219611
v 0.02194966 0.01737293 0.00099479
v 0.02047284 0.01670307 0.00073756
v 0.02044213 0.01519728 0.00073756
v 0.02329231 0.01664556 0.00073756
v 0.02326161 0.01513976 0.00073756
v 0.02308309 0.01512428 0.00219611
v 0.02308306 0.01512427 0.00099479
v 0.0218904 0.01446774 0.00099479
v 0.02189037 0.01446773 0.00219611
v 0.02061986 0.01517453 0.00219611
v 0.02178482 0.01446988 0.00219611
v 0.02195265 0.01751767 0.00073756
v 0.02324134 0.01673815 0.00073756
v 0.0232069 0.01504932 0.00073756
v 0.02188748 0.01432301 0.00073756
v 0.01527614 0.0193315 0.00055465
v 0.01522793 0.01912544 0.00065656
v 0.01458291 0.01936138 0.00065656
v 0.01467904 0.01954991 0.00055465
v 0.01787776 0.01969419 0.00089496
v 0.01787776 0.01969419 0.0039577
v 0.01729186 0.01927946 0.0039577
v 0.01729186 0.01927946 0.00089496
v 0.0144621 0.02451956 0.00089496
v 0.0144621 0.02451956 0.0039577
v 0.01513023 0.02478203 0.0039577
v 0.01513023 0.02478203 0.00089496
v 0.01292547 0.02150566 0.00089496
v 0.01292547 0.02150566 0.0039577
v 0.01291698 0.02222345 0.0039577
v 0.01291698 0.02222345 0.00089496
v 0.0138762 0.02410483 0.00089496
v 0.0138762 0.02410483 0.0039577
v 0.01584177 0.02487698 0.0039577
v 0.01584177 0.02487698 0.00089496
v 0.01834738 0.0202371 0.00089496
v 0.01834738 0.0202371 0.0039577
v 0.01519861 0.01900014 0.00089496
v 0.01519861 0.01900014 0.0039577
v 0.01452446 0.01924673 0.0039577
v 0.01452446 0.01924673 0.00089496
v 0.01392891 0.0196475 0.0039577
v 0.01392891 0.0196475 0.00089496
v 0.01310549 0.02081076 0.00089496
v 0.01310549 0.02081076 0.0039577
v 0.01308051 0.02292241 0.0039577
v 0.01308051 0.02292241 0.00089496
v 0.01340657 0.02356192 0.0039577
v 0.01340657 0.02356192 0.00089496
v 0.01655534 0.02479888 0.00089496
v 0.01655534 0.02479888 0.0039577
v 0.01722949 0.02455229 0.0039577
v 0.01722949 0.02455229 0.00089496
v 0.01782505 0.02415152 0.00089496
v 0.01782505 0.02415152 0.0039577
v 0.01830738 0.02361988 0.0039577
v 0.01830738 0.02361988 0.00089496
v 0.01864847 0.02298826 0.0039577
v 0.01864847 0.02298826 0.00089496
v 0.01882849 0.02229336 0.00089496
v 0.01882849 0.02229336 0.0039577
v 0.01883698 0.02157557 0.0039577
v 0.01883698 0.02157557 0.00089496
v 0.01867344 0.02087661 0.0039577
v 0.01867344 0.02087661 0.00089496
v 0.015211 0.01905309 0.00073952
v 0.01591155 0.01897643 0.00073952
v 0.01591219 0.01892204 0.00089496
v 0.01820234 0.02354553 0.00065656
v 0.01852869 0.02294121 0.00065656
v 0.01833173 0.02286383 0.00055465
v 0.01802962 0.02342327 0.00055465
v 0.01779129 0.0197895 0.00065656
v 0.01723071 0.0193927 0.00065656
v 0.01713016 0.0195789 0.00055465
v 0.0176491 0.01994623 0.00055465
v 0.01297938 0.02151285 0.00073952
v 0.01315611 0.02083065 0.00073952
v 0.01824062 0.02030895 0.00065656
v 0.01806505 0.02042709 0.00055465
v 0.01584329 0.0247483 0.00065656
v 0.01652602 0.02467358 0.00065656
v 0.01647782 0.02446753 0.00055465
v 0.01584579 0.0245367 0.00055465
v 0.01584241 0.02482259 0.00073952
v 0.01514387 0.02472937 0.00073952
v 0.01870093 0.02227634 0.00065656
v 0.01870905 0.02158958 0.00065656
v 0.01849869 0.0216126 0.00055465
v 0.01849118 0.02224835 0.00055465
v 0.01344658 0.02017914 0.0039577
v 0.01344658 0.02017914 0.00089496
v 0.01662372 0.01901699 0.00089496
v 0.01661008 0.01906964 0.00073952
v 0.01726601 0.01932732 0.00073952
v 0.01590817 0.01926233 0.00055465
v 0.01591067 0.01905072 0.00065656
v 0.01320137 0.0228782 0.00065656
v 0.01351333 0.02349007 0.00065656
v 0.0136889 0.02337193 0.00055465
v 0.01340011 0.0228055 0.00055465
v 0.01305302 0.02152268 0.00065656
v 0.0130449 0.02220945 0.00065656
v 0.01325526 0.02218642 0.00055465
v 0.01326278 0.02155067 0.00055465
v 0.01662372 0.01901699 0.0039577
v 0.01645366 0.01999321 0.00055465
v 0.01653838 0.01934643 0.00055465
v 0.01723953 0.02335208 0.00055465
v 0.01781622 0.02144579 0.00055465
v 0.01835385 0.02099352 0.00055465
v 0.0146238 0.02422012 0.00055465
v 0.01521558 0.0244526 0.00055465
v 0.0153003 0.0238058 0.00055465
v 0.01451442 0.02044694 0.00055465
v 0.01469896 0.02064367 0.00065905
v 0.01637556 0.02025138 0.00065905
v 0.01760241 0.02389415 0.00055465
v 0.01415155 0.01990487 0.00055465
v 0.01707492 0.02424911 0.00055465
v 0.01445025 0.02217907 0.00099479
v 0.01445024 0.02217911 0.00219611
v 0.01484447 0.02087595 0.00219611
v 0.01484446 0.02087598 0.00099479
v 0.01410486 0.02385279 0.00055465
v 0.01393774 0.02235323 0.00055465
v 0.01690948 0.02292307 0.00219611
v 0.01690949 0.02292304 0.00099479
v 0.0173037 0.02161995 0.00099479
v 0.01730371 0.02161991 0.00219611
v 0.01342223 0.02093519 0.00055465
v 0.01372434 0.02037575 0.00055465
v 0.01349097 0.02021056 0.00073952
v 0.01396449 0.01968863 0.00073952
v 0.01448794 0.0244717 0.00073952
v 0.01784121 0.01973448 0.00073952
v 0.01830226 0.02026747 0.00073952
v 0.01877458 0.02228617 0.00073952
v 0.01859784 0.02296837 0.00073952
v 0.01659145 0.01914157 0.00065656
v 0.01826299 0.02358846 0.00073952
v 0.01778946 0.02411039 0.00073952
v 0.01654295 0.02474592 0.00073952
v 0.01355161 0.02025349 0.00065656
v 0.01322527 0.02085781 0.00065656
v 0.01391274 0.02406455 0.00073952
v 0.01345169 0.02353155 0.00073952
v 0.01297105 0.02221753 0.00073952
v 0.0140131 0.01974482 0.00065656
v 0.01878291 0.02158149 0.00073952
v 0.01628642 0.02054606 0.00225618
v 0.01490958 0.0208682 0.00225618
v 0.01450014 0.02222165 0.00225618
v 0.01546754 0.02325296 0.00225618
v 0.01684438 0.02293082 0.00225618
v 0.01725382 0.02157737 0.00225618
v 0.01717104 0.02443764 0.00065656
v 0.01454916 0.01929518 0.00073952
v 0.01516251 0.02465745 0.00065656
v 0.01720479 0.02450383 0.00073952
v 0.01313159 0.02290373 0.00073952
v 0.01447432 0.02228193 0.00099479
v 0.01433338 0.02231494 0.00073756
v 0.01536378 0.02341343 0.00073756
v 0.01540573 0.02327487 0.00099479
v 0.01396267 0.02400952 0.00065656
v 0.01591219 0.01892204 0.0039577
v 0.01774085 0.0240542 0.00065656
v 0.01705499 0.02315535 0.00065905
v 0.01755359 0.02150724 0.00065905
v 0.01452325 0.02440633 0.00065656
v 0.01862236 0.02089529 0.00073952
v 0.01855258 0.02092082 0.00065656
v 0.01540575 0.0232749 0.00219611
v 0.0144743 0.0222819 0.00219611
v 0.0148225 0.02069812 0.00073756
v 0.0149215 0.02080371 0.00099479
v 0.01624712 0.02049356 0.00099479
v 0.016289 0.02035499 0.00073756
v 0.01420037 0.02229178 0.00065905
v 0.0153784 0.02354764 0.00065905
v 0.01683245 0.0229953 0.00099479
v 0.01683249 0.0229953 0.00219611
v 0.0155068 0.02330547 0.00219611
v 0.01550684 0.02330546 0.00099479
v 0.0143093 0.02221202 0.00073756
v 0.01474541 0.02077043 0.00073756
v 0.01700855 0.02302859 0.00073756
v 0.01744466 0.021587 0.00073756
v 0.01727966 0.02151711 0.00219611
v 0.01727964 0.02151709 0.00099479
v 0.01634823 0.02052414 0.00099479
v 0.0163482 0.02052412 0.00219611
v 0.01492147 0.02080372 0.00219611
v 0.01624715 0.02049355 0.00219611
v 0.01546496 0.02344403 0.00073756
v 0.01693146 0.0231009 0.00073756
v 0.01742058 0.02148408 0.00073756
v 0.01639017 0.02038559 0.00073756
v 0.00099589 0.0246186 0.00055465
v 0.001078 0.02442356 0.00065656
v 0.00041749 0.0242353 0.00065656
v 0.00038444 0.02444432 0.00055465
v 0.00288745 0.02644122 0.00089496
v 0.00288745 0.02644122 0.0039577
v 0.00265722 0.02576131 0.0039577
v 0.00265722 0.02576131 0.00089496
v -0.00271215 0.02833735 0.00089496
v -0.00271215 0.02833735 0.0039577
v -0.00232589 0.02894241 0.0039577
v -0.00232589 0.02894241 0.00089496
v -0.00218379 0.02499584 0.00089496
v -0.00218379 0.02499584 0.0039577
v -0.00261256 0.02557155 0.0039577
v -0.00261256 0.02557155 0.00089496
v -0.00294238 0.02765744 0.00089496
v -0.00294238 0.02765744 0.0039577
v -0.00180606 0.02943745 0.0039577
v -0.00180606 0.02943745 0.00089496
v 0.00294828 0.02715648 0.00089496
v 0.00294828 0.02715648 0.0039577
v 0.00112794 0.02430496 0.00089496
v 0.00112794 0.02430496 0.0039577
v 0.00043759 0.0241082 0.0039577
v 0.00043759 0.0241082 0.00089496
v -0.00027978 0.02408237 0.0039577
v -0.00027978 0.02408237 0.00089496
v -0.0016297 0.02453947 0.00089496
v -0.0016297 0.02453947 0.0039577
v -0.0028911 0.02623315 0.0039577
v -0.0028911 0.02623315 0.00089496
v -0.00300321 0.02694217 0.0039577
v -0.00300321 0.02694217 0.00089496
v -0.00118286 0.0297937 0.00089496
v -0.00118286 0.0297937 0.0039577
v -0.00049252 0.02999046 0.0039577
v -0.00049252 0.02999046 0.00089496
v 0.00022486 0.03001629 0.00089496
v 0.00022486 0.03001629 0.0039577
v 0.00092756 0.02986969 0.0039577
v 0.00092756 0.02986969 0.00089496
v 0.00157477 0.02955918 0.0039577
v 0.00157477 0.02955918 0.00089496
v 0.00212886 0.02910282 0.00089496
v 0.00212886 0.02910282 0.0039577
v 0.00255763 0.0285271 0.0039577
v 0.00255763 0.0285271 0.00089496
v 0.00283617 0.02786551 0.0039577
v 0.00283617 0.02786551 0.00089496
v 0.00110683 0.02435508 0.00073952
v 0.00171865 0.02470483 0.00073952
v 0.00175113 0.02466121 0.00089496
v 0.00088629 0.0297478 0.00065656
v 0.00150552 0.02945071 0.00065656
v 0.00139166 0.02927234 0.00055465
v 0.00081842 0.02954736 0.00055465
v 0.00276148 0.0264675 0.00065656
v 0.0025412 0.02581697 0.00065656
v 0.0023504 0.02590851 0.00055465
v 0.00255432 0.02651072 0.00055465
v -0.0021444 0.02503335 0.00073952
v -0.00160043 0.02458531 0.00073952
v 0.00281967 0.02715185 0.00065656
v 0.00260819 0.02714423 0.00055465
v -0.0017292 0.02933424 0.00065656
v -0.00113293 0.0296751 0.00065656
v -0.00105082 0.02948006 0.00055465
v -0.00160279 0.02916452 0.00055465
v -0.00177358 0.02939383 0.00073952
v -0.00228391 0.02890783 0.00073952
v 0.00203567 0.02901406 0.00065656
v 0.00244591 0.02846324 0.00065656
v 0.00226219 0.02835822 0.00055465
v 0.00188242 0.02886813 0.00055465
v -0.00098249 0.02422896 0.0039577
v -0.00098249 0.02422896 0.00089496
v 0.00227097 0.02515625 0.00089496
v 0.00222898 0.02519082 0.00073952
v 0.00260818 0.02578483 0.00073952
v 0.00154787 0.02493413 0.00055465
v 0.00167427 0.02476441 0.00065656
v -0.00276734 0.02626842 0.00065656
v -0.0028746 0.02694681 0.00065656
v -0.00266312 0.02695442 0.00055465
v -0.00256382 0.02632643 0.00055465
v -0.0020906 0.02508459 0.00065656
v -0.00250084 0.02563542 0.00065656
v -0.00231712 0.02574044 0.00055465
v -0.00193735 0.02523053 0.00055465
v 0.00227097 0.02515625 0.0039577
v 0.00155957 0.02584607 0.00055465
v 0.00200829 0.0253726 0.00055465
v 0.00022106 0.02902537 0.00055465
v 0.0018081 0.02782212 0.00055465
v 0.00250889 0.02777223 0.00055465
v -0.00240533 0.02819014 0.00055465
v -0.00206322 0.02872605 0.00055465
v -0.0016145 0.02825259 0.00055465
v -0.00027599 0.02507328 0.00055465
v -0.00024234 0.02534091 0.00065905
v 0.00134464 0.02600902 0.00065905
v 0.00019602 0.02967721 0.00055465
v -0.00025095 0.02442145 0.00055465
v -0.00043937 0.02965433 0.00055465
v -0.00134603 0.02643689 0.00099479
v -0.00134606 0.02643691 0.00219611
v -0.00026114 0.02561436 0.00219611
v -0.00026117 0.02561438 0.00099479
v -0.00260925 0.02758794 0.00055465
v -0.00186303 0.02627654 0.00055465
v 0.00020622 0.0284843 0.00219611
v 0.00020625 0.02848427 0.00099479
v 0.0012911 0.02766176 0.00099479
v 0.00129113 0.02766174 0.00219611
v -0.00144659 0.02482632 0.00055465
v -0.00087335 0.02455129 0.00055465
v -0.00096505 0.02428048 0.00073952
v -0.00027517 0.02413656 0.00073952
v -0.00266311 0.02831382 0.00073952
v 0.00283421 0.02645233 0.00073952
v 0.00289392 0.02715452 0.00073952
v 0.00208947 0.02906531 0.00073952
v 0.0015455 0.02951334 0.00073952
v 0.00217163 0.02523806 0.00065656
v 0.00091012 0.02981818 0.00073952
v 0.00022024 0.0299621 0.00073952
v -0.00116176 0.02974358 0.00073952
v -0.00094122 0.02435085 0.00065656
v -0.00156045 0.02464794 0.00065656
v -0.00288914 0.02764633 0.00073952
v -0.00294885 0.02694413 0.00073952
v -0.00256534 0.02559855 0.00073952
v -0.00026888 0.02421059 0.00065656
v 0.00251041 0.02850011 0.00073952
v 0.00109932 0.02619503 0.00225618
v -0.00020392 0.02564636 0.00225618
v -0.0013307 0.02650066 0.00225618
v -0.00115425 0.02790363 0.00225618
v 0.00014899 0.0284523 0.00225618
v 0.00127577 0.027598 0.00225618
v -0.00047242 0.02986335 0.00065656
v 0.0004291 0.02416191 0.00073952
v -0.00222656 0.02886059 0.00065656
v -0.00048402 0.02993674 0.00073952
v -0.00283879 0.02624806 0.00073952
v -0.00138702 0.02653425 0.00099479
v -0.00152045 0.02647811 0.00073756
v -0.0013325 0.02797246 0.00073756
v -0.00121713 0.02788503 0.00099479
v -0.00281641 0.02763116 0.00065656
v 0.00175113 0.02466121 0.0039577
v 0.00021395 0.02988806 0.00065656
v 0.00018741 0.02875774 0.00065905
v 0.00155951 0.02771746 0.00065905
v -0.00259612 0.02828168 0.00065656
v 0.00278386 0.0278506 0.00073952
v 0.00271241 0.02783023 0.00065656
v -0.00121713 0.02788506 0.00219611
v -0.00138702 0.02653422 0.00219611
v -0.0001744 0.02545758 0.00073756
v -0.00015637 0.0256012 0.00099479
v 0.00109838 0.02612945 0.00099479
v 0.00121372 0.02604196 0.00073756
v -0.00161444 0.0263812 0.00065905
v -0.00139957 0.02808963 0.00065905
v 0.00010144 0.02849746 0.00099479
v 0.00010147 0.02849747 0.00219611
v -0.00115334 0.02796919 0.00219611
v -0.00115331 0.0279692 0.00099479
v -0.00147943 0.02638069 0.00073756
v -0.00027927 0.02547077 0.00073756
v 0.00022434 0.02862789 0.00073756
v 0.00142451 0.02771796 0.00073756
v 0.0013321 0.02756444 0.00219611
v 0.00133209 0.0275644 0.00099479
v 0.0011622 0.02621363 0.00099479
v 0.0011622 0.02621359 0.00219611
v -0.0001564 0.02560118 0.00219611
v 0.00109842 0.02612947 0.00219611
v -0.00126864 0.02805669 0.00073756
v 0.00011947 0.02864108 0.00073756
v 0.00146552 0.02762054 0.00073756
v 0.00127758 0.02612619 0.00073756
v -0.00666042 0.02372143 0.00055465
v -0.00652205 0.02356131 0.00065656
v -0.00709206 0.02317815 0.00065656
v -0.00718809 0.02336673 0.00055465
v -0.00542465 0.02603937 0.00089496
v -0.00542465 0.02603937 0.0039577
v -0.00543352 0.02532159 0.0039577
v -0.00543352 0.02532159 0.00089496
v -0.01133613 0.02611232 0.00089496
v -0.01133613 0.02611232 0.0039577
v -0.01115575 0.02680713 0.0039577
v -0.01115575 0.02680713 0.00089496
v -0.00980105 0.02309763 0.00089496
v -0.00980105 0.02309763 0.0039577
v -0.01038674 0.02351267 0.0039577
v -0.01038674 0.02351267 0.00089496
v -0.01134499 0.02539454 0.00089496
v -0.01134499 0.02539454 0.0039577
v -0.01081434 0.02743858 0.0039577
v -0.01081434 0.02743858 0.00089496
v -0.00558783 0.02673841 0.00089496
v -0.00558783 0.02673841 0.0039577
v -0.00643791 0.02346394 0.00089496
v -0.00643791 0.02346394 0.0039577
v -0.00703367 0.02306348 0.0039577
v -0.00703367 0.02306348 0.00089496
v -0.00770795 0.02281724 0.0039577
v -0.00770795 0.02281724 0.00089496
v -0.00913305 0.02283482 0.00089496
v -0.00913305 0.02283482 0.0039577
v -0.01085608 0.02405581 0.0039577
v -0.01085608 0.02405581 0.00089496
v -0.01118181 0.02469549 0.0039577
v -0.01118181 0.02469549 0.00089496
v -0.01033173 0.02796997 0.00089496
v -0.01033173 0.02796997 0.0039577
v -0.00973597 0.02837043 0.0039577
v -0.00973597 0.02837043 0.00089496
v -0.00906169 0.02861667 0.00089496
v -0.00906169 0.02861667 0.0039577
v -0.00834808 0.0286944 0.0039577
v -0.00834808 0.0286944 0.00089496
v -0.0076366 0.02859908 0.0039577
v -0.0076366 0.02859908 0.00089496
v -0.0069686 0.02833628 0.00089496
v -0.0069686 0.02833628 0.0039577
v -0.00638291 0.02792124 0.0039577
v -0.00638291 0.02792124 0.00089496
v -0.00591356 0.0273781 0.0039577
v -0.00591356 0.0273781 0.00089496
v -0.00647347 0.02350509 0.00073952
v -0.00599968 0.02402678 0.00073952
v -0.0059553 0.02399533 0.00089496
v -0.00834966 0.02856572 0.00065656
v -0.00766893 0.02847453 0.00065656
v -0.00772211 0.0282697 0.00055465
v -0.00835228 0.02835412 0.00055465
v -0.00555259 0.02602543 0.00065656
v -0.00556106 0.02533867 0.00065656
v -0.00577081 0.02536678 0.00055465
v -0.00576296 0.02600252 0.00055465
v -0.00977518 0.02314547 0.00073952
v -0.00911938 0.02288746 0.00073952
v -0.00570872 0.02669427 0.00065656
v -0.00590749 0.02662168 0.00055465
v -0.01070934 0.02736417 0.00065656
v -0.01024759 0.0278726 0.00065656
v -0.01010923 0.02771248 0.00055465
v -0.01053668 0.02724182 0.00055465
v -0.01076996 0.02740713 0.00073952
v -0.01110514 0.02678721 0.00073952
v -0.0070298 0.02822307 0.00065656
v -0.00646943 0.02782598 0.00065656
v -0.0066117 0.02766932 0.00055465
v -0.00713045 0.02803692 0.00055465
v -0.00842157 0.02273951 0.0039577
v -0.00842157 0.02273951 0.00089496
v -0.00561389 0.02462678 0.00089496
v -0.0056645 0.02464669 0.00073952
v -0.00548742 0.02532881 0.00073952
v -0.00623296 0.02419209 0.00055465
v -0.0060603 0.02406973 0.00065656
v -0.01074928 0.0241276 0.00065656
v -0.01106093 0.02473963 0.00065656
v -0.01086215 0.02481223 0.00055465
v -0.01057365 0.02424565 0.00055465
v -0.00973984 0.02321083 0.00065656
v -0.01030022 0.02360793 0.00065656
v -0.01015794 0.02376458 0.00055465
v -0.00963919 0.02339698 0.00055465
v -0.00561389 0.02462678 0.0039577
v -0.00650363 0.02506301 0.00055465
v -0.00593057 0.02475137 0.00055465
v -0.00875909 0.02767308 0.00055465
v -0.0068779 0.02701914 0.00055465
v -0.00619599 0.02718825 0.00055465
v -0.01099884 0.02606713 0.00055465
v -0.01083907 0.02668253 0.00055465
v -0.01026601 0.0263709 0.00055465
v -0.00801056 0.02376082 0.00055465
v -0.00806125 0.02402576 0.00065905
v -0.0067584 0.02515157 0.00065905
v -0.00898434 0.02828528 0.00055465
v -0.00778531 0.02314863 0.00055465
v -0.00958156 0.02806717 0.00055465
v -0.0094496 0.02472704 0.00099479
v -0.00944963 0.02472704 0.00219611
v -0.00816363 0.02428 0.00219611
v -0.00816367 0.02428002 0.00099479
v -0.01100668 0.02543139 0.00055465
v -0.00989174 0.02441476 0.00055465
v -0.00860601 0.0271539 0.00219611
v -0.00860597 0.02715389 0.00099479
v -0.00732004 0.02670687 0.00099479
v -0.00732001 0.02670686 0.00219611
v -0.00904754 0.02316421 0.00055465
v -0.00841737 0.02307979 0.00055465
v -0.00842089 0.02279389 0.00073952
v -0.00772031 0.0228702 0.00073952
v -0.01128222 0.0261051 0.00073952
v -0.00547872 0.02603348 0.00073952
v -0.00563892 0.02671976 0.00073952
v -0.00699447 0.02828843 0.00073952
v -0.00765026 0.02854644 0.00073952
v -0.00573365 0.0246739 0.00065656
v -0.00834875 0.02864002 0.00073952
v -0.00904933 0.02856371 0.00073952
v -0.01029617 0.02792882 0.00073952
v -0.00841998 0.02286819 0.00065656
v -0.00910071 0.02295938 0.00065656
v -0.01129092 0.02540043 0.00073952
v -0.01113072 0.02471415 0.00073952
v -0.01035017 0.02355293 0.00073952
v -0.0077372 0.02294256 0.00065656
v -0.00641947 0.02788097 0.00073952
v -0.00704919 0.02525266 0.00225618
v -0.0081191 0.02432812 0.00225618
v -0.00945472 0.02479241 0.00225618
v -0.00972045 0.02618125 0.00225618
v -0.00865055 0.02710579 0.00225618
v -0.00731492 0.02664149 0.00225618
v -0.00967758 0.02825575 0.00065656
v -0.00705835 0.02311195 0.00073952
v -0.011036 0.02676001 0.00065656
v -0.0097113 0.02832196 0.00073952
v -0.01081095 0.02408615 0.00073952
v -0.00951867 0.02480696 0.00099479
v -0.00962822 0.02471234 0.00073756
v -0.00991125 0.02619163 0.00073756
v -0.00977451 0.02614412 0.00099479
v -0.01121706 0.02540848 0.00065656
v -0.0059553 0.02399533 0.0039577
v -0.00903244 0.02849135 0.00065656
v -0.0087084 0.02740815 0.00065905
v -0.00708198 0.02684279 0.00065905
v -0.01120858 0.02609523 0.00065656
v -0.0059587 0.02734775 0.00073952
v -0.00602036 0.0273063 0.00065656
v -0.00977451 0.02614415 0.00219611
v -0.00951866 0.02480693 0.00219611
v -0.00803269 0.0241577 0.00073756
v -0.00805992 0.02429987 0.00099479
v -0.00702982 0.02519 0.00099479
v -0.0068931 0.02514244 0.00073756
v -0.00968766 0.02459112 0.00065905
v -0.01001124 0.02628234 0.00065905
v -0.00870972 0.02713404 0.00099479
v -0.0087097 0.02713406 0.00219611
v -0.00973985 0.02624388 0.00219611
v -0.00973982 0.0262439 0.00099479
v -0.00955911 0.02463236 0.00073756
v -0.0081365 0.02413784 0.00073756
v -0.00863314 0.02729607 0.00073756
v -0.00721053 0.02680155 0.00073756
v -0.00725098 0.02662698 0.00219611
v -0.00725097 0.02662695 0.00099479
v -0.00699513 0.02528978 0.00099479
v -0.00699513 0.02528975 0.00219611
v -0.00805994 0.02429984 0.00219611
v -0.00702979 0.02519003 0.00219611
v -0.00987655 0.02629147 0.00073756
v -0.00873696 0.0272762 0.00073756
v -0.00714142 0.02672157 0.00073756
v -0.00685839 0.02524228 0.00073756
v -0.01366476 0.02050223 0.00055465
v -0.01348369 0.02039271 0.00065656
v -0.0139074 0.01985217 0.00065656
v -0.01405699 0.02000185 0.00055465
v -0.01320576 0.0230886 0.00089496
v -0.01320576 0.0230886 0.0039577
v -0.01299238 0.02240321 0.0039577
v -0.01299238 0.02240321 0.00089496
v -0.01885045 0.02133124 0.00089496
v -0.01885045 0.02133124 0.0039577
v -0.01889361 0.02204778 0.0039577
v -0.01889361 0.02204778 0.00089496
v -0.01645891 0.01893846 0.00089496
v -0.01645891 0.01893846 0.0039577
v -0.01714419 0.0191522 0.0039577
v -0.01714419 0.0191522 0.00089496
v -0.01863707 0.02064585 0.00089496
v -0.01863707 0.02064585 0.0039577
v -0.01876404 0.02275382 0.0039577
v -0.01876404 0.02275382 0.00089496
v -0.01357697 0.02370301 0.00089496
v -0.01357697 0.02370301 0.0039577
v -0.01337358 0.02032611 0.00089496
v -0.01337358 0.02032611 0.0039577
v -0.01381643 0.01976115 0.0039577
v -0.01381643 0.01976115 0.00089496
v -0.01438161 0.01931859 0.0039577
v -0.01438161 0.01931859 0.00089496
v -0.01574239 0.01889494 0.00089496
v -0.01574239 0.01889494 0.0039577
v -0.0177584 0.01952372 0.0039577
v -0.0177584 0.01952372 0.00089496
v -0.01826586 0.02003144 0.0039577
v -0.01826586 0.02003144 0.00089496
v -0.01846926 0.02340834 0.00089496
v -0.01846926 0.02340834 0.0039577
v -0.01802641 0.0239733 0.0039577
v -0.01802641 0.0239733 0.00089496
v -0.01746122 0.02441586 0.00089496
v -0.01746122 0.02441586 0.0039577
v -0.01680655 0.0247103 0.0039577
v -0.01680655 0.0247103 0.00089496
v -0.01610044 0.02483951 0.0039577
v -0.01610044 0.02483951 0.00089496
v -0.01538392 0.02479598 0.00089496
v -0.01538392 0.02479598 0.0039577
v -0.01469864 0.02458225 0.0039577
v -0.01469864 0.02458225 0.00089496
v -0.01408443 0.02421073 0.0039577
v -0.01408443 0.02421073 0.00089496
v -0.01342011 0.02035425 0.00073952
v -0.01313072 0.02099682 0.00073952
v -0.0130788 0.02098063 0.00089496
v -0.0167683 0.02458742 0.00065656
v -0.0160927 0.02471106 0.00065656
v -0.01607998 0.02449982 0.00055465
v -0.01670539 0.02438537 0.00055465
v -0.01332312 0.02303581 0.00065656
v -0.01311897 0.02238005 0.00065656
v -0.01332713 0.02234196 0.00055465
v -0.01351612 0.02294902 0.00055465
v -0.01644909 0.01899196 0.00073952
v -0.01574566 0.01894923 0.00073952
v -0.0136783 0.02362367 0.00065656
v -0.01384491 0.0234932 0.00055465
v -0.01864119 0.02271551 0.00065656
v -0.01835915 0.02334174 0.00065656
v -0.01817808 0.02323221 0.00055465
v -0.01843917 0.0226525 0.00055465
v -0.01871211 0.02273763 0.00073952
v -0.01883932 0.02204447 0.00073952
v -0.01540715 0.02466941 0.00065656
v -0.01475149 0.02446491 0.00065656
v -0.01483839 0.02427196 0.00055465
v -0.01544535 0.02446127 0.00055465
v -0.01503628 0.01902415 0.0039577
v -0.01503628 0.01902415 0.00089496
v -0.01294922 0.02168667 0.00089496
v -0.01300351 0.02168997 0.00073952
v -0.01304588 0.02239342 0.00073952
v -0.01340367 0.02108195 0.00055465
v -0.01320165 0.02101894 0.00065656
v -0.01767902 0.019625 0.00065656
v -0.01816454 0.02011077 0.00065656
v -0.01799792 0.02024124 0.00055465
v -0.01754846 0.01979155 0.00055465
v -0.01643568 0.01906504 0.00065656
v -0.01709134 0.01926954 0.00065656
v -0.01700444 0.01946248 0.00055465
v -0.01639748 0.01927318 0.00055465
v -0.01294922 0.02168667 0.0039577
v -0.01393022 0.0218266 0.00055465
v -0.0132889 0.02170731 0.00055465
v -0.01688184 0.02361196 0.00055465
v -0.01489065 0.02357135 0.00055465
v -0.01429437 0.0239429 0.00055465
v -0.0185157 0.02139249 0.00055465
v -0.01855393 0.02202714 0.00055465
v -0.01791262 0.02190785 0.00055465
v -0.01496099 0.02012249 0.00055465
v -0.01509107 0.02035879 0.00065905
v -0.01419988 0.0218321 0.00065905
v -0.01728524 0.02412458 0.00055465
v -0.01455759 0.01960986 0.00055465
v -0.01778584 0.0237326 0.00055465
v -0.01662818 0.02059672 0.00099479
v -0.01662821 0.02059672 0.00219611
v -0.01526701 0.02056895 0.00219611
v -0.01526705 0.02056895 0.00099479
v -0.01832671 0.02078543 0.00055465
v -0.01695218 0.0201631 0.00055465
v -0.01657582 0.02316549 0.00219611
v -0.01657578 0.02316549 0.00099479
v -0.01521465 0.02313773 0.00099479
v -0.01521462 0.02313773 0.00219611
v -0.01576286 0.01923463 0.00055465
v -0.01513744 0.01934907 0.00055465
v -0.01505245 0.01907608 0.00073952
v -0.01440974 0.01936514 0.00073952
v -0.01879695 0.02134103 0.00073952
v -0.01325536 0.02306629 0.00073952
v -0.0136198 0.02366948 0.00073952
v -0.01539374 0.02474249 0.00073952
v -0.01609717 0.02478522 0.00073952
v -0.01307768 0.02169448 0.00065656
v -0.01679038 0.02465837 0.00073952
v -0.0174331 0.0243693 0.00073952
v -0.01842272 0.02338019 0.00073952
v -0.01507453 0.01914702 0.00065656
v -0.01575013 0.01902339 0.00065656
v -0.01858747 0.02066816 0.00073952
v -0.01822304 0.02006497 0.00073952
v -0.01712186 0.01920179 0.00073952
v -0.01444816 0.01942874 0.00065656
v -0.01472098 0.02453266 0.00073952
v -0.01450768 0.02183839 0.00225618
v -0.01523952 0.02062848 0.00225618
v -0.01665325 0.02065732 0.00225618
v -0.01733515 0.02189606 0.00225618
v -0.01660331 0.02310597 0.00225618
v -0.01518958 0.02307713 0.00225618
v -0.01793544 0.02388228 0.00065656
v -0.01385487 0.01979962 0.00073952
v -0.01876516 0.02203997 0.00065656
v -0.01798796 0.02393483 0.00073952
v -0.01772485 0.01956653 0.00073952
v -0.01671856 0.02065139 0.00099479
v -0.01679351 0.02052755 0.00073756
v -0.01751982 0.02184697 0.00073756
v -0.01737509 0.02184405 0.00099479
v -0.01851971 0.02069864 0.00065656
v -0.0130788 0.02098063 0.0039577
v -0.01739468 0.02430571 0.00065656
v -0.01675177 0.02337566 0.00065905
v -0.01503024 0.02334055 0.00065905
v -0.01872387 0.0213544 0.00065656
v -0.01411798 0.02416792 0.00073952
v -0.01416382 0.02410944 0.00065656
v -0.01737511 0.02184408 0.00219611
v -0.01671855 0.02065136 0.00219611
v -0.01510468 0.02049311 0.00073756
v -0.01517451 0.0206199 0.00099479
v -0.0144699 0.02178478 0.00099479
v -0.01432517 0.0217818 0.00073756
v -0.01681259 0.02039389 0.00065905
v -0.01764295 0.02190235 0.00065905
v -0.01666832 0.02311455 0.00099479
v -0.0166683 0.02311458 0.00219611
v -0.01737295 0.02194963 0.00219611
v -0.01737294 0.02194966 0.00099479
v -0.01670307 0.02047284 0.00073756
v -0.01519728 0.02044213 0.00073756
v -0.01664556 0.02329231 0.00073756
v -0.01513976 0.02326161 0.00073756
v -0.01512428 0.02308309 0.00219611
v -0.01512427 0.02308306 0.00099479
v -0.01446774 0.0218904 0.00099479
v -0.01446773 0.02189037 0.00219611
v -0.01517453 0.02061986 0.00219611
v -0.01446988 0.02178482 0.00219611
v -0.01751767 0.02195265 0.00073756
v -0.01673816 0.02324134 0.00073756
v -0.01504932 0.0232069 0.00073756
v -0.01432301 0.02188748 0.00073756
v -0.0193315 0.01527614 0.00055465
v -0.01912544 0.01522793 0.00065656
v -0.01936138 0.01458291 0.00065656
v -0.01954991 0.01467903 0.00055465
v -0.01969419 0.01787776 0.00089496
v -0.01969419 0.01787776 0.0039577
v -0.01927946 0.01729186 0.0039577
v -0.01927946 0.01729186 0.00089496
v -0.02451956 0.0144621 0.00089496
v -0.02451956 0.0144621 0.0039577
v -0.02478203 0.01513023 0.0039577
v -0.02478203 0.01513023 0.00089496
v -0.02150566 0.01292546 0.00089496
v -0.02150566 0.01292546 0.0039577
v -0.02222345 0.01291698 0.0039577
v -0.02222345 0.01291698 0.00089496
v -0.02410483 0.0138762 0.00089496
v -0.02410483 0.0138762 0.0039577
v -0.02487698 0.01584176 0.0039577
v -0.02487698 0.01584176 0.00089496
v -0.0202371 0.01834738 0.00089496
v -0.0202371 0.01834738 0.0039577
v -0.01900014 0.01519861 0.00089496
v -0.01900014 0.01519861 0.0039577
v -0.01924673 0.01452446 0.0039577
v -0.01924673 0.01452446 0.00089496
v -0.0196475 0.01392891 0.0039577
v -0.0196475 0.01392891 0.00089496
v -0.02081076 0.01310549 0.00089496
v -0.02081076 0.01310549 0.0039577
v -0.02292241 0.01308051 0.0039577
v -0.02292241 0.01308051 0.00089496
v -0.02356192 0.01340657 0.0039577
v -0.02356192 0.01340657 0.00089496
v -0.02479888 0.01655534 0.00089496
v -0.02479888 0.01655534 0.0039577
v -0.02455229 0.01722949 0.0039577
v -0.02455229 0.01722949 0.00089496
v -0.02415152 0.01782504 0.00089496
v -0.02415152 0.01782504 0.0039577
v -0.02361988 0.01830738 0.0039577
v -0.02361988 0.01830738 0.00089496
v -0.02298826 0.01864846 0.0039577
v -0.02298826 0.01864846 0.00089496
v -0.02229336 0.01882849 0.00089496
v -0.02229336 0.01882849 0.0039577
v -0.02157557 0.01883698 0.0039577
v -0.02157557 0.01883698 0.00089496
v -0.02087661 0.01867344 0.0039577
v -0.02087661 0.01867344 0.00089496
v -0.01905309 0.015211 0.00073952
v -0.01897643 0.01591155 0.00073952
v -0.01892204 0.01591219 0.00089496
v -0.02354553 0.01820234 0.00065656
v -0.02294121 0.01852869 0.00065656
v -0.02286383 0.01833173 0.00055465
v -0.02342327 0.01802962 0.00055465
v -0.0197895 0.01779129 0.00065656
v -0.0193927 0.01723071 0.00065656
v -0.0195789 0.01713016 0.00055465
v -0.01994623 0.0176491 0.00055465
v -0.02151285 0.01297938 0.00073952
v -0.02083065 0.01315611 0.00073952
v -0.02030895 0.01824062 0.00065656
v -0.02042709 0.01806505 0.00055465
v -0.0247483 0.01584329 0.00065656
v -0.02467358 0.01652602 0.00065656
v -0.02446753 0.01647781 0.00055465
v -0.0245367 0.01584579 0.00055465
v -0.02482259 0.01584241 0.00073952
v -0.02472937 0.01514387 0.00073952
v -0.02227634 0.01870093 0.00065656
v -0.02158958 0.01870905 0.00065656
v -0.0216126 0.01849869 0.00055465
v -0.02224835 0.01849117 0.00055465
v -0.02017914 0.01344658 0.0039577
v -0.02017914 0.01344658 0.00089496
v -0.01901699 0.01662372 0.00089496
v -0.01906964 0.01661008 0.00073952
v -0.01932732 0.01726601 0.00073952
v -0.01926233 0.01590817 0.00055465
v -0.01905072 0.01591067 0.00065656
v -0.0228782 0.01320137 0.00065656
v -0.02349007 0.01351333 0.00065656
v -0.02337193 0.0136889 0.00055465
v -0.0228055 0.01340011 0.00055465
v -0.02152268 0.01305302 0.00065656
v -0.02220945 0.0130449 0.00065656
v -0.02218642 0.01325526 0.00055465
v -0.02155067 0.01326278 0.00055465
v -0.01901699 0.01662372 0.0039577
v -0.01999321 0.01645366 0.00055465
v -0.01934643 0.01653838 0.00055465
v -0.02335208 0.01723953 0.00055465
v -0.02144579 0.01781622 0.00055465
v -0.02099352 0.01835385 0.00055465
v -0.02422012 0.0146238 0.00055465
v -0.0244526 0.01521558 0.00055465
v -0.0238058 0.0153003 0.00055465
v -0.02044694 0.01451442 0.00055465
v -0.02064367 0.01469896 0.00065905
v -0.02025138 0.01637556 0.00065905
v -0.02389415 0.01760241 0.00055465
v -0.01990487 0.01415155 0.00055465
v -0.02424911 0.01707492 0.00055465
v -0.02217907 0.01445025 0.00099479
v -0.02217911 0.01445024 0.00219611
v -0.02087595 0.01484447 0.00219611
v -0.02087598 0.01484446 0.00099479
v -0.02385279 0.01410486 0.00055465
v -0.02235323 0.01393774 0.00055465
v -0.02292307 0.01690948 0.00219611
v -0.02292304 0.01690949 0.00099479
v -0.02161995 0.0173037 0.00099479
v -0.02161991 0.01730371 0.00219611
v -0.02093519 0.01342223 0.00055465
v -0.02037575 0.01372434 0.00055465
v -0.02021056 0.01349097 0.00073952
v -0.01968863 0.01396449 0.00073952
v -0.0244717 0.01448794 0.00073952
v -0.01973448 0.01784121 0.00073952
v -0.02026747 0.01830226 0.00073952
v -0.02228617 0.01877457 0.00073952
v -0.02296837 0.01859784 0.00073952
v -0.01914157 0.01659145 0.00065656
v -0.02358846 0.01826299 0.00073952
v -0.02411039 0.01778946 0.00073952
v -0.02474592 0.01654295 0.00073952
v -0.02025349 0.01355161 0.00065656
v -0.02085781 0.01322526 0.00065656
v -0.02406455 0.01391274 0.00073952
v -0.02353155 0.01345169 0.00073952
v -0.02221753 0.01297104 0.00073952
v -0.01974482 0.0140131 0.00065656
v -0.02158149 0.01878291 0.00073952
v -0.02054606 0.01628642 0.00225618
v -0.0208682 0.01490958 0.00225618
v -0.02222165 0.01450014 0.00225618
v -0.02325296 0.01546753 0.00225618
v -0.02293082 0.01684438 0.00225618
v -0.02157737 0.01725382 0.00225618
v -0.02443764 0.01717104 0.00065656
v -0.01929518 0.01454916 0.00073952
v -0.02465745 0.01516251 0.00065656
v -0.02450383 0.01720479 0.00073952
v -0.02290373 0.01313159 0.00073952
v -0.02228193 0.01447432 0.00099479
v -0.02231494 0.01433338 0.00073756
v -0.02341343 0.01536378 0.00073756
v -0.02327487 0.01540572 0.00099479
v -0.02400952 0.01396267 0.00065656
v -0.01892204 0.01591219 0.0039577
v -0.0240542 0.01774085 0.00065656
v -0.02315535 0.01705499 0.00065905
v -0.02150724 0.01755358 0.00065905
v -0.02440633 0.01452325 0.00065656
v -0.02089529 0.01862236 0.00073952
v -0.02092082 0.01855258 0.00065656
v -0.0232749 0.01540575 0.00219611
v -0.0222819 0.0144743 0.00219611
v -0.02069812 0.0148225 0.00073756
v -0.02080371 0.0149215 0.00099479
v -0.02049356 0.01624712 0.00099479
v -0.02035499 0.016289 0.00073756
v -0.02229178 0.01420037 0.00065905
v -0.02354764 0.0153784 0.00065905
v -0.0229953 0.01683245 0.00099479
v -0.0229953 0.01683248 0.00219611
v -0.02330547 0.0155068 0.00219611
v -0.02330546 0.01550684 0.00099479
v -0.02221202 0.0143093 0.00073756
v -0.02077043 0.01474541 0.00073756
v -0.02302859 0.01700854 0.00073756
v -0.021587 0.01744466 0.00073756
v -0.02151711 0.01727966 0.00219611
v -0.02151709 0.01727963 0.00099479
v -0.02052414 0.01634823 0.00099479
v -0.02052412 0.0163482 0.00219611
v -0.02080372 0.01492147 0.00219611
v -0.02049355 0.01624715 0.00219611
v -0.02344403 0.01546496 0.00073756
v -0.0231009 0.01693146 0.00073756
v -0.02148408 0.01742058 0.00073756
v -0.02038559 0.01639017 0.00073756
v -0.0246186 0.00099589 0.00055465
v -0.02442356 0.001078 0.00065656
v -0.0242353 0.00041749 0.00065656
v -0.02444432 0.00038444 0.00055465
v -0.02644122 0.00288745 0.00089496
v -0.02644122 0.00288745 0.0039577
v -0.02576131 0.00265722 0.0039577
v -0.02576131 0.00265722 0.00089496
v -0.02833735 -0.00271215 0.00089496
v -0.02833735 -0.00271215 0.0039577
v -0.02894241 -0.0023259 0.0039577
v -0.02894241 -0.0023259 0.00089496
v -0.02499584 -0.00218379 0.00089496
v -0.02499584 -0.00218379 0.0039577
v -0.02557155 -0.00261256 0.0039577
v -0.02557155 -0.00261256 0.00089496
v -0.02765744 -0.00294238 0.00089496
v -0.02765744 -0.00294238 0.0039577
v -0.02943745 -0.00180606 0.0039577
v -0.02943745 -0.00180606 0.00089496
v -0.02715648 0.00294828 0.00089496
v -0.02715648 0.00294828 0.0039577
v -0.02430496 0.00112793 0.00089496
v -0.02430496 0.00112793 0.0039577
v -0.0241082 0.00043759 0.0039577
v -0.0241082 0.00043759 0.00089496
v -0.02408237 -0.00027978 0.0039577
v -0.02408237 -0.00027978 0.00089496
v -0.02453947 -0.0016297 0.00089496
v -0.02453947 -0.0016297 0.0039577
v -0.02623315 -0.0028911 0.0039577
v -0.02623315 -0.0028911 0.00089496
v -0.02694217 -0.00300321 0.0039577
v -0.02694217 -0.00300321 0.00089496
v -0.0297937 -0.00118286 0.00089496
v -0.0297937 -0.00118286 0.0039577
v -0.02999046 -0.00049252 0.0039577
v -0.02999046 -0.00049252 0.00089496
v -0.03001629 0.00022485 0.00089496
v -0.03001629 0.00022485 0.0039577
v -0.02986969 0.00092756 0.0039577
v -0.02986969 0.00092756 0.00089496
v -0.02955918 0.00157477 0.0039577
v -0.02955918 0.00157477 0.00089496
v -0.02910282 0.00212886 0.00089496
v -0.02910282 0.00212886 0.0039577
v -0.0285271 0.00255763 0.0039577
v -0.0285271 0.00255763 0.00089496
v -0.02786551 0.00283617 0.0039577
v -0.02786551 0.00283617 0.00089496
v -0.02435508 0.00110683 0.00073952
v -0.02470483 0.00171865 0.00073952
v -0.02466121 0.00175113 0.00089496
v -0.0297478 0.00088629 0.00065656
v -0.02945071 0.00150552 0.00065656
v -0.02927234 0.00139166 0.00055465
v -0.02954736 0.00081842 0.00055465
v -0.0264675 0.00276148 0.00065656
v -0.02581697 0.00254119 0.00065656
v -0.02590851 0.0023504 0.00055465
v -0.02651072 0.00255432 0.00055465
v -0.02503335 -0.0021444 0.00073952
v -0.02458531 -0.00160043 0.00073952
v -0.02715185 0.00281967 0.00065656
v -0.02714423 0.00260819 0.00055465
v -0.02933424 -0.0017292 0.00065656
v -0.0296751 -0.00113293 0.00065656
v -0.02948006 -0.00105082 0.00055465
v -0.02916452 -0.00160279 0.00055465
v -0.02939383 -0.00177358 0.00073952
v -0.02890783 -0.00228391 0.00073952
v -0.02901406 0.00203567 0.00065656
v -0.02846324 0.00244591 0.00065656
v -0.02835822 0.00226219 0.00055465
v -0.02886813 0.00188242 0.00055465
v -0.02422896 -0.00098249 0.0039577
v -0.02422896 -0.00098249 0.00089496
v -0.02515625 0.00227097 0.00089496
v -0.02519082 0.00222898 0.00073952
v -0.02578483 0.00260818 0.00073952
v -0.02493413 0.00154786 0.00055465
v -0.02476441 0.00167427 0.00065656
v -0.02626842 -0.00276734 0.00065656
v -0.02694681 -0.0028746 0.00065656
v -0.02695442 -0.00266312 0.00055465
v -0.02632643 -0.00256382 0.00055465
v -0.02508459 -0.0020906 0.00065656
v -0.02563542 -0.00250084 0.00065656
v -0.02574044 -0.00231712 0.00055465
v -0.02523053 -0.00193735 0.00055465
v -0.02515625 0.00227097 0.0039577
v -0.02584607 0.00155957 0.00055465
v -0.0253726 0.00200828 0.00055465
v -0.02902537 0.00022106 0.00055465
v -0.02782212 0.0018081 0.00055465
v -0.02777223 0.00250889 0.00055465
v -0.02819014 -0.00240533 0.00055465
v -0.02872605 -0.00206322 0.00055465
v -0.02825259 -0.0016145 0.00055465
v -0.02507328 -0.00027599 0.00055465
v -0.02534091 -0.00024234 0.00065905
v -0.02600902 0.00134464 0.00065905
v -0.02967721 0.00019602 0.00055465
v -0.02442145 -0.00025095 0.00055465
v -0.02965433 -0.00043937 0.00055465
v -0.02643689 -0.00134603 0.00099479
v -0.02643691 -0.00134606 0.00219611
v -0.02561436 -0.00026115 0.00219611
v -0.02561438 -0.00026117 0.00099479
v -0.02758794 -0.00260925 0.00055465
v -0.02627654 -0.00186303 0.00055465
v -0.0284843 0.00020622 0.00219611
v -0.02848427 0.00020624 0.00099479
v -0.02766176 0.0012911 0.00099479
v -0.02766174 0.00129113 0.00219611
v -0.02482632 -0.00144659 0.00055465
v -0.02455129 -0.00087335 0.00055465
v -0.02428048 -0.00096505 0.00073952
v -0.02413656 -0.00027518 0.00073952
v -0.02831382 -0.00266311 0.00073952
v -0.02645233 0.00283421 0.00073952
v -0.02715452 0.00289392 0.00073952
v -0.02906531 0.00208947 0.00073952
v -0.02951334 0.0015455 0.00073952
v -0.02523806 0.00217163 0.00065656
v -0.02981818 0.00091012 0.00073952
v -0.0299621 0.00022024 0.00073952
v -0.02974358 -0.00116176 0.00073952
v -0.02435085 -0.00094122 0.00065656
v -0.02464794 -0.00156045 0.00065656
v -0.02764633 -0.00288914 0.00073952
v -0.02694413 -0.00294886 0.00073952
v -0.02559855 -0.00256534 0.00073952
v -0.02421059 -0.00026888 0.00065656
v -0.02850011 0.00251041 0.00073952
v -0.02619503 0.00109932 0.00225618
v -0.02564636 -0.00020392 0.00225618
v -0.02650066 -0.0013307 0.00225618
v -0.02790363 -0.00115425 0.00225618
v -0.0284523 0.00014899 0.00225618
v -0.027598 0.00127577 0.00225618
v -0.02986335 -0.00047242 0.00065656
v -0.02416191 0.0004291 0.00073952
v -0.02886059 -0.00222656 0.00065656
v -0.02993674 -0.00048403 0.00073952
v -0.02624806 -0.00283879 0.00073952
v -0.02653425 -0.00138702 0.00099479
v -0.02647811 -0.00152045 0.00073756
v -0.02797246 -0.00133251 0.00073756
v -0.02788503 -0.00121713 0.00099479
v -0.02763116 -0.00281641 0.00065656
v -0.02466121 0.00175113 0.0039577
v -0.02988806 0.00021395 0.00065656
v -0.02875774 0.00018741 0.00065905
v -0.02771746 0.00155951 0.00065905
v -0.02828168 -0.00259612 0.00065656
v -0.0278506 0.00278386 0.00073952
v -0.02783023 0.00271241 0.00065656
v -0.02788506 -0.00121713 0.00219611
v -0.02653422 -0.00138702 0.00219611
v -0.02545758 -0.0001744 0.00073756
v -0.0256012 -0.00015637 0.00099479
v -0.02612945 0.00109838 0.00099479
v -0.02604196 0.00121372 0.00073756
v -0.0263812 -0.00161444 0.00065905
v -0.02808963 -0.00139957 0.00065905
v -0.02849746 0.00010144 0.00099479
v -0.02849747 0.00010147 0.00219611
v -0.02796919 -0.00115335 0.00219611
v -0.0279692 -0.00115331 0.00099479
v -0.02638069 -0.00147943 0.00073756
v -0.02547077 -0.00027927 0.00073756
v -0.02862789 0.00022434 0.00073756
v -0.02771796 0.00142451 0.00073756
v -0.02756444 0.0013321 0.00219611
v -0.0275644 0.00133209 0.00099479
v -0.02621363 0.0011622 0.00099479
v -0.02621359 0.0011622 0.00219611
v -0.02560118 -0.0001564 0.00219611
v -0.02612947 0.00109842 0.00219611
v -0.02805669 -0.00126865 0.00073756
v -0.02864108 0.00011947 0.00073756
v -0.02762054 0.00146552 0.00073756
v -0.02612619 0.00127758 0.00073756
v -0.02372143 -0.00666042 0.00055465
v -0.02356131 -0.00652205 0.00065656
v -0.02317815 -0.00709206 0.00065656
v -0.02336673 -0.00718809 0.00055465
v -0.02603937 -0.00542466 0.00089496
v -0.02603937 -0.00542466 0.0039577
v -0.02532159 -0.00543352 0.0039577
v -0.02532159 -0.00543352 0.00089496
v -0.02611232 -0.01133613 0.00089496
v -0.02611232 -0.01133613 0.0039577
v -0.02680713 -0.01115576 0.0039577
v -0.02680713 -0.01115576 0.00089496
v -0.02309763 -0.00980105 0.00089496
v -0.02309763 -0.00980105 0.0039577
v -0.02351267 -0.01038674 0.0039577
v -0.02351267 -0.01038674 0.00089496
v -0.02539454 -0.01134499 0.00089496
v -0.02539454 -0.01134499 0.0039577
v -0.02743858 -0.01081434 0.0039577
v -0.02743858 -0.01081434 0.00089496
v -0.02673841 -0.00558784 0.00089496
v -0.02673841 -0.00558784 0.0039577
v -0.02346394 -0.00643791 0.00089496
v -0.02346394 -0.00643791 0.0039577
v -0.02306348 -0.00703367 0.0039577
v -0.02306348 -0.00703367 0.00089496
v -0.02281724 -0.00770795 0.0039577
v -0.02281724 -0.00770795 0.00089496
v -0.02283482 -0.00913305 0.00089496
v -0.02283482 -0.00913305 0.0039577
v -0.02405581 -0.01085608 0.0039577
v -0.02405581 -0.01085608 0.00089496
v -0.02469549 -0.01118181 0.0039577
v -0.02469549 -0.01118181 0.00089496
v -0.02796997 -0.01033173 0.00089496
v -0.02796997 -0.01033173 0.0039577
v -0.02837043 -0.00973598 0.0039577
v -0.02837043 -0.00973598 0.00089496
v -0.02861667 -0.0090617 0.00089496
v -0.02861667 -0.0090617 0.0039577
v -0.0286944 -0.00834808 0.0039577
v -0.0286944 -0.00834808 0.00089496
v -0.02859908 -0.0076366 0.0039577
v -0.02859908 -0.0076366 0.00089496
v -0.02833628 -0.0069686 0.00089496
v -0.02833628 -0.0069686 0.0039577
v -0.02792124 -0.00638291 0.0039577
v -0.02792124 -0.00638291 0.00089496
v -0.0273781 -0.00591356 0.0039577
v -0.0273781 -0.00591356 0.00089496
v -0.02350509 -0.00647347 0.00073952
v -0.02402678 -0.00599968 0.00073952
v -0.02399533 -0.0059553 0.00089496
v -0.02856572 -0.00834967 0.00065656
v -0.02847453 -0.00766893 0.00065656
v -0.0282697 -0.00772211 0.00055465
v -0.02835412 -0.00835228 0.00055465
v -0.02602543 -0.00555259 0.00065656
v -0.02533867 -0.00556106 0.00065656
v -0.02536678 -0.00577081 0.00055465
v -0.02600252 -0.00576296 0.00055465
v -0.02314547 -0.00977518 0.00073952
v -0.02288746 -0.00911938 0.00073952
v -0.02669427 -0.00570872 0.00065656
v -0.02662168 -0.00590749 0.00055465
v -0.02736417 -0.01070935 0.00065656
v -0.0278726 -0.01024759 0.00065656
v -0.02771248 -0.01010923 0.00055465
v -0.02724182 -0.01053668 0.00055465
v -0.02740713 -0.01076997 0.00073952
v -0.02678721 -0.01110514 0.00073952
v -0.02822307 -0.00702981 0.00065656
v -0.02782598 -0.00646943 0.00065656
v -0.02766932 -0.0066117 0.00055465
v -0.02803692 -0.00713045 0.00055465
v -0.02273951 -0.00842157 0.0039577
v -0.02273951 -0.00842157 0.00089496
v -0.02462678 -0.00561389 0.00089496
v -0.02464669 -0.00566451 0.00073952
v -0.02532881 -0.00548742 0.00073952
v -0.02419209 -0.00623297 0.00055465
v -0.02406973 -0.0060603 0.00065656
v -0.0241276 -0.01074928 0.00065656
v -0.02473963 -0.01106093 0.00065656
v -0.02481222 -0.01086215 0.00055465
v -0.02424565 -0.01057365 0.00055465
v -0.02321083 -0.00973984 0.00065656
v -0.02360793 -0.01030022 0.00065656
v -0.02376458 -0.01015795 0.00055465
v -0.02339698 -0.00963919 0.00055465
v -0.02462678 -0.00561389 0.0039577
v -0.02506301 -0.00650363 0.00055465
v -0.02475137 -0.00593057 0.00055465
v -0.02767308 -0.00875909 0.00055465
v -0.02701914 -0.0068779 0.00055465
v -0.02718825 -0.00619599 0.00055465
v -0.02606713 -0.01099884 0.00055465
v -0.02668253 -0.01083908 0.00055465
v -0.0263709 -0.01026601 0.00055465
v -0.02376082 -0.00801056 0.00055465
v -0.02402576 -0.00806125 0.00065905
v -0.02515157 -0.0067584 0.00065905
v -0.02828528 -0.00898434 0.00055465
v -0.02314863 -0.00778531 0.00055465
v -0.02806717 -0.00958156 0.00055465
v -0.02472704 -0.0094496 0.00099479
v -0.02472704 -0.00944963 0.00219611
v -0.02428 -0.00816364 0.00219611
v -0.02428002 -0.00816367 0.00099479
v -0.02543139 -0.01100668 0.00055465
v -0.02441476 -0.00989174 0.00055465
v -0.0271539 -0.00860601 0.00219611
v -0.02715389 -0.00860597 0.00099479
v -0.02670687 -0.00732004 0.00099479
v -0.02670686 -0.00732001 0.00219611
v -0.02316421 -0.00904754 0.00055465
v -0.02307979 -0.00841737 0.00055465
v -0.02279389 -0.0084209 0.00073952
v -0.0228702 -0.00772031 0.00073952
v -0.0261051 -0.01128222 0.00073952
v -0.02603348 -0.00547872 0.00073952
v -0.02671976 -0.00563893 0.00073952
v -0.02828843 -0.00699447 0.00073952
v -0.02854644 -0.00765026 0.00073952
v -0.0246739 -0.00573365 0.00065656
v -0.02864002 -0.00834875 0.00073952
v -0.02856371 -0.00904933 0.00073952
v -0.02792882 -0.01029617 0.00073952
v -0.02286819 -0.00841998 0.00065656
v -0.02295938 -0.00910071 0.00065656
v -0.02540042 -0.01129092 0.00073952
v -0.02471414 -0.01113072 0.00073952
v -0.02355293 -0.01035017 0.00073952
v -0.02294256 -0.0077372 0.00065656
v -0.02788097 -0.00641947 0.00073952
v -0.02525266 -0.0070492 0.00225618
v -0.02432812 -0.0081191 0.00225618
v -0.02479241 -0.00945473 0.00225618
v -0.02618125 -0.00972045 0.00225618
v -0.02710579 -0.00865055 0.00225618
v -0.02664149 -0.00731492 0.00225618
v -0.02825575 -0.00967758 0.00065656
v -0.02311195 -0.00705835 0.00073952
v -0.02676001 -0.011036 0.00065656
v -0.02832196 -0.0097113 0.00073952
v -0.02408615 -0.01081095 0.00073952
v -0.02480696 -0.00951867 0.00099479
v -0.02471234 -0.00962822 0.00073756
v -0.02619163 -0.00991125 0.00073756
v -0.02614412 -0.00977451 0.00099479
v -0.02540848 -0.01121706 0.00065656
v -0.02399533 -0.0059553 0.0039577
v -0.02849135 -0.00903245 0.00065656
v -0.02740815 -0.0087084 0.00065905
v -0.02684279 -0.00708198 0.00065905
v -0.02609523 -0.01120858 0.00065656
v -0.02734775 -0.0059587 0.00073952
v -0.0273063 -0.00602036 0.00065656
v -0.02614415 -0.00977451 0.00219611
v -0.02480693 -0.00951866 0.00219611
v -0.0241577 -0.00803269 0.00073756
v -0.02429987 -0.00805992 0.00099479
v -0.02519 -0.00702982 0.00099479
v -0.02514244 -0.0068931 0.00073756
v -0.02459112 -0.00968766 0.00065905
v -0.02628234 -0.01001125 0.00065905
v -0.02713404 -0.00870973 0.00099479
v -0.02713406 -0.0087097 0.00219611
v -0.02624388 -0.00973985 0.00219611
v -0.0262439 -0.00973982 0.00099479
v -0.02463236 -0.00955911 0.00073756
v -0.02413784 -0.0081365 0.00073756
v -0.02729607 -0.00863315 0.00073756
v -0.02680155 -0.00721053 0.00073756
v -0.02662698 -0.00725098 0.00219611
v -0.02662695 -0.00725098 0.00099479
v -0.02528978 -0.00699514 0.00099479
v -0.02528975 -0.00699513 0.00219611
v -0.02429984 -0.00805994 0.00219611
v -0.02519003 -0.00702979 0.00219611
v -0.02629147 -0.00987655 0.00073756
v -0.0272762 -0.00873696 0.00073756
v -0.02672157 -0.00714142 0.00073756
v -0.02524228 -0.00685839 0.00073756
v -0.02050223 -0.01366476 0.00055465
v -0.02039271 -0.01348369 0.00065656
v -0.01985216 -0.0139074 0.00065656
v -0.02000184 -0.014057 0.00055465
v -0.02308859 -0.01320576 0.00089496
v -0.02308859 -0.01320576 0.0039577
v -0.02240321 -0.01299238 0.0039577
v -0.02240321 -0.01299238 0.00089496
v -0.02133124 -0.01885045 0.00089496
v -0.02133124 -0.01885045 0.0039577
v -0.02204778 -0.01889361 0.0039577
v -0.02204778 -0.01889361 0.00089496
v -0.01893846 -0.01645891 0.00089496
v -0.01893846 -0.01645891 0.0039577
v -0.0191522 -0.01714419 0.0039577
v -0.0191522 -0.01714419 0.00089496
v -0.02064585 -0.01863707 0.00089496
v -0.02064585 -0.01863707 0.0039577
v -0.02275382 -0.01876404 0.0039577
v -0.02275382 -0.01876404 0.00089496
v -0.02370301 -0.01357697 0.00089496
v -0.02370301 -0.01357697 0.0039577
v -0.02032611 -0.01337358 0.00089496
v -0.02032611 -0.01337358 0.0039577
v -0.01976115 -0.01381643 0.0039577
v -0.01976115 -0.01381643 0.00089496
v -0.01931859 -0.01438161 0.0039577
v -0.01931859 -0.01438161 0.00089496
v -0.01889494 -0.01574239 0.00089496
v -0.01889494 -0.01574239 0.0039577
v -0.01952372 -0.0177584 0.0039577
v -0.01952372 -0.0177584 0.00089496
v -0.02003144 -0.01826586 0.0039577
v -0.02003144 -0.01826586 0.00089496
v -0.02340834 -0.01846926 0.00089496
v -0.02340834 -0.01846926 0.0039577
v -0.0239733 -0.01802641 0.0039577
v -0.0239733 -0.01802641 0.00089496
v -0.02441585 -0.01746122 0.00089496
v -0.02441585 -0.01746122 0.0039577
v -0.0247103 -0.01680656 0.0039577
v -0.0247103 -0.01680656 0.00089496
v -0.0248395 -0.01610044 0.0039577
v -0.0248395 -0.01610044 0.00089496
v -0.02479598 -0.01538393 0.00089496
v -0.02479598 -0.01538393 0.0039577
v -0.02458224 -0.01469864 0.0039577
v -0.02458224 -0.01469864 0.00089496
v -0.02421073 -0.01408443 0.0039577
v -0.02421073 -0.01408443 0.00089496
v -0.02035425 -0.01342011 0.00073952
v -0.02099682 -0.01313072 0.00073952
v -0.02098063 -0.0130788 0.00089496
v -0.02458742 -0.0167683 0.00065656
v -0.02471105 -0.0160927 0.00065656
v -0.02449982 -0.01607998 0.00055465
v -0.02438537 -0.0167054 0.00055465
v -0.02303581 -0.01332312 0.00065656
v -0.02238004 -0.01311897 0.00065656
v -0.02234196 -0.01332713 0.00055465
v -0.02294901 -0.01351612 0.00055465
v -0.01899196 -0.01644909 0.00073952
v -0.01894922 -0.01574566 0.00073952
v -0.02362367 -0.0136783 0.00065656
v -0.0234932 -0.01384491 0.00055465
v -0.02271551 -0.01864119 0.00065656
v -0.02334174 -0.01835915 0.00065656
v -0.02323221 -0.01817808 0.00055465
v -0.02265249 -0.01843917 0.00055465
v -0.02273762 -0.01871212 0.00073952
v -0.02204447 -0.01883932 0.00073952
v -0.0246694 -0.01540715 0.00065656
v -0.02446491 -0.01475149 0.00065656
v -0.02427196 -0.01483839 0.00055465
v -0.02446127 -0.01544535 0.00055465
v -0.01902415 -0.01503628 0.0039577
v -0.01902415 -0.01503628 0.00089496
v -0.02168667 -0.01294922 0.00089496
v -0.02168997 -0.01300351 0.00073952
v -0.02239342 -0.01304588 0.00073952
v -0.02108195 -0.01340367 0.00055465
v -0.02101894 -0.01320165 0.00065656
v -0.019625 -0.01767902 0.00065656
v -0.02011077 -0.01816454 0.00065656
v -0.02024124 -0.01799793 0.00055465
v -0.01979155 -0.01754846 0.00055465
v -0.01906504 -0.01643568 0.00065656
v -0.01926953 -0.01709134 0.00065656
v -0.01946248 -0.01700444 0.00055465
v -0.01927318 -0.01639749 0.00055465
v -0.02168667 -0.01294922 0.0039577
v -0.0218266 -0.01393022 0.00055465
v -0.02170731 -0.01328891 0.00055465
v -0.02361195 -0.01688184 0.00055465
v -0.02357135 -0.01489065 0.00055465
v -0.0239429 -0.01429437 0.00055465
v -0.02139249 -0.0185157 0.00055465
v -0.02202714 -0.01855393 0.00055465
v -0.02190784 -0.01791262 0.00055465
v -0.02012249 -0.01496099 0.00055465
v -0.02035879 -0.01509107 0.00065905
v -0.0218321 -0.01419988 0.00065905
v -0.02412458 -0.01728524 0.00055465
v -0.01960986 -0.01455759 0.00055465
v -0.0237326 -0.01778584 0.00055465
v -0.02059671 -0.01662818 0.00099479
v -0.02059672 -0.01662821 0.00219611
v -0.02056895 -0.01526701 0.00219611
v -0.02056895 -0.01526705 0.00099479
v -0.02078543 -0.01832671 0.00055465
v -0.0201631 -0.01695218 0.00055465
v -0.02316549 -0.01657582 0.00219611
v -0.02316549 -0.01657578 0.00099479
v -0.02313772 -0.01521465 0.00099479
v -0.02313772 -0.01521462 0.00219611
v -0.01923463 -0.01576286 0.00055465
v -0.01934907 -0.01513744 0.00055465
v -0.01907608 -0.01505245 0.00073952
v -0.01936514 -0.01440974 0.00073952
v -0.02134103 -0.01879695 0.00073952
v -0.02306629 -0.01325536 0.00073952
v -0.02366948 -0.0136198 0.00073952
v -0.02474249 -0.01539374 0.00073952
v -0.02478522 -0.01609717 0.00073952
v -0.02169447 -0.01307768 0.00065656
v -0.02465837 -0.01679038 0.00073952
v -0.0243693 -0.0174331 0.00073952
v -0.02338019 -0.01842272 0.00073952
v -0.01914702 -0.01507454 0.00065656
v -0.01902339 -0.01575013 0.00065656
v -0.02066816 -0.01858747 0.00073952
v -0.02006497 -0.01822304 0.00073952
v -0.01920179 -0.01712186 0.00073952
v -0.01942874 -0.01444816 0.00065656
v -0.02453266 -0.01472098 0.00073952
v -0.02183839 -0.01450768 0.00225618
v -0.02062848 -0.01523952 0.00225618
v -0.02065732 -0.01665325 0.00225618
v -0.02189606 -0.01733515 0.00225618
v -0.02310597 -0.01660331 0.00225618
v -0.02307713 -0.01518958 0.00225618
v -0.02388228 -0.01793544 0.00065656
v -0.01979962 -0.01385487 0.00073952
v -0.02203997 -0.01876516 0.00065656
v -0.02393482 -0.01798796 0.00073952
v -0.01956653 -0.01772485 0.00073952
v -0.02065139 -0.01671857 0.00099479
v -0.02052754 -0.01679352 0.00073756
v -0.02184697 -0.01751982 0.00073756
v -0.02184405 -0.01737509 0.00099479
v -0.02069864 -0.01851971 0.00065656
v -0.02098063 -0.0130788 0.0039577
v -0.02430571 -0.01739468 0.00065656
v -0.02337565 -0.01675177 0.00065905
v -0.02334055 -0.01503024 0.00065905
v -0.02135439 -0.01872386 0.00065656
v -0.02416792 -0.01411798 0.00073952
v -0.02410944 -0.01416382 0.00065656
v -0.02184408 -0.0173751 0.00219611
v -0.02065136 -0.01671855 0.00219611
v -0.02049311 -0.01510468 0.00073756
v -0.0206199 -0.01517451 0.00099479
v -0.02178478 -0.0144699 0.00099479
v -0.0217818 -0.01432517 0.00073756
v -0.02039389 -0.01681259 0.00065905
v -0.02190235 -0.01764295 0.00065905
v -0.02311455 -0.01666832 0.00099479
v -0.02311458 -0.01666831 0.00219611
v -0.02194962 -0.01737295 0.00219611
v -0.02194966 -0.01737294 0.00099479
v -0.02047284 -0.01670307 0.00073756
v -0.02044213 -0.01519728 0.00073756
v -0.02329231 -0.01664556 0.00073756
v -0.0232616 -0.01513976 0.00073756
v -0.02308309 -0.01512428 0.00219611
v -0.02308306 -0.01512427 0.00099479
v -0.02189039 -0.01446774 0.00099479
v -0.02189037 -0.01446773 0.00219611
v -0.02061986 -0.01517453 0.00219611
v -0.02178482 -0.01446988 0.00219611
v -0.02195265 -0.01751767 0.00073756
v -0.02324134 -0.01673815 0.00073756
v -0.0232069 -0.01504932 0.00073756
v -0.02188747 -0.01432301 0.00073756
v -0.01527614 -0.0193315 0.00055465
v -0.01522793 -0.01912544 0.00065656
v -0.01458291 -0.01936138 0.00065656
v -0.01467903 -0.01954991 0.00055465
v -0.01787776 -0.01969419 0.00089496
v -0.01787776 -0.01969419 0.0039577
v -0.01729186 -0.01927947 0.0039577
v -0.01729186 -0.01927947 0.00089496
v -0.0144621 -0.02451956 0.00089496
v -0.0144621 -0.02451956 0.0039577
v -0.01513023 -0.02478203 0.0039577
v -0.01513023 -0.02478203 0.00089496
v -0.01292546 -0.02150566 0.00089496
v -0.01292546 -0.02150566 0.0039577
v -0.01291698 -0.02222345 0.0039577
v -0.01291698 -0.02222345 0.00089496
v -0.0138762 -0.02410483 0.00089496
v -0.0138762 -0.02410483 0.0039577
v -0.01584176 -0.02487698 0.0039577
v -0.01584176 -0.02487698 0.00089496
v -0.01834738 -0.0202371 0.00089496
v -0.01834738 -0.0202371 0.0039577
v -0.01519861 -0.01900014 0.00089496
v -0.01519861 -0.01900014 0.0039577
v -0.01452446 -0.01924673 0.0039577
v -0.01452446 -0.01924673 0.00089496
v -0.01392891 -0.0196475 0.0039577
v -0.01392891 -0.0196475 0.00089496
v -0.01310549 -0.02081077 0.00089496
v -0.01310549 -0.02081077 0.0039577
v -0.01308051 -0.02292241 0.0039577
v -0.01308051 -0.02292241 0.00089496
v -0.01340657 -0.02356192 0.0039577
v -0.01340657 -0.02356192 0.00089496
v -0.01655534 -0.02479888 0.00089496
v -0.01655534 -0.02479888 0.0039577
v -0.01722949 -0.02455229 0.0039577
v -0.01722949 -0.02455229 0.00089496
v -0.01782504 -0.02415152 0.00089496
v -0.01782504 -0.02415152 0.0039577
v -0.01830738 -0.02361989 0.0039577
v -0.01830738 -0.02361989 0.00089496
v -0.01864846 -0.02298826 0.0039577
v -0.01864846 -0.02298826 0.00089496
v -0.01882849 -0.02229336 0.00089496
v -0.01882849 -0.02229336 0.0039577
v -0.01883697 -0.02157557 0.0039577
v -0.01883697 -0.02157557 0.00089496
v -0.01867344 -0.02087662 0.0039577
v -0.01867344 -0.02087662 0.00089496
v -0.015211 -0.0190531 0.00073952
v -0.01591154 -0.01897643 0.00073952
v -0.01591219 -0.01892205 0.00089496
v -0.01820234 -0.02354553 0.00065656
v -0.01852869 -0.02294121 0.00065656
v -0.01833172 -0.02286383 0.00055465
v -0.01802962 -0.02342327 0.00055465
v -0.01779129 -0.0197895 0.00065656
v -0.0172307 -0.0193927 0.00065656
v -0.01713016 -0.0195789 0.00055465
v -0.0176491 -0.01994623 0.00055465
v -0.01297938 -0.02151286 0.00073952
v -0.01315611 -0.02083065 0.00073952
v -0.01824062 -0.02030895 0.00065656
v -0.01806505 -0.02042709 0.00055465
v -0.01584329 -0.0247483 0.00065656
v -0.01652602 -0.02467358 0.00065656
v -0.01647782 -0.02446753 0.00055465
v -0.01584579 -0.0245367 0.00055465
v -0.01584241 -0.02482259 0.00073952
v -0.01514387 -0.02472937 0.00073952
v -0.01870093 -0.02227634 0.00065656
v -0.01870905 -0.02158958 0.00065656
v -0.01849869 -0.0216126 0.00055465
v -0.01849118 -0.02224835 0.00055465
v -0.01344657 -0.02017914 0.0039577
v -0.01344657 -0.02017914 0.00089496
v -0.01662372 -0.01901699 0.00089496
v -0.01661008 -0.01906965 0.00073952
v -0.01726601 -0.01932732 0.00073952
v -0.01590817 -0.01926233 0.00055465
v -0.01591066 -0.01905073 0.00065656
v -0.01320137 -0.02287821 0.00065656
v -0.01351333 -0.02349008 0.00065656
v -0.0136889 -0.02337193 0.00055465
v -0.01340011 -0.0228055 0.00055465
v -0.01305302 -0.02152268 0.00065656
v -0.0130449 -0.02220945 0.00065656
v -0.01325526 -0.02218643 0.00055465
v -0.01326278 -0.02155068 0.00055465
v -0.01662372 -0.01901699 0.0039577
v -0.01645366 -0.01999322 0.00055465
v -0.01653838 -0.01934643 0.00055465
v -0.01723953 -0.02335208 0.00055465
v -0.01781622 -0.02144579 0.00055465
v -0.01835384 -0.02099352 0.00055465
v -0.0146238 -0.02422013 0.00055465
v -0.01521557 -0.0244526 0.00055465
v -0.01530029 -0.0238058 0.00055465
v -0.01451442 -0.02044694 0.00055465
v -0.01469896 -0.02064368 0.00065905
v -0.01637556 -0.02025138 0.00065905
v -0.0176024 -0.02389415 0.00055465
v -0.01415155 -0.01990487 0.00055465
v -0.01707492 -0.02424911 0.00055465
v -0.01445025 -0.02217907 0.00099479
v -0.01445024 -0.02217911 0.00219611
v -0.01484447 -0.02087595 0.00219611
v -0.01484446 -0.02087598 0.00099479
v -0.01410486 -0.02385279 0.00055465
v -0.01393774 -0.02235323 0.00055465
v -0.01690948 -0.02292307 0.00219611
v -0.01690949 -0.02292304 0.00099479
v -0.0173037 -0.02161995 0.00099479
v -0.01730371 -0.02161991 0.00219611
v -0.01342223 -0.0209352 0.00055465
v -0.01372434 -0.02037575 0.00055465
v -0.01349097 -0.02021056 0.00073952
v -0.01396449 -0.01968863 0.00073952
v -0.01448794 -0.02447171 0.00073952
v -0.01784121 -0.01973448 0.00073952
v -0.01830226 -0.02026747 0.00073952
v -0.01877458 -0.02228617 0.00073952
v -0.01859784 -0.02296837 0.00073952
v -0.01659145 -0.01914157 0.00065656
v -0.01826298 -0.02358846 0.00073952
v -0.01778946 -0.02411039 0.00073952
v -0.01654295 -0.02474593 0.00073952
v -0.01355161 -0.02025349 0.00065656
v -0.01322526 -0.02085781 0.00065656
v -0.01391274 -0.02406455 0.00073952
v -0.01345169 -0.02353156 0.00073952
v -0.01297104 -0.02221753 0.00073952
v -0.0140131 -0.01974482 0.00065656
v -0.01878291 -0.02158149 0.00073952
v -0.01628642 -0.02054606 0.00225618
v -0.01490957 -0.0208682 0.00225618
v -0.01450014 -0.02222165 0.00225618
v -0.01546753 -0.02325297 0.00225618
v -0.01684438 -0.02293082 0.00225618
v -0.01725382 -0.02157737 0.00225618
v -0.01717104 -0.02443765 0.00065656
v -0.01454916 -0.01929519 0.00073952
v -0.01516251 -0.02465745 0.00065656
v -0.01720479 -0.02450383 0.00073952
v -0.01313159 -0.02290373 0.00073952
v -0.01447432 -0.02228194 0.00099479
v -0.01433337 -0.02231494 0.00073756
v -0.01536378 -0.02341343 0.00073756
v -0.01540572 -0.02327488 0.00099479
v -0.01396267 -0.02400952 0.00065656
v -0.01591219 -0.01892205 0.0039577
v -0.01774085 -0.0240542 0.00065656
v -0.01705499 -0.02315535 0.00065905
v -0.01755359 -0.02150724 0.00065905
v -0.01452325 -0.02440633 0.00065656
v -0.01862236 -0.02089529 0.00073952
v -0.01855258 -0.02092082 0.00065656
v -0.01540575 -0.0232749 0.00219611
v -0.01447429 -0.0222819 0.00219611
v -0.0148225 -0.02069812 0.00073756
v -0.0149215 -0.02080372 0.00099479
v -0.01624711 -0.02049356 0.00099479
v -0.016289 -0.02035499 0.00073756
v -0.01420037 -0.02229178 0.00065905
v -0.01537839 -0.02354764 0.00065905
v -0.01683245 -0.02299531 0.00099479
v -0.01683249 -0.0229953 0.00219611
v -0.0155068 -0.02330547 0.00219611
v -0.01550683 -0.02330546 0.00099479
v -0.0143093 -0.02221202 0.00073756
v -0.01474541 -0.02077043 0.00073756
v -0.01700855 -0.02302859 0.00073756
v -0.01744466 -0.021587 0.00073756
v -0.01727966 -0.02151712 0.00219611
v -0.01727964 -0.02151709 0.00099479
v -0.01634822 -0.02052414 0.00099479
v -0.0163482 -0.02052412 0.00219611
v -0.01492147 -0.02080372 0.00219611
v -0.01624715 -0.02049355 0.00219611
v -0.01546495 -0.02344404 0.00073756
v -0.01693145 -0.0231009 0.00073756
v -0.01742058 -0.02148408 0.00073756
v -0.01639017 -0.02038559 0.00073756
v -0.00099589 -0.0246186 0.00055465
v -0.001078 -0.02442356 0.00065656
v -0.00041749 -0.0242353 0.00065656
v -0.00038444 -0.02444432 0.00055465
v -0.00288745 -0.02644122 0.00089496
v -0.00288745 -0.02644122 0.0039577
v -0.00265722 -0.02576131 0.0039577
v -0.00265722 -0.02576131 0.00089496
v 0.00271215 -0.02833735 0.00089496
v 0.00271215 -0.02833735 0.0039577
v 0.0023259 -0.02894241 0.0039577
v 0.0023259 -0.02894241 0.00089496
v 0.00218379 -0.02499584 0.00089496
v 0.00218379 -0.02499584 0.0039577
v 0.00261256 -0.02557155 0.0039577
v 0.00261256 -0.02557155 0.00089496
v 0.00294238 -0.02765744 0.00089496
v 0.00294238 -0.02765744 0.0039577
v 0.00180607 -0.02943745 0.0039577
v 0.00180607 -0.02943745 0.00089496
v -0.00294828 -0.02715648 0.00089496
v -0.00294828 -0.02715648 0.0039577
v -0.00112793 -0.02430496 0.00089496
v -0.00112793 -0.02430496 0.0039577
v -0.00043759 -0.0241082 0.0039577
v -0.00043759 -0.0241082 0.00089496
v 0.00027979 -0.02408237 0.0039577
v 0.00027979 -0.02408237 0.00089496
v 0.0016297 -0.02453947 0.00089496
v 0.0016297 -0.02453947 0.0039577
v 0.0028911 -0.02623315 0.0039577
v 0.0028911 -0.02623315 0.00089496
v 0.00300321 -0.02694217 0.0039577
v 0.00300321 -0.02694217 0.00089496
v 0.00118287 -0.0297937 0.00089496
v 0.00118287 -0.0297937 0.0039577
v 0.00049252 -0.02999046 0.0039577
v 0.00049252 -0.02999046 0.00089496
v -0.00022485 -0.03001629 0.00089496
v -0.00022485 -0.03001629 0.0039577
v -0.00092756 -0.02986969 0.0039577
v -0.00092756 -0.02986969 0.00089496
v -0.00157477 -0.02955918 0.0039577
v -0.00157477 -0.02955918 0.00089496
v -0.00212886 -0.02910282 0.00089496
v -0.00212886 -0.02910282 0.0039577
v -0.00255763 -0.0285271 0.0039577
v -0.00255763 -0.0285271 0.00089496
v -0.00283617 -0.02786551 0.0039577
v -0.00283617 -0.02786551 0.00089496
v -0.00110683 -0.02435508 0.00073952
v -0.00171865 -0.02470483 0.00073952
v -0.00175113 -0.02466121 0.00089496
v -0.00088629 -0.0297478 0.00065656
v -0.00150552 -0.02945071 0.00065656
v -0.00139165 -0.02927234 0.00055465
v -0.00081842 -0.02954736 0.00055465
v -0.00276148 -0.0264675 0.00065656
v -0.00254119 -0.02581697 0.00065656
v -0.0023504 -0.02590851 0.00055465
v -0.00255432 -0.02651072 0.00055465
v 0.0021444 -0.02503335 0.00073952
v 0.00160043 -0.02458531 0.00073952
v -0.00281967 -0.02715185 0.00065656
v -0.00260819 -0.02714423 0.00055465
v 0.0017292 -0.02933424 0.00065656
v 0.00113293 -0.0296751 0.00065656
v 0.00105082 -0.02948006 0.00055465
v 0.0016028 -0.02916452 0.00055465
v 0.00177358 -0.02939383 0.00073952
v 0.00228391 -0.02890783 0.00073952
v -0.00203566 -0.02901406 0.00065656
v -0.00244591 -0.02846324 0.00065656
v -0.00226219 -0.02835822 0.00055465
v -0.00188242 -0.02886813 0.00055465
v 0.00098249 -0.02422896 0.0039577
v 0.00098249 -0.02422896 0.00089496
v -0.00227096 -0.02515625 0.00089496
v -0.00222898 -0.02519082 0.00073952
v -0.00260818 -0.02578483 0.00073952
v -0.00154786 -0.02493413 0.00055465
v -0.00167427 -0.02476441 0.00065656
v 0.00276734 -0.02626842 0.00065656
v 0.0028746 -0.02694681 0.00065656
v 0.00266312 -0.02695442 0.00055465
v 0.00256382 -0.02632643 0.00055465
v 0.0020906 -0.02508459 0.00065656
v 0.00250084 -0.02563542 0.00065656
v 0.00231712 -0.02574044 0.00055465
v 0.00193735 -0.02523053 0.00055465
v -0.00227096 -0.02515625 0.0039577
v -0.00155957 -0.02584607 0.00055465
v -0.00200828 -0.0253726 0.00055465
v -0.00022106 -0.02902537 0.00055465
v -0.0018081 -0.02782212 0.00055465
v -0.00250889 -0.02777223 0.00055465
v 0.00240533 -0.02819014 0.00055465
v 0.00206322 -0.02872605 0.00055465
v 0.0016145 -0.02825259 0.00055465
v 0.000276 -0.02507328 0.00055465
v 0.00024234 -0.02534091 0.00065905
v -0.00134464 -0.02600902 0.00065905
v -0.00019602 -0.02967721 0.00055465
v 0.00025095 -0.02442145 0.00055465
v 0.00043937 -0.02965433 0.00055465
v 0.00134603 -0.02643689 0.00099479
v 0.00134606 -0.02643691 0.00219611
v 0.00026115 -0.02561436 0.00219611
v 0.00026118 -0.02561438 0.00099479
v 0.00260925 -0.02758794 0.00055465
v 0.00186303 -0.02627654 0.00055465
v -0.00020622 -0.0284843 0.00219611
v -0.00020624 -0.02848427 0.00099479
v -0.0012911 -0.02766176 0.00099479
v -0.00129113 -0.02766174 0.00219611
v 0.00144659 -0.02482632 0.00055465
v 0.00087335 -0.02455129 0.00055465
v 0.00096505 -0.02428048 0.00073952
v 0.00027518 -0.02413656 0.00073952
v 0.00266312 -0.02831382 0.00073952
v -0.00283421 -0.02645233 0.00073952
v -0.00289392 -0.02715452 0.00073952
v -0.00208947 -0.02906531 0.00073952
v -0.0015455 -0.02951334 0.00073952
v -0.00217163 -0.02523806 0.00065656
v -0.00091012 -0.02981818 0.00073952
v -0.00022024 -0.0299621 0.00073952
v 0.00116176 -0.02974358 0.00073952
v 0.00094122 -0.02435085 0.00065656
v 0.00156045 -0.02464794 0.00065656
v 0.00288914 -0.02764633 0.00073952
v 0.00294886 -0.02694413 0.00073952
v 0.00256534 -0.02559855 0.00073952
v 0.00026888 -0.02421059 0.00065656
v -0.00251041 -0.02850011 0.00073952
v -0.00109932 -0.02619503 0.00225618
v 0.00020392 -0.02564636 0.00225618
v 0.0013307 -0.02650066 0.00225618
v 0.00115425 -0.02790363 0.00225618
v -0.00014899 -0.0284523 0.00225618
v -0.00127577 -0.027598 0.00225618
v 0.00047242 -0.02986335 0.00065656
v -0.00042909 -0.02416191 0.00073952
v 0.00222656 -0.02886059 0.00065656
v 0.00048403 -0.02993674 0.00073952
v 0.00283879 -0.02624806 0.00073952
v 0.00138702 -0.02653425 0.00099479
v 0.00152045 -0.02647811 0.00073756
v 0.00133251 -0.02797246 0.00073756
v 0.00121713 -0.02788503 0.00099479
v 0.00281641 -0.02763116 0.00065656
v -0.00175113 -0.02466121 0.0039577
v -0.00021395 -0.02988806 0.00065656
v -0.0001874 -0.02875774 0.00065905
v -0.00155951 -0.02771746 0.00065905
v 0.00259613 -0.02828168 0.00065656
v -0.00278386 -0.0278506 0.00073952
v -0.00271241 -0.02783023 0.00065656
v 0.00121713 -0.02788506 0.00219611
v 0.00138703 -0.02653422 0.00219611
v 0.0001744 -0.02545758 0.00073756
v 0.00015637 -0.0256012 0.00099479
v -0.00109838 -0.02612945 0.00099479
v -0.00121372 -0.02604196 0.00073756
v 0.00161444 -0.0263812 0.00065905
v 0.00139957 -0.02808963 0.00065905
v -0.00010144 -0.02849746 0.00099479
v -0.00010147 -0.02849747 0.00219611
v 0.00115335 -0.02796919 0.00219611
v 0.00115331 -0.0279692 0.00099479
v 0.00147944 -0.02638069 0.00073756
v 0.00027927 -0.02547077 0.00073756
v -0.00022434 -0.02862789 0.00073756
v -0.00142451 -0.02771796 0.00073756
v -0.00133209 -0.02756444 0.00219611
v -0.00133209 -0.0275644 0.00099479
v -0.0011622 -0.02621363 0.00099479
v -0.0011622 -0.02621359 0.00219611
v 0.0001564 -0.02560118 0.00219611
v -0.00109841 -0.02612947 0.00219611
v 0.00126865 -0.02805669 0.00073756
v -0.00011947 -0.02864108 0.00073756
v -0.00146552 -0.02762054 0.00073756
v -0.00127758 -0.02612619 0.00073756
v 0.00666042 -0.02372143 0.00055465
v 0.00652205 -0.02356131 0.00065656
v 0.00709206 -0.02317815 0.00065656
v 0.00718809 -0.02336673 0.00055465
v 0.00542466 -0.02603937 0.00089496
v 0.00542466 -0.02603937 0.0039577
v 0.00543352 -0.02532159 0.0039577
v 0.00543352 -0.02532159 0.00089496
v 0.01133613 -0.02611232 0.00089496
v 0.01133613 -0.02611232 0.0039577
v 0.01115576 -0.02680713 0.0039577
v 0.01115576 -0.02680713 0.00089496
v 0.00980105 -0.02309763 0.00089496
v 0.00980105 -0.02309763 0.0039577
v 0.01038674 -0.02351267 0.0039577
v 0.01038674 -0.02351267 0.00089496
v 0.01134499 -0.02539454 0.00089496
v 0.01134499 -0.02539454 0.0039577
v 0.01081434 -0.02743858 0.0039577
v 0.01081434 -0.02743858 0.00089496
v 0.00558784 -0.02673841 0.00089496
v 0.00558784 -0.02673841 0.0039577
v 0.00643792 -0.02346394 0.00089496
v 0.00643792 -0.02346394 0.0039577
v 0.00703367 -0.02306348 0.0039577
v 0.00703367 -0.02306348 0.00089496
v 0.00770795 -0.02281724 0.0039577
v 0.00770795 -0.02281724 0.00089496
v 0.00913305 -0.02283482 0.00089496
v 0.00913305 -0.02283482 0.0039577
v 0.01085609 -0.02405581 0.0039577
v 0.01085609 -0.02405581 0.00089496
v 0.01118181 -0.02469549 0.0039577
v 0.01118181 -0.02469549 0.00089496
v 0.01033173 -0.02796997 0.00089496
v 0.01033173 -0.02796997 0.0039577
v 0.00973598 -0.02837043 0.0039577
v 0.00973598 -0.02837043 0.00089496
v 0.0090617 -0.02861667 0.00089496
v 0.0090617 -0.02861667 0.0039577
v 0.00834808 -0.0286944 0.0039577
v 0.00834808 -0.0286944 0.00089496
v 0.0076366 -0.02859908 0.0039577
v 0.0076366 -0.02859908 0.00089496
v 0.0069686 -0.02833628 0.00089496
v 0.0069686 -0.02833628 0.0039577
v 0.00638291 -0.02792124 0.0039577
v 0.00638291 -0.02792124 0.00089496
v 0.00591356 -0.0273781 0.0039577
v 0.00591356 -0.0273781 0.00089496
v 0.00647347 -0.02350509 0.00073952
v 0.00599968 -0.02402678 0.00073952
v 0.00595531 -0.02399533 0.00089496
v 0.00834967 -0.02856572 0.00065656
v 0.00766894 -0.02847453 0.00065656
v 0.00772211 -0.0282697 0.00055465
v 0.00835228 -0.02835412 0.00055465
v 0.00555259 -0.02602543 0.00065656
v 0.00556106 -0.02533867 0.00065656
v 0.00577081 -0.02536678 0.00055465
v 0.00576296 -0.02600252 0.00055465
v 0.00977518 -0.02314547 0.00073952
v 0.00911938 -0.02288746 0.00073952
v 0.00570872 -0.02669427 0.00065656
v 0.00590749 -0.02662168 0.00055465
v 0.01070934 -0.02736417 0.00065656
v 0.01024759 -0.0278726 0.00065656
v 0.01010923 -0.02771248 0.00055465
v 0.01053668 -0.02724182 0.00055465
v 0.01076997 -0.02740713 0.00073952
v 0.01110514 -0.02678721 0.00073952
v 0.00702981 -0.02822307 0.00065656
v 0.00646943 -0.02782598 0.00065656
v 0.0066117 -0.02766932 0.00055465
v 0.00713046 -0.02803692 0.00055465
v 0.00842157 -0.02273951 0.0039577
v 0.00842157 -0.02273951 0.00089496
v 0.00561389 -0.02462678 0.00089496
v 0.00566451 -0.02464669 0.00073952
v 0.00548742 -0.02532881 0.00073952
v 0.00623297 -0.02419209 0.00055465
v 0.0060603 -0.02406973 0.00065656
v 0.01074928 -0.0241276 0.00065656
v 0.01106093 -0.02473963 0.00065656
v 0.01086216 -0.02481222 0.00055465
v 0.01057365 -0.02424565 0.00055465
v 0.00973984 -0.02321083 0.00065656
v 0.01030022 -0.02360793 0.00065656
v 0.01015795 -0.02376458 0.00055465
v 0.00963919 -0.02339698 0.00055465
v 0.00561389 -0.02462678 0.0039577
v 0.00650363 -0.02506301 0.00055465
v 0.00593057 -0.02475137 0.00055465
v 0.00875909 -0.02767308 0.00055465
v 0.0068779 -0.02701914 0.00055465
v 0.00619599 -0.02718825 0.00055465
v 0.01099884 -0.02606713 0.00055465
v 0.01083908 -0.02668253 0.00055465
v 0.01026601 -0.0263709 0.00055465
v 0.00801056 -0.02376082 0.00055465
v 0.00806125 -0.02402576 0.00065905
v 0.0067584 -0.02515157 0.00065905
v 0.00898434 -0.02828528 0.00055465
v 0.00778531 -0.02314863 0.00055465
v 0.00958156 -0.02806717 0.00055465
v 0.0094496 -0.02472704 0.00099479
v 0.00944963 -0.02472704 0.00219611
v 0.00816364 -0.02428 0.00219611
v 0.00816367 -0.02428002 0.00099479
v 0.01100668 -0.02543139 0.00055465
v 0.00989174 -0.02441476 0.00055465
v 0.00860601 -0.0271539 0.00219611
v 0.00860598 -0.02715389 0.00099479
v 0.00732005 -0.02670687 0.00099479
v 0.00732001 -0.02670686 0.00219611
v 0.00904754 -0.02316421 0.00055465
v 0.00841737 -0.02307979 0.00055465
v 0.0084209 -0.02279389 0.00073952
v 0.00772032 -0.0228702 0.00073952
v 0.01128222 -0.0261051 0.00073952
v 0.00547872 -0.02603348 0.00073952
v 0.00563893 -0.02671976 0.00073952
v 0.00699447 -0.02828843 0.00073952
v 0.00765027 -0.02854644 0.00073952
v 0.00573365 -0.0246739 0.00065656
v 0.00834875 -0.02864002 0.00073952
v 0.00904934 -0.02856371 0.00073952
v 0.01029617 -0.02792882 0.00073952
v 0.00841998 -0.02286819 0.00065656
v 0.00910071 -0.02295938 0.00065656
v 0.01129092 -0.02540042 0.00073952
v 0.01113072 -0.02471414 0.00073952
v 0.01035017 -0.02355293 0.00073952
v 0.0077372 -0.02294256 0.00065656
v 0.00641948 -0.02788097 0.00073952
v 0.0070492 -0.02525266 0.00225618
v 0.0081191 -0.02432812 0.00225618
v 0.00945473 -0.02479241 0.00225618
v 0.00972045 -0.02618125 0.00225618
v 0.00865055 -0.02710579 0.00225618
v 0.00731492 -0.02664149 0.00225618
v 0.00967759 -0.02825575 0.00065656
v 0.00705835 -0.02311195 0.00073952
v 0.011036 -0.02676001 0.00065656
v 0.0097113 -0.02832196 0.00073952
v 0.01081095 -0.02408615 0.00073952
v 0.00951867 -0.02480696 0.00099479
v 0.00962822 -0.02471234 0.00073756
v 0.00991126 -0.02619163 0.00073756
v 0.00977451 -0.02614412 0.00099479
v 0.01121706 -0.02540848 0.00065656
v 0.00595531 -0.02399533 0.0039577
v 0.00903244 -0.02849135 0.00065656
v 0.0087084 -0.02740815 0.00065905
v 0.00708198 -0.02684279 0.00065905
v 0.01120858 -0.02609523 0.00065656
v 0.0059587 -0.02734775 0.00073952
v 0.00602036 -0.0273063 0.00065656
v 0.00977452 -0.02614415 0.00219611
v 0.00951866 -0.02480693 0.00219611
v 0.00803269 -0.0241577 0.00073756
v 0.00805992 -0.02429987 0.00099479
v 0.00702982 -0.02519 0.00099479
v 0.0068931 -0.02514244 0.00073756
v 0.00968766 -0.02459112 0.00065905
v 0.01001125 -0.02628234 0.00065905
v 0.00870973 -0.02713404 0.00099479
v 0.0087097 -0.02713406 0.00219611
v 0.00973985 -0.02624388 0.00219611
v 0.00973983 -0.0262439 0.00099479
v 0.00955911 -0.02463236 0.00073756
v 0.0081365 -0.02413784 0.00073756
v 0.00863315 -0.02729607 0.00073756
v 0.00721054 -0.02680155 0.00073756
v 0.00725098 -0.02662698 0.00219611
v 0.00725098 -0.02662695 0.00099479
v 0.00699514 -0.02528978 0.00099479
v 0.00699513 -0.02528975 0.00219611
v 0.00805994 -0.02429984 0.00219611
v 0.0070298 -0.02519003 0.00219611
v 0.00987655 -0.02629147 0.00073756
v 0.00873696 -0.0272762 0.00073756
v 0.00714143 -0.02672157 0.00073756
v 0.00685839 -0.02524228 0.00073756
v 0.01366476 -0.02050223 0.00055465
v 0.01348369 -0.02039271 0.00065656
v 0.0139074 -0.01985216 0.00065656
v 0.014057 -0.02000184 0.00055465
v 0.01320576 -0.02308859 0.00089496
v 0.01320576 -0.02308859 0.0039577
v 0.01299238 -0.02240321 0.0039577
v 0.01299238 -0.02240321 0.00089496
v 0.01885046 -0.02133124 0.00089496
v 0.01885046 -0.02133124 0.0039577
v 0.01889362 -0.02204778 0.0039577
v 0.01889362 -0.02204778 0.00089496
v 0.01645891 -0.01893846 0.00089496
v 0.01645891 -0.01893846 0.0039577
v 0.01714419 -0.0191522 0.0039577
v 0.01714419 -0.0191522 0.00089496
v 0.01863707 -0.02064585 0.00089496
v 0.01863707 -0.02064585 0.0039577
v 0.01876404 -0.02275382 0.0039577
v 0.01876404 -0.02275382 0.00089496
v 0.01357697 -0.02370301 0.00089496
v 0.01357697 -0.02370301 0.0039577
v 0.01337358 -0.02032611 0.00089496
v 0.01337358 -0.02032611 0.0039577
v 0.01381643 -0.01976115 0.0039577
v 0.01381643 -0.01976115 0.00089496
v 0.01438161 -0.01931859 0.0039577
v 0.01438161 -0.01931859 0.00089496
v 0.01574239 -0.01889494 0.00089496
v 0.01574239 -0.01889494 0.0039577
v 0.0177584 -0.01952372 0.0039577
v 0.0177584 -0.01952372 0.00089496
v 0.01826586 -0.02003144 0.0039577
v 0.01826586 -0.02003144 0.00089496
v 0.01846926 -0.02340834 0.00089496
v 0.01846926 -0.02340834 0.0039577
v 0.01802641 -0.0239733 0.0039577
v 0.01802641 -0.0239733 0.00089496
v 0.01746123 -0.02441585 0.00089496
v 0.01746123 -0.02441585 0.0039577
v 0.01680655 -0.0247103 0.0039577
v 0.01680655 -0.0247103 0.00089496
v 0.01610044 -0.0248395 0.0039577
v 0.01610044 -0.0248395 0.00089496
v 0.01538393 -0.02479598 0.00089496
v 0.01538393 -0.02479598 0.0039577
v 0.01469864 -0.02458224 0.0039577
v 0.01469864 -0.02458224 0.00089496
v 0.01408443 -0.02421073 0.0039577
v 0.01408443 -0.02421073 0.00089496
v 0.01342011 -0.02035425 0.00073952
v 0.01313072 -0.02099682 0.00073952
v 0.0130788 -0.02098063 0.00089496
v 0.0167683 -0.02458742 0.00065656
v 0.01609271 -0.02471105 0.00065656
v 0.01607998 -0.02449982 0.00055465
v 0.01670539 -0.02438537 0.00055465
v 0.01332313 -0.02303581 0.00065656
v 0.01311897 -0.02238004 0.00065656
v 0.01332713 -0.02234196 0.00055465
v 0.01351613 -0.02294901 0.00055465
v 0.01644909 -0.01899196 0.00073952
v 0.01574566 -0.01894922 0.00073952
v 0.0136783 -0.02362367 0.00065656
v 0.01384491 -0.0234932 0.00055465
v 0.01864119 -0.02271551 0.00065656
v 0.01835915 -0.02334174 0.00065656
v 0.01817808 -0.02323221 0.00055465
v 0.01843917 -0.02265249 0.00055465
v 0.01871211 -0.02273762 0.00073952
v 0.01883932 -0.02204447 0.00073952
v 0.01540715 -0.0246694 0.00065656
v 0.01475149 -0.02446491 0.00065656
v 0.0148384 -0.02427196 0.00055465
v 0.01544535 -0.02446127 0.00055465
v 0.01503628 -0.01902415 0.0039577
v 0.01503628 -0.01902415 0.00089496
v 0.01294922 -0.02168667 0.00089496
v 0.01300351 -0.02168997 0.00073952
v 0.01304588 -0.02239342 0.00073952
v 0.01340367 -0.02108195 0.00055465
v 0.01320165 -0.02101894 0.00065656
v 0.01767902 -0.019625 0.00065656
v 0.01816454 -0.02011077 0.00065656
v 0.01799793 -0.02024124 0.00055465
v 0.01754846 -0.01979155 0.00055465
v 0.01643568 -0.01906504 0.00065656
v 0.01709134 -0.01926953 0.00065656
v 0.01700444 -0.01946248 0.00055465
v 0.01639749 -0.01927318 0.00055465
v 0.01294922 -0.02168667 0.0039577
v 0.01393022 -0.0218266 0.00055465
v 0.01328891 -0.02170731 0.00055465
v 0.01688184 -0.02361195 0.00055465
v 0.01489065 -0.02357135 0.00055465
v 0.01429437 -0.0239429 0.00055465
v 0.01851571 -0.02139249 0.00055465
v 0.01855393 -0.02202714 0.00055465
v 0.01791262 -0.02190784 0.00055465
v 0.01496099 -0.02012249 0.00055465
v 0.01509107 -0.02035879 0.00065905
v 0.01419988 -0.0218321 0.00065905
v 0.01728525 -0.02412458 0.00055465
v 0.01455759 -0.01960986 0.00055465
v 0.01778584 -0.0237326 0.00055465
v 0.01662818 -0.02059671 0.00099479
v 0.01662821 -0.02059672 0.00219611
v 0.01526701 -0.02056895 0.00219611
v 0.01526705 -0.02056895 0.00099479
v 0.01832671 -0.02078543 0.00055465
v 0.01695218 -0.0201631 0.00055465
v 0.01657582 -0.02316549 0.00219611
v 0.01657579 -0.02316549 0.00099479
v 0.01521466 -0.02313772 0.00099479
v 0.01521462 -0.02313772 0.00219611
v 0.01576286 -0.01923463 0.00055465
v 0.01513744 -0.01934907 0.00055465
v 0.01505245 -0.01907608 0.00073952
v 0.01440974 -0.01936514 0.00073952
v 0.01879696 -0.02134103 0.00073952
v 0.01325536 -0.02306629 0.00073952
v 0.0136198 -0.02366948 0.00073952
v 0.01539374 -0.02474249 0.00073952
v 0.01609717 -0.02478522 0.00073952
v 0.01307768 -0.02169447 0.00065656
v 0.01679039 -0.02465837 0.00073952
v 0.0174331 -0.0243693 0.00073952
v 0.01842272 -0.02338019 0.00073952
v 0.01507454 -0.01914702 0.00065656
v 0.01575013 -0.01902339 0.00065656
v 0.01858747 -0.02066816 0.00073952
v 0.01822304 -0.02006497 0.00073952
v 0.01712186 -0.01920179 0.00073952
v 0.01444816 -0.01942874 0.00065656
v 0.01472098 -0.02453266 0.00073952
v 0.01450768 -0.02183839 0.00225618
v 0.01523952 -0.02062848 0.00225618
v 0.01665325 -0.02065732 0.00225618
v 0.01733515 -0.02189606 0.00225618
v 0.01660331 -0.02310597 0.00225618
v 0.01518958 -0.02307713 0.00225618
v 0.01793544 -0.02388228 0.00065656
v 0.01385487 -0.01979962 0.00073952
v 0.01876516 -0.02203997 0.00065656
v 0.01798796 -0.02393482 0.00073952
v 0.01772485 -0.01956653 0.00073952
v 0.01671857 -0.02065139 0.00099479
v 0.01679352 -0.02052754 0.00073756
v 0.01751983 -0.02184697 0.00073756
v 0.01737509 -0.02184405 0.00099479
v 0.01851971 -0.02069864 0.00065656
v 0.0130788 -0.02098063 0.0039577
v 0.01739468 -0.02430571 0.00065656
v 0.01675177 -0.02337565 0.00065905
v 0.01503024 -0.02334055 0.00065905
v 0.01872387 -0.02135439 0.00065656
v 0.01411798 -0.02416792 0.00073952
v 0.01416382 -0.02410944 0.00065656
v 0.01737511 -0.02184408 0.00219611
v 0.01671855 -0.02065136 0.00219611
v 0.01510468 -0.02049311 0.00073756
v 0.01517451 -0.0206199 0.00099479
v 0.0144699 -0.02178478 0.00099479
v 0.01432517 -0.0217818 0.00073756
v 0.01681259 -0.02039389 0.00065905
v 0.01764295 -0.02190235 0.00065905
v 0.01666833 -0.02311455 0.00099479
v 0.0166683 -0.02311458 0.00219611
v 0.01737296 -0.02194962 0.00219611
v 0.01737294 -0.02194966 0.00099479
v 0.01670307 -0.02047284 0.00073756
v 0.01519728 -0.02044213 0.00073756
v 0.01664556 -0.02329231 0.00073756
v 0.01513976 -0.0232616 0.00073756
v 0.01512429 -0.02308309 0.00219611
v 0.01512427 -0.02308306 0.00099479
v 0.01446774 -0.02189039 0.00099479
v 0.01446773 -0.02189037 0.00219611
v 0.01517453 -0.02061986 0.00219611
v 0.01446988 -0.02178482 0.00219611
v 0.01751767 -0.02195265 0.00073756
v 0.01673816 -0.02324134 0.00073756
v 0.01504932 -0.0232069 0.00073756
v 0.01432301 -0.02188747 0.00073756
v 0.0193315 -0.01527614 0.00055465
v 0.01912544 -0.01522793 0.00065656
v 0.01936138 -0.01458291 0.00065656
v 0.01954991 -0.01467903 0.00055465
v 0.01969419 -0.01787776 0.00089496
v 0.01969419 -0.01787776 0.0039577
v 0.01927947 -0.01729186 0.0039577
v 0.01927947 -0.01729186 0.00089496
v 0.02451956 -0.0144621 0.00089496
v 0.02451956 -0.0144621 0.0039577
v 0.02478203 -0.01513023 0.0039577
v 0.02478203 -0.01513023 0.00089496
v 0.02150566 -0.01292546 0.00089496
v 0.02150566 -0.01292546 0.0039577
v 0.02222345 -0.01291697 0.0039577
v 0.02222345 -0.01291697 0.00089496
v 0.02410483 -0.0138762 0.00089496
v 0.02410483 -0.0138762 0.0039577
v 0.02487698 -0.01584176 0.0039577
v 0.02487698 -0.01584176 0.00089496
v 0.0202371 -0.01834738 0.00089496
v 0.0202371 -0.01834738 0.0039577
v 0.01900014 -0.01519861 0.00089496
v 0.01900014 -0.01519861 0.0039577
v 0.01924673 -0.01452446 0.0039577
v 0.01924673 -0.01452446 0.00089496
v 0.0196475 -0.01392891 0.0039577
v 0.0196475 -0.01392891 0.00089496
v 0.02081077 -0.01310548 0.00089496
v 0.02081077 -0.01310548 0.0039577
v 0.02292241 -0.01308051 0.0039577
v 0.02292241 -0.01308051 0.00089496
v 0.02356192 -0.01340657 0.0039577
v 0.02356192 -0.01340657 0.00089496
v 0.02479888 -0.01655534 0.00089496
v 0.02479888 -0.01655534 0.0039577
v 0.02455229 -0.01722949 0.0039577
v 0.02455229 -0.01722949 0.00089496
v 0.02415152 -0.01782504 0.00089496
v 0.02415152 -0.01782504 0.0039577
v 0.02361989 -0.01830737 0.0039577
v 0.02361989 -0.01830737 0.00089496
v 0.02298826 -0.01864846 0.0039577
v 0.02298826 -0.01864846 0.00089496
v 0.02229336 -0.01882848 0.00089496
v 0.02229336 -0.01882848 0.0039577
v 0.02157557 -0.01883698 0.0039577
v 0.02157557 -0.01883698 0.00089496
v 0.02087662 -0.01867344 0.0039577
v 0.02087662 -0.01867344 0.00089496
v 0.0190531 -0.015211 0.00073952
v 0.01897643 -0.01591154 0.00073952
v 0.01892205 -0.01591219 0.00089496
v 0.02354553 -0.01820234 0.00065656
v 0.02294121 -0.01852869 0.00065656
v 0.02286383 -0.01833173 0.00055465
v 0.02342327 -0.01802961 0.00055465
v 0.0197895 -0.01779129 0.00065656
v 0.0193927 -0.0172307 0.00065656
v 0.0195789 -0.01713016 0.00055465
v 0.01994623 -0.0176491 0.00055465
v 0.02151286 -0.01297937 0.00073952
v 0.02083065 -0.01315611 0.00073952
v 0.02030895 -0.01824062 0.00065656
v 0.02042709 -0.01806505 0.00055465
v 0.0247483 -0.01584328 0.00065656
v 0.02467358 -0.01652602 0.00065656
v 0.02446753 -0.01647781 0.00055465
v 0.0245367 -0.01584578 0.00055465
v 0.02482259 -0.0158424 0.00073952
v 0.02472937 -0.01514387 0.00073952
v 0.02227634 -0.01870093 0.00065656
v 0.02158958 -0.01870905 0.00065656
v 0.0216126 -0.01849869 0.00055465
v 0.02224835 -0.01849117 0.00055465
v 0.02017914 -0.01344657 0.0039577
v 0.02017914 -0.01344657 0.00089496
v 0.01901699 -0.01662372 0.00089496
v 0.01906965 -0.01661008 0.00073952
v 0.01932732 -0.01726601 0.00073952
v 0.01926233 -0.01590817 0.00055465
v 0.01905073 -0.01591066 0.00065656
v 0.02287821 -0.01320137 0.00065656
v 0.02349008 -0.01351333 0.00065656
v 0.02337193 -0.0136889 0.00055465
v 0.0228055 -0.01340011 0.00055465
v 0.02152268 -0.01305302 0.00065656
v 0.02220945 -0.0130449 0.00065656
v 0.02218643 -0.01325526 0.00055465
v 0.02155068 -0.01326278 0.00055465
v 0.01901699 -0.01662372 0.0039577
v 0.01999322 -0.01645366 0.00055465
v 0.01934643 -0.01653838 0.00055465
v 0.02335208 -0.01723952 0.00055465
v 0.02144579 -0.01781621 0.00055465
v 0.02099352 -0.01835384 0.00055465
v 0.02422013 -0.0146238 0.00055465
v 0.0244526 -0.01521557 0.00055465
v 0.0238058 -0.01530029 0.00055465
v 0.02044694 -0.01451442 0.00055465
v 0.02064368 -0.01469896 0.00065905
v 0.02025138 -0.01637556 0.00065905
v 0.02389415 -0.01760241 0.00055465
v 0.01990487 -0.01415155 0.00055465
v 0.02424911 -0.01707492 0.00055465
v 0.02217907 -0.01445025 0.00099479
v 0.02217911 -0.01445024 0.00219611
v 0.02087595 -0.01484447 0.00219611
v 0.02087598 -0.01484446 0.00099479
v 0.02385279 -0.01410486 0.00055465
v 0.02235323 -0.01393774 0.00055465
v 0.02292307 -0.01690948 0.00219611
v 0.02292304 -0.01690949 0.00099479
v 0.02161995 -0.0173037 0.00099479
v 0.02161991 -0.01730371 0.00219611
v 0.0209352 -0.01342223 0.00055465
v 0.02037575 -0.01372433 0.00055465
v 0.02021056 -0.01349097 0.00073952
v 0.01968863 -0.01396449 0.00073952
v 0.02447171 -0.01448794 0.00073952
v 0.01973448 -0.01784121 0.00073952
v 0.02026747 -0.01830226 0.00073952
v 0.02228617 -0.01877457 0.00073952
v 0.02296837 -0.01859784 0.00073952
v 0.01914157 -0.01659145 0.00065656
v 0.02358846 -0.01826299 0.00073952
v 0.02411039 -0.01778946 0.00073952
v 0.02474593 -0.01654295 0.00073952
v 0.02025349 -0.01355161 0.00065656
v 0.02085781 -0.01322526 0.00065656
v 0.02406455 -0.01391274 0.00073952
v 0.02353156 -0.01345169 0.00073952
v 0.02221753 -0.01297104 0.00073952
v 0.01974482 -0.0140131 0.00065656
v 0.02158149 -0.01878291 0.00073952
v 0.02054606 -0.01628642 0.00225618
v 0.0208682 -0.01490957 0.00225618
v 0.02222165 -0.01450013 0.00225618
v 0.02325297 -0.01546753 0.00225618
v 0.02293082 -0.01684438 0.00225618
v 0.02157737 -0.01725381 0.00225618
v 0.02443765 -0.01717103 0.00065656
v 0.01929519 -0.01454916 0.00073952
v 0.02465745 -0.0151625 0.00065656
v 0.02450383 -0.01720479 0.00073952
v 0.02290373 -0.01313159 0.00073952
v 0.02228194 -0.01447432 0.00099479
v 0.02231494 -0.01433337 0.00073756
v 0.02341343 -0.01536378 0.00073756
v 0.02327488 -0.01540572 0.00099479
v 0.02400952 -0.01396266 0.00065656
v 0.01892205 -0.01591219 0.0039577
v 0.0240542 -0.01774085 0.00065656
v 0.02315535 -0.01705499 0.00065905
v 0.02150724 -0.01755358 0.00065905
v 0.02440633 -0.01452324 0.00065656
v 0.02089529 -0.01862236 0.00073952
v 0.02092082 -0.01855258 0.00065656
v 0.0232749 -0.01540575 0.00219611
v 0.0222819 -0.01447429 0.00219611
v 0.02069812 -0.0148225 0.00073756
v 0.02080372 -0.0149215 0.00099479
v 0.02049356 -0.01624711 0.00099479
v 0.02035499 -0.016289 0.00073756
v 0.02229178 -0.01420037 0.00065905
v 0.02354764 -0.01537839 0.00065905
v 0.02299531 -0.01683245 0.00099479
v 0.0229953 -0.01683248 0.00219611
v 0.02330547 -0.0155068 0.00219611
v 0.02330546 -0.01550683 0.00099479
v 0.02221202 -0.01430929 0.00073756
v 0.02077043 -0.0147454 0.00073756
v 0.02302859 -0.01700854 0.00073756
v 0.021587 -0.01744466 0.00073756
v 0.02151712 -0.01727966 0.00219611
v 0.02151709 -0.01727963 0.00099479
v 0.02052414 -0.01634822 0.00099479
v 0.02052412 -0.0163482 0.00219611
v 0.02080372 -0.01492147 0.00219611
v 0.02049355 -0.01624715 0.00219611
v 0.02344404 -0.01546495 0.00073756
v 0.0231009 -0.01693146 0.00073756
v 0.02148408 -0.01742058 0.00073756
v 0.02038559 -0.01639017 0.00073756
vn -0.21996 -0.0926 -0.9711
vn -0.56246 -0.2368 -0.79219
vn -0.60278 -0.09531 -0.79219
vn -0.23573 -0.03727 -0.9711
vn -0.20141 -0.96544 -0.16542
vn -0.20422 -0.97892 0
vn -0.43256 -0.9016 0
vn -0.4266 -0.88918 -0.16542
vn 0.4266 0.88918 -0.16542
vn 0.43256 0.90161 0
vn 0.63576 0.77189 0
vn 0.627 0.76125 -0.16543
vn -0.68013 0.71419 -0.16542
vn -0.68963 0.72416 0
vn -0.49628 0.86816 0
vn -0.48945 0.8562 -0.16542
vn 0.20141 0.96544 -0.16542
vn 0.20422 0.97892 0
vn 0.80201 0.59731 0
vn 0.79096 0.58908 -0.16542
vn 0.03549 -0.98558 -0.16542
vn 0.03599 -0.99935 0
vn -0.90896 -0.38267 -0.16541
vn -0.92165 -0.38802 0
vn -0.98773 -0.15618 0
vn -0.97412 -0.15403 -0.16541
vn -0.9964 0.08473 0
vn -0.98268 0.08357 -0.16542
vn -0.83128 0.53067 -0.16542
vn -0.84289 0.53808 0
vn -0.2741 0.9617 0
vn -0.27032 0.94845 -0.16542
vn -0.03599 0.99935 0
vn -0.03549 0.98558 -0.16542
vn 0.90896 0.38267 -0.16542
vn 0.92165 0.38802 0
vn 0.98773 0.15618 0
vn 0.97412 0.15403 -0.16542
vn 0.98268 -0.08357 -0.16542
vn 0.9964 -0.08473 0
vn 0.94717 -0.32073 0
vn 0.93412 -0.31631 -0.16542
vn 0.84289 -0.53808 0
vn 0.83128 -0.53067 -0.16542
vn 0.68013 -0.71419 -0.16542
vn 0.68963 -0.72416 0
vn 0.49628 -0.86816 0
vn 0.48945 -0.8562 -0.16542
vn 0.2741 -0.9617 0
vn 0.27032 -0.94845 -0.16542
vn -0.79708 -0.33557 -0.50206
vn -0.6936 -0.51658 -0.50206
vn -0.79096 -0.58908 -0.16542
vn 0.57803 -0.19573 -0.79219
vn 0.51439 -0.32838 -0.79219
vn 0.20116 -0.12842 -0.9711
vn 0.22605 -0.07654 -0.9711
vn -0.12463 -0.59741 -0.79219
vn -0.26398 -0.55022 -0.79219
vn -0.10323 -0.21517 -0.9711
vn -0.04874 -0.23362 -0.9711
vn -0.59641 0.62628 -0.50207
vn -0.72896 0.46535 -0.50207
vn 0.02196 -0.60987 -0.79219
vn 0.00859 -0.2385 -0.9711
vn 0.48944 0.36452 -0.79219
vn 0.56246 0.2368 -0.79219
vn 0.21996 0.0926 -0.9711
vn 0.1914 0.14255 -0.9711
vn 0.6936 0.51657 -0.50207
vn 0.54982 0.66755 -0.50207
vn 0.42086 -0.44194 -0.79219
vn 0.30287 -0.52981 -0.79219
vn 0.11844 -0.20719 -0.9711
vn 0.16458 -0.17283 -0.9711
vn -0.94717 0.32073 0
vn -0.93412 0.31631 -0.16542
vn -0.627 -0.76126 -0.16542
vn -0.54982 -0.66755 -0.50207
vn -0.37409 -0.77973 -0.50206
vn -0.1914 -0.14255 -0.9711
vn -0.48944 -0.36452 -0.79219
vn -0.16728 0.5869 -0.79219
vn -0.02196 0.60988 -0.79219
vn -0.00859 0.2385 -0.9711
vn -0.06542 0.22952 -0.9711
vn -0.42086 0.44194 -0.79219
vn -0.30287 0.52981 -0.79219
vn -0.11844 0.20719 -0.9711
vn -0.16458 0.17283 -0.9711
vn -0.63576 -0.77189 0
vn 0.07455 0.09832 -0.99236
vn -0.15173 -0.18421 -0.9711
vn -0.12242 0.0154 -0.99236
vn -0.04788 0.11372 -0.99236
vn 0.06542 -0.22952 -0.9711
vn 0.10323 0.21517 -0.9711
vn 0.15173 0.18421 -0.9711
vn -0.07454 -0.09832 -0.99236
vn 0.12242 -0.0154 -0.99236
vn 0.44955 -0.05654 -0.89147
vn 0.27374 0.36105 -0.89147
vn 0.2378 -0.02022 -0.9711
vn -0.2378 0.02022 -0.9711
vn 0.23573 0.03727 -0.9711
vn 0.60183 -0.75674 -0.25525
vn 0.79686 -0.60416 0
vn 0.92608 -0.37732 1E-05
vn 0.89112 -0.37518 -0.25525
vn 0.04874 0.23362 -0.9711
vn 0.04788 -0.11372 -0.99236
vn -0.92608 0.37733 1E-05
vn -0.89112 0.37518 -0.25525
vn -0.60183 0.75674 -0.25525
vn -0.79686 0.60416 -0
vn -0.20116 0.12842 -0.9711
vn -0.22605 0.07654 -0.9711
vn -0.81914 0.27737 -0.50207
vn -0.86172 0.07328 -0.50206
vn 0.37409 0.77973 -0.50207
vn -0.17662 -0.8466 -0.50206
vn 0.03112 -0.86427 -0.50207
vn 0.59641 -0.62628 -0.50207
vn 0.72896 -0.46535 -0.50207
vn -0.38798 -0.47106 -0.7922
vn 0.81914 -0.27737 -0.50207
vn 0.86172 -0.07328 -0.50207
vn 0.79707 0.33557 -0.50206
vn -0.57803 0.19573 -0.79219
vn -0.51439 0.32837 -0.7922
vn 0.17662 0.84661 -0.50206
vn -0.03112 0.86427 -0.50206
vn -0.4292 0.75081 -0.50206
vn -0.60808 0.05171 -0.79219
vn 0.4292 -0.75081 -0.50207
vn 0 -0 -1
vn 0.60278 0.09531 -0.79219
vn -0.85422 -0.13507 -0.50206
vn 0.38798 0.47106 -0.79219
vn 0.85422 0.13507 -0.50206
vn -0.23705 0.83171 -0.50206
vn 0.12064 -0.95932 -0.25526
vn 0.07012 -0.7515 -0.656
vn -0.25402 -0.71072 -0.65601
vn -0.35443 -0.89957 -0.25526
vn 0.12463 0.59741 -0.79219
vn -0.80201 -0.59731 0
vn 0.60808 -0.05171 -0.79219
vn -0.44955 0.05654 -0.89146
vn -0.17581 0.41759 -0.89147
vn 0.26398 0.55022 -0.79219
vn 0.23705 -0.83171 -0.50207
vn 0.16727 -0.5869 -0.79219
vn -0.37734 -0.92608 1E-05
vn 0.13626 -0.99067 1E-05
vn 0.74253 0.13537 -0.656
vn 0.95627 0.14283 -0.25525
vn 0.77047 0.58413 -0.25526
vn 0.61575 0.43646 -0.65601
vn 0.17581 -0.41759 -0.89146
vn -0.27374 -0.36105 -0.89147
vn -0.95627 -0.14283 -0.25525
vn -0.99067 -0.13625 1E-05
vn -0.92165 -0.38802 0
vn -0.77047 -0.58414 -0.25526
vn 0.4885 -0.57536 -0.656
vn 0.68588 -0.31502 -0.65599
vn -0.68588 0.31502 -0.656
vn -0.4885 0.57535 -0.656
vn -0.13626 0.99067 1E-05
vn -0.12064 0.95932 -0.25526
vn 0.35444 0.89956 -0.25526
vn 0.37734 0.92608 1E-05
vn 0.99067 0.13626 1E-05
vn 0.92165 0.38802 0
vn -0.61575 -0.43646 -0.65601
vn -0.74252 -0.13537 -0.656
vn -0.07012 0.75149 -0.65601
vn 0.25402 0.71072 -0.65601
vn 0.49554 -0.55537 -0.66783
vn 0.0509 -0.74258 -0.66782
vn 0.28154 -0.66874 -0.68813
vn 0.66854 -0.3272 -0.66783
vn 0.71991 -0.09054 -0.68814
vn 0.72874 0.15147 -0.66783
vn -0.49555 0.55538 -0.66782
vn -0.0509 0.74259 -0.66781
vn -0.28154 0.66874 -0.68812
vn 0.61764 0.41538 -0.66782
vn 0.43837 0.5782 -0.68812
vn 0.2332 0.70686 -0.66781
vn -0.71992 0.09055 -0.68812
vn -0.72876 -0.15146 -0.66781
vn -0.66854 0.32721 -0.66782
vn -0.43838 -0.5782 -0.68812
vn -0.2332 -0.70685 -0.66781
vn -0.61765 -0.41537 -0.66781
vn 0.60416 0.79686 1E-05
vn -0.38802 0.92165 1E-05
vn -0.60416 -0.79686 1E-05
vn 0.38802 -0.92165 1E-05
vn -0.18057 -0.15604 -0.9711
vn -0.46175 -0.39902 -0.79219
vn -0.54383 -0.27691 -0.79219
vn -0.21267 -0.10829 -0.9711
vn 0.10679 -0.98043 -0.16542
vn 0.10828 -0.99412 0
vn -0.13278 -0.99115 0
vn -0.13095 -0.97749 -0.16542
vn 0.13095 0.97749 -0.16542
vn 0.13278 0.99115 0
vn 0.36611 0.93057 0
vn 0.36107 0.91775 -0.16543
vn -0.86754 0.46906 -0.16542
vn -0.87965 0.47561 0
vn -0.74027 0.67231 0
vn -0.73007 0.66305 -0.16542
vn -0.10679 0.98042 -0.16542
vn -0.10828 0.99412 0
vn 0.57818 0.81591 0
vn 0.57021 0.80467 -0.16542
vn 0.33831 -0.92638 -0.16542
vn 0.34304 -0.93932 0
vn -0.74621 -0.64483 -0.16541
vn -0.75664 -0.65383 0
vn -0.89112 -0.45376 0
vn -0.87885 -0.44751 -0.16541
vn -0.97382 -0.22732 0
vn -0.96041 -0.22418 -0.16542
vn -0.95458 0.24782 -0.16542
vn -0.96792 0.25128 0
vn -0.55787 0.82993 0
vn -0.55018 0.8185 -0.16542
vn -0.34304 0.93932 0
vn -0.33832 0.92638 -0.16542
vn 0.74622 0.64482 -0.16542
vn 0.75664 0.65383 0
vn 0.89112 0.45376 0
vn 0.87885 0.44751 -0.16542
vn 0.9604 0.22419 -0.16542
vn 0.97382 0.22732 0
vn 0.99992 -0.01234 0
vn 0.98615 -0.01217 -0.16542
vn 0.96791 -0.25128 0
vn 0.95458 -0.24782 -0.16542
vn 0.86754 -0.46906 -0.16542
vn 0.87966 -0.47561 0
vn 0.74027 -0.67231 0
vn 0.73007 -0.66305 -0.16542
vn 0.55787 -0.82993 0
vn 0.55018 -0.8185 -0.16542
vn -0.65437 -0.56546 -0.50206
vn -0.50002 -0.70563 -0.50206
vn -0.57021 -0.80467 -0.16542
vn 0.61023 -0.00753 -0.79219
vn 0.59069 -0.15335 -0.79219
vn 0.231 -0.05997 -0.9711
vn 0.23864 -0.00294 -0.9711
vn 0.06608 -0.60668 -0.79219
vn -0.08103 -0.60486 -0.7922
vn -0.03169 -0.23654 -0.9711
vn 0.02584 -0.23725 -0.9711
vn -0.76075 0.41133 -0.50207
vn -0.83708 0.21731 -0.50207
vn 0.20935 -0.57324 -0.79219
vn 0.08187 -0.22417 -0.9711
vn 0.35284 0.49793 -0.79219
vn 0.46175 0.39902 -0.79219
vn 0.18058 0.15604 -0.9711
vn 0.13798 0.19472 -0.9711
vn 0.50002 0.70562 -0.50207
vn 0.31662 0.80478 -0.50207
vn 0.53683 -0.29025 -0.79219
vn 0.45177 -0.41029 -0.79219
vn 0.17667 -0.16045 -0.9711
vn 0.20994 -0.11351 -0.9711
vn -0.99992 0.01234 0
vn -0.98615 0.01217 -0.16542
vn -0.36107 -0.91775 -0.16542
vn -0.31663 -0.80478 -0.50207
vn -0.11483 -0.85717 -0.50206
vn -0.13798 -0.19472 -0.9711
vn -0.35284 -0.49793 -0.79219
vn -0.34045 0.50649 -0.79219
vn -0.20935 0.57324 -0.79219
vn -0.08187 0.22417 -0.9711
vn -0.13314 0.19807 -0.9711
vn -0.53683 0.29025 -0.79219
vn -0.45177 0.41029 -0.79219
vn -0.17667 0.16045 -0.9711
vn -0.20993 0.11351 -0.9711
vn -0.36611 -0.93057 0
vn 0.04051 0.11655 -0.99236
vn -0.08737 -0.22208 -0.9711
vn -0.12119 -0.02319 -0.99236
vn -0.08067 0.09336 -0.99236
vn 0.13314 -0.19807 -0.9711
vn 0.03169 0.23654 -0.9711
vn 0.08737 0.22209 -0.9711
vn -0.04051 -0.11655 -0.99236
vn 0.12119 0.02319 -0.99236
vn 0.44502 0.08514 -0.89147
vn 0.14877 0.42797 -0.89147
vn 0.23241 0.05425 -0.9711
vn -0.23241 -0.05425 -0.9711
vn 0.21267 0.10829 -0.9711
vn 0.80622 -0.53372 -0.25525
vn 0.94456 -0.32835 0
vn 0.99735 -0.07269 1E-05
vn 0.96344 -0.08145 -0.25525
vn -0.02584 0.23725 -0.9711
vn 0.08067 -0.09336 -0.99236
vn -0.99735 0.07269 1E-05
vn -0.96344 0.08144 -0.25525
vn -0.80622 0.53372 -0.25526
vn -0.94456 0.32835 0
vn -0.231 0.05997 -0.9711
vn -0.23864 0.00295 -0.9711
vn -0.86476 0.01067 -0.50207
vn -0.84219 -0.19659 -0.50206
vn 0.11483 0.85717 -0.50207
vn 0.09364 -0.85974 -0.50207
vn 0.29667 -0.81235 -0.50207
vn 0.76075 -0.41132 -0.50207
vn 0.83708 -0.21731 -0.50206
vn -0.22343 -0.5679 -0.7922
vn 0.86476 -0.01067 -0.50206
vn 0.84219 0.19659 -0.50206
vn 0.65437 0.56545 -0.50206
vn -0.61022 0.00753 -0.79219
vn -0.59068 0.15335 -0.7922
vn -0.09364 0.85975 -0.50206
vn -0.29667 0.81235 -0.50206
vn -0.64021 0.58143 -0.50206
vn -0.59429 -0.13872 -0.79219
vn 0.64021 -0.58143 -0.50207
vn 0 0 -1
vn 0.54383 0.27692 -0.79219
vn -0.77068 -0.39243 -0.50206
vn 0.22343 0.5679 -0.79219
vn 0.77067 0.39243 -0.50206
vn -0.48246 0.71775 -0.50206
vn 0.41118 -0.87508 -0.25526
vn 0.29891 -0.69304 -0.656
vn -0.02197 -0.75443 -0.65601
vn -0.0591 -0.96506 -0.25526
vn -0.06608 0.60669 -0.79219
vn -0.57818 -0.81591 0
vn 0.5943 0.13872 -0.79219
vn -0.44502 -0.08514 -0.89146
vn -0.29624 0.34282 -0.89147
vn 0.08103 0.60487 -0.79219
vn 0.48246 -0.71775 -0.50207
vn 0.34045 -0.50648 -0.79219
vn -0.07269 -0.99735 1E-05
vn 0.43573 -0.90008 1E-05
vn 0.66436 0.35819 -0.656
vn 0.86533 0.43134 -0.25525
vn 0.55225 0.79364 -0.25526
vn 0.45074 0.60538 -0.65601
vn 0.29624 -0.34282 -0.89147
vn -0.14877 -0.42797 -0.89147
vn -0.86533 -0.43134 -0.25525
vn -0.90008 -0.43572 1E-05
vn -0.75664 -0.65383 0
vn -0.55225 -0.79364 -0.25526
vn 0.64238 -0.39624 -0.656
vn 0.74966 -0.08766 -0.65599
vn -0.74966 0.08766 -0.65599
vn -0.64238 0.39624 -0.656
vn -0.43572 0.90008 1E-05
vn -0.41118 0.87508 -0.25526
vn 0.05911 0.96506 -0.25526
vn 0.07269 0.99735 1E-05
vn 0.90008 0.43572 1E-05
vn 0.75664 0.65383 0
vn -0.45074 -0.60538 -0.65601
vn -0.66435 -0.3582 -0.656
vn -0.29891 0.69304 -0.65601
vn 0.02196 0.75443 -0.65601
vn 0.64291 -0.37507 -0.66783
vn 0.27788 -0.69051 -0.66781
vn 0.47441 -0.54902 -0.68813
vn 0.73693 -0.1046 -0.66783
vn 0.71265 0.13635 -0.68814
vn 0.64627 0.36924 -0.66783
vn -0.64292 0.37506 -0.66782
vn -0.27789 0.69051 -0.66782
vn -0.47442 0.549 -0.68813
vn 0.45905 0.5859 -0.66783
vn 0.23824 0.68536 -0.68813
vn 0.00336 0.74432 -0.66781
vn -0.71266 -0.13636 -0.68813
vn -0.64627 -0.36925 -0.66782
vn -0.73694 0.10459 -0.66782
vn -0.23824 -0.68536 -0.68813
vn -0.00335 -0.74431 -0.66782
vn -0.45905 -0.5859 -0.66782
vn 0.32834 0.94456 1E-05
vn -0.65383 0.75664 1E-05
vn -0.32834 -0.94456 2E-05
vn 0.65383 -0.75664 1E-05
vn -0.12352 -0.2042 -0.9711
vn -0.31585 -0.52218 -0.79219
vn -0.43164 -0.43142 -0.79219
vn -0.1688 -0.16871 -0.9711
vn 0.40453 -0.89944 -0.16542
vn 0.41018 -0.91201 0
vn 0.18 -0.98367 0
vn 0.17752 -0.97011 -0.16542
vn -0.17752 0.97011 -0.16542
vn -0.18 0.98367 0
vn 0.06063 0.99816 0
vn 0.0598 0.98441 -0.16542
vn -0.97002 0.17802 -0.16542
vn -0.98357 0.18051 0
vn -0.91179 0.41065 0
vn -0.89923 0.40499 -0.16542
vn -0.40453 0.89944 -0.16542
vn -0.41018 0.91201 0
vn 0.29775 0.95464 0
vn 0.29365 0.94149 -0.16542
vn 0.60802 -0.77649 -0.16542
vn 0.61652 -0.78734 0
vn -0.51043 -0.84386 -0.16541
vn -0.51756 -0.85565 0
vn -0.70729 -0.70692 0
vn -0.69755 -0.69719 -0.16541
vn -0.85591 -0.51712 0
vn -0.84412 -0.50999 -0.16542
vn -0.98444 -0.05929 -0.16542
vn -0.99819 -0.06012 0
vn -0.78702 0.61692 0
vn -0.77618 0.60842 -0.16542
vn -0.61652 0.78734 0
vn -0.60802 0.77649 -0.16542
vn 0.51043 0.84386 -0.16542
vn 0.51756 0.85565 0
vn 0.70729 0.70693 0
vn 0.69755 0.69719 -0.16542
vn 0.84412 0.50999 -0.16542
vn 0.85591 0.51712 0
vn 0.9548 0.29726 0
vn 0.94164 0.29316 -0.16542
vn 0.99819 0.06012 0
vn 0.98444 0.05929 -0.16542
vn 0.97002 -0.17802 -0.16542
vn 0.98357 -0.18051 0
vn 0.91179 -0.41065 0
vn 0.89923 -0.40499 -0.16542
vn 0.78703 -0.61692 0
vn 0.77618 -0.60842 -0.16542
vn -0.4476 -0.74 -0.50205
vn -0.2575 -0.82561 -0.50206
vn -0.29365 -0.94149 -0.16542
vn 0.58268 0.18141 -0.79219
vn 0.60917 0.03669 -0.79219
vn 0.23822 0.01435 -0.9711
vn 0.22787 0.07094 -0.9711
vn 0.25032 -0.55657 -0.79219
vn 0.10985 -0.6003 -0.79219
vn 0.04296 -0.23475 -0.9711
vn 0.09789 -0.21766 -0.9711
vn -0.85062 0.15611 -0.50207
vn -0.86326 -0.052 -0.50207
vn 0.37624 -0.48049 -0.79219
vn 0.14714 -0.1879 -0.9711
vn 0.18171 0.58259 -0.79219
vn 0.31585 0.52218 -0.79219
vn 0.12352 0.2042 -0.9711
vn 0.07106 0.22783 -0.9711
vn 0.2575 0.8256 -0.50207
vn 0.05243 0.86324 -0.50207
vn 0.60025 -0.11016 -0.79219
vn 0.55644 -0.25061 -0.79219
vn 0.21761 -0.098 -0.9711
vn 0.23474 -0.04308 -0.9711
vn -0.9548 -0.29726 0
vn -0.94164 -0.29317 -0.16542
vn -0.0598 -0.98441 -0.16542
vn -0.05244 -0.86324 -0.50207
vn 0.15567 -0.85071 -0.50206
vn -0.07106 -0.22783 -0.9711
vn -0.18171 -0.58259 -0.79219
vn -0.4803 0.37649 -0.79219
vn -0.37624 0.48049 -0.79219
vn -0.14714 0.1879 -0.9711
vn -0.18783 0.14723 -0.9711
vn -0.60025 0.11016 -0.79219
vn -0.55645 0.25061 -0.79219
vn -0.21761 0.098 -0.9711
vn -0.23473 0.04308 -0.9711
vn -0.06063 -0.99816 0
vn 0.00252 0.12336 -0.99236
vn -0.01447 -0.23821 -0.9711
vn -0.10809 -0.0595 -0.99236
vn -0.10558 0.06386 -0.99236
vn 0.18783 -0.14723 -0.9711
vn -0.04296 0.23476 -0.9711
vn 0.01447 0.23822 -0.9711
vn -0.00252 -0.12336 -0.99236
vn 0.10809 0.0595 -0.99236
vn 0.39693 0.2185 -0.89146
vn 0.00924 0.45299 -0.89147
vn 0.20427 0.12341 -0.9711
vn -0.20427 -0.12341 -0.9711
vn 0.1688 0.16871 -0.9711
vn 0.93169 -0.25847 -0.25525
vn 0.99979 -0.02039 -0
vn 0.971 0.23908 1E-05
vn 0.94145 0.22026 -0.25524
vn -0.09789 0.21765 -0.9711
vn 0.10558 -0.06386 -0.99236
vn -0.971 -0.23906 1E-05
vn -0.94145 -0.22025 -0.25525
vn -0.93169 0.25847 -0.25525
vn -0.99979 0.02039 0
vn -0.23822 -0.01435 -0.9711
vn -0.22787 -0.07094 -0.9711
vn -0.82574 -0.25708 -0.50207
vn -0.74022 -0.44722 -0.50206
vn -0.15567 0.8507 -0.50207
vn 0.35474 -0.78873 -0.50206
vn 0.53318 -0.68091 -0.50207
vn 0.85062 -0.15611 -0.50206
vn 0.86327 0.05199 -0.50206
vn -0.037 -0.60915 -0.79219
vn 0.82574 0.25707 -0.50207
vn 0.74022 0.44722 -0.50207
vn 0.4476 0.73999 -0.50206
vn -0.58268 -0.18141 -0.79219
vn -0.60917 -0.03669 -0.79219
vn -0.35474 0.78873 -0.50206
vn -0.53318 0.68092 -0.50206
vn -0.78855 0.35514 -0.50207
vn -0.52234 -0.31558 -0.79219
vn 0.78855 -0.35514 -0.50207
vn 0 0 -1
vn 0.43164 0.43141 -0.79219
vn -0.61169 -0.61137 -0.50205
vn 0.037 0.60915 -0.79219
vn 0.61169 0.61137 -0.50206
vn -0.68064 0.53353 -0.50206
vn 0.66147 -0.70519 -0.25526
vn 0.49844 -0.56676 -0.656
vn 0.21225 -0.7243 -0.65601
vn 0.24201 -0.93609 -0.25526
vn -0.25032 0.55657 -0.79219
vn -0.29775 -0.95464 0
vn 0.52234 0.31558 -0.79219
vn -0.39692 -0.21849 -0.89147
vn -0.38768 0.2345 -0.89147
vn -0.10985 0.6003 -0.79219
vn 0.68064 -0.53353 -0.50207
vn 0.4803 -0.37649 -0.79219
vn 0.23907 -0.971 1E-05
vn 0.69254 -0.72138 1E-05
vn 0.52115 0.54596 -0.65599
vn 0.68968 0.67763 -0.25524
vn 0.27998 0.92545 -0.25526
vn 0.24161 0.71504 -0.65601
vn 0.38768 -0.2345 -0.89147
vn -0.00924 -0.45299 -0.89147
vn -0.68969 -0.67762 -0.25525
vn -0.72139 -0.69253 1E-05
vn -0.51756 -0.85565 -0
vn -0.27998 -0.92545 -0.25526
vn 0.73339 -0.17834 -0.656
vn 0.74006 0.14829 -0.65599
vn -0.74005 -0.14828 -0.656
vn -0.73339 0.17834 -0.656
vn -0.69254 0.72138 1E-05
vn -0.66147 0.70519 -0.25526
vn -0.24201 0.93609 -0.25526
vn -0.23907 0.971 1E-05
vn 0.72138 0.69254 1E-05
vn 0.51756 0.85565 -0
vn -0.24161 -0.71504 -0.65601
vn -0.52115 -0.54595 -0.656
vn -0.49844 0.56676 -0.656
vn -0.21225 0.7243 -0.65601
vn 0.72735 -0.15804 -0.66782
vn 0.47766 -0.57084 -0.66782
vn 0.62085 -0.37554 -0.68813
vn 0.73319 0.12824 -0.66783
vn 0.63564 0.3499 -0.68814
vn 0.50054 0.55088 -0.66783
vn -0.72735 0.15803 -0.66782
vn -0.47767 0.57084 -0.66782
vn -0.62085 0.37553 -0.68813
vn 0.25553 0.69909 -0.66782
vn 0.01479 0.72545 -0.68812
vn -0.22682 0.70893 -0.66781
vn -0.63565 -0.3499 -0.68813
vn -0.50054 -0.55088 -0.66783
vn -0.73319 -0.12824 -0.66782
vn -0.0148 -0.72543 -0.68814
vn 0.22681 -0.70891 -0.66783
vn -0.25553 -0.69908 -0.66783
vn 0.02039 0.99979 1E-05
vn -0.85565 0.51756 2E-05
vn -0.02039 -0.99979 1E-05
vn 0.85564 -0.51757 1E-05
vn -0.05437 -0.23238 -0.9711
vn -0.13903 -0.59422 -0.79219
vn -0.2772 -0.54368 -0.79219
vn -0.1084 -0.21261 -0.9711
vn 0.66267 -0.73041 -0.16542
vn 0.67193 -0.74062 0
vn 0.47516 -0.8799 0
vn 0.46862 -0.86778 -0.16542
vn -0.46861 0.86778 -0.16542
vn -0.47516 0.8799 0
vn -0.25078 0.96804 0
vn -0.24733 0.95471 -0.16543
vn -0.97756 -0.13045 -0.16542
vn -0.99121 -0.13227 0
vn -0.99406 0.10879 0
vn -0.98037 0.10729 -0.16542
vn -0.66267 0.73041 -0.16542
vn -0.67193 0.74062 0
vn -0.01182 0.99993 0
vn -0.01166 0.98615 -0.16542
vn 0.81821 -0.5506 -0.16542
vn 0.82964 -0.55829 0
vn -0.22468 -0.96029 -0.16541
vn -0.22782 -0.9737 0
vn -0.45422 -0.89089 0
vn -0.44796 -0.87862 -0.16541
vn -0.65422 -0.7563 0
vn -0.64521 -0.74588 -0.16542
vn -0.91794 -0.3606 -0.16542
vn -0.93076 -0.36564 0
vn -0.93914 0.34352 0
vn -0.92621 0.33879 -0.16542
vn -0.82964 0.55829 0
vn -0.81821 0.5506 -0.16542
vn 0.22468 0.96029 -0.16541
vn 0.22782 0.9737 0
vn 0.45422 0.89089 0
vn 0.44796 0.87862 -0.16542
vn 0.64521 0.74588 -0.16542
vn 0.65422 0.7563 0
vn 0.81621 0.57776 0
vn 0.80496 0.5698 -0.16542
vn 0.93076 0.36564 0
vn 0.91793 0.3606 -0.16542
vn 0.97756 0.13045 -0.16542
vn 0.99121 0.13227 0
vn 0.99406 -0.10879 0
vn 0.98037 -0.10729 -0.16542
vn 0.93914 -0.34352 0
vn 0.92621 -0.33879 -0.16542
vn -0.19702 -0.84209 -0.50206
vn 0.01023 -0.86477 -0.50207
vn 0.01166 -0.98615 -0.16542
vn 0.49811 0.35259 -0.79219
vn 0.56802 0.22314 -0.79219
vn 0.22213 0.08726 -0.9711
vn 0.19479 0.13789 -0.9711
vn 0.41006 -0.45198 -0.79219
vn 0.28998 -0.53698 -0.79219
vn 0.1134 -0.20999 -0.97111
vn 0.16036 -0.17675 -0.9711
vn -0.85723 -0.11439 -0.50207
vn -0.80495 -0.31622 -0.50207
vn 0.50631 -0.34071 -0.79219
vn 0.198 -0.13324 -0.9711
vn -0.00722 0.61023 -0.79219
vn 0.13903 0.59423 -0.79219
vn 0.05437 0.23238 -0.9711
vn -0.00282 0.23864 -0.9711
vn -0.01023 0.86477 -0.50206
vn -0.21688 0.83719 -0.50207
vn 0.60491 0.08072 -0.79219
vn 0.60665 -0.06639 -0.79219
vn 0.23724 -0.02596 -0.9711
vn 0.23656 0.03157 -0.9711
vn -0.81621 -0.57776 0
vn -0.80496 -0.5698 -0.16542
vn 0.24733 -0.95471 -0.16542
vn 0.21688 -0.83719 -0.50207
vn 0.41093 -0.76096 -0.50206
vn 0.00282 -0.23864 -0.9711
vn 0.00722 -0.61023 -0.79219
vn -0.57314 0.20964 -0.79219
vn -0.50631 0.34071 -0.79219
vn -0.198 0.13324 -0.9711
vn -0.22413 0.08198 -0.9711
vn -0.60491 -0.08072 -0.79219
vn -0.60665 0.06639 -0.79219
vn -0.23724 0.02596 -0.9711
vn -0.23656 -0.03157 -0.9711
vn 0.25078 -0.96804 0
vn -0.03573 0.1181 -0.99236
vn 0.05985 -0.23103 -0.9711
vn -0.08441 -0.08999 -0.99236
vn -0.12014 0.02811 -0.99236
vn 0.22413 -0.08198 -0.9711
vn -0.1134 0.20999 -0.9711
vn -0.05985 0.23103 -0.9711
vn 0.03573 -0.1181 -0.99236
vn 0.08441 0.08999 -0.99236
vn 0.30998 0.33046 -0.89147
vn -0.13119 0.43368 -0.89147
vn 0.15613 0.1805 -0.9711
vn -0.15613 -0.18049 -0.9711
vn 0.1084 0.21261 -0.9711
vn 0.96596 0.0421 -0.25525
vn 0.95716 0.28956 0
vn 0.8496 0.52742 1E-05
vn 0.82731 0.5004 -0.25524
vn -0.16036 0.17675 -0.9711
vn 0.12014 -0.02811 -0.99236
vn -0.8496 -0.52743 1E-05
vn -0.82731 -0.5004 -0.25525
vn -0.96596 -0.04208 -0.25525
vn -0.95716 -0.28956 -0
vn -0.22213 -0.08726 -0.9711
vn -0.19479 -0.13788 -0.9711
vn -0.70588 -0.49966 -0.50207
vn -0.56579 -0.65407 -0.50207
vn -0.41093 0.76096 -0.50207
vn 0.58111 -0.64051 -0.50206
vn 0.7175 -0.48283 -0.50206
vn 0.85723 0.11439 -0.50207
vn 0.80495 0.31621 -0.50207
vn 0.15305 -0.59077 -0.79219
vn 0.70588 0.49966 -0.50207
vn 0.56579 0.65407 -0.50207
vn 0.19703 0.84209 -0.50206
vn -0.49811 -0.35259 -0.7922
vn -0.56801 -0.22314 -0.7922
vn -0.5811 0.64051 -0.50207
vn -0.7175 0.48283 -0.50207
vn -0.8597 0.09409 -0.50206
vn -0.39925 -0.46155 -0.7922
vn 0.8597 -0.09408 -0.50206
vn 0 0 -1
vn 0.2772 0.54369 -0.79219
vn -0.39283 -0.77047 -0.50206
vn -0.15305 0.59077 -0.79219
vn 0.39283 0.77047 -0.50206
vn -0.8122 0.29709 -0.50206
vn 0.84702 -0.46627 -0.25525
vn 0.64919 -0.38499 -0.656
vn 0.42568 -0.62327 -0.656
vn 0.51943 -0.8155 -0.25526
vn -0.41006 0.45197 -0.7922
vn 0.01183 -0.99993 0
vn 0.39925 0.46155 -0.79219
vn -0.30998 -0.33046 -0.89147
vn -0.44117 0.10322 -0.89147
vn -0.28997 0.53697 -0.7922
vn 0.8122 -0.29709 -0.50207
vn 0.57313 -0.20964 -0.79219
vn 0.52742 -0.8496 1E-05
vn 0.88157 -0.47206 1E-05
vn 0.32693 0.68029 -0.65599
vn 0.44653 0.85759 -0.25525
vn -0.01971 0.96667 -0.25526
vn 0.00882 0.75471 -0.656
vn 0.44118 -0.10322 -0.89146
vn 0.1312 -0.43368 -0.89146
vn -0.44653 -0.85759 -0.25525
vn -0.47207 -0.88156 1E-05
vn -0.22782 -0.9737 0
vn 0.0197 -0.96667 -0.25526
vn 0.7526 0.05702 -0.656
vn 0.65801 0.36972 -0.65599
vn -0.65801 -0.36972 -0.656
vn -0.7526 -0.05701 -0.656
vn -0.88156 0.47208 1E-05
vn -0.84701 0.46628 -0.25526
vn -0.51943 0.81549 -0.25526
vn -0.52742 0.8496 1E-05
vn 0.47208 0.88156 1E-05
vn 0.22782 0.9737 0
vn -0.00882 -0.75471 -0.656
vn -0.32693 -0.68028 -0.656
vn -0.64918 0.38499 -0.656
vn -0.42567 0.62326 -0.65601
vn 0.74058 0.07447 -0.66783
vn 0.63069 -0.3953 -0.66781
vn 0.7065 -0.16531 -0.68813
vn 0.65767 0.34853 -0.66783
vn 0.4964 0.52919 -0.68814
vn 0.30581 0.67859 -0.66784
vn -0.74058 -0.07446 -0.66783
vn -0.63068 0.3953 -0.66782
vn -0.70651 0.16531 -0.68813
vn 0.02699 0.74383 -0.66782
vn -0.2101 0.69451 -0.68812
vn -0.43479 0.60414 -0.66781
vn -0.4964 -0.52921 -0.68813
vn -0.30581 -0.6786 -0.66782
vn -0.65767 -0.34854 -0.66782
vn 0.21011 -0.69451 -0.68812
vn 0.4348 -0.60414 -0.66781
vn -0.02699 -0.74383 -0.66782
vn -0.28957 0.95716 1E-05
vn -0.9737 0.22784 1E-05
vn 0.28956 -0.95716 1E-05
vn 0.97371 -0.2278 2E-05
vn 0.0926 -0.21995 -0.9711
vn 0.2368 -0.56246 -0.79219
vn 0.09531 -0.60278 -0.79219
vn 0.03727 -0.23572 -0.9711
vn 0.96544 -0.20141 -0.16542
vn 0.97892 -0.20422 0
vn 0.90161 -0.43256 0
vn 0.88918 -0.4266 -0.16542
vn -0.88918 0.4266 -0.16542
vn -0.90161 0.43256 0
vn -0.77189 0.63576 0
vn -0.76126 0.627 -0.16542
vn -0.71419 -0.68013 -0.16542
vn -0.72416 -0.68963 0
vn -0.86816 -0.49628 0
vn -0.8562 -0.48945 -0.16542
vn -0.96544 0.20141 -0.16542
vn -0.97892 0.20422 0
vn -0.59731 0.80201 0
vn -0.58908 0.79096 -0.16543
vn 0.98558 0.03549 -0.16542
vn 0.99935 0.03599 0
vn 0.38267 -0.90895 -0.16541
vn 0.38802 -0.92165 0
vn 0.15618 -0.98773 0
vn 0.15403 -0.97412 -0.16541
vn -0.08474 -0.9964 0
vn -0.08357 -0.98268 -0.16542
vn -0.53067 -0.83128 -0.16542
vn -0.53808 -0.84289 0
vn -0.9617 -0.2741 0
vn -0.94845 -0.27032 -0.16542
vn -0.99935 -0.03599 0
vn -0.98558 -0.03549 -0.16542
vn -0.38267 0.90895 -0.16542
vn -0.38802 0.92165 0
vn -0.15618 0.98773 0
vn -0.15403 0.97412 -0.16542
vn 0.08357 0.98268 -0.16543
vn 0.08474 0.9964 0
vn 0.32073 0.94717 0
vn 0.31631 0.93412 -0.16542
vn 0.53808 0.84289 0
vn 0.53067 0.83128 -0.16542
vn 0.71419 0.68013 -0.16542
vn 0.72416 0.68963 0
vn 0.86816 0.49628 0
vn 0.8562 0.48945 -0.16542
vn 0.9617 0.2741 0
vn 0.94845 0.27032 -0.16542
vn 0.33557 -0.79708 -0.50206
vn 0.51658 -0.6936 -0.50206
vn 0.58908 -0.79096 -0.16542
vn 0.19573 0.57803 -0.7922
vn 0.32837 0.51439 -0.7922
vn 0.12842 0.20116 -0.9711
vn 0.07654 0.22605 -0.9711
vn 0.59741 -0.12463 -0.79219
vn 0.55022 -0.26398 -0.7922
vn 0.21517 -0.10323 -0.9711
vn 0.23363 -0.04874 -0.9711
vn -0.62628 -0.59641 -0.50207
vn -0.46535 -0.72896 -0.50207
vn 0.60988 0.02196 -0.79219
vn 0.2385 0.00859 -0.9711
vn -0.36452 0.48944 -0.79219
vn -0.2368 0.56246 -0.79219
vn -0.0926 0.21996 -0.9711
vn -0.14255 0.1914 -0.9711
vn -0.51657 0.6936 -0.50207
vn -0.66755 0.54982 -0.50207
vn 0.44194 0.42086 -0.79219
vn 0.52981 0.30287 -0.79219
vn 0.20719 0.11844 -0.9711
vn 0.17283 0.16458 -0.9711
vn -0.32073 -0.94717 0
vn -0.31631 -0.93412 -0.16542
vn 0.76126 -0.627 -0.16542
vn 0.66755 -0.54982 -0.50207
vn 0.77973 -0.37409 -0.50206
vn 0.14255 -0.1914 -0.9711
vn 0.36452 -0.48944 -0.79219
vn -0.5869 -0.16728 -0.79219
vn -0.60988 -0.02196 -0.79219
vn -0.2385 -0.00859 -0.9711
vn -0.22952 -0.06542 -0.9711
vn -0.44194 -0.42086 -0.79219
vn -0.52982 -0.30287 -0.79219
vn -0.20719 -0.11844 -0.9711
vn -0.17282 -0.16458 -0.9711
vn 0.77189 -0.63576 0
vn -0.09832 0.07455 -0.99236
vn 0.18421 -0.15173 -0.9711
vn -0.0154 -0.12242 -0.99236
vn -0.11372 -0.04788 -0.99236
vn 0.22952 0.06542 -0.9711
vn -0.21517 0.10323 -0.9711
vn -0.18422 0.15173 -0.9711
vn 0.09832 -0.07455 -0.99236
vn 0.0154 0.12242 -0.99236
vn 0.05654 0.44955 -0.89146
vn -0.36105 0.27374 -0.89146
vn 0.02022 0.2378 -0.9711
vn -0.02022 -0.2378 -0.9711
vn -0.03727 0.23573 -0.9711
vn 0.75674 0.60183 -0.25525
vn 0.60416 0.79686 0
vn 0.37733 0.92608 1E-05
vn 0.37518 0.89112 -0.25525
vn -0.23362 0.04874 -0.9711
vn 0.11372 0.04788 -0.99236
vn -0.37733 -0.92608 1E-05
vn -0.37518 -0.89112 -0.25525
vn -0.75673 -0.60183 -0.25525
vn -0.60416 -0.79686 0
vn -0.12841 -0.20116 -0.9711
vn -0.07654 -0.22605 -0.9711
vn -0.27737 -0.81914 -0.50208
vn -0.07328 -0.86172 -0.50206
vn -0.77973 0.37409 -0.50207
vn 0.8466 -0.17662 -0.50206
vn 0.86427 0.03112 -0.50207
vn 0.62628 0.59641 -0.50207
vn 0.46535 0.72896 -0.50207
vn 0.47106 -0.38798 -0.79219
vn 0.27738 0.81914 -0.50207
vn 0.07328 0.86172 -0.50207
vn -0.33557 0.79707 -0.50207
vn -0.19573 -0.57803 -0.7922
vn -0.32837 -0.51439 -0.7922
vn -0.8466 0.17662 -0.50206
vn -0.86427 -0.03112 -0.50206
vn -0.75081 -0.4292 -0.50206
vn -0.05171 -0.60807 -0.79219
vn 0.75081 0.4292 -0.50207
vn -0 0 -1
vn -0.09531 0.60278 -0.79219
vn 0.13507 -0.85422 -0.50206
vn -0.47106 0.38798 -0.79219
vn -0.13507 0.85422 -0.50207
vn -0.83171 -0.23705 -0.50206
vn 0.95932 0.12064 -0.25526
vn 0.75149 0.07012 -0.656
vn 0.71072 -0.25402 -0.65601
vn 0.89957 -0.35443 -0.25526
vn -0.59741 0.12463 -0.79219
vn 0.59731 -0.80201 0
vn 0.05171 0.60808 -0.79219
vn -0.05654 -0.44955 -0.89147
vn -0.41759 -0.17581 -0.89147
vn -0.55022 0.26398 -0.79219
vn 0.83171 0.23705 -0.50207
vn 0.5869 0.16727 -0.79219
vn 0.92608 -0.37733 1E-05
vn 0.99067 0.13626 1E-05
vn -0.13536 0.74253 -0.65599
vn -0.14283 0.95627 -0.25525
vn -0.58414 0.77047 -0.25526
vn -0.43647 0.61575 -0.656
vn 0.41759 0.17581 -0.89147
vn 0.36105 -0.27374 -0.89147
vn 0.14283 -0.95627 -0.25525
vn 0.13625 -0.99067 1E-05
vn 0.38802 -0.92165 -0
vn 0.58414 -0.77047 -0.25526
vn 0.57536 0.4885 -0.656
vn 0.31503 0.68588 -0.65599
vn -0.31502 -0.68588 -0.656
vn -0.57535 -0.4885 -0.656
vn -0.99067 -0.13626 1E-05
vn -0.95932 -0.12064 -0.25526
vn -0.89957 0.35443 -0.25526
vn -0.92608 0.37733 1E-05
vn -0.13625 0.99067 1E-05
vn -0.38802 0.92165 0
vn 0.43647 -0.61575 -0.65601
vn 0.13536 -0.74252 -0.656
vn -0.75149 -0.07012 -0.656
vn -0.71072 0.25402 -0.65601
vn 0.55537 0.49554 -0.66783
vn 0.74258 0.0509 -0.66782
vn 0.66874 0.28153 -0.68813
vn 0.3272 0.66853 -0.66784
vn 0.09054 0.7199 -0.68815
vn -0.15146 0.72874 -0.66783
vn -0.55538 -0.49555 -0.66782
vn -0.74258 -0.0509 -0.66782
vn -0.66874 -0.28154 -0.68813
vn -0.41537 0.61764 -0.66783
vn -0.5782 0.43837 -0.68813
vn -0.70685 0.2332 -0.66782
vn -0.09055 -0.71992 -0.68812
vn 0.15147 -0.72876 -0.66781
vn -0.32721 -0.66855 -0.66781
vn 0.5782 -0.43838 -0.68812
vn 0.70686 -0.2332 -0.66781
vn 0.41538 -0.61765 -0.66781
vn -0.79687 0.60416 1E-05
vn -0.92165 -0.38802 1E-05
vn 0.79687 -0.60416 1E-05
vn 0.92165 0.38802 2E-05
vn 0.15604 -0.18057 -0.97111
vn 0.39902 -0.46175 -0.79219
vn 0.27692 -0.54383 -0.79219
vn 0.10829 -0.21267 -0.9711
vn 0.98043 0.10679 -0.16542
vn 0.99412 0.10828 0
vn 0.99115 -0.13278 0
vn 0.97749 -0.13095 -0.16542
vn -0.97749 0.13095 -0.16542
vn -0.99115 0.13278 0
vn -0.93057 0.36611 0
vn -0.91775 0.36107 -0.16543
vn -0.46906 -0.86754 -0.16542
vn -0.47561 -0.87965 0
vn -0.67231 -0.74027 0
vn -0.66305 -0.73007 -0.16542
vn -0.98043 -0.10679 -0.16542
vn -0.99412 -0.10828 0
vn -0.81591 0.57818 0
vn -0.80467 0.57021 -0.16542
vn 0.92638 0.33831 -0.16542
vn 0.93932 0.34304 0
vn 0.64483 -0.74621 -0.16541
vn 0.65383 -0.75664 0
vn 0.45376 -0.89112 0
vn 0.44751 -0.87885 -0.16541
vn 0.22732 -0.97382 0
vn 0.22418 -0.9604 -0.16542
vn -0.24782 -0.95458 -0.16541
vn -0.25128 -0.96791 0
vn -0.82993 -0.55787 0
vn -0.8185 -0.55018 -0.16542
vn -0.93932 -0.34304 0
vn -0.92638 -0.33832 -0.16542
vn -0.64483 0.74622 -0.16542
vn -0.65383 0.75664 0
vn -0.45376 0.89112 0
vn -0.44751 0.87885 -0.16541
vn -0.22419 0.9604 -0.16542
vn -0.22732 0.97382 0
vn 0.01234 0.99992 0
vn 0.01217 0.98615 -0.16542
vn 0.25128 0.96791 0
vn 0.24782 0.95458 -0.16542
vn 0.46906 0.86754 -0.16542
vn 0.47561 0.87965 0
vn 0.67231 0.74027 0
vn 0.66305 0.73007 -0.16542
vn 0.82993 0.55787 0
vn 0.8185 0.55018 -0.16542
vn 0.56546 -0.65437 -0.50206
vn 0.70563 -0.50002 -0.50206
vn 0.80467 -0.57021 -0.16542
vn 0.00753 0.61023 -0.79219
vn 0.15335 0.59069 -0.79219
vn 0.05997 0.231 -0.9711
vn 0.00294 0.23864 -0.9711
vn 0.60668 0.06608 -0.79219
vn 0.60486 -0.08103 -0.7922
vn 0.23654 -0.03169 -0.9711
vn 0.23725 0.02584 -0.9711
vn -0.41133 -0.76075 -0.50206
vn -0.21731 -0.83708 -0.50206
vn 0.57324 0.20935 -0.79219
vn 0.22417 0.08187 -0.9711
vn -0.49793 0.35284 -0.79219
vn -0.39902 0.46176 -0.79219
vn -0.15604 0.18058 -0.9711
vn -0.19472 0.13799 -0.9711
vn -0.70562 0.50002 -0.50207
vn -0.80478 0.31662 -0.50207
vn 0.29025 0.53683 -0.79219
vn 0.41029 0.45177 -0.79219
vn 0.16045 0.17667 -0.9711
vn 0.11351 0.20994 -0.9711
vn -0.01234 -0.99992 0
vn -0.01217 -0.98615 -0.16542
vn 0.91775 -0.36107 -0.16542
vn 0.80478 -0.31663 -0.50207
vn 0.85717 -0.11483 -0.50206
vn 0.19472 -0.13798 -0.9711
vn 0.49793 -0.35284 -0.79219
vn -0.50649 -0.34045 -0.79219
vn -0.57324 -0.20935 -0.79219
vn -0.22417 -0.08187 -0.9711
vn -0.19807 -0.13314 -0.9711
vn -0.29025 -0.53683 -0.79219
vn -0.41029 -0.45177 -0.79219
vn -0.16045 -0.17667 -0.9711
vn -0.11351 -0.20993 -0.9711
vn 0.93057 -0.36611 0
vn -0.11655 0.04051 -0.99236
vn 0.22209 -0.08737 -0.9711
vn 0.02319 -0.12119 -0.99236
vn -0.09336 -0.08067 -0.99236
vn 0.19807 0.13314 -0.9711
vn -0.23654 0.03169 -0.9711
vn -0.22209 0.08737 -0.9711
vn 0.11655 -0.04051 -0.99236
vn -0.02319 0.12119 -0.99236
vn -0.08514 0.44502 -0.89147
vn -0.42797 0.14877 -0.89147
vn -0.05425 0.23241 -0.9711
vn 0.05425 -0.23241 -0.9711
vn -0.10829 0.21267 -0.9711
vn 0.53372 0.80622 -0.25525
vn 0.32835 0.94456 -0
vn 0.07269 0.99735 1E-05
vn 0.08145 0.96344 -0.25525
vn -0.23725 -0.02584 -0.9711
vn 0.09336 0.08067 -0.99236
vn -0.07268 -0.99736 1E-05
vn -0.08145 -0.96344 -0.25525
vn -0.53372 -0.80622 -0.25526
vn -0.32835 -0.94456 0
vn -0.05997 -0.231 -0.9711
vn -0.00295 -0.23864 -0.9711
vn -0.01067 -0.86477 -0.50206
vn 0.19659 -0.84219 -0.50206
vn -0.85717 0.11483 -0.50206
vn 0.85975 0.09364 -0.50206
vn 0.81235 0.29667 -0.50207
vn 0.41132 0.76075 -0.50207
vn 0.21731 0.83708 -0.50206
vn 0.5679 -0.22343 -0.7922
vn 0.01067 0.86477 -0.50206
vn -0.19659 0.84219 -0.50207
vn -0.56546 0.65437 -0.50206
vn -0.00753 -0.61023 -0.79219
vn -0.15335 -0.59068 -0.7922
vn -0.85975 -0.09364 -0.50206
vn -0.81235 -0.29667 -0.50206
vn -0.58143 -0.64021 -0.50206
vn 0.13872 -0.5943 -0.79219
vn 0.58143 0.64021 -0.50207
vn -0 0 -1
vn -0.27691 0.54382 -0.7922
vn 0.39243 -0.77068 -0.50206
vn -0.5679 0.22343 -0.79219
vn -0.39243 0.77067 -0.50206
vn -0.71775 -0.48246 -0.50206
vn 0.87508 0.41119 -0.25526
vn 0.69304 0.29891 -0.656
vn 0.75443 -0.02197 -0.65601
vn 0.96506 -0.0591 -0.25526
vn -0.60668 -0.06608 -0.79219
vn 0.81591 -0.57818 0
vn -0.13872 0.59429 -0.79219
vn 0.08514 -0.44502 -0.89147
vn -0.34282 -0.29625 -0.89147
vn -0.60487 0.08103 -0.79219
vn 0.71775 0.48246 -0.50207
vn 0.50648 0.34045 -0.79219
vn 0.99735 -0.07269 1E-05
vn 0.90008 0.43573 1E-05
vn -0.35819 0.66436 -0.65599
vn -0.43134 0.86533 -0.25525
vn -0.79364 0.55225 -0.25526
vn -0.60538 0.45074 -0.65601
vn 0.34282 0.29624 -0.89147
vn 0.42797 -0.14877 -0.89147
vn 0.43134 -0.86533 -0.25525
vn 0.43572 -0.90008 1E-05
vn 0.65383 -0.75664 -0
vn 0.79364 -0.55225 -0.25526
vn 0.39624 0.64238 -0.656
vn 0.08766 0.74966 -0.65599
vn -0.08766 -0.74965 -0.656
vn -0.39624 -0.64238 -0.65601
vn -0.90008 -0.43573 1E-05
vn -0.87508 -0.41118 -0.25526
vn -0.96506 0.05911 -0.25526
vn -0.99735 0.07269 1E-05
vn -0.43572 0.90008 1E-05
vn -0.65383 0.75664 -0
vn 0.60538 -0.45074 -0.656
vn 0.35819 -0.66435 -0.656
vn -0.69304 -0.29891 -0.65601
vn -0.75443 0.02196 -0.65601
vn 0.37507 0.64292 -0.66781
vn 0.69051 0.27788 -0.66782
vn 0.54901 0.47441 -0.68812
vn 0.10461 0.73694 -0.66781
vn -0.13634 0.71266 -0.68813
vn -0.36924 0.64627 -0.66783
vn -0.37507 -0.64293 -0.6678
vn -0.69051 -0.27789 -0.66781
vn -0.54902 -0.47443 -0.68811
vn -0.5859 0.45905 -0.66782
vn -0.68536 0.23824 -0.68813
vn -0.74432 0.00336 -0.66781
vn 0.13636 -0.71268 -0.6881
vn 0.36926 -0.64629 -0.6678
vn -0.1046 -0.73696 -0.66779
vn 0.68537 -0.23824 -0.68812
vn 0.74432 -0.00335 -0.66782
vn 0.58591 -0.45905 -0.66782
vn -0.94456 0.32834 1E-05
vn -0.75663 -0.65384 1E-05
vn 0.94456 -0.32834 1E-05
vn 0.75664 0.65384 2E-05
vn 0.2042 -0.12352 -0.9711
vn 0.52218 -0.31585 -0.79219
vn 0.43141 -0.43164 -0.79219
vn 0.16871 -0.1688 -0.9711
vn 0.89944 0.40453 -0.16542
vn 0.91201 0.41018 0
vn 0.98367 0.18 0
vn 0.97011 0.17752 -0.16542
vn -0.97011 -0.17752 -0.16542
vn -0.98367 -0.18 0
vn -0.99816 0.06063 0
vn -0.98441 0.0598 -0.16543
vn -0.17802 -0.97002 -0.16542
vn -0.18051 -0.98357 0
vn -0.41065 -0.91179 0
vn -0.40499 -0.89923 -0.16542
vn -0.89944 -0.40453 -0.16542
vn -0.912 -0.41018 0
vn -0.95464 0.29775 0
vn -0.94149 0.29365 -0.16543
vn 0.77649 0.60802 -0.16542
vn 0.78734 0.61652 0
vn 0.84386 -0.51043 -0.16541
vn 0.85565 -0.51756 0
vn 0.70692 -0.70729 0
vn 0.69719 -0.69755 -0.16541
vn 0.51712 -0.85591 0
vn 0.50999 -0.84412 -0.16541
vn 0.05929 -0.98444 -0.16542
vn 0.06012 -0.99819 0
vn -0.61692 -0.78702 0
vn -0.60842 -0.77618 -0.16542
vn -0.78734 -0.61652 0
vn -0.77649 -0.60802 -0.16542
vn -0.84386 0.51043 -0.16542
vn -0.85565 0.51756 0
vn -0.70693 0.70729 0
vn -0.69719 0.69755 -0.16542
vn -0.50999 0.84412 -0.16542
vn -0.51712 0.85591 0
vn -0.29726 0.9548 0
vn -0.29316 0.94164 -0.16542
vn -0.06012 0.99819 0
vn -0.05929 0.98444 -0.16542
vn 0.17802 0.97002 -0.16542
vn 0.18051 0.98357 0
vn 0.41065 0.91179 0
vn 0.40499 0.89923 -0.16542
vn 0.61692 0.78703 0
vn 0.60842 0.77618 -0.16542
vn 0.74 -0.4476 -0.50205
vn 0.82561 -0.2575 -0.50206
vn 0.94149 -0.29365 -0.16542
vn -0.18141 0.58269 -0.79219
vn -0.03669 0.60917 -0.79219
vn -0.01435 0.23822 -0.9711
vn -0.07094 0.22787 -0.9711
vn 0.55657 0.25032 -0.79219
vn 0.6003 0.10985 -0.79219
vn 0.23476 0.04296 -0.9711
vn 0.21765 0.09789 -0.9711
vn -0.15611 -0.85062 -0.50207
vn 0.052 -0.86326 -0.50207
vn 0.48049 0.37624 -0.79219
vn 0.1879 0.14713 -0.9711
vn -0.58259 0.18171 -0.79219
vn -0.52218 0.31585 -0.79219
vn -0.2042 0.12352 -0.9711
vn -0.22783 0.07106 -0.9711
vn -0.8256 0.2575 -0.50207
vn -0.86324 0.05244 -0.50207
vn 0.11016 0.60025 -0.79219
vn 0.25061 0.55645 -0.79219
vn 0.098 0.21761 -0.9711
vn 0.04308 0.23474 -0.9711
vn 0.29726 -0.9548 0
vn 0.29317 -0.94164 -0.16542
vn 0.98441 -0.0598 -0.16542
vn 0.86324 -0.05244 -0.50207
vn 0.85071 0.15567 -0.50206
vn 0.22783 -0.07106 -0.9711
vn 0.58259 -0.18171 -0.79219
vn -0.37649 -0.4803 -0.79219
vn -0.48049 -0.37624 -0.79219
vn -0.1879 -0.14713 -0.9711
vn -0.14723 -0.18783 -0.9711
vn -0.11016 -0.60025 -0.79219
vn -0.25061 -0.55645 -0.79219
vn -0.098 -0.21761 -0.9711
vn -0.04308 -0.23473 -0.9711
vn 0.99816 -0.06063 0
vn -0.12336 0.00252 -0.99236
vn 0.23822 -0.01447 -0.9711
vn 0.0595 -0.10809 -0.99236
vn -0.06386 -0.10557 -0.99236
vn 0.14723 0.18783 -0.9711
vn -0.23476 -0.04296 -0.9711
vn -0.23822 0.01447 -0.9711
vn 0.12336 -0.00252 -0.99236
vn -0.0595 0.10809 -0.99236
vn -0.21849 0.39692 -0.89147
vn -0.453 0.00924 -0.89147
vn -0.12341 0.20427 -0.9711
vn 0.12341 -0.20427 -0.9711
vn -0.16871 0.1688 -0.9711
vn 0.25847 0.93169 -0.25525
vn 0.02039 0.99979 0
vn -0.23907 0.971 1E-05
vn -0.22026 0.94145 -0.25524
vn -0.21766 -0.09789 -0.9711
vn 0.06386 0.10558 -0.99236
vn 0.23907 -0.971 1E-05
vn 0.22026 -0.94145 -0.25525
vn -0.25846 -0.93169 -0.25525
vn -0.02039 -0.99979 -0
vn 0.01435 -0.23822 -0.9711
vn 0.07094 -0.22787 -0.9711
vn 0.25708 -0.82574 -0.50206
vn 0.44722 -0.74022 -0.50206
vn -0.8507 -0.15567 -0.50207
vn 0.78873 0.35474 -0.50206
vn 0.68091 0.53318 -0.50207
vn 0.15611 0.85062 -0.50206
vn -0.05199 0.86327 -0.50206
vn 0.60915 -0.037 -0.79219
vn -0.25708 0.82574 -0.50207
vn -0.44722 0.74022 -0.50207
vn -0.73999 0.4476 -0.50207
vn 0.18141 -0.58269 -0.79219
vn 0.03669 -0.60917 -0.79219
vn -0.78873 -0.35474 -0.50206
vn -0.68092 -0.53318 -0.50206
vn -0.35514 -0.78855 -0.50206
vn 0.31558 -0.52234 -0.79219
vn 0.35514 0.78855 -0.50206
vn -0 0 -1
vn -0.43141 0.43164 -0.79219
vn 0.61137 -0.61169 -0.50205
vn -0.60915 0.03701 -0.79219
vn -0.61137 0.61169 -0.50206
vn -0.53353 -0.68064 -0.50206
vn 0.70519 0.66148 -0.25525
vn 0.56675 0.49845 -0.65601
vn 0.7243 0.21224 -0.65601
vn 0.9361 0.24201 -0.25526
vn -0.55657 -0.25032 -0.79219
vn 0.95464 -0.29775 0
vn -0.31558 0.52234 -0.79219
vn 0.21849 -0.39692 -0.89147
vn -0.2345 -0.38768 -0.89147
vn -0.6003 -0.10985 -0.79219
vn 0.53353 0.68064 -0.50207
vn 0.37649 0.4803 -0.79219
vn 0.971 0.23907 1E-05
vn 0.72138 0.69254 1E-05
vn -0.54596 0.52115 -0.656
vn -0.67763 0.68969 -0.25525
vn -0.92545 0.27997 -0.25526
vn -0.71504 0.2416 -0.656
vn 0.2345 0.38768 -0.89147
vn 0.45299 -0.00924 -0.89147
vn 0.67763 -0.68969 -0.25525
vn 0.69253 -0.72139 1E-05
vn 0.85565 -0.51756 -0
vn 0.92545 -0.27998 -0.25526
vn 0.17834 0.73339 -0.656
vn -0.14829 0.74006 -0.65599
vn 0.14829 -0.74005 -0.656
vn -0.17834 -0.73338 -0.656
vn -0.72138 -0.69254 1E-05
vn -0.70519 -0.66147 -0.25526
vn -0.93609 -0.24202 -0.25526
vn -0.971 -0.23907 1E-05
vn -0.69253 0.72139 1E-05
vn -0.85565 0.51756 -0
vn 0.71504 -0.24161 -0.65601
vn 0.54595 -0.52115 -0.656
vn -0.56675 -0.49844 -0.65601
vn -0.7243 -0.21225 -0.656
vn 0.15804 0.72735 -0.66782
vn 0.57084 0.47766 -0.66781
vn 0.37554 0.62085 -0.68813
vn -0.12824 0.73318 -0.66784
vn -0.3499 0.63563 -0.68814
vn -0.55088 0.50054 -0.66783
vn -0.15803 -0.72735 -0.66782
vn -0.57085 -0.47766 -0.66781
vn -0.37554 -0.62085 -0.68813
vn -0.69909 0.25554 -0.66782
vn -0.72545 0.0148 -0.68812
vn -0.70893 -0.22682 -0.66781
vn 0.34991 -0.63565 -0.68813
vn 0.55089 -0.50054 -0.66782
vn 0.12824 -0.73319 -0.66782
vn 0.72544 -0.0148 -0.68812
vn 0.70893 0.22681 -0.66782
vn 0.69909 -0.25553 -0.66782
vn -0.99979 0.02037 1E-05
vn -0.51756 -0.85565 1E-05
vn 0.99979 -0.02039 1E-05
vn 0.51756 0.85564 1E-05
vn 0.23238 -0.05437 -0.9711
vn 0.59422 -0.13903 -0.7922
vn 0.54368 -0.2772 -0.79219
vn 0.21261 -0.1084 -0.9711
vn 0.73041 0.66267 -0.16542
vn 0.74062 0.67193 0
vn 0.8799 0.47516 0
vn 0.86778 0.46862 -0.16542
vn -0.86778 -0.46861 -0.16542
vn -0.8799 -0.47516 0
vn -0.96804 -0.25078 0
vn -0.95471 -0.24733 -0.16542
vn 0.13045 -0.97756 -0.16542
vn 0.13227 -0.99121 0
vn -0.10879 -0.99406 0
vn -0.10729 -0.98037 -0.16542
vn -0.73041 -0.66267 -0.16542
vn -0.74062 -0.67193 0
vn -0.99993 -0.01182 0
vn -0.98615 -0.01166 -0.16542
vn 0.5506 0.81821 -0.16542
vn 0.55829 0.82964 0
vn 0.96029 -0.22468 -0.16541
vn 0.9737 -0.22782 0
vn 0.89089 -0.45422 0
vn 0.87862 -0.44796 -0.16541
vn 0.7563 -0.65422 0
vn 0.74588 -0.64521 -0.16542
vn 0.3606 -0.91794 -0.16542
vn 0.36564 -0.93076 0
vn -0.34352 -0.93914 0
vn -0.33879 -0.92621 -0.16542
vn -0.55829 -0.82964 0
vn -0.5506 -0.81821 -0.16542
vn -0.96029 0.22468 -0.16542
vn -0.9737 0.22782 0
vn -0.89089 0.45422 0
vn -0.87862 0.44796 -0.16542
vn -0.74588 0.64521 -0.16543
vn -0.7563 0.65422 0
vn -0.57776 0.81621 0
vn -0.5698 0.80496 -0.16542
vn -0.36564 0.93076 0
vn -0.3606 0.91794 -0.16542
vn -0.13045 0.97756 -0.16542
vn -0.13227 0.99121 0
vn 0.10879 0.99407 0
vn 0.10729 0.98037 -0.16542
vn 0.34352 0.93914 0
vn 0.33879 0.92621 -0.16542
vn 0.84209 -0.19703 -0.50206
vn 0.86477 0.01023 -0.50206
vn 0.98615 0.01166 -0.16542
vn -0.35259 0.49811 -0.79219
vn -0.22314 0.56802 -0.79219
vn -0.08726 0.22213 -0.9711
vn -0.13789 0.19479 -0.9711
vn 0.45198 0.41006 -0.79219
vn 0.53697 0.28998 -0.79219
vn 0.20999 0.1134 -0.9711
vn 0.17675 0.16036 -0.9711
vn 0.11439 -0.85723 -0.50207
vn 0.31622 -0.80495 -0.50207
vn 0.34071 0.50631 -0.79219
vn 0.13324 0.198 -0.9711
vn -0.61023 -0.00722 -0.79219
vn -0.59423 0.13903 -0.79219
vn -0.23238 0.05437 -0.9711
vn -0.23864 -0.00282 -0.9711
vn -0.86477 -0.01023 -0.50207
vn -0.83719 -0.21689 -0.50207
vn -0.08072 0.60492 -0.79219
vn 0.06639 0.60665 -0.79219
vn 0.02596 0.23724 -0.9711
vn -0.03157 0.23656 -0.9711
vn 0.57776 -0.81621 0
vn 0.5698 -0.80496 -0.16542
vn 0.95471 0.24733 -0.16542
vn 0.83719 0.21688 -0.50207
vn 0.76096 0.41093 -0.50207
vn 0.23864 0.00282 -0.9711
vn 0.61023 0.00722 -0.79219
vn -0.20964 -0.57313 -0.79219
vn -0.34071 -0.50631 -0.79219
vn -0.13324 -0.198 -0.9711
vn -0.08198 -0.22413 -0.9711
vn 0.08072 -0.60491 -0.79219
vn -0.06639 -0.60665 -0.79219
vn -0.02596 -0.23724 -0.9711
vn 0.03157 -0.23656 -0.9711
vn 0.96804 0.25078 0
vn -0.1181 -0.03573 -0.99236
vn 0.23103 0.05985 -0.9711
vn 0.08999 -0.08441 -0.99236
vn -0.02811 -0.12014 -0.99236
vn 0.08198 0.22413 -0.9711
vn -0.20999 -0.1134 -0.9711
vn -0.23103 -0.05985 -0.9711
vn 0.1181 0.03573 -0.99236
vn -0.08999 0.08441 -0.99236
vn -0.33046 0.30998 -0.89147
vn -0.43368 -0.1312 -0.89147
vn -0.18049 0.15613 -0.9711
vn 0.1805 -0.15613 -0.9711
vn -0.21262 0.1084 -0.9711
vn -0.04209 0.96596 -0.25525
vn -0.28956 0.95716 0
vn -0.52742 0.8496 1E-05
vn -0.5004 0.82731 -0.25524
vn -0.17675 -0.16036 -0.9711
vn 0.02811 0.12014 -0.99236
vn 0.52743 -0.8496 1E-05
vn 0.5004 -0.82731 -0.25525
vn 0.04209 -0.96596 -0.25525
vn 0.28956 -0.95716 -0
vn 0.08726 -0.22213 -0.9711
vn 0.13788 -0.19479 -0.9711
vn 0.49966 -0.70588 -0.50207
vn 0.65407 -0.56579 -0.50207
vn -0.76096 -0.41093 -0.50207
vn 0.64051 0.58111 -0.50206
vn 0.48283 0.7175 -0.50206
vn -0.11439 0.85723 -0.50206
vn -0.31621 0.80495 -0.50206
vn 0.59077 0.15305 -0.79219
vn -0.49966 0.70588 -0.50206
vn -0.65407 0.56579 -0.50207
vn -0.84209 0.19703 -0.50206
vn 0.35259 -0.49811 -0.79219
vn 0.22314 -0.56801 -0.7922
vn -0.64051 -0.5811 -0.50206
vn -0.48283 -0.7175 -0.50206
vn -0.09408 -0.8597 -0.50207
vn 0.46155 -0.39925 -0.79219
vn 0.09408 0.8597 -0.50207
vn -0 0 -1
vn -0.54369 0.2772 -0.79219
vn 0.77047 -0.39283 -0.50206
vn -0.59077 -0.15305 -0.79219
vn -0.77047 0.39282 -0.50206
vn -0.29709 -0.8122 -0.50207
vn 0.46627 0.84702 -0.25526
vn 0.38499 0.64919 -0.65601
vn 0.62326 0.42567 -0.65601
vn 0.8155 0.51943 -0.25526
vn -0.45198 -0.41006 -0.79219
vn 0.99993 0.01182 0
vn -0.46155 0.39926 -0.79219
vn 0.33046 -0.30998 -0.89146
vn -0.10322 -0.44117 -0.89147
vn -0.53698 -0.28998 -0.79219
vn 0.29709 0.8122 -0.50207
vn 0.20964 0.57313 -0.79219
vn 0.84961 0.52742 1E-05
vn 0.47206 0.88157 1E-05
vn -0.68028 0.32693 -0.656
vn -0.85759 0.44653 -0.25525
vn -0.96667 -0.01971 -0.25526
vn -0.7547 0.00882 -0.65601
vn 0.10322 0.44117 -0.89147
vn 0.43368 0.1312 -0.89146
vn 0.85759 -0.44653 -0.25525
vn 0.88156 -0.47207 1E-05
vn 0.9737 -0.22782 0
vn 0.96667 0.0197 -0.25526
vn -0.05702 0.7526 -0.656
vn -0.36972 0.65801 -0.656
vn 0.36972 -0.65801 -0.65599
vn 0.05702 -0.7526 -0.656
vn -0.47207 -0.88156 1E-05
vn -0.46627 -0.84701 -0.25526
vn -0.81549 -0.51943 -0.25526
vn -0.8496 -0.52743 1E-05
vn -0.88156 0.47207 1E-05
vn -0.9737 0.22782 -0
vn 0.7547 -0.00882 -0.65601
vn 0.68028 -0.32694 -0.656
vn -0.38499 -0.64918 -0.656
vn -0.62326 -0.42568 -0.65601
vn -0.07447 0.74058 -0.66783
vn 0.3953 0.63069 -0.66781
vn 0.16531 0.70651 -0.68813
vn -0.34853 0.65768 -0.66783
vn -0.52919 0.49641 -0.68814
vn -0.67859 0.30581 -0.66783
vn 0.07446 -0.74059 -0.66782
vn -0.3953 -0.63069 -0.6678
vn -0.16531 -0.70651 -0.68812
vn -0.74383 0.02699 -0.66783
vn -0.6945 -0.21011 -0.68813
vn -0.60414 -0.43479 -0.66781
vn 0.5292 -0.49641 -0.68813
vn 0.6786 -0.30581 -0.66782
vn 0.34854 -0.65767 -0.66782
vn 0.69451 0.21011 -0.68812
vn 0.60414 0.43479 -0.66781
vn 0.74384 -0.02699 -0.66782
vn -0.95715 -0.28959 1E-05
vn -0.22783 -0.9737 1E-05
vn 0.95716 0.28955 1E-05
vn 0.22782 0.9737 1E-05
vn 0.21996 0.0926 -0.9711
vn 0.56246 0.2368 -0.79219
vn 0.60278 0.09531 -0.79219
vn 0.23573 0.03727 -0.9711
vn 0.20141 0.96544 -0.16542
vn 0.20422 0.97892 0
vn 0.43256 0.90161 0
vn 0.4266 0.88918 -0.16542
vn -0.4266 -0.88918 -0.16542
vn -0.43256 -0.90161 0
vn -0.63576 -0.77189 0
vn -0.627 -0.76125 -0.16543
vn 0.68013 -0.71419 -0.16542
vn 0.68963 -0.72416 0
vn 0.49628 -0.86816 0
vn 0.48945 -0.8562 -0.16542
vn -0.20141 -0.96544 -0.16542
vn -0.20422 -0.97892 0
vn -0.80201 -0.59731 0
vn -0.79096 -0.58908 -0.16542
vn -0.03549 0.98558 -0.16542
vn -0.03599 0.99935 0
vn 0.90896 0.38267 -0.16541
vn 0.92165 0.38802 0
vn 0.98773 0.15618 0
vn 0.97412 0.15403 -0.16541
vn 0.9964 -0.08473 0
vn 0.98268 -0.08357 -0.16542
vn 0.83128 -0.53067 -0.16542
vn 0.84289 -0.53808 0
vn 0.2741 -0.9617 0
vn 0.27032 -0.94845 -0.16542
vn 0.03599 -0.99935 0
vn 0.03549 -0.98558 -0.16542
vn -0.90896 -0.38267 -0.16542
vn -0.92165 -0.38802 0
vn -0.98773 -0.15618 0
vn -0.97412 -0.15403 -0.16542
vn -0.98268 0.08357 -0.16542
vn -0.9964 0.08473 0
vn -0.94717 0.32073 0
vn -0.93412 0.31631 -0.16542
vn -0.84289 0.53808 0
vn -0.83128 0.53067 -0.16542
vn -0.68013 0.71419 -0.16542
vn -0.68963 0.72416 0
vn -0.49628 0.86816 0
vn -0.48945 0.8562 -0.16542
vn -0.2741 0.9617 0
vn -0.27032 0.94845 -0.16542
vn 0.79708 0.33557 -0.50206
vn 0.6936 0.51657 -0.50206
vn 0.79096 0.58908 -0.16542
vn -0.57803 0.19573 -0.79219
vn -0.51439 0.32838 -0.79219
vn -0.20116 0.12842 -0.9711
vn -0.22605 0.07654 -0.9711
vn 0.12463 0.59741 -0.79219
vn 0.26398 0.55022 -0.7922
vn 0.10323 0.21517 -0.9711
vn 0.04874 0.23362 -0.9711
vn 0.59641 -0.62628 -0.50207
vn 0.72896 -0.46535 -0.50207
vn -0.02196 0.60987 -0.79219
vn -0.00859 0.2385 -0.9711
vn -0.48944 -0.36452 -0.79219
vn -0.56246 -0.2368 -0.79219
vn -0.21996 -0.0926 -0.9711
vn -0.1914 -0.14255 -0.9711
vn -0.6936 -0.51657 -0.50207
vn -0.54982 -0.66755 -0.50207
vn -0.42086 0.44194 -0.79219
vn -0.30287 0.52981 -0.79219
vn -0.11844 0.20719 -0.9711
vn -0.16458 0.17283 -0.9711
vn 0.94717 -0.32073 0
vn 0.93412 -0.31631 -0.16542
vn 0.627 0.76126 -0.16542
vn 0.54982 0.66755 -0.50207
vn 0.37409 0.77973 -0.50206
vn 0.1914 0.14255 -0.9711
vn 0.48944 0.36452 -0.79219
vn 0.16728 -0.5869 -0.79219
vn 0.02196 -0.60988 -0.79219
vn 0.00859 -0.2385 -0.9711
vn 0.06542 -0.22952 -0.9711
vn 0.42086 -0.44194 -0.79219
vn 0.30287 -0.52981 -0.79219
vn 0.11844 -0.20719 -0.9711
vn 0.16458 -0.17283 -0.9711
vn 0.63576 0.77189 0
vn -0.07455 -0.09832 -0.99236
vn 0.15173 0.18421 -0.9711
vn 0.12242 -0.0154 -0.99236
vn 0.04788 -0.11372 -0.99236
vn -0.06542 0.22952 -0.9711
vn -0.10323 -0.21517 -0.9711
vn -0.15173 -0.18421 -0.9711
vn 0.07454 0.09832 -0.99236
vn -0.12242 0.0154 -0.99236
vn -0.44955 0.05654 -0.89147
vn -0.27374 -0.36105 -0.89147
vn -0.2378 0.02022 -0.9711
vn 0.2378 -0.02022 -0.9711
vn -0.23573 -0.03727 -0.9711
vn -0.60183 0.75674 -0.25525
vn -0.79686 0.60416 0
vn -0.92608 0.37732 1E-05
vn -0.89112 0.37518 -0.25525
vn -0.04874 -0.23362 -0.9711
vn -0.04788 0.11372 -0.99236
vn 0.92608 -0.37733 1E-05
vn 0.89112 -0.37518 -0.25525
vn 0.60183 -0.75674 -0.25525
vn 0.79686 -0.60416 -0
vn 0.20116 -0.12842 -0.9711
vn 0.22605 -0.07654 -0.9711
vn 0.81914 -0.27737 -0.50207
vn 0.86172 -0.07328 -0.50206
vn -0.37409 -0.77973 -0.50207
vn 0.17662 0.8466 -0.50206
vn -0.03112 0.86427 -0.50207
vn -0.59641 0.62628 -0.50207
vn -0.72896 0.46535 -0.50207
vn 0.38798 0.47106 -0.7922
vn -0.81914 0.27737 -0.50207
vn -0.86172 0.07328 -0.50207
vn -0.79707 -0.33557 -0.50206
vn 0.57803 -0.19573 -0.79219
vn 0.51439 -0.32837 -0.7922
vn -0.17662 -0.84661 -0.50206
vn 0.03112 -0.86427 -0.50206
vn 0.4292 -0.75081 -0.50207
vn 0.60808 -0.05171 -0.79219
vn -0.4292 0.75081 -0.50207
vn -0 0 -1
vn -0.60278 -0.09531 -0.79219
vn 0.85422 0.13507 -0.50206
vn -0.38798 -0.47106 -0.79219
vn -0.85422 -0.13507 -0.50206
vn 0.23705 -0.83171 -0.50206
vn -0.12064 0.95932 -0.25526
vn -0.07012 0.7515 -0.656
vn 0.25402 0.71072 -0.65601
vn 0.35443 0.89957 -0.25526
vn -0.12463 -0.59741 -0.79219
vn 0.80201 0.59731 0
vn -0.60808 0.05171 -0.79219
vn 0.44955 -0.05654 -0.89146
vn 0.17581 -0.41759 -0.89147
vn -0.26398 -0.55022 -0.79219
vn -0.23705 0.83171 -0.50207
vn -0.16727 0.5869 -0.79219
vn 0.37734 0.92608 1E-05
vn -0.13626 0.99067 1E-05
vn -0.74253 -0.13537 -0.656
vn -0.95627 -0.14283 -0.25525
vn -0.77047 -0.58413 -0.25526
vn -0.61575 -0.43646 -0.65601
vn -0.17581 0.41759 -0.89146
vn 0.27374 0.36105 -0.89147
vn 0.95627 0.14283 -0.25525
vn 0.99067 0.13625 1E-05
vn 0.92165 0.38802 0
vn 0.77047 0.58414 -0.25526
vn -0.4885 0.57536 -0.656
vn -0.68588 0.31502 -0.65599
vn 0.68588 -0.31502 -0.656
vn 0.4885 -0.57535 -0.656
vn 0.13626 -0.99067 1E-05
vn 0.12064 -0.95932 -0.25526
vn -0.35444 -0.89956 -0.25526
vn -0.37734 -0.92608 1E-05
vn -0.99067 -0.13626 1E-05
vn -0.92165 -0.38802 0
vn 0.61575 0.43646 -0.65601
vn 0.74252 0.13537 -0.656
vn 0.07012 -0.75149 -0.65601
vn -0.25402 -0.71072 -0.65601
vn -0.49554 0.55537 -0.66783
vn -0.0509 0.74258 -0.66782
vn -0.28154 0.66874 -0.68813
vn -0.66854 0.3272 -0.66783
vn -0.71991 0.09054 -0.68814
vn -0.72874 -0.15147 -0.66783
vn 0.49555 -0.55538 -0.66782
vn 0.0509 -0.74259 -0.66781
vn 0.28154 -0.66874 -0.68812
vn -0.61764 -0.41538 -0.66782
vn -0.43837 -0.5782 -0.68812
vn -0.2332 -0.70686 -0.66781
vn 0.71992 -0.09055 -0.68812
vn 0.72875 0.15146 -0.66781
vn 0.66854 -0.32721 -0.66782
vn 0.43838 0.5782 -0.68812
vn 0.2332 0.70685 -0.66781
vn 0.61765 0.41537 -0.66781
vn -0.60416 -0.79686 1E-05
vn 0.38802 -0.92165 1E-05
vn 0.60416 0.79686 1E-05
vn -0.38802 0.92165 1E-05
vn 0.18057 0.15604 -0.9711
vn 0.46175 0.39902 -0.79219
vn 0.54383 0.27691 -0.79219
vn 0.21267 0.10829 -0.9711
vn -0.10679 0.98043 -0.16542
vn -0.10828 0.99412 0
vn 0.13278 0.99115 0
vn 0.13095 0.97749 -0.16542
vn -0.13095 -0.97749 -0.16542
vn -0.13278 -0.99115 0
vn -0.36611 -0.93057 0
vn -0.36107 -0.91775 -0.16543
vn 0.86754 -0.46906 -0.16542
vn 0.87965 -0.47561 0
vn 0.74027 -0.67231 0
vn 0.73007 -0.66305 -0.16542
vn 0.10678 -0.98043 -0.16542
vn 0.10828 -0.99412 0
vn -0.57818 -0.81591 0
vn -0.57021 -0.80467 -0.16543
vn -0.33831 0.92638 -0.16542
vn -0.34304 0.93932 0
vn 0.74621 0.64483 -0.16541
vn 0.75664 0.65383 0
vn 0.89112 0.45376 0
vn 0.87885 0.44751 -0.16541
vn 0.97382 0.22732 0
vn 0.96041 0.22418 -0.16542
vn 0.95458 -0.24782 -0.16542
vn 0.96792 -0.25128 0
vn 0.55787 -0.82993 0
vn 0.55018 -0.8185 -0.16542
vn 0.34304 -0.93932 0
vn 0.33832 -0.92638 -0.16542
vn -0.74622 -0.64483 -0.16542
vn -0.75664 -0.65383 0
vn -0.89112 -0.45376 0
vn -0.87885 -0.44751 -0.16542
vn -0.9604 -0.22419 -0.16542
vn -0.97382 -0.22732 0
vn -0.99992 0.01234 0
vn -0.98615 0.01217 -0.16542
vn -0.96792 0.25128 0
vn -0.95458 0.24782 -0.16542
vn -0.86754 0.46906 -0.16542
vn -0.87966 0.47561 0
vn -0.74027 0.67231 0
vn -0.73007 0.66305 -0.16542
vn -0.55787 0.82993 0
vn -0.55018 0.8185 -0.16542
vn 0.65437 0.56546 -0.50206
vn 0.50002 0.70563 -0.50206
vn 0.57021 0.80467 -0.16542
vn -0.61023 0.00753 -0.79219
vn -0.59069 0.15335 -0.79219
vn -0.231 0.05997 -0.9711
vn -0.23864 0.00294 -0.9711
vn -0.06608 0.60668 -0.79219
vn 0.08103 0.60486 -0.79219
vn 0.03169 0.23654 -0.9711
vn -0.02584 0.23725 -0.9711
vn 0.76075 -0.41132 -0.50207
vn 0.83708 -0.21731 -0.50207
vn -0.20935 0.57324 -0.79219
vn -0.08187 0.22417 -0.9711
vn -0.35285 -0.49793 -0.79219
vn -0.46176 -0.39902 -0.79219
vn -0.18057 -0.15604 -0.9711
vn -0.13798 -0.19472 -0.9711
vn -0.50002 -0.70563 -0.50206
vn -0.31662 -0.80478 -0.50207
vn -0.53683 0.29025 -0.79219
vn -0.45177 0.41029 -0.79219
vn -0.17667 0.16045 -0.9711
vn -0.20994 0.11351 -0.9711
vn 0.99992 -0.01234 0
vn 0.98615 -0.01217 -0.16542
vn 0.36107 0.91775 -0.16542
vn 0.31663 0.80478 -0.50207
vn 0.11483 0.85717 -0.50206
vn 0.13798 0.19472 -0.9711
vn 0.35284 0.49793 -0.79219
vn 0.34045 -0.50648 -0.79219
vn 0.20935 -0.57324 -0.79219
vn 0.08187 -0.22417 -0.9711
vn 0.13314 -0.19807 -0.9711
vn 0.53683 -0.29025 -0.79219
vn 0.45177 -0.41029 -0.79219
vn 0.17667 -0.16045 -0.9711
vn 0.20993 -0.11351 -0.9711
vn 0.36611 0.93057 0
vn -0.04051 -0.11655 -0.99236
vn 0.08737 0.22208 -0.9711
vn 0.12119 0.02319 -0.99236
vn 0.08067 -0.09336 -0.99236
vn -0.13314 0.19807 -0.9711
vn -0.03169 -0.23654 -0.9711
vn -0.08737 -0.22209 -0.9711
vn 0.04051 0.11655 -0.99236
vn -0.12119 -0.02319 -0.99236
vn -0.44502 -0.08514 -0.89147
vn -0.14877 -0.42797 -0.89147
vn -0.23241 -0.05425 -0.9711
vn 0.23241 0.05425 -0.9711
vn -0.21267 -0.10829 -0.9711
vn -0.80622 0.53372 -0.25525
vn -0.94456 0.32835 0
vn -0.99735 0.07269 1E-05
vn -0.96344 0.08145 -0.25524
vn 0.02584 -0.23725 -0.9711
vn -0.08067 0.09336 -0.99236
vn 0.99735 -0.07269 1E-05
vn 0.96344 -0.08145 -0.25525
vn 0.80622 -0.53372 -0.25525
vn 0.94456 -0.32835 0
vn 0.231 -0.05997 -0.9711
vn 0.23864 -0.00295 -0.9711
vn 0.86476 -0.01067 -0.50207
vn 0.84219 0.19659 -0.50206
vn -0.11483 -0.85717 -0.50207
vn -0.09364 0.85975 -0.50206
vn -0.29667 0.81235 -0.50206
vn -0.76075 0.41132 -0.50207
vn -0.83708 0.21731 -0.50206
vn 0.22343 0.5679 -0.7922
vn -0.86476 0.01067 -0.50206
vn -0.84219 -0.19659 -0.50206
vn -0.65437 -0.56546 -0.50206
vn 0.61022 -0.00753 -0.79219
vn 0.59069 -0.15335 -0.7922
vn 0.09365 -0.85975 -0.50206
vn 0.29667 -0.81235 -0.50206
vn 0.64021 -0.58143 -0.50207
vn 0.59429 0.13872 -0.79219
vn -0.64021 0.58143 -0.50207
vn -0 -0 -1
vn -0.54383 -0.27692 -0.79219
vn 0.77068 0.39243 -0.50206
vn -0.22343 -0.5679 -0.79219
vn -0.77068 -0.39242 -0.50206
vn 0.48246 -0.71775 -0.50207
vn -0.41118 0.87508 -0.25526
vn -0.29891 0.69304 -0.656
vn 0.02197 0.75443 -0.65601
vn 0.0591 0.96506 -0.25526
vn 0.06608 -0.60668 -0.79219
vn 0.57818 0.81591 0
vn -0.5943 -0.13873 -0.79219
vn 0.44502 0.08514 -0.89146
vn 0.29624 -0.34282 -0.89147
vn -0.08103 -0.60487 -0.79219
vn -0.48246 0.71775 -0.50206
vn -0.34045 0.50649 -0.79219
vn 0.07269 0.99735 1E-05
vn -0.43573 0.90008 1E-05
vn -0.66436 -0.35819 -0.656
vn -0.86533 -0.43134 -0.25524
vn -0.55226 -0.79364 -0.25525
vn -0.45074 -0.60538 -0.65601
vn -0.29624 0.34282 -0.89147
vn 0.14877 0.42797 -0.89147
vn 0.86533 0.43134 -0.25525
vn 0.90008 0.43572 1E-05
vn 0.75664 0.65383 0
vn 0.55225 0.79364 -0.25526
vn -0.64238 0.39624 -0.656
vn -0.74966 0.08766 -0.65599
vn 0.74966 -0.08766 -0.65599
vn 0.64238 -0.39624 -0.656
vn 0.43572 -0.90008 1E-05
vn 0.41118 -0.87509 -0.25526
vn -0.05911 -0.96506 -0.25526
vn -0.07269 -0.99735 1E-05
vn -0.90008 -0.43572 1E-05
vn -0.75664 -0.65383 0
vn 0.45074 0.60538 -0.65601
vn 0.66435 0.3582 -0.656
vn 0.29891 -0.69304 -0.65601
vn -0.02196 -0.75443 -0.65601
vn -0.64291 0.37507 -0.66782
vn -0.27788 0.69051 -0.66781
vn -0.47441 0.54902 -0.68813
vn -0.73693 0.1046 -0.66783
vn -0.71265 -0.13635 -0.68814
vn -0.64627 -0.36924 -0.66783
vn 0.64292 -0.37505 -0.66782
vn 0.27789 -0.6905 -0.66782
vn 0.47442 -0.549 -0.68813
vn -0.45905 -0.58589 -0.66783
vn -0.23824 -0.68535 -0.68814
vn -0.00336 -0.74431 -0.66783
vn 0.71266 0.13636 -0.68813
vn 0.64627 0.36925 -0.66782
vn 0.73693 -0.10459 -0.66782
vn 0.23824 0.68536 -0.68813
vn 0.00335 0.74431 -0.66782
vn 0.45905 0.5859 -0.66783
vn -0.32835 -0.94456 1E-05
vn 0.65383 -0.75664 1E-05
vn 0.32834 0.94456 1E-05
vn -0.65383 0.75664 1E-05
vn 0.12352 0.2042 -0.9711
vn 0.31585 0.52218 -0.79219
vn 0.43164 0.43142 -0.79219
vn 0.1688 0.16871 -0.9711
vn -0.40453 0.89944 -0.16542
vn -0.41018 0.91201 0
vn -0.18 0.98367 0
vn -0.17752 0.97011 -0.16542
vn 0.17752 -0.97011 -0.16542
vn 0.18 -0.98367 0
vn -0.06063 -0.99816 0
vn -0.0598 -0.98441 -0.16543
vn 0.97002 -0.17802 -0.16542
vn 0.98357 -0.18051 0
vn 0.91179 -0.41065 0
vn 0.89923 -0.40499 -0.16543
vn 0.40453 -0.89944 -0.16541
vn 0.41018 -0.91201 0
vn -0.29775 -0.95464 0
vn -0.29365 -0.94149 -0.16542
vn -0.60802 0.77649 -0.16542
vn -0.61652 0.78734 0
vn 0.51043 0.84386 -0.16541
vn 0.51756 0.85565 0
vn 0.70729 0.70693 0
vn 0.69755 0.69719 -0.16541
vn 0.85591 0.51712 0
vn 0.84412 0.50999 -0.16542
vn 0.98444 0.05929 -0.16542
vn 0.99819 0.06012 0
vn 0.78702 -0.61692 0
vn 0.77618 -0.60842 -0.16542
vn 0.61652 -0.78734 0
vn 0.60803 -0.7765 -0.16541
vn -0.51043 -0.84386 -0.16541
vn -0.51756 -0.85565 0
vn -0.70729 -0.70693 0
vn -0.69754 -0.69719 -0.16542
vn -0.84412 -0.50999 -0.16542
vn -0.85591 -0.51712 0
vn -0.9548 -0.29726 0
vn -0.94164 -0.29316 -0.16542
vn -0.99819 -0.06012 0
vn -0.98444 -0.05929 -0.16542
vn -0.97002 0.17802 -0.16541
vn -0.98357 0.18051 0
vn -0.9118 0.41065 0
vn -0.89923 0.40499 -0.16541
vn -0.78703 0.61692 0
vn -0.77618 0.60842 -0.16542
vn 0.4476 0.73999 -0.50205
vn 0.2575 0.82561 -0.50206
vn 0.29365 0.94149 -0.16542
vn -0.58268 -0.18141 -0.7922
vn -0.60917 -0.03669 -0.79219
vn -0.23823 -0.01435 -0.9711
vn -0.22787 -0.07094 -0.9711
vn -0.25032 0.55657 -0.79219
vn -0.10985 0.6003 -0.79219
vn -0.04296 0.23476 -0.9711
vn -0.09789 0.21765 -0.9711
vn 0.85063 -0.15611 -0.50206
vn 0.86327 0.05199 -0.50206
vn -0.37624 0.48049 -0.79219
vn -0.14714 0.1879 -0.9711
vn -0.18171 -0.5826 -0.79219
vn -0.31585 -0.52218 -0.79219
vn -0.12352 -0.2042 -0.9711
vn -0.07106 -0.22783 -0.9711
vn -0.2575 -0.82561 -0.50206
vn -0.05243 -0.86324 -0.50207
vn -0.60024 0.11016 -0.79219
vn -0.55644 0.2506 -0.7922
vn -0.21761 0.098 -0.9711
vn -0.23474 0.04308 -0.9711
vn 0.9548 0.29726 0
vn 0.94164 0.29316 -0.16542
vn 0.0598 0.98441 -0.16542
vn 0.05244 0.86324 -0.50207
vn -0.15567 0.85071 -0.50206
vn 0.07106 0.22783 -0.9711
vn 0.18171 0.58259 -0.79219
vn 0.48031 -0.37649 -0.79219
vn 0.37624 -0.48049 -0.79219
vn 0.14713 -0.1879 -0.9711
vn 0.18783 -0.14723 -0.9711
vn 0.60025 -0.11016 -0.79219
vn 0.55645 -0.25061 -0.79218
vn 0.2176 -0.098 -0.9711
vn 0.23473 -0.04308 -0.9711
vn 0.06063 0.99816 0
vn -0.00252 -0.12336 -0.99236
vn 0.01447 0.23821 -0.9711
vn 0.10809 0.0595 -0.99236
vn 0.10557 -0.06386 -0.99236
vn -0.18783 0.14723 -0.9711
vn 0.04296 -0.23476 -0.9711
vn -0.01447 -0.23822 -0.9711
vn 0.00252 0.12336 -0.99236
vn -0.10809 -0.0595 -0.99236
vn -0.39693 -0.21849 -0.89146
vn -0.00924 -0.45299 -0.89147
vn -0.20427 -0.12341 -0.97111
vn 0.20427 0.12341 -0.9711
vn -0.1688 -0.16871 -0.97111
vn -0.93169 0.25847 -0.25525
vn -0.99979 0.02039 -0
vn -0.971 -0.23907 1E-05
vn -0.94145 -0.22027 -0.25525
vn 0.09789 -0.21766 -0.9711
vn -0.10558 0.06386 -0.99236
vn 0.971 0.23906 1E-05
vn 0.94146 0.22025 -0.25524
vn 0.93169 -0.25845 -0.25525
vn 0.99979 -0.02039 -0
vn 0.23822 0.01435 -0.97111
vn 0.22787 0.07094 -0.9711
vn 0.82574 0.25708 -0.50207
vn 0.74022 0.44722 -0.50206
vn 0.15567 -0.85071 -0.50206
vn -0.35474 0.78873 -0.50206
vn -0.53318 0.68091 -0.50207
vn -0.85063 0.15611 -0.50206
vn -0.86326 -0.052 -0.50207
vn 0.037 0.60915 -0.79219
vn -0.82574 -0.25707 -0.50207
vn -0.74022 -0.44722 -0.50206
vn -0.44761 -0.74 -0.50205
vn 0.58268 0.18141 -0.7922
vn 0.60916 0.03669 -0.7922
vn 0.35474 -0.78873 -0.50206
vn 0.53319 -0.68092 -0.50206
vn 0.78855 -0.35514 -0.50206
vn 0.52234 0.31558 -0.79219
vn -0.78855 0.35514 -0.50206
vn -0 -0 -1
vn -0.43164 -0.43142 -0.79219
vn 0.61169 0.61137 -0.50205
vn -0.037 -0.60915 -0.79219
vn -0.61169 -0.61137 -0.50205
vn 0.68065 -0.53354 -0.50206
vn -0.66147 0.70519 -0.25526
vn -0.49845 0.56675 -0.656
vn -0.21225 0.7243 -0.656
vn -0.24201 0.93609 -0.25526
vn 0.25032 -0.55657 -0.79219
vn 0.29775 0.95464 0
vn -0.52234 -0.31558 -0.79219
vn 0.39692 0.2185 -0.89147
vn 0.38768 -0.2345 -0.89147
vn 0.10985 -0.60031 -0.79219
vn -0.68064 0.53353 -0.50207
vn -0.48029 0.37649 -0.7922
vn -0.23906 0.971 0
vn -0.69254 0.72138 1E-05
vn -0.52115 -0.54596 -0.65599
vn -0.68968 -0.67764 -0.25524
vn -0.27998 -0.92545 -0.25526
vn -0.2416 -0.71504 -0.65601
vn -0.38769 0.2345 -0.89146
vn 0.00924 0.453 -0.89147
vn 0.68969 0.67762 -0.25525
vn 0.72139 0.69253 1E-05
vn 0.51756 0.85565 -0
vn 0.27997 0.92545 -0.25526
vn -0.7334 0.17834 -0.65599
vn -0.74006 -0.14829 -0.65599
vn 0.74005 0.14829 -0.656
vn 0.73339 -0.17833 -0.656
vn 0.69256 -0.72137 1E-05
vn 0.66149 -0.70518 -0.25526
vn 0.24201 -0.9361 -0.25526
vn 0.23907 -0.971 1E-05
vn -0.72138 -0.69254 1E-05
vn -0.51756 -0.85565 -0
vn 0.2416 0.71504 -0.65601
vn 0.52115 0.54596 -0.656
vn 0.49845 -0.56675 -0.656
vn 0.21225 -0.7243 -0.656
vn -0.72735 0.15802 -0.66783
vn -0.47767 0.57083 -0.66782
vn -0.62085 0.37553 -0.68813
vn -0.73317 -0.12824 -0.66784
vn -0.63563 -0.34989 -0.68815
vn -0.50054 -0.55087 -0.66784
vn 0.72735 -0.15803 -0.66782
vn 0.47767 -0.57083 -0.66782
vn 0.62085 -0.37553 -0.68813
vn -0.25553 -0.69908 -0.66782
vn -0.01479 -0.72544 -0.68812
vn 0.22682 -0.70893 -0.66781
vn 0.63566 0.3499 -0.68812
vn 0.50055 0.5509 -0.6678
vn 0.7332 0.12825 -0.66781
vn 0.01481 0.72547 -0.6881
vn -0.22682 0.70894 -0.6678
vn 0.25554 0.69911 -0.66779
vn -0.02039 -0.99979 1E-05
vn 0.85567 -0.51753 2E-05
vn 0.02039 0.99979 1E-05
vn -0.85564 0.51757 1E-05
vn 0.05437 0.23238 -0.9711
vn 0.13903 0.59422 -0.79219
vn 0.2772 0.54369 -0.79219
vn 0.1084 0.21262 -0.9711
vn -0.66267 0.73041 -0.16542
vn -0.67193 0.74062 0
vn -0.47516 0.8799 0
vn -0.46862 0.86778 -0.16542
vn 0.46861 -0.86778 -0.16543
vn 0.47516 -0.8799 0
vn 0.25078 -0.96804 0
vn 0.24733 -0.9547 -0.16543
vn 0.97756 0.13045 -0.16542
vn 0.99121 0.13227 0
vn 0.99406 -0.10879 0
vn 0.98037 -0.10729 -0.16542
vn 0.66267 -0.73041 -0.16542
vn 0.67193 -0.74062 0
vn 0.01182 -0.99993 0
vn 0.01166 -0.98615 -0.16542
vn -0.81821 0.5506 -0.16542
vn -0.82965 0.55829 0
vn 0.22468 0.96029 -0.16541
vn 0.22782 0.9737 0
vn 0.45422 0.89089 0
vn 0.44796 0.87862 -0.16542
vn 0.65422 0.7563 0
vn 0.64521 0.74588 -0.16542
vn 0.91794 0.3606 -0.16542
vn 0.93076 0.36564 0
vn 0.93914 -0.34352 0
vn 0.92621 -0.33879 -0.16542
vn 0.82965 -0.55829 0
vn 0.81822 -0.5506 -0.16542
vn -0.22468 -0.96029 -0.16542
vn -0.22782 -0.9737 0
vn -0.45422 -0.89089 0
vn -0.44796 -0.87862 -0.16542
vn -0.64521 -0.74588 -0.16542
vn -0.65422 -0.7563 0
vn -0.81621 -0.57776 0
vn -0.80496 -0.5698 -0.16542
vn -0.93076 -0.36564 0
vn -0.91794 -0.3606 -0.16542
vn -0.97756 -0.13045 -0.16542
vn -0.99121 -0.13227 0
vn -0.99406 0.10879 0
vn -0.98037 0.10729 -0.16542
vn -0.93914 0.34352 0
vn -0.92621 0.33879 -0.16542
vn 0.19702 0.84209 -0.50206
vn -0.01023 0.86477 -0.50206
vn -0.01166 0.98615 -0.16542
vn -0.49811 -0.35259 -0.79219
vn -0.56801 -0.22314 -0.7922
vn -0.22213 -0.08726 -0.9711
vn -0.19479 -0.13789 -0.9711
vn -0.41006 0.45198 -0.79219
vn -0.28997 0.53698 -0.7922
vn -0.1134 0.20999 -0.9711
vn -0.16036 0.17675 -0.9711
vn 0.85723 0.11439 -0.50207
vn 0.80495 0.31622 -0.50206
vn -0.50631 0.34071 -0.79219
vn -0.198 0.13324 -0.9711
vn 0.00722 -0.61024 -0.79219
vn -0.13903 -0.59423 -0.79219
vn -0.05437 -0.23238 -0.9711
vn 0.00282 -0.23864 -0.9711
vn 0.01023 -0.86477 -0.50206
vn 0.21688 -0.83719 -0.50208
vn -0.60491 -0.08072 -0.7922
vn -0.60665 0.06639 -0.79219
vn -0.23724 0.02596 -0.9711
vn -0.23656 -0.03157 -0.9711
vn 0.81621 0.57776 0
vn 0.80496 0.5698 -0.16542
vn -0.24733 0.95471 -0.16542
vn -0.21688 0.8372 -0.50206
vn -0.41093 0.76097 -0.50206
vn -0.00282 0.23864 -0.9711
vn -0.00722 0.61023 -0.79219
vn 0.57314 -0.20964 -0.79219
vn 0.50631 -0.34071 -0.79219
vn 0.198 -0.13324 -0.9711
vn 0.22413 -0.08198 -0.9711
vn 0.60491 0.08072 -0.79219
vn 0.60665 -0.06639 -0.79219
vn 0.23724 -0.02596 -0.9711
vn 0.23656 0.03157 -0.9711
vn -0.25078 0.96804 0
vn 0.03573 -0.1181 -0.99236
vn -0.05985 0.23103 -0.97111
vn 0.08441 0.08999 -0.99236
vn 0.12014 -0.02811 -0.99236
vn -0.22413 0.08198 -0.9711
vn 0.1134 -0.20999 -0.9711
vn 0.05985 -0.23103 -0.9711
vn -0.03573 0.1181 -0.99236
vn -0.08441 -0.08999 -0.99236
vn -0.30998 -0.33045 -0.89147
vn 0.13119 -0.43368 -0.89147
vn -0.15613 -0.18049 -0.97111
vn 0.15613 0.18049 -0.9711
vn -0.1084 -0.21261 -0.97111
vn -0.96596 -0.04209 -0.25525
vn -0.95716 -0.28956 -0
vn -0.8496 -0.52742 1E-05
vn -0.82731 -0.50041 -0.25524
vn 0.16036 -0.17675 -0.9711
vn -0.12014 0.02811 -0.99236
vn 0.8496 0.52743 1E-05
vn 0.82731 0.50041 -0.25525
vn 0.96596 0.04209 -0.25525
vn 0.95716 0.28956 0
vn 0.22213 0.08726 -0.9711
vn 0.19479 0.13788 -0.9711
vn 0.70588 0.49966 -0.50206
vn 0.56579 0.65407 -0.50206
vn 0.41093 -0.76096 -0.50208
vn -0.58111 0.64051 -0.50206
vn -0.7175 0.48283 -0.50206
vn -0.85723 -0.11439 -0.50207
vn -0.80494 -0.31621 -0.50207
vn -0.15305 0.59077 -0.79219
vn -0.70588 -0.49966 -0.50207
vn -0.56579 -0.65408 -0.50206
vn -0.19703 -0.8421 -0.50205
vn 0.49811 0.35259 -0.7922
vn 0.56801 0.22314 -0.79219
vn 0.5811 -0.6405 -0.50207
vn 0.7175 -0.48283 -0.50206
vn 0.8597 -0.09408 -0.50207
vn 0.39926 0.46155 -0.79219
vn -0.85969 0.09409 -0.50207
vn -0 -0 -1
vn -0.2772 -0.54369 -0.79219
vn 0.39283 0.77047 -0.50206
vn 0.15305 -0.59077 -0.79219
vn -0.39283 -0.77047 -0.50205
vn 0.8122 -0.29709 -0.50206
vn -0.84702 0.46627 -0.25526
vn -0.64919 0.38499 -0.656
vn -0.42567 0.62326 -0.65601
vn -0.51942 0.8155 -0.25526
vn 0.41005 -0.45197 -0.7922
vn -0.01182 0.99993 0
vn -0.39926 -0.46155 -0.79219
vn 0.30998 0.33046 -0.89147
vn 0.44117 -0.10322 -0.89147
vn 0.28997 -0.53697 -0.7922
vn -0.8122 0.29709 -0.50206
vn -0.57313 0.20965 -0.79219
vn -0.52741 0.84961 1E-05
vn -0.88157 0.47206 1E-05
vn -0.32693 -0.68028 -0.656
vn -0.44653 -0.85759 -0.25524
vn 0.0197 -0.96667 -0.25526
vn -0.00883 -0.7547 -0.65601
vn -0.44118 0.10322 -0.89146
vn -0.1312 0.43368 -0.89146
vn 0.44652 0.85759 -0.25525
vn 0.47207 0.88156 1E-05
vn 0.22782 0.9737 0
vn -0.01969 0.96667 -0.25526
vn -0.7526 -0.05702 -0.656
vn -0.658 -0.36973 -0.656
vn 0.658 0.36972 -0.656
vn 0.7526 0.05702 -0.65601
vn 0.88157 -0.47206 1E-05
vn 0.84702 -0.46627 -0.25526
vn 0.51943 -0.8155 -0.25526
vn 0.52742 -0.8496 0
vn -0.47207 -0.88156 1E-05
vn -0.22782 -0.9737 -0
vn 0.00883 0.75471 -0.656
vn 0.32693 0.68029 -0.65599
vn 0.64918 -0.38499 -0.65601
vn 0.42567 -0.62326 -0.65602
vn -0.74058 -0.07447 -0.66783
vn -0.6307 0.3953 -0.6678
vn -0.70651 0.16531 -0.68812
vn -0.65767 -0.34853 -0.66783
vn -0.49641 -0.52918 -0.68814
vn -0.30581 -0.67858 -0.66784
vn 0.74058 0.07446 -0.66783
vn 0.6307 -0.39532 -0.66779
vn 0.70651 -0.16532 -0.68812
vn -0.027 -0.74381 -0.66785
vn 0.21011 -0.69449 -0.68814
vn 0.43479 -0.60414 -0.66781
vn 0.49639 0.5292 -0.68815
vn 0.30581 0.6786 -0.66781
vn 0.65765 0.34853 -0.66785
vn -0.2101 0.69453 -0.6881
vn -0.43479 0.60415 -0.6678
vn 0.02701 0.74386 -0.66779
vn 0.28956 -0.95716 1E-05
vn 0.97371 -0.22781 1E-05
vn -0.28953 0.95717 1E-05
vn -0.9737 0.22782 1E-05
vn -0.0926 0.21996 -0.9711
vn -0.2368 0.56246 -0.79219
vn -0.09531 0.60278 -0.79219
vn -0.03727 0.23573 -0.9711
vn -0.96544 0.20141 -0.16542
vn -0.97892 0.20422 0
vn -0.90161 0.43256 0
vn -0.88918 0.4266 -0.16542
vn 0.88918 -0.4266 -0.16542
vn 0.90161 -0.43256 0
vn 0.77189 -0.63576 0
vn 0.76126 -0.627 -0.16542
vn 0.71419 0.68013 -0.16542
vn 0.72416 0.68963 0
vn 0.86816 0.49628 0
vn 0.8562 0.48945 -0.16542
vn 0.96544 -0.20141 -0.16542
vn 0.97892 -0.20422 0
vn 0.59731 -0.80201 0
vn 0.58908 -0.79096 -0.16543
vn -0.98558 -0.03549 -0.16542
vn -0.99935 -0.03599 0
vn -0.38267 0.90895 -0.16541
vn -0.38802 0.92165 0
vn -0.15618 0.98773 0
vn -0.15403 0.97412 -0.16541
vn 0.08474 0.9964 0
vn 0.08357 0.98268 -0.16542
vn 0.53067 0.83128 -0.16542
vn 0.53808 0.84289 0
vn 0.9617 0.2741 0
vn 0.94845 0.27032 -0.16542
vn 0.99935 0.03599 0
vn 0.98558 0.03549 -0.16542
vn 0.38267 -0.90896 -0.16542
vn 0.38802 -0.92165 0
vn 0.15618 -0.98773 0
vn 0.15403 -0.97412 -0.16542
vn -0.08357 -0.98268 -0.16543
vn -0.08474 -0.9964 0
vn -0.32073 -0.94717 0
vn -0.31631 -0.93412 -0.16542
vn -0.53808 -0.84289 0
vn -0.53067 -0.83128 -0.16542
vn -0.71419 -0.68013 -0.16542
vn -0.72416 -0.68963 0
vn -0.86816 -0.49628 0
vn -0.8562 -0.48945 -0.16542
vn -0.9617 -0.2741 0
vn -0.94845 -0.27032 -0.16542
vn -0.33557 0.79708 -0.50206
vn -0.51657 0.6936 -0.50206
vn -0.58908 0.79096 -0.16542
vn -0.19573 -0.57803 -0.7922
vn -0.32838 -0.51439 -0.79219
vn -0.12842 -0.20116 -0.9711
vn -0.07654 -0.22605 -0.9711
vn -0.59741 0.12463 -0.79219
vn -0.55022 0.26398 -0.7922
vn -0.21517 0.10323 -0.9711
vn -0.23363 0.04874 -0.9711
vn 0.62628 0.59641 -0.50206
vn 0.46535 0.72896 -0.50207
vn -0.60988 -0.02196 -0.79219
vn -0.2385 -0.00859 -0.9711
vn 0.36453 -0.48945 -0.79219
vn 0.2368 -0.56245 -0.79219
vn 0.0926 -0.21996 -0.9711
vn 0.14255 -0.1914 -0.9711
vn 0.51657 -0.6936 -0.50207
vn 0.66755 -0.54982 -0.50207
vn -0.44194 -0.42086 -0.79219
vn -0.52981 -0.30287 -0.79219
vn -0.20719 -0.11844 -0.9711
vn -0.17283 -0.16458 -0.9711
vn 0.32073 0.94717 0
vn 0.31631 0.93412 -0.16542
vn -0.76126 0.627 -0.16542
vn -0.66755 0.54982 -0.50207
vn -0.77973 0.37409 -0.50206
vn -0.14255 0.1914 -0.9711
vn -0.36452 0.48944 -0.79219
vn 0.5869 0.16728 -0.79219
vn 0.60988 0.02196 -0.79219
vn 0.2385 0.00859 -0.9711
vn 0.22952 0.06542 -0.9711
vn 0.44194 0.42086 -0.79219
vn 0.52982 0.30287 -0.79219
vn 0.20719 0.11844 -0.9711
vn 0.17282 0.16458 -0.9711
vn -0.77189 0.63576 0
vn 0.09832 -0.07455 -0.99236
vn -0.18421 0.15173 -0.9711
vn 0.0154 0.12242 -0.99236
vn 0.11372 0.04788 -0.99236
vn -0.22952 -0.06542 -0.9711
vn 0.21517 -0.10323 -0.9711
vn 0.18422 -0.15173 -0.9711
vn -0.09832 0.07455 -0.99236
vn -0.0154 -0.12242 -0.99236
vn -0.05654 -0.44955 -0.89146
vn 0.36105 -0.27374 -0.89146
vn -0.02022 -0.2378 -0.9711
vn 0.02022 0.2378 -0.9711
vn 0.03727 -0.23573 -0.9711
vn -0.75674 -0.60183 -0.25525
vn -0.60416 -0.79686 0
vn -0.37733 -0.92608 1E-05
vn -0.37518 -0.89112 -0.25524
vn 0.23362 -0.04874 -0.9711
vn -0.11372 -0.04788 -0.99236
vn 0.37733 0.92608 1E-05
vn 0.37518 0.89112 -0.25525
vn 0.75673 0.60183 -0.25526
vn 0.60416 0.79686 0
vn 0.12841 0.20116 -0.97111
vn 0.07654 0.22605 -0.9711
vn 0.27737 0.81914 -0.50207
vn 0.07328 0.86172 -0.50206
vn 0.77973 -0.37409 -0.50207
vn -0.8466 0.17662 -0.50206
vn -0.86427 -0.03112 -0.50207
vn -0.62628 -0.59641 -0.50206
vn -0.46535 -0.72896 -0.50207
vn -0.47106 0.38798 -0.79219
vn -0.27738 -0.81914 -0.50207
vn -0.07328 -0.86172 -0.50207
vn 0.33557 -0.79707 -0.50206
vn 0.19573 0.57803 -0.7922
vn 0.32837 0.51439 -0.7922
vn 0.8466 -0.17662 -0.50206
vn 0.86427 0.03112 -0.50206
vn 0.75081 0.4292 -0.50206
vn 0.05171 0.60808 -0.79219
vn -0.75081 -0.4292 -0.50207
vn 0 -0 -1
vn 0.09531 -0.60278 -0.79219
vn -0.13507 0.85422 -0.50206
vn 0.47106 -0.38799 -0.79219
vn 0.13507 -0.85422 -0.50207
vn 0.83171 0.23705 -0.50206
vn -0.95932 -0.12064 -0.25526
vn -0.75149 -0.07012 -0.656
vn -0.71072 0.25402 -0.65601
vn -0.89957 0.35443 -0.25526
vn 0.59741 -0.12463 -0.79219
vn -0.59731 0.80201 0
vn -0.05171 -0.60808 -0.79219
vn 0.05654 0.44955 -0.89146
vn 0.41759 0.17581 -0.89146
vn 0.55022 -0.26398 -0.79219
vn -0.83171 -0.23705 -0.50207
vn -0.5869 -0.16727 -0.79219
vn -0.92608 0.37733 1E-05
vn -0.99067 -0.13626 1E-05
vn 0.13536 -0.74253 -0.65599
vn 0.14283 -0.95627 -0.25525
vn 0.58414 -0.77047 -0.25526
vn 0.43647 -0.61575 -0.656
vn -0.41759 -0.17581 -0.89147
vn -0.36105 0.27374 -0.89146
vn -0.14283 0.95627 -0.25525
vn -0.13625 0.99067 1E-05
vn -0.38802 0.92165 -0
vn -0.58414 0.77047 -0.25526
vn -0.57535 -0.4885 -0.656
vn -0.31503 -0.68588 -0.65599
vn 0.31503 0.68588 -0.65599
vn 0.57536 0.4885 -0.656
vn 0.99067 0.13626 1E-05
vn 0.95932 0.12064 -0.25526
vn 0.89957 -0.35443 -0.25526
vn 0.92608 -0.37733 1E-05
vn 0.13625 -0.99067 1E-05
vn 0.38802 -0.92165 0
vn -0.43647 0.61575 -0.65601
vn -0.13536 0.74252 -0.656
vn 0.75149 0.07012 -0.656
vn 0.71072 -0.25402 -0.65601
vn -0.55537 -0.49554 -0.66784
vn -0.74258 -0.0509 -0.66782
vn -0.66874 -0.28153 -0.68813
vn -0.3272 -0.66853 -0.66784
vn -0.09054 -0.7199 -0.68815
vn 0.15146 -0.72873 -0.66784
vn 0.55538 0.49555 -0.66783
vn 0.74258 0.0509 -0.66782
vn 0.66874 0.28154 -0.68813
vn 0.41537 -0.61763 -0.66784
vn 0.57819 -0.43836 -0.68813
vn 0.70685 -0.2332 -0.66782
vn 0.09054 0.71993 -0.68812
vn -0.15147 0.72876 -0.6678
vn 0.32721 0.66854 -0.66782
vn -0.5782 0.43838 -0.68811
vn -0.70686 0.2332 -0.66781
vn -0.41538 0.61766 -0.6678
vn 0.79687 -0.60416 1E-05
vn 0.92165 0.38802 1E-05
vn -0.79687 0.60415 1E-05
vn -0.92165 -0.38802 2E-05
vn -0.15604 0.18057 -0.97111
vn -0.39902 0.46175 -0.79219
vn -0.27692 0.54383 -0.79219
vn -0.10829 0.21267 -0.9711
vn -0.98043 -0.10679 -0.16542
vn -0.99412 -0.10828 0
vn -0.99115 0.13278 0
vn -0.97749 0.13095 -0.16542
vn 0.97749 -0.13095 -0.16542
vn 0.99115 -0.13278 0
vn 0.93057 -0.36611 0
vn 0.91775 -0.36107 -0.16543
vn 0.46906 0.86754 -0.16542
vn 0.47561 0.87965 0
vn 0.67231 0.74027 0
vn 0.66305 0.73007 -0.16542
vn 0.98043 0.10678 -0.16542
vn 0.99412 0.10828 0
vn 0.81591 -0.57818 0
vn 0.80467 -0.57021 -0.16542
vn -0.92638 -0.33831 -0.16542
vn -0.93932 -0.34304 0
vn -0.64483 0.74621 -0.16541
vn -0.65383 0.75664 0
vn -0.45376 0.89112 0
vn -0.44751 0.87885 -0.16541
vn -0.22732 0.97382 0
vn -0.22418 0.9604 -0.16542
vn 0.24782 0.95458 -0.16541
vn 0.25128 0.96791 0
vn 0.82993 0.55787 0
vn 0.8185 0.55018 -0.16542
vn 0.93932 0.34304 0
vn 0.92638 0.33832 -0.16542
vn 0.64483 -0.74621 -0.16542
vn 0.65383 -0.75664 0
vn 0.45376 -0.89112 0
vn 0.44751 -0.87885 -0.16542
vn 0.22419 -0.9604 -0.16542
vn 0.22732 -0.97382 0
vn -0.01234 -0.99992 0
vn -0.01217 -0.98615 -0.16541
vn -0.25128 -0.96791 0
vn -0.24782 -0.95458 -0.16541
vn -0.46906 -0.86754 -0.16542
vn -0.47561 -0.87965 0
vn -0.67231 -0.74027 0
vn -0.66305 -0.73007 -0.16542
vn -0.82993 -0.55787 0
vn -0.8185 -0.55018 -0.16542
vn -0.56546 0.65437 -0.50206
vn -0.70563 0.50002 -0.50206
vn -0.80467 0.57021 -0.16542
vn -0.00753 -0.61022 -0.79219
vn -0.15335 -0.59069 -0.7922
vn -0.05997 -0.231 -0.9711
vn -0.00294 -0.23864 -0.9711
vn -0.60668 -0.06608 -0.79219
vn -0.60486 0.08103 -0.7922
vn -0.23654 0.03169 -0.9711
vn -0.23725 -0.02584 -0.9711
vn 0.41133 0.76075 -0.50206
vn 0.21731 0.83708 -0.50206
vn -0.57324 -0.20935 -0.79219
vn -0.22418 -0.08187 -0.9711
vn 0.49793 -0.35285 -0.79219
vn 0.39902 -0.46176 -0.79219
vn 0.15604 -0.18058 -0.9711
vn 0.19472 -0.13799 -0.9711
vn 0.70563 -0.50002 -0.50206
vn 0.80478 -0.31662 -0.50207
vn -0.29026 -0.53683 -0.79219
vn -0.41029 -0.45177 -0.79219
vn -0.16045 -0.17667 -0.9711
vn -0.11351 -0.20993 -0.9711
vn 0.01234 0.99992 0
vn 0.01217 0.98615 -0.16542
vn -0.91775 0.36107 -0.16542
vn -0.80478 0.31663 -0.50207
vn -0.85717 0.11483 -0.50206
vn -0.19472 0.13798 -0.9711
vn -0.49793 0.35284 -0.79219
vn 0.50648 0.34045 -0.79219
vn 0.57324 0.20935 -0.79219
vn 0.22417 0.08187 -0.9711
vn 0.19807 0.13314 -0.9711
vn 0.29025 0.53683 -0.79219
vn 0.41029 0.45177 -0.79219
vn 0.16045 0.17667 -0.9711
vn 0.11351 0.20993 -0.9711
vn -0.93057 0.36611 0
vn 0.11655 -0.04051 -0.99236
vn -0.22208 0.08737 -0.9711
vn -0.02319 0.12119 -0.99236
vn 0.09336 0.08067 -0.99236
vn -0.19807 -0.13314 -0.9711
vn 0.23654 -0.03169 -0.9711
vn 0.22209 -0.08737 -0.9711
vn -0.11655 0.04051 -0.99236
vn 0.02319 -0.12119 -0.99236
vn 0.08514 -0.44502 -0.89147
vn 0.42797 -0.14877 -0.89147
vn 0.05425 -0.23241 -0.9711
vn -0.05425 0.23241 -0.9711
vn 0.10829 -0.21267 -0.9711
vn -0.53372 -0.80622 -0.25525
vn -0.32835 -0.94456 -0
vn -0.07269 -0.99735 1E-05
vn -0.08145 -0.96344 -0.25525
vn 0.23725 0.02584 -0.9711
vn -0.09336 -0.08067 -0.99236
vn 0.07268 0.99736 1E-05
vn 0.08144 0.96344 -0.25525
vn 0.53372 0.80622 -0.25526
vn 0.32835 0.94456 0
vn 0.05997 0.231 -0.9711
vn 0.00295 0.23864 -0.9711
vn 0.01067 0.86477 -0.50206
vn -0.19659 0.84219 -0.50206
vn 0.85717 -0.11483 -0.50207
vn -0.85975 -0.09364 -0.50207
vn -0.81235 -0.29667 -0.50207
vn -0.41133 -0.76075 -0.50206
vn -0.21731 -0.83708 -0.50206
vn -0.5679 0.22343 -0.7922
vn -0.01067 -0.86477 -0.50206
vn 0.19659 -0.84219 -0.50207
vn 0.56546 -0.65437 -0.50206
vn 0.00753 0.61023 -0.79219
vn 0.15335 0.59068 -0.7922
vn 0.85975 0.09364 -0.50206
vn 0.81235 0.29667 -0.50207
vn 0.58143 0.64021 -0.50206
vn -0.13872 0.5943 -0.79219
vn -0.58143 -0.64021 -0.50207
vn 0 -0 -1
vn 0.27692 -0.54382 -0.7922
vn -0.39243 0.77068 -0.50206
vn 0.5679 -0.22343 -0.79219
vn 0.39243 -0.77067 -0.50207
vn 0.71775 0.48246 -0.50207
vn -0.87508 -0.41118 -0.25526
vn -0.69304 -0.29891 -0.656
vn -0.75443 0.02197 -0.65601
vn -0.96506 0.0591 -0.25526
vn 0.60668 0.06608 -0.79219
vn -0.81591 0.57818 0
vn 0.13872 -0.59429 -0.79219
vn -0.08514 0.44502 -0.89147
vn 0.34282 0.29625 -0.89147
vn 0.60487 -0.08103 -0.79219
vn -0.71775 -0.48246 -0.50207
vn -0.50648 -0.34045 -0.79219
vn -0.99735 0.07269 1E-05
vn -0.90008 -0.43573 1E-05
vn 0.35819 -0.66436 -0.656
vn 0.43134 -0.86533 -0.25525
vn 0.79364 -0.55226 -0.25526
vn 0.60538 -0.45074 -0.656
vn -0.34282 -0.29624 -0.89147
vn -0.42797 0.14877 -0.89147
vn -0.43134 0.86533 -0.25525
vn -0.43572 0.90008 1E-05
vn -0.65383 0.75664 0
vn -0.79364 0.55225 -0.25526
vn -0.39624 -0.64238 -0.656
vn -0.08766 -0.74966 -0.65599
vn 0.08766 0.74965 -0.656
vn 0.39624 0.64238 -0.656
vn 0.90008 0.43573 1E-05
vn 0.87508 0.41118 -0.25526
vn 0.96506 -0.05911 -0.25526
vn 0.99735 -0.07269 1E-05
vn 0.43572 -0.90008 1E-05
vn 0.65383 -0.75664 0
vn -0.60538 0.45074 -0.65601
vn -0.35819 0.66435 -0.656
vn 0.69304 0.29891 -0.65601
vn 0.75444 -0.02197 -0.65601
vn -0.37506 -0.64293 -0.66781
vn -0.69051 -0.27788 -0.66782
vn -0.54901 -0.47442 -0.68812
vn -0.10461 -0.73694 -0.66781
vn 0.13634 -0.71266 -0.68813
vn 0.36924 -0.64627 -0.66783
vn 0.37507 0.64293 -0.6678
vn 0.69051 0.27789 -0.66781
vn 0.54902 0.47443 -0.68811
vn 0.5859 -0.45905 -0.66783
vn 0.68536 -0.23824 -0.68813
vn 0.74432 -0.00336 -0.66782
vn -0.13636 0.71268 -0.6881
vn -0.36926 0.64629 -0.6678
vn 0.1046 0.73696 -0.66779
vn -0.68537 0.23824 -0.68812
vn -0.74432 0.00335 -0.66782
vn -0.58591 0.45905 -0.66782
vn 0.94456 -0.32835 1E-05
vn 0.75664 0.65383 2E-05
vn -0.94456 0.32833 1E-05
vn -0.75664 -0.65383 2E-05
vn -0.2042 0.12352 -0.9711
vn -0.52218 0.31585 -0.79219
vn -0.43142 0.43164 -0.79219
vn -0.16871 0.1688 -0.9711
vn -0.89944 -0.40453 -0.16542
vn -0.91201 -0.41018 0
vn -0.98367 -0.18 0
vn -0.97011 -0.17752 -0.16542
vn 0.97011 0.17752 -0.16542
vn 0.98367 0.18 0
vn 0.99816 -0.06063 0
vn 0.98441 -0.0598 -0.16543
vn 0.17802 0.97002 -0.16542
vn 0.18051 0.98357 0
vn 0.41065 0.9118 0
vn 0.40499 0.89923 -0.16543
vn 0.89944 0.40453 -0.16541
vn 0.912 0.41018 0
vn 0.95464 -0.29775 0
vn 0.94149 -0.29365 -0.16543
vn -0.77649 -0.60802 -0.16542
vn -0.78734 -0.61652 0
vn -0.84386 0.51043 -0.16541
vn -0.85565 0.51756 0
vn -0.70693 0.70729 0
vn -0.69719 0.69755 -0.16541
vn -0.51712 0.85591 0
vn -0.50999 0.84412 -0.16542
vn -0.05929 0.98444 -0.16542
vn -0.06012 0.99819 0
vn 0.61692 0.78702 0
vn 0.60842 0.77618 -0.16542
vn 0.78734 0.61652 0
vn 0.7765 0.60803 -0.16541
vn 0.84386 -0.51043 -0.16542
vn 0.85565 -0.51756 0
vn 0.70692 -0.70729 0
vn 0.69718 -0.69755 -0.16542
vn 0.51 -0.84412 -0.16542
vn 0.51712 -0.85591 0
vn 0.29726 -0.9548 0
vn 0.29316 -0.94164 -0.16542
vn 0.06012 -0.99819 0
vn 0.05929 -0.98444 -0.16542
vn -0.17802 -0.97002 -0.16541
vn -0.18051 -0.98357 0
vn -0.41065 -0.91179 0
vn -0.40499 -0.89923 -0.16542
vn -0.61692 -0.78703 0
vn -0.60842 -0.77618 -0.16542
vn -0.74 0.4476 -0.50205
vn -0.82561 0.2575 -0.50206
vn -0.94149 0.29365 -0.16542
vn 0.18141 -0.58269 -0.79219
vn 0.03669 -0.60917 -0.79219
vn 0.01435 -0.23823 -0.9711
vn 0.07094 -0.22787 -0.9711
vn -0.55657 -0.25032 -0.79219
vn -0.6003 -0.10985 -0.7922
vn -0.23476 -0.04296 -0.9711
vn -0.21765 -0.09789 -0.9711
vn 0.15611 0.85063 -0.50206
vn -0.05199 0.86327 -0.50206
vn -0.48049 -0.37625 -0.79219
vn -0.1879 -0.14714 -0.9711
vn 0.58259 -0.18171 -0.79219
vn 0.52218 -0.31585 -0.79219
vn 0.2042 -0.12352 -0.9711
vn 0.22783 -0.07106 -0.9711
vn 0.8256 -0.2575 -0.50208
vn 0.86323 -0.05243 -0.50207
vn -0.11016 -0.60024 -0.7922
vn -0.2506 -0.55644 -0.7922
vn -0.098 -0.21761 -0.9711
vn -0.04308 -0.23474 -0.9711
vn -0.29726 0.9548 0
vn -0.29316 0.94164 -0.16542
vn -0.98441 0.0598 -0.16542
vn -0.86324 0.05244 -0.50207
vn -0.8507 -0.15567 -0.50206
vn -0.22783 0.07106 -0.9711
vn -0.58259 0.18171 -0.79219
vn 0.37649 0.4803 -0.79219
vn 0.48049 0.37624 -0.79219
vn 0.1879 0.14713 -0.9711
vn 0.14723 0.18783 -0.9711
vn 0.11016 0.60025 -0.79219
vn 0.25061 0.55645 -0.79219
vn 0.098 0.21761 -0.9711
vn 0.04308 0.23473 -0.9711
vn -0.99816 0.06063 0
vn 0.12336 -0.00252 -0.99236
vn -0.23821 0.01447 -0.9711
vn -0.0595 0.10809 -0.99236
vn 0.06386 0.10558 -0.99236
vn -0.14723 -0.18783 -0.9711
vn 0.23476 0.04296 -0.9711
vn 0.23822 -0.01447 -0.9711
vn -0.12336 0.00252 -0.99236
vn 0.0595 -0.10809 -0.99236
vn 0.2185 -0.39693 -0.89146
vn 0.45299 -0.00924 -0.89147
vn 0.12341 -0.20427 -0.9711
vn -0.12341 0.20427 -0.9711
vn 0.16871 -0.1688 -0.9711
vn -0.25847 -0.93169 -0.25525
vn -0.0204 -0.99979 -0
vn 0.23908 -0.971 1E-05
vn 0.22027 -0.94145 -0.25525
vn 0.21765 0.09789 -0.9711
vn -0.06386 -0.10558 -0.99236
vn -0.23907 0.971 1E-05
vn -0.22025 0.94145 -0.25525
vn 0.25845 0.93169 -0.25525
vn 0.02039 0.99979 -0
vn -0.01435 0.23822 -0.97111
vn -0.07094 0.22787 -0.9711
vn -0.25708 0.82574 -0.50207
vn -0.44722 0.74022 -0.50206
vn 0.85071 0.15567 -0.50206
vn -0.78873 -0.35474 -0.50206
vn -0.68092 -0.53318 -0.50207
vn -0.15611 -0.85062 -0.50207
vn 0.05199 -0.86326 -0.50207
vn -0.60915 0.037 -0.79219
vn 0.25708 -0.82574 -0.50207
vn 0.44722 -0.74022 -0.50207
vn 0.73999 -0.4476 -0.50206
vn -0.18141 0.58268 -0.79219
vn -0.03669 0.60916 -0.79219
vn 0.78873 0.35474 -0.50206
vn 0.68092 0.53319 -0.50206
vn 0.35514 0.78855 -0.50206
vn -0.31558 0.52234 -0.79219
vn -0.35514 -0.78854 -0.50207
vn 0 -0 -1
vn 0.43142 -0.43164 -0.79219
vn -0.61137 0.61169 -0.50205
vn 0.60915 -0.03701 -0.79219
vn 0.61137 -0.61168 -0.50206
vn 0.53353 0.68064 -0.50206
vn -0.70519 -0.66147 -0.25526
vn -0.56676 -0.49844 -0.656
vn -0.7243 -0.21224 -0.65601
vn -0.93609 -0.24201 -0.25526
vn 0.55657 0.25032 -0.79219
vn -0.95464 0.29775 0
vn 0.31558 -0.52234 -0.79219
vn -0.21849 0.39693 -0.89146
vn 0.2345 0.38768 -0.89147
vn 0.60031 0.10985 -0.79219
vn -0.53353 -0.68064 -0.50207
vn -0.37649 -0.4803 -0.79219
vn -0.971 -0.23907 1E-05
vn -0.72138 -0.69254 1E-05
vn 0.54597 -0.52114 -0.65599
vn 0.67764 -0.68968 -0.25524
vn 0.92545 -0.27998 -0.25525
vn 0.71504 -0.2416 -0.65601
vn -0.2345 -0.38769 -0.89146
vn -0.453 0.00924 -0.89146
vn -0.67762 0.68969 -0.25525
vn -0.69253 0.72139 1E-05
vn -0.85565 0.51756 -0
vn -0.92545 0.27998 -0.25526
vn -0.17834 -0.73339 -0.656
vn 0.1483 -0.74005 -0.656
vn -0.14828 0.74006 -0.65599
vn 0.17833 0.73339 -0.656
vn 0.72136 0.69256 1E-05
vn 0.70518 0.66149 -0.25526
vn 0.93609 0.24201 -0.25526
vn 0.971 0.23907 1E-05
vn 0.69254 -0.72138 1E-05
vn 0.85565 -0.51756 -0
vn -0.71504 0.24161 -0.65601
vn -0.54595 0.52115 -0.656
vn 0.56675 0.49845 -0.65601
vn 0.7243 0.21225 -0.65601
vn -0.15803 -0.72734 -0.66783
vn -0.57083 -0.47766 -0.66783
vn -0.37553 -0.62084 -0.68814
vn 0.12824 -0.73318 -0.66784
vn 0.3499 -0.63563 -0.68815
vn 0.55087 -0.50054 -0.66783
vn 0.15803 0.72735 -0.66782
vn 0.57083 0.47766 -0.66783
vn 0.37553 0.62084 -0.68814
vn 0.69908 -0.25553 -0.66783
vn 0.72544 -0.0148 -0.68813
vn 0.70892 0.22681 -0.66782
vn -0.34991 0.63566 -0.68811
vn -0.55089 0.50056 -0.66781
vn -0.12823 0.7332 -0.66781
vn -0.72543 0.01481 -0.68814
vn -0.70891 -0.22681 -0.66783
vn -0.69909 0.25553 -0.66782
vn 0.99979 -0.02039 1E-05
vn 0.51753 0.85567 2E-05
vn -0.99979 0.02039 2E-05
vn -0.51756 -0.85564 1E-05
vn -0.23238 0.05437 -0.9711
vn -0.59422 0.13903 -0.79219
vn -0.54369 0.2772 -0.79219
vn -0.21261 0.1084 -0.9711
vn -0.73041 -0.66267 -0.16542
vn -0.74062 -0.67193 0
vn -0.8799 -0.47516 0
vn -0.86778 -0.46862 -0.16542
vn 0.86778 0.46861 -0.16542
vn 0.8799 0.47516 0
vn 0.96804 0.25078 0
vn 0.95471 0.24733 -0.16543
vn -0.13045 0.97756 -0.16542
vn -0.13227 0.99121 0
vn 0.10879 0.99406 0
vn 0.10729 0.98037 -0.16542
vn 0.73041 0.66267 -0.16542
vn 0.74062 0.67193 0
vn 0.99993 0.01182 0
vn 0.98615 0.01166 -0.16542
vn -0.5506 -0.81821 -0.16542
vn -0.55829 -0.82965 0
vn -0.96029 0.22468 -0.16542
vn -0.9737 0.22782 0
vn -0.89089 0.45422 0
vn -0.87862 0.44796 -0.16542
vn -0.7563 0.65422 0
vn -0.74588 0.64521 -0.16542
vn -0.3606 0.91794 -0.16541
vn -0.36564 0.93076 0
vn 0.34352 0.93914 0
vn 0.33879 0.92621 -0.16542
vn 0.55829 0.82965 0
vn 0.5506 0.81822 -0.16542
vn 0.96029 -0.22468 -0.16542
vn 0.9737 -0.22782 0
vn 0.89089 -0.45422 0
vn 0.87862 -0.44796 -0.16542
vn 0.74588 -0.64521 -0.16542
vn 0.7563 -0.65422 0
vn 0.57776 -0.81621 0
vn 0.5698 -0.80496 -0.16542
vn 0.36564 -0.93076 0
vn 0.3606 -0.91794 -0.16542
vn 0.13045 -0.97756 -0.16542
vn 0.13227 -0.99121 0
vn -0.10879 -0.99406 0
vn -0.10729 -0.98037 -0.16542
vn -0.34352 -0.93914 0
vn -0.33879 -0.92621 -0.16542
vn -0.84209 0.19702 -0.50206
vn -0.86477 -0.01023 -0.50207
vn -0.98615 -0.01166 -0.16542
vn 0.35259 -0.49811 -0.79219
vn 0.22314 -0.56802 -0.79219
vn 0.08726 -0.22213 -0.9711
vn 0.13789 -0.19479 -0.9711
vn -0.45198 -0.41006 -0.79219
vn -0.53698 -0.28997 -0.79219
vn -0.20999 -0.1134 -0.9711
vn -0.17675 -0.16036 -0.9711
vn -0.11439 0.85723 -0.50206
vn -0.31622 0.80495 -0.50206
vn -0.34071 -0.50631 -0.79219
vn -0.13324 -0.198 -0.9711
vn 0.61023 0.00722 -0.79219
vn 0.59423 -0.13903 -0.79219
vn 0.23238 -0.05437 -0.9711
vn 0.23864 0.00282 -0.9711
vn 0.86477 0.01023 -0.50206
vn 0.83719 0.21689 -0.50207
vn 0.08072 -0.60491 -0.79219
vn -0.06639 -0.60665 -0.79219
vn -0.02596 -0.23724 -0.9711
vn 0.03157 -0.23656 -0.9711
vn -0.57776 0.81621 0
vn -0.5698 0.80497 -0.16541
vn -0.95471 -0.24733 -0.16542
vn -0.83719 -0.21688 -0.50206
vn -0.76097 -0.41093 -0.50206
vn -0.23864 -0.00282 -0.9711
vn -0.61023 -0.00722 -0.79219
vn 0.20964 0.57314 -0.79219
vn 0.34071 0.50631 -0.79219
vn 0.13324 0.198 -0.9711
vn 0.08198 0.22413 -0.9711
vn -0.08072 0.60491 -0.79219
vn 0.06639 0.60665 -0.79219
vn 0.02596 0.23724 -0.9711
vn -0.03157 0.23656 -0.9711
vn -0.96804 -0.25078 0
vn 0.1181 0.03573 -0.99236
vn -0.23103 -0.05985 -0.97111
vn -0.08999 0.08441 -0.99236
vn 0.02811 0.12014 -0.99236
vn -0.08198 -0.22413 -0.9711
vn 0.20999 0.1134 -0.9711
vn 0.23103 0.05985 -0.9711
vn -0.1181 -0.03573 -0.99236
vn 0.08999 -0.08441 -0.99236
vn 0.33046 -0.30998 -0.89147
vn 0.43368 0.1312 -0.89147
vn 0.18049 -0.15613 -0.9711
vn -0.18049 0.15613 -0.9711
vn 0.21261 -0.1084 -0.9711
vn 0.04209 -0.96596 -0.25525
vn 0.28956 -0.95716 -0
vn 0.52742 -0.8496 1E-05
vn 0.50041 -0.82731 -0.25525
vn 0.17675 0.16036 -0.9711
vn -0.02811 -0.12014 -0.99236
vn -0.52743 0.8496 1E-05
vn -0.50041 0.82731 -0.25524
vn -0.04208 0.96596 -0.25525
vn -0.28956 0.95716 -0
vn -0.08726 0.22213 -0.97111
vn -0.13788 0.19479 -0.9711
vn -0.49966 0.70588 -0.50206
vn -0.65407 0.56579 -0.50206
vn 0.76096 0.41093 -0.50208
vn -0.64051 -0.58111 -0.50206
vn -0.48283 -0.71751 -0.50206
vn 0.11439 -0.85723 -0.50206
vn 0.31621 -0.80495 -0.50206
vn -0.59077 -0.15305 -0.79219
vn 0.49966 -0.70588 -0.50207
vn 0.65407 -0.56579 -0.50207
vn 0.84209 -0.19702 -0.50206
vn -0.35259 0.49811 -0.79219
vn -0.22314 0.56801 -0.7922
vn 0.6405 0.5811 -0.50207
vn 0.48283 0.7175 -0.50206
vn 0.09408 0.8597 -0.50207
vn -0.46155 0.39926 -0.79219
vn -0.09408 -0.8597 -0.50206
vn 0 -0 -1
vn 0.54369 -0.2772 -0.79219
vn -0.77047 0.39283 -0.50206
vn 0.59077 0.15305 -0.79219
vn 0.77047 -0.39283 -0.50206
vn 0.29709 0.8122 -0.50206
vn -0.46627 -0.84702 -0.25525
vn -0.38499 -0.64919 -0.656
vn -0.62327 -0.42567 -0.656
vn -0.8155 -0.51942 -0.25526
vn 0.45197 0.41005 -0.7922
vn -0.99993 -0.01182 0
vn 0.46155 -0.39925 -0.79219
vn -0.33046 0.30998 -0.89146
vn 0.10322 0.44118 -0.89146
vn 0.53697 0.28997 -0.7922
vn -0.29709 -0.8122 -0.50206
vn -0.20965 -0.57314 -0.79219
vn -0.84961 -0.52741 1E-05
vn -0.47206 -0.88156 1E-05
vn 0.68029 -0.32693 -0.656
vn 0.85759 -0.44653 -0.25524
vn 0.96667 0.0197 -0.25525
vn 0.7547 -0.00883 -0.65601
vn -0.10322 -0.44117 -0.89147
vn -0.43368 -0.1312 -0.89146
vn -0.85759 0.44653 -0.25525
vn -0.88156 0.47206 1E-05
vn -0.9737 0.22782 -0
vn -0.96667 -0.01969 -0.25526
vn 0.05702 -0.7526 -0.656
vn 0.36973 -0.658 -0.656
vn -0.36972 0.65802 -0.65599
vn -0.05701 0.75261 -0.656
vn 0.47207 0.88156 1E-05
vn 0.46628 0.84701 -0.25526
vn 0.8155 0.51942 -0.25527
vn 0.84961 0.52742 1E-05
vn 0.88156 -0.47207 1E-05
vn 0.9737 -0.22782 -0
vn -0.75471 0.00883 -0.656
vn -0.68028 0.32694 -0.65599
vn 0.385 0.64919 -0.656
vn 0.62326 0.42567 -0.65601
vn 0.07446 -0.74058 -0.66783
vn -0.3953 -0.63069 -0.6678
vn -0.16532 -0.70651 -0.68813
vn 0.34852 -0.65767 -0.66784
vn 0.52918 -0.4964 -0.68815
vn 0.67857 -0.3058 -0.66785
vn -0.07447 0.74058 -0.66783
vn 0.39528 0.63068 -0.66783
vn 0.1653 0.7065 -0.68814
vn 0.74382 -0.02698 -0.66783
vn 0.6945 0.21012 -0.68813
vn 0.60414 0.43479 -0.66781
vn -0.5292 0.49642 -0.68812
vn -0.67861 0.30581 -0.66781
vn -0.34854 0.65768 -0.66782
vn -0.69453 -0.21009 -0.68811
vn -0.60415 -0.43478 -0.6678
vn -0.74385 0.02701 -0.6678
vn 0.95716 0.28955 1E-05
vn 0.22784 0.9737 2E-05
vn -0.95717 -0.28953 1E-05
vn -0.22782 -0.9737 1E-05
usemtl mat4
f 3588//3349 3589//3350 3590//3351
f 3588//3349 3590//3351 3591//3352
f 3592//3353 3593//3354 3594//3355
f 3592//3353 3594//3355 3595//3356
f 3596//3357 3597//3358 3598//3359
f 3596//3357 3598//3359 3599//3360
f 3600//3361 3601//3362 3602//3363
f 3600//3361 3602//3363 3603//3364
f 3604//3365 3605//3366 3597//3358
f 3604//3365 3597//3358 3596//3357
f 3599//3360 3598//3359 3606//3367
f 3599//3360 3606//3367 3607//3368
f 3608//3369 3609//3370 3593//3354
f 3608//3369 3593//3354 3592//3353
f 3610//3371 3611//3372 3612//3373
f 3610//3371 3612//3373 3613//3374
f 3613//3374 3612//3373 3614//3375
f 3613//3374 3614//3375 3615//3376
f 3616//3377 3617//3378 3601//3362
f 3616//3377 3601//3362 3600//3361
f 3603//3364 3602//3363 3618//3379
f 3603//3364 3618//3379 3619//3380
f 3619//3380 3618//3379 3620//3381
f 3619//3380 3620//3381 3621//3382
f 3621//3382 3620//3381 3605//3366
f 3621//3382 3605//3366 3604//3365
f 3622//3383 3623//3384 3624//3385
f 3622//3383 3624//3385 3625//3386
f 3626//3387 3627//3388 3628//3389
f 3626//3387 3628//3389 3629//3390
f 3629//3390 3628//3389 3630//3391
f 3629//3390 3630//3391 3631//3392
f 3632//3393 3633//3394 3634//3395
f 3632//3393 3634//3395 3635//3396
f 3635//3396 3634//3395 3636//3397
f 3635//3396 3636//3397 3637//3398
f 3607//3368 3606//3367 3623//3384
f 3607//3368 3623//3384 3622//3383
f 3638//3399 3639//3400 3640//3401
f 3638//3399 3640//3401 3610//3371
f 3641//3402 3642//3403 3643//3404
f 3641//3402 3643//3404 3644//3405
f 3645//3406 3646//3407 3647//3408
f 3645//3406 3647//3408 3648//3409
f 3649//3410 3650//3411 3616//3377
f 3649//3410 3616//3377 3600//3361
f 3651//3412 3645//3406 3648//3409
f 3651//3412 3648//3409 3652//3413
f 3653//3414 3654//3415 3655//3416
f 3653//3414 3655//3416 3656//3417
f 3607//3368 3657//3418 3658//3419
f 3607//3368 3658//3419 3599//3360
f 3659//3420 3660//3421 3661//3422
f 3659//3420 3661//3422 3662//3423
f 3615//3376 3614//3375 3663//3424
f 3615//3376 3663//3424 3664//3425
f 3595//3356 3665//3426 3666//3427
f 3595//3356 3666//3427 3667//3428
f 3668//3429 3669//3430 3589//3350
f 3668//3429 3589//3350 3588//3349
f 3670//3431 3671//3432 3672//3433
f 3670//3431 3672//3433 3673//3434
f 3674//3435 3675//3436 3676//3437
f 3674//3435 3676//3437 3677//3438
f 3595//3356 3594//3355 3678//3439
f 3595//3356 3678//3439 3665//3426
f 3637//3398 3636//3397 3609//3370
f 3637//3398 3609//3370 3608//3369
f 3631//3392 3630//3391 3633//3394
f 3631//3392 3633//3394 3632//3393
f 3625//3386 3624//3385 3627//3388
f 3625//3386 3627//3388 3626//3387
f 3679//3440 3647//3408 3680//3441
f 3679//3440 3648//3409 3647//3408
f 3681//3442 3643//3404 3662//3423
f 3681//3442 3662//3423 3682//3443
f 3682//3443 3661//3422 3683//3444
f 3682//3443 3662//3423 3661//3422
f 3684//3445 3685//3446 3686//3447
f 3687//3448 3588//3349 3591//3352
f 3687//3448 3688//3449 3689//3450
f 3687//3448 3689//3450 3679//3440
f 3682//3443 3652//3413 3648//3409
f 3682//3443 3648//3409 3679//3440
f 3690//3451 3644//3405 3681//3442
f 3687//3448 3591//3352 3691//3452
f 3692//3453 3690//3451 3681//3442
f 3656//3417 3655//3416 3681//3442
f 3656//3417 3681//3442 3686//3447
f 3693//3454 3694//3455 3695//3456
f 3693//3454 3695//3456 3696//3457
f 3682//3443 3683//3444 3652//3413
f 3697//3458 3686//3447 3698//3459
f 3697//3458 3698//3459 3672//3433
f 3676//3437 3698//3459 3677//3438
f 3685//3446 3656//3417 3686//3447
f 3684//3445 3686//3447 3697//3458
f 3699//3460 3700//3461 3701//3462
f 3699//3460 3701//3462 3702//3463
f 3673//3434 3698//3459 3676//3437
f 3703//3464 3687//3448 3704//3465
f 3687//3448 3679//3440 3668//3429
f 3687//3448 3668//3429 3588//3349
f 3679//3440 3680//3441 3668//3429
f 3705//3466 3706//3467 3615//3376
f 3705//3466 3615//3376 3664//3425
f 3658//3419 3707//3468 3596//3357
f 3658//3419 3596//3357 3599//3360
f 3592//3353 3708//3469 3709//3470
f 3592//3353 3709//3470 3608//3369
f 3710//3471 3711//3472 3631//3392
f 3710//3471 3631//3392 3632//3393
f 3668//3429 3680//3441 3712//3473
f 3668//3429 3712//3473 3669//3430
f 3713//3474 3714//3475 3626//3387
f 3713//3474 3626//3387 3629//3390
f 3639//3400 3666//3427 3665//3426
f 3639//3400 3665//3426 3640//3401
f 3715//3476 3657//3418 3607//3368
f 3715//3476 3607//3368 3622//3383
f 3716//3477 3717//3478 3703//3464
f 3716//3477 3703//3464 3704//3465
f 3718//3479 3719//3480 3621//3382
f 3718//3479 3621//3382 3604//3365
f 3603//3364 3720//3481 3649//3410
f 3603//3364 3649//3410 3600//3361
f 3595//3356 3667//3428 3708//3469
f 3595//3356 3708//3469 3592//3353
f 3691//3452 3591//3352 3590//3351
f 3691//3452 3590//3351 3721//3482
f 3722//3483 3710//3471 3632//3393
f 3722//3483 3632//3393 3635//3396
f 3642//3403 3659//3420 3662//3423
f 3642//3403 3662//3423 3643//3404
f 3723//3484 3724//3484 3725//3484
f 3725//3484 3726//3484 3727//3484
f 3727//3484 3728//3484 3723//3484
f 3725//3484 3727//3484 3723//3484
f 3654//3415 3729//3485 3692//3453
f 3654//3415 3692//3453 3655//3416
f 3613//3374 3730//3486 3638//3399
f 3613//3374 3638//3399 3610//3371
f 3731//3487 3653//3414 3656//3417
f 3731//3487 3656//3417 3685//3446
f 3714//3475 3732//3488 3625//3386
f 3714//3475 3625//3386 3626//3387
f 3603//3364 3619//3380 3733//3489
f 3603//3364 3733//3489 3720//3481
f 3734//3490 3735//3491 3736//3492
f 3734//3490 3736//3492 3737//3493
f 3697//3458 3672//3433 3671//3432
f 3697//3458 3671//3432 3738//3494
f 3665//3426 3678//3439 3739//3495
f 3665//3426 3739//3495 3640//3401
f 3690//3451 3692//3453 3729//3485
f 3690//3451 3729//3485 3740//3496
f 3625//3386 3732//3488 3715//3476
f 3625//3386 3715//3476 3622//3383
f 3741//3497 3681//3442 3682//3443
f 3741//3497 3682//3443 3742//3498
f 3655//3416 3692//3453 3681//3442
f 3684//3445 3697//3458 3738//3494
f 3684//3445 3738//3494 3743//3499
f 3709//3470 3744//3500 3637//3398
f 3709//3470 3637//3398 3608//3369
f 3706//3467 3730//3486 3613//3374
f 3706//3467 3613//3374 3615//3376
f 3740//3496 3641//3402 3644//3405
f 3740//3496 3644//3405 3690//3451
f 3745//3501 3651//3412 3652//3413
f 3745//3501 3652//3413 3683//3444
f 3646//3407 3712//3473 3680//3441
f 3646//3407 3680//3441 3647//3408
f 3672//3433 3698//3459 3673//3434
f 3721//3482 3716//3477 3704//3465
f 3721//3482 3704//3465 3691//3452
f 3717//3478 3674//3435 3677//3438
f 3717//3478 3677//3438 3703//3464
f 3704//3465 3687//3448 3691//3452
f 3673//3434 3676//3437 3675//3436
f 3673//3434 3675//3436 3670//3431
f 3707//3468 3718//3479 3604//3365
f 3707//3468 3604//3365 3596//3357
f 3631//3392 3711//3472 3713//3474
f 3631//3392 3713//3474 3629//3390
f 3719//3480 3733//3489 3619//3380
f 3719//3480 3619//3380 3621//3382
f 3743//3499 3731//3487 3685//3446
f 3743//3499 3685//3446 3684//3445
f 3683//3444 3661//3422 3660//3421
f 3683//3444 3660//3421 3745//3501
f 3664//3425 3663//3424 3617//3378
f 3664//3425 3617//3378 3616//3377
f 3611//3372 3610//3371 3640//3401
f 3611//3372 3640//3401 3739//3495
f 3650//3411 3705//3466 3664//3425
f 3650//3411 3664//3425 3616//3377
f 3744//3500 3722//3483 3635//3396
f 3744//3500 3635//3396 3637//3398
f 3681//3442 3644//3405 3643//3404
f 3746//3502 3747//3503 3734//3490
f 3746//3502 3734//3490 3737//3493
f 3748//3504 3749//3505 3750//3506
f 3748//3504 3750//3506 3751//3507
f 3752//3508 3698//3459 3686//3447
f 3752//3508 3686//3447 3753//3509
f 3754//3510 3755//3511 3756//3512
f 3754//3510 3756//3512 3757//3513
f 3753//3509 3686//3447 3681//3442
f 3753//3509 3681//3442 3741//3497
f 3758//3514 3693//3454 3696//3457
f 3758//3514 3696//3457 3759//3515
f 3698//3459 3752//3508 3688//3449
f 3698//3459 3688//3449 3687//3448
f 3700//3461 3760//3516 3761//3517
f 3700//3461 3761//3517 3701//3462
f 3762//3518 3763//3519 3764//3520
f 3762//3518 3764//3520 3765//3521
f 3742//3498 3682//3443 3679//3440
f 3742//3498 3679//3440 3689//3450
f 3749//3505 3766//3522 3767//3523
f 3749//3505 3767//3523 3750//3506
f 3757//3513 3768//3524 3769//3525
f 3757//3513 3769//3525 3754//3510
f 3763//3519 3770//3526 3771//3527
f 3763//3519 3771//3527 3764//3520
f 3677//3438 3698//3459 3687//3448
f 3677//3438 3687//3448 3703//3464
f 3694//3528 3747//3529 3725//3530
f 3758//3514 3752//3508 3735//3491
f 3759//3515 3748//3504 3688//3449
f 3751//3507 3771//3527 3689//3450
f 3760//3516 3769//3525 3741//3497
f 3770//3526 3761//3517 3742//3498
f 3736//3492 3753//3509 3768//3524
f 3695//3531 3724//3532 3766//3533
f 3702//3534 3762//3535 3728//3536
f 3767//3537 3723//3538 3765//3539
f 3727//3540 3755//3541 3699//3542
f 3726//3543 3746//3544 3756//3545
f 3707//3468 3743//3499 3738//3494
f 3707//3468 3738//3494 3718//3479
f 3706//3467 3721//3482 3590//3351
f 3706//3467 3590//3351 3730//3486
f 3720//3481 3675//3436 3674//3435
f 3720//3481 3674//3435 3649//3410
f 3667//3428 3646//3407 3645//3406
f 3667//3428 3645//3406 3708//3469
f 3722//3483 3660//3421 3659//3420
f 3722//3483 3659//3420 3710//3471
f 3714//3475 3740//3496 3729//3485
f 3714//3475 3729//3485 3732//3488
f 3658//3419 3731//3487 3743//3499
f 3658//3419 3743//3499 3707//3468
f 3589//3350 3638//3399 3730//3486
f 3589//3350 3730//3486 3590//3351
f 3705//3466 3716//3477 3721//3482
f 3705//3466 3721//3482 3706//3467
f 3733//3489 3670//3431 3675//3436
f 3733//3489 3675//3436 3720//3481
f 3666//3427 3712//3473 3646//3407
f 3666//3427 3646//3407 3667//3428
f 3744//3500 3745//3501 3660//3421
f 3744//3500 3660//3421 3722//3483
f 3713//3474 3641//3402 3740//3496
f 3713//3474 3740//3496 3714//3475
f 3657//3418 3653//3414 3731//3487
f 3657//3418 3731//3487 3658//3419
f 3709//3470 3651//3412 3745//3501
f 3709//3470 3745//3501 3744//3500
f 3719//3480 3671//3432 3670//3431
f 3719//3480 3670//3431 3733//3489
f 3650//3411 3717//3478 3716//3477
f 3650//3411 3716//3477 3705//3466
f 3639//3400 3669//3430 3712//3473
f 3639//3400 3712//3473 3666//3427
f 3711//3472 3642//3403 3641//3402
f 3711//3472 3641//3402 3713//3474
f 3718//3479 3738//3494 3671//3432
f 3718//3479 3671//3432 3719//3480
f 3715//3476 3654//3415 3653//3414
f 3715//3476 3653//3414 3657//3418
f 3649//3410 3674//3435 3717//3478
f 3649//3410 3717//3478 3650//3411
f 3708//3469 3645//3406 3651//3412
f 3708//3469 3651//3412 3709//3470
f 3710//3471 3659//3420 3642//3403
f 3710//3471 3642//3403 3711//3472
f 3654//3415 3715//3476 3732//3488
f 3654//3415 3732//3488 3729//3485
f 3638//3399 3589//3350 3669//3430
f 3638//3399 3669//3430 3639//3400
f 3755//3541 3727//3540 3726//3543
f 3755//3541 3726//3543 3756//3545
f 3759//3515 3688//3449 3752//3508
f 3759//3515 3752//3508 3758//3514
f 3763//3519 3701//3462 3761//3517
f 3763//3519 3761//3517 3770//3526
f 3742//3498 3761//3517 3760//3516
f 3742//3498 3760//3516 3741//3497
f 3753//3509 3736//3492 3735//3491
f 3753//3509 3735//3491 3752//3508
f 3741//3497 3769//3525 3768//3524
f 3741//3497 3768//3524 3753//3509
f 3751//3507 3689//3450 3688//3449
f 3751//3507 3688//3449 3748//3504
f 3771//3527 3751//3507 3750//3506
f 3771//3527 3750//3506 3764//3520
f 3689//3450 3771//3527 3770//3526
f 3689//3450 3770//3526 3742//3498
f 3764//3520 3750//3506 3767//3546
f 3764//3520 3767//3546 3765//3521
f 3701//3462 3763//3519 3762//3518
f 3701//3462 3762//3518 3702//3547
f 3754//3510 3700//3461 3699//3460
f 3754//3510 3699//3460 3755//3511
f 3756//3548 3746//3502 3737//3493
f 3756//3548 3737//3493 3757//3513
f 3734//3490 3693//3454 3758//3514
f 3734//3490 3758//3514 3735//3491
f 3748//3504 3759//3515 3696//3457
f 3748//3504 3696//3457 3749//3505
f 3769//3525 3760//3516 3700//3461
f 3769//3525 3700//3461 3754//3510
f 3757//3513 3737//3493 3736//3492
f 3757//3513 3736//3492 3768//3524
f 3694//3528 3725//3530 3724//3532
f 3694//3528 3724//3532 3695//3531
f 3728//3536 3762//3535 3765//3539
f 3728//3536 3765//3539 3723//3538
f 3766//3533 3724//3532 3723//3538
f 3766//3533 3723//3538 3767//3537
f 3727//3540 3699//3542 3702//3534
f 3727//3540 3702//3534 3728//3536
f 3725//3530 3747//3529 3746//3544
f 3725//3530 3746//3544 3726//3543
f 3747//3503 3694//3549 3693//3454
f 3747//3503 3693//3454 3734//3490
f 3749//3505 3696//3457 3695//3456
f 3749//3505 3695//3456 3766//3522
f 3772//3550 3773//3551 3774//3552
f 3772//3550 3774//3552 3775//3553
f 3776//3554 3777//3555 3778//3556
f 3776//3554 3778//3556 3779//3557
f 3780//3558 3781//3559 3782//3560
f 3780//3558 3782//3560 3783//3561
f 3784//3562 3785//3563 3786//3564
f 3784//3562 3786//3564 3787//3565
f 3788//3566 3789//3567 3781//3559
f 3788//3566 3781//3559 3780//3558
f 3783//3561 3782//3560 3790//3568
f 3783//3561 3790//3568 3791//3569
f 3792//3570 3793//3571 3777//3555
f 3792//3570 3777//3555 3776//3554
f 3794//3572 3795//3573 3796//3574
f 3794//3572 3796//3574 3797//3575
f 3797//3575 3796//3574 3798//3576
f 3797//3575 3798//3576 3799//3577
f 3800//3578 3801//3579 3785//3563
f 3800//3578 3785//3563 3784//3562
f 3787//3565 3786//3564 3802//3580
f 3787//3565 3802//3580 3803//3581
f 3803//3581 3802//3580 3804//3582
f 3803//3581 3804//3582 3805//3583
f 3805//3583 3804//3582 3789//3567
f 3805//3583 3789//3567 3788//3566
f 3806//3584 3807//3585 3808//3586
f 3806//3584 3808//3586 3809//3587
f 3810//3588 3811//3589 3812//3590
f 3810//3588 3812//3590 3813//3591
f 3813//3591 3812//3590 3814//3592
f 3813//3591 3814//3592 3815//3593
f 3816//3594 3817//3595 3818//3596
f 3816//3594 3818//3596 3819//3597
f 3819//3597 3818//3596 3820//3598
f 3819//3597 3820//3598 3821//3599
f 3791//3569 3790//3568 3807//3585
f 3791//3569 3807//3585 3806//3584
f 3822//3600 3823//3601 3824//3602
f 3822//3600 3824//3602 3794//3572
f 3825//3603 3826//3604 3827//3605
f 3825//3603 3827//3605 3828//3606
f 3829//3607 3830//3608 3831//3609
f 3829//3607 3831//3609 3832//3610
f 3833//3611 3834//3612 3800//3578
f 3833//3611 3800//3578 3784//3562
f 3835//3613 3829//3607 3832//3610
f 3835//3613 3832//3610 3836//3614
f 3837//3615 3838//3616 3839//3617
f 3837//3615 3839//3617 3840//3618
f 3791//3569 3841//3619 3842//3620
f 3791//3569 3842//3620 3783//3561
f 3843//3621 3844//3622 3845//3623
f 3843//3621 3845//3623 3846//3624
f 3799//3577 3798//3576 3847//3625
f 3799//3577 3847//3625 3848//3626
f 3779//3557 3849//3627 3850//3628
f 3779//3557 3850//3628 3851//3629
f 3852//3630 3853//3631 3773//3551
f 3852//3630 3773//3551 3772//3550
f 3854//3632 3855//3633 3856//3634
f 3854//3632 3856//3634 3857//3635
f 3858//3636 3859//3637 3860//3638
f 3858//3636 3860//3638 3861//3639
f 3779//3557 3778//3556 3862//3640
f 3779//3557 3862//3640 3849//3627
f 3821//3599 3820//3598 3793//3571
f 3821//3599 3793//3571 3792//3570
f 3815//3593 3814//3592 3817//3595
f 3815//3593 3817//3595 3816//3594
f 3809//3587 3808//3586 3811//3589
f 3809//3587 3811//3589 3810//3588
f 3863//3641 3831//3609 3864//3642
f 3863//3641 3832//3610 3831//3609
f 3865//3643 3827//3605 3846//3624
f 3865//3643 3846//3624 3866//3644
f 3866//3644 3845//3623 3867//3645
f 3866//3644 3846//3624 3845//3623
f 3868//3646 3869//3647 3870//3648
f 3871//3649 3772//3550 3775//3553
f 3871//3649 3872//3650 3873//3651
f 3871//3649 3873//3651 3863//3641
f 3866//3644 3836//3614 3832//3610
f 3866//3644 3832//3610 3863//3641
f 3874//3652 3828//3606 3865//3643
f 3871//3649 3775//3553 3875//3653
f 3876//3654 3874//3652 3865//3643
f 3840//3618 3839//3617 3865//3643
f 3840//3618 3865//3643 3870//3648
f 3877//3655 3878//3656 3879//3657
f 3877//3655 3879//3657 3880//3658
f 3866//3644 3867//3645 3836//3614
f 3881//3659 3870//3648 3882//3660
f 3881//3659 3882//3660 3856//3634
f 3860//3638 3882//3660 3861//3639
f 3869//3647 3840//3618 3870//3648
f 3868//3646 3870//3648 3881//3659
f 3883//3661 3884//3662 3885//3663
f 3883//3661 3885//3663 3886//3664
f 3857//3635 3882//3660 3860//3638
f 3887//3665 3871//3649 3888//3666
f 3871//3649 3863//3641 3852//3630
f 3871//3649 3852//3630 3772//3550
f 3863//3641 3864//3642 3852//3630
f 3889//3667 3890//3668 3799//3577
f 3889//3667 3799//3577 3848//3626
f 3842//3620 3891//3669 3780//3558
f 3842//3620 3780//3558 3783//3561
f 3776//3554 3892//3670 3893//3671
f 3776//3554 3893//3671 3792//3570
f 3894//3672 3895//3673 3815//3593
f 3894//3672 3815//3593 3816//3594
f 3852//3630 3864//3642 3896//3674
f 3852//3630 3896//3674 3853//3631
f 3897//3675 3898//3676 3810//3588
f 3897//3675 3810//3588 3813//3591
f 3823//3601 3850//3628 3849//3627
f 3823//3601 3849//3627 3824//3602
f 3899//3677 3841//3619 3791//3569
f 3899//3677 3791//3569 3806//3584
f 3900//3678 3901//3679 3887//3665
f 3900//3678 3887//3665 3888//3666
f 3902//3680 3903//3681 3805//3583
f 3902//3680 3805//3583 3788//3566
f 3787//3565 3904//3682 3833//3611
f 3787//3565 3833//3611 3784//3562
f 3779//3557 3851//3629 3892//3670
f 3779//3557 3892//3670 3776//3554
f 3875//3653 3775//3553 3774//3552
f 3875//3653 3774//3552 3905//3683
f 3906//3684 3894//3672 3816//3594
f 3906//3684 3816//3594 3819//3597
f 3826//3604 3843//3621 3846//3624
f 3826//3604 3846//3624 3827//3605
f 3907//3685 3908//3685 3909//3685
f 3909//3685 3910//3685 3911//3685
f 3911//3685 3912//3685 3907//3685
f 3909//3685 3911//3685 3907//3685
f 3838//3616 3913//3686 3876//3654
f 3838//3616 3876//3654 3839//3617
f 3797//3575 3914//3687 3822//3600
f 3797//3575 3822//3600 3794//3572
f 3915//3688 3837//3615 3840//3618
f 3915//3688 3840//3618 3869//3647
f 3898//3676 3916//3689 3809//3587
f 3898//3676 3809//3587 3810//3588
f 3787//3565 3803//3581 3917//3690
f 3787//3565 3917//3690 3904//3682
f 3918//3691 3919//3692 3920//3693
f 3918//3691 3920//3693 3921//3694
f 3881//3659 3856//3634 3855//3633
f 3881//3659 3855//3633 3922//3695
f 3849//3627 3862//3640 3923//3696
f 3849//3627 3923//3696 3824//3602
f 3874//3652 3876//3654 3913//3686
f 3874//3652 3913//3686 3924//3697
f 3809//3587 3916//3689 3899//3677
f 3809//3587 3899//3677 3806//3584
f 3925//3698 3865//3643 3866//3644
f 3925//3698 3866//3644 3926//3699
f 3839//3617 3876//3654 3865//3643
f 3868//3646 3881//3659 3922//3695
f 3868//3646 3922//3695 3927//3700
f 3893//3671 3928//3701 3821//3599
f 3893//3671 3821//3599 3792//3570
f 3890//3668 3914//3687 3797//3575
f 3890//3668 3797//3575 3799//3577
f 3924//3697 3825//3603 3828//3606
f 3924//3697 3828//3606 3874//3652
f 3929//3702 3835//3613 3836//3614
f 3929//3702 3836//3614 3867//3645
f 3830//3608 3896//3674 3864//3642
f 3830//3608 3864//3642 3831//3609
f 3856//3634 3882//3660 3857//3635
f 3905//3683 3900//3678 3888//3666
f 3905//3683 3888//3666 3875//3653
f 3901//3679 3858//3636 3861//3639
f 3901//3679 3861//3639 3887//3665
f 3888//3666 3871//3649 3875//3653
f 3857//3635 3860//3638 3859//3637
f 3857//3635 3859//3637 3854//3632
f 3891//3669 3902//3680 3788//3566
f 3891//3669 3788//3566 3780//3558
f 3815//3593 3895//3673 3897//3675
f 3815//3593 3897//3675 3813//3591
f 3903//3681 3917//3690 3803//3581
f 3903//3681 3803//3581 3805//3583
f 3927//3700 3915//3688 3869//3647
f 3927//3700 3869//3647 3868//3646
f 3867//3645 3845//3623 3844//3622
f 3867//3645 3844//3622 3929//3702
f 3848//3626 3847//3625 3801//3579
f 3848//3626 3801//3579 3800//3578
f 3795//3573 3794//3572 3824//3602
f 3795//3573 3824//3602 3923//3696
f 3834//3612 3889//3667 3848//3626
f 3834//3612 3848//3626 3800//3578
f 3928//3701 3906//3684 3819//3597
f 3928//3701 3819//3597 3821//3599
f 3865//3643 3828//3606 3827//3605
f 3930//3703 3931//3704 3918//3691
f 3930//3703 3918//3691 3921//3694
f 3932//3705 3933//3706 3934//3707
f 3932//3705 3934//3707 3935//3708
f 3936//3709 3882//3660 3870//3648
f 3936//3709 3870//3648 3937//3710
f 3938//3711 3939//3712 3940//3713
f 3938//3711 3940//3713 3941//3714
f 3937//3710 3870//3648 3865//3643
f 3937//3710 3865//3643 3925//3698
f 3942//3715 3877//3655 3880//3658
f 3942//3715 3880//3658 3943//3716
f 3882//3660 3936//3709 3872//3650
f 3882//3660 3872//3650 3871//3649
f 3884//3662 3944//3717 3945//3718
f 3884//3662 3945//3718 3885//3663
f 3946//3719 3947//3720 3948//3721
f 3946//3719 3948//3721 3949//3722
f 3926//3699 3866//3644 3863//3641
f 3926//3699 3863//3641 3873//3651
f 3933//3706 3950//3723 3951//3724
f 3933//3706 3951//3724 3934//3707
f 3941//3714 3952//3725 3953//3726
f 3941//3714 3953//3726 3938//3711
f 3947//3720 3954//3727 3955//3728
f 3947//3720 3955//3728 3948//3721
f 3861//3639 3882//3660 3871//3649
f 3861//3639 3871//3649 3887//3665
f 3878//3729 3931//3730 3909//3731
f 3942//3715 3936//3709 3919//3692
f 3943//3716 3932//3705 3872//3650
f 3935//3708 3955//3728 3873//3651
f 3944//3717 3953//3726 3925//3698
f 3954//3727 3945//3718 3926//3699
f 3920//3693 3937//3710 3952//3725
f 3879//3732 3908//3733 3950//3734
f 3886//3735 3946//3736 3912//3737
f 3951//3738 3907//3739 3949//3740
f 3911//3741 3939//3742 3883//3743
f 3910//3744 3930//3745 3940//3746
f 3891//3669 3927//3700 3922//3695
f 3891//3669 3922//3695 3902//3680
f 3890//3668 3905//3683 3774//3552
f 3890//3668 3774//3552 3914//3687
f 3904//3682 3859//3637 3858//3636
f 3904//3682 3858//3636 3833//3611
f 3851//3629 3830//3608 3829//3607
f 3851//3629 3829//3607 3892//3670
f 3906//3684 3844//3622 3843//3621
f 3906//3684 3843//3621 3894//3672
f 3898//3676 3924//3697 3913//3686
f 3898//3676 3913//3686 3916//3689
f 3842//3620 3915//3688 3927//3700
f 3842//3620 3927//3700 3891//3669
f 3773//3551 3822//3600 3914//3687
f 3773//3551 3914//3687 3774//3552
f 3889//3667 3900//3678 3905//3683
f 3889//3667 3905//3683 3890//3668
f 3917//3690 3854//3632 3859//3637
f 3917//3690 3859//3637 3904//3682
f 3850//3628 3896//3674 3830//3608
f 3850//3628 3830//3608 3851//3629
f 3928//3701 3929//3702 3844//3622
f 3928//3701 3844//3622 3906//3684
f 3897//3675 3825//3603 3924//3697
f 3897//3675 3924//3697 3898//3676
f 3841//3619 3837//3615 3915//3688
f 3841//3619 3915//3688 3842//3620
f 3893//3671 3835//3613 3929//3702
f 3893//3671 3929//3702 3928//3701
f 3903//3681 3855//3633 3854//3632
f 3903//3681 3854//3632 3917//3690
f 3834//3612 3901//3679 3900//3678
f 3834//3612 3900//3678 3889//3667
f 3823//3601 3853//3631 3896//3674
f 3823//3601 3896//3674 3850//3628
f 3895//3673 3826//3604 3825//3603
f 3895//3673 3825//3603 3897//3675
f 3902//3680 3922//3695 3855//3633
f 3902//3680 3855//3633 3903//3681
f 3899//3677 3838//3616 3837//3615
f 3899//3677 3837//3615 3841//3619
f 3833//3611 3858//3636 3901//3679
f 3833//3611 3901//3679 3834//3612
f 3892//3670 3829//3607 3835//3613
f 3892//3670 3835//3613 3893//3671
f 3894//3672 3843//3621 3826//3604
f 3894//3672 3826//3604 3895//3673
f 3838//3616 3899//3677 3916//3689
f 3838//3616 3916//3689 3913//3686
f 3822//3600 3773//3551 3853//3631
f 3822//3600 3853//3631 3823//3601
f 3939//3742 3911//3741 3910//3744
f 3939//3742 3910//3744 3940//3746
f 3943//3716 3872//3650 3936//3709
f 3943//3716 3936//3709 3942//3715
f 3947//3720 3885//3663 3945//3718
f 3947//3720 3945//3718 3954//3727
f 3926//3699 3945//3718 3944//3717
f 3926//3699 3944//3717 3925//3698
f 3937//3710 3920//3693 3919//3692
f 3937//3710 3919//3692 3936//3709
f 3925//3698 3953//3726 3952//3725
f 3925//3698 3952//3725 3937//3710
f 3935//3708 3873//3651 3872//3650
f 3935//3708 3872//3650 3932//3705
f 3955//3728 3935//3708 3934//3707
f 3955//3728 3934//3707 3948//3721
f 3873//3651 3955//3728 3954//3727
f 3873//3651 3954//3727 3926//3699
f 3948//3721 3934//3707 3951//3747
f 3948//3721 3951//3747 3949//3722
f 3885//3663 3947//3720 3946//3719
f 3885//3663 3946//3719 3886//3748
f 3938//3711 3884//3662 3883//3661
f 3938//3711 3883//3661 3939//3712
f 3940//3749 3930//3703 3921//3694
f 3940//3749 3921//3694 3941//3714
f 3918//3691 3877//3655 3942//3715
f 3918//3691 3942//3715 3919//3692
f 3932//3705 3943//3716 3880//3658
f 3932//3705 3880//3658 3933//3706
f 3953//3726 3944//3717 3884//3662
f 3953//3726 3884//3662 3938//3711
f 3941//3714 3921//3694 3920//3693
f 3941//3714 3920//3693 3952//3725
f 3878//3729 3909//3731 3908//3733
f 3878//3729 3908//3733 3879//3732
f 3912//3737 3946//3736 3949//3740
f 3912//3737 3949//3740 3907//3739
f 3950//3734 3908//3733 3907//3739
f 3950//3734 3907//3739 3951//3738
f 3911//3741 3883//3743 3886//3735
f 3911//3741 3886//3735 3912//3737
f 3909//3731 3931//3730 3930//3745
f 3909//3731 3930//3745 3910//3744
f 3931//3704 3878//3750 3877//3655
f 3931//3704 3877//3655 3918//3691
f 3933//3706 3880//3658 3879//3657
f 3933//3706 3879//3657 3950//3723
f 3956//3751 3957//3752 3958//3753
f 3956//3751 3958//3753 3959//3754
f 3960//3755 3961//3756 3962//3757
f 3960//3755 3962//3757 3963//3758
f 3964//3759 3965//3760 3966//3761
f 3964//3759 3966//3761 3967//3762
f 3968//3763 3969//3764 3970//3765
f 3968//3763 3970//3765 3971//3766
f 3972//3767 3973//3768 3965//3760
f 3972//3767 3965//3760 3964//3759
f 3967//3762 3966//3761 3974//3769
f 3967//3762 3974//3769 3975//3770
f 3976//3771 3977//3772 3961//3756
f 3976//3771 3961//3756 3960//3755
f 3978//3773 3979//3774 3980//3775
f 3978//3773 3980//3775 3981//3776
f 3981//3776 3980//3775 3982//3777
f 3981//3776 3982//3777 3983//3778
f 3984//3779 3985//3780 3969//3764
f 3984//3779 3969//3764 3968//3763
f 3971//3766 3970//3765 3986//3781
f 3971//3766 3986//3781 3987//3782
f 3987//3782 3986//3781 3988//3783
f 3987//3782 3988//3783 3989//3784
f 3989//3784 3988//3783 3973//3768
f 3989//3784 3973//3768 3972//3767
f 3990//3785 3991//3786 3992//3787
f 3990//3785 3992//3787 3993//3788
f 3994//3789 3995//3790 3996//3791
f 3994//3789 3996//3791 3997//3792
f 3997//3792 3996//3791 3998//3793
f 3997//3792 3998//3793 3999//3794
f 4000//3795 4001//3796 4002//3797
f 4000//3795 4002//3797 4003//3798
f 4003//3798 4002//3797 4004//3799
f 4003//3798 4004//3799 4005//3800
f 3975//3770 3974//3769 3991//3786
f 3975//3770 3991//3786 3990//3785
f 4006//3801 4007//3802 4008//3803
f 4006//3801 4008//3803 3978//3773
f 4009//3804 4010//3805 4011//3806
f 4009//3804 4011//3806 4012//3807
f 4013//3808 4014//3809 4015//3810
f 4013//3808 4015//3810 4016//3811
f 4017//3812 4018//3813 3984//3779
f 4017//3812 3984//3779 3968//3763
f 4019//3814 4013//3808 4016//3811
f 4019//3814 4016//3811 4020//3815
f 4021//3816 4022//3817 4023//3818
f 4021//3816 4023//3818 4024//3819
f 3975//3770 4025//3820 4026//3821
f 3975//3770 4026//3821 3967//3762
f 4027//3822 4028//3823 4029//3824
f 4027//3822 4029//3824 4030//3825
f 3983//3778 3982//3777 4031//3826
f 3983//3778 4031//3826 4032//3827
f 3963//3758 4033//3828 4034//3829
f 3963//3758 4034//3829 4035//3830
f 4036//3831 4037//3832 3957//3752
f 4036//3831 3957//3752 3956//3751
f 4038//3833 4039//3834 4040//3835
f 4038//3833 4040//3835 4041//3836
f 4042//3837 4043//3838 4044//3839
f 4042//3837 4044//3839 4045//3840
f 3963//3758 3962//3757 4046//3841
f 3963//3758 4046//3841 4033//3828
f 4005//3800 4004//3799 3977//3772
f 4005//3800 3977//3772 3976//3771
f 3999//3794 3998//3793 4001//3796
f 3999//3794 4001//3796 4000//3795
f 3993//3788 3992//3787 3995//3790
f 3993//3788 3995//3790 3994//3789
f 4047//3842 4015//3810 4048//3843
f 4047//3842 4016//3811 4015//3810
f 4049//3844 4011//3806 4030//3825
f 4049//3844 4030//3825 4050//3845
f 4050//3845 4029//3824 4051//3846
f 4050//3845 4030//3825 4029//3824
f 4052//3847 4053//3848 4054//3849
f 4055//3850 3956//3751 3959//3754
f 4055//3850 4056//3851 4057//3852
f 4055//3850 4057//3852 4047//3842
f 4050//3845 4020//3815 4016//3811
f 4050//3845 4016//3811 4047//3842
f 4058//3853 4012//3807 4049//3844
f 4055//3850 3959//3754 4059//3854
f 4060//3855 4058//3853 4049//3844
f 4024//3819 4023//3818 4049//3844
f 4024//3819 4049//3844 4054//3849
f 4061//3856 4062//3857 4063//3858
f 4061//3856 4063//3858 4064//3859
f 4050//3845 4051//3846 4020//3815
f 4065//3860 4054//3849 4066//3861
f 4065//3860 4066//3861 4040//3835
f 4044//3839 4066//3861 4045//3840
f 4053//3848 4024//3819 4054//3849
f 4052//3847 4054//3849 4065//3860
f 4067//3862 4068//3863 4069//3864
f 4067//3862 4069//3864 4070//3865
f 4041//3836 4066//3861 4044//3839
f 4071//3866 4055//3850 4072//3867
f 4055//3850 4047//3842 4036//3831
f 4055//3850 4036//3831 3956//3751
f 4047//3842 4048//3843 4036//3831
f 4073//3868 4074//3869 3983//3778
f 4073//3868 3983//3778 4032//3827
f 4026//3821 4075//3870 3964//3759
f 4026//3821 3964//3759 3967//3762
f 3960//3755 4076//3871 4077//3872
f 3960//3755 4077//3872 3976//3771
f 4078//3873 4079//3874 3999//3794
f 4078//3873 3999//3794 4000//3795
f 4036//3831 4048//3843 4080//3875
f 4036//3831 4080//3875 4037//3832
f 4081//3876 4082//3877 3994//3789
f 4081//3876 3994//3789 3997//3792
f 4007//3802 4034//3829 4033//3828
f 4007//3802 4033//3828 4008//3803
f 4083//3878 4025//3820 3975//3770
f 4083//3878 3975//3770 3990//3785
f 4084//3879 4085//3880 4071//3866
f 4084//3879 4071//3866 4072//3867
f 4086//3881 4087//3882 3989//3784
f 4086//3881 3989//3784 3972//3767
f 3971//3766 4088//3883 4017//3812
f 3971//3766 4017//3812 3968//3763
f 3963//3758 4035//3830 4076//3871
f 3963//3758 4076//3871 3960//3755
f 4059//3854 3959//3754 3958//3753
f 4059//3854 3958//3753 4089//3884
f 4090//3885 4078//3873 4000//3795
f 4090//3885 4000//3795 4003//3798
f 4010//3805 4027//3822 4030//3825
f 4010//3805 4030//3825 4011//3806
f 4091//3886 4092//3886 4093//3886
f 4093//3886 4094//3886 4095//3886
f 4095//3886 4096//3886 4091//3886
f 4093//3886 4095//3886 4091//3886
f 4022//3817 4097//3887 4060//3855
f 4022//3817 4060//3855 4023//3818
f 3981//3776 4098//3888 4006//3801
f 3981//3776 4006//3801 3978//3773
f 4099//3889 4021//3816 4024//3819
f 4099//3889 4024//3819 4053//3848
f 4082//3877 4100//3890 3993//3788
f 4082//3877 3993//3788 3994//3789
f 3971//3766 3987//3782 4101//3891
f 3971//3766 4101//3891 4088//3883
f 4102//3892 4103//3893 4104//3894
f 4102//3892 4104//3894 4105//3895
f 4065//3860 4040//3835 4039//3834
f 4065//3860 4039//3834 4106//3896
f 4033//3828 4046//3841 4107//3897
f 4033//3828 4107//3897 4008//3803
f 4058//3853 4060//3855 4097//3887
f 4058//3853 4097//3887 4108//3898
f 3993//3788 4100//3890 4083//3878
f 3993//3788 4083//3878 3990//3785
f 4109//3899 4049//3844 4050//3845
f 4109//3899 4050//3845 4110//3900
f 4023//3818 4060//3855 4049//3844
f 4052//3847 4065//3860 4106//3896
f 4052//3847 4106//3896 4111//3901
f 4077//3872 4112//3902 4005//3800
f 4077//3872 4005//3800 3976//3771
f 4074//3869 4098//3888 3981//3776
f 4074//3869 3981//3776 3983//3778
f 4108//3898 4009//3804 4012//3807
f 4108//3898 4012//3807 4058//3853
f 4113//3903 4019//3814 4020//3815
f 4113//3903 4020//3815 4051//3846
f 4014//3809 4080//3875 4048//3843
f 4014//3809 4048//3843 4015//3810
f 4040//3835 4066//3861 4041//3836
f 4089//3884 4084//3879 4072//3867
f 4089//3884 4072//3867 4059//3854
f 4085//3880 4042//3837 4045//3840
f 4085//3880 4045//3840 4071//3866
f 4072//3867 4055//3850 4059//3854
f 4041//3836 4044//3839 4043//3838
f 4041//3836 4043//3838 4038//3833
f 4075//3870 4086//3881 3972//3767
f 4075//3870 3972//3767 3964//3759
f 3999//3794 4079//3874 4081//3876
f 3999//3794 4081//3876 3997//3792
f 4087//3882 4101//3891 3987//3782
f 4087//3882 3987//3782 3989//3784
f 4111//3901 4099//3889 4053//3848
f 4111//3901 4053//3848 4052//3847
f 4051//3846 4029//3824 4028//3823
f 4051//3846 4028//3823 4113//3903
f 4032//3827 4031//3826 3985//3780
f 4032//3827 3985//3780 3984//3779
f 3979//3774 3978//3773 4008//3803
f 3979//3774 4008//3803 4107//3897
f 4018//3813 4073//3868 4032//3827
f 4018//3813 4032//3827 3984//3779
f 4112//3902 4090//3885 4003//3798
f 4112//3902 4003//3798 4005//3800
f 4049//3844 4012//3807 4011//3806
f 4114//3904 4115//3905 4102//3892
f 4114//3904 4102//3892 4105//3895
f 4116//3906 4117//3907 4118//3908
f 4116//3906 4118//3908 4119//3909
f 4120//3910 4066//3861 4054//3849
f 4120//3910 4054//3849 4121//3911
f 4122//3912 4123//3913 4124//3914
f 4122//3912 4124//3914 4125//3915
f 4121//3911 4054//3849 4049//3844
f 4121//3911 4049//3844 4109//3899
f 4126//3916 4061//3856 4064//3859
f 4126//3916 4064//3859 4127//3917
f 4066//3861 4120//3910 4056//3851
f 4066//3861 4056//3851 4055//3850
f 4068//3863 4128//3918 4129//3919
f 4068//3863 4129//3919 4069//3864
f 4130//3920 4131//3921 4132//3922
f 4130//3920 4132//3922 4133//3923
f 4110//3900 4050//3845 4047//3842
f 4110//3900 4047//3842 4057//3852
f 4117//3907 4134//3924 4135//3925
f 4117//3907 4135//3925 4118//3908
f 4125//3915 4136//3926 4137//3927
f 4125//3915 4137//3927 4122//3912
f 4131//3921 4138//3928 4139//3929
f 4131//3921 4139//3929 4132//3922
f 4045//3840 4066//3861 4055//3850
f 4045//3840 4055//3850 4071//3866
f 4062//3930 4115//3931 4093//3932
f 4126//3916 4120//3910 4103//3893
f 4127//3917 4116//3906 4056//3851
f 4119//3909 4139//3929 4057//3852
f 4128//3918 4137//3927 4109//3899
f 4138//3928 4129//3919 4110//3900
f 4104//3894 4121//3911 4136//3926
f 4063//3933 4092//3934 4134//3935
f 4070//3936 4130//3937 4096//3938
f 4135//3939 4091//3940 4133//3941
f 4095//3942 4123//3943 4067//3944
f 4094//3945 4114//3946 4124//3947
f 4075//3870 4111//3901 4106//3896
f 4075//3870 4106//3896 4086//3881
f 4074//3869 4089//3884 3958//3753
f 4074//3869 3958//3753 4098//3888
f 4088//3883 4043//3838 4042//3837
f 4088//3883 4042//3837 4017//3812
f 4035//3830 4014//3809 4013//3808
f 4035//3830 4013//3808 4076//3871
f 4090//3885 4028//3823 4027//3822
f 4090//3885 4027//3822 4078//3873
f 4082//3877 4108//3898 4097//3887
f 4082//3877 4097//3887 4100//3890
f 4026//3821 4099//3889 4111//3901
f 4026//3821 4111//3901 4075//3870
f 3957//3752 4006//3801 4098//3888
f 3957//3752 4098//3888 3958//3753
f 4073//3868 4084//3879 4089//3884
f 4073//3868 4089//3884 4074//3869
f 4101//3891 4038//3833 4043//3838
f 4101//3891 4043//3838 4088//3883
f 4034//3829 4080//3875 4014//3809
f 4034//3829 4014//3809 4035//3830
f 4112//3902 4113//3903 4028//3823
f 4112//3902 4028//3823 4090//3885
f 4081//3876 4009//3804 4108//3898
f 4081//3876 4108//3898 4082//3877
f 4025//3820 4021//3816 4099//3889
f 4025//3820 4099//3889 4026//3821
f 4077//3872 4019//3814 4113//3903
f 4077//3872 4113//3903 4112//3902
f 4087//3882 4039//3834 4038//3833
f 4087//3882 4038//3833 4101//3891
f 4018//3813 4085//3880 4084//3879
f 4018//3813 4084//3879 4073//3868
f 4007//3802 4037//3832 4080//3875
f 4007//3802 4080//3875 4034//3829
f 4079//3874 4010//3805 4009//3804
f 4079//3874 4009//3804 4081//3876
f 4086//3881 4106//3896 4039//3834
f 4086//3881 4039//3834 4087//3882
f 4083//3878 4022//3817 4021//3816
f 4083//3878 4021//3816 4025//3820
f 4017//3812 4042//3837 4085//3880
f 4017//3812 4085//3880 4018//3813
f 4076//3871 4013//3808 4019//3814
f 4076//3871 4019//3814 4077//3872
f 4078//3873 4027//3822 4010//3805
f 4078//3873 4010//3805 4079//3874
f 4022//3817 4083//3878 4100//3890
f 4022//3817 4100//3890 4097//3887
f 4006//3801 3957//3752 4037//3832
f 4006//3801 4037//3832 4007//3802
f 4123//3943 4095//3942 4094//3945
f 4123//3943 4094//3945 4124//3947
f 4127//3917 4056//3851 4120//3910
f 4127//3917 4120//3910 4126//3916
f 4131//3921 4069//3864 4129//3919
f 4131//3921 4129//3919 4138//3928
f 4110//3900 4129//3919 4128//3918
f 4110//3900 4128//3918 4109//3899
f 4121//3911 4104//3894 4103//3893
f 4121//3911 4103//3893 4120//3910
f 4109//3899 4137//3927 4136//3926
f 4109//3899 4136//3926 4121//3911
f 4119//3909 4057//3852 4056//3851
f 4119//3909 4056//3851 4116//3906
f 4139//3929 4119//3909 4118//3908
f 4139//3929 4118//3908 4132//3922
f 4057//3852 4139//3929 4138//3928
f 4057//3852 4138//3928 4110//3900
f 4132//3922 4118//3908 4135//3948
f 4132//3922 4135//3948 4133//3923
f 4069//3864 4131//3921 4130//3920
f 4069//3864 4130//3920 4070//3949
f 4122//3912 4068//3863 4067//3862
f 4122//3912 4067//3862 4123//3913
f 4124//3950 4114//3904 4105//3895
f 4124//3950 4105//3895 4125//3915
f 4102//3892 4061//3856 4126//3916
f 4102//3892 4126//3916 4103//3893
f 4116//3906 4127//3917 4064//3859
f 4116//3906 4064//3859 4117//3907
f 4137//3927 4128//3918 4068//3863
f 4137//3927 4068//3863 4122//3912
f 4125//3915 4105//3895 4104//3894
f 4125//3915 4104//3894 4136//3926
f 4062//3930 4093//3932 4092//3934
f 4062//3930 4092//3934 4063//3933
f 4096//3938 4130//3937 4133//3941
f 4096//3938 4133//3941 4091//3940
f 4134//3935 4092//3934 4091//3940
f 4134//3935 4091//3940 4135//3939
f 4095//3942 4067//3944 4070//3936
f 4095//3942 4070//3936 4096//3938
f 4093//3932 4115//3931 4114//3946
f 4093//3932 4114//3946 4094//3945
f 4115//3905 4062//3951 4061//3856
f 4115//3905 4061//3856 4102//3892
f 4117//3907 4064//3859 4063//3858
f 4117//3907 4063//3858 4134//3924
f 4140//3952 4141//3953 4142//3954
f 4140//3952 4142//3954 4143//3955
f 4144//3956 4145//3957 4146//3958
f 4144//3956 4146//3958 4147//3959
f 4148//3960 4149//3961 4150//3962
f 4148//3960 4150//3962 4151//3963
f 4152//3964 4153//3965 4154//3966
f 4152//3964 4154//3966 4155//3967
f 4156//3968 4157//3969 4149//3961
f 4156//3968 4149//3961 4148//3960
f 4151//3963 4150//3962 4158//3970
f 4151//3963 4158//3970 4159//3971
f 4160//3972 4161//3973 4145//3957
f 4160//3972 4145//3957 4144//3956
f 4162//3974 4163//3975 4164//3976
f 4162//3974 4164//3976 4165//3977
f 4165//3977 4164//3976 4166//3978
f 4165//3977 4166//3978 4167//3979
f 4168//3980 4169//3981 4153//3965
f 4168//3980 4153//3965 4152//3964
f 4155//3967 4154//3966 4170//3982
f 4155//3967 4170//3982 4171//3983
f 4171//3983 4170//3982 4172//3984
f 4171//3983 4172//3984 4173//3985
f 4173//3985 4172//3984 4157//3969
f 4173//3985 4157//3969 4156//3968
f 4174//3986 4175//3987 4176//3988
f 4174//3986 4176//3988 4177//3989
f 4178//3990 4179//3991 4180//3992
f 4178//3990 4180//3992 4181//3993
f 4181//3993 4180//3992 4182//3994
f 4181//3993 4182//3994 4183//3995
f 4184//3996 4185//3997 4186//3998
f 4184//3996 4186//3998 4187//3999
f 4187//3999 4186//3998 4188//4000
f 4187//3999 4188//4000 4189//4001
f 4159//3971 4158//3970 4175//3987
f 4159//3971 4175//3987 4174//3986
f 4190//4002 4191//4003 4192//4004
f 4190//4002 4192//4004 4162//3974
f 4193//4005 4194//4006 4195//4007
f 4193//4005 4195//4007 4196//4008
f 4197//4009 4198//4010 4199//4011
f 4197//4009 4199//4011 4200//4012
f 4201//4013 4202//4014 4168//3980
f 4201//4013 4168//3980 4152//3964
f 4203//4015 4197//4009 4200//4012
f 4203//4015 4200//4012 4204//4016
f 4205//4017 4206//4018 4207//4019
f 4205//4017 4207//4019 4208//4020
f 4159//3971 4209//4021 4210//4022
f 4159//3971 4210//4022 4151//3963
f 4211//4023 4212//4024 4213//4025
f 4211//4023 4213//4025 4214//4026
f 4167//3979 4166//3978 4215//4027
f 4167//3979 4215//4027 4216//4028
f 4147//3959 4217//4029 4218//4030
f 4147//3959 4218//4030 4219//4031
f 4220//4032 4221//4033 4141//3953
f 4220//4032 4141//3953 4140//3952
f 4222//4034 4223//4035 4224//4036
f 4222//4034 4224//4036 4225//4037
f 4226//4038 4227//4039 4228//4040
f 4226//4038 4228//4040 4229//4041
f 4147//3959 4146//3958 4230//4042
f 4147//3959 4230//4042 4217//4029
f 4189//4001 4188//4000 4161//3973
f 4189//4001 4161//3973 4160//3972
f 4183//3995 4182//3994 4185//3997
f 4183//3995 4185//3997 4184//3996
f 4177//3989 4176//3988 4179//3991
f 4177//3989 4179//3991 4178//3990
f 4231//4043 4199//4011 4232//4044
f 4231//4043 4200//4012 4199//4011
f 4233//4045 4195//4007 4214//4026
f 4233//4045 4214//4026 4234//4046
f 4234//4046 4213//4025 4235//4047
f 4234//4046 4214//4026 4213//4025
f 4236//4048 4237//4049 4238//4050
f 4239//4051 4140//3952 4143//3955
f 4239//4051 4240//4052 4241//4053
f 4239//4051 4241//4053 4231//4043
f 4234//4046 4204//4016 4200//4012
f 4234//4046 4200//4012 4231//4043
f 4242//4054 4196//4008 4233//4045
f 4239//4051 4143//3955 4243//4055
f 4244//4056 4242//4054 4233//4045
f 4208//4020 4207//4019 4233//4045
f 4208//4020 4233//4045 4238//4050
f 4245//4057 4246//4058 4247//4059
f 4245//4057 4247//4059 4248//4060
f 4234//4046 4235//4047 4204//4016
f 4249//4061 4238//4050 4250//4062
f 4249//4061 4250//4062 4224//4036
f 4228//4040 4250//4062 4229//4041
f 4237//4049 4208//4020 4238//4050
f 4236//4048 4238//4050 4249//4061
f 4251//4063 4252//4064 4253//4065
f 4251//4063 4253//4065 4254//4066
f 4225//4037 4250//4062 4228//4040
f 4255//4067 4239//4051 4256//4068
f 4239//4051 4231//4043 4220//4032
f 4239//4051 4220//4032 4140//3952
f 4231//4043 4232//4044 4220//4032
f 4257//4069 4258//4070 4167//3979
f 4257//4069 4167//3979 4216//4028
f 4210//4022 4259//4071 4148//3960
f 4210//4022 4148//3960 4151//3963
f 4144//3956 4260//4072 4261//4073
f 4144//3956 4261//4073 4160//3972
f 4262//4074 4263//4075 4183//3995
f 4262//4074 4183//3995 4184//3996
f 4220//4032 4232//4044 4264//4076
f 4220//4032 4264//4076 4221//4033
f 4265//4077 4266//4078 4178//3990
f 4265//4077 4178//3990 4181//3993
f 4191//4003 4218//4030 4217//4029
f 4191//4003 4217//4029 4192//4004
f 4267//4079 4209//4021 4159//3971
f 4267//4079 4159//3971 4174//3986
f 4268//4080 4269//4081 4255//4067
f 4268//4080 4255//4067 4256//4068
f 4270//4082 4271//4083 4173//3985
f 4270//4082 4173//3985 4156//3968
f 4155//3967 4272//4084 4201//4013
f 4155//3967 4201//4013 4152//3964
f 4147//3959 4219//4031 4260//4072
f 4147//3959 4260//4072 4144//3956
f 4243//4055 4143//3955 4142//3954
f 4243//4055 4142//3954 4273//4085
f 4274//4086 4262//4074 4184//3996
f 4274//4086 4184//3996 4187//3999
f 4194//4006 4211//4023 4214//4026
f 4194//4006 4214//4026 4195//4007
f 4275//4087 4276//4087 4277//4087
f 4277//4087 4278//4087 4279//4087
f 4279//4087 4280//4087 4275//4087
f 4277//4087 4279//4087 4275//4087
f 4206//4018 4281//4088 4244//4056
f 4206//4018 4244//4056 4207//4019
f 4165//3977 4282//4089 4190//4002
f 4165//3977 4190//4002 4162//3974
f 4283//4090 4205//4017 4208//4020
f 4283//4090 4208//4020 4237//4049
f 4266//4078 4284//4091 4177//3989
f 4266//4078 4177//3989 4178//3990
f 4155//3967 4171//3983 4285//4092
f 4155//3967 4285//4092 4272//4084
f 4286//4093 4287//4094 4288//4095
f 4286//4093 4288//4095 4289//4096
f 4249//4061 4224//4036 4223//4035
f 4249//4061 4223//4035 4290//4097
f 4217//4029 4230//4042 4291//4098
f 4217//4029 4291//4098 4192//4004
f 4242//4054 4244//4056 4281//4088
f 4242//4054 4281//4088 4292//4099
f 4177//3989 4284//4091 4267//4079
f 4177//3989 4267//4079 4174//3986
f 4293//4100 4233//4045 4234//4046
f 4293//4100 4234//4046 4294//4101
f 4207//4019 4244//4056 4233//4045
f 4236//4048 4249//4061 4290//4097
f 4236//4048 4290//4097 4295//4102
f 4261//4073 4296//4103 4189//4001
f 4261//4073 4189//4001 4160//3972
f 4258//4070 4282//4089 4165//3977
f 4258//4070 4165//3977 4167//3979
f 4292//4099 4193//4005 4196//4008
f 4292//4099 4196//4008 4242//4054
f 4297//4104 4203//4015 4204//4016
f 4297//4104 4204//4016 4235//4047
f 4198//4010 4264//4076 4232//4044
f 4198//4010 4232//4044 4199//4011
f 4224//4036 4250//4062 4225//4037
f 4273//4085 4268//4080 4256//4068
f 4273//4085 4256//4068 4243//4055
f 4269//4081 4226//4038 4229//4041
f 4269//4081 4229//4041 4255//4067
f 4256//4068 4239//4051 4243//4055
f 4225//4037 4228//4040 4227//4039
f 4225//4037 4227//4039 4222//4034
f 4259//4071 4270//4082 4156//3968
f 4259//4071 4156//3968 4148//3960
f 4183//3995 4263//4075 4265//4077
f 4183//3995 4265//4077 4181//3993
f 4271//4083 4285//4092 4171//3983
f 4271//4083 4171//3983 4173//3985
f 4295//4102 4283//4090 4237//4049
f 4295//4102 4237//4049 4236//4048
f 4235//4047 4213//4025 4212//4024
f 4235//4047 4212//4024 4297//4104
f 4216//4028 4215//4027 4169//3981
f 4216//4028 4169//3981 4168//3980
f 4163//3975 4162//3974 4192//4004
f 4163//3975 4192//4004 4291//4098
f 4202//4014 4257//4069 4216//4028
f 4202//4014 4216//4028 4168//3980
f 4296//4103 4274//4086 4187//3999
f 4296//4103 4187//3999 4189//4001
f 4233//4045 4196//4008 4195//4007
f 4298//4105 4299//4106 4286//4093
f 4298//4105 4286//4093 4289//4096
f 4300//4107 4301//4108 4302//4109
f 4300//4107 4302//4109 4303//4110
f 4304//4111 4250//4062 4238//4050
f 4304//4111 4238//4050 4305//4112
f 4306//4113 4307//4114 4308//4115
f 4306//4113 4308//4115 4309//4116
f 4305//4112 4238//4050 4233//4045
f 4305//4112 4233//4045 4293//4100
f 4310//4117 4245//4057 4248//4060
f 4310//4117 4248//4060 4311//4118
f 4250//4062 4304//4111 4240//4052
f 4250//4062 4240//4052 4239//4051
f 4252//4064 4312//4119 4313//4120
f 4252//4064 4313//4120 4253//4065
f 4314//4121 4315//4122 4316//4123
f 4314//4121 4316//4123 4317//4124
f 4294//4101 4234//4046 4231//4043
f 4294//4101 4231//4043 4241//4053
f 4301//4108 4318//4125 4319//4126
f 4301//4108 4319//4126 4302//4109
f 4309//4116 4320//4127 4321//4128
f 4309//4116 4321//4128 4306//4113
f 4315//4122 4322//4129 4323//4130
f 4315//4122 4323//4130 4316//4123
f 4229//4041 4250//4062 4239//4051
f 4229//4041 4239//4051 4255//4067
f 4246//4131 4299//4132 4277//4133
f 4310//4117 4304//4111 4287//4094
f 4311//4118 4300//4107 4240//4052
f 4303//4110 4323//4130 4241//4053
f 4312//4119 4321//4128 4293//4100
f 4322//4129 4313//4120 4294//4101
f 4288//4095 4305//4112 4320//4127
f 4247//4134 4276//4135 4318//4136
f 4254//4137 4314//4138 4280//4139
f 4319//4140 4275//4141 4317//4142
f 4279//4143 4307//4144 4251//4145
f 4278//4146 4298//4147 4308//4148
f 4259//4071 4295//4102 4290//4097
f 4259//4071 4290//4097 4270//4082
f 4258//4070 4273//4085 4142//3954
f 4258//4070 4142//3954 4282//4089
f 4272//4084 4227//4039 4226//4038
f 4272//4084 4226//4038 4201//4013
f 4219//4031 4198//4010 4197//4009
f 4219//4031 4197//4009 4260//4072
f 4274//4086 4212//4024 4211//4023
f 4274//4086 4211//4023 4262//4074
f 4266//4078 4292//4099 4281//4088
f 4266//4078 4281//4088 4284//4091
f 4210//4022 4283//4090 4295//4102
f 4210//4022 4295//4102 4259//4071
f 4141//3953 4190//4002 4282//4089
f 4141//3953 4282//4089 4142//3954
f 4257//4069 4268//4080 4273//4085
f 4257//4069 4273//4085 4258//4070
f 4285//4092 4222//4034 4227//4039
f 4285//4092 4227//4039 4272//4084
f 4218//4030 4264//4076 4198//4010
f 4218//4030 4198//4010 4219//4031
f 4296//4103 4297//4104 4212//4024
f 4296//4103 4212//4024 4274//4086
f 4265//4077 4193//4005 4292//4099
f 4265//4077 4292//4099 4266//4078
f 4209//4021 4205//4017 4283//4090
f 4209//4021 4283//4090 4210//4022
f 4261//4073 4203//4015 4297//4104
f 4261//4073 4297//4104 4296//4103
f 4271//4083 4223//4035 4222//4034
f 4271//4083 4222//4034 4285//4092
f 4202//4014 4269//4081 4268//4080
f 4202//4014 4268//4080 4257//4069
f 4191//4003 4221//4033 4264//4076
f 4191//4003 4264//4076 4218//4030
f 4263//4075 4194//4006 4193//4005
f 4263//4075 4193//4005 4265//4077
f 4270//4082 4290//4097 4223//4035
f 4270//4082 4223//4035 4271//4083
f 4267//4079 4206//4018 4205//4017
f 4267//4079 4205//4017 4209//4021
f 4201//4013 4226//4038 4269//4081
f 4201//4013 4269//4081 4202//4014
f 4260//4072 4197//4009 4203//4015
f 4260//4072 4203//4015 4261//4073
f 4262//4074 4211//4023 4194//4006
f 4262//4074 4194//4006 4263//4075
f 4206//4018 4267//4079 4284//4091
f 4206//4018 4284//4091 4281//4088
f 4190//4002 4141//3953 4221//4033
f 4190//4002 4221//4033 4191//4003
f 4307//4144 4279//4143 4278//4146
f 4307//4144 4278//4146 4308//4148
f 4311//4118 4240//4052 4304//4111
f 4311//4118 4304//4111 4310//4117
f 4315//4122 4253//4065 4313//4120
f 4315//4122 4313//4120 4322//4129
f 4294//4101 4313//4120 4312//4119
f 4294//4101 4312//4119 4293//4100
f 4305//4112 4288//4095 4287//4094
f 4305//4112 4287//4094 4304//4111
f 4293//4100 4321//4128 4320//4127
f 4293//4100 4320//4127 4305//4112
f 4303//4110 4241//4053 4240//4052
f 4303//4110 4240//4052 4300//4107
f 4323//4130 4303//4110 4302//4109
f 4323//4130 4302//4109 4316//4123
f 4241//4053 4323//4130 4322//4129
f 4241//4053 4322//4129 4294//4101
f 4316//4123 4302//4109 4319//4149
f 4316//4123 4319//4149 4317//4124
f 4253//4065 4315//4122 4314//4121
f 4253//4065 4314//4121 4254//4150
f 4306//4113 4252//4064 4251//4063
f 4306//4113 4251//4063 4307//4114
f 4308//4151 4298//4105 4289//4096
f 4308//4151 4289//4096 4309//4116
f 4286//4093 4245//4057 4310//4117
f 4286//4093 4310//4117 4287//4094
f 4300//4107 4311//4118 4248//4060
f 4300//4107 4248//4060 4301//4108
f 4321//4128 4312//4119 4252//4064
f 4321//4128 4252//4064 4306//4113
f 4309//4116 4289//4096 4288//4095
f 4309//4116 4288//4095 4320//4127
f 4246//4131 4277//4133 4276//4135
f 4246//4131 4276//4135 4247//4134
f 4280//4139 4314//4138 4317//4142
f 4280//4139 4317//4142 4275//4141
f 4318//4136 4276//4135 4275//4141
f 4318//4136 4275//4141 4319//4140
f 4279//4143 4251//4145 4254//4137
f 4279//4143 4254//4137 4280//4139
f 4277//4133 4299//4132 4298//4147
f 4277//4133 4298//4147 4278//4146
f 4299//4106 4246//4152 4245//4057
f 4299//4106 4245//4057 4286//4093
f 4301//4108 4248//4060 4247//4059
f 4301//4108 4247//4059 4318//4125
f 4324//4153 4325//4154 4326//4155
f 4324//4153 4326//4155 4327//4156
f 4328//4157 4329//4158 4330//4159
f 4328//4157 4330//4159 4331//4160
f 4332//4161 4333//4162 4334//4163
f 4332//4161 4334//4163 4335//4164
f 4336//4165 4337//4166 4338//4167
f 4336//4165 4338//4167 4339//4168
f 4340//4169 4341//4170 4333//4162
f 4340//4169 4333//4162 4332//4161
f 4335//4164 4334//4163 4342//4171
f 4335//4164 4342//4171 4343//4172
f 4344//4173 4345//4174 4329//4158
f 4344//4173 4329//4158 4328//4157
f 4346//4175 4347//4176 4348//4177
f 4346//4175 4348//4177 4349//4178
f 4349//4178 4348//4177 4350//4179
f 4349//4178 4350//4179 4351//4180
f 4352//4181 4353//4182 4337//4166
f 4352//4181 4337//4166 4336//4165
f 4339//4168 4338//4167 4354//4183
f 4339//4168 4354//4183 4355//4184
f 4355//4184 4354//4183 4356//4185
f 4355//4184 4356//4185 4357//4186
f 4357//4186 4356//4185 4341//4170
f 4357//4186 4341//4170 4340//4169
f 4358//4187 4359//4188 4360//4189
f 4358//4187 4360//4189 4361//4190
f 4362//4191 4363//4192 4364//4193
f 4362//4191 4364//4193 4365//4194
f 4365//4194 4364//4193 4366//4195
f 4365//4194 4366//4195 4367//4196
f 4368//4197 4369//4198 4370//4199
f 4368//4197 4370//4199 4371//4200
f 4371//4200 4370//4199 4372//4201
f 4371//4200 4372//4201 4373//4202
f 4343//4172 4342//4171 4359//4188
f 4343//4172 4359//4188 4358//4187
f 4374//4203 4375//4204 4376//4205
f 4374//4203 4376//4205 4346//4175
f 4377//4206 4378//4207 4379//4208
f 4377//4206 4379//4208 4380//4209
f 4381//4210 4382//4211 4383//4212
f 4381//4210 4383//4212 4384//4213
f 4385//4214 4386//4215 4352//4181
f 4385//4214 4352//4181 4336//4165
f 4387//4216 4381//4210 4384//4213
f 4387//4216 4384//4213 4388//4217
f 4389//4218 4390//4219 4391//4220
f 4389//4218 4391//4220 4392//4221
f 4343//4172 4393//4222 4394//4223
f 4343//4172 4394//4223 4335//4164
f 4395//4224 4396//4225 4397//4226
f 4395//4224 4397//4226 4398//4227
f 4351//4180 4350//4179 4399//4228
f 4351//4180 4399//4228 4400//4229
f 4331//4160 4401//4230 4402//4231
f 4331//4160 4402//4231 4403//4232
f 4404//4233 4405//4234 4325//4154
f 4404//4233 4325//4154 4324//4153
f 4406//4235 4407//4236 4408//4237
f 4406//4235 4408//4237 4409//4238
f 4410//4239 4411//4240 4412//4241
f 4410//4239 4412//4241 4413//4242
f 4331//4160 4330//4159 4414//4243
f 4331//4160 4414//4243 4401//4230
f 4373//4202 4372//4201 4345//4174
f 4373//4202 4345//4174 4344//4173
f 4367//4196 4366//4195 4369//4198
f 4367//4196 4369//4198 4368//4197
f 4361//4190 4360//4189 4363//4192
f 4361//4190 4363//4192 4362//4191
f 4415//4244 4383//4212 4416//4245
f 4415//4244 4384//4213 4383//4212
f 4417//4246 4379//4208 4398//4227
f 4417//4246 4398//4227 4418//4247
f 4418//4247 4397//4226 4419//4248
f 4418//4247 4398//4227 4397//4226
f 4420//4249 4421//4250 4422//4251
f 4423//4252 4324//4153 4327//4156
f 4423//4252 4424//4253 4425//4254
f 4423//4252 4425//4254 4415//4244
f 4418//4247 4388//4217 4384//4213
f 4418//4247 4384//4213 4415//4244
f 4426//4255 4380//4209 4417//4246
f 4423//4252 4327//4156 4427//4256
f 4428//4257 4426//4255 4417//4246
f 4392//4221 4391//4220 4417//4246
f 4392//4221 4417//4246 4422//4251
f 4429//4258 4430//4259 4431//4260
f 4429//4258 4431//4260 4432//4261
f 4418//4247 4419//4248 4388//4217
f 4433//4262 4422//4251 4434//4263
f 4433//4262 4434//4263 4408//4237
f 4412//4241 4434//4263 4413//4242
f 4421//4250 4392//4221 4422//4251
f 4420//4249 4422//4251 4433//4262
f 4435//4264 4436//4265 4437//4266
f 4435//4264 4437//4266 4438//4267
f 4409//4238 4434//4263 4412//4241
f 4439//4268 4423//4252 4440//4269
f 4423//4252 4415//4244 4404//4233
f 4423//4252 4404//4233 4324//4153
f 4415//4244 4416//4245 4404//4233
f 4441//4270 4442//4271 4351//4180
f 4441//4270 4351//4180 4400//4229
f 4394//4223 4443//4272 4332//4161
f 4394//4223 4332//4161 4335//4164
f 4328//4157 4444//4273 4445//4274
f 4328//4157 4445//4274 4344//4173
f 4446//4275 4447//4276 4367//4196
f 4446//4275 4367//4196 4368//4197
f 4404//4233 4416//4245 4448//4277
f 4404//4233 4448//4277 4405//4234
f 4449//4278 4450//4279 4362//4191
f 4449//4278 4362//4191 4365//4194
f 4375//4204 4402//4231 4401//4230
f 4375//4204 4401//4230 4376//4205
f 4451//4280 4393//4222 4343//4172
f 4451//4280 4343//4172 4358//4187
f 4452//4281 4453//4282 4439//4268
f 4452//4281 4439//4268 4440//4269
f 4454//4283 4455//4284 4357//4186
f 4454//4283 4357//4186 4340//4169
f 4339//4168 4456//4285 4385//4214
f 4339//4168 4385//4214 4336//4165
f 4331//4160 4403//4232 4444//4273
f 4331//4160 4444//4273 4328//4157
f 4427//4256 4327//4156 4326//4155
f 4427//4256 4326//4155 4457//4286
f 4458//4287 4446//4275 4368//4197
f 4458//4287 4368//4197 4371//4200
f 4378//4207 4395//4224 4398//4227
f 4378//4207 4398//4227 4379//4208
f 4459//4288 4460//4288 4461//4288
f 4461//4288 4462//4288 4463//4288
f 4463//4288 4464//4288 4459//4288
f 4461//4288 4463//4288 4459//4288
f 4390//4219 4465//4289 4428//4257
f 4390//4219 4428//4257 4391//4220
f 4349//4178 4466//4290 4374//4203
f 4349//4178 4374//4203 4346//4175
f 4467//4291 4389//4218 4392//4221
f 4467//4291 4392//4221 4421//4250
f 4450//4279 4468//4292 4361//4190
f 4450//4279 4361//4190 4362//4191
f 4339//4168 4355//4184 4469//4293
f 4339//4168 4469//4293 4456//4285
f 4470//4294 4471//4295 4472//4296
f 4470//4294 4472//4296 4473//4297
f 4433//4262 4408//4237 4407//4236
f 4433//4262 4407//4236 4474//4298
f 4401//4230 4414//4243 4475//4299
f 4401//4230 4475//4299 4376//4205
f 4426//4255 4428//4257 4465//4289
f 4426//4255 4465//4289 4476//4300
f 4361//4190 4468//4292 4451//4280
f 4361//4190 4451//4280 4358//4187
f 4477//4301 4417//4246 4418//4247
f 4477//4301 4418//4247 4478//4302
f 4391//4220 4428//4257 4417//4246
f 4420//4249 4433//4262 4474//4298
f 4420//4249 4474//4298 4479//4303
f 4445//4274 4480//4304 4373//4202
f 4445//4274 4373//4202 4344//4173
f 4442//4271 4466//4290 4349//4178
f 4442//4271 4349//4178 4351//4180
f 4476//4300 4377//4206 4380//4209
f 4476//4300 4380//4209 4426//4255
f 4481//4305 4387//4216 4388//4217
f 4481//4305 4388//4217 4419//4248
f 4382//4211 4448//4277 4416//4245
f 4382//4211 4416//4245 4383//4212
f 4408//4237 4434//4263 4409//4238
f 4457//4286 4452//4281 4440//4269
f 4457//4286 4440//4269 4427//4256
f 4453//4282 4410//4239 4413//4242
f 4453//4282 4413//4242 4439//4268
f 4440//4269 4423//4252 4427//4256
f 4409//4238 4412//4241 4411//4240
f 4409//4238 4411//4240 4406//4235
f 4443//4272 4454//4283 4340//4169
f 4443//4272 4340//4169 4332//4161
f 4367//4196 4447//4276 4449//4278
f 4367//4196 4449//4278 4365//4194
f 4455//4284 4469//4293 4355//4184
f 4455//4284 4355//4184 4357//4186
f 4479//4303 4467//4291 4421//4250
f 4479//4303 4421//4250 4420//4249
f 4419//4248 4397//4226 4396//4225
f 4419//4248 4396//4225 4481//4305
f 4400//4229 4399//4228 4353//4182
f 4400//4229 4353//4182 4352//4181
f 4347//4176 4346//4175 4376//4205
f 4347//4176 4376//4205 4475//4299
f 4386//4215 4441//4270 4400//4229
f 4386//4215 4400//4229 4352//4181
f 4480//4304 4458//4287 4371//4200
f 4480//4304 4371//4200 4373//4202
f 4417//4246 4380//4209 4379//4208
f 4482//4306 4483//4307 4470//4294
f 4482//4306 4470//4294 4473//4297
f 4484//4308 4485//4309 4486//4310
f 4484//4308 4486//4310 4487//4311
f 4488//4312 4434//4263 4422//4251
f 4488//4312 4422//4251 4489//4313
f 4490//4314 4491//4315 4492//4316
f 4490//4314 4492//4316 4493//4317
f 4489//4313 4422//4251 4417//4246
f 4489//4313 4417//4246 4477//4301
f 4494//4318 4429//4258 4432//4261
f 4494//4318 4432//4261 4495//4319
f 4434//4263 4488//4312 4424//4253
f 4434//4263 4424//4253 4423//4252
f 4436//4265 4496//4320 4497//4321
f 4436//4265 4497//4321 4437//4266
f 4498//4322 4499//4323 4500//4324
f 4498//4322 4500//4324 4501//4325
f 4478//4302 4418//4247 4415//4244
f 4478//4302 4415//4244 4425//4254
f 4485//4309 4502//4326 4503//4327
f 4485//4309 4503//4327 4486//4310
f 4493//4317 4504//4328 4505//4329
f 4493//4317 4505//4329 4490//4314
f 4499//4323 4506//4330 4507//4331
f 4499//4323 4507//4331 4500//4324
f 4413//4242 4434//4263 4423//4252
f 4413//4242 4423//4252 4439//4268
f 4430//4332 4483//4333 4461//4334
f 4494//4318 4488//4312 4471//4295
f 4495//4319 4484//4308 4424//4253
f 4487//4311 4507//4331 4425//4254
f 4496//4320 4505//4329 4477//4301
f 4506//4330 4497//4321 4478//4302
f 4472//4296 4489//4313 4504//4328
f 4431//4335 4460//4336 4502//4337
f 4438//4338 4498//4339 4464//4340
f 4503//4341 4459//4342 4501//4343
f 4463//4344 4491//4345 4435//4346
f 4462//4347 4482//4348 4492//4349
f 4443//4272 4479//4303 4474//4298
f 4443//4272 4474//4298 4454//4283
f 4442//4271 4457//4286 4326//4155
f 4442//4271 4326//4155 4466//4290
f 4456//4285 4411//4240 4410//4239
f 4456//4285 4410//4239 4385//4214
f 4403//4232 4382//4211 4381//4210
f 4403//4232 4381//4210 4444//4273
f 4458//4287 4396//4225 4395//4224
f 4458//4287 4395//4224 4446//4275
f 4450//4279 4476//4300 4465//4289
f 4450//4279 4465//4289 4468//4292
f 4394//4223 4467//4291 4479//4303
f 4394//4223 4479//4303 4443//4272
f 4325//4154 4374//4203 4466//4290
f 4325//4154 4466//4290 4326//4155
f 4441//4270 4452//4281 4457//4286
f 4441//4270 4457//4286 4442//4271
f 4469//4293 4406//4235 4411//4240
f 4469//4293 4411//4240 4456//4285
f 4402//4231 4448//4277 4382//4211
f 4402//4231 4382//4211 4403//4232
f 4480//4304 4481//4305 4396//4225
f 4480//4304 4396//4225 4458//4287
f 4449//4278 4377//4206 4476//4300
f 4449//4278 4476//4300 4450//4279
f 4393//4222 4389//4218 4467//4291
f 4393//4222 4467//4291 4394//4223
f 4445//4274 4387//4216 4481//4305
f 4445//4274 4481//4305 4480//4304
f 4455//4284 4407//4236 4406//4235
f 4455//4284 4406//4235 4469//4293
f 4386//4215 4453//4282 4452//4281
f 4386//4215 4452//4281 4441//4270
f 4375//4204 4405//4234 4448//4277
f 4375//4204 4448//4277 4402//4231
f 4447//4276 4378//4207 4377//4206
f 4447//4276 4377//4206 4449//4278
f 4454//4283 4474//4298 4407//4236
f 4454//4283 4407//4236 4455//4284
f 4451//4280 4390//4219 4389//4218
f 4451//4280 4389//4218 4393//4222
f 4385//4214 4410//4239 4453//4282
f 4385//4214 4453//4282 4386//4215
f 4444//4273 4381//4210 4387//4216
f 4444//4273 4387//4216 4445//4274
f 4446//4275 4395//4224 4378//4207
f 4446//4275 4378//4207 4447//4276
f 4390//4219 4451//4280 4468//4292
f 4390//4219 4468//4292 4465//4289
f 4374//4203 4325//4154 4405//4234
f 4374//4203 4405//4234 4375//4204
f 4491//4345 4463//4344 4462//4347
f 4491//4345 4462//4347 4492//4349
f 4495//4319 4424//4253 4488//4312
f 4495//4319 4488//4312 4494//4318
f 4499//4323 4437//4266 4497//4321
f 4499//4323 4497//4321 4506//4330
f 4478//4302 4497//4321 4496//4320
f 4478//4302 4496//4320 4477//4301
f 4489//4313 4472//4296 4471//4295
f 4489//4313 4471//4295 4488//4312
f 4477//4301 4505//4329 4504//4328
f 4477//4301 4504//4328 4489//4313
f 4487//4311 4425//4254 4424//4253
f 4487//4311 4424//4253 4484//4308
f 4507//4331 4487//4311 4486//4310
f 4507//4331 4486//4310 4500//4324
f 4425//4254 4507//4331 4506//4330
f 4425//4254 4506//4330 4478//4302
f 4500//4324 4486//4310 4503//4350
f 4500//4324 4503//4350 4501//4325
f 4437//4266 4499//4323 4498//4322
f 4437//4266 4498//4322 4438//4351
f 4490//4314 4436//4265 4435//4264
f 4490//4314 4435//4264 4491//4315
f 4492//4352 4482//4306 4473//4297
f 4492//4352 4473//4297 4493//4317
f 4470//4294 4429//4258 4494//4318
f 4470//4294 4494//4318 4471//4295
f 4484//4308 4495//4319 4432//4261
f 4484//4308 4432//4261 4485//4309
f 4505//4329 4496//4320 4436//4265
f 4505//4329 4436//4265 4490//4314
f 4493//4317 4473//4297 4472//4296
f 4493//4317 4472//4296 4504//4328
f 4430//4332 4461//4334 4460//4336
f 4430//4332 4460//4336 4431//4335
f 4464//4340 4498//4339 4501//4343
f 4464//4340 4501//4343 4459//4342
f 4502//4337 4460//4336 4459//4342
f 4502//4337 4459//4342 4503//4341
f 4463//4344 4435//4346 4438//4338
f 4463//4344 4438//4338 4464//4340
f 4461//4334 4483//4333 4482//4348
f 4461//4334 4482//4348 4462//4347
f 4483//4307 4430//4353 4429//4258
f 4483//4307 4429//4258 4470//4294
f 4485//4309 4432//4261 4431//4260
f 4485//4309 4431//4260 4502//4326
f 4508//4354 4509//4355 4510//4356
f 4508//4354 4510//4356 4511//4357
f 4512//4358 4513//4359 4514//4360
f 4512//4358 4514//4360 4515//4361
f 4516//4362 4517//4363 4518//4364
f 4516//4362 4518//4364 4519//4365
f 4520//4366 4521//4367 4522//4368
f 4520//4366 4522//4368 4523//4369
f 4524//4370 4525//4371 4517//4363
f 4524//4370 4517//4363 4516//4362
f 4519//4365 4518//4364 4526//4372
f 4519//4365 4526//4372 4527//4373
f 4528//4374 4529//4375 4513//4359
f 4528//4374 4513//4359 4512//4358
f 4530//4376 4531//4377 4532//4378
f 4530//4376 4532//4378 4533//4379
f 4533//4379 4532//4378 4534//4380
f 4533//4379 4534//4380 4535//4381
f 4536//4382 4537//4383 4521//4367
f 4536//4382 4521//4367 4520//4366
f 4523//4369 4522//4368 4538//4384
f 4523//4369 4538//4384 4539//4385
f 4539//4385 4538//4384 4540//4386
f 4539//4385 4540//4386 4541//4387
f 4541//4387 4540//4386 4525//4371
f 4541//4387 4525//4371 4524//4370
f 4542//4388 4543//4389 4544//4390
f 4542//4388 4544//4390 4545//4391
f 4546//4392 4547//4393 4548//4394
f 4546//4392 4548//4394 4549//4395
f 4549//4395 4548//4394 4550//4396
f 4549//4395 4550//4396 4551//4397
f 4552//4398 4553//4399 4554//4400
f 4552//4398 4554//4400 4555//4401
f 4555//4401 4554//4400 4556//4402
f 4555//4401 4556//4402 4557//4403
f 4527//4373 4526//4372 4543//4389
f 4527//4373 4543//4389 4542//4388
f 4558//4404 4559//4405 4560//4406
f 4558//4404 4560//4406 4530//4376
f 4561//4407 4562//4408 4563//4409
f 4561//4407 4563//4409 4564//4410
f 4565//4411 4566//4412 4567//4413
f 4565//4411 4567//4413 4568//4414
f 4569//4415 4570//4416 4536//4382
f 4569//4415 4536//4382 4520//4366
f 4571//4417 4565//4411 4568//4414
f 4571//4417 4568//4414 4572//4418
f 4573//4419 4574//4420 4575//4421
f 4573//4419 4575//4421 4576//4422
f 4527//4373 4577//4423 4578//4424
f 4527//4373 4578//4424 4519//4365
f 4579//4425 4580//4426 4581//4427
f 4579//4425 4581//4427 4582//4428
f 4535//4381 4534//4380 4583//4429
f 4535//4381 4583//4429 4584//4430
f 4515//4361 4585//4431 4586//4432
f 4515//4361 4586//4432 4587//4433
f 4588//4434 4589//4435 4509//4355
f 4588//4434 4509//4355 4508//4354
f 4590//4436 4591//4437 4592//4438
f 4590//4436 4592//4438 4593//4439
f 4594//4440 4595//4441 4596//4442
f 4594//4440 4596//4442 4597//4443
f 4515//4361 4514//4360 4598//4444
f 4515//4361 4598//4444 4585//4431
f 4557//4403 4556//4402 4529//4375
f 4557//4403 4529//4375 4528//4374
f 4551//4397 4550//4396 4553//4399
f 4551//4397 4553//4399 4552//4398
f 4545//4391 4544//4390 4547//4393
f 4545//4391 4547//4393 4546//4392
f 4599//4445 4567//4413 4600//4446
f 4599//4445 4568//4414 4567//4413
f 4601//4447 4563//4409 4582//4428
f 4601//4447 4582//4428 4602//4448
f 4602//4448 4581//4427 4603//4449
f 4602//4448 4582//4428 4581//4427
f 4604//4450 4605//4451 4606//4452
f 4607//4453 4508//4354 4511//4357
f 4607//4453 4608//4454 4609//4455
f 4607//4453 4609//4455 4599//4445
f 4602//4448 4572//4418 4568//4414
f 4602//4448 4568//4414 4599//4445
f 4610//4456 4564//4410 4601//4447
f 4607//4453 4511//4357 4611//4457
f 4612//4458 4610//4456 4601//4447
f 4576//4422 4575//4421 4601//4447
f 4576//4422 4601//4447 4606//4452
f 4613//4459 4614//4460 4615//4461
f 4613//4459 4615//4461 4616//4462
f 4602//4448 4603//4449 4572//4418
f 4617//4463 4606//4452 4618//4464
f 4617//4463 4618//4464 4592//4438
f 4596//4442 4618//4464 4597//4443
f 4605//4451 4576//4422 4606//4452
f 4604//4450 4606//4452 4617//4463
f 4619//4465 4620//4466 4621//4467
f 4619//4465 4621//4467 4622//4468
f 4593//4439 4618//4464 4596//4442
f 4623//4469 4607//4453 4624//4470
f 4607//4453 4599//4445 4588//4434
f 4607//4453 4588//4434 4508//4354
f 4599//4445 4600//4446 4588//4434
f 4625//4471 4626//4472 4535//4381
f 4625//4471 4535//4381 4584//4430
f 4578//4424 4627//4473 4516//4362
f 4578//4424 4516//4362 4519//4365
f 4512//4358 4628//4474 4629//4475
f 4512//4358 4629//4475 4528//4374
f 4630//4476 4631//4477 4551//4397
f 4630//4476 4551//4397 4552//4398
f 4588//4434 4600//4446 4632//4478
f 4588//4434 4632//4478 4589//4435
f 4633//4479 4634//4480 4546//4392
f 4633//4479 4546//4392 4549//4395
f 4559//4405 4586//4432 4585//4431
f 4559//4405 4585//4431 4560//4406
f 4635//4481 4577//4423 4527//4373
f 4635//4481 4527//4373 4542//4388
f 4636//4482 4637//4483 4623//4469
f 4636//4482 4623//4469 4624//4470
f 4638//4484 4639//4485 4541//4387
f 4638//4484 4541//4387 4524//4370
f 4523//4369 4640//4486 4569//4415
f 4523//4369 4569//4415 4520//4366
f 4515//4361 4587//4433 4628//4474
f 4515//4361 4628//4474 4512//4358
f 4611//4457 4511//4357 4510//4356
f 4611//4457 4510//4356 4641//4487
f 4642//4488 4630//4476 4552//4398
f 4642//4488 4552//4398 4555//4401
f 4562//4408 4579//4425 4582//4428
f 4562//4408 4582//4428 4563//4409
f 4643//4489 4644//4489 4645//4489
f 4645//4489 4646//4489 4647//4489
f 4647//4489 4648//4489 4643//4489
f 4645//4489 4647//4489 4643//4489
f 4574//4420 4649//4490 4612//4458
f 4574//4420 4612//4458 4575//4421
f 4533//4379 4650//4491 4558//4404
f 4533//4379 4558//4404 4530//4376
f 4651//4492 4573//4419 4576//4422
f 4651//4492 4576//4422 4605//4451
f 4634//4480 4652//4493 4545//4391
f 4634//4480 4545//4391 4546//4392
f 4523//4369 4539//4385 4653//4494
f 4523//4369 4653//4494 4640//4486
f 4654//4495 4655//4496 4656//4497
f 4654//4495 4656//4497 4657//4498
f 4617//4463 4592//4438 4591//4437
f 4617//4463 4591//4437 4658//4499
f 4585//4431 4598//4444 4659//4500
f 4585//4431 4659//4500 4560//4406
f 4610//4456 4612//4458 4649//4490
f 4610//4456 4649//4490 4660//4501
f 4545//4391 4652//4493 4635//4481
f 4545//4391 4635//4481 4542//4388
f 4661//4502 4601//4447 4602//4448
f 4661//4502 4602//4448 4662//4503
f 4575//4421 4612//4458 4601//4447
f 4604//4450 4617//4463 4658//4499
f 4604//4450 4658//4499 4663//4504
f 4629//4475 4664//4505 4557//4403
f 4629//4475 4557//4403 4528//4374
f 4626//4472 4650//4491 4533//4379
f 4626//4472 4533//4379 4535//4381
f 4660//4501 4561//4407 4564//4410
f 4660//4501 4564//4410 4610//4456
f 4665//4506 4571//4417 4572//4418
f 4665//4506 4572//4418 4603//4449
f 4566//4412 4632//4478 4600//4446
f 4566//4412 4600//4446 4567//4413
f 4592//4438 4618//4464 4593//4439
f 4641//4487 4636//4482 4624//4470
f 4641//4487 4624//4470 4611//4457
f 4637//4483 4594//4440 4597//4443
f 4637//4483 4597//4443 4623//4469
f 4624//4470 4607//4453 4611//4457
f 4593//4439 4596//4442 4595//4441
f 4593//4439 4595//4441 4590//4436
f 4627//4473 4638//4484 4524//4370
f 4627//4473 4524//4370 4516//4362
f 4551//4397 4631//4477 4633//4479
f 4551//4397 4633//4479 4549//4395
f 4639//4485 4653//4494 4539//4385
f 4639//4485 4539//4385 4541//4387
f 4663//4504 4651//4492 4605//4451
f 4663//4504 4605//4451 4604//4450
f 4603//4449 4581//4427 4580//4426
f 4603//4449 4580//4426 4665//4506
f 4584//4430 4583//4429 4537//4383
f 4584//4430 4537//4383 4536//4382
f 4531//4377 4530//4376 4560//4406
f 4531//4377 4560//4406 4659//4500
f 4570//4416 4625//4471 4584//4430
f 4570//4416 4584//4430 4536//4382
f 4664//4505 4642//4488 4555//4401
f 4664//4505 4555//4401 4557//4403
f 4601//4447 4564//4410 4563//4409
f 4666//4507 4667//4508 4654//4495
f 4666//4507 4654//4495 4657//4498
f 4668//4509 4669//4510 4670//4511
f 4668//4509 4670//4511 4671//4512
f 4672//4513 4618//4464 4606//4452
f 4672//4513 4606//4452 4673//4514
f 4674//4515 4675//4516 4676//4517
f 4674//4515 4676//4517 4677//4518
f 4673//4514 4606//4452 4601//4447
f 4673//4514 4601//4447 4661//4502
f 4678//4519 4613//4459 4616//4462
f 4678//4519 4616//4462 4679//4520
f 4618//4464 4672//4513 4608//4454
f 4618//4464 4608//4454 4607//4453
f 4620//4466 4680//4521 4681//4522
f 4620//4466 4681//4522 4621//4467
f 4682//4523 4683//4524 4684//4525
f 4682//4523 4684//4525 4685//4526
f 4662//4503 4602//4448 4599//4445
f 4662//4503 4599//4445 4609//4455
f 4669//4510 4686//4527 4687//4528
f 4669//4510 4687//4528 4670//4511
f 4677//4518 4688//4529 4689//4530
f 4677//4518 4689//4530 4674//4515
f 4683//4524 4690//4531 4691//4532
f 4683//4524 4691//4532 4684//4525
f 4597//4443 4618//4464 4607//4453
f 4597//4443 4607//4453 4623//4469
f 4614//4533 4667//4534 4645//4535
f 4678//4519 4672//4513 4655//4496
f 4679//4520 4668//4509 4608//4454
f 4671//4512 4691//4532 4609//4455
f 4680//4521 4689//4530 4661//4502
f 4690//4531 4681//4522 4662//4503
f 4656//4497 4673//4514 4688//4529
f 4615//4536 4644//4537 4686//4538
f 4622//4539 4682//4540 4648//4541
f 4687//4542 4643//4543 4685//4544
f 4647//4545 4675//4546 4619//4547
f 4646//4548 4666//4549 4676//4550
f 4627//4473 4663//4504 4658//4499
f 4627//4473 4658//4499 4638//4484
f 4626//4472 4641//4487 4510//4356
f 4626//4472 4510//4356 4650//4491
f 4640//4486 4595//4441 4594//4440
f 4640//4486 4594//4440 4569//4415
f 4587//4433 4566//4412 4565//4411
f 4587//4433 4565//4411 4628//4474
f 4642//4488 4580//4426 4579//4425
f 4642//4488 4579//4425 4630//4476
f 4634//4480 4660//4501 4649//4490
f 4634//4480 4649//4490 4652//4493
f 4578//4424 4651//4492 4663//4504
f 4578//4424 4663//4504 4627//4473
f 4509//4355 4558//4404 4650//4491
f 4509//4355 4650//4491 4510//4356
f 4625//4471 4636//4482 4641//4487
f 4625//4471 4641//4487 4626//4472
f 4653//4494 4590//4436 4595//4441
f 4653//4494 4595//4441 4640//4486
f 4586//4432 4632//4478 4566//4412
f 4586//4432 4566//4412 4587//4433
f 4664//4505 4665//4506 4580//4426
f 4664//4505 4580//4426 4642//4488
f 4633//4479 4561//4407 4660//4501
f 4633//4479 4660//4501 4634//4480
f 4577//4423 4573//4419 4651//4492
f 4577//4423 4651//4492 4578//4424
f 4629//4475 4571//4417 4665//4506
f 4629//4475 4665//4506 4664//4505
f 4639//4485 4591//4437 4590//4436
f 4639//4485 4590//4436 4653//4494
f 4570//4416 4637//4483 4636//4482
f 4570//4416 4636//4482 4625//4471
f 4559//4405 4589//4435 4632//4478
f 4559//4405 4632//4478 4586//4432
f 4631//4477 4562//4408 4561//4407
f 4631//4477 4561//4407 4633//4479
f 4638//4484 4658//4499 4591//4437
f 4638//4484 4591//4437 4639//4485
f 4635//4481 4574//4420 4573//4419
f 4635//4481 4573//4419 4577//4423
f 4569//4415 4594//4440 4637//4483
f 4569//4415 4637//4483 4570//4416
f 4628//4474 4565//4411 4571//4417
f 4628//4474 4571//4417 4629//4475
f 4630//4476 4579//4425 4562//4408
f 4630//4476 4562//4408 4631//4477
f 4574//4420 4635//4481 4652//4493
f 4574//4420 4652//4493 4649//4490
f 4558//4404 4509//4355 4589//4435
f 4558//4404 4589//4435 4559//4405
f 4675//4546 4647//4545 4646//4548
f 4675//4546 4646//4548 4676//4550
f 4679//4520 4608//4454 4672//4513
f 4679//4520 4672//4513 4678//4519
f 4683//4524 4621//4467 4681//4522
f 4683//4524 4681//4522 4690//4531
f 4662//4503 4681//4522 4680//4521
f 4662//4503 4680//4521 4661//4502
f 4673//4514 4656//4497 4655//4496
f 4673//4514 4655//4496 4672//4513
f 4661//4502 4689//4530 4688//4529
f 4661//4502 4688//4529 4673//4514
f 4671//4512 4609//4455 4608//4454
f 4671//4512 4608//4454 4668//4509
f 4691//4532 4671//4512 4670//4511
f 4691//4532 4670//4511 4684//4525
f 4609//4455 4691//4532 4690//4531
f 4609//4455 4690//4531 4662//4503
f 4684//4525 4670//4511 4687//4551
f 4684//4525 4687//4551 4685//4526
f 4621//4467 4683//4524 4682//4523
f 4621//4467 4682//4523 4622//4552
f 4674//4515 4620//4466 4619//4465
f 4674//4515 4619//4465 4675//4516
f 4676//4553 4666//4507 4657//4498
f 4676//4553 4657//4498 4677//4518
f 4654//4495 4613//4459 4678//4519
f 4654//4495 4678//4519 4655//4496
f 4668//4509 4679//4520 4616//4462
f 4668//4509 4616//4462 4669//4510
f 4689//4530 4680//4521 4620//4466
f 4689//4530 4620//4466 4674//4515
f 4677//4518 4657//4498 4656//4497
f 4677//4518 4656//4497 4688//4529
f 4614//4533 4645//4535 4644//4537
f 4614//4533 4644//4537 4615//4536
f 4648//4541 4682//4540 4685//4544
f 4648//4541 4685//4544 4643//4543
f 4686//4538 4644//4537 4643//4543
f 4686//4538 4643//4543 4687//4542
f 4647//4545 4619//4547 4622//4539
f 4647//4545 4622//4539 4648//4541
f 4645//4535 4667//4534 4666//4549
f 4645//4535 4666//4549 4646//4548
f 4667//4508 4614//4554 4613//4459
f 4667//4508 4613//4459 4654//4495
f 4669//4510 4616//4462 4615//4461
f 4669//4510 4615//4461 4686//4527
f 4692//4555 4693//4556 4694//4557
f 4692//4555 4694//4557 4695//4558
f 4696//4559 4697//4560 4698//4561
f 4696//4559 4698//4561 4699//4562
f 4700//4563 4701//4564 4702//4565
f 4700//4563 4702//4565 4703//4566
f 4704//4567 4705//4568 4706//4569
f 4704//4567 4706//4569 4707//4570
f 4708//4571 4709//4572 4701//4564
f 4708//4571 4701//4564 4700//4563
f 4703//4566 4702//4565 4710//4573
f 4703//4566 4710//4573 4711//4574
f 4712//4575 4713//4576 4697//4560
f 4712//4575 4697//4560 4696//4559
f 4714//4577 4715//4578 4716//4579
f 4714//4577 4716//4579 4717//4580
f 4717//4580 4716//4579 4718//4581
f 4717//4580 4718//4581 4719//4582
f 4720//4583 4721//4584 4705//4568
f 4720//4583 4705//4568 4704//4567
f 4707//4570 4706//4569 4722//4585
f 4707//4570 4722//4585 4723//4586
f 4723//4586 4722//4585 4724//4587
f 4723//4586 4724//4587 4725//4588
f 4725//4588 4724//4587 4709//4572
f 4725//4588 4709//4572 4708//4571
f 4726//4589 4727//4590 4728//4591
f 4726//4589 4728//4591 4729//4592
f 4730//4593 4731//4594 4732//4595
f 4730//4593 4732//4595 4733//4596
f 4733//4596 4732//4595 4734//4597
f 4733//4596 4734//4597 4735//4598
f 4736//4599 4737//4600 4738//4601
f 4736//4599 4738//4601 4739//4602
f 4739//4602 4738//4601 4740//4603
f 4739//4602 4740//4603 4741//4604
f 4711//4574 4710//4573 4727//4590
f 4711//4574 4727//4590 4726//4589
f 4742//4605 4743//4606 4744//4607
f 4742//4605 4744//4607 4714//4577
f 4745//4608 4746//4609 4747//4610
f 4745//4608 4747//4610 4748//4611
f 4749//4612 4750//4613 4751//4614
f 4749//4612 4751//4614 4752//4615
f 4753//4616 4754//4617 4720//4583
f 4753//4616 4720//4583 4704//4567
f 4755//4618 4749//4612 4752//4615
f 4755//4618 4752//4615 4756//4619
f 4757//4620 4758//4621 4759//4622
f 4757//4620 4759//4622 4760//4623
f 4711//4574 4761//4624 4762//4625
f 4711//4574 4762//4625 4703//4566
f 4763//4626 4764//4627 4765//4628
f 4763//4626 4765//4628 4766//4629
f 4719//4582 4718//4581 4767//4630
f 4719//4582 4767//4630 4768//4631
f 4699//4562 4769//4632 4770//4633
f 4699//4562 4770//4633 4771//4634
f 4772//4635 4773//4636 4693//4556
f 4772//4635 4693//4556 4692//4555
f 4774//4637 4775//4638 4776//4639
f 4774//4637 4776//4639 4777//4640
f 4778//4641 4779//4642 4780//4643
f 4778//4641 4780//4643 4781//4644
f 4699//4562 4698//4561 4782//4645
f 4699//4562 4782//4645 4769//4632
f 4741//4604 4740//4603 4713//4576
f 4741//4604 4713//4576 4712//4575
f 4735//4598 4734//4597 4737//4600
f 4735//4598 4737//4600 4736//4599
f 4729//4592 4728//4591 4731//4594
f 4729//4592 4731//4594 4730//4593
f 4783//4646 4751//4614 4784//4647
f 4783//4646 4752//4615 4751//4614
f 4785//4648 4747//4610 4766//4629
f 4785//4648 4766//4629 4786//4649
f 4786//4649 4765//4628 4787//4650
f 4786//4649 4766//4629 4765//4628
f 4788//4651 4789//4652 4790//4653
f 4791//4654 4692//4555 4695//4558
f 4791//4654 4792//4655 4793//4656
f 4791//4654 4793//4656 4783//4646
f 4786//4649 4756//4619 4752//4615
f 4786//4649 4752//4615 4783//4646
f 4794//4657 4748//4611 4785//4648
f 4791//4654 4695//4558 4795//4658
f 4796//4659 4794//4657 4785//4648
f 4760//4623 4759//4622 4785//4648
f 4760//4623 4785//4648 4790//4653
f 4797//4660 4798//4661 4799//4662
f 4797//4660 4799//4662 4800//4663
f 4786//4649 4787//4650 4756//4619
f 4801//4664 4790//4653 4802//4665
f 4801//4664 4802//4665 4776//4639
f 4780//4643 4802//4665 4781//4644
f 4789//4652 4760//4623 4790//4653
f 4788//4651 4790//4653 4801//4664
f 4803//4666 4804//4667 4805//4668
f 4803//4666 4805//4668 4806//4669
f 4777//4640 4802//4665 4780//4643
f 4807//4670 4791//4654 4808//4671
f 4791//4654 4783//4646 4772//4635
f 4791//4654 4772//4635 4692//4555
f 4783//4646 4784//4647 4772//4635
f 4809//4672 4810//4673 4719//4582
f 4809//4672 4719//4582 4768//4631
f 4762//4625 4811//4674 4700//4563
f 4762//4625 4700//4563 4703//4566
f 4696//4559 4812//4675 4813//4676
f 4696//4559 4813//4676 4712//4575
f 4814//4677 4815//4678 4735//4598
f 4814//4677 4735//4598 4736//4599
f 4772//4635 4784//4647 4816//4679
f 4772//4635 4816//4679 4773//4636
f 4817//4680 4818//4681 4730//4593
f 4817//4680 4730//4593 4733//4596
f 4743//4606 4770//4633 4769//4632
f 4743//4606 4769//4632 4744//4607
f 4819//4682 4761//4624 4711//4574
f 4819//4682 4711//4574 4726//4589
f 4820//4683 4821//4684 4807//4670
f 4820//4683 4807//4670 4808//4671
f 4822//4685 4823//4686 4725//4588
f 4822//4685 4725//4588 4708//4571
f 4707//4570 4824//4687 4753//4616
f 4707//4570 4753//4616 4704//4567
f 4699//4562 4771//4634 4812//4675
f 4699//4562 4812//4675 4696//4559
f 4795//4658 4695//4558 4694//4557
f 4795//4658 4694//4557 4825//4688
f 4826//4689 4814//4677 4736//4599
f 4826//4689 4736//4599 4739//4602
f 4746//4609 4763//4626 4766//4629
f 4746//4609 4766//4629 4747//4610
f 4827//4690 4828//4690 4829//4690
f 4829//4690 4830//4690 4831//4690
f 4831//4690 4832//4690 4827//4690
f 4829//4690 4831//4690 4827//4690
f 4758//4621 4833//4691 4796//4659
f 4758//4621 4796//4659 4759//4622
f 4717//4580 4834//4692 4742//4605
f 4717//4580 4742//4605 4714//4577
f 4835//4693 4757//4620 4760//4623
f 4835//4693 4760//4623 4789//4652
f 4818//4681 4836//4694 4729//4592
f 4818//4681 4729//4592 4730//4593
f 4707//4570 4723//4586 4837//4695
f 4707//4570 4837//4695 4824//4687
f 4838//4696 4839//4697 4840//4698
f 4838//4696 4840//4698 4841//4699
f 4801//4664 4776//4639 4775//4638
f 4801//4664 4775//4638 4842//4700
f 4769//4632 4782//4645 4843//4701
f 4769//4632 4843//4701 4744//4607
f 4794//4657 4796//4659 4833//4691
f 4794//4657 4833//4691 4844//4702
f 4729//4592 4836//4694 4819//4682
f 4729//4592 4819//4682 4726//4589
f 4845//4703 4785//4648 4786//4649
f 4845//4703 4786//4649 4846//4704
f 4759//4622 4796//4659 4785//4648
f 4788//4651 4801//4664 4842//4700
f 4788//4651 4842//4700 4847//4705
f 4813//4676 4848//4706 4741//4604
f 4813//4676 4741//4604 4712//4575
f 4810//4673 4834//4692 4717//4580
f 4810//4673 4717//4580 4719//4582
f 4844//4702 4745//4608 4748//4611
f 4844//4702 4748//4611 4794//4657
f 4849//4707 4755//4618 4756//4619
f 4849//4707 4756//4619 4787//4650
f 4750//4613 4816//4679 4784//4647
f 4750//4613 4784//4647 4751//4614
f 4776//4639 4802//4665 4777//4640
f 4825//4688 4820//4683 4808//4671
f 4825//4688 4808//4671 4795//4658
f 4821//4684 4778//4641 4781//4644
f 4821//4684 4781//4644 4807//4670
f 4808//4671 4791//4654 4795//4658
f 4777//4640 4780//4643 4779//4642
f 4777//4640 4779//4642 4774//4637
f 4811//4674 4822//4685 4708//4571
f 4811//4674 4708//4571 4700//4563
f 4735//4598 4815//4678 4817//4680
f 4735//4598 4817//4680 4733//4596
f 4823//4686 4837//4695 4723//4586
f 4823//4686 4723//4586 4725//4588
f 4847//4705 4835//4693 4789//4652
f 4847//4705 4789//4652 4788//4651
f 4787//4650 4765//4628 4764//4627
f 4787//4650 4764//4627 4849//4707
f 4768//4631 4767//4630 4721//4584
f 4768//4631 4721//4584 4720//4583
f 4715//4578 4714//4577 4744//4607
f 4715//4578 4744//4607 4843//4701
f 4754//4617 4809//4672 4768//4631
f 4754//4617 4768//4631 4720//4583
f 4848//4706 4826//4689 4739//4602
f 4848//4706 4739//4602 4741//4604
f 4785//4648 4748//4611 4747//4610
f 4850//4708 4851//4709 4838//4696
f 4850//4708 4838//4696 4841//4699
f 4852//4710 4853//4711 4854//4712
f 4852//4710 4854//4712 4855//4713
f 4856//4714 4802//4665 4790//4653
f 4856//4714 4790//4653 4857//4715
f 4858//4716 4859//4717 4860//4718
f 4858//4716 4860//4718 4861//4719
f 4857//4715 4790//4653 4785//4648
f 4857//4715 4785//4648 4845//4703
f 4862//4720 4797//4660 4800//4663
f 4862//4720 4800//4663 4863//4721
f 4802//4665 4856//4714 4792//4655
f 4802//4665 4792//4655 4791//4654
f 4804//4667 4864//4722 4865//4723
f 4804//4667 4865//4723 4805//4668
f 4866//4724 4867//4725 4868//4726
f 4866//4724 4868//4726 4869//4727
f 4846//4704 4786//4649 4783//4646
f 4846//4704 4783//4646 4793//4656
f 4853//4711 4870//4728 4871//4729
f 4853//4711 4871//4729 4854//4712
f 4861//4719 4872//4730 4873//4731
f 4861//4719 4873//4731 4858//4716
f 4867//4725 4874//4732 4875//4733
f 4867//4725 4875//4733 4868//4726
f 4781//4644 4802//4665 4791//4654
f 4781//4644 4791//4654 4807//4670
f 4798//4734 4851//4735 4829//4736
f 4862//4720 4856//4714 4839//4697
f 4863//4721 4852//4710 4792//4655
f 4855//4713 4875//4733 4793//4656
f 4864//4722 4873//4731 4845//4703
f 4874//4732 4865//4723 4846//4704
f 4840//4698 4857//4715 4872//4730
f 4799//4737 4828//4738 4870//4739
f 4806//4740 4866//4741 4832//4742
f 4871//4743 4827//4744 4869//4745
f 4831//4746 4859//4747 4803//4748
f 4830//4749 4850//4750 4860//4751
f 4811//4674 4847//4705 4842//4700
f 4811//4674 4842//4700 4822//4685
f 4810//4673 4825//4688 4694//4557
f 4810//4673 4694//4557 4834//4692
f 4824//4687 4779//4642 4778//4641
f 4824//4687 4778//4641 4753//4616
f 4771//4634 4750//4613 4749//4612
f 4771//4634 4749//4612 4812//4675
f 4826//4689 4764//4627 4763//4626
f 4826//4689 4763//4626 4814//4677
f 4818//4681 4844//4702 4833//4691
f 4818//4681 4833//4691 4836//4694
f 4762//4625 4835//4693 4847//4705
f 4762//4625 4847//4705 4811//4674
f 4693//4556 4742//4605 4834//4692
f 4693//4556 4834//4692 4694//4557
f 4809//4672 4820//4683 4825//4688
f 4809//4672 4825//4688 4810//4673
f 4837//4695 4774//4637 4779//4642
f 4837//4695 4779//4642 4824//4687
f 4770//4633 4816//4679 4750//4613
f 4770//4633 4750//4613 4771//4634
f 4848//4706 4849//4707 4764//4627
f 4848//4706 4764//4627 4826//4689
f 4817//4680 4745//4608 4844//4702
f 4817//4680 4844//4702 4818//4681
f 4761//4624 4757//4620 4835//4693
f 4761//4624 4835//4693 4762//4625
f 4813//4676 4755//4618 4849//4707
f 4813//4676 4849//4707 4848//4706
f 4823//4686 4775//4638 4774//4637
f 4823//4686 4774//4637 4837//4695
f 4754//4617 4821//4684 4820//4683
f 4754//4617 4820//4683 4809//4672
f 4743//4606 4773//4636 4816//4679
f 4743//4606 4816//4679 4770//4633
f 4815//4678 4746//4609 4745//4608
f 4815//4678 4745//4608 4817//4680
f 4822//4685 4842//4700 4775//4638
f 4822//4685 4775//4638 4823//4686
f 4819//4682 4758//4621 4757//4620
f 4819//4682 4757//4620 4761//4624
f 4753//4616 4778//4641 4821//4684
f 4753//4616 4821//4684 4754//4617
f 4812//4675 4749//4612 4755//4618
f 4812//4675 4755//4618 4813//4676
f 4814//4677 4763//4626 4746//4609
f 4814//4677 4746//4609 4815//4678
f 4758//4621 4819//4682 4836//4694
f 4758//4621 4836//4694 4833//4691
f 4742//4605 4693//4556 4773//4636
f 4742//4605 4773//4636 4743//4606
f 4859//4747 4831//4746 4830//4749
f 4859//4747 4830//4749 4860//4751
f 4863//4721 4792//4655 4856//4714
f 4863//4721 4856//4714 4862//4720
f 4867//4725 4805//4668 4865//4723
f 4867//4725 4865//4723 4874//4732
f 4846//4704 4865//4723 4864//4722
f 4846//4704 4864//4722 4845//4703
f 4857//4715 4840//4698 4839//4697
f 4857//4715 4839//4697 4856//4714
f 4845//4703 4873//4731 4872//4730
f 4845//4703 4872//4730 4857//4715
f 4855//4713 4793//4656 4792//4655
f 4855//4713 4792//4655 4852//4710
f 4875//4733 4855//4713 4854//4712
f 4875//4733 4854//4712 4868//4726
f 4793//4656 4875//4733 4874//4732
f 4793//4656 4874//4732 4846//4704
f 4868//4726 4854//4712 4871//4752
f 4868//4726 4871//4752 4869//4727
f 4805//4668 4867//4725 4866//4724
f 4805//4668 4866//4724 4806//4753
f 4858//4716 4804//4667 4803//4666
f 4858//4716 4803//4666 4859//4717
f 4860//4754 4850//4708 4841//4699
f 4860//4754 4841//4699 4861//4719
f 4838//4696 4797//4660 4862//4720
f 4838//4696 4862//4720 4839//4697
f 4852//4710 4863//4721 4800//4663
f 4852//4710 4800//4663 4853//4711
f 4873//4731 4864//4722 4804//4667
f 4873//4731 4804//4667 4858//4716
f 4861//4719 4841//4699 4840//4698
f 4861//4719 4840//4698 4872//4730
f 4798//4734 4829//4736 4828//4738
f 4798//4734 4828//4738 4799//4737
f 4832//4742 4866//4741 4869//4745
f 4832//4742 4869//4745 4827//4744
f 4870//4739 4828//4738 4827//4744
f 4870//4739 4827//4744 4871//4743
f 4831//4746 4803//4748 4806//4740
f 4831//4746 4806//4740 4832//4742
f 4829//4736 4851//4735 4850//4750
f 4829//4736 4850//4750 4830//4749
f 4851//4709 4798//4755 4797//4660
f 4851//4709 4797//4660 4838//4696
f 4853//4711 4800//4663 4799//4662
f 4853//4711 4799//4662 4870//4728
f 4876//4756 4877//4757 4878//4758
f 4876//4756 4878//4758 4879//4759
f 4880//4760 4881//4761 4882//4762
f 4880//4760 4882//4762 4883//4763
f 4884//4764 4885//4765 4886//4766
f 4884//4764 4886//4766 4887//4767
f 4888//4768 4889//4769 4890//4770
f 4888//4768 4890//4770 4891//4771
f 4892//4772 4893//4773 4885//4765
f 4892//4772 4885//4765 4884//4764
f 4887//4767 4886//4766 4894//4774
f 4887//4767 4894//4774 4895//4775
f 4896//4776 4897//4777 4881//4761
f 4896//4776 4881//4761 4880//4760
f 4898//4778 4899//4779 4900//4780
f 4898//4778 4900//4780 4901//4781
f 4901//4781 4900//4780 4902//4782
f 4901//4781 4902//4782 4903//4783
f 4904//4784 4905//4785 4889//4769
f 4904//4784 4889//4769 4888//4768
f 4891//4771 4890//4770 4906//4786
f 4891//4771 4906//4786 4907//4787
f 4907//4787 4906//4786 4908//4788
f 4907//4787 4908//4788 4909//4789
f 4909//4789 4908//4788 4893//4773
f 4909//4789 4893//4773 4892//4772
f 4910//4790 4911//4791 4912//4792
f 4910//4790 4912//4792 4913//4793
f 4914//4794 4915//4795 4916//4796
f 4914//4794 4916//4796 4917//4797
f 4917//4797 4916//4796 4918//4798
f 4917//4797 4918//4798 4919//4799
f 4920//4800 4921//4801 4922//4802
f 4920//4800 4922//4802 4923//4803
f 4923//4803 4922//4802 4924//4804
f 4923//4803 4924//4804 4925//4805
f 4895//4775 4894//4774 4911//4791
f 4895//4775 4911//4791 4910//4790
f 4926//4806 4927//4807 4928//4808
f 4926//4806 4928//4808 4898//4778
f 4929//4809 4930//4810 4931//4811
f 4929//4809 4931//4811 4932//4812
f 4933//4813 4934//4814 4935//4815
f 4933//4813 4935//4815 4936//4816
f 4937//4817 4938//4818 4904//4784
f 4937//4817 4904//4784 4888//4768
f 4939//4819 4933//4813 4936//4816
f 4939//4819 4936//4816 4940//4820
f 4941//4821 4942//4822 4943//4823
f 4941//4821 4943//4823 4944//4824
f 4895//4775 4945//4825 4946//4826
f 4895//4775 4946//4826 4887//4767
f 4947//4827 4948//4828 4949//4829
f 4947//4827 4949//4829 4950//4830
f 4903//4783 4902//4782 4951//4831
f 4903//4783 4951//4831 4952//4832
f 4883//4763 4953//4833 4954//4834
f 4883//4763 4954//4834 4955//4835
f 4956//4836 4957//4837 4877//4757
f 4956//4836 4877//4757 4876//4756
f 4958//4838 4959//4839 4960//4840
f 4958//4838 4960//4840 4961//4841
f 4962//4842 4963//4843 4964//4844
f 4962//4842 4964//4844 4965//4845
f 4883//4763 4882//4762 4966//4846
f 4883//4763 4966//4846 4953//4833
f 4925//4805 4924//4804 4897//4777
f 4925//4805 4897//4777 4896//4776
f 4919//4799 4918//4798 4921//4801
f 4919//4799 4921//4801 4920//4800
f 4913//4793 4912//4792 4915//4795
f 4913//4793 4915//4795 4914//4794
f 4967//4847 4935//4815 4968//4848
f 4967//4847 4936//4816 4935//4815
f 4969//4849 4931//4811 4950//4830
f 4969//4849 4950//4830 4970//4850
f 4970//4850 4949//4829 4971//4851
f 4970//4850 4950//4830 4949//4829
f 4972//4852 4973//4853 4974//4854
f 4975//4855 4876//4756 4879//4759
f 4975//4855 4976//4856 4977//4857
f 4975//4855 4977//4857 4967//4847
f 4970//4850 4940//4820 4936//4816
f 4970//4850 4936//4816 4967//4847
f 4978//4858 4932//4812 4969//4849
f 4975//4855 4879//4759 4979//4859
f 4980//4860 4978//4858 4969//4849
f 4944//4824 4943//4823 4969//4849
f 4944//4824 4969//4849 4974//4854
f 4981//4861 4982//4862 4983//4863
f 4981//4861 4983//4863 4984//4864
f 4970//4850 4971//4851 4940//4820
f 4985//4865 4974//4854 4986//4866
f 4985//4865 4986//4866 4960//4840
f 4964//4844 4986//4866 4965//4845
f 4973//4853 4944//4824 4974//4854
f 4972//4852 4974//4854 4985//4865
f 4987//4867 4988//4868 4989//4869
f 4987//4867 4989//4869 4990//4870
f 4961//4841 4986//4866 4964//4844
f 4991//4871 4975//4855 4992//4872
f 4975//4855 4967//4847 4956//4836
f 4975//4855 4956//4836 4876//4756
f 4967//4847 4968//4848 4956//4836
f 4993//4873 4994//4874 4903//4783
f 4993//4873 4903//4783 4952//4832
f 4946//4826 4995//4875 4884//4764
f 4946//4826 4884//4764 4887//4767
f 4880//4760 4996//4876 4997//4877
f 4880//4760 4997//4877 4896//4776
f 4998//4878 4999//4879 4919//4799
f 4998//4878 4919//4799 4920//4800
f 4956//4836 4968//4848 5000//4880
f 4956//4836 5000//4880 4957//4837
f 5001//4881 5002//4882 4914//4794
f 5001//4881 4914//4794 4917//4797
f 4927//4807 4954//4834 4953//4833
f 4927//4807 4953//4833 4928//4808
f 5003//4883 4945//4825 4895//4775
f 5003//4883 4895//4775 4910//4790
f 5004//4884 5005//4885 4991//4871
f 5004//4884 4991//4871 4992//4872
f 5006//4886 5007//4887 4909//4789
f 5006//4886 4909//4789 4892//4772
f 4891//4771 5008//4888 4937//4817
f 4891//4771 4937//4817 4888//4768
f 4883//4763 4955//4835 4996//4876
f 4883//4763 4996//4876 4880//4760
f 4979//4859 4879//4759 4878//4758
f 4979//4859 4878//4758 5009//4889
f 5010//4890 4998//4878 4920//4800
f 5010//4890 4920//4800 4923//4803
f 4930//4810 4947//4827 4950//4830
f 4930//4810 4950//4830 4931//4811
f 5011//4891 5012//4891 5013//4891
f 5013//4891 5014//4891 5015//4891
f 5015//4891 5016//4891 5011//4891
f 5013//4891 5015//4891 5011//4891
f 4942//4822 5017//4892 4980//4860
f 4942//4822 4980//4860 4943//4823
f 4901//4781 5018//4893 4926//4806
f 4901//4781 4926//4806 4898//4778
f 5019//4894 4941//4821 4944//4824
f 5019//4894 4944//4824 4973//4853
f 5002//4882 5020//4895 4913//4793
f 5002//4882 4913//4793 4914//4794
f 4891//4771 4907//4787 5021//4896
f 4891//4771 5021//4896 5008//4888
f 5022//4897 5023//4898 5024//4899
f 5022//4897 5024//4899 5025//4900
f 4985//4865 4960//4840 4959//4839
f 4985//4865 4959//4839 5026//4901
f 4953//4833 4966//4846 5027//4902
f 4953//4833 5027//4902 4928//4808
f 4978//4858 4980//4860 5017//4892
f 4978//4858 5017//4892 5028//4903
f 4913//4793 5020//4895 5003//4883
f 4913//4793 5003//4883 4910//4790
f 5029//4904 4969//4849 4970//4850
f 5029//4904 4970//4850 5030//4905
f 4943//4823 4980//4860 4969//4849
f 4972//4852 4985//4865 5026//4901
f 4972//4852 5026//4901 5031//4906
f 4997//4877 5032//4907 4925//4805
f 4997//4877 4925//4805 4896//4776
f 4994//4874 5018//4893 4901//4781
f 4994//4874 4901//4781 4903//4783
f 5028//4903 4929//4809 4932//4812
f 5028//4903 4932//4812 4978//4858
f 5033//4908 4939//4819 4940//4820
f 5033//4908 4940//4820 4971//4851
f 4934//4814 5000//4880 4968//4848
f 4934//4814 4968//4848 4935//4815
f 4960//4840 4986//4866 4961//4841
f 5009//4889 5004//4884 4992//4872
f 5009//4889 4992//4872 4979//4859
f 5005//4885 4962//4842 4965//4845
f 5005//4885 4965//4845 4991//4871
f 4992//4872 4975//4855 4979//4859
f 4961//4841 4964//4844 4963//4843
f 4961//4841 4963//4843 4958//4838
f 4995//4875 5006//4886 4892//4772
f 4995//4875 4892//4772 4884//4764
f 4919//4799 4999//4879 5001//4881
f 4919//4799 5001//4881 4917//4797
f 5007//4887 5021//4896 4907//4787
f 5007//4887 4907//4787 4909//4789
f 5031//4906 5019//4894 4973//4853
f 5031//4906 4973//4853 4972//4852
f 4971//4851 4949//4829 4948//4828
f 4971//4851 4948//4828 5033//4908
f 4952//4832 4951//4831 4905//4785
f 4952//4832 4905//4785 4904//4784
f 4899//4779 4898//4778 4928//4808
f 4899//4779 4928//4808 5027//4902
f 4938//4818 4993//4873 4952//4832
f 4938//4818 4952//4832 4904//4784
f 5032//4907 5010//4890 4923//4803
f 5032//4907 4923//4803 4925//4805
f 4969//4849 4932//4812 4931//4811
f 5034//4909 5035//4910 5022//4897
f 5034//4909 5022//4897 5025//4900
f 5036//4911 5037//4912 5038//4913
f 5036//4911 5038//4913 5039//4914
f 5040//4915 4986//4866 4974//4854
f 5040//4915 4974//4854 5041//4916
f 5042//4917 5043//4918 5044//4919
f 5042//4917 5044//4919 5045//4920
f 5041//4916 4974//4854 4969//4849
f 5041//4916 4969//4849 5029//4904
f 5046//4921 4981//4861 4984//4864
f 5046//4921 4984//4864 5047//4922
f 4986//4866 5040//4915 4976//4856
f 4986//4866 4976//4856 4975//4855
f 4988//4868 5048//4923 5049//4924
f 4988//4868 5049//4924 4989//4869
f 5050//4925 5051//4926 5052//4927
f 5050//4925 5052//4927 5053//4928
f 5030//4905 4970//4850 4967//4847
f 5030//4905 4967//4847 4977//4857
f 5037//4912 5054//4929 5055//4930
f 5037//4912 5055//4930 5038//4913
f 5045//4920 5056//4931 5057//4932
f 5045//4920 5057//4932 5042//4917
f 5051//4926 5058//4933 5059//4934
f 5051//4926 5059//4934 5052//4927
f 4965//4845 4986//4866 4975//4855
f 4965//4845 4975//4855 4991//4871
f 4982//4935 5035//4936 5013//4937
f 5046//4921 5040//4915 5023//4898
f 5047//4922 5036//4911 4976//4856
f 5039//4914 5059//4934 4977//4857
f 5048//4923 5057//4932 5029//4904
f 5058//4933 5049//4924 5030//4905
f 5024//4899 5041//4916 5056//4931
f 4983//4938 5012//4939 5054//4940
f 4990//4941 5050//4942 5016//4943
f 5055//4944 5011//4945 5053//4946
f 5015//4947 5043//4948 4987//4949
f 5014//4950 5034//4951 5044//4952
f 4995//4875 5031//4906 5026//4901
f 4995//4875 5026//4901 5006//4886
f 4994//4874 5009//4889 4878//4758
f 4994//4874 4878//4758 5018//4893
f 5008//4888 4963//4843 4962//4842
f 5008//4888 4962//4842 4937//4817
f 4955//4835 4934//4814 4933//4813
f 4955//4835 4933//4813 4996//4876
f 5010//4890 4948//4828 4947//4827
f 5010//4890 4947//4827 4998//4878
f 5002//4882 5028//4903 5017//4892
f 5002//4882 5017//4892 5020//4895
f 4946//4826 5019//4894 5031//4906
f 4946//4826 5031//4906 4995//4875
f 4877//4757 4926//4806 5018//4893
f 4877//4757 5018//4893 4878//4758
f 4993//4873 5004//4884 5009//4889
f 4993//4873 5009//4889 4994//4874
f 5021//4896 4958//4838 4963//4843
f 5021//4896 4963//4843 5008//4888
f 4954//4834 5000//4880 4934//4814
f 4954//4834 4934//4814 4955//4835
f 5032//4907 5033//4908 4948//4828
f 5032//4907 4948//4828 5010//4890
f 5001//4881 4929//4809 5028//4903
f 5001//4881 5028//4903 5002//4882
f 4945//4825 4941//4821 5019//4894
f 4945//4825 5019//4894 4946//4826
f 4997//4877 4939//4819 5033//4908
f 4997//4877 5033//4908 5032//4907
f 5007//4887 4959//4839 4958//4838
f 5007//4887 4958//4838 5021//4896
f 4938//4818 5005//4885 5004//4884
f 4938//4818 5004//4884 4993//4873
f 4927//4807 4957//4837 5000//4880
f 4927//4807 5000//4880 4954//4834
f 4999//4879 4930//4810 4929//4809
f 4999//4879 4929//4809 5001//4881
f 5006//4886 5026//4901 4959//4839
f 5006//4886 4959//4839 5007//4887
f 5003//4883 4942//4822 4941//4821
f 5003//4883 4941//4821 4945//4825
f 4937//4817 4962//4842 5005//4885
f 4937//4817 5005//4885 4938//4818
f 4996//4876 4933//4813 4939//4819
f 4996//4876 4939//4819 4997//4877
f 4998//4878 4947//4827 4930//4810
f 4998//4878 4930//4810 4999//4879
f 4942//4822 5003//4883 5020//4895
f 4942//4822 5020//4895 5017//4892
f 4926//4806 4877//4757 4957//4837
f 4926//4806 4957//4837 4927//4807
f 5043//4948 5015//4947 5014//4950
f 5043//4948 5014//4950 5044//4952
f 5047//4922 4976//4856 5040//4915
f 5047//4922 5040//4915 5046//4921
f 5051//4926 4989//4869 5049//4924
f 5051//4926 5049//4924 5058//4933
f 5030//4905 5049//4924 5048//4923
f 5030//4905 5048//4923 5029//4904
f 5041//4916 5024//4899 5023//4898
f 5041//4916 5023//4898 5040//4915
f 5029//4904 5057//4932 5056//4931
f 5029//4904 5056//4931 5041//4916
f 5039//4914 4977//4857 4976//4856
f 5039//4914 4976//4856 5036//4911
f 5059//4934 5039//4914 5038//4913
f 5059//4934 5038//4913 5052//4927
f 4977//4857 5059//4934 5058//4933
f 4977//4857 5058//4933 5030//4905
f 5052//4927 5038//4913 5055//4953
f 5052//4927 5055//4953 5053//4928
f 4989//4869 5051//4926 5050//4925
f 4989//4869 5050//4925 4990//4954
f 5042//4917 4988//4868 4987//4867
f 5042//4917 4987//4867 5043//4918
f 5044//4955 5034//4909 5025//4900
f 5044//4955 5025//4900 5045//4920
f 5022//4897 4981//4861 5046//4921
f 5022//4897 5046//4921 5023//4898
f 5036//4911 5047//4922 4984//4864
f 5036//4911 4984//4864 5037//4912
f 5057//4932 5048//4923 4988//4868
f 5057//4932 4988//4868 5042//4917
f 5045//4920 5025//4900 5024//4899
f 5045//4920 5024//4899 5056//4931
f 4982//4935 5013//4937 5012//4939
f 4982//4935 5012//4939 4983//4938
f 5016//4943 5050//4942 5053//4946
f 5016//4943 5053//4946 5011//4945
f 5054//4940 5012//4939 5011//4945
f 5054//4940 5011//4945 5055//4944
f 5015//4947 4987//4949 4990//4941
f 5015//4947 4990//4941 5016//4943
f 5013//4937 5035//4936 5034//4951
f 5013//4937 5034//4951 5014//4950
f 5035//4910 4982//4956 4981//4861
f 5035//4910 4981//4861 5022//4897
f 5037//4912 4984//4864 4983//4863
f 5037//4912 4983//4863 5054//4929
f 5060//4957 5061//4958 5062//4959
f 5060//4957 5062//4959 5063//4960
f 5064//4961 5065//4962 5066//4963
f 5064//4961 5066//4963 5067//4964
f 5068//4965 5069//4966 5070//4967
f 5068//4965 5070//4967 5071//4968
f 5072//4969 5073//4970 5074//4971
f 5072//4969 5074//4971 5075//4972
f 5076//4973 5077//4974 5069//4966
f 5076//4973 5069//4966 5068//4965
f 5071//4968 5070//4967 5078//4975
f 5071//4968 5078//4975 5079//4976
f 5080//4977 5081//4978 5065//4962
f 5080//4977 5065//4962 5064//4961
f 5082//4979 5083//4980 5084//4981
f 5082//4979 5084//4981 5085//4982
f 5085//4982 5084//4981 5086//4983
f 5085//4982 5086//4983 5087//4984
f 5088//4985 5089//4986 5073//4970
f 5088//4985 5073//4970 5072//4969
f 5075//4972 5074//4971 5090//4987
f 5075//4972 5090//4987 5091//4988
f 5091//4988 5090//4987 5092//4989
f 5091//4988 5092//4989 5093//4990
f 5093//4990 5092//4989 5077//4974
f 5093//4990 5077//4974 5076//4973
f 5094//4991 5095//4992 5096//4993
f 5094//4991 5096//4993 5097//4994
f 5098//4995 5099//4996 5100//4997
f 5098//4995 5100//4997 5101//4998
f 5101//4998 5100//4997 5102//4999
f 5101//4998 5102//4999 5103//5000
f 5104//5001 5105//5002 5106//5003
f 5104//5001 5106//5003 5107//5004
f 5107//5004 5106//5003 5108//5005
f 5107//5004 5108//5005 5109//5006
f 5079//4976 5078//4975 5095//4992
f 5079//4976 5095//4992 5094//4991
f 5110//5007 5111//5008 5112//5009
f 5110//5007 5112//5009 5082//4979
f 5113//5010 5114//5011 5115//5012
f 5113//5010 5115//5012 5116//5013
f 5117//5014 5118//5015 5119//5016
f 5117//5014 5119//5016 5120//5017
f 5121//5018 5122//5019 5088//4985
f 5121//5018 5088//4985 5072//4969
f 5123//5020 5117//5014 5120//5017
f 5123//5020 5120//5017 5124//5021
f 5125//5022 5126//5023 5127//5024
f 5125//5022 5127//5024 5128//5025
f 5079//4976 5129//5026 5130//5027
f 5079//4976 5130//5027 5071//4968
f 5131//5028 5132//5029 5133//5030
f 5131//5028 5133//5030 5134//5031
f 5087//4984 5086//4983 5135//5032
f 5087//4984 5135//5032 5136//5033
f 5067//4964 5137//5034 5138//5035
f 5067//4964 5138//5035 5139//5036
f 5140//5037 5141//5038 5061//4958
f 5140//5037 5061//4958 5060//4957
f 5142//5039 5143//5040 5144//5041
f 5142//5039 5144//5041 5145//5042
f 5146//5043 5147//5044 5148//5045
f 5146//5043 5148//5045 5149//5046
f 5067//4964 5066//4963 5150//5047
f 5067//4964 5150//5047 5137//5034
f 5109//5006 5108//5005 5081//4978
f 5109//5006 5081//4978 5080//4977
f 5103//5000 5102//4999 5105//5002
f 5103//5000 5105//5002 5104//5001
f 5097//4994 5096//4993 5099//4996
f 5097//4994 5099//4996 5098//4995
f 5151//5048 5119//5016 5152//5049
f 5151//5048 5120//5017 5119//5016
f 5153//5050 5115//5012 5134//5031
f 5153//5050 5134//5031 5154//5051
f 5154//5051 5133//5030 5155//5052
f 5154//5051 5134//5031 5133//5030
f 5156//5053 5157//5054 5158//5055
f 5159//5056 5060//4957 5063//4960
f 5159//5056 5160//5057 5161//5058
f 5159//5056 5161//5058 5151//5048
f 5154//5051 5124//5021 5120//5017
f 5154//5051 5120//5017 5151//5048
f 5162//5059 5116//5013 5153//5050
f 5159//5056 5063//4960 5163//5060
f 5164//5061 5162//5059 5153//5050
f 5128//5025 5127//5024 5153//5050
f 5128//5025 5153//5050 5158//5055
f 5165//5062 5166//5063 5167//5064
f 5165//5062 5167//5064 5168//5065
f 5154//5051 5155//5052 5124//5021
f 5169//5066 5158//5055 5170//5067
f 5169//5066 5170//5067 5144//5041
f 5148//5045 5170//5067 5149//5046
f 5157//5054 5128//5025 5158//5055
f 5156//5053 5158//5055 5169//5066
f 5171//5068 5172//5069 5173//5070
f 5171//5068 5173//5070 5174//5071
f 5145//5042 5170//5067 5148//5045
f 5175//5072 5159//5056 5176//5073
f 5159//5056 5151//5048 5140//5037
f 5159//5056 5140//5037 5060//4957
f 5151//5048 5152//5049 5140//5037
f 5177//5074 5178//5075 5087//4984
f 5177//5074 5087//4984 5136//5033
f 5130//5027 5179//5076 5068//4965
f 5130//5027 5068//4965 5071//4968
f 5064//4961 5180//5077 5181//5078
f 5064//4961 5181//5078 5080//4977
f 5182//5079 5183//5080 5103//5000
f 5182//5079 5103//5000 5104//5001
f 5140//5037 5152//5049 5184//5081
f 5140//5037 5184//5081 5141//5038
f 5185//5082 5186//5083 5098//4995
f 5185//5082 5098//4995 5101//4998
f 5111//5008 5138//5035 5137//5034
f 5111//5008 5137//5034 5112//5009
f 5187//5084 5129//5026 5079//4976
f 5187//5084 5079//4976 5094//4991
f 5188//5085 5189//5086 5175//5072
f 5188//5085 5175//5072 5176//5073
f 5190//5087 5191//5088 5093//4990
f 5190//5087 5093//4990 5076//4973
f 5075//4972 5192//5089 5121//5018
f 5075//4972 5121//5018 5072//4969
f 5067//4964 5139//5036 5180//5077
f 5067//4964 5180//5077 5064//4961
f 5163//5060 5063//4960 5062//4959
f 5163//5060 5062//4959 5193//5090
f 5194//5091 5182//5079 5104//5001
f 5194//5091 5104//5001 5107//5004
f 5114//5011 5131//5028 5134//5031
f 5114//5011 5134//5031 5115//5012
f 5195//5092 5196//5092 5197//5092
f 5197//5092 5198//5092 5199//5092
f 5199//5092 5200//5092 5195//5092
f 5197//5092 5199//5092 5195//5092
f 5126//5023 5201//5093 5164//5061
f 5126//5023 5164//5061 5127//5024
f 5085//4982 5202//5094 5110//5007
f 5085//4982 5110//5007 5082//4979
f 5203//5095 5125//5022 5128//5025
f 5203//5095 5128//5025 5157//5054
f 5186//5083 5204//5096 5097//4994
f 5186//5083 5097//4994 5098//4995
f 5075//4972 5091//4988 5205//5097
f 5075//4972 5205//5097 5192//5089
f 5206//5098 5207//5099 5208//5100
f 5206//5098 5208//5100 5209//5101
f 5169//5066 5144//5041 5143//5040
f 5169//5066 5143//5040 5210//5102
f 5137//5034 5150//5047 5211//5103
f 5137//5034 5211//5103 5112//5009
f 5162//5059 5164//5061 5201//5093
f 5162//5059 5201//5093 5212//5104
f 5097//4994 5204//5096 5187//5084
f 5097//4994 5187//5084 5094//4991
f 5213//5105 5153//5050 5154//5051
f 5213//5105 5154//5051 5214//5106
f 5127//5024 5164//5061 5153//5050
f 5156//5053 5169//5066 5210//5102
f 5156//5053 5210//5102 5215//5107
f 5181//5078 5216//5108 5109//5006
f 5181//5078 5109//5006 5080//4977
f 5178//5075 5202//5094 5085//4982
f 5178//5075 5085//4982 5087//4984
f 5212//5104 5113//5010 5116//5013
f 5212//5104 5116//5013 5162//5059
f 5217//5109 5123//5020 5124//5021
f 5217//5109 5124//5021 5155//5052
f 5118//5015 5184//5081 5152//5049
f 5118//5015 5152//5049 5119//5016
f 5144//5041 5170//5067 5145//5042
f 5193//5090 5188//5085 5176//5073
f 5193//5090 5176//5073 5163//5060
f 5189//5086 5146//5043 5149//5046
f 5189//5086 5149//5046 5175//5072
f 5176//5073 5159//5056 5163//5060
f 5145//5042 5148//5045 5147//5044
f 5145//5042 5147//5044 5142//5039
f 5179//5076 5190//5087 5076//4973
f 5179//5076 5076//4973 5068//4965
f 5103//5000 5183//5080 5185//5082
f 5103//5000 5185//5082 5101//4998
f 5191//5088 5205//5097 5091//4988
f 5191//5088 5091//4988 5093//4990
f 5215//5107 5203//5095 5157//5054
f 5215//5107 5157//5054 5156//5053
f 5155//5052 5133//5030 5132//5029
f 5155//5052 5132//5029 5217//5109
f 5136//5033 5135//5032 5089//4986
f 5136//5033 5089//4986 5088//4985
f 5083//4980 5082//4979 5112//5009
f 5083//4980 5112//5009 5211//5103
f 5122//5019 5177//5074 5136//5033
f 5122//5019 5136//5033 5088//4985
f 5216//5108 5194//5091 5107//5004
f 5216//5108 5107//5004 5109//5006
f 5153//5050 5116//5013 5115//5012
f 5218//5110 5219//5111 5206//5098
f 5218//5110 5206//5098 5209//5101
f 5220//5112 5221//5113 5222//5114
f 5220//5112 5222//5114 5223//5115
f 5224//5116 5170//5067 5158//5055
f 5224//5116 5158//5055 5225//5117
f 5226//5118 5227//5119 5228//5120
f 5226//5118 5228//5120 5229//5121
f 5225//5117 5158//5055 5153//5050
f 5225//5117 5153//5050 5213//5105
f 5230//5122 5165//5062 5168//5065
f 5230//5122 5168//5065 5231//5123
f 5170//5067 5224//5116 5160//5057
f 5170//5067 5160//5057 5159//5056
f 5172//5069 5232//5124 5233//5125
f 5172//5069 5233//5125 5173//5070
f 5234//5126 5235//5127 5236//5128
f 5234//5126 5236//5128 5237//5129
f 5214//5106 5154//5051 5151//5048
f 5214//5106 5151//5048 5161//5058
f 5221//5113 5238//5130 5239//5131
f 5221//5113 5239//5131 5222//5114
f 5229//5121 5240//5132 5241//5133
f 5229//5121 5241//5133 5226//5118
f 5235//5127 5242//5134 5243//5135
f 5235//5127 5243//5135 5236//5128
f 5149//5046 5170//5067 5159//5056
f 5149//5046 5159//5056 5175//5072
f 5166//5136 5219//5137 5197//5138
f 5230//5122 5224//5116 5207//5099
f 5231//5123 5220//5112 5160//5057
f 5223//5115 5243//5135 5161//5058
f 5232//5124 5241//5133 5213//5105
f 5242//5134 5233//5125 5214//5106
f 5208//5100 5225//5117 5240//5132
f 5167//5139 5196//5140 5238//5141
f 5174//5142 5234//5143 5200//5144
f 5239//5145 5195//5146 5237//5147
f 5199//5148 5227//5149 5171//5150
f 5198//5151 5218//5152 5228//5153
f 5179//5076 5215//5107 5210//5102
f 5179//5076 5210//5102 5190//5087
f 5178//5075 5193//5090 5062//4959
f 5178//5075 5062//4959 5202//5094
f 5192//5089 5147//5044 5146//5043
f 5192//5089 5146//5043 5121//5018
f 5139//5036 5118//5015 5117//5014
f 5139//5036 5117//5014 5180//5077
f 5194//5091 5132//5029 5131//5028
f 5194//5091 5131//5028 5182//5079
f 5186//5083 5212//5104 5201//5093
f 5186//5083 5201//5093 5204//5096
f 5130//5027 5203//5095 5215//5107
f 5130//5027 5215//5107 5179//5076
f 5061//4958 5110//5007 5202//5094
f 5061//4958 5202//5094 5062//4959
f 5177//5074 5188//5085 5193//5090
f 5177//5074 5193//5090 5178//5075
f 5205//5097 5142//5039 5147//5044
f 5205//5097 5147//5044 5192//5089
f 5138//5035 5184//5081 5118//5015
f 5138//5035 5118//5015 5139//5036
f 5216//5108 5217//5109 5132//5029
f 5216//5108 5132//5029 5194//5091
f 5185//5082 5113//5010 5212//5104
f 5185//5082 5212//5104 5186//5083
f 5129//5026 5125//5022 5203//5095
f 5129//5026 5203//5095 5130//5027
f 5181//5078 5123//5020 5217//5109
f 5181//5078 5217//5109 5216//5108
f 5191//5088 5143//5040 5142//5039
f 5191//5088 5142//5039 5205//5097
f 5122//5019 5189//5086 5188//5085
f 5122//5019 5188//5085 5177//5074
f 5111//5008 5141//5038 5184//5081
f 5111//5008 5184//5081 5138//5035
f 5183//5080 5114//5011 5113//5010
f 5183//5080 5113//5010 5185//5082
f 5190//5087 5210//5102 5143//5040
f 5190//5087 5143//5040 5191//5088
f 5187//5084 5126//5023 5125//5022
f 5187//5084 5125//5022 5129//5026
f 5121//5018 5146//5043 5189//5086
f 5121//5018 5189//5086 5122//5019
f 5180//5077 5117//5014 5123//5020
f 5180//5077 5123//5020 5181//5078
f 5182//5079 5131//5028 5114//5011
f 5182//5079 5114//5011 5183//5080
f 5126//5023 5187//5084 5204//5096
f 5126//5023 5204//5096 5201//5093
f 5110//5007 5061//4958 5141//5038
f 5110//5007 5141//5038 5111//5008
f 5227//5149 5199//5148 5198//5151
f 5227//5149 5198//5151 5228//5153
f 5231//5123 5160//5057 5224//5116
f 5231//5123 5224//5116 5230//5122
f 5235//5127 5173//5070 5233//5125
f 5235//5127 5233//5125 5242//5134
f 5214//5106 5233//5125 5232//5124
f 5214//5106 5232//5124 5213//5105
f 5225//5117 5208//5100 5207//5099
f 5225//5117 5207//5099 5224//5116
f 5213//5105 5241//5133 5240//5132
f 5213//5105 5240//5132 5225//5117
f 5223//5115 5161//5058 5160//5057
f 5223//5115 5160//5057 5220//5112
f 5243//5135 5223//5115 5222//5114
f 5243//5135 5222//5114 5236//5128
f 5161//5058 5243//5135 5242//5134
f 5161//5058 5242//5134 5214//5106
f 5236//5128 5222//5114 5239//5154
f 5236//5128 5239//5154 5237//5129
f 5173//5070 5235//5127 5234//5126
f 5173//5070 5234//5126 5174//5155
f 5226//5118 5172//5069 5171//5068
f 5226//5118 5171//5068 5227//5119
f 5228//5156 5218//5110 5209//5101
f 5228//5156 5209//5101 5229//5121
f 5206//5098 5165//5062 5230//5122
f 5206//5098 5230//5122 5207//5099
f 5220//5112 5231//5123 5168//5065
f 5220//5112 5168//5065 5221//5113
f 5241//5133 5232//5124 5172//5069
f 5241//5133 5172//5069 5226//5118
f 5229//5121 5209//5101 5208//5100
f 5229//5121 5208//5100 5240//5132
f 5166//5136 5197//5138 5196//5140
f 5166//5136 5196//5140 5167//5139
f 5200//5144 5234//5143 5237//5147
f 5200//5144 5237//5147 5195//5146
f 5238//5141 5196//5140 5195//5146
f 5238//5141 5195//5146 5239//5145
f 5199//5148 5171//5150 5174//5142
f 5199//5148 5174//5142 5200//5144
f 5197//5138 5219//5137 5218//5152
f 5197//5138 5218//5152 5198//5151
f 5219//5111 5166//5157 5165//5062
f 5219//5111 5165//5062 5206//5098
f 5221//5113 5168//5065 5167//5064
f 5221//5113 5167//5064 5238//5130
f 5244//5158 5245//5159 5246//5160
f 5244//5158 5246//5160 5247//5161
f 5248//5162 5249//5163 5250//5164
f 5248//5162 5250//5164 5251//5165
f 5252//5166 5253//5167 5254//5168
f 5252//5166 5254//5168 5255//5169
f 5256//5170 5257//5171 5258//5172
f 5256//5170 5258//5172 5259//5173
f 5260//5174 5261//5175 5253//5167
f 5260//5174 5253//5167 5252//5166
f 5255//5169 5254//5168 5262//5176
f 5255//5169 5262//5176 5263//5177
f 5264//5178 5265//5179 5249//5163
f 5264//5178 5249//5163 5248//5162
f 5266//5180 5267//5181 5268//5182
f 5266//5180 5268//5182 5269//5183
f 5269//5183 5268//5182 5270//5184
f 5269//5183 5270//5184 5271//5185
f 5272//5186 5273//5187 5257//5171
f 5272//5186 5257//5171 5256//5170
f 5259//5173 5258//5172 5274//5188
f 5259//5173 5274//5188 5275//5189
f 5275//5189 5274//5188 5276//5190
f 5275//5189 5276//5190 5277//5191
f 5277//5191 5276//5190 5261//5175
f 5277//5191 5261//5175 5260//5174
f 5278//5192 5279//5193 5280//5194
f 5278//5192 5280//5194 5281//5195
f 5282//5196 5283//5197 5284//5198
f 5282//5196 5284//5198 5285//5199
f 5285//5199 5284//5198 5286//5200
f 5285//5199 5286//5200 5287//5201
f 5288//5202 5289//5203 5290//5204
f 5288//5202 5290//5204 5291//5205
f 5291//5205 5290//5204 5292//5206
f 5291//5205 5292//5206 5293//5207
f 5263//5177 5262//5176 5279//5193
f 5263//5177 5279//5193 5278//5192
f 5294//5208 5295//5209 5296//5210
f 5294//5208 5296//5210 5266//5180
f 5297//5211 5298//5212 5299//5213
f 5297//5211 5299//5213 5300//5214
f 5301//5215 5302//5216 5303//5217
f 5301//5215 5303//5217 5304//5218
f 5305//5219 5306//5220 5272//5186
f 5305//5219 5272//5186 5256//5170
f 5307//5221 5301//5215 5304//5218
f 5307//5221 5304//5218 5308//5222
f 5309//5223 5310//5224 5311//5225
f 5309//5223 5311//5225 5312//5226
f 5263//5177 5313//5227 5314//5228
f 5263//5177 5314//5228 5255//5169
f 5315//5229 5316//5230 5317//5231
f 5315//5229 5317//5231 5318//5232
f 5271//5185 5270//5184 5319//5233
f 5271//5185 5319//5233 5320//5234
f 5251//5165 5321//5235 5322//5236
f 5251//5165 5322//5236 5323//5237
f 5324//5238 5325//5239 5245//5159
f 5324//5238 5245//5159 5244//5158
f 5326//5240 5327//5241 5328//5242
f 5326//5240 5328//5242 5329//5243
f 5330//5244 5331//5245 5332//5246
f 5330//5244 5332//5246 5333//5247
f 5251//5165 5250//5164 5334//5248
f 5251//5165 5334//5248 5321//5235
f 5293//5207 5292//5206 5265//5179
f 5293//5207 5265//5179 5264//5178
f 5287//5201 5286//5200 5289//5203
f 5287//5201 5289//5203 5288//5202
f 5281//5195 5280//5194 5283//5197
f 5281//5195 5283//5197 5282//5196
f 5335//5249 5303//5217 5336//5250
f 5335//5249 5304//5218 5303//5217
f 5337//5251 5299//5213 5318//5232
f 5337//5251 5318//5232 5338//5252
f 5338//5252 5317//5231 5339//5253
f 5338//5252 5318//5232 5317//5231
f 5340//5254 5341//5255 5342//5256
f 5343//5257 5244//5158 5247//5161
f 5343//5257 5344//5258 5345//5259
f 5343//5257 5345//5259 5335//5249
f 5338//5252 5308//5222 5304//5218
f 5338//5252 5304//5218 5335//5249
f 5346//5260 5300//5214 5337//5251
f 5343//5257 5247//5161 5347//5261
f 5348//5262 5346//5260 5337//5251
f 5312//5226 5311//5225 5337//5251
f 5312//5226 5337//5251 5342//5256
f 5349//5263 5350//5264 5351//5265
f 5349//5263 5351//5265 5352//5266
f 5338//5252 5339//5253 5308//5222
f 5353//5267 5342//5256 5354//5268
f 5353//5267 5354//5268 5328//5242
f 5332//5246 5354//5268 5333//5247
f 5341//5255 5312//5226 5342//5256
f 5340//5254 5342//5256 5353//5267
f 5355//5269 5356//5270 5357//5271
f 5355//5269 5357//5271 5358//5272
f 5329//5243 5354//5268 5332//5246
f 5359//5273 5343//5257 5360//5274
f 5343//5257 5335//5249 5324//5238
f 5343//5257 5324//5238 5244//5158
f 5335//5249 5336//5250 5324//5238
f 5361//5275 5362//5276 5271//5185
f 5361//5275 5271//5185 5320//5234
f 5314//5228 5363//5277 5252//5166
f 5314//5228 5252//5166 5255//5169
f 5248//5162 5364//5278 5365//5279
f 5248//5162 5365//5279 5264//5178
f 5366//5280 5367//5281 5287//5201
f 5366//5280 5287//5201 5288//5202
f 5324//5238 5336//5250 5368//5282
f 5324//5238 5368//5282 5325//5239
f 5369//5283 5370//5284 5282//5196
f 5369//5283 5282//5196 5285//5199
f 5295//5209 5322//5236 5321//5235
f 5295//5209 5321//5235 5296//5210
f 5371//5285 5313//5227 5263//5177
f 5371//5285 5263//5177 5278//5192
f 5372//5286 5373//5287 5359//5273
f 5372//5286 5359//5273 5360//5274
f 5374//5288 5375//5289 5277//5191
f 5374//5288 5277//5191 5260//5174
f 5259//5173 5376//5290 5305//5219
f 5259//5173 5305//5219 5256//5170
f 5251//5165 5323//5237 5364//5278
f 5251//5165 5364//5278 5248//5162
f 5347//5261 5247//5161 5246//5160
f 5347//5261 5246//5160 5377//5291
f 5378//5292 5366//5280 5288//5202
f 5378//5292 5288//5202 5291//5205
f 5298//5212 5315//5229 5318//5232
f 5298//5212 5318//5232 5299//5213
f 5379//5293 5380//5293 5381//5293
f 5381//5293 5382//5293 5383//5293
f 5383//5293 5384//5293 5379//5293
f 5381//5293 5383//5293 5379//5293
f 5310//5224 5385//5294 5348//5262
f 5310//5224 5348//5262 5311//5225
f 5269//5183 5386//5295 5294//5208
f 5269//5183 5294//5208 5266//5180
f 5387//5296 5309//5223 5312//5226
f 5387//5296 5312//5226 5341//5255
f 5370//5284 5388//5297 5281//5195
f 5370//5284 5281//5195 5282//5196
f 5259//5173 5275//5189 5389//5298
f 5259//5173 5389//5298 5376//5290
f 5390//5299 5391//5300 5392//5301
f 5390//5299 5392//5301 5393//5302
f 5353//5267 5328//5242 5327//5241
f 5353//5267 5327//5241 5394//5303
f 5321//5235 5334//5248 5395//5304
f 5321//5235 5395//5304 5296//5210
f 5346//5260 5348//5262 5385//5294
f 5346//5260 5385//5294 5396//5305
f 5281//5195 5388//5297 5371//5285
f 5281//5195 5371//5285 5278//5192
f 5397//5306 5337//5251 5338//5252
f 5397//5306 5338//5252 5398//5307
f 5311//5225 5348//5262 5337//5251
f 5340//5254 5353//5267 5394//5303
f 5340//5254 5394//5303 5399//5308
f 5365//5279 5400//5309 5293//5207
f 5365//5279 5293//5207 5264//5178
f 5362//5276 5386//5295 5269//5183
f 5362//5276 5269//5183 5271//5185
f 5396//5305 5297//5211 5300//5214
f 5396//5305 5300//5214 5346//5260
f 5401//5310 5307//5221 5308//5222
f 5401//5310 5308//5222 5339//5253
f 5302//5216 5368//5282 5336//5250
f 5302//5216 5336//5250 5303//5217
f 5328//5242 5354//5268 5329//5243
f 5377//5291 5372//5286 5360//5274
f 5377//5291 5360//5274 5347//5261
f 5373//5287 5330//5244 5333//5247
f 5373//5287 5333//5247 5359//5273
f 5360//5274 5343//5257 5347//5261
f 5329//5243 5332//5246 5331//5245
f 5329//5243 5331//5245 5326//5240
f 5363//5277 5374//5288 5260//5174
f 5363//5277 5260//5174 5252//5166
f 5287//5201 5367//5281 5369//5283
f 5287//5201 5369//5283 5285//5199
f 5375//5289 5389//5298 5275//5189
f 5375//5289 5275//5189 5277//5191
f 5399//5308 5387//5296 5341//5255
f 5399//5308 5341//5255 5340//5254
f 5339//5253 5317//5231 5316//5230
f 5339//5253 5316//5230 5401//5310
f 5320//5234 5319//5233 5273//5187
f 5320//5234 5273//5187 5272//5186
f 5267//5181 5266//5180 5296//5210
f 5267//5181 5296//5210 5395//5304
f 5306//5220 5361//5275 5320//5234
f 5306//5220 5320//5234 5272//5186
f 5400//5309 5378//5292 5291//5205
f 5400//5309 5291//5205 5293//5207
f 5337//5251 5300//5214 5299//5213
f 5402//5311 5403//5312 5390//5299
f 5402//5311 5390//5299 5393//5302
f 5404//5313 5405//5314 5406//5315
f 5404//5313 5406//5315 5407//5316
f 5408//5317 5354//5268 5342//5256
f 5408//5317 5342//5256 5409//5318
f 5410//5319 5411//5320 5412//5321
f 5410//5319 5412//5321 5413//5322
f 5409//5318 5342//5256 5337//5251
f 5409//5318 5337//5251 5397//5306
f 5414//5323 5349//5263 5352//5266
f 5414//5323 5352//5266 5415//5324
f 5354//5268 5408//5317 5344//5258
f 5354//5268 5344//5258 5343//5257
f 5356//5270 5416//5325 5417//5326
f 5356//5270 5417//5326 5357//5271
f 5418//5327 5419//5328 5420//5329
f 5418//5327 5420//5329 5421//5330
f 5398//5307 5338//5252 5335//5249
f 5398//5307 5335//5249 5345//5259
f 5405//5314 5422//5331 5423//5332
f 5405//5314 5423//5332 5406//5315
f 5413//5322 5424//5333 5425//5334
f 5413//5322 5425//5334 5410//5319
f 5419//5328 5426//5335 5427//5336
f 5419//5328 5427//5336 5420//5329
f 5333//5247 5354//5268 5343//5257
f 5333//5247 5343//5257 5359//5273
f 5350//5337 5403//5338 5381//5339
f 5414//5323 5408//5317 5391//5300
f 5415//5324 5404//5313 5344//5258
f 5407//5316 5427//5336 5345//5259
f 5416//5325 5425//5334 5397//5306
f 5426//5335 5417//5326 5398//5307
f 5392//5301 5409//5318 5424//5333
f 5351//5340 5380//5341 5422//5342
f 5358//5343 5418//5344 5384//5345
f 5423//5346 5379//5347 5421//5348
f 5383//5349 5411//5350 5355//5351
f 5382//5352 5402//5353 5412//5354
f 5363//5277 5399//5308 5394//5303
f 5363//5277 5394//5303 5374//5288
f 5362//5276 5377//5291 5246//5160
f 5362//5276 5246//5160 5386//5295
f 5376//5290 5331//5245 5330//5244
f 5376//5290 5330//5244 5305//5219
f 5323//5237 5302//5216 5301//5215
f 5323//5237 5301//5215 5364//5278
f 5378//5292 5316//5230 5315//5229
f 5378//5292 5315//5229 5366//5280
f 5370//5284 5396//5305 5385//5294
f 5370//5284 5385//5294 5388//5297
f 5314//5228 5387//5296 5399//5308
f 5314//5228 5399//5308 5363//5277
f 5245//5159 5294//5208 5386//5295
f 5245//5159 5386//5295 5246//5160
f 5361//5275 5372//5286 5377//5291
f 5361//5275 5377//5291 5362//5276
f 5389//5298 5326//5240 5331//5245
f 5389//5298 5331//5245 5376//5290
f 5322//5236 5368//5282 5302//5216
f 5322//5236 5302//5216 5323//5237
f 5400//5309 5401//5310 5316//5230
f 5400//5309 5316//5230 5378//5292
f 5369//5283 5297//5211 5396//5305
f 5369//5283 5396//5305 5370//5284
f 5313//5227 5309//5223 5387//5296
f 5313//5227 5387//5296 5314//5228
f 5365//5279 5307//5221 5401//5310
f 5365//5279 5401//5310 5400//5309
f 5375//5289 5327//5241 5326//5240
f 5375//5289 5326//5240 5389//5298
f 5306//5220 5373//5287 5372//5286
f 5306//5220 5372//5286 5361//5275
f 5295//5209 5325//5239 5368//5282
f 5295//5209 5368//5282 5322//5236
f 5367//5281 5298//5212 5297//5211
f 5367//5281 5297//5211 5369//5283
f 5374//5288 5394//5303 5327//5241
f 5374//5288 5327//5241 5375//5289
f 5371//5285 5310//5224 5309//5223
f 5371//5285 5309//5223 5313//5227
f 5305//5219 5330//5244 5373//5287
f 5305//5219 5373//5287 5306//5220
f 5364//5278 5301//5215 5307//5221
f 5364//5278 5307//5221 5365//5279
f 5366//5280 5315//5229 5298//5212
f 5366//5280 5298//5212 5367//5281
f 5310//5224 5371//5285 5388//5297
f 5310//5224 5388//5297 5385//5294
f 5294//5208 5245//5159 5325//5239
f 5294//5208 5325//5239 5295//5209
f 5411//5350 5383//5349 5382//5352
f 5411//5350 5382//5352 5412//5354
f 5415//5324 5344//5258 5408//5317
f 5415//5324 5408//5317 5414//5323
f 5419//5328 5357//5271 5417//5326
f 5419//5328 5417//5326 5426//5335
f 5398//5307 5417//5326 5416//5325
f 5398//5307 5416//5325 5397//5306
f 5409//5318 5392//5301 5391//5300
f 5409//5318 5391//5300 5408//5317
f 5397//5306 5425//5334 5424//5333
f 5397//5306 5424//5333 5409//5318
f 5407//5316 5345//5259 5344//5258
f 5407//5316 5344//5258 5404//5313
f 5427//5336 5407//5316 5406//5315
f 5427//5336 5406//5315 5420//5329
f 5345//5259 5427//5336 5426//5335
f 5345//5259 5426//5335 5398//5307
f 5420//5329 5406//5315 5423//5355
f 5420//5329 5423//5355 5421//5330
f 5357//5271 5419//5328 5418//5327
f 5357//5271 5418//5327 5358//5356
f 5410//5319 5356//5270 5355//5269
f 5410//5319 5355//5269 5411//5320
f 5412//5357 5402//5311 5393//5302
f 5412//5357 5393//5302 5413//5322
f 5390//5299 5349//5263 5414//5323
f 5390//5299 5414//5323 5391//5300
f 5404//5313 5415//5324 5352//5266
f 5404//5313 5352//5266 5405//5314
f 5425//5334 5416//5325 5356//5270
f 5425//5334 5356//5270 5410//5319
f 5413//5322 5393//5302 5392//5301
f 5413//5322 5392//5301 5424//5333
f 5350//5337 5381//5339 5380//5341
f 5350//5337 5380//5341 5351//5340
f 5384//5345 5418//5344 5421//5348
f 5384//5345 5421//5348 5379//5347
f 5422//5342 5380//5341 5379//5347
f 5422//5342 5379//5347 5423//5346
f 5383//5349 5355//5351 5358//5343
f 5383//5349 5358//5343 5384//5345
f 5381//5339 5403//5338 5402//5353
f 5381//5339 5402//5353 5382//5352
f 5403//5312 5350//5358 5349//5263
f 5403//5312 5349//5263 5390//5299
f 5405//5314 5352//5266 5351//5265
f 5405//5314 5351//5265 5422//5331
f 5428//5359 5429//5360 5430//5361
f 5428//5359 5430//5361 5431//5362
f 5432//5363 5433//5364 5434//5365
f 5432//5363 5434//5365 5435//5366
f 5436//5367 5437//5368 5438//5369
f 5436//5367 5438//5369 5439//5370
f 5440//5371 5441//5372 5442//5373
f 5440//5371 5442//5373 5443//5374
f 5444//5375 5445//5376 5437//5368
f 5444//5375 5437//5368 5436//5367
f 5439//5370 5438//5369 5446//5377
f 5439//5370 5446//5377 5447//5378
f 5448//5379 5449//5380 5433//5364
f 5448//5379 5433//5364 5432//5363
f 5450//5381 5451//5382 5452//5383
f 5450//5381 5452//5383 5453//5384
f 5453//5384 5452//5383 5454//5385
f 5453//5384 5454//5385 5455//5386
f 5456//5387 5457//5388 5441//5372
f 5456//5387 5441//5372 5440//5371
f 5443//5374 5442//5373 5458//5389
f 5443//5374 5458//5389 5459//5390
f 5459//5390 5458//5389 5460//5391
f 5459//5390 5460//5391 5461//5392
f 5461//5392 5460//5391 5445//5376
f 5461//5392 5445//5376 5444//5375
f 5462//5393 5463//5394 5464//5395
f 5462//5393 5464//5395 5465//5396
f 5466//5397 5467//5398 5468//5399
f 5466//5397 5468//5399 5469//5400
f 5469//5400 5468//5399 5470//5401
f 5469//5400 5470//5401 5471//5402
f 5472//5403 5473//5404 5474//5405
f 5472//5403 5474//5405 5475//5406
f 5475//5406 5474//5405 5476//5407
f 5475//5406 5476//5407 5477//5408
f 5447//5378 5446//5377 5463//5394
f 5447//5378 5463//5394 5462//5393
f 5478//5409 5479//5410 5480//5411
f 5478//5409 5480//5411 5450//5381
f 5481//5412 5482//5413 5483//5414
f 5481//5412 5483//5414 5484//5415
f 5485//5416 5486//5417 5487//5418
f 5485//5416 5487//5418 5488//5419
f 5489//5420 5490//5421 5456//5387
f 5489//5420 5456//5387 5440//5371
f 5491//5422 5485//5416 5488//5419
f 5491//5422 5488//5419 5492//5423
f 5493//5424 5494//5425 5495//5426
f 5493//5424 5495//5426 5496//5427
f 5447//5378 5497//5428 5498//5429
f 5447//5378 5498//5429 5439//5370
f 5499//5430 5500//5431 5501//5432
f 5499//5430 5501//5432 5502//5433
f 5455//5386 5454//5385 5503//5434
f 5455//5386 5503//5434 5504//5435
f 5435//5366 5505//5436 5506//5437
f 5435//5366 5506//5437 5507//5438
f 5508//5439 5509//5440 5429//5360
f 5508//5439 5429//5360 5428//5359
f 5510//5441 5511//5442 5512//5443
f 5510//5441 5512//5443 5513//5444
f 5514//5445 5515//5446 5516//5447
f 5514//5445 5516//5447 5517//5448
f 5435//5366 5434//5365 5518//5449
f 5435//5366 5518//5449 5505//5436
f 5477//5408 5476//5407 5449//5380
f 5477//5408 5449//5380 5448//5379
f 5471//5402 5470//5401 5473//5404
f 5471//5402 5473//5404 5472//5403
f 5465//5396 5464//5395 5467//5398
f 5465//5396 5467//5398 5466//5397
f 5519//5450 5487//5418 5520//5451
f 5519//5450 5488//5419 5487//5418
f 5521//5452 5483//5414 5502//5433
f 5521//5452 5502//5433 5522//5453
f 5522//5453 5501//5432 5523//5454
f 5522//5453 5502//5433 5501//5432
f 5524//5455 5525//5456 5526//5457
f 5527//5458 5428//5359 5431//5362
f 5527//5458 5528//5459 5529//5460
f 5527//5458 5529//5460 5519//5450
f 5522//5453 5492//5423 5488//5419
f 5522//5453 5488//5419 5519//5450
f 5530//5461 5484//5415 5521//5452
f 5527//5458 5431//5362 5531//5462
f 5532//5463 5530//5461 5521//5452
f 5496//5427 5495//5426 5521//5452
f 5496//5427 5521//5452 5526//5457
f 5533//5464 5534//5465 5535//5466
f 5533//5464 5535//5466 5536//5467
f 5522//5453 5523//5454 5492//5423
f 5537//5468 5526//5457 5538//5469
f 5537//5468 5538//5469 5512//5443
f 5516//5447 5538//5469 5517//5448
f 5525//5456 5496//5427 5526//5457
f 5524//5455 5526//5457 5537//5468
f 5539//5470 5540//5471 5541//5472
f 5539//5470 5541//5472 5542//5473
f 5513//5444 5538//5469 5516//5447
f 5543//5474 5527//5458 5544//5475
f 5527//5458 5519//5450 5508//5439
f 5527//5458 5508//5439 5428//5359
f 5519//5450 5520//5451 5508//5439
f 5545//5476 5546//5477 5455//5386
f 5545//5476 5455//5386 5504//5435
f 5498//5429 5547//5478 5436//5367
f 5498//5429 5436//5367 5439//5370
f 5432//5363 5548//5479 5549//5480
f 5432//5363 5549//5480 5448//5379
f 5550//5481 5551//5482 5471//5402
f 5550//5481 5471//5402 5472//5403
f 5508//5439 5520//5451 5552//5483
f 5508//5439 5552//5483 5509//5440
f 5553//5484 5554//5485 5466//5397
f 5553//5484 5466//5397 5469//5400
f 5479//5410 5506//5437 5505//5436
f 5479//5410 5505//5436 5480//5411
f 5555//5486 5497//5428 5447//5378
f 5555//5486 5447//5378 5462//5393
f 5556//5487 5557//5488 5543//5474
f 5556//5487 5543//5474 5544//5475
f 5558//5489 5559//5490 5461//5392
f 5558//5489 5461//5392 5444//5375
f 5443//5374 5560//5491 5489//5420
f 5443//5374 5489//5420 5440//5371
f 5435//5366 5507//5438 5548//5479
f 5435//5366 5548//5479 5432//5363
f 5531//5462 5431//5362 5430//5361
f 5531//5462 5430//5361 5561//5492
f 5562//5493 5550//5481 5472//5403
f 5562//5493 5472//5403 5475//5406
f 5482//5413 5499//5430 5502//5433
f 5482//5413 5502//5433 5483//5414
f 5563//5494 5564//5494 5565//5494
f 5565//5494 5566//5494 5567//5494
f 5567//5494 5568//5494 5563//5494
f 5565//5494 5567//5494 5563//5494
f 5494//5425 5569//5495 5532//5463
f 5494//5425 5532//5463 5495//5426
f 5453//5384 5570//5496 5478//5409
f 5453//5384 5478//5409 5450//5381
f 5571//5497 5493//5424 5496//5427
f 5571//5497 5496//5427 5525//5456
f 5554//5485 5572//5498 5465//5396
f 5554//5485 5465//5396 5466//5397
f 5443//5374 5459//5390 5573//5499
f 5443//5374 5573//5499 5560//5491
f 5574//5500 5575//5501 5576//5502
f 5574//5500 5576//5502 5577//5503
f 5537//5468 5512//5443 5511//5442
f 5537//5468 5511//5442 5578//5504
f 5505//5436 5518//5449 5579//5505
f 5505//5436 5579//5505 5480//5411
f 5530//5461 5532//5463 5569//5495
f 5530//5461 5569//5495 5580//5506
f 5465//5396 5572//5498 5555//5486
f 5465//5396 5555//5486 5462//5393
f 5581//5507 5521//5452 5522//5453
f 5581//5507 5522//5453 5582//5508
f 5495//5426 5532//5463 5521//5452
f 5524//5455 5537//5468 5578//5504
f 5524//5455 5578//5504 5583//5509
f 5549//5480 5584//5510 5477//5408
f 5549//5480 5477//5408 5448//5379
f 5546//5477 5570//5496 5453//5384
f 5546//5477 5453//5384 5455//5386
f 5580//5506 5481//5412 5484//5415
f 5580//5506 5484//5415 5530//5461
f 5585//5511 5491//5422 5492//5423
f 5585//5511 5492//5423 5523//5454
f 5486//5417 5552//5483 5520//5451
f 5486//5417 5520//5451 5487//5418
f 5512//5443 5538//5469 5513//5444
f 5561//5492 5556//5487 5544//5475
f 5561//5492 5544//5475 5531//5462
f 5557//5488 5514//5445 5517//5448
f 5557//5488 5517//5448 5543//5474
f 5544//5475 5527//5458 5531//5462
f 5513//5444 5516//5447 5515//5446
f 5513//5444 5515//5446 5510//5441
f 5547//5478 5558//5489 5444//5375
f 5547//5478 5444//5375 5436//5367
f 5471//5402 5551//5482 5553//5484
f 5471//5402 5553//5484 5469//5400
f 5559//5490 5573//5499 5459//5390
f 5559//5490 5459//5390 5461//5392
f 5583//5509 5571//5497 5525//5456
f 5583//5509 5525//5456 5524//5455
f 5523//5454 5501//5432 5500//5431
f 5523//5454 5500//5431 5585//5511
f 5504//5435 5503//5434 5457//5388
f 5504//5435 5457//5388 5456//5387
f 5451//5382 5450//5381 5480//5411
f 5451//5382 5480//5411 5579//5505
f 5490//5421 5545//5476 5504//5435
f 5490//5421 5504//5435 5456//5387
f 5584//5510 5562//5493 5475//5406
f 5584//5510 5475//5406 5477//5408
f 5521//5452 5484//5415 5483//5414
f 5586//5512 5587//5513 5574//5500
f 5586//5512 5574//5500 5577//5503
f 5588//5514 5589//5515 5590//5516
f 5588//5514 5590//5516 5591//5517
f 5592//5518 5538//5469 5526//5457
f 5592//5518 5526//5457 5593//5519
f 5594//5520 5595//5521 5596//5522
f 5594//5520 5596//5522 5597//5523
f 5593//5519 5526//5457 5521//5452
f 5593//5519 5521//5452 5581//5507
f 5598//5524 5533//5464 5536//5467
f 5598//5524 5536//5467 5599//5525
f 5538//5469 5592//5518 5528//5459
f 5538//5469 5528//5459 5527//5458
f 5540//5471 5600//5526 5601//5527
f 5540//5471 5601//5527 5541//5472
f 5602//5528 5603//5529 5604//5530
f 5602//5528 5604//5530 5605//5531
f 5582//5508 5522//5453 5519//5450
f 5582//5508 5519//5450 5529//5460
f 5589//5515 5606//5532 5607//5533
f 5589//5515 5607//5533 5590//5516
f 5597//5523 5608//5534 5609//5535
f 5597//5523 5609//5535 5594//5520
f 5603//5529 5610//5536 5611//5537
f 5603//5529 5611//5537 5604//5530
f 5517//5448 5538//5469 5527//5458
f 5517//5448 5527//5458 5543//5474
f 5534//5538 5587//5539 5565//5540
f 5598//5524 5592//5518 5575//5501
f 5599//5525 5588//5514 5528//5459
f 5591//5517 5611//5537 5529//5460
f 5600//5526 5609//5535 5581//5507
f 5610//5536 5601//5527 5582//5508
f 5576//5502 5593//5519 5608//5534
f 5535//5541 5564//5542 5606//5543
f 5542//5544 5602//5545 5568//5546
f 5607//5547 5563//5548 5605//5549
f 5567//5550 5595//5551 5539//5552
f 5566//5553 5586//5554 5596//5555
f 5547//5478 5583//5509 5578//5504
f 5547//5478 5578//5504 5558//5489
f 5546//5477 5561//5492 5430//5361
f 5546//5477 5430//5361 5570//5496
f 5560//5491 5515//5446 5514//5445
f 5560//5491 5514//5445 5489//5420
f 5507//5438 5486//5417 5485//5416
f 5507//5438 5485//5416 5548//5479
f 5562//5493 5500//5431 5499//5430
f 5562//5493 5499//5430 5550//5481
f 5554//5485 5580//5506 5569//5495
f 5554//5485 5569//5495 5572//5498
f 5498//5429 5571//5497 5583//5509
f 5498//5429 5583//5509 5547//5478
f 5429//5360 5478//5409 5570//5496
f 5429//5360 5570//5496 5430//5361
f 5545//5476 5556//5487 5561//5492
f 5545//5476 5561//5492 5546//5477
f 5573//5499 5510//5441 5515//5446
f 5573//5499 5515//5446 5560//5491
f 5506//5437 5552//5483 5486//5417
f 5506//5437 5486//5417 5507//5438
f 5584//5510 5585//5511 5500//5431
f 5584//5510 5500//5431 5562//5493
f 5553//5484 5481//5412 5580//5506
f 5553//5484 5580//5506 5554//5485
f 5497//5428 5493//5424 5571//5497
f 5497//5428 5571//5497 5498//5429
f 5549//5480 5491//5422 5585//5511
f 5549//5480 5585//5511 5584//5510
f 5559//5490 5511//5442 5510//5441
f 5559//5490 5510//5441 5573//5499
f 5490//5421 5557//5488 5556//5487
f 5490//5421 5556//5487 5545//5476
f 5479//5410 5509//5440 5552//5483
f 5479//5410 5552//5483 5506//5437
f 5551//5482 5482//5413 5481//5412
f 5551//5482 5481//5412 5553//5484
f 5558//5489 5578//5504 5511//5442
f 5558//5489 5511//5442 5559//5490
f 5555//5486 5494//5425 5493//5424
f 5555//5486 5493//5424 5497//5428
f 5489//5420 5514//5445 5557//5488
f 5489//5420 5557//5488 5490//5421
f 5548//5479 5485//5416 5491//5422
f 5548//5479 5491//5422 5549//5480
f 5550//5481 5499//5430 5482//5413
f 5550//5481 5482//5413 5551//5482
f 5494//5425 5555//5486 5572//5498
f 5494//5425 5572//5498 5569//5495
f 5478//5409 5429//5360 5509//5440
f 5478//5409 5509//5440 5479//5410
f 5595//5551 5567//5550 5566//5553
f 5595//5551 5566//5553 5596//5555
f 5599//5525 5528//5459 5592//5518
f 5599//5525 5592//5518 5598//5524
f 5603//5529 5541//5472 5601//5527
f 5603//5529 5601//5527 5610//5536
f 5582//5508 5601//5527 5600//5526
f 5582//5508 5600//5526 5581//5507
f 5593//5519 5576//5502 5575//5501
f 5593//5519 5575//5501 5592//5518
f 5581//5507 5609//5535 5608//5534
f 5581//5507 5608//5534 5593//5519
f 5591//5517 5529//5460 5528//5459
f 5591//5517 5528//5459 5588//5514
f 5611//5537 5591//5517 5590//5516
f 5611//5537 5590//5516 5604//5530
f 5529//5460 5611//5537 5610//5536
f 5529//5460 5610//5536 5582//5508
f 5604//5530 5590//5516 5607//5556
f 5604//5530 5607//5556 5605//5531
f 5541//5472 5603//5529 5602//5528
f 5541//5472 5602//5528 5542//5557
f 5594//5520 5540//5471 5539//5470
f 5594//5520 5539//5470 5595//5521
f 5596//5558 5586//5512 5577//5503
f 5596//5558 5577//5503 5597//5523
f 5574//5500 5533//5464 5598//5524
f 5574//5500 5598//5524 5575//5501
f 5588//5514 5599//5525 5536//5467
f 5588//5514 5536//5467 5589//5515
f 5609//5535 5600//5526 5540//5471
f 5609//5535 5540//5471 5594//5520
f 5597//5523 5577//5503 5576//5502
f 5597//5523 5576//5502 5608//5534
f 5534//5538 5565//5540 5564//5542
f 5534//5538 5564//5542 5535//5541
f 5568//5546 5602//5545 5605//5549
f 5568//5546 5605//5549 5563//5548
f 5606//5543 5564//5542 5563//5548
f 5606//5543 5563//5548 5607//5547
f 5567//5550 5539//5552 5542//5544
f 5567//5550 5542//5544 5568//5546
f 5565//5540 5587//5539 5586//5554
f 5565//5540 5586//5554 5566//5553
f 5587//5513 5534//5559 5533//5464
f 5587//5513 5533//5464 5574//5500
f 5589//5515 5536//5467 5535//5466
f 5589//5515 5535//5466 5606//5532
f 5612//5560 5613//5561 5614//5562
f 5612//5560 5614//5562 5615//5563
f 5616//5564 5617//5565 5618//5566
f 5616//5564 5618//5566 5619//5567
f 5620//5568 5621//5569 5622//5570
f 5620//5568 5622//5570 5623//5571
f 5624//5572 5625//5573 5626//5574
f 5624//5572 5626//5574 5627//5575
f 5628//5576 5629//5577 5621//5569
f 5628//5576 5621//5569 5620//5568
f 5623//5571 5622//5570 5630//5578
f 5623//5571 5630//5578 5631//5579
f 5632//5580 5633//5581 5617//5565
f 5632//5580 5617//5565 5616//5564
f 5634//5582 5635//5583 5636//5584
f 5634//5582 5636//5584 5637//5585
f 5637//5585 5636//5584 5638//5586
f 5637//5585 5638//5586 5639//5587
f 5640//5588 5641//5589 5625//5573
f 5640//5588 5625//5573 5624//5572
f 5627//5575 5626//5574 5642//5590
f 5627//5575 5642//5590 5643//5591
f 5643//5591 5642//5590 5644//5592
f 5643//5591 5644//5592 5645//5593
f 5645//5593 5644//5592 5629//5577
f 5645//5593 5629//5577 5628//5576
f 5646//5594 5647//5595 5648//5596
f 5646//5594 5648//5596 5649//5597
f 5650//5598 5651//5599 5652//5600
f 5650//5598 5652//5600 5653//5601
f 5653//5601 5652//5600 5654//5602
f 5653//5601 5654//5602 5655//5603
f 5656//5604 5657//5605 5658//5606
f 5656//5604 5658//5606 5659//5607
f 5659//5607 5658//5606 5660//5608
f 5659//5607 5660//5608 5661//5609
f 5631//5579 5630//5578 5647//5595
f 5631//5579 5647//5595 5646//5594
f 5662//5610 5663//5611 5664//5612
f 5662//5610 5664//5612 5634//5582
f 5665//5613 5666//5614 5667//5615
f 5665//5613 5667//5615 5668//5616
f 5669//5617 5670//5618 5671//5619
f 5669//5617 5671//5619 5672//5620
f 5673//5621 5674//5622 5640//5588
f 5673//5621 5640//5588 5624//5572
f 5675//5623 5669//5617 5672//5620
f 5675//5623 5672//5620 5676//5624
f 5677//5625 5678//5626 5679//5627
f 5677//5625 5679//5627 5680//5628
f 5631//5579 5681//5629 5682//5630
f 5631//5579 5682//5630 5623//5571
f 5683//5631 5684//5632 5685//5633
f 5683//5631 5685//5633 5686//5634
f 5639//5587 5638//5586 5687//5635
f 5639//5587 5687//5635 5688//5636
f 5619//5567 5689//5637 5690//5638
f 5619//5567 5690//5638 5691//5639
f 5692//5640 5693//5641 5613//5561
f 5692//5640 5613//5561 5612//5560
f 5694//5642 5695//5643 5696//5644
f 5694//5642 5696//5644 5697//5645
f 5698//5646 5699//5647 5700//5648
f 5698//5646 5700//5648 5701//5649
f 5619//5567 5618//5566 5702//5650
f 5619//5567 5702//5650 5689//5637
f 5661//5609 5660//5608 5633//5581
f 5661//5609 5633//5581 5632//5580
f 5655//5603 5654//5602 5657//5605
f 5655//5603 5657//5605 5656//5604
f 5649//5597 5648//5596 5651//5599
f 5649//5597 5651//5599 5650//5598
f 5703//5651 5671//5619 5704//5652
f 5703//5651 5672//5620 5671//5619
f 5705//5653 5667//5615 5686//5634
f 5705//5653 5686//5634 5706//5654
f 5706//5654 5685//5633 5707//5655
f 5706//5654 5686//5634 5685//5633
f 5708//5656 5709//5657 5710//5658
f 5711//5659 5612//5560 5615//5563
f 5711//5659 5712//5660 5713//5661
f 5711//5659 5713//5661 5703//5651
f 5706//5654 5676//5624 5672//5620
f 5706//5654 5672//5620 5703//5651
f 5714//5662 5668//5616 5705//5653
f 5711//5659 5615//5563 5715//5663
f 5716//5664 5714//5662 5705//5653
f 5680//5628 5679//5627 5705//5653
f 5680//5628 5705//5653 5710//5658
f 5717//5665 5718//5666 5719//5667
f 5717//5665 5719//5667 5720//5668
f 5706//5654 5707//5655 5676//5624
f 5721//5669 5710//5658 5722//5670
f 5721//5669 5722//5670 5696//5644
f 5700//5648 5722//5670 5701//5649
f 5709//5657 5680//5628 5710//5658
f 5708//5656 5710//5658 5721//5669
f 5723//5671 5724//5672 5725//5673
f 5723//5671 5725//5673 5726//5674
f 5697//5645 5722//5670 5700//5648
f 5727//5675 5711//5659 5728//5676
f 5711//5659 5703//5651 5692//5640
f 5711//5659 5692//5640 5612//5560
f 5703//5651 5704//5652 5692//5640
f 5729//5677 5730//5678 5639//5587
f 5729//5677 5639//5587 5688//5636
f 5682//5630 5731//5679 5620//5568
f 5682//5630 5620//5568 5623//5571
f 5616//5564 5732//5680 5733//5681
f 5616//5564 5733//5681 5632//5580
f 5734//5682 5735//5683 5655//5603
f 5734//5682 5655//5603 5656//5604
f 5692//5640 5704//5652 5736//5684
f 5692//5640 5736//5684 5693//5641
f 5737//5685 5738//5686 5650//5598
f 5737//5685 5650//5598 5653//5601
f 5663//5611 5690//5638 5689//5637
f 5663//5611 5689//5637 5664//5612
f 5739//5687 5681//5629 5631//5579
f 5739//5687 5631//5579 5646//5594
f 5740//5688 5741//5689 5727//5675
f 5740//5688 5727//5675 5728//5676
f 5742//5690 5743//5691 5645//5593
f 5742//5690 5645//5593 5628//5576
f 5627//5575 5744//5692 5673//5621
f 5627//5575 5673//5621 5624//5572
f 5619//5567 5691//5639 5732//5680
f 5619//5567 5732//5680 5616//5564
f 5715//5663 5615//5563 5614//5562
f 5715//5663 5614//5562 5745//5693
f 5746//5694 5734//5682 5656//5604
f 5746//5694 5656//5604 5659//5607
f 5666//5614 5683//5631 5686//5634
f 5666//5614 5686//5634 5667//5615
f 5747//5695 5748//5695 5749//5695
f 5749//5695 5750//5695 5751//5695
f 5751//5695 5752//5695 5747//5695
f 5749//5695 5751//5695 5747//5695
f 5678//5626 5753//5696 5716//5664
f 5678//5626 5716//5664 5679//5627
f 5637//5585 5754//5697 5662//5610
f 5637//5585 5662//5610 5634//5582
f 5755//5698 5677//5625 5680//5628
f 5755//5698 5680//5628 5709//5657
f 5738//5686 5756//5699 5649//5597
f 5738//5686 5649//5597 5650//5598
f 5627//5575 5643//5591 5757//5700
f 5627//5575 5757//5700 5744//5692
f 5758//5701 5759//5702 5760//5703
f 5758//5701 5760//5703 5761//5704
f 5721//5669 5696//5644 5695//5643
f 5721//5669 5695//5643 5762//5705
f 5689//5637 5702//5650 5763//5706
f 5689//5637 5763//5706 5664//5612
f 5714//5662 5716//5664 5753//5696
f 5714//5662 5753//5696 5764//5707
f 5649//5597 5756//5699 5739//5687
f 5649//5597 5739//5687 5646//5594
f 5765//5708 5705//5653 5706//5654
f 5765//5708 5706//5654 5766//5709
f 5679//5627 5716//5664 5705//5653
f 5708//5656 5721//5669 5762//5705
f 5708//5656 5762//5705 5767//5710
f 5733//5681 5768//5711 5661//5609
f 5733//5681 5661//5609 5632//5580
f 5730//5678 5754//5697 5637//5585
f 5730//5678 5637//5585 5639//5587
f 5764//5707 5665//5613 5668//5616
f 5764//5707 5668//5616 5714//5662
f 5769//5712 5675//5623 5676//5624
f 5769//5712 5676//5624 5707//5655
f 5670//5618 5736//5684 5704//5652
f 5670//5618 5704//5652 5671//5619
f 5696//5644 5722//5670 5697//5645
f 5745//5693 5740//5688 5728//5676
f 5745//5693 5728//5676 5715//5663
f 5741//5689 5698//5646 5701//5649
f 5741//5689 5701//5649 5727//5675
f 5728//5676 5711//5659 5715//5663
f 5697//5645 5700//5648 5699//5647
f 5697//5645 5699//5647 5694//5642
f 5731//5679 5742//5690 5628//5576
f 5731//5679 5628//5576 5620//5568
f 5655//5603 5735//5683 5737//5685
f 5655//5603 5737//5685 5653//5601
f 5743//5691 5757//5700 5643//5591
f 5743//5691 5643//5591 5645//5593
f 5767//5710 5755//5698 5709//5657
f 5767//5710 5709//5657 5708//5656
f 5707//5655 5685//5633 5684//5632
f 5707//5655 5684//5632 5769//5712
f 5688//5636 5687//5635 5641//5589
f 5688//5636 5641//5589 5640//5588
f 5635//5583 5634//5582 5664//5612
f 5635//5583 5664//5612 5763//5706
f 5674//5622 5729//5677 5688//5636
f 5674//5622 5688//5636 5640//5588
f 5768//5711 5746//5694 5659//5607
f 5768//5711 5659//5607 5661//5609
f 5705//5653 5668//5616 5667//5615
f 5770//5713 5771//5714 5758//5701
f 5770//5713 5758//5701 5761//5704
f 5772//5715 5773//5716 5774//5717
f 5772//5715 5774//5717 5775//5718
f 5776//5719 5722//5670 5710//5658
f 5776//5719 5710//5658 5777//5720
f 5778//5721 5779//5722 5780//5723
f 5778//5721 5780//5723 5781//5724
f 5777//5720 5710//5658 5705//5653
f 5777//5720 5705//5653 5765//5708
f 5782//5725 5717//5665 5720//5668
f 5782//5725 5720//5668 5783//5726
f 5722//5670 5776//5719 5712//5660
f 5722//5670 5712//5660 5711//5659
f 5724//5672 5784//5727 5785//5728
f 5724//5672 5785//5728 5725//5673
f 5786//5729 5787//5730 5788//5731
f 5786//5729 5788//5731 5789//5732
f 5766//5709 5706//5654 5703//5651
f 5766//5709 5703//5651 5713//5661
f 5773//5716 5790//5733 5791//5734
f 5773//5716 5791//5734 5774//5717
f 5781//5724 5792//5735 5793//5736
f 5781//5724 5793//5736 5778//5721
f 5787//5730 5794//5737 5795//5738
f 5787//5730 5795//5738 5788//5731
f 5701//5649 5722//5670 5711//5659
f 5701//5649 5711//5659 5727//5675
f 5718//5739 5771//5740 5749//5741
f 5782//5725 5776//5719 5759//5702
f 5783//5726 5772//5715 5712//5660
f 5775//5718 5795//5738 5713//5661
f 5784//5727 5793//5736 5765//5708
f 5794//5737 5785//5728 5766//5709
f 5760//5703 5777//5720 5792//5735
f 5719//5742 5748//5743 5790//5744
f 5726//5745 5786//5746 5752//5747
f 5791//5748 5747//5749 5789//5750
f 5751//5751 5779//5752 5723//5753
f 5750//5754 5770//5755 5780//5756
f 5731//5679 5767//5710 5762//5705
f 5731//5679 5762//5705 5742//5690
f 5730//5678 5745//5693 5614//5562
f 5730//5678 5614//5562 5754//5697
f 5744//5692 5699//5647 5698//5646
f 5744//5692 5698//5646 5673//5621
f 5691//5639 5670//5618 5669//5617
f 5691//5639 5669//5617 5732//5680
f 5746//5694 5684//5632 5683//5631
f 5746//5694 5683//5631 5734//5682
f 5738//5686 5764//5707 5753//5696
f 5738//5686 5753//5696 5756//5699
f 5682//5630 5755//5698 5767//5710
f 5682//5630 5767//5710 5731//5679
f 5613//5561 5662//5610 5754//5697
f 5613//5561 5754//5697 5614//5562
f 5729//5677 5740//5688 5745//5693
f 5729//5677 5745//5693 5730//5678
f 5757//5700 5694//5642 5699//5647
f 5757//5700 5699//5647 5744//5692
f 5690//5638 5736//5684 5670//5618
f 5690//5638 5670//5618 5691//5639
f 5768//5711 5769//5712 5684//5632
f 5768//5711 5684//5632 5746//5694
f 5737//5685 5665//5613 5764//5707
f 5737//5685 5764//5707 5738//5686
f 5681//5629 5677//5625 5755//5698
f 5681//5629 5755//5698 5682//5630
f 5733//5681 5675//5623 5769//5712
f 5733//5681 5769//5712 5768//5711
f 5743//5691 5695//5643 5694//5642
f 5743//5691 5694//5642 5757//5700
f 5674//5622 5741//5689 5740//5688
f 5674//5622 5740//5688 5729//5677
f 5663//5611 5693//5641 5736//5684
f 5663//5611 5736//5684 5690//5638
f 5735//5683 5666//5614 5665//5613
f 5735//5683 5665//5613 5737//5685
f 5742//5690 5762//5705 5695//5643
f 5742//5690 5695//5643 5743//5691
f 5739//5687 5678//5626 5677//5625
f 5739//5687 5677//5625 5681//5629
f 5673//5621 5698//5646 5741//5689
f 5673//5621 5741//5689 5674//5622
f 5732//5680 5669//5617 5675//5623
f 5732//5680 5675//5623 5733//5681
f 5734//5682 5683//5631 5666//5614
f 5734//5682 5666//5614 5735//5683
f 5678//5626 5739//5687 5756//5699
f 5678//5626 5756//5699 5753//5696
f 5662//5610 5613//5561 5693//5641
f 5662//5610 5693//5641 5663//5611
f 5779//5752 5751//5751 5750//5754
f 5779//5752 5750//5754 5780//5756
f 5783//5726 5712//5660 5776//5719
f 5783//5726 5776//5719 5782//5725
f 5787//5730 5725//5673 5785//5728
f 5787//5730 5785//5728 5794//5737
f 5766//5709 5785//5728 5784//5727
f 5766//5709 5784//5727 5765//5708
f 5777//5720 5760//5703 5759//5702
f 5777//5720 5759//5702 5776//5719
f 5765//5708 5793//5736 5792//5735
f 5765//5708 5792//5735 5777//5720
f 5775//5718 5713//5661 5712//5660
f 5775//5718 5712//5660 5772//5715
f 5795//5738 5775//5718 5774//5717
f 5795//5738 5774//5717 5788//5731
f 5713//5661 5795//5738 5794//5737
f 5713//5661 5794//5737 5766//5709
f 5788//5731 5774//5717 5791//5757
f 5788//5731 5791//5757 5789//5732
f 5725//5673 5787//5730 5786//5729
f 5725//5673 5786//5729 5726//5758
f 5778//5721 5724//5672 5723//5671
f 5778//5721 5723//5671 5779//5722
f 5780//5759 5770//5713 5761//5704
f 5780//5759 5761//5704 5781//5724
f 5758//5701 5717//5665 5782//5725
f 5758//5701 5782//5725 5759//5702
f 5772//5715 5783//5726 5720//5668
f 5772//5715 5720//5668 5773//5716
f 5793//5736 5784//5727 5724//5672
f 5793//5736 5724//5672 5778//5721
f 5781//5724 5761//5704 5760//5703
f 5781//5724 5760//5703 5792//5735
f 5718//5739 5749//5741 5748//5743
f 5718//5739 5748//5743 5719//5742
f 5752//5747 5786//5746 5789//5750
f 5752//5747 5789//5750 5747//5749
f 5790//5744 5748//5743 5747//5749
f 5790//5744 5747//5749 5791//5748
f 5751//5751 5723//5753 5726//5745
f 5751//5751 5726//5745 5752//5747
f 5749//5741 5771//5740 5770//5755
f 5749//5741 5770//5755 5750//5754
f 5771//5714 5718//5760 5717//5665
f 5771//5714 5717//5665 5758//5701
f 5773//5716 5720//5668 5719//5667
f 5773//5716 5719//5667 5790//5733
f 5796//5761 5797//5762 5798//5763
f 5796//5761 5798//5763 5799//5764
f 5800//5765 5801//5766 5802//5767
f 5800//5765 5802//5767 5803//5768
f 5804//5769 5805//5770 5806//5771
f 5804//5769 5806//5771 5807//5772
f 5808//5773 5809//5774 5810//5775
f 5808//5773 5810//5775 5811//5776
f 5812//5777 5813//5778 5805//5770
f 5812//5777 5805//5770 5804//5769
f 5807//5772 5806//5771 5814//5779
f 5807//5772 5814//5779 5815//5780
f 5816//5781 5817//5782 5801//5766
f 5816//5781 5801//5766 5800//5765
f 5818//5783 5819//5784 5820//5785
f 5818//5783 5820//5785 5821//5786
f 5821//5786 5820//5785 5822//5787
f 5821//5786 5822//5787 5823//5788
f 5824//5789 5825//5790 5809//5774
f 5824//5789 5809//5774 5808//5773
f 5811//5776 5810//5775 5826//5791
f 5811//5776 5826//5791 5827//5792
f 5827//5792 5826//5791 5828//5793
f 5827//5792 5828//5793 5829//5794
f 5829//5794 5828//5793 5813//5778
f 5829//5794 5813//5778 5812//5777
f 5830//5795 5831//5796 5832//5797
f 5830//5795 5832//5797 5833//5798
f 5834//5799 5835//5800 5836//5801
f 5834//5799 5836//5801 5837//5802
f 5837//5802 5836//5801 5838//5803
f 5837//5802 5838//5803 5839//5804
f 5840//5805 5841//5806 5842//5807
f 5840//5805 5842//5807 5843//5808
f 5843//5808 5842//5807 5844//5809
f 5843//5808 5844//5809 5845//5810
f 5815//5780 5814//5779 5831//5796
f 5815//5780 5831//5796 5830//5795
f 5846//5811 5847//5812 5848//5813
f 5846//5811 5848//5813 5818//5783
f 5849//5814 5850//5815 5851//5816
f 5849//5814 5851//5816 5852//5817
f 5853//5818 5854//5819 5855//5820
f 5853//5818 5855//5820 5856//5821
f 5857//5822 5858//5823 5824//5789
f 5857//5822 5824//5789 5808//5773
f 5859//5824 5853//5818 5856//5821
f 5859//5824 5856//5821 5860//5825
f 5861//5826 5862//5827 5863//5828
f 5861//5826 5863//5828 5864//5829
f 5815//5780 5865//5830 5866//5831
f 5815//5780 5866//5831 5807//5772
f 5867//5832 5868//5833 5869//5834
f 5867//5832 5869//5834 5870//5835
f 5823//5788 5822//5787 5871//5836
f 5823//5788 5871//5836 5872//5837
f 5803//5768 5873//5838 5874//5839
f 5803//5768 5874//5839 5875//5840
f 5876//5841 5877//5842 5797//5762
f 5876//5841 5797//5762 5796//5761
f 5878//5843 5879//5844 5880//5845
f 5878//5843 5880//5845 5881//5846
f 5882//5847 5883//5848 5884//5849
f 5882//5847 5884//5849 5885//5850
f 5803//5768 5802//5767 5886//5851
f 5803//5768 5886//5851 5873//5838
f 5845//5810 5844//5809 5817//5782
f 5845//5810 5817//5782 5816//5781
f 5839//5804 5838//5803 5841//5806
f 5839//5804 5841//5806 5840//5805
f 5833//5798 5832//5797 5835//5800
f 5833//5798 5835//5800 5834//5799
f 5887//5852 5855//5820 5888//5853
f 5887//5852 5856//5821 5855//5820
f 5889//5854 5851//5816 5870//5835
f 5889//5854 5870//5835 5890//5855
f 5890//5855 5869//5834 5891//5856
f 5890//5855 5870//5835 5869//5834
f 5892//5857 5893//5858 5894//5859
f 5895//5860 5796//5761 5799//5764
f 5895//5860 5896//5861 5897//5862
f 5895//5860 5897//5862 5887//5852
f 5890//5855 5860//5825 5856//5821
f 5890//5855 5856//5821 5887//5852
f 5898//5863 5852//5817 5889//5854
f 5895//5860 5799//5764 5899//5864
f 5900//5865 5898//5863 5889//5854
f 5864//5829 5863//5828 5889//5854
f 5864//5829 5889//5854 5894//5859
f 5901//5866 5902//5867 5903//5868
f 5901//5866 5903//5868 5904//5869
f 5890//5855 5891//5856 5860//5825
f 5905//5870 5894//5859 5906//5871
f 5905//5870 5906//5871 5880//5845
f 5884//5849 5906//5871 5885//5850
f 5893//5858 5864//5829 5894//5859
f 5892//5857 5894//5859 5905//5870
f 5907//5872 5908//5873 5909//5874
f 5907//5872 5909//5874 5910//5875
f 5881//5846 5906//5871 5884//5849
f 5911//5876 5895//5860 5912//5877
f 5895//5860 5887//5852 5876//5841
f 5895//5860 5876//5841 5796//5761
f 5887//5852 5888//5853 5876//5841
f 5913//5878 5914//5879 5823//5788
f 5913//5878 5823//5788 5872//5837
f 5866//5831 5915//5880 5804//5769
f 5866//5831 5804//5769 5807//5772
f 5800//5765 5916//5881 5917//5882
f 5800//5765 5917//5882 5816//5781
f 5918//5883 5919//5884 5839//5804
f 5918//5883 5839//5804 5840//5805
f 5876//5841 5888//5853 5920//5885
f 5876//5841 5920//5885 5877//5842
f 5921//5886 5922//5887 5834//5799
f 5921//5886 5834//5799 5837//5802
f 5847//5812 5874//5839 5873//5838
f 5847//5812 5873//5838 5848//5813
f 5923//5888 5865//5830 5815//5780
f 5923//5888 5815//5780 5830//5795
f 5924//5889 5925//5890 5911//5876
f 5924//5889 5911//5876 5912//5877
f 5926//5891 5927//5892 5829//5794
f 5926//5891 5829//5794 5812//5777
f 5811//5776 5928//5893 5857//5822
f 5811//5776 5857//5822 5808//5773
f 5803//5768 5875//5840 5916//5881
f 5803//5768 5916//5881 5800//5765
f 5899//5864 5799//5764 5798//5763
f 5899//5864 5798//5763 5929//5894
f 5930//5895 5918//5883 5840//5805
f 5930//5895 5840//5805 5843//5808
f 5850//5815 5867//5832 5870//5835
f 5850//5815 5870//5835 5851//5816
f 5931//5896 5932//5896 5933//5896
f 5933//5896 5934//5896 5935//5896
f 5935//5896 5936//5896 5931//5896
f 5933//5896 5935//5896 5931//5896
f 5862//5827 5937//5897 5900//5865
f 5862//5827 5900//5865 5863//5828
f 5821//5786 5938//5898 5846//5811
f 5821//5786 5846//5811 5818//5783
f 5939//5899 5861//5826 5864//5829
f 5939//5899 5864//5829 5893//5858
f 5922//5887 5940//5900 5833//5798
f 5922//5887 5833//5798 5834//5799
f 5811//5776 5827//5792 5941//5901
f 5811//5776 5941//5901 5928//5893
f 5942//5902 5943//5903 5944//5904
f 5942//5902 5944//5904 5945//5905
f 5905//5870 5880//5845 5879//5844
f 5905//5870 5879//5844 5946//5906
f 5873//5838 5886//5851 5947//5907
f 5873//5838 5947//5907 5848//5813
f 5898//5863 5900//5865 5937//5897
f 5898//5863 5937//5897 5948//5908
f 5833//5798 5940//5900 5923//5888
f 5833//5798 5923//5888 5830//5795
f 5949//5909 5889//5854 5890//5855
f 5949//5909 5890//5855 5950//5910
f 5863//5828 5900//5865 5889//5854
f 5892//5857 5905//5870 5946//5906
f 5892//5857 5946//5906 5951//5911
f 5917//5882 5952//5912 5845//5810
f 5917//5882 5845//5810 5816//5781
f 5914//5879 5938//5898 5821//5786
f 5914//5879 5821//5786 5823//5788
f 5948//5908 5849//5814 5852//5817
f 5948//5908 5852//5817 5898//5863
f 5953//5913 5859//5824 5860//5825
f 5953//5913 5860//5825 5891//5856
f 5854//5819 5920//5885 5888//5853
f 5854//5819 5888//5853 5855//5820
f 5880//5845 5906//5871 5881//5846
f 5929//5894 5924//5889 5912//5877
f 5929//5894 5912//5877 5899//5864
f 5925//5890 5882//5847 5885//5850
f 5925//5890 5885//5850 5911//5876
f 5912//5877 5895//5860 5899//5864
f 5881//5846 5884//5849 5883//5848
f 5881//5846 5883//5848 5878//5843
f 5915//5880 5926//5891 5812//5777
f 5915//5880 5812//5777 5804//5769
f 5839//5804 5919//5884 5921//5886
f 5839//5804 5921//5886 5837//5802
f 5927//5892 5941//5901 5827//5792
f 5927//5892 5827//5792 5829//5794
f 5951//5911 5939//5899 5893//5858
f 5951//5911 5893//5858 5892//5857
f 5891//5856 5869//5834 5868//5833
f 5891//5856 5868//5833 5953//5913
f 5872//5837 5871//5836 5825//5790
f 5872//5837 5825//5790 5824//5789
f 5819//5784 5818//5783 5848//5813
f 5819//5784 5848//5813 5947//5907
f 5858//5823 5913//5878 5872//5837
f 5858//5823 5872//5837 5824//5789
f 5952//5912 5930//5895 5843//5808
f 5952//5912 5843//5808 5845//5810
f 5889//5854 5852//5817 5851//5816
f 5954//5914 5955//5915 5942//5902
f 5954//5914 5942//5902 5945//5905
f 5956//5916 5957//5917 5958//5918
f 5956//5916 5958//5918 5959//5919
f 5960//5920 5906//5871 5894//5859
f 5960//5920 5894//5859 5961//5921
f 5962//5922 5963//5923 5964//5924
f 5962//5922 5964//5924 5965//5925
f 5961//5921 5894//5859 5889//5854
f 5961//5921 5889//5854 5949//5909
f 5966//5926 5901//5866 5904//5869
f 5966//5926 5904//5869 5967//5927
f 5906//5871 5960//5920 5896//5861
f 5906//5871 5896//5861 5895//5860
f 5908//5873 5968//5928 5969//5929
f 5908//5873 5969//5929 5909//5874
f 5970//5930 5971//5931 5972//5932
f 5970//5930 5972//5932 5973//5933
f 5950//5910 5890//5855 5887//5852
f 5950//5910 5887//5852 5897//5862
f 5957//5917 5974//5934 5975//5935
f 5957//5917 5975//5935 5958//5918
f 5965//5925 5976//5936 5977//5937
f 5965//5925 5977//5937 5962//5922
f 5971//5931 5978//5938 5979//5939
f 5971//5931 5979//5939 5972//5932
f 5885//5850 5906//5871 5895//5860
f 5885//5850 5895//5860 5911//5876
f 5902//5940 5955//5941 5933//5942
f 5966//5926 5960//5920 5943//5903
f 5967//5927 5956//5916 5896//5861
f 5959//5919 5979//5939 5897//5862
f 5968//5928 5977//5937 5949//5909
f 5978//5938 5969//5929 5950//5910
f 5944//5904 5961//5921 5976//5936
f 5903//5943 5932//5944 5974//5945
f 5910//5946 5970//5947 5936//5948
f 5975//5949 5931//5950 5973//5951
f 5935//5952 5963//5953 5907//5954
f 5934//5955 5954//5956 5964//5957
f 5915//5880 5951//5911 5946//5906
f 5915//5880 5946//5906 5926//5891
f 5914//5879 5929//5894 5798//5763
f 5914//5879 5798//5763 5938//5898
f 5928//5893 5883//5848 5882//5847
f 5928//5893 5882//5847 5857//5822
f 5875//5840 5854//5819 5853//5818
f 5875//5840 5853//5818 5916//5881
f 5930//5895 5868//5833 5867//5832
f 5930//5895 5867//5832 5918//5883
f 5922//5887 5948//5908 5937//5897
f 5922//5887 5937//5897 5940//5900
f 5866//5831 5939//5899 5951//5911
f 5866//5831 5951//5911 5915//5880
f 5797//5762 5846//5811 5938//5898
f 5797//5762 5938//5898 5798//5763
f 5913//5878 5924//5889 5929//5894
f 5913//5878 5929//5894 5914//5879
f 5941//5901 5878//5843 5883//5848
f 5941//5901 5883//5848 5928//5893
f 5874//5839 5920//5885 5854//5819
f 5874//5839 5854//5819 5875//5840
f 5952//5912 5953//5913 5868//5833
f 5952//5912 5868//5833 5930//5895
f 5921//5886 5849//5814 5948//5908
f 5921//5886 5948//5908 5922//5887
f 5865//5830 5861//5826 5939//5899
f 5865//5830 5939//5899 5866//5831
f 5917//5882 5859//5824 5953//5913
f 5917//5882 5953//5913 5952//5912
f 5927//5892 5879//5844 5878//5843
f 5927//5892 5878//5843 5941//5901
f 5858//5823 5925//5890 5924//5889
f 5858//5823 5924//5889 5913//5878
f 5847//5812 5877//5842 5920//5885
f 5847//5812 5920//5885 5874//5839
f 5919//5884 5850//5815 5849//5814
f 5919//5884 5849//5814 5921//5886
f 5926//5891 5946//5906 5879//5844
f 5926//5891 5879//5844 5927//5892
f 5923//5888 5862//5827 5861//5826
f 5923//5888 5861//5826 5865//5830
f 5857//5822 5882//5847 5925//5890
f 5857//5822 5925//5890 5858//5823
f 5916//5881 5853//5818 5859//5824
f 5916//5881 5859//5824 5917//5882
f 5918//5883 5867//5832 5850//5815
f 5918//5883 5850//5815 5919//5884
f 5862//5827 5923//5888 5940//5900
f 5862//5827 5940//5900 5937//5897
f 5846//5811 5797//5762 5877//5842
f 5846//5811 5877//5842 5847//5812
f 5963//5953 5935//5952 5934//5955
f 5963//5953 5934//5955 5964//5957
f 5967//5927 5896//5861 5960//5920
f 5967//5927 5960//5920 5966//5926
f 5971//5931 5909//5874 5969//5929
f 5971//5931 5969//5929 5978//5938
f 5950//5910 5969//5929 5968//5928
f 5950//5910 5968//5928 5949//5909
f 5961//5921 5944//5904 5943//5903
f 5961//5921 5943//5903 5960//5920
f 5949//5909 5977//5937 5976//5936
f 5949//5909 5976//5936 5961//5921
f 5959//5919 5897//5862 5896//5861
f 5959//5919 5896//5861 5956//5916
f 5979//5939 5959//5919 5958//5918
f 5979//5939 5958//5918 5972//5932
f 5897//5862 5979//5939 5978//5938
f 5897//5862 5978//5938 5950//5910
f 5972//5932 5958//5918 5975//5958
f 5972//5932 5975//5958 5973//5933
f 5909//5874 5971//5931 5970//5930
f 5909//5874 5970//5930 5910//5959
f 5962//5922 5908//5873 5907//5872
f 5962//5922 5907//5872 5963//5923
f 5964//5960 5954//5914 5945//5905
f 5964//5960 5945//5905 5965//5925
f 5942//5902 5901//5866 5966//5926
f 5942//5902 5966//5926 5943//5903
f 5956//5916 5967//5927 5904//5869
f 5956//5916 5904//5869 5957//5917
f 5977//5937 5968//5928 5908//5873
f 5977//5937 5908//5873 5962//5922
f 5965//5925 5945//5905 5944//5904
f 5965//5925 5944//5904 5976//5936
f 5902//5940 5933//5942 5932//5944
f 5902//5940 5932//5944 5903//5943
f 5936//5948 5970//5947 5973//5951
f 5936//5948 5973//5951 5931//5950
f 5974//5945 5932//5944 5931//5950
f 5974//5945 5931//5950 5975//5949
f 5935//5952 5907//5954 5910//5946
f 5935//5952 5910//5946 5936//5948
f 5933//5942 5955//5941 5954//5956
f 5933//5942 5954//5956 5934//5955
f 5955//5915 5902//5961 5901//5866
f 5955//5915 5901//5866 5942//5902
f 5957//5917 5904//5869 5903//5868
f 5957//5917 5903//5868 5974//5934
f 5980//5962 5981//5963 5982//5964
f 5980//5962 5982//5964 5983//5965
f 5984//5966 5985//5967 5986//5968
f 5984//5966 5986//5968 5987//5969
f 5988//5970 5989//5971 5990//5972
f 5988//5970 5990//5972 5991//5973
f 5992//5974 5993//5975 5994//5976
f 5992//5974 5994//5976 5995//5977
f 5996//5978 5997//5979 5989//5971
f 5996//5978 5989//5971 5988//5970
f 5991//5973 5990//5972 5998//5980
f 5991//5973 5998//5980 5999//5981
f 6000//5982 6001//5983 5985//5967
f 6000//5982 5985//5967 5984//5966
f 6002//5984 6003//5985 6004//5986
f 6002//5984 6004//5986 6005//5987
f 6005//5987 6004//5986 6006//5988
f 6005//5987 6006//5988 6007//5989
f 6008//5990 6009//5991 5993//5975
f 6008//5990 5993//5975 5992//5974
f 5995//5977 5994//5976 6010//5992
f 5995//5977 6010//5992 6011//5993
f 6011//5993 6010//5992 6012//5994
f 6011//5993 6012//5994 6013//5995
f 6013//5995 6012//5994 5997//5979
f 6013//5995 5997//5979 5996//5978
f 6014//5996 6015//5997 6016//5998
f 6014//5996 6016//5998 6017//5999
f 6018//6000 6019//6001 6020//6002
f 6018//6000 6020//6002 6021//6003
f 6021//6003 6020//6002 6022//6004
f 6021//6003 6022//6004 6023//6005
f 6024//6006 6025//6007 6026//6008
f 6024//6006 6026//6008 6027//6009
f 6027//6009 6026//6008 6028//6010
f 6027//6009 6028//6010 6029//6011
f 5999//5981 5998//5980 6015//5997
f 5999//5981 6015//5997 6014//5996
f 6030//6012 6031//6013 6032//6014
f 6030//6012 6032//6014 6002//5984
f 6033//6015 6034//6016 6035//6017
f 6033//6015 6035//6017 6036//6018
f 6037//6019 6038//6020 6039//6021
f 6037//6019 6039//6021 6040//6022
f 6041//6023 6042//6024 6008//5990
f 6041//6023 6008//5990 5992//5974
f 6043//6025 6037//6019 6040//6022
f 6043//6025 6040//6022 6044//6026
f 6045//6027 6046//6028 6047//6029
f 6045//6027 6047//6029 6048//6030
f 5999//5981 6049//6031 6050//6032
f 5999//5981 6050//6032 5991//5973
f 6051//6033 6052//6034 6053//6035
f 6051//6033 6053//6035 6054//6036
f 6007//5989 6006//5988 6055//6037
f 6007//5989 6055//6037 6056//6038
f 5987//5969 6057//6039 6058//6040
f 5987//5969 6058//6040 6059//6041
f 6060//6042 6061//6043 5981//5963
f 6060//6042 5981//5963 5980//5962
f 6062//6044 6063//6045 6064//6046
f 6062//6044 6064//6046 6065//6047
f 6066//6048 6067//6049 6068//6050
f 6066//6048 6068//6050 6069//6051
f 5987//5969 5986//5968 6070//6052
f 5987//5969 6070//6052 6057//6039
f 6029//6011 6028//6010 6001//5983
f 6029//6011 6001//5983 6000//5982
f 6023//6005 6022//6004 6025//6007
f 6023//6005 6025//6007 6024//6006
f 6017//5999 6016//5998 6019//6001
f 6017//5999 6019//6001 6018//6000
f 6071//6053 6039//6021 6072//6054
f 6071//6053 6040//6022 6039//6021
f 6073//6055 6035//6017 6054//6036
f 6073//6055 6054//6036 6074//6056
f 6074//6056 6053//6035 6075//6057
f 6074//6056 6054//6036 6053//6035
f 6076//6058 6077//6059 6078//6060
f 6079//6061 5980//5962 5983//5965
f 6079//6061 6080//6062 6081//6063
f 6079//6061 6081//6063 6071//6053
f 6074//6056 6044//6026 6040//6022
f 6074//6056 6040//6022 6071//6053
f 6082//6064 6036//6018 6073//6055
f 6079//6061 5983//5965 6083//6065
f 6084//6066 6082//6064 6073//6055
f 6048//6030 6047//6029 6073//6055
f 6048//6030 6073//6055 6078//6060
f 6085//6067 6086//6068 6087//6069
f 6085//6067 6087//6069 6088//6070
f 6074//6056 6075//6057 6044//6026
f 6089//6071 6078//6060 6090//6072
f 6089//6071 6090//6072 6064//6046
f 6068//6050 6090//6072 6069//6051
f 6077//6059 6048//6030 6078//6060
f 6076//6058 6078//6060 6089//6071
f 6091//6073 6092//6074 6093//6075
f 6091//6073 6093//6075 6094//6076
f 6065//6047 6090//6072 6068//6050
f 6095//6077 6079//6061 6096//6078
f 6079//6061 6071//6053 6060//6042
f 6079//6061 6060//6042 5980//5962
f 6071//6053 6072//6054 6060//6042
f 6097//6079 6098//6080 6007//5989
f 6097//6079 6007//5989 6056//6038
f 6050//6032 6099//6081 5988//5970
f 6050//6032 5988//5970 5991//5973
f 5984//5966 6100//6082 6101//6083
f 5984//5966 6101//6083 6000//5982
f 6102//6084 6103//6085 6023//6005
f 6102//6084 6023//6005 6024//6006
f 6060//6042 6072//6054 6104//6086
f 6060//6042 6104//6086 6061//6043
f 6105//6087 6106//6088 6018//6000
f 6105//6087 6018//6000 6021//6003
f 6031//6013 6058//6040 6057//6039
f 6031//6013 6057//6039 6032//6014
f 6107//6089 6049//6031 5999//5981
f 6107//6089 5999//5981 6014//5996
f 6108//6090 6109//6091 6095//6077
f 6108//6090 6095//6077 6096//6078
f 6110//6092 6111//6093 6013//5995
f 6110//6092 6013//5995 5996//5978
f 5995//5977 6112//6094 6041//6023
f 5995//5977 6041//6023 5992//5974
f 5987//5969 6059//6041 6100//6082
f 5987//5969 6100//6082 5984//5966
f 6083//6065 5983//5965 5982//5964
f 6083//6065 5982//5964 6113//6095
f 6114//6096 6102//6084 6024//6006
f 6114//6096 6024//6006 6027//6009
f 6034//6016 6051//6033 6054//6036
f 6034//6016 6054//6036 6035//6017
f 6115//6097 6116//6097 6117//6097
f 6117//6097 6118//6097 6119//6097
f 6119//6097 6120//6097 6115//6097
f 6117//6097 6119//6097 6115//6097
f 6046//6028 6121//6098 6084//6066
f 6046//6028 6084//6066 6047//6029
f 6005//5987 6122//6099 6030//6012
f 6005//5987 6030//6012 6002//5984
f 6123//6100 6045//6027 6048//6030
f 6123//6100 6048//6030 6077//6059
f 6106//6088 6124//6101 6017//5999
f 6106//6088 6017//5999 6018//6000
f 5995//5977 6011//5993 6125//6102
f 5995//5977 6125//6102 6112//6094
f 6126//6103 6127//6104 6128//6105
f 6126//6103 6128//6105 6129//6106
f 6089//6071 6064//6046 6063//6045
f 6089//6071 6063//6045 6130//6107
f 6057//6039 6070//6052 6131//6108
f 6057//6039 6131//6108 6032//6014
f 6082//6064 6084//6066 6121//6098
f 6082//6064 6121//6098 6132//6109
f 6017//5999 6124//6101 6107//6089
f 6017//5999 6107//6089 6014//5996
f 6133//6110 6073//6055 6074//6056
f 6133//6110 6074//6056 6134//6111
f 6047//6029 6084//6066 6073//6055
f 6076//6058 6089//6071 6130//6107
f 6076//6058 6130//6107 6135//6112
f 6101//6083 6136//6113 6029//6011
f 6101//6083 6029//6011 6000//5982
f 6098//6080 6122//6099 6005//5987
f 6098//6080 6005//5987 6007//5989
f 6132//6109 6033//6015 6036//6018
f 6132//6109 6036//6018 6082//6064
f 6137//6114 6043//6025 6044//6026
f 6137//6114 6044//6026 6075//6057
f 6038//6020 6104//6086 6072//6054
f 6038//6020 6072//6054 6039//6021
f 6064//6046 6090//6072 6065//6047
f 6113//6095 6108//6090 6096//6078
f 6113//6095 6096//6078 6083//6065
f 6109//6091 6066//6048 6069//6051
f 6109//6091 6069//6051 6095//6077
f 6096//6078 6079//6061 6083//6065
f 6065//6047 6068//6050 6067//6049
f 6065//6047 6067//6049 6062//6044
f 6099//6081 6110//6092 5996//5978
f 6099//6081 5996//5978 5988//5970
f 6023//6005 6103//6085 6105//6087
f 6023//6005 6105//6087 6021//6003
f 6111//6093 6125//6102 6011//5993
f 6111//6093 6011//5993 6013//5995
f 6135//6112 6123//6100 6077//6059
f 6135//6112 6077//6059 6076//6058
f 6075//6057 6053//6035 6052//6034
f 6075//6057 6052//6034 6137//6114
f 6056//6038 6055//6037 6009//5991
f 6056//6038 6009//5991 6008//5990
f 6003//5985 6002//5984 6032//6014
f 6003//5985 6032//6014 6131//6108
f 6042//6024 6097//6079 6056//6038
f 6042//6024 6056//6038 6008//5990
f 6136//6113 6114//6096 6027//6009
f 6136//6113 6027//6009 6029//6011
f 6073//6055 6036//6018 6035//6017
f 6138//6115 6139//6116 6126//6103
f 6138//6115 6126//6103 6129//6106
f 6140//6117 6141//6118 6142//6119
f 6140//6117 6142//6119 6143//6120
f 6144//6121 6090//6072 6078//6060
f 6144//6121 6078//6060 6145//6122
f 6146//6123 6147//6124 6148//6125
f 6146//6123 6148//6125 6149//6126
f 6145//6122 6078//6060 6073//6055
f 6145//6122 6073//6055 6133//6110
f 6150//6127 6085//6067 6088//6070
f 6150//6127 6088//6070 6151//6128
f 6090//6072 6144//6121 6080//6062
f 6090//6072 6080//6062 6079//6061
f 6092//6074 6152//6129 6153//6130
f 6092//6074 6153//6130 6093//6075
f 6154//6131 6155//6132 6156//6133
f 6154//6131 6156//6133 6157//6134
f 6134//6111 6074//6056 6071//6053
f 6134//6111 6071//6053 6081//6063
f 6141//6118 6158//6135 6159//6136
f 6141//6118 6159//6136 6142//6119
f 6149//6126 6160//6137 6161//6138
f 6149//6126 6161//6138 6146//6123
f 6155//6132 6162//6139 6163//6140
f 6155//6132 6163//6140 6156//6133
f 6069//6051 6090//6072 6079//6061
f 6069//6051 6079//6061 6095//6077
f 6086//6141 6139//6142 6117//6143
f 6150//6127 6144//6121 6127//6104
f 6151//6128 6140//6117 6080//6062
f 6143//6120 6163//6140 6081//6063
f 6152//6129 6161//6138 6133//6110
f 6162//6139 6153//6130 6134//6111
f 6128//6105 6145//6122 6160//6137
f 6087//6144 6116//6145 6158//6146
f 6094//6147 6154//6148 6120//6149
f 6159//6150 6115//6151 6157//6152
f 6119//6153 6147//6154 6091//6155
f 6118//6156 6138//6157 6148//6158
f 6099//6081 6135//6112 6130//6107
f 6099//6081 6130//6107 6110//6092
f 6098//6080 6113//6095 5982//5964
f 6098//6080 5982//5964 6122//6099
f 6112//6094 6067//6049 6066//6048
f 6112//6094 6066//6048 6041//6023
f 6059//6041 6038//6020 6037//6019
f 6059//6041 6037//6019 6100//6082
f 6114//6096 6052//6034 6051//6033
f 6114//6096 6051//6033 6102//6084
f 6106//6088 6132//6109 6121//6098
f 6106//6088 6121//6098 6124//6101
f 6050//6032 6123//6100 6135//6112
f 6050//6032 6135//6112 6099//6081
f 5981//5963 6030//6012 6122//6099
f 5981//5963 6122//6099 5982//5964
f 6097//6079 6108//6090 6113//6095
f 6097//6079 6113//6095 6098//6080
f 6125//6102 6062//6044 6067//6049
f 6125//6102 6067//6049 6112//6094
f 6058//6040 6104//6086 6038//6020
f 6058//6040 6038//6020 6059//6041
f 6136//6113 6137//6114 6052//6034
f 6136//6113 6052//6034 6114//6096
f 6105//6087 6033//6015 6132//6109
f 6105//6087 6132//6109 6106//6088
f 6049//6031 6045//6027 6123//6100
f 6049//6031 6123//6100 6050//6032
f 6101//6083 6043//6025 6137//6114
f 6101//6083 6137//6114 6136//6113
f 6111//6093 6063//6045 6062//6044
f 6111//6093 6062//6044 6125//6102
f 6042//6024 6109//6091 6108//6090
f 6042//6024 6108//6090 6097//6079
f 6031//6013 6061//6043 6104//6086
f 6031//6013 6104//6086 6058//6040
f 6103//6085 6034//6016 6033//6015
f 6103//6085 6033//6015 6105//6087
f 6110//6092 6130//6107 6063//6045
f 6110//6092 6063//6045 6111//6093
f 6107//6089 6046//6028 6045//6027
f 6107//6089 6045//6027 6049//6031
f 6041//6023 6066//6048 6109//6091
f 6041//6023 6109//6091 6042//6024
f 6100//6082 6037//6019 6043//6025
f 6100//6082 6043//6025 6101//6083
f 6102//6084 6051//6033 6034//6016
f 6102//6084 6034//6016 6103//6085
f 6046//6028 6107//6089 6124//6101
f 6046//6028 6124//6101 6121//6098
f 6030//6012 5981//5963 6061//6043
f 6030//6012 6061//6043 6031//6013
f 6147//6154 6119//6153 6118//6156
f 6147//6154 6118//6156 6148//6158
f 6151//6128 6080//6062 6144//6121
f 6151//6128 6144//6121 6150//6127
f 6155//6132 6093//6075 6153//6130
f 6155//6132 6153//6130 6162//6139
f 6134//6111 6153//6130 6152//6129
f 6134//6111 6152//6129 6133//6110
f 6145//6122 6128//6105 6127//6104
f 6145//6122 6127//6104 6144//6121
f 6133//6110 6161//6138 6160//6137
f 6133//6110 6160//6137 6145//6122
f 6143//6120 6081//6063 6080//6062
f 6143//6120 6080//6062 6140//6117
f 6163//6140 6143//6120 6142//6119
f 6163//6140 6142//6119 6156//6133
f 6081//6063 6163//6140 6162//6139
f 6081//6063 6162//6139 6134//6111
f 6156//6133 6142//6119 6159//6159
f 6156//6133 6159//6159 6157//6134
f 6093//6075 6155//6132 6154//6131
f 6093//6075 6154//6131 6094//6160
f 6146//6123 6092//6074 6091//6073
f 6146//6123 6091//6073 6147//6124
f 6148//6161 6138//6115 6129//6106
f 6148//6161 6129//6106 6149//6126
f 6126//6103 6085//6067 6150//6127
f 6126//6103 6150//6127 6127//6104
f 6140//6117 6151//6128 6088//6070
f 6140//6117 6088//6070 6141//6118
f 6161//6138 6152//6129 6092//6074
f 6161//6138 6092//6074 6146//6123
f 6149//6126 6129//6106 6128//6105
f 6149//6126 6128//6105 6160//6137
f 6086//6141 6117//6143 6116//6145
f 6086//6141 6116//6145 6087//6144
f 6120//6149 6154//6148 6157//6152
f 6120//6149 6157//6152 6115//6151
f 6158//6146 6116//6145 6115//6151
f 6158//6146 6115//6151 6159//6150
f 6119//6153 6091//6155 6094//6147
f 6119//6153 6094//6147 6120//6149
f 6117//6143 6139//6142 6138//6157
f 6117//6143 6138//6157 6118//6156
f 6139//6116 6086//6162 6085//6067
f 6139//6116 6085//6067 6126//6103
f 6141//6118 6088//6070 6087//6069
f 6141//6118 6087//6069 6158//6135
f 6164//6163 6165//6164 6166//6165
f 6164//6163 6166//6165 6167//6166
f 6168//6167 6169//6168 6170//6169
f 6168//6167 6170//6169 6171//6170
f 6172//6171 6173//6172 6174//6173
f 6172//6171 6174//6173 6175//6174
f 6176//6175 6177//6176 6178//6177
f 6176//6175 6178//6177 6179//6178
f 6180//6179 6181//6180 6173//6172
f 6180//6179 6173//6172 6172//6171
f 6175//6174 6174//6173 6182//6181
f 6175//6174 6182//6181 6183//6182
f 6184//6183 6185//6184 6169//6168
f 6184//6183 6169//6168 6168//6167
f 6186//6185 6187//6186 6188//6187
f 6186//6185 6188//6187 6189//6188
f 6189//6188 6188//6187 6190//6189
f 6189//6188 6190//6189 6191//6190
f 6192//6191 6193//6192 6177//6176
f 6192//6191 6177//6176 6176//6175
f 6179//6178 6178//6177 6194//6193
f 6179//6178 6194//6193 6195//6194
f 6195//6194 6194//6193 6196//6195
f 6195//6194 6196//6195 6197//6196
f 6197//6196 6196//6195 6181//6180
f 6197//6196 6181//6180 6180//6179
f 6198//6197 6199//6198 6200//6199
f 6198//6197 6200//6199 6201//6200
f 6202//6201 6203//6202 6204//6203
f 6202//6201 6204//6203 6205//6204
f 6205//6204 6204//6203 6206//6205
f 6205//6204 6206//6205 6207//6206
f 6208//6207 6209//6208 6210//6209
f 6208//6207 6210//6209 6211//6210
f 6211//6210 6210//6209 6212//6211
f 6211//6210 6212//6211 6213//6212
f 6183//6182 6182//6181 6199//6198
f 6183//6182 6199//6198 6198//6197
f 6214//6213 6215//6214 6216//6215
f 6214//6213 6216//6215 6186//6185
f 6217//6216 6218//6217 6219//6218
f 6217//6216 6219//6218 6220//6219
f 6221//6220 6222//6221 6223//6222
f 6221//6220 6223//6222 6224//6223
f 6225//6224 6226//6225 6192//6191
f 6225//6224 6192//6191 6176//6175
f 6227//6226 6221//6220 6224//6223
f 6227//6226 6224//6223 6228//6227
f 6229//6228 6230//6229 6231//6230
f 6229//6228 6231//6230 6232//6231
f 6183//6182 6233//6232 6234//6233
f 6183//6182 6234//6233 6175//6174
f 6235//6234 6236//6235 6237//6236
f 6235//6234 6237//6236 6238//6237
f 6191//6190 6190//6189 6239//6238
f 6191//6190 6239//6238 6240//6239
f 6171//6170 6241//6240 6242//6241
f 6171//6170 6242//6241 6243//6242
f 6244//6243 6245//6244 6165//6164
f 6244//6243 6165//6164 6164//6163
f 6246//6245 6247//6246 6248//6247
f 6246//6245 6248//6247 6249//6248
f 6250//6249 6251//6250 6252//6251
f 6250//6249 6252//6251 6253//6252
f 6171//6170 6170//6169 6254//6253
f 6171//6170 6254//6253 6241//6240
f 6213//6212 6212//6211 6185//6184
f 6213//6212 6185//6184 6184//6183
f 6207//6206 6206//6205 6209//6208
f 6207//6206 6209//6208 6208//6207
f 6201//6200 6200//6199 6203//6202
f 6201//6200 6203//6202 6202//6201
f 6255//6254 6223//6222 6256//6255
f 6255//6254 6224//6223 6223//6222
f 6257//6256 6219//6218 6238//6237
f 6257//6256 6238//6237 6258//6257
f 6258//6257 6237//6236 6259//6258
f 6258//6257 6238//6237 6237//6236
f 6260//6259 6261//6260 6262//6261
f 6263//6262 6164//6163 6167//6166
f 6263//6262 6264//6263 6265//6264
f 6263//6262 6265//6264 6255//6254
f 6258//6257 6228//6227 6224//6223
f 6258//6257 6224//6223 6255//6254
f 6266//6265 6220//6219 6257//6256
f 6263//6262 6167//6166 6267//6266
f 6268//6267 6266//6265 6257//6256
f 6232//6231 6231//6230 6257//6256
f 6232//6231 6257//6256 6262//6261
f 6269//6268 6270//6269 6271//6270
f 6269//6268 6271//6270 6272//6271
f 6258//6257 6259//6258 6228//6227
f 6273//6272 6262//6261 6274//6273
f 6273//6272 6274//6273 6248//6247
f 6252//6251 6274//6273 6253//6252
f 6261//6260 6232//6231 6262//6261
f 6260//6259 6262//6261 6273//6272
f 6275//6274 6276//6275 6277//6276
f 6275//6274 6277//6276 6278//6277
f 6249//6248 6274//6273 6252//6251
f 6279//6278 6263//6262 6280//6279
f 6263//6262 6255//6254 6244//6243
f 6263//6262 6244//6243 6164//6163
f 6255//6254 6256//6255 6244//6243
f 6281//6280 6282//6281 6191//6190
f 6281//6280 6191//6190 6240//6239
f 6234//6233 6283//6282 6172//6171
f 6234//6233 6172//6171 6175//6174
f 6168//6167 6284//6283 6285//6284
f 6168//6167 6285//6284 6184//6183
f 6286//6285 6287//6286 6207//6206
f 6286//6285 6207//6206 6208//6207
f 6244//6243 6256//6255 6288//6287
f 6244//6243 6288//6287 6245//6244
f 6289//6288 6290//6289 6202//6201
f 6289//6288 6202//6201 6205//6204
f 6215//6214 6242//6241 6241//6240
f 6215//6214 6241//6240 6216//6215
f 6291//6290 6233//6232 6183//6182
f 6291//6290 6183//6182 6198//6197
f 6292//6291 6293//6292 6279//6278
f 6292//6291 6279//6278 6280//6279
f 6294//6293 6295//6294 6197//6196
f 6294//6293 6197//6196 6180//6179
f 6179//6178 6296//6295 6225//6224
f 6179//6178 6225//6224 6176//6175
f 6171//6170 6243//6242 6284//6283
f 6171//6170 6284//6283 6168//6167
f 6267//6266 6167//6166 6166//6165
f 6267//6266 6166//6165 6297//6296
f 6298//6297 6286//6285 6208//6207
f 6298//6297 6208//6207 6211//6210
f 6218//6217 6235//6234 6238//6237
f 6218//6217 6238//6237 6219//6218
f 6299//6298 6300//6298 6301//6298
f 6301//6298 6302//6298 6303//6298
f 6303//6298 6304//6298 6299//6298
f 6301//6298 6303//6298 6299//6298
f 6230//6229 6305//6299 6268//6267
f 6230//6229 6268//6267 6231//6230
f 6189//6188 6306//6300 6214//6213
f 6189//6188 6214//6213 6186//6185
f 6307//6301 6229//6228 6232//6231
f 6307//6301 6232//6231 6261//6260
f 6290//6289 6308//6302 6201//6200
f 6290//6289 6201//6200 6202//6201
f 6179//6178 6195//6194 6309//6303
f 6179//6178 6309//6303 6296//6295
f 6310//6304 6311//6305 6312//6306
f 6310//6304 6312//6306 6313//6307
f 6273//6272 6248//6247 6247//6246
f 6273//6272 6247//6246 6314//6308
f 6241//6240 6254//6253 6315//6309
f 6241//6240 6315//6309 6216//6215
f 6266//6265 6268//6267 6305//6299
f 6266//6265 6305//6299 6316//6310
f 6201//6200 6308//6302 6291//6290
f 6201//6200 6291//6290 6198//6197
f 6317//6311 6257//6256 6258//6257
f 6317//6311 6258//6257 6318//6312
f 6231//6230 6268//6267 6257//6256
f 6260//6259 6273//6272 6314//6308
f 6260//6259 6314//6308 6319//6313
f 6285//6284 6320//6314 6213//6212
f 6285//6284 6213//6212 6184//6183
f 6282//6281 6306//6300 6189//6188
f 6282//6281 6189//6188 6191//6190
f 6316//6310 6217//6216 6220//6219
f 6316//6310 6220//6219 6266//6265
f 6321//6315 6227//6226 6228//6227
f 6321//6315 6228//6227 6259//6258
f 6222//6221 6288//6287 6256//6255
f 6222//6221 6256//6255 6223//6222
f 6248//6247 6274//6273 6249//6248
f 6297//6296 6292//6291 6280//6279
f 6297//6296 6280//6279 6267//6266
f 6293//6292 6250//6249 6253//6252
f 6293//6292 6253//6252 6279//6278
f 6280//6279 6263//6262 6267//6266
f 6249//6248 6252//6251 6251//6250
f 6249//6248 6251//6250 6246//6245
f 6283//6282 6294//6293 6180//6179
f 6283//6282 6180//6179 6172//6171
f 6207//6206 6287//6286 6289//6288
f 6207//6206 6289//6288 6205//6204
f 6295//6294 6309//6303 6195//6194
f 6295//6294 6195//6194 6197//6196
f 6319//6313 6307//6301 6261//6260
f 6319//6313 6261//6260 6260//6259
f 6259//6258 6237//6236 6236//6235
f 6259//6258 6236//6235 6321//6315
f 6240//6239 6239//6238 6193//6192
f 6240//6239 6193//6192 6192//6191
f 6187//6186 6186//6185 6216//6215
f 6187//6186 6216//6215 6315//6309
f 6226//6225 6281//6280 6240//6239
f 6226//6225 6240//6239 6192//6191
f 6320//6314 6298//6297 6211//6210
f 6320//6314 6211//6210 6213//6212
f 6257//6256 6220//6219 6219//6218
f 6322//6316 6323//6317 6310//6304
f 6322//6316 6310//6304 6313//6307
f 6324//6318 6325//6319 6326//6320
f 6324//6318 6326//6320 6327//6321
f 6328//6322 6274//6273 6262//6261
f 6328//6322 6262//6261 6329//6323
f 6330//6324 6331//6325 6332//6326
f 6330//6324 6332//6326 6333//6327
f 6329//6323 6262//6261 6257//6256
f 6329//6323 6257//6256 6317//6311
f 6334//6328 6269//6268 6272//6271
f 6334//6328 6272//6271 6335//6329
f 6274//6273 6328//6322 6264//6263
f 6274//6273 6264//6263 6263//6262
f 6276//6275 6336//6330 6337//6331
f 6276//6275 6337//6331 6277//6276
f 6338//6332 6339//6333 6340//6334
f 6338//6332 6340//6334 6341//6335
f 6318//6312 6258//6257 6255//6254
f 6318//6312 6255//6254 6265//6264
f 6325//6319 6342//6336 6343//6337
f 6325//6319 6343//6337 6326//6320
f 6333//6327 6344//6338 6345//6339
f 6333//6327 6345//6339 6330//6324
f 6339//6333 6346//6340 6347//6341
f 6339//6333 6347//6341 6340//6334
f 6253//6252 6274//6273 6263//6262
f 6253//6252 6263//6262 6279//6278
f 6270//6342 6323//6343 6301//6344
f 6334//6328 6328//6322 6311//6305
f 6335//6329 6324//6318 6264//6263
f 6327//6321 6347//6341 6265//6264
f 6336//6330 6345//6339 6317//6311
f 6346//6340 6337//6331 6318//6312
f 6312//6306 6329//6323 6344//6338
f 6271//6345 6300//6346 6342//6347
f 6278//6348 6338//6349 6304//6350
f 6343//6351 6299//6352 6341//6353
f 6303//6354 6331//6355 6275//6356
f 6302//6357 6322//6358 6332//6359
f 6283//6282 6319//6313 6314//6308
f 6283//6282 6314//6308 6294//6293
f 6282//6281 6297//6296 6166//6165
f 6282//6281 6166//6165 6306//6300
f 6296//6295 6251//6250 6250//6249
f 6296//6295 6250//6249 6225//6224
f 6243//6242 6222//6221 6221//6220
f 6243//6242 6221//6220 6284//6283
f 6298//6297 6236//6235 6235//6234
f 6298//6297 6235//6234 6286//6285
f 6290//6289 6316//6310 6305//6299
f 6290//6289 6305//6299 6308//6302
f 6234//6233 6307//6301 6319//6313
f 6234//6233 6319//6313 6283//6282
f 6165//6164 6214//6213 6306//6300
f 6165//6164 6306//6300 6166//6165
f 6281//6280 6292//6291 6297//6296
f 6281//6280 6297//6296 6282//6281
f 6309//6303 6246//6245 6251//6250
f 6309//6303 6251//6250 6296//6295
f 6242//6241 6288//6287 6222//6221
f 6242//6241 6222//6221 6243//6242
f 6320//6314 6321//6315 6236//6235
f 6320//6314 6236//6235 6298//6297
f 6289//6288 6217//6216 6316//6310
f 6289//6288 6316//6310 6290//6289
f 6233//6232 6229//6228 6307//6301
f 6233//6232 6307//6301 6234//6233
f 6285//6284 6227//6226 6321//6315
f 6285//6284 6321//6315 6320//6314
f 6295//6294 6247//6246 6246//6245
f 6295//6294 6246//6245 6309//6303
f 6226//6225 6293//6292 6292//6291
f 6226//6225 6292//6291 6281//6280
f 6215//6214 6245//6244 6288//6287
f 6215//6214 6288//6287 6242//6241
f 6287//6286 6218//6217 6217//6216
f 6287//6286 6217//6216 6289//6288
f 6294//6293 6314//6308 6247//6246
f 6294//6293 6247//6246 6295//6294
f 6291//6290 6230//6229 6229//6228
f 6291//6290 6229//6228 6233//6232
f 6225//6224 6250//6249 6293//6292
f 6225//6224 6293//6292 6226//6225
f 6284//6283 6221//6220 6227//6226
f 6284//6283 6227//6226 6285//6284
f 6286//6285 6235//6234 6218//6217
f 6286//6285 6218//6217 6287//6286
f 6230//6229 6291//6290 6308//6302
f 6230//6229 6308//6302 6305//6299
f 6214//6213 6165//6164 6245//6244
f 6214//6213 6245//6244 6215//6214
f 6331//6355 6303//6354 6302//6357
f 6331//6355 6302//6357 6332//6359
f 6335//6329 6264//6263 6328//6322
f 6335//6329 6328//6322 6334//6328
f 6339//6333 6277//6276 6337//6331
f 6339//6333 6337//6331 6346//6340
f 6318//6312 6337//6331 6336//6330
f 6318//6312 6336//6330 6317//6311
f 6329//6323 6312//6306 6311//6305
f 6329//6323 6311//6305 6328//6322
f 6317//6311 6345//6339 6344//6338
f 6317//6311 6344//6338 6329//6323
f 6327//6321 6265//6264 6264//6263
f 6327//6321 6264//6263 6324//6318
f 6347//6341 6327//6321 6326//6320
f 6347//6341 6326//6320 6340//6334
f 6265//6264 6347//6341 6346//6340
f 6265//6264 6346//6340 6318//6312
f 6340//6334 6326//6320 6343//6360
f 6340//6334 6343//6360 6341//6335
f 6277//6276 6339//6333 6338//6332
f 6277//6276 6338//6332 6278//6361
f 6330//6324 6276//6275 6275//6274
f 6330//6324 6275//6274 6331//6325
f 6332//6362 6322//6316 6313//6307
f 6332//6362 6313//6307 6333//6327
f 6310//6304 6269//6268 6334//6328
f 6310//6304 6334//6328 6311//6305
f 6324//6318 6335//6329 6272//6271
f 6324//6318 6272//6271 6325//6319
f 6345//6339 6336//6330 6276//6275
f 6345//6339 6276//6275 6330//6324
f 6333//6327 6313//6307 6312//6306
f 6333//6327 6312//6306 6344//6338
f 6270//6342 6301//6344 6300//6346
f 6270//6342 6300//6346 6271//6345
f 6304//6350 6338//6349 6341//6353
f 6304//6350 6341//6353 6299//6352
f 6342//6347 6300//6346 6299//6352
f 6342//6347 6299//6352 6343//6351
f 6303//6354 6275//6356 6278//6348
f 6303//6354 6278//6348 6304//6350
f 6301//6344 6323//6343 6322//6358
f 6301//6344 6322//6358 6302//6357
f 6323//6317 6270//6363 6269//6268
f 6323//6317 6269//6268 6310//6304
f 6325//6319 6272//6271 6271//6270
f 6325//6319 6271//6270 6342//6336
f 6348//6364 6349//6365 6350//6366
f 6348//6364 6350//6366 6351//6367
f 6352//6368 6353//6369 6354//6370
f 6352//6368 6354//6370 6355//6371
f 6356//6372 6357//6373 6358//6374
f 6356//6372 6358//6374 6359//6375
f 6360//6376 6361//6377 6362//6378
f 6360//6376 6362//6378 6363//6379
f 6364//6380 6365//6381 6357//6373
f 6364//6380 6357//6373 6356//6372
f 6359//6375 6358//6374 6366//6382
f 6359//6375 6366//6382 6367//6383
f 6368//6384 6369//6385 6353//6369
f 6368//6384 6353//6369 6352//6368
f 6370//6386 6371//6387 6372//6388
f 6370//6386 6372//6388 6373//6389
f 6373//6389 6372//6388 6374//6390
f 6373//6389 6374//6390 6375//6391
f 6376//6392 6377//6393 6361//6377
f 6376//6392 6361//6377 6360//6376
f 6363//6379 6362//6378 6378//6394
f 6363//6379 6378//6394 6379//6395
f 6379//6395 6378//6394 6380//6396
f 6379//6395 6380//6396 6381//6397
f 6381//6397 6380//6396 6365//6381
f 6381//6397 6365//6381 6364//6380
f 6382//6398 6383//6399 6384//6400
f 6382//6398 6384//6400 6385//6401
f 6386//6402 6387//6403 6388//6404
f 6386//6402 6388//6404 6389//6405
f 6389//6405 6388//6404 6390//6406
f 6389//6405 6390//6406 6391//6407
f 6392//6408 6393//6409 6394//6410
f 6392//6408 6394//6410 6395//6411
f 6395//6411 6394//6410 6396//6412
f 6395//6411 6396//6412 6397//6413
f 6367//6383 6366//6382 6383//6399
f 6367//6383 6383//6399 6382//6398
f 6398//6414 6399//6415 6400//6416
f 6398//6414 6400//6416 6370//6386
f 6401//6417 6402//6418 6403//6419
f 6401//6417 6403//6419 6404//6420
f 6405//6421 6406//6422 6407//6423
f 6405//6421 6407//6423 6408//6424
f 6409//6425 6410//6426 6376//6392
f 6409//6425 6376//6392 6360//6376
f 6411//6427 6405//6421 6408//6424
f 6411//6427 6408//6424 6412//6428
f 6413//6429 6414//6430 6415//6431
f 6413//6429 6415//6431 6416//6432
f 6367//6383 6417//6433 6418//6434
f 6367//6383 6418//6434 6359//6375
f 6419//6435 6420//6436 6421//6437
f 6419//6435 6421//6437 6422//6438
f 6375//6391 6374//6390 6423//6439
f 6375//6391 6423//6439 6424//6440
f 6355//6371 6425//6441 6426//6442
f 6355//6371 6426//6442 6427//6443
f 6428//6444 6429//6445 6349//6365
f 6428//6444 6349//6365 6348//6364
f 6430//6446 6431//6447 6432//6448
f 6430//6446 6432//6448 6433//6449
f 6434//6450 6435//6451 6436//6452
f 6434//6450 6436//6452 6437//6453
f 6355//6371 6354//6370 6438//6454
f 6355//6371 6438//6454 6425//6441
f 6397//6413 6396//6412 6369//6385
f 6397//6413 6369//6385 6368//6384
f 6391//6407 6390//6406 6393//6409
f 6391//6407 6393//6409 6392//6408
f 6385//6401 6384//6400 6387//6403
f 6385//6401 6387//6403 6386//6402
f 6439//6455 6407//6423 6440//6456
f 6439//6455 6408//6424 6407//6423
f 6441//6457 6403//6419 6422//6438
f 6441//6457 6422//6438 6442//6458
f 6442//6458 6421//6437 6443//6459
f 6442//6458 6422//6438 6421//6437
f 6444//6460 6445//6461 6446//6462
f 6447//6463 6348//6364 6351//6367
f 6447//6463 6448//6464 6449//6465
f 6447//6463 6449//6465 6439//6455
f 6442//6458 6412//6428 6408//6424
f 6442//6458 6408//6424 6439//6455
f 6450//6466 6404//6420 6441//6457
f 6447//6463 6351//6367 6451//6467
f 6452//6468 6450//6466 6441//6457
f 6416//6432 6415//6431 6441//6457
f 6416//6432 6441//6457 6446//6462
f 6453//6469 6454//6470 6455//6471
f 6453//6469 6455//6471 6456//6472
f 6442//6458 6443//6459 6412//6428
f 6457//6473 6446//6462 6458//6474
f 6457//6473 6458//6474 6432//6448
f 6436//6452 6458//6474 6437//6453
f 6445//6461 6416//6432 6446//6462
f 6444//6460 6446//6462 6457//6473
f 6459//6475 6460//6476 6461//6477
f 6459//6475 6461//6477 6462//6478
f 6433//6449 6458//6474 6436//6452
f 6463//6479 6447//6463 6464//6480
f 6447//6463 6439//6455 6428//6444
f 6447//6463 6428//6444 6348//6364
f 6439//6455 6440//6456 6428//6444
f 6465//6481 6466//6482 6375//6391
f 6465//6481 6375//6391 6424//6440
f 6418//6434 6467//6483 6356//6372
f 6418//6434 6356//6372 6359//6375
f 6352//6368 6468//6484 6469//6485
f 6352//6368 6469//6485 6368//6384
f 6470//6486 6471//6487 6391//6407
f 6470//6486 6391//6407 6392//6408
f 6428//6444 6440//6456 6472//6488
f 6428//6444 6472//6488 6429//6445
f 6473//6489 6474//6490 6386//6402
f 6473//6489 6386//6402 6389//6405
f 6399//6415 6426//6442 6425//6441
f 6399//6415 6425//6441 6400//6416
f 6475//6491 6417//6433 6367//6383
f 6475//6491 6367//6383 6382//6398
f 6476//6492 6477//6493 6463//6479
f 6476//6492 6463//6479 6464//6480
f 6478//6494 6479//6495 6381//6397
f 6478//6494 6381//6397 6364//6380
f 6363//6379 6480//6496 6409//6425
f 6363//6379 6409//6425 6360//6376
f 6355//6371 6427//6443 6468//6484
f 6355//6371 6468//6484 6352//6368
f 6451//6467 6351//6367 6350//6366
f 6451//6467 6350//6366 6481//6497
f 6482//6498 6470//6486 6392//6408
f 6482//6498 6392//6408 6395//6411
f 6402//6418 6419//6435 6422//6438
f 6402//6418 6422//6438 6403//6419
f 6483//6499 6484//6499 6485//6499
f 6485//6499 6486//6499 6487//6499
f 6487//6499 6488//6499 6483//6499
f 6485//6499 6487//6499 6483//6499
f 6414//6430 6489//6500 6452//6468
f 6414//6430 6452//6468 6415//6431
f 6373//6389 6490//6501 6398//6414
f 6373//6389 6398//6414 6370//6386
f 6491//6502 6413//6429 6416//6432
f 6491//6502 6416//6432 6445//6461
f 6474//6490 6492//6503 6385//6401
f 6474//6490 6385//6401 6386//6402
f 6363//6379 6379//6395 6493//6504
f 6363//6379 6493//6504 6480//6496
f 6494//6505 6495//6506 6496//6507
f 6494//6505 6496//6507 6497//6508
f 6457//6473 6432//6448 6431//6447
f 6457//6473 6431//6447 6498//6509
f 6425//6441 6438//6454 6499//6510
f 6425//6441 6499//6510 6400//6416
f 6450//6466 6452//6468 6489//6500
f 6450//6466 6489//6500 6500//6511
f 6385//6401 6492//6503 6475//6491
f 6385//6401 6475//6491 6382//6398
f 6501//6512 6441//6457 6442//6458
f 6501//6512 6442//6458 6502//6513
f 6415//6431 6452//6468 6441//6457
f 6444//6460 6457//6473 6498//6509
f 6444//6460 6498//6509 6503//6514
f 6469//6485 6504//6515 6397//6413
f 6469//6485 6397//6413 6368//6384
f 6466//6482 6490//6501 6373//6389
f 6466//6482 6373//6389 6375//6391
f 6500//6511 6401//6417 6404//6420
f 6500//6511 6404//6420 6450//6466
f 6505//6516 6411//6427 6412//6428
f 6505//6516 6412//6428 6443//6459
f 6406//6422 6472//6488 6440//6456
f 6406//6422 6440//6456 6407//6423
f 6432//6448 6458//6474 6433//6449
f 6481//6497 6476//6492 6464//6480
f 6481//6497 6464//6480 6451//6467
f 6477//6493 6434//6450 6437//6453
f 6477//6493 6437//6453 6463//6479
f 6464//6480 6447//6463 6451//6467
f 6433//6449 6436//6452 6435//6451
f 6433//6449 6435//6451 6430//6446
f 6467//6483 6478//6494 6364//6380
f 6467//6483 6364//6380 6356//6372
f 6391//6407 6471//6487 6473//6489
f 6391//6407 6473//6489 6389//6405
f 6479//6495 6493//6504 6379//6395
f 6479//6495 6379//6395 6381//6397
f 6503//6514 6491//6502 6445//6461
f 6503//6514 6445//6461 6444//6460
f 6443//6459 6421//6437 6420//6436
f 6443//6459 6420//6436 6505//6516
f 6424//6440 6423//6439 6377//6393
f 6424//6440 6377//6393 6376//6392
f 6371//6387 6370//6386 6400//6416
f 6371//6387 6400//6416 6499//6510
f 6410//6426 6465//6481 6424//6440
f 6410//6426 6424//6440 6376//6392
f 6504//6515 6482//6498 6395//6411
f 6504//6515 6395//6411 6397//6413
f 6441//6457 6404//6420 6403//6419
f 6506//6517 6507//6518 6494//6505
f 6506//6517 6494//6505 6497//6508
f 6508//6519 6509//6520 6510//6521
f 6508//6519 6510//6521 6511//6522
f 6512//6523 6458//6474 6446//6462
f 6512//6523 6446//6462 6513//6524
f 6514//6525 6515//6526 6516//6527
f 6514//6525 6516//6527 6517//6528
f 6513//6524 6446//6462 6441//6457
f 6513//6524 6441//6457 6501//6512
f 6518//6529 6453//6469 6456//6472
f 6518//6529 6456//6472 6519//6530
f 6458//6474 6512//6523 6448//6464
f 6458//6474 6448//6464 6447//6463
f 6460//6476 6520//6531 6521//6532
f 6460//6476 6521//6532 6461//6477
f 6522//6533 6523//6534 6524//6535
f 6522//6533 6524//6535 6525//6536
f 6502//6513 6442//6458 6439//6455
f 6502//6513 6439//6455 6449//6465
f 6509//6520 6526//6537 6527//6538
f 6509//6520 6527//6538 6510//6521
f 6517//6528 6528//6539 6529//6540
f 6517//6528 6529//6540 6514//6525
f 6523//6534 6530//6541 6531//6542
f 6523//6534 6531//6542 6524//6535
f 6437//6453 6458//6474 6447//6463
f 6437//6453 6447//6463 6463//6479
f 6454//6543 6507//6544 6485//6545
f 6518//6529 6512//6523 6495//6506
f 6519//6530 6508//6519 6448//6464
f 6511//6522 6531//6542 6449//6465
f 6520//6531 6529//6540 6501//6512
f 6530//6541 6521//6532 6502//6513
f 6496//6507 6513//6524 6528//6539
f 6455//6546 6484//6547 6526//6548
f 6462//6549 6522//6550 6488//6551
f 6527//6552 6483//6553 6525//6554
f 6487//6555 6515//6556 6459//6557
f 6486//6558 6506//6559 6516//6560
f 6467//6483 6503//6514 6498//6509
f 6467//6483 6498//6509 6478//6494
f 6466//6482 6481//6497 6350//6366
f 6466//6482 6350//6366 6490//6501
f 6480//6496 6435//6451 6434//6450
f 6480//6496 6434//6450 6409//6425
f 6427//6443 6406//6422 6405//6421
f 6427//6443 6405//6421 6468//6484
f 6482//6498 6420//6436 6419//6435
f 6482//6498 6419//6435 6470//6486
f 6474//6490 6500//6511 6489//6500
f 6474//6490 6489//6500 6492//6503
f 6418//6434 6491//6502 6503//6514
f 6418//6434 6503//6514 6467//6483
f 6349//6365 6398//6414 6490//6501
f 6349//6365 6490//6501 6350//6366
f 6465//6481 6476//6492 6481//6497
f 6465//6481 6481//6497 6466//6482
f 6493//6504 6430//6446 6435//6451
f 6493//6504 6435//6451 6480//6496
f 6426//6442 6472//6488 6406//6422
f 6426//6442 6406//6422 6427//6443
f 6504//6515 6505//6516 6420//6436
f 6504//6515 6420//6436 6482//6498
f 6473//6489 6401//6417 6500//6511
f 6473//6489 6500//6511 6474//6490
f 6417//6433 6413//6429 6491//6502
f 6417//6433 6491//6502 6418//6434
f 6469//6485 6411//6427 6505//6516
f 6469//6485 6505//6516 6504//6515
f 6479//6495 6431//6447 6430//6446
f 6479//6495 6430//6446 6493//6504
f 6410//6426 6477//6493 6476//6492
f 6410//6426 6476//6492 6465//6481
f 6399//6415 6429//6445 6472//6488
f 6399//6415 6472//6488 6426//6442
f 6471//6487 6402//6418 6401//6417
f 6471//6487 6401//6417 6473//6489
f 6478//6494 6498//6509 6431//6447
f 6478//6494 6431//6447 6479//6495
f 6475//6491 6414//6430 6413//6429
f 6475//6491 6413//6429 6417//6433
f 6409//6425 6434//6450 6477//6493
f 6409//6425 6477//6493 6410//6426
f 6468//6484 6405//6421 6411//6427
f 6468//6484 6411//6427 6469//6485
f 6470//6486 6419//6435 6402//6418
f 6470//6486 6402//6418 6471//6487
f 6414//6430 6475//6491 6492//6503
f 6414//6430 6492//6503 6489//6500
f 6398//6414 6349//6365 6429//6445
f 6398//6414 6429//6445 6399//6415
f 6515//6556 6487//6555 6486//6558
f 6515//6556 6486//6558 6516//6560
f 6519//6530 6448//6464 6512//6523
f 6519//6530 6512//6523 6518//6529
f 6523//6534 6461//6477 6521//6532
f 6523//6534 6521//6532 6530//6541
f 6502//6513 6521//6532 6520//6531
f 6502//6513 6520//6531 6501//6512
f 6513//6524 6496//6507 6495//6506
f 6513//6524 6495//6506 6512//6523
f 6501//6512 6529//6540 6528//6539
f 6501//6512 6528//6539 6513//6524
f 6511//6522 6449//6465 6448//6464
f 6511//6522 6448//6464 6508//6519
f 6531//6542 6511//6522 6510//6521
f 6531//6542 6510//6521 6524//6535
f 6449//6465 6531//6542 6530//6541
f 6449//6465 6530//6541 6502//6513
f 6524//6535 6510//6521 6527//6561
f 6524//6535 6527//6561 6525//6536
f 6461//6477 6523//6534 6522//6533
f 6461//6477 6522//6533 6462//6562
f 6514//6525 6460//6476 6459//6475
f 6514//6525 6459//6475 6515//6526
f 6516//6563 6506//6517 6497//6508
f 6516//6563 6497//6508 6517//6528
f 6494//6505 6453//6469 6518//6529
f 6494//6505 6518//6529 6495//6506
f 6508//6519 6519//6530 6456//6472
f 6508//6519 6456//6472 6509//6520
f 6529//6540 6520//6531 6460//6476
f 6529//6540 6460//6476 6514//6525
f 6517//6528 6497//6508 6496//6507
f 6517//6528 6496//6507 6528//6539
f 6454//6543 6485//6545 6484//6547
f 6454//6543 6484//6547 6455//6546
f 6488//6551 6522//6550 6525//6554
f 6488//6551 6525//6554 6483//6553
f 6526//6548 6484//6547 6483//6553
f 6526//6548 6483//6553 6527//6552
f 6487//6555 6459//6557 6462//6549
f 6487//6555 6462//6549 6488//6551
f 6485//6545 6507//6544 6506//6559
f 6485//6545 6506//6559 6486//6558
f 6507//6518 6454//6564 6453//6469
f 6507//6518 6453//6469 6494//6505
f 6509//6520 6456//6472 6455//6471
f 6509//6520 6455//6471 6526//6537
# Vertices: 2944, normals: 3216, texture coordinates: 0, faces: 5440

o obj6
v -0.0174928 0.01270926 0.00739954
v -0.01446814 0.01606849 0.00739954
v -0.01446814 0.01606849 0.00637195
v -0.0174928 0.01270926 0.00637195
v 0.0174928 0.01270926 0.00739954
v 0.01975295 0.00879458 0.00739954
v 0.01975295 0.00879458 0.00637195
v 0.0174928 0.01270926 0.00637195
v -0.01975295 0.00879458 0.00739954
v -0.01975295 0.00879458 0.00637195
v -0.01081114 0.01872545 0.00739954
v -0.00668166 0.02056402 0.00739954
v -0.00668166 0.02056402 0.00637195
v -0.01081114 0.01872545 0.00637195
v -0.01081114 -0.01872545 0.00739954
v -0.01446814 -0.01606849 0.00739954
v -0.01446814 -0.01606849 0.00637195
v -0.01081114 -0.01872545 0.00637195
v 0.0174928 -0.01270926 0.00739954
v 0.01446814 -0.01606849 0.00739954
v 0.01446814 -0.01606849 0.00637195
v 0.0174928 -0.01270926 0.00637195
v -0.02114979 0.00449553 0.00739954
v -0.02114979 0.00449553 0.00637195
v 0.02114979 -0.00449553 0.00739954
v 0.01975295 -0.00879458 0.00739954
v 0.01975295 -0.00879458 0.00637195
v 0.02114979 -0.00449553 0.00637195
v 0.01081114 -0.01872545 0.00739954
v 0.01081114 -0.01872545 0.00637195
v -0.00226014 0.02150384 0.00739954
v 0.00226014 0.02150384 0.00739954
v 0.00226014 0.02150384 0.00637195
v -0.00226014 0.02150384 0.00637195
v 0.01446814 0.01606849 0.00739954
v 0.01446814 0.01606849 0.00637195
v 0.02114979 0.00449553 0.00739954
v 0.02162229 -0 0.00739954
v 0.02162229 -0 0.00637195
v 0.02114979 0.00449553 0.00637195
v 0.01081114 0.01872545 0.00739954
v 0.01081114 0.01872545 0.00637195
v -0.0174928 -0.01270926 0.00739954
v -0.0174928 -0.01270926 0.00637195
v 0.00226014 -0.02150384 0.00739954
v -0.00226014 -0.02150384 0.00739954
v -0.00226014 -0.02150384 0.00637195
v 0.00226014 -0.02150384 0.00637195
v -0.02162229 0 0.00739954
v -0.02162229 0 0.00637195
v -0.02114979 -0.00449553 0.00739954
v -0.02114979 -0.00449553 0.00637195
v -0.01975295 -0.00879458 0.00739954
v -0.01975295 -0.00879458 0.00637195
v 0.00668166 0.02056402 0.00739954
v 0.00668166 0.02056402 0.00637195
v 0.00668166 -0.02056402 0.00739954
v 0.00668166 -0.02056402 0.00637195
v -0.00668166 -0.02056402 0.00739954
v -0.00668166 -0.02056402 0.00637195
vn -0.80902 0.58779 0
vn -0.66913 0.74314 0
vn -0.80902 0.58779 0
vn 0.80902 0.58779 0
vn 0.91355 0.40674 0
vn 0.80902 0.58779 0
vn -0.91355 0.40674 0
vn -0.5 0.86603 0
vn -0.30902 0.95106 0
vn -0.5 -0.86603 0
vn -0.66913 -0.74314 0
vn 0.80902 -0.58779 0
vn 0.66913 -0.74314 0
vn 0.80902 -0.58779 0
vn -0.97815 0.20791 0
vn 0.97815 -0.20791 0
vn 0.91355 -0.40674 0
vn 0.5 -0.86603 0
vn -0.10453 0.99452 0
vn 0.10453 0.99452 0
vn 0.10453 0.99452 0
vn -0.10453 0.99452 0
vn 0.66913 0.74314 0
vn 0.97815 0.20791 0
vn 1 0 0
vn 0.5 0.86603 0
vn -0.80902 -0.58779 0
vn -0.80902 -0.58779 0
vn 0.10453 -0.99452 0
vn -0.10453 -0.99452 0
vn -0.10453 -0.99452 0
vn 0.10453 -0.99452 0
vn -1 0 0
vn -0.97815 -0.20791 0
vn -0.91355 -0.40674 0
vn 0.30902 0.95106 0
vn 0.30902 -0.95106 0
vn -0.30902 -0.95106 0
vn -0 0 -1
usemtl mat5
f 6532//6565 6533//6566 6534//6566
f 6532//6565 6534//6566 6535//6567
f 6536//6568 6537//6569 6538//6569
f 6536//6568 6538//6569 6539//6570
f 6540//6571 6532//6565 6535//6567
f 6540//6571 6535//6567 6541//6571
f 6542//6572 6543//6573 6544//6573
f 6542//6572 6544//6573 6545//6572
f 6546//6574 6547//6575 6548//6575
f 6546//6574 6548//6575 6549//6574
f 6550//6576 6551//6577 6552//6577
f 6550//6576 6552//6577 6553//6578
f 6554//6579 6540//6571 6541//6571
f 6554//6579 6541//6571 6555//6579
f 6556//6580 6557//6581 6558//6581
f 6556//6580 6558//6581 6559//6580
f 6551//6577 6560//6582 6561//6582
f 6551//6577 6561//6582 6552//6577
f 6533//6566 6542//6572 6545//6572
f 6533//6566 6545//6572 6534//6566
f 6562//6583 6563//6584 6564//6585
f 6562//6583 6564//6585 6565//6586
f 6566//6587 6536//6568 6539//6570
f 6566//6587 6539//6570 6567//6587
f 6568//6588 6569//6589 6570//6589
f 6568//6588 6570//6589 6571//6588
f 6572//6590 6566//6587 6567//6587
f 6572//6590 6567//6587 6573//6590
f 6547//6575 6574//6591 6575//6592
f 6547//6575 6575//6592 6548//6575
f 6576//6593 6577//6594 6578//6595
f 6576//6593 6578//6595 6579//6596
f 6557//6581 6550//6576 6553//6578
f 6557//6581 6553//6578 6558//6581
f 6580//6597 6554//6579 6555//6579
f 6580//6597 6555//6579 6581//6597
f 6582//6598 6580//6597 6581//6597
f 6582//6598 6581//6597 6583//6598
f 6584//6599 6582//6598 6583//6598
f 6584//6599 6583//6598 6585//6599
f 6574//6591 6584//6599 6585//6599
f 6574//6591 6585//6599 6575//6592
f 6537//6569 6568//6588 6571//6588
f 6537//6569 6571//6588 6538//6569
f 6563//6584 6586//6600 6587//6600
f 6563//6584 6587//6600 6564//6585
f 6560//6582 6588//6601 6589//6601
f 6560//6582 6589//6601 6561//6582
f 6569//6589 6556//6580 6559//6580
f 6569//6589 6559//6580 6570//6589
f 6586//6600 6572//6590 6573//6590
f 6586//6600 6573//6590 6587//6600
f 6590//6602 6546//6574 6549//6574
f 6590//6602 6549//6574 6591//6602
f 6588//6601 6576//6593 6579//6596
f 6588//6601 6579//6596 6589//6601
f 6577//6594 6590//6602 6591//6602
f 6577//6594 6591//6602 6578//6595
f 6543//6573 6562//6583 6565//6586
f 6543//6573 6565//6586 6544//6573
f 6549//6603 6548//6603 6575//6603
f 6575//6603 6585//6603 6583//6603
f 6583//6603 6581//6603 6555//6603
f 6555//6603 6541//6603 6535//6603
f 6535//6603 6534//6603 6545//6603
f 6545//6603 6544//6603 6565//6603
f 6565//6603 6564//6603 6587//6603
f 6587//6603 6573//6603 6567//6603
f 6567//6603 6539//6603 6538//6603
f 6538//6603 6571//6603 6570//6603
f 6570//6603 6559//6603 6558//6603
f 6558//6603 6553//6603 6552//6603
f 6552//6603 6561//6603 6589//6603
f 6589//6603 6579//6603 6578//6603
f 6578//6603 6591//6603 6549//6603
f 6549//6603 6575//6603 6583//6603
f 6583//6603 6555//6603 6535//6603
f 6535//6603 6545//6603 6565//6603
f 6565//6603 6587//6603 6567//6603
f 6567//6603 6538//6603 6570//6603
f 6570//6603 6558//6603 6552//6603
f 6552//6603 6589//6603 6578//6603
f 6578//6603 6549//6603 6583//6603
f 6583//6603 6535//6603 6565//6603
f 6565//6603 6567//6603 6570//6603
f 6570//6603 6552//6603 6578//6603
f 6578//6603 6583//6603 6565//6603
f 6565//6603 6570//6603 6578//6603
# Vertices: 60, normals: 39, texture coordinates: 0, faces: 88

o obj7
v 0.01744596 0.00841925 0.00511342
v 0.01696278 0.00828078 0.00511342
v 0.01696278 0.00828078 0.00686274
v 0.01744596 0.00841925 0.00686274
v 0.01858632 0.00443992 0.00511342
v 0.01902232 0.00469 0.00511342
v 0.01902232 0.00469 0.00686274
v 0.01858632 0.00443992 0.00686274
v 0.01626678 0.00492034 0.00511342
v 0.01665521 0.00460135 0.00511342
v 0.01665521 0.00460135 0.00686274
v 0.01626678 0.00492034 0.00686274
v 0.01810315 0.00430146 0.00511342
v 0.01810315 0.00430146 0.00686274
v 0.01938581 0.00503715 0.00511342
v 0.01938581 0.00503715 0.00686274
v 0.01794823 0.00843806 0.00511342
v 0.01794823 0.00843806 0.00686274
v 0.01589345 0.00725951 0.00511342
v 0.01573293 0.00678321 0.00511342
v 0.01573293 0.00678321 0.00686274
v 0.01589345 0.00725951 0.00686274
v 0.01569106 0.00628233 0.00511342
v 0.01569106 0.00628233 0.00686274
v 0.01596597 0.00532302 0.00511342
v 0.01596597 0.00532302 0.00686274
v 0.01710869 0.00438459 0.00511342
v 0.01710869 0.00438459 0.00686274
v 0.01760087 0.00428265 0.00511342
v 0.01760087 0.00428265 0.00686274
v 0.01965565 0.0054612 0.00511342
v 0.01981617 0.0059375 0.00511342
v 0.01981617 0.0059375 0.00686274
v 0.01965565 0.0054612 0.00686274
v 0.01985804 0.00643838 0.00511342
v 0.01977882 0.00693472 0.00511342
v 0.01977882 0.00693472 0.00686274
v 0.01985804 0.00643838 0.00686274
v 0.01958313 0.00739769 0.00511342
v 0.01958313 0.00739769 0.00686274
v 0.01928232 0.00780036 0.00511342
v 0.0188939 0.00811935 0.00511342
v 0.0188939 0.00811935 0.00686274
v 0.01928232 0.00780036 0.00686274
v 0.01844041 0.00833612 0.00511342
v 0.01844041 0.00833612 0.00686274
v 0.01594036 0.00723709 0.00499223
v 0.01578384 0.00677266 0.00499223
v 0.01953804 0.00737182 0.00499223
v 0.01937643 0.00727913 0.00491905
v 0.01911001 0.00763579 0.00491905
v 0.01924473 0.00776446 0.00499223
v 0.01698302 0.0082329 0.00499223
v 0.01705556 0.0080613 0.00491905
v 0.01666938 0.00783981 0.00491905
v 0.01655789 0.00798906 0.00499223
v 0.01630437 0.00495624 0.00499223
v 0.01668312 0.00464521 0.00499223
v 0.01745415 0.00836791 0.00499223
v 0.01960875 0.00548361 0.00499223
v 0.01944067 0.00556396 0.00491905
v 0.01958284 0.00598582 0.00491905
v 0.01976527 0.00594804 0.00499223
v 0.01934563 0.00507014 0.00499223
v 0.01920166 0.00518837 0.00491905
v 0.01836432 0.00811031 0.00491905
v 0.01842381 0.00828685 0.00499223
v 0.01886599 0.00807549 0.00499223
v 0.01876597 0.00791832 0.00491905
v 0.01577028 0.00578598 0.00511342
v 0.01577028 0.00578598 0.00686274
v 0.01620347 0.00765057 0.00499223
v 0.0161633 0.00768356 0.00511342
v 0.01652678 0.00803071 0.00511342
v 0.01610844 0.00715675 0.00491905
v 0.01596626 0.00673488 0.00491905
v 0.01806559 0.00453676 0.00491905
v 0.01809496 0.00435279 0.00499223
v 0.0176052 0.00433445 0.00499223
v 0.01762072 0.0045201 0.00491905
v 0.01718479 0.00461039 0.00491905
v 0.0171253 0.00443385 0.00499223
v 0.01678313 0.00480238 0.00491905
v 0.01652678 0.00803071 0.00686274
v 0.01698564 0.00751026 0.00491905
v 0.01748351 0.00818394 0.00491905
v 0.01916486 0.00646861 0.00491905
v 0.01837596 0.00761852 0.00491905
v 0.01849355 0.0046594 0.00491905
v 0.01856346 0.00521044 0.00491905
v 0.01887972 0.0048809 0.00491905
v 0.01638424 0.0062521 0.00491905
v 0.01673903 0.00627972 0.00517044
v 0.01718696 0.00721683 0.00517044
v 0.01718696 0.00721683 0.0058909
v 0.01673903 0.00627972 0.0058909
v 0.01792838 0.0082006 0.00491905
v 0.01961993 0.00642946 0.00491905
v 0.01954976 0.00686908 0.00491905
v 0.01592918 0.00629124 0.00491905
v 0.01836214 0.00550387 0.0058909
v 0.01836214 0.00550387 0.00517044
v 0.01732662 0.00542324 0.00517044
v 0.01732662 0.00542324 0.0058909
v 0.01717315 0.00510219 0.00491905
v 0.0164391 0.00508491 0.00491905
v 0.01881008 0.00644098 0.00517044
v 0.01881008 0.00644098 0.0058909
v 0.01617267 0.00544157 0.00491905
v 0.01599934 0.00585162 0.00491905
v 0.01634744 0.00753233 0.00491905
v 0.01601106 0.00534888 0.00499223
v 0.01582025 0.0058003 0.00499223
v 0.01899121 0.00473165 0.00499223
v 0.0179439 0.00838625 0.00499223
v 0.01574301 0.00628427 0.00499223
v 0.01972885 0.0069204 0.00499223
v 0.01856608 0.00448781 0.00499223
v 0.01980609 0.00643643 0.00499223
v 0.0161633 0.00768356 0.00686274
v 0.01822249 0.00729746 0.0058909
v 0.01822249 0.00729746 0.00517044
v 0.01661675 0.0062702 0.00499268
v 0.01727372 0.00531258 0.00499268
v 0.01827538 0.00740812 0.00499268
v 0.01893235 0.0064505 0.00499268
v 0.01843154 0.00540274 0.00499268
v 0.01711757 0.00731797 0.00499268
v -0.01713078 0.01125322 0.00511342
v -0.01757988 0.01102751 0.00511342
v -0.01757988 0.01102751 0.00686274
v -0.01713078 0.01125322 0.00686274
v -0.01527195 0.00755455 0.00511342
v -0.01488991 0.00788117 0.00511342
v -0.01488991 0.00788117 0.00686274
v -0.01527195 0.00755455 0.00686274
v -0.01764036 0.00759629 0.00511342
v -0.01719949 0.0073549 0.00511342
v -0.01719949 0.0073549 0.00686274
v -0.01764036 0.00759629 0.00686274
v -0.01572105 0.00732884 0.00511342
v -0.01572105 0.00732884 0.00686274
v -0.01459714 0.00828973 0.00511342
v -0.01459714 0.00828973 0.00686274
v -0.01664072 0.01136489 0.00511342
v -0.01664072 0.01136489 0.00686274
v -0.01844118 0.00982558 0.00511342
v -0.01851054 0.00932777 0.00511342
v -0.01851054 0.00932777 0.00686274
v -0.01844118 0.00982558 0.00686274
v -0.01845875 0.00882782 0.00511342
v -0.01845875 0.00882782 0.00686274
v -0.01801065 0.00793617 0.00511342
v -0.01801065 0.00793617 0.00686274
v -0.01671366 0.00722603 0.00511342
v -0.01671366 0.00722603 0.00686274
v -0.01621112 0.00721718 0.00511342
v -0.01621112 0.00721718 0.00686274
v -0.01441066 0.00875648 0.00511342
v -0.01434129 0.00925429 0.00511342
v -0.01434129 0.00925429 0.00686274
v -0.01441066 0.00875648 0.00686274
v -0.01439308 0.00975425 0.00511342
v -0.014563 0.01022727 0.00511342
v -0.014563 0.01022727 0.00686274
v -0.01439308 0.00975425 0.00686274
v -0.01484119 0.01064589 0.00511342
v -0.01484119 0.01064589 0.00686274
v -0.01521148 0.01098577 0.00511342
v -0.01565235 0.01122716 0.00511342
v -0.01565235 0.01122716 0.00686274
v -0.01521148 0.01098577 0.00686274
v -0.01613817 0.01135603 0.00511342
v -0.01613817 0.01135603 0.00686274
v -0.01839093 0.00981226 0.00499223
v -0.01845857 0.00932685 0.00499223
v -0.0148807 0.01061211 0.00499223
v -0.0150223 0.01049105 0.00491905
v -0.01535027 0.01079209 0.00491905
v -0.01524176 0.01094352 0.00499223
v -0.01755111 0.01098422 0.00499223
v -0.017448 0.01082906 0.00491905
v -0.01778637 0.01053976 0.00491905
v -0.01792362 0.01066574 0.00499223
v -0.01761007 0.00763854 0.00499223
v -0.0171802 0.00740318 0.00499223
v -0.01711321 0.01120429 0.00499223
v -0.01446091 0.0087698 0.00499223
v -0.01464097 0.00881757 0.00491905
v -0.01457953 0.00925849 0.00491905
v -0.01439327 0.00925521 0.00499223
v -0.01464274 0.00831469 0.00499223
v -0.01480615 0.00840416 0.00491905
v -0.01617106 0.01112003 0.00491905
v -0.01614535 0.01130454 0.00499223
v -0.01567164 0.01117889 0.00499223
v -0.01574075 0.01100589 0.00491905
v -0.01828884 0.00835479 0.00511342
v -0.01828884 0.00835479 0.00686274
v -0.01820909 0.01026737 0.00499223
v -0.01825469 0.01029233 0.00511342
v -0.01796192 0.01070089 0.00511342
v -0.01821086 0.00976449 0.00491905
v -0.0182723 0.00932357 0.00491905
v -0.0158016 0.00755309 0.00491905
v -0.01573862 0.00737777 0.00499223
v -0.01621647 0.00726888 0.00499223
v -0.01623566 0.00745419 0.00491905
v -0.01668078 0.00746203 0.00491905
v -0.01670649 0.00727752 0.00499223
v -0.01711108 0.00757617 0.00491905
v -0.01796192 0.01070089 0.00686274
v -0.01741447 0.01027462 0.00491905
v -0.01705023 0.01102897 0.00491905
v -0.01507983 0.00965534 0.00491905
v -0.01606838 0.01063893 0.00491905
v -0.01540383 0.007753 0.00491905
v -0.01543737 0.00830745 0.00491905
v -0.01506546 0.0080423 0.00491905
v -0.017772 0.00892672 0.00491905
v -0.0174285 0.00901968 0.00517044
v -0.01716221 0.01002363 0.00517044
v -0.01716221 0.01002363 0.0058909
v -0.0174285 0.00901968 0.0058909
v -0.01661617 0.01112787 0.00491905
v -0.0146254 0.00970131 0.00491905
v -0.0147759 0.01012028 0.00491905
v -0.01822643 0.00888076 0.00491905
v -0.01568963 0.00855844 0.0058909
v -0.01568963 0.00855844 0.00517044
v -0.01669222 0.00828709 0.00517044
v -0.01669222 0.00828709 0.0058909
v -0.01678346 0.00794313 0.00491905
v -0.01750156 0.00778997 0.00491905
v -0.01542333 0.00956238 0.00517044
v -0.01542333 0.00956238 0.0058909
v -0.01782953 0.00809101 0.00491905
v -0.01807593 0.00846179 0.00491905
v -0.01804569 0.0101779 0.00491905
v -0.01797113 0.00796995 0.00499223
v -0.01824238 0.00837813 0.00499223
v -0.01492821 0.00791632 0.00499223
v -0.01663536 0.01131318 0.00499223
v -0.01840807 0.00883937 0.00499223
v -0.01460945 0.01020393 0.00499223
v -0.01530072 0.00759784 0.00499223
v -0.01444376 0.00974269 0.00499223
v -0.01825469 0.01029233 0.00686274
v -0.01615962 0.01029498 0.0058909
v -0.01615962 0.01029498 0.00517044
v -0.01754689 0.00898764 0.00499268
v -0.01672367 0.00816854 0.00499268
v -0.01612817 0.01041353 0.00499268
v -0.01530494 0.00959442 0.00499268
v -0.01560267 0.00847193 0.00499268
v -0.01724916 0.01011014 0.00499268
v -7.958E-05 -0.01677857 0.00511342
v -0.00057963 -0.01682935 0.00511342
v -0.00057963 -0.01682935 0.00686274
v -7.958E-05 -0.01677857 0.00686274
v 0.00033861 -0.02089689 0.00511342
v 0.00081198 -0.02072792 0.00511342
v 0.00081198 -0.02072792 0.00686274
v 0.00033861 -0.02089689 0.00686274
v -0.00185931 -0.0200136 0.00511342
v -0.00153346 -0.02039629 0.00511342
v -0.00153346 -0.02039629 0.00686274
v -0.00185931 -0.0200136 0.00686274
v -0.00016144 -0.02094767 0.00511342
v -0.00016144 -0.02094767 0.00686274
v 0.00123116 -0.02045058 0.00511342
v 0.00123116 -0.02045058 0.00686274
v 0.0004181 -0.01684894 0.00511342
v 0.0004181 -0.01684894 0.00686274
v -0.00181281 -0.01764528 0.00511342
v -0.00205508 -0.01808566 0.00511342
v -0.00205508 -0.01808566 0.00686274
v -0.00181281 -0.01764528 0.00686274
v -0.00218493 -0.01857122 0.00511342
v -0.00218493 -0.01857122 0.00686274
v -0.00208411 -0.01956404 0.00511342
v -0.00208411 -0.01956404 0.00686274
v -0.00112549 -0.02068987 0.00511342
v -0.00112549 -0.02068987 0.00686274
v -0.00065912 -0.0208773 0.00511342
v -0.00065912 -0.0208773 0.00686274
v 0.00157179 -0.02008097 0.00511342
v 0.00181406 -0.01964059 0.00511342
v 0.00181406 -0.01964059 0.00686274
v 0.00157179 -0.02008097 0.00686274
v 0.0019439 -0.01915502 0.00511342
v 0.00195377 -0.01865249 0.00511342
v 0.00195377 -0.01865249 0.00686274
v 0.0019439 -0.01915502 0.00686274
v 0.00184309 -0.0181622 0.00511342
v 0.00184309 -0.0181622 0.00686274
v 0.00161829 -0.01771265 0.00511342
v 0.00129244 -0.01732996 0.00511342
v 0.00129244 -0.01732996 0.00686274
v 0.00161829 -0.01771265 0.00686274
v 0.00088447 -0.01703637 0.00511342
v 0.00088447 -0.01703637 0.00686274
v -0.00177061 -0.01767564 0.00499223
v -0.00200685 -0.01810504 0.00499223
v 0.00179413 -0.01817968 0.00499223
v 0.00161867 -0.01824231 0.00491905
v 0.00141957 -0.01784413 0.00491905
v 0.00157493 -0.01774133 0.00499223
v -0.00056819 -0.01688006 0.00499223
v -0.00052716 -0.01706178 0.00491905
v -0.00094644 -0.01721145 0.00491905
v -0.00102975 -0.01704482 0.00499223
v -0.00181596 -0.01998491 0.00499223
v -0.00149823 -0.02035806 0.00499223
v -8.06E-05 -0.01683055 0.00499223
v 0.00152959 -0.0200506 0.00499223
v 0.00137838 -0.01994178 0.00491905
v 0.00159297 -0.01955173 0.00491905
v 0.00176582 -0.0196212 0.00499223
v 0.00119746 -0.02041099 0.00499223
v 0.00107669 -0.02026915 0.00491905
v 0.00076962 -0.01724514 0.00491905
v 0.00085941 -0.01708191 0.00499223
v 0.00125721 -0.01736819 0.00499223
v 0.00113096 -0.01750518 0.00491905
v -0.00219479 -0.01907376 0.00511342
v -0.00219479 -0.01907376 0.00686274
v -0.00143848 -0.01731525 0.00499223
v -0.00147219 -0.01727567 0.00511342
v -0.00105301 -0.01699832 0.00511342
v -0.0016194 -0.01778446 0.00491905
v -0.00183399 -0.01817451 0.00491905
v -0.00015677 -0.02070944 0.00491905
v -0.00016042 -0.02089569 0.00499223
v -0.00064569 -0.02082708 0.00499223
v -0.00059756 -0.02064711 0.00491905
v -0.00101064 -0.0204811 0.00491905
v -0.00110043 -0.02064433 0.00499223
v -0.00137198 -0.02022107 0.00491905
v -0.00105301 -0.01699832 0.00686274
v -0.00069348 -0.01759175 0.00491905
v -8.426E-05 -0.01701681 0.00491905
v 0.00126701 -0.0190026 0.00491905
v 0.00069404 -0.01773123 0.00491905
v 0.00028614 -0.02066446 0.00491905
v 0.00045246 -0.02013449 0.00491905
v 0.00070541 -0.0205148 0.00491905
v -0.00150803 -0.01872364 0.00491905
v -0.00115396 -0.01875924 0.00517044
v -0.00054727 -0.01791618 0.00517044
v -0.00054727 -0.01791618 0.0058909
v -0.00115396 -0.01875924 0.0058909
v 0.00035654 -0.01707914 0.00491905
v 0.00170797 -0.01912166 0.00491905
v 0.00171671 -0.01867656 0.00491905
v -0.00194899 -0.01860458 0.00491905
v 0.00030625 -0.01981006 0.0058909
v 0.00030625 -0.01981006 0.00517044
v -0.00072721 -0.01970617 0.00517044
v -0.00072721 -0.01970617 0.0058909
v -0.00093507 -0.01999501 0.00491905
v -0.00166059 -0.01988211 0.00491905
v 0.00091294 -0.01896701 0.00517044
v 0.00091294 -0.01896701 0.0058909
v -0.0018597 -0.01948394 0.00491905
v -0.00195773 -0.01904968 0.00491905
v -0.00131771 -0.0174571 0.00491905
v -0.00203516 -0.01954657 0.00499223
v -0.00214308 -0.0190685 0.00499223
v 0.00078873 -0.02068142 0.00499223
v 0.00040467 -0.01689917 0.00499223
v -0.00213345 -0.0185785 0.00499223
v 0.00190205 -0.01865774 0.00499223
v 0.00032716 -0.02084618 0.00499223
v 0.00189243 -0.01914774 0.00499223
v -0.00147219 -0.01727567 0.00686274
v 0.00048618 -0.01802007 0.0058909
v 0.00048618 -0.01802007 0.00517044
v -0.001276 -0.01874697 0.00499268
v -0.00079885 -0.01980573 0.00499268
v 0.00055783 -0.01792052 0.00499268
v 0.00103497 -0.01897928 0.00499268
v 0.00035665 -0.01992189 0.00499268
v -0.00059767 -0.01780436 0.00499268
v 0.01718695 0.00721683 0.0058909
v 0.01822249 0.00729746 0.0058909
v 0.01881007 0.00644098 0.0058909
v 0.01836214 0.00550387 0.0058909
v 0.01732662 0.00542324 0.0058909
v 0.01673903 0.00627972 0.0058909
v -0.01542333 0.00956238 0.0058909
v -0.01568962 0.00855844 0.0058909
v -0.01716221 0.01002362 0.0058909
v -0.01615962 0.01029497 0.0058909
v 0.00048619 -0.01802007 0.0058909
v 0.00091294 -0.01896701 0.0058909
vn -0.97992 -0.01544 0.1988
vn -0.97327 -0.11403 0.19934
vn -0.99851 0.05461 3E-05
vn -0.98256 -0.18592 -0.00073
vn 0.95516 -0.21948 0.19874
vn 0.97228 -0.12214 0.19938
vn 0.95643 -0.29197 -0.0002
vn 0.99851 -0.05461 0
vn 0.54395 0.81526 0.19868
vn 0.45901 0.86576 0.19941
vn 0.61217 0.79072 0
vn 0.40519 0.91423 0
vn 0.97992 0.01544 0.1988
vn 0.98256 0.18592 0.00038
vn 0.91477 -0.35134 0.1994
vn 0.85875 -0.5124 7E-05
vn -0.94773 -0.2496 0.19878
vn -0.9095 -0.41571 -0.00038
vn -0.56941 0.79768 0.19869
vn -0.64666 0.73625 0.1994
vn -0.52229 0.85277 0
vn -0.71118 0.70301 0
vn -0.45179 0.86954 0.19945
vn -0.303 0.95299 0
vn 0.33302 0.92173 0.19876
vn 0.17451 0.98466 0
vn 0.65285 0.73077 0.19941
vn 0.7836 0.62127 0
vn 0.8088 0.55327 0.19936
vn 0.9095 0.4157 -0.00033
vn 0.56937 -0.7977 0.19872
vn 0.6467 -0.73623 0.19937
vn 0.52229 -0.85277 0
vn 0.71119 -0.703 0
vn 0.13349 -0.97091 0.1988
vn 0.23047 -0.95244 0.19935
vn 0.06618 -0.99781 0
vn 0.30301 -0.95299 0
vn -0.00417 -0.9799 0.19944
vn -0.17451 -0.98465 0
vn -0.54393 -0.81522 0.19888
vn -0.459 -0.86577 0.19941
vn -0.61218 -0.79072 -8E-05
vn -0.40519 -0.91423 0
vn -0.65285 -0.73076 0.19942
vn -0.7836 -0.62126 0.00031
vn -0.47776 0.52406 0.70506
vn -0.40139 0.58443 0.70521
vn -0.08791 -0.70807 0.70064
vn -0.0733 -0.4135 0.90755
vn 0.14114 -0.24602 0.95893
vn -0.32254 -0.63639 0.70069
vn -0.71342 0.00206 0.70074
vn -0.42027 0.023 0.90711
vn -0.22741 -0.17152 0.95858
vn -0.6706 0.2436 0.70068
vn 0.3208 0.63249 0.70501
vn 0.40421 0.58249 0.70521
vn -0.70269 -0.09538 0.70507
vn 0.53265 -0.4747 0.70067
vn 0.29849 -0.29509 0.90765
vn 0.28294 -0.02337 0.95885
vn 0.34061 -0.6269 0.7007
vn 0.63085 -0.33325 0.7007
vn 0.36111 -0.21542 0.9073
vn 0.01167 -0.28439 0.95864
vn -0.58132 -0.41365 0.70069
vn -0.407 -0.58596 0.70072
vn -0.25799 -0.33326 0.90685
vn -0.23047 0.95244 0.19935
vn -0.06618 0.99781 0
vn -0.62694 0.33109 0.70522
vn -0.74504 0.63893 0.19151
vn -0.97382 0.12269 0.19138
vn -0.29849 0.29509 0.90765
vn -0.28294 0.02337 0.95885
vn 0.12245 0.2557 0.95897
vn 0.70697 0.09622 0.70067
vn 0.63267 0.32984 0.70067
vn 0.38209 0.17466 0.90747
vn -0.01167 0.28439 0.95864
vn 0.58132 0.41366 0.70068
vn 0.25799 0.33326 0.90685
vn -0.95643 0.29197 0
vn 0.09877 -0.02584 0.99477
vn -0.20731 0.19327 0.959
vn -0.02697 0.09844 0.99478
vn 0.07175 0.07263 0.99477
vn 0.15485 -0.23844 0.95873
vn -0.09877 0.02584 0.99477
vn -0.02139 0.03697 0.99909
vn 0.02696 -0.09845 0.99478
vn 0.68097 -0.67316 0.28833
vn 0.68097 -0.67315 0.28834
vn 0.71117 -0.70302 0
vn 0.71117 -0.70302 -2E-05
vn -0.24765 0.13828 0.95893
vn -0.16887 -0.22945 0.95856
vn 0.11766 0.00836 0.99302
vn 0.03719 -0.02098 0.99909
vn -0.96442 -0.26436 0
vn -0.92346 -0.25312 0.28835
vn -0.92347 -0.25313 0.28833
vn -0.96442 -0.26436 -5E-05
vn -0.07176 -0.07263 0.99477
vn 0.27706 0.06072 0.95893
vn -0.68096 0.67317 0.28833
vn -0.68097 0.67315 0.28834
vn -0.71117 0.70302 0
vn -0.71117 0.70302 -2E-05
vn -0.15663 0.06653 0.98541
vn 0.21802 0.18239 0.95875
vn -0.02658 0.2827 0.95884
vn 0.08726 0.70361 0.70521
vn -0.00986 0.7091 0.70504
vn 0.69221 -0.17274 0.70072
vn -0.63267 -0.32982 0.70068
vn -0.25005 0.66344 0.70521
vn 0.00998 -0.70915 0.70499
vn 0.70899 -0.00177 0.70521
vn 0.18082 -0.69013 0.70073
vn -0.24252 -0.92631 0.28834
vn -0.24252 -0.92631 0.28833
vn -0.25319 -0.96742 0
vn -0.25319 -0.96742 -3E-05
vn -0.85875 0.5124 -0.00012
vn 0.25319 0.96742 0
vn 0.25319 0.96742 -3E-05
vn 0.24252 0.92631 0.28834
vn 0.24251 0.92631 0.28832
vn 0.96442 0.26436 -5E-05
vn 0.96442 0.26436 0
vn 0.92348 0.25315 0.28827
vn 0.92347 0.25313 0.28832
vn 0.13641 -0.49776 0.85652
vn -0.36286 -0.36702 0.85652
vn 0.36286 0.36702 0.85652
vn -0.1364 0.49776 0.85652
vn -0.49931 0.13073 0.8565
vn 0.49929 -0.13076 0.85651
vn -0.97994 -0.01547 0.19869
vn -0.97326 -0.11402 0.19939
vn -0.99851 0.05462 0.00011
vn -0.98256 -0.18596 -0.00034
vn 0.95517 -0.21946 0.19873
vn 0.97227 -0.1222 0.19941
vn 0.95643 -0.29198 0
vn 0.99851 -0.05462 0
vn 0.5439 0.81528 0.19874
vn 0.45905 0.86574 0.1994
vn 0.61216 0.79074 -0.00011
vn 0.40518 0.91424 0
vn 0.97994 0.01547 0.19869
vn 0.98256 0.18596 0.00038
vn 0.91476 -0.35134 0.19942
vn 0.85877 -0.51236 0
vn -0.94774 -0.24962 0.19869
vn -0.90949 -0.41572 0
vn -0.56944 0.79764 0.19876
vn -0.64667 0.73624 0.19944
vn -0.52228 0.85277 0
vn -0.71117 0.70302 0
vn -0.45178 0.86956 0.19937
vn -0.303 0.95299 0
vn 0.33302 0.92172 0.1988
vn 0.1745 0.98466 0
vn 0.65287 0.73074 0.19944
vn 0.78359 0.62128 0
vn 0.80879 0.55327 0.1994
vn 0.9095 0.41571 0
vn 0.56936 -0.79772 0.19867
vn 0.64671 -0.73621 0.19941
vn 0.52228 -0.85277 0
vn 0.71118 -0.70301 0
vn 0.13349 -0.9709 0.19881
vn 0.23043 -0.95244 0.1994
vn 0.0662 -0.99781 0
vn 0.30304 -0.95298 0
vn -0.00409 -0.97991 0.19942
vn -0.1745 -0.98466 0
vn -0.5439 -0.81528 0.19873
vn -0.45906 -0.86574 0.1994
vn -0.61216 -0.79073 0
vn -0.40518 -0.91424 0
vn -0.65287 -0.73074 0.19944
vn -0.78359 -0.62128 0
vn -0.4777 0.52414 0.70504
vn -0.40135 0.5845 0.70518
vn -0.08791 -0.708 0.70072
vn -0.0733 -0.41348 0.90756
vn 0.1412 -0.24608 0.95891
vn -0.32258 -0.63636 0.7007
vn -0.71347 0.00194 0.70069
vn -0.4203 0.02299 0.90709
vn -0.22744 -0.17153 0.95857
vn -0.67061 0.24361 0.70066
vn 0.32081 0.63248 0.70502
vn 0.40424 0.58248 0.7052
vn -0.70275 -0.09543 0.705
vn 0.53266 -0.47469 0.70068
vn 0.29851 -0.29503 0.90766
vn 0.283 -0.02335 0.95883
vn 0.34063 -0.62681 0.70077
vn 0.63084 -0.33329 0.70069
vn 0.36104 -0.2154 0.90734
vn 0.01168 -0.28443 0.95863
vn -0.5813 -0.41363 0.70072
vn -0.40701 -0.58596 0.70071
vn -0.25801 -0.33323 0.90685
vn -0.23055 0.95241 0.19938
vn -0.06619 0.99781 0
vn -0.62188 0.34044 0.70525
vn -0.74503 0.63893 0.19158
vn -0.97382 0.12266 0.19136
vn -0.29851 0.29504 0.90766
vn -0.28301 0.02336 0.95883
vn 0.12245 0.25568 0.95897
vn 0.70695 0.09622 0.70068
vn 0.63263 0.32981 0.70072
vn 0.3821 0.17464 0.90747
vn -0.01168 0.28443 0.95863
vn 0.58129 0.41364 0.70072
vn 0.25801 0.33323 0.90685
vn -0.95643 0.29198 0
vn 0.09876 -0.02584 0.99478
vn -0.20733 0.19321 0.959
vn -0.02699 0.09846 0.99477
vn 0.07176 0.07263 0.99477
vn 0.15481 -0.23843 0.95874
vn -0.09875 0.02584 0.99478
vn -0.02138 0.03694 0.99909
vn 0.02699 -0.09847 0.99477
vn 0.68099 -0.67315 0.28831
vn 0.68098 -0.67317 0.2883
vn 0.71119 -0.703 0
vn 0.71119 -0.703 -2E-05
vn -0.2476 0.13828 0.95894
vn -0.16888 -0.22942 0.95856
vn 0.11765 0.00832 0.99302
vn 0.03724 -0.02097 0.99909
vn -0.9644 -0.26444 0
vn -0.92347 -0.25316 0.28831
vn -0.92344 -0.25319 0.28836
vn -0.9644 -0.26444 -5E-05
vn -0.07176 -0.07263 0.99477
vn 0.27702 0.06075 0.95894
vn -0.68099 0.67316 0.2883
vn -0.68098 0.67317 0.2883
vn -0.71119 0.703 0
vn -0.71119 0.703 -2E-05
vn -0.15672 0.0665 0.9854
vn 0.21804 0.18246 0.95873
vn -0.02665 0.28272 0.95883
vn 0.08719 0.70361 0.70522
vn -0.00991 0.70907 0.70507
vn 0.69218 -0.17282 0.70072
vn -0.63264 -0.3298 0.70071
vn -0.25008 0.66346 0.70518
vn 0.01003 -0.7091 0.70503
vn 0.70904 -0.00172 0.70517
vn 0.1807 -0.69018 0.70072
vn -0.2425 -0.92632 0.28833
vn -0.2425 -0.92632 0.2883
vn -0.25325 -0.9674 0
vn -0.25325 -0.9674 -2E-05
vn -0.85877 0.51236 0
vn 0.25325 0.9674 0
vn 0.25325 0.9674 -2E-05
vn 0.2425 0.92632 0.28833
vn 0.2425 0.92632 0.2883
vn 0.9644 0.26444 -5E-05
vn 0.9644 0.26444 0
vn 0.92346 0.25315 0.28832
vn 0.92344 0.25319 0.28835
vn 0.13638 -0.49774 0.85654
vn -0.36282 -0.36705 0.85652
vn 0.36282 0.36705 0.85652
vn -0.13638 0.49774 0.85653
vn -0.49933 0.13066 0.8565
vn 0.49931 -0.13068 0.85651
vn -0.97993 -0.01543 0.19872
vn -0.97327 -0.11403 0.19936
vn -0.99851 0.05461 0
vn -0.98256 -0.18593 0
vn 0.95515 -0.21946 0.19883
vn 0.97228 -0.12215 0.19935
vn 0.95643 -0.29197 -0.00035
vn 0.99851 -0.05461 0.00041
vn 0.54389 0.81528 0.19873
vn 0.4591 0.86572 0.19939
vn 0.61213 0.79076 0
vn 0.40513 0.91426 0
vn 0.97993 0.01544 0.19872
vn 0.98256 0.18593 0
vn 0.91476 -0.35135 0.1994
vn 0.85875 -0.51239 -0.00031
vn -0.94774 -0.2496 0.19872
vn -0.90953 -0.41564 0
vn -0.56941 0.79768 0.19871
vn -0.64668 0.73623 0.19943
vn -0.5223 0.85276 0
vn -0.71119 0.703 0
vn -0.45178 0.86957 0.19936
vn -0.30301 0.95299 0
vn 0.33299 0.92174 0.1988
vn 0.17458 0.98464 0
vn 0.65289 0.73073 0.19942
vn 0.78364 0.62121 0
vn 0.80884 0.5532 0.19938
vn 0.90953 0.41564 0
vn 0.56938 -0.79769 0.19875
vn 0.64671 -0.73621 0.1994
vn 0.5223 -0.85276 0
vn 0.71119 -0.703 0
vn 0.1335 -0.97093 0.19868
vn 0.23049 -0.95241 0.19945
vn 0.06615 -0.99781 0
vn 0.30301 -0.95299 0
vn -0.00417 -0.97989 0.19947
vn -0.17458 -0.98464 0
vn -0.54389 -0.81529 0.19872
vn -0.4591 -0.86571 0.19943
vn -0.61213 -0.79075 0
vn -0.40512 -0.91426 0
vn -0.65289 -0.73073 0.19942
vn -0.78364 -0.62121 0
vn -0.47774 0.52409 0.70505
vn -0.40136 0.58451 0.70517
vn -0.08794 -0.70803 0.70069
vn -0.07329 -0.41341 0.90759
vn 0.14109 -0.24602 0.95894
vn -0.32257 -0.63634 0.70073
vn -0.71349 0.00201 0.70066
vn -0.42033 0.02303 0.90708
vn -0.22744 -0.17153 0.95857
vn -0.6705 0.24374 0.70073
vn 0.32074 0.6325 0.70503
vn 0.40423 0.58249 0.7052
vn -0.70272 -0.09537 0.70504
vn 0.53271 -0.47459 0.7007
vn 0.29856 -0.29512 0.90762
vn 0.28294 -0.02339 0.95885
vn 0.34068 -0.62685 0.70071
vn 0.63076 -0.33335 0.70073
vn 0.36105 -0.21539 0.90733
vn 0.01163 -0.28436 0.95865
vn -0.58132 -0.41363 0.7007
vn -0.40695 -0.58602 0.7007
vn -0.25795 -0.33319 0.90689
vn -0.23049 0.95241 0.19945
vn -0.06615 0.99781 0
vn -0.62698 0.33104 0.70521
vn -0.74503 0.63894 0.19154
vn -0.9738 0.12274 0.19145
vn -0.29846 0.29503 0.90768
vn -0.28294 0.0234 0.95885
vn 0.12237 0.25566 0.95899
vn 0.70695 0.09611 0.7007
vn 0.63263 0.32983 0.70071
vn 0.38208 0.17467 0.90747
vn -0.01163 0.28436 0.95865
vn 0.58123 0.41373 0.70071
vn 0.25795 0.33319 0.90689
vn -0.95643 0.29196 -0.00049
vn 0.09877 -0.02586 0.99477
vn -0.20731 0.19325 0.959
vn -0.02695 0.09845 0.99478
vn 0.07173 0.07266 0.99477
vn 0.15487 -0.23848 0.95872
vn -0.09877 0.02586 0.99477
vn -0.02141 0.03697 0.99909
vn 0.02697 -0.09843 0.99478
vn 0.68097 -0.67317 0.28832
vn 0.68096 -0.67318 0.28832
vn 0.71117 -0.70302 0
vn 0.71117 -0.70302 -1E-05
vn -0.24765 0.13828 0.95893
vn -0.1689 -0.22939 0.95857
vn 0.11762 0.00836 0.99302
vn 0.03728 -0.02098 0.99908
vn -0.96442 -0.26437 0
vn -0.92344 -0.25323 0.28833
vn -0.92344 -0.25323 0.28834
vn -0.96442 -0.26437 -0.00031
vn -0.07173 -0.07266 0.99477
vn 0.27704 0.06074 0.95894
vn -0.68097 0.67317 0.28832
vn -0.681 0.67313 0.28834
vn -0.71117 0.70302 0
vn -0.71117 0.70302 -1E-05
vn -0.15662 0.06653 0.98542
vn 0.21805 0.18249 0.95872
vn -0.02658 0.28271 0.95884
vn 0.08716 0.70362 0.70521
vn -0.00991 0.70909 0.70505
vn 0.69225 -0.17268 0.70069
vn -0.63264 -0.32982 0.70071
vn -0.25014 0.66344 0.70518
vn 0.01002 -0.70913 0.705
vn 0.70898 -0.00183 0.70523
vn 0.18076 -0.69016 0.70072
vn -0.24243 -0.92635 0.28829
vn -0.24242 -0.92635 0.28829
vn -0.25318 -0.96742 0
vn -0.25318 -0.96742 -4E-05
vn -0.85875 0.51239 1E-05
vn 0.25319 0.96742 0
vn 0.25319 0.96742 -4E-05
vn 0.24243 0.92635 0.28829
vn 0.24242 0.92635 0.28828
vn 0.96442 0.26437 -4E-05
vn 0.96442 0.26437 0
vn 0.92344 0.25323 0.28834
vn 0.92344 0.25323 0.28834
vn 0.13644 -0.49772 0.85654
vn -0.36278 -0.36708 0.85653
vn 0.36279 0.36708 0.85653
vn -0.13643 0.49772 0.85654
vn -0.49922 0.13067 0.85657
vn 0.49921 -0.13068 0.85657
vn 3E-05 -3E-05 1
vn 3E-05 -3E-05 1
vn 3E-05 -3E-05 1
vn 3E-05 -3E-05 1
vn 3E-05 -3E-05 1
vn 3E-05 -3E-05 1
vn 0.0003 -0.00015 1
vn 0.0003 -0.00015 1
vn 0.0003 -0.00015 1
vn 0.0003 -0.00015 1
vn 0.0003 -0.00015 1
vn 0.0003 -0.00015 1
vn 4E-05 -3E-05 1
vn 4E-05 -3E-05 1
vn 4E-05 -3E-05 1
vn 4E-05 -3E-05 1
vn 4E-05 -3E-05 1
vn 4E-05 -3E-05 1
usemtl mat6
f 6592//6604 6593//6605 6594//6606
f 6592//6604 6594//6606 6595//6607
f 6596//6608 6597//6609 6598//6610
f 6596//6608 6598//6610 6599//6611
f 6600//6612 6601//6613 6602//6614
f 6600//6612 6602//6614 6603//6615
f 6604//6616 6596//6608 6599//6611
f 6604//6616 6599//6611 6605//6617
f 6597//6609 6606//6618 6607//6619
f 6597//6609 6607//6619 6598//6610
f 6608//6620 6592//6604 6595//6607
f 6608//6620 6595//6607 6609//6621
f 6610//6622 6611//6623 6612//6624
f 6610//6622 6612//6624 6613//6625
f 6611//6623 6614//6626 6615//6627
f 6611//6623 6615//6627 6612//6624
f 6616//6628 6600//6612 6603//6615
f 6616//6628 6603//6615 6617//6629
f 6601//6613 6618//6630 6619//6631
f 6601//6613 6619//6631 6602//6614
f 6618//6630 6620//6632 6621//6633
f 6618//6630 6621//6633 6619//6631
f 6620//6632 6604//6616 6605//6617
f 6620//6632 6605//6617 6621//6633
f 6622//6634 6623//6635 6624//6636
f 6622//6634 6624//6636 6625//6637
f 6626//6638 6627//6639 6628//6640
f 6626//6638 6628//6640 6629//6641
f 6627//6639 6630//6642 6631//6643
f 6627//6639 6631//6643 6628//6640
f 6632//6644 6633//6645 6634//6646
f 6632//6644 6634//6646 6635//6647
f 6633//6645 6636//6648 6637//6649
f 6633//6645 6637//6649 6634//6646
f 6606//6618 6622//6634 6625//6637
f 6606//6618 6625//6637 6607//6619
f 6611//6623 6610//6622 6638//6650
f 6611//6623 6638//6650 6639//6651
f 6640//6652 6641//6653 6642//6654
f 6640//6652 6642//6654 6643//6655
f 6644//6656 6645//6657 6646//6658
f 6644//6656 6646//6658 6647//6659
f 6601//6613 6600//6612 6648//6660
f 6601//6613 6648//6660 6649//6661
f 6593//6605 6592//6604 6650//6662
f 6593//6605 6650//6662 6644//6656
f 6651//6663 6652//6664 6653//6665
f 6651//6663 6653//6665 6654//6666
f 6655//6667 6656//6668 6652//6664
f 6655//6667 6652//6664 6651//6663
f 6657//6669 6658//6670 6659//6671
f 6657//6669 6659//6671 6660//6672
f 6614//6626 6661//6673 6662//6674
f 6614//6626 6662//6674 6615//6627
f 6663//6675 6664//6676 6665//6677
f 6663//6675 6665//6677 6647//6659
f 6666//6678 6667//6679 6639//6651
f 6666//6678 6639//6651 6638//6650
f 6668//6680 6669//6681 6670//6682
f 6668//6680 6670//6682 6671//6683
f 6672//6684 6673//6685 6649//6661
f 6672//6684 6649//6661 6674//6686
f 6593//6605 6665//6677 6675//6687
f 6593//6605 6675//6687 6594//6606
f 6636//6648 6608//6620 6609//6621
f 6636//6648 6609//6621 6637//6649
f 6630//6642 6632//6644 6635//6647
f 6630//6642 6635//6647 6631//6643
f 6623//6635 6626//6638 6629//6641
f 6623//6635 6629//6641 6624//6636
f 6676//6688 6646//6658 6645//6657
f 6676//6688 6645//6657 6677//6689
f 6678//6690 6679//6691 6642//6654
f 6678//6690 6642//6654 6641//6653
f 6679//6691 6657//6669 6660//6672
f 6679//6691 6660//6672 6642//6654
f 6680//6692 6681//6693 6682//6694
f 6683//6695 6667//6679 6666//6678
f 6684//6696 6685//6697 6686//6698
f 6684//6696 6686//6698 6687//6699
f 6679//6691 6676//6688 6677//6689
f 6679//6691 6677//6689 6688//6700
f 6689//6701 6678//6690 6690//6702
f 6683//6695 6691//6703 6667//6679
f 6653//6665 6678//6690 6689//6701
f 6656//6668 6681//6693 6678//6690
f 6656//6668 6678//6690 6652//6664
f 6692//6704 6693//6705 6694//6706
f 6692//6704 6694//6706 6695//6707
f 6679//6691 6688//6700 6657//6669
f 6668//6680 6671//6683 6696//6708
f 6668//6680 6696//6708 6681//6693
f 6674//6686 6697//6709 6696//6708
f 6682//6694 6681//6693 6656//6668
f 6680//6692 6668//6680 6681//6693
f 6698//6710 6693//6711 6692//6712
f 6698//6710 6692//6712 6699//6713
f 6672//6684 6674//6686 6696//6708
f 6700//6714 6701//6715 6683//6695
f 6683//6695 6666//6678 6702//6716
f 6683//6695 6702//6716 6676//6688
f 6676//6688 6702//6716 6646//6658
f 6703//6717 6616//6628 6661//6673
f 6703//6717 6661//6673 6704//6718
f 6705//6719 6682//6694 6656//6668
f 6705//6719 6656//6668 6655//6667
f 6706//6720 6688//6700 6677//6689
f 6706//6720 6677//6689 6650//6662
f 6659//6671 6633//6645 6632//6644
f 6659//6671 6632//6644 6643//6655
f 6707//6721 6614//6626 6611//6623
f 6707//6721 6611//6623 6639//6651
f 6630//6642 6627//6639 6708//6722
f 6630//6642 6708//6722 6640//6652
f 6702//6716 6663//6675 6647//6659
f 6702//6716 6647//6659 6646//6658
f 6638//6650 6610//6622 6664//6676
f 6638//6650 6664//6676 6663//6675
f 6703//6717 6700//6714 6697//6709
f 6703//6717 6697//6709 6648//6660
f 6709//6723 6596//6608 6604//6616
f 6709//6723 6604//6616 6669//6681
f 6648//6660 6697//6709 6674//6686
f 6648//6660 6674//6686 6649//6661
f 6650//6662 6677//6689 6645//6657
f 6650//6662 6645//6657 6644//6656
f 6707//6721 6691//6703 6701//6715
f 6707//6721 6701//6715 6704//6718
f 6643//6655 6642//6654 6660//6672
f 6643//6655 6660//6672 6659//6671
f 6643//6655 6632//6644 6630//6642
f 6643//6655 6630//6642 6640//6652
f 6689//6701 6710//6724 6654//6666
f 6689//6701 6654//6666 6653//6665
f 6623//6635 6622//6634 6651//6663
f 6623//6635 6651//6663 6654//6666
f 6702//6716 6666//6678 6638//6650
f 6702//6716 6638//6650 6663//6675
f 6606//6618 6597//6609 6705//6719
f 6606//6618 6705//6719 6655//6667
f 6710//6724 6689//6701 6690//6702
f 6710//6724 6690//6702 6708//6722
f 6670//6682 6620//6632 6618//6630
f 6670//6682 6618//6630 6673//6685
f 6694//6725 6684//6726 6687//6727
f 6694//6725 6687//6727 6695//6728
f 6669//6681 6604//6616 6620//6632
f 6669//6681 6620//6632 6670//6682
f 6665//6677 6664//6676 6711//6729
f 6665//6677 6711//6729 6675//6687
f 6710//6724 6626//6638 6623//6635
f 6710//6724 6623//6635 6654//6666
f 6651//6663 6622//6634 6606//6618
f 6651//6663 6606//6618 6655//6667
f 6699//6730 6712//6731 6713//6732
f 6699//6730 6713//6732 6698//6733
f 6652//6664 6678//6690 6653//6665
f 6709//6723 6680//6692 6682//6694
f 6709//6723 6682//6694 6705//6719
f 6592//6604 6608//6620 6706//6720
f 6592//6604 6706//6720 6650//6662
f 6691//6703 6707//6721 6639//6651
f 6691//6703 6639//6651 6667//6679
f 6708//6722 6627//6639 6626//6638
f 6708//6722 6626//6638 6710//6724
f 6706//6720 6608//6620 6636//6648
f 6706//6720 6636//6648 6658//6670
f 6593//6605 6644//6656 6647//6659
f 6593//6605 6647//6659 6665//6677
f 6671//6683 6672//6684 6696//6708
f 6704//6718 6661//6673 6614//6626
f 6704//6718 6614//6626 6707//6721
f 6648//6660 6600//6612 6616//6628
f 6648//6660 6616//6628 6703//6717
f 6701//6715 6691//6703 6683//6695
f 6601//6613 6649//6661 6673//6685
f 6601//6613 6673//6685 6618//6630
f 6680//6692 6709//6723 6669//6681
f 6680//6692 6669//6681 6668//6680
f 6708//6722 6690//6702 6641//6653
f 6708//6722 6641//6653 6640//6652
f 6673//6685 6672//6684 6671//6683
f 6673//6685 6671//6683 6670//6682
f 6705//6719 6597//6609 6596//6608
f 6705//6719 6596//6608 6709//6723
f 6658//6670 6636//6648 6633//6645
f 6658//6670 6633//6645 6659//6671
f 6661//6673 6616//6628 6617//6629
f 6661//6673 6617//6629 6662//6674
f 6613//6625 6711//6729 6664//6676
f 6613//6625 6664//6676 6610//6622
f 6704//6718 6701//6715 6700//6714
f 6704//6718 6700//6714 6703//6717
f 6712//6734 6686//6735 6685//6736
f 6712//6734 6685//6736 6713//6737
f 6658//6670 6657//6669 6688//6700
f 6658//6670 6688//6700 6706//6720
f 6678//6690 6641//6653 6690//6702
f 6696//6708 6683//6695 6714//6738
f 6696//6708 6714//6738 6715//6739
f 6715//6739 6714//6738 6684//6726
f 6715//6739 6684//6726 6694//6725
f 6698//6733 6713//6732 6716//6740
f 6698//6733 6716//6740 6717//6741
f 6717//6741 6716//6740 6679//6691
f 6717//6741 6679//6691 6678//6690
f 6694//6706 6693//6705 6718//6742
f 6694//6706 6718//6742 6715//6739
f 6715//6739 6718//6742 6681//6693
f 6715//6739 6681//6693 6696//6708
f 6693//6711 6698//6710 6717//6741
f 6693//6711 6717//6741 6718//6742
f 6718//6742 6717//6741 6678//6690
f 6718//6742 6678//6690 6681//6693
f 6683//6695 6676//6688 6719//6743
f 6683//6695 6719//6743 6714//6738
f 6714//6738 6719//6743 6685//6697
f 6714//6738 6685//6697 6684//6696
f 6713//6737 6685//6736 6719//6743
f 6713//6737 6719//6743 6716//6740
f 6716//6740 6719//6743 6676//6688
f 6716//6740 6676//6688 6679//6691
f 6697//6709 6700//6714 6683//6695
f 6697//6709 6683//6695 6696//6708
f 6720//6744 6721//6745 6722//6746
f 6720//6744 6722//6746 6723//6747
f 6724//6748 6725//6749 6726//6750
f 6724//6748 6726//6750 6727//6751
f 6728//6752 6729//6753 6730//6754
f 6728//6752 6730//6754 6731//6755
f 6732//6756 6724//6748 6727//6751
f 6732//6756 6727//6751 6733//6757
f 6725//6749 6734//6758 6735//6759
f 6725//6749 6735//6759 6726//6750
f 6736//6760 6720//6744 6723//6747
f 6736//6760 6723//6747 6737//6761
f 6738//6762 6739//6763 6740//6764
f 6738//6762 6740//6764 6741//6765
f 6739//6763 6742//6766 6743//6767
f 6739//6763 6743//6767 6740//6764
f 6744//6768 6728//6752 6731//6755
f 6744//6768 6731//6755 6745//6769
f 6729//6753 6746//6770 6747//6771
f 6729//6753 6747//6771 6730//6754
f 6746//6770 6748//6772 6749//6773
f 6746//6770 6749//6773 6747//6771
f 6748//6772 6732//6756 6733//6757
f 6748//6772 6733//6757 6749//6773
f 6750//6774 6751//6775 6752//6776
f 6750//6774 6752//6776 6753//6777
f 6754//6778 6755//6779 6756//6780
f 6754//6778 6756//6780 6757//6781
f 6755//6779 6758//6782 6759//6783
f 6755//6779 6759//6783 6756//6780
f 6760//6784 6761//6785 6762//6786
f 6760//6784 6762//6786 6763//6787
f 6761//6785 6764//6788 6765//6789
f 6761//6785 6765//6789 6762//6786
f 6734//6758 6750//6774 6753//6777
f 6734//6758 6753//6777 6735//6759
f 6739//6763 6738//6762 6766//6790
f 6739//6763 6766//6790 6767//6791
f 6768//6792 6769//6793 6770//6794
f 6768//6792 6770//6794 6771//6795
f 6772//6796 6773//6797 6774//6798
f 6772//6796 6774//6798 6775//6799
f 6729//6753 6728//6752 6776//6800
f 6729//6753 6776//6800 6777//6801
f 6721//6745 6720//6744 6778//6802
f 6721//6745 6778//6802 6772//6796
f 6779//6803 6780//6804 6781//6805
f 6779//6803 6781//6805 6782//6806
f 6783//6807 6784//6808 6780//6804
f 6783//6807 6780//6804 6779//6803
f 6785//6809 6786//6810 6787//6811
f 6785//6809 6787//6811 6788//6812
f 6742//6766 6789//6813 6790//6814
f 6742//6766 6790//6814 6743//6767
f 6791//6815 6792//6816 6793//6817
f 6791//6815 6793//6817 6775//6799
f 6794//6818 6795//6819 6767//6791
f 6794//6818 6767//6791 6766//6790
f 6796//6820 6797//6821 6798//6822
f 6796//6820 6798//6822 6799//6823
f 6800//6824 6801//6825 6777//6801
f 6800//6824 6777//6801 6802//6826
f 6721//6745 6793//6817 6803//6827
f 6721//6745 6803//6827 6722//6746
f 6764//6788 6736//6760 6737//6761
f 6764//6788 6737//6761 6765//6789
f 6758//6782 6760//6784 6763//6787
f 6758//6782 6763//6787 6759//6783
f 6751//6775 6754//6778 6757//6781
f 6751//6775 6757//6781 6752//6776
f 6804//6828 6774//6798 6773//6797
f 6804//6828 6773//6797 6805//6829
f 6806//6830 6807//6831 6770//6794
f 6806//6830 6770//6794 6769//6793
f 6807//6831 6785//6809 6788//6812
f 6807//6831 6788//6812 6770//6794
f 6808//6832 6809//6833 6810//6834
f 6811//6835 6795//6819 6794//6818
f 6812//6836 6813//6837 6814//6838
f 6812//6836 6814//6838 6815//6839
f 6807//6831 6804//6828 6805//6829
f 6807//6831 6805//6829 6816//6840
f 6817//6841 6806//6830 6818//6842
f 6811//6835 6819//6843 6795//6819
f 6781//6805 6806//6830 6817//6841
f 6784//6808 6809//6833 6806//6830
f 6784//6808 6806//6830 6780//6804
f 6820//6844 6821//6845 6822//6846
f 6820//6844 6822//6846 6823//6847
f 6807//6831 6816//6840 6785//6809
f 6796//6820 6799//6823 6824//6848
f 6796//6820 6824//6848 6809//6833
f 6802//6826 6825//6849 6824//6848
f 6810//6834 6809//6833 6784//6808
f 6808//6832 6796//6820 6809//6833
f 6826//6850 6821//6851 6820//6852
f 6826//6850 6820//6852 6827//6853
f 6800//6824 6802//6826 6824//6848
f 6828//6854 6829//6855 6811//6835
f 6811//6835 6794//6818 6830//6856
f 6811//6835 6830//6856 6804//6828
f 6804//6828 6830//6856 6774//6798
f 6831//6857 6744//6768 6789//6813
f 6831//6857 6789//6813 6832//6858
f 6833//6859 6810//6834 6784//6808
f 6833//6859 6784//6808 6783//6807
f 6834//6860 6816//6840 6805//6829
f 6834//6860 6805//6829 6778//6802
f 6787//6811 6761//6785 6760//6784
f 6787//6811 6760//6784 6771//6795
f 6835//6861 6742//6766 6739//6763
f 6835//6861 6739//6763 6767//6791
f 6758//6782 6755//6779 6836//6862
f 6758//6782 6836//6862 6768//6792
f 6830//6856 6791//6815 6775//6799
f 6830//6856 6775//6799 6774//6798
f 6766//6790 6738//6762 6792//6816
f 6766//6790 6792//6816 6791//6815
f 6831//6857 6828//6854 6825//6849
f 6831//6857 6825//6849 6776//6800
f 6837//6863 6724//6748 6732//6756
f 6837//6863 6732//6756 6797//6821
f 6776//6800 6825//6849 6802//6826
f 6776//6800 6802//6826 6777//6801
f 6778//6802 6805//6829 6773//6797
f 6778//6802 6773//6797 6772//6796
f 6835//6861 6819//6843 6829//6855
f 6835//6861 6829//6855 6832//6858
f 6771//6795 6770//6794 6788//6812
f 6771//6795 6788//6812 6787//6811
f 6771//6795 6760//6784 6758//6782
f 6771//6795 6758//6782 6768//6792
f 6817//6841 6838//6864 6782//6806
f 6817//6841 6782//6806 6781//6805
f 6751//6775 6750//6774 6779//6803
f 6751//6775 6779//6803 6782//6806
f 6830//6856 6794//6818 6766//6790
f 6830//6856 6766//6790 6791//6815
f 6734//6758 6725//6749 6833//6859
f 6734//6758 6833//6859 6783//6807
f 6838//6864 6817//6841 6818//6842
f 6838//6864 6818//6842 6836//6862
f 6798//6822 6748//6772 6746//6770
f 6798//6822 6746//6770 6801//6825
f 6822//6865 6812//6866 6815//6867
f 6822//6865 6815//6867 6823//6868
f 6797//6821 6732//6756 6748//6772
f 6797//6821 6748//6772 6798//6822
f 6793//6817 6792//6816 6839//6869
f 6793//6817 6839//6869 6803//6827
f 6838//6864 6754//6778 6751//6775
f 6838//6864 6751//6775 6782//6806
f 6779//6803 6750//6774 6734//6758
f 6779//6803 6734//6758 6783//6807
f 6827//6870 6840//6871 6841//6872
f 6827//6870 6841//6872 6826//6873
f 6780//6804 6806//6830 6781//6805
f 6837//6863 6808//6832 6810//6834
f 6837//6863 6810//6834 6833//6859
f 6720//6744 6736//6760 6834//6860
f 6720//6744 6834//6860 6778//6802
f 6819//6843 6835//6861 6767//6791
f 6819//6843 6767//6791 6795//6819
f 6836//6862 6755//6779 6754//6778
f 6836//6862 6754//6778 6838//6864
f 6834//6860 6736//6760 6764//6788
f 6834//6860 6764//6788 6786//6810
f 6721//6745 6772//6796 6775//6799
f 6721//6745 6775//6799 6793//6817
f 6799//6823 6800//6824 6824//6848
f 6832//6858 6789//6813 6742//6766
f 6832//6858 6742//6766 6835//6861
f 6776//6800 6728//6752 6744//6768
f 6776//6800 6744//6768 6831//6857
f 6829//6855 6819//6843 6811//6835
f 6729//6753 6777//6801 6801//6825
f 6729//6753 6801//6825 6746//6770
f 6808//6832 6837//6863 6797//6821
f 6808//6832 6797//6821 6796//6820
f 6836//6862 6818//6842 6769//6793
f 6836//6862 6769//6793 6768//6792
f 6801//6825 6800//6824 6799//6823
f 6801//6825 6799//6823 6798//6822
f 6833//6859 6725//6749 6724//6748
f 6833//6859 6724//6748 6837//6863
f 6786//6810 6764//6788 6761//6785
f 6786//6810 6761//6785 6787//6811
f 6789//6813 6744//6768 6745//6769
f 6789//6813 6745//6769 6790//6814
f 6741//6765 6839//6869 6792//6816
f 6741//6765 6792//6816 6738//6762
f 6832//6858 6829//6855 6828//6854
f 6832//6858 6828//6854 6831//6857
f 6840//6874 6814//6875 6813//6876
f 6840//6874 6813//6876 6841//6877
f 6786//6810 6785//6809 6816//6840
f 6786//6810 6816//6840 6834//6860
f 6806//6830 6769//6793 6818//6842
f 6824//6848 6811//6835 6842//6878
f 6824//6848 6842//6878 6843//6879
f 6843//6879 6842//6878 6812//6866
f 6843//6879 6812//6866 6822//6865
f 6826//6873 6841//6872 6844//6880
f 6826//6873 6844//6880 6845//6881
f 6845//6881 6844//6880 6807//6831
f 6845//6881 6807//6831 6806//6830
f 6822//6846 6821//6845 6846//6882
f 6822//6846 6846//6882 6843//6879
f 6843//6879 6846//6882 6809//6833
f 6843//6879 6809//6833 6824//6848
f 6821//6851 6826//6850 6845//6881
f 6821//6851 6845//6881 6846//6882
f 6846//6882 6845//6881 6806//6830
f 6846//6882 6806//6830 6809//6833
f 6811//6835 6804//6828 6847//6883
f 6811//6835 6847//6883 6842//6878
f 6842//6878 6847//6883 6813//6837
f 6842//6878 6813//6837 6812//6836
f 6841//6877 6813//6876 6847//6883
f 6841//6877 6847//6883 6844//6880
f 6844//6880 6847//6883 6804//6828
f 6844//6880 6804//6828 6807//6831
f 6825//6849 6828//6854 6811//6835
f 6825//6849 6811//6835 6824//6848
f 6848//6884 6849//6885 6850//6886
f 6848//6884 6850//6886 6851//6887
f 6852//6888 6853//6889 6854//6890
f 6852//6888 6854//6890 6855//6891
f 6856//6892 6857//6893 6858//6894
f 6856//6892 6858//6894 6859//6895
f 6860//6896 6852//6888 6855//6891
f 6860//6896 6855//6891 6861//6897
f 6853//6889 6862//6898 6863//6899
f 6853//6889 6863//6899 6854//6890
f 6864//6900 6848//6884 6851//6887
f 6864//6900 6851//6887 6865//6901
f 6866//6902 6867//6903 6868//6904
f 6866//6902 6868//6904 6869//6905
f 6867//6903 6870//6906 6871//6907
f 6867//6903 6871//6907 6868//6904
f 6872//6908 6856//6892 6859//6895
f 6872//6908 6859//6895 6873//6909
f 6857//6893 6874//6910 6875//6911
f 6857//6893 6875//6911 6858//6894
f 6874//6910 6876//6912 6877//6913
f 6874//6910 6877//6913 6875//6911
f 6876//6912 6860//6896 6861//6897
f 6876//6912 6861//6897 6877//6913
f 6878//6914 6879//6915 6880//6916
f 6878//6914 6880//6916 6881//6917
f 6882//6918 6883//6919 6884//6920
f 6882//6918 6884//6920 6885//6921
f 6883//6919 6886//6922 6887//6923
f 6883//6919 6887//6923 6884//6920
f 6888//6924 6889//6925 6890//6926
f 6888//6924 6890//6926 6891//6927
f 6889//6925 6892//6928 6893//6929
f 6889//6925 6893//6929 6890//6926
f 6862//6898 6878//6914 6881//6917
f 6862//6898 6881//6917 6863//6899
f 6867//6903 6866//6902 6894//6930
f 6867//6903 6894//6930 6895//6931
f 6896//6932 6897//6933 6898//6934
f 6896//6932 6898//6934 6899//6935
f 6900//6936 6901//6937 6902//6938
f 6900//6936 6902//6938 6903//6939
f 6857//6893 6856//6892 6904//6940
f 6857//6893 6904//6940 6905//6941
f 6849//6885 6848//6884 6906//6942
f 6849//6885 6906//6942 6900//6936
f 6907//6943 6908//6944 6909//6945
f 6907//6943 6909//6945 6910//6946
f 6911//6947 6912//6948 6908//6944
f 6911//6947 6908//6944 6907//6943
f 6913//6949 6914//6950 6915//6951
f 6913//6949 6915//6951 6916//6952
f 6870//6906 6917//6953 6918//6954
f 6870//6906 6918//6954 6871//6907
f 6919//6955 6920//6956 6921//6957
f 6919//6955 6921//6957 6903//6939
f 6922//6958 6923//6959 6895//6931
f 6922//6958 6895//6931 6894//6930
f 6924//6960 6925//6961 6926//6962
f 6924//6960 6926//6962 6927//6963
f 6928//6964 6929//6965 6905//6941
f 6928//6964 6905//6941 6930//6966
f 6849//6885 6921//6957 6931//6967
f 6849//6885 6931//6967 6850//6886
f 6892//6928 6864//6900 6865//6901
f 6892//6928 6865//6901 6893//6929
f 6886//6922 6888//6924 6891//6927
f 6886//6922 6891//6927 6887//6923
f 6879//6915 6882//6918 6885//6921
f 6879//6915 6885//6921 6880//6916
f 6932//6968 6902//6938 6901//6937
f 6932//6968 6901//6937 6933//6969
f 6934//6970 6935//6971 6898//6934
f 6934//6970 6898//6934 6897//6933
f 6935//6971 6913//6949 6916//6952
f 6935//6971 6916//6952 6898//6934
f 6936//6972 6937//6973 6938//6974
f 6939//6975 6923//6959 6922//6958
f 6940//6976 6941//6977 6942//6978
f 6940//6976 6942//6978 6943//6979
f 6935//6971 6932//6968 6933//6969
f 6935//6971 6933//6969 6944//6980
f 6945//6981 6934//6970 6946//6982
f 6939//6975 6947//6983 6923//6959
f 6909//6945 6934//6970 6945//6981
f 6912//6948 6937//6973 6934//6970
f 6912//6948 6934//6970 6908//6944
f 6948//6984 6949//6985 6950//6986
f 6948//6984 6950//6986 6951//6987
f 6935//6971 6944//6980 6913//6949
f 6924//6960 6927//6963 6952//6988
f 6924//6960 6952//6988 6937//6973
f 6930//6966 6953//6989 6952//6988
f 6938//6974 6937//6973 6912//6948
f 6936//6972 6924//6960 6937//6973
f 6954//6990 6949//6991 6948//6992
f 6954//6990 6948//6992 6955//6993
f 6928//6964 6930//6966 6952//6988
f 6956//6994 6957//6995 6939//6975
f 6939//6975 6922//6958 6958//6996
f 6939//6975 6958//6996 6932//6968
f 6932//6968 6958//6996 6902//6938
f 6959//6997 6872//6908 6917//6953
f 6959//6997 6917//6953 6960//6998
f 6961//6999 6938//6974 6912//6948
f 6961//6999 6912//6948 6911//6947
f 6962//7000 6944//6980 6933//6969
f 6962//7000 6933//6969 6906//6942
f 6915//6951 6889//6925 6888//6924
f 6915//6951 6888//6924 6899//6935
f 6963//7001 6870//6906 6867//6903
f 6963//7001 6867//6903 6895//6931
f 6886//6922 6883//6919 6964//7002
f 6886//6922 6964//7002 6896//6932
f 6958//6996 6919//6955 6903//6939
f 6958//6996 6903//6939 6902//6938
f 6894//6930 6866//6902 6920//6956
f 6894//6930 6920//6956 6919//6955
f 6959//6997 6956//6994 6953//6989
f 6959//6997 6953//6989 6904//6940
f 6965//7003 6852//6888 6860//6896
f 6965//7003 6860//6896 6925//6961
f 6904//6940 6953//6989 6930//6966
f 6904//6940 6930//6966 6905//6941
f 6906//6942 6933//6969 6901//6937
f 6906//6942 6901//6937 6900//6936
f 6963//7001 6947//6983 6957//6995
f 6963//7001 6957//6995 6960//6998
f 6899//6935 6898//6934 6916//6952
f 6899//6935 6916//6952 6915//6951
f 6899//6935 6888//6924 6886//6922
f 6899//6935 6886//6922 6896//6932
f 6945//6981 6966//7004 6910//6946
f 6945//6981 6910//6946 6909//6945
f 6879//6915 6878//6914 6907//6943
f 6879//6915 6907//6943 6910//6946
f 6958//6996 6922//6958 6894//6930
f 6958//6996 6894//6930 6919//6955
f 6862//6898 6853//6889 6961//6999
f 6862//6898 6961//6999 6911//6947
f 6966//7004 6945//6981 6946//6982
f 6966//7004 6946//6982 6964//7002
f 6926//6962 6876//6912 6874//6910
f 6926//6962 6874//6910 6929//6965
f 6950//7005 6940//7006 6943//7007
f 6950//7005 6943//7007 6951//7008
f 6925//6961 6860//6896 6876//6912
f 6925//6961 6876//6912 6926//6962
f 6921//6957 6920//6956 6967//7009
f 6921//6957 6967//7009 6931//6967
f 6966//7004 6882//6918 6879//6915
f 6966//7004 6879//6915 6910//6946
f 6907//6943 6878//6914 6862//6898
f 6907//6943 6862//6898 6911//6947
f 6955//7010 6968//7011 6969//7012
f 6955//7010 6969//7012 6954//7013
f 6908//6944 6934//6970 6909//6945
f 6965//7003 6936//6972 6938//6974
f 6965//7003 6938//6974 6961//6999
f 6848//6884 6864//6900 6962//7000
f 6848//6884 6962//7000 6906//6942
f 6947//6983 6963//7001 6895//6931
f 6947//6983 6895//6931 6923//6959
f 6964//7002 6883//6919 6882//6918
f 6964//7002 6882//6918 6966//7004
f 6962//7000 6864//6900 6892//6928
f 6962//7000 6892//6928 6914//6950
f 6849//6885 6900//6936 6903//6939
f 6849//6885 6903//6939 6921//6957
f 6927//6963 6928//6964 6952//6988
f 6960//6998 6917//6953 6870//6906
f 6960//6998 6870//6906 6963//7001
f 6904//6940 6856//6892 6872//6908
f 6904//6940 6872//6908 6959//6997
f 6957//6995 6947//6983 6939//6975
f 6857//6893 6905//6941 6929//6965
f 6857//6893 6929//6965 6874//6910
f 6936//6972 6965//7003 6925//6961
f 6936//6972 6925//6961 6924//6960
f 6964//7002 6946//6982 6897//6933
f 6964//7002 6897//6933 6896//6932
f 6929//6965 6928//6964 6927//6963
f 6929//6965 6927//6963 6926//6962
f 6961//6999 6853//6889 6852//6888
f 6961//6999 6852//6888 6965//7003
f 6914//6950 6892//6928 6889//6925
f 6914//6950 6889//6925 6915//6951
f 6917//6953 6872//6908 6873//6909
f 6917//6953 6873//6909 6918//6954
f 6869//6905 6967//7009 6920//6956
f 6869//6905 6920//6956 6866//6902
f 6960//6998 6957//6995 6956//6994
f 6960//6998 6956//6994 6959//6997
f 6968//7014 6942//7015 6941//7016
f 6968//7014 6941//7016 6969//7017
f 6914//6950 6913//6949 6944//6980
f 6914//6950 6944//6980 6962//7000
f 6934//6970 6897//6933 6946//6982
f 6952//6988 6939//6975 6970//7018
f 6952//6988 6970//7018 6971//7019
f 6971//7019 6970//7018 6940//7006
f 6971//7019 6940//7006 6950//7005
f 6954//7013 6969//7012 6972//7020
f 6954//7013 6972//7020 6973//7021
f 6973//7021 6972//7020 6935//6971
f 6973//7021 6935//6971 6934//6970
f 6950//6986 6949//6985 6974//7022
f 6950//6986 6974//7022 6971//7019
f 6971//7019 6974//7022 6937//6973
f 6971//7019 6937//6973 6952//6988
f 6949//6991 6954//6990 6973//7021
f 6949//6991 6973//7021 6974//7022
f 6974//7022 6973//7021 6934//6970
f 6974//7022 6934//6970 6937//6973
f 6939//6975 6932//6968 6975//7023
f 6939//6975 6975//7023 6970//7018
f 6970//7018 6975//7023 6941//6977
f 6970//7018 6941//6977 6940//6976
f 6969//7017 6941//7016 6975//7023
f 6969//7017 6975//7023 6972//7020
f 6972//7020 6975//7023 6932//6968
f 6972//7020 6932//6968 6935//6971
f 6953//6989 6956//6994 6939//6975
f 6953//6989 6939//6975 6952//6988
f 6976//7024 6977//7025 6978//7026
f 6978//7026 6979//7027 6980//7028
f 6980//7028 6981//7029 6976//7024
f 6978//7026 6980//7028 6976//7024
f 6982//7030 6983//7031 6823//7032
f 6823//7032 6815//7033 6984//7034
f 6984//7034 6985//7035 6982//7030
f 6823//7032 6984//7034 6982//7030
f 6951//7036 6943//7037 6942//7038
f 6942//7038 6986//7039 6987//7040
f 6987//7040 6948//7041 6951//7036
f 6942//7038 6987//7040 6951//7036
# Vertices: 396, normals: 438, texture coordinates: 0, faces: 684

